Scenario,Region,Variable,Unit,2019,2024,2030,2035,2040,2050
baseline_noce,AFE,Final Energy|Agriculture|Electricity,EJ/yr,0.00510100024253835,0.00573239972325941,0.00659694032669077,0.00733836071131511,0.008078641690198231,0.0470387531223758
baseline_noce,AFE,Final Energy|Agriculture|Gases,EJ/yr,,,,1.46541242034558e-09,7.73501950094774e-10,3.0657135084780202e-09
baseline_noce,AFE,Final Energy|Agriculture|Liquids,EJ/yr,0.018376000877184398,0.0167780786404784,0.00960175236707446,0.00336441948319734,3.894389447625121e-09,0.0346406571727276
baseline_noce,AFE,Final Energy|Agriculture|Liquids|Oil,EJ/yr,0.018376000877184398,0.0167780786404784,0.00960175236707446,0.00336441635581351,2.0754809240319504e-09,0.034640654945281
baseline_noce,AFE,Final Energy|Agriculture|Solids,EJ/yr,0.0546230025937149,0.06542776506002071,0.0840153685490657,0.09985894310761059,0.11262877919784,0.058170614753772804
baseline_noce,AFE,Final Energy|Industry|Electricity,EJ/yr,0.0581229999759982,0.072655592537267,0.09319184360057309,0.107711260505978,0.117300030991437,0.305227902756741
baseline_noce,AFE,Final Energy|Industry|Gases,EJ/yr,0.00618599999404894,0.0134517230799527,0.0149723133088612,0.00878231500445726,0.00946809933490024,0.0591080129092151
baseline_noce,AFE,Final Energy|Industry|Gases|Gas,EJ/yr,0.00618599999404894,0.0134517230799527,0.0149723133088612,0.00878231500445726,0.00946809933490024,0.0591080129092151
baseline_noce,AFE,Final Energy|Industry|Hydrogen,EJ/yr,,5.0224489852357395e-11,3.9648184102671093e-05,0.000103501899113771,0.000206338729275139,0.00020633909662359
baseline_noce,AFE,Final Energy|Industry|Heat,EJ/yr,,0.007966804130346391,0.0231769373549604,0.046664147034089096,0.0775529475245107,0.17067546971289901
baseline_noce,AFE,Final Energy|Industry|Liquids,EJ/yr,0.100466999959676,0.0917682832104911,0.0901854705018609,0.0801094451720685,0.0654517355107083,0.426127835518969
baseline_noce,AFE,Final Energy|Industry|Liquids|Oil,EJ/yr,0.100466999959676,0.0917682832104911,0.0901854705018609,0.0801094451720685,0.0654517355107083,0.426127835285984
baseline_noce,AFE,Final Energy|Industry|Solids,EJ/yr,0.338079999949783,0.38288035893336797,0.478363733133532,0.563129692757424,0.6547456594223731,0.191565433171686
baseline_noce,AFE,Final Energy|Industry|Solids|Coal,EJ/yr,0.0598689999632947,0.0870298594340085,0.107736413591593,0.125320008280359,0.103064706623512,0.159927721029802
baseline_noce,AFE,Final Energy|Residential|Electricity,EJ/yr,0.08011800414963091,0.185839430913163,0.329450264924739,0.495307316281203,0.717315683472506,1.13284148820279
baseline_noce,AFE,Final Energy|Residential|Gases,EJ/yr,,0.00616734415205679,0.0166145363437697,0.048537065367060005,0.0660025669105016,0.0407896137608997
baseline_noce,AFE,Final Energy|Residential|Gases|Gas,EJ/yr,,0.00616734415205679,0.0166145363437697,0.048537065367060005,0.0660025669105016,0.0407896137608997
baseline_noce,AFE,Final Energy|Residential|Hydrogen,EJ/yr,,0.00746423542459684,0.014095857927777301,2.12413363833797e-09,1.85312448729792e-09,1.0824976112472499e-09
baseline_noce,AFE,Final Energy|Residential|Heat,EJ/yr,,1.6239431618756803e-05,4.4187345867257e-05,7.53396441397486e-05,0.00011221253873361301,0.00021146207506651598
baseline_noce,AFE,Final Energy|Residential|Liquids,EJ/yr,0.0447549999883717,0.0596044927983181,0.07936711377354691,0.10208045737306,0.13042386663529898,0.15619863226462
baseline_noce,AFE,Final Energy|Residential|Liquids|Oil,EJ/yr,0.0447549999883717,0.0596044927983181,0.07936711377354691,0.10208045737306,0.13042386663529898,0.15619863226462
baseline_noce,AFE,Final Energy|Residential|Solids,EJ/yr,2.9064279999815397,2.6784270636341,2.23133237611509,1.6602500428850402,0.891247417173302,0.000604615699283654
baseline_noce,AFE,Final Energy|Residential|Solids|Coal,EJ/yr,0.000223000001247651,0.000180727895290801,0.000128875600346529,8.49414832574509e-05,4.9259426435341395e-05,1.52662270462648e-05
baseline_noce,AFE,Final Energy|Commercial|Electricity,EJ/yr,0.0342949999999999,0.0407626249910519,0.05053874754566089,0.0666363050692566,0.0846611253610684,0.14363985921909803
baseline_noce,AFE,Final Energy|Commercial|Gases,EJ/yr,,0.000105311067937002,0.000281922723311337,0.000506635425144161,0.000785667261797276,9.93056764209099e-10
baseline_noce,AFE,Final Energy|Commercial|Gases|Gas,EJ/yr,,0.000105311067937002,0.000281922723311337,1.41533249932915e-09,2.50361467246204e-10,7.82757896373086e-10
baseline_noce,AFE,Final Energy|Commercial|Hydrogen,EJ/yr,,2.44294100151643e-06,9.38297212341608e-06,5.06140952327068e-10,1.8611642819503001e-10,8.63742792234802e-11
baseline_noce,AFE,Final Energy|Commercial|Heat,EJ/yr,,0.000201573301384575,0.000535774575881827,0.0009260059219781021,0.00142606953637999,1.8355101590361901e-09
baseline_noce,AFE,Final Energy|Commercial|Liquids,EJ/yr,0.0217200000130493,0.015929946645844798,0.0105652743524247,0.00745648896640395,0.00928116221236311,0.00319307142146189
baseline_noce,AFE,Final Energy|Commercial|Liquids|Oil,EJ/yr,0.0217200000130493,0.015929946645844798,0.0105652743524247,0.00745648873077062,0.00928116221236311,0.00319307142146189
baseline_noce,AFE,Final Energy|Commercial|Solids,EJ/yr,0.174770999984471,0.151831348400839,0.142642009964821,0.122680148102355,0.0812471670972581,4.866808031926601e-10
baseline_noce,AFE,Final Energy|Transportation|Electricity,EJ/yr,,0.00228272134058847,0.00244744277536714,0.0023582368923382,0.000895444171069102,0.490926725002019
baseline_noce,AFE,Final Energy|Transportation|Gases,EJ/yr,,1.67112257372356e-07,0.0138562826992089,0.00650413984456896,6.04604749200652e-09,2.69999743412604e-10
baseline_noce,AFE,Final Energy|Transportation|Gases|Gas,EJ/yr,,1.67112257372356e-07,0.0138562826992089,0.00650413984456896,6.04604749200652e-09,2.69999743412604e-10
baseline_noce,AFE,Final Energy|Transportation|Hydrogen,EJ/yr,,8.26748016651429e-06,9.718205353242169e-05,0.000291182031831578,0.000527594653480791,0.007679673167251129
baseline_noce,AFE,Final Energy|Transportation|Liquids,EJ/yr,0.7722967000125049,0.901741136094269,1.12586749301668,1.39831347388065,1.67988915381921,1.83983166245119
baseline_noce,AFE,Final Energy|Transportation|Liquids|Oil,EJ/yr,0.7722967000125049,0.901741109485396,1.1120413338149202,1.34868169441936,1.5330881844996,1.47744806433814
baseline_noce,AFN,Final Energy|Agriculture|Electricity,EJ/yr,0.0528260055745844,0.0578879916038553,0.0664796808754081,0.0713459021019406,0.0776817854427222,0.114661197910174
baseline_noce,AFN,Final Energy|Agriculture|Gases,EJ/yr,0.00255700027247236,0.00285107053763599,0.0032082141011632,0.00350827406997809,0.0032177843093498903,5.59147346374609e-08
baseline_noce,AFN,Final Energy|Agriculture|Gases|Gas,EJ/yr,0.00255700027247236,0.00285107053763599,0.0032082141011632,0.0035082732779151498,0.00321778331878359,5.46955997610069e-08
baseline_noce,AFN,Final Energy|Agriculture|Liquids,EJ/yr,0.0904690095493758,0.0955433734071993,0.09751391884421941,0.09949128276072951,0.103264023738959,0.0847535766679242
baseline_noce,AFN,Final Energy|Agriculture|Liquids|Oil,EJ/yr,0.0904690095493758,0.0955433734071993,0.09751391884421941,0.0994912819371502,0.103264022610982,0.0847535753138994
baseline_noce,AFN,Final Energy|Agriculture|Solids,EJ/yr,,5.55158217231437e-07,1.9771055983664302e-09,0.00154296690134945,8.892573209953099e-09,6.34188295216715e-09
baseline_noce,AFN,Final Energy|Industry|Electricity,EJ/yr,0.317964999776774,0.352937893787902,0.397648744044797,0.45846031295054,0.519285899888758,1.0585347188749599
baseline_noce,AFN,Final Energy|Industry|Gases,EJ/yr,0.939821000119489,1.05567132474721,0.9561716677996049,0.856749724486396,0.6855637270374071,0.164414154900734
baseline_noce,AFN,Final Energy|Industry|Gases|Gas,EJ/yr,0.939821000119489,1.05567132474721,0.9561716677996049,0.856749724429554,0.685563726973885,0.164414154858607
baseline_noce,AFN,Final Energy|Industry|Hydrogen,EJ/yr,,0.00017958965633630498,9.78974729374068e-10,1.7058776071036199e-09,0.000680001643423617,0.00244374709194219
baseline_noce,AFN,Final Energy|Industry|Heat,EJ/yr,,0.000180542837154579,0.214008031359119,0.501248951887998,0.8434532892941909,1.82140638399376
baseline_noce,AFN,Final Energy|Industry|Liquids,EJ/yr,0.387058999935489,0.35844712118289196,0.41897014161525,0.468679818910825,0.546013849772531,0.297556635208498
baseline_noce,AFN,Final Energy|Industry|Liquids|Oil,EJ/yr,0.387058999935489,0.35844712118289196,0.41897014161525,0.468679818851923,0.54601384970206,0.29755663476303
baseline_noce,AFN,Final Energy|Industry|Solids,EJ/yr,0.14742130960854002,0.149410973638147,0.142603974528402,0.122111885211502,0.117781017357715,0.104355218792526
baseline_noce,AFN,Final Energy|Industry|Solids|Coal,EJ/yr,0.123076309635871,0.125483553226112,0.117840922985032,0.0972816529945768,0.094201578740299,0.08812996505144259
baseline_noce,AFN,Final Energy|Residential|Electricity,EJ/yr,0.410094014698347,0.519003793388143,0.657484097325477,0.794882756830362,1.02937310018183,1.4616069281253798
baseline_noce,AFN,Final Energy|Residential|Gases,EJ/yr,0.490880034809678,0.575812027336159,0.657386743963065,0.600968229897845,0.376349105151632,0.006817931807775811
baseline_noce,AFN,Final Energy|Residential|Gases|Gas,EJ/yr,0.490880034809678,0.575812027336159,0.657386743963065,0.600968229897845,0.376349105151632,0.006817931807775811
baseline_noce,AFN,Final Energy|Residential|Hydrogen,EJ/yr,,6.27404344405287e-08,9.59364803510979e-10,1.1482990618861701e-09,8.13348902764858e-10,4.18467478869952e-10
baseline_noce,AFN,Final Energy|Residential|Liquids,EJ/yr,0.406858999996689,0.359108280608427,0.232345801684725,0.158489664395563,0.07429320087960549,0.039060978076504
baseline_noce,AFN,Final Energy|Residential|Liquids|Oil,EJ/yr,0.406858999996689,0.359108280608427,0.232345801684725,0.158489664395563,0.07429320087960549,0.039060978076504
baseline_noce,AFN,Final Energy|Residential|Solids,EJ/yr,0.135083000017723,0.00010256234302554,7.116955148833259e-05,1.3281141207082301e-05,2.02500438007007e-06,2.65691640465132e-10
baseline_noce,AFN,Final Energy|Residential|Solids|Coal,EJ/yr,0.00012800003170211798,0.00010247571682984601,7.11694053091871e-05,1.32808593531136e-05,2.02471544744244e-06,9.51282974325892e-11
baseline_noce,AFN,Final Energy|Commercial|Electricity,EJ/yr,0.189525,0.209704153514995,0.227864151717341,0.243466012008148,0.274284400348761,0.360241312947329
baseline_noce,AFN,Final Energy|Commercial|Gases,EJ/yr,0.00825399999529977,0.00918766380178611,0.011169881429668401,0.0136559058178442,0.0140572514652946,0.00126985585405672
baseline_noce,AFN,Final Energy|Commercial|Gases|Gas,EJ/yr,0.00825399999529977,0.00918766380178611,0.011169881429668401,0.013655905543921,0.0140572511631888,0.00126985554987268
baseline_noce,AFN,Final Energy|Commercial|Hydrogen,EJ/yr,,4.61252682119487e-08,6.31494984396222e-10,6.26522182366784e-10,3.88161517195118e-10,3.23673779059358e-10
baseline_noce,AFN,Final Energy|Commercial|Heat,EJ/yr,,0.000116766438312803,0.00030132910311100604,0.000517032730588688,0.0007985553870589999,0.000609239104243466
baseline_noce,AFN,Final Energy|Commercial|Liquids,EJ/yr,0.0125970000056194,0.012442266096319298,0.0107672575372259,0.00769218883447391,0.00296739520882197,0.000614248514914887
baseline_noce,AFN,Final Energy|Commercial|Liquids|Oil,EJ/yr,0.0125970000056194,0.012442266096319298,0.0107672575372259,0.00769218876843665,0.00296739520882197,0.000614248514914887
baseline_noce,AFN,Final Energy|Commercial|Solids,EJ/yr,0.0334379999867078,0.016691820291459797,0.0026750561977911,1.3429848597359801e-08,2.67147150546431e-10,9.46222536598365e-11
baseline_noce,AFN,Final Energy|Transportation|Electricity,EJ/yr,0.00798699999999999,0.00965574891538227,0.0249722422528592,0.039772373331413806,0.121512823167735,0.27894467584627197
baseline_noce,AFN,Final Energy|Transportation|Gases,EJ/yr,0.0152759999892356,0.014657819215614699,0.0209083942861455,0.0219749465515393,0.0255993212894959,0.0290551173958951
baseline_noce,AFN,Final Energy|Transportation|Gases|Gas,EJ/yr,0.0152759999892356,0.014657819215614699,0.0209083942861455,0.0219749465515393,0.0255993212894959,0.0290551173958951
baseline_noce,AFN,Final Energy|Transportation|Hydrogen,EJ/yr,,0.000343747913285664,0.000453957520613053,0.0014299406440288899,0.0023853876406099398,0.006565466173021331
baseline_noce,AFN,Final Energy|Transportation|Liquids,EJ/yr,2.04404800000275,2.3110968677186903,2.7811476152875,3.2772558881579896,3.69262850378425,5.1994866436530005
baseline_noce,AFN,Final Energy|Transportation|Liquids|Oil,EJ/yr,2.04404800000275,2.31109684450365,2.77155031325668,3.25412773267408,3.59068993452856,4.9514750561063305
baseline_noce,AFW,Final Energy|Agriculture|Electricity,EJ/yr,0.00161000054304881,0.00183433572131316,0.00214564221583732,0.00722785055336112,0.00270846250695999,0.008661243350064449
baseline_noce,AFW,Final Energy|Agriculture|Gases,EJ/yr,,,,3.5991192131119304e-05,1.7598641001751e-07,1.5641500323883698e-09
baseline_noce,AFW,Final Energy|Agriculture|Liquids,EJ/yr,0.0119500040307039,0.0137447541403351,0.0160841013312421,0.018159583147642197,0.0203062419677666,0.024652618023077402
baseline_noce,AFW,Final Energy|Agriculture|Liquids|Oil,EJ/yr,0.0119500040307039,0.0137447541403351,0.0160841013312421,0.0181595815900302,0.0203062405393046,0.0246526155969094
baseline_noce,AFW,Final Energy|Agriculture|Solids,EJ/yr,0.008531002877484109,0.00962529698163612,0.0109761101521854,0.00728040324509292,0.0132521655950161,0.009980780094541609
baseline_noce,AFW,Final Energy|Industry|Electricity,EJ/yr,0.09074499972901179,0.09980270969601279,0.111062321213182,0.124582251996748,0.136562399254467,0.166345796201696
baseline_noce,AFW,Final Energy|Industry|Gases,EJ/yr,0.0546839999503789,0.0584804953946063,0.0609145871337824,0.0587554061217724,0.062099921239372004,0.10677231802427001
baseline_noce,AFW,Final Energy|Industry|Gases|Gas,EJ/yr,0.0546839999503789,0.0584804953946063,0.0609145871337824,0.0587554060515912,0.0620999211516737,0.10677231798694
baseline_noce,AFW,Final Energy|Industry|Hydrogen,EJ/yr,,2.95405838932076e-08,5.14408781764739e-10,1.88597104422623e-09,2.06396491438481e-09,0.000244003055548646
baseline_noce,AFW,Final Energy|Industry|Heat,EJ/yr,,4.10898111640739e-06,9.47571315960394e-06,1.73475319159795e-05,0.0460758871445125,0.24716709094181602
baseline_noce,AFW,Final Energy|Industry|Liquids,EJ/yr,0.11108899990686599,0.125547826622141,0.15510022783161198,0.20320661194030198,0.213825193989576,0.12346228106165501
baseline_noce,AFW,Final Energy|Industry|Liquids|Oil,EJ/yr,0.11108899990686599,0.125547826622141,0.15510022783161198,0.203206611896645,0.21382519393482802,0.12346228054463501
baseline_noce,AFW,Final Energy|Industry|Solids,EJ/yr,0.07328099992404781,0.0814565943189174,0.0903554198246693,0.0986698495528253,0.096920782103749,0.0756959920967744
baseline_noce,AFW,Final Energy|Industry|Solids|Coal,EJ/yr,0.0189379999337792,0.0303505966999283,0.0425585617479262,0.0550785515228874,0.0606365874104583,0.06745786943798311
baseline_noce,AFW,Final Energy|Residential|Electricity,EJ/yr,0.0787170053014801,0.170243608604442,0.312541538875756,0.458343158242981,0.639574843543642,1.04859706829598
baseline_noce,AFW,Final Energy|Residential|Gases,EJ/yr,,0.0117127667283249,0.0323939323727469,0.056058445490839603,0.08647157112507681,0.0056451522600013205
baseline_noce,AFW,Final Energy|Residential|Gases|Gas,EJ/yr,,0.0117127667283249,0.0323939323727469,0.056058445490839603,0.08647157112507681,0.0056451522600013205
baseline_noce,AFW,Final Energy|Residential|Hydrogen,EJ/yr,,5.43186824754434e-08,8.83787751229737e-10,1.28631509728012e-09,1.3365255704864402e-09,1.20183901326044e-09
baseline_noce,AFW,Final Energy|Residential|Heat,EJ/yr,,5.50209313015665e-05,0.00015218090698870901,0.000263353747675462,0.000406231310969282,0.000781371744969134
baseline_noce,AFW,Final Energy|Residential|Liquids,EJ/yr,0.0624289999800637,0.0621205593169794,0.0751500891289977,0.086251041306809,0.100621323824525,0.07180143680618209
baseline_noce,AFW,Final Energy|Residential|Liquids|Oil,EJ/yr,0.0624289999800637,0.0621205593169794,0.0751500891289977,0.086251041306809,0.100621323824525,0.07180143680618209
baseline_noce,AFW,Final Energy|Residential|Solids,EJ/yr,2.11112799998377,1.99945708304432,1.70798310425056,1.3106690991305199,0.751578704512027,2.14158465444086e-09
baseline_noce,AFW,Final Energy|Commercial|Electricity,EJ/yr,0.04405,0.0539780920266893,0.0635439631288489,0.0744865216535144,0.0781392453357305,0.117297784235123
baseline_noce,AFW,Final Energy|Commercial|Gases,EJ/yr,,8.24285299372723e-05,0.000207159879345575,0.000353674224037827,0.0005427765436507291,2.49732088740942e-09
baseline_noce,AFW,Final Energy|Commercial|Gases|Gas,EJ/yr,,8.24285299372723e-05,0.000207159879345575,0.00035367402916887603,0.000542775888436276,2.36092618551556e-09
baseline_noce,AFW,Final Energy|Commercial|Hydrogen,EJ/yr,,2.08891956701684e-08,2.53217000559271e-10,2.87167666240616e-10,2.87610958870229e-10,1.57548773119632e-10
baseline_noce,AFW,Final Energy|Commercial|Heat,EJ/yr,,0.000114099295960087,0.000286686165147022,0.000489445500001713,0.000751141803279341,0.0015251959561826001
baseline_noce,AFW,Final Energy|Commercial|Liquids,EJ/yr,0.00837200018056071,0.0039492846999523,0.0013886623359916398,0.000796583704995381,7.03911494417402e-10,1.88886762083432e-09
baseline_noce,AFW,Final Energy|Commercial|Liquids|Oil,EJ/yr,0.00837200018056071,0.0039492846999523,0.0013886623359916398,0.000796583563476846,7.03911494417402e-10,1.88886762083432e-09
baseline_noce,AFW,Final Energy|Commercial|Solids,EJ/yr,0.11294599998532501,0.107529613189659,0.102804644970167,0.0908430057610186,0.0702930410452539,6.74781483464694e-10
baseline_noce,AFW,Final Energy|Transportation|Electricity,EJ/yr,6.900000000000001e-05,0.000191920373834784,0.00057888346378369,0.00198137202549224,0.0029864704885478803,0.180929681280433
baseline_noce,AFW,Final Energy|Transportation|Gases,EJ/yr,,0.00029636526645455204,0.0080606857489756,4.36725113357378e-11,1.80329272768499e-11,4.25321720379328e-11
baseline_noce,AFW,Final Energy|Transportation|Gases|Gas,EJ/yr,,0.00029636526645455204,0.0080606857489756,4.36725113357378e-11,1.80329272768499e-11,4.25321720379328e-11
baseline_noce,AFW,Final Energy|Transportation|Hydrogen,EJ/yr,,0.000164373089090725,0.000454289075820015,0.000958296519430533,0.00301018050418236,0.0060094164505683
baseline_noce,AFW,Final Energy|Transportation|Liquids,EJ/yr,0.727048689976103,0.831244315453895,0.971855149850055,1.18837390088778,1.42109594028691,1.7024011340187701
baseline_noce,AFW,Final Energy|Transportation|Liquids|Oil,EJ/yr,0.727048689976103,0.83124429888562,0.9674105975308159,1.16577928809028,1.36902671107697,1.58328768569828
baseline_noce,AFZ,Final Energy|Agriculture|Electricity,EJ/yr,0.029814002947800202,0.0326312261304713,0.0364529172144996,0.0396309209803763,0.0427334634027899,0.09007612715065891
baseline_noce,AFZ,Final Energy|Agriculture|Gases,EJ/yr,,,,6.351704222884979e-10,6.57165093006967e-10,4.99770711665311e-09
baseline_noce,AFZ,Final Energy|Agriculture|Liquids,EJ/yr,0.0776640076776893,0.08348817912499809,0.0896436462378797,0.0941766739537165,0.0980102375734231,0.091125412221871
baseline_noce,AFZ,Final Energy|Agriculture|Liquids|Oil,EJ/yr,0.0776640076776893,0.08348817912499809,0.0896436462378797,0.0941766732915665,0.0980102368260056,0.09112540484969049
baseline_noce,AFZ,Final Energy|Agriculture|Solids,EJ/yr,0.0354070035019819,0.0405720876230072,0.0472395630400083,0.0530929621456708,0.0591202260334445,0.0415718598229447
baseline_noce,AFZ,Final Energy|Agriculture|Solids|Coal,EJ/yr,0.0193840019169376,0.0214295930013644,0.023939782357473502,0.0260268777929924,0.0280644154527949,0.00212720332562032
baseline_noce,AFZ,Final Energy|Industry|Electricity,EJ/yr,0.484649999460876,0.410640308653618,0.39170566250155203,0.408877424080199,0.446703392027061,0.598947170599928
baseline_noce,AFZ,Final Energy|Industry|Gases,EJ/yr,0.0969289999595775,0.0929791245004521,0.0789306007007239,0.0778055754416607,0.0633014237785023,0.020761550216241702
baseline_noce,AFZ,Final Energy|Industry|Gases|Gas,EJ/yr,0.0969289999595775,0.0929791245004521,0.0789306007007239,0.0778055754054035,0.0633014237380458,0.0207615501731584
baseline_noce,AFZ,Final Energy|Industry|Hydrogen,EJ/yr,,0.000178450127792923,2.99200973012831e-10,1.95718730455374e-09,0.00266400108788782,0.00957373262304617
baseline_noce,AFZ,Final Energy|Industry|Heat,EJ/yr,,0.0005014583034532009,0.00138613750106349,0.0027334913605453603,0.010378729315018998,0.511800050896667
baseline_noce,AFZ,Final Energy|Industry|Liquids,EJ/yr,0.18059299993925101,0.153987794600493,0.13165386671589,0.108466523600466,0.08364495767081409,0.40154485567767
baseline_noce,AFZ,Final Energy|Industry|Liquids|Oil,EJ/yr,0.18059299993925101,0.153987794600493,0.13165386671589,0.108466523563042,0.0836449576258917,0.40154485507906
baseline_noce,AFZ,Final Energy|Industry|Solids,EJ/yr,0.49789499972053,0.442148060401315,0.505026072784245,0.658864401556692,0.7895801922826869,0.0598688534219951
baseline_noce,AFZ,Final Energy|Industry|Solids|Coal,EJ/yr,0.37138099973803995,0.336837088523442,0.41758998030858696,0.586099141114668,0.7340095727075621,0.052124192140625296
baseline_noce,AFZ,Final Energy|Residential|Electricity,EJ/yr,0.213717006357278,0.29006621795515003,0.39167109552908697,0.484562834425941,0.599703379655536,0.847570401035148
baseline_noce,AFZ,Final Energy|Residential|Gases,EJ/yr,0.000205000009993341,0.010454600666021401,0.027272946227343203,0.045306587409440394,0.0672916633015799,2.78010538592737e-06
baseline_noce,AFZ,Final Energy|Residential|Gases|Gas,EJ/yr,0.000205000009993341,0.010454600666021401,0.027272946227343203,0.045306587409440394,0.0672916633015799,2.78010538592737e-06
baseline_noce,AFZ,Final Energy|Residential|Hydrogen,EJ/yr,,4.0193555360707104e-08,4.50084471289776e-10,9.383738718269769e-10,9.086231574650259e-10,4.52008520597105e-10
baseline_noce,AFZ,Final Energy|Residential|Liquids,EJ/yr,0.0534530000045394,0.055642658497778906,0.0597325745852739,0.0643696197838356,0.0722701947699511,0.0440754445248887
baseline_noce,AFZ,Final Energy|Residential|Liquids|Oil,EJ/yr,0.0534530000045394,0.055642658497778906,0.0597325745852739,0.0643696197838356,0.0722701947699511,0.0440754445248887
baseline_noce,AFZ,Final Energy|Residential|Solids,EJ/yr,1.27099899998723,1.13522180508523,0.90410926266273,0.630711783091935,0.275019496513018,6.88984473440229e-10
baseline_noce,AFZ,Final Energy|Residential|Solids|Coal,EJ/yr,0.197348000003231,0.15891214791625502,0.111764118372371,0.07189465070492879,0.0394531899318901,1.36515208048852e-10
baseline_noce,AFZ,Final Energy|Commercial|Electricity,EJ/yr,0.115461,0.122300880959638,0.122917580409228,0.142456830908104,0.16432053982353098,0.25322794707533397
baseline_noce,AFZ,Final Energy|Commercial|Gases,EJ/yr,0.00121499999438644,0.0011933611629477501,0.00124300462963878,0.000720840495996366,0.000657890433107335,0.000479340317533349
baseline_noce,AFZ,Final Energy|Commercial|Gases|Gas,EJ/yr,0.00121499999438644,0.0011933611629477501,0.00124300462963878,0.000720840274937388,0.0006578901406837821,0.000479339998752204
baseline_noce,AFZ,Final Energy|Commercial|Hydrogen,EJ/yr,,2.49429907830183e-08,2.2939342636696598e-10,3.90709487701638e-10,3.0469653221069203e-10,3.08788189893159e-10
baseline_noce,AFZ,Final Energy|Commercial|Heat,EJ/yr,,0.0002800417206338,0.000637001600841185,0.00101695038771634,0.00149414834574305,0.00109851275135589
baseline_noce,AFZ,Final Energy|Commercial|Liquids,EJ/yr,0.037568000000055696,0.0270411742071276,0.0145441025536824,0.00427440635948358,0.0073942487414640394,0.005707821427368969
baseline_noce,AFZ,Final Energy|Commercial|Liquids|Oil,EJ/yr,0.037568000000055696,0.0270411742071276,0.0145441025536824,0.0042744063081674305,0.0073942487414640394,0.005707821427368969
baseline_noce,AFZ,Final Energy|Commercial|Solids,EJ/yr,0.102061000021916,0.08563278420494601,0.0808480597706522,0.08105688611638741,0.0648966317218928,0.00496651763801137
baseline_noce,AFZ,Final Energy|Commercial|Solids|Coal,EJ/yr,0.09678900003272381,0.0845783096975858,0.080426240582284,0.0810568372807608,0.0638952287628778,0.00396511545553025
baseline_noce,AFZ,Final Energy|Transportation|Electricity,EJ/yr,0.010171339872134701,0.0115302636159966,0.0128313401963893,0.014567367950327901,0.022517776730413,0.373113628682818
baseline_noce,AFZ,Final Energy|Transportation|Gases,EJ/yr,8.199998885382891e-05,0.000983022212105897,0.0301855515697634,0.0210332349833156,0.00135103969081526,1.5716639647075e-09
baseline_noce,AFZ,Final Energy|Transportation|Gases|Gas,EJ/yr,8.199998885382891e-05,0.000983022212105897,0.0301855515697634,0.0210332349833156,0.00135103969081526,1.5716639647075e-09
baseline_noce,AFZ,Final Energy|Transportation|Hydrogen,EJ/yr,,0.000478935067710185,0.00031622750836658904,0.00180394102611863,0.0035438125166621,0.0145521879288927
baseline_noce,AFZ,Final Energy|Transportation|Liquids,EJ/yr,1.27961517998375,1.3680352900358301,1.53460050635075,1.8715948631116501,2.17957473858989,2.26188613096662
baseline_noce,AFZ,Final Energy|Transportation|Liquids|Oil,EJ/yr,1.27961517998375,1.3680352664969,1.49457877611346,1.7602647151158202,1.94952739886235,1.74281713711593
baseline_noce,AFZ,Final Energy|Transportation|Solids,EJ/yr,0.000146000051636784,0.000158599298322628,3.6588046874819e-09,0.000107049904951788,5.47364202478933e-10,1.56615620957023e-10
baseline_noce,AFZ,Final Energy|Transportation|Solids|Coal,EJ/yr,0.000146000051636784,0.000158599298322628,3.6588046874819e-09,0.000107049904951788,5.47364202478933e-10,1.56615620957023e-10
baseline_noce,ANZ,Final Energy|Agriculture|Electricity,EJ/yr,0.0169890017189279,0.0176131601581653,0.0237617083108859,0.0323150776555444,0.0463996624854187,0.062395838659446805
baseline_noce,ANZ,Final Energy|Agriculture|Gases,EJ/yr,0.0024270002479599203,0.00262302754338881,0.00283925326085051,0.006558449101675311,0.00505223499939989,0.0110168551490613
baseline_noce,ANZ,Final Energy|Agriculture|Gases|Gas,EJ/yr,0.0024270002479599203,0.00262302754338881,0.00283925326085051,0.0030177888218108403,0.00319620381779114,0.0035654744326641097
baseline_noce,ANZ,Final Energy|Agriculture|Heat,EJ/yr,0.00044500004774987803,0.000503435198878426,0.000572333418377516,0.0006309836378935369,0.000690926846834465,0.0008171799122724151
baseline_noce,ANZ,Final Energy|Agriculture|Liquids,EJ/yr,0.0998320100918291,0.102940610356529,0.09910459352700489,0.0897678832877594,0.0783336096764404,0.0655639103109809
baseline_noce,ANZ,Final Energy|Agriculture|Liquids|Oil,EJ/yr,0.0998320100918291,0.102940610356529,0.09910459352700489,0.0613300771167161,0.039923884788459,0.00571387882130388
baseline_noce,ANZ,Final Energy|Agriculture|Solids,EJ/yr,0.00203800020866539,0.00275104872182024,0.00377024203750876,0.00354064700473387,0.00478205577443678,3.85789894704917e-08
baseline_noce,ANZ,Final Energy|Agriculture|Solids|Coal,EJ/yr,0.00203800020866539,0.00213375799251353,1.22677418053601e-09,7.40089342577643e-10,5.03663970805515e-10,4.41475041901185e-10
baseline_noce,ANZ,Final Energy|Industry|Electricity,EJ/yr,0.331984999655664,0.341960413930027,0.380138998972304,0.5939896460219409,0.7635838679201691,1.0359031408741801
baseline_noce,ANZ,Final Energy|Industry|Gases,EJ/yr,0.426980999856304,0.424739117278164,0.438771818436079,0.264760341882062,0.16009331623518,0.0116544803163998
baseline_noce,ANZ,Final Energy|Industry|Gases|Gas,EJ/yr,0.426340999855758,0.424015151020075,0.437931498481209,0.264326242236631,0.159764679813552,0.011612620569765201
baseline_noce,ANZ,Final Energy|Industry|Hydrogen,EJ/yr,,3.91279404356385e-08,4.4233942416986e-10,0.0201756321755003,0.00462583850576749,0.00462583922406204
baseline_noce,ANZ,Final Energy|Industry|Heat,EJ/yr,,0.0172288487991814,0.0849315172722383,0.158802893060484,0.24736796008694198,0.446589915225945
baseline_noce,ANZ,Final Energy|Industry|Liquids,EJ/yr,0.197612000093721,0.18018045232268698,0.16415099466795102,0.131679371424359,0.0960691969862589,0.00377491640299468
baseline_noce,ANZ,Final Energy|Industry|Liquids|Oil,EJ/yr,0.197612000093721,0.18018045232268698,0.16415099466795102,0.13167937087891599,0.09606919690282309,0.00377491502769081
baseline_noce,ANZ,Final Energy|Industry|Solids,EJ/yr,0.314465000057073,0.315056447986156,0.195016049917361,0.13261735238628,0.0933304863374577,0.0193435425590216
baseline_noce,ANZ,Final Energy|Industry|Solids|Coal,EJ/yr,0.188257000099126,0.202431952183638,0.0644033554071876,0.053126690702412,0.035411660680345,0.017891275447870298
baseline_noce,ANZ,Final Energy|Residential|Electricity,EJ/yr,0.257046000003847,0.284036323584532,0.322011664146123,0.369186896377608,0.41283398053090503,0.525151541314494
baseline_noce,ANZ,Final Energy|Residential|Gases,EJ/yr,0.158051999994449,0.177917993581076,0.07203924579413869,0.035116934250578505,0.024711250936713502,1.54997971694175e-09
baseline_noce,ANZ,Final Energy|Residential|Gases|Gas,EJ/yr,0.158051999994449,0.177917993581076,0.07203924579413869,0.035116934250578505,0.024711250936713502,1.54997971694175e-09
baseline_noce,ANZ,Final Energy|Residential|Hydrogen,EJ/yr,,5.4590564317654794e-08,3.8814169945920104e-10,0.00101090594680649,5.265631374895631e-09,2.924179266961e-10
baseline_noce,ANZ,Final Energy|Residential|Heat,EJ/yr,0.000208,0.00015692155471637,9.590021272703469e-05,4.5166938047878897e-05,4.99936702854012e-06,8.41666385584755e-06
baseline_noce,ANZ,Final Energy|Residential|Liquids,EJ/yr,0.0189739999928812,0.015180367648819599,0.00360964366241158,0.000352075314157498,0.000874230018217413,4.09003061427596e-10
baseline_noce,ANZ,Final Energy|Residential|Liquids|Oil,EJ/yr,0.0189666063427571,0.015180367648819599,0.00360964366241158,0.000352075314157498,0.000874230018217413,4.09003061427596e-10
baseline_noce,ANZ,Final Energy|Residential|Solids,EJ/yr,0.014401000048966599,0.0096079744101011,1.96055379891707e-05,1.5994859912910697e-05,1.51210926935546e-05,1.2351061597374e-10
baseline_noce,ANZ,Final Energy|Residential|Solids|Coal,EJ/yr,0.000279000054056518,0.000209878985290838,1.46173178039538e-10,1.91743686933888e-10,8.22544843693997e-11,
baseline_noce,ANZ,Final Energy|Commercial|Electricity,EJ/yr,0.290971,0.342348440479628,0.35499466146341097,0.397902925146765,0.41958433442972,0.467440150676301
baseline_noce,ANZ,Final Energy|Commercial|Gases,EJ/yr,0.0616789999939295,0.0430482508474898,0.0254546054129003,0.0113453692618912,0.00947036428384294,8.41268674452575e-10
baseline_noce,ANZ,Final Energy|Commercial|Gases|Gas,EJ/yr,0.061083999993988,0.0423752522482211,0.0246733704998382,0.000494133861794329,0.00947036004770908,5.91727400939471e-10
baseline_noce,ANZ,Final Energy|Commercial|Hydrogen,EJ/yr,,2.8233628124433998e-08,1.99904050338794e-10,0.00148338538584064,4.0223651204982305e-09,7.51723332008502e-11
baseline_noce,ANZ,Final Energy|Commercial|Heat,EJ/yr,0.002378,0.0022003122503605602,0.0021106263456652902,0.00235009764100761,0.00336194805501671,0.00243987695394528
baseline_noce,ANZ,Final Energy|Commercial|Liquids,EJ/yr,0.034218999995558795,0.024536176724172302,0.0125056519788968,0.00201945690101338,7.84482963152674e-10,4.3520282716952996e-11
baseline_noce,ANZ,Final Energy|Commercial|Liquids|Oil,EJ/yr,0.034218999995558795,0.024536176724172302,0.0125056519788968,0.000136348048530127,7.84482963152674e-10,4.3520282716952996e-11
baseline_noce,ANZ,Final Energy|Commercial|Solids,EJ/yr,0.00185300008402198,0.0014514834094958799,6.18843034220962e-05,0.0005835867365391541,3.02415543033578e-10,3.45898345256956e-11
baseline_noce,ANZ,Final Energy|Commercial|Solids|Coal,EJ/yr,0.00162100008644576,0.00129680838412382,6.84669730649994e-10,0.0005835726174793289,6.91827105138648e-11,
baseline_noce,ANZ,Final Energy|Transportation|Electricity,EJ/yr,0.0216143,0.037970781377781496,0.119238825505238,0.204643355435872,0.428973947331121,0.8377707006970699
baseline_noce,ANZ,Final Energy|Transportation|Gases,EJ/yr,0.0037409999887887298,0.00306710163854915,0.013793820955588799,0.015009152479507099,0.0149865631543772,7.79568920927515e-10
baseline_noce,ANZ,Final Energy|Transportation|Gases|Gas,EJ/yr,0.0037409999887887298,0.00306710163854915,0.013793820955588799,0.015009152479507099,0.0149865631543772,7.79568920927515e-10
baseline_noce,ANZ,Final Energy|Transportation|Hydrogen,EJ/yr,,0.0013226134903132,0.00285827878782815,0.0054627239138096894,0.00638450245490322,0.0184962119844395
baseline_noce,ANZ,Final Energy|Transportation|Liquids,EJ/yr,1.9094489899857499,2.09467536952123,2.11236448476942,2.22626793465846,1.89010365266462,1.59824265103515
baseline_noce,ANZ,Final Energy|Transportation|Liquids|Oil,EJ/yr,1.9093074199857498,2.0931854000378998,2.0857512600088297,2.120124975031,1.6775623343248,1.0815402687461402
baseline_noce,ASC,Final Energy|Agriculture|Electricity,EJ/yr,0.08653901153578239,0.09129499222819641,0.09736341260543731,0.10188194125238301,0.10620682365022201,0.134541813699331
baseline_noce,ASC,Final Energy|Agriculture|Gases,EJ/yr,0.00964500128798035,0.0106082363958609,0.0117388904713406,0.0126966511003324,0.013083329447094099,0.010070996409936
baseline_noce,ASC,Final Energy|Agriculture|Gases|Gas,EJ/yr,0.00964500128798035,0.0106082363958609,0.0117388904713406,0.012653675396645,0.0130770173350775,0.010070994930078299
baseline_noce,ASC,Final Energy|Agriculture|Heat,EJ/yr,0.008836001182981059,0.00800957410985194,0.0118231384501076,0.0132193045005099,0.0119512247756695,0.00550964420814118
baseline_noce,ASC,Final Energy|Agriculture|Liquids,EJ/yr,0.0301820040273033,0.0305496462318314,0.0246016018365654,0.021780420159212898,0.0355412619562416,0.0261099499563456
baseline_noce,ASC,Final Energy|Agriculture|Liquids|Oil,EJ/yr,0.0301820040273033,0.0305496462318314,0.0246016018365654,0.021780419417960602,0.0355412607523917,0.0261099477099994
baseline_noce,ASC,Final Energy|Agriculture|Solids,EJ/yr,0.00405300054565388,0.0067327877313309095,0.00758761561938991,0.00819645346576068,7.689323895512819e-09,1.42660445290703e-07
baseline_noce,ASC,Final Energy|Agriculture|Solids|Coal,EJ/yr,0.0040400005411226495,0.00430400769670601,0.00459123416775563,0.00480431208817634,9.51964938649549e-10,1.01914689745034e-09
baseline_noce,ASC,Final Energy|Industry|Electricity,EJ/yr,0.311700999792476,0.346183164417988,0.378831999799262,0.431933226209227,0.46234529049338197,0.508954442678182
baseline_noce,ASC,Final Energy|Industry|Gases,EJ/yr,0.338375999978902,0.344470995387096,0.326163377533399,0.30868737433939997,0.25671257238720196,0.104066879084833
baseline_noce,ASC,Final Energy|Industry|Gases|Gas,EJ/yr,0.338375999978902,0.344470995387096,0.326163377533399,0.30868737408722596,0.25671257146515003,0.10406687904550099
baseline_noce,ASC,Final Energy|Industry|Hydrogen,EJ/yr,,6.190903561675579e-08,0.0028443370788025,0.0028443374631676004,0.00295373347359538,0.0028443385826338
baseline_noce,ASC,Final Energy|Industry|Heat,EJ/yr,0.125042000005366,0.0988104992743347,0.19272361277202799,0.333616487401014,0.445398080315152,0.703705414961779
baseline_noce,ASC,Final Energy|Industry|Liquids,EJ/yr,0.0853832906994606,0.101929920715752,0.0980964907948173,0.109197001804979,0.180625265792465,0.289950995305159
baseline_noce,ASC,Final Energy|Industry|Liquids|Oil,EJ/yr,0.0853832906994606,0.101929920715752,0.0980964907948173,0.109197001759345,0.180625265696702,0.289950994175876
baseline_noce,ASC,Final Energy|Industry|Solids,EJ/yr,0.309103283919854,0.337817912943664,0.26126960580075703,0.18642272036575802,0.10485524786726601,0.0571395741877302
baseline_noce,ASC,Final Energy|Industry|Solids|Coal,EJ/yr,0.308787283945832,0.33597433153212103,0.25677919010321804,0.18071028803439199,0.0980528868593234,0.048379977706200894
baseline_noce,ASC,Final Energy|Residential|Electricity,EJ/yr,0.222704000001358,0.324075735743928,0.387677166969586,0.45365794496403,0.761583791844495,1.28747390390784
baseline_noce,ASC,Final Energy|Residential|Gases,EJ/yr,0.5848069999943211,0.679603477235842,0.844233781333759,1.00114131617483,0.616855661068883,6.07912829610878e-09
baseline_noce,ASC,Final Energy|Residential|Gases|Gas,EJ/yr,0.5848069999943211,0.679603477235842,0.844233781333759,1.00114131617483,0.616855661068883,6.07912829610878e-09
baseline_noce,ASC,Final Energy|Residential|Hydrogen,EJ/yr,,7.39434907036485e-08,9.175989513776279e-10,1.06078484928861e-09,8.94789073865401e-10,6.05847540558463e-10
baseline_noce,ASC,Final Energy|Residential|Heat,EJ/yr,0.12522499999752398,0.0835054025127533,0.033441916542555496,5.29999522470898e-05,,
baseline_noce,ASC,Final Energy|Residential|Liquids,EJ/yr,0.186188999997697,0.14012448928747098,0.125769779884261,0.0791282060899148,0.0802348167040989,0.0518118502571984
baseline_noce,ASC,Final Energy|Residential|Liquids|Oil,EJ/yr,0.186188109446042,0.14012448928747098,0.125769779884261,0.0791282060899148,0.0802348167040989,0.0518118502571984
baseline_noce,ASC,Final Energy|Residential|Solids,EJ/yr,0.303527999987133,0.202982354975008,0.13057900540783998,0.0640278092240546,6.896308526747749e-10,4.6155837472812404e-10
baseline_noce,ASC,Final Energy|Residential|Solids|Coal,EJ/yr,0.216610999995822,0.178353150073835,0.130579003847378,0.0640278088082752,2.24677522290058e-10,7.98042093765918e-11
baseline_noce,ASC,Final Energy|Commercial|Electricity,EJ/yr,0.09979600000000001,0.187838296065203,0.31573301163677703,0.44654925304000104,0.629840829039414,0.940178735167068
baseline_noce,ASC,Final Energy|Commercial|Gases,EJ/yr,0.3698619999935,0.360916921619105,0.344030274135815,0.301326977091342,0.155893460710451,0.0120059379054291
baseline_noce,ASC,Final Energy|Commercial|Gases|Gas,EJ/yr,0.3698619999935,0.360916921619105,0.344030274135815,0.301326975726894,0.155893458314165,0.012005937262994999
baseline_noce,ASC,Final Energy|Commercial|Hydrogen,EJ/yr,,5.2308626661178105e-08,6.139676248000439e-10,5.604417071194811e-10,4.16158226497301e-10,3.24703269326216e-10
baseline_noce,ASC,Final Energy|Commercial|Heat,EJ/yr,0.110169,0.131989590771071,0.165874119752184,0.196996365389205,0.227571392801832,0.155020851991413
baseline_noce,ASC,Final Energy|Commercial|Liquids,EJ/yr,0.0306840000144519,0.021666131006969798,0.0108447180766484,0.00182665604433081,2.6942205823275803e-09,1.50989732984697e-09
baseline_noce,ASC,Final Energy|Commercial|Liquids|Oil,EJ/yr,0.0306840000144519,0.021666131006969798,0.0108447180766484,0.0018266559910675199,2.6942205823275803e-09,1.50989732984697e-09
baseline_noce,ASC,Final Energy|Commercial|Solids,EJ/yr,0.0664530000055335,0.0530142182132676,0.0368874491786125,0.023522583089076,0.0104543997182148,2.9182796085653e-10
baseline_noce,ASC,Final Energy|Commercial|Solids|Coal,EJ/yr,0.06534000000809419,0.0522722094424904,0.036590622683249,0.023522582497137002,0.0104543994289822,8.78117159155788e-11
baseline_noce,ASC,Final Energy|Transportation|Electricity,EJ/yr,0.0221841821428572,0.025262096444974,0.0378338569857962,0.056935166480876605,0.191400814970554,0.589767893865882
baseline_noce,ASC,Final Energy|Transportation|Gases,EJ/yr,0.137123999987639,0.162492976127099,0.138388516278813,0.0896790191642141,0.0227094946958316,0.00020160312461511902
baseline_noce,ASC,Final Energy|Transportation|Gases|Gas,EJ/yr,0.137123999987639,0.162492976127099,0.138388516278813,0.0896790191642141,0.0227094946958316,0.00020160312461511902
baseline_noce,ASC,Final Energy|Transportation|Hydrogen,EJ/yr,,0.000195268054149677,0.000802902349356984,0.00458287776730398,0.00869211763402764,0.00703879279522935
baseline_noce,ASC,Final Energy|Transportation|Liquids,EJ/yr,0.843002000006346,0.999814562518216,1.1678820254152098,1.29919701488892,1.17319437429463,0.596321655430379
baseline_noce,ASC,Final Energy|Transportation|Liquids|Oil,EJ/yr,0.843002000006346,0.999651654591123,1.1666743214381499,1.29040678040285,1.16158696400654,0.524954490246052
baseline_noce,ASC,Final Energy|Transportation|Solids,EJ/yr,0.00178500004365756,4.5688645648515e-06,2.90565562874937e-09,1.40030167059317e-09,9.76749844423867e-11,1.1577549126048e-10
baseline_noce,ASC,Final Energy|Transportation|Solids|Coal,EJ/yr,0.00178500004365756,4.5688645648515e-06,2.90565562874937e-09,1.40030167059317e-09,9.76749844423867e-11,1.1577549126048e-10
baseline_noce,ASE,Final Energy|Agriculture|Electricity,EJ/yr,0.005147000300597979,0.00528255482240084,0.0054542927460166,0.00555167021380231,0.00561139052737078,0.0685298476940689
baseline_noce,ASE,Final Energy|Agriculture|Gases,EJ/yr,,,,0.00698711049448846,0.009269232706187451,0.0137405032944123
baseline_noce,ASE,Final Energy|Agriculture|Liquids,EJ/yr,0.234679013703757,0.238757803128489,0.25110504401601697,0.244234946224584,0.240242235512394,0.165058815506825
baseline_noce,ASE,Final Energy|Agriculture|Liquids|Oil,EJ/yr,0.234679013703757,0.238757803128489,0.25110504401601697,0.17827484461612703,0.152738323057463,0.0390603821841903
baseline_noce,ASE,Final Energy|Agriculture|Solids,EJ/yr,0.0086790005089748,0.0114885566604043,0.00472283782538186,0.00698974797287726,0.00927101048991572,0.013740510419634299
baseline_noce,ASE,Final Energy|Agriculture|Solids|Coal,EJ/yr,0.0086790005089748,0.008991506824468191,5.26225210617236e-09,5.277280578429779e-10,3.23030342871605e-10,7.719345513041561e-10
baseline_noce,ASE,Final Energy|Industry|Electricity,EJ/yr,0.765662999826608,0.790908883990899,0.8916252381158011,0.9375718287175909,0.9196677515045221,1.93915587484068
baseline_noce,ASE,Final Energy|Industry|Gases,EJ/yr,1.1608690000044601,1.12060675789158,1.16746064887599,1.02337002128736,0.767360911553209,0.423107485176992
baseline_noce,ASE,Final Energy|Industry|Gases|Gas,EJ/yr,1.13500100000524,1.0958563330695699,1.1420738619235402,1.00176237042559,0.7526195467497591,0.413535755463921
baseline_noce,ASE,Final Energy|Industry|Hydrogen,EJ/yr,,6.99891158676091e-05,0.00210000065699567,0.00577890741135113,0.640557873528089,0.0109289318532501
baseline_noce,ASE,Final Energy|Industry|Heat,EJ/yr,,7.31196779299601e-05,0.000196798171551122,0.78092903191832,1.21791068529179,2.3181824032848097
baseline_noce,ASE,Final Energy|Industry|Liquids,EJ/yr,0.645831999876426,0.611771338198287,1.03527624533529,0.952253693760422,0.392305857649076,0.07480670442523371
baseline_noce,ASE,Final Energy|Industry|Liquids|Oil,EJ/yr,0.645831999876426,0.611771338198287,1.03527624533529,0.952183693678477,0.392123121968104,0.07480670319468069
baseline_noce,ASE,Final Energy|Industry|Solids,EJ/yr,1.1654199998827401,1.39143843892717,1.39147167215018,1.1549296776368898,1.12080948734126,1.0713230266937002
baseline_noce,ASE,Final Energy|Industry|Solids|Coal,EJ/yr,0.778242999917941,1.02812920781636,1.01786255578865,0.506691477064923,0.356072990843103,0.125827385789451
baseline_noce,ASE,Final Energy|Residential|Electricity,EJ/yr,0.38478200004284796,0.49382219516988196,0.565150225433129,0.576370180073998,0.627847235653313,1.06349879147226
baseline_noce,ASE,Final Energy|Residential|Gases,EJ/yr,0.0032039999949989603,0.0269866181251911,0.0640243309574458,0.0568502541459398,0.026161843932809,0.049293292576152
baseline_noce,ASE,Final Energy|Residential|Gases|Gas,EJ/yr,0.00320299999500052,0.0269855142246873,0.0640240216812808,0.056824011124795,0.0261330888026787,0.0492779101635506
baseline_noce,ASE,Final Energy|Residential|Hydrogen,EJ/yr,,6.933403259787769e-08,6.491103941364279e-10,0.027233636362468998,0.0659709100328401,1.06992436579195e-09
baseline_noce,ASE,Final Energy|Residential|Heat,EJ/yr,,6.64268736708918e-05,0.00016967615690629,0.00026825458643809204,0.000379228064789119,0.000649295242622049
baseline_noce,ASE,Final Energy|Residential|Liquids,EJ/yr,0.140018000237018,0.143855115788994,0.14699723372076598,0.148535081801897,0.15035117475121298,4.50762681291377e-09
baseline_noce,ASE,Final Energy|Residential|Liquids|Oil,EJ/yr,0.13959413569629,0.143855115788994,0.14699723372076598,0.148535081801897,0.15035117475121298,4.50762681291377e-09
baseline_noce,ASE,Final Energy|Residential|Solids,EJ/yr,0.980898000021006,0.800989204729469,0.6606340553124931,0.5278061772468929,0.304454750492698,0.00291423271477228
baseline_noce,ASE,Final Energy|Residential|Solids|Coal,EJ/yr,0.0553440000301611,0.0451360644320868,0.0324578843451506,1.39633313343174e-09,2.3637047626575e-11,4.74950874689492e-11
baseline_noce,ASE,Final Energy|Commercial|Electricity,EJ/yr,0.475384999999999,0.492979878258241,0.464078513421462,0.457792362000061,0.47207016096841303,0.592322826168991
baseline_noce,ASE,Final Energy|Commercial|Gases,EJ/yr,0.00485799999392774,0.00559487962734659,0.00723761531029191,0.00888702150563196,0.0105917358125186,2.8656898857600703e-09
baseline_noce,ASE,Final Energy|Commercial|Gases|Gas,EJ/yr,0.00485799999392774,0.00559487962734659,0.00723761531029191,5.83147484414153e-10,5.649956587722381e-10,1.31709803556613e-09
baseline_noce,ASE,Final Energy|Commercial|Hydrogen,EJ/yr,,3.9580610275590094e-08,2.64101708141103e-10,5.25355291085585e-10,9.53875532661957e-10,1.7019487595991e-10
baseline_noce,ASE,Final Energy|Commercial|Heat,EJ/yr,0.00014099999999999998,0.000567794869236678,0.00123338096292706,0.0019396846655072599,0.00274812189383073,7.862415626114839e-10
baseline_noce,ASE,Final Energy|Commercial|Liquids,EJ/yr,0.0645440000136889,0.0581751984056541,0.0662452372181296,0.07348853474172949,0.0734380280641124,1.74369641452163e-09
baseline_noce,ASE,Final Energy|Commercial|Liquids|Oil,EJ/yr,0.0645440000136889,0.0581751984056541,0.0662452372181296,0.07193527363908189,0.0734380280641124,1.74369641452163e-09
baseline_noce,ASE,Final Energy|Commercial|Solids,EJ/yr,0.0366730000344349,0.0230978692417739,0.0211763505916329,0.0193727611427321,0.018566230460855197,4.73236558529505e-10
baseline_noce,ASE,Final Energy|Commercial|Solids|Coal,EJ/yr,0.016561000043605202,0.016393079728211798,0.017786135522073303,3.1034504860136403e-10,9.08994511603962e-11,1.04480794585632e-10
baseline_noce,ASE,Final Energy|Transportation|Electricity,EJ/yr,0.0138345857142857,0.016365032346244,0.0225333237483077,0.0288047165890471,0.321332271748147,1.24725529106152
baseline_noce,ASE,Final Energy|Transportation|Gases,EJ/yr,0.0784189999868764,0.0816046877392986,0.5991485962612689,0.683947204598374,0.646625344731048,0.617061083307186
baseline_noce,ASE,Final Energy|Transportation|Gases|Gas,EJ/yr,0.0784189999868764,0.0816046877392986,0.5991485962612689,0.683947204598374,0.646625344731048,0.617061083307186
baseline_noce,ASE,Final Energy|Transportation|Hydrogen,EJ/yr,,0.000564776645450259,0.00446108161416877,0.0107482100014807,0.016873339717918,0.025184557994696998
baseline_noce,ASE,Final Energy|Transportation|Liquids,EJ/yr,5.09905424998028,5.61584084382479,5.85284329611788,6.61168729421275,6.5162788205649305,6.20896951127133
baseline_noce,ASE,Final Energy|Transportation|Liquids|Oil,EJ/yr,5.031748109981001,5.5318227871181,5.31891007200765,4.880214419796079,3.99923583094645,2.99287627978937
baseline_noce,ASE,Final Energy|Transportation|Solids,EJ/yr,0.037876000031007204,0.0381048359791383,0.0252962604969942,3.2354127093212496e-11,,3.94053846267793e-11
baseline_noce,ASE,Final Energy|Transportation|Solids|Coal,EJ/yr,0.037876000031007204,0.0381048359791383,0.0252962604969942,3.2354127093212496e-11,,3.94053846267793e-11
baseline_noce,ASO,Final Energy|Agriculture|Electricity,EJ/yr,0.0435830030497012,0.0464290549505375,0.0505207098780999,0.0537513548869338,0.056748022357678896,0.0743516904150012
baseline_noce,ASO,Final Energy|Agriculture|Gases,EJ/yr,0.00100900007333057,2.88431700853468e-07,1.12354006939775e-09,1.9784585618061e-09,1.12823591211115e-09,3.18091633827231e-09
baseline_noce,ASO,Final Energy|Agriculture|Gases|Gas,EJ/yr,0.00100900007333057,2.88431700853468e-07,1.12354006939775e-09,9.887735132159891e-10,5.30032253280579e-10,2.02954711256873e-09
baseline_noce,ASO,Final Energy|Agriculture|Liquids,EJ/yr,0.055048003851900604,0.0590657488854884,0.06408462832622079,0.0671852352354752,0.0698778347347902,0.0624081992802743
baseline_noce,ASO,Final Energy|Agriculture|Liquids|Oil,EJ/yr,0.055048003851900604,0.0590657488854884,0.06408462832622079,0.0671852340498784,0.06987783364882501,0.0624081982717817
baseline_noce,ASO,Final Energy|Agriculture|Solids,EJ/yr,,0.0008622007384692159,3.7715700465107496e-09,4.9204217520183596e-09,6.92227051630305e-09,2.01700073366918e-09
baseline_noce,ASO,Final Energy|Industry|Electricity,EJ/yr,0.26672799996575297,0.284197384694342,0.339790546297076,0.39690678565640297,0.41844013794263996,0.480141357368915
baseline_noce,ASO,Final Energy|Industry|Gases,EJ/yr,0.66906999999781,0.663834425461054,0.699319961555026,0.639931961643906,0.512863779574986,0.0290465094556951
baseline_noce,ASO,Final Energy|Industry|Gases|Gas,EJ/yr,0.66906999999781,0.663834425461054,0.699319961555026,0.639931961643906,0.512863779574986,0.0290465094556951
baseline_noce,ASO,Final Energy|Industry|Hydrogen,EJ/yr,,5.03851267974209e-11,2.61101423530426e-10,3.71424711829307e-10,3.65540519767322e-10,1.16412098092815e-09
baseline_noce,ASO,Final Energy|Industry|Heat,EJ/yr,,0.103386809042583,0.205914584931173,0.526550295738578,0.9808903952455259,1.95994370503184
baseline_noce,ASO,Final Energy|Industry|Liquids,EJ/yr,0.10018999996414,0.0986019992171129,0.106564503325749,0.10562997550731901,0.09389948562657599,0.470651466785624
baseline_noce,ASO,Final Energy|Industry|Liquids|Oil,EJ/yr,0.10018999996414,0.0986019992171129,0.106564503325749,0.10562997550731901,0.09389948562657599,0.470651466269518
baseline_noce,ASO,Final Energy|Industry|Solids,EJ/yr,0.8321819999150519,0.8778999433497949,1.1602310957392201,1.3663226501714,1.51656643684157,1.78711116854192
baseline_noce,ASO,Final Energy|Industry|Solids|Coal,EJ/yr,0.5996249999288621,0.635187626241166,0.9177624509863179,1.0335534699236,0.887495052621996,1.68487930186429
baseline_noce,ASO,Final Energy|Residential|Electricity,EJ/yr,0.354227000032819,0.42803300791495,0.6373296198704149,0.8712936821534201,1.18472329440103,1.78540680924439
baseline_noce,ASO,Final Energy|Residential|Gases,EJ/yr,0.45950399999432,0.600071782510168,0.858969846048089,0.821379791065149,0.542804161297704,0.16811970841765
baseline_noce,ASO,Final Energy|Residential|Gases|Gas,EJ/yr,0.45224899999441,0.5928160948519391,0.849444031207388,0.8150492111639449,0.534233955883371,0.16811970804374302
baseline_noce,ASO,Final Energy|Residential|Hydrogen,EJ/yr,,0.00662854259851213,0.00662865313834641,1.0874637162395002e-09,1.10579468423809e-09,8.908865976243799e-10
baseline_noce,ASO,Final Energy|Residential|Liquids,EJ/yr,0.0700919999954926,0.0715427074967299,0.06425829243067151,0.07108477678406461,0.0781393275993255,0.0922172269627364
baseline_noce,ASO,Final Energy|Residential|Liquids|Oil,EJ/yr,0.0700919999954926,0.0715427074967299,0.06425829243067151,0.07108477678406461,0.0781393275993255,0.0922172269627364
baseline_noce,ASO,Final Energy|Residential|Solids,EJ/yr,1.5628960000372,1.23910161266515,0.7632988978223411,0.34375634120279897,0.173661057985864,2.63668354283535e-05
baseline_noce,ASO,Final Energy|Residential|Solids|Coal,EJ/yr,0.00010600004655732801,8.75653330498261e-05,6.480377276965001e-05,4.53819183572106e-05,2.93294547647131e-05,2.6365926562186703e-05
baseline_noce,ASO,Final Energy|Commercial|Electricity,EJ/yr,0.10983,0.12613557194285602,0.131047989570655,0.149859612152998,0.16985747694103798,0.223976070891579
baseline_noce,ASO,Final Energy|Commercial|Gases,EJ/yr,0.00797999999295847,0.008823810550935979,0.010286465943294,0.0070586678745395,0.005069970541282351,0.0014563988978020198
baseline_noce,ASO,Final Energy|Commercial|Gases|Gas,EJ/yr,0.00796799999296905,0.008812482164579279,0.010270710095299099,0.00384768160640723,1.7800317624068e-09,0.0014563980828443
baseline_noce,ASO,Final Energy|Commercial|Hydrogen,EJ/yr,,9.164999262462029e-05,9.17661956097376e-05,5.01125855422374e-10,3.54117972903837e-10,2.84946193086964e-10
baseline_noce,ASO,Final Energy|Commercial|Heat,EJ/yr,,0.00012695484945226702,0.000344844606204056,0.000608241790493429,0.000951676045911799,0.00195595293683239
baseline_noce,ASO,Final Energy|Commercial|Liquids,EJ/yr,0.0330100000071519,0.0363507931939424,0.0410132634495592,0.0469762007040658,0.0551821769421705,0.08281190990055301
baseline_noce,ASO,Final Energy|Commercial|Liquids|Oil,EJ/yr,0.0330100000071519,0.0363507931939424,0.0410132634495592,0.0469762005523836,0.0551821769421705,0.08281190990055301
baseline_noce,ASO,Final Energy|Commercial|Solids,EJ/yr,0.0124489999912358,0.00415242003299546,0.004954878505067701,0.0143895525058396,0.0147490792749177,0.00251258522934783
baseline_noce,ASO,Final Energy|Transportation|Electricity,EJ/yr,1.045e-05,0.00425522142394845,0.00758977342742284,0.0053712709906106795,0.00424412424886702,0.381688457387364
baseline_noce,ASO,Final Energy|Transportation|Gases,EJ/yr,0.104976999986526,0.0880778095106061,0.0619241548996365,0.0211483183449842,9.68989571461748e-09,1.27265763455586e-09
baseline_noce,ASO,Final Energy|Transportation|Gases|Gas,EJ/yr,0.104976999986526,0.0880778095106061,0.0619241548996365,0.0211483183449842,9.68989571461748e-09,1.27265763455586e-09
baseline_noce,ASO,Final Energy|Transportation|Hydrogen,EJ/yr,,0.000461008297991751,0.00121705574252532,0.0012171180594944299,0.00038373197147034796,0.00714586807707893
baseline_noce,ASO,Final Energy|Transportation|Liquids,EJ/yr,1.1024285050554599,1.2973579168487,1.5966397622572,2.0035609613395,2.39445162145911,2.88766062461498
baseline_noce,ASO,Final Energy|Transportation|Liquids|Oil,EJ/yr,1.1024285050554599,1.2973578843018299,1.5852490658990601,1.93262899356509,2.30263403499037,2.6387641723112503
baseline_noce,BRA,Final Energy|Agriculture|Electricity,EJ/yr,0.11211500006206,0.15224872761737002,0.20195137863773802,0.243709115642678,0.268334167291462,0.319876624847375
baseline_noce,BRA,Final Energy|Agriculture|Gases,EJ/yr,,,,0.0147600549565307,0.00774772219523141,0.0288778024302725
baseline_noce,BRA,Final Energy|Agriculture|Liquids,EJ/yr,0.294122000163683,0.249791256442118,0.192040022574719,0.12582303549704799,0.10707212728283,0.148889528591965
baseline_noce,BRA,Final Energy|Agriculture|Liquids|Oil,EJ/yr,0.276453000153902,0.229804084883393,0.168840625585752,0.0405777308685353,0.000134923189763821,5.25310684853397e-11
baseline_noce,BRA,Final Energy|Agriculture|Solids,EJ/yr,0.12848800007025,0.142565180539897,0.15939058510703402,0.172899874903602,0.174424341143169,0.0510343408236237
baseline_noce,BRA,Final Energy|Industry|Electricity,EJ/yr,0.6766810810473409,0.805817865785291,0.894981440853832,0.975617639333564,1.4509407968046502,3.77337035377235
baseline_noce,BRA,Final Energy|Industry|Gases,EJ/yr,0.339631004687948,0.420140858904727,0.436484629644658,0.41334201532876697,0.337821010206795,0.0206515834628886
baseline_noce,BRA,Final Energy|Industry|Gases|Gas,EJ/yr,0.339631004687948,0.420140858904727,0.436484629644658,0.413342015285214,0.337821010136662,0.020651583423965898
baseline_noce,BRA,Final Energy|Industry|Hydrogen,EJ/yr,,0.0144388645416691,0.023061032390144898,0.0597131348456556,0.12256667173319699,0.19532457556195998
baseline_noce,BRA,Final Energy|Industry|Heat,EJ/yr,,0.043436675361735705,0.114847075758909,0.222640568137028,0.364351496477146,0.786575599922082
baseline_noce,BRA,Final Energy|Industry|Liquids,EJ/yr,0.443446725601284,0.353867309276533,0.309147943382087,0.224045845576862,0.16690841167041798,0.0168556283089249
baseline_noce,BRA,Final Energy|Industry|Liquids|Oil,EJ/yr,0.439953930529728,0.34984589574006,0.30448022845309997,0.217573173658182,0.15712828478235,0.0168556266567645
baseline_noce,BRA,Final Energy|Industry|Solids,EJ/yr,1.74419017409246,1.75195342660852,1.8859220927045102,2.04803257671637,1.8308642812571299,0.120793960471292
baseline_noce,BRA,Final Energy|Industry|Solids|Coal,EJ/yr,0.506128174140148,0.38722353083394,0.44715012917175,0.596250519207617,0.183638666139012,0.0394206921023284
baseline_noce,BRA,Final Energy|Residential|Electricity,EJ/yr,0.513259000001273,0.561223212372102,0.673910141345862,0.769130387373421,0.880878792708948,1.1434922131185001
baseline_noce,BRA,Final Energy|Residential|Gases,EJ/yr,0.0161589999940904,1.98198596029836e-05,0.024522981817153202,0.023185153879123198,0.0225557547950187,1.65473727462133e-10
baseline_noce,BRA,Final Energy|Residential|Gases|Gas,EJ/yr,0.0161589999940904,1.98198596029836e-05,0.024522981817153202,0.023185153879123198,0.0225557547950187,1.65473727462133e-10
baseline_noce,BRA,Final Energy|Residential|Hydrogen,EJ/yr,,0.00695505852753143,6.17255009387619e-10,1.24578714728411e-09,1.05738800731146e-09,3.60496305071996e-10
baseline_noce,BRA,Final Energy|Residential|Heat,EJ/yr,,2.3664782607126703e-06,6.01178943640345e-06,9.6056942238698e-06,1.37641172986648e-05,8.609072592146119e-06
baseline_noce,BRA,Final Energy|Residential|Liquids,EJ/yr,0.271542000002862,0.209119687273491,0.198841205993111,0.137730242426689,0.0197152167460004,
baseline_noce,BRA,Final Energy|Residential|Liquids|Oil,EJ/yr,0.271533121888283,0.209119687273491,0.198841205993111,0.137730242426689,0.0197152167460004,
baseline_noce,BRA,Final Energy|Residential|Solids,EJ/yr,0.36415799999487897,0.35327699505744403,0.181598424550871,0.15787772608254,0.230605005827627,8.87703763143848e-11
baseline_noce,BRA,Final Energy|Commercial|Electricity,EJ/yr,0.5077509999999991,0.5482880491889189,0.52182091936675,0.5446551734682991,0.571063699474711,0.689940072702062
baseline_noce,BRA,Final Energy|Commercial|Gases,EJ/yr,0.00582399999399864,0.00558984079729147,0.00534212660609194,0.00409245651430494,0.0033179304827584,0.000472572714809097
baseline_noce,BRA,Final Energy|Commercial|Gases|Gas,EJ/yr,0.00582399999399864,0.00558984079729147,0.00534212660609194,0.00409245625422715,0.00331792973419624,8.54037668758506e-11
baseline_noce,BRA,Final Energy|Commercial|Hydrogen,EJ/yr,,4.75999797161726e-05,2.73711534017507e-10,4.8834050972128e-10,3.3455520821448303e-10,1.87683527495129e-09
baseline_noce,BRA,Final Energy|Commercial|Heat,EJ/yr,,0.000114005479076028,0.000280429997140012,0.00045690088988093,0.0006882005671864559,0.00137754653820616
baseline_noce,BRA,Final Energy|Commercial|Liquids,EJ/yr,0.00240300005395282,0.000488615091931316,0.000202202082578961,0.00031097636485687103,,
baseline_noce,BRA,Final Energy|Commercial|Liquids|Oil,EJ/yr,0.00224900005049517,0.000314411619460184,1.0068833094597199e-10,,,
baseline_noce,BRA,Final Energy|Commercial|Solids,EJ/yr,0.00356199999376726,0.00348841868917354,0.000801770371889282,0.000456339111193574,0.000122366564835332,1.60861559688839e-10
baseline_noce,BRA,Final Energy|Transportation|Electricity,EJ/yr,0.008103999999999998,0.0975876432426976,0.256586448712393,0.6877160147611949,1.22909486167304,2.83492691553217
baseline_noce,BRA,Final Energy|Transportation|Gases,EJ/yr,0.0796299999812525,0.108363674015979,0.150936052339882,0.167451793538435,0.158790361382766,0.00857779152503667
baseline_noce,BRA,Final Energy|Transportation|Gases|Gas,EJ/yr,0.0796299999812525,0.108363674015979,0.150936052339882,0.167451793538435,0.158790361382766,0.00857779152503667
baseline_noce,BRA,Final Energy|Transportation|Hydrogen,EJ/yr,,0.00105547559126897,0.0260368890166688,0.12059091959594,0.493670014417927,0.818502810324954
baseline_noce,BRA,Final Energy|Transportation|Liquids,EJ/yr,3.20676916999393,3.4062502973289,3.45565445198393,2.97561007123054,2.2988647095411903,1.32283093201786
baseline_noce,BRA,Final Energy|Transportation|Liquids|Oil,EJ/yr,3.08914960999487,3.27533406460576,3.24753285770081,2.6213242185782,1.59373529213483,0.284828620555901
baseline_noce,CAN,Final Energy|Agriculture|Electricity,EJ/yr,0.0379738252904704,0.0387493605866495,0.0397328297406998,0.0629506938838948,0.0657953617919687,0.13319970838281
baseline_noce,CAN,Final Energy|Agriculture|Gases,EJ/yr,0.0397958648889121,0.0423429842248198,0.0450539514254121,1.49687123954315e-08,9.66480194869188e-09,0.022878261019916
baseline_noce,CAN,Final Energy|Agriculture|Gases|Gas,EJ/yr,0.0397958648889121,0.0423405785422152,0.045044760453097,7.48929324165235e-09,4.910422733981579e-09,0.006228297807899659
baseline_noce,CAN,Final Energy|Agriculture|Liquids,EJ/yr,0.216122697022345,0.209464881667133,0.206664389726637,0.24618379232421297,0.24594509370684,0.116640035134041
baseline_noce,CAN,Final Energy|Agriculture|Liquids|Oil,EJ/yr,0.216122697022345,0.209464881667133,0.206664389726637,0.22229852359115,0.169381914620164,2.24092893917082e-09
baseline_noce,CAN,Final Energy|Agriculture|Solids,EJ/yr,0.00080001738962839,0.0107398354211427,0.00552586073389275,4.60107850080256e-09,1.7822126702321e-08,0.0166499638967174
baseline_noce,CAN,Final Energy|Agriculture|Solids|Coal,EJ/yr,0.00080001738962839,0.000816584454822221,3.80932845270881e-10,1.4937485848304401e-09,6.575002073923711e-10,2.6285153454405297e-10
baseline_noce,CAN,Final Energy|Industry|Electricity,EJ/yr,0.680511999656678,0.707542367970006,0.7285254916298309,0.795075377606268,0.983738937892572,1.59140424754196
baseline_noce,CAN,Final Energy|Industry|Gases,EJ/yr,0.7874389998394651,0.851339825763721,0.719371734162275,0.535895007552534,0.36977279675043,0.00841198479121977
baseline_noce,CAN,Final Energy|Industry|Gases|Gas,EJ/yr,0.7850039998397761,0.848585413874963,0.7161745792233889,0.533733136886643,0.368553067663669,0.008411984768570949
baseline_noce,CAN,Final Energy|Industry|Hydrogen,EJ/yr,,6.87295995201768e-08,0.018981768511948,0.018981770160484503,0.00912800072118526,0.00948536434236583
baseline_noce,CAN,Final Energy|Industry|Heat,EJ/yr,0.0220249996938587,0.0103907485409632,0.17823234548334901,0.309715335419725,0.493368832998365,0.887099789904521
baseline_noce,CAN,Final Energy|Industry|Liquids,EJ/yr,0.267427999912871,0.250787879601392,0.222031353497439,0.486952629250199,0.40805112232968704,0.00568227155480424
baseline_noce,CAN,Final Energy|Industry|Liquids|Oil,EJ/yr,0.267427999912871,0.250787879601392,0.222031353497439,0.486265981207175,0.406258620897456,0.00568226987049414
baseline_noce,CAN,Final Energy|Industry|Solids,EJ/yr,0.38501899998549904,0.32450509962817803,0.323369745562866,0.19985017072897798,0.155749862232896,0.037493357014515095
baseline_noce,CAN,Final Energy|Industry|Solids|Coal,EJ/yr,0.13370700001772598,0.0929046021954264,0.0254816255621544,0.0291599362247836,0.0304973797550489,0.0346522219678577
baseline_noce,CAN,Final Energy|Residential|Electricity,EJ/yr,0.625061000002868,0.585419315481847,0.42062169747782796,0.472170480063112,0.604624593624195,1.09910613183689
baseline_noce,CAN,Final Energy|Residential|Gases,EJ/yr,0.6210269999956659,0.750023880403579,0.463259122218575,0.468584547287124,0.323554419671467,5.50474695386276e-10
baseline_noce,CAN,Final Energy|Residential|Gases|Gas,EJ/yr,0.6210269999956659,0.750023880403579,0.463259122218575,0.468584547287124,0.323554419671467,5.50474695386276e-10
baseline_noce,CAN,Final Energy|Residential|Hydrogen,EJ/yr,,7.95551862767481e-08,3.13177812377034e-10,5.6994869352234895e-09,9.51882943582086e-10,0.021479098055335603
baseline_noce,CAN,Final Energy|Residential|Heat,EJ/yr,,0.0005022032940154169,0.00116154574472335,9.385386893426029e-10,0.00044167693496129903,2.47245039776567e-08
baseline_noce,CAN,Final Energy|Residential|Liquids,EJ/yr,0.0672630000021972,0.049162641035186805,3.68085293512704e-10,0.0020424002574584497,0.00030095958243371503,1.00176780263181e-11
baseline_noce,CAN,Final Energy|Residential|Liquids|Oil,EJ/yr,0.06726298509466411,0.049162641035186805,3.68085293512704e-10,0.0020424002574584497,0.00030095958243371503,1.00176780263181e-11
baseline_noce,CAN,Final Energy|Residential|Solids,EJ/yr,0.113332999997527,4.1019532019831095e-08,0.0302222116509118,6.78072371124267e-10,1.01828036373547e-09,3.0150378164460295e-10
baseline_noce,CAN,Final Energy|Commercial|Electricity,EJ/yr,0.5448774254326799,0.6624514265351731,0.780707738172321,0.95817460912693,1.1220018678752002,1.4889430968408601
baseline_noce,CAN,Final Energy|Commercial|Gases,EJ/yr,0.592632179649235,0.514281643746046,0.396928513224386,0.310626841694572,0.23123697873619198,0.049602806010392596
baseline_noce,CAN,Final Energy|Commercial|Gases|Gas,EJ/yr,0.591994142850906,0.514248532070413,0.396090819285475,0.305822326782773,0.23122218102644398,2.63197591259265e-10
baseline_noce,CAN,Final Energy|Commercial|Hydrogen,EJ/yr,,3.96898334697326e-08,1.51249703263313e-10,2.8719641552217502e-09,2.64980514494291e-10,0.00875343610285897
baseline_noce,CAN,Final Energy|Commercial|Heat,EJ/yr,0.000292,0.00309516636140355,0.0070106607835263,0.010960006253558101,0.0156014530076715,0.0113067572434335
baseline_noce,CAN,Final Energy|Commercial|Liquids,EJ/yr,0.0597210000119464,0.0507620327672559,0.0177372225492145,0.00887346597700173,1.91730778999981e-10,
baseline_noce,CAN,Final Energy|Commercial|Liquids|Oil,EJ/yr,0.0597210000119464,0.0507620327672559,0.0177372225492145,0.00757670128961509,1.91730778999981e-10,
baseline_noce,CAN,Final Energy|Transportation|Electricity,EJ/yr,0.00439850000000001,0.0728475000396449,0.284814103872385,0.447557060663801,0.77187291930942,1.17347363564493
baseline_noce,CAN,Final Energy|Transportation|Gases,EJ/yr,0.004308999994391509,0.00346671631059178,0.00804746906594543,0.00670942264828994,0.0020384733571479,3.33526418071971e-10
baseline_noce,CAN,Final Energy|Transportation|Gases|Gas,EJ/yr,0.004308999994391509,0.00346671631059178,0.00804746906594543,0.00670942264828994,0.0020384733571479,3.33526418071971e-10
baseline_noce,CAN,Final Energy|Transportation|Hydrogen,EJ/yr,,0.0018972724630152201,0.004489057857038041,0.0125498650090976,0.0805139807006268,0.336583241961902
baseline_noce,CAN,Final Energy|Transportation|Liquids,EJ/yr,2.56798924010872,2.4653459549416996,1.92619638039603,1.83301066119628,1.30038340889795,0.8476976573925861
baseline_noce,CAN,Final Energy|Transportation|Liquids|Oil,EJ/yr,2.55124834010904,2.44572134779829,1.87911699718656,1.7699592357367602,1.0530175177738899,0.10112078590648299
baseline_noce,CHL,Final Energy|Agriculture|Electricity,EJ/yr,0.00861900317388836,0.00941244825785666,0.0105842052954709,0.015900967536848602,0.0152296781138344,0.0279309514453085
baseline_noce,CHL,Final Energy|Agriculture|Gases,EJ/yr,0.00104800039117583,0.00111632157245999,0.00118688710062072,0.000111524968995621,0.0006316129399166959,2.74078850681619e-09
baseline_noce,CHL,Final Energy|Agriculture|Gases|Gas,EJ/yr,0.00102900038138675,0.00109483450056865,0.0011619408427136798,5.34862287756921e-05,0.00038020610124673,1.20275546440988e-09
baseline_noce,CHL,Final Energy|Agriculture|Liquids,EJ/yr,0.0185370068257029,0.018124688734255,0.0175277705049366,0.0136817724221907,0.0138315550840061,0.0013290330498177002
baseline_noce,CHL,Final Energy|Agriculture|Liquids|Oil,EJ/yr,0.0185370068257029,0.018124688734255,0.0175277705049366,0.0136817716624768,0.013831554165685598,0.000918588670199728
baseline_noce,CHL,Final Energy|Agriculture|Solids,EJ/yr,0.000309000116485408,0.000504080876740354,3.5730633350868198e-09,1.6994796967453798e-09,3.4678173379896098e-09,1.55614454162453e-09
baseline_noce,CHL,Final Energy|Industry|Electricity,EJ/yr,0.160387999917542,0.165557301533643,0.17508213947588,0.180901056484438,0.28156439291015,0.473865339982436
baseline_noce,CHL,Final Energy|Industry|Gases,EJ/yr,0.0717210000008237,0.07173563882913239,0.0672344395022802,0.0553072289665559,0.0411184156588196,0.0022740537500061603
baseline_noce,CHL,Final Energy|Industry|Gases|Gas,EJ/yr,0.0716940000005592,0.0717100186774249,0.0672106092036624,0.0552877893744454,0.0411042035940238,0.00227405373459584
baseline_noce,CHL,Final Energy|Industry|Hydrogen,EJ/yr,,4.9823500950808306e-11,2.8002442639475803e-10,8.641750507220369e-10,8.53949514236009e-10,1.2028069967905599e-09
baseline_noce,CHL,Final Energy|Industry|Heat,EJ/yr,,0.018619659757432298,0.0186197357480808,0.061769646070809994,0.14428179189962298,0.21617699758587
baseline_noce,CHL,Final Energy|Industry|Liquids,EJ/yr,0.149492999873683,0.140975188894496,0.130826535535045,0.106648217392428,0.0777441286083313,0.00138306406857754
baseline_noce,CHL,Final Energy|Industry|Liquids|Oil,EJ/yr,0.149492999873683,0.140975188894496,0.130826535535045,0.106648217392428,0.0777441286083313,0.00138306315137894
baseline_noce,CHL,Final Energy|Industry|Solids,EJ/yr,0.10048899998614501,0.102947854209213,0.166984793357349,0.196453312788441,0.0704858791577757,0.00897540733847474
baseline_noce,CHL,Final Energy|Industry|Solids|Coal,EJ/yr,0.0167999999957658,0.009540765652188228,0.0979687182331075,0.13987444072440602,0.0288014652522318,0.00829984531973199
baseline_noce,CHL,Final Energy|Residential|Electricity,EJ/yr,0.0489030006400844,0.0596963425128722,0.07609972740098471,0.0898676899136281,0.10528858132461699,0.157577431809512
baseline_noce,CHL,Final Energy|Residential|Gases,EJ/yr,0.0209778780096198,0.024603787803471198,0.0350187534745209,0.0433043723330778,0.0400832949734922,2.4866282314177904e-09
baseline_noce,CHL,Final Energy|Residential|Gases|Gas,EJ/yr,0.0209672069247009,0.024590842384238202,0.0350157639771516,0.043290689448247,0.040071658464170296,2.4866282314177904e-09
baseline_noce,CHL,Final Energy|Residential|Hydrogen,EJ/yr,,0.00025280690386562,4.87001752960338e-10,1.12093528298326e-09,9.37491318251021e-10,5.12239186177748e-10
baseline_noce,CHL,Final Energy|Residential|Liquids,EJ/yr,0.0455880028438965,0.0340730345191428,0.0201361795367937,0.010516996952334599,0.00690478429796384,4.05677061099647e-09
baseline_noce,CHL,Final Energy|Residential|Liquids|Oil,EJ/yr,0.0455880028438965,0.0340730345191428,0.0201361795367937,0.010516996952334599,0.00690478429796384,4.05677061099647e-09
baseline_noce,CHL,Final Energy|Residential|Solids,EJ/yr,0.07842712662428179,0.0690348881473182,0.0548162208741228,0.032411870007445796,0.016221623337827,1.08925481411456e-09
baseline_noce,CHL,Final Energy|Commercial|Electricity,EJ/yr,0.0441719999999999,0.0488470817995688,0.0517304818386156,0.056168679047211595,0.06291915580169541,0.0790379672032695
baseline_noce,CHL,Final Energy|Commercial|Gases,EJ/yr,0.00654499999396367,0.00506884051402814,0.00338392705438973,0.00259240251149844,0.00289886206993611,8.0491945167275e-10
baseline_noce,CHL,Final Energy|Commercial|Gases|Gas,EJ/yr,0.00619399999428739,0.0046718001992177806,0.00338392640159618,0.000117582806293022,0.00279802206476689,3.78785908932596e-10
baseline_noce,CHL,Final Energy|Commercial|Hydrogen,EJ/yr,,0.000114045071244068,2.9973304729605e-10,5.21602534186157e-10,3.62940609453045e-10,5.25657689203775e-11
baseline_noce,CHL,Final Energy|Commercial|Heat,EJ/yr,,4.69713473498487e-05,0.000113509614117921,0.000178970268117394,0.000256355458216881,8.45518887229328e-10
baseline_noce,CHL,Final Energy|Commercial|Liquids,EJ/yr,0.0274750000005713,0.0244386395636783,0.0211270270930605,0.0182332473308985,0.0103702006331495,3.58417675840066e-10
baseline_noce,CHL,Final Energy|Commercial|Liquids|Oil,EJ/yr,0.0274750000005713,0.0244386395636783,0.0211270270930605,0.0182332472180813,0.0103702006331495,3.58417675840066e-10
baseline_noce,CHL,Final Energy|Commercial|Solids,EJ/yr,0.0006479999943127051,0.000188518934371468,0.000110742317106643,1.52032083075981e-09,4.15288456951004e-10,1.38412059826446e-10
baseline_noce,CHL,Final Energy|Transportation|Electricity,EJ/yr,0.00465545770547946,0.0115793930136477,0.0244507717915966,0.0428914550455739,0.108469828829891,0.217885205987854
baseline_noce,CHL,Final Energy|Transportation|Gases,EJ/yr,0.000581999999734072,0.00066422929468532,0.000489568736834991,0.00038397026563020796,0.000231244990664121,3.48260077860988e-10
baseline_noce,CHL,Final Energy|Transportation|Gases|Gas,EJ/yr,0.000581999999734072,0.00066422929468532,0.000489568736834991,0.00038397026563020796,0.000231244990664121,3.48260077860988e-10
baseline_noce,CHL,Final Energy|Transportation|Hydrogen,EJ/yr,,5.5528357309416003e-05,0.000102971153526482,0.00020659993682250699,0.000274513046225028,0.00366090644885433
baseline_noce,CHL,Final Energy|Transportation|Liquids,EJ/yr,0.430403999991212,0.451414113845246,0.469089260621371,0.483367628313244,0.371998858108264,0.24993391741437798
baseline_noce,CHL,Final Energy|Transportation|Liquids|Oil,EJ/yr,0.430403999991212,0.45141409029204,0.46334431232775103,0.479947249967748,0.348517040147092,0.15638524093628497
baseline_noce,CHN,Final Energy|Agriculture|Electricity,EJ/yr,0.48103260043224,0.64014280981769,0.53028213668916,0.538250879691738,0.5390893287652571,0.624859099421643
baseline_noce,CHN,Final Energy|Agriculture|Gases,EJ/yr,0.00421400526254263,0.00437663577220112,0.00451068851722119,0.00458975264841359,3.6506495489699003e-09,6.885155438601259e-09
baseline_noce,CHN,Final Energy|Agriculture|Gases|Gas,EJ/yr,0.00421400526254263,0.00437663577220112,0.00451068851722119,0.00458975190536745,3.02449762167328e-09,5.37639843327359e-09
baseline_noce,CHN,Final Energy|Agriculture|Heat,EJ/yr,0.000699000875262059,0.0007599016106758451,0.0008225828873708901,0.0008681803157757981,0.00014158746367456197,0.00020142386430442
baseline_noce,CHN,Final Energy|Agriculture|Liquids,EJ/yr,0.7528439397138961,0.571439364057449,0.636633052622921,0.584626946904354,0.544976176432279,0.798179716413212
baseline_noce,CHN,Final Energy|Agriculture|Liquids|Oil,EJ/yr,0.7528439397138961,0.571439364057449,0.636633052622921,0.5846269244471269,0.544976158644656,0.5055782373493369
baseline_noce,CHN,Final Energy|Agriculture|Solids,EJ/yr,0.6136587659782461,0.6321667731666469,0.645480094788769,0.652022391904729,0.653597385807188,0.199478906445613
baseline_noce,CHN,Final Energy|Agriculture|Solids|Coal,EJ/yr,0.469436585957918,0.472342773402885,0.469189677838275,0.46345451574673,0.45393970541080303,2.77197319916371e-09
baseline_noce,CHN,Final Energy|Industry|Electricity,EJ/yr,14.3425190023658,16.6302362413943,18.1615435634843,19.0411025148992,20.1784467228131,20.4355437429311
baseline_noce,CHN,Final Energy|Industry|Gases,EJ/yr,4.5169930006065195,5.16304279052724,5.36871837873996,4.73951684817701,3.62100574334446,0.6211358482853181
baseline_noce,CHN,Final Energy|Industry|Gases|Gas,EJ/yr,4.5169930006065195,5.16304279052724,5.36871837873996,4.739516848127041,3.6210057432965,0.62113584824336
baseline_noce,CHN,Final Energy|Industry|Hydrogen,EJ/yr,,8.445535860127241e-08,8.38680137765905e-10,1.4653765096655801e-09,1.6451939742654398e-09,2.69806264092352e-09
baseline_noce,CHN,Final Energy|Industry|Heat,EJ/yr,3.08436899990092,2.34703780911215,2.0188859943438,0.0768358687143051,0.613047052668392,22.230470707311298
baseline_noce,CHN,Final Energy|Industry|Liquids,EJ/yr,2.04717099985267,2.1358055805146,2.1816120423864,1.89212219587598,6.16985882925496,12.3183462601699
baseline_noce,CHN,Final Energy|Industry|Liquids|Oil,EJ/yr,2.04717099985267,2.1358055805146,2.1816120423864,1.89212219554563,6.16985882856224,12.3183462590216
baseline_noce,CHN,Final Energy|Industry|Solids,EJ/yr,23.0226210005018,25.143592736391202,26.760867094254,30.8654985401473,27.744467879030598,1.3861786606701
baseline_noce,CHN,Final Energy|Industry|Solids|Coal,EJ/yr,22.488180000571703,24.5817878881153,26.2150465154966,30.395523414065398,27.365579431418,0.921952426494561
baseline_noce,CHN,Final Energy|Residential|Electricity,EJ/yr,3.87232900011093,4.93161588878782,5.76234097869731,6.651553492561971,7.41921873857803,8.2028625839119
baseline_noce,CHN,Final Energy|Residential|Gases,EJ/yr,1.76402199999384,2.07724878072504,2.07677478838389,1.82491113357061,1.2903347551602702,0.0943582201516619
baseline_noce,CHN,Final Energy|Residential|Gases|Gas,EJ/yr,1.76402199999384,2.07724878072504,2.07677478838389,1.82491113357061,1.2903347551602702,0.0943582201516619
baseline_noce,CHN,Final Energy|Residential|Hydrogen,EJ/yr,,8.86838362704579e-08,1.1145406078647401e-09,2.24633496213757e-09,1.5473335192116e-09,1.73984762324462e-09
baseline_noce,CHN,Final Energy|Residential|Heat,EJ/yr,1.28832099999489,0.907443093209369,0.44997016106353,0.145367841114414,0.1528457529519,1.31176719913335e-08
baseline_noce,CHN,Final Energy|Residential|Liquids,EJ/yr,3.3882660001096,2.53880336732984,1.96318033503073,1.4861265339668701,1.29171054599373,1.07256388320574
baseline_noce,CHN,Final Energy|Residential|Liquids|Oil,EJ/yr,3.3431269558546,2.5128176406315603,1.94595598008066,1.48036905584047,1.29171054599373,1.07256388316014
baseline_noce,CHN,Final Energy|Residential|Solids,EJ/yr,2.13497800002704,1.84293602135167,1.25586868256814,0.769564246774626,0.321918600951422,0.00498550873073552
baseline_noce,CHN,Final Energy|Residential|Solids|Coal,EJ/yr,1.43229600003616,1.15634962140685,0.814849734019631,0.528423708839998,0.29258568687060804,3.5348851891012203e-10
baseline_noce,CHN,Final Energy|Commercial|Electricity,EJ/yr,0.107957,0.134935609953174,0.144837599667267,0.161902198093645,0.173274391149828,0.210988950937558
baseline_noce,CHN,Final Energy|Commercial|Gases,EJ/yr,,2.31987587100464e-07,3.08792764936565e-07,7.203505787185511e-08,3.40465540701954e-09,1.12097148314445e-09
baseline_noce,CHN,Final Energy|Commercial|Gases|Gas,EJ/yr,,2.31987587100464e-07,3.08792764936565e-07,7.191952025930109e-08,3.26553147796163e-09,9.11481734655254e-10
baseline_noce,CHN,Final Energy|Commercial|Hydrogen,EJ/yr,,2.76044545291924e-09,1.6926457878964402e-10,2.61001530572561e-10,1.31105047544132e-10,9.19923017026098e-11
baseline_noce,CHN,Final Energy|Commercial|Heat,EJ/yr,,0.000204570978075384,0.000204615149687454,0.00020462245350395,5.29698947752788e-09,1.6086991361016501e-09
baseline_noce,CHN,Final Energy|Commercial|Solids,EJ/yr,0.0579950004711375,0.067413290733033,0.0762269682779077,0.0753323991114518,0.047397247869132,1.43721555367168e-09
baseline_noce,CHN,Final Energy|Commercial|Solids|Coal,EJ/yr,0.0284560004801094,0.0338707123980174,0.0395898712714299,0.037875845752294704,0.024856466286463798,5.80329632780806e-10
baseline_noce,CHN,Final Energy|Transportation|Electricity,EJ/yr,0.5852822750000011,0.576382088805398,0.6651182484382651,0.909482273674783,2.6206799729876202,7.16384613772786
baseline_noce,CHN,Final Energy|Transportation|Gases,EJ/yr,1.5792969999864899,1.67820360815058,1.6046683557291102,1.11762025067841,0.520318554214124,0.00915952369028913
baseline_noce,CHN,Final Energy|Transportation|Gases|Gas,EJ/yr,1.5792969999864899,1.67820360815058,1.6046683557291102,1.11762025067841,0.520318554214124,0.00915952369028913
baseline_noce,CHN,Final Energy|Transportation|Hydrogen,EJ/yr,,0.00330316791782437,0.0179169900434057,0.0841454068694058,0.12890909545579898,0.387656598562559
baseline_noce,CHN,Final Energy|Transportation|Liquids,EJ/yr,12.2922809603605,16.7092985249851,20.7499809863913,24.245024006143403,24.125560005697302,21.0839415658775
baseline_noce,CHN,Final Energy|Transportation|Liquids|Oil,EJ/yr,11.987812400361399,16.2582631829229,19.5689868533659,21.7398127443351,21.6757645355466,11.9036309320959
baseline_noce,CHN,Final Energy|Transportation|Solids,EJ/yr,0.0580680005757906,0.0632015103839838,0.0936210108867639,0.10718571685584599,6.15901705770585e-10,3.4561859909944196e-10
baseline_noce,CHN,Final Energy|Transportation|Solids|Coal,EJ/yr,0.0580680005757906,0.0632015103839838,0.0936210108867639,0.10718571685584599,6.15901705770585e-10,3.4561859909944196e-10
baseline_noce,ENE,Final Energy|Agriculture|Electricity,EJ/yr,0.0217410005664712,0.0194447951855221,0.020877557543190702,0.021535084029413197,0.022025657368065003,0.022708650040734798
baseline_noce,ENE,Final Energy|Agriculture|Gases,EJ/yr,0.0091870002437856,0.008600425477039559,1.41283351557153e-08,0.00995649854369396,0.00803386244505407,0.00748335840730177
baseline_noce,ENE,Final Energy|Agriculture|Gases|Gas,EJ/yr,0.009019000236631611,0.00841040174577343,1.0723780505488e-08,0.00866264993959078,0.00785032890880627,0.007483357184095999
baseline_noce,ENE,Final Energy|Agriculture|Heat,EJ/yr,0.0701110018243292,0.068446555381372,0.06373768291843421,0.07679274769898861,0.059431095803535595,0.056405758058457205
baseline_noce,ENE,Final Energy|Agriculture|Liquids,EJ/yr,0.09731200253376239,0.0801569874871414,0.0844039855975307,0.0625733672076261,0.0770292331403917,0.0699308262101212
baseline_noce,ENE,Final Energy|Agriculture|Liquids|Oil,EJ/yr,0.0969610025218636,0.0797599558141941,0.08394312326473591,0.0625733620827505,0.0770292320693719,0.06993082456998209
baseline_noce,ENE,Final Energy|Agriculture|Solids,EJ/yr,0.00388000010619283,0.00457542498326053,0.00568229495780748,0.0006660236625786799,0.000721164792197068,0.000831400934516733
baseline_noce,ENE,Final Energy|Agriculture|Solids|Coal,EJ/yr,0.000476000015139702,0.000429817413604254,0.00041862890593568204,0.000414414467679109,0.000407411527304631,0.000389863579591398
baseline_noce,ENE,Final Energy|Industry|Electricity,EJ/yr,0.286996999709764,0.26179362288999103,0.34926066684675,0.416379573501799,0.47878883786253196,0.515780577719496
baseline_noce,ENE,Final Energy|Industry|Gases,EJ/yr,0.301935999826156,0.20105321142188,0.177877844279817,0.163051954623826,0.120482158560774,0.0798819720055604
baseline_noce,ENE,Final Energy|Industry|Gases|Gas,EJ/yr,0.301828999825487,0.200957309617866,0.177781858656149,0.16297059791139198,0.120421914344451,0.0798812006448993
baseline_noce,ENE,Final Energy|Industry|Hydrogen,EJ/yr,,3.1356138383555395e-08,9.31863563071318e-05,0.000480077665911057,0.00110316894809696,0.00215352642570903
baseline_noce,ENE,Final Energy|Industry|Heat,EJ/yr,0.21963599996117902,0.0857982764645976,0.0831227422620128,0.11563228445254499,0.335531680084142,0.624677820292733
baseline_noce,ENE,Final Energy|Industry|Liquids,EJ/yr,0.07080599988804699,0.0573398350298749,0.0573554445318493,0.050865117605943096,0.0386667827080526,0.00766948053766516
baseline_noce,ENE,Final Energy|Industry|Liquids|Oil,EJ/yr,0.07080599988804699,0.0573398350298749,0.0573554445318493,0.0508651173087851,0.0386667826400113,0.00766947943467556
baseline_noce,ENE,Final Energy|Industry|Solids,EJ/yr,0.502002999869574,0.331796533841302,0.45295335347168497,0.64415174567243,0.524049991201148,0.417845830902137
baseline_noce,ENE,Final Energy|Industry|Solids|Coal,EJ/yr,0.481229999905229,0.309685443735422,0.42985729996385297,0.6273797065150081,0.510248128653443,0.414881322327605
baseline_noce,ENE,Final Energy|Residential|Electricity,EJ/yr,0.257261006978296,0.212932241837781,0.287816722746131,0.343050702421694,0.44247503535990595,0.5889044830092801
baseline_noce,ENE,Final Energy|Residential|Gases,EJ/yr,0.369298016212452,0.398564851318291,0.38240997798307197,0.420773363067833,0.249453220544874,0.0105912826392926
baseline_noce,ENE,Final Energy|Residential|Gases|Gas,EJ/yr,0.369298016212452,0.398564851318291,0.38240997798307197,0.420773363067833,0.249453220544874,0.0105912826392926
baseline_noce,ENE,Final Energy|Residential|Hydrogen,EJ/yr,,5.47465230438325e-08,8.38918841550249e-10,1.77575051168884e-09,1.49204490837297e-09,1.62689643756843e-09
baseline_noce,ENE,Final Energy|Residential|Heat,EJ/yr,0.20140099999814298,0.134395997209369,0.0540482720717386,0.000493705175686229,0.00031803429069948903,2.02858870711975e-08
baseline_noce,ENE,Final Energy|Residential|Liquids,EJ/yr,0.0139250013222884,0.0124368628474634,0.0116319586152932,0.000320870666093529,0.000210336019306358,3.77591938957762e-05
baseline_noce,ENE,Final Energy|Residential|Liquids|Oil,EJ/yr,0.0139249816718524,0.0124368628474634,0.0116319586152932,0.000320870666093529,0.000210336019306358,3.77591938957762e-05
baseline_noce,ENE,Final Energy|Residential|Solids,EJ/yr,0.284305000800673,0.193237545131037,0.0847995425913492,0.00828416618786544,0.00632910654396853,0.00298870223906955
baseline_noce,ENE,Final Energy|Residential|Solids|Coal,EJ/yr,0.027175000053068898,0.0209090185405525,0.0138197153324927,0.00797179917283802,0.0032119313252562697,0.00252949272006388
baseline_noce,ENE,Final Energy|Commercial|Electricity,EJ/yr,0.156572,0.14370192006715998,0.153277107077288,0.18143484367629,0.211329491255596,0.26315545574656396
baseline_noce,ENE,Final Energy|Commercial|Gases,EJ/yr,0.0486269999927937,0.050230222067623106,0.062914811497252,0.0633527400654311,0.0365598779627761,0.00454054624847384
baseline_noce,ENE,Final Energy|Commercial|Gases|Gas,EJ/yr,0.048574999992801404,0.0502257963122657,0.0629148090299584,0.0633527140158794,0.0365598751029215,0.00454054566930336
baseline_noce,ENE,Final Energy|Commercial|Hydrogen,EJ/yr,,3.3365346266115596e-08,3.3848267867883297e-10,6.172056319270721e-10,3.9674580552957305e-10,4.12225742592002e-10
baseline_noce,ENE,Final Energy|Commercial|Heat,EJ/yr,0.061834,0.062107951611921,0.0661789732096644,0.0507190110828982,0.031262810984214504,9.30327313915857e-09
baseline_noce,ENE,Final Energy|Commercial|Liquids,EJ/yr,0.0167850000034418,0.0119387198974424,0.006216947993681911,0.000776180259334971,9.02575988525965e-10,5.10253244875714e-10
baseline_noce,ENE,Final Energy|Commercial|Liquids|Oil,EJ/yr,0.0167850000034418,0.0119387198974424,0.006216947993681911,0.0007761799503570291,9.02575988525965e-10,5.10253244875714e-10
baseline_noce,ENE,Final Energy|Commercial|Solids,EJ/yr,0.0327120000102338,0.024647780422852802,0.0278071198795099,0.02050340027322,1.6528246994401e-09,4.6340296544206703e-10
baseline_noce,ENE,Final Energy|Commercial|Solids|Coal,EJ/yr,0.0212950000129402,0.0170363725877007,0.0247624757928358,0.0205034000304073,1.4578618817535899e-09,2.8039197106129996e-10
baseline_noce,ENE,Final Energy|Transportation|Electricity,EJ/yr,0.0257314698095455,0.0231783237553976,0.0262189070313459,0.0264481618142853,0.0529498278704844,0.0637247704623441
baseline_noce,ENE,Final Energy|Transportation|Gases,EJ/yr,0.00234599998118346,0.00168361685205702,0.00080791312202782,0.00039947750263551304,0.000287218036100114,0.000369748914037229
baseline_noce,ENE,Final Energy|Transportation|Gases|Gas,EJ/yr,0.00234599998118346,0.00168361685205702,0.00080791312202782,0.00039947750263551304,0.000287218036100114,0.000369748914037229
baseline_noce,ENE,Final Energy|Transportation|Hydrogen,EJ/yr,,0.000547527918485897,0.00039631360902402704,0.00350927696338575,0.00598935061296598,0.0136779000741798
baseline_noce,ENE,Final Energy|Transportation|Liquids,EJ/yr,0.7813723099944689,0.76994554867543,0.9272724127401389,1.0698664453604698,1.12144014089511,1.3906020165672601
baseline_noce,ENE,Final Energy|Transportation|Liquids|Oil,EJ/yr,0.776985619994645,0.764944390957951,0.9198973068567089,1.06271358860572,1.11274991459214,1.37938079183807
baseline_noce,ENE,Final Energy|Transportation|Solids,EJ/yr,0.000446000031165681,1.47122203656925e-07,0.00016183877568909998,0.00013395389034731201,2.42424447587398e-10,3.51532520363339e-10
baseline_noce,ENE,Final Energy|Transportation|Solids|Coal,EJ/yr,0.000446000031165681,1.47122203656925e-07,0.00016183877568909998,0.00013395389034731201,2.42424447587398e-10,3.51532520363339e-10
baseline_noce,ENW,Final Energy|Agriculture|Electricity,EJ/yr,0.0272020031253213,0.028405646111573802,0.0482134599709754,0.058107735922551,0.0683125394345397,0.0667240474312724
baseline_noce,ENW,Final Energy|Agriculture|Gases,EJ/yr,0.00449800052192377,0.00477627379961684,0.005108952929658199,0.00749473562958375,0.00161727700592327,0.00158127275315138
baseline_noce,ENW,Final Energy|Agriculture|Gases|Gas,EJ/yr,0.0039310004540388304,0.00413488995100464,0.004364481945275261,0.00455849700582477,9.46762309518906e-10,
baseline_noce,ENW,Final Energy|Agriculture|Heat,EJ/yr,0.00262500030692144,0.0028904652191684803,0.00320415666426137,0.00347125426139833,0.00374760689003877,0.0031718040023986397
baseline_noce,ENW,Final Energy|Agriculture|Liquids,EJ/yr,0.0581210066803567,0.0559412191689254,0.033537816117129096,0.0195825188910989,0.0195346742438986,0.0265153958065348
baseline_noce,ENW,Final Energy|Agriculture|Liquids|Oil,EJ/yr,0.058109006676180595,0.0559276503092861,0.0335220601325851,0.0049097669746477205,5.59837839509803e-10,
baseline_noce,ENW,Final Energy|Agriculture|Solids,EJ/yr,0.00515300059431249,0.0066434596284299305,0.00845900628985988,0.0100131826521359,0.00735673287305837,0.0041763259148498
baseline_noce,ENW,Final Energy|Industry|Electricity,EJ/yr,0.615847999353756,0.6109125207857939,0.655819129709055,0.723805730001405,0.764668858783201,0.920916990575898
baseline_noce,ENW,Final Energy|Industry|Gases,EJ/yr,0.461957999713519,0.409313031719015,0.349495018768349,0.239435638666083,0.16491246332943998,0.00532437110055057
baseline_noce,ENW,Final Energy|Industry|Gases|Gas,EJ/yr,0.455698999713379,0.403271585576863,0.343596995058338,0.235458739339143,0.162112335951348,0.00532437106313333
baseline_noce,ENW,Final Energy|Industry|Hydrogen,EJ/yr,,0.00161113043905957,0.00703265672904639,0.00680600093792639,0.00764837566574657,0.00302728099904702
baseline_noce,ENW,Final Energy|Industry|Heat,EJ/yr,0.0381799999682955,0.08218150783046779,0.15059962934163498,0.24306872310591102,0.351433477269472,0.592339573239187
baseline_noce,ENW,Final Energy|Industry|Liquids,EJ/yr,0.162111000610353,0.145440631653611,0.11586597603574501,0.0911981228623753,0.0657066430549562,0.00450323602308125
baseline_noce,ENW,Final Energy|Industry|Liquids|Oil,EJ/yr,0.161752000609188,0.145034538829028,0.11539460906832799,0.0904062370340026,0.064914156425703,0.00450323397518023
baseline_noce,ENW,Final Energy|Industry|Solids,EJ/yr,0.261707000003965,0.15654091698197498,0.14085240352926498,0.131861382915575,0.13726185944761599,0.0348091964223491
baseline_noce,ENW,Final Energy|Industry|Solids|Coal,EJ/yr,0.174406000057542,0.0624598917466297,0.040386088473096896,0.0291485326240211,0.0236332987160585,0.0112580875289968
baseline_noce,ENW,Final Energy|Residential|Electricity,EJ/yr,0.589915005868291,0.576247994910951,0.703607252582518,0.817721184439629,0.9549786232176619,1.2065821658449198
baseline_noce,ENW,Final Energy|Residential|Gases,EJ/yr,1.00353299999414,0.948087669306125,0.501253304424189,0.10675617910275599,0.0371269769593183,
baseline_noce,ENW,Final Energy|Residential|Gases|Gas,EJ/yr,1.00353299999414,0.948087669306125,0.501253304424189,0.10675617910275599,0.0371269769593183,
baseline_noce,ENW,Final Energy|Residential|Hydrogen,EJ/yr,,0.037413071753123396,0.00443419522083696,0.246847652797432,0.202873147036251,3.1604987098848e-10
baseline_noce,ENW,Final Energy|Residential|Heat,EJ/yr,0.0417069999973804,0.0067152133617080206,0.0164451706329089,0.00720626857960464,0.00748909512204858,2.0093925293742798e-09
baseline_noce,ENW,Final Energy|Residential|Liquids,EJ/yr,0.163225999997923,0.021531966233475502,0.000502931548027492,2.59142610992272e-10,2.63298240289082e-10,
baseline_noce,ENW,Final Energy|Residential|Liquids|Oil,EJ/yr,0.163225976846995,0.021531966233475502,0.000502931548027492,2.59142610992272e-10,2.63298240289082e-10,
baseline_noce,ENW,Final Energy|Residential|Solids,EJ/yr,0.0854460000121978,0.0662115952117336,0.0608061501133519,0.0419049746715217,0.0207084315486155,6.199724813290891e-10
baseline_noce,ENW,Final Energy|Residential|Solids|Coal,EJ/yr,0.0189750000173293,0.00162853200647283,5.5056104989820304e-11,1.3345791700678402e-10,4.1118406283965404e-11,
baseline_noce,ENW,Final Energy|Commercial|Electricity,EJ/yr,0.484317,0.46613973588662,0.464400034570326,0.49708132624979695,0.512224308148764,0.584635868788062
baseline_noce,ENW,Final Energy|Commercial|Gases,EJ/yr,0.29662399999425704,0.274158302665285,0.123921461636586,0.107034904194468,0.0581510248252047,9.222807061290641e-10
baseline_noce,ENW,Final Energy|Commercial|Gases|Gas,EJ/yr,0.29452799999429696,0.271787320983021,0.121169413661485,1.00475304288909e-09,4.86608211050132e-10,
baseline_noce,ENW,Final Energy|Commercial|Hydrogen,EJ/yr,,0.00393609786256005,0.00167941443407904,1.01430588441262e-09,4.3112086543807396e-10,7.726615759817351e-11
baseline_noce,ENW,Final Energy|Commercial|Heat,EJ/yr,0.0462990000000002,0.0219271680042007,0.0436147377826894,0.04354060860358561,0.0526199009849983,1.53455347218879e-09
baseline_noce,ENW,Final Energy|Commercial|Liquids,EJ/yr,0.133111999993196,0.009781114367160051,0.011245291057733598,0.009434819729933031,6.51539586734673e-11,
baseline_noce,ENW,Final Energy|Commercial|Liquids|Oil,EJ/yr,0.133111999993196,0.00977998999432002,0.0112439780886519,0.00264417278020064,6.51539586734673e-11,
baseline_noce,ENW,Final Energy|Commercial|Solids,EJ/yr,0.022412000003285498,0.0204380565362336,0.0190886065825828,0.00279558513883331,0.0165849292014991,2.28728857031315e-10
baseline_noce,ENW,Final Energy|Commercial|Solids|Coal,EJ/yr,0.000650000008672235,1.2293165565212801e-08,,,,
baseline_noce,ENW,Final Energy|Transportation|Electricity,EJ/yr,0.0363921935172323,0.0635495106912228,0.228832391124835,0.406056184733887,0.710159375895711,0.98858311159693
baseline_noce,ENW,Final Energy|Transportation|Gases,EJ/yr,0.00884700005087523,0.00985654729026431,0.07471865516189549,0.0723590644245941,0.06956302703039739,0.00129199243186476
baseline_noce,ENW,Final Energy|Transportation|Gases|Gas,EJ/yr,0.007872840050961791,0.00874345908821158,0.07342666320923161,0.0714863739125959,0.0682792939155583,4.99549505240055e-10
baseline_noce,ENW,Final Energy|Transportation|Hydrogen,EJ/yr,,0.00097655391723411,0.0010358556421953,0.000913514182802584,0.00131477553997744,0.44507195732538296
baseline_noce,ENW,Final Energy|Transportation|Liquids,EJ/yr,3.06809180999586,3.2592578262820298,3.0548711128131,3.08633451169216,2.92728628137826,2.6144080602648603
baseline_noce,ENW,Final Energy|Transportation|Liquids|Oil,EJ/yr,2.9975401099969,3.17823046752831,2.91789673398991,2.67512917609079,2.3786614108580904,1.98141540964544
baseline_noce,ENW,Final Energy|Transportation|Solids,EJ/yr,0.00040400002132174,1.4884974585795e-08,,,,
baseline_noce,ENW,Final Energy|Transportation|Solids|Coal,EJ/yr,0.00040400002132174,1.4884974585795e-08,,,,
baseline_noce,EUE,Final Energy|Agriculture|Electricity,EJ/yr,0.0214020010903144,0.0210487638910382,0.0238518094140675,0.0293936018768244,0.0458877109084244,0.0995872665235993
baseline_noce,EUE,Final Energy|Agriculture|Gases,EJ/yr,0.0217760011121172,0.0227730716609377,0.0237527790309014,0.0271538638401599,0.028490567275775303,0.0124484095443364
baseline_noce,EUE,Final Energy|Agriculture|Gases|Gas,EJ/yr,0.0175880008965108,0.01803562024668,0.0182539352016928,0.0183371172506992,0.018409424474047198,1.42380578908053e-09
baseline_noce,EUE,Final Energy|Agriculture|Heat,EJ/yr,0.0048860002538731505,0.0052447998325437,0.00265264946619374,0.005809065383169479,0.006029517726081721,0.006447818859635581
baseline_noce,EUE,Final Energy|Agriculture|Liquids,EJ/yr,0.17749800903479399,0.166463610378065,0.149987310699972,0.149688119248275,0.116924332946618,0.07577749204614931
baseline_noce,EUE,Final Energy|Agriculture|Liquids|Oil,EJ/yr,0.177443009029201,0.166401411267859,0.14991509579478798,0.107650266762431,0.0631215738094289,9.16576722466523e-10
baseline_noce,EUE,Final Energy|Agriculture|Solids,EJ/yr,0.0574310029238816,0.0633333806159452,0.0691353176589473,0.0433461576882692,0.048108952155698506,0.0338292762237821
baseline_noce,EUE,Final Energy|Agriculture|Solids|Coal,EJ/yr,0.031796001618472604,0.0315865490253045,0.0308131642580573,6.7473706402139e-09,1.02628770005006e-09,
baseline_noce,EUE,Final Energy|Industry|Electricity,EJ/yr,0.578176999443495,0.707626434323241,0.889881507798572,1.03987357709296,1.17472134665323,1.8800477905022699
baseline_noce,EUE,Final Energy|Industry|Gases,EJ/yr,0.72662199972751,0.715775346556333,0.603245197416647,0.671526747250489,0.541239107087666,0.0499258904145933
baseline_noce,EUE,Final Energy|Industry|Gases|Gas,EJ/yr,0.725312999726341,0.7142946256289071,0.601526480965618,0.6694889547001059,0.540117277361821,0.049912745195347
baseline_noce,EUE,Final Energy|Industry|Hydrogen,EJ/yr,,3.5716303574087295e-08,4.33393385146078e-10,9.82448460307917e-10,1.33233437278829e-09,0.0031461985164856
baseline_noce,EUE,Final Energy|Industry|Heat,EJ/yr,0.111641999976321,0.0870753194315227,0.242691096677502,0.422173414916881,0.5854720735448331,0.941272959908453
baseline_noce,EUE,Final Energy|Industry|Liquids,EJ/yr,0.18761300846624498,0.172437021209541,0.15122837851789397,0.111155059063781,0.0856515590007905,0.0120087731856143
baseline_noce,EUE,Final Energy|Industry|Liquids|Oil,EJ/yr,0.18761199990557298,0.172434829925385,0.15122575253928802,0.110744320079376,0.08458347025179791,0.012008771084500299
baseline_noce,EUE,Final Energy|Industry|Solids,EJ/yr,0.693291000228146,0.65044657783199,0.572356976038732,0.409606239619662,0.474016787991064,0.0934642196258806
baseline_noce,EUE,Final Energy|Industry|Solids|Coal,EJ/yr,0.449422000290894,0.41213034996005804,0.31030746066648696,0.170581388841831,0.12480415110282399,0.0479379860273004
baseline_noce,EUE,Final Energy|Residential|Electricity,EJ/yr,0.366502005688514,0.383711270207317,0.5400378129193351,0.700239622243731,0.8228388736043419,1.05109591342554
baseline_noce,EUE,Final Energy|Residential|Gases,EJ/yr,0.5369499999942939,0.6445374683279951,0.6665715573258031,0.574982022629732,0.290208252949795,
baseline_noce,EUE,Final Energy|Residential|Gases|Gas,EJ/yr,0.5369499999942939,0.6445374683279951,0.6665715573258031,0.574982022629732,0.290208252949795,
baseline_noce,EUE,Final Energy|Residential|Hydrogen,EJ/yr,,5.56371089759457e-08,6.81364380279942e-10,1.17949910718126e-09,1.15138478415802e-09,3.39368986033072e-10
baseline_noce,EUE,Final Energy|Residential|Heat,EJ/yr,0.327326999997981,0.218790256444585,0.0885613551070189,0.00120083599369094,2.38156437003747e-09,1.1236550052286799e-09
baseline_noce,EUE,Final Energy|Residential|Liquids,EJ/yr,0.0615090003710284,0.054448903158227306,0.0449881676409262,0.00173719329824082,0.0290610764537326,
baseline_noce,EUE,Final Energy|Residential|Liquids|Oil,EJ/yr,0.0615089494921287,0.054448903158227306,0.0449881676409262,0.00173719329824082,0.0290610764537326,
baseline_noce,EUE,Final Energy|Residential|Solids,EJ/yr,0.8966800011031241,0.630123925361955,0.301313089903471,0.0224223657556159,0.00843898150592897,1.60429080487603e-09
baseline_noce,EUE,Final Energy|Residential|Solids|Coal,EJ/yr,0.24232700002477198,0.190316752167926,0.119603825417263,0.0129592681039023,7.752835488801849e-11,
baseline_noce,EUE,Final Energy|Commercial|Electricity,EJ/yr,0.420354999999999,0.43094633956466205,0.490373176923701,0.5671999214571011,0.586643988938112,0.646607085160952
baseline_noce,EUE,Final Energy|Commercial|Gases,EJ/yr,0.228197999992698,0.254871550608527,0.25914881671122997,0.171916529331469,0.125389267537168,5.60754696378948e-10
baseline_noce,EUE,Final Energy|Commercial|Gases|Gas,EJ/yr,0.224968999992802,0.251218938892744,0.25490913998792003,0.145349260136067,0.125389263085539,
baseline_noce,EUE,Final Energy|Commercial|Hydrogen,EJ/yr,,3.59640972880254e-08,2.8106962287137904e-10,4.32132380462998e-10,4.5288786595735204e-10,6.47274220325518e-11
baseline_noce,EUE,Final Energy|Commercial|Heat,EJ/yr,0.110792,0.0792824940100668,0.00114989789849911,2.28743346010301e-09,3.1440947821580804e-07,1.2206145940635e-09
baseline_noce,EUE,Final Energy|Commercial|Liquids,EJ/yr,0.032294000023976505,0.0230443046572721,0.000837450860159914,0.0014818820923413,0.00110323425543928,
baseline_noce,EUE,Final Energy|Commercial|Liquids|Oil,EJ/yr,0.0322630000239443,0.023009277803976498,0.000796748049590378,4.926044516007671e-10,0.00110323425543928,
baseline_noce,EUE,Final Energy|Commercial|Solids,EJ/yr,0.0565310000002756,0.041489011733014204,0.00747173617694913,3.87022233027451e-10,5.97511391154661e-10,7.34049946123316e-11
baseline_noce,EUE,Final Energy|Commercial|Solids|Coal,EJ/yr,0.0285120000029925,0.0228096284590539,8.305046623714291e-10,1.27765523807236e-10,8.54004263371201e-11,
baseline_noce,EUE,Final Energy|Transportation|Electricity,EJ/yr,0.0309760706340386,0.0630472622796483,0.256383618802085,0.453780946977847,0.754457718464903,1.29940832909214
baseline_noce,EUE,Final Energy|Transportation|Gases,EJ/yr,0.0101850000290361,0.00815557723490307,0.0161154158730283,0.004607319757657441,0.00215556991921815,0.005879756472542861
baseline_noce,EUE,Final Energy|Transportation|Gases|Gas,EJ/yr,0.00999195002904053,0.0079350197469893,0.0158593811125935,0.00435128743863591,0.0021381455316397302,0.00562372150615779
baseline_noce,EUE,Final Energy|Transportation|Hydrogen,EJ/yr,,0.0019273786810821202,0.000279951257745149,0.00045438744304019004,0.00023795622012398,0.588273941083556
baseline_noce,EUE,Final Energy|Transportation|Liquids,EJ/yr,2.44820045995939,2.6862615284821,2.60502136761028,2.4330815479150303,2.0693886598684097,0.777099921947795
baseline_noce,EUE,Final Energy|Transportation|Liquids|Oil,EJ/yr,2.36691439996044,2.59136093938108,2.4499357289255,2.20831214611518,1.79779329665613,0.459724078818347
baseline_noce,EUE,Final Energy|Transportation|Solids,EJ/yr,1.6000072250105498e-05,1.31104391330396e-07,2.48983795572456e-10,1.3374651240891498e-10,2.69039733078272e-11,
baseline_noce,EUE,Final Energy|Transportation|Solids|Coal,EJ/yr,1.6000072250105498e-05,1.31104391330396e-07,2.48983795572456e-10,1.3374651240891498e-10,2.69039733078272e-11,
baseline_noce,EUM,Final Energy|Agriculture|Electricity,EJ/yr,0.0849870023951272,0.08714918350228579,0.14531482163252,0.172866021362772,0.200706727052096,0.256610314116038
baseline_noce,EUM,Final Energy|Agriculture|Gases,EJ/yr,0.0239230006784687,0.024862131006807998,0.0259946677259188,0.0374606709835094,0.0417682667428723,8.39221640683881e-09
baseline_noce,EUM,Final Energy|Agriculture|Gases|Gas,EJ/yr,0.022388000632492498,0.023125753143589802,0.023979212736819498,0.024720540961021498,0.0254943836480199,
baseline_noce,EUM,Final Energy|Agriculture|Heat,EJ/yr,0.00457300013421924,0.00494467010756335,0.00538487457471797,0.00575814162131032,0.00613954002569801,0.00690862959756469
baseline_noce,EUM,Final Energy|Agriculture|Liquids,EJ/yr,0.337858009525876,0.32388220632876197,0.25815738901412,0.211541149611741,0.17229239565524598,0.15805250010712701
baseline_noce,EUM,Final Energy|Agriculture|Liquids|Oil,EJ/yr,0.33170000934987504,0.316916294201479,0.250071935024823,0.127492941144659,0.06368783422163289,
baseline_noce,EUM,Final Energy|Agriculture|Solids,EJ/yr,0.0128870003680618,0.0199979664715731,0.0164996418648211,0.0181952045804858,0.0199178913974969,0.0228345199926492
baseline_noce,EUM,Final Energy|Agriculture|Solids|Coal,EJ/yr,8.800000527370649e-05,8.78503326907072e-05,2.96733686227689e-10,6.73448227976638e-10,3.5511349874080297e-10,
baseline_noce,EUM,Final Energy|Industry|Electricity,EJ/yr,1.22806399963614,1.28843953161972,1.60166443207439,1.8100416440649698,2.1037392326008297,2.5505034053016202
baseline_noce,EUM,Final Energy|Industry|Gases,EJ/yr,1.34626099979132,1.27960540855816,0.9872424187538249,0.704152283584517,0.496457500859966,0.00884697415758743
baseline_noce,EUM,Final Energy|Industry|Gases|Gas,EJ/yr,1.34185599979065,1.27462251617644,0.9814586538176829,0.701269877760373,0.49442676099979,0.00884697412774117
baseline_noce,EUM,Final Energy|Industry|Hydrogen,EJ/yr,,8.0488429997196e-08,0.046578948460822306,0.0452413268033929,0.00844000067208692,0.013380891576412899
baseline_noce,EUM,Final Energy|Industry|Heat,EJ/yr,0.199546999972797,0.238301172273226,0.464763897581127,0.683065728389417,0.930170313980531,1.5039645372494799
baseline_noce,EUM,Final Energy|Industry|Liquids,EJ/yr,0.417213387271722,0.359052838201584,0.254269500164054,0.20644823224551398,0.136449653763749,0.017693934044318498
baseline_noce,EUM,Final Energy|Industry|Liquids|Oil,EJ/yr,0.412087000008811,0.35323153786323,0.247478664210815,0.19780219867881,0.130884643472504,0.0176939320379106
baseline_noce,EUM,Final Energy|Industry|Solids,EJ/yr,0.586470089438062,0.5858409914013379,0.293112976083464,0.256048729037365,0.221331197285321,0.132704496965786
baseline_noce,EUM,Final Energy|Industry|Solids|Coal,EJ/yr,0.34736308949218,0.339739343179913,0.052343757875541,0.050255425022025596,0.0495252940064128,0.0442348338516203
baseline_noce,EUM,Final Energy|Residential|Electricity,EJ/yr,1.1934790069752101,1.33281522221923,1.67132290959259,1.90495321343561,2.2019939576120002,2.79551924701313
baseline_noce,EUM,Final Energy|Residential|Gases,EJ/yr,1.32367000423725,1.3387296033959002,0.173908284411111,0.601574396130936,0.111524766441514,
baseline_noce,EUM,Final Energy|Residential|Gases|Gas,EJ/yr,1.32367000423725,1.3387296033959002,0.173908284411111,0.601574396130936,0.111524766441514,
baseline_noce,EUM,Final Energy|Residential|Hydrogen,EJ/yr,,1.04956889609731e-07,0.5920161992345571,0.0423010871190167,0.32963391377133305,4.37854527315944e-10
baseline_noce,EUM,Final Energy|Residential|Heat,EJ/yr,0.0933869999973973,0.0645611179340291,0.0300296557274781,0.007079520778854121,0.00755005036579529,0.004054393870904199
baseline_noce,EUM,Final Energy|Residential|Liquids,EJ/yr,0.441151000949686,0.314502631770762,0.0215458520959944,0.00659500211446889,2.7605780920539e-09,
baseline_noce,EUM,Final Energy|Residential|Liquids|Oil,EJ/yr,0.44115093403418504,0.314502631770762,0.0215458520959944,0.00659500211446889,2.7605780920539e-09,
baseline_noce,EUM,Final Energy|Residential|Solids,EJ/yr,0.673083000165683,0.43596090355254896,0.216833160595647,0.0426223027741052,0.0328425765591659,1.19057849784797e-09
baseline_noce,EUM,Final Energy|Residential|Solids|Coal,EJ/yr,0.00374600002712657,0.00294670476208016,,9.932248943494999e-11,,
baseline_noce,EUM,Final Energy|Commercial|Electricity,EJ/yr,1.21705,1.2324772048664099,1.27443049119608,1.31111841881054,1.28100376841024,1.37073600463449
baseline_noce,EUM,Final Energy|Commercial|Gases,EJ/yr,0.651997999993128,0.596157151248305,0.233461312172089,0.21170003376854601,0.132742972357048,6.05546421101564e-10
baseline_noce,EUM,Final Energy|Commercial|Gases|Gas,EJ/yr,0.645270999993199,0.588547632066034,0.224628761188182,1.4113073607410699e-09,6.57472050478621e-10,
baseline_noce,EUM,Final Energy|Commercial|Hydrogen,EJ/yr,,8.22465086919732e-08,0.004535129686385791,1.13631065604585e-09,5.04753764177651e-10,2.2853828886790498e-11
baseline_noce,EUM,Final Energy|Commercial|Heat,EJ/yr,0.0513150000000001,0.00293079530241269,0.060938458671032696,0.0667259891717262,0.0739509814776491,1.1351062420804902e-09
baseline_noce,EUM,Final Energy|Commercial|Liquids,EJ/yr,0.192080999992014,0.0268467813933413,0.022433967249723002,0.00850558866391939,1.3566994442548902e-10,
baseline_noce,EUM,Final Energy|Commercial|Liquids|Oil,EJ/yr,0.190789999992037,0.026845927757711302,0.020738884270264202,4.92285445956993e-10,1.3566994442548902e-10,
baseline_noce,EUM,Final Energy|Commercial|Solids,EJ/yr,0.0298620000039806,0.016871331733905,0.0256434466002575,0.0191165974356795,0.022206896319566,1.34821989931297e-10
baseline_noce,EUM,Final Energy|Commercial|Solids|Coal,EJ/yr,0.0015050000095665902,0.00120428545033755,,4.79251371975206e-11,,
baseline_noce,EUM,Final Energy|Transportation|Electricity,EJ/yr,0.0846646402031092,0.14145801640271,0.735020597187603,1.19441719400022,1.79502420704541,2.42643372061095
baseline_noce,EUM,Final Energy|Transportation|Gases,EJ/yr,0.0581090000174525,0.0639463398011107,0.219032731172082,0.20706408966260698,0.23008682603665698,0.213227135949831
baseline_noce,EUM,Final Energy|Transportation|Gases|Gas,EJ/yr,0.0581090000174525,0.06394523206565951,0.21903141818763,0.207062776786754,0.23008551310178002,0.213225822986487
baseline_noce,EUM,Final Energy|Transportation|Hydrogen,EJ/yr,,0.00126271001949663,0.000985659083895614,0.00226761572096314,0.00643088022606613,1.1030810742089199
baseline_noce,EUM,Final Energy|Transportation|Liquids,EJ/yr,6.70429637997631,7.11307099043918,6.197871249507161,5.9728670469589495,5.34675505327072,4.04515095635227
baseline_noce,EUM,Final Energy|Transportation|Liquids|Oil,EJ/yr,6.48301124997756,6.862131791563019,5.81119481220732,4.87225999368265,4.01492231751889,2.54984361270956
baseline_noce,EUW,Final Energy|Agriculture|Electricity,EJ/yr,0.08880800334287921,0.0921138841983931,0.102751999609468,0.12887081539694298,0.159315588575729,0.27060441151838804
baseline_noce,EUW,Final Energy|Agriculture|Gases,EJ/yr,0.1373210051706,0.14477663835916801,0.0657202842907586,0.042887629900397795,0.0204324288885661,0.035209778726257704
baseline_noce,EUW,Final Energy|Agriculture|Gases|Gas,EJ/yr,0.115165004335,0.120327566483306,0.0387687275455852,0.0342980893585177,0.015677939255762798,2.0160962777457e-10
baseline_noce,EUW,Final Energy|Agriculture|Heat,EJ/yr,0.0114850004372963,0.0122283566348438,0.00775193049690061,0.008286859230966049,0.0156237554508822,0.017556736612027803
baseline_noce,EUW,Final Energy|Agriculture|Liquids,EJ/yr,0.209356007885069,0.168117138357957,0.20281431098324798,0.245974799690033,0.232388813990759,0.096860404260297
baseline_noce,EUW,Final Energy|Agriculture|Liquids|Oil,EJ/yr,0.20073800755833698,0.158368468712502,0.191498877070026,0.191926332937719,0.164137832956085,
baseline_noce,EUW,Final Energy|Agriculture|Solids,EJ/yr,0.039936001506714905,0.0716433858487129,0.10643081909103,0.055711891177412494,0.0503306852816164,0.051271115737301795
baseline_noce,EUW,Final Energy|Agriculture|Solids|Coal,EJ/yr,0.0029380001132323697,0.00297324339504023,6.89802030641897e-09,3.50194704421678e-09,9.80641581554157e-10,
baseline_noce,EUW,Final Energy|Industry|Electricity,EJ/yr,1.55343899986163,1.69875177104015,1.93971133179264,2.45960218691895,3.0355751083441103,3.97970540929843
baseline_noce,EUW,Final Energy|Industry|Gases,EJ/yr,1.76034999987672,1.6348416847628902,1.40403283483319,1.0684166119424798,0.6615390115049999,0.0443481136826905
baseline_noce,EUW,Final Energy|Industry|Gases|Gas,EJ/yr,1.74704699988085,1.62044302353887,1.38810740919872,1.0544324717417901,0.655390745856272,0.044309846384511097
baseline_noce,EUW,Final Energy|Industry|Hydrogen,EJ/yr,,7.37703424821399e-08,0.044316711757754,0.044316712070019,0.0443167106105969,0.004733252300518491
baseline_noce,EUW,Final Energy|Industry|Heat,EJ/yr,0.345340999959233,0.476407581258486,0.6835108935775791,0.947218666057334,1.24338447192579,1.92832299500345
baseline_noce,EUW,Final Energy|Industry|Liquids,EJ/yr,0.496002420380895,0.438776260493759,0.5066613859310369,0.342910569382589,0.146925473788926,0.012808580019457899
baseline_noce,EUW,Final Energy|Industry|Liquids|Oil,EJ/yr,0.48620999996286,0.42823708135641103,0.493463109967604,0.329897676210624,0.13823577702383902,0.012808578069179599
baseline_noce,EUW,Final Energy|Industry|Solids,EJ/yr,1.61959304539794,1.43164182237585,1.13028987796596,0.73623598963632,0.370783181542475,0.0892140116971856
baseline_noce,EUW,Final Energy|Industry|Solids|Coal,EJ/yr,0.9939390454675551,0.8703766461696021,0.648836046236237,0.349898768204517,0.0932056312818652,0.0423840107618811
baseline_noce,EUW,Final Energy|Residential|Electricity,EJ/yr,0.981530001306595,1.15914340439542,1.4384134468233598,1.74422338604766,2.11409581623606,2.95013909365779
baseline_noce,EUW,Final Energy|Residential|Gases,EJ/yr,1.47963900095915,1.67212263994368,1.58414101386872,1.35336571719372,0.908596190150473,0.000137749222381445
baseline_noce,EUW,Final Energy|Residential|Gases|Gas,EJ/yr,1.47117674559612,1.6629361783169399,1.57506640463176,1.34868350063548,0.905768114714503,8.097837963219211e-11
baseline_noce,EUW,Final Energy|Residential|Hydrogen,EJ/yr,,1.09205968116929e-07,7.033223390063019e-10,1.25041352083118e-09,1.16402630251277e-09,9.33705577669674e-10
baseline_noce,EUW,Final Energy|Residential|Heat,EJ/yr,0.45508599999723204,0.12269038214125401,0.004269060347032691,0.0025744182457687298,0.008201972250405991,4.0270330376101596e-08
baseline_noce,EUW,Final Energy|Residential|Liquids,EJ/yr,0.7271980073244709,0.518403632383751,0.267851529424388,0.0713357785573844,0.0543167328670385,1.30971891838333e-09
baseline_noce,EUW,Final Energy|Residential|Liquids|Oil,EJ/yr,0.726554300683254,0.517997049177228,0.26768884858519404,0.071335680134089,0.054302480383672504,
baseline_noce,EUW,Final Energy|Residential|Solids,EJ/yr,0.523328002197215,0.235376847123726,0.13535173320896202,0.0300712061144289,0.0308241836381658,3.94938385182264e-09
baseline_noce,EUW,Final Energy|Residential|Solids|Coal,EJ/yr,0.030108000032300398,0.022581326560754098,0.00269620661673224,0.0011294016647600499,4.07913342798631e-10,
baseline_noce,EUW,Final Energy|Commercial|Electricity,EJ/yr,0.9780929999999991,1.0909918836965702,1.07172358565931,1.14596086310709,1.17353646863484,1.33346077814833
baseline_noce,EUW,Final Energy|Commercial|Gases,EJ/yr,0.6566819999945059,0.588659248796921,0.523884944905103,0.364984861228799,0.159498359029242,9.25586153918181e-10
baseline_noce,EUW,Final Energy|Commercial|Gases|Gas,EJ/yr,0.6429369999946211,0.573110917767067,0.505837760010296,0.109051528256473,0.14170326733800598,
baseline_noce,EUW,Final Energy|Commercial|Hydrogen,EJ/yr,,6.918002335454289e-08,2.72953413523801e-10,4.13186138891559e-10,2.89019172642299e-10,8.682786899195791e-11
baseline_noce,EUW,Final Energy|Commercial|Heat,EJ/yr,0.233306,0.174745736776039,0.104473267380463,0.253625481661973,0.32444656738815303,1.94830142658653e-09
baseline_noce,EUW,Final Energy|Commercial|Liquids,EJ/yr,0.23209799999525402,0.167511766472163,0.0828900692386247,0.0130272618568889,1.01927575949928e-09,
baseline_noce,EUW,Final Energy|Commercial|Liquids|Oil,EJ/yr,0.229250999995288,0.164291255698079,0.0791519583766476,0.00043526203573724396,1.01927575949928e-09,
baseline_noce,EUW,Final Energy|Commercial|Solids,EJ/yr,0.09169500001264311,0.0660632680517737,0.0352340371083052,0.014649834632069099,0.0133142849334356,1.9571683813138101e-10
baseline_noce,EUW,Final Energy|Commercial|Solids|Coal,EJ/yr,0.00032400001281018695,0.000259166587846295,8.20676172063812e-10,0.000116677386950325,1.68166750390293e-10,
baseline_noce,EUW,Final Energy|Transportation|Electricity,EJ/yr,0.0790319961619212,0.132517252973359,0.436188069300256,0.643151705432479,1.04993426274375,1.8137288579486701
baseline_noce,EUW,Final Energy|Transportation|Gases,EJ/yr,0.0215080000230753,0.0198268874313612,0.25989574495039697,0.255830249557054,0.257654071690144,0.25641411152868604
baseline_noce,EUW,Final Energy|Transportation|Gases|Gas,EJ/yr,0.0156858100254589,0.015236047084635499,0.25744768439895804,0.25503401321825897,0.25765397376323895,0.248692358716301
baseline_noce,EUW,Final Energy|Transportation|Hydrogen,EJ/yr,,0.00200671313325782,0.00179318468669987,0.00232855834603642,0.00340157713665429,0.8920916699225201
baseline_noce,EUW,Final Energy|Transportation|Liquids,EJ/yr,6.27656581002766,6.59746092250188,5.95328147297783,6.12252768816781,6.1746965505132305,3.96933541097108
baseline_noce,EUW,Final Energy|Transportation|Liquids|Oil,EJ/yr,6.08791037002897,6.38458252107688,5.47216296747253,4.85113115862574,4.03448810158367,2.57417066751779
baseline_noce,EUW,Final Energy|Transportation|Solids,EJ/yr,7.00002931325471e-06,3.15858346165436e-08,1.2216379348773002e-10,1.30027341477912e-10,3.21448001949149e-11,
baseline_noce,EUW,Final Energy|Transportation|Solids|Coal,EJ/yr,7.00002931325471e-06,3.15858346165436e-08,1.2216379348773002e-10,1.30027341477912e-10,3.21448001949149e-11,
baseline_noce,IDN,Final Energy|Agriculture|Electricity,EJ/yr,0.0359270018390091,0.0498173715458264,0.0462777275623273,0.0405552198753957,0.044373811677331405,0.0612652299426844
baseline_noce,IDN,Final Energy|Agriculture|Gases,EJ/yr,,,,0.000420032911055276,2.0442110805608998e-09,1.75813178515845e-09
baseline_noce,IDN,Final Energy|Agriculture|Liquids,EJ/yr,0.12275200628640699,0.114154944387779,0.13533435941347302,0.145321009244043,0.145358938674114,0.132636430140353
baseline_noce,IDN,Final Energy|Agriculture|Liquids|Oil,EJ/yr,0.122693006280593,0.114088213846282,0.135256892514528,0.13987026788165802,0.141166484617537,0.060644060320453906
baseline_noce,IDN,Final Energy|Agriculture|Solids,EJ/yr,0.00993700051347205,0.0113845611852008,0.0009699244933155961,0.0010023767180822101,0.00098566413428667,1.88598314061835e-08
baseline_noce,IDN,Final Energy|Agriculture|Solids|Coal,EJ/yr,0.000704000038779661,0.000738014991153169,0.000776078999714792,0.0008027172343206161,0.000780907006462633,1.0660329666212899e-09
baseline_noce,IDN,Final Energy|Industry|Electricity,EJ/yr,0.822423999832652,0.9239656701393371,1.13658416341421,1.2742663991639098,1.38258303996066,1.35992361709577
baseline_noce,IDN,Final Energy|Industry|Gases,EJ/yr,0.740665000182324,0.74132467831177,0.7841166333257019,0.693119294632251,0.538514245362044,2.3853245464740898
baseline_noce,IDN,Final Energy|Industry|Gases|Gas,EJ/yr,0.740665000182324,0.74132467831177,0.7841166333257019,0.693119294632251,0.538514245362044,2.3853245464740898
baseline_noce,IDN,Final Energy|Industry|Hydrogen,EJ/yr,,5.0239273010430004e-11,0.0005600003105270101,0.00110605184380912,0.0011126934179863698,0.00111269462809179
baseline_noce,IDN,Final Energy|Industry|Heat,EJ/yr,,5.611239880733081e-07,8.97510727964276e-10,3.7974784911469005e-09,0.148587044065254,3.64982618542869
baseline_noce,IDN,Final Energy|Industry|Liquids,EJ/yr,0.560047999896585,0.561406602932716,0.5978763248269491,0.5406269624667139,0.438293115588127,1.95089004410636
baseline_noce,IDN,Final Energy|Industry|Liquids|Oil,EJ/yr,0.550177999897495,0.5514006587091249,0.587081727859627,0.5309802280269029,0.43061133938864204,1.91101949913454
baseline_noce,IDN,Final Energy|Industry|Solids,EJ/yr,2.9293799999554397,3.4334929346386,4.55241673019677,5.86900679520098,6.9263699171935995,0.423686608071408
baseline_noce,IDN,Final Energy|Industry|Solids|Coal,EJ/yr,1.9149709999798,2.42442795252764,3.50314455011783,4.917262683880209,6.17739959482452,0.358348219277485
baseline_noce,IDN,Final Energy|Residential|Electricity,EJ/yr,0.7337600000777871,1.03246651040456,1.4130353771407298,1.7443123316190199,2.09796878286806,2.7583812779782404
baseline_noce,IDN,Final Energy|Residential|Gases,EJ/yr,0.0012179999952604298,0.0330735127484996,0.0821338260986657,0.13191849342737,0.18221779642374197,8.570279750135351e-08
baseline_noce,IDN,Final Energy|Residential|Gases|Gas,EJ/yr,0.000782999996953135,0.0326387351516327,0.08200412251613101,0.13190354342417998,0.182185556785729,8.46060532125543e-08
baseline_noce,IDN,Final Energy|Residential|Hydrogen,EJ/yr,,5.4911732691439304e-08,7.26491975946531e-10,1.0774557643929102e-09,1.05280348264088e-09,9.198536198096139e-10
baseline_noce,IDN,Final Energy|Residential|Liquids,EJ/yr,1.16442200047386,1.00166301606866,0.847871972196345,0.6610527104719319,0.43118016094066003,0.217736418454849
baseline_noce,IDN,Final Energy|Residential|Liquids|Oil,EJ/yr,1.15198532729156,1.00166301606866,0.847871972196345,0.6610527104719319,0.43118016094066003,0.217736418454849
baseline_noce,IDN,Final Energy|Residential|Solids,EJ/yr,1.21717400005361,1.09887591841273,0.814507646882883,0.5814117697760319,0.354996612978501,0.0378440796557991
baseline_noce,IDN,Final Energy|Residential|Solids|Coal,EJ/yr,0.0547590000628274,0.044833524060540905,0.0325483943623654,0.022120633438393,0.0134869670709628,1.20345508981536e-10
baseline_noce,IDN,Final Energy|Commercial|Electricity,EJ/yr,0.394637999999999,0.466059128052081,0.536306167369709,0.63938238090982,0.7037127376377179,0.8796324867788671
baseline_noce,IDN,Final Energy|Commercial|Gases,EJ/yr,0.009946999992951379,0.0125394422489509,0.0179579403977244,0.023196177483646403,0.0220544555133806,3.38716692888926e-09
baseline_noce,IDN,Final Energy|Commercial|Gases|Gas,EJ/yr,0.009946999992951379,0.0125394422489509,0.0179579403977244,0.0231961762900432,0.0220226201030428,2.6042092186429e-09
baseline_noce,IDN,Final Energy|Commercial|Hydrogen,EJ/yr,,4.23915186261475e-08,4.81898375811804e-10,6.200746478303399e-10,4.88658355887978e-10,2.24392505138672e-10
baseline_noce,IDN,Final Energy|Commercial|Heat,EJ/yr,,0.000863305245104526,0.00242161169790082,0.00420101803559752,0.00638118565614223,6.7367202192487e-10
baseline_noce,IDN,Final Energy|Commercial|Liquids,EJ/yr,0.17238299999016898,0.16749338700070898,0.180647179398361,0.16566139869956997,0.0954902326676553,0.009248476925829379
baseline_noce,IDN,Final Energy|Commercial|Liquids|Oil,EJ/yr,0.169262999990288,0.16396408420322,0.180647179006525,0.165661398210615,0.0954902326676553,0.009248476925829379
baseline_noce,IDN,Final Energy|Commercial|Solids,EJ/yr,0.08997900006876429,0.07108780570296941,0.0432889766109193,0.0485949581175147,0.052711747768461,5.61826785551563e-10
baseline_noce,IDN,Final Energy|Commercial|Solids|Coal,EJ/yr,0.0331320000779644,0.035944607840675304,0.0432889761197846,0.0485949576472615,0.0527117470573438,2.19001633527208e-10
baseline_noce,IDN,Final Energy|Transportation|Electricity,EJ/yr,0.0013138499999999999,0.0018592645938177198,0.00566007735035668,0.0854021465441763,0.30041713046374796,1.5905658411183399
baseline_noce,IDN,Final Energy|Transportation|Gases,EJ/yr,0.0045539999862328,0.00653033785750527,0.00225427874180328,0.00135732234854231,0.000772822713564296,2.81227623134962e-05
baseline_noce,IDN,Final Energy|Transportation|Gases|Gas,EJ/yr,0.0045539999862328,0.00653033785750527,0.00225427874180328,0.00135732234854231,0.000772822713564296,2.81227623134962e-05
baseline_noce,IDN,Final Energy|Transportation|Hydrogen,EJ/yr,,0.00027981618258540297,0.000825153540415303,0.00245182731201897,0.00314185473278023,0.0539544045380709
baseline_noce,IDN,Final Energy|Transportation|Liquids,EJ/yr,2.39853786997927,2.95689792753825,3.7992519459608602,4.44630776213854,4.67352243567517,3.38627625568641
baseline_noce,IDN,Final Energy|Transportation|Liquids|Oil,EJ/yr,2.2293959199816,2.73661363718361,3.5134764455396197,4.12033215574516,4.19607755380037,1.5815781780359
baseline_noce,IND,Final Energy|Agriculture|Electricity,EJ/yr,0.8214228900349171,0.8483256260912271,0.888157044653801,0.919877821488043,0.93663111943781,0.961616016436212
baseline_noce,IND,Final Energy|Agriculture|Gases,EJ/yr,0.007218034185112699,0.00777214344690952,3.9139066125626404e-10,3.09927352204811e-09,1.07117013171825e-09,5.2095436709758e-09
baseline_noce,IND,Final Energy|Agriculture|Gases|Gas,EJ/yr,0.007218034185112699,0.00777214344690952,3.9139066125626404e-10,5.96608365919245e-10,3.20720827548695e-10,3.84696804332652e-10
baseline_noce,IND,Final Energy|Agriculture|Liquids,EJ/yr,0.0313451484462505,0.0314458751806456,0.0177605257063606,0.00227251460079473,0.0201296775173113,0.00375851237092291
baseline_noce,IND,Final Energy|Agriculture|Liquids|Oil,EJ/yr,0.0313451484462505,0.0314458751806456,0.0177605257063606,8.10723144908199e-07,1.4501367260679701e-09,9.07974281142601e-10
baseline_noce,IND,Final Energy|Agriculture|Solids,EJ/yr,,0.00234449718932955,0.0166640327927962,0.0210931235498751,0.000197776993761963,1.14493251341001e-09
baseline_noce,IND,Final Energy|Industry|Electricity,EJ/yr,1.98490299976128,2.43979889033371,3.2680538025518198,3.8933250446481003,4.314042432792941,5.73662090852922
baseline_noce,IND,Final Energy|Industry|Gases,EJ/yr,1.13203399998905,1.37828518253905,1.75400387479362,1.59701649345514,2.0405346313832697,4.04057826372551
baseline_noce,IND,Final Energy|Industry|Gases|Gas,EJ/yr,1.13203399998905,1.37828518253905,1.75400387479362,1.59701649345514,2.0405346313832697,4.04057826372551
baseline_noce,IND,Final Energy|Industry|Hydrogen,EJ/yr,,5.0445281879775096e-11,0.0974490470065547,0.236538539351007,1.68663213801534,7.610141458736029
baseline_noce,IND,Final Energy|Industry|Heat,EJ/yr,,0.605094426179529,0.8642243063791271,3.98448027294415,6.4048893523564505,13.4100193693455
baseline_noce,IND,Final Energy|Industry|Liquids,EJ/yr,1.71148399996887,1.88211822941365,2.64907100426856,3.7295808173052603,3.31438274053427,0.160863165089935
baseline_noce,IND,Final Energy|Industry|Liquids|Oil,EJ/yr,1.71148399996887,1.88211822941365,2.64907100426856,3.7295808173052603,3.31438274053427,0.16086316391774802
baseline_noce,IND,Final Energy|Industry|Solids,EJ/yr,9.539192155606601,11.2916073838504,14.5586971112052,14.0591128845776,13.0376284994592,10.8188578501257
baseline_noce,IND,Final Energy|Industry|Solids|Coal,EJ/yr,6.92303515569463,8.43586848350516,9.51883260373529,7.65664608727585,5.97822536999003,1.00580011235304
baseline_noce,IND,Final Energy|Residential|Electricity,EJ/yr,1.1165440001017901,1.40774673706097,1.45862879291429,1.82284044449719,2.05342024819439,4.60990520234451
baseline_noce,IND,Final Energy|Residential|Gases,EJ/yr,0.0583779999944654,0.157470715058498,0.11865026417427199,3.12591050995272e-09,2.27433616596947e-09,4.93817739148971e-10
baseline_noce,IND,Final Energy|Residential|Gases|Gas,EJ/yr,0.0583779999944654,0.157470715058498,0.11865026417427199,3.12591050995272e-09,2.27433616596947e-09,4.93817739148971e-10
baseline_noce,IND,Final Energy|Residential|Hydrogen,EJ/yr,,5.05126691097898e-08,2.11362804255213e-10,0.30014710339275597,0.425753687720471,0.222113358978806
baseline_noce,IND,Final Energy|Residential|Liquids,EJ/yr,1.18671599999092,1.21384985101643,1.3573753156029,1.40849899926416,1.50015605846977,3.28700050629903e-10
baseline_noce,IND,Final Energy|Residential|Liquids|Oil,EJ/yr,1.18671599999092,1.21384985101643,1.3573753156029,1.40849899926416,1.50015605846977,3.28700050629903e-10
baseline_noce,IND,Final Energy|Residential|Solids,EJ/yr,4.17070900031297,3.3996924835583098,3.50533401659459,2.24724597682182,1.20711449010959,3.86472260991627e-10
baseline_noce,IND,Final Energy|Residential|Solids|Coal,EJ/yr,0.00950000032303305,0.00776459968841921,0.0056227050666002604,0.00380642863389357,0.00230193092074019,
baseline_noce,IND,Final Energy|Commercial|Electricity,EJ/yr,0.373978999999999,0.482338575182878,0.5620077394564069,0.637027102915959,0.7290868605090289,1.14836696656814
baseline_noce,IND,Final Energy|Commercial|Gases,EJ/yr,0.09729499999386,0.123345026602382,0.10257568769865201,0.183207008492704,0.217734288924895,0.0142931007055828
baseline_noce,IND,Final Energy|Commercial|Gases|Gas,EJ/yr,0.09729499999386,0.123345026602382,0.10257568769865201,3.04533461765547e-10,2.0504546386013402e-10,1.1671236618428e-10
baseline_noce,IND,Final Energy|Commercial|Hydrogen,EJ/yr,,3.76508293685524e-08,1.75610732623835e-10,7.66009785922239e-10,8.60376894778167e-10,3.2399170513376196e-10
baseline_noce,IND,Final Energy|Commercial|Heat,EJ/yr,,0.000341312985668228,0.00103406050422729,0.00184019543619083,0.00288936182432097,0.00586872163414195
baseline_noce,IND,Final Energy|Commercial|Liquids,EJ/yr,0.00381100000862322,0.0027741883128893302,0.00153001171618857,0.000493194258754319,1.75995463686086e-11,
baseline_noce,IND,Final Energy|Commercial|Liquids|Oil,EJ/yr,0.00381100000862322,0.0027741883128893302,0.00153001171618857,6.06432187431883e-09,1.75995463686086e-11,
baseline_noce,IND,Final Energy|Commercial|Solids,EJ/yr,0.109743999990763,0.0757818186581211,0.14733486349517902,0.14592105953592302,0.13694056520484,2.2738270839912802e-10
baseline_noce,IND,Final Energy|Transportation|Electricity,EJ/yr,0.0685704986474301,0.0819148114784867,0.15259271217543202,0.33310481802305403,1.09975456478755,4.993377707401669
baseline_noce,IND,Final Energy|Transportation|Gases,EJ/yr,0.12338099998723899,0.0907408666708509,0.0538071863272697,0.0315051274801103,3.5747640189015102e-09,6.77866142045846e-10
baseline_noce,IND,Final Energy|Transportation|Gases|Gas,EJ/yr,0.12338099998723899,0.0907408666708509,0.0538071863272697,0.0315051274801103,3.5747640189015102e-09,6.77866142045846e-10
baseline_noce,IND,Final Energy|Transportation|Hydrogen,EJ/yr,,0.000623188545292667,0.0019465709763342,0.025616266758632603,0.045077773415197,0.13665847650743898
baseline_noce,IND,Final Energy|Transportation|Liquids,EJ/yr,4.39463326837409,5.8720317365494,8.24803517676022,9.91089255214419,9.89509083442055,5.75132739328173
baseline_noce,IND,Final Energy|Transportation|Liquids|Oil,EJ/yr,4.39463326837409,5.8720317145497205,8.21790715432228,9.805776134568099,9.107399907242991,4.01433020546128
baseline_noce,IND,Final Energy|Transportation|IAMC_OTHER,EJ/yr,0.164842999997738,0.141293980269829,0.113035199956643,0.0894861999498209,0.065937199962116,0.0188391999749986
baseline_noce,JPN,Final Energy|Agriculture|Electricity,EJ/yr,0.0118050191518958,0.011425174864482999,0.0110780413939749,0.010771997131551601,0.0104577989744744,0.0609846886624285
baseline_noce,JPN,Final Energy|Agriculture|Gases,EJ/yr,6.20001033698709e-05,5.48133648676513e-07,6.293871541424461e-05,0.00461170588955583,0.00585897839139436,0.00804838562663751
baseline_noce,JPN,Final Energy|Agriculture|Gases|Gas,EJ/yr,6.20001033698709e-05,5.48133648676513e-07,6.293871541424461e-05,6.30433342278975e-05,6.299454428407971e-05,2.75960863643705e-10
baseline_noce,JPN,Final Energy|Agriculture|Heat,EJ/yr,0.000470000765193827,0.000496423963211589,0.000524554571557965,0.000544998863677862,0.0005630192216097421,0.000593426850958385
baseline_noce,JPN,Final Energy|Agriculture|Liquids,EJ/yr,0.178874290169227,0.17319994368691702,0.166374685019328,0.15575675870900402,0.148415456943851,0.0752444440294277
baseline_noce,JPN,Final Energy|Agriculture|Liquids|Oil,EJ/yr,0.178874290169227,0.17319994368691702,0.166374685019328,0.113231248346433,0.09422873061709121,2.03793878276665e-10
baseline_noce,JPN,Final Energy|Agriculture|Solids,EJ/yr,2.1000036863524e-05,0.00182493801517069,0.00322828582708823,0.00455758537262204,0.00580175874844448,0.00804838534635442
baseline_noce,JPN,Final Energy|Industry|Electricity,EJ/yr,1.2169219999971002,1.18990315204017,1.19115174665251,1.2339565104728398,1.2433697286007501,1.47516096112213
baseline_noce,JPN,Final Energy|Industry|Gases,EJ/yr,0.4646410000118,0.39717497459583,0.470416021727738,0.31963667185629496,0.196642942654361,0.022701905888653902
baseline_noce,JPN,Final Energy|Industry|Gases|Gas,EJ/yr,0.462839000011954,0.39568185439131903,0.469288677329032,0.31953834597138703,0.196589982252958,0.022701905862436297
baseline_noce,JPN,Final Energy|Industry|Hydrogen,EJ/yr,,2.75607314957933e-07,0.073763063086447,0.434445335931472,0.502806657067845,0.9221547390696789
baseline_noce,JPN,Final Energy|Industry|Heat,EJ/yr,,0.0526942122973894,0.167243637146605,0.31389572567021,0.479554388728768,0.870430913107326
baseline_noce,JPN,Final Energy|Industry|Liquids,EJ/yr,0.713982999913378,0.686885355932694,0.583349732038558,0.434595483621371,0.293735467182153,0.014661696194103
baseline_noce,JPN,Final Energy|Industry|Liquids|Oil,EJ/yr,0.713982999913378,0.686885355932694,0.583349732038558,0.433391143636602,0.29059152562824897,0.0146616933963739
baseline_noce,JPN,Final Energy|Industry|Solids,EJ/yr,2.00574100060025,1.5237773476328,1.17276509983253,0.49682696860513603,0.449013488297444,0.201767622197778
baseline_noce,JPN,Final Energy|Industry|Solids|Coal,EJ/yr,1.8501150006554001,1.3478800950835301,0.965009398939188,0.245429377185695,0.17822300176082398,0.061363552957562593
baseline_noce,JPN,Final Energy|Residential|Electricity,EJ/yr,0.907424000044075,0.809616165336155,0.8741628389190991,0.932869006628879,0.955807912299788,1.0304363944188302
baseline_noce,JPN,Final Energy|Residential|Gases,EJ/yr,0.365541999994348,0.4307091048239,0.30644353849601297,0.12808899036051,0.0166405296393541,6.21370099213424e-11
baseline_noce,JPN,Final Energy|Residential|Gases|Gas,EJ/yr,0.365541999994348,0.4307091048239,0.30644353849601297,0.12808899036051,0.0166405296393541,6.21370099213424e-11
baseline_noce,JPN,Final Energy|Residential|Hydrogen,EJ/yr,,0.00466893116010796,2.23067190844513e-10,0.08110763307242409,0.0915943660249838,0.0373416161169551
baseline_noce,JPN,Final Energy|Residential|Heat,EJ/yr,0.00354399999754287,0.002700609050393,0.0014097602214156299,0.0004934004971921989,0.000532815855621588,3.7459309696677e-09
baseline_noce,JPN,Final Energy|Residential|Liquids,EJ/yr,0.480513999992556,0.339521544015148,0.0228454396399367,0.016023393742918897,0.009515258693694531,
baseline_noce,JPN,Final Energy|Residential|Liquids|Oil,EJ/yr,0.48051398027201,0.339521544015148,0.0228454396399367,0.016023393742918897,0.009515258693694531,
baseline_noce,JPN,Final Energy|Residential|Solids,EJ/yr,0.00034299999518358097,0.00024481619530090004,0.000127949528453766,4.85275542774624e-05,4.3252340591439e-05,1.1944864169924898e-09
baseline_noce,JPN,Final Energy|Commercial|Electricity,EJ/yr,1.1396840188155999,1.29255866332298,1.29180969094499,1.4311498263201199,1.3520978834872202,1.26438154496357
baseline_noce,JPN,Final Energy|Commercial|Gases,EJ/yr,0.384065999992376,0.394885436115889,0.360014725674149,0.34054926466822,0.321525264810313,0.320431278966518
baseline_noce,JPN,Final Energy|Commercial|Gases|Gas,EJ/yr,0.384065999992376,0.394885436115889,0.360014725674149,0.19439691798935,0.12032400041547299,
baseline_noce,JPN,Final Energy|Commercial|Hydrogen,EJ/yr,,0.00729266231470781,1.02960910041162e-10,0.041769689739552494,0.0521315429781739,0.0565466952351693
baseline_noce,JPN,Final Energy|Commercial|Heat,EJ/yr,0.023662,0.0241216147144222,0.0250222205041539,0.0263804357562199,0.028473732359522098,0.034283406620450894
baseline_noce,JPN,Final Energy|Commercial|Liquids,EJ/yr,0.442518999994898,0.31236644592127,0.156183276061197,0.0260306110156117,1.3938224142810198e-10,
baseline_noce,JPN,Final Energy|Commercial|Liquids|Oil,EJ/yr,0.442518999994898,0.31236644592127,0.156183276061197,0.00216925810129299,1.3938224142810198e-10,
baseline_noce,JPN,Final Energy|Commercial|Solids,EJ/yr,0.07775299999241339,0.0710761236299543,0.06459835744744799,0.0431347701054182,0.0172392730922844,2.28441881839284e-10
baseline_noce,JPN,Final Energy|Commercial|Solids|Coal,EJ/yr,0.0051479999951923395,0.0031712333295015596,1.91040727317498e-10,0.0014270367204543399,2.26477614633734e-11,
baseline_noce,JPN,Final Energy|Transportation|Electricity,EJ/yr,0.0563136,0.0563840611709636,0.0553636423109198,0.06546656540426479,0.42264382103646,1.05924382274973
baseline_noce,JPN,Final Energy|Transportation|Gases,EJ/yr,0.00139899998510985,0.000939873453520476,0.0422828644791462,0.045410689306443604,0.0460704081783547,0.00329888913389179
baseline_noce,JPN,Final Energy|Transportation|Gases|Gas,EJ/yr,0.00139899998510985,0.000939873453520476,0.0422828644791462,0.045410689306443604,0.0460704081783547,0.00329888913389179
baseline_noce,JPN,Final Energy|Transportation|Hydrogen,EJ/yr,,0.000592159767643489,0.0010777397374327799,0.00514357359065215,0.00633348484582843,0.304760516831875
baseline_noce,JPN,Final Energy|Transportation|Liquids,EJ/yr,3.2981919000258197,3.36939099053894,3.2610639753433404,3.32080017335339,2.43195569861681,1.09533058252515
baseline_noce,JPN,Final Energy|Transportation|Liquids|Oil,EJ/yr,3.29782956002583,3.36610535533718,3.21317545538197,3.16109832054116,2.18111585813944,0.673729992843381
baseline_noce,JPN,Final Energy|Transportation|Solids,EJ/yr,3.70000083249638e-05,2.43446475280991e-08,,2.767067456213e-11,,
baseline_noce,JPN,Final Energy|Transportation|Solids|Coal,EJ/yr,3.70000083249638e-05,2.43446475280991e-08,,2.767067456213e-11,,
baseline_noce,LAM,Final Energy|Agriculture|Electricity,EJ/yr,0.023761001087557902,0.0245348124880861,0.0257125952588903,0.0313366566755702,0.0272630348442408,0.042704105227366
baseline_noce,LAM,Final Energy|Agriculture|Gases,EJ/yr,0.00035400001895972,0.000380982451598463,0.000414404754584647,0.00195702311711258,0.000689263485408448,1.10358858807076e-08
baseline_noce,LAM,Final Energy|Agriculture|Gases|Gas,EJ/yr,0.00035400001895972,0.000380982451598463,0.000414404754584647,0.000441039356806117,0.00046586165529214203,8.381179851207789e-09
baseline_noce,LAM,Final Energy|Agriculture|Liquids,EJ/yr,0.215676009864072,0.225135345564097,0.227161601294075,0.246509521740555,0.233713168688047,0.24791303393046898
baseline_noce,LAM,Final Energy|Agriculture|Liquids|Oil,EJ/yr,0.215381009847806,0.22480166938704998,0.226774266410573,0.185092128026422,0.151091875958798,0.121965474857592
baseline_noce,LAM,Final Energy|Agriculture|Solids,EJ/yr,0.015472000709140801,0.0140180885045776,0.0206927951227431,0.000900076167788648,0.0239882334768549,1.13825147354921e-08
baseline_noce,LAM,Final Energy|Industry|Electricity,EJ/yr,0.616690999891092,0.6464482272054061,0.726773171305178,0.789042144754542,0.843132487580283,1.75778529258695
baseline_noce,LAM,Final Energy|Industry|Gases,EJ/yr,1.03950799996243,1.03358814951628,1.18279292454918,1.20780080857071,1.13415119820419,0.0466695788410052
baseline_noce,LAM,Final Energy|Industry|Gases|Gas,EJ/yr,1.03950799996243,1.03358783500357,1.18279292431073,1.2078008083729401,1.1341511980458299,0.0466695787935487
baseline_noce,LAM,Final Energy|Industry|Hydrogen,EJ/yr,,4.4383319185020206e-08,0.00139000048581086,0.0013900012545535,0.00139000105419961,0.0013900019484736098
baseline_noce,LAM,Final Energy|Industry|Heat,EJ/yr,,0.0857811959673212,0.296093185906252,0.589934504435035,0.960117626898096,1.91959774336836
baseline_noce,LAM,Final Energy|Industry|Liquids,EJ/yr,0.543456999981022,0.49004846173454597,0.490151674176611,0.608764793865561,0.32745779108635903,0.7693493860860321
baseline_noce,LAM,Final Energy|Industry|Liquids|Oil,EJ/yr,0.5424249999810731,0.489066814371434,0.48917531522950497,0.607447262154736,0.32681264729806403,0.7687769381122029
baseline_noce,LAM,Final Energy|Industry|Solids,EJ/yr,0.460454999940898,0.46701400041047403,0.427936112264529,0.384628120078595,0.7506474119472379,0.139284415566043
baseline_noce,LAM,Final Energy|Industry|Solids|Coal,EJ/yr,0.147158999977176,0.175495022548091,0.14758696427655701,0.125383933138641,0.10369242891802899,0.06467984365908759
baseline_noce,LAM,Final Energy|Residential|Electricity,EJ/yr,0.569659000059226,0.682123158934011,0.8312631395086391,0.963766348794315,1.08296677873673,1.51513917534322
baseline_noce,LAM,Final Energy|Residential|Gases,EJ/yr,0.38298399999437904,0.41389219262021404,0.465885251407953,0.408728796246479,0.20951153299036301,0.00367573614047512
baseline_noce,LAM,Final Energy|Residential|Gases|Gas,EJ/yr,0.38298399999437904,0.41389219262021404,0.465885251407953,0.408728796246479,0.20951153299036301,0.00367573614047512
baseline_noce,LAM,Final Energy|Residential|Hydrogen,EJ/yr,,7.40780758145636e-08,8.36372125151923e-10,1.4588965287017e-09,8.71443574241905e-10,7.53926294400447e-10
baseline_noce,LAM,Final Energy|Residential|Heat,EJ/yr,,2.6377896768241e-05,6.52293643334792e-05,0.000106191573376671,0.000143145024107513,8.60934134556875e-05
baseline_noce,LAM,Final Energy|Residential|Liquids,EJ/yr,0.30031600000512,0.289090170907692,0.271488137252232,0.2467184610071,0.179247004117579,0.018572806503535
baseline_noce,LAM,Final Energy|Residential|Liquids|Oil,EJ/yr,0.299754954656739,0.288684804440061,0.271269540419267,0.2467184610071,0.179247004117579,0.018572806503535
baseline_noce,LAM,Final Energy|Residential|Solids,EJ/yr,0.708189000035658,0.520694955313819,0.27675991545954204,0.0575390490361056,0.0314493477493954,2.89625605469287e-10
baseline_noce,LAM,Final Energy|Residential|Solids|Coal,EJ/yr,0.0047050000408087505,0.0037364353586703796,0.00255602928435742,0.0008086922945626131,1.466323597711e-10,8.5541103845188e-11
baseline_noce,LAM,Final Energy|Commercial|Electricity,EJ/yr,0.41621199999999997,0.454441970431059,0.453191147263106,0.510601021860735,0.580286693522101,0.7337654387706339
baseline_noce,LAM,Final Energy|Commercial|Gases,EJ/yr,0.0786079999939042,0.0861824622676815,0.105203877209487,0.124856163099988,0.0772213081065527,3.45816950443241e-08
baseline_noce,LAM,Final Energy|Commercial|Gases|Gas,EJ/yr,0.0786079999939042,0.0861824622676815,0.105203877209487,0.124856162090735,0.0772213073616736,3.3749098187058403e-08
baseline_noce,LAM,Final Energy|Commercial|Hydrogen,EJ/yr,,4.22346771087331e-08,3.69750942318461e-10,5.69956298135195e-10,2.7130256854975e-10,2.34257637743712e-10
baseline_noce,LAM,Final Energy|Commercial|Heat,EJ/yr,0.00013000000000000002,0.000374144119529786,0.000770535734859658,0.000736340465757679,0.000602004693332921,1.58771512004875e-09
baseline_noce,LAM,Final Energy|Commercial|Liquids,EJ/yr,0.08183200000751491,0.0697454320230277,0.0618530010153563,0.0353015204153636,0.00600985434558141,7.005879266755849e-10
baseline_noce,LAM,Final Energy|Commercial|Liquids|Oil,EJ/yr,0.08153600000744529,0.0694106558541498,0.061464353120334006,0.0290975210993356,0.00600985434558141,7.005879266755849e-10
baseline_noce,LAM,Final Energy|Commercial|Solids,EJ/yr,0.0284999999924366,0.00367033968201375,2.03440302094514e-09,6.34364403007884e-10,0.0200617396795382,3.46548145640776e-10
baseline_noce,LAM,Final Energy|Transportation|Electricity,EJ/yr,0.0039159,0.0117327973311332,0.0308551799074413,0.0939663670177245,0.46480785972646904,2.40974253991726
baseline_noce,LAM,Final Energy|Transportation|Gases,EJ/yr,0.147797000007256,0.17525324852020502,0.276941412974053,0.271373970857084,0.24422424851957503,0.011584258679269
baseline_noce,LAM,Final Energy|Transportation|Gases|Gas,EJ/yr,0.147797000007256,0.17525324852020502,0.276941412974053,0.271373970857084,0.24422424851957503,0.011584258679269
baseline_noce,LAM,Final Energy|Transportation|Hydrogen,EJ/yr,,5.74075146477075e-05,0.000808507726477757,0.00182003475071962,0.0027323951541678004,0.0142559237499964
baseline_noce,LAM,Final Energy|Transportation|Liquids,EJ/yr,3.84999590304695,4.264898591764769,4.78236037249515,5.54203031585363,5.502615820926111,4.624862371371299
baseline_noce,LAM,Final Energy|Transportation|Liquids|Oil,EJ/yr,3.7893419363984897,4.18713135067586,4.58522318084444,4.95556531206631,4.4593577020431905,2.67413548113753
baseline_noce,MDA,Final Energy|Agriculture|Electricity,EJ/yr,0.0578930030159902,0.0602509004221004,0.0682439048720582,0.0765453329254513,0.082356009353865,0.17188490920712998
baseline_noce,MDA,Final Energy|Agriculture|Gases,EJ/yr,0.0068940003615701306,0.00748089891760657,0.00817096334115258,0.0154894733771899,0.0121615320331007,0.00351406326631277
baseline_noce,MDA,Final Energy|Agriculture|Gases|Gas,EJ/yr,0.0068940003615701306,0.00748089891760657,0.00817096334115258,0.00872177851615732,0.009253373845661678,1.05054703635103e-09
baseline_noce,MDA,Final Energy|Agriculture|Heat,EJ/yr,0.0262510013682349,0.0298219089299863,0.0342060295322997,0.037872068351725505,0.0415413536521404,0.0486274411964912
baseline_noce,MDA,Final Energy|Agriculture|Liquids,EJ/yr,0.13765000717371,0.139163170758105,0.127799213472281,0.119453722430062,0.116832543009801,0.034316134781949996
baseline_noce,MDA,Final Energy|Agriculture|Liquids|Oil,EJ/yr,0.13765000717371,0.139163170758105,0.127799213472281,0.11945371467278901,0.116832542140898,1.3836615564311302e-09
baseline_noce,MDA,Final Energy|Agriculture|Solids,EJ/yr,,0.00175373713734738,0.00855182471947126,0.0061205580865995,0.00828072526653058,0.009951656539202571
baseline_noce,MDA,Final Energy|Industry|Electricity,EJ/yr,0.49809500002566,0.5616633466065809,0.6279308813528259,0.6867456258977449,0.761582681502884,1.21817960890779
baseline_noce,MDA,Final Energy|Industry|Gases,EJ/yr,0.490891999983999,0.483847497668436,0.478681940430365,0.434078110477044,0.34447696436555203,0.0694925603855972
baseline_noce,MDA,Final Energy|Industry|Gases|Gas,EJ/yr,0.490891999983999,0.483847497668436,0.478681940430365,0.434078110000915,0.344476963839752,0.06949256034603149
baseline_noce,MDA,Final Energy|Industry|Hydrogen,EJ/yr,,3.94796996863927e-08,8.325889544517901e-10,1.6351152301134899e-09,1.1014633538674901e-08,1.07221843768009e-08
baseline_noce,MDA,Final Energy|Industry|Heat,EJ/yr,0.042989999992933,0.0339076115849027,0.029940693009525902,0.161174585549894,0.439347636938556,0.967005350076513
baseline_noce,MDA,Final Energy|Industry|Liquids,EJ/yr,0.227866999901908,0.226802292774791,0.315710735630851,0.370713060636913,0.44984546449175,0.0311769058948239
baseline_noce,MDA,Final Energy|Industry|Liquids|Oil,EJ/yr,0.227866999901908,0.226802292774791,0.315710735630851,0.37071306040303,0.44984546442948997,0.0311769044668946
baseline_noce,MDA,Final Energy|Industry|Solids,EJ/yr,0.388688000161037,0.47970514020140503,0.522332758130576,0.485387414663676,0.284604050151973,0.19914751267364
baseline_noce,MDA,Final Energy|Industry|Solids|Coal,EJ/yr,0.348040000212216,0.42135551439164,0.456627627672009,0.41248969619166503,0.229151189505,0.160992609904125
baseline_noce,MDA,Final Energy|Residential|Electricity,EJ/yr,0.364352005659901,0.394831446054518,0.475598690723958,0.614286005387116,0.778308652667136,1.08682212179707
baseline_noce,MDA,Final Energy|Residential|Gases,EJ/yr,0.496230001648516,0.5553884088004349,0.6431185297951609,0.570482947064479,0.307819221997996,2.82928240344628e-09
baseline_noce,MDA,Final Energy|Residential|Gases|Gas,EJ/yr,0.496230001648516,0.5553884088004349,0.6431185297951609,0.570482947064479,0.307819221997996,2.82928240344628e-09
baseline_noce,MDA,Final Energy|Residential|Hydrogen,EJ/yr,,6.35302491379315e-08,1.02725642452415e-09,1.76638834145109e-09,1.32158022881591e-09,2.40673276987609e-10
baseline_noce,MDA,Final Energy|Residential|Heat,EJ/yr,0.0585220000009492,0.043771098931566,0.0260923607019152,0.0115646802445206,0.000584423391097905,1.17759833870478e-09
baseline_noce,MDA,Final Energy|Residential|Liquids,EJ/yr,0.11112000188291,0.095520580797733,0.0644962350439962,0.0188723029397173,0.0290710358907627,1.55288174885636e-09
baseline_noce,MDA,Final Energy|Residential|Liquids|Oil,EJ/yr,0.11089009691275599,0.095520580797733,0.0644962350439962,0.0188723029397173,0.0290710358907627,1.55288174885636e-09
baseline_noce,MDA,Final Energy|Residential|Solids,EJ/yr,0.107917999995512,0.059924491018728404,0.0330981528869927,0.00796281438251956,8.78361864330527e-10,4.60471342586736e-10
baseline_noce,MDA,Final Energy|Residential|Solids|Coal,EJ/yr,0.0365619999979822,0.0274214864442709,0.016452899892489,0.00731239981812685,,
baseline_noce,MDA,Final Energy|Commercial|Electricity,EJ/yr,0.369033,0.48079652239568704,0.51364494241925,0.6007758552643621,0.728966789729624,0.9222194756080659
baseline_noce,MDA,Final Energy|Commercial|Gases,EJ/yr,0.158768999992581,0.19636218768755898,0.232842021853699,0.249032563838931,0.145349869308004,0.017313653670234998
baseline_noce,MDA,Final Energy|Commercial|Gases|Gas,EJ/yr,0.158768999992581,0.19636218768755898,0.232842021853699,0.24806149981107,0.145349865201049,4.75271685003455e-10
baseline_noce,MDA,Final Energy|Commercial|Hydrogen,EJ/yr,,3.7204591876038604e-08,4.2945206904746003e-10,6.167996840145311e-10,3.5476388021862196e-10,4.91289199642277e-10
baseline_noce,MDA,Final Energy|Commercial|Heat,EJ/yr,,0.000760923806768214,0.00194021490228296,0.00319113412898583,0.004632741890398331,0.00341494378420431
baseline_noce,MDA,Final Energy|Commercial|Liquids,EJ/yr,0.0523820000289704,0.0387371942143264,0.022362949370920798,0.0029428662355366303,1.79326629711963e-09,1.67891119838203e-10
baseline_noce,MDA,Final Energy|Commercial|Liquids|Oil,EJ/yr,0.0523820000289704,0.0387371942143264,0.022362949370920798,0.0029428659526755203,1.79326629711963e-09,1.67891119838203e-10
baseline_noce,MDA,Final Energy|Commercial|Solids,EJ/yr,0.112133999994986,0.10336765357561199,0.07644670706618921,0.0515427134062555,0.0179326409305809,1.26212057654705e-10
baseline_noce,MDA,Final Energy|Commercial|Solids|Coal,EJ/yr,0.11207899999737199,0.103330974532591,0.0764320209052606,0.051542697372402205,0.0179326406799389,
baseline_noce,MDA,Final Energy|Transportation|Electricity,EJ/yr,0.004352845660649591,0.015217255032293799,0.033654003805794294,0.06545070691159541,0.487524023106874,1.24314837376271
baseline_noce,MDA,Final Energy|Transportation|Gases,EJ/yr,0.00336499998820265,0.00970774766247986,0.025527877037887,0.0247244859841566,0.0240554900181092,0.0227036369948096
baseline_noce,MDA,Final Energy|Transportation|Gases|Gas,EJ/yr,0.00336499998820265,0.00970774766247986,0.025527877037887,0.0247244859841566,0.0240554900181092,0.0227036369948096
baseline_noce,MDA,Final Energy|Transportation|Hydrogen,EJ/yr,,0.000217258891073189,0.000284392481124458,0.000615214026033178,0.000625176130959004,0.0623196787690709
baseline_noce,MDA,Final Energy|Transportation|Liquids,EJ/yr,2.0817290399896202,2.54639115039336,2.8948431839556203,3.22105418295583,2.6157944722392097,1.4332163129959399
baseline_noce,MDA,Final Energy|Transportation|Liquids|Oil,EJ/yr,2.07778289998966,2.53686804563508,2.7988134482476497,3.14258641654934,2.44360275675014,1.0252976360094301
baseline_noce,MEA,Final Energy|Agriculture|Electricity,EJ/yr,0.168776743990005,0.180901880687767,0.196377390210204,0.208303476155775,0.22298681445715599,0.29135379400234596
baseline_noce,MEA,Final Energy|Agriculture|Gases,EJ/yr,0.0803581631978384,0.0855260585733169,0.101146311049625,0.110697514040464,0.11985266662319301,0.108904680953883
baseline_noce,MEA,Final Energy|Agriculture|Gases|Gas,EJ/yr,0.0803581631978384,0.0855260585733169,0.101146311049625,0.110520567833454,0.119826596697922,0.108904679267728
baseline_noce,MEA,Final Energy|Agriculture|Liquids,EJ/yr,0.113172863265333,0.122624351212611,0.113182083009844,0.0899948859827006,0.058201568067905794,0.036657809181359496
baseline_noce,MEA,Final Energy|Agriculture|Liquids|Oil,EJ/yr,0.113172863265333,0.122624351212611,0.113182083009844,0.0899948852673114,0.0582015658320347,0.0366578071115651
baseline_noce,MEA,Final Energy|Agriculture|Solids,EJ/yr,,4.33083766543079e-05,0.00755478785343502,4.7489257415949e-09,0.0157458816005009,1.13339042804647e-08
baseline_noce,MEA,Final Energy|Industry|Electricity,EJ/yr,0.708976999956686,0.7635153814580851,0.777738719621979,0.823409940216517,0.8984198809342651,1.14534244796257
baseline_noce,MEA,Final Energy|Industry|Gases,EJ/yr,6.05155499990048,5.668676469421079,5.65282400985373,5.3718606020420205,4.81309049244673,3.39457937011177
baseline_noce,MEA,Final Energy|Industry|Gases|Gas,EJ/yr,6.05155499990048,5.668676469421079,5.65282400985373,5.3718606020420205,4.81309049244673,3.39457937011177
baseline_noce,MEA,Final Energy|Industry|Hydrogen,EJ/yr,,5.1055103091456604e-11,0.023689776982241,0.0275774461339817,0.0296266847506007,0.0296266862932574
baseline_noce,MEA,Final Energy|Industry|Heat,EJ/yr,,7.16823216543666e-07,1.1918070695671599,2.23978283054811,3.47802909244072,6.36408893301985
baseline_noce,MEA,Final Energy|Industry|Liquids,EJ/yr,1.06653299994525,1.68883472914968,0.971893402685218,0.817944028923277,0.6157481323827979,0.0743018502515592
baseline_noce,MEA,Final Energy|Industry|Liquids|Oil,EJ/yr,1.06653299994525,1.68883472914968,0.971893402685218,0.817944028923277,0.6157481323827979,0.0743018497099266
baseline_noce,MEA,Final Energy|Industry|Solids,EJ/yr,0.11916699999416999,0.180302476571633,0.214797641879695,0.226311972843814,0.233039248335869,0.278873965039089
baseline_noce,MEA,Final Energy|Industry|Solids|Coal,EJ/yr,0.11916699999416999,0.15673604793642598,0.18455996157767798,0.190657818731786,0.192729941181436,0.223789562664713
baseline_noce,MEA,Final Energy|Residential|Electricity,EJ/yr,1.26301774022401,1.42954804518979,1.82342090523237,2.15525863615449,2.68055498815609,3.61790573344677
baseline_noce,MEA,Final Energy|Residential|Gases,EJ/yr,1.7251595622615,1.93204051929763,1.5574248443029202,1.80297291731027,1.1485659034361,0.300046737886542
baseline_noce,MEA,Final Energy|Residential|Gases|Gas,EJ/yr,1.7251595622615,1.93204051929763,1.5574248443029202,1.80297291731027,1.1485659034361,0.300046737886542
baseline_noce,MEA,Final Energy|Residential|Hydrogen,EJ/yr,,8.43152626041959e-08,5.13180316124998e-10,1.9112294241110998e-09,1.1169367000627899e-09,1.27768413553687e-09
baseline_noce,MEA,Final Energy|Residential|Heat,EJ/yr,,4.34811526299926e-06,1.16878795120944e-05,1.9512187564218902e-05,2.8963678851526598e-05,5.29921713282431e-05
baseline_noce,MEA,Final Energy|Residential|Liquids,EJ/yr,0.483107613641023,0.43083419491443,0.22450191308631198,0.06598662166024169,0.00291422962439527,0.0493212981205793
baseline_noce,MEA,Final Energy|Residential|Liquids|Oil,EJ/yr,0.483107613641023,0.43083419491443,0.22450191308631198,0.06598662166024169,0.00291422962439527,0.0493212981205793
baseline_noce,MEA,Final Energy|Residential|Solids,EJ/yr,0.0853030000247844,2.8814771619237698e-05,0.02264386761535,1.1546569041780999e-09,1.04661317406232e-09,4.04542258339419e-10
baseline_noce,MEA,Final Energy|Residential|Solids|Coal,EJ/yr,0.00038900002724548,1.21945799426237e-07,8.24701661866116e-08,2.7020117432055604e-10,,
baseline_noce,MEA,Final Energy|Commercial|Electricity,EJ/yr,0.798732,0.805685107889224,0.7093476647847929,0.7263969233259,0.912880580960969,1.1669815521517501
baseline_noce,MEA,Final Energy|Commercial|Gases,EJ/yr,0.540801999993924,0.575924238946641,0.652230774899228,0.743721167978349,0.41497701122606495,0.019241485437808698
baseline_noce,MEA,Final Energy|Commercial|Gases|Gas,EJ/yr,0.540801999993924,0.575924238946641,0.652230774899228,0.7437211653021829,0.414977010040555,0.0192414847896645
baseline_noce,MEA,Final Energy|Commercial|Hydrogen,EJ/yr,,5.5355764702009604e-08,2.27047723880728e-10,8.11217371410239e-10,3.7750506784578804e-10,3.57724879925736e-10
baseline_noce,MEA,Final Energy|Commercial|Heat,EJ/yr,,0.0008378395277162119,0.0008378695469595741,0.000837876619619115,0.00045969652817719805,5.84264322724579e-09
baseline_noce,MEA,Final Energy|Commercial|Liquids,EJ/yr,0.0374610000408315,0.028165445410892703,0.0121012132202065,0.00422268623173339,2.7338676788158e-10,5.687610817723551e-10
baseline_noce,MEA,Final Energy|Commercial|Liquids|Oil,EJ/yr,0.0374610000408315,0.028165445410892703,0.0121012132202065,0.00422268611377742,2.7338676788158e-10,5.687610817723551e-10
baseline_noce,MEA,Final Energy|Transportation|Electricity,EJ/yr,0.0017581849810465,0.00104369484866384,0.0143088752641701,0.0292396704575972,0.487830463871413,2.4661716957191504
baseline_noce,MEA,Final Energy|Transportation|Gases,EJ/yr,0.27944299998697497,0.226916836458532,0.418261000729392,0.405176794392542,0.409269068949751,0.000528169314650047
baseline_noce,MEA,Final Energy|Transportation|Gases|Gas,EJ/yr,0.27944299998697497,0.226916836458532,0.418261000729392,0.405176794392542,0.409269068949751,0.000528169314650047
baseline_noce,MEA,Final Energy|Transportation|Hydrogen,EJ/yr,,,0.00149501939315283,0.00283371499838451,0.00444475968743603,0.014217347885565999
baseline_noce,MEA,Final Energy|Transportation|Liquids,EJ/yr,6.9638450000550405,7.709098777238579,8.3522804941734,9.568335747552931,10.348391374711,9.444376328793451
baseline_noce,MEA,Final Energy|Transportation|Liquids|Oil,EJ/yr,6.9638450000550405,7.70909867091434,8.096506209758969,8.60875855837533,8.27444327315671,5.09339011892917
baseline_noce,MEX,Final Energy|Agriculture|Electricity,EJ/yr,0.047272002757618205,0.0487061794558086,0.0510267485548528,0.0584682326292674,0.0542178070605968,0.07914446400548719
baseline_noce,MEX,Final Energy|Agriculture|Gases,EJ/yr,,,,0.00516137343816977,0.00696147105669961,1.91962290717993e-09
baseline_noce,MEX,Final Energy|Agriculture|Liquids,EJ/yr,0.130135007593792,0.134142106509009,0.13494873717498398,0.12605093867144498,0.13042696222272598,0.122830765864153
baseline_noce,MEX,Final Energy|Agriculture|Liquids|Oil,EJ/yr,0.130135007593792,0.134142106509009,0.13494873717498398,0.089171836812712,0.0806857886473177,0.122830764306305
baseline_noce,MEX,Final Energy|Agriculture|Solids,EJ/yr,,0.00029786357333309697,0.00402515852266384,0.005161375464692289,0.00696148350337378,0.000483516562190182
baseline_noce,MEX,Final Energy|Industry|Electricity,EJ/yr,0.5523579999061861,0.549632362928149,0.576289960712179,0.6253996758569861,0.646167117720069,0.730818323607215
baseline_noce,MEX,Final Energy|Industry|Gases,EJ/yr,0.476371999886273,0.439676514123891,0.40852019632330305,0.378967387545077,0.365762135007842,0.31188697322587
baseline_noce,MEX,Final Energy|Industry|Gases|Gas,EJ/yr,0.476371999886273,0.439676514123891,0.40852019632330305,0.378967387152088,0.36576213493161497,0.311886973176031
baseline_noce,MEX,Final Energy|Industry|Hydrogen,EJ/yr,,2.77061060471422e-05,0.00225016857160366,0.016358185624694,0.0163581851088359,0.016378186174893797
baseline_noce,MEX,Final Energy|Industry|Heat,EJ/yr,,0.0467532254019754,0.119374325385199,0.224745838505385,0.352511659701528,0.690222928192071
baseline_noce,MEX,Final Energy|Industry|Liquids,EJ/yr,0.226823999962763,0.208409408926016,0.173015240017817,0.124679979056895,0.08815739146560181,0.020640279265016003
baseline_noce,MEX,Final Energy|Industry|Liquids|Oil,EJ/yr,0.226823999962763,0.208409408926016,0.173015240017817,0.124652267409496,0.0881573912355243,0.0206402784016714
baseline_noce,MEX,Final Energy|Industry|Solids,EJ/yr,0.199906999943199,0.205187757248036,0.215287414277376,0.182298066987626,0.19486503437219801,0.23204443826471502
baseline_noce,MEX,Final Energy|Industry|Solids|Coal,EJ/yr,0.13978699995142,0.14403622472991798,0.14835435047434398,0.0654232602732848,0.0565008834624265,0.18797871392911902
baseline_noce,MEX,Final Energy|Residential|Electricity,EJ/yr,0.232150003107943,0.260119343432356,0.29636282225618404,0.34735322199332597,0.403500707591166,0.591753821516927
baseline_noce,MEX,Final Energy|Residential|Gases,EJ/yr,0.0269460009168201,0.039947260359201105,0.0621454956602231,0.08445893932884989,0.0858612935968457,0.033459255948872196
baseline_noce,MEX,Final Energy|Residential|Gases|Gas,EJ/yr,0.0269460009168201,0.039947260359201105,0.0621454956602231,0.08445893932884989,0.0858612935968457,0.033459255948872196
baseline_noce,MEX,Final Energy|Residential|Hydrogen,EJ/yr,,5.35599016445845e-08,5.338175276701989e-10,1.6314103045183098e-09,9.985233601620081e-10,1.40484998451697e-09
baseline_noce,MEX,Final Energy|Residential|Heat,EJ/yr,,4.76319712871238e-05,0.000121420939777355,0.000196173237575124,0.000283539455829173,0.000503690699979849
baseline_noce,MEX,Final Energy|Residential|Liquids,EJ/yr,0.225928013381708,0.166636757382918,0.0966507514457823,0.0335083613133571,0.0252973217260373,0.00549394700405865
baseline_noce,MEX,Final Energy|Residential|Liquids|Oil,EJ/yr,0.225928013381708,0.166636757382918,0.0966507514457823,0.0335083613133571,0.0252973217260373,0.00549394700405865
baseline_noce,MEX,Final Energy|Residential|Solids,EJ/yr,0.24775799999749198,0.253696285566304,0.271123430071045,0.246348913403858,0.13537447570432098,2.5277438908784103e-09
baseline_noce,MEX,Final Energy|Commercial|Electricity,EJ/yr,0.103379,0.102186136322138,0.08983465812176379,0.119615313580509,0.135655710733893,0.18110428302178702
baseline_noce,MEX,Final Energy|Commercial|Gases,EJ/yr,0.0098659999939455,0.00936772459603144,0.0102900471131393,0.0136489540126174,0.0157259635056693,0.00220751461707602
baseline_noce,MEX,Final Energy|Commercial|Gases|Gas,EJ/yr,0.0098659999939455,0.00936772459603144,0.0102900471131393,0.013648952375409699,0.0157259615519249,0.00220751400806701
baseline_noce,MEX,Final Energy|Commercial|Hydrogen,EJ/yr,,3.37877343550874e-08,2.15900067203224e-10,6.2000273724203e-10,3.10036989439319e-10,4.1553183235813703e-10
baseline_noce,MEX,Final Energy|Commercial|Heat,EJ/yr,,9.67728987927009e-05,0.0002263671261336,0.00036231978946451,0.000523912338775486,0.000382872332295705
baseline_noce,MEX,Final Energy|Commercial|Liquids,EJ/yr,0.061863000005706804,0.0644299187351334,0.0710844586908211,0.031717243404782,0.0179361789348388,5.98600576851828e-10
baseline_noce,MEX,Final Energy|Commercial|Liquids|Oil,EJ/yr,0.061863000005706804,0.0644299187351334,0.0710844586908211,0.0315185988564513,0.0179361789348388,5.98600576851828e-10
baseline_noce,MEX,Final Energy|Transportation|Electricity,EJ/yr,0.0037829,0.00550741617759413,0.00951903151360044,0.128731565245606,0.442295078978952,1.02704276164259
baseline_noce,MEX,Final Energy|Transportation|Gases,EJ/yr,0.0018769999823764101,0.0018805779486917899,0.009518926519870019,0.00030559968697412097,0.000111188063834414,2.25764625728763e-09
baseline_noce,MEX,Final Energy|Transportation|Gases|Gas,EJ/yr,0.0018769999823764101,0.0018805779486917899,0.009518926519870019,0.00030559968697412097,0.000111188063834414,2.25764625728763e-09
baseline_noce,MEX,Final Energy|Transportation|Hydrogen,EJ/yr,,0.000587425025560126,0.0013790629332709802,0.0021124744574537,0.00242904944432795,0.0023207886573272402
baseline_noce,MEX,Final Energy|Transportation|Liquids,EJ/yr,2.32717399998955,2.4285670398743,2.4710681199599698,2.23760868016136,1.65876208058619,1.06134770385351
baseline_noce,MEX,Final Energy|Transportation|Liquids|Oil,EJ/yr,2.32717399998955,2.42856701304537,2.46404468832724,2.18906787174451,1.58008617222538,1.00627542659445
baseline_noce,NIG,Final Energy|Agriculture|Electricity,EJ/yr,,4.78209200875417e-07,3.4302049504641e-05,1.6885403414225998e-09,6.97377738264701e-10,0.00011092365286019499
baseline_noce,NIG,Final Energy|Agriculture|Gases,EJ/yr,,,,1.4980841630129299e-09,9.577570706519689e-09,1.7661055357942402e-08
baseline_noce,NIG,Final Energy|Agriculture|Liquids,EJ/yr,0.00018601235768157,0.00020631611847456198,0.000198813452078897,0.000264044157538599,0.000282266565383673,0.000222750478768732
baseline_noce,NIG,Final Energy|Agriculture|Liquids|Oil,EJ/yr,0.00018601235768157,0.00020631611847456198,0.000198813452078897,0.000264042534645546,0.000179712615562251,3.73821702947078e-05
baseline_noce,NIG,Final Energy|Agriculture|Solids,EJ/yr,,1.6041447432248201e-06,4.28708696505626e-06,1.15824798792031e-08,1.0254579596616799e-05,1.85359745701111e-05
baseline_noce,NIG,Final Energy|Industry|Electricity,EJ/yr,0.0141360000018666,0.0196124320320934,0.021595633500272802,0.0251172029154618,0.029525182701745797,0.279019851989803
baseline_noce,NIG,Final Energy|Industry|Gases,EJ/yr,0.15723299994290701,0.142279520068593,0.126321905468382,0.107872817766303,0.08232589596096859,0.0127111983370202
baseline_noce,NIG,Final Energy|Industry|Gases|Gas,EJ/yr,0.15723299994290701,0.142279520068593,0.126321905468382,0.107872817766303,0.08232589596096859,0.0127111983370202
baseline_noce,NIG,Final Energy|Industry|Hydrogen,EJ/yr,,5.03168588462812e-11,2.44215337355573e-10,3.6019774754650704e-10,5.12096781360286e-10,7.84426369496535e-10
baseline_noce,NIG,Final Energy|Industry|Heat,EJ/yr,,9.224683454414231e-07,9.72656797251776e-07,0.0177849342827473,0.058093070032203105,0.11870319433455699
baseline_noce,NIG,Final Energy|Industry|Liquids,EJ/yr,0.0191919999654409,0.050821538863890604,0.096360795328461,0.145825266082155,0.14089091680608,0.0455079938153251
baseline_noce,NIG,Final Energy|Industry|Liquids|Oil,EJ/yr,0.0191919999654409,0.050821538863890604,0.096360795328461,0.145825266082155,0.14089091680608,0.0455079932553994
baseline_noce,NIG,Final Energy|Industry|Solids,EJ/yr,0.17574799998888901,0.161708516861306,0.144391182400878,0.135992335660713,0.172970212764563,0.0754924456351737
baseline_noce,NIG,Final Energy|Industry|Solids|Coal,EJ/yr,0.00140899999849545,0.0107843832983093,0.0139807494172503,0.0178921119088962,0.022788577056788,0.0320593736136261
baseline_noce,NIG,Final Energy|Residential|Electricity,EJ/yr,0.0574348999192907,0.0892560294148782,0.135710227303832,0.181959438298795,0.23351043015193698,0.36958109273697
baseline_noce,NIG,Final Energy|Residential|Gases,EJ/yr,,0.00335987759504662,0.0091412516111072,0.0157133261817575,0.0242135193144296,0.000515093981356536
baseline_noce,NIG,Final Energy|Residential|Gases|Gas,EJ/yr,,0.00335987759504662,0.0091412516111072,0.0157133261817575,0.0242135193144296,0.000515093981356536
baseline_noce,NIG,Final Energy|Residential|Hydrogen,EJ/yr,,4.25985776789985e-08,7.120442421009889e-10,9.22096721376673e-10,9.46026112535986e-10,6.84607355468026e-10
baseline_noce,NIG,Final Energy|Residential|Heat,EJ/yr,,1.5961239815860202e-05,4.34496983764655e-05,7.362465907208419e-05,0.00011179380329567499,7.09555360008363e-05
baseline_noce,NIG,Final Energy|Residential|Liquids,EJ/yr,0.0410319999855831,0.038128267637626105,0.0254849483268669,0.030707298441448302,0.0376417583147625,0.0306094074588053
baseline_noce,NIG,Final Energy|Residential|Liquids|Oil,EJ/yr,0.0410319999855831,0.038128267637626105,0.0254849483268669,0.030707298441448302,0.0376417583147625,0.0306094074588053
baseline_noce,NIG,Final Energy|Residential|Solids,EJ/yr,0.58533699997009,0.5502430248103539,0.515269018200442,0.382761058793022,0.203742893939884,0.00401510982481485
baseline_noce,NIG,Final Energy|Commercial|Electricity,EJ/yr,0.026619,0.0325149659230783,0.0375645334685582,0.0482645364890416,0.0600564635639882,0.0914491007980313
baseline_noce,NIG,Final Energy|Commercial|Gases,EJ/yr,,6.11857066844545e-05,0.000141447693362825,0.000232981571885295,0.000344641584128803,7.50972212982446e-10
baseline_noce,NIG,Final Energy|Commercial|Gases|Gas,EJ/yr,,6.11857066844545e-05,0.000141447693362825,0.000232981383821433,0.000344640987542145,5.03868759995387e-10
baseline_noce,NIG,Final Energy|Commercial|Hydrogen,EJ/yr,,1.78842089925206e-08,2.0794799519117799e-10,2.02599998424485e-10,1.90095316594845e-10,6.36607422689112e-11
baseline_noce,NIG,Final Energy|Commercial|Heat,EJ/yr,,9.57036448290808e-05,0.00022117782897140901,0.000364306598763333,0.00053890599285694,0.00102246509636297
baseline_noce,NIG,Final Energy|Commercial|Liquids,EJ/yr,4.6000004197790505e-05,3.24746055424475e-05,9.19497180986424e-11,2.70585506831935e-06,,
baseline_noce,NIG,Final Energy|Commercial|Liquids|Oil,EJ/yr,4.6000004197790505e-05,3.24746055424475e-05,9.19497180986424e-11,2.88924293040903e-11,,
baseline_noce,NIG,Final Energy|Commercial|Solids,EJ/yr,0.11551899998577299,0.0953067914609088,0.0766080919395683,0.0645303939833777,0.0476926086221185,0.00417747058123077
baseline_noce,NIG,Final Energy|Transportation|Electricity,EJ/yr,,0.0001477125873537,0.0006033443033370541,0.00127405735596763,0.174561124787316,0.484997317869014
baseline_noce,NIG,Final Energy|Transportation|Gases,EJ/yr,,0.000653047228912658,0.00420847857812145,0.0042578736010316694,0.00402262579482336,6.963347110439019e-10
baseline_noce,NIG,Final Energy|Transportation|Gases|Gas,EJ/yr,,0.000653047228912658,0.00420847857812145,0.0042578736010316694,0.00402262579482336,6.963347110439019e-10
baseline_noce,NIG,Final Energy|Transportation|Hydrogen,EJ/yr,,3.64162840167841e-05,0.00011372909078350201,0.000374579092698966,0.000766467569532072,0.00754318494362869
baseline_noce,NIG,Final Energy|Transportation|Liquids,EJ/yr,0.8702939999872521,0.911556211542627,0.945022532090093,1.07659785640201,0.747113131418388,0.42471132925898797
baseline_noce,NIG,Final Energy|Transportation|Liquids|Oil,EJ/yr,0.8702939999872521,0.91153155233623,0.940170280584682,1.05051647878319,0.6821515434605521,0.245793768147397
baseline_noce,RUS,Final Energy|Agriculture|Electricity,EJ/yr,0.07095111112643031,0.070218146415015,0.06922866087524601,0.0683442235540737,0.0676791756667527,0.11567695403466201
baseline_noce,RUS,Final Energy|Agriculture|Gases,EJ/yr,0.0516550809046692,0.0533026084032339,0.054523149155271296,0.0649270398717927,0.0688340098707493,0.0529394426130783
baseline_noce,RUS,Final Energy|Agriculture|Gases|Gas,EJ/yr,0.0516550809046692,0.0533026084032339,0.054523149155271296,0.0554478653809847,0.056513659817592196,0.052939441100916494
baseline_noce,RUS,Final Energy|Agriculture|Heat,EJ/yr,0.10642316668412699,0.0872995256850191,0.0629544971737921,0.130270625320555,0.137272403293107,0.137962929866876
baseline_noce,RUS,Final Energy|Agriculture|Liquids,EJ/yr,0.143008223987765,0.14303392749944002,0.138609116892524,0.06773425643246399,0.0458974512934717,0.0185279344087243
baseline_noce,RUS,Final Energy|Agriculture|Liquids|Oil,EJ/yr,0.143008223987765,0.14303392749944002,0.138609116892524,0.0324211459182546,3.32071517999768e-09,0.007499542183045499
baseline_noce,RUS,Final Energy|Agriculture|Solids,EJ/yr,0.0054780085852205295,0.0204905797861171,0.029315889248576203,0.0109984528003942,0.013323347843014,5.55608715318227e-09
baseline_noce,RUS,Final Energy|Agriculture|Solids|Coal,EJ/yr,0.0022510035283064803,0.0022497331338508,0.00221853931082169,4.0630411603463003e-10,2.53326301704447e-10,9.9726851921793e-10
baseline_noce,RUS,Final Energy|Industry|Electricity,EJ/yr,1.22598899967282,1.76677746150676,2.36434383104807,2.92768749714043,3.1828265086793097,3.98883300344792
baseline_noce,RUS,Final Energy|Industry|Gases,EJ/yr,3.5332410004900696,3.41638466420361,2.61432461061446,1.7584046993198001,1.00569400858183,1.44331237260838
baseline_noce,RUS,Final Energy|Industry|Gases|Gas,EJ/yr,3.5332410004900696,3.41638466420361,2.61432461061446,1.7572287526197599,1.00569400847564,1.44331237256765
baseline_noce,RUS,Final Energy|Industry|Hydrogen,EJ/yr,,0.00117592558036378,0.0624767941257168,0.36822489009813103,0.5751633839339201,0.183622944926635
baseline_noce,RUS,Final Energy|Industry|Heat,EJ/yr,1.5125000001212299,0.9298690116033119,0.8851020748588639,2.40832192802291,2.95453720991752,4.20318180547482
baseline_noce,RUS,Final Energy|Industry|Liquids,EJ/yr,0.809778000481031,0.9387612223730809,1.60145360649533,0.5239817000527051,0.351976411330841,0.08322974084127491
baseline_noce,RUS,Final Energy|Industry|Liquids|Oil,EJ/yr,0.809778000481031,0.9387612223730809,1.60145360649533,0.522805753115492,0.348906590120064,0.0832297396829573
baseline_noce,RUS,Final Energy|Industry|Solids,EJ/yr,1.7343730010865799,1.8587910132116698,1.29760306694396,0.169315041722639,0.197418227561884,0.0856620975719887
baseline_noce,RUS,Final Energy|Industry|Solids|Coal,EJ/yr,1.60802500107568,1.7240508055320398,1.1720776262710202,0.055826849261107495,0.055642847570555,0.0532486136234608
baseline_noce,RUS,Final Energy|Residential|Electricity,EJ/yr,0.57916000002569,0.6272534136360419,0.689416756363927,1.26266469243106,1.72412167134019,2.8840281713812
baseline_noce,RUS,Final Energy|Residential|Gases,EJ/yr,2.72125699999363,2.9791303503467996,3.08567372764902,0.771100635315951,0.147313569382448,0.0925214907943487
baseline_noce,RUS,Final Energy|Residential|Gases|Gas,EJ/yr,2.72125699999363,2.9791303503467996,3.08567372764902,0.771100635315951,0.147313569382448,0.0925214907943487
baseline_noce,RUS,Final Energy|Residential|Hydrogen,EJ/yr,,9.922036471218661e-08,9.54084293752854e-10,1.00031736468529,0.793346957124347,8.695371283566581e-10
baseline_noce,RUS,Final Energy|Residential|Heat,EJ/yr,1.99616199999478,1.3755745853027699,0.626828731525082,3.1873260972787205e-08,1.9417957841983303e-08,2.53933876534649e-09
baseline_noce,RUS,Final Energy|Residential|Liquids,EJ/yr,0.623141999994436,0.624797452750576,0.575095159604785,0.416853489455284,0.321116549541641,0.059632581288043704
baseline_noce,RUS,Final Energy|Residential|Liquids|Oil,EJ/yr,0.622273362900883,0.624797452750576,0.575095159604785,0.416853489455284,0.321116549541641,0.059632581288043704
baseline_noce,RUS,Final Energy|Residential|Solids,EJ/yr,0.11998400004775099,0.0913989212296033,0.038560288372887795,0.00228764312300621,0.00208114043469181,7.43623281959822e-10
baseline_noce,RUS,Final Energy|Residential|Solids|Coal,EJ/yr,0.07627000005331619,0.0614412158721767,0.038560286879015304,1.00364928502596e-10,,6.73430476135155e-11
baseline_noce,RUS,Final Energy|Commercial|Electricity,EJ/yr,0.5503279999999999,0.68734355822476,0.8100612794890281,0.866832590345703,0.910162301310376,1.1087688998396399
baseline_noce,RUS,Final Energy|Commercial|Gases,EJ/yr,0.236074999999455,0.178143122502544,0.109214807042096,0.06697994313147809,0.0653147180944094,2.0832121879917402e-09
baseline_noce,RUS,Final Energy|Commercial|Gases|Gas,EJ/yr,0.236074999999455,0.178143122502544,0.109214807042096,9.99300161070012e-10,7.63050180726263e-10,1.7643951601968e-09
baseline_noce,RUS,Final Energy|Commercial|Hydrogen,EJ/yr,,3.5086317278635e-08,2.18092331751194e-10,9.715626669211579e-10,2.19594294809094e-07,1.1227854173484701e-10
baseline_noce,RUS,Final Energy|Commercial|Heat,EJ/yr,0.791349999999999,0.8333718085572189,0.891651343873712,0.9718135200553699,1.06748243443002,1.22606008736387
baseline_noce,RUS,Final Energy|Commercial|Liquids,EJ/yr,0.062434000001527504,0.0441035138369365,0.0220717859308,0.0036890918434039103,3.46715446314411e-09,1.01551405849708e-09
baseline_noce,RUS,Final Energy|Commercial|Liquids|Oil,EJ/yr,0.062434000001527504,0.0441035138369365,0.0220717859308,7.468012004277021e-05,3.46715446314411e-09,1.01551405849708e-09
baseline_noce,RUS,Final Energy|Commercial|Solids,EJ/yr,0.0811750000170406,0.058542801720648296,0.0313841642104488,0.0119505634489674,0.0053113599951717895,
baseline_noce,RUS,Final Energy|Commercial|Solids|Coal,EJ/yr,0.0331960000197614,0.026556800801524703,0.0185897620242893,0.0119505616554994,0.0053113599951717895,
baseline_noce,RUS,Final Energy|Transportation|Electricity,EJ/yr,0.19385552749999999,0.200270213030784,0.20291398159516,0.284133256593027,0.45036183694844,1.11559263228595
baseline_noce,RUS,Final Energy|Transportation|Gases,EJ/yr,0.025603000008651802,0.0253703503263078,0.0418999631478261,0.038971145229687205,0.0356229189325356,0.000236603983001557
baseline_noce,RUS,Final Energy|Transportation|Gases|Gas,EJ/yr,0.025603000008651802,0.0253703503263078,0.0418999631478261,0.038971145229687205,0.0356229189325356,0.000236603983001557
baseline_noce,RUS,Final Energy|Transportation|Hydrogen,EJ/yr,,0.0033306307405150297,0.00332974992329443,0.0162133578751731,0.0183192643696897,0.0253383422851065
baseline_noce,RUS,Final Energy|Transportation|Liquids,EJ/yr,3.0343250000155497,3.37170579109651,3.52909280995767,3.34566948768648,2.96586017403787,2.78100894080615
baseline_noce,RUS,Final Energy|Transportation|Liquids|Oil,EJ/yr,3.0343250000155497,3.36820664227037,3.47375681583841,3.1666586066063602,2.6844970415527802,2.19819516480834
baseline_noce,SKT,Final Energy|Agriculture|Electricity,EJ/yr,0.0615100100574668,0.06068775957596,0.0598297358078863,0.0588098282440691,0.0574122764111899,0.062082074753151
baseline_noce,SKT,Final Energy|Agriculture|Gases,EJ/yr,0.000201000038446294,0.00020964598100183503,0.000219318086326257,0.00306051226438467,0.0038622468296973097,0.00507580799790562
baseline_noce,SKT,Final Energy|Agriculture|Gases|Gas,EJ/yr,0.00017100003074698,0.000175719505575122,0.00017992821265530302,0.00018218984923961,0.000183061519688736,2.0231482348038702e-11
baseline_noce,SKT,Final Energy|Agriculture|Heat,EJ/yr,0.00122800020350413,0.0013224348302645801,0.00142057956597219,0.00149200458945272,0.00154991734154451,0.0016270567779922201
baseline_noce,SKT,Final Energy|Agriculture|Liquids,EJ/yr,0.0513520083993207,0.0511841336840938,0.0502307299442705,0.0444168415323487,0.0416007820488232,0.0225796111656426
baseline_noce,SKT,Final Energy|Agriculture|Liquids|Oil,EJ/yr,0.0513520083993207,0.0511841336840938,0.0502307299442705,0.0316750474953471,0.025274595340954602,
baseline_noce,SKT,Final Energy|Agriculture|Solids,EJ/yr,0.000636000106747035,0.00113157863596267,0.000400698609137218,0.0031615101381401497,0.0038634909884591997,0.00507580774265929
baseline_noce,SKT,Final Energy|Industry|Electricity,EJ/yr,0.9813209999644651,0.9789751551761571,1.0021862635415901,1.07889954976997,1.1146883083610701,1.1024561410962201
baseline_noce,SKT,Final Energy|Industry|Gases,EJ/yr,0.311508999971815,0.37554050620565904,0.314370438962399,0.198474401277899,0.173335057830204,0.0048014917344705
baseline_noce,SKT,Final Energy|Industry|Gases|Gas,EJ/yr,0.310546999970925,0.374452302331353,0.313510342313519,0.197548681221562,0.17257753688469898,0.00480149169150994
baseline_noce,SKT,Final Energy|Industry|Hydrogen,EJ/yr,,5.8241285273209295e-06,0.018825107424479,0.08201071196686731,0.0869543382795386,0.16430004418614602
baseline_noce,SKT,Final Energy|Industry|Heat,EJ/yr,0.133357999971487,0.134899363423115,0.22380000477284098,0.421789402236915,0.563485862891028,0.851065257852127
baseline_noce,SKT,Final Energy|Industry|Liquids,EJ/yr,0.151093999965208,0.15085069207031002,0.190914966670583,0.149696557168896,0.11674443556272099,0.009602983132991181
baseline_noce,SKT,Final Energy|Industry|Liquids|Oil,EJ/yr,0.151093999965208,0.15085069207031002,0.190914966670583,0.149288917185969,0.11568028734592499,0.00960298017536525
baseline_noce,SKT,Final Energy|Industry|Solids,EJ/yr,1.02154500031153,0.917438478554634,0.6722786410738011,0.379122929507911,0.14903139528002501,0.0958921736638107
baseline_noce,SKT,Final Energy|Industry|Solids|Coal,EJ/yr,0.927307000345401,0.8306039064069191,0.592269163653109,0.296099734662895,0.0618944092095764,0.0240074525750395
baseline_noce,SKT,Final Energy|Residential|Electricity,EJ/yr,0.242704010257768,0.26325958703805796,0.344790306629551,0.38472862282675696,0.41153881559063,0.479123022115129
baseline_noce,SKT,Final Energy|Residential|Gases,EJ/yr,0.384487999994319,0.391002504070935,0.333978410827095,0.271405617835554,0.189432841814186,
baseline_noce,SKT,Final Energy|Residential|Gases|Gas,EJ/yr,0.384487999994319,0.391002504070935,0.333978410827095,0.271405617835554,0.189432841814186,
baseline_noce,SKT,Final Energy|Residential|Hydrogen,EJ/yr,,5.37462288956561e-08,4.90362812105883e-10,1.70466779167093e-09,1.09988011319976e-09,0.0270540561288484
baseline_noce,SKT,Final Energy|Residential|Heat,EJ/yr,0.0849979999954188,0.0649812680875676,0.0409123790470075,0.0167893269492144,0.006550488820893431,1.15289123220297e-09
baseline_noce,SKT,Final Energy|Residential|Liquids,EJ/yr,0.130721000013551,0.0989978278167096,0.016179326477024202,1.09007943340699e-09,0.0067315899267809,
baseline_noce,SKT,Final Energy|Residential|Liquids|Oil,EJ/yr,0.13040838948161498,0.0989978278167096,0.016179326477024202,1.09007943340699e-09,0.0067315899267809,
baseline_noce,SKT,Final Energy|Residential|Solids,EJ/yr,0.017942000029140398,0.0107238921631859,0.008345740231293312,0.00080960917463754,0.000726084047771381,1.18826537625023e-09
baseline_noce,SKT,Final Energy|Residential|Solids|Coal,EJ/yr,0.0124770000344317,0.0100196846531304,0.00627666146773816,3.07377456049074e-10,1.2674027733617798e-10,
baseline_noce,SKT,Final Energy|Commercial|Electricity,EJ/yr,0.589001999999999,0.617518317084656,0.5908155015244849,0.615273318257769,0.635756854372083,0.5992199112309691
baseline_noce,SKT,Final Energy|Commercial|Gases,EJ/yr,0.16835399999249298,0.17955614241742002,0.197756565959915,0.173800259027485,0.10719533716678799,0.049457857154102905
baseline_noce,SKT,Final Energy|Commercial|Gases|Gas,EJ/yr,0.167396999992536,0.178473624072647,0.196500025215389,0.171890679933472,0.029225312194063702,
baseline_noce,SKT,Final Energy|Commercial|Hydrogen,EJ/yr,,3.8346226934953495e-08,2.1715503372516e-10,8.64336824579843e-10,4.47526031588573e-10,3.51993044368092e-10
baseline_noce,SKT,Final Energy|Commercial|Heat,EJ/yr,0.019821000000000002,0.00432251254261739,0.0077320722853009395,3.5287403704930903e-10,5.418438920760219e-10,2.55047058889943e-10
baseline_noce,SKT,Final Energy|Commercial|Liquids,EJ/yr,0.0688890000265795,0.0531977287638537,0.00920105719097314,0.00150111824820548,0.00228410361080162,
baseline_noce,SKT,Final Energy|Commercial|Liquids|Oil,EJ/yr,0.0688890000265795,0.0531977287638537,0.00920105719097314,6.61115755950279e-10,0.00228410361080162,
baseline_noce,SKT,Final Energy|Commercial|Solids,EJ/yr,0.0276489999940348,0.015018383390402,0.0108443837775748,0.00481061507962327,0.0236953836071945,0.00331109274497775
baseline_noce,SKT,Final Energy|Transportation|Electricity,EJ/yr,0.0106381,0.0274078956879798,0.048703333818403104,0.157137207558773,0.396515240476922,0.737644469778265
baseline_noce,SKT,Final Energy|Transportation|Gases,EJ/yr,0.0498289999938164,0.0576004401060089,0.13463839054653598,0.124406617703613,0.120728258728204,0.012491888578416599
baseline_noce,SKT,Final Energy|Transportation|Gases|Gas,EJ/yr,0.0498289999938164,0.0576004401060089,0.13463839054653598,0.124406617703613,0.120728258728204,0.012491888578416599
baseline_noce,SKT,Final Energy|Transportation|Hydrogen,EJ/yr,,9.107019707877049e-05,0.0007246937479523961,0.00138586440905706,0.002201770779347,0.153335129222988
baseline_noce,SKT,Final Energy|Transportation|Liquids,EJ/yr,2.04487999997805,2.23350146975484,2.26118899447591,2.2673077892534903,1.75527243506247,1.03293749807926
baseline_noce,SKT,Final Energy|Transportation|Liquids|Oil,EJ/yr,2.02156450997842,2.20449031536092,2.15857032389865,1.94283483112826,1.28293472365399,0.58304520796673
baseline_noce,USA,Final Energy|Agriculture|Electricity,EJ/yr,0.27074101166318004,0.274236768737406,0.313385623136376,0.590328950659769,0.697642616288443,0.846169685152242
baseline_noce,USA,Final Energy|Agriculture|Gases,EJ/yr,0.0621650026779952,0.0367394860216883,0.0699712752632463,0.0735819927542726,0.0573610863920209,4.19431585220842e-10
baseline_noce,USA,Final Energy|Agriculture|Gases|Gas,EJ/yr,0.0621650026779952,0.03673943079929581,0.0699213812775037,0.0735819916986132,0.057361085897217695,
baseline_noce,USA,Final Energy|Agriculture|Liquids,EJ/yr,0.507050021846395,0.520771143433686,0.457160416918991,0.17539441501911698,0.17491068493139,0.121007517195801
baseline_noce,USA,Final Energy|Agriculture|Liquids|Oil,EJ/yr,0.499254021508172,0.511952375610222,0.446924268928854,0.0427375556492659,1.44127650579162e-09,
baseline_noce,USA,Final Energy|Agriculture|Solids,EJ/yr,0.0591910025499054,0.0807896322058965,0.0731468489785065,0.0798437423301772,1.37096661107628e-09,
baseline_noce,USA,Final Energy|Industry|Electricity,EJ/yr,2.6958620010807,2.87418733865358,3.09991818434749,5.41100989877024,7.67703952203917,12.935643255244601
baseline_noce,USA,Final Energy|Industry|Gases,EJ/yr,6.57003300105796,6.89424793821263,6.52980082080232,4.460837168519539,3.1267753387316204,0.11595893464159801
baseline_noce,USA,Final Energy|Industry|Gases|Gas,EJ/yr,6.569656001057281,6.893819841780229,6.5289605008319,4.46056896797996,3.12658958084448,0.115958934622146
baseline_noce,USA,Final Energy|Industry|Hydrogen,EJ/yr,,3.31541685673416e-08,0.0702462308326427,0.08493623198714251,0.110809056606054,0.0541196280564454
baseline_noce,USA,Final Energy|Industry|Heat,EJ/yr,0.199605999957714,0.689286571723027,1.4733221437529,2.01691347372291,2.0451288659737,1.58313323697141
baseline_noce,USA,Final Energy|Industry|Liquids,EJ/yr,0.753926200964612,0.772273618855294,0.669435923079001,0.557312378318874,0.369475639195328,0.027855336614770403
baseline_noce,USA,Final Energy|Industry|Liquids|Oil,EJ/yr,0.715629999914548,0.72877904558751,0.6189510731009911,0.49339062917591797,0.34238544056467995,0.0278553338907416
baseline_noce,USA,Final Energy|Industry|Solids,EJ/yr,2.2071080010548196,2.10518933297199,1.8316431776525999,1.23392027840928,0.871629698387019,0.101702018335951
baseline_noce,USA,Final Energy|Industry|Solids|Coal,EJ/yr,0.826098001100548,0.687106449977958,0.37211743052972995,0.26495598910505697,0.211416328107721,0.0877743513905804
baseline_noce,USA,Final Energy|Residential|Electricity,EJ/yr,5.17157608903101,5.38597965352068,6.12537752363957,7.48444112026121,8.9333645009096,11.5908157561224
baseline_noce,USA,Final Energy|Residential|Gases,EJ/yr,4.94375221697001,4.44998322670391,2.6749594982861398,1.92414081759298,0.557441650987357,
baseline_noce,USA,Final Energy|Residential|Gases|Gas,EJ/yr,4.94375221697001,4.44998322670391,2.6749594982861398,1.92414081759298,0.557441650987357,
baseline_noce,USA,Final Energy|Residential|Hydrogen,EJ/yr,,5.29830701500542e-08,1.27100299687433e-10,2.15581910381564e-09,0.773519671632374,2.3882103295967697e-09
baseline_noce,USA,Final Energy|Residential|Heat,EJ/yr,0.014096000000000001,0.0181238204571656,0.00634320090541452,0.0300120787741843,0.0370475510704191,0.016039851103344698
baseline_noce,USA,Final Energy|Residential|Liquids,EJ/yr,0.6365750478868669,0.494421802788551,0.0595919402727357,0.0016023159679943199,5.8659106232941303e-08,
baseline_noce,USA,Final Energy|Residential|Liquids|Oil,EJ/yr,0.628677786340585,0.484729714693319,0.048342156291789895,0.00157169648861401,5.76579645621305e-08,
baseline_noce,USA,Final Energy|Residential|Solids,EJ/yr,0.5157569999974051,0.34383800679195503,2.22962984356492e-10,3.32527491368662e-10,2.4935359273237504e-10,
baseline_noce,USA,Final Energy|Commercial|Electricity,EJ/yr,4.91047408506057,5.14648367487091,5.01188089581038,5.73787391369171,6.0804730532297695,6.66320992422692
baseline_noce,USA,Final Energy|Commercial|Gases,EJ/yr,3.46457905101539,4.22109055406305,3.23585921353618,2.4532653956060697,1.41433550632006,6.466323197144011e-10
baseline_noce,USA,Final Energy|Commercial|Gases|Gas,EJ/yr,3.46228705097886,4.22109038598054,3.23284981755716,2.45326539461622,1.41433550558606,
baseline_noce,USA,Final Energy|Commercial|Hydrogen,EJ/yr,,3.4992486574541e-08,8.6867499610755e-11,1.79194974896918e-09,0.227947794821964,4.91190470714114e-11
baseline_noce,USA,Final Energy|Commercial|Heat,EJ/yr,0.0530120000000001,0.0397600855439893,0.023855401293151397,0.111691400777892,0.13181871938485698,9.18748629735084e-10
baseline_noce,USA,Final Energy|Commercial|Liquids,EJ/yr,0.47029800524794,0.373426178289882,0.0437523058959795,0.0226765007596262,0.000619950691365496,0.000229986997640575
baseline_noce,USA,Final Energy|Commercial|Liquids|Oil,EJ/yr,0.463691005162153,0.36595243708642405,0.0350773149098041,2.21053374318887e-09,1.43041166009419e-09,
baseline_noce,USA,Final Energy|Commercial|Solids,EJ/yr,0.09651500006229839,0.0664684952420737,2.91429260422242e-10,2.58990023805037e-10,9.5273565774861e-11,
baseline_noce,USA,Final Energy|Commercial|Solids|Coal,EJ/yr,0.0159380000529892,0.0127504225455996,,5.0560533263852e-11,1.62842108572387e-11,
baseline_noce,USA,Final Energy|Transportation|Electricity,EJ/yr,0.0473305998723296,0.210717149291658,2.56408891276606,4.9475600817649905,7.21511791064931,10.3488347836537
baseline_noce,USA,Final Energy|Transportation|Gases,EJ/yr,0.050416999995554594,0.0423082640067856,0.294738001611774,0.248293744094663,0.0152043234043391,4.26312016611206e-10
baseline_noce,USA,Final Energy|Transportation|Gases|Gas,EJ/yr,0.050416999995554594,0.0423082640067856,0.294738001611774,0.248293744094663,0.0152043234043391,4.26312016611206e-10
baseline_noce,USA,Final Energy|Transportation|Hydrogen,EJ/yr,,0.0129113880403522,0.030713660953753098,0.0550539954639761,0.0638374811339809,1.73337312151165
baseline_noce,USA,Final Energy|Transportation|Liquids,EJ/yr,26.8841132502759,28.859260337387298,22.892681845262302,19.928446662055098,15.9502534552176,10.1509393696606
baseline_noce,USA,Final Energy|Transportation|Liquids|Oil,EJ/yr,26.738732790276202,28.6740447399693,22.431780206251002,18.1669208414384,12.073126480897,2.6183073898079803
ndc_noce,AFE,Final Energy|Agriculture|Electricity,EJ/yr,0.00510100024253835,0.00573239972325941,0.0065969975341123996,0.00733846236926453,0.008078717203817311,0.0470383889761289
ndc_noce,AFE,Final Energy|Agriculture|Gases,EJ/yr,,,,2.58974814402373e-07,2.12384130971441e-07,9.257121134023341e-07
ndc_noce,AFE,Final Energy|Agriculture|Liquids,EJ/yr,0.018376000877184398,0.0167780786404784,0.00960211673572167,0.00336911040226766,3.4287134946976798e-06,0.034640110461331405
ndc_noce,AFE,Final Energy|Agriculture|Liquids|Oil,EJ/yr,0.018376000877184398,0.0167780786404784,0.00960211673572167,0.00336861665572872,3.0192596656352397e-06,0.0346394030935438
ndc_noce,AFE,Final Energy|Agriculture|Solids,EJ/yr,0.0546230025937149,0.06542776506002071,0.0840150403293535,0.0998540661255916,0.11262521671482299,0.0581708685148871
ndc_noce,AFE,Final Energy|Industry|Electricity,EJ/yr,0.0581229999759982,0.072655592537267,0.0934972905878802,0.10935257237703899,0.12436424477981,0.460176592626745
ndc_noce,AFE,Final Energy|Industry|Gases,EJ/yr,0.00618599999404894,0.0134517230799527,0.0149927829561246,0.008822974092661619,0.009533022545359711,0.096452737292649
ndc_noce,AFE,Final Energy|Industry|Gases|Gas,EJ/yr,0.00618599999404894,0.0134517230799527,0.0149927829561246,0.00882297342936877,0.00953302150732156,0.0964527348454955
ndc_noce,AFE,Final Energy|Industry|Hydrogen,EJ/yr,,5.0224489852357395e-11,3.9615630244796705e-05,3.9641879701928e-05,3.97081085726666e-05,5.54438966501169e-07
ndc_noce,AFE,Final Energy|Industry|Heat,EJ/yr,,0.007966804130346391,0.023176927588550503,0.046664138377869896,0.07755295864272421,0.165229032277907
ndc_noce,AFE,Final Energy|Industry|Liquids,EJ/yr,0.100466999959676,0.0917682832104911,0.0901769462033898,0.191529192095452,0.19595319930933702,0.23719008354962
ndc_noce,AFE,Final Energy|Industry|Liquids|Oil,EJ/yr,0.100466999959676,0.0917682832104911,0.0901769462033898,0.191529180773963,0.195953164004905,0.237190017662162
ndc_noce,AFE,Final Energy|Industry|Solids,EJ/yr,0.338079999949783,0.38288035893336797,0.47801147134568,0.44325801758143096,0.5143092271523461,0.15211089051493498
ndc_noce,AFE,Final Energy|Industry|Solids|Coal,EJ/yr,0.0598689999632947,0.0870298594340086,0.107650743646988,0.127551280722701,0.13814283832853,0.133696792853558
ndc_noce,AFE,Final Energy|Residential|Electricity,EJ/yr,0.08011800414963091,0.185839430913163,0.347460217452758,0.528900735316058,0.744963173655653,1.2054790660364498
ndc_noce,AFE,Final Energy|Residential|Gases,EJ/yr,,0.00616734415205679,0.0166140093234717,0.0414631736211383,0.0661413421516527,0.0033723773674530803
ndc_noce,AFE,Final Energy|Residential|Gases|Gas,EJ/yr,,0.00616734415205679,0.0166140093234717,0.0414631736211383,0.0661413421516527,0.0033723773674530803
ndc_noce,AFE,Final Energy|Residential|Hydrogen,EJ/yr,,0.00746423542459684,0.0135726502039543,0.014282985875565,0.0318511186400747,3.40308241435631e-07
ndc_noce,AFE,Final Energy|Residential|Heat,EJ/yr,,1.6239431618756803e-05,4.41627258073376e-05,7.52667962990327e-05,0.000112267531939883,0.00021136465051199398
ndc_noce,AFE,Final Energy|Residential|Liquids,EJ/yr,0.0447549999883717,0.0596044927983181,0.07936716219286749,0.102080503576056,0.130424015166566,0.0980745969281758
ndc_noce,AFE,Final Energy|Residential|Liquids|Oil,EJ/yr,0.0447549999883717,0.0596044927983181,0.07936716219286749,0.102080503576056,0.130424015166566,0.0980745969281758
ndc_noce,AFE,Final Energy|Residential|Solids,EJ/yr,2.9064279999815397,2.6784270636341,2.23250729673636,1.66025003342685,0.89124703512545,2.90391317644904e-06
ndc_noce,AFE,Final Energy|Residential|Solids|Coal,EJ/yr,0.000223000001247651,0.000180727895290801,0.000128860929494927,8.49234506243451e-05,4.92570572169184e-05,8.58205465852101e-08
ndc_noce,AFE,Final Energy|Commercial|Electricity,EJ/yr,0.034295,0.040762624991052,0.0505387609445744,0.0666365003595951,0.0857079338118758,0.14419496358826397
ndc_noce,AFE,Final Energy|Commercial|Gases,EJ/yr,,0.000105311067937002,0.000283122855914706,0.000470455479321385,0.000674761081527971,2.8074120846743497e-07
ndc_noce,AFE,Final Energy|Commercial|Gases|Gas,EJ/yr,,0.000105311067937002,0.000283122855914706,0.000470171546792323,0.000674459012468774,2.20252031548483e-07
ndc_noce,AFE,Final Energy|Commercial|Hydrogen,EJ/yr,,2.44294100151643e-06,8.16775264565537e-06,3.61642052544125e-05,0.000110880835812953,2.3484907435654702e-08
ndc_noce,AFE,Final Energy|Commercial|Heat,EJ/yr,,0.000201573301384575,0.000535785493319092,0.0009260409009449691,0.00142626024278978,4.14719772076185e-07
ndc_noce,AFE,Final Energy|Commercial|Liquids,EJ/yr,0.0217200000130493,0.015929946645844798,0.010565416725274999,0.0074573151128282805,0.00928157698612733,0.00319328160439107
ndc_noce,AFE,Final Energy|Commercial|Liquids|Oil,EJ/yr,0.0217200000130493,0.015929946645844798,0.010565416725274999,0.00745727816131071,0.00928157698612733,0.00319328160439107
ndc_noce,AFE,Final Energy|Commercial|Solids,EJ/yr,0.174770999984471,0.151831348400839,0.142641957242084,0.122679410717067,0.0812468819031206,1.32943257034549e-07
ndc_noce,AFE,Final Energy|Transportation|Electricity,EJ/yr,,0.00228272134058848,0.00244788597342586,0.00235936287714408,0.0008999300835080531,0.495884728862385
ndc_noce,AFE,Final Energy|Transportation|Gases,EJ/yr,,1.67112257372356e-07,0.0138562572806927,0.013851470133567498,8.7893527887175e-08,4.850657144109681e-07
ndc_noce,AFE,Final Energy|Transportation|Gases|Gas,EJ/yr,,1.67112257372356e-07,0.0138562572806927,0.013851470133567498,8.7893527887175e-08,4.850657144109681e-07
ndc_noce,AFE,Final Energy|Transportation|Hydrogen,EJ/yr,,8.26748016651429e-06,9.71671174306077e-05,0.000291148111524267,0.0005320396821973589,0.0076804635744413
ndc_noce,AFE,Final Energy|Transportation|Liquids,EJ/yr,0.7722967000125049,0.901741136094269,1.12590909122377,1.41002644494749,1.7032640457642698,1.82699670974653
ndc_noce,AFE,Final Energy|Transportation|Liquids|Oil,EJ/yr,0.7722967000125049,0.901741109485396,1.11208307582278,1.34870287233731,1.5973924464613598,1.55973119290086
ndc_noce,AFN,Final Energy|Agriculture|Electricity,EJ/yr,0.0528260055745844,0.0578879916038553,0.0664809283505255,0.0651296518141967,0.0689647677273375,0.0880047011647255
ndc_noce,AFN,Final Energy|Agriculture|Gases,EJ/yr,0.00255700027247236,0.00285107053763599,0.00320778734878653,0.0035078376397818596,0.0026869564990395396,0.00418164699510541
ndc_noce,AFN,Final Energy|Agriculture|Gases|Gas,EJ/yr,0.00255700027247236,0.00285107053763599,0.00320778734878653,0.0035076707488159303,0.00268684347222773,0.00418138025616568
ndc_noce,AFN,Final Energy|Agriculture|Liquids,EJ/yr,0.0904690095493758,0.0955433734071993,0.09751344870715341,0.105522913151287,0.111467077714531,0.102514267911012
ndc_noce,AFN,Final Energy|Agriculture|Liquids|Oil,EJ/yr,0.0904690095493758,0.0955433734071993,0.09751344870715341,0.10552266884738999,0.111466922900174,0.10251401834170601
ndc_noce,AFN,Final Energy|Agriculture|Solids,EJ/yr,,5.55158217231437e-07,4.6329942540050603e-07,0.0015643170554343999,0.00199873299188309,0.0027494591683111
ndc_noce,AFN,Final Energy|Industry|Electricity,EJ/yr,0.317964999776774,0.352937893787902,0.397086440155703,0.45403723136933305,0.510420791678799,0.6332268140740469
ndc_noce,AFN,Final Energy|Industry|Gases,EJ/yr,0.939821000119489,1.05567132474721,0.972003973136019,0.860384951947571,0.724701773002648,0.395364455708047
ndc_noce,AFN,Final Energy|Industry|Gases|Gas,EJ/yr,0.939821000119489,1.05567132474721,0.972003973136019,0.860384942135778,0.724701765870048,0.395364442210261
ndc_noce,AFN,Final Energy|Industry|Hydrogen,EJ/yr,,0.00017958965633630498,5.91460016049883e-07,0.000680832502982101,0.0017764096074508599,0.00528776754840649
ndc_noce,AFN,Final Energy|Industry|Heat,EJ/yr,,0.000180542837154579,0.000499335697896501,0.000982826143206129,0.00176195924063969,0.004320411372430309
ndc_noce,AFN,Final Energy|Industry|Liquids,EJ/yr,0.387058999935488,0.358447121182891,0.646223434086568,1.03727743555909,1.49883685962858,2.73424811817814
ndc_noce,AFN,Final Energy|Industry|Liquids|Oil,EJ/yr,0.387058999935488,0.358447121182891,0.646223426530372,1.0372773948560101,1.4988367919424799,2.73424794531337
ndc_noce,AFN,Final Energy|Industry|Solids,EJ/yr,0.14742130960854002,0.149410973638147,0.142477978066159,0.129422951592202,0.119012880454215,0.104432284410027
ndc_noce,AFN,Final Energy|Industry|Solids|Coal,EJ/yr,0.123076309635871,0.125483553226112,0.117714639873233,0.104638081746289,0.0954331683197094,0.08820651517588711
ndc_noce,AFN,Final Energy|Residential|Electricity,EJ/yr,0.410094014698347,0.519003793388143,0.657484798040319,0.793080858921438,1.02864157996746,1.16158998034515
ndc_noce,AFN,Final Energy|Residential|Gases,EJ/yr,0.490880034809678,0.575812027336159,0.700550488422032,0.64454778224007,0.40598730840766,0.21453056546046198
ndc_noce,AFN,Final Energy|Residential|Gases|Gas,EJ/yr,0.490880034809678,0.575812027336159,0.700550488422032,0.64454778224007,0.40598730840766,0.21453056546046198
ndc_noce,AFN,Final Energy|Residential|Hydrogen,EJ/yr,,6.27404344405287e-08,2.2919569566561298e-07,3.4191729514453703e-07,3.32362817764656e-07,3.5153386853422e-07
ndc_noce,AFN,Final Energy|Residential|Heat,EJ/yr,,,,,,1.42641361719037e-08
ndc_noce,AFN,Final Energy|Residential|Liquids,EJ/yr,0.406858999996689,0.359108280608427,0.232345870160337,0.16281072479914202,0.0742786664007871,0.287276173195795
ndc_noce,AFN,Final Energy|Residential|Liquids|Oil,EJ/yr,0.406858999996689,0.359108280608427,0.232345870160337,0.16281072479914202,0.0742786664007871,0.287276173195795
ndc_noce,AFN,Final Energy|Residential|Solids,EJ/yr,0.135083000017723,0.00010256234302554,7.12239763183207e-05,4.4759349045833e-05,2.3100394392357103e-05,7.23273969628226e-06
ndc_noce,AFN,Final Energy|Residential|Solids|Coal,EJ/yr,0.00012800003170211798,0.00010247571682984601,7.114593322646889e-05,4.4655469323554295e-05,2.3007058799856502e-05,7.1451211394650695e-06
ndc_noce,AFN,Final Energy|Commercial|Electricity,EJ/yr,0.189525,0.209704153514995,0.22786760465102798,0.24347014377301499,0.275195119335011,0.34971020324295604
ndc_noce,AFN,Final Energy|Commercial|Gases,EJ/yr,0.00825399999529977,0.00918766380178611,0.0111696951578051,0.0121698324891206,0.013878692987069901,0.0187559088041021
ndc_noce,AFN,Final Energy|Commercial|Gases|Gas,EJ/yr,0.00825399999529977,0.00918766380178611,0.0111696951578051,0.0121697821898352,0.0138786496804065,0.0187558439142687
ndc_noce,AFN,Final Energy|Commercial|Hydrogen,EJ/yr,,4.61252682119487e-08,1.40591118698435e-07,1.67311867561414e-07,1.53241116960319e-07,1.8133775523914402e-07
ndc_noce,AFN,Final Energy|Commercial|Heat,EJ/yr,,0.000116766438312803,0.00030132562622943996,0.000517025434283458,0.000798551025441822,0.0016235533648382501
ndc_noce,AFN,Final Energy|Commercial|Liquids,EJ/yr,0.0125970000056194,0.012442266096319298,0.010767324300470501,0.0101341442579646,0.00595632927398701,0.00139948452732825
ndc_noce,AFN,Final Energy|Commercial|Liquids|Oil,EJ/yr,0.0125970000056194,0.012442266096319298,0.010767324300470501,0.010134133894248899,0.00595632927398701,0.00139948452732825
ndc_noce,AFN,Final Energy|Commercial|Solids,EJ/yr,0.0334379999867078,0.016691820291459797,0.00267508717324307,8.30010342630673e-08,7.32244414489421e-08,5.35099107912317e-08
ndc_noce,AFN,Final Energy|Transportation|Electricity,EJ/yr,0.00798699999999999,0.00965574891538226,0.024991862004976897,0.029441603722443203,0.047508828148378,0.128581422678616
ndc_noce,AFN,Final Energy|Transportation|Gases,EJ/yr,0.0152759999892356,0.014657819215614699,0.0209084268973879,0.0222765529319911,0.025901077392607,0.0323651988993357
ndc_noce,AFN,Final Energy|Transportation|Gases|Gas,EJ/yr,0.0152759999892356,0.014657819215614699,0.0209084268973879,0.0222765529319911,0.025901077392607,0.0323651988993357
ndc_noce,AFN,Final Energy|Transportation|Hydrogen,EJ/yr,,0.000343747913285664,0.00045389746562189497,0.00143009589809211,0.00232564022343714,0.0121970352101629
ndc_noce,AFN,Final Energy|Transportation|Liquids,EJ/yr,2.04404800000275,2.3110968677187,2.82602353999987,3.49892645334321,4.18645674186773,6.07345213970847
ndc_noce,AFN,Final Energy|Transportation|Liquids|Oil,EJ/yr,2.04404800000275,2.31109684450365,2.81642606809626,3.47585158471367,4.1230713968426995,5.9258335883442195
ndc_noce,AFW,Final Energy|Agriculture|Electricity,EJ/yr,0.00161000054304881,0.00183433572131316,0.0021531741463513302,0.00809457225982289,0.00270909394653766,0.0122209280242994
ndc_noce,AFW,Final Energy|Agriculture|Gases,EJ/yr,,,,2.3493000894608099e-07,1.97696449752792e-07,6.19297637969751e-07
ndc_noce,AFW,Final Energy|Agriculture|Liquids,EJ/yr,0.0119500040307039,0.0137447541403351,0.016083863223309798,0.018159709049604397,0.020306352455062397,0.0246526356913488
ndc_noce,AFW,Final Energy|Agriculture|Liquids|Oil,EJ/yr,0.0119500040307039,0.0137447541403351,0.016083863223309798,0.0181592748829421,0.0203059780597604,0.0246521065760152
ndc_noce,AFW,Final Energy|Agriculture|Solids,EJ/yr,0.008531002877484109,0.00962529698163612,0.0109689570167264,0.006449504055785049,0.0132515700245415,0.0064208128102479
ndc_noce,AFW,Final Energy|Industry|Electricity,EJ/yr,0.09074499972901179,0.0998027096960129,0.111065340800673,0.124558282233827,0.138497046094949,0.176609112888511
ndc_noce,AFW,Final Energy|Industry|Gases,EJ/yr,0.0546839999503789,0.0584804953946063,0.0609252562950953,0.0614773575488484,0.061186054219437104,0.06277713213858101
ndc_noce,AFW,Final Energy|Industry|Gases|Gas,EJ/yr,0.0546839999503789,0.0584804953946063,0.0609252562950953,0.0614773486608567,0.0611860453802156,0.062777117940866
ndc_noce,AFW,Final Energy|Industry|Hydrogen,EJ/yr,,2.95405838932076e-08,1.36681414747778e-07,2.57875066754976e-07,4.5798644507882204e-07,0.000248844762111284
ndc_noce,AFW,Final Energy|Industry|Heat,EJ/yr,,4.10898111640739e-06,1.0051363459794399e-05,1.9375810198216903e-05,3.3820039128115595e-05,8.06282233665166e-05
ndc_noce,AFW,Final Energy|Industry|Liquids,EJ/yr,0.11108899990686599,0.125547826622141,0.155097581817156,0.203200373198666,0.265778238614137,0.43605461982836197
ndc_noce,AFW,Final Energy|Industry|Liquids|Oil,EJ/yr,0.11108899990686599,0.125547826622141,0.155097581817156,0.203200337706542,0.265778173277645,0.436054465696186
ndc_noce,AFW,Final Energy|Industry|Solids,EJ/yr,0.07328099992404781,0.0814565943189174,0.0903477583476074,0.0960348250419368,0.0986274250654423,0.0903643996876954
ndc_noce,AFW,Final Energy|Industry|Solids|Coal,EJ/yr,0.0189379999337792,0.0303505966999283,0.0425507578970802,0.052443362584716505,0.0623431361398532,0.0821255152082237
ndc_noce,AFW,Final Energy|Residential|Electricity,EJ/yr,0.0787170053014802,0.170243608604442,0.312541825634813,0.458364194198098,0.6395749549213919,1.00974950329483
ndc_noce,AFW,Final Energy|Residential|Gases,EJ/yr,,0.0117127667283249,0.0323940247641058,0.056058673053157,0.0864716812997865,0.058950289224297
ndc_noce,AFW,Final Energy|Residential|Gases|Gas,EJ/yr,,0.0117127667283249,0.0323940247641058,0.056058673053157,0.0864716812997865,0.058950289224297
ndc_noce,AFW,Final Energy|Residential|Hydrogen,EJ/yr,,5.43186824754434e-08,1.897597689557e-07,2.89990746461233e-07,5.10251685241321e-07,7.215745320388119e-07
ndc_noce,AFW,Final Energy|Residential|Heat,EJ/yr,,5.50209313015665e-05,0.000152165066860144,0.00026331508887408303,0.00040617739476349704,0.0008056411928021699
ndc_noce,AFW,Final Energy|Residential|Liquids,EJ/yr,0.0624289999800637,0.0621205593169794,0.0758693378899621,0.08746765590427251,0.101860920642246,0.0977177333780516
ndc_noce,AFW,Final Energy|Residential|Liquids|Oil,EJ/yr,0.0624289999800637,0.0621205593169794,0.0758693378899621,0.08746765590427251,0.101860920642246,0.0977177333780516
ndc_noce,AFW,Final Energy|Residential|Solids,EJ/yr,2.11112799998377,1.99945708304432,1.70458320616239,1.30467440541317,0.752284638724836,1.1218138061733302e-06
ndc_noce,AFW,Final Energy|Commercial|Electricity,EJ/yr,0.04405,0.0539780920266893,0.0635439332053859,0.0815374064166518,0.0892285600926228,0.119527013767662
ndc_noce,AFW,Final Energy|Commercial|Gases,EJ/yr,,8.24285299372723e-05,0.00020710673992088,0.000353611650985517,0.0005426682910581509,0.00110175678117724
ndc_noce,AFW,Final Energy|Commercial|Gases|Gas,EJ/yr,,8.24285299372723e-05,0.00020710673992088,0.000353587441273888,0.000542645002809721,0.00110172114153982
ndc_noce,AFW,Final Energy|Commercial|Hydrogen,EJ/yr,,2.08891956701684e-08,5.09758435418286e-08,5.41708294499653e-08,1.00484565173275e-07,1.74798048639174e-07
ndc_noce,AFW,Final Energy|Commercial|Heat,EJ/yr,,0.000114099295960087,0.000286653754920073,0.000489391170905079,0.0007510824244022621,0.00152512015548426
ndc_noce,AFW,Final Energy|Commercial|Liquids,EJ/yr,0.00837200018056071,0.0039492846999523,0.0013886653745256098,0.000796606842942106,0.000314699043614748,4.44049956944319e-07
ndc_noce,AFW,Final Energy|Commercial|Liquids|Oil,EJ/yr,0.00837200018056071,0.0039492846999523,0.0013886653745256098,0.000796563341935361,0.000314699043614748,4.44049956944319e-07
ndc_noce,AFW,Final Energy|Commercial|Solids,EJ/yr,0.11294599998532501,0.107529613189659,0.10280465025346701,0.09084293937408801,0.0699520637458088,3.16809099081654e-07
ndc_noce,AFW,Final Energy|Transportation|Electricity,EJ/yr,6.90000000000001e-05,0.000191920373834784,0.000562446197372024,0.00178732492724191,0.00303187359433323,0.0929918675683054
ndc_noce,AFW,Final Energy|Transportation|Gases,EJ/yr,,0.00029636526645455204,0.008060682333870799,1.03019985636958e-08,1.25762079806573e-08,2.32680418360185e-08
ndc_noce,AFW,Final Energy|Transportation|Gases|Gas,EJ/yr,,0.00029636526645455204,0.008060682333870799,1.03019985636958e-08,1.25762079806573e-08,2.32680418360185e-08
ndc_noce,AFW,Final Energy|Transportation|Hydrogen,EJ/yr,,0.000164373089090725,0.000454408365077597,0.000958615180569624,0.00201178149933814,0.00961057993778546
ndc_noce,AFW,Final Energy|Transportation|Liquids,EJ/yr,0.727048689976103,0.831244315453895,0.9716716198814841,1.19905842669557,1.43655336666978,1.86991125638442
ndc_noce,AFW,Final Energy|Transportation|Liquids|Oil,EJ/yr,0.727048689976103,0.83124429888562,0.9672270478903869,1.16317107681945,1.3816420571071901,1.7841364306857799
ndc_noce,AFZ,Final Energy|Agriculture|Electricity,EJ/yr,0.029814002947800202,0.0326312261304713,0.0364529903210086,0.0396313254636676,0.0427338978501936,0.0484410751813871
ndc_noce,AFZ,Final Energy|Agriculture|Gases,EJ/yr,,,,1.44577996463182e-07,1.19215432528628e-07,2.37369215032461e-07
ndc_noce,AFZ,Final Energy|Agriculture|Liquids,EJ/yr,0.0776640076776893,0.08348817912499809,0.08964486188564029,0.0941774026120398,0.0980107898111319,0.103079765277574
ndc_noce,AFZ,Final Energy|Agriculture|Liquids|Oil,EJ/yr,0.0776640076776893,0.08348817912499809,0.08964486188564029,0.0941771994714003,0.0980106222792705,0.103079534853219
ndc_noce,AFZ,Final Energy|Agriculture|Solids,EJ/yr,0.0354070035019819,0.0405720876230072,0.047238434241907795,0.053092025324046804,0.0591194338542816,0.0712532740612902
ndc_noce,AFZ,Final Energy|Agriculture|Solids|Coal,EJ/yr,0.0193840019169376,0.0214295930013644,0.0239388207195497,0.026026276008,0.0280639282114724,0.0318095223722597
ndc_noce,AFZ,Final Energy|Industry|Electricity,EJ/yr,0.484649999460876,0.410640308653617,0.391703044425433,0.42137031155146504,0.514413152258278,0.619287196078322
ndc_noce,AFZ,Final Energy|Industry|Gases,EJ/yr,0.0969289999595775,0.0929791245004521,0.0789405632440526,0.0815997801544018,0.098653427360452,0.0816120618040881
ndc_noce,AFZ,Final Energy|Industry|Gases|Gas,EJ/yr,0.0969289999595775,0.0929791245004521,0.0789405632440526,0.08159977140261909,0.09865342013185299,0.08161204822174621
ndc_noce,AFZ,Final Energy|Industry|Hydrogen,EJ/yr,,0.000178450127792923,1.05631534487717e-07,7.68730746405366e-07,0.000935596411781382,0.000937687203706179
ndc_noce,AFZ,Final Energy|Industry|Heat,EJ/yr,,0.0005014583034532009,0.0013881104928202702,0.00273504870865069,0.00490438951915361,0.00784101303676362
ndc_noce,AFZ,Final Energy|Industry|Liquids,EJ/yr,0.18059299993925101,0.153987794600493,0.13165454192485898,0.10846830728238,0.08440226339162911,0.0565395859884137
ndc_noce,AFZ,Final Energy|Industry|Liquids|Oil,EJ/yr,0.18059299993925101,0.153987794600493,0.13165453427091298,0.10846826791466099,0.0844021941977561,0.056539412852766605
ndc_noce,AFZ,Final Energy|Industry|Solids,EJ/yr,0.49789499972053,0.442148060401315,0.505089095288086,0.663156680576115,0.8556953449838299,1.25505702161977
ndc_noce,AFZ,Final Energy|Industry|Solids|Coal,EJ/yr,0.37138099973803995,0.336837088523442,0.41765281052624603,0.590391189610262,0.800124588116573,1.2507754246510798
ndc_noce,AFZ,Final Energy|Residential|Electricity,EJ/yr,0.213717006357278,0.29006621795515003,0.39167116634251603,0.483654298233392,0.599711483479466,0.777090251750012
ndc_noce,AFZ,Final Energy|Residential|Gases,EJ/yr,0.000205000009993341,0.010454600666021401,0.0272727690429565,0.0453062666083957,0.0672913699968406,0.042475691204605905
ndc_noce,AFZ,Final Energy|Residential|Gases|Gas,EJ/yr,0.000205000009993341,0.010454600666021401,0.0272727690429565,0.0453062666083957,0.0672913699968406,0.042475691204605905
ndc_noce,AFZ,Final Energy|Residential|Hydrogen,EJ/yr,,4.0193555360707104e-08,1.2065074811897501e-07,2.7111111379778e-07,2.89844091474435e-07,3.36200250801568e-07
ndc_noce,AFZ,Final Energy|Residential|Heat,EJ/yr,,,,,,1.3239660702486201e-08
ndc_noce,AFZ,Final Energy|Residential|Liquids,EJ/yr,0.0534530000045394,0.055642658497778906,0.0597325452967731,0.0643695668669146,0.0722701513182742,0.0889116843671313
ndc_noce,AFZ,Final Energy|Residential|Liquids|Oil,EJ/yr,0.0534530000045394,0.055642658497778906,0.0597325452967731,0.0643695668669146,0.0722701513182742,0.0889116843671313
ndc_noce,AFZ,Final Energy|Residential|Solids,EJ/yr,1.27099899998723,1.13522180508523,0.904109347922897,0.630711863606376,0.275019487288105,0.0368068780165056
ndc_noce,AFZ,Final Energy|Residential|Solids|Coal,EJ/yr,0.197348000003231,0.15891214791625502,0.111764109102756,0.0718946417872946,0.0394531888837047,0.036806661007728204
ndc_noce,AFZ,Final Energy|Commercial|Electricity,EJ/yr,0.115461,0.122300880959638,0.122917446569769,0.142456525634632,0.16599549422957902,0.227155426913517
ndc_noce,AFZ,Final Energy|Commercial|Gases,EJ/yr,0.00121499999438644,0.0011933611629477501,0.0012432447353655101,0.000722385095505758,0.000180631749824436,0.0026863751697165502
ndc_noce,AFZ,Final Energy|Commercial|Gases|Gas,EJ/yr,0.00121499999438644,0.0011933611629477501,0.0012432447353655101,0.000722336425087141,0.000180588263773075,0.00268631018226045
ndc_noce,AFZ,Final Energy|Commercial|Hydrogen,EJ/yr,,2.49429907830183e-08,5.5791996514635295e-08,1.0670352300868999e-07,9.272629474068791e-08,1.0463705828138299e-07
ndc_noce,AFZ,Final Energy|Commercial|Heat,EJ/yr,,0.0002800417206338,0.0006370000956790019,0.00101694750652479,0.00149414663780046,0.00285591781627787
ndc_noce,AFZ,Final Energy|Commercial|Liquids,EJ/yr,0.037568000000055696,0.0270411742071276,0.0145442259568589,0.0042746609744134505,0.0035822591399723097,0.00466834636705277
ndc_noce,AFZ,Final Energy|Commercial|Liquids|Oil,EJ/yr,0.037568000000055696,0.0270411742071276,0.0145442259568589,0.0042746452327831206,0.0035822591399723097,0.00466834636705277
ndc_noce,AFZ,Final Energy|Commercial|Solids,EJ/yr,0.102061000021916,0.08563278420494601,0.08084805120889671,0.0810555611527023,0.0696391324319118,0.0464795473476771
ndc_noce,AFZ,Final Energy|Commercial|Solids|Coal,EJ/yr,0.09678900003272381,0.0845783096975858,0.0804254085427919,0.0810552355551218,0.06963887193795369,0.046479404942076
ndc_noce,AFZ,Final Energy|Transportation|Electricity,EJ/yr,0.010171339872134701,0.0115302636159966,0.0110881222410351,0.0143183084428171,0.014765779430174802,0.0119453710201242
ndc_noce,AFZ,Final Energy|Transportation|Gases,EJ/yr,8.199998885382891e-05,0.000983022212105898,0.030185337854876503,0.021033420724371803,0.00135138888045362,0.00135254833581259
ndc_noce,AFZ,Final Energy|Transportation|Gases|Gas,EJ/yr,8.199998885382891e-05,0.000983022212105898,0.030185337854876503,0.021033420724371803,0.00135138888045362,0.00135254833581259
ndc_noce,AFZ,Final Energy|Transportation|Hydrogen,EJ/yr,,0.000478935067710185,0.0007305923944095279,0.00221733622158858,0.0035583585724409403,0.0200117797986841
ndc_noce,AFZ,Final Energy|Transportation|Liquids,EJ/yr,1.27961517998375,1.3680352900358301,1.538067651719,1.87159372888166,2.2257398174079097,3.0865450357722497
ndc_noce,AFZ,Final Energy|Transportation|Liquids|Oil,EJ/yr,1.27961517998375,1.3680352664969,1.49804598770163,1.76026315027801,1.99477141233503,2.75089246105593
ndc_noce,AFZ,Final Energy|Transportation|Solids,EJ/yr,0.000146000051636784,0.00015859929832262901,4.98989094433983e-07,5.75251532266722e-05,4.8472410270070297e-05,1.912401302047e-06
ndc_noce,AFZ,Final Energy|Transportation|Solids|Coal,EJ/yr,0.000146000051636784,0.00015859929832262901,4.98989094433983e-07,5.75251532266722e-05,4.8472410270070297e-05,1.912401302047e-06
ndc_noce,ANZ,Final Energy|Agriculture|Electricity,EJ/yr,0.0169890017189279,0.0176131601581653,0.0244630301529652,0.0309922516647684,0.0343134961421524,0.0436160889713282
ndc_noce,ANZ,Final Energy|Agriculture|Gases,EJ/yr,0.0024270002479599203,0.00262302754338881,0.00283898869669336,0.00301676347770816,0.0007495208677034801,0.00356184489208044
ndc_noce,ANZ,Final Energy|Agriculture|Gases|Gas,EJ/yr,0.0024270002479599203,0.00262302754338881,0.00283898869669336,0.0030164590547071303,0.000749308092320336,0.00356124825601955
ndc_noce,ANZ,Final Energy|Agriculture|Heat,EJ/yr,0.00044500004774987803,0.000503435198878426,0.000572262619827856,0.0006308451073732509,0.000690796137429987,0.000816994557798837
ndc_noce,ANZ,Final Energy|Agriculture|Liquids,EJ/yr,0.0998320100918291,0.102940610356529,0.0984051311299974,0.0981699680834077,0.100129810144334,0.0917995023505127
ndc_noce,ANZ,Final Energy|Agriculture|Liquids|Oil,EJ/yr,0.0998320100918291,0.102940610356529,0.0984051311299974,0.0981691705686787,0.100129373797933,0.0917980029833005
ndc_noce,ANZ,Final Energy|Agriculture|Solids,EJ/yr,0.00203800020866539,0.00275104872182024,0.00376915807366558,4.65312974694341e-06,1.3689364589185598e-06,1.68670224094483e-06
ndc_noce,ANZ,Final Energy|Agriculture|Solids|Coal,EJ/yr,0.00203800020866539,0.00213375799251353,3.00000546229961e-07,3.15367541139418e-07,1.99010758885081e-07,2.7007274497693396e-07
ndc_noce,ANZ,Final Energy|Industry|Electricity,EJ/yr,0.331984999655664,0.34196041393002796,0.37815697442267704,0.583634274300485,0.74067751919491,1.00070808136574
ndc_noce,ANZ,Final Energy|Industry|Gases,EJ/yr,0.426980999856304,0.424739117278164,0.410812840323634,0.271991056239991,0.158235473673907,0.013064794647171401
ndc_noce,ANZ,Final Energy|Industry|Gases|Gas,EJ/yr,0.426340999855758,0.424015151020075,0.409972539314671,0.27155637091205104,0.15791290490822002,0.0130229002738991
ndc_noce,ANZ,Final Energy|Industry|Hydrogen,EJ/yr,,3.91279404356385e-08,1.8139911217902902e-07,0.021153928695842,0.0194983941501715,0.0206978282748276
ndc_noce,ANZ,Final Energy|Industry|Heat,EJ/yr,,0.0172288487991814,0.0846791244890933,0.158796598780037,0.247311513784743,0.446447082514285
ndc_noce,ANZ,Final Energy|Industry|Liquids,EJ/yr,0.197612000093721,0.18018045232268698,0.16074580083145,0.131688420170061,0.0962793538476528,0.00378059809365416
ndc_noce,ANZ,Final Energy|Industry|Liquids|Oil,EJ/yr,0.197612000093721,0.18018045232268698,0.160745792460822,0.131688349885837,0.0962792646658949,0.00378040513766539
ndc_noce,ANZ,Final Energy|Industry|Solids,EJ/yr,0.314465000057073,0.315056447986156,0.23113419660464898,0.134671906080604,0.10102346375768301,0.0195150808140078
ndc_noce,ANZ,Final Energy|Industry|Solids|Coal,EJ/yr,0.188257000099126,0.202431952183638,0.06434375722207661,0.055138522114954694,0.042916300649336894,0.0180163048929594
ndc_noce,ANZ,Final Energy|Residential|Electricity,EJ/yr,0.257046000003847,0.284036323584532,0.322011439251262,0.35856980163930596,0.412783689874802,0.525132732708961
ndc_noce,ANZ,Final Energy|Residential|Gases,EJ/yr,0.158051999994449,0.177917993581076,0.0720393605947442,0.0594284825311858,0.0196349114457174,8.031218520092651e-05
ndc_noce,ANZ,Final Energy|Residential|Gases|Gas,EJ/yr,0.158051999994449,0.177917993581076,0.0720393605947442,0.0594284825311858,0.0196349114457174,8.031218520092651e-05
ndc_noce,ANZ,Final Energy|Residential|Hydrogen,EJ/yr,,5.4590564317654794e-08,8.45622205464544e-08,0.0013470148673748199,0.00345902600915305,1.4111739229512299e-05
ndc_noce,ANZ,Final Energy|Residential|Heat,EJ/yr,0.000208,0.00015692155471637,9.587681395840331e-05,4.51014525246149e-05,4.93161758735399e-06,8.345151283509329e-06
ndc_noce,ANZ,Final Energy|Residential|Liquids,EJ/yr,0.0189739999928812,0.015180367648819599,0.00360992244634643,0.00158781366005378,0.00210158644119875,3.54427028753121e-07
ndc_noce,ANZ,Final Energy|Residential|Liquids|Oil,EJ/yr,0.0189666063427571,0.015180367648819599,0.00360992244634643,0.00158781366005378,0.00210158644119875,3.54427028753121e-07
ndc_noce,ANZ,Final Energy|Residential|Solids,EJ/yr,0.014401000048966599,0.0096079744101011,1.96910552107321e-05,5.13665903162765e-07,1.52547250585616e-05,1.35361039479899e-07
ndc_noce,ANZ,Final Energy|Residential|Solids|Coal,EJ/yr,0.000279000054056518,0.000209878985290838,3.53953009459008e-08,7.2008867142466e-08,3.58665946953753e-08,1.41953392934702e-08
ndc_noce,ANZ,Final Energy|Commercial|Electricity,EJ/yr,0.290970999999999,0.342348440479628,0.363000103256734,0.397903198143238,0.417883465117009,0.465168148535228
ndc_noce,ANZ,Final Energy|Commercial|Gases,EJ/yr,0.0616789999939295,0.0430482508474898,0.0177604840137284,0.010958473553299299,0.0102084200886304,0.00262564424249787
ndc_noce,ANZ,Final Energy|Commercial|Gases|Gas,EJ/yr,0.061083999993988,0.0423752522482211,0.0169792681058341,0.010958370844200701,0.0102083371626415,0.00262554113212675
ndc_noce,ANZ,Final Energy|Commercial|Hydrogen,EJ/yr,,2.8233628124433998e-08,3.3479378194856005e-08,0.00186747321254477,0.00180136065973634,0.000463306694928199
ndc_noce,ANZ,Final Energy|Commercial|Heat,EJ/yr,0.002378,0.0022003122503605602,0.00211060664946309,0.00235008128176212,0.0020725843019354802,0.00115061961668421
ndc_noce,ANZ,Final Energy|Commercial|Liquids,EJ/yr,0.034218999995558795,0.024536176724172302,0.0125057682179176,0.00202142619822725,4.40484555939415e-07,1.03688691044806e-07
ndc_noce,ANZ,Final Energy|Commercial|Liquids|Oil,EJ/yr,0.034218999995558795,0.024536176724172302,0.0125057682179176,0.00202136906286244,4.40484555939415e-07,1.03688691044806e-07
ndc_noce,ANZ,Final Energy|Commercial|Solids,EJ/yr,0.00185300008402198,0.0014514834094958799,6.19460939473345e-05,0.0005836674328578691,8.71458971860026e-08,3.40708777206768e-08
ndc_noce,ANZ,Final Energy|Commercial|Solids|Coal,EJ/yr,0.00162100008644576,0.00129680838412382,5.40099303821589e-08,0.0005835966819727209,4.48027420424618e-08,1.29973825638559e-08
ndc_noce,ANZ,Final Energy|Transportation|Electricity,EJ/yr,0.0216143,0.0379707813777814,0.119290835304142,0.20671321851054902,0.29054809830505096,0.72996965387961
ndc_noce,ANZ,Final Energy|Transportation|Gases,EJ/yr,0.0037409999887887298,0.00306710163854915,0.013793820452307998,0.0150091574176271,0.0149806683455105,0.0006513417592927089
ndc_noce,ANZ,Final Energy|Transportation|Gases|Gas,EJ/yr,0.0037409999887887298,0.00306710163854915,0.013793820452307998,0.0150091574176271,0.0149806683455105,0.0006513417592927089
ndc_noce,ANZ,Final Energy|Transportation|Hydrogen,EJ/yr,,0.0013226134903132,0.00285839507319192,0.007120326403791139,0.0104553450559947,0.0273349216648883
ndc_noce,ANZ,Final Energy|Transportation|Liquids,EJ/yr,1.9094489899857499,2.09467536952123,2.11283611276899,2.2206550847140702,2.31272292646702,2.01301765516329
ndc_noce,ANZ,Final Energy|Transportation|Liquids|Oil,EJ/yr,1.9093074199857498,2.0931854000378998,2.0921033481926803,2.1424210424058403,2.13976329257608,1.82701906235097
ndc_noce,ASC,Final Energy|Agriculture|Electricity,EJ/yr,0.08653901153578239,0.09129499222819641,0.09736393620654729,0.101882325521312,0.10725407502796,0.116784502605511
ndc_noce,ASC,Final Energy|Agriculture|Gases,EJ/yr,0.00964500128798035,0.0106082363958609,0.0117380134049877,0.00397348944867991,0.00161049669775402,0.0137443902877449
ndc_noce,ASC,Final Energy|Agriculture|Gases|Gas,EJ/yr,0.00964500128798035,0.0106082363958609,0.0117380134049877,0.00397335664258302,0.0016103849607199301,0.013744141877146999
ndc_noce,ASC,Final Energy|Agriculture|Heat,EJ/yr,0.008836001182981059,0.00800957410985194,0.010849166248971899,0.0131933644407482,0.0138914059529905,9.55151916194195e-05
ndc_noce,ASC,Final Energy|Agriculture|Liquids,EJ/yr,0.0301820040273033,0.0305496462318314,0.0255850585111887,0.0340908738129055,0.0355409352759748,0.036093733108812205
ndc_noce,ASC,Final Energy|Agriculture|Liquids|Oil,EJ/yr,0.0301820040273033,0.0305496462318314,0.0255850585111887,0.0340906970660428,0.0355407851932734,0.036093500562409404
ndc_noce,ASC,Final Energy|Agriculture|Solids,EJ/yr,0.00405300054565388,0.0067327877313309095,0.00758062532797726,0.00818427198679732,0.008483947438229951,0.00903131841152042
ndc_noce,ASC,Final Energy|Agriculture|Solids|Coal,EJ/yr,0.0040400005411226495,0.00430400769670601,0.00459040788585302,0.00480337766211066,0.00500749466278553,0.00536526080833802
ndc_noce,ASC,Final Energy|Industry|Electricity,EJ/yr,0.311700999792476,0.346183164417989,0.378840976747014,0.45200854327233403,0.500788767061632,0.555611405430939
ndc_noce,ASC,Final Energy|Industry|Gases,EJ/yr,0.338375999978902,0.344470995387096,0.255316909766006,0.201684196573023,0.141233435439949,0.024108434939437297
ndc_noce,ASC,Final Energy|Industry|Gases|Gas,EJ/yr,0.338375999978902,0.344470995387096,0.255316909766006,0.201684187448085,0.14123342802277,0.0241084213104407
ndc_noce,ASC,Final Energy|Industry|Hydrogen,EJ/yr,,6.190903561675579e-08,0.00284395392974313,0.00368400913786807,0.0050367807332942,0.009371317803725571
ndc_noce,ASC,Final Energy|Industry|Heat,EJ/yr,0.125042000005366,0.09881049927433451,0.0214744576413968,0.00799491581113408,0.0128799657240611,0.0242858740506231
ndc_noce,ASC,Final Energy|Industry|Liquids,EJ/yr,0.0853832906994606,0.101929920715752,0.0761925149873239,0.0697583068672115,0.0615740388371377,0.0342361521325569
ndc_noce,ASC,Final Energy|Industry|Liquids|Oil,EJ/yr,0.0853832906994606,0.101929920715752,0.0761925149873239,0.06975826697752921,0.061573970035241204,0.034235978414048
ndc_noce,ASC,Final Energy|Industry|Solids,EJ/yr,0.309103283919854,0.337817912943664,0.5626627142648319,0.764610801481615,0.947144121851969,1.41080067695138
ndc_noce,ASC,Final Energy|Industry|Solids|Coal,EJ/yr,0.308787283945832,0.33597433153212103,0.5593061426678609,0.760049117370291,0.941492948799833,1.40319176417723
ndc_noce,ASC,Final Energy|Residential|Electricity,EJ/yr,0.222704000001358,0.324075735743927,0.42006701363121696,0.422893495810862,0.618552031583,0.9826717933919761
ndc_noce,ASC,Final Energy|Residential|Gases,EJ/yr,0.5848069999943211,0.679603477235842,0.844233692203391,1.00114103944575,0.735296080981827,0.365810761271284
ndc_noce,ASC,Final Energy|Residential|Gases|Gas,EJ/yr,0.5848069999943211,0.679603477235842,0.844233692203391,1.00114103944575,0.735296080981827,0.365810761271284
ndc_noce,ASC,Final Energy|Residential|Hydrogen,EJ/yr,,7.39434907036485e-08,2.25233642618602e-07,3.64438931897708e-07,3.6866309126070103e-07,4.59662918002975e-07
ndc_noce,ASC,Final Energy|Residential|Heat,EJ/yr,0.12522499999752398,0.0835054025127533,0.033441872321477,5.2987610239339996e-05,,1.65978765780037e-08
ndc_noce,ASC,Final Energy|Residential|Liquids,EJ/yr,0.186188999997697,0.14012448928747098,0.0849636491032094,0.0980678781726596,0.14445398562898898,0.165671204788827
ndc_noce,ASC,Final Energy|Residential|Liquids|Oil,EJ/yr,0.186188109446042,0.14012448928747098,0.0849636491032094,0.0980678781726596,0.14445398562898898,0.165671204788827
ndc_noce,ASC,Final Energy|Residential|Solids,EJ/yr,0.303527999987133,0.202982354975008,0.13057910372463702,0.0899316464175909,0.0564919453341624,0.0498257654510308
ndc_noce,ASC,Final Energy|Residential|Solids|Coal,EJ/yr,0.216610999995822,0.178353150073835,0.13057888960393899,0.0899315228266491,0.0564918402014448,0.049825662107233
ndc_noce,ASC,Final Energy|Commercial|Electricity,EJ/yr,0.09979600000000001,0.187838296065203,0.315733294847812,0.446548731328842,0.596623846094004,0.782306408933063
ndc_noce,ASC,Final Energy|Commercial|Gases,EJ/yr,0.3698619999935,0.360916921619105,0.3281015756109,0.248037052695507,0.171861106519471,0.149821737065972
ndc_noce,ASC,Final Energy|Commercial|Gases|Gas,EJ/yr,0.3698619999935,0.360916921619105,0.3281015756109,0.248036964891775,0.17186103331611902,0.14982160229102498
ndc_noce,ASC,Final Energy|Commercial|Hydrogen,EJ/yr,,5.2308626661178105e-08,1.35381715111896e-07,1.82805096154164e-07,1.5189526401263803e-07,1.68457808939568e-07
ndc_noce,ASC,Final Energy|Commercial|Heat,EJ/yr,0.110169,0.131989590771071,0.165874050694832,0.196996294321947,0.227571289495188,0.28602838647137996
ndc_noce,ASC,Final Energy|Commercial|Liquids,EJ/yr,0.0306840000144519,0.021666131006969798,0.010844967822403,0.00895903685824427,0.0074583054747831,0.00272082225014726
ndc_noce,ASC,Final Energy|Commercial|Liquids|Oil,EJ/yr,0.0306840000144519,0.021666131006969798,0.010844967822403,0.008959024362247091,0.0074583054747831,0.00272082225014726
ndc_noce,ASC,Final Energy|Commercial|Solids,EJ/yr,0.0664530000055335,0.0530142182132676,0.057062810971531694,0.0836028858061935,0.0638743545125037,0.0128235769838771
ndc_noce,ASC,Final Energy|Commercial|Solids|Coal,EJ/yr,0.06534000000809419,0.0522722094424904,0.0567659824781584,0.0836028285248922,0.0638743090709253,0.012823539741762102
ndc_noce,ASC,Final Energy|Transportation|Electricity,EJ/yr,0.0221841821428572,0.025262096444974,0.0319991934912041,0.0340300574224022,0.0310248295310981,0.0362099100103685
ndc_noce,ASC,Final Energy|Transportation|Gases,EJ/yr,0.137123999987639,0.162492976127099,0.150241979522337,0.101532629981526,0.033940568119927905,0.0031114410597959503
ndc_noce,ASC,Final Energy|Transportation|Gases|Gas,EJ/yr,0.137123999987639,0.162492976127099,0.150241979522337,0.101532629981526,0.033940568119927905,0.0031114410597959503
ndc_noce,ASC,Final Energy|Transportation|Hydrogen,EJ/yr,,0.000195268054149677,0.000802870994827813,0.00440578553053005,0.008121966127953661,0.0215616421154362
ndc_noce,ASC,Final Energy|Transportation|Liquids,EJ/yr,0.843002000006346,0.999814562518216,1.1692973494882999,1.35082485601727,1.56939212771012,1.91301781201896
ndc_noce,ASC,Final Energy|Transportation|Liquids|Oil,EJ/yr,0.843002000006346,0.999651654591123,1.16808961556499,1.33953428559175,1.55309066152771,1.89436028944087
ndc_noce,ASC,Final Energy|Transportation|Solids,EJ/yr,0.00178500004365756,4.5688645648515e-06,8.574931450426e-07,0.000536612216395708,8.232678574889509e-07,8.24918176034438e-07
ndc_noce,ASC,Final Energy|Transportation|Solids|Coal,EJ/yr,0.00178500004365756,4.5688645648515e-06,8.574931450426e-07,0.000536612216395708,8.232678574889509e-07,8.24918176034438e-07
ndc_noce,ASE,Final Energy|Agriculture|Electricity,EJ/yr,0.005147000300597979,0.00528255482240084,0.00545445468672502,0.005551833318490239,0.00561148978927672,0.0218803524577071
ndc_noce,ASE,Final Energy|Agriculture|Gases,EJ/yr,,,,1.67217094647791e-07,1.41225891742383e-07,3.8192356727854296e-07
ndc_noce,ASE,Final Energy|Agriculture|Liquids,EJ/yr,0.234679013703757,0.238757803128489,0.250935117989366,0.249826292067119,0.24950928870595998,0.222705301582532
ndc_noce,ASE,Final Energy|Agriculture|Liquids|Oil,EJ/yr,0.234679013703757,0.238757803128489,0.250935117989366,0.190135146881104,0.16225769684881,0.222704948207113
ndc_noce,ASE,Final Energy|Agriculture|Solids,EJ/yr,0.0086790005089748,0.0114885566604043,0.0048929513011518,0.008385444850109041,0.00927317586682978,0.016484042085696402
ndc_noce,ASE,Final Energy|Agriculture|Solids|Coal,EJ/yr,0.0086790005089748,0.008991506824468191,0.00016912814832613902,1.0363521461023698e-06,3.48092213606627e-07,9.13395799727945e-07
ndc_noce,ASE,Final Energy|Industry|Electricity,EJ/yr,0.765662999826608,0.790908883990899,0.893113246720896,0.966119409845851,1.01339938131015,1.0379393753924
ndc_noce,ASE,Final Energy|Industry|Gases,EJ/yr,1.1608690000044601,1.12060675789158,1.16039183968593,1.03407070217561,0.831947266810512,0.21389267035405002
ndc_noce,ASE,Final Energy|Industry|Gases|Gas,EJ/yr,1.13500100000524,1.0958563330695699,1.13504359027753,1.01248562533505,0.81595909122069,0.213892354858958
ndc_noce,ASE,Final Energy|Industry|Hydrogen,EJ/yr,,6.99891158676091e-05,0.00210015251964694,0.00548225057268852,0.0109291544965014,0.01092950193689
ndc_noce,ASE,Final Energy|Industry|Heat,EJ/yr,,7.31196779299601e-05,0.16997970846291302,0.6783722316487419,0.782095798300065,1.69103638718848
ndc_noce,ASE,Final Energy|Industry|Liquids,EJ/yr,0.645831999876426,0.611771338198287,0.945472386589867,1.3558843584699,2.05495529704602,3.0353233520252503
ndc_noce,ASE,Final Energy|Industry|Liquids|Oil,EJ/yr,0.645831999876426,0.611771338198287,0.945472377569949,1.3558143829891902,2.05477277707186,3.0353231639721696
ndc_noce,ASE,Final Energy|Industry|Solids,EJ/yr,1.1654199998827401,1.39143843892717,1.29677127851525,0.886509929752796,0.715366603098094,0.28873377737833
ndc_noce,ASE,Final Energy|Industry|Solids|Coal,EJ/yr,0.778242999917941,1.02812920781636,0.948834447034632,0.5700606505811,0.445878517957111,0.16998647559525198
ndc_noce,ASE,Final Energy|Residential|Electricity,EJ/yr,0.38478200004284796,0.49382219516988196,0.582750028995451,0.693365316135882,0.800490491130441,1.0328639188252902
ndc_noce,ASE,Final Energy|Residential|Gases,EJ/yr,0.0032039999949989603,0.0269866181251911,0.0640241490150264,0.10060109170760301,0.143053966150395,0.09136346009951239
ndc_noce,ASE,Final Energy|Residential|Gases|Gas,EJ/yr,0.00320299999500052,0.0269855142246873,0.0640237582591551,0.100600979554655,0.143053887433471,0.09136333665360251
ndc_noce,ASE,Final Energy|Residential|Hydrogen,EJ/yr,,6.933403259787769e-08,2.12374866738773e-07,2.9511344250803204e-07,4.19497185173246e-07,4.93184085305807e-07
ndc_noce,ASE,Final Energy|Residential|Heat,EJ/yr,,6.64268736708918e-05,0.000169657856877014,0.00027176504514691,0.00038995465760054696,0.0006576426458694569
ndc_noce,ASE,Final Energy|Residential|Liquids,EJ/yr,0.140018000237018,0.143855115788994,0.146997130846449,0.13565913287972298,0.150985865133425,0.163456218111807
ndc_noce,ASE,Final Energy|Residential|Liquids|Oil,EJ/yr,0.13959413569629,0.143855115788994,0.146997130846449,0.13565913287972298,0.150985865133425,0.163456218111807
ndc_noce,ASE,Final Energy|Residential|Solids,EJ/yr,0.980898000021006,0.800989204729469,0.663829331804783,0.48133687754416504,0.252156882439497,1.57233382824094e-06
ndc_noce,ASE,Final Energy|Residential|Solids|Coal,EJ/yr,0.0553440000301611,0.0451360644320868,0.0324578528228767,0.0217142434875607,0.012821788967698,8.548548036957651e-07
ndc_noce,ASE,Final Energy|Commercial|Electricity,EJ/yr,0.475384999999999,0.492979878258241,0.460268387518109,0.48160415048081096,0.48499639020119,0.525732277944672
ndc_noce,ASE,Final Energy|Commercial|Gases,EJ/yr,0.00485799999392774,0.00559487962734659,0.00723741785233566,0.00888694816676716,0.005354595370642001,1.53413062289177e-06
ndc_noce,ASE,Final Energy|Commercial|Gases|Gas,EJ/yr,0.00485799999392774,0.00559487962734659,0.00723741785233566,0.008886816968458349,0.00535445568712889,1.2666760335911998e-06
ndc_noce,ASE,Final Energy|Commercial|Hydrogen,EJ/yr,,3.9580610275590094e-08,9.07737996279181e-08,1.0131660463381301e-07,1.27062007869816e-07,8.66849296008138e-08
ndc_noce,ASE,Final Energy|Commercial|Heat,EJ/yr,0.00014099999999999998,0.000567794869236678,0.0012333936453674098,0.00193972856915095,0.00274817512681247,3.4465036572914603e-07
ndc_noce,ASE,Final Energy|Commercial|Liquids,EJ/yr,0.0645440000136889,0.0581751984056541,0.0642948842478738,0.0667446876062213,0.0803551021394637,0.090844169693253
ndc_noce,ASE,Final Energy|Commercial|Liquids|Oil,EJ/yr,0.0645440000136889,0.0581751984056541,0.0642948842478738,0.0651915922275855,0.0803551021394637,0.090844169693253
ndc_noce,ASE,Final Energy|Commercial|Solids,EJ/yr,0.0366730000344349,0.0230978692417739,0.0211762233203482,0.018084717882919703,0.0141464910971225,1.01029616580803e-06
ndc_noce,ASE,Final Energy|Commercial|Solids|Coal,EJ/yr,0.016561000043605202,0.016393079728211798,0.017786101612643,0.017376031524165,0.0136720782139185,8.93524809517667e-07
ndc_noce,ASE,Final Energy|Transportation|Electricity,EJ/yr,0.0138345857142857,0.016365032346244,0.0256825035648266,0.0297583707814362,0.0287751280820935,0.688042861286282
ndc_noce,ASE,Final Energy|Transportation|Gases,EJ/yr,0.0784189999868764,0.0816046877392986,0.5991486138536309,0.598256591388344,0.578262814515445,0.368257710384081
ndc_noce,ASE,Final Energy|Transportation|Gases|Gas,EJ/yr,0.0784189999868764,0.0816046877392986,0.5991486138536309,0.598256591388344,0.578262814515445,0.368257710384081
ndc_noce,ASE,Final Energy|Transportation|Hydrogen,EJ/yr,,0.000564776645450259,0.00446106920950053,0.0102891017089479,0.015189648074965399,0.034252981022658294
ndc_noce,ASE,Final Energy|Transportation|Liquids,EJ/yr,5.09905424998028,5.61584084382479,5.8530087506515205,7.415521335819459,9.49319991140959,10.3742651556198
ndc_noce,ASE,Final Energy|Transportation|Liquids|Oil,EJ/yr,5.031748109981001,5.5318227871181,5.31674387185862,4.83340203057604,5.0516069609489005,4.99311644463676
ndc_noce,ASE,Final Energy|Transportation|Solids,EJ/yr,0.037876000031007204,0.0381048359791383,0.0115662315780102,9.523459508587021e-08,4.5178064649094996e-08,7.57076046691551e-08
ndc_noce,ASE,Final Energy|Transportation|Solids|Coal,EJ/yr,0.037876000031007204,0.0381048359791383,0.0115662315780102,9.523459508587021e-08,4.5178064649094996e-08,7.57076046691551e-08
ndc_noce,ASO,Final Energy|Agriculture|Electricity,EJ/yr,0.0435830030497012,0.046429054950537396,0.050520797750265405,0.0537514631743209,0.0567480862092059,0.0739575349461627
ndc_noce,ASO,Final Energy|Agriculture|Gases,EJ/yr,0.00100900007333057,2.88431700853468e-07,3.44669256173411e-07,6.18933860323563e-07,3.27483862404317e-07,9.305532315408191e-07
ndc_noce,ASO,Final Energy|Agriculture|Gases|Gas,EJ/yr,0.00100900007333057,2.88431700853468e-07,3.44669256173411e-07,3.8745117086343103e-07,1.56902084744689e-07,6.19411178914197e-07
ndc_noce,ASO,Final Energy|Agriculture|Liquids,EJ/yr,0.055048003851900604,0.0590657488854884,0.0640833094736006,0.06717966027188911,0.0698764447662389,0.0624066448712517
ndc_noce,ASO,Final Energy|Agriculture|Liquids|Oil,EJ/yr,0.055048003851900604,0.0590657488854884,0.0640833094736006,0.0671792490411439,0.0698761606403517,0.0624063553883778
ndc_noce,ASO,Final Energy|Agriculture|Solids,EJ/yr,,0.0008622007384692159,8.16735867804775e-07,4.7025072344448e-06,1.02542036071949e-06,5.25774128762107e-07
ndc_noce,ASO,Final Energy|Industry|Electricity,EJ/yr,0.26672799996575297,0.284197384694342,0.339812854429843,0.396928427652293,0.42560931831751597,0.478063865116051
ndc_noce,ASO,Final Energy|Industry|Gases,EJ/yr,0.66906999999781,0.663834425461054,0.69933080996167,0.63994271479985,0.514525652445281,0.0328380555140404
ndc_noce,ASO,Final Energy|Industry|Gases|Gas,EJ/yr,0.66906999999781,0.663834425461054,0.69933080996167,0.6399427147626,0.514525652396728,0.0328380554497743
ndc_noce,ASO,Final Energy|Industry|Hydrogen,EJ/yr,,5.03851267974209e-11,3.5540602784523596e-08,1.59477685879462e-07,2.26444723484185e-07,3.97621984975382e-07
ndc_noce,ASO,Final Energy|Industry|Heat,EJ/yr,,0.103386809042583,0.20228328860984102,0.522918894943655,0.9808873507759219,1.9524369965492598
ndc_noce,ASO,Final Energy|Industry|Liquids,EJ/yr,0.10018999996414,0.0986019992171129,0.106586435697247,0.105655230992026,0.0939307287317334,0.47977278259712897
ndc_noce,ASO,Final Energy|Industry|Liquids|Oil,EJ/yr,0.10018999996414,0.0986019992171129,0.10658642931055,0.105655212566742,0.0939306817893578,0.47977267478627905
ndc_noce,ASO,Final Energy|Industry|Solids,EJ/yr,0.8321819999150519,0.8778999433497949,1.1647192633785801,1.36892161116994,1.51567705860253,1.78297933187608
ndc_noce,ASO,Final Energy|Industry|Solids|Coal,EJ/yr,0.5996249999288621,0.635187626241166,0.938246832767817,1.14104899300169,0.925033374924764,1.71917121597901
ndc_noce,ASO,Final Energy|Residential|Electricity,EJ/yr,0.354227000032819,0.42803300791495,0.6421838648003,0.87332007776207,1.1847042835130102,1.78534967724017
ndc_noce,ASO,Final Energy|Residential|Gases,EJ/yr,0.45950399999432,0.600071782510168,0.865598015564174,0.824141953350113,0.261393428327556,0.169007551953909
ndc_noce,ASO,Final Energy|Residential|Gases|Gas,EJ/yr,0.45224899999441,0.5928160948519391,0.856072389682723,0.823811748918213,0.25703763106048805,0.169007418126961
ndc_noce,ASO,Final Energy|Residential|Hydrogen,EJ/yr,,0.00662854259851213,8.05071347658508e-08,6.03992840289572e-07,0.28417475076014104,3.4897313810293497e-07
ndc_noce,ASO,Final Energy|Residential|Heat,EJ/yr,,,,,,1.5762026215194998e-08
ndc_noce,ASO,Final Energy|Residential|Liquids,EJ/yr,0.0700919999954926,0.0715427074967299,0.0642583730151922,0.0710848157762226,0.0781394069541339,0.09221726662592729
ndc_noce,ASO,Final Energy|Residential|Liquids|Oil,EJ/yr,0.0700919999954926,0.0715427074967299,0.0642583730151922,0.0710848157762226,0.0781394069541339,0.09221726662592729
ndc_noce,ASO,Final Energy|Residential|Solids,EJ/yr,1.5628960000372,1.23910161266515,0.746293183163107,0.343756297048382,0.17366127776075002,2.65073512817767e-05
ndc_noce,ASO,Final Energy|Residential|Solids|Coal,EJ/yr,0.00010600004655732801,8.75653330498261e-05,6.479246051353189e-05,4.53572653929622e-05,2.93231185634148e-05,2.62725486956043e-05
ndc_noce,ASO,Final Energy|Commercial|Electricity,EJ/yr,0.10983,0.12613557194285602,0.131048260643525,0.149859848909465,0.169858639241181,0.223976289791327
ndc_noce,ASO,Final Energy|Commercial|Gases,EJ/yr,0.00797999999295847,0.008823810550935979,0.008379027002211461,0.00487454164756904,0.00158628469189804,5.41841880425572e-07
ndc_noce,ASO,Final Energy|Commercial|Gases|Gas,EJ/yr,0.00796799999296905,0.008812482164579279,0.00836337003553645,0.00487428710346812,7.113450609871049e-07,3.67475269810481e-07
ndc_noce,ASO,Final Energy|Commercial|Hydrogen,EJ/yr,,9.164999262462029e-05,3.8595086770834e-08,2.51126250969969e-07,0.000159179881719076,2.25311068219135e-08
ndc_noce,ASO,Final Energy|Commercial|Heat,EJ/yr,,0.00012695484945226702,0.000344842158980727,0.000608237305768866,0.000951672938109564,0.00195589329253224
ndc_noce,ASO,Final Energy|Commercial|Liquids,EJ/yr,0.0330100000071519,0.0363507931939424,0.0422936127644009,0.0529896661536525,0.06370804216303749,0.08726779412929289
ndc_noce,ASO,Final Energy|Commercial|Liquids|Oil,EJ/yr,0.0330100000071519,0.0363507931939424,0.0422936127644009,0.052989589150067504,0.06370804216303749,0.08726779412929289
ndc_noce,ASO,Final Energy|Commercial|Solids,EJ/yr,0.0124489999912358,0.00415242003299546,0.00676791627840185,0.0113688218703083,0.0107943459480814,1.60025053797246e-07
ndc_noce,ASO,Final Energy|Transportation|Electricity,EJ/yr,1.045e-05,0.00425522142394844,0.00759037025869572,0.008235595250469761,0.00429293047992419,0.288435478216997
ndc_noce,ASO,Final Energy|Transportation|Gases,EJ/yr,0.104976999986526,0.0880778095106061,0.061924254617779,0.0317264191172838,2.19285001175213e-07,4.69543232946524e-07
ndc_noce,ASO,Final Energy|Transportation|Gases|Gas,EJ/yr,0.104976999986526,0.0880778095106061,0.061924254617779,0.0317264191172838,2.19285001175213e-07,4.6953005353752396e-07
ndc_noce,ASO,Final Energy|Transportation|Hydrogen,EJ/yr,,0.000461008297991751,6.6410610124937e-05,0.0038098848037083004,0.00662529767612215,0.00920359269289725
ndc_noce,ASO,Final Energy|Transportation|Liquids,EJ/yr,1.1024285050554599,1.2973579168487,1.60043393433817,1.9780721815500002,2.41734347069209,2.96127077417244
ndc_noce,ASO,Final Energy|Transportation|Liquids|Oil,EJ/yr,1.1024285050554599,1.2973578843018299,1.57794904019488,1.9172172203452802,2.32396503230069,2.77495264349179
ndc_noce,BRA,Final Energy|Agriculture|Electricity,EJ/yr,0.11211500006206,0.15224872761737002,0.20195133174566898,0.243709074500885,0.275983644118592,0.27732119235372604
ndc_noce,BRA,Final Energy|Agriculture|Gases,EJ/yr,,,,0.0147600026511066,7.09317254172741e-06,0.0114458088742815
ndc_noce,BRA,Final Energy|Agriculture|Liquids,EJ/yr,0.294122000163683,0.249791256442118,0.192040150038563,0.125823214384213,0.10693731087402401,0.155959408325249
ndc_noce,BRA,Final Energy|Agriculture|Liquids|Oil,EJ/yr,0.276453000153902,0.229804084883393,0.168840756743209,0.0405779489869604,3.9444217846650603e-07,0.007070340248266121
ndc_noce,BRA,Final Energy|Agriculture|Solids,EJ/yr,0.12848800007025,0.142565180539897,0.159390540594143,0.172899833597106,0.174650431705487,0.10395210076135
ndc_noce,BRA,Final Energy|Industry|Electricity,EJ/yr,0.6766810810473409,0.805817865785291,0.894418705570462,1.2374543381501402,1.93825566970359,3.63715181601409
ndc_noce,BRA,Final Energy|Industry|Gases,EJ/yr,0.339631004687948,0.420140858904727,0.43837481724942,0.425724078564942,0.34362429290992097,0.1888223578636
ndc_noce,BRA,Final Energy|Industry|Gases|Gas,EJ/yr,0.339631004687948,0.420140858904727,0.43837481724942,0.42572406070434404,0.343624281090685,0.188822344118393
ndc_noce,BRA,Final Energy|Industry|Hydrogen,EJ/yr,,0.0144388645416691,0.0230610877231178,0.059713309979563096,0.118741899019317,0.11874326388756999
ndc_noce,BRA,Final Energy|Industry|Heat,EJ/yr,,0.043436675361735705,0.11484542408652401,0.22263649457107498,0.36434486774427105,0.78649422579411
ndc_noce,BRA,Final Energy|Industry|Liquids,EJ/yr,0.443446725601284,0.353867309276533,0.31965630469899203,0.238397844866241,0.166981605223706,0.0189758072621701
ndc_noce,BRA,Final Energy|Industry|Liquids|Oil,EJ/yr,0.439953930529728,0.34984589574006,0.314988598751675,0.231925517394965,0.157201572290728,0.0189755676157763
ndc_noce,BRA,Final Energy|Industry|Solids,EJ/yr,1.74419017409246,1.75195342660852,1.87681332431715,1.6701833290173098,1.11397113470043,0.112344250841624
ndc_noce,BRA,Final Energy|Industry|Solids|Coal,EJ/yr,0.506128174140148,0.38722353083394,0.41435412020821,0.41948519498565995,0.0984908586198692,0.047250153137286394
ndc_noce,BRA,Final Energy|Residential|Electricity,EJ/yr,0.513259000001273,0.561223212372102,0.673910167119162,0.769130355624226,0.880878733163337,1.14342675867068
ndc_noce,BRA,Final Energy|Residential|Gases,EJ/yr,0.0161589999940904,1.98198596029836e-05,0.0245227673349697,0.0231849190870815,0.0225548928774478,0.000167813591487918
ndc_noce,BRA,Final Energy|Residential|Gases|Gas,EJ/yr,0.0161589999940904,1.98198596029836e-05,0.0245227673349697,0.0231849190870815,0.0225548928774478,0.000167813591487918
ndc_noce,BRA,Final Energy|Residential|Hydrogen,EJ/yr,,0.00695505852753143,1.0349469060281501e-07,2.69579236779875e-07,3.84496413078668e-07,3.25262670094418e-07
ndc_noce,BRA,Final Energy|Residential|Heat,EJ/yr,,2.3664782607126703e-06,5.9967191083102495e-06,9.57125491790232e-06,1.3641247989800099e-05,2.29414315760624e-05
ndc_noce,BRA,Final Energy|Residential|Liquids,EJ/yr,0.271542000002862,0.209119687273491,0.198651564314238,0.137540358208416,0.0665858422340782,1.8042877388668e-06
ndc_noce,BRA,Final Energy|Residential|Liquids|Oil,EJ/yr,0.271533121888283,0.209119687273491,0.198651564314238,0.137540358208416,0.0665858422340782,1.8042877388668e-06
ndc_noce,BRA,Final Energy|Residential|Solids,EJ/yr,0.36415799999487897,0.35327699505744403,0.18193935929573102,0.158218924912429,0.146415011098769,6.16520844492404e-08
ndc_noce,BRA,Final Energy|Commercial|Electricity,EJ/yr,0.5077509999999991,0.54828804918892,0.521821109451201,0.5446552267525321,0.57106387365317,0.692488969062307
ndc_noce,BRA,Final Energy|Commercial|Gases,EJ/yr,0.00582399999399864,0.00558984079729147,0.0053419390756160295,0.0040923436293860095,0.00331765368149518,0.000472725219712628
ndc_noce,BRA,Final Energy|Commercial|Gases|Gas,EJ/yr,0.00582399999399864,0.00558984079729147,0.0053419390756160295,0.00409224475197467,0.00331755459164028,0.000472544984061507
ndc_noce,BRA,Final Energy|Commercial|Hydrogen,EJ/yr,,4.75999797161726e-05,4.89736244443958e-08,1.08825299102405e-07,1.24180054827436e-07,1.08062959523336e-07
ndc_noce,BRA,Final Energy|Commercial|Heat,EJ/yr,,0.000114005479076028,0.00028041453301811905,0.000456859063269473,0.000688165298115942,0.0013767186982811
ndc_noce,BRA,Final Energy|Commercial|Liquids,EJ/yr,0.00240300005395282,0.000488615091931316,0.000202250616240457,0.000310966156005383,4.53329745532686e-09,2.23747521827302e-09
ndc_noce,BRA,Final Energy|Commercial|Liquids|Oil,EJ/yr,0.00224900005049517,0.000314411619460184,5.37657868489267e-08,1.46517097349316e-08,4.53329745532686e-09,2.23747521827302e-09
ndc_noce,BRA,Final Energy|Commercial|Solids,EJ/yr,0.00356199999376726,0.00348841868917354,0.0008018917594733061,0.00045639616695083903,0.00012256412878990498,8.51393770821787e-08
ndc_noce,BRA,Final Energy|Transportation|Electricity,EJ/yr,0.008103999999999998,0.0975876432426975,0.262809463025151,0.6939376832993599,1.2303714516284099,2.72488203412336
ndc_noce,BRA,Final Energy|Transportation|Gases,EJ/yr,0.0796299999812525,0.108363674015979,0.15093602901410302,0.170663417487277,0.160961004709311,0.130008303445673
ndc_noce,BRA,Final Energy|Transportation|Gases|Gas,EJ/yr,0.0796299999812525,0.108363674015979,0.15093602901410302,0.170663417487277,0.160961004709311,0.130008303445673
ndc_noce,BRA,Final Energy|Transportation|Hydrogen,EJ/yr,,0.00105547559126897,0.0260369464120247,0.150085615899097,0.453266203851495,0.374379017630169
ndc_noce,BRA,Final Energy|Transportation|Liquids,EJ/yr,3.20676916999393,3.4062502973289,3.45592119441867,2.97040943409002,2.3321145487039696,2.11688531837916
ndc_noce,BRA,Final Energy|Transportation|Liquids|Oil,EJ/yr,3.08914960999487,3.27533406460576,3.24779462217036,2.61481064907121,1.73873687022141,1.30454425691934
ndc_noce,CAN,Final Energy|Agriculture|Electricity,EJ/yr,0.0379738252904704,0.0387493605866495,0.039732918285547904,0.07000432890775009,0.0653104813773366,0.102250547977563
ndc_noce,CAN,Final Energy|Agriculture|Gases,EJ/yr,0.0397958648889121,0.0423429842248198,0.0450536265357203,0.0472718843783561,4.37333718542189e-06,5.59032926631983e-06
ndc_noce,CAN,Final Energy|Agriculture|Gases|Gas,EJ/yr,0.0397958648889121,0.0423405785422152,0.0450444435476344,0.0472716497760819,4.23739421897478e-06,5.28656091444505e-06
ndc_noce,CAN,Final Energy|Agriculture|Liquids,EJ/yr,0.216122697022345,0.209464881667133,0.206665088139534,0.187530842152584,0.246421094227392,0.214085796827299
ndc_noce,CAN,Final Energy|Agriculture|Liquids|Oil,EJ/yr,0.216122697022345,0.209464881667133,0.206665088139534,0.130164055566155,0.220499163244871,0.20024818195446697
ndc_noce,CAN,Final Energy|Agriculture|Solids,EJ/yr,0.00080001738962839,0.0107398354211427,0.0055260899722280495,2.06463813753274e-06,3.3603261947656002e-06,4.117268415185701e-06
ndc_noce,CAN,Final Energy|Agriculture|Solids|Coal,EJ/yr,0.00080001738962839,0.000816584454822221,1.5730946476170598e-07,4.1547925313852197e-07,4.2693073189543297e-07,6.15017595195506e-07
ndc_noce,CAN,Final Energy|Industry|Electricity,EJ/yr,0.680511999656679,0.707542367970006,0.728219477650784,0.751049748999648,0.795881976546892,0.821483535954275
ndc_noce,CAN,Final Energy|Industry|Gases,EJ/yr,0.7874389998394651,0.851339825763721,0.727830262049978,0.823549263815459,0.477626767880487,0.47383774399051204
ndc_noce,CAN,Final Energy|Industry|Gases|Gas,EJ/yr,0.785003999839777,0.848585413874963,0.724633125808118,0.821080739188493,0.47640633637651897,0.472667404933589
ndc_noce,CAN,Final Energy|Industry|Hydrogen,EJ/yr,,6.87295995201768e-08,0.0143733660538051,0.0143737847704849,0.0143738155657874,0.0143756377246191
ndc_noce,CAN,Final Energy|Industry|Heat,EJ/yr,0.0220249996938587,0.0103907485409632,0.178231975810804,0.322671645144961,0.423801571718735,0.7549958424391869
ndc_noce,CAN,Final Energy|Industry|Liquids,EJ/yr,0.267427999912871,0.250787879601392,0.223219785005117,0.18568020205206198,0.602575160965901,0.617727812069635
ndc_noce,CAN,Final Energy|Industry|Liquids|Oil,EJ/yr,0.267427999912871,0.250787879601392,0.223219775676047,0.184993560818053,0.601885856820971,0.6177276131568721
ndc_noce,CAN,Final Energy|Industry|Solids,EJ/yr,0.38501899998549904,0.32450509962817803,0.324853710208473,0.196047271259252,0.148223993610752,0.027702997129661098
ndc_noce,CAN,Final Energy|Industry|Solids|Coal,EJ/yr,0.13370700001772598,0.0929046021954264,0.0276473045127123,0.0261440421549814,0.0241132741182658,0.0250745194250281
ndc_noce,CAN,Final Energy|Residential|Electricity,EJ/yr,0.625061000002867,0.585419315481847,0.42880925547535004,0.47080954258476,0.607308120483941,0.861913795978391
ndc_noce,CAN,Final Energy|Residential|Gases,EJ/yr,0.6210269999956659,0.750023880403579,0.521994037189504,0.518510366589368,0.416639455848383,0.198171800185598
ndc_noce,CAN,Final Energy|Residential|Gases|Gas,EJ/yr,0.6210269999956659,0.750023880403579,0.521994037189504,0.518510366589368,0.416639455848383,0.198171800185598
ndc_noce,CAN,Final Energy|Residential|Hydrogen,EJ/yr,,7.95551862767481e-08,9.50982305117332e-08,5.93392662216233e-07,5.58769325689541e-07,4.74095409132069e-06
ndc_noce,CAN,Final Energy|Residential|Heat,EJ/yr,,0.0005022032940154169,2.4229562621733903e-07,2.44128240118882e-07,4.976092539582529e-07,2.67883554270088e-07
ndc_noce,CAN,Final Energy|Residential|Liquids,EJ/yr,0.0672630000021972,0.049162641035186805,2.0710873920789101e-07,8.74083702848287e-05,0.000553233101274734,1.80711922972028e-06
ndc_noce,CAN,Final Energy|Residential|Liquids|Oil,EJ/yr,0.06726298509466411,0.049162641035186805,2.0710873920789101e-07,8.74083702848287e-05,0.000553233101274734,1.80711922972028e-06
ndc_noce,CAN,Final Energy|Residential|Solids,EJ/yr,0.113332999997527,4.1019532019831095e-08,0.030221695243916203,1.5906536398952e-07,1.96071802922805e-07,1.69891811133817e-07
ndc_noce,CAN,Final Energy|Commercial|Electricity,EJ/yr,0.5448774254326799,0.6624514265351741,0.776572208961531,0.958195076219165,1.1259912737042401,1.46843818195231
ndc_noce,CAN,Final Energy|Commercial|Gases,EJ/yr,0.592632179649235,0.514281643746046,0.39692975935365,0.307413487831437,0.238236215811039,0.0743021671792842
ndc_noce,CAN,Final Energy|Commercial|Gases|Gas,EJ/yr,0.591994142850906,0.514248532070413,0.396092083662456,0.30741276770741305,0.238235770695186,0.0742949670440235
ndc_noce,CAN,Final Energy|Commercial|Hydrogen,EJ/yr,,3.96898334697326e-08,3.4040022325917e-08,2.66215661410319e-07,1.48709891647182e-07,2.95482780604239e-06
ndc_noce,CAN,Final Energy|Commercial|Heat,EJ/yr,0.000292,0.00309516636140355,0.0070106574102939195,0.0109599990179512,0.0156014491460929,0.011306840537457
ndc_noce,CAN,Final Energy|Commercial|Liquids,EJ/yr,0.0597210000119464,0.0507620327672559,0.0231465476087725,0.0110942271945884,1.51771365185751e-07,4.56656384333121e-08
ndc_noce,CAN,Final Energy|Commercial|Liquids|Oil,EJ/yr,0.0597210000119464,0.0507620327672559,0.0231465476087725,0.00979746774878154,1.51771365185751e-07,4.56656384333121e-08
ndc_noce,CAN,Final Energy|Transportation|Electricity,EJ/yr,0.00439850000000001,0.0728475000396448,0.27954047621001804,0.554887738846333,0.6565630587890899,0.936821991314686
ndc_noce,CAN,Final Energy|Transportation|Gases,EJ/yr,0.004308999994391509,0.00346671631059178,0.0080473513409402,0.0067096642697656705,0.0020385767732259003,0.000303690981617962
ndc_noce,CAN,Final Energy|Transportation|Gases|Gas,EJ/yr,0.004308999994391509,0.00346671631059178,0.0080473513409402,0.0067096642697656705,0.0020385767732259003,0.000303690981617962
ndc_noce,CAN,Final Energy|Transportation|Hydrogen,EJ/yr,,0.0018972724630152201,0.004489066071472789,0.0144754549680454,0.082593892087744,0.07612360814821921
ndc_noce,CAN,Final Energy|Transportation|Liquids,EJ/yr,2.56798924010872,2.4653459549416996,1.99683774009656,1.66626332855015,1.5102211934766,1.59827880873741
ndc_noce,CAN,Final Energy|Transportation|Liquids|Oil,EJ/yr,2.55124834010904,2.44572134779829,1.9524537606252,1.59586089059412,1.46088746009966,1.5326743549959498
ndc_noce,CHL,Final Energy|Agriculture|Electricity,EJ/yr,0.00861900317388836,0.00941244825785666,0.0103497038832264,0.013141126135020898,0.016817206906016298,0.0204360678182359
ndc_noce,CHL,Final Energy|Agriculture|Gases,EJ/yr,0.00104800039117583,0.00111632157245999,0.0011639432299186201,0.00121220236751752,1.28554064079436e-05,0.0005328720882688201
ndc_noce,CHL,Final Energy|Agriculture|Gases|Gas,EJ/yr,0.00102900038138675,0.00109483450056865,0.0011615439939871902,0.00121204577283726,1.27287110294163e-05,0.000532547428690556
ndc_noce,CHL,Final Energy|Agriculture|Liquids,EJ/yr,0.0185370068257029,0.018124688734255,0.0177853882422069,0.0151101328396166,0.012861096165838401,0.00802761298317732
ndc_noce,CHL,Final Energy|Agriculture|Liquids|Oil,EJ/yr,0.0185370068257029,0.018124688734255,0.0177853882422069,0.0151098980422792,0.012860906414099,0.00802730142619291
ndc_noce,CHL,Final Energy|Agriculture|Solids,EJ/yr,0.000309000116485408,0.000504080876740354,5.76061685351256e-07,4.27725895358475e-07,3.16670802901425e-07,5.22975561319043e-07
ndc_noce,CHL,Final Energy|Industry|Electricity,EJ/yr,0.16038799991754102,0.165557301533643,0.175013279397681,0.179801892830804,0.205445924083701,0.331386599539515
ndc_noce,CHL,Final Energy|Industry|Gases,EJ/yr,0.0717210000008237,0.0717356388291325,0.06723452730036929,0.0937033677110666,0.093102596894305,0.191713846398908
ndc_noce,CHL,Final Energy|Industry|Gases|Gas,EJ/yr,0.0716940000005592,0.07171001867742499,0.0672106968800454,0.0936591056443215,0.0930497443119723,0.191577244121416
ndc_noce,CHL,Final Energy|Industry|Hydrogen,EJ/yr,,4.9823500950808306e-11,8.20909700920582e-08,3.06360132881538e-07,3.89352394166326e-07,7.14076359011428e-07
ndc_noce,CHL,Final Energy|Industry|Heat,EJ/yr,,0.018619659757432298,0.0186273603328043,0.0619866058583101,0.0931750681492233,0.113286089022747
ndc_noce,CHL,Final Energy|Industry|Liquids,EJ/yr,0.149492999873683,0.140975188894496,0.130937071876766,0.113827030251208,0.088893118671619,0.0736706790088573
ndc_noce,CHL,Final Energy|Industry|Liquids|Oil,EJ/yr,0.149492999873683,0.140975188894496,0.13093706272057698,0.11382700787772,0.0888930671128598,0.0736705508105404
ndc_noce,CHL,Final Energy|Industry|Solids,EJ/yr,0.10048899998614501,0.102947854209213,0.16681116221973202,0.147199057993196,0.163312829810953,0.0391807297067729
ndc_noce,CHL,Final Energy|Industry|Solids|Coal,EJ/yr,0.0167999999957658,0.00954076565218824,0.0977949348910961,0.0906199385406808,0.121642799278663,0.0385671860687616
ndc_noce,CHL,Final Energy|Residential|Electricity,EJ/yr,0.0489030006400844,0.0596963425128723,0.076097829767401,0.0893023341274168,0.108451537208466,0.15046813452463498
ndc_noce,CHL,Final Energy|Residential|Gases,EJ/yr,0.0209778780096198,0.024603787803471198,0.0350188300114106,0.0435763570427649,0.046952542769282096,0.00161321906280893
ndc_noce,CHL,Final Energy|Residential|Gases|Gas,EJ/yr,0.0209672069247009,0.024590842384238202,0.0350158084085831,0.0435761786567282,0.046952518653497304,0.00161321773233178
ndc_noce,CHL,Final Energy|Residential|Hydrogen,EJ/yr,,0.00025280690386562,1.23736650575141e-07,3.56857863488113e-07,3.78845133734531e-07,3.38550678246974e-07
ndc_noce,CHL,Final Energy|Residential|Heat,EJ/yr,,,,7.29482624684621e-11,,1.9615917746760497e-08
ndc_noce,CHL,Final Energy|Residential|Liquids,EJ/yr,0.0455880028438965,0.0340730345191428,0.0201355948331579,0.0100390327728924,0.00818619956695008,0.00394072327471046
ndc_noce,CHL,Final Energy|Residential|Liquids|Oil,EJ/yr,0.0455880028438965,0.0340730345191428,0.0201355948331579,0.0100390327728924,0.00818619956695008,0.00394072327471046
ndc_noce,CHL,Final Energy|Residential|Solids,EJ/yr,0.07842712662428179,0.0690348881473182,0.0548188446625387,0.0331981859467843,0.00126069633897508,0.00160844993379977
ndc_noce,CHL,Final Energy|Commercial|Electricity,EJ/yr,0.0441719999999999,0.0488470817995688,0.0517310175593015,0.0574236661520985,0.0629197887285508,0.0792193234186281
ndc_noce,CHL,Final Energy|Commercial|Gases,EJ/yr,0.00654499999396367,0.00506884051402814,0.00835818134219492,0.0077164430316117,0.00446310415037307,1.1386398560442701e-06
ndc_noce,CHL,Final Energy|Commercial|Gases|Gas,EJ/yr,0.00619399999428739,0.0046718001992177806,0.008358031151829851,0.007716374726057001,0.00446304104545256,1.01243989437846e-06
ndc_noce,CHL,Final Energy|Commercial|Hydrogen,EJ/yr,,0.000114045071244068,7.490099489120089e-08,1.8990288940347898e-07,1.4503991826983902e-07,8.526044956445291e-08
ndc_noce,CHL,Final Energy|Commercial|Heat,EJ/yr,,4.69713473498487e-05,0.00011352178938458301,0.00017902303391457,0.00025608702127968,3.65783903374184e-07
ndc_noce,CHL,Final Energy|Commercial|Liquids,EJ/yr,0.0274750000005713,0.0244386395636783,0.017770027682625797,0.013027928130604799,0.00915591597241497,0.0021922231404691898
ndc_noce,CHL,Final Energy|Commercial|Liquids|Oil,EJ/yr,0.0274750000005713,0.0244386395636783,0.017770027682625797,0.013027894170052899,0.00915591597241497,0.0021922231404691898
ndc_noce,CHL,Final Energy|Commercial|Solids,EJ/yr,0.0006479999943127051,0.000188518934371468,2.38696354370577e-07,2.12288756248824e-07,7.876529461551409e-08,7.408039849707009e-08
ndc_noce,CHL,Final Energy|Transportation|Electricity,EJ/yr,0.00465545770547946,0.0115793930136477,0.0273046697876313,0.0399859914373207,0.0716962914273693,0.125645750683651
ndc_noce,CHL,Final Energy|Transportation|Gases,EJ/yr,0.000581999999734072,0.00066422929468532,0.000489591223223949,0.00165258760019758,0.00140351401721802,5.5505632819625496e-05
ndc_noce,CHL,Final Energy|Transportation|Gases|Gas,EJ/yr,0.000581999999734072,0.00066422929468532,0.000489591223223949,0.00165258760019758,0.00140351401721802,5.5505632819625496e-05
ndc_noce,CHL,Final Energy|Transportation|Hydrogen,EJ/yr,,5.5528357309416003e-05,0.000117647671028508,0.000236638063680581,0.000289166332008662,0.00360739809068193
ndc_noce,CHL,Final Energy|Transportation|Liquids,EJ/yr,0.430403999991212,0.451414113845246,0.463709197367703,0.48827411457585496,0.484486912117693,0.545581750649195
ndc_noce,CHL,Final Energy|Transportation|Liquids|Oil,EJ/yr,0.430403999991212,0.45141409029204,0.457964999080666,0.485079297178769,0.476804201563118,0.530161924472437
ndc_noce,CHN,Final Energy|Agriculture|Electricity,EJ/yr,0.48103260043224,0.64014280981769,0.53028269482301,0.547846515637202,0.558217706200376,0.520562485754696
ndc_noce,CHN,Final Energy|Agriculture|Gases,EJ/yr,0.00421400526254263,0.00437663577220112,0.00451023701648997,0.00458917105606365,0.00464537950506485,1.11050188636729e-05
ndc_noce,CHN,Final Energy|Agriculture|Gases|Gas,EJ/yr,0.00421400526254263,0.00437663577220112,0.00451023701648997,0.00458900098025767,0.00464524101746804,1.0806034414241401e-05
ndc_noce,CHN,Final Energy|Agriculture|Heat,EJ/yr,0.000699000875262059,0.0007599016106758451,0.000822121346423899,0.0008676680303252789,0.000908041693088757,0.000111430525975692
ndc_noce,CHN,Final Energy|Agriculture|Liquids,EJ/yr,0.7528439397138961,0.571439364057449,0.636634806536136,0.575034873170842,0.517150675467106,0.471225172444716
ndc_noce,CHN,Final Energy|Agriculture|Liquids|Oil,EJ/yr,0.7528439397138961,0.571439364057449,0.636634806536136,0.38935485807376197,0.517102575208279,0.471223752338128
ndc_noce,CHN,Final Energy|Agriculture|Solids,EJ/yr,0.6136587659782461,0.6321667731666469,0.645479460610661,0.652021261623334,0.655479969522975,0.630806913401273
ndc_noce,CHN,Final Energy|Agriculture|Solids|Coal,EJ/yr,0.469436585957918,0.472342773402885,0.469189465891239,0.46345408922853804,0.45582296304513,0.41424893300161
ndc_noce,CHN,Final Energy|Industry|Electricity,EJ/yr,14.3425190023658,16.6302362413943,18.1615490331694,18.7457350888359,19.1658295390451,20.2356795930952
ndc_noce,CHN,Final Energy|Industry|Gases,EJ/yr,4.5169930006065195,5.16304279052724,5.37589973575944,4.77302693286858,3.68013674335548,0.5335176174962369
ndc_noce,CHN,Final Energy|Industry|Gases|Gas,EJ/yr,4.5169930006065195,5.16304279052724,5.37589973575944,4.773026921452041,3.6801367352836603,0.533517603739059
ndc_noce,CHN,Final Energy|Industry|Hydrogen,EJ/yr,,8.445535860127241e-08,2.88787083976401e-07,8.073695512106729e-07,1.21512210798476e-06,1.9802032769391297e-06
ndc_noce,CHN,Final Energy|Industry|Heat,EJ/yr,3.08436899990092,2.34703780911215,2.01888659948029,0.07684063202661029,0.0424495171065132,0.028479312308831498
ndc_noce,CHN,Final Energy|Industry|Liquids,EJ/yr,2.04717099985267,2.1358055805146,2.1752935813433503,1.86324972256254,1.45486153473646,0.6504930989703941
ndc_noce,CHN,Final Energy|Industry|Liquids|Oil,EJ/yr,2.04717099985267,2.1358055805146,2.1752935731555,1.86324958451843,1.45486143832371,0.650492908674513
ndc_noce,CHN,Final Energy|Industry|Solids,EJ/yr,23.0226210005018,25.143592736391202,26.7328269309858,31.9081431027623,36.2884551921358,47.1506171579594
ndc_noce,CHN,Final Energy|Industry|Solids|Coal,EJ/yr,22.488180000571703,24.5817878881153,26.1870057599592,31.4381674968062,35.9095663616463,47.0476925866432
ndc_noce,CHN,Final Energy|Residential|Electricity,EJ/yr,3.87232900011093,4.93161588878782,5.79337929088753,6.2213245885671,6.9781200871808595,7.957831272256359
ndc_noce,CHN,Final Energy|Residential|Gases,EJ/yr,1.76402199999384,2.07724878072504,2.07677606402035,2.74547613612299,2.1387026130897797,0.6418556048302351
ndc_noce,CHN,Final Energy|Residential|Gases|Gas,EJ/yr,1.76402199999384,2.07724878072504,2.07677606402035,2.74547613612299,2.1387026130897797,0.6418556048302351
ndc_noce,CHN,Final Energy|Residential|Hydrogen,EJ/yr,,8.86838362704579e-08,2.82991385999544e-07,5.86748105000738e-07,6.415725471608721e-07,8.37943853720185e-07
ndc_noce,CHN,Final Energy|Residential|Heat,EJ/yr,1.28832099999489,0.907443093209369,0.44997007041680304,0.145367693099028,0.152846393818611,0.158188990831454
ndc_noce,CHN,Final Energy|Residential|Liquids,EJ/yr,3.3882660001096,2.5388033673298303,1.80422220055998,1.28091840793388,1.18574666468801,1.53141133208453
ndc_noce,CHN,Final Energy|Residential|Liquids|Oil,EJ/yr,3.3431269558546,2.5128176406315603,1.78699782955831,1.2751609036556,1.18574663126468,1.53141132739065
ndc_noce,CHN,Final Energy|Residential|Solids,EJ/yr,2.13497800002704,1.84293602135167,1.41095420690699,0.924649952877786,0.478064830707568,0.286821725805538
ndc_noce,CHN,Final Energy|Residential|Solids|Coal,EJ/yr,1.43229600003616,1.15634962140685,0.8148496935564521,0.528423631853782,0.292585651356037,0.22867115986523
ndc_noce,CHN,Final Energy|Commercial|Electricity,EJ/yr,0.107957,0.134935609953174,0.144882599953675,0.16032984254976299,0.16666356648651198,0.19410085659776702
ndc_noce,CHN,Final Energy|Commercial|Gases,EJ/yr,,2.31987587100464e-07,1.26511693001642e-06,0.000290978403232427,0.000263173267752895,3.58975275328133e-06
ndc_noce,CHN,Final Energy|Commercial|Gases|Gas,EJ/yr,,2.31987587100464e-07,1.26511693001642e-06,0.00029095467840411696,0.000263152208003511,3.55071224703662e-06
ndc_noce,CHN,Final Energy|Commercial|Hydrogen,EJ/yr,,2.76044545291924e-09,2.37969702439243e-08,5.982082759415749e-08,6.681423990994951e-08,9.0656644879285e-08
ndc_noce,CHN,Final Energy|Commercial|Heat,EJ/yr,,0.000204570978075384,1.91410374753496e-05,0.000225103026006555,0.000133387122094872,8.92910093629258e-06
ndc_noce,CHN,Final Energy|Commercial|Solids,EJ/yr,0.0579950004711375,0.067413290733033,0.0762268548718898,0.080823730292127,0.0817863901375594,0.061181783449972105
ndc_noce,CHN,Final Energy|Commercial|Solids|Coal,EJ/yr,0.0284560004801094,0.0338707123980174,0.039589827958815396,0.0433672851064403,0.0456006756877751,0.031000272432705
ndc_noce,CHN,Final Energy|Transportation|Electricity,EJ/yr,0.5852822750000001,0.576382088805399,0.670125832281087,0.963769144421052,1.3347126915379999,1.56188131190812
ndc_noce,CHN,Final Energy|Transportation|Gases,EJ/yr,1.5792969999864899,1.67820360815058,1.60466812638719,1.1255367712508701,0.520318540177461,0.13203361905001001
ndc_noce,CHN,Final Energy|Transportation|Gases|Gas,EJ/yr,1.5792969999864899,1.67820360815058,1.60466812638719,1.1255367712508701,0.520318540177461,0.13203361905001001
ndc_noce,CHN,Final Energy|Transportation|Hydrogen,EJ/yr,,0.00330316791782437,0.017916894921426698,0.0841453789443864,0.147511472398546,0.457155997051821
ndc_noce,CHN,Final Energy|Transportation|Liquids,EJ/yr,12.2922809603605,16.7092985249852,20.7607506844463,24.1926400929354,26.879519371806698,34.086521440245
ndc_noce,CHN,Final Energy|Transportation|Liquids|Oil,EJ/yr,11.987812400361399,16.2582631829229,19.575146945952802,21.8443449958364,23.8391957724576,29.4799238838307
ndc_noce,CHN,Final Energy|Transportation|Solids,EJ/yr,0.0580680005757906,0.0632015103839838,0.0700001156323023,0.0626385835264399,0.000672476093177958,0.00019029667350804
ndc_noce,CHN,Final Energy|Transportation|Solids|Coal,EJ/yr,0.0580680005757906,0.0632015103839838,0.0700001156323023,0.0626385835264399,0.000672476093177958,0.00019029667350804
ndc_noce,ENE,Final Energy|Agriculture|Electricity,EJ/yr,0.0217410005664712,0.0194447951855221,0.0208776625145921,0.0201448524623191,0.0220257793306749,0.0227090168067667
ndc_noce,ENE,Final Energy|Agriculture|Gases,EJ/yr,0.0091870002437856,0.008600425477039559,3.4373478420834e-06,1.03101508861664e-05,0.008750768258647311,9.22095081514633e-06
ndc_noce,ENE,Final Energy|Agriculture|Gases|Gas,EJ/yr,0.009019000236631611,0.00841040174577343,1.8009644955877098e-06,1.01695546321426e-05,0.00875064612852547,8.91391794415163e-06
ndc_noce,ENE,Final Energy|Agriculture|Heat,EJ/yr,0.0701110018243292,0.068446555381372,0.0633325662803299,0.07678915603435421,0.0803353303084402,0.0861262898469935
ndc_noce,ENE,Final Energy|Agriculture|Liquids,EJ/yr,0.09731200253376239,0.0801569874871414,0.0848107384085665,0.07392177563596969,0.0554163684704304,0.047700483474726295
ndc_noce,ENE,Final Energy|Agriculture|Liquids|Oil,EJ/yr,0.0969610025218636,0.0797599558141941,0.0843499445100768,0.07392090030024699,0.0554161937212421,0.047700190287428695
ndc_noce,ENE,Final Energy|Agriculture|Solids,EJ/yr,0.00388000010619283,0.00457542498326053,0.005676566577456309,0.0006562970848373189,0.000710933850677485,0.000813290846644873
ndc_noce,ENE,Final Energy|Agriculture|Solids|Coal,EJ/yr,0.000476000015139702,0.000429817413604254,0.000418302682202432,0.00041352334570801403,0.000406799648661062,0.00038882375655187903
ndc_noce,ENE,Final Energy|Industry|Electricity,EJ/yr,0.286996999709764,0.26179362288999103,0.349274006812592,0.41494137190596503,0.47589620464988297,0.554208143149162
ndc_noce,ENE,Final Energy|Industry|Gases,EJ/yr,0.301935999826156,0.20105321142188,0.17099856809455,0.140513430827743,0.0827812833761529,0.00607148055657592
ndc_noce,ENE,Final Energy|Industry|Gases|Gas,EJ/yr,0.301828999825487,0.200957309617866,0.170902515368043,0.140432067494388,0.0827210337070067,0.0060714584131963
ndc_noce,ENE,Final Energy|Industry|Hydrogen,EJ/yr,,3.1356138383555395e-08,2.8877418169900196e-07,7.92380432214348e-07,1.2087414055010201e-06,2.13939109563116e-06
ndc_noce,ENE,Final Energy|Industry|Heat,EJ/yr,0.21963599996117902,0.0857982764645976,0.0830271377800127,0.0739972812522238,0.029461982709019,0.0404440586106499
ndc_noce,ENE,Final Energy|Industry|Liquids,EJ/yr,0.07080599988804699,0.0573398350298749,0.057286009301411395,0.051236228701596505,0.0388199477137979,0.00594101104951933
ndc_noce,ENE,Final Energy|Industry|Liquids|Oil,EJ/yr,0.07080599988804699,0.0573398350298749,0.0572859978434445,0.0512361459951436,0.038819875475811796,0.00594083120666477
ndc_noce,ENE,Final Energy|Industry|Solids,EJ/yr,0.502002999869574,0.331796533841302,0.463679849042033,0.6774641513027181,0.831204276674361,1.20973854410357
ndc_noce,ENE,Final Energy|Industry|Solids|Coal,EJ/yr,0.481229999905229,0.309685443735421,0.440583552026483,0.66069158993261,0.817427357196402,1.20677299849716
ndc_noce,ENE,Final Energy|Residential|Electricity,EJ/yr,0.257261006978296,0.212932241837781,0.299492123032628,0.333433026764112,0.415950537087497,0.5631943355453489
ndc_noce,ENE,Final Energy|Residential|Gases,EJ/yr,0.369298016212452,0.398564851318291,0.360559598722286,0.438901098205404,0.30278091743843205,0.0762291887670216
ndc_noce,ENE,Final Energy|Residential|Gases|Gas,EJ/yr,0.369298016212452,0.398564851318291,0.360559598722286,0.438901098205404,0.30278091743843205,0.0762291887670216
ndc_noce,ENE,Final Energy|Residential|Hydrogen,EJ/yr,,5.47465230438325e-08,1.80641032114296e-07,4.83394869452906e-07,5.19456106926375e-07,5.93405831466396e-07
ndc_noce,ENE,Final Energy|Residential|Heat,EJ/yr,0.20140099999814298,0.134395997209369,0.0540535916760482,0.0005049546282950231,0.00041043168480430495,0.000166832525452552
ndc_noce,ENE,Final Energy|Residential|Liquids,EJ/yr,0.0139250013222884,0.0124368628474634,0.0115808506590595,0.0002929190198729,0.00013450693394861701,3.83717331579581e-05
ndc_noce,ENE,Final Energy|Residential|Liquids|Oil,EJ/yr,0.0139249816718524,0.0124368628474634,0.0115808506590595,0.0002929190198729,0.00013450693394861701,3.83717331579581e-05
ndc_noce,ENE,Final Energy|Residential|Solids,EJ/yr,0.284305000800673,0.193237545131037,0.0847994392259403,0.00827693979224983,0.00333377014299609,0.00266251619206081
ndc_noce,ENE,Final Energy|Residential|Solids|Coal,EJ/yr,0.027175000053068898,0.0209090185405525,0.0138196764645841,0.007971719354263081,0.00321190478196668,0.0025294496603267
ndc_noce,ENE,Final Energy|Commercial|Electricity,EJ/yr,0.156572,0.14370192006715998,0.154557830038035,0.167197173285827,0.173491846973751,0.239644175065698
ndc_noce,ENE,Final Energy|Commercial|Gases,EJ/yr,0.0486269999927937,0.050230222067623106,0.0575806537502576,0.0758827454124594,0.092575164414018,0.045348200792846495
ndc_noce,ENE,Final Energy|Commercial|Gases|Gas,EJ/yr,0.048574999992801404,0.0502257963122657,0.057526129291860996,0.0758826497642761,0.09257508365065201,0.0453480259506927
ndc_noce,ENE,Final Energy|Commercial|Hydrogen,EJ/yr,,3.3365346266115596e-08,7.30382158662392e-08,1.75352809359678e-07,1.61203630200439e-07,1.98067399460315e-07
ndc_noce,ENE,Final Energy|Commercial|Heat,EJ/yr,0.061834,0.062107951611921,0.0672985412496563,0.0847037000355061,0.09795806750697769,0.0543524480349245
ndc_noce,ENE,Final Energy|Commercial|Liquids,EJ/yr,0.0167850000034418,0.0119387198974424,0.00504087285015442,0.000776568282787645,4.46943531196083e-07,2.6016331748469796e-07
ndc_noce,ENE,Final Energy|Commercial|Liquids|Oil,EJ/yr,0.0167850000034418,0.0119387198974424,0.00504087285015442,0.00077649242319817,4.46943531196083e-07,2.6016331748469796e-07
ndc_noce,ENE,Final Energy|Commercial|Solids,EJ/yr,0.0327120000102338,0.024647780422852802,0.0278070084684243,0.0275158936848276,0.0190235182608206,0.0022584185061050198
ndc_noce,ENE,Final Energy|Commercial|Solids|Coal,EJ/yr,0.0212950000129402,0.0170363725877007,0.0247623985240546,0.027515832704408102,0.0190234707644805,0.00225836828416615
ndc_noce,ENE,Final Energy|Transportation|Electricity,EJ/yr,0.0257314698095456,0.0231783237553976,0.0262532209270018,0.027096036616233898,0.0481929514780781,0.0654613404916774
ndc_noce,ENE,Final Energy|Transportation|Gases,EJ/yr,0.00234599998118346,0.00168361685205702,0.000807984501328548,0.000399547143520632,0.00028736564907141997,0.000370016433005028
ndc_noce,ENE,Final Energy|Transportation|Gases|Gas,EJ/yr,0.00234599998118346,0.00168361685205702,0.000807984501328548,0.000399547143520632,0.00028736564907141997,0.000370016433005028
ndc_noce,ENE,Final Energy|Transportation|Hydrogen,EJ/yr,,0.000547527918485897,0.000396372026116083,0.00350948245492107,0.00602517416634658,0.0137136418725501
ndc_noce,ENE,Final Energy|Transportation|Liquids,EJ/yr,0.7813723099944689,0.76994554867543,0.9275800949031581,1.0644669501783701,1.1422171368521499,1.38327276909292
ndc_noce,ENE,Final Energy|Transportation|Liquids|Oil,EJ/yr,0.776985619994645,0.764944390957951,0.920129613357607,1.05669278918783,1.1325085733265001,1.3713371038760298
ndc_noce,ENE,Final Energy|Transportation|Solids,EJ/yr,0.000446000031165681,1.47122203656925e-07,7.40496278070818e-07,0.00013350695190685098,3.18294905155799e-07,3.4012925063431703e-07
ndc_noce,ENE,Final Energy|Transportation|Solids|Coal,EJ/yr,0.000446000031165681,1.47122203656925e-07,7.40496278070818e-07,0.00013350695190685098,3.18294905155799e-07,3.4012925063431703e-07
ndc_noce,ENW,Final Energy|Agriculture|Electricity,EJ/yr,0.0272020031253213,0.028405646111573802,0.0380898382367941,0.0581076237918925,0.0678544869390907,0.0877980786691749
ndc_noce,ENW,Final Energy|Agriculture|Gases,EJ/yr,0.00449800052192377,0.00477627379961684,0.00510882840142833,0.00749436079557516,0.004760232524816,0.00179447750921964
ndc_noce,ENW,Final Energy|Agriculture|Gases|Gas,EJ/yr,0.0039310004540388304,0.00413488995100464,0.00436436178274091,0.00455833373460759,0.0047592937976967,1.54384384856764e-06
ndc_noce,ENW,Final Energy|Agriculture|Heat,EJ/yr,0.00262500030692144,0.0028904652191684803,0.0032040581179087,0.00347107519268642,0.00374725478221085,0.00411897226560676
ndc_noce,ENW,Final Energy|Agriculture|Liquids,EJ/yr,0.0581210066803567,0.0559412191689254,0.0436622392685772,0.019583804632183798,0.0151466672391394,1.39837295823283e-06
ndc_noce,ENW,Final Energy|Agriculture|Liquids|Oil,EJ/yr,0.058109006676180595,0.0559276503092861,0.043646487015307205,0.00491116559727063,3.72022926278613e-07,3.5678542580776903e-07
ndc_noce,ENW,Final Energy|Agriculture|Solids,EJ/yr,0.00515300059431249,0.0066434596284299305,0.0084585844313901,0.010012815810028901,0.00735749934182763,0.00845443032603548
ndc_noce,ENW,Final Energy|Industry|Electricity,EJ/yr,0.615847999353756,0.6109125207857939,0.650176474134425,0.7945448993573611,0.911380383077003,1.2277034236439799
ndc_noce,ENW,Final Energy|Industry|Gases,EJ/yr,0.461957999713519,0.409313031719015,0.358380013197016,0.251949318119853,0.17479324569531202,0.0161277898365546
ndc_noce,ENW,Final Energy|Industry|Gases|Gas,EJ/yr,0.455698999713379,0.40327158557686404,0.352422225281103,0.24791259663680298,0.171921591034819,0.0161276726519947
ndc_noce,ENW,Final Energy|Industry|Hydrogen,EJ/yr,,0.00161113043905957,0.00680681899122726,0.0068063221715884805,0.00680635539793032,8.31027434803974e-07
ndc_noce,ENW,Final Energy|Industry|Heat,EJ/yr,0.0381799999682955,0.08218150783046779,0.15060297194210698,0.15574239021755,0.161700065314958,0.17918591171297601
ndc_noce,ENW,Final Energy|Industry|Liquids,EJ/yr,0.162111000610353,0.145440631653611,0.11742266733370499,0.0937252341582205,0.0671763926035588,0.00450671439443695
ndc_noce,ENW,Final Energy|Industry|Liquids|Oil,EJ/yr,0.161752000609188,0.145034538829028,0.11695130564430001,0.0929347054185926,0.0670395128434203,0.00450650618665418
ndc_noce,ENW,Final Energy|Industry|Solids,EJ/yr,0.261707000003965,0.15654091698197498,0.14188448796068498,0.136458365617806,0.136936180236329,0.13894922986510802
ndc_noce,ENW,Final Energy|Industry|Solids|Coal,EJ/yr,0.174406000057542,0.0624598917466297,0.0414177184073379,0.0344698207367173,0.026592291539162,0.011262986847404599
ndc_noce,ENW,Final Energy|Residential|Electricity,EJ/yr,0.589915005868291,0.5762479949109499,0.7036071966633061,0.815208414747071,0.955767584983221,1.20657910626764
ndc_noce,ENW,Final Energy|Residential|Gases,EJ/yr,1.00353299999414,0.948087669306125,0.514060650359613,0.389828572100057,0.255317690838756,1.1099482336048098e-06
ndc_noce,ENW,Final Energy|Residential|Gases|Gas,EJ/yr,1.00353299999414,0.948087669306125,0.514060650359613,0.389828572100057,0.255317690838756,1.1099482336048098e-06
ndc_noce,ENW,Final Energy|Residential|Hydrogen,EJ/yr,,0.037413071753123396,0.004667014004978719,4.051226248048449e-06,1.78016202056638e-06,2.72643463499617e-07
ndc_noce,ENW,Final Energy|Residential|Heat,EJ/yr,0.0417069999973804,0.0067152133617080206,0.0164451412068969,0.000885397133837572,0.007478322537636519,5.68881967329056e-07
ndc_noce,ENW,Final Energy|Residential|Liquids,EJ/yr,0.163225999997923,0.021531966233475502,0.000502823528803133,8.123209972403939e-08,1.08891910715617e-07,8.53659164862384e-08
ndc_noce,ENW,Final Energy|Residential|Liquids|Oil,EJ/yr,0.163225976846995,0.021531966233475502,0.000502823528803133,8.123209972403939e-08,1.08891910715617e-07,8.53659164862384e-08
ndc_noce,ENW,Final Energy|Residential|Solids,EJ/yr,0.0854460000121978,0.0662115952117336,0.0412248168959029,0.00559131890672141,0.0021868024267583702,9.77303994761168e-06
ndc_noce,ENW,Final Energy|Residential|Solids|Coal,EJ/yr,0.0189750000173293,0.00162853200647283,2.39490836826579e-08,5.79070589067238e-08,3.5444080189269e-08,1.25499865578913e-08
ndc_noce,ENW,Final Energy|Commercial|Electricity,EJ/yr,0.484317,0.46613973588662,0.475634603525694,0.508316048874531,0.525009759939532,0.5832090972745589
ndc_noce,ENW,Final Energy|Commercial|Gases,EJ/yr,0.29662399999425704,0.274158302665285,0.123930942278032,0.109598029559057,0.0636777452796862,5.54245871321918e-07
ndc_noce,ENW,Final Energy|Commercial|Gases|Gas,EJ/yr,0.29452799999429696,0.271787320983021,0.121178901505258,0.109597648702049,0.0636774685221203,2.20064332620805e-07
ndc_noce,ENW,Final Energy|Commercial|Hydrogen,EJ/yr,,0.00393609786256005,0.00167003882532393,2.1053965322339e-06,5.71335214803093e-07,4.08803089739377e-08
ndc_noce,ENW,Final Energy|Commercial|Heat,EJ/yr,0.0462990000000002,0.0219271680042007,0.043614742139920996,0.0398866752654736,0.052619954223685296,4.53754402721911e-07
ndc_noce,ENW,Final Energy|Commercial|Liquids,EJ/yr,0.133111999993196,0.009781114367160051,0.0112453025352526,0.00943475623597931,8.0265536798099e-08,4.26668616834143e-08
ndc_noce,ENW,Final Energy|Commercial|Liquids|Oil,EJ/yr,0.133111999993196,0.00977998999432002,0.0112439965137859,0.0026441517345477997,8.0265536798099e-08,4.26668616834143e-08
ndc_noce,ENW,Final Energy|Commercial|Solids,EJ/yr,0.022412000003285498,0.0204380565362336,0.019088599888596,0.00279615777146712,0.00674417190447545,0.000434406072710237
ndc_noce,ENW,Final Energy|Commercial|Solids|Coal,EJ/yr,0.000650000008672235,1.2293165565212801e-08,8.8870759644205e-09,2.19599317699257e-08,2.54343443889334e-08,1.56480308608593e-08
ndc_noce,ENW,Final Energy|Transportation|Electricity,EJ/yr,0.0363921935172323,0.0635495106912228,0.229300519529336,0.392597641582273,0.5156941721251199,0.7896509578861259
ndc_noce,ENW,Final Energy|Transportation|Gases,EJ/yr,0.00884700005087523,0.00985654729026431,0.0761794851020926,0.0735010684013619,0.0496493077974085,0.0586707185890115
ndc_noce,ENW,Final Energy|Transportation|Gases|Gas,EJ/yr,0.007872840050961791,0.00874345908821158,0.0748875131971253,0.0732156090397022,0.049647793320701704,0.058625608082673406
ndc_noce,ENW,Final Energy|Transportation|Hydrogen,EJ/yr,,0.00097655391723411,0.00103589318316847,0.00091428666870682,0.0035309122188574298,0.0126332378789029
ndc_noce,ENW,Final Energy|Transportation|Liquids,EJ/yr,3.06809180999586,3.2592578262820298,3.0528643556679,3.1206137680859602,3.34752217064596,3.7019796666287896
ndc_noce,ENW,Final Energy|Transportation|Liquids|Oil,EJ/yr,2.9975401099969,3.1782304675283197,2.91616797747591,2.73900793418244,2.60998192056783,2.7902723578138096
ndc_noce,ENW,Final Energy|Transportation|Solids,EJ/yr,0.00040400002132174,1.4884974585795e-08,8.13360102232402e-09,1.69998072313494e-08,1.48450850451778e-08,2.12709408936053e-08
ndc_noce,ENW,Final Energy|Transportation|Solids|Coal,EJ/yr,0.00040400002132174,1.4884974585795e-08,8.13360102232402e-09,1.69998072313494e-08,1.48450850451778e-08,2.12709408936053e-08
ndc_noce,EUE,Final Energy|Agriculture|Electricity,EJ/yr,0.0214020010903144,0.0210487638910382,0.0238519427881612,0.0293937254886609,0.0345362770175314,0.0480733227356769
ndc_noce,EUE,Final Energy|Agriculture|Gases,EJ/yr,0.0217760011121172,0.0227730716609377,0.0237112936978936,0.0183366025113553,0.0184094367699581,0.026450414817988398
ndc_noce,EUE,Final Energy|Agriculture|Gases|Gas,EJ/yr,0.0175880008965108,0.01803562024668,0.0182124880202096,0.018336305866401698,0.0184089947139167,0.0185648092309286
ndc_noce,EUE,Final Energy|Agriculture|Heat,EJ/yr,0.0048860002538731505,0.0052447998325437,0.00265564660900142,0.005807838022765801,0.0060289294683214196,0.00566008416019275
ndc_noce,EUE,Final Energy|Agriculture|Liquids,EJ/yr,0.17749800903479399,0.166463610378065,0.15002792457549502,0.158511700744544,0.138358416437917,0.100390856594741
ndc_noce,EUE,Final Energy|Agriculture|Liquids|Oil,EJ/yr,0.177443009029201,0.166401411267859,0.14995572995499798,0.1164742166039,0.08455585353156271,0.0246137702253577
ndc_noce,EUE,Final Energy|Agriculture|Solids,EJ/yr,0.0574310029238816,0.0633333806159452,0.0691321510629793,0.0433425357372182,0.0481087228605892,0.046668113961782
ndc_noce,EUE,Final Energy|Agriculture|Solids|Coal,EJ/yr,0.031796001618472604,0.0315865490253045,0.0308108385560602,7.0077670085821e-07,7.14782788856733e-07,6.64574352952796e-07
ndc_noce,EUE,Final Energy|Industry|Electricity,EJ/yr,0.578176999443495,0.707626434323241,0.877380113823572,1.00447376480863,1.1168363452874301,1.17443470286567
ndc_noce,EUE,Final Energy|Industry|Gases,EJ/yr,0.72662199972751,0.715775346556333,0.625286654284832,0.752655083931912,0.779302852877778,0.848829946682233
ndc_noce,EUE,Final Energy|Industry|Gases|Gas,EJ/yr,0.725312999726341,0.7142946256289071,0.623568054605351,0.750935830459294,0.777477693415629,0.846780298781887
ndc_noce,EUE,Final Energy|Industry|Hydrogen,EJ/yr,,3.5716303574087295e-08,1.223868466219e-07,4.18609629116554e-07,5.211745656843049e-07,0.00162736756269813
ndc_noce,EUE,Final Energy|Industry|Heat,EJ/yr,0.111641999976321,0.0870753194315224,0.277310110148017,0.423075925275564,0.585722197659406,0.922951056905339
ndc_noce,EUE,Final Energy|Industry|Liquids,EJ/yr,0.18761300846624498,0.172437021209541,0.150991941411971,0.122767048882843,0.0933484395376929,0.042892910312074595
ndc_noce,EUE,Final Energy|Industry|Liquids|Oil,EJ/yr,0.18761199990557298,0.172434829925386,0.150989311970349,0.12235629752548,0.09228033057322109,0.042892693206223
ndc_noce,EUE,Final Energy|Industry|Solids,EJ/yr,0.693291000228146,0.65044657783199,0.52600659338935,0.354745693253126,0.268798065396198,0.087917739572721
ndc_noce,EUE,Final Energy|Industry|Solids|Coal,EJ/yr,0.449422000290894,0.41213034996005804,0.251003776347941,0.171320811727351,0.13472296895558,0.0722412161212624
ndc_noce,EUE,Final Energy|Residential|Electricity,EJ/yr,0.366502005688514,0.383711270207317,0.541171108343086,0.700108833593479,0.82213774252322,1.02179670631876
ndc_noce,EUE,Final Energy|Residential|Gases,EJ/yr,0.5369499999942939,0.6445374683279951,0.7867184863119441,0.6499868117393041,0.404309869121209,0.00171494537076354
ndc_noce,EUE,Final Energy|Residential|Gases|Gas,EJ/yr,0.5369499999942939,0.6445374683279951,0.7867184863119441,0.6499868117393041,0.404309869121209,0.00171494537076354
ndc_noce,EUE,Final Energy|Residential|Hydrogen,EJ/yr,,5.56371089759457e-08,1.33718743691681e-07,4.5213863098887103e-07,4.71355315169617e-07,0.000302053388714719
ndc_noce,EUE,Final Energy|Residential|Heat,EJ/yr,0.327326999997981,0.218790256444585,0.0018669079409932802,0.0016619014882138501,0.000868589361998375,8.13707775255218e-07
ndc_noce,EUE,Final Energy|Residential|Liquids,EJ/yr,0.0615090003710284,0.054448903158227306,0.0449879344863885,0.00928681884323349,0.0232407210389724,0.03620007807028609
ndc_noce,EUE,Final Energy|Residential|Liquids|Oil,EJ/yr,0.0615089494921287,0.054448903158227306,0.0449879344863885,0.00928681884323349,0.0232407210389724,0.03620007807028609
ndc_noce,EUE,Final Energy|Residential|Solids,EJ/yr,0.8966800011031241,0.630123925361955,0.21755502003963098,0.0123387631345162,0.008285637244498769,0.000833293481888284
ndc_noce,EUE,Final Energy|Residential|Solids|Coal,EJ/yr,0.24232700002477198,0.190316752167926,0.0358457107965954,0.0029224912731748904,4.68874602390237e-08,2.71546702430492e-08
ndc_noce,EUE,Final Energy|Commercial|Electricity,EJ/yr,0.420354999999999,0.430946339564663,0.50304161736307,0.5530296364090771,0.586016608968132,0.646083362294277
ndc_noce,EUE,Final Energy|Commercial|Gases,EJ/yr,0.228197999992698,0.254871550608527,0.22468336500917202,0.217383840484911,0.12538744463068302,1.1489597904467999e-06
ndc_noce,EUE,Final Energy|Commercial|Gases|Gas,EJ/yr,0.224968999992802,0.251218938892744,0.22044372650369398,0.217383720926977,0.125387329524164,8.7772821633356e-07
ndc_noce,EUE,Final Energy|Commercial|Hydrogen,EJ/yr,,3.59640972880254e-08,5.46773363361002e-08,1.45914826375504e-07,1.25304232684093e-07,1.0157376423134599e-07
ndc_noce,EUE,Final Energy|Commercial|Heat,EJ/yr,0.110792,0.0792824940100668,0.00115053945106893,1.19803363357292e-06,2.60890669776559e-06,5.507560888344739e-07
ndc_noce,EUE,Final Energy|Commercial|Liquids,EJ/yr,0.032294000023976505,0.0230443046572721,0.0008375784877094091,0.00148159804638537,0.0011032823978684,0.00139268462082342
ndc_noce,EUE,Final Energy|Commercial|Liquids|Oil,EJ/yr,0.0322630000239443,0.023009277803976498,0.000796913028175948,2.0855154491597101e-07,0.0011032823978684,0.00139268462082342
ndc_noce,EUE,Final Energy|Commercial|Solids,EJ/yr,0.0565310000002756,0.041489011733014204,0.00747183718608678,1.02092606715797e-07,1.24321906702963e-07,7.31331567092355e-08
ndc_noce,EUE,Final Energy|Commercial|Solids|Coal,EJ/yr,0.0285120000029925,0.0228096284590539,9.84287472737386e-08,4.65434668403223e-08,4.33709691520083e-08,2.5517895224247298e-08
ndc_noce,EUE,Final Energy|Transportation|Electricity,EJ/yr,0.0309760706340386,0.0630472622796483,0.259877101558005,0.455861651608791,0.632576201055619,0.907231425457467
ndc_noce,EUE,Final Energy|Transportation|Gases,EJ/yr,0.0101850000290361,0.00815557723490307,0.0155600800745407,0.004607475509977949,0.00137537915946056,0.000410557365598812
ndc_noce,EUE,Final Energy|Transportation|Gases|Gas,EJ/yr,0.00999195002904053,0.0079350197469893,0.015304078369812199,0.00457509278101644,0.00136068812787306,0.000405599694427218
ndc_noce,EUE,Final Energy|Transportation|Hydrogen,EJ/yr,,0.0019273786810821202,0.00027999037836352604,0.00046558940373351497,0.000581586051151647,0.00182979786063061
ndc_noce,EUE,Final Energy|Transportation|Liquids,EJ/yr,2.44820045995939,2.6862615284821,2.60472363822612,2.44108750905452,2.2603143738588902,2.1913888191445197
ndc_noce,EUE,Final Energy|Transportation|Liquids|Oil,EJ/yr,2.36691439996044,2.59136093938108,2.4420915949486997,2.2021698442060202,1.9694317937241501,1.72433141226011
ndc_noce,EUE,Final Energy|Transportation|Solids,EJ/yr,1.6000072250105498e-05,1.31104391330396e-07,4.5495688655881e-08,3.40651366139891e-08,2.17619000098448e-08,3.22548454397544e-08
ndc_noce,EUE,Final Energy|Transportation|Solids|Coal,EJ/yr,1.6000072250105498e-05,1.31104391330396e-07,4.5495688655881e-08,3.40651366139891e-08,2.17619000098448e-08,3.22548454397544e-08
ndc_noce,EUM,Final Energy|Agriculture|Electricity,EJ/yr,0.0849870023951272,0.08714918350228579,0.145314774665376,0.172865833455049,0.200706484919633,0.252107647359674
ndc_noce,EUM,Final Energy|Agriculture|Gases,EJ/yr,0.0239230006784687,0.024862131006807998,0.025994559938396,0.0374597458870844,0.0417670309319376,0.00434669017420065
ndc_noce,EUM,Final Energy|Agriculture|Gases|Gas,EJ/yr,0.022388000632492498,0.023125753143589802,0.023979108167648998,0.0247200762448253,0.02549405496488,2.8881293739201e-07
ndc_noce,EUM,Final Energy|Agriculture|Heat,EJ/yr,0.00457300013421924,0.00494467010756335,0.005384806631673461,0.00575790381452731,0.00613930092687739,0.006586266442650541
ndc_noce,EUM,Final Energy|Agriculture|Liquids,EJ/yr,0.337858009525876,0.32388220632876197,0.258157516170068,0.211542401339962,0.17229227908460398,0.158052421254146
ndc_noce,EUM,Final Energy|Agriculture|Liquids|Oil,EJ/yr,0.33170000934987504,0.316916294201479,0.250072065355251,0.12749431134115,0.0636878345875589,3.74615720278857e-07
ndc_noce,EUM,Final Energy|Agriculture|Solids,EJ/yr,0.0128870003680618,0.0199979664715731,0.0164998731933602,0.0181958507896418,0.0199201581229525,0.023312833668655903
ndc_noce,EUM,Final Energy|Agriculture|Solids|Coal,EJ/yr,8.800000527370649e-05,8.78503326907072e-05,7.830481285895249e-08,2.1429468579950301e-07,3.25328891021773e-07,7.509773543150519e-08
ndc_noce,EUM,Final Energy|Industry|Electricity,EJ/yr,1.22806399963614,1.28843953161972,1.59786360291438,1.80070736140786,2.01517701562679,2.4840609507378697
ndc_noce,EUM,Final Energy|Industry|Gases,EJ/yr,1.34626099979132,1.27960540855816,0.990524124523423,0.723727845821032,0.5215365535204599,0.0819141227458783
ndc_noce,EUM,Final Energy|Industry|Gases|Gas,EJ/yr,1.34185599979065,1.27462251617644,0.984740371169917,0.720815336470071,0.519469986822838,0.08184753779059
ndc_noce,EUM,Final Energy|Industry|Hydrogen,EJ/yr,,8.0488429997196e-08,0.0465789965539062,0.0465790702817793,0.00844057171223178,0.00844078657266402
ndc_noce,EUM,Final Energy|Industry|Heat,EJ/yr,0.199546999972797,0.238301172273225,0.46476251364303905,0.683053316664955,0.929626018285759,1.46431011624657
ndc_noce,EUM,Final Energy|Industry|Liquids,EJ/yr,0.417213387271722,0.359052838201584,0.26622712667557696,0.21010878566069802,0.146627141611988,0.0191990958102724
ndc_noce,EUM,Final Energy|Industry|Liquids|Oil,EJ/yr,0.412087000008811,0.35323153786323,0.259436298122341,0.20151701515287201,0.140973357876913,0.0191988517506928
ndc_noce,EUM,Final Energy|Industry|Solids,EJ/yr,0.586470089438062,0.5858409914013379,0.293060943910149,0.247911590553055,0.225765410615453,0.137715800340735
ndc_noce,EUM,Final Energy|Industry|Solids|Coal,EJ/yr,0.34736308949218,0.339739343179913,0.0498781356605122,0.0502584745877182,0.0515461332372599,0.0442394063231462
ndc_noce,EUM,Final Energy|Residential|Electricity,EJ/yr,1.1934790069752101,1.33281522221923,1.67132279491193,1.89807596662441,2.19845228103536,2.79536599236372
ndc_noce,EUM,Final Energy|Residential|Gases,EJ/yr,1.32367000423725,1.3387296033959002,0.5792511475229399,0.0838150601599391,0.398661148253121,9.960405843578309e-07
ndc_noce,EUM,Final Energy|Residential|Gases|Gas,EJ/yr,1.32367000423725,1.3387296033959002,0.5792511475229399,0.0838150601599391,0.398661148253121,9.96040584357832e-07
ndc_noce,EUM,Final Energy|Residential|Hydrogen,EJ/yr,,1.04956889609731e-07,0.204479999632584,0.592063185187868,0.0571883199455219,8.0052512120016e-07
ndc_noce,EUM,Final Energy|Residential|Heat,EJ/yr,0.09338699999739719,0.0645611179340291,0.0300297071085694,0.0070796002531052305,0.00755014371118261,0.00405371271432061
ndc_noce,EUM,Final Energy|Residential|Liquids,EJ/yr,0.441151000949686,0.314502631770762,0.0215458731698942,0.00659602093111977,0.00620510431696998,4.779740099823921e-07
ndc_noce,EUM,Final Energy|Residential|Liquids|Oil,EJ/yr,0.441150934034186,0.314502631770762,0.0215458731698942,0.00659602093111977,0.00620510431696998,4.779740099823921e-07
ndc_noce,EUM,Final Energy|Residential|Solids,EJ/yr,0.673083000165683,0.43596090355255,0.191303726491963,0.0170926724508039,0.0157411638463172,0.00016430939065777
ndc_noce,EUM,Final Energy|Residential|Solids|Coal,EJ/yr,0.00374600002712657,0.00294670476208016,1.12057587423545e-08,4.4695579902699695e-08,2.92767451810824e-08,6.83769443539201e-09
ndc_noce,EUM,Final Energy|Commercial|Electricity,EJ/yr,1.21705,1.2324772048664099,1.27443058488819,1.31111880485668,1.28852587158386,1.43897994056979
ndc_noce,EUM,Final Energy|Commercial|Gases,EJ/yr,0.651997999993128,0.596157151248305,0.234701597685253,0.186170588660064,0.130213614947626,3.81972146207042e-07
ndc_noce,EUM,Final Energy|Commercial|Gases|Gas,EJ/yr,0.645270999993199,0.588547632066034,0.22586905143230399,0.148202526810537,0.13021327897906598,1.2635191923332898e-07
ndc_noce,EUM,Final Energy|Commercial|Hydrogen,EJ/yr,,8.22465086919732e-08,0.00329544509269031,0.0154823562122763,0.00844852724795573,2.8851173098608102e-08
ndc_noce,EUM,Final Energy|Commercial|Heat,EJ/yr,0.0513150000000001,0.00293079530241269,0.0609384622481137,0.06672598412088461,0.0739509900431719,3.3255412090305e-07
ndc_noce,EUM,Final Energy|Commercial|Liquids,EJ/yr,0.192080999992014,0.0268467813933413,0.0224335832084368,0.015491477095333201,0.000292498472964816,4.85419581180946e-08
ndc_noce,EUM,Final Energy|Commercial|Liquids|Oil,EJ/yr,0.190789999992037,0.026845927757711302,0.0207385063176149,0.00698590723822483,0.000292498472964816,4.85419581180946e-08
ndc_noce,EUM,Final Energy|Commercial|Solids,EJ/yr,0.0298620000039806,0.016871331733905,0.0256434415038017,0.0191175785462535,0.013842222145578701,9.480766467367861e-08
ndc_noce,EUM,Final Energy|Commercial|Solids|Coal,EJ/yr,0.0015050000095665902,0.00120428545033755,5.62625249534081e-09,2.40384138768597e-08,2.8539705201088402e-08,9.51126314713384e-09
ndc_noce,EUM,Final Energy|Transportation|Electricity,EJ/yr,0.0846646402031092,0.14145801640271,0.735079887766722,1.16883238678669,1.40645769562289,1.95608885824084
ndc_noce,EUM,Final Energy|Transportation|Gases,EJ/yr,0.0581090000174525,0.0639463398011107,0.21903284250842,0.223934351591815,0.22086497751335402,0.210512684650072
ndc_noce,EUM,Final Energy|Transportation|Gases|Gas,EJ/yr,0.0581090000174525,0.06394523206565951,0.21903153284999702,0.223933099817265,0.22086479590135,0.210511407882009
ndc_noce,EUM,Final Energy|Transportation|Hydrogen,EJ/yr,,0.00126271001949663,0.000985703944226393,0.00354641069073975,0.00663158566650804,0.0578970653172538
ndc_noce,EUM,Final Energy|Transportation|Liquids,EJ/yr,6.70429637997631,7.11307099043918,6.19761975867414,5.98732524309943,6.31719497987159,6.681673810289
ndc_noce,EUM,Final Energy|Transportation|Liquids|Oil,EJ/yr,6.48301124997756,6.862131791563019,5.81242850622927,4.95877584285049,4.45901965014752,4.1469210660663505
ndc_noce,EUW,Final Energy|Agriculture|Electricity,EJ/yr,0.08880800334287921,0.0921138841983931,0.102752174197103,0.108865920752253,0.11518109448085001,0.11805091717370701
ndc_noce,EUW,Final Energy|Agriculture|Gases,EJ/yr,0.1373210051706,0.14477663835916801,0.0657332638592934,0.12900747730986,0.000490791237089635,3.60151070062234e-06
ndc_noce,EUW,Final Energy|Agriculture|Gases|Gas,EJ/yr,0.115165004335,0.120327566483306,0.0387821302201505,0.129007272588924,0.0004906201852246819,3.15405247375848e-06
ndc_noce,EUW,Final Energy|Agriculture|Heat,EJ/yr,0.0114850004372963,0.0122283566348438,0.0073955394690391595,0.00790314357302278,0.00841295520551444,0.00991726683805997
ndc_noce,EUW,Final Energy|Agriculture|Liquids,EJ/yr,0.209356007885069,0.168117138357957,0.203156770502711,0.145411743763002,0.23508578406049802,0.274131894147289
ndc_noce,EUW,Final Energy|Agriculture|Liquids|Oil,EJ/yr,0.20073800755833698,0.158368468712502,0.191841359028667,0.0913644796356626,0.166835985316392,0.192421363916675
ndc_noce,EUW,Final Energy|Agriculture|Solids,EJ/yr,0.039936001506714905,0.0716433858487129,0.106430574659828,0.0905419157259029,0.118919524138795,0.06939766065400291
ndc_noce,EUW,Final Energy|Agriculture|Solids|Coal,EJ/yr,0.0029380001132323697,0.00297324339504023,1.02807620113787e-06,1.05364799279234e-06,1.21980392340071e-06,6.94717927030138e-07
ndc_noce,EUW,Final Energy|Industry|Electricity,EJ/yr,1.55343899986163,1.69875177104015,1.92148828120343,2.1656212365572802,2.3819256769939896,2.50160230832971
ndc_noce,EUW,Final Energy|Industry|Gases,EJ/yr,1.76034999987672,1.6348416847628902,1.43001623365013,1.21831446171459,1.1437867223655,1.56360952155829
ndc_noce,EUW,Final Energy|Industry|Gases|Gas,EJ/yr,1.74704699988085,1.62044302353887,1.4140010651257,1.20787651927971,1.1321806590788401,1.54550813071407
ndc_noce,EUW,Final Energy|Industry|Hydrogen,EJ/yr,,7.37703424821399e-08,0.0443168360882512,0.044317021441361,0.0443170503286406,0.000633339729517479
ndc_noce,EUW,Final Energy|Industry|Heat,EJ/yr,0.345340999959233,0.476407581258485,0.6835118722792849,0.9472103603093149,1.2424476439943,1.84995482980857
ndc_noce,EUW,Final Energy|Industry|Liquids,EJ/yr,0.496002420380895,0.438776260493759,0.521779150883548,0.563892754215281,0.358510003511479,0.0688200052983423
ndc_noce,EUW,Final Energy|Industry|Liquids|Oil,EJ/yr,0.48620999996286,0.42823708135641103,0.508580873156553,0.548535697243438,0.34640737091955903,0.0688192409030984
ndc_noce,EUW,Final Energy|Industry|Solids,EJ/yr,1.61959304539794,1.43164182237585,1.10994952907609,0.72551935633527,0.463490851315518,0.0518895858806624
ndc_noce,EUW,Final Energy|Industry|Solids|Coal,EJ/yr,0.9939390454675551,0.8703766461696021,0.61916755004553,0.348592267371311,0.201841581575481,0.0459047932991715
ndc_noce,EUW,Final Energy|Residential|Electricity,EJ/yr,0.981530001306596,1.15914340439542,1.4413419413584199,1.73926800998389,2.10336398708783,2.79255529089322
ndc_noce,EUW,Final Energy|Residential|Gases,EJ/yr,1.47963900095915,1.67212263994368,1.57052812262872,1.3529866191619602,0.932634607199284,0.0753098144172312
ndc_noce,EUW,Final Energy|Residential|Gases|Gas,EJ/yr,1.47117674559612,1.6629361783169399,1.56152851440628,1.35295553902045,0.9326342999170509,0.0751444228118169
ndc_noce,EUW,Final Energy|Residential|Hydrogen,EJ/yr,,1.09205968116929e-07,1.67005752004414e-07,4.19163197193166e-07,4.54066198177931e-07,5.57965924065494e-07
ndc_noce,EUW,Final Energy|Residential|Heat,EJ/yr,0.45508599999723204,0.12269038214125401,0.00427028389860325,0.0023043896943436798,0.0014010852002398,1.9846823772529102e-06
ndc_noce,EUW,Final Energy|Residential|Liquids,EJ/yr,0.7271980073244709,0.518403632383751,0.26491517075979,0.0889960954964535,0.07643367998749799,0.10226149576535601
ndc_noce,EUW,Final Energy|Residential|Liquids|Oil,EJ/yr,0.726554300683254,0.517997049177228,0.264752315021272,0.088995495118446,0.07643345694774441,0.102260220808886
ndc_noce,EUW,Final Energy|Residential|Solids,EJ/yr,0.523328002197215,0.235376847123726,0.154884959971504,0.017979642551636702,0.00586806301898883,0.018331138164136198
ndc_noce,EUW,Final Energy|Residential|Solids|Coal,EJ/yr,0.030108000032300398,0.022581326560754098,0.00269632767340959,0.00119819240934798,1.89114285212084e-06,7.86903404148094e-08
ndc_noce,EUW,Final Energy|Commercial|Electricity,EJ/yr,0.9780929999999991,1.0909918836965702,1.07172366162796,1.14596116295737,1.17831222942791,1.30254948808437
ndc_noce,EUW,Final Energy|Commercial|Gases,EJ/yr,0.6566819999945059,0.588659248796921,0.521016433805511,0.551183849281936,0.39727840660013,0.112637203691545
ndc_noce,EUW,Final Energy|Commercial|Gases|Gas,EJ/yr,0.6429369999946211,0.573110917767067,0.50296927614136,0.5511837257026,0.397278301096199,0.112636976552958
ndc_noce,EUW,Final Energy|Commercial|Hydrogen,EJ/yr,,6.918002335454289e-08,6.507842454577219e-08,1.4040316703747402e-07,1.21280760210321e-07,1.11892630772208e-07
ndc_noce,EUW,Final Energy|Commercial|Heat,EJ/yr,0.233306,0.174745736776039,0.104473715947342,1.19932506125701e-05,8.612703729880111e-06,1.00485744513931e-06
ndc_noce,EUW,Final Energy|Commercial|Liquids,EJ/yr,0.23209799999525402,0.167511766472163,0.0848844428628087,0.0125921626312521,4.86767223750706e-07,2.41574899482014e-07
ndc_noce,EUW,Final Energy|Commercial|Liquids|Oil,EJ/yr,0.229250999995288,0.164291255698079,0.0811463611712138,3.53413964713907e-07,4.86767223750706e-07,2.41574899482014e-07
ndc_noce,EUW,Final Energy|Commercial|Solids,EJ/yr,0.09169500001264311,0.0660632680517737,0.0352343041199723,0.0145331523641615,0.0115785471258192,2.98934298196073e-07
ndc_noce,EUW,Final Energy|Commercial|Solids|Coal,EJ/yr,0.00032400001281018695,0.000259166587846295,2.43143896827297e-07,1.38251762070824e-07,5.1969872602456706e-05,4.87662297441149e-08
ndc_noce,EUW,Final Energy|Transportation|Electricity,EJ/yr,0.0790319961619211,0.132517252973359,0.445591809831413,0.75545733455267,1.00807391195446,1.46774140183231
ndc_noce,EUW,Final Energy|Transportation|Gases,EJ/yr,0.0215080000230753,0.0198268874313612,0.25989575914164903,0.261138079656115,0.248012263303339,0.240325894458677
ndc_noce,EUW,Final Energy|Transportation|Gases|Gas,EJ/yr,0.0156858100254589,0.015236047084635601,0.25744775154307803,0.260622577225239,0.24801212598366298,0.240325652652054
ndc_noce,EUW,Final Energy|Transportation|Hydrogen,EJ/yr,,0.00200671313325782,0.00179330287938899,0.00277575712705957,0.00350561794215934,0.009504536890087269
ndc_noce,EUW,Final Energy|Transportation|Liquids,EJ/yr,6.27656581002766,6.59746092250188,5.9380095660711705,5.89281993694321,6.25675109237592,6.87306741937764
ndc_noce,EUW,Final Energy|Transportation|Liquids|Oil,EJ/yr,6.08791037002897,6.38458252107688,5.45588178970606,4.6714621385999795,4.204760220109369,4.48290365238029
ndc_noce,EUW,Final Energy|Transportation|Solids,EJ/yr,7.00002931325471e-06,3.15858346165436e-08,2.63203050403355e-08,4.22293728044547e-08,3.2661932388218496e-08,4.6105943415741195e-08
ndc_noce,EUW,Final Energy|Transportation|Solids|Coal,EJ/yr,7.00002931325471e-06,3.15858346165436e-08,2.63203050403355e-08,4.22293728044547e-08,3.2661932388218496e-08,4.6105943415741195e-08
ndc_noce,IDN,Final Energy|Agriculture|Electricity,EJ/yr,0.0359270018390091,0.0498173715458264,0.046276388027301996,0.040556165644197,0.0416415014390769,0.0431332677108406
ndc_noce,IDN,Final Energy|Agriculture|Gases,EJ/yr,,,,1.62835588031098e-07,1.37229424529816e-07,3.5992179174706103e-07
ndc_noce,IDN,Final Energy|Agriculture|Liquids,EJ/yr,0.12275200628640699,0.114154944387779,0.135333581883698,0.145745060467146,0.148053149139103,0.149708120923087
ndc_noce,IDN,Final Energy|Agriculture|Liquids|Oil,EJ/yr,0.122693006280593,0.114088213846282,0.13525613797376,0.139869932666373,0.14361286977927698,0.148522484975803
ndc_noce,IDN,Final Energy|Agriculture|Solids,EJ/yr,0.00993700051347205,0.0113845611852008,0.000972187713727923,0.000997537181276552,0.00102388341416943,0.00106043868061987
ndc_noce,IDN,Final Energy|Agriculture|Solids|Coal,EJ/yr,0.000704000038779661,0.000738014991153169,0.0007759222953457389,0.000802382577604446,0.000823901120352362,0.0008516884282259701
ndc_noce,IDN,Final Energy|Industry|Electricity,EJ/yr,0.822423999832652,0.923965670139336,1.13495170363754,1.28590245773745,1.41544130217407,1.65651637414685
ndc_noce,IDN,Final Energy|Industry|Gases,EJ/yr,0.740665000182324,0.74132467831177,0.788478628800816,0.702301776016915,0.551084035275224,0.0906063450437459
ndc_noce,IDN,Final Energy|Industry|Gases|Gas,EJ/yr,0.740665000182324,0.74132467831177,0.788478628800816,0.702301775320287,0.5510840341904221,0.0906063424985223
ndc_noce,IDN,Final Energy|Industry|Hydrogen,EJ/yr,,5.0239273010430004e-11,0.000560028066606191,0.00146215165988612,0.0029147566230364797,0.00870685963144412
ndc_noce,IDN,Final Energy|Industry|Heat,EJ/yr,,5.611239880733081e-07,4.75338460810269e-07,1.30757354227487e-06,1.70238582085453e-06,2.13933877688809e-06
ndc_noce,IDN,Final Energy|Industry|Liquids,EJ/yr,0.560047999896585,0.561406602932716,0.597877133454912,0.540628143163876,0.43066681328214296,0.0707221187069951
ndc_noce,IDN,Final Energy|Industry|Liquids|Oil,EJ/yr,0.550177999897495,0.5514006587091249,0.5870825188258529,0.53098137150124,0.423215969831278,0.07069802103596101
ndc_noce,IDN,Final Energy|Industry|Solids,EJ/yr,2.9293799999554397,3.4334929346386,4.57883726521476,5.8800042677334305,7.29036078812511,10.315950826681
ndc_noce,IDN,Final Energy|Industry|Solids|Coal,EJ/yr,1.9149709999798,2.42442795252764,3.52956491455491,4.92826002004832,6.5413903871749195,10.2820545483812
ndc_noce,IDN,Final Energy|Residential|Electricity,EJ/yr,0.7337600000777871,1.03246651040456,1.41303532390708,1.74806679672912,2.1074877584426197,2.40422658606214
ndc_noce,IDN,Final Energy|Residential|Gases,EJ/yr,0.0012179999952604298,0.0330735127484996,0.08213403752441739,0.13191921722845198,0.18221904489905902,0.111260887746655
ndc_noce,IDN,Final Energy|Residential|Gases|Gas,EJ/yr,0.000782999996953135,0.0326387351516327,0.082004301142311,0.13191910196006099,0.182218936661939,0.111260674438717
ndc_noce,IDN,Final Energy|Residential|Hydrogen,EJ/yr,,5.4911732691439304e-08,1.71245105912242e-07,3.56975629204708e-07,3.7497470943749703e-07,4.54206599848952e-07
ndc_noce,IDN,Final Energy|Residential|Heat,EJ/yr,,,,,8.68732725805975e-11,1.7987290199686903e-08
ndc_noce,IDN,Final Energy|Residential|Liquids,EJ/yr,1.16442200047386,1.00166301606866,0.847871921245299,0.661052684435977,0.45628449594483,0.6445882465582361
ndc_noce,IDN,Final Energy|Residential|Liquids|Oil,EJ/yr,1.15198532729156,1.00166301606866,0.847871921245299,0.661052684435977,0.45628449594483,0.6445882465582361
ndc_noce,IDN,Final Energy|Residential|Solids,EJ/yr,1.21717400005361,1.09887591841273,0.814507818641274,0.5814119122483009,0.28775471047433804,0.0114771040929115
ndc_noce,IDN,Final Energy|Residential|Solids|Coal,EJ/yr,0.0547590000628274,0.044833524060540905,0.0325483798575052,0.0221206151493872,0.0134869507045471,0.011476712559517701
ndc_noce,IDN,Final Energy|Commercial|Electricity,EJ/yr,0.394637999999999,0.466059128052081,0.536306209547024,0.644708056681186,0.7426868461379119,0.8079498310245761
ndc_noce,IDN,Final Energy|Commercial|Gases,EJ/yr,0.009946999992951379,0.0125394422489509,0.0179577440270588,0.0231959137590836,0.0288524528387743,0.0291231722720962
ndc_noce,IDN,Final Energy|Commercial|Gases|Gas,EJ/yr,0.009946999992951379,0.0125394422489509,0.0179577440270588,0.0231958357492827,0.0288523857026566,0.0291230362419405
ndc_noce,IDN,Final Energy|Commercial|Hydrogen,EJ/yr,,4.23915186261475e-08,1.05622032047884e-07,2.07804723298493e-07,1.92744585623581e-07,2.52446217355753e-07
ndc_noce,IDN,Final Energy|Commercial|Heat,EJ/yr,,0.000863305245104526,0.0024213654437493003,0.00420108849413235,0.00638152404410167,0.00484867612211129
ndc_noce,IDN,Final Energy|Commercial|Liquids,EJ/yr,0.17238299999016898,0.16749338700070898,0.18064765364684898,0.14581078850985402,0.0872107642753252,0.166008160451194
ndc_noce,IDN,Final Energy|Commercial|Liquids|Oil,EJ/yr,0.169262999990288,0.16396408420322,0.180647511584167,0.145810645496099,0.0872107642753252,0.166008160451194
ndc_noce,IDN,Final Energy|Commercial|Solids,EJ/yr,0.08997900006876429,0.07108780570296941,0.0432890889728385,0.048595027788981296,0.0527118051413641,0.0574793069193167
ndc_noce,IDN,Final Energy|Commercial|Solids|Coal,EJ/yr,0.0331320000779644,0.035944607840675304,0.0432889410605464,0.0485949097476073,0.0527117115870578,0.0574792223952831
ndc_noce,IDN,Final Energy|Transportation|Electricity,EJ/yr,0.0013138499999999999,0.0018592645938177198,0.00566226590437929,0.051511025302843697,0.0602064805792754,0.17635213365727798
ndc_noce,IDN,Final Energy|Transportation|Gases,EJ/yr,0.0045539999862328,0.00653033785750527,0.0022543085191902897,0.00135756821993548,0.0007730297398430131,0.000394939707710888
ndc_noce,IDN,Final Energy|Transportation|Gases|Gas,EJ/yr,0.0045539999862328,0.00653033785750527,0.0022543085191902897,0.00135756821993548,0.0007730297398430131,0.000394939707710888
ndc_noce,IDN,Final Energy|Transportation|Hydrogen,EJ/yr,,0.00027981618258540297,0.0008251278667575111,0.0031039653103626403,0.00472565003577384,0.0472998802190521
ndc_noce,IDN,Final Energy|Transportation|Liquids,EJ/yr,2.39853786997927,2.95689792753825,3.7993352722189604,4.521646874840839,5.22022128047544,6.79992697063292
ndc_noce,IDN,Final Energy|Transportation|Liquids|Oil,EJ/yr,2.2293959199816,2.73661363718361,3.51355651524809,4.18227761215799,4.81132966337201,6.2689663450654995
ndc_noce,IND,Final Energy|Agriculture|Electricity,EJ/yr,0.8214228900349171,0.8483256260912271,0.888157077385617,0.921331175535119,0.936631181293503,0.96161638086663
ndc_noce,IND,Final Energy|Agriculture|Gases,EJ/yr,0.007218034185112699,0.00777214344690952,9.31227543098385e-08,6.84076626615881e-07,4.53130708795857e-07,1.3149691482857099e-05
ndc_noce,IND,Final Energy|Agriculture|Gases|Gas,EJ/yr,0.007218034185112699,0.00777214344690952,9.31227543098385e-08,2.10586188481653e-07,1.8564615863821898e-07,1.53574183266961e-07
ndc_noce,IND,Final Energy|Agriculture|Liquids,EJ/yr,0.0313451484462505,0.0314458751806456,0.0177605664103265,0.00213101512500098,1.52398008171525e-06,4.02743111366993e-05
ndc_noce,IND,Final Energy|Agriculture|Liquids|Oil,EJ/yr,0.0313451484462505,0.0314458751806456,0.0177605664103265,6.73677570449047e-07,3.08372400210594e-07,3.9165169320736197e-07
ndc_noce,IND,Final Energy|Agriculture|Solids,EJ/yr,,0.00234449718932955,0.0166638486586956,0.0197805301942158,0.020325338499145,0.0037053139298048
ndc_noce,IND,Final Energy|Industry|Electricity,EJ/yr,1.98490299976128,2.43979889033371,3.1208754144255,3.8516244671726,4.36639901565155,5.687851211968931
ndc_noce,IND,Final Energy|Industry|Gases,EJ/yr,1.13203399998905,1.37828518253905,1.7229316450913499,2.26482059107439,2.64172709713567,3.99792563963399
ndc_noce,IND,Final Energy|Industry|Gases|Gas,EJ/yr,1.13203399998905,1.37828518253905,1.7229316450913499,2.26482059037916,2.641727096052,3.99792563708657
ndc_noce,IND,Final Energy|Industry|Hydrogen,EJ/yr,,5.0445281879775096e-11,0.09604373199040679,1.3733416004866001,3.17260070733851,10.8468494037679
ndc_noce,IND,Final Energy|Industry|Heat,EJ/yr,,0.605094426179528,2.0926463038967897,3.99647957177751,6.4048884833566495,13.4100135248798
ndc_noce,IND,Final Energy|Industry|Liquids,EJ/yr,1.71148399996887,1.88211822941365,2.78909539668052,2.37445090068347,1.5832326445281701,0.160864653151565
ndc_noce,IND,Final Energy|Industry|Liquids|Oil,EJ/yr,1.71148399996887,1.88211822941365,2.78909539180425,2.37445088041487,1.58323259207194,0.160864514728659
ndc_noce,IND,Final Energy|Industry|Solids,EJ/yr,9.539192155606601,11.2916073838504,13.0517289488673,13.330016160450699,12.9892488597414,7.3266140038112795
ndc_noce,IND,Final Energy|Industry|Solids|Coal,EJ/yr,6.92303515569463,8.43586848350516,7.652561690164149,6.67092001023821,5.19076609789557,0.9954402905513561
ndc_noce,IND,Final Energy|Residential|Electricity,EJ/yr,1.1165440001017901,1.40774673706097,1.4586286580302301,2.07441342027418,2.62420122952876,4.71526654595713
ndc_noce,IND,Final Energy|Residential|Gases,EJ/yr,0.0583779999944654,0.157470715058498,7.49525379906142e-07,1.56806400716387e-06,1.0535635875020401e-06,2.96939552256369e-07
ndc_noce,IND,Final Energy|Residential|Gases|Gas,EJ/yr,0.0583779999944654,0.157470715058498,7.49525379906142e-07,1.56806400716387e-06,1.0535635875020401e-06,2.96939552256369e-07
ndc_noce,IND,Final Energy|Residential|Hydrogen,EJ/yr,,5.05126691097898e-08,1.0687903318658999e-07,0.29981732047582604,0.425630935265216,0.222157802947719
ndc_noce,IND,Final Energy|Residential|Heat,EJ/yr,,,,,,8.507230677348051e-09
ndc_noce,IND,Final Energy|Residential|Liquids,EJ/yr,1.18671599999092,1.21384985101643,1.35737533253937,1.30003106819717,1.40174100400474,0.35948613345111396
ndc_noce,IND,Final Energy|Residential|Liquids|Oil,EJ/yr,1.18671599999092,1.21384985101643,1.35737533253937,1.30003106819717,1.40174100400474,0.35948613345111396
ndc_noce,IND,Final Energy|Residential|Solids,EJ/yr,4.17070900031297,3.3996924835583098,3.68064749411992,2.2462358235327002,1.2048125422609401,2.28872325954128e-07
ndc_noce,IND,Final Energy|Residential|Solids|Coal,EJ/yr,0.00950000032303305,0.00776459968841921,0.005622654527184341,4.63397426608645e-07,6.06154681405901e-08,8.9155663916702e-09
ndc_noce,IND,Final Energy|Commercial|Electricity,EJ/yr,0.373978999999999,0.482338575182878,0.570042474399802,0.695697182914045,0.7658713515229479,1.03648035103951
ndc_noce,IND,Final Energy|Commercial|Gases,EJ/yr,0.09729499999386,0.123345026602382,0.08746247140349951,0.0916513897023451,0.18521586615121602,0.224468669907739
ndc_noce,IND,Final Energy|Commercial|Gases|Gas,EJ/yr,0.09729499999386,0.123345026602382,0.08746247140349951,1.47876542161648e-07,2.10726072593034e-07,4.8832486706524e-08
ndc_noce,IND,Final Energy|Commercial|Hydrogen,EJ/yr,,3.76508293685524e-08,3.53535806376453e-07,0.0126443937985728,0.0325182838961634,2.77108449622068e-06
ndc_noce,IND,Final Energy|Commercial|Heat,EJ/yr,,0.000341312985668228,0.0010340595730692801,0.0018401937747024699,0.00288936088817836,0.00586868852172811
ndc_noce,IND,Final Energy|Commercial|Liquids,EJ/yr,0.00381100000862322,0.0027741883128893302,0.0015300084687502999,0.0004931974497392421,1.1641273660619802e-08,4.61018589732175e-09
ndc_noce,IND,Final Energy|Commercial|Liquids|Oil,EJ/yr,0.00381100000862322,0.0027741883128893302,0.0015300084687502999,2.1964740167651003e-08,1.1641273660619802e-08,4.61018589732175e-09
ndc_noce,IND,Final Energy|Commercial|Solids,EJ/yr,0.109743999990763,0.0757818186581211,0.14733480865124,0.0971163184231547,0.0375587475366991,1.2458957676307399e-07
ndc_noce,IND,Final Energy|Transportation|Electricity,EJ/yr,0.0685704986474299,0.0819148114784867,0.144071480377054,0.531243497621246,1.3456134656159,4.90915308047906
ndc_noce,IND,Final Energy|Transportation|Gases,EJ/yr,0.12338099998723899,0.0907408666708509,0.0538072220641467,0.056812471089918604,0.0509424438614202,0.0144510443438984
ndc_noce,IND,Final Energy|Transportation|Gases|Gas,EJ/yr,0.12338099998723899,0.0907408666708509,0.0538072220641467,0.056812471089918604,0.0509424438614202,0.0144510443438984
ndc_noce,IND,Final Energy|Transportation|Hydrogen,EJ/yr,,0.000623188545292667,0.0141654419219817,0.0249904585301584,0.044933463823832495,0.17480510476282898
ndc_noce,IND,Final Energy|Transportation|Liquids,EJ/yr,4.39463326837409,5.8720317365494,8.24112910093365,9.48734934712221,9.40005969597283,5.880737548715451
ndc_noce,IND,Final Energy|Transportation|Liquids|Oil,EJ/yr,4.39463326837409,5.8720317145497205,8.21345222709041,9.06121013451063,8.83824104015466,4.26818761900262
ndc_noce,IND,Final Energy|Transportation|IAMC_OTHER,EJ/yr,0.164842999997738,0.141293980269829,0.113035190678558,0.089486181740958,0.0659371865193898,0.0188391914078193
ndc_noce,JPN,Final Energy|Agriculture|Electricity,EJ/yr,0.0118050191518958,0.011425174864482999,0.011078107884145498,0.0107721207925945,0.010457909009514299,0.0126398346237558
ndc_noce,JPN,Final Energy|Agriculture|Gases,EJ/yr,6.20001033698709e-05,5.48133648676513e-07,6.26331153050477e-05,0.00461034227748175,0.00583528935403633,0.00810938795422495
ndc_noce,JPN,Final Energy|Agriculture|Gases|Gas,EJ/yr,6.20001033698709e-05,5.48133648676513e-07,6.26331153050477e-05,6.24411764124393e-05,5.54491570834523e-05,6.182915431918041e-05
ndc_noce,JPN,Final Energy|Agriculture|Heat,EJ/yr,0.000470000765193827,0.000496423963211589,0.000524513288839698,0.000544913209432332,0.0005629381884301911,0.0005933020384987
ndc_noce,JPN,Final Energy|Agriculture|Liquids,EJ/yr,0.178874290169227,0.17319994368691702,0.16637469162477,0.155757806052076,0.14844265926900102,0.123683084121417
ndc_noce,JPN,Final Energy|Agriculture|Liquids|Oil,EJ/yr,0.178874290169227,0.17319994368691702,0.16637469162477,0.11323259922652601,0.09425632729312591,0.048439163312237805
ndc_noce,JPN,Final Energy|Agriculture|Solids,EJ/yr,2.1000036863524e-05,0.00182493801517069,0.00322845068438103,0.00455815788215605,0.0058022855735896705,0.008049014452463251
ndc_noce,JPN,Final Energy|Industry|Electricity,EJ/yr,1.2169219999971002,1.18990315204017,1.19116482616454,1.2495195629478402,1.2134013509333,1.1313592089538098
ndc_noce,JPN,Final Energy|Industry|Gases,EJ/yr,0.4646410000118,0.39717497459583,0.481010259618285,0.344599698018053,0.255718023261226,0.14585839678293
ndc_noce,JPN,Final Energy|Industry|Gases|Gas,EJ/yr,0.462839000011954,0.39568185439131903,0.47988291740621597,0.343770066317812,0.255662131230177,0.145858384761722
ndc_noce,JPN,Final Energy|Industry|Hydrogen,EJ/yr,,2.75607314957933e-07,0.0737631175958783,0.434357331348354,0.578208954252052,0.898129945790235
ndc_noce,JPN,Final Energy|Industry|Heat,EJ/yr,,0.0526942122973894,0.16724336200876602,0.313893693832425,0.479551356380544,0.835289972613395
ndc_noce,JPN,Final Energy|Industry|Liquids,EJ/yr,0.713982999913379,0.686885355932694,0.586705455675397,0.44249480812537795,0.320191990966597,0.039326486269904204
ndc_noce,JPN,Final Energy|Industry|Liquids|Oil,EJ/yr,0.713982999913379,0.686885355932694,0.5867054449799011,0.44193424539742804,0.320191765940582,0.0393262740324623
ndc_noce,JPN,Final Energy|Industry|Solids,EJ/yr,2.00574100060025,1.5237773476328,1.1534773136099399,0.473076531635496,0.429904010698315,0.342203867108762
ndc_noce,JPN,Final Energy|Industry|Solids|Coal,EJ/yr,1.8501150006554001,1.34788009508352,0.9650738509971271,0.25639910847520203,0.185023604296086,0.0657427143767755
ndc_noce,JPN,Final Energy|Residential|Electricity,EJ/yr,0.907424000044075,0.809616165336155,0.874162496868016,0.935051821170043,1.0325563490351601,1.15791677572315
ndc_noce,JPN,Final Energy|Residential|Gases,EJ/yr,0.365541999994348,0.4307091048239,0.302880026199187,0.161565497433822,0.016785913761261602,0.00918066495192265
ndc_noce,JPN,Final Energy|Residential|Gases|Gas,EJ/yr,0.365541999994348,0.4307091048239,0.302880026199187,0.161565497433822,0.016785913761261602,0.00918066495192265
ndc_noce,JPN,Final Energy|Residential|Hydrogen,EJ/yr,,0.00466893116010796,6.37479692902511e-08,0.08531828800078149,0.0916884408743128,0.0367527674105666
ndc_noce,JPN,Final Energy|Residential|Heat,EJ/yr,0.00354399999754287,0.002700609050393,0.00140983530558016,0.000493592385466077,0.0005327049891072469,4.83506588527403e-07
ndc_noce,JPN,Final Energy|Residential|Liquids,EJ/yr,0.480513999992556,0.339521544015148,0.022845507410793,0.021285714759273103,0.0215306955347083,0.0218823098115501
ndc_noce,JPN,Final Energy|Residential|Liquids|Oil,EJ/yr,0.48051398027201,0.339521544015148,0.022845507410793,0.021285714759273103,0.0215306955347083,0.0218823098115501
ndc_noce,JPN,Final Energy|Residential|Solids,EJ/yr,0.00034299999518358097,0.00024481619530090004,0.00012878606504935299,4.9471334693631e-05,4.40473306044467e-05,3.3632740117902e-05
ndc_noce,JPN,Final Energy|Commercial|Electricity,EJ/yr,1.1396840188155999,1.29255866332298,1.29180960466262,1.4311499636,1.60533900969464,1.93797775854682
ndc_noce,JPN,Final Energy|Commercial|Gases,EJ/yr,0.384065999992376,0.394885436115889,0.360014800812775,0.340549967171329,0.22743123775385002,0.0501386410641522
ndc_noce,JPN,Final Energy|Commercial|Gases|Gas,EJ/yr,0.384065999992376,0.394885436115889,0.360014800812775,0.290692955864996,0.17501769549288598,1.19408667640175e-06
ndc_noce,JPN,Final Energy|Commercial|Hydrogen,EJ/yr,,0.00729266231470781,2.49600066463412e-08,0.041768580742073506,0.0355263963472853,0.008847665191057081
ndc_noce,JPN,Final Energy|Commercial|Heat,EJ/yr,0.023662,0.0241216147144222,0.025022201256291902,0.0263804023449703,0.0284736989463458,0.0342833612226127
ndc_noce,JPN,Final Energy|Commercial|Liquids,EJ/yr,0.442518999994898,0.31236644592127,0.156183277479657,0.0260306360662894,6.69195148890467e-08,5.2909987255957304e-08
ndc_noce,JPN,Final Energy|Commercial|Liquids|Oil,EJ/yr,0.442518999994898,0.31236644592127,0.156183277479657,0.0021692941447271,6.69195148890467e-08,5.2909987255957304e-08
ndc_noce,JPN,Final Energy|Commercial|Solids,EJ/yr,0.07775299999241339,0.0710761236299543,0.064598381770002,0.0431349367258365,0.017873722962418702,1.44703899493241e-07
ndc_noce,JPN,Final Energy|Commercial|Solids|Coal,EJ/yr,0.0051479999951923395,0.0031712333295015596,4.13751743859348e-08,0.00142706743168922,0.00063425853991928,1.72810985176594e-08
ndc_noce,JPN,Final Energy|Transportation|Electricity,EJ/yr,0.0563136,0.0563840611709636,0.0553647494173521,0.057774990218252,0.0916056868619265,0.37998071112161397
ndc_noce,JPN,Final Energy|Transportation|Gases,EJ/yr,0.00139899998510985,0.000939873453520476,0.0422828368396992,0.043112967037409,0.0437756360605248,0.0439481298067873
ndc_noce,JPN,Final Energy|Transportation|Gases|Gas,EJ/yr,0.00139899998510985,0.000939873453520476,0.0422828368396992,0.043112967037409,0.0437756360605248,0.0439481298067873
ndc_noce,JPN,Final Energy|Transportation|Hydrogen,EJ/yr,,0.000592159767643489,0.0010777639202478799,0.0024812489825700996,0.00571916400830031,0.0157497463206756
ndc_noce,JPN,Final Energy|Transportation|Liquids,EJ/yr,3.2981919000258197,3.36939099053894,3.27855364922774,3.43304218299206,3.40525066745597,3.01903880433126
ndc_noce,JPN,Final Energy|Transportation|Liquids|Oil,EJ/yr,3.29782956002583,3.36610535533718,3.22966511374644,3.2437292861331,3.13574436194795,2.7184362964197497
ndc_noce,JPN,Final Energy|Transportation|Solids,EJ/yr,3.70000083249638e-05,2.43446475280991e-08,4.34679095258836e-09,9.95294979305012e-09,8.74916273070998e-09,1.1492906821563e-08
ndc_noce,JPN,Final Energy|Transportation|Solids|Coal,EJ/yr,3.70000083249638e-05,2.43446475280991e-08,4.34679095258836e-09,9.95294979305012e-09,8.74916273070998e-09,1.1492906821563e-08
ndc_noce,LAM,Final Energy|Agriculture|Electricity,EJ/yr,0.023761001087557902,0.0245348124880861,0.0257133077132985,0.026576399462716702,0.027264089724038702,0.028746489531183597
ndc_noce,LAM,Final Energy|Agriculture|Gases,EJ/yr,0.00035400001895972,0.000380982451598463,0.00041418677801952503,0.00044103377267965996,0.00046576373539210605,0.00050938044008254
ndc_noce,LAM,Final Energy|Agriculture|Gases|Gas,EJ/yr,0.00035400001895972,0.000380982451598463,0.00041418677801952503,0.000440790273652953,0.000465590315176403,0.000508682518468659
ndc_noce,LAM,Final Energy|Agriculture|Liquids,EJ/yr,0.215676009864072,0.225135345564097,0.227167918294051,0.243837263679648,0.256890932326664,0.259683662988411
ndc_noce,LAM,Final Energy|Agriculture|Liquids|Oil,EJ/yr,0.215381009847806,0.22480166938704998,0.226780625239768,0.243834199037513,0.250434495711445,0.258967802325872
ndc_noce,LAM,Final Energy|Agriculture|Solids,EJ/yr,0.015472000709140801,0.0140180885045776,0.0206863422189618,0.009849020883145791,0.00103339087897792,0.0014238583689720199
ndc_noce,LAM,Final Energy|Industry|Electricity,EJ/yr,0.616690999891092,0.6464482272054061,0.726336238000658,0.788337052088824,0.848200174585109,0.9414185564858679
ndc_noce,LAM,Final Energy|Industry|Gases,EJ/yr,1.03950799996243,1.03358814951628,1.2239988121005398,1.31183574449893,1.3624471613445202,1.5083049443046601
ndc_noce,LAM,Final Energy|Industry|Gases|Gas,EJ/yr,1.03950799996243,1.03358783500357,1.2239987816103102,1.3118357346436802,1.36244715294355,1.50830493141286
ndc_noce,LAM,Final Energy|Industry|Hydrogen,EJ/yr,,4.4383319185020206e-08,0.0013901985283103,0.0024932319233711402,0.00317908797629488,0.00352972020338239
ndc_noce,LAM,Final Energy|Industry|Heat,EJ/yr,,0.0857811959673212,0.248458944874336,0.493541211954482,0.803628018349086,1.4147801199118502
ndc_noce,LAM,Final Energy|Industry|Liquids,EJ/yr,0.543456999981022,0.49004846173454597,0.488228146066722,0.4366814923214,0.5198728415238599,0.8351146932239031
ndc_noce,LAM,Final Energy|Industry|Liquids|Oil,EJ/yr,0.5424249999810731,0.489066814371434,0.48725178126218205,0.43583410965605496,0.5187197751795449,0.8329709642295631
ndc_noce,LAM,Final Energy|Industry|Solids,EJ/yr,0.460454999940898,0.46701400041047403,0.442988132694699,0.570440608730367,0.499208796611818,0.251514634695218
ndc_noce,LAM,Final Energy|Industry|Solids|Coal,EJ/yr,0.147158999977176,0.175495022548091,0.165775023653392,0.326524882630243,0.308975092377678,0.240017584234266
ndc_noce,LAM,Final Energy|Residential|Electricity,EJ/yr,0.569659000059227,0.6821231589340121,0.8312635616119499,0.9818202311541531,1.12527167650244,1.32037527108086
ndc_noce,LAM,Final Energy|Residential|Gases,EJ/yr,0.38298399999437904,0.41389219262021404,0.465885303923266,0.408728981417724,0.24195340361578,0.0970219406023797
ndc_noce,LAM,Final Energy|Residential|Gases|Gas,EJ/yr,0.38298399999437904,0.41389219262021404,0.465885303923266,0.40872898141772496,0.24195340361578,0.0970219406023797
ndc_noce,LAM,Final Energy|Residential|Hydrogen,EJ/yr,,7.40780758145636e-08,2.2517943773681102e-07,5.033798904732041e-07,5.08494623200074e-07,5.956828651226351e-07
ndc_noce,LAM,Final Energy|Residential|Heat,EJ/yr,,2.6377896768241e-05,6.521167791175631e-05,0.000106162427250365,0.00014573224653025498,0.000243238907046675
ndc_noce,LAM,Final Energy|Residential|Liquids,EJ/yr,0.30031600000512,0.289090170907692,0.271487008320364,0.256805174327882,0.263795665919858,0.294639045742915
ndc_noce,LAM,Final Energy|Residential|Liquids|Oil,EJ/yr,0.299754954656739,0.288684804440061,0.27126840181569495,0.256729893090411,0.263795647254514,0.294639034607489
ndc_noce,LAM,Final Energy|Residential|Solids,EJ/yr,0.708189000035658,0.520694955313819,0.276759987880159,0.0539287787815194,0.000752958228508028,0.0006407224516686
ndc_noce,LAM,Final Energy|Residential|Solids|Coal,EJ/yr,0.0047050000408087505,0.0037364353586703796,0.00255595677757088,0.00156310145542914,0.0007529028693630279,0.0006406577854590601
ndc_noce,LAM,Final Energy|Commercial|Electricity,EJ/yr,0.41621199999999997,0.454441970431059,0.474678506391434,0.503860473782539,0.546760778374917,0.608582516762685
ndc_noce,LAM,Final Energy|Commercial|Gases,EJ/yr,0.0786079999939042,0.0861824622676815,0.105203723389742,0.125993366819732,0.151101597510785,0.20726287251724
ndc_noce,LAM,Final Energy|Commercial|Gases|Gas,EJ/yr,0.0786079999939042,0.0861824622676815,0.105203723389742,0.125993303176397,0.151101543310774,0.207262760800089
ndc_noce,LAM,Final Energy|Commercial|Hydrogen,EJ/yr,,4.22346771087331e-08,9.58177820292401e-08,1.9408395215562498e-07,1.78160988049019e-07,2.40844419835836e-07
ndc_noce,LAM,Final Energy|Commercial|Heat,EJ/yr,0.00013000000000000002,0.000374144119529786,0.000782462430158406,0.0012569228899845099,0.00188471537694426,0.00350696017779705
ndc_noce,LAM,Final Energy|Commercial|Liquids,EJ/yr,0.08183200000751491,0.0697454320230277,0.0409632130860164,0.0406627281229594,0.0245864405746876,0.0373693595632138
ndc_noce,LAM,Final Energy|Commercial|Liquids|Oil,EJ/yr,0.08153600000744529,0.0694106558541498,0.0405746024124321,0.0406623973771811,0.0245864405746876,0.0373693595632138
ndc_noce,LAM,Final Energy|Commercial|Solids,EJ/yr,0.0284999999924366,0.00367033968201375,3.18075954275645e-07,9.89946234091325e-08,8.77191453972143e-08,9.13952376676929e-08
ndc_noce,LAM,Final Energy|Transportation|Electricity,EJ/yr,0.0039159,0.0117327973311332,0.0143717102821469,0.017889054601955303,0.0162334204900571,0.058347150968642
ndc_noce,LAM,Final Energy|Transportation|Gases,EJ/yr,0.147797000007256,0.17525324852020502,0.304670069082036,0.326940038772322,0.325981798226743,0.176626262560056
ndc_noce,LAM,Final Energy|Transportation|Gases|Gas,EJ/yr,0.147797000007256,0.17525324852020502,0.304670069082036,0.326940038772322,0.325981798226743,0.176626262560056
ndc_noce,LAM,Final Energy|Transportation|Hydrogen,EJ/yr,,5.74075146477075e-05,0.0008085062548326109,0.00156060148148826,0.00397173280979,0.01559218094979
ndc_noce,LAM,Final Energy|Transportation|Liquids,EJ/yr,3.84999590304695,4.264898591764769,4.79586244918762,5.64717846912587,6.67278889173887,9.1016246685932
ndc_noce,LAM,Final Energy|Transportation|Liquids|Oil,EJ/yr,3.7893419363984897,4.18713135067586,4.5973483178841,5.0607098244471995,5.64839373681471,6.82063464296463
ndc_noce,MDA,Final Energy|Agriculture|Electricity,EJ/yr,0.0578930030159902,0.0602509004221004,0.0682447016451506,0.0729520360035332,0.0775048910519465,0.0853941324269237
ndc_noce,MDA,Final Energy|Agriculture|Gases,EJ/yr,0.0068940003615701306,0.00748089891760657,0.00817067456549576,0.00872149658057318,0.00925020727910094,0.0091470065999997
ndc_noce,MDA,Final Energy|Agriculture|Gases|Gas,EJ/yr,0.0068940003615701306,0.00748089891760657,0.00817067456549576,0.00872130533877111,0.00925008603526163,0.009146707930114649
ndc_noce,MDA,Final Energy|Agriculture|Heat,EJ/yr,0.0262510013682349,0.0298219089299863,0.034205882740928,0.0378718644560945,0.0415410706974208,0.048626963768012205
ndc_noce,MDA,Final Energy|Agriculture|Liquids,EJ/yr,0.13765000717371,0.139163170758105,0.12780057721823698,0.12736737907108,0.124589859032147,0.11030198159851
ndc_noce,MDA,Final Energy|Agriculture|Liquids|Oil,EJ/yr,0.13765000717371,0.139163170758105,0.12780057721823698,0.127148974922302,0.124589687718533,0.11030169937234101
ndc_noce,MDA,Final Energy|Agriculture|Solids,EJ/yr,,0.00175373713734738,0.00855058857669264,0.006121044223301421,0.008280232786922049,0.0123714801856521
ndc_noce,MDA,Final Energy|Industry|Electricity,EJ/yr,0.49809500002566,0.5616633466065809,0.610715906527403,0.652492118194404,0.6775377278892709,0.739358762365683
ndc_noce,MDA,Final Energy|Industry|Gases,EJ/yr,0.490891999984,0.483847497668436,0.46089145284051,0.391102952016497,0.30847846182004,0.0924011741612756
ndc_noce,MDA,Final Energy|Industry|Gases|Gas,EJ/yr,0.490891999984,0.483847497668436,0.46089145284051,0.391102942737611,0.308478453860809,0.0924011606301636
ndc_noce,MDA,Final Energy|Industry|Hydrogen,EJ/yr,,3.94796996863927e-08,0.00139202961405565,0.00188868168273773,0.00208718086029529,0.00683282100529729
ndc_noce,MDA,Final Energy|Industry|Heat,EJ/yr,0.042989999992933,0.0339076115849027,0.024828498827558602,0.0148104475641251,0.00266180360615737,0.00558325981718769
ndc_noce,MDA,Final Energy|Industry|Liquids,EJ/yr,0.227866999901908,0.226802292774791,0.199102215065603,0.33067136824934,0.29223413732755,0.914881719580059
ndc_noce,MDA,Final Energy|Industry|Liquids|Oil,EJ/yr,0.227866999901908,0.226802292774791,0.19910220650965998,0.33067131330126,0.29223406736520796,0.91488154434836
ndc_noce,MDA,Final Energy|Industry|Solids,EJ/yr,0.388688000161037,0.47970514020140503,0.67053095497425,0.858809276467422,1.2335432262500101,1.27371678323947
ndc_noce,MDA,Final Energy|Industry|Solids|Coal,EJ/yr,0.348040000212216,0.42135551439164,0.604835738997473,0.785931474014851,1.1602316055189101,1.19987155444517
ndc_noce,MDA,Final Energy|Residential|Electricity,EJ/yr,0.364352005659901,0.394831446054518,0.5261837436782011,0.623261981401273,0.757025743093734,0.928573899592247
ndc_noce,MDA,Final Energy|Residential|Gases,EJ/yr,0.496230001648516,0.5553884088004349,0.5196961507989291,0.531103568414886,0.339702302947903,0.170950102108679
ndc_noce,MDA,Final Energy|Residential|Gases|Gas,EJ/yr,0.496230001648516,0.5553884088004349,0.5196961507989301,0.531103568414886,0.339702302947903,0.170950102108679
ndc_noce,MDA,Final Energy|Residential|Hydrogen,EJ/yr,,6.35302491379315e-08,2.40375754998832e-07,4.91477954996182e-07,5.37073387033192e-07,6.371497034853391e-07
ndc_noce,MDA,Final Energy|Residential|Heat,EJ/yr,0.0585220000009492,0.043771098931566,0.0260922909965419,0.011564586744910598,0.000584266662036482,0.000861448476369153
ndc_noce,MDA,Final Energy|Residential|Liquids,EJ/yr,0.11112000188291,0.095520580797733,0.0563858598268193,0.0232336980039129,0.033284386862928,0.0842270722018455
ndc_noce,MDA,Final Energy|Residential|Liquids|Oil,EJ/yr,0.11089009691275599,0.095520580797733,0.0563858598268193,0.0232336980039129,0.033284386862928,0.0842270722018455
ndc_noce,MDA,Final Energy|Residential|Solids,EJ/yr,0.107917999995512,0.059924491018728404,0.033096088633444605,0.00796318520204941,3.76299923657305e-07,1.9447254833496802e-07
ndc_noce,MDA,Final Energy|Residential|Solids|Coal,EJ/yr,0.0365619999979822,0.0274214864442709,0.0164528705918459,0.00731235995003891,,
ndc_noce,MDA,Final Energy|Commercial|Electricity,EJ/yr,0.369032999999999,0.48079652239568704,0.513644785442209,0.596527759900231,0.655086638747782,0.7082580535527521
ndc_noce,MDA,Final Energy|Commercial|Gases,EJ/yr,0.158768999992581,0.19636218768755898,0.232842926485399,0.265868589739952,0.296259611045036,0.294949544443267
ndc_noce,MDA,Final Energy|Commercial|Gases|Gas,EJ/yr,0.158768999992581,0.19636218768755898,0.232842926485399,0.26586849294669296,0.296259530371345,0.29494938864323095
ndc_noce,MDA,Final Energy|Commercial|Hydrogen,EJ/yr,,3.7204591876038604e-08,1.0073145825180201e-07,1.72652487539502e-07,1.5809907265455402e-07,1.97282633237781e-07
ndc_noce,MDA,Final Energy|Commercial|Heat,EJ/yr,,0.000760923806768214,0.0019402006909885,0.00319110851702952,0.00463272064719779,0.00808930671522789
ndc_noce,MDA,Final Energy|Commercial|Liquids,EJ/yr,0.0523820000289704,0.0387371942143264,0.022363049863194998,0.00294327650539792,1.46138072497965e-06,0.084163972424723
ndc_noce,MDA,Final Energy|Commercial|Liquids|Oil,EJ/yr,0.0523820000289704,0.0387371942143264,0.022363049863194998,0.00294321279287719,1.46138072497965e-06,0.084163972424723
ndc_noce,MDA,Final Energy|Commercial|Solids,EJ/yr,0.112133999994986,0.10336765357561199,0.076447139418984,0.0515435390587417,0.0179335959187883,4.0996194493350703e-07
ndc_noce,MDA,Final Energy|Commercial|Solids|Coal,EJ/yr,0.11207899999737199,0.103330974532591,0.0764324433058442,0.0515434911221354,0.0179335449069949,3.7891243352097204e-07
ndc_noce,MDA,Final Energy|Transportation|Electricity,EJ/yr,0.004352845660649591,0.015217255032293901,0.0441956716920533,0.0759627579281395,0.118299819428717,0.305832849795632
ndc_noce,MDA,Final Energy|Transportation|Gases,EJ/yr,0.00336499998820265,0.00970774766247986,0.025527911415592602,0.027240676294112903,0.0241786333954432,0.0013154502316311601
ndc_noce,MDA,Final Energy|Transportation|Gases|Gas,EJ/yr,0.00336499998820265,0.00970774766247986,0.025527911415592602,0.027240676294112903,0.0241786333954432,0.0013154502316311601
ndc_noce,MDA,Final Energy|Transportation|Hydrogen,EJ/yr,,0.000217258891073189,0.000284601462493816,0.000758377070821552,0.000871527761826437,0.0108103830792992
ndc_noce,MDA,Final Energy|Transportation|Liquids,EJ/yr,2.0817290399896202,2.54639115039336,2.86841939521812,3.18850148327967,3.4804798340828,3.9938622476217
ndc_noce,MDA,Final Energy|Transportation|Liquids|Oil,EJ/yr,2.07778289998966,2.53686804563508,2.77206507390365,3.10159405637158,3.31030282909438,3.70879687119819
ndc_noce,MEA,Final Energy|Agriculture|Electricity,EJ/yr,0.168776743990005,0.180901880687767,0.196377521699105,0.20830384415963102,0.21942731442223998,0.238536631127544
ndc_noce,MEA,Final Energy|Agriculture|Gases,EJ/yr,0.0803581631978384,0.0855260585733169,0.10114408022042301,0.0941885450011259,0.0953408653212306,0.090412784677263
ndc_noce,MEA,Final Energy|Agriculture|Gases|Gas,EJ/yr,0.0803581631978384,0.0855260585733169,0.10114408022042301,0.09418841125983231,0.0953407526898479,0.0904125352856844
ndc_noce,MEA,Final Energy|Agriculture|Liquids,EJ/yr,0.113172863265333,0.122624351212611,0.113184970869018,0.1375206186266,0.144866368079013,0.162374101238377
ndc_noce,MEA,Final Energy|Agriculture|Liquids|Oil,EJ/yr,0.113172863265333,0.122624351212611,0.113184970869018,0.137520440771183,0.1448662164017,0.162373868547906
ndc_noce,MEA,Final Energy|Agriculture|Solids,EJ/yr,,4.33083766543079e-05,0.00755197920794931,4.1017585993172195e-06,4.28423936752463e-05,4.17871077361344e-05
ndc_noce,MEA,Final Energy|Industry|Electricity,EJ/yr,0.708976999956686,0.7635153814580851,0.7750127727273121,0.815201005461636,0.928587232902255,1.0058920376687601
ndc_noce,MEA,Final Energy|Industry|Gases,EJ/yr,6.05155499990048,5.668676469421079,5.83707285769204,4.678348688036039,3.3183055516199103,0.460646923523913
ndc_noce,MEA,Final Energy|Industry|Gases|Gas,EJ/yr,6.05155499990048,5.668676469421079,5.83707285769204,4.6783486879985805,3.31830555157125,0.460646923459812
ndc_noce,MEA,Final Energy|Industry|Hydrogen,EJ/yr,,5.1055103091456604e-11,0.0267200754390656,0.0479885585820296,0.0822414868062838,0.145113551288137
ndc_noce,MEA,Final Energy|Industry|Heat,EJ/yr,,7.16823216543666e-07,0.559855504245492,0.470260961179371,0.15621383210064702,0.41392439973548395
ndc_noce,MEA,Final Energy|Industry|Liquids,EJ/yr,1.06653299994525,1.68883472914968,1.50838419724361,3.54546242804439,6.00680420915066,9.93836824527585
ndc_noce,MEA,Final Energy|Industry|Liquids|Oil,EJ/yr,1.06653299994525,1.68883472914968,1.5083841931248,3.54546241366781,6.00680417084998,9.938368164793062
ndc_noce,MEA,Final Energy|Industry|Solids,EJ/yr,0.11916699999416999,0.180302476571633,0.214817557806966,0.226332632917631,0.233115786897653,0.276116322563567
ndc_noce,MEA,Final Energy|Industry|Solids|Coal,EJ/yr,0.11916699999416999,0.15673604793642598,0.18457977059663,0.190678129233397,0.19280591855026902,0.229224876316722
ndc_noce,MEA,Final Energy|Residential|Electricity,EJ/yr,1.26301774022401,1.42954804518979,1.82341654328619,2.14720573460984,2.6143875886517898,3.23546986708181
ndc_noce,MEA,Final Energy|Residential|Gases,EJ/yr,1.7251595622615,1.93204051929763,1.62397837597589,1.80297198300922,1.1674712748535,0.570909142442501
ndc_noce,MEA,Final Energy|Residential|Gases|Gas,EJ/yr,1.7251595622615,1.93204051929763,1.62397837597589,1.80297198300922,1.1674712748535,0.570909142442501
ndc_noce,MEA,Final Energy|Residential|Hydrogen,EJ/yr,,8.43152626041959e-08,1.43700544761072e-07,4.71339848223475e-07,4.93699874652456e-07,6.65145067757394e-07
ndc_noce,MEA,Final Energy|Residential|Heat,EJ/yr,,4.34811526299926e-06,1.16749769081326e-05,1.9421379193491998e-05,2.9141961396386e-05,5.46665640441515e-05
ndc_noce,MEA,Final Energy|Residential|Liquids,EJ/yr,0.483107613641023,0.43083419491443,0.17823556560698298,0.0740476275609829,0.06819534702062449,0.347703007216148
ndc_noce,MEA,Final Energy|Residential|Liquids|Oil,EJ/yr,0.483107613641023,0.43083419491443,0.17823556560698298,0.0740476275609829,0.06819534702062449,0.347703007216148
ndc_noce,MEA,Final Energy|Residential|Solids,EJ/yr,0.0853030000247844,2.8814771619237698e-05,0.022643938720472198,4.0481918309711e-07,1.57044236514067e-07,1.04712674527979e-07
ndc_noce,MEA,Final Energy|Residential|Solids|Coal,EJ/yr,0.00038900002724548,1.21945799426237e-07,8.71882845070145e-08,2.50808481655007e-07,,
ndc_noce,MEA,Final Energy|Commercial|Electricity,EJ/yr,0.798732,0.805685107889224,0.7093476347554061,0.7256145422275261,0.7118772131536379,0.688819528837289
ndc_noce,MEA,Final Energy|Commercial|Gases,EJ/yr,0.540801999993924,0.575924238946641,0.6544775020252559,0.743720949746586,0.83570783037419,1.00706290259472
ndc_noce,MEA,Final Energy|Commercial|Gases|Gas,EJ/yr,0.540801999993924,0.575924238946641,0.6544775020252559,0.74372085715282,0.83570775176116,1.00706274760985
ndc_noce,MEA,Final Energy|Commercial|Hydrogen,EJ/yr,,5.5355764702009604e-08,6.387708022950421e-08,2.01180006441222e-07,1.8363698136964e-07,2.79674063934845e-07
ndc_noce,MEA,Final Energy|Commercial|Heat,EJ/yr,,0.0008378395277162119,0.0008392417461523601,0.00331405916451355,0.0047327809566460105,0.00803627572852821
ndc_noce,MEA,Final Energy|Commercial|Liquids,EJ/yr,0.0374610000408315,0.028165445410892703,0.0110756545221653,0.00505160875980534,0.0198304119239127,0.024211517393392397
ndc_noce,MEA,Final Energy|Commercial|Liquids|Oil,EJ/yr,0.0374610000408315,0.028165445410892703,0.0110756545221653,0.0050515832700614395,0.0198304119239127,0.024211517393392397
ndc_noce,MEA,Final Energy|Transportation|Electricity,EJ/yr,0.0017581849810465,0.00104369484866384,0.00971851242745028,0.0167270226715304,0.0193211117168007,0.018070796817254
ndc_noce,MEA,Final Energy|Transportation|Gases,EJ/yr,0.27944299998697497,0.226916836458532,0.42768473021846,0.411917980371536,0.41542723936007003,0.0183418357556569
ndc_noce,MEA,Final Energy|Transportation|Gases|Gas,EJ/yr,0.27944299998697497,0.226916836458532,0.42768473021846,0.411917980371536,0.41542723936007003,0.0183418357556569
ndc_noce,MEA,Final Energy|Transportation|Hydrogen,EJ/yr,,,0.0014950255094487801,0.00283372351138105,0.00444478691433045,0.0142175267829659
ndc_noce,MEA,Final Energy|Transportation|Liquids,EJ/yr,6.9638450000550405,7.709098777238579,8.35495949648356,10.0014610213219,12.2100810570381,16.724503998718703
ndc_noce,MEA,Final Energy|Transportation|Liquids|Oil,EJ/yr,6.9638450000550405,7.70909867091434,8.099185248553951,9.099076394419049,10.1813602857745,12.4867046383849
ndc_noce,MEX,Final Energy|Agriculture|Electricity,EJ/yr,0.047272002757618205,0.0487061794558086,0.0510270361785896,0.0643322133674954,0.054217995223013,0.15124847275358103
ndc_noce,MEX,Final Energy|Agriculture|Gases,EJ/yr,,,,0.00516078516424968,0.00695984616403936,0.0106534246319403
ndc_noce,MEX,Final Energy|Agriculture|Liquids,EJ/yr,0.130135007593792,0.134142106509009,0.13495376381663102,0.120186762528009,0.130411675485237,0.0299026399652996
ndc_noce,MEX,Final Energy|Agriculture|Liquids|Oil,EJ/yr,0.130135007593792,0.134142106509009,0.13495376381663102,0.08330794313791949,0.0806708393876208,5.650887568296711e-07
ndc_noce,MEX,Final Energy|Agriculture|Solids,EJ/yr,,0.00029786357333309697,0.00401996903676642,0.005162250997455389,0.006978292494116719,0.0106544160389628
ndc_noce,MEX,Final Energy|Industry|Electricity,EJ/yr,0.5523579999061861,0.54963236292815,0.577620611668568,0.62918732346068,0.669695857380044,1.0638601320774401
ndc_noce,MEX,Final Energy|Industry|Gases,EJ/yr,0.476371999886274,0.439676514123891,0.403543289842645,0.37671636569983796,0.35864257164707997,0.0582242545996714
ndc_noce,MEX,Final Energy|Industry|Gases|Gas,EJ/yr,0.476371999886274,0.439676514123891,0.403543289842645,0.37671631990788,0.35864254903654397,0.058224240999287295
ndc_noce,MEX,Final Energy|Industry|Hydrogen,EJ/yr,,2.77061060471422e-05,0.00225019370578267,0.01636129510542,0.016366120174629,2.31292716894546e-05
ndc_noce,MEX,Final Energy|Industry|Heat,EJ/yr,,0.0467532254019754,0.119373023531211,0.225416534018899,0.352510309145902,0.686816486779167
ndc_noce,MEX,Final Energy|Industry|Liquids,EJ/yr,0.226823999962763,0.208409408926016,0.178235950898715,0.12541627334749,0.089234765102542,0.0142082717071047
ndc_noce,MEX,Final Energy|Industry|Liquids|Oil,EJ/yr,0.226823999962763,0.208409408926016,0.178235950898715,0.12541558359499902,0.089234648270278,0.0142081067796475
ndc_noce,MEX,Final Energy|Industry|Solids,EJ/yr,0.199906999943199,0.205187757248036,0.215265240834893,0.182348904040902,0.195901728657089,0.0984189508998668
ndc_noce,MEX,Final Energy|Industry|Solids|Coal,EJ/yr,0.13978699995142,0.14403622472991798,0.148349132659351,0.0655014482038769,0.057537501377967204,0.0363762033671037
ndc_noce,MEX,Final Energy|Residential|Electricity,EJ/yr,0.232150003107943,0.260119343432356,0.29636367393283397,0.36127262922485,0.43594796784531703,0.62684436383637
ndc_noce,MEX,Final Energy|Residential|Gases,EJ/yr,0.0269460009168201,0.039947260359201105,0.0621448841159983,0.08445814740555439,0.10638669152251301,1.58372102910903e-06
ndc_noce,MEX,Final Energy|Residential|Gases|Gas,EJ/yr,0.0269460009168201,0.039947260359201105,0.0621448841159983,0.08445814740555439,0.10638669152251301,1.58372102910903e-06
ndc_noce,MEX,Final Energy|Residential|Hydrogen,EJ/yr,,5.35599016445845e-08,1.2199928431154e-07,4.7517648866163e-07,7.96195018832139e-07,2.1780486711451298e-07
ndc_noce,MEX,Final Energy|Residential|Heat,EJ/yr,,4.76319712871238e-05,0.000123354089417332,0.00019813726773463798,0.000284857060240824,0.000177068062953771
ndc_noce,MEX,Final Energy|Residential|Liquids,EJ/yr,0.225928013381708,0.166636757382918,0.096650164590966,0.030079355342259303,0.010435594581523301,3.3132495390978004e-07
ndc_noce,MEX,Final Energy|Residential|Liquids|Oil,EJ/yr,0.225928013381708,0.166636757382918,0.096650164590966,0.030079355342259303,0.010435594581523301,3.3132495390978004e-07
ndc_noce,MEX,Final Energy|Residential|Solids,EJ/yr,0.24775799999749198,0.253696285566304,0.271123199632032,0.246348802625103,0.13537442523458199,2.4799876951525097e-07
ndc_noce,MEX,Final Energy|Commercial|Electricity,EJ/yr,0.103379,0.102186136322138,0.0903826633808394,0.121694322809923,0.135883763607288,0.180606321115717
ndc_noce,MEX,Final Energy|Commercial|Gases,EJ/yr,0.0098659999939455,0.00936772459603144,0.0102891566818775,0.013648700669185,0.015725570362518,0.00220534318792694
ndc_noce,MEX,Final Energy|Commercial|Gases|Gas,EJ/yr,0.0098659999939455,0.00936772459603144,0.0102891566818775,0.0136484861000345,0.0157253820144409,1.5374376121570299e-07
ndc_noce,MEX,Final Energy|Commercial|Hydrogen,EJ/yr,,3.37877343550874e-08,4.8424365047005496e-08,2.00051693131458e-07,3.38517302963476e-07,2.0586495468116397e-06
ndc_noce,MEX,Final Energy|Commercial|Heat,EJ/yr,,9.67728987927009e-05,0.000226381216229948,0.000362380248992447,0.0005314300002144719,0.000390047011340579
ndc_noce,MEX,Final Energy|Commercial|Liquids,EJ/yr,0.061863000005706804,0.0644299187351334,0.06850575561050959,0.0317172891826019,0.0179362802498413,7.07278462664298e-08
ndc_noce,MEX,Final Energy|Commercial|Liquids|Oil,EJ/yr,0.061863000005706804,0.0644299187351334,0.06850575561050959,0.0315186800792142,0.0179362802498413,7.07278462664298e-08
ndc_noce,MEX,Final Energy|Transportation|Electricity,EJ/yr,0.0037829,0.00550741617759413,0.010207693760988899,0.0909254404745406,0.45615751512387404,1.09466317116725
ndc_noce,MEX,Final Energy|Transportation|Gases,EJ/yr,0.0018769999823764101,0.0018805779486917899,0.010412439790143101,0.0011991408145568,0.000754297266443277,2.74165948637035e-05
ndc_noce,MEX,Final Energy|Transportation|Gases|Gas,EJ/yr,0.0018769999823764101,0.0018805779486917899,0.010412439790143101,0.0011991408145568,0.000754297266443277,2.74165948637035e-05
ndc_noce,MEX,Final Energy|Transportation|Hydrogen,EJ/yr,,0.000587425025560126,0.00137908460993985,0.0021136256954646503,0.00333380574041919,0.0025022505606837903
ndc_noce,MEX,Final Energy|Transportation|Liquids,EJ/yr,2.32717399998955,2.4285670398743,2.4692750269741,2.46351230736372,1.6934006348431898,0.8138982688260249
ndc_noce,MEX,Final Energy|Transportation|Liquids|Oil,EJ/yr,2.32717399998955,2.42856701304537,2.46225164873936,2.4004514528127303,1.61701902098762,0.7101219079944829
ndc_noce,NIG,Final Energy|Agriculture|Electricity,EJ/yr,,4.78209200875417e-07,3.37404766784129e-05,1.74507219117067e-06,3.8370242907732495e-07,3.18618473862348e-05
ndc_noce,NIG,Final Energy|Agriculture|Gases,EJ/yr,,,,1.98814302314286e-07,1.33345174207355e-07,6.34379157884654e-07
ndc_noce,NIG,Final Energy|Agriculture|Liquids,EJ/yr,0.00018601235768157,0.00020631611847456198,0.000199746197094583,0.00025613211015985797,0.000291813010507684,0.000311190708827963
ndc_noce,NIG,Final Energy|Agriculture|Liquids|Oil,EJ/yr,0.00018601235768157,0.00020631611847456198,0.000199746197094583,0.000255574868065628,0.00029154000499478997,0.000310499745765686
ndc_noce,NIG,Final Energy|Agriculture|Solids,EJ/yr,,1.6041447432248201e-06,4.06501834637519e-06,6.2780800507920795e-06,5.05571469534248e-07,9.03273911587264e-06
ndc_noce,NIG,Final Energy|Industry|Electricity,EJ/yr,0.0141360000018666,0.0196124320320934,0.0215967163069078,0.0251271692363202,0.0297407517464308,0.0397136564234376
ndc_noce,NIG,Final Energy|Industry|Gases,EJ/yr,0.15723299994290701,0.142279520068593,0.129848142860484,0.11707703359292,0.100673951208871,0.0506438242361971
ndc_noce,NIG,Final Energy|Industry|Gases|Gas,EJ/yr,0.15723299994290701,0.142279520068593,0.129848142860484,0.117077032897551,0.10067395012493399,0.0506438216881781
ndc_noce,NIG,Final Energy|Industry|Hydrogen,EJ/yr,,5.03168588462812e-11,5.86284212408086e-08,1.3391210983765601e-07,1.7537171755270998e-07,2.91765384334406e-07
ndc_noce,NIG,Final Energy|Industry|Heat,EJ/yr,,9.224683454414231e-07,9.79453144668897e-07,1.19807105877993e-06,3.17372842488741e-06,0.0666002750710862
ndc_noce,NIG,Final Energy|Industry|Liquids,EJ/yr,0.0191919999654409,0.050821538863890604,0.09635969577418141,0.165969145870609,0.251770281795009,0.41457556548879
ndc_noce,NIG,Final Energy|Industry|Liquids|Oil,EJ/yr,0.0191919999654409,0.050821538863890604,0.0963596916221089,0.165969131473478,0.25177024264004,0.414575478144594
ndc_noce,NIG,Final Energy|Industry|Solids,EJ/yr,0.17574799998888901,0.161708516861306,0.14086634434859702,0.126790248682021,0.106224070153764,0.0375747740872558
ndc_noce,NIG,Final Energy|Industry|Solids|Coal,EJ/yr,0.00140899999849545,0.0107843832983093,0.0139811837055522,0.017892987964327,0.0227896861109354,0.032061180064797704
ndc_noce,NIG,Final Energy|Residential|Electricity,EJ/yr,0.0574348999192906,0.0892560294148782,0.135710402962231,0.1819788846739,0.24185381072999498,0.355462834517152
ndc_noce,NIG,Final Energy|Residential|Gases,EJ/yr,,0.00335987759504662,0.009141221362699991,0.0157132171367239,0.0242135028744577,0.00161487859736368
ndc_noce,NIG,Final Energy|Residential|Gases|Gas,EJ/yr,,0.00335987759504662,0.009141221362699991,0.0157132171367239,0.0242135028744577,0.00161487859736368
ndc_noce,NIG,Final Energy|Residential|Hydrogen,EJ/yr,,4.25985776789985e-08,1.5668720104708798e-07,3.23326336655922e-07,3.60356851115532e-07,3.3452609484104e-07
ndc_noce,NIG,Final Energy|Residential|Heat,EJ/yr,,1.5961239815860202e-05,4.3428576247495296e-05,7.46383804718427e-05,0.000114996642396287,0.00022311980544291902
ndc_noce,NIG,Final Energy|Residential|Liquids,EJ/yr,0.0410319999855831,0.038128267637626105,0.0254850134307138,0.030707349899721598,0.0376418495317855,0.0547704055167463
ndc_noce,NIG,Final Energy|Residential|Liquids|Oil,EJ/yr,0.0410319999855831,0.038128267637626105,0.0254850134307138,0.030707349899721598,0.0376418495317855,0.0547704055167463
ndc_noce,NIG,Final Energy|Residential|Solids,EJ/yr,0.58533699997009,0.5502430248103539,0.515268837259056,0.38273416673544397,0.20041326275416502,0.000704983967979953
ndc_noce,NIG,Final Energy|Commercial|Electricity,EJ/yr,0.026619,0.0325149659230783,0.037564694743652705,0.048323497166649,0.060202453311442604,0.0913816017265899
ndc_noce,NIG,Final Energy|Commercial|Gases,EJ/yr,,6.11857066844545e-05,0.000141399325188895,0.000232902880333549,0.00034456916505571,9.45630913313151e-07
ndc_noce,NIG,Final Energy|Commercial|Gases|Gas,EJ/yr,,6.11857066844545e-05,0.000141399325188895,0.000232875068661782,0.00034454408803897803,8.81043224147589e-07
ndc_noce,NIG,Final Energy|Commercial|Hydrogen,EJ/yr,,1.78842089925206e-08,4.45700213873641e-08,7.04907059067931e-08,6.50365639581857e-08,4.7448990543770397e-08
ndc_noce,NIG,Final Energy|Commercial|Heat,EJ/yr,,9.57036448290808e-05,0.000221166563570868,0.000364285262653689,0.000538887203804269,0.0010224042922221
ndc_noce,NIG,Final Energy|Commercial|Liquids,EJ/yr,4.6000004197790505e-05,3.24746055424475e-05,3.11128084334515e-08,2.70764485576847e-06,1.5749064612116e-08,1.1135649600831699e-08
ndc_noce,NIG,Final Energy|Commercial|Liquids|Oil,EJ/yr,4.6000004197790505e-05,3.24746055424475e-05,3.11128084334515e-08,1.4735856275772799e-08,1.5749064612116e-08,1.1135649600831699e-08
ndc_noce,NIG,Final Energy|Commercial|Solids,EJ/yr,0.11551899998577299,0.0953067914609088,0.0766080963177334,0.0645304655185499,0.0476926315482589,0.00417740977532748
ndc_noce,NIG,Final Energy|Transportation|Electricity,EJ/yr,,0.0001477125873537,0.000651770322595197,0.004786859952891431,0.0358172203496262,0.379202954964933
ndc_noce,NIG,Final Energy|Transportation|Gases,EJ/yr,,0.000653047228912658,0.0042084739991287996,0.0051226086001490406,0.004887732807516029,0.00502330141785889
ndc_noce,NIG,Final Energy|Transportation|Gases|Gas,EJ/yr,,0.000653047228912658,0.0042084739991287996,0.0051226086001490406,0.004887732807516029,0.00502330141785889
ndc_noce,NIG,Final Energy|Transportation|Hydrogen,EJ/yr,,3.64162840167841e-05,0.000113749893479048,0.00038441013535297504,0.000781946773258426,0.00756028752013962
ndc_noce,NIG,Final Energy|Transportation|Liquids,EJ/yr,0.8702939999872521,0.911556211542627,0.944981846405714,1.08321059871954,1.2063565905387499,0.771932334651694
ndc_noce,NIG,Final Energy|Transportation|Liquids|Oil,EJ/yr,0.8702939999872521,0.91153155233623,0.9401301669021149,1.06844819572777,1.1693698186900598,0.718792118519345
ndc_noce,RUS,Final Energy|Agriculture|Electricity,EJ/yr,0.07095111112643031,0.070218146415015,0.0692289831000754,0.0683443631949193,0.0676792790314633,0.180021296693165
ndc_noce,RUS,Final Energy|Agriculture|Gases,EJ/yr,0.0516550809046692,0.0533026084032339,0.0545214244697296,0.043896753601110804,0.066226416666245,7.80750778301933e-06
ndc_noce,RUS,Final Energy|Agriculture|Gases|Gas,EJ/yr,0.0516550809046692,0.0533026084032339,0.0545214244697296,0.0438960135000288,0.0565106703840957,8.85731182977158e-07
ndc_noce,RUS,Final Energy|Agriculture|Heat,EJ/yr,0.10642316668412699,0.0872995256850191,0.0760029625602397,0.0551256919122889,0.0286051027969319,0.14745079071431702
ndc_noce,RUS,Final Energy|Agriculture|Liquids,EJ/yr,0.143008223987765,0.14303392749944002,0.13860872962096,0.167161142170519,0.159572896663599,0.009648180055648981
ndc_noce,RUS,Final Energy|Agriculture|Liquids|Oil,EJ/yr,0.143008223987765,0.14303392749944002,0.13860872962096,0.131852113914319,0.11367588633523,1.84990259526673e-06
ndc_noce,RUS,Final Energy|Agriculture|Solids,EJ/yr,0.0054780085852205295,0.0204905797861171,0.0271041308934148,0.0109985171675972,0.013323511355479,0.0025896200745787
ndc_noce,RUS,Final Energy|Agriculture|Solids|Coal,EJ/yr,0.0022510035283064803,0.0022497331338508,7.1444744581867e-06,1.74977951016117e-07,1.27690755342855e-07,1.13975528811811e-07
ndc_noce,RUS,Final Energy|Industry|Electricity,EJ/yr,1.22598899967282,1.76677746150676,2.36278696885296,3.00266574510715,3.4475731541333796,5.081960857172921
ndc_noce,RUS,Final Energy|Industry|Gases,EJ/yr,3.5332410004900696,3.41638466420361,2.5778590835095203,1.72751710501332,1.43042266887157,0.19291624087366302
ndc_noce,RUS,Final Energy|Industry|Gases|Gas,EJ/yr,3.5332410004900696,3.41638466420361,2.5778590835095203,1.72751705028669,1.43042264303084,0.192916230707476
ndc_noce,RUS,Final Energy|Industry|Hydrogen,EJ/yr,,0.00117592558036378,0.062476927749949604,0.163096932766777,0.184488293939746,0.0508596905500667
ndc_noce,RUS,Final Energy|Industry|Heat,EJ/yr,1.5125000001212299,0.9298690116033129,1.30060993177177,2.40570620842262,2.954525811252,4.17613595433029
ndc_noce,RUS,Final Energy|Industry|Liquids,EJ/yr,0.809778000481031,0.9387612223730809,1.5218991335027598,0.782784886188559,0.401614246628136,0.0152575951886464
ndc_noce,RUS,Final Energy|Industry|Liquids|Oil,EJ/yr,0.809778000481031,0.9387612223730809,1.52189912444627,0.782783162145254,0.401614099927431,0.0152573905216672
ndc_noce,RUS,Final Energy|Industry|Solids,EJ/yr,1.7343730010865799,1.8587910132116698,0.8068293458600969,0.180831090471089,0.20660985776437998,0.10398273520139299
ndc_noce,RUS,Final Energy|Industry|Solids|Coal,EJ/yr,1.60802500107568,1.7240508055320398,0.692166868140816,0.0647749680706949,0.059606316656441304,0.0532500433212466
ndc_noce,RUS,Final Energy|Residential|Electricity,EJ/yr,0.57916000002569,0.6272534136360419,0.8114394926175,1.08679851364072,1.61807206769695,2.98999267471814
ndc_noce,RUS,Final Energy|Residential|Gases,EJ/yr,2.72125699999363,2.9791303503467996,2.69773194665393,1.93238447676842,0.600323653826275,7.13052342567491e-07
ndc_noce,RUS,Final Energy|Residential|Gases|Gas,EJ/yr,2.72125699999363,2.9791303503467996,2.69773194665393,1.93238447676842,0.600323653826275,7.13052342567491e-07
ndc_noce,RUS,Final Energy|Residential|Hydrogen,EJ/yr,,9.922036471218661e-08,1.8337184974352e-07,8.629746811627661e-07,0.43030992670917195,2.46810303437157e-07
ndc_noce,RUS,Final Energy|Residential|Heat,EJ/yr,1.99616199999478,1.3755745853027699,0.627732396886666,0.0873148603602859,1.16773814961144e-06,4.7604197454577497e-07
ndc_noce,RUS,Final Energy|Residential|Liquids,EJ/yr,0.623141999994436,0.624797452750576,0.572497858331138,0.5993750111468841,0.437457963423271,1.91934847229063e-07
ndc_noce,RUS,Final Energy|Residential|Liquids|Oil,EJ/yr,0.622273362900883,0.624797452750576,0.572497858331138,0.5993750111468841,0.437457963423271,1.91934847229063e-07
ndc_noce,RUS,Final Energy|Residential|Solids,EJ/yr,0.11998400004775099,0.0913989212296033,0.0385608393767114,0.00228793269417519,0.0020815122647157703,1.6756551820522402e-07
ndc_noce,RUS,Final Energy|Residential|Solids|Coal,EJ/yr,0.07627000005331619,0.0614412158721767,0.038560244531339,6.28523295967299e-08,2.29092339576354e-08,9.15570508097216e-09
ndc_noce,RUS,Final Energy|Commercial|Electricity,EJ/yr,0.5503279999999999,0.687343558224761,0.802678158677732,0.8852785921101219,0.9450517088357879,1.51659836402136
ndc_noce,RUS,Final Energy|Commercial|Gases,EJ/yr,0.236074999999455,0.178143122502544,0.10921484248008499,0.049208870181327496,0.019287702278546898,1.98921956329926e-07
ndc_noce,RUS,Final Energy|Commercial|Gases|Gas,EJ/yr,0.236074999999455,0.178143122502544,0.10921484248008499,0.0492086851456094,0.019287260911893502,9.79661672227232e-08
ndc_noce,RUS,Final Energy|Commercial|Hydrogen,EJ/yr,,3.5086317278635e-08,3.88425658918275e-08,2.23693456349555e-07,0.00167227520886145,1.04479346978849e-08
ndc_noce,RUS,Final Energy|Commercial|Heat,EJ/yr,0.791349999999999,0.8333718085572179,0.891651313209881,0.9718135101028601,1.0674824264587,0.7352187640593191
ndc_noce,RUS,Final Energy|Commercial|Liquids,EJ/yr,0.062434000001527504,0.0441035138369365,0.022071856534710003,0.00378302113607419,8.45476796632115e-05,4.10194138978568e-08
ndc_noce,RUS,Final Energy|Commercial|Liquids|Oil,EJ/yr,0.062434000001527504,0.0441035138369365,0.022071856534710003,0.000169375115238284,8.45476796632115e-05,4.10194138978568e-08
ndc_noce,RUS,Final Energy|Commercial|Solids,EJ/yr,0.0811750000170406,0.058542801720648296,0.0313841645728479,0.0119505702172059,0.00531137088467393,8.119161246756551e-09
ndc_noce,RUS,Final Energy|Commercial|Solids|Coal,EJ/yr,0.0331960000197614,0.026556800801524703,0.018589761988154,0.0119505633740461,0.00531136373768251,3.40642949051606e-09
ndc_noce,RUS,Final Energy|Transportation|Electricity,EJ/yr,0.19385552749999999,0.200270213030784,0.20522377147575802,0.236369757871931,0.49166256638607597,1.46039324507284
ndc_noce,RUS,Final Energy|Transportation|Gases,EJ/yr,0.025603000008651802,0.0253703503263078,0.041899961043038704,0.0389711811848792,0.0355569286696629,0.0039734189260740805
ndc_noce,RUS,Final Energy|Transportation|Gases|Gas,EJ/yr,0.025603000008651802,0.0253703503263078,0.041899961043038704,0.0389711811848792,0.0355569286696629,0.0039734189260740805
ndc_noce,RUS,Final Energy|Transportation|Hydrogen,EJ/yr,,0.0033306307405150297,0.00332961179189398,0.015642108123146002,0.0187027422751123,0.0223725566280527
ndc_noce,RUS,Final Energy|Transportation|Liquids,EJ/yr,3.0343250000155497,3.37170579109651,3.52300653151614,3.6456543260566,3.04119872332516,1.93249598704949
ndc_noce,RUS,Final Energy|Transportation|Liquids|Oil,EJ/yr,3.0343250000155497,3.36820664227037,3.45842876502397,3.49851271801078,2.80490974468741,1.28768409541698
ndc_noce,SKT,Final Energy|Agriculture|Electricity,EJ/yr,0.0615100100574668,0.06068775957596,0.0598298776647804,0.0602392781190507,0.0589564515635298,0.057622335559408495
ndc_noce,SKT,Final Energy|Agriculture|Gases,EJ/yr,0.000201000038446294,0.00020964598100183503,0.00021766082171093202,0.000181032304520095,4.67056152366016e-06,0.00012588590725225
ndc_noce,SKT,Final Energy|Agriculture|Gases|Gas,EJ/yr,0.00017100003074698,0.000175719505575122,0.00017829606358532902,0.000180717374109367,4.40589254797607e-06,0.000125212251885515
ndc_noce,SKT,Final Energy|Agriculture|Heat,EJ/yr,0.00122800020350413,0.0013224348302645801,0.00142046343447759,0.00149185239772393,0.00154978326073291,0.00162679200219749
ndc_noce,SKT,Final Energy|Agriculture|Liquids,EJ/yr,0.0513520083993207,0.0511841336840938,0.0502300127408016,0.0453429293875129,0.039841246464464596,0.0362981050710445
ndc_noce,SKT,Final Energy|Agriculture|Liquids|Oil,EJ/yr,0.0513520083993207,0.0511841336840938,0.0502300127408016,0.032601472398537196,0.0235153824022353,0.0137196998088374
ndc_noce,SKT,Final Energy|Agriculture|Solids,EJ/yr,0.000636000106747035,0.00113157863596267,0.00121727241791552,0.00372681407331425,0.0043314902866148095,0.000765614625156835
ndc_noce,SKT,Final Energy|Industry|Electricity,EJ/yr,0.9813209999644651,0.978975155176159,1.00479808530789,1.0848653598576399,1.14342074864796,1.10787536524816
ndc_noce,SKT,Final Energy|Industry|Gases,EJ/yr,0.311508999971815,0.37554050620565904,0.327943428296511,0.20873371660789,0.14880149440402998,0.12988281777840002
ndc_noce,SKT,Final Energy|Industry|Gases|Gas,EJ/yr,0.310546999970925,0.374452302331353,0.326680387498696,0.20800989987445398,0.14828060755574698,0.129520429256924
ndc_noce,SKT,Final Energy|Industry|Hydrogen,EJ/yr,,5.8241285273209295e-06,0.0130040937966316,0.041249846218248,0.0412500516741515,1.04026537877386e-06
ndc_noce,SKT,Final Energy|Industry|Heat,EJ/yr,0.133357999971487,0.134899363423115,0.26701614363218196,0.315465535133788,0.403007240316237,0.632908312428004
ndc_noce,SKT,Final Energy|Industry|Liquids,EJ/yr,0.151093999965208,0.15085069207031002,0.156779084055096,0.30439630425098396,0.371846059885226,0.374249211720586
ndc_noce,SKT,Final Energy|Industry|Liquids|Oil,EJ/yr,0.151093999965208,0.15085069207031002,0.15677907514999,0.303988641875104,0.37078187478274,0.374248998696724
ndc_noce,SKT,Final Energy|Industry|Solids,EJ/yr,1.02154500031153,0.917438478554634,0.6501324336165639,0.431662704841372,0.12218404630804,0.0510420133446159
ndc_noce,SKT,Final Energy|Industry|Solids|Coal,EJ/yr,0.927307000345401,0.8306039064069191,0.5801682702865201,0.371170013145907,0.06605620930129391,0.0319564567495227
ndc_noce,SKT,Final Energy|Residential|Electricity,EJ/yr,0.242704010257768,0.26325958703805796,0.32680765138581197,0.36757980258111,0.441277920422732,0.5465063490665869
ndc_noce,SKT,Final Energy|Residential|Gases,EJ/yr,0.384487999994319,0.391002504070935,0.398340193815514,0.323849380038151,0.209702926889016,0.070744213882655
ndc_noce,SKT,Final Energy|Residential|Gases|Gas,EJ/yr,0.384487999994319,0.391002504070935,0.398340193815514,0.323849380038151,0.209702926889016,0.070744213882655
ndc_noce,SKT,Final Energy|Residential|Hydrogen,EJ/yr,,5.37462288956561e-08,1.2255719265152002e-07,4.0149363050702203e-07,5.467495463937669e-07,4.6398615832847e-07
ndc_noce,SKT,Final Energy|Residential|Heat,EJ/yr,0.0849979999954188,0.0649812680875676,0.040912383109033,0.0230655259951879,0.0128270760352375,5.723865174043071e-07
ndc_noce,SKT,Final Energy|Residential|Liquids,EJ/yr,0.130721000013551,0.0989978278167096,0.016179278287077898,0.004982364839117379,0.00673167395772969,0.0068140367783055
ndc_noce,SKT,Final Energy|Residential|Liquids|Oil,EJ/yr,0.13040838948161498,0.0989978278167096,0.016179278287077898,0.004982364839117379,0.00673167395772969,0.0068140367783055
ndc_noce,SKT,Final Energy|Residential|Solids,EJ/yr,0.017942000029140398,0.0107238921631859,0.009070703655860421,0.00279627688760199,0.0009351495128619291,4.60473877774155e-07
ndc_noce,SKT,Final Energy|Residential|Solids|Coal,EJ/yr,0.0124770000344317,0.0100196846531304,0.00700133345967253,0.00198638161350042,0.000208668054935063,4.70793435980314e-08
ndc_noce,SKT,Final Energy|Commercial|Electricity,EJ/yr,0.589001999999999,0.617518317084656,0.589549775719054,0.625502803655797,0.6425072775581461,0.669533440264274
ndc_noce,SKT,Final Energy|Commercial|Gases,EJ/yr,0.16835399999249298,0.17955614241742002,0.20013733144399198,0.183733713192333,0.12176002584116899,9.31741878430017e-07
ndc_noce,SKT,Final Energy|Commercial|Gases|Gas,EJ/yr,0.167396999992536,0.178473624072647,0.198880837259927,0.183733548074461,0.121759859868847,6.84083545325992e-07
ndc_noce,SKT,Final Energy|Commercial|Hydrogen,EJ/yr,,3.8346226934953495e-08,5.44889860278105e-08,1.6251263188982598e-07,1.89091838990868e-07,6.30710601768955e-08
ndc_noce,SKT,Final Energy|Commercial|Heat,EJ/yr,0.019821000000000002,0.00432251254261739,0.00773847532360838,1.6034839142531998e-07,2.1917568821203398e-07,1.52929904540437e-07
ndc_noce,SKT,Final Energy|Commercial|Liquids,EJ/yr,0.0688890000265795,0.0531977287638537,0.009195245368107029,0.0027448013031194903,0.00228410201532983,0.00206321579435272
ndc_noce,SKT,Final Energy|Commercial|Liquids|Oil,EJ/yr,0.0688890000265795,0.0531977287638537,0.009195245368107029,0.00124371871410872,0.00228410201532983,0.00206321579435272
ndc_noce,SKT,Final Energy|Commercial|Solids,EJ/yr,0.0276489999940348,0.015018383390402,0.0108446117895531,0.00481057150371543,0.0044784987154722206,0.00189860764503135
ndc_noce,SKT,Final Energy|Transportation|Electricity,EJ/yr,0.0106381,0.0274078956879797,0.0674620184505921,0.149675828814179,0.288423125698128,0.47588727262171
ndc_noce,SKT,Final Energy|Transportation|Gases,EJ/yr,0.0498289999938164,0.0576004401060089,0.13425672009137501,0.13190832395903102,0.115955175316013,0.103145366177203
ndc_noce,SKT,Final Energy|Transportation|Gases|Gas,EJ/yr,0.0498289999938164,0.0576004401060089,0.13425672009137501,0.13190832395903102,0.115955175316013,0.103145366177203
ndc_noce,SKT,Final Energy|Transportation|Hydrogen,EJ/yr,,9.107019707877049e-05,0.000724704063722947,0.00136120691158472,0.00223716372848468,0.005141046203291461
ndc_noce,SKT,Final Energy|Transportation|Liquids,EJ/yr,2.04487999997805,2.23350146975484,2.19902583829645,2.2503470099697003,2.1657411925723498,1.9720093388036701
ndc_noce,SKT,Final Energy|Transportation|Liquids|Oil,EJ/yr,2.02156450997842,2.20449031536092,2.0862539094998502,1.88432507208549,1.5312559666843,1.2779917229028899
ndc_noce,USA,Final Energy|Agriculture|Electricity,EJ/yr,0.27074101166318004,0.274236768737406,0.313385726474175,0.5903289118606729,0.697642593213928,0.846165780611718
ndc_noce,USA,Final Energy|Agriculture|Gases,EJ/yr,0.0621650026779952,0.0367394860216883,0.06997111267614729,0.0984969096879759,0.0503671810491257,1.62970312377994e-07
ndc_noce,USA,Final Energy|Agriculture|Gases|Gas,EJ/yr,0.0621650026779952,0.03673943079929581,0.06992122292071061,0.0735818560732266,0.01702837981763,4.5372146103008105e-08
ndc_noce,USA,Final Energy|Agriculture|Liquids,EJ/yr,0.507050021846395,0.520771143433686,0.457160660080929,0.208396332755875,0.174910816477535,0.121011457945448
ndc_noce,USA,Final Energy|Agriculture|Liquids|Oil,EJ/yr,0.499254021508172,0.511952375610222,0.44692451512248405,0.0757395121464666,1.5969404717580601e-07,6.310165268361581e-08
ndc_noce,USA,Final Energy|Agriculture|Solids,EJ/yr,0.0591910025499054,0.0807896322058965,0.0731469457707814,0.0219270983480098,1.04544109840258e-07,5.58126436552795e-08
ndc_noce,USA,Final Energy|Industry|Electricity,EJ/yr,2.6958620010807,2.8741873386535697,3.10849670334451,5.6702534973626495,7.9394092031615005,13.1061792090718
ndc_noce,USA,Final Energy|Industry|Gases,EJ/yr,6.57003300105796,6.89424793821263,6.37093947399947,4.260805813846581,2.8347615674983397,0.115959502308477
ndc_noce,USA,Final Energy|Industry|Gases|Gas,EJ/yr,6.569656001057281,6.893819841780229,6.37009916149165,4.26054939338155,2.83458745394178,0.115959496682357
ndc_noce,USA,Final Energy|Industry|Hydrogen,EJ/yr,,3.31541685673416e-08,0.0702462745160541,0.0738201459426724,0.0306831705697017,0.0270231448917231
ndc_noce,USA,Final Energy|Industry|Heat,EJ/yr,0.199605999957714,0.689286571723028,1.4733228396004099,1.7621808238410799,1.78710722202857,1.4534839369767798
ndc_noce,USA,Final Energy|Industry|Liquids,EJ/yr,0.753926200964612,0.772273618855294,0.647636798027835,0.500076768126958,0.35550037836390297,0.0278563624525517
ndc_noce,USA,Final Energy|Industry|Liquids|Oil,EJ/yr,0.715629999914548,0.72877904558751,0.59715194257577,0.46083349904758897,0.328794311222872,0.027855635038348498
ndc_noce,USA,Final Energy|Industry|Solids,EJ/yr,2.2071080010548196,2.10518933297198,1.83468208477771,1.19332402999864,0.856016046372868,0.101702344016353
ndc_noce,USA,Final Energy|Industry|Solids|Coal,EJ/yr,0.826098001100548,0.687106449977958,0.374462817420021,0.26402562903393,0.20881027253849702,0.08777460637670831
ndc_noce,USA,Final Energy|Residential|Electricity,EJ/yr,5.17157608903101,5.385979653520669,6.12424649876994,7.51150730649739,8.93145719997961,11.4799172172933
ndc_noce,USA,Final Energy|Residential|Gases,EJ/yr,4.94375221697001,4.44998322670391,2.55281270022259,0.471404391231523,0.165067870534305,1.46179298737708e-07
ndc_noce,USA,Final Energy|Residential|Gases|Gas,EJ/yr,4.94375221697001,4.44998322670391,2.55281270022259,0.471404391231523,0.165067870534305,1.46179298737708e-07
ndc_noce,USA,Final Energy|Residential|Hydrogen,EJ/yr,,5.29830701500542e-08,5.05353939254646e-08,1.1730148859589,0.839769565724232,0.0566262784001417
ndc_noce,USA,Final Energy|Residential|Heat,EJ/yr,0.014096000000000001,0.0181238204571656,0.006343333000457181,0.0300077072067697,0.0370432308941894,0.022788014550150903
ndc_noce,USA,Final Energy|Residential|Liquids,EJ/yr,0.6365750478868669,0.494421802788551,0.0856311992994528,0.00300690623046344,3.26726585092731e-07,1.39785803973476e-07
ndc_noce,USA,Final Energy|Residential|Liquids|Oil,EJ/yr,0.628677786340585,0.484729714693319,0.07438141873368581,0.00297628569952073,3.25474923448951e-07,1.3891235138452701e-07
ndc_noce,USA,Final Energy|Residential|Solids,EJ/yr,0.5157569999974051,0.34383800679195503,9.41476573243496e-08,2.7459391024300197e-08,1.7419635564322998e-08,1.90096469055639e-08
ndc_noce,USA,Final Energy|Commercial|Electricity,EJ/yr,4.91047408506057,5.14648367487091,5.018864272132769,6.32227540410293,6.59791765543142,6.82948420685979
ndc_noce,USA,Final Energy|Commercial|Gases,EJ/yr,3.46457905101539,4.22109055406305,3.22887572642767,2.11830852822743,1.4143354426564598,2.7671218921760604e-07
ndc_noce,USA,Final Energy|Commercial|Gases|Gas,EJ/yr,3.46228705097886,4.22109038598054,3.22586633736657,0.196892714666235,0.048738723391210895,7.858497968522639e-08
ndc_noce,USA,Final Energy|Commercial|Hydrogen,EJ/yr,,3.4992486574541e-08,2.4721138699522498e-08,0.267999176340642,0.22794776888607002,1.46734596928168e-08
ndc_noce,USA,Final Energy|Commercial|Heat,EJ/yr,0.0530120000000001,0.0397600855439893,0.0238555205523362,0.11169148876657001,0.131818461265981,3.9573434351677797e-07
ndc_noce,USA,Final Energy|Commercial|Liquids,EJ/yr,0.47029800524794,0.373426178289882,0.0437522622224574,0.0226768989651531,0.000620030460320006,0.000232898161185338
ndc_noce,USA,Final Energy|Commercial|Liquids|Oil,EJ/yr,0.463691005162153,0.36595243708642405,0.035077275285617195,4.60384331654651e-07,1.08490092192298e-07,4.50179997957451e-08
ndc_noce,USA,Final Energy|Commercial|Solids,EJ/yr,0.09651500006229839,0.0664684952420737,1.68644782069075e-07,1.68966644257897e-08,7.44355813985109e-09,6.9572474293887e-09
ndc_noce,USA,Final Energy|Commercial|Solids|Coal,EJ/yr,0.0159380000529892,0.0127504225455996,6.16719554143416e-09,7.36512334168815e-09,3.4762088117597298e-09,2.90846625915559e-09
ndc_noce,USA,Final Energy|Transportation|Electricity,EJ/yr,0.0473305998723296,0.210717149291658,2.61603241275263,6.50091952317792,8.43285217240145,10.4053877112004
ndc_noce,USA,Final Energy|Transportation|Gases,EJ/yr,0.050416999995554594,0.0423082640067856,0.294737892779552,0.24829374797234602,0.07989136228397309,0.0114368104905135
ndc_noce,USA,Final Energy|Transportation|Gases|Gas,EJ/yr,0.050416999995554594,0.0423082640067856,0.294737892779552,0.24829374797234602,0.07989136228397309,0.0114368104905135
ndc_noce,USA,Final Energy|Transportation|Hydrogen,EJ/yr,,0.0129113880403522,0.0307136552366952,0.195653234936813,1.52580512018955,1.79184523137125
ndc_noce,USA,Final Energy|Transportation|Liquids,EJ/yr,26.8841132502759,28.859260337387298,22.664648570060102,17.368539674753702,12.461640236949501,10.1572765511668
ndc_noce,USA,Final Energy|Transportation|Liquids|Oil,EJ/yr,26.738732790276202,28.6740447399693,22.2044122534795,15.4656407009085,8.561183695415,2.7026014278397503
baseline_noce,AFE,Emissions|GHG|Agriculture,MtCO2e/yr,1.89163575515062,1.87442187071566,1.51365759679648,1.19731054909758,1.0665946907403299,3.14163924798223
baseline_noce,AFE,Emissions|GHG|Commercial,MtCO2e/yr,3.22027526822579,2.56936911935919,2.08262927998623,1.6423425292993399,1.36758631215314,0.205766799368818
baseline_noce,AFE,Emissions|GHG|Industry,MtCO2e/yr,27.8476159566719,34.3633003758119,41.8353660699215,45.273846110095604,46.2416962400535,83.13324210838339
baseline_noce,AFE,Emissions|GHG|Residential,MtCO2e/yr,30.5433578976475,29.666887076945898,27.2410156311845,25.0773359844317,20.5886769151249,12.3835478727304
baseline_noce,AFE,Emissions|GHG|Transportation,MtCO2e/yr,46.3297115722294,52.324168108452,64.3680233913204,77.315391725704,85.9093569231175,67.3995716665486
baseline_noce,AFN,Emissions|GHG|Agriculture,MtCO2e/yr,6.85339836647053,7.2429440390853,7.50613346653516,7.8293396749362,7.95208906111574,6.25974771548476
baseline_noce,AFN,Emissions|GHG|Commercial,MtCO2e/yr,1.65184599290048,1.59393287057414,1.50537005171106,1.3196783075253,1.0182318246792799,0.11787530071897401
baseline_noce,AFN,Emissions|GHG|Industry,MtCO2e/yr,136.76270824073032,143.53897319148726,142.04145106452395,139.6325909731157,135.4190050201919,90.95241807410619
baseline_noce,AFN,Emissions|GHG|Residential,MtCO2e/yr,55.36902214582901,55.8126212974876,52.218817979435,44.2570269267429,26.1063191242592,2.90335910530894
baseline_noce,AFN,Emissions|GHG|Transportation,MtCO2e/yr,140.356542513215,157.454225912506,189.049290387202,220.765945510062,243.313002502114,333.04870068933303
baseline_noce,AFW,Emissions|GHG|Agriculture,MtCO2e/yr,0.974606370790909,1.1227025932171,1.31620298378444,1.44237325453839,1.6665704114749,1.9775154431058
baseline_noce,AFW,Emissions|GHG|Commercial,MtCO2e/yr,1.6187546919137301,1.41045756403415,1.20859387942079,0.939898951389291,0.696421008405452,2.62594979849049e-07
baseline_noce,AFW,Emissions|GHG|Industry,MtCO2e/yr,21.96112625670587,27.271523247650798,33.3653234815659,40.5046163198079,45.006991253509504,47.0315859576355
baseline_noce,AFW,Emissions|GHG|Residential,MtCO2e/yr,24.1680492577916,23.728465813659202,22.9505470365553,21.1797271243682,18.4998859291545,4.946775068969321
baseline_noce,AFW,Emissions|GHG|Transportation,MtCO2e/yr,47.1578480433973,52.7478684780729,60.6830636706709,72.0478911473238,84.2395943682002,91.8459406607649
baseline_noce,AFZ,Emissions|GHG|Agriculture,MtCO2e/yr,8.14189859100392,8.83716350103075,9.622394785120699,10.2322194310938,10.7823783882838,7.42436833408431
baseline_noce,AFZ,Emissions|GHG|Commercial,MtCO2e/yr,13.8073353189688,11.6050398263964,10.2000803596283,9.46846716893337,7.76026296075601,0.8905851927952271
baseline_noce,AFZ,Emissions|GHG|Industry,MtCO2e/yr,69.75959854154652,63.09458101733473,64.3303523154622,78.68433565072276,90.8271620912872,46.868044566960904
baseline_noce,AFZ,Emissions|GHG|Residential,MtCO2e/yr,36.119666820821,31.5429908425885,25.652198182329002,20.2254520113013,15.2312249410458,2.8404512764176304
baseline_noce,AFZ,Emissions|GHG|Transportation,MtCO2e/yr,78.1476287998441,81.8102883511395,91.97925078857729,107.417656896284,118.86274957362701,94.67689590399169
baseline_noce,ANZ,Emissions|GHG|Agriculture,MtCO2e/yr,7.81283065767491,8.12511140087936,7.73486280972144,4.842609566953169,3.28088583591427,0.7050996777596891
baseline_noce,ANZ,Emissions|GHG|Commercial,MtCO2e/yr,6.18161426772242,4.37665406602142,2.32118624334358,0.10429437659268101,0.5364541570879491,3.66769812748388e-08
baseline_noce,ANZ,Emissions|GHG|Industry,MtCO2e/yr,66.5683411470139,66.10203999875203,49.26323003594092,32.94889613611358,21.145517246438775,0.815258264179779
baseline_noce,ANZ,Emissions|GHG|Residential,MtCO2e/yr,10.34158155822,11.1700549318598,4.31364153214357,2.01212127236805,1.45626361028105,1.1864149171648e-07
baseline_noce,ANZ,Emissions|GHG|Transportation,MtCO2e/yr,116.195772168121,123.301134835272,117.08078014273599,113.323439023781,76.30806269355969,22.315050031777798
baseline_noce,ASC,Emissions|GHG|Agriculture,MtCO2e/yr,3.24340978291233,3.60612344836904,3.42500902437784,3.38684970808263,3.39912384844847,2.52341127189813
baseline_noce,ASC,Emissions|GHG|Commercial,MtCO2e/yr,30.594908812198998,28.009450938226202,24.4415675628483,19.853675601493,10.0083227616842,0.680083464220951
baseline_noce,ASC,Emissions|GHG|Industry,MtCO2e/yr,72.04055148944084,79.08528167755792,72.57479083401536,66.31579890359156,59.89854329426872,56.7482141795954
baseline_noce,ASC,Emissions|GHG|Residential,MtCO2e/yr,71.2847616046772,68.5583378691438,71.0616410675643,69.213042730024,40.1136447520504,3.3388407816106502
baseline_noce,ASC,Emissions|GHG|Transportation,MtCO2e/yr,63.323815051955,73.6847167486269,82.16789598528011,86.9170293707708,72.6469538102362,23.4567932717373
baseline_noce,ASE,Emissions|GHG|Agriculture,MtCO2e/yr,18.5299399315041,18.93105768775,18.8264895327384,13.423761374714001,11.54291602555,3.0949894815349697
baseline_noce,ASE,Emissions|GHG|Commercial,MtCO2e/yr,6.64946325455165,6.71470889817423,7.1069949973911095,4.96517909094701,4.96501029761398,2.03528352394846e-07
baseline_noce,ASE,Emissions|GHG|Industry,MtCO2e/yr,237.08192786468692,265.88045586559076,299.9830175943832,238.5829723128099,169.5702853225438,106.83407337737951
baseline_noce,ASE,Emissions|GHG|Residential,MtCO2e/yr,24.4393173736563,23.2430724377692,22.8283148131237,17.8476851326847,14.0525195879242,2.8189758082224396
baseline_noce,ASE,Emissions|GHG|Transportation,MtCO2e/yr,177.123029726297,188.415700309339,207.531474710417,211.764468423421,157.64177679364,57.2397279797233
baseline_noce,ASO,Emissions|GHG|Agriculture,MtCO2e/yr,4.174550182418661,4.42608919143364,4.79330228395799,5.025216551204879,5.22661339367687,4.66791134437413
baseline_noce,ASO,Emissions|GHG|Commercial,MtCO2e/yr,2.69677438099333,2.8811714315222896,3.2720187486287,3.3821657264071,3.69651247479575,5.44286877584371
baseline_noce,ASO,Emissions|GHG|Industry,MtCO2e/yr,129.8574687375887,133.2177062488991,173.85015507476402,194.8850449301488,182.48086880428838,271.0259997889143
baseline_noce,ASO,Emissions|GHG|Residential,MtCO2e/yr,45.158167959676,50.0928644596692,59.494289508439095,54.010477851984,36.945916110199,15.4688384226579
baseline_noce,ASO,Emissions|GHG|Transportation,MtCO2e/yr,79.5076613030438,91.33299275300891,109.839862701959,133.409511069047,158.124797243921,179.036028542724
baseline_noce,BRA,Emissions|GHG|Agriculture,MtCO2e/yr,21.8926737672435,18.5371339103855,14.1371800165924,4.69382297316576,1.69780281414249,0.537137600770106
baseline_noce,BRA,Emissions|GHG|Commercial,MtCO2e/yr,0.531905792648947,0.373251458441063,0.310269676577609,0.23624725034364702,0.18910488554781,4.9531972667070196e-05
baseline_noce,BRA,Emissions|GHG|Industry,MtCO2e/yr,141.3906758866613,136.3659520347708,143.1491114274973,147.9431844438138,99.4557339038989,39.79426550953701
baseline_noce,BRA,Emissions|GHG|Residential,MtCO2e/yr,21.862783690894002,16.823294234563697,15.922508469939299,11.6840009090957,4.7319941838139705,1.0214011723394e-08
baseline_noce,BRA,Emissions|GHG|Transportation,MtCO2e/yr,215.604005311313,228.200441520863,229.172214142271,184.18090523393602,108.22970889867,0.553634024510715
baseline_noce,CAN,Emissions|GHG|Agriculture,MtCO2e/yr,18.4093714626405,19.1073157150619,18.4928353079495,16.6352915078912,12.6952961879869,1.85115285354084
baseline_noce,CAN,Emissions|GHG|Commercial,MtCO2e/yr,37.6107126389646,32.5622343790887,23.6604665432894,17.8126860961196,13.0977175040125,0.005198388951287831
baseline_noce,CAN,Emissions|GHG|Industry,MtCO2e/yr,96.8330364846134,94.83425999610066,74.2740071690113,80.39020691931275,60.071276240818214,0.674533278423321
baseline_noce,CAN,Emissions|GHG|Residential,MtCO2e/yr,41.130331743986,46.0551554720185,26.527788819460902,26.6960105389991,18.3504404205273,3.47864891757218e-08
baseline_noce,CAN,Emissions|GHG|Transportation,MtCO2e/yr,179.821346284279,171.963209045976,131.431969076099,122.602553311832,70.1365908510096,0.579501392811447
baseline_noce,CHL,Emissions|GHG|Agriculture,MtCO2e/yr,1.41234666661025,1.38481557338999,1.3480161470975198,0.984667459115582,1.04531219377789,0.0593356066704409
baseline_noce,CHL,Emissions|GHG|Commercial,MtCO2e/yr,2.31853337460401,1.98767236501704,1.64541324260133,1.22395509900772,0.8354018521512201,4.67182292901143e-08
baseline_noce,CHL,Emissions|GHG|Industry,MtCO2e/yr,18.75577010415432,17.29835836020129,24.244962786130248,25.991446754848162,11.634418608119136,0.1780069903019001
baseline_noce,CHL,Emissions|GHG|Residential,MtCO2e/yr,4.91112296980131,4.264288211990269,3.80020676013602,3.4369008151824803,2.8684581683502,4.1291590898275304e-07
baseline_noce,CHL,Emissions|GHG|Transportation,MtCO2e/yr,28.778905346020203,29.6895618499293,30.1532192370876,30.335178598118297,20.4211756461333,5.00067163285032
baseline_noce,CHN,Emissions|GHG|Agriculture,MtCO2e/yr,110.75730906431001,97.9346740523871,102.97289465100299,98.8675258197965,94.8531005358684,39.8043842007576
baseline_noce,CHN,Emissions|GHG|Commercial,MtCO2e/yr,3.4851889599974504,4.13307203735519,4.806611478467921,4.62128015485969,3.01344288788539,1.2513989299854798e-07
baseline_noce,CHN,Emissions|GHG|Industry,MtCO2e/yr,3711.345650309749,3897.496795358496,3893.7579503760776,4101.302249303795,3964.1255388081213,1402.083713826129
baseline_noce,CHN,Emissions|GHG|Residential,MtCO2e/yr,503.996287856474,429.209459330098,350.019291633347,266.498729012419,192.118835256008,74.5099620012505
baseline_noce,CHN,Emissions|GHG|Transportation,MtCO2e/yr,854.5557326711489,1133.1779029260301,1369.5847056134899,1483.11320379728,1430.8594036214702,671.225213530694
baseline_noce,ENE,Emissions|GHG|Agriculture,MtCO2e/yr,7.83833435629182,6.52801210661195,6.39126104552208,5.24216964171773,6.28252089331622,5.74118806852042
baseline_noce,ENE,Emissions|GHG|Commercial,MtCO2e/yr,6.47675451230513,5.70190091815833,6.83092324210506,5.956333108850821,2.07095578051036,0.257201939930942
baseline_noce,ENE,Emissions|GHG|Industry,MtCO2e/yr,82.80338624779469,56.625198001021666,67.34358051157855,79.98272766621798,55.41469737950822,41.5770140568912
baseline_noce,ENE,Emissions|GHG|Residential,MtCO2e/yr,27.319357733880302,27.370631782060798,24.6444413478989,24.7590415557001,14.5374870322677,0.892059587530135
baseline_noce,ENE,Emissions|GHG|Transportation,MtCO2e/yr,54.7798557237965,53.3166798159275,64.0707408710012,73.8009992638773,77.3953615276491,96.4472762951779
baseline_noce,ENW,Emissions|GHG|Agriculture,MtCO2e/yr,4.57604974095724,4.52112919461372,3.0197660331484197,1.01843879153418,0.0765051053709238,0.0487652283869282
baseline_noce,ENW,Emissions|GHG|Commercial,MtCO2e/yr,27.1569331282086,16.219589789092602,7.769350757829881,0.210403975035395,0.163153538651716,2.26271729408888e-09
baseline_noce,ENW,Emissions|GHG|Industry,MtCO2e/yr,66.02928157202906,51.94339062147788,42.752750995783906,31.59856526070832,24.398752995995668,8.84235582797495
baseline_noce,ENW,Emissions|GHG|Residential,MtCO2e/yr,71.7167813781922,56.0367144238188,29.0020311448041,6.44410646702381,2.29918823697067,5.871139398186469e-09
baseline_noce,ENW,Emissions|GHG|Transportation,MtCO2e/yr,153.185753963032,152.621057082255,125.50141546430399,99.9528259697796,69.0157615486694,13.2150936007064
baseline_noce,EUE,Emissions|GHG|Agriculture,MtCO2e/yr,18.039705267071,17.6418259422784,16.8749577530678,10.8894878460895,7.9409617061968,0.753400476579728
baseline_noce,EUE,Emissions|GHG|Commercial,MtCO2e/yr,18.7882900586849,20.2771324036844,15.2154400610232,8.23668408142179,7.173842522250601,7.539123911592929e-10
baseline_noce,EUE,Emissions|GHG|Industry,MtCO2e/yr,126.5861508979373,120.94046880334903,97.96558866707093,82.85656496979601,67.15419323820727,18.536412121910267
baseline_noce,EUE,Emissions|GHG|Residential,MtCO2e/yr,68.00906023465559,65.7202684827213,55.9037797168861,34.249554690452,18.3919115429483,1.51926339221759e-08
baseline_noce,EUE,Emissions|GHG|Transportation,MtCO2e/yr,160.61139774486801,174.14980079020302,164.89243901545902,144.28082145718798,114.807896618923,26.4153996298801
baseline_noce,EUM,Emissions|GHG|Agriculture,MtCO2e/yr,26.0267828426704,25.4983221451091,20.2536600481182,11.4727662780057,6.8745596869208105,0.270186233813261
baseline_noce,EUM,Emissions|GHG|Commercial,MtCO2e/yr,51.1257737075604,36.7234922428527,14.3050230735139,0.20612341622695002,0.224210818237072,1.34022550958083e-09
baseline_noce,EUM,Emissions|GHG|Industry,MtCO2e/yr,184.8067338126737,182.33861715651483,126.21050301948621,97.66373680000636,76.8871097125962,33.998512151065924
baseline_noce,EUM,Emissions|GHG|Residential,MtCO2e/yr,113.292908827462,102.71102456607899,13.3961832068425,34.9734500896015,6.6284051467159495,1.12747783746203e-08
baseline_noce,EUM,Emissions|GHG|Transportation,MtCO2e/yr,367.744050730963,377.008941257925,301.797193478933,238.93051800791102,167.999065391138,31.8180196769537
baseline_noce,EUW,Emissions|GHG|Agriculture,MtCO2e/yr,22.114387363526397,22.0035732598753,22.9748832565001,17.583771671963802,13.6654361561213,0.522285929692389
baseline_noce,EUW,Emissions|GHG|Commercial,MtCO2e/yr,54.593292096058505,49.5405492970248,36.5557155544165,6.38722886060308,8.1548159119376,1.9504398860348e-09
baseline_noce,EUW,Emissions|GHG|Industry,MtCO2e/yr,254.9708130439804,231.2940989663187,198.2160565189877,140.0316116502159,78.85469032532852,19.84630982152018
baseline_noce,EUW,Emissions|GHG|Residential,MtCO2e/yr,145.267121941431,137.148746696805,110.607253553177,82.1344144114678,55.661604213307506,1.44785447589524e-05
baseline_noce,EUW,Emissions|GHG|Transportation,MtCO2e/yr,306.63271389389604,309.993550274533,261.34810340599404,220.463863672445,164.082342997517,30.831731277297102
baseline_noce,IDN,Emissions|GHG|Agriculture,MtCO2e/yr,9.34351115124177,8.73365543800344,10.2226761024565,10.5734763412529,10.6679925306404,4.56053140429314
baseline_noce,IDN,Emissions|GHG|Commercial,MtCO2e/yr,16.8948210579174,16.842768264838902,18.772966375265803,18.5965502033335,13.9127104248909,0.595987165933664
baseline_noce,IDN,Emissions|GHG|Industry,MtCO2e/yr,384.657145741825,437.03491895510103,551.5399494628801,685.8997421484045,791.5039823755766,415.377716898071
baseline_noce,IDN,Emissions|GHG|Residential,MtCO2e/yr,99.15796649590071,87.18284897444491,73.9828304504597,59.581027121745606,43.055620945407796,14.3896793880391
baseline_noce,IDN,Emissions|GHG|Transportation,MtCO2e/yr,146.175949761825,176.836996545059,226.990642801757,263.045117919022,262.136529209609,58.833753089039
baseline_noce,IND,Emissions|GHG|Agriculture,MtCO2e/yr,2.74093914873693,2.81449801129336,1.48623247825851,0.200587907820585,0.00874334584995897,0.00128289570924825
baseline_noce,IND,Emissions|GHG|Commercial,MtCO2e/yr,6.83565720740323,7.91210454772739,7.32016052767169,1.40124132423424,1.31964571887898,0.00149792570626824
baseline_noce,IND,Emissions|GHG|Industry,MtCO2e/yr,1127.129125852417,1354.1391523088444,1610.9660793164971,1562.922363569534,1445.449635638353,1039.557244397678
baseline_noce,IND,Emissions|GHG|Residential,MtCO2e/yr,121.262186503251,120.897902969553,128.412782861347,112.440132139569,108.341389746373,5.28144566934354e-08
baseline_noce,IND,Emissions|GHG|Transportation,MtCO2e/yr,310.20528002600804,408.938288774184,569.9652544586729,680.110601723844,623.749863329935,237.372711203272
baseline_noce,JPN,Emissions|GHG|Agriculture,MtCO2e/yr,13.3819289363764,12.9974360148743,12.4783713601787,8.531868688704309,7.1266718365079695,0.102742655401936
baseline_noce,JPN,Emissions|GHG|Commercial,MtCO2e/yr,56.5715917639255,50.6960343299876,32.552175609681996,11.7307009361207,7.00016533405847,0.033581200199035696
baseline_noce,JPN,Emissions|GHG|Industry,MtCO2e/yr,261.2714536867345,212.3742789100383,172.95925250926118,98.4639408483753,74.5598849095031,19.879395696220943
baseline_noce,JPN,Emissions|GHG|Residential,MtCO2e/yr,54.6760879634901,48.3340075712728,18.8320830146917,8.28870918982238,1.55620099409965,1.48315737082011e-08
baseline_noce,JPN,Emissions|GHG|Transportation,MtCO2e/yr,203.55098163287602,204.19263672126002,195.47772504310302,189.674520740993,118.49148030508299,2.86115333815089
baseline_noce,LAM,Emissions|GHG|Agriculture,MtCO2e/yr,16.222643953833,16.911290518542398,17.1919897685217,13.9835307285041,11.590943361784301,9.16557025618326
baseline_noce,LAM,Emissions|GHG|Commercial,MtCO2e/yr,10.4704498359397,9.809074188938421,10.0867690606619,8.94975978447337,4.951515732155039,1.9617501755965397e-06
baseline_noce,LAM,Emissions|GHG|Industry,MtCO2e/yr,143.86008024516562,144.8093589906533,152.4830516688671,162.51706397698547,141.47227154085738,106.75161437737339
baseline_noce,LAM,Emissions|GHG|Residential,MtCO2e/yr,48.3651135183702,47.5051108936499,46.8425999928322,39.6799560127793,23.7166991852589,1.4050762922282198
baseline_noce,LAM,Emissions|GHG|Transportation,MtCO2e/yr,232.587734421697,255.251284793353,287.786166784885,312.685321035164,279.894373534786,140.594048119922
baseline_noce,MDA,Emissions|GHG|Agriculture,MtCO2e/yr,10.6849613589951,11.002571715214101,10.534572710668701,10.022677383402801,10.065694199740799,0.10632279634264
baseline_noce,MDA,Emissions|GHG|Commercial,MtCO2e/yr,25.1856004593733,25.4023614943984,23.3201661860336,20.074781943105002,10.2534686607833,0.00181451048776888
baseline_noce,MDA,Emissions|GHG|Industry,MtCO2e/yr,119.18565921170024,138.2057748004917,139.07158012343578,133.91960799338543,106.50254147974827,26.59732900724439
baseline_noce,MDA,Emissions|GHG|Residential,MtCO2e/yr,40.4897347708201,41.358489275849095,42.816426210004295,34.4874361201383,19.384737308127203,2.71968829680587e-07
baseline_noce,MDA,Emissions|GHG|Transportation,MtCO2e/yr,127.47752805902999,155.911135641573,175.056275222484,193.203751806258,140.131674140315,28.3241160974484
baseline_noce,MEA,Emissions|GHG|Agriculture,MtCO2e/yr,12.9872463783763,13.987636400447,14.2666533826743,14.485551667289599,13.3552529080641,11.532654938494899
baseline_noce,MEA,Emissions|GHG|Commercial,MtCO2e/yr,33.4124695692359,34.7054474254355,37.824197746184,42.4443631204445,23.5066159292178,1.0899452194235602
baseline_noce,MEA,Emissions|GHG|Industry,MtCO2e/yr,533.6514183999111,571.9153215970332,508.8571553095258,483.26275329502914,433.50527972910015,311.9071340510843
baseline_noce,MEA,Emissions|GHG|Residential,MtCO2e/yr,131.688951192497,138.708381469168,102.902959572508,106.382743370702,65.2489863971507,20.1746684668608
baseline_noce,MEA,Emissions|GHG|Transportation,MtCO2e/yr,394.477537677917,420.590325129663,450.997261081705,479.71386306631405,452.740227161421,179.241141722681
baseline_noce,MEX,Emissions|GHG|Agriculture,MtCO2e/yr,9.698698327346039,10.0246638421981,10.1428915268474,6.73174209015609,6.11864229851259,9.23416604412078
baseline_noce,MEX,Emissions|GHG|Commercial,MtCO2e/yr,4.55974935830546,4.69310548278688,5.16957812118598,2.8043315741974304,2.0466430316342903,0.125045965635771
baseline_noce,MEX,Emissions|GHG|Industry,MtCO2e/yr,81.56547224052294,79.54301735645987,76.03726799841647,62.99044056397454,59.03186350466771,63.694126692579694
baseline_noce,MEX,Emissions|GHG|Residential,MtCO2e/yr,18.4318111791323,15.403685138362,12.3161394909849,9.27648395963617,7.7758603857801,2.24935811990981
baseline_noce,MEX,Emissions|GHG|Transportation,MtCO2e/yr,151.85463206877,155.738602302694,155.733876650085,132.736968394264,87.3259310597807,40.5942169840066
baseline_noce,NIG,Emissions|GHG|Agriculture,MtCO2e/yr,0.0139130623694262,0.0154469026699587,0.0149111373870694,0.019749552307678803,0.013573977614155,0.00303485703523666
baseline_noce,NIG,Emissions|GHG|Commercial,MtCO2e/yr,1.0974055664733702,0.908450200267956,0.733491025024108,0.624301123715476,0.471171394412928,0.03956067497209299
baseline_noce,NIG,Emissions|GHG|Industry,MtCO2e/yr,21.04885317239517,24.8245562238275,27.587174150653098,31.5616600520492,32.2578050258298,24.994667722081665
baseline_noce,NIG,Emissions|GHG|Residential,MtCO2e/yr,8.43671644248084,8.04142105967357,7.03970093469233,6.493666360871219,5.72673070293604,2.0397211992638598
baseline_noce,NIG,Emissions|GHG|Transportation,MtCO2e/yr,59.8681921279301,62.0910760503963,63.4645745470682,70.173392432694,43.0405707548558,8.471138675498771
baseline_noce,RUS,Emissions|GHG|Agriculture,MtCO2e/yr,13.8821135418747,15.211108677599201,16.8540298493534,6.43246637138009,4.23113433095049,4.4108707134223595
baseline_noce,RUS,Emissions|GHG|Commercial,MtCO2e/yr,22.484554219734697,19.4738391685172,11.1675335358053,1.35924866508114,0.60514870704498,1.65419997597865e-07
baseline_noce,RUS,Emissions|GHG|Industry,MtCO2e/yr,455.43301727113027,483.66410135683105,424.9417235394888,173.7698830999546,115.9383519068227,107.358805992606
baseline_noce,RUS,Emissions|GHG|Residential,MtCO2e/yr,204.32900237509702,217.041264692834,216.69442047184498,70.7772039007456,29.0576478187467,9.08375520942328
baseline_noce,RUS,Emissions|GHG|Transportation,MtCO2e/yr,194.73462120811197,212.83432651319097,219.796634620773,193.60355640674,154.208287468111,108.72969847625701
baseline_noce,SKT,Emissions|GHG|Agriculture,MtCO2e/yr,3.8543093964114,3.86279386879525,3.80611025403477,2.41655332300877,1.9465193850424,0.0563062779656879
baseline_noce,SKT,Emissions|GHG|Commercial,MtCO2e/yr,16.212892440670498,15.174043111582499,12.3495342699396,9.783117316220059,2.03524285168734,0.0365392317246893
baseline_noce,SKT,Emissions|GHG|Industry,MtCO2e/yr,137.63596822544937,138.85874789314371,113.7097819116676,72.61729793646725,49.351057071811695,18.68997149411407
baseline_noce,SKT,Emissions|GHG|Residential,MtCO2e/yr,32.6771321164184,30.4458054234456,20.6991002502002,15.3815973699055,11.171205034938898,1.1252873113089699e-08
baseline_noce,SKT,Emissions|GHG|Transportation,MtCO2e/yr,107.895516508521,114.278857232745,115.953584387297,99.7274043037507,57.873280534649204,0.10485956513181
baseline_noce,USA,Emissions|GHG|Agriculture,MtCO2e/yr,41.067105018431,42.106963274145706,38.3497555563257,9.160600985507799,4.30344249899077,0.0412998656628833
baseline_noce,USA,Emissions|GHG|Commercial,MtCO2e/yr,233.396978809232,272.321659521026,185.684389775381,138.97439555047302,80.11607521071289,7.84946300617953e-05
baseline_noce,USA,Emissions|GHG|Industry,MtCO2e/yr,583.9419040536486,597.1262738481665,527.5522192826523,371.909782684452,271.97751394770313,48.7355512635434
baseline_noce,USA,Emissions|GHG|Residential,MtCO2e/yr,330.002607552692,290.137532796794,154.936887294328,109.111651909349,31.576613290298198,0.0
baseline_noce,USA,Emissions|GHG|Transportation,MtCO2e/yr,1778.5740901281001,1892.7734346709801,1454.21994194212,1144.14539447742,705.849878645001,0.11458607098527099
ndc_noce,AFE,Emissions|GHG|Agriculture,MtCO2e/yr,1.89163575515062,1.87442187071566,1.51368514222442,1.19755744157199,1.06677457220379,3.1415532498857
ndc_noce,AFE,Emissions|GHG|Commercial,MtCO2e/yr,3.22027526822579,2.56936911935919,2.0827062930216598,1.66897235927416,1.40573537675994,0.205794767207724
ndc_noce,AFE,Emissions|GHG|Industry,MtCO2e/yr,27.8476159566719,34.3633003758119,41.824764414601404,52.5584029223422,57.6691229422137,68.3160552367674
ndc_noce,AFE,Emissions|GHG|Residential,MtCO2e/yr,30.5433578976475,29.666887076945898,27.252114509417797,24.6766329616936,20.596545186391502,6.51115495720648
ndc_noce,AFE,Emissions|GHG|Transportation,MtCO2e/yr,46.3297115722294,52.324168108452,64.3743634199511,77.3136553434744,90.588415163284,73.34429508121029
ndc_noce,AFN,Emissions|GHG|Agriculture,MtCO2e/yr,6.85339836647053,7.2429440390853,7.50607238710998,8.29033842264637,8.68334051404271,8.26560775474862
ndc_noce,AFN,Emissions|GHG|Commercial,MtCO2e/yr,1.65184599290048,1.59393287057414,1.5052021008471699,1.41814442796121,1.2260142006307302,1.1671087730055
ndc_noce,AFN,Emissions|GHG|Industry,MtCO2e/yr,136.76270824073032,143.53897319148726,159.7192853846525,182.37307343784533,209.0920300687419,285.11037726408404
ndc_noce,AFN,Emissions|GHG|Residential,MtCO2e/yr,55.36902214582901,55.8126212974876,54.6638563929846,47.0076079851262,27.7866207391803,30.6655624932541
ndc_noce,AFN,Emissions|GHG|Transportation,MtCO2e/yr,140.356542513215,157.454225912506,192.10788934864598,236.43120864160198,281.268325705561,403.112232349562
ndc_noce,AFW,Emissions|GHG|Agriculture,MtCO2e/yr,0.974606370790909,1.1227025932171,1.31596341837538,1.4344609135417299,1.66652748229264,1.94451252300099
ndc_noce,AFW,Emissions|GHG|Commercial,MtCO2e/yr,1.6187546919137301,1.41045756403415,1.20853862829146,0.939891332680221,0.71672239787682,0.062439755166402496
ndc_noce,AFW,Emissions|GHG|Industry,MtCO2e/yr,21.96112625670587,27.271523247650798,33.364976797687696,40.4054973132874,49.0209860467067,69.3512463428583
ndc_noce,AFW,Emissions|GHG|Residential,MtCO2e/yr,24.1680492577916,23.728465813659202,22.9647042438984,21.2008836940689,18.6063576290261,9.63637610228572
ndc_noce,AFW,Emissions|GHG|Transportation,MtCO2e/yr,47.1578480433973,52.7478684780729,60.672986850963895,72.0407967421542,85.2330450985841,106.420886626327
ndc_noce,AFZ,Emissions|GHG|Agriculture,MtCO2e/yr,8.14189859100392,8.83716350103075,9.62231158530499,10.2320808746712,10.782352421957102,11.6620954015585
ndc_noce,AFZ,Emissions|GHG|Commercial,MtCO2e/yr,13.8073353189688,11.6050398263964,10.200016593443799,9.46839064270757,8.08562072905222,5.6887247268258
ndc_noce,AFZ,Emissions|GHG|Industry,MtCO2e/yr,69.75959854154652,63.09458101733473,64.33885282405048,82.0824193289288,105.83919227404448,149.9350851891061
ndc_noce,AFZ,Emissions|GHG|Residential,MtCO2e/yr,36.119666820821,31.5429908425885,25.652185871297903,20.2254298129223,15.2312048867252,12.2818016327886
ndc_noce,AFZ,Emissions|GHG|Transportation,MtCO2e/yr,78.1476287998441,81.8102883511395,92.2400760549733,107.41218671191301,122.17465097856399,168.157115402191
ndc_noce,ANZ,Emissions|GHG|Agriculture,MtCO2e/yr,7.81283065767491,8.12511140087936,7.6824417824655,7.5544316324806795,7.55676013935613,7.12248151376313
ndc_noce,ANZ,Emissions|GHG|Commercial,MtCO2e/yr,6.18161426772242,4.37665406602142,1.88536363157635,0.836243657289108,0.5782916310390139,0.14873390341125
ndc_noce,ANZ,Emissions|GHG|Industry,MtCO2e/yr,66.5683411470139,66.10203999875203,47.79611553628784,34.06415068119999,20.183118988589023,1.578809318582817
ndc_noce,ANZ,Emissions|GHG|Residential,MtCO2e/yr,10.34158155822,11.1700549318598,4.3136704102833905,3.4687589834713597,1.24918706969815,0.00457688148588415
ndc_noce,ANZ,Emissions|GHG|Transportation,MtCO2e/yr,116.195772168121,123.301134835272,117.115570076135,114.136447621663,109.446869088637,76.42381001528899
ndc_noce,ASC,Emissions|GHG|Agriculture,MtCO2e/yr,3.24340978291233,3.60612344836904,3.4976964510675104,3.64379762569154,3.6506429941936,4.4380068930359
ndc_noce,ASC,Emissions|GHG|Commercial,MtCO2e/yr,30.594908812198998,28.009450938226202,25.8119638854025,24.1363048157041,17.484832850658,10.130320662408499
ndc_noce,ASC,Emissions|GHG|Industry,MtCO2e/yr,72.04055148944084,79.08528167755792,96.69374769255866,116.11237995855278,131.72527932952823,174.7024697744992
ndc_noce,ASC,Emissions|GHG|Residential,MtCO2e/yr,71.2847616046772,68.5583378691438,68.4416064759182,73.3679246098456,57.3501526225295,37.0245283395898
ndc_noce,ASC,Emissions|GHG|Transportation,MtCO2e/yr,63.323815051955,73.6847167486269,82.9546949895719,91.2897206590999,101.452716920504,121.190738785783
ndc_noce,ASE,Emissions|GHG|Agriculture,MtCO2e/yr,18.5299399315041,18.93105768775,18.8329558617115,14.4433065679113,12.254108263145001,17.053590460657897
ndc_noce,ASE,Emissions|GHG|Commercial,MtCO2e/yr,6.64946325455165,6.71470889817423,6.98129260672579,6.81775989404503,7.15335418432765,5.85432223316893
ndc_noce,ASE,Emissions|GHG|Industry,MtCO2e/yr,237.08192786468692,265.88045586559076,285.7277185629885,273.65293364084164,301.7571390213339,311.7854317666613
ndc_noce,ASE,Emissions|GHG|Residential,MtCO2e/yr,24.4393173736563,23.2430724377692,22.8585489649066,21.2980309525317,21.550676629193198,15.712394018274
ndc_noce,ASE,Emissions|GHG|Transportation,MtCO2e/yr,177.123029726297,188.415700309339,206.055147691398,215.098595672714,232.72064630748898,200.18665836774102
ndc_noce,ASO,Emissions|GHG|Agriculture,MtCO2e/yr,4.174550182418661,4.42608919143364,4.79324177051842,5.0248514757875204,5.22651427192746,4.66783750047533
ndc_noce,ASO,Emissions|GHG|Commercial,MtCO2e/yr,2.69677438099333,2.8811714315222896,3.26343156792008,3.79853844319446,4.20788193957412,5.62370276277262
ndc_noce,ASO,Emissions|GHG|Industry,MtCO2e/yr,129.8574687375887,133.2177062488991,173.4842271421716,202.26521137522712,183.6798603755093,272.6940184242945
ndc_noce,ASO,Emissions|GHG|Residential,MtCO2e/yr,45.158167959676,50.0928644596692,59.7087175948073,54.5062082360877,21.2435335817099,15.5191180788253
ndc_noce,ASO,Emissions|GHG|Transportation,MtCO2e/yr,79.5076613030438,91.33299275300891,110.124505600551,132.285257208965,159.598258963974,188.671051015318
ndc_noce,BRA,Emissions|GHG|Agriculture,MtCO2e/yr,21.8926737672435,18.5371339103855,14.1371899458146,4.69383943330752,1.6904637562559302,1.55514187697533
ndc_noce,BRA,Emissions|GHG|Commercial,MtCO2e/yr,0.531905792648947,0.373251458441063,0.31026421555135403,0.23623690773856798,0.189085855689228,0.026768580047305503
ndc_noce,BRA,Emissions|GHG|Industry,MtCO2e/yr,141.3906758866613,136.3659520347708,141.14845392619182,130.5995766514404,81.4379699329176,40.14029760667561
ndc_noce,BRA,Emissions|GHG|Residential,MtCO2e/yr,21.862783690894002,16.823294234563697,15.9135045098069,11.6749827334339,6.95508638479252,0.009623239401824281
ndc_noce,BRA,Emissions|GHG|Transportation,MtCO2e/yr,215.604005311313,228.200441520863,229.188727415467,184.02114008686,118.859092138084,80.2539839392043
ndc_noce,CAN,Emissions|GHG|Agriculture,MtCO2e/yr,18.4093714626405,19.1073157150619,18.4928718029939,12.6413392123887,16.5020089661816,14.9834210711054
ndc_noce,CAN,Emissions|GHG|Commercial,MtCO2e/yr,37.6107126389646,32.5622343790887,24.009123942251698,18.045384099252,13.495014861226501,4.20848574195107
ndc_noce,CAN,Emissions|GHG|Industry,MtCO2e/yr,96.8330364846134,94.83425999610066,75.63335688584452,76.03105210630044,85.57294720722307,80.75928670076253
ndc_noce,CAN,Emissions|GHG|Residential,MtCO2e/yr,41.130331743986,46.0551554720185,29.8548729121915,29.376962376123902,23.6421678511691,11.2256945251507
ndc_noce,CAN,Emissions|GHG|Transportation,MtCO2e/yr,179.821346284279,171.963209045976,136.66970089769,109.68580303902199,99.4369484326774,103.746960416289
ndc_noce,CHL,Emissions|GHG|Agriculture,MtCO2e/yr,1.41234666661025,1.38481557338999,1.3827024891991901,1.19666412437054,0.933598148020116,0.636171728308718
ndc_noce,CHL,Emissions|GHG|Commercial,MtCO2e/yr,2.31853337460401,1.98767236501704,1.7118504375018,1.3209810892914,0.842837452308033,0.141329669496884
ndc_noce,CHL,Emissions|GHG|Industry,MtCO2e/yr,18.75577010415432,17.29835836020129,24.234354949167773,23.811670259251223,24.97169210973115,20.92418873597703
ndc_noce,CHL,Emissions|GHG|Residential,MtCO2e/yr,4.91112296980131,4.264288211990269,3.8001974165782597,3.4297190944189,3.19912470468956,0.360561758183018
ndc_noce,CHL,Emissions|GHG|Transportation,MtCO2e/yr,28.778905346020203,29.6895618499293,29.7274754161097,30.8580270801986,29.6968450930814,31.972659117818598
ndc_noce,CHN,Emissions|GHG|Agriculture,MtCO2e/yr,110.75730906431001,97.9346740523871,102.972967524807,84.3250401766834,93.2698511455136,85.41536594791819
ndc_noce,CHN,Emissions|GHG|Commercial,MtCO2e/yr,3.4851889599974504,4.13307203735519,4.8066815519305,5.25634503475253,5.49431884260119,3.77807673405541
ndc_noce,CHN,Emissions|GHG|Industry,MtCO2e/yr,3711.345650309749,3897.496795358496,3889.641808154745,4253.464785158431,4624.357773682225,5296.807341833411
ndc_noce,CHN,Emissions|GHG|Residential,MtCO2e/yr,503.996287856474,429.209459330098,340.018892165493,305.288478644314,233.728109215426,166.105793175825
ndc_noce,CHN,Emissions|GHG|Transportation,MtCO2e/yr,854.5557326711489,1133.1779029260301,1367.62368228366,1485.5829944685,1590.56619730185,1957.9653409034802
ndc_noce,ENE,Emissions|GHG|Agriculture,MtCO2e/yr,7.83833435629182,6.52801210661195,6.42132290784843,5.59976116599551,4.71599861645534,3.6533183100585602
ndc_noce,ENE,Emissions|GHG|Commercial,MtCO2e/yr,6.47675451230513,5.70190091815833,6.44989289119038,7.45604398659494,7.3869211910899,2.82318127829314
ndc_noce,ENE,Emissions|GHG|Industry,MtCO2e/yr,82.80338624779469,56.625198001021666,68.01666408776559,87.34447208594752,101.2031721155158,138.0659041794051
ndc_noce,ENE,Emissions|GHG|Residential,MtCO2e/yr,27.319357733880302,27.370631782060798,23.4034132226916,25.7840362546575,17.524222642461798,4.607107676169551
ndc_noce,ENE,Emissions|GHG|Transportation,MtCO2e/yr,54.7798557237965,53.3166798159275,64.0963888531097,73.48564944837611,79.28078020543609,96.3836018371105
ndc_noce,ENW,Emissions|GHG|Agriculture,MtCO2e/yr,4.57604974095724,4.52112919461372,3.77698863982632,1.01867499581577,0.426529564433249,0.08047896945137341
ndc_noce,ENW,Emissions|GHG|Commercial,MtCO2e/yr,27.1569331282086,16.219589789092602,7.76989059390589,6.407416251358519,3.67092284385789,0.00413086887288701
ndc_noce,ENW,Emissions|GHG|Industry,MtCO2e/yr,66.02928157202906,51.94339062147788,43.465115148151156,34.04646680364971,26.071566569840193,11.262212716111021
ndc_noce,ENW,Emissions|GHG|Residential,MtCO2e/yr,71.7167813781922,56.0367144238188,29.542071584157597,22.135029560998998,14.4833410344153,0.000163104280590127
ndc_noce,ENW,Emissions|GHG|Transportation,MtCO2e/yr,153.185753963032,152.621057082255,125.458365042586,102.542360160674,86.305357356765,72.0839544803068
ndc_noce,EUE,Emissions|GHG|Agriculture,MtCO2e/yr,18.039705267071,17.6418259422784,16.8753885897365,11.5484168413112,9.59330930408599,5.14514895502539
ndc_noce,EUE,Emissions|GHG|Commercial,MtCO2e/yr,18.7882900586849,20.2771324036844,13.263128161123301,12.3143539245787,7.17374214780079,0.0898002698736299
ndc_noce,EUE,Emissions|GHG|Industry,MtCO2e/yr,126.5861508979373,120.94046880334903,93.4335290339349,87.97283590449038,77.25819161834889,58.510488099929475
ndc_noce,EUE,Emissions|GHG|Residential,MtCO2e/yr,68.00906023465559,65.7202684827213,53.274541657136304,37.853788900277806,24.478918621478197,2.4382832579687
ndc_noce,EUE,Emissions|GHG|Transportation,MtCO2e/yr,160.61139774486801,174.14980079020302,164.651149990178,144.100760843186,126.759093689409,109.62923351252401
ndc_noce,EUM,Emissions|GHG|Agriculture,MtCO2e/yr,26.0267828426704,25.4983221451091,20.253690369709798,11.4728935126455,6.874753726301741,0.275247564807701
ndc_noce,EUM,Emissions|GHG|Commercial,MtCO2e/yr,51.1257737075604,36.7234922428527,14.3752564911246,9.03313070497735,7.52594586709509,1.2350555279062101e-05
ndc_noce,EUM,Emissions|GHG|Industry,MtCO2e/yr,184.8067338126737,182.33861715651483,127.05747668726947,98.53238972293043,79.32745507286225,38.2788313086885
ndc_noce,EUM,Emissions|GHG|Residential,MtCO2e/yr,113.292908827462,102.71102456607899,36.0778799293858,5.40297939281308,23.131340907512,0.0016467271070985201
ndc_noce,EUM,Emissions|GHG|Transportation,MtCO2e/yr,367.744050730963,377.008941257925,301.833418474423,241.175635404206,201.636725952237,151.669798233935
ndc_noce,EUW,Emissions|GHG|Agriculture,MtCO2e/yr,22.114387363526397,22.0035732598753,23.001350558266097,22.935039793926,24.0551878631842,21.146438381586798
ndc_noce,EUW,Emissions|GHG|Commercial,MtCO2e/yr,54.593292096058505,49.5405492970248,36.5217690697796,31.364091319036202,22.619108927738402,6.38041310201812
ndc_noce,EUW,Emissions|GHG|Industry,MtCO2e/yr,254.9708130439804,231.2940989663187,198.15589808237752,164.78683085691787,133.57187483660243,113.7272724379691
ndc_noce,EUW,Emissions|GHG|Residential,MtCO2e/yr,145.267121941431,137.148746696805,109.81205512772999,83.5893977775259,58.6023309939377,12.0789195110937
ndc_noce,EUW,Emissions|GHG|Transportation,MtCO2e/yr,306.63271389389604,309.993550274533,260.23430119073004,207.04222733935399,175.347983217404,172.012052404573
ndc_noce,IDN,Emissions|GHG|Agriculture,MtCO2e/yr,9.34351115124177,8.73365543800344,10.2224457415964,10.5730314296719,10.855397243289001,11.2251160509001
ndc_noce,IDN,Emissions|GHG|Commercial,MtCO2e/yr,16.8948210579174,16.842768264838902,18.7729775189153,17.111759803303002,13.6803040127477,18.9706327530495
ndc_noce,IDN,Emissions|GHG|Industry,MtCO2e/yr,384.657145741825,437.03491895510103,555.1113519414923,692.6163716022452,839.5340423074819,1155.4009678675682
ndc_noce,IDN,Emissions|GHG|Residential,MtCO2e/yr,99.15796649590071,87.18284897444491,73.98283706969521,59.5819043153312,44.0384896956082,49.1933612707316
ndc_noce,IDN,Emissions|GHG|Transportation,MtCO2e/yr,146.175949761825,176.836996545059,226.996326735492,267.64605141826803,307.503686862811,400.016858904935
ndc_noce,IND,Emissions|GHG|Agriculture,MtCO2e/yr,2.74093914873693,2.81449801129336,1.47185615783548,0.188120336493975,0.192523414001357,0.0351482702689325
ndc_noce,IND,Emissions|GHG|Commercial,MtCO2e/yr,6.83565720740323,7.91210454772739,6.46406277201909,0.929474925841431,0.375104747288804,0.023528602322302
ndc_noce,IND,Emissions|GHG|Industry,MtCO2e/yr,1127.129125852417,1354.1391523088444,1452.1314342173328,1405.5834483845908,1273.8885352914065,950.658631046226
ndc_noce,IND,Emissions|GHG|Residential,MtCO2e/yr,121.262186503251,120.897902969553,123.352026328084,105.048119784827,101.74012571280299,23.1658948293082
ndc_noce,IND,Emissions|GHG|Transportation,MtCO2e/yr,310.20528002600804,408.938288774184,569.4560376354431,627.0845736338159,605.041163367538,263.55742026062296
ndc_noce,JPN,Emissions|GHG|Agriculture,MtCO2e/yr,13.3819289363764,12.9974360148743,12.4776050951414,8.5319826230439,7.12817539096773,3.72995061656091
ndc_noce,JPN,Emissions|GHG|Commercial,MtCO2e/yr,56.5715917639255,50.6960343299876,32.552184715858,17.1753619709871,10.154181868983,0.00532880683354686
ndc_noce,JPN,Emissions|GHG|Industry,MtCO2e/yr,261.2714536867345,212.3742789100383,173.5836247173654,101.19136680918795,81.46503139474532,38.8604931662828
ndc_noce,JPN,Emissions|GHG|Residential,MtCO2e/yr,54.6760879634901,48.3340075712728,18.630238671839898,10.5241276161543,2.3387390844691,1.9304952329418499
ndc_noce,JPN,Emissions|GHG|Transportation,MtCO2e/yr,203.55098163287602,204.19263672126002,196.622813546805,194.84451513184302,187.445908114621,150.396777260187
ndc_noce,LAM,Emissions|GHG|Agriculture,MtCO2e/yr,16.222643953833,16.911290518542398,17.1922088358195,18.3735399454587,18.797523622519797,19.4750672772617
ndc_noce,LAM,Emissions|GHG|Commercial,MtCO2e/yr,10.4704498359397,9.809074188938421,8.75298566597792,9.806960597873031,10.1436282964823,14.1486652610762
ndc_noce,LAM,Emissions|GHG|Industry,MtCO2e/yr,143.86008024516562,144.8093589906533,156.49737558601697,175.65820089557008,184.2541890574495,210.9583979842657
ndc_noce,LAM,Emissions|GHG|Residential,MtCO2e/yr,48.3651135183702,47.5051108936499,46.8425241437845,40.4142309021018,30.7905204908101,24.5550624382889
ndc_noce,LAM,Emissions|GHG|Transportation,MtCO2e/yr,232.587734421697,255.251284793353,290.324862112406,323.40705038623804,371.547713941467,452.48154403524995
ndc_noce,MDA,Emissions|GHG|Agriculture,MtCO2e/yr,10.6849613589951,11.002571715214101,10.5346219164549,10.7154106186062,10.645631712392,10.0853924999412
ndc_noce,MDA,Emissions|GHG|Commercial,MtCO2e/yr,25.1856004593733,25.4023614943984,23.3202704713472,21.083481694225497,18.8020416340804,22.1312964998219
ndc_noce,MDA,Emissions|GHG|Industry,MtCO2e/yr,119.18565921170024,138.2057748004917,145.89145306572271,172.62604196270723,204.73179844785554,249.08872017044638
ndc_noce,MDA,Emissions|GHG|Residential,MtCO2e/yr,40.4897347708201,41.358489275849095,35.3024214557595,32.5422973948163,21.4772618047738,15.212289845654999
ndc_noce,MDA,Emissions|GHG|Transportation,MtCO2e/yr,127.47752805902999,155.911135641573,173.27070952161898,190.604917354798,204.450963067981,224.357918215985
ndc_noce,MEA,Emissions|GHG|Agriculture,MtCO2e/yr,12.9872463783763,13.987636400447,14.2668360264733,15.6218892736896,16.2403529309684,17.2200067325638
ndc_noce,MEA,Emissions|GHG|Commercial,MtCO2e/yr,33.4124695692359,34.7054474254355,37.885376877768,42.506341544902,48.8223951345971,58.811222369161
ndc_noce,MEA,Emissions|GHG|Industry,MtCO2e/yr,533.6514183999111,571.9153215970332,558.8199309934947,645.0900394661667,746.9953462340546,868.814761654723
ndc_noce,MEA,Emissions|GHG|Residential,MtCO2e/yr,131.688951192497,138.708381469168,103.691569311594,106.902185948275,70.5267172940067,54.7460371484706
ndc_noce,MEA,Emissions|GHG|Transportation,MtCO2e/yr,394.477537677917,420.590325129663,452.087930119997,511.004108113077,591.567038172455,715.6788361758651
ndc_noce,MEX,Emissions|GHG|Agriculture,MtCO2e/yr,9.698698327346039,10.0246638421981,10.1430046209893,6.29324241017232,6.11917058613767,0.112272967503147
ndc_noce,MEX,Emissions|GHG|Commercial,MtCO2e/yr,4.55974935830546,4.69310548278688,5.0013374506520805,2.81098039486701,2.0466175016193,0.00024457913465891903
ndc_noce,MEX,Emissions|GHG|Industry,MtCO2e/yr,81.56547224052294,79.54301735645987,76.15280115023168,62.926276734545766,58.8081708970061,33.596467069172654
ndc_noce,MEX,Emissions|GHG|Residential,MtCO2e/yr,18.4318111791323,15.403685138362,12.3160648495617,9.05546729535725,7.98081908324243,0.000113410476335202
ndc_noce,MEX,Emissions|GHG|Transportation,MtCO2e/yr,151.85463206877,155.738602302694,155.682784684293,148.00483205349698,89.975965214807,19.280362590696498
ndc_noce,NIG,Emissions|GHG|Agriculture,MtCO2e/yr,0.0139130623694262,0.0154469026699587,0.014978800404948901,0.0191757550260016,0.0218110497473531,0.0233101183175284
ndc_noce,NIG,Emissions|GHG|Commercial,MtCO2e/yr,1.0974055664733702,0.908450200267956,0.733490646891611,0.624296877383916,0.47116730313387095,0.039610817457824604
ndc_noce,NIG,Emissions|GHG|Industry,MtCO2e/yr,21.04885317239517,24.8245562238275,27.753499336755798,33.4800400285171,40.8339655065723,53.9767442399618
ndc_noce,NIG,Emissions|GHG|Residential,MtCO2e/yr,8.43671644248084,8.04142105967357,7.03970248949681,6.49340952235387,5.695205011787389,3.62764730201441
ndc_noce,NIG,Emissions|GHG|Transportation,MtCO2e/yr,59.8681921279301,62.0910760503963,63.4615630986113,71.6159892701951,77.7926480804789,42.199800645779895
ndc_noce,RUS,Emissions|GHG|Agriculture,MtCO2e/yr,13.8821135418747,15.211108677599201,16.0830472407572,13.057680094897199,12.6176907425958,0.160071161215523
ndc_noce,RUS,Emissions|GHG|Commercial,MtCO2e/yr,22.484554219734697,19.4738391685172,11.1675378627507,4.14579417992411,1.69629064010145,8.671467352464961e-06
ndc_noce,RUS,Emissions|GHG|Industry,MtCO2e/yr,455.43301727113027,483.66410135683105,372.0443022874516,193.0585307827466,141.5340943467824,36.4894402028634
ndc_noce,RUS,Emissions|GHG|Residential,MtCO2e/yr,204.32900237509702,217.041264692834,194.543587676639,148.322261492255,62.2159107579724,5.65496243749228e-05
ndc_noce,RUS,Emissions|GHG|Transportation,MtCO2e/yr,194.73462120811197,212.83432651319097,219.12006151631698,216.44171662648,162.72168166388602,43.5798429599879
ndc_noce,SKT,Emissions|GHG|Agriculture,MtCO2e/yr,3.8543093964114,3.86279386879525,3.81369363159966,2.53820550574467,1.8645794675551899,1.1147261659892098
ndc_noce,SKT,Emissions|GHG|Commercial,MtCO2e/yr,16.212892440670498,15.174043111582499,12.4840188803155,10.533910476491599,7.08676150496955,0.15097585111394402
ndc_noce,SKT,Emissions|GHG|Industry,MtCO2e/yr,137.63596822544937,138.85874789314371,111.0396142515681,89.45302979165062,65.72716157136337,56.237945553001396
ndc_noce,SKT,Emissions|GHG|Residential,MtCO2e/yr,32.6771321164184,30.4458054234456,24.4265421824624,18.897138302874797,12.3429319025585,4.44646562079437
ndc_noce,SKT,Emissions|GHG|Transportation,MtCO2e/yr,107.895516508521,114.278857232745,110.92709515561499,99.7980943962381,75.9868267675175,50.6284156554744
ndc_noce,USA,Emissions|GHG|Agriculture,MtCO2e/yr,41.067105018431,42.106963274145706,38.349771147969896,11.0831647824531,2.35902137201105,0.041313463854619994
ndc_noce,USA,Emissions|GHG|Commercial,MtCO2e/yr,233.396978809232,272.321659521026,185.288805728168,11.3622392262825,2.90416807166969,8.760184814422139e-05
ndc_noce,USA,Emissions|GHG|Industry,MtCO2e/yr,583.9419040536486,597.1262738481665,518.0378938347211,357.6966619126364,252.29935439507176,48.7356294801533
ndc_noce,USA,Emissions|GHG|Residential,MtCO2e/yr,330.002607552692,290.137532796794,149.810536883502,26.9110624188625,9.35038931530204,1.84931574957532e-05
ndc_noce,USA,Emissions|GHG|Transportation,MtCO2e/yr,1778.5740901281001,1892.7734346709801,1437.0472873978201,952.938242076325,452.84459359524396,6.12707105082958
baseline_noce,AFE,Final Energy|Industry|Non-Metallic Minerals|Cement|Electricity,EJ/yr,0.0107926899200012,0.014369019910957901,0.022329986978641202,0.0274648726228314,0.0338800630574089,0.047081910232539
baseline_noce,AFE,Final Energy|Industry|Non-Metallic Minerals|Cement|Gases,EJ/yr,0.00302885105316638,0.00368370768188669,0.00525382239892141,0.0062484178150482,0.0075198788485491205,0.0101666266272004
baseline_noce,AFE,Final Energy|Industry|Non-Metallic Minerals|Cement|Gases|Gas,EJ/yr,0.00302885105316638,0.00368370768188669,0.00525382239892141,0.0062484178150482,0.0075198788485491205,0.0101666266272004
baseline_noce,AFE,Final Energy|Industry|Non-Metallic Minerals|Cement|Liquids,EJ/yr,0.027390108041113203,0.025144402575756,0.0240181514408646,0.022451941248378803,0.0214394622550303,0.0203332378304649
baseline_noce,AFE,Final Energy|Industry|Non-Metallic Minerals|Cement|Liquids|Oil,EJ/yr,0.027390108041113203,0.025144402575756,0.0240181514408646,0.022451941248378803,0.0214394622550303,0.0203332378304649
baseline_noce,AFE,Final Energy|Industry|Non-Metallic Minerals|Cement|Solids,EJ/yr,0.046936999970169,0.0565090270042908,0.07975988073568349,0.0944281060399223,0.11324931528736,0.152499276016519
baseline_noce,AFE,Final Energy|Industry|Non-Metallic Minerals|Cement|Solids|Coal,EJ/yr,0.046936999970169,0.051329178542346296,0.06528212772533411,0.07845094582120779,0.0846732524575487,0.120861568296426
baseline_noce,AFE,Final Energy|Industry|Iron and Steel|Electricity,EJ/yr,0.000115640241169888,0.00915003232106088,0.011841212656538501,0.0134990309852097,0.0153976605123192,0.0200485842877022
baseline_noce,AFE,Final Energy|Industry|Iron and Steel|Gases,EJ/yr,8.27582688555651e-05,0.006919654721863021,0.00685346166834478,3.15323745356344e-11,3.976563556257e-11,3.48199793187302e-10
baseline_noce,AFE,Final Energy|Industry|Iron and Steel|Gases|Gas,EJ/yr,8.27582688555651e-05,0.006919654721863021,0.00685346166834478,3.15323745356344e-11,3.976563556257e-11,3.48199793187302e-10
baseline_noce,AFE,Final Energy|Industry|Iron and Steel|Hydrogen,EJ/yr,,,3.96480715123925e-05,0.000103501671642604,0.000206338531096019,0.000206338470432782
baseline_noce,AFE,Final Energy|Industry|Iron and Steel|Solids,EJ/yr,,0.0241844849764778,0.027283920226982398,0.0225482938834256,0.010831796621323999,3.5133404860694103e-09
baseline_noce,AFE,Final Energy|Industry|Iron and Steel|Solids|Coal,EJ/yr,,0.0241844802406905,0.0272839201721414,0.022548293801675,0.010831796518227901,3.2982455691514903e-09
baseline_noce,AFN,Final Energy|Industry|Non-Ferrous Metals|Aluminum|Electricity,EJ/yr,0.0174656278011104,0.0228319168255444,0.015772625521886,0.0221072629126243,0.027427442106811,0.0474186989390784
baseline_noce,AFN,Final Energy|Industry|Non-Ferrous Metals|Aluminum|Gases,EJ/yr,0.0058908539609516496,0.00845024172301874,0.0054184549308459,0.00646113158058192,0.00553220281716314,0.00286056094801694
baseline_noce,AFN,Final Energy|Industry|Non-Ferrous Metals|Aluminum|Gases|Gas,EJ/yr,0.0058908539609516496,0.00845024172301874,0.0054184549308459,0.00646113158058192,0.00553220281716314,0.00286056094801694
baseline_noce,AFN,Final Energy|Industry|Non-Ferrous Metals|Aluminum|Hydrogen,EJ/yr,,,,6.23148989606895e-11,0.000680000035692888,0.0024437447245864
baseline_noce,AFN,Final Energy|Industry|Non-Metallic Minerals|Cement|Electricity,EJ/yr,0.03807751928931279,0.0427796305348322,0.0504204468278203,0.0575210255980751,0.06485278199595279,0.0787434764471567
baseline_noce,AFN,Final Energy|Industry|Non-Metallic Minerals|Cement|Gases,EJ/yr,0.0647966496079232,0.0709306762735428,0.08769062690795419,0.104555780970428,0.1218965440345,0.155248693039187
baseline_noce,AFN,Final Energy|Industry|Non-Metallic Minerals|Cement|Gases|Gas,EJ/yr,0.0647966496079232,0.0709306762735428,0.08769062690795419,0.104555780970428,0.1218965440345,0.155248693039187
baseline_noce,AFN,Final Energy|Industry|Non-Metallic Minerals|Cement|Liquids,EJ/yr,0.099942466435652,0.087831416046312,0.07417058378906011,0.0630464251928454,0.0520173884216668,0.032450487759461605
baseline_noce,AFN,Final Energy|Industry|Non-Metallic Minerals|Cement|Liquids|Oil,EJ/yr,0.099942466435652,0.087831416046312,0.07417058378906011,0.0630464251928454,0.0520173884216668,0.032450487759461605
baseline_noce,AFN,Final Energy|Industry|Non-Metallic Minerals|Cement|Solids,EJ/yr,0.10726622551693199,0.108823292771352,0.108272034384609,0.106993087667859,0.105999506502358,0.104355209021164
baseline_noce,AFN,Final Energy|Industry|Non-Metallic Minerals|Cement|Solids|Coal,EJ/yr,0.10115999998021,0.10146174949280799,0.09896790579021039,0.0959402037179763,0.09315030624263601,0.0881299575968053
baseline_noce,AFN,Final Energy|Industry|Iron and Steel|Electricity,EJ/yr,0.00797863387633284,0.0150390968377855,0.019142456494281302,0.025998790947629198,0.0335558698223824,0.0551303603971638
baseline_noce,AFN,Final Energy|Industry|Iron and Steel|Gases,EJ/yr,0.040447805863886,0.0558505031910575,0.0461430962217567,0.0406675930441009,0.0063048225182715896,0.00630482251328226
baseline_noce,AFN,Final Energy|Industry|Iron and Steel|Gases|Gas,EJ/yr,0.040447805863886,0.0558505031910575,0.0461430962217567,0.0406675930441009,0.0063048225182715896,0.00630482251328226
baseline_noce,AFN,Final Energy|Industry|Iron and Steel|Hydrogen,EJ/yr,,,,4.4902273999208e-10,5.57509478804601e-10,5.565212839075641e-10
baseline_noce,AFN,Final Energy|Industry|Iron and Steel|Liquids,EJ/yr,0.00205230773348962,0.00164183843993994,0.00114929225075707,1.64634204914496e-10,,
baseline_noce,AFN,Final Energy|Industry|Iron and Steel|Liquids|Oil,EJ/yr,0.00205230773348962,0.00164183843993994,0.00114929225075707,1.64634204914496e-10,,
baseline_noce,AFN,Final Energy|Industry|Iron and Steel|Solids,EJ/yr,0.0200033096533126,0.0160039047246296,0.0112031828335875,6.49087075586065e-08,6.14931064810022e-10,1.78620301756598e-10
baseline_noce,AFN,Final Energy|Industry|Iron and Steel|Solids|Coal,EJ/yr,0.0200033096533126,0.0160038973230851,0.011203182555353299,6.472533230120311e-08,5.647266711723699e-10,1.78620301756598e-10
baseline_noce,AFW,Final Energy|Industry|Non-Ferrous Metals|Aluminum|Electricity,EJ/yr,0.00606573369885019,0.00708392377560527,0.005621095444369079,0.00492632392089855,0.00195638447545846,0.00346353481678439
baseline_noce,AFW,Final Energy|Industry|Non-Ferrous Metals|Aluminum|Gases,EJ/yr,0.000884067582760693,0.00162564241769567,0.0014861185104866701,0.00169885282072711,0.0010819121269867,0.00180042766415291
baseline_noce,AFW,Final Energy|Industry|Non-Ferrous Metals|Aluminum|Gases|Gas,EJ/yr,0.000884067582760693,0.00162564241769567,0.0014861185104866701,0.00169885282072711,0.0010819121269867,0.00180042766415291
baseline_noce,AFW,Final Energy|Industry|Non-Ferrous Metals|Aluminum|Hydrogen,EJ/yr,,,,5.4766749745048905e-11,6.09655888052273e-11,0.000244000171442914
baseline_noce,AFW,Final Energy|Industry|Non-Ferrous Metals|Aluminum|Liquids,EJ/yr,0.000180978807280821,0.000150815570515566,0.00011461991109428001,8.44567781371703e-05,5.4293629664420203e-05,
baseline_noce,AFW,Final Energy|Industry|Non-Ferrous Metals|Aluminum|Liquids|Oil,EJ/yr,0.000180978807280821,0.000150815570515566,0.00011461991109428001,8.44567781371703e-05,5.4293629664420203e-05,
baseline_noce,AFW,Final Energy|Industry|Non-Ferrous Metals|Aluminum|Solids,EJ/yr,0.00137866068265798,0.00114888312353508,0.00087315176428497,0.000643374995951941,0.000413598109423842,
baseline_noce,AFW,Final Energy|Industry|Non-Ferrous Metals|Aluminum|Solids|Coal,EJ/yr,0.00137866068265798,0.00114888312353508,0.00087315176428497,0.000643374995951941,0.000413598109423842,
baseline_noce,AFW,Final Energy|Industry|Non-Metallic Minerals|Cement|Electricity,EJ/yr,0.014212516189132399,0.0190944239800382,0.0235282128771635,0.0277853400126221,0.033061340348518896,0.042735002038503604
baseline_noce,AFW,Final Energy|Industry|Non-Metallic Minerals|Cement|Gases,EJ/yr,,0.006397261057175099,0.0114411973001797,0.0149249592206309,0.0283150929059556,0.0561134175767188
baseline_noce,AFW,Final Energy|Industry|Non-Metallic Minerals|Cement|Gases|Gas,EJ/yr,,0.006397261057175099,0.0114411973001797,0.0149249592206309,0.0283150929059556,0.0561134175767188
baseline_noce,AFW,Final Energy|Industry|Non-Metallic Minerals|Cement|Liquids,EJ/yr,0.0355675567003384,0.0324350666091146,0.0281268817831889,0.0247535163235085,0.0217729701625997,0.016476174663506503
baseline_noce,AFW,Final Energy|Industry|Non-Metallic Minerals|Cement|Liquids|Oil,EJ/yr,0.0355675567003384,0.0324350666091146,0.0281268817831889,0.0247535163235085,0.0217729701625997,0.016476174663506503
baseline_noce,AFW,Final Energy|Industry|Non-Metallic Minerals|Cement|Solids,EJ/yr,0.0187297089886658,0.031574352310508896,0.0452270520506685,0.05905815732526851,0.0661254451291763,0.07569597973133359
baseline_noce,AFW,Final Energy|Industry|Non-Metallic Minerals|Cement|Solids|Coal,EJ/yr,0.0175593392511212,0.029201291386718602,0.041685402625184206,0.0544342891467784,0.0602229483798465,0.0674578621314208
baseline_noce,AFW,Final Energy|Industry|Iron and Steel|Electricity,EJ/yr,0.00012720424827433198,0.00011957415100391799,0.000140179083921239,0.000183682844471887,0.000235438934336658,0.000405126676213547
baseline_noce,AFW,Final Energy|Industry|Iron and Steel|Gases,EJ/yr,9.10340793813484e-05,2.02993054882644e-08,6.67728201656052e-09,3.2798351815705e-05,2.59033945221936e-08,
baseline_noce,AFW,Final Energy|Industry|Iron and Steel|Gases|Gas,EJ/yr,9.10340793813484e-05,2.02993054882644e-08,6.67728201656052e-09,3.2798351815705e-05,2.59033945221936e-08,
baseline_noce,AFW,Final Energy|Industry|Iron and Steel|Hydrogen,EJ/yr,,,,1.03309154454317e-09,1.1653621449861798e-09,1.14494328309058e-09
baseline_noce,AFW,Final Energy|Industry|Iron and Steel|Solids,EJ/yr,,7.18038496504327e-09,2.22790132834286e-10,2.82138515681824e-08,2.75591907131305e-08,
baseline_noce,AFW,Final Energy|Industry|Iron and Steel|Solids|Coal,EJ/yr,,7.18038496504327e-09,2.22790132834286e-10,2.82138515681824e-08,2.75591907131305e-08,
baseline_noce,AFZ,Final Energy|Industry|Non-Ferrous Metals|Aluminum|Electricity,EJ/yr,0.0694004940874766,0.08116847084910139,0.0659758564547475,0.065664444191406,0.07649508591891249,0.120036007936757
baseline_noce,AFZ,Final Energy|Industry|Non-Ferrous Metals|Aluminum|Gases,EJ/yr,0.00993718000773058,0.018332550510261298,0.0170869798790217,0.0175908536333786,0.0165733424345465,0.013016786802079799
baseline_noce,AFZ,Final Energy|Industry|Non-Ferrous Metals|Aluminum|Gases|Gas,EJ/yr,0.00993718000773058,0.018332550510261298,0.0170869798790217,0.0175908536333786,0.0165733424345465,0.013016786802079799
baseline_noce,AFZ,Final Energy|Industry|Non-Ferrous Metals|Aluminum|Hydrogen,EJ/yr,,,,1.13565569392017e-09,0.0026640002117823197,0.00957373036644361
baseline_noce,AFZ,Final Energy|Industry|Non-Ferrous Metals|Aluminum|Liquids,EJ/yr,0.00207156104902481,0.0017263007738810101,0.0013119886696915598,0.0009667284943290059,0.0006214683164234281,
baseline_noce,AFZ,Final Energy|Industry|Non-Ferrous Metals|Aluminum|Liquids|Oil,EJ/yr,0.00207156104902481,0.0017263007738810101,0.0013119886696915598,0.0009667284943290059,0.0006214683164234281,
baseline_noce,AFZ,Final Energy|Industry|Non-Ferrous Metals|Aluminum|Solids,EJ/yr,0.0157807414742472,0.013150617131092201,0.00999446964080082,0.00736434605775963,0.004734222455346181,
baseline_noce,AFZ,Final Energy|Industry|Non-Ferrous Metals|Aluminum|Solids|Coal,EJ/yr,0.0157807414742472,0.013150617131092201,0.00999446964080082,0.00736434605775963,0.004734222455346181,
baseline_noce,AFZ,Final Energy|Industry|Non-Metallic Minerals|Cement|Electricity,EJ/yr,0.00929806930741558,0.0089918336984168,0.011614835289534099,0.0133821316666778,0.0160495387790311,0.0209464530299538
baseline_noce,AFZ,Final Energy|Industry|Non-Metallic Minerals|Cement|Gases,EJ/yr,0.016488294762624603,0.0140000752071671,0.0108764354286978,0.00948866840534753,0.00762172540252511,0.00774471125789972
baseline_noce,AFZ,Final Energy|Industry|Non-Metallic Minerals|Cement|Gases|Gas,EJ/yr,0.016488294762624603,0.0140000752071671,0.0108764354286978,0.00948866840534753,0.00762172540252511,0.00774471125789972
baseline_noce,AFZ,Final Energy|Industry|Non-Metallic Minerals|Cement|Liquids,EJ/yr,0.00199229633685992,0.00217984913554318,0.0035379946120879203,0.00451793876094618,0.00594810006663635,0.008562331463338029
baseline_noce,AFZ,Final Energy|Industry|Non-Metallic Minerals|Cement|Liquids|Oil,EJ/yr,0.00199229633685992,0.00217984913554318,0.0035379946120879203,0.00451793876094618,0.00594810006663635,0.008562331463338029
baseline_noce,AFZ,Final Energy|Industry|Non-Metallic Minerals|Cement|Solids,EJ/yr,0.0442914081534095,0.040806491359573795,0.0429034901029339,0.046695689175608006,0.0525303672447641,0.0598688328992276
baseline_noce,AFZ,Final Energy|Industry|Non-Metallic Minerals|Cement|Solids|Coal,EJ/yr,0.042946451004866805,0.0394258828559278,0.040929436849187,0.044273931508600296,0.0494516636377537,0.0521241749554845
baseline_noce,AFZ,Final Energy|Industry|Iron and Steel|Electricity,EJ/yr,0.0689799999501153,0.011788057256704301,0.0130881197770984,0.0175690659387291,0.025414202626448803,0.0535456228089269
baseline_noce,AFZ,Final Energy|Industry|Iron and Steel|Gases,EJ/yr,0.009200000038080709,0.00716917895502024,0.00394005528680851,0.0121598577908379,0.0104783153016478,9.14608652483261e-10
baseline_noce,AFZ,Final Energy|Industry|Iron and Steel|Gases|Gas,EJ/yr,0.009200000038080709,0.00716917895502024,0.00394005528680851,0.0121598577908379,0.0104783153016478,9.14608652483261e-10
baseline_noce,AFZ,Final Energy|Industry|Iron and Steel|Hydrogen,EJ/yr,,,,1.06551020043157e-10,1.2458735076254099e-10,3.24533827078197e-10
baseline_noce,AFZ,Final Energy|Industry|Iron and Steel|Liquids,EJ/yr,0.000505999999548769,5.40208553439864e-11,,1.8654691831714403e-12,,
baseline_noce,AFZ,Final Energy|Industry|Iron and Steel|Liquids|Oil,EJ/yr,0.000505999999548769,5.40208553439864e-11,,1.8654691831714403e-12,,
baseline_noce,AFZ,Final Energy|Industry|Iron and Steel|Solids,EJ/yr,0.0957695876228641,0.024034263039997603,0.027580397146787297,0.07334832879604371,0.07334832893317611,9.44315863286335e-10
baseline_noce,AFZ,Final Energy|Industry|Iron and Steel|Solids|Coal,EJ/yr,0.0957695876228641,0.0240342570924517,0.027580387512220403,0.0733483190479765,0.0733483191477311,8.89360827624631e-10
baseline_noce,ANZ,Final Energy|Industry|Non-Ferrous Metals|Aluminum|Electricity,EJ/yr,0.10504570732132,0.102609165448571,0.09240411781417189,0.0984459194800678,0.115755957996747,0.128284831715864
baseline_noce,ANZ,Final Energy|Industry|Non-Ferrous Metals|Aluminum|Gases,EJ/yr,0.029829913693241998,0.029115146818166997,0.0198947643607885,0.009068592624042459,,
baseline_noce,ANZ,Final Energy|Industry|Non-Ferrous Metals|Aluminum|Gases|Gas,EJ/yr,0.029829913693241998,0.029115146818166997,0.0198947643607885,0.009068592624042459,,
baseline_noce,ANZ,Final Energy|Industry|Non-Ferrous Metals|Aluminum|Hydrogen,EJ/yr,,,,0.00462583925825582,0.00462583741593799,0.00462583744409809
baseline_noce,ANZ,Final Energy|Industry|Non-Ferrous Metals|Aluminum|Solids,EJ/yr,0.0116955712499429,0.0097463090854098,0.0074071951186938595,0.0038287522370763698,,
baseline_noce,ANZ,Final Energy|Industry|Non-Ferrous Metals|Aluminum|Solids|Coal,EJ/yr,0.0116955712499429,0.0097463090854098,0.0074071951186938595,0.0038287522370763698,,
baseline_noce,ANZ,Final Energy|Industry|Non-Metallic Minerals|Cement|Electricity,EJ/yr,0.0044852609045919,0.004682118392941,0.00574652312708622,0.00700990771346974,0.0073071070281757996,0.009318804163020429
baseline_noce,ANZ,Final Energy|Industry|Non-Metallic Minerals|Cement|Gases,EJ/yr,0.013822788693892,0.013339265106841402,0.00938108353481315,0.00659235794267069,0.00651654508886817,0.00145226509260231
baseline_noce,ANZ,Final Energy|Industry|Non-Metallic Minerals|Cement|Gases|Gas,EJ/yr,0.0137989726255219,0.0133194183858026,0.00936882417608074,0.006585495821419029,0.0065098802039505,0.00145226509260231
baseline_noce,ANZ,Final Energy|Industry|Non-Metallic Minerals|Cement|Liquids,EJ/yr,0.0020524859885705502,0.00207451152919432,0.0023116369359673,0.0025341350491434,0.0025944622011282,0.00290453018520461
baseline_noce,ANZ,Final Energy|Industry|Non-Metallic Minerals|Cement|Liquids|Oil,EJ/yr,0.0020524859885705502,0.00207451152919432,0.0023116369359673,0.0025341350491434,0.0025944622011282,0.00290453018520461
baseline_noce,ANZ,Final Energy|Industry|Non-Metallic Minerals|Cement|Solids,EJ/yr,0.00714539439219683,0.0070470726108721295,0.0110262903511994,0.013876629219912999,0.0143201055163603,0.0193435372121235
baseline_noce,ANZ,Final Energy|Industry|Non-Metallic Minerals|Cement|Solids|Coal,EJ/yr,0.006275103604648321,0.00613972250730917,0.00995069362331494,0.012654441275894,0.0130664623597753,0.0178912721195212
baseline_noce,ANZ,Final Energy|Industry|Iron and Steel|Electricity,EJ/yr,0.017187000041837798,0.0141593353561969,0.010820997753081499,0.013117797790138299,0.0171278892906925,0.029935646827991002
baseline_noce,ANZ,Final Energy|Industry|Iron and Steel|Gases,EJ/yr,0.00842400004975673,0.00515845736521973,6.250324633760071e-06,4.86284093779289e-06,3.3059269513904e-06,5.71122630272614e-10
baseline_noce,ANZ,Final Energy|Industry|Iron and Steel|Gases|Gas,EJ/yr,0.00842400004975673,0.00515845736521973,6.250324633760071e-06,4.86284093779289e-06,3.3059269513904e-06,5.71122630272614e-10
baseline_noce,ANZ,Final Energy|Industry|Iron and Steel|Hydrogen,EJ/yr,,,,7.792173168214681e-11,1.15435002509117e-10,
baseline_noce,ANZ,Final Energy|Industry|Iron and Steel|Liquids,EJ/yr,0.0008710000024996189,0.000479446476857179,8.59445479378216e-07,6.68609346704137e-07,4.54519870585081e-07,
baseline_noce,ANZ,Final Energy|Industry|Iron and Steel|Liquids|Oil,EJ/yr,0.0008710000024996189,0.000479446476857179,8.59445479378216e-07,6.68609346704137e-07,4.54519870585081e-07,
baseline_noce,ANZ,Final Energy|Industry|Iron and Steel|Solids,EJ/yr,0.0682280001958026,0.0375565020577757,6.732290030656369e-05,5.23746969448701e-05,3.56042087418989e-05,3.5326135665779797e-09
baseline_noce,ANZ,Final Energy|Industry|Iron and Steel|Solids|Coal,EJ/yr,0.0682280001958026,0.037556499123658,6.732290030656369e-05,5.23745472157449e-05,3.5604120590996e-05,2.5778531431785297e-09
baseline_noce,ASC,Final Energy|Industry|Non-Ferrous Metals|Aluminum|Electricity,EJ/yr,0.0234360066824002,0.0246857093411062,0.0190309859920578,0.0162512981497283,0.00038723926656450603,0.00786475211456439
baseline_noce,ASC,Final Energy|Industry|Non-Ferrous Metals|Aluminum|Gases,EJ/yr,2.8269408879391797e-05,0.0023086172713676,0.0022955519770335104,0.00324711593076559,0.00220468205375033,0.0043381012496638205
baseline_noce,ASC,Final Energy|Industry|Non-Ferrous Metals|Aluminum|Gases|Gas,EJ/yr,2.8269408879391797e-05,0.0023086172713676,0.0022955519770335104,0.00324711593076559,0.00220468205375033,0.0043381012496638205
baseline_noce,ASC,Final Energy|Industry|Non-Ferrous Metals|Aluminum|Hydrogen,EJ/yr,,,,,0.000109395819097339,4.2450902220704603e-10
baseline_noce,ASC,Final Energy|Industry|Non-Ferrous Metals|Aluminum|Liquids,EJ/yr,0.00204904270298732,0.00170753522591683,0.00129772704509761,0.000956219934124939,9.143402333378991e-11,
baseline_noce,ASC,Final Energy|Industry|Non-Ferrous Metals|Aluminum|Liquids|Oil,EJ/yr,0.00204904270298732,0.00170753522591683,0.00129772704509761,0.000956219934124939,9.143402333378991e-11,
baseline_noce,ASC,Final Energy|Industry|Non-Ferrous Metals|Aluminum|Solids,EJ/yr,0.00542979968798726,0.0045248321196007,0.00343887313538688,0.00253390653713034,2.42292867125426e-10,
baseline_noce,ASC,Final Energy|Industry|Non-Ferrous Metals|Aluminum|Solids|Coal,EJ/yr,0.00542979968798726,0.0045248321196007,0.00343887313538688,0.00253390653713034,2.42292867125426e-10,
baseline_noce,ASC,Final Energy|Industry|Non-Metallic Minerals|Cement|Electricity,EJ/yr,0.0155374375733569,0.0204417020291967,0.024725995155520798,0.028318109126099097,0.031363493709929205,0.037155728333473595
baseline_noce,ASC,Final Energy|Industry|Non-Metallic Minerals|Cement|Gases,EJ/yr,0.0504411350638439,0.0486969010402438,0.049866504163469105,0.0541169891674667,0.05724801584709,0.0645859664550397
baseline_noce,ASC,Final Energy|Industry|Non-Metallic Minerals|Cement|Gases|Gas,EJ/yr,0.0504411350638439,0.0486969010402438,0.049866504163469105,0.0541169891674667,0.05724801584709,0.0645859664550397
baseline_noce,ASC,Final Energy|Industry|Non-Metallic Minerals|Cement|Liquids,EJ/yr,0.0033096297800898097,0.00582683274042136,0.00819192135050349,0.0101717845729261,0.0119277561497203,0.015215675522055999
baseline_noce,ASC,Final Energy|Industry|Non-Metallic Minerals|Cement|Liquids|Oil,EJ/yr,0.0033096297800898097,0.00582683274042136,0.00819192135050349,0.0101717845729261,0.0119277561497203,0.015215675522055999
baseline_noce,ASC,Final Energy|Industry|Non-Metallic Minerals|Cement|Solids,EJ/yr,0.0458272493354731,0.0560772113912809,0.0598700525475992,0.059826582277464804,0.0591114371739521,0.0571394377214084
baseline_noce,ASC,Final Energy|Industry|Non-Metallic Minerals|Cement|Solids|Coal,EJ/yr,0.045826446222204505,0.0545421065903241,0.0556699007412791,0.0543608302042773,0.0524920305702467,0.0483798712971299
baseline_noce,ASC,Final Energy|Industry|Iron and Steel|Electricity,EJ/yr,0.0542452367640772,0.0399590841730661,0.0135398546185178,0.0148332382647686,0.0202788456321179,0.0362312675666023
baseline_noce,ASC,Final Energy|Industry|Iron and Steel|Gases,EJ/yr,0.0252260000679268,0.017088206007920298,0.0152055250383221,0.0136710691526584,3.51788053385043e-09,8.53683405476902e-11
baseline_noce,ASC,Final Energy|Industry|Iron and Steel|Gases|Gas,EJ/yr,0.0252260000679268,0.017088206007920298,0.0152055250383221,0.0136710691526584,3.51788053385043e-09,8.53683405476902e-11
baseline_noce,ASC,Final Energy|Industry|Iron and Steel|Hydrogen,EJ/yr,,,0.00284433626741605,0.0028443363806912,0.0028443364315731603,0.00284433608749611
baseline_noce,ASC,Final Energy|Industry|Iron and Steel|Liquids,EJ/yr,0.0134489484691566,0.009063549851427419,0.000765109110190015,7.16566185965786e-09,1.9286002089692602e-09,
baseline_noce,ASC,Final Energy|Industry|Iron and Steel|Liquids|Oil,EJ/yr,0.0134489484691566,0.009063549851427419,0.000765109110190015,7.16566185965786e-09,1.9286002089692602e-09,
baseline_noce,ASC,Final Energy|Industry|Iron and Steel|Solids,EJ/yr,0.104216284051841,0.0798200964062518,0.0155152602785352,0.009586463666061449,1.4944777850947e-08,8.18903711179697e-10
baseline_noce,ASC,Final Energy|Industry|Iron and Steel|Solids|Coal,EJ/yr,0.104216284051841,0.0798200963543498,0.0155152602785352,0.009586463666061449,1.4944777850947e-08,5.975783838338331e-10
baseline_noce,ASE,Final Energy|Industry|Non-Ferrous Metals|Aluminum|Electricity,EJ/yr,0.0435707722500263,0.0535880119699549,0.0688854101800314,0.08113121777757741,0.09288787524220901,0.109640521916725
baseline_noce,ASE,Final Energy|Industry|Non-Ferrous Metals|Aluminum|Gases,EJ/yr,0.0008198129521262501,0.0103153231783033,0.0168372979182443,0.0187052475239881,0.018825511651520698,0.0146581967569737
baseline_noce,ASE,Final Energy|Industry|Non-Ferrous Metals|Aluminum|Gases|Gas,EJ/yr,0.0008198129521262501,0.0103153231783033,0.0168372979182443,0.0187052475239881,0.018825511651520698,0.0146581967569737
baseline_noce,ASE,Final Energy|Industry|Non-Ferrous Metals|Aluminum|Hydrogen,EJ/yr,,,0.0021000003380055297,0.00577890003151393,0.011703804760103801,0.0109289302293663
baseline_noce,ASE,Final Energy|Industry|Non-Ferrous Metals|Aluminum|Liquids,EJ/yr,0.00379822551965923,0.0031651873542452,0.0024055428407726,0.0016110433781069899,,
baseline_noce,ASE,Final Energy|Industry|Non-Ferrous Metals|Aluminum|Liquids|Oil,EJ/yr,0.00379822551965923,0.0031651873542452,0.0024055428407726,0.0016110433781069899,,
baseline_noce,ASE,Final Energy|Industry|Non-Ferrous Metals|Aluminum|Solids,EJ/yr,0.0100649946003973,0.00838749396654627,0.00637449661113668,0.00426913642113265,,
baseline_noce,ASE,Final Energy|Industry|Non-Ferrous Metals|Aluminum|Solids|Coal,EJ/yr,0.0100649946003973,0.00838749396654627,0.00637449661113668,0.00426913642113265,,
baseline_noce,ASE,Final Energy|Industry|Non-Metallic Minerals|Cement|Electricity,EJ/yr,0.0350102183817449,0.0512793300532631,0.0612984145826607,0.0686086608591535,0.0738499184568258,0.0831093394232129
baseline_noce,ASE,Final Energy|Industry|Non-Metallic Minerals|Cement|Gases,EJ/yr,0.0238608285732818,0.0379660001582263,0.0506980381201195,0.0544720134816529,0.0527263635688166,0.0488811889448076
baseline_noce,ASE,Final Energy|Industry|Non-Metallic Minerals|Cement|Gases|Gas,EJ/yr,0.0238608285732818,0.0379660001582263,0.0506980381201195,0.0544720134816529,0.0527263635688166,0.0488811889448076
baseline_noce,ASE,Final Energy|Industry|Non-Metallic Minerals|Cement|Liquids,EJ/yr,0.0107067737670864,0.019004230485159798,0.024275806872195597,0.028575568299663602,0.0319993308050031,0.0378709222440665
baseline_noce,ASE,Final Energy|Industry|Non-Metallic Minerals|Cement|Liquids|Oil,EJ/yr,0.0107067737670864,0.019004230485159798,0.024275806872195597,0.028575568299663602,0.0319993308050031,0.0378709222440665
baseline_noce,ASE,Final Energy|Industry|Non-Metallic Minerals|Cement|Solids,EJ/yr,0.249142515523816,0.270192134450903,0.260978488250628,0.260377745292281,0.254513220671915,0.25290179621882103
baseline_noce,ASE,Final Energy|Industry|Non-Metallic Minerals|Cement|Solids|Coal,EJ/yr,0.236347119544318,0.252946503248084,0.228354789765518,0.20417416248578202,0.17358012785240398,0.125827357181438
baseline_noce,ASE,Final Energy|Industry|Iron and Steel|Electricity,EJ/yr,0.0220517430162302,0.0116138904678698,0.0114719073443636,0.0113015324550719,0.0111311575902895,0.0134028223003311
baseline_noce,ASE,Final Energy|Industry|Iron and Steel|Gases,EJ/yr,0.0149250000758923,2.39614201842494e-08,5.81662849320598e-10,3.2292712156205796e-11,4.02225007644686e-11,8.55593019012382e-11
baseline_noce,ASE,Final Energy|Industry|Iron and Steel|Gases|Gas,EJ/yr,0.0149250000758923,2.39614201842494e-08,5.81662849320598e-10,3.2292712156205796e-11,4.02225007644686e-11,8.55593019012382e-11
baseline_noce,ASE,Final Energy|Industry|Iron and Steel|Liquids,EJ/yr,0.0020648657559992198,5.76470197685546e-10,,,,
baseline_noce,ASE,Final Energy|Industry|Iron and Steel|Liquids|Oil,EJ/yr,0.0020648657559992198,5.76470197685546e-10,,,,
baseline_noce,ASE,Final Energy|Industry|Iron and Steel|Solids,EJ/yr,0.00787700007179751,2.9434196975028702e-08,2.5254967808392902e-08,3.0977083142434596e-10,3.8583806288879204e-10,8.207355256452121e-10
baseline_noce,ASE,Final Energy|Industry|Iron and Steel|Solids|Coal,EJ/yr,0.00787700007179751,2.45760180844615e-08,2.52010198777463e-08,2.2604898509344198e-10,2.81557505351281e-10,5.98915113308668e-10
baseline_noce,ASO,Final Energy|Industry|Non-Metallic Minerals|Cement|Electricity,EJ/yr,0.0364989135106312,0.0373603163952476,0.0549424466080323,0.0757488752284394,0.0881625950123038,0.112709142530115
baseline_noce,ASO,Final Energy|Industry|Non-Metallic Minerals|Cement|Gases,EJ/yr,,0.00133871813813937,0.00613524112548616,0.011318784119241499,0.0148844526285133,0.021727109372116603
baseline_noce,ASO,Final Energy|Industry|Non-Metallic Minerals|Cement|Gases|Gas,EJ/yr,,0.00133871813813937,0.00613524112548616,0.011318784119241499,0.0148844526285133,0.021727109372116603
baseline_noce,ASO,Final Energy|Industry|Non-Metallic Minerals|Cement|Liquids,EJ/yr,0.0183117737197756,0.0179372343056171,0.0238679239411083,0.0311830476030855,0.035262422287068704,0.0434542050411506
baseline_noce,ASO,Final Energy|Industry|Non-Metallic Minerals|Cement|Liquids|Oil,EJ/yr,0.0183117737197756,0.0179372343056171,0.0238679239411083,0.0311830476030855,0.035262422287068704,0.0434542050411506
baseline_noce,ASO,Final Energy|Industry|Non-Metallic Minerals|Cement|Solids,EJ/yr,0.131497020112988,0.129661515974418,0.17530994288895202,0.23114691746916902,0.262715774706147,0.325906530881425
baseline_noce,ASO,Final Energy|Industry|Non-Metallic Minerals|Cement|Solids|Coal,EJ/yr,0.131497020112988,0.128322761691635,0.155695382887914,0.184523967123212,0.180436139776607,0.23678424346680602
baseline_noce,ASO,Final Energy|Industry|Iron and Steel|Electricity,EJ/yr,0.00715337999765443,0.00784725886222043,0.00782579769124691,0.00887019115819547,0.0100504988626013,0.0129118510319232
baseline_noce,ASO,Final Energy|Industry|Iron and Steel|Gases,EJ/yr,0.00509395932461645,4.7948158534637205e-09,,,,7.129187273609959e-10
baseline_noce,ASO,Final Energy|Industry|Iron and Steel|Gases|Gas,EJ/yr,0.00509395932461645,4.7948158534637205e-09,,,,7.129187273609959e-10
baseline_noce,ASO,Final Energy|Industry|Iron and Steel|Hydrogen,EJ/yr,,,,,,1.5018036516182e-10
baseline_noce,ASO,Final Energy|Industry|Iron and Steel|Solids,EJ/yr,,3.14497918817484e-09,,8.97298883330035e-10,1.58574003711511e-10,1.08308663626423e-09
baseline_noce,ASO,Final Energy|Industry|Iron and Steel|Solids|Coal,EJ/yr,,3.14497918817484e-09,,8.97298883330035e-10,1.58574003711511e-10,1.08308663626423e-09
baseline_noce,BRA,Final Energy|Industry|Non-Ferrous Metals|Aluminum|Electricity,EJ/yr,0.00938040026218108,0.057505632895389396,0.0638567900774376,0.0664472698311448,0.104577293559131,0.189856430898616
baseline_noce,BRA,Final Energy|Industry|Non-Ferrous Metals|Aluminum|Gases,EJ/yr,0.0037442729270032,0.0150892953177123,0.015191860789959299,0.014792367695629199,0.013168452490211,
baseline_noce,BRA,Final Energy|Industry|Non-Ferrous Metals|Aluminum|Gases|Gas,EJ/yr,0.0037442729270032,0.0150892953177123,0.015191860789959299,0.014792367695629199,0.013168452490211,
baseline_noce,BRA,Final Energy|Industry|Non-Ferrous Metals|Aluminum|Hydrogen,EJ/yr,,,0.000302960368658984,0.000302960486693166,0.00412792063129209,0.00412792060556456
baseline_noce,BRA,Final Energy|Industry|Non-Ferrous Metals|Aluminum|Liquids,EJ/yr,0.0014102345876703599,0.00496108565267683,0.00377042580631583,0.0008458853010644,,
baseline_noce,BRA,Final Energy|Industry|Non-Ferrous Metals|Aluminum|Liquids|Oil,EJ/yr,0.0014102345876703599,0.00496108565267683,0.00377042580631583,0.0008458853010644,,
baseline_noce,BRA,Final Energy|Industry|Non-Ferrous Metals|Aluminum|Solids,EJ/yr,0.0008554482784434971,0.00300939447798108,0.00228714023412234,0.000513114010167322,,
baseline_noce,BRA,Final Energy|Industry|Non-Ferrous Metals|Aluminum|Solids|Coal,EJ/yr,0.0008554482784434971,0.00300939447798108,0.00228714023412234,0.000513114010167322,,
baseline_noce,BRA,Final Energy|Industry|Non-Metallic Minerals|Cement|Electricity,EJ/yr,0.0239368601989486,0.030733453319692298,0.034430299120281,0.0383548437907924,0.0396995223656439,0.0408988941659825
baseline_noce,BRA,Final Energy|Industry|Non-Metallic Minerals|Cement|Gases,EJ/yr,0.0361229656138218,0.0391124471955025,0.030705802084359798,0.0202753720530482,0.016594478029399798,0.00788413838741898
baseline_noce,BRA,Final Energy|Industry|Non-Metallic Minerals|Cement|Gases|Gas,EJ/yr,0.0361229656138218,0.0391124471955025,0.030705802084359798,0.0202753720530482,0.016594478029399798,0.00788413838741898
baseline_noce,BRA,Final Energy|Industry|Non-Metallic Minerals|Cement|Liquids,EJ/yr,0.0922562333405582,0.076467736333847,0.0537617080104039,0.0256851273758962,0.015834499130009498,0.0157682766895227
baseline_noce,BRA,Final Energy|Industry|Non-Metallic Minerals|Cement|Liquids|Oil,EJ/yr,0.0920904382652713,0.0763385051558026,0.053681301009786304,0.025664506125813,0.015834499130009498,0.0157682766895227
baseline_noce,BRA,Final Energy|Industry|Non-Metallic Minerals|Cement|Solids,EJ/yr,0.008594438573753131,0.0322022277992074,0.0631367179383158,0.0989703828625241,0.110081514997708,0.118262075111237
baseline_noce,BRA,Final Energy|Industry|Non-Metallic Minerals|Cement|Solids|Coal,EJ/yr,0.00361840480099801,0.0173676617289527,0.0321642360473533,0.043837045595914705,0.0474470261385792,0.0394206921023284
baseline_noce,BRA,Final Energy|Industry|Iron and Steel|Electricity,EJ/yr,0.085629999983583,0.0813580547495955,0.0907567748069406,0.115215335464215,0.15091279837069002,0.271241081434678
baseline_noce,BRA,Final Energy|Industry|Iron and Steel|Gases,EJ/yr,0.047779999970382,0.0992124488026801,0.15620842953614603,0.177671788636624,0.150902200750234,
baseline_noce,BRA,Final Energy|Industry|Iron and Steel|Gases|Gas,EJ/yr,0.047779999970382,0.0992124488026801,0.15620842953614603,0.177671788636624,0.150902200750234,
baseline_noce,BRA,Final Energy|Industry|Iron and Steel|Hydrogen,EJ/yr,,,0.0227580717163455,0.0594101737511424,0.118438750375692,0.190366585121735
baseline_noce,BRA,Final Energy|Industry|Iron and Steel|Liquids,EJ/yr,0.0121713557762191,0.009329843185268959,0.00681595923230256,0.00343139936477928,,
baseline_noce,BRA,Final Energy|Industry|Iron and Steel|Liquids|Oil,EJ/yr,0.0120679999984412,0.009250616744378631,0.0067580799967671195,0.0034022608730011903,,
baseline_noce,BRA,Final Energy|Industry|Iron and Steel|Solids,EJ/yr,0.418677023948498,0.322128535121878,0.235654612806207,0.119230651856883,1.8010419883988e-09,
baseline_noce,BRA,Final Energy|Industry|Iron and Steel|Solids|Coal,EJ/yr,0.416238837192815,0.319938190761656,0.233967851795602,0.118221891659424,1.66840801179002e-09,
baseline_noce,CAN,Final Energy|Industry|Non-Ferrous Metals|Aluminum|Electricity,EJ/yr,0.17146033742376698,0.19647632622901198,0.20059724213034,0.210389389372439,0.197500726019046,0.144733567947273
baseline_noce,CAN,Final Energy|Industry|Non-Ferrous Metals|Aluminum|Gases,EJ/yr,0.032759845681375,0.0467431713513496,0.0332751536340996,0.033570378173634306,0.009108722857563579,
baseline_noce,CAN,Final Energy|Industry|Non-Ferrous Metals|Aluminum|Gases|Gas,EJ/yr,0.032759845681375,0.0467431713513496,0.0332751536340996,0.033570378173634306,0.009108722857563579,
baseline_noce,CAN,Final Energy|Industry|Non-Ferrous Metals|Aluminum|Hydrogen,EJ/yr,,,0.009127999741090869,0.00912799973213799,0.00912799979524518,0.00912799973595577
baseline_noce,CAN,Final Energy|Industry|Non-Metallic Minerals|Cement|Electricity,EJ/yr,0.00677382046299721,0.0077077199609127504,0.00903675044509457,0.0104895842509414,0.0119594469227153,0.016167937077320702
baseline_noce,CAN,Final Energy|Industry|Non-Metallic Minerals|Cement|Gases,EJ/yr,0.0229036899141381,0.021590020721693498,0.0166569318587461,0.0142097096619358,0.0108327412007324,0.0028411341403013404
baseline_noce,CAN,Final Energy|Industry|Non-Metallic Minerals|Cement|Gases|Gas,EJ/yr,0.0229036899141381,0.021590020721693498,0.0166569318587461,0.0142097096619358,0.0108327412007324,0.0028411341403013404
baseline_noce,CAN,Final Energy|Industry|Non-Metallic Minerals|Cement|Liquids,EJ/yr,0.0131772854592049,0.0119663018166591,0.0100084649500384,0.00917004072429483,0.00785445252385489,0.0056822682806026694
baseline_noce,CAN,Final Energy|Industry|Non-Metallic Minerals|Cement|Liquids|Oil,EJ/yr,0.0131772854592049,0.0119663018166591,0.0100084649500384,0.00917004072429483,0.00785445252385489,0.0056822682806026694
baseline_noce,CAN,Final Energy|Industry|Non-Metallic Minerals|Cement|Solids,EJ/yr,0.0105353219927366,0.014157676363236501,0.020359294698185298,0.0242468135795126,0.0282149957654947,0.0374933561081591
baseline_noce,CAN,Final Energy|Industry|Non-Metallic Minerals|Cement|Solids|Coal,EJ/yr,0.00647446836715147,0.0102809550715072,0.016113909258493698,0.0201064283325057,0.024311106154016902,0.0346522219678577
baseline_noce,CAN,Final Energy|Industry|Iron and Steel|Electricity,EJ/yr,0.0294979999949019,0.0270885258671896,0.02527750895033,0.031056071870962997,0.04105498016724,0.07060514981678151
baseline_noce,CAN,Final Energy|Industry|Iron and Steel|Gases,EJ/yr,0.0748609999830704,0.033448906541084,,3.21517564702636e-10,,
baseline_noce,CAN,Final Energy|Industry|Iron and Steel|Gases|Gas,EJ/yr,0.0748099999830659,0.033427889717447104,,3.21447392205729e-10,,
baseline_noce,CAN,Final Energy|Industry|Iron and Steel|Hydrogen,EJ/yr,,,0.00985376854624645,0.00985376853550831,1.11457282184829e-10,
baseline_noce,CAN,Final Energy|Industry|Iron and Steel|Liquids,EJ/yr,0.000184000000015968,7.58254029254434e-05,,2.53171361392604e-13,,
baseline_noce,CAN,Final Energy|Industry|Iron and Steel|Liquids|Oil,EJ/yr,0.000184000000015968,7.58254029254434e-05,,2.53171361392604e-13,,
baseline_noce,CAN,Final Energy|Industry|Iron and Steel|Solids,EJ/yr,0.102245000008873,0.0421346643328857,,7.018718257507191e-10,,
baseline_noce,CAN,Final Energy|Industry|Iron and Steel|Solids|Coal,EJ/yr,0.102235000008872,0.042130539809194095,,6.487024875310419e-10,,
baseline_noce,CHL,Final Energy|Industry|Non-Metallic Minerals|Cement|Electricity,EJ/yr,0.00206372999077877,0.00191201655384482,0.0025269290091497402,0.00280438761432393,0.00321974542142006,0.0043599105058933
baseline_noce,CHL,Final Energy|Industry|Non-Metallic Minerals|Cement|Gases,EJ/yr,0.000220590581792476,0.00055432391467968,0.000691674057478941,0.000773124909096216,0.000848489626287226,0.000675544282312948
baseline_noce,CHL,Final Energy|Industry|Non-Metallic Minerals|Cement|Gases|Gas,EJ/yr,0.000220590581792476,0.00055432391467968,0.000691674057478941,0.000773124909096216,0.000848489626287226,0.000675544282312948
baseline_noce,CHL,Final Energy|Industry|Non-Metallic Minerals|Cement|Liquids,EJ/yr,0.00551777807735007,0.00467225713467226,0.0036167797148719,0.0032484465498877203,0.00255307645014672,0.0013510885646258902
baseline_noce,CHL,Final Energy|Industry|Non-Metallic Minerals|Cement|Liquids|Oil,EJ/yr,0.00551777807735007,0.00467225713467226,0.0036167797148719,0.0032484465498877203,0.00255307645014672,0.0013510885646258902
baseline_noce,CHL,Final Energy|Industry|Non-Metallic Minerals|Cement|Solids,EJ/yr,5.9667944255342e-05,0.00027216693832789,0.0029867308350914803,0.00454849996177908,0.00599624266727218,0.00897534205458537
baseline_noce,CHL,Final Energy|Industry|Non-Metallic Minerals|Cement|Solids|Coal,EJ/yr,5.9667944255342e-05,0.000235084797123963,0.00275449922426299,0.00421173407078587,0.00554734696187642,0.00829979777227242
baseline_noce,CHL,Final Energy|Industry|Iron and Steel|Electricity,EJ/yr,0.0026000000000718703,0.00233856767620211,0.00115012343549569,0.00236719882679651,0.0041220792857302,0.00760157498883033
baseline_noce,CHL,Final Energy|Industry|Iron and Steel|Gases,EJ/yr,0.000600000033204337,2.9866983907688198e-05,4.38743826615786e-05,2.82270657219553e-05,1.2536548623788e-05,6.417699686782609e-09
baseline_noce,CHL,Final Energy|Industry|Iron and Steel|Gases|Gas,EJ/yr,0.000600000033204337,2.9866983907688198e-05,4.38743826615786e-05,2.82270657219553e-05,1.2536548623788e-05,6.417699686782609e-09
baseline_noce,CHL,Final Energy|Industry|Iron and Steel|Hydrogen,EJ/yr,,,,9.327274903672919e-11,1.4269421937694599e-10,
baseline_noce,CHL,Final Energy|Industry|Iron and Steel|Liquids,EJ/yr,0.000348999999602791,0.000133014888007659,0.000195439997781244,0.000125639999339295,5.58399994766729e-05,
baseline_noce,CHL,Final Energy|Industry|Iron and Steel|Liquids|Oil,EJ/yr,0.000348999999602791,0.000133014888007659,0.000195439997781244,0.000125639999339295,5.58399994766729e-05,
baseline_noce,CHL,Final Energy|Industry|Iron and Steel|Solids,EJ/yr,0.011461999986954699,0.0043685362253466095,0.00641872220144184,0.0041263658102272905,0.0018339290655863601,6.13062574446334e-08
baseline_noce,CHL,Final Energy|Industry|Iron and Steel|Solids|Coal,EJ/yr,0.011461999986954699,0.00436853556633842,0.00641872220144184,0.00412636527043434,0.00183392798402251,4.52022746506643e-08
baseline_noce,CHN,Final Energy|Industry|Non-Ferrous Metals|Aluminum|Electricity,EJ/yr,1.7936419854605798,2.4150062691797696,2.35126512316881,2.05514680448926,1.867690610528,1.06846013455949
baseline_noce,CHN,Final Energy|Industry|Non-Ferrous Metals|Aluminum|Gases,EJ/yr,0.111179977745368,0.477704357368506,0.46514724276145,0.46348123981187,0.46174730395896596,0.360539869658204
baseline_noce,CHN,Final Energy|Industry|Non-Ferrous Metals|Aluminum|Gases|Gas,EJ/yr,0.111179977745368,0.477704357368506,0.46514724276145,0.46348123981187,0.46174730395896596,0.360539869658204
baseline_noce,CHN,Final Energy|Industry|Non-Ferrous Metals|Aluminum|Hydrogen,EJ/yr,,,2.94344203918761e-10,4.1721287290308204e-10,5.2990355908639e-10,5.90509699291952e-10
baseline_noce,CHN,Final Energy|Industry|Non-Ferrous Metals|Aluminum|Liquids,EJ/yr,0.0531227298454363,0.044268941415695,0.033644395524384994,0.0247906072282553,0.0159368189325454,
baseline_noce,CHN,Final Energy|Industry|Non-Ferrous Metals|Aluminum|Liquids|Oil,EJ/yr,0.0531227298454363,0.044268941415695,0.033644395524384994,0.0247906072282553,0.0159368189325454,
baseline_noce,CHN,Final Energy|Industry|Non-Ferrous Metals|Aluminum|Solids,EJ/yr,0.5947128341913329,0.495594027125092,0.376651461157547,0.277532655587097,0.17841385002134602,
baseline_noce,CHN,Final Energy|Industry|Non-Ferrous Metals|Aluminum|Solids|Coal,EJ/yr,0.5947128341913329,0.495594027125092,0.376651461157547,0.277532655587097,0.17841385002134602,
baseline_noce,CHN,Final Energy|Industry|Non-Metallic Minerals|Cement|Electricity,EJ/yr,0.9699590537663061,0.784696876998007,0.624166626981682,0.510899074559917,0.519359104017594,0.527502473342784
baseline_noce,CHN,Final Energy|Industry|Non-Metallic Minerals|Cement|Gases,EJ/yr,,2.0635617201612598e-09,0.0100576845359339,0.012465234333228301,0.045259485534094,0.26059594862332
baseline_noce,CHN,Final Energy|Industry|Non-Metallic Minerals|Cement|Gases|Gas,EJ/yr,,2.0635617201612598e-09,0.0100576845359339,0.012465234333228301,0.045259485534094,0.26059594862332
baseline_noce,CHN,Final Energy|Industry|Non-Metallic Minerals|Cement|Liquids,EJ/yr,0.36656999999627404,0.293491595846043,0.23651300394784103,0.195996462575492,0.20048996471957098,0.205846819383558
baseline_noce,CHN,Final Energy|Industry|Non-Metallic Minerals|Cement|Liquids|Oil,EJ/yr,0.36656999999627404,0.293491595846043,0.23651300394784103,0.195996462575492,0.20048996471957098,0.205846819383558
baseline_noce,CHN,Final Energy|Industry|Non-Metallic Minerals|Cement|Solids,EJ/yr,4.954122029498779,3.9664816464074404,3.0754370830632802,2.4989020800344903,2.16512884105821,1.3861786064180501
baseline_noce,CHN,Final Energy|Industry|Non-Metallic Minerals|Cement|Solids|Coal,EJ/yr,4.9428260294989,3.95743758448219,3.0587110195508997,2.48116537911049,2.11648055484319,0.9219523842053291
baseline_noce,CHN,Final Energy|Industry|Iron and Steel|Electricity,EJ/yr,2.47642600007881,2.37045310144187,1.9702691742622802,1.9176789134291101,2.4156159278375298,3.5079647464207
baseline_noce,CHN,Final Energy|Industry|Iron and Steel|Gases,EJ/yr,0.480778000628011,0.27202853360106,0.19041992733604302,0.173080154454222,0.054405747570516395,1.34771971024356e-09
baseline_noce,CHN,Final Energy|Industry|Iron and Steel|Gases|Gas,EJ/yr,0.480778000628011,0.27202853360106,0.19041992733604302,0.173080154454222,0.054405747570516395,1.34771971024356e-09
baseline_noce,CHN,Final Energy|Industry|Iron and Steel|Hydrogen,EJ/yr,,,,1.5862060905434998e-10,2.29845526186113e-10,2.65604945432062e-10
baseline_noce,CHN,Final Energy|Industry|Iron and Steel|Liquids,EJ/yr,0.054172999999870595,0.0433383999146702,0.0303368799995399,0.0195022799998107,0.008667679999436849,
baseline_noce,CHN,Final Energy|Industry|Iron and Steel|Liquids|Oil,EJ/yr,0.054172999999870595,0.0433383999146702,0.0303368799995399,0.0195022799998107,0.008667679999436849,
baseline_noce,CHN,Final Energy|Industry|Iron and Steel|Solids,EJ/yr,13.5616469999676,13.0389935563589,11.030162956313099,8.357721975171929,5.64539257592451,6.84687994105022e-09
baseline_noce,CHN,Final Energy|Industry|Iron and Steel|Solids|Coal,EJ/yr,13.5309239999676,13.0144151488721,11.0129580648764,8.346661683524069,5.64047688422389,6.60923965472406e-09
baseline_noce,ENE,Final Energy|Industry|Non-Ferrous Metals|Aluminum|Electricity,EJ/yr,0.00687950497994513,0.00387748639713294,0.00462408391808739,0.0056035120520879,0.00620634972005035,0.00693545097481667
baseline_noce,ENE,Final Energy|Industry|Non-Ferrous Metals|Aluminum|Gases,EJ/yr,0.00337268019713746,0.0020108881487599,0.00225611611280914,0.00172474404495663,0.00119337198471964,0.000238337611379006
baseline_noce,ENE,Final Energy|Industry|Non-Ferrous Metals|Aluminum|Gases|Gas,EJ/yr,0.00337268019713746,0.0020108881487599,0.00225611611280914,0.00172474404495663,0.00119337198471964,0.000238337611379006
baseline_noce,ENE,Final Energy|Industry|Non-Ferrous Metals|Aluminum|Hydrogen,EJ/yr,,,9.31860721263937e-05,0.00048007672384766,0.0011031676630669101,0.00215352400488357
baseline_noce,ENE,Final Energy|Industry|Non-Metallic Minerals|Cement|Electricity,EJ/yr,0.00933980700913933,0.00825796518150473,0.0101760140967076,0.0116879050054706,0.012689757233774399,0.0139556846592914
baseline_noce,ENE,Final Energy|Industry|Non-Metallic Minerals|Cement|Gases,EJ/yr,0.0188614752573516,0.0158198688249286,0.0128280000200632,0.010343423283511299,0.00774930974443327,0.00296448988659019
baseline_noce,ENE,Final Energy|Industry|Non-Metallic Minerals|Cement|Gases|Gas,EJ/yr,0.0188614752573516,0.0158198688249286,0.0128280000200632,0.010343423283511299,0.00774930974443327,0.00296448988659019
baseline_noce,ENE,Final Energy|Industry|Non-Metallic Minerals|Cement|Liquids,EJ/yr,0.00980556821805081,0.00837524038473649,0.00797497055153915,0.0076587139735853705,0.00712338362660118,0.00592896008370579
baseline_noce,ENE,Final Energy|Industry|Non-Metallic Minerals|Cement|Liquids|Oil,EJ/yr,0.00980556821805081,0.00837524038473649,0.00797497055153915,0.0076587139735853705,0.00712338362660118,0.00592896008370579
baseline_noce,ENE,Final Energy|Industry|Non-Metallic Minerals|Cement|Solids,EJ/yr,0.0324630064012303,0.0285820059657865,0.0336463420183708,0.0381208768232967,0.0409523582650115,0.0443178089806095
baseline_noce,ENE,Final Energy|Industry|Non-Metallic Minerals|Cement|Solids|Coal,EJ/yr,0.032280410356977596,0.028327866894933,0.032648299624394396,0.0364942646841561,0.038806713226170304,0.0413533203134789
baseline_noce,ENE,Final Energy|Industry|Iron and Steel|Electricity,EJ/yr,0.082467999990625,0.0377770160656388,0.03723635507860051,0.0352945354438369,0.0376994538013829,0.0374374722869849
baseline_noce,ENE,Final Energy|Industry|Iron and Steel|Gases,EJ/yr,0.0722769999925328,0.0150437977437165,0.0155050092832435,0.026019748330437503,0.011004073312584801,0.000263131463789465
baseline_noce,ENE,Final Energy|Industry|Iron and Steel|Gases|Gas,EJ/yr,0.0722769999925328,0.0150437977437165,0.0155050092832435,0.026019748330437503,0.011004073312584801,0.000263131463789465
baseline_noce,ENE,Final Energy|Industry|Iron and Steel|Hydrogen,EJ/yr,,,,1.00797679794637e-10,1.77610639859574e-10,3.16036050057639e-10
baseline_noce,ENE,Final Energy|Industry|Iron and Steel|Liquids,EJ/yr,0.0069309999994862995,0.00151607366380016,0.00156255467167052,0.0024951599997044397,0.00110895999933868,
baseline_noce,ENE,Final Energy|Industry|Iron and Steel|Liquids|Oil,EJ/yr,0.0069309999994862995,0.00151607366380016,0.00156255467167052,0.0024951599997044397,0.00110895999933868,
baseline_noce,ENE,Final Energy|Industry|Iron and Steel|Solids,EJ/yr,0.406826999969848,0.08898858708499939,0.09171687113374649,0.198602960033082,0.223533837035002,0.160283406171468
baseline_noce,ENE,Final Energy|Industry|Iron and Steel|Solids|Coal,EJ/yr,0.406712999969856,0.0889636483207987,0.0916911700281379,0.198561913234934,0.223515596775424,0.160283405343347
baseline_noce,ENW,Final Energy|Industry|Non-Ferrous Metals|Aluminum|Electricity,EJ/yr,0.128987269253121,0.121788280662748,0.11686186884991799,0.0968177304806635,0.0813332403881853,0.0256109776397868
baseline_noce,ENW,Final Energy|Industry|Non-Ferrous Metals|Aluminum|Gases,EJ/yr,0.0426129531703767,0.0396482277044798,0.0240329741335421,0.00470693745354113,,
baseline_noce,ENW,Final Energy|Industry|Non-Ferrous Metals|Aluminum|Gases|Gas,EJ/yr,0.0426129531703767,0.0396482277044798,0.0240329741335421,0.00470693745354113,,
baseline_noce,ENW,Final Energy|Industry|Non-Ferrous Metals|Aluminum|Hydrogen,EJ/yr,,,0.00680599993354486,0.00680600025548126,0.00680599995116204,
baseline_noce,ENW,Final Energy|Industry|Non-Metallic Minerals|Cement|Electricity,EJ/yr,0.00598135453063405,0.0056513153411308,0.006365868645720031,0.00723269764377808,0.00801980447864368,0.0095480041243535
baseline_noce,ENW,Final Energy|Industry|Non-Metallic Minerals|Cement|Gases,EJ/yr,0.024113679144128798,0.0192088906354938,0.0158798374611578,0.0123004282194262,0.00826764946963381,0.0022516169898043202
baseline_noce,ENW,Final Energy|Industry|Non-Metallic Minerals|Cement|Gases|Gas,EJ/yr,0.0240310773911959,0.019143828082753,0.015827523138504,0.0122618807355383,0.008244440386641379,0.0022516169898043202
baseline_noce,ENW,Final Energy|Industry|Non-Metallic Minerals|Cement|Liquids,EJ/yr,0.00483730714928698,0.0042409284213057894,0.00427936384111843,0.0043521574772094,0.0043437413143583604,0.0045032339441878795
baseline_noce,ENW,Final Energy|Industry|Non-Metallic Minerals|Cement|Liquids|Oil,EJ/yr,0.00483730714928698,0.0042409284213057894,0.00427936384111843,0.0043521574772094,0.0043437413143583604,0.0045032339441878795
baseline_noce,ENW,Final Energy|Industry|Non-Metallic Minerals|Cement|Solids,EJ/yr,0.0196601453076259,0.0187162285289174,0.0215694651041094,0.0248853362683681,0.027908335768200503,0.033774254563698695
baseline_noce,ENW,Final Energy|Industry|Non-Metallic Minerals|Cement|Solids|Coal,EJ/yr,0.010315473965992,0.00920201803424756,0.00957248272203828,0.0100507632128935,0.010359843096222001,0.011258084860469699
baseline_noce,ENW,Final Energy|Industry|Iron and Steel|Electricity,EJ/yr,0.0349990000235426,0.0147420181838538,0.00849101445392654,0.012201865354657199,0.0187941365965263,0.0185089930930093
baseline_noce,ENW,Final Energy|Industry|Iron and Steel|Gases,EJ/yr,0.017269000003182503,0.00166304882824578,4.1051951714273e-05,2.81430819254566e-05,1.47137917394863e-05,3.8121815379710196e-10
baseline_noce,ENW,Final Energy|Industry|Iron and Steel|Gases|Gas,EJ/yr,0.017269000003182503,0.00166304882824578,4.1051951714273e-05,2.81430819254566e-05,1.47137917394863e-05,3.8121815379710196e-10
baseline_noce,ENW,Final Energy|Industry|Iron and Steel|Liquids,EJ/yr,0.000955000000932158,0.000122604658032516,3.02647421598751e-06,2.07479323756987e-06,1.08474529125695e-06,
baseline_noce,ENW,Final Energy|Industry|Iron and Steel|Liquids|Oil,EJ/yr,0.000955000000932158,0.000122604658032516,3.02647421598751e-06,2.07479323756987e-06,1.08474529125695e-06,
baseline_noce,ENW,Final Energy|Industry|Iron and Steel|Solids,EJ/yr,0.121482000118577,0.0155960889660253,0.00038498653477130404,0.000263926735169072,0.000137986416201546,3.6568704382759102e-09
baseline_noce,ENW,Final Energy|Industry|Iron and Steel|Solids|Coal,EJ/yr,0.12083000011794,0.0155123833691789,0.000382920292688766,0.00026251022711577896,0.000137245836170238,2.6685270765797197e-09
baseline_noce,EUE,Final Energy|Industry|Non-Ferrous Metals|Aluminum|Electricity,EJ/yr,0.0346814141033775,0.0586717390826077,0.0356613226711119,0.026918351982781998,0.0284421493532609,0.0400556225711929
baseline_noce,EUE,Final Energy|Industry|Non-Ferrous Metals|Aluminum|Gases,EJ/yr,0.0169190857194608,0.026768740032347,0.0172488848204436,0.0112939493023007,0.00757685651183174,
baseline_noce,EUE,Final Energy|Industry|Non-Ferrous Metals|Aluminum|Gases|Gas,EJ/yr,0.0169190857194608,0.026768740032347,0.0172488848204436,0.0112939493023007,0.00757685651183174,
baseline_noce,EUE,Final Energy|Industry|Non-Ferrous Metals|Aluminum|Hydrogen,EJ/yr,,,,4.78065809999011e-11,1.37288390092656e-10,0.00022615541329392498
baseline_noce,EUE,Final Energy|Industry|Non-Metallic Minerals|Cement|Electricity,EJ/yr,0.0220390567146219,0.0221061802513053,0.0266037720149782,0.0277650373847213,0.0284003079317924,0.0294869808903169
baseline_noce,EUE,Final Energy|Industry|Non-Metallic Minerals|Cement|Gases,EJ/yr,0.0574935053712776,0.0486811749535526,0.0380181598079714,0.030181476248942497,0.0214835413995154,0.00581337662206745
baseline_noce,EUE,Final Energy|Industry|Non-Metallic Minerals|Cement|Gases|Gas,EJ/yr,0.0574808983628812,0.0486706691137927,0.038010353169732294,0.030175592978360397,0.0214797592970041,0.00581337662206745
baseline_noce,EUE,Final Energy|Industry|Non-Metallic Minerals|Cement|Liquids,EJ/yr,0.0174385182942361,0.0160675036029128,0.0156269211052225,0.0148358804108105,0.013698092801174,0.011626753154083399
baseline_noce,EUE,Final Energy|Industry|Non-Metallic Minerals|Cement|Liquids|Oil,EJ/yr,0.0174375097335644,0.016066663135732,0.0156262965741634,0.014835409749164,0.0136977902329731,0.011626753154083399
baseline_noce,EUE,Final Energy|Industry|Non-Metallic Minerals|Cement|Solids,EJ/yr,0.0637380087701825,0.0646283278529764,0.0737617622873282,0.0780584648488347,0.0807002041907731,0.08528264143489381
baseline_noce,EUE,Final Energy|Industry|Non-Metallic Minerals|Cement|Solids|Coal,EJ/yr,0.0251893070563427,0.0248296820242473,0.040569987473248297,0.0414006179762933,0.0416239804497521,0.041967646752464505
baseline_noce,EUE,Final Energy|Industry|Iron and Steel|Electricity,EJ/yr,0.055264000058373904,0.037981793618468,0.0332192973186401,0.034305012433997396,0.0470386782007712,0.0838323468670687
baseline_noce,EUE,Final Energy|Industry|Iron and Steel|Gases,EJ/yr,0.056157000095264004,0.0254542189539782,0.0008084550867682469,0.00058719708204399,0.00044544265621236,0.0008529055994409769
baseline_noce,EUE,Final Energy|Industry|Iron and Steel|Gases|Gas,EJ/yr,0.056157000095264004,0.0254542189539782,0.0008084550867682469,0.00058719708204399,0.00044544265621236,0.0008529055994409769
baseline_noce,EUE,Final Energy|Industry|Iron and Steel|Liquids,EJ/yr,0.00041600000054873296,0.00022616860817888402,7.18337719301054e-06,5.21743037553091e-06,3.9578978100327795e-06,
baseline_noce,EUE,Final Energy|Industry|Iron and Steel|Liquids|Oil,EJ/yr,0.00041600000054873296,0.00022616860817888402,7.18337719301054e-06,5.21743037553091e-06,3.9578978100327795e-06,
baseline_noce,EUE,Final Energy|Industry|Iron and Steel|Solids,EJ/yr,0.279185000368265,0.151785794926363,0.0048208922154583,0.00350151033507837,0.00265621562522597,0.00818157593537824
baseline_noce,EUE,Final Energy|Industry|Iron and Steel|Solids|Coal,EJ/yr,0.27890400036789403,0.15163302058279798,0.0048160399823062895,0.0034979860611948996,0.0026535421413687098,0.005970339196086831
baseline_noce,EUM,Final Energy|Industry|Non-Ferrous Metals|Aluminum|Electricity,EJ/yr,0.0492142898721453,0.0492398797640302,0.07462687435149211,0.0800628383193753,0.145899324783239,0.144910579011248
baseline_noce,EUM,Final Energy|Industry|Non-Ferrous Metals|Aluminum|Gases,EJ/yr,0.026155360569135498,0.0224530791232818,0.009663059971604049,0.000714981829120026,,
baseline_noce,EUM,Final Energy|Industry|Non-Ferrous Metals|Aluminum|Gases|Gas,EJ/yr,0.026155360569135498,0.0224530791232818,0.009663059971604049,0.000714981829120026,,
baseline_noce,EUM,Final Energy|Industry|Non-Ferrous Metals|Aluminum|Hydrogen,EJ/yr,,,0.008439999979391492,0.00710237783356934,0.00843999998310944,0.00843999981473142
baseline_noce,EUM,Final Energy|Industry|Non-Metallic Minerals|Cement|Electricity,EJ/yr,0.0289779950977483,0.0326571961612089,0.0351630158815541,0.0370565365225408,0.038093684617446,0.0396903864749311
baseline_noce,EUM,Final Energy|Industry|Non-Metallic Minerals|Cement|Gases,EJ/yr,0.10767942527539699,0.0988308025161512,0.077535842547702,0.0626973275511898,0.0460584656493169,0.00884696602114987
baseline_noce,EUM,Final Energy|Industry|Non-Metallic Minerals|Cement|Gases|Gas,EJ/yr,0.107561219048297,0.098732297330848,0.0774628464957828,0.0626421646452764,0.0460230037821014,0.00884696602114987
baseline_noce,EUM,Final Energy|Industry|Non-Metallic Minerals|Cement|Liquids,EJ/yr,0.0653306474342626,0.058235448050248696,0.0480219034648133,0.0409788320721556,0.032705809845570796,0.0176939319470263
baseline_noce,EUM,Final Energy|Industry|Non-Metallic Minerals|Cement|Liquids|Oil,EJ/yr,0.06529626016819719,0.058206791996342294,0.0480006682497095,0.0409627846813444,0.0326954936660172,0.0176939319470263
baseline_noce,EUM,Final Energy|Industry|Non-Metallic Minerals|Cement|Solids,EJ/yr,0.0361100680952282,0.0513397227815201,0.0726841189275904,0.088334009057164,0.10193131021478899,0.132704489555061
baseline_noce,EUM,Final Energy|Industry|Non-Metallic Minerals|Cement|Solids|Coal,EJ/yr,0.00949862256890237,0.0173986467394266,0.025061167391250097,0.0306607021082545,0.0356161469786636,0.0442348298675658
baseline_noce,EUM,Final Energy|Industry|Iron and Steel|Electricity,EJ/yr,0.172024000131876,0.12406565750380401,0.0846525750636622,0.10233951287911801,0.136424943992651,0.188682909793111
baseline_noce,EUM,Final Energy|Industry|Iron and Steel|Gases,EJ/yr,0.104030000045529,0.143615728828999,0.0968016077309654,1.40090905421387e-09,1.3443483893417601e-09,5.69150632496224e-10
baseline_noce,EUM,Final Energy|Industry|Iron and Steel|Gases|Gas,EJ/yr,0.104030000045529,0.143615728828999,0.0968016077309654,1.40090905421387e-09,1.3443483893417601e-09,5.69150632496224e-10
baseline_noce,EUM,Final Energy|Industry|Iron and Steel|Hydrogen,EJ/yr,,,0.038138948286254394,0.0381389482561438,,
baseline_noce,EUM,Final Energy|Industry|Iron and Steel|Liquids,EJ/yr,0.00774800001093821,0.00392490862110735,1.3992988495947e-10,2.09483446333699e-10,2.01025707432881e-10,
baseline_noce,EUM,Final Energy|Industry|Iron and Steel|Liquids|Oil,EJ/yr,0.00773500001091986,0.00391832320395784,1.3969510327329602e-10,2.09131964041193e-10,2.0068841597745602e-10,
baseline_noce,EUM,Final Energy|Industry|Iron and Steel|Solids,EJ/yr,0.288557089541999,0.146174605329661,5.211378457259719e-09,7.80174670830442e-09,7.48675696670903e-09,5.4596301413526805e-09
baseline_noce,EUM,Final Energy|Industry|Iron and Steel|Solids|Coal,EJ/yr,0.28853908954197405,0.146165481630631,5.21105337492502e-09,7.80126004051479e-09,7.48628994777075e-09,3.98405442747358e-09
baseline_noce,EUW,Final Energy|Industry|Non-Ferrous Metals|Aluminum|Electricity,EJ/yr,0.046847646164468,0.0643098121778358,0.07741820516017821,0.100825458107434,0.123829190940383,0.29686071974878503
baseline_noce,EUW,Final Energy|Industry|Non-Ferrous Metals|Aluminum|Gases,EJ/yr,0.0214694052808171,0.0377308902948564,0.0360896460251787,0.032124940842804796,0.0192881125071108,
baseline_noce,EUW,Final Energy|Industry|Non-Ferrous Metals|Aluminum|Gases|Gas,EJ/yr,0.0214694052808171,0.0377308902948564,0.0360896460251787,0.032124940842804796,0.0192881125071108,
baseline_noce,EUW,Final Energy|Industry|Non-Ferrous Metals|Aluminum|Hydrogen,EJ/yr,,,0.000632386073961527,0.00063238608617111,0.000632386141328298,0.000762221752778565
baseline_noce,EUW,Final Energy|Industry|Non-Metallic Minerals|Cement|Electricity,EJ/yr,0.0263989326033535,0.023709886017407398,0.0260435283664111,0.0273886222940232,0.028126700984398203,0.029401747190266298
baseline_noce,EUW,Final Energy|Industry|Non-Metallic Minerals|Cement|Gases,EJ/yr,0.06984853609435819,0.0585497014838601,0.0458577111007403,0.035701415233019396,0.0250877574605946,0.005972095705163419
baseline_noce,EUW,Final Energy|Industry|Non-Metallic Minerals|Cement|Gases|Gas,EJ/yr,0.0698042510817765,0.0585127973094348,0.045829892506456096,0.0356807488938163,0.02507447195684,0.005972095705163419
baseline_noce,EUW,Final Energy|Industry|Non-Metallic Minerals|Cement|Liquids,EJ/yr,0.019017542578915598,0.016532384170289,0.0159071954448512,0.0150849622672387,0.0139709016905605,0.011944191327722599
baseline_noce,EUW,Final Energy|Industry|Non-Metallic Minerals|Cement|Liquids|Oil,EJ/yr,0.0188371221572868,0.0163820338300377,0.0157938604311007,0.0150007660704852,0.013916775564152599,0.011944191327722599
baseline_noce,EUW,Final Energy|Industry|Non-Metallic Minerals|Cement|Solids,EJ/yr,0.07059933107618149,0.0639656447142092,0.0736875236529885,0.07915434811321831,0.08280426685186311,0.08921398773123321
baseline_noce,EUW,Final Energy|Industry|Non-Metallic Minerals|Cement|Solids|Coal,EJ/yr,0.036392849274596205,0.035117976076383596,0.0483662923618608,0.048111653955073795,0.0471850037359655,0.0423840064967707
baseline_noce,EUW,Final Energy|Industry|Iron and Steel|Electricity,EJ/yr,0.160828000048192,0.14178300909353,0.12782189395496,0.146208119848659,0.18618010374570598,0.26844785571528595
baseline_noce,EUW,Final Energy|Industry|Iron and Steel|Gases,EJ/yr,0.15262300003068902,0.124763037372412,0.0881335470072926,0.034994292634603096,0.000814279728464187,6.09301475032845e-10
baseline_noce,EUW,Final Energy|Industry|Iron and Steel|Gases|Gas,EJ/yr,0.15262300003068902,0.124763037372412,0.0881335470072926,0.034994292634603096,0.000814279728464187,6.09301475032845e-10
baseline_noce,EUW,Final Energy|Industry|Iron and Steel|Hydrogen,EJ/yr,,,0.043684325325497,0.0436843252922668,0.0436843238094941,
baseline_noce,EUW,Final Energy|Industry|Iron and Steel|Liquids,EJ/yr,0.0124320000056702,0.00994559989241911,0.0069619199995584295,0.0034823910156647304,8.103151105953931e-05,
baseline_noce,EUW,Final Energy|Industry|Iron and Steel|Liquids|Oil,EJ/yr,0.0123590000056369,0.00988719989305082,0.00692103999956103,0.0034619426128217803,8.055569861525471e-05,
baseline_noce,EUW,Final Energy|Industry|Iron and Steel|Solids,EJ/yr,0.834285045540047,0.667428311816451,0.467199938097608,0.23369584505847701,0.00543785214475972,5.8447808160558e-09
baseline_noce,EUW,Final Energy|Industry|Iron and Steel|Solids|Coal,EJ/yr,0.834268045540039,0.6674146990983091,0.467190402559362,0.23369108310165101,0.00543774133912201,4.26511032522991e-09
baseline_noce,IDN,Final Energy|Industry|Non-Ferrous Metals|Aluminum|Electricity,EJ/yr,0.0137347912980689,0.0124193785255664,0.0178186762801855,0.0203633284031908,0.0234332083924402,0.028667857541656003
baseline_noce,IDN,Final Energy|Industry|Non-Ferrous Metals|Aluminum|Gases,EJ/yr,0.00011307768737107999,0.00207442864948253,0.005055278187552491,0.006142302578379119,0.00722932707039316,0.00936989533625778
baseline_noce,IDN,Final Energy|Industry|Non-Ferrous Metals|Aluminum|Gases|Gas,EJ/yr,0.00011307768737107999,0.00207442864948253,0.005055278187552491,0.006142302578379119,0.00722932707039316,0.00936989533625778
baseline_noce,IDN,Final Energy|Industry|Non-Ferrous Metals|Aluminum|Hydrogen,EJ/yr,,,0.000559999963651756,0.00110605105529676,0.00111269239381317,0.0011126926087688899
baseline_noce,IDN,Final Energy|Industry|Non-Ferrous Metals|Aluminum|Liquids,EJ/yr,0.00119943963157698,0.00099953247247995,0.0007596451058492711,0.000559738497840124,0.000359831890667619,
baseline_noce,IDN,Final Energy|Industry|Non-Ferrous Metals|Aluminum|Liquids|Oil,EJ/yr,0.00119943963157698,0.00099953247247995,0.0007596451058492711,0.000559738497840124,0.000359831890667619,
baseline_noce,IDN,Final Energy|Industry|Non-Ferrous Metals|Aluminum|Solids,EJ/yr,0.00317841933103749,0.00264868130824814,0.00201299892516049,0.00148326236271005,0.000953525802476646,
baseline_noce,IDN,Final Energy|Industry|Non-Ferrous Metals|Aluminum|Solids|Coal,EJ/yr,0.00317841933103749,0.00264868130824814,0.00201299892516049,0.00148326236271005,0.000953525802476646,
baseline_noce,IDN,Final Energy|Industry|Non-Metallic Minerals|Cement|Electricity,EJ/yr,0.0724658057342982,0.0812438837234437,0.10391491251962501,0.12115137037976,0.133909862254431,0.157571720188466
baseline_noce,IDN,Final Energy|Industry|Non-Metallic Minerals|Cement|Gases,EJ/yr,0.0593341394340717,0.053991623777565896,0.0497723259982967,0.046273694204735795,0.061386547336381096,0.116143790125792
baseline_noce,IDN,Final Energy|Industry|Non-Metallic Minerals|Cement|Gases|Gas,EJ/yr,0.0593341394340717,0.053991623777565896,0.0497723259982967,0.046273694204735795,0.061386547336381096,0.116143790125792
baseline_noce,IDN,Final Energy|Industry|Non-Metallic Minerals|Cement|Liquids,EJ/yr,0.0769769303356274,0.0732404167863657,0.0731400875804314,0.07309138180380749,0.0710903075359888,0.06779207568353521
baseline_noce,IDN,Final Energy|Industry|Non-Metallic Minerals|Cement|Liquids|Oil,EJ/yr,0.07662888091436611,0.0729503756061923,0.07291965628029681,0.0729289587405621,0.0709858927096232,0.06779207568353521
baseline_noce,IDN,Final Energy|Industry|Non-Metallic Minerals|Cement|Solids,EJ/yr,0.505144013614905,0.489150636437794,0.50032853797852,0.5119937385008371,0.489428506161528,0.423686595432477
baseline_noce,IDN,Final Energy|Industry|Non-Metallic Minerals|Cement|Solids|Coal,EJ/yr,0.505144013614905,0.484604143364466,0.48813451557015,0.493409324749171,0.465429884563826,0.35834821236528097
baseline_noce,IDN,Final Energy|Industry|Iron and Steel|Electricity,EJ/yr,0.029588000026803597,0.050191254718736304,0.0596260229139268,0.0632030986200348,0.0680700272853592,0.07997468092403069
baseline_noce,IDN,Final Energy|Industry|Iron and Steel|Gases,EJ/yr,0.09966200019802661,0.0847441632794581,0.060825423000918595,0.0408930302748523,0.0050146737212955796,4.696853464415461e-10
baseline_noce,IDN,Final Energy|Industry|Iron and Steel|Gases|Gas,EJ/yr,0.09966200019802661,0.0847441632794581,0.060825423000918595,0.0408930302748523,0.0050146737212955796,4.696853464415461e-10
baseline_noce,IDN,Final Energy|Industry|Iron and Steel|Hydrogen,EJ/yr,,,,1.31949426857864e-10,1.8923581844682801e-10,1.94849210356369e-10
baseline_noce,IDN,Final Energy|Industry|Iron and Steel|Liquids,EJ/yr,0.0217500000164485,0.017399990665464098,0.0121799999597926,0.007829999999603,7.255729667764661e-11,
baseline_noce,IDN,Final Energy|Industry|Iron and Steel|Liquids|Oil,EJ/yr,0.0217340000164364,0.0173871906723309,0.0121710399598222,0.007824239999603291,7.25039211950332e-11,
baseline_noce,IDN,Final Energy|Industry|Iron and Steel|Solids,EJ/yr,0.153315842246234,0.208919495302703,0.263214623994934,0.383396806673285,0.328203112438517,1.6549747434304302e-10
baseline_noce,IDN,Final Energy|Industry|Iron and Steel|Solids|Coal,EJ/yr,0.153315842246234,0.20891948854544,0.263214613614855,0.383396796143345,0.328203101894623,1.6549747434304302e-10
baseline_noce,IND,Final Energy|Industry|Non-Ferrous Metals|Aluminum|Electricity,EJ/yr,0.20868156590781,0.235902988325163,0.30741765396306997,0.37126330743430297,0.407636014112484,0.41620037341293603
baseline_noce,IND,Final Energy|Industry|Non-Ferrous Metals|Aluminum|Gases,EJ/yr,0.00392944828308051,0.0295505240608935,0.0401163482322054,0.0414847157220063,0.0419849676864487,0.00642194898098026
baseline_noce,IND,Final Energy|Industry|Non-Ferrous Metals|Aluminum|Gases|Gas,EJ/yr,0.00392944828308051,0.0295505240608935,0.0401163482322054,0.0414847157220063,0.0419849676864487,0.00642194898098026
baseline_noce,IND,Final Energy|Industry|Non-Ferrous Metals|Aluminum|Hydrogen,EJ/yr,,,0.0220283357281898,0.0396520177813307,0.06803513396131579,0.131562824136986
baseline_noce,IND,Final Energy|Industry|Non-Ferrous Metals|Aluminum|Liquids,EJ/yr,0.0181915012482888,0.0151595838818123,0.0115212841344301,0.00848936725479173,0.00545745037662915,
baseline_noce,IND,Final Energy|Industry|Non-Ferrous Metals|Aluminum|Liquids|Oil,EJ/yr,0.0181915012482888,0.0151595838818123,0.0115212841344301,0.00848936725479173,0.00545745037662915,
baseline_noce,IND,Final Energy|Industry|Non-Ferrous Metals|Aluminum|Solids,EJ/yr,0.0482060269695558,0.0401716878381672,0.0305304837752461,0.0224961459339399,0.0144618080965442,
baseline_noce,IND,Final Energy|Industry|Non-Ferrous Metals|Aluminum|Solids|Coal,EJ/yr,0.0482060269695558,0.0401716878381672,0.0305304837752461,0.0224961459339399,0.0144618080965442,
baseline_noce,IND,Final Energy|Industry|Non-Metallic Minerals|Cement|Electricity,EJ/yr,0.125251575927712,0.194507629333801,0.274401571635533,0.337590646549205,0.356832285409484,0.393034227351047
baseline_noce,IND,Final Energy|Industry|Non-Metallic Minerals|Cement|Gases,EJ/yr,,0.0183383674865225,0.039485369701402,0.056789716417786004,0.0651024516920304,0.08043158829763221
baseline_noce,IND,Final Energy|Industry|Non-Metallic Minerals|Cement|Gases|Gas,EJ/yr,,0.0183383674865225,0.039485369701402,0.056789716417786004,0.0651024516920304,0.08043158829763221
baseline_noce,IND,Final Energy|Industry|Non-Metallic Minerals|Cement|Liquids,EJ/yr,0.0848900717586585,0.107418445229202,0.132734433098753,0.153194781197119,0.155671906420938,0.160863160352546
baseline_noce,IND,Final Energy|Industry|Non-Metallic Minerals|Cement|Liquids|Oil,EJ/yr,0.0848900717586585,0.107418445229202,0.132734433098753,0.153194781197119,0.155671906420938,0.160863160352546
baseline_noce,IND,Final Energy|Industry|Non-Metallic Minerals|Cement|Solids,EJ/yr,0.764010645827927,0.91175092013373,1.0761538067410799,1.20838389951763,1.2057398207107302,1.2064736945227301
baseline_noce,IND,Final Energy|Industry|Non-Metallic Minerals|Cement|Solids|Coal,EJ/yr,0.721565609948597,0.806092340469313,0.8658057773003159,0.8479546120004681,0.769257353135092,0.615542942217024
baseline_noce,IND,Final Energy|Industry|Iron and Steel|Electricity,EJ/yr,0.124895740954419,0.19886377388697302,0.381925284589447,0.598112376849457,0.920784013121443,1.95145541563475
baseline_noce,IND,Final Energy|Industry|Iron and Steel|Gases,EJ/yr,0.022066387355829,0.0921654630380103,0.219826785086102,0.219930139257439,0.951418053286791,3.95372472437555
baseline_noce,IND,Final Energy|Industry|Iron and Steel|Gases|Gas,EJ/yr,0.022066387355829,0.0921654630380103,0.219826785086102,0.219930139257439,0.951418053286791,3.95372472437555
baseline_noce,IND,Final Energy|Industry|Iron and Steel|Hydrogen,EJ/yr,,,0.07542071117133191,0.196886520787776,0.392508421516576,1.09348647011596
baseline_noce,IND,Final Energy|Industry|Iron and Steel|Liquids,EJ/yr,0.0466540001105445,0.037323195618533804,,,,
baseline_noce,IND,Final Energy|Industry|Iron and Steel|Liquids|Oil,EJ/yr,0.0466540001105445,0.037323195618533804,,,,
baseline_noce,IND,Final Energy|Industry|Iron and Steel|Solids,EJ/yr,1.85952327743467,2.24873603203539,2.33040993628041,2.54057594917058,2.01535183596729,0.390257169431792
baseline_noce,IND,Final Energy|Industry|Iron and Steel|Solids|Coal,EJ/yr,1.85952327743467,2.2487360118992603,2.33040991091752,2.54030797083781,2.0150838827237503,0.390257169307631
baseline_noce,JPN,Final Energy|Industry|Non-Ferrous Metals|Aluminum|Electricity,EJ/yr,0.000624437597459159,0.00323863614729381,0.000636301912119081,0.000484563573996083,0.00046583044664718097,0.0007505343945062179
baseline_noce,JPN,Final Energy|Industry|Non-Ferrous Metals|Aluminum|Gases,EJ/yr,0.00373156239709695,0.00608440736368651,0.00380246208448354,0.0025225361743736697,0.0018096174588468402,
baseline_noce,JPN,Final Energy|Industry|Non-Ferrous Metals|Aluminum|Gases|Gas,EJ/yr,0.00373156239709695,0.00608440736368651,0.00380246208448354,0.0025225361743736697,0.0018096174588468402,
baseline_noce,JPN,Final Energy|Industry|Non-Ferrous Metals|Aluminum|Hydrogen,EJ/yr,,,,0.000373156236019595,0.000974128083068879,0.00289979359256722
baseline_noce,JPN,Final Energy|Industry|Non-Metallic Minerals|Cement|Electricity,EJ/yr,0.019008195647891798,0.0153491197241265,0.0193264346037159,0.020805404947923902,0.0234696946027852,0.0278476381509218
baseline_noce,JPN,Final Energy|Industry|Non-Metallic Minerals|Cement|Gases,EJ/yr,0.0187228066347318,0.014914916788078401,0.012498614666870298,0.0110857609173701,0.008973990111078111,0.00590143704740525
baseline_noce,JPN,Final Energy|Industry|Non-Metallic Minerals|Cement|Gases|Gas,EJ/yr,0.0185867144739164,0.014806503403649201,0.0124185479898579,0.0110222512446033,0.008936063790375499,0.00590143704740525
baseline_noce,JPN,Final Energy|Industry|Non-Metallic Minerals|Cement|Liquids,EJ/yr,0.0453314300942437,0.036111808445557204,0.0296366599107847,0.025851562066468,0.0201456012585291,0.0118028740549098
baseline_noce,JPN,Final Energy|Industry|Non-Metallic Minerals|Cement|Liquids|Oil,EJ/yr,0.0453314300942437,0.036111808445557204,0.0296366599107847,0.025851562066468,0.0201456012585291,0.0118028740549098
baseline_noce,JPN,Final Energy|Industry|Non-Metallic Minerals|Cement|Solids,EJ/yr,0.09757634195790951,0.0777310262834246,0.07756484068502181,0.07866818939856139,0.0814429310486258,0.08642740806475009
baseline_noce,JPN,Final Energy|Industry|Non-Metallic Minerals|Cement|Solids|Coal,EJ/yr,0.0802665773333462,0.06394176169164681,0.0658512967441049,0.0604108825764793,0.0523611565994338,0.0368367007822065
baseline_noce,JPN,Final Energy|Industry|Iron and Steel|Electricity,EJ/yr,0.24258100009037,0.19994325159555398,0.180797273219722,0.212809490018869,0.262320545588796,0.466839975747528
baseline_noce,JPN,Final Energy|Industry|Iron and Steel|Gases,EJ/yr,0.0968540000335339,0.0409630911240835,0.027691245909678797,0.052579606905025104,0.000562070000922344,0.0035038360153711603
baseline_noce,JPN,Final Energy|Industry|Iron and Steel|Gases|Gas,EJ/yr,0.0968540000335339,0.0409630911240835,0.027691245909678797,0.052579606905025104,0.000562070000922344,0.0035038360153711603
baseline_noce,JPN,Final Energy|Industry|Iron and Steel|Hydrogen,EJ/yr,,,0.07376306283585281,0.19255921313501198,0.103973514093943,
baseline_noce,JPN,Final Energy|Industry|Iron and Steel|Liquids,EJ/yr,0.0507730000246206,0.033780422239359405,0.0228357269261882,0.000523875047620592,0.000463514262743149,
baseline_noce,JPN,Final Energy|Industry|Iron and Steel|Liquids|Oil,EJ/yr,0.0507730000246206,0.033780422239359405,0.0228357269261882,0.000523875047620592,0.000463514262743149,
baseline_noce,JPN,Final Energy|Industry|Iron and Steel|Solids,EJ/yr,1.49418100072455,0.994112359330781,0.6720246842672081,0.0154169370044863,0.013640600410057001,0.0336108714067085
baseline_noce,JPN,Final Energy|Industry|Iron and Steel|Solids|Coal,EJ/yr,1.4939210007244301,0.9939393715935,0.671907746347432,0.0154142543284108,0.0136382268314165,0.0245268521075981
baseline_noce,LAM,Final Energy|Industry|Non-Ferrous Metals|Aluminum|Electricity,EJ/yr,0.0250604345435915,0.0254627786331499,0.0259033246722908,0.025669459988124997,0.0239552454062135,0.030962719261839498
baseline_noce,LAM,Final Energy|Industry|Non-Ferrous Metals|Aluminum|Gases,EJ/yr,0.00196889687950727,0.0032364169119403503,0.00294677268194473,0.0027862749605589003,0.0026257772917689997,0.000528114232018025
baseline_noce,LAM,Final Energy|Industry|Non-Ferrous Metals|Aluminum|Gases|Gas,EJ/yr,0.00196889687950727,0.0032364169119403503,0.00294677268194473,0.0027862749605589003,0.0026257772917689997,0.000528114232018025
baseline_noce,LAM,Final Energy|Industry|Non-Ferrous Metals|Aluminum|Hydrogen,EJ/yr,,,0.0013899999231862098,0.00139000015872387,0.00139000023306369,0.0013900002277854998
baseline_noce,LAM,Final Energy|Industry|Non-Ferrous Metals|Aluminum|Liquids,EJ/yr,0.00398413415606125,0.00332011070743145,0.00252328496406112,0.00185926260062681,0.00119524021119178,
baseline_noce,LAM,Final Energy|Industry|Non-Ferrous Metals|Aluminum|Liquids|Oil,EJ/yr,0.00398413415606125,0.00332011070743145,0.00252328496406112,0.00185926260062681,0.00119524021119178,
baseline_noce,LAM,Final Energy|Industry|Non-Ferrous Metals|Aluminum|Solids,EJ/yr,0.0024167757156777297,0.00201397910230375,0.00153062461905309,0.0011278286639586801,0.0007250326930922239,
baseline_noce,LAM,Final Energy|Industry|Non-Ferrous Metals|Aluminum|Solids|Coal,EJ/yr,0.0024167757156777297,0.00201397910230375,0.00153062461905309,0.0011278286639586801,0.0007250326930922239,
baseline_noce,LAM,Final Energy|Industry|Non-Metallic Minerals|Cement|Electricity,EJ/yr,0.0271376802023394,0.0325774020492239,0.038542154341086106,0.044728597510854104,0.048847196630482696,0.0561764296020021
baseline_noce,LAM,Final Energy|Industry|Non-Metallic Minerals|Cement|Gases,EJ/yr,0.056146451919216404,0.058965710160883804,0.0680283339475299,0.0686032173418553,0.0610138329436786,0.046090518002341596
baseline_noce,LAM,Final Energy|Industry|Non-Metallic Minerals|Cement|Gases|Gas,EJ/yr,0.056146451919216404,0.058965710160883804,0.0680283339475299,0.0686032173418553,0.0610138329436786,0.046090518002341596
baseline_noce,LAM,Final Energy|Industry|Non-Metallic Minerals|Cement|Liquids,EJ/yr,0.061369137771522704,0.055218355014234805,0.0476070377870945,0.0417618672575367,0.035070392673452404,0.0229912594713228
baseline_noce,LAM,Final Energy|Industry|Non-Metallic Minerals|Cement|Liquids|Oil,EJ/yr,0.061369137771522704,0.055218355014234805,0.0476070377870945,0.0417618672575367,0.035070392673452404,0.0229912594713228
baseline_noce,LAM,Final Energy|Industry|Non-Metallic Minerals|Cement|Solids,EJ/yr,0.0657423813442114,0.0752275886328773,0.0790872647106563,0.09326172860230131,0.10883002790747101,0.13783955776824
baseline_noce,LAM,Final Energy|Industry|Non-Metallic Minerals|Cement|Solids|Coal,EJ/yr,0.0640612242583033,0.07178790933356581,0.0706319389338089,0.07091261602927401,0.06907753299531019,0.06467983093368071
baseline_noce,LAM,Final Energy|Industry|Iron and Steel|Electricity,EJ/yr,0.0111267778417467,0.0192916324759102,0.0248261519437126,0.0280184045064143,0.039824505484152097,0.0680748171856563
baseline_noce,LAM,Final Energy|Industry|Iron and Steel|Gases,EJ/yr,0.046032000046855995,0.00620640030079789,0.00100176325948907,0.013713441868339902,2.57512742709678e-10,6.54947308096229e-10
baseline_noce,LAM,Final Energy|Industry|Iron and Steel|Gases|Gas,EJ/yr,0.046032000046855995,0.00620640030079789,0.00100176325948907,0.013713441868339902,2.57512742709678e-10,6.54947308096229e-10
baseline_noce,LAM,Final Energy|Industry|Iron and Steel|Hydrogen,EJ/yr,,,,7.32222837250684e-11,,1.03068886053744e-10
baseline_noce,LAM,Final Energy|Industry|Iron and Steel|Liquids,EJ/yr,0.0323310000499691,0.0052676064286477,0.000850237540768743,0.011639159952233101,2.1856162022727702e-10,
baseline_noce,LAM,Final Energy|Industry|Iron and Steel|Liquids|Oil,EJ/yr,0.0323310000499691,0.0052676064286477,0.000850237540768743,0.011639159952233101,2.1856162022727702e-10,
baseline_noce,LAM,Final Energy|Industry|Iron and Steel|Solids,EJ/yr,0.023448000036240098,0.00382034521137196,0.000616633257738563,0.00844127996535711,1.5851142467258e-10,6.20607887918517e-09
baseline_noce,LAM,Final Energy|Industry|Iron and Steel|Solids|Coal,EJ/yr,0.0234400000362277,0.00381904000411696,0.000616422874504943,0.00843839996536893,1.58457343667916e-10,4.58463115667361e-09
baseline_noce,MDA,Final Energy|Industry|Non-Ferrous Metals|Aluminum|Electricity,EJ/yr,0.00486998342871366,0.00918545949441536,0.0131901348614944,0.020452035805975998,0.0325937278798301,0.0486960503526725
baseline_noce,MDA,Final Energy|Industry|Non-Ferrous Metals|Aluminum|Gases,EJ/yr,0.00178097296009795,0.00350509449002682,0.00336760422264729,0.0031627296761725,0.00271982525432033,
baseline_noce,MDA,Final Energy|Industry|Non-Ferrous Metals|Aluminum|Gases|Gas,EJ/yr,0.00178097296009795,0.00350509449002682,0.00336760422264729,0.0031627296761725,0.00271982525432033,
baseline_noce,MDA,Final Energy|Industry|Non-Ferrous Metals|Aluminum|Hydrogen,EJ/yr,,,,6.98672119214326e-11,9.263208098120141e-09,9.20807596248313e-09
baseline_noce,MDA,Final Energy|Industry|Non-Ferrous Metals|Aluminum|Liquids,EJ/yr,0.000399813217569971,0.000333177182118252,0.000253215032839359,0.000186579492517323,0.000119943962240648,
baseline_noce,MDA,Final Energy|Industry|Non-Ferrous Metals|Aluminum|Liquids|Oil,EJ/yr,0.000399813217569971,0.000333177182118252,0.000253215032839359,0.000186579492517323,0.000119943962240648,
baseline_noce,MDA,Final Energy|Industry|Non-Ferrous Metals|Aluminum|Solids,EJ/yr,0.0010594731290127,0.00088289295136342,0.00067099963524447,0.000494420769649352,0.00031784193067364,
baseline_noce,MDA,Final Energy|Industry|Non-Ferrous Metals|Aluminum|Solids|Coal,EJ/yr,0.0010594731290127,0.00088289295136342,0.00067099963524447,0.000494420769649352,0.00031784193067364,
baseline_noce,MDA,Final Energy|Industry|Non-Metallic Minerals|Cement|Electricity,EJ/yr,0.0291497929384212,0.0491256178027472,0.057914510955718,0.0608370541069512,0.06683337058220261,0.08513145866569699
baseline_noce,MDA,Final Energy|Industry|Non-Metallic Minerals|Cement|Gases,EJ/yr,0.0462981350272839,0.0547482671364097,0.0484330507331477,0.0460025136262448,0.0400266921729326,0.028471141650721902
baseline_noce,MDA,Final Energy|Industry|Non-Metallic Minerals|Cement|Gases|Gas,EJ/yr,0.0462981350272839,0.0547482671364097,0.0484330507331477,0.0460025136262448,0.0400266921729326,0.028471141650721902
baseline_noce,MDA,Final Energy|Industry|Non-Metallic Minerals|Cement|Liquids,EJ/yr,0.09732941325444991,0.0917246422062736,0.07814757806925511,0.06532983248976901,0.0525893323365224,0.0307254656876205
baseline_noce,MDA,Final Energy|Industry|Non-Metallic Minerals|Cement|Liquids|Oil,EJ/yr,0.09732941325444991,0.0917246422062736,0.07814757806925511,0.06532983248976901,0.0525893323365224,0.0307254656876205
baseline_noce,MDA,Final Energy|Industry|Non-Metallic Minerals|Cement|Solids,EJ/yr,0.0695633936430999,0.126737391749553,0.154361900456108,0.164712769160403,0.175745816968071,0.198709929837302
baseline_noce,MDA,Final Energy|Industry|Non-Metallic Minerals|Cement|Solids|Coal,EJ/yr,0.0541129001005488,0.09769549239255519,0.124368888797583,0.12385963046515801,0.135727226133498,0.16099259705946098
baseline_noce,MDA,Final Energy|Industry|Iron and Steel|Electricity,EJ/yr,0.0890120000743274,0.0626101102747941,0.0629305984232245,0.069862949665879,0.09232062939958899,0.158472690737054
baseline_noce,MDA,Final Energy|Industry|Iron and Steel|Gases,EJ/yr,0.0568760000601923,0.0144094696620766,0.017959139729302902,0.0288771069957791,0.0223134061155223,1.79571825468432e-09
baseline_noce,MDA,Final Energy|Industry|Iron and Steel|Gases|Gas,EJ/yr,0.0568760000601923,0.0144094696620766,0.017959139729302902,0.0288771069957791,0.0223134061155223,1.79571825468432e-09
baseline_noce,MDA,Final Energy|Industry|Iron and Steel|Hydrogen,EJ/yr,,,3.2947968532569097e-10,5.5065597364508e-10,6.497253659715e-10,1.0741765292320799e-10
baseline_noce,MDA,Final Energy|Industry|Iron and Steel|Liquids,EJ/yr,0.000681000000787712,0.000252789840605826,0.00013765742579724798,1.10296322403944e-06,1.30944726322955e-12,
baseline_noce,MDA,Final Energy|Industry|Iron and Steel|Liquids|Oil,EJ/yr,0.000681000000787712,0.000252789840605826,0.00013765742579724798,1.10296322403944e-06,1.30944726322955e-12,
baseline_noce,MDA,Final Energy|Industry|Iron and Steel|Solids,EJ/yr,0.178544000206522,0.0662762771515672,0.0360910327287218,0.00882920543754401,0.00853994888456339,1.5645371051791298e-08
baseline_noce,MDA,Final Energy|Industry|Iron and Steel|Solids|Coal,EJ/yr,0.178544000206522,0.0662762719011197,0.0360910215760564,0.00882919027099893,0.00853994470220537,1.14621922571378e-08
baseline_noce,MEA,Final Energy|Industry|Non-Ferrous Metals|Aluminum|Electricity,EJ/yr,0.35689115620039796,0.379210265636247,0.35488703053744597,0.364904358869217,0.406111492891175,0.612850146654092
baseline_noce,MEA,Final Energy|Industry|Non-Ferrous Metals|Aluminum|Gases,EJ/yr,0.119445670680275,0.13327610914437302,0.110149813131834,0.0910118700575486,0.0718739267203096,0.0283482891205085
baseline_noce,MEA,Final Energy|Industry|Non-Ferrous Metals|Aluminum|Gases|Gas,EJ/yr,0.119445670680275,0.13327610914437302,0.110149813131834,0.0910118700575486,0.0718739267203096,0.0283482891205085
baseline_noce,MEA,Final Energy|Industry|Non-Ferrous Metals|Aluminum|Hydrogen,EJ/yr,,,0.010175741127947599,0.0140634098510286,0.0161126484507744,0.0161126497318279
baseline_noce,MEA,Final Energy|Industry|Non-Metallic Minerals|Cement|Electricity,EJ/yr,0.0665926275547318,0.0866985269321456,0.101306433215349,0.113641186784947,0.122682209180123,0.139861825803194
baseline_noce,MEA,Final Energy|Industry|Non-Metallic Minerals|Cement|Gases,EJ/yr,0.461109094283357,0.416275560714031,0.372662908120353,0.349976122718521,0.319676139385873,0.272155995894508
baseline_noce,MEA,Final Energy|Industry|Non-Metallic Minerals|Cement|Gases|Gas,EJ/yr,0.461109094283357,0.416275560714031,0.372662908120353,0.349976122718521,0.319676139385873,0.272155995894508
baseline_noce,MEA,Final Energy|Industry|Non-Metallic Minerals|Cement|Liquids,EJ/yr,,0.0144254225155246,0.0277680220593245,0.0386009681306448,0.0479112746317316,0.0650885524312933
baseline_noce,MEA,Final Energy|Industry|Non-Metallic Minerals|Cement|Liquids|Oil,EJ/yr,,0.0144254225155246,0.0277680220593245,0.0386009681306448,0.0479112746317316,0.0650885524312933
baseline_noce,MEA,Final Energy|Industry|Non-Metallic Minerals|Cement|Solids,EJ/yr,0.07731799999647809,0.147817060318033,0.19048509468872898,0.210097599608609,0.225142185900123,0.248552423537653
baseline_noce,MEA,Final Energy|Industry|Non-Metallic Minerals|Cement|Solids|Coal,EJ/yr,0.07731799999647809,0.12425068152882901,0.16024741503122603,0.174443446893151,0.184832879865004,0.20166303306731
baseline_noce,MEA,Final Energy|Industry|Iron and Steel|Electricity,EJ/yr,0.029122112928703002,0.0392458927321056,0.045555008807061696,0.0601874577089678,0.0801180905302366,0.10466960305459899
baseline_noce,MEA,Final Energy|Industry|Iron and Steel|Gases,EJ/yr,0.154894423147966,0.146819157883542,0.022906509678660397,0.0712446136489354,0.024775735796439602,0.0279366684163821
baseline_noce,MEA,Final Energy|Industry|Iron and Steel|Gases|Gas,EJ/yr,0.154894423147966,0.146819157883542,0.022906509678660397,0.0712446136489354,0.024775735796439602,0.0279366684163821
baseline_noce,MEA,Final Energy|Industry|Iron and Steel|Hydrogen,EJ/yr,,,0.0135140356765464,0.0135140357194822,0.0135140357762352,0.013514035603922
baseline_noce,MEA,Final Energy|Industry|Iron and Steel|Liquids,EJ/yr,0.0007010000003665759,0.000534996792184571,0.000392559999869772,0.000252359999533808,0.000112159999596254,
baseline_noce,MEA,Final Energy|Industry|Iron and Steel|Liquids|Oil,EJ/yr,0.0007010000003665759,0.000534996792184571,0.000392559999869772,0.000252359999533808,0.000112159999596254,
baseline_noce,MEA,Final Energy|Industry|Iron and Steel|Solids,EJ/yr,0.0375420000196319,0.0286517284528243,0.0210235199930256,0.0135151199750331,0.00600671997837743,0.0303215376741192
baseline_noce,MEA,Final Energy|Industry|Iron and Steel|Solids|Coal,EJ/yr,0.0375420000196319,0.028651726718897,0.0210235199930256,0.0135151199750331,0.00600671997837743,0.0221265276228609
baseline_noce,MEX,Final Energy|Industry|Non-Ferrous Metals|Aluminum|Electricity,EJ/yr,4.73058765891646e-06,0.000346463970706026,0.000493523309153714,0.000567992219764354,0.0006369074248928111,0.000893333336302186
baseline_noce,MEX,Final Energy|Industry|Non-Ferrous Metals|Aluminum|Gases,EJ/yr,2.8269410900323098e-05,0.00207041521714263,0.0029492346873769104,0.00339425169706056,0.00380608051976325,0.00459678743028562
baseline_noce,MEX,Final Energy|Industry|Non-Ferrous Metals|Aluminum|Gases|Gas,EJ/yr,2.8269410900323098e-05,0.00207041521714263,0.0029492346873769104,0.00339425169706056,0.00380608051976325,0.00459678743028562
baseline_noce,MEX,Final Energy|Industry|Non-Ferrous Metals|Aluminum|Hydrogen,EJ/yr,,,,5.48207165822049e-11,3.46948915771823e-11,1.99999547239732e-05
baseline_noce,MEX,Final Energy|Industry|Non-Metallic Minerals|Cement|Electricity,EJ/yr,0.0174600096855495,0.0217566094112292,0.0248829218710753,0.0275703709431775,0.029037973729431902,0.031975537399826795
baseline_noce,MEX,Final Energy|Industry|Non-Metallic Minerals|Cement|Gases,EJ/yr,0.0338160979971534,0.0362724385450204,0.0325770047182677,0.0281749008674311,0.023503891859289902,0.0266244152979965
baseline_noce,MEX,Final Energy|Industry|Non-Metallic Minerals|Cement|Gases|Gas,EJ/yr,0.0338160979971534,0.0362724385450204,0.0325770047182677,0.0281749008674311,0.023503891859289902,0.0266244152979965
baseline_noce,MEX,Final Energy|Industry|Non-Metallic Minerals|Cement|Liquids,EJ/yr,0.0927142386870009,0.080439130299951,0.06481419343683091,0.0518296451703708,0.038307286527911204,0.014097490134885
baseline_noce,MEX,Final Energy|Industry|Non-Metallic Minerals|Cement|Liquids|Oil,EJ/yr,0.0927142386870009,0.080439130299951,0.06481419343683091,0.0518296451703708,0.038307286527911204,0.014097490134885
baseline_noce,MEX,Final Energy|Industry|Non-Metallic Minerals|Cement|Solids,EJ/yr,0.00295217157668952,0.019785934211403903,0.0394709708399022,0.0574876296617398,0.07147071050657379,0.08615550578108411
baseline_noce,MEX,Final Energy|Industry|Non-Metallic Minerals|Cement|Solids|Coal,EJ/yr,0.00295217157668952,0.0116935761114249,0.018397911165419098,0.0240754450656725,0.028408453019798698,0.0420897969770679
baseline_noce,MEX,Final Energy|Industry|Iron and Steel|Electricity,EJ/yr,0.027341907519124,0.0221116233630814,0.0259492136216679,0.0453870468561357,0.053950755410225,0.0812511656523494
baseline_noce,MEX,Final Energy|Industry|Iron and Steel|Gases,EJ/yr,0.0683544760824515,0.055623232167342204,0.0382112926645884,6.90675437824527e-08,,2.08720072741971e-08
baseline_noce,MEX,Final Energy|Industry|Iron and Steel|Gases|Gas,EJ/yr,0.0683544760824515,0.055623232167342204,0.0382112926645884,6.90675437824527e-08,,2.08720072741971e-08
baseline_noce,MEX,Final Energy|Industry|Iron and Steel|Hydrogen,EJ/yr,,,0.00225016831465584,0.0163581846710823,0.016358184364041597,0.016358184658231502
baseline_noce,MEX,Final Energy|Industry|Iron and Steel|Liquids,EJ/yr,0.00328999999804864,0.00263199958245205,0.0018423999950343299,8.93445280234656e-12,,
baseline_noce,MEX,Final Energy|Industry|Iron and Steel|Liquids|Oil,EJ/yr,0.00328999999804864,0.00263199958245205,0.0018423999950343299,8.93445280234656e-12,,
baseline_noce,MEX,Final Energy|Industry|Iron and Steel|Solids,EJ/yr,0.0684659999593916,0.0613501634699063,0.044918358430537604,3.4211890806535804e-10,,1.44717304643734e-07
baseline_noce,MEX,Final Energy|Industry|Iron and Steel|Solids|Coal,EJ/yr,0.0684659999593916,0.0613501448685291,0.0449183375081462,3.4211890806535804e-10,,1.44654647828844e-07
baseline_noce,NIG,Final Energy|Industry|Non-Metallic Minerals|Cement|Electricity,EJ/yr,0.00946431200509133,0.0125729135002222,0.013961509359952301,0.016525635957907302,0.020073754301865802,0.0275204545646138
baseline_noce,NIG,Final Energy|Industry|Non-Metallic Minerals|Cement|Gases,EJ/yr,0.040629551572203396,0.038321592798274205,0.033083630052353596,0.0289266396832752,0.0232735116527957,0.012711184525673
baseline_noce,NIG,Final Energy|Industry|Non-Metallic Minerals|Cement|Gases|Gas,EJ/yr,0.040629551572203396,0.038321592798274205,0.033083630052353596,0.0289266396832752,0.0232735116527957,0.012711184525673
baseline_noce,NIG,Final Energy|Industry|Non-Metallic Minerals|Cement|Liquids,EJ/yr,0.017412664959515697,0.016387066195940398,0.0142234262164104,0.0129797933149755,0.0121302021630087,0.0110254525392838
baseline_noce,NIG,Final Energy|Industry|Non-Metallic Minerals|Cement|Liquids|Oil,EJ/yr,0.017412664959515697,0.016387066195940398,0.0142234262164104,0.0129797933149755,0.0121302021630087,0.0110254525392838
baseline_noce,NIG,Final Energy|Industry|Non-Metallic Minerals|Cement|Solids,EJ/yr,0.00140899999849545,0.0117226402547156,0.019104026529753,0.0295224150718251,0.044589275246806996,0.075492435764279
baseline_noce,NIG,Final Energy|Industry|Non-Metallic Minerals|Cement|Solids|Coal,EJ/yr,0.00140899999849545,0.0107842772274786,0.0139807476639148,0.0178921092194858,0.0227885751780036,0.0320593703868564
baseline_noce,NIG,Final Energy|Industry|Iron and Steel|Electricity,EJ/yr,0.00023128048472135802,0.00276380306766867,0.00334778465273337,0.0040381569353831505,0.00487099798192977,0.00714032197460749
baseline_noce,NIG,Final Energy|Industry|Iron and Steel|Gases,EJ/yr,0.000165516542854132,9.558493502722e-09,,3.09333825858406e-10,,
baseline_noce,NIG,Final Energy|Industry|Iron and Steel|Gases|Gas,EJ/yr,0.000165516542854132,9.558493502722e-09,,3.09333825858406e-10,,
baseline_noce,NIG,Final Energy|Industry|Iron and Steel|Hydrogen,EJ/yr,,,,,7.447586946551711e-11,8.38488399940548e-11
baseline_noce,NIG,Final Energy|Industry|Iron and Steel|Solids,EJ/yr,,3.66788871105939e-09,,,,
baseline_noce,NIG,Final Energy|Industry|Iron and Steel|Solids|Coal,EJ/yr,,3.66788871105939e-09,,,,
baseline_noce,RUS,Final Energy|Industry|Non-Ferrous Metals|Aluminum|Electricity,EJ/yr,0.217621304100884,0.22766851488782502,0.20881610147430898,0.20758053579952498,0.214996967195641,0.349306272935376
baseline_noce,RUS,Final Energy|Industry|Non-Ferrous Metals|Aluminum|Gases,EJ/yr,0.0322214124591269,0.0471510434285156,0.0413580128116027,0.0248994849451693,0.00906555824079728,0.015976852926886602
baseline_noce,RUS,Final Energy|Industry|Non-Ferrous Metals|Aluminum|Gases|Gas,EJ/yr,0.0322214124591269,0.0471510434285156,0.0413580128116027,0.0248994849451693,0.00906555824079728,0.015976852926886602
baseline_noce,RUS,Final Energy|Industry|Non-Ferrous Metals|Aluminum|Hydrogen,EJ/yr,,,0.00791399999697074,0.0206595800395288,0.041629190812897794,0.041186454025274204
baseline_noce,RUS,Final Energy|Industry|Non-Metallic Minerals|Cement|Electricity,EJ/yr,0.0237332025787076,0.0286431213099529,0.0332887679616782,0.0351008610405362,0.036367223213625205,0.038717299164906994
baseline_noce,RUS,Final Energy|Industry|Non-Metallic Minerals|Cement|Gases,EJ/yr,0.0927709379003397,0.085558711619571,0.0687457919897184,0.054395802932385204,0.0399406123993022,0.0314506402575451
baseline_noce,RUS,Final Energy|Industry|Non-Metallic Minerals|Cement|Gases|Gas,EJ/yr,0.0927709379003397,0.085558711619571,0.0687457919897184,0.054395802932385204,0.0399406123993022,0.0314506402575451
baseline_noce,RUS,Final Energy|Industry|Non-Metallic Minerals|Cement|Liquids,EJ/yr,0.0064476331947889804,0.008791039430397801,0.010984041882869899,0.0121331037008774,0.013071762868078601,0.0147885779922663
baseline_noce,RUS,Final Energy|Industry|Non-Metallic Minerals|Cement|Liquids|Oil,EJ/yr,0.0064476331947889804,0.00879103943039781,0.010984041882869899,0.0121331037008774,0.013071762868078601,0.0147885779922663
baseline_noce,RUS,Final Energy|Industry|Non-Metallic Minerals|Cement|Solids,EJ/yr,0.009938416126787199,0.0273765092501221,0.0500657900211678,0.0650868923181166,0.0785299747798943,0.0854159813887758
baseline_noce,RUS,Final Energy|Industry|Non-Metallic Minerals|Cement|Solids|Coal,EJ/yr,0.009092157438693389,0.0161218612879156,0.039107321680633904,0.0431511304990743,0.0466689327523089,0.053069044017427604
baseline_noce,RUS,Final Energy|Industry|Iron and Steel|Electricity,EJ/yr,0.22347700012550498,0.207155083275873,0.17698109806312398,0.182183617396378,0.216699519045161,0.290148651593028
baseline_noce,RUS,Final Energy|Industry|Iron and Steel|Gases,EJ/yr,0.48852000035120896,0.5217247652453769,0.387560859020048,0.173186124102962,5.0370196146215e-05,0.100057438926549
baseline_noce,RUS,Final Energy|Industry|Iron and Steel|Gases|Gas,EJ/yr,0.48852000035120896,0.5217247652453769,0.387560859020048,0.173186124102962,5.0370196146215e-05,0.100057438926549
baseline_noce,RUS,Final Energy|Industry|Iron and Steel|Hydrogen,EJ/yr,,,0.054562793521245295,0.142436718111749,0.142436718145664,0.142436488468826
baseline_noce,RUS,Final Energy|Industry|Iron and Steel|Liquids,EJ/yr,0.013921000010041899,0.0102709071139315,0.00641055342061613,,,
baseline_noce,RUS,Final Energy|Industry|Iron and Steel|Liquids|Oil,EJ/yr,0.013921000010041899,0.0102709071139315,0.00641055342061613,,,
baseline_noce,RUS,Final Energy|Industry|Iron and Steel|Solids,EJ/yr,1.6114560011624202,1.18916741048258,0.742303706075006,0.000689016904391889,0.000483176567909049,0.000246059830917542
baseline_noce,RUS,Final Energy|Industry|Iron and Steel|Solids|Coal,EJ/yr,1.55751200112351,1.1493674537363598,0.7174626519359439,0.000558327047262281,0.000352588473689308,0.00017955743677406998
baseline_noce,SKT,Final Energy|Industry|Non-Ferrous Metals|Aluminum|Electricity,EJ/yr,0.000946117572260024,0.00042339006657079797,0.000450351963809745,0.0006914983074129139,0.0014740044939088,0.00352637329109364
baseline_noce,SKT,Final Energy|Industry|Non-Ferrous Metals|Aluminum|Gases,EJ/yr,0.0056538824219486096,0.00253011759794685,0.00269124802934552,0.0029671134561571103,0.0024224438575877996,
baseline_noce,SKT,Final Energy|Industry|Non-Ferrous Metals|Aluminum|Gases|Gas,EJ/yr,0.0056538824219486096,0.00253011759794685,0.00269124802934552,0.0029671134561571103,0.0024224438575877996,
baseline_noce,SKT,Final Energy|Industry|Non-Ferrous Metals|Aluminum|Hydrogen,EJ/yr,,,,0.0005653882395253191,0.0014759516513439702,0.00439362669833682
baseline_noce,SKT,Final Energy|Industry|Non-Metallic Minerals|Cement|Electricity,EJ/yr,0.0180033593033084,0.0182106252083638,0.0170368222931972,0.0180011842989184,0.019331904495967302,0.0214134153746553
baseline_noce,SKT,Final Energy|Industry|Non-Metallic Minerals|Cement|Gases,EJ/yr,0.0249009999970894,0.021470173163329397,0.017049680352209398,0.013091707056646999,0.0101616115208287,0.0048014900876826305
baseline_noce,SKT,Final Energy|Industry|Non-Metallic Minerals|Cement|Gases|Gas,EJ/yr,0.0249009999970894,0.021470173163329397,0.017049680352209398,0.013091707056646999,0.0101616115208287,0.0048014900876826305
baseline_noce,SKT,Final Energy|Industry|Non-Metallic Minerals|Cement|Liquids,EJ/yr,0.0236709999972332,0.0211644014657785,0.0175496115448833,0.01485540467815,0.013040889894177999,0.00960298017536525
baseline_noce,SKT,Final Energy|Industry|Non-Metallic Minerals|Cement|Liquids|Oil,EJ/yr,0.0236709999972332,0.0211644014657785,0.0175496115448833,0.01485540467815,0.013040889894177999,0.00960298017536525
baseline_noce,SKT,Final Energy|Industry|Non-Metallic Minerals|Cement|Solids,EJ/yr,0.12388399998552001,0.11402587419009,0.0976446453347273,0.08815863664200489,0.08285579027399789,0.0720223513081959
baseline_noce,SKT,Final Energy|Industry|Non-Metallic Minerals|Cement|Solids|Coal,EJ/yr,0.0940129999890112,0.0884140749489211,0.07367727283383439,0.059980601684136,0.0500509827913459,0.0240074504630652
baseline_noce,SKT,Final Energy|Industry|Iron and Steel|Electricity,EJ/yr,0.190737000063133,0.167509531230373,0.14407618698403601,0.157076312541197,0.172502328611456,0.302139857511622
baseline_noce,SKT,Final Energy|Industry|Iron and Steel|Gases,EJ/yr,0.0651470000217568,0.14892624239893,0.105817896313735,0.008928766862444601,5.40283267166217e-10,3.0171061831412997e-10
baseline_noce,SKT,Final Energy|Industry|Iron and Steel|Gases|Gas,EJ/yr,0.0651470000217568,0.14892624239893,0.105817896313735,0.008928766862444601,5.40283267166217e-10,3.0171061831412997e-10
baseline_noce,SKT,Final Energy|Industry|Iron and Steel|Hydrogen,EJ/yr,,,0.0188251071425285,0.0802244685796835,0.0802244682971328,
baseline_noce,SKT,Final Energy|Industry|Iron and Steel|Liquids,EJ/yr,0.00300300000136109,0.0024023999758580497,0.0016816799996301499,0.000813866736383062,3.56239043911953e-11,
baseline_noce,SKT,Final Energy|Industry|Iron and Steel|Liquids|Oil,EJ/yr,0.00300300000136109,0.0024023999758580497,0.0016816799996301499,0.000813866736383062,3.56239043911953e-11,
baseline_noce,SKT,Final Energy|Industry|Iron and Steel|Solids,EJ/yr,0.808970000366659,0.6472397921817099,0.453086935303951,0.219245345898037,9.596626685096629e-09,2.8941870423466497e-09
baseline_noce,SKT,Final Energy|Industry|Iron and Steel|Solids|Coal,EJ/yr,0.808970000366659,0.647239772577843,0.45308693524515703,0.219245345898037,9.596626685096629e-09,2.11197432819891e-09
baseline_noce,USA,Final Energy|Industry|Non-Ferrous Metals|Aluminum|Electricity,EJ/yr,0.0685804877303298,0.0571522267564959,0.058997474997010795,0.155454601319948,0.330605697072228,0.560648220459002
baseline_noce,USA,Final Energy|Industry|Non-Ferrous Metals|Aluminum|Gases,EJ/yr,0.0221923919777405,0.0260351390948273,0.0183856985621121,0.013462204099735598,0.00759977044217281,
baseline_noce,USA,Final Energy|Industry|Non-Ferrous Metals|Aluminum|Gases|Gas,EJ/yr,0.0221923919777405,0.0260351390948273,0.0183856985621121,0.013462204099735598,0.00759977044217281,
baseline_noce,USA,Final Energy|Industry|Non-Ferrous Metals|Aluminum|Hydrogen,EJ/yr,,,0.0078131402715387,0.0225031406501841,0.0461615345721278,0.046161532817239705
baseline_noce,USA,Final Energy|Industry|Non-Metallic Minerals|Cement|Electricity,EJ/yr,0.0435608204604365,0.0455280496880995,0.0496802266641182,0.0551906357411609,0.059253559114446,0.067023918515316
baseline_noce,USA,Final Energy|Industry|Non-Metallic Minerals|Cement|Gases,EJ/yr,0.174166313890724,0.160692467090363,0.144644807801858,0.142017445211493,0.131085658359316,0.11595893376967101
baseline_noce,USA,Final Energy|Industry|Non-Metallic Minerals|Cement|Gases|Gas,EJ/yr,0.174166313890724,0.160692467090363,0.144644807801858,0.142017445211493,0.131085658359316,0.11595893376967101
baseline_noce,USA,Final Energy|Industry|Non-Metallic Minerals|Cement|Liquids,EJ/yr,0.0216312846753952,0.0221262806137577,0.0227523946672027,0.024897554269913597,0.025910858114099898,0.0278553338907416
baseline_noce,USA,Final Energy|Industry|Non-Metallic Minerals|Cement|Liquids|Oil,EJ/yr,0.021512083595150902,0.0220269463819542,0.022681677270039897,0.0248419270991703,0.025875097790064198,0.0278553338907416
baseline_noce,USA,Final Energy|Industry|Non-Metallic Minerals|Cement|Solids,EJ/yr,0.0936016658353515,0.09524919504478249,0.09282645859870241,0.09951396943450701,0.101655534959534,0.101702018335951
baseline_noce,USA,Final Energy|Industry|Non-Metallic Minerals|Cement|Solids|Coal,EJ/yr,0.0844065905647848,0.0805893921261205,0.0774645452683502,0.08287432107668241,0.0842391401625177,0.0877743513905804
baseline_noce,USA,Final Energy|Industry|Iron and Steel|Electricity,EJ/yr,0.20441400027898102,0.185029722936915,0.15507602425141598,0.18309410686796598,0.237954879347503,0.352739156992522
baseline_noce,USA,Final Energy|Industry|Iron and Steel|Gases,EJ/yr,0.387212170118236,0.466354665171465,0.18854726644879302,0.0011713435891925299,0.000818139896682727,
baseline_noce,USA,Final Energy|Industry|Iron and Steel|Gases|Gas,EJ/yr,0.387212170118236,0.466354665171465,0.18854726644879302,0.0011713435891925299,0.000818139896682727,
baseline_noce,USA,Final Energy|Industry|Iron and Steel|Hydrogen,EJ/yr,,,0.0624330904772426,0.0624330904704219,0.0624330904399924,
baseline_noce,USA,Final Energy|Industry|Iron and Steel|Liquids,EJ/yr,0.0038000000125139903,0.00265432652788651,1.90524682196118e-05,1.483229775952e-05,1.03598012931811e-05,
baseline_noce,USA,Final Energy|Industry|Iron and Steel|Liquids|Oil,EJ/yr,0.0037260000122703,0.00260263701129082,1.8681446470072e-05,1.4543458276834601e-05,1.0158057794313899e-05,
baseline_noce,USA,Final Energy|Industry|Iron and Steel|Solids,EJ/yr,0.349637001151409,0.24422397450727,0.00175310487365631,0.00136471618078517,0.0009532030234473569,
baseline_noce,USA,Final Energy|Industry|Iron and Steel|Solids|Coal,EJ/yr,0.349637001151409,0.244223968233136,0.00175309582707117,0.00136471613493787,0.000953202973465751,
ndc_noce,AFE,Final Energy|Industry|Non-Ferrous Metals|Aluminum|Electricity,EJ/yr,,,2.47003985017361e-09,1.61976368175722e-08,1.53164224818357e-08,1.10637803044684e-08
ndc_noce,AFE,Final Energy|Industry|Non-Ferrous Metals|Aluminum|Gases,EJ/yr,,,3.69357413047065e-10,8.17358484797085e-10,1.01262466919887e-09,9.28211747587058e-10
ndc_noce,AFE,Final Energy|Industry|Non-Ferrous Metals|Aluminum|Gases|Gas,EJ/yr,,,3.69357413047065e-10,8.17358484797085e-10,1.01262466919887e-09,9.28211747587058e-10
ndc_noce,AFE,Final Energy|Industry|Non-Ferrous Metals|Aluminum|Hydrogen,EJ/yr,,,2.36461950053353e-10,2.33764488597556e-09,2.12355677578179e-09,1.43767621339519e-09
ndc_noce,AFE,Final Energy|Industry|Non-Metallic Minerals|Cement|Electricity,EJ/yr,0.0107926899200012,0.014369019910957901,0.0222771890648284,0.027412074181947698,0.0338272632889012,0.0470291077584009
ndc_noce,AFE,Final Energy|Industry|Non-Metallic Minerals|Cement|Gases,EJ/yr,0.00302885105316638,0.00368370768188669,0.0052274263571185,0.0062220279765229,0.00749349932840738,0.010140622574462198
ndc_noce,AFE,Final Energy|Industry|Non-Metallic Minerals|Cement|Gases|Gas,EJ/yr,0.00302885105316638,0.00368370768188669,0.0052274263571185,0.0062220279765229,0.00749349932840738,0.010140622574462198
ndc_noce,AFE,Final Energy|Industry|Non-Metallic Minerals|Cement|Liquids,EJ/yr,0.027390108041113203,0.025144402575756,0.023965349114557402,0.0223991372692813,0.021386657678295697,0.0202804350514524
ndc_noce,AFE,Final Energy|Industry|Non-Metallic Minerals|Cement|Liquids|Oil,EJ/yr,0.027390108041113203,0.025144402575756,0.023965349114557402,0.0223991372692813,0.021386657678295697,0.0202804350514524
ndc_noce,AFE,Final Energy|Industry|Non-Metallic Minerals|Cement|Solids,EJ/yr,0.046936999970169,0.0565090270042908,0.0793638859648293,0.0940320995168447,0.11285328919854701,0.152102857837157
ndc_noce,AFE,Final Energy|Industry|Non-Metallic Minerals|Cement|Solids|Coal,EJ/yr,0.046936999970169,0.0513291785423464,0.0672884426336467,0.0804571982944113,0.09750206422682921,0.133689906626277
ndc_noce,AFE,Final Energy|Industry|Iron and Steel|Electricity,EJ/yr,0.000115640241169888,0.00915003232106088,0.0118412094884093,0.0134724364121909,0.0153282372321002,0.019841998068732502
ndc_noce,AFE,Final Energy|Industry|Iron and Steel|Gases,EJ/yr,8.27582688555651e-05,0.006919654721863021,0.00685330172895533,3.15105941371008e-08,2.8297870649701198e-08,4.66329853282712e-08
ndc_noce,AFE,Final Energy|Industry|Iron and Steel|Gases|Gas,EJ/yr,8.27582688555651e-05,0.006919654721863021,0.00685330172895533,3.15105941371008e-08,2.8297870649701198e-08,4.66329853282712e-08
ndc_noce,AFE,Final Energy|Industry|Iron and Steel|Hydrogen,EJ/yr,,,3.9600293051948695e-05,3.9570971304360797e-05,3.9604573318585696e-05,3.6011488111174004e-07
ndc_noce,AFE,Final Energy|Industry|Iron and Steel|Solids,EJ/yr,,0.0241844849764778,0.027284236503647603,0.022774849749826197,0.0114228450769476,2.44743788139239e-07
ndc_noce,AFE,Final Energy|Industry|Iron and Steel|Solids|Coal,EJ/yr,,0.0241844802406905,0.027284221602813703,0.0227748290949588,0.0114228201312159,1.85361477069425e-07
ndc_noce,AFN,Final Energy|Industry|Non-Ferrous Metals|Aluminum|Electricity,EJ/yr,0.0174656278011104,0.0228319168255444,0.015208789172057,0.0207034390016371,0.0245832122207136,0.0436251272980022
ndc_noce,AFN,Final Energy|Industry|Non-Ferrous Metals|Aluminum|Gases,EJ/yr,0.0058908539609516496,0.00845024172301874,0.00607599237391781,0.00663450122541121,0.0056096178791927,0.00430150417215573
ndc_noce,AFN,Final Energy|Industry|Non-Ferrous Metals|Aluminum|Gases|Gas,EJ/yr,0.0058908539609516496,0.00845024172301874,0.00607599237391781,0.00663450122541121,0.0056096178791927,0.00430150417215573
ndc_noce,AFN,Final Energy|Industry|Non-Ferrous Metals|Aluminum|Hydrogen,EJ/yr,,,2.9795209117078297e-07,0.000680523188132106,0.00177597894093638,0.00528628827084773
ndc_noce,AFN,Final Energy|Industry|Non-Metallic Minerals|Cement|Electricity,EJ/yr,0.03807751928931279,0.0427796305348322,0.0504204483881576,0.0575210276584548,0.0648527844776733,0.07874347981242831
ndc_noce,AFN,Final Energy|Industry|Non-Metallic Minerals|Cement|Gases,EJ/yr,0.0647966496079232,0.0709306762735428,0.0876905199317926,0.104555551406457,0.121896185983384,0.155248124182329
ndc_noce,AFN,Final Energy|Industry|Non-Metallic Minerals|Cement|Gases|Gas,EJ/yr,0.0647966496079232,0.0709306762735428,0.0876905199317926,0.104555551406457,0.121896185983384,0.155248124182329
ndc_noce,AFN,Final Energy|Industry|Non-Metallic Minerals|Cement|Liquids,EJ/yr,0.099942466435652,0.087831416046312,0.074170579483107,0.0630464197273457,0.0520173833974621,0.0324504862204042
ndc_noce,AFN,Final Energy|Industry|Non-Metallic Minerals|Cement|Liquids|Oil,EJ/yr,0.099942466435652,0.087831416046312,0.074170579483107,0.0630464197273457,0.0520173833974621,0.0324504862204042
ndc_noce,AFN,Final Energy|Industry|Non-Metallic Minerals|Cement|Solids,EJ/yr,0.10726622551693199,0.108823292771352,0.10827213915829301,0.10699331193132301,0.105999855354706,0.104355761069855
ndc_noce,AFN,Final Energy|Industry|Non-Metallic Minerals|Cement|Solids|Coal,EJ/yr,0.10115999998021,0.10146174949280799,0.098968005592686,0.0959404149450645,0.09315063167267561,0.0881304634926389
ndc_noce,AFN,Final Energy|Industry|Iron and Steel|Electricity,EJ/yr,0.00797863387633284,0.0150390968377855,0.019142465725532697,0.0229525276691668,0.0275737416672236,0.037879990415772606
ndc_noce,AFN,Final Energy|Industry|Iron and Steel|Gases,EJ/yr,0.040447805863886,0.0558505031910575,0.0461430916839889,0.0443607323999261,0.045387267772874204,0.109330800367952
ndc_noce,AFN,Final Energy|Industry|Iron and Steel|Gases|Gas,EJ/yr,0.040447805863886,0.0558505031910575,0.0461430916839889,0.0443607323999261,0.045387267772874204,0.109330800367952
ndc_noce,AFN,Final Energy|Industry|Iron and Steel|Hydrogen,EJ/yr,,,1.73253141046404e-08,7.178198432044e-08,1.31766869270897e-07,7.871186578124741e-07
ndc_noce,AFN,Final Energy|Industry|Iron and Steel|Liquids,EJ/yr,0.00205230773348962,0.00164183843993994,0.00114927950592948,0.000737604206285118,0.00011940022734445301,
ndc_noce,AFN,Final Energy|Industry|Iron and Steel|Liquids|Oil,EJ/yr,0.00205230773348962,0.00164183843993994,0.00114927950592948,0.000737604206285118,0.00011940022734445301,
ndc_noce,AFN,Final Energy|Industry|Iron and Steel|Solids,EJ/yr,0.0200033096533126,0.0160039047246296,0.0112031924046446,0.00725414646386853,0.0012297986700998999,7.0261988567615e-05
ndc_noce,AFN,Final Energy|Industry|Iron and Steel|Solids|Coal,EJ/yr,0.0200033096533126,0.0160038973230851,0.0112031787411627,0.0072541039289556195,0.00122972625084737,7.01021512278619e-05
ndc_noce,AFW,Final Energy|Industry|Non-Ferrous Metals|Aluminum|Electricity,EJ/yr,0.00606573369885019,0.00708392377560527,0.00562111658680226,0.00492648574162513,0.0039525543719849,0.0127461099961617
ndc_noce,AFW,Final Energy|Industry|Non-Ferrous Metals|Aluminum|Gases,EJ/yr,0.000884067582760693,0.00162564241769567,0.0014861160043102598,0.0016988148557618402,0.00177241219453065,0.0050125582088822495
ndc_noce,AFW,Final Energy|Industry|Non-Ferrous Metals|Aluminum|Gases|Gas,EJ/yr,0.000884067582760693,0.00162564241769567,0.0014861160043102598,0.0016988148557618402,0.00177241219453065,0.0050125582088822495
ndc_noce,AFW,Final Energy|Industry|Non-Ferrous Metals|Aluminum|Hydrogen,EJ/yr,,,9.56155923732042e-09,4.57612399094677e-08,7.85049553346479e-08,0.00024420600495066397
ndc_noce,AFW,Final Energy|Industry|Non-Ferrous Metals|Aluminum|Liquids,EJ/yr,0.000180978807280821,0.000150815570515566,0.000114618735297748,8.445599822168411e-05,5.42928495622089e-05,
ndc_noce,AFW,Final Energy|Industry|Non-Ferrous Metals|Aluminum|Liquids|Oil,EJ/yr,0.000180978807280821,0.000150815570515566,0.000114618735297748,8.445599822168411e-05,5.42928495622089e-05,
ndc_noce,AFW,Final Energy|Industry|Non-Ferrous Metals|Aluminum|Solids,EJ/yr,0.00137866068265798,0.00114888312353508,0.0008731428073000331,0.000643369054710351,0.000413592166759817,
ndc_noce,AFW,Final Energy|Industry|Non-Ferrous Metals|Aluminum|Solids|Coal,EJ/yr,0.00137866068265798,0.00114888312353508,0.0008731428073000331,0.000643369054710351,0.000413592166759817,
ndc_noce,AFW,Final Energy|Industry|Non-Metallic Minerals|Cement|Electricity,EJ/yr,0.014212516189132399,0.0190944239800382,0.0235282130613008,0.0277853398611884,0.0330613392314216,0.0427349991263047
ndc_noce,AFW,Final Energy|Industry|Non-Metallic Minerals|Cement|Gases,EJ/yr,,0.006397261057175099,0.0114500711589169,0.0175616172347233,0.0266107472049019,0.041452675183315
ndc_noce,AFW,Final Energy|Industry|Non-Metallic Minerals|Cement|Gases|Gas,EJ/yr,,0.006397261057175099,0.0114500711589169,0.0175616172347233,0.0266107472049019,0.041452675183315
ndc_noce,AFW,Final Energy|Industry|Non-Metallic Minerals|Cement|Liquids,EJ/yr,0.0355675567003384,0.0324350666091146,0.0281268751565538,0.0247535072507915,0.021772961261945698,0.0164761713072302
ndc_noce,AFW,Final Energy|Industry|Non-Metallic Minerals|Cement|Liquids|Oil,EJ/yr,0.0355675567003384,0.0324350666091146,0.0281268751565538,0.0247535072507915,0.021772961261945698,0.0164761713072302
ndc_noce,AFW,Final Energy|Industry|Non-Metallic Minerals|Cement|Solids,EJ/yr,0.0187297089886658,0.031574352310508896,0.0452181793769151,0.056421497809792,0.0678297818091573,0.0903566952745267
ndc_noce,AFW,Final Energy|Industry|Non-Metallic Minerals|Cement|Solids|Coal,EJ/yr,0.0175593392511212,0.029201291386718602,0.0416765100850595,0.0517975841746029,0.0619272147213037,0.0821184724911645
ndc_noce,AFW,Final Energy|Industry|Iron and Steel|Electricity,EJ/yr,0.00012720424827433198,0.00011957415100391799,0.000140181405755576,0.000154440934229433,0.000170094942989238,0.000206386539189363
ndc_noce,AFW,Final Energy|Industry|Iron and Steel|Gases,EJ/yr,9.10340793813484e-05,2.02993054882644e-08,1.59037304521004e-07,0.000115568644093695,9.74207713527544e-05,0.000353929340235659
ndc_noce,AFW,Final Energy|Industry|Iron and Steel|Gases|Gas,EJ/yr,9.10340793813484e-05,2.02993054882644e-08,1.59037304521004e-07,0.000115568644093695,9.74207713527544e-05,0.000353929340235659
ndc_noce,AFW,Final Energy|Industry|Iron and Steel|Hydrogen,EJ/yr,,,8.44698901151356e-09,3.23928712467287e-08,6.89348733695258e-08,3.96328957285002e-06
ndc_noce,AFW,Final Energy|Industry|Iron and Steel|Solids,EJ/yr,,7.18038496504327e-09,2.68503178988285e-08,9.61365448114182e-08,1.1574225277404799e-07,3.0912460461396805e-07
ndc_noce,AFW,Final Energy|Industry|Iron and Steel|Solids|Coal,EJ/yr,,7.18038496504327e-09,2.68503178988285e-08,9.61365448114182e-08,1.1574225277404799e-07,3.0912460461396805e-07
ndc_noce,AFZ,Final Energy|Industry|Non-Ferrous Metals|Aluminum|Electricity,EJ/yr,0.0694004940874766,0.08116847084910139,0.0659758804077929,0.0816377636774254,0.156110936366422,0.212132698594635
ndc_noce,AFZ,Final Energy|Industry|Non-Ferrous Metals|Aluminum|Gases,EJ/yr,0.00993718000773058,0.018332550510261298,0.0170869580567162,0.0231167205701661,0.045933681402295694,0.0539515338242102
ndc_noce,AFZ,Final Energy|Industry|Non-Ferrous Metals|Aluminum|Gases|Gas,EJ/yr,0.00993718000773058,0.018332550510261298,0.0170869580567162,0.0231167205701661,0.045933681402295694,0.0539515338242102
ndc_noce,AFZ,Final Energy|Industry|Non-Ferrous Metals|Aluminum|Hydrogen,EJ/yr,,,1.99124123300502e-08,5.07695811265105e-07,0.00093532959804782,0.000937130999161035
ndc_noce,AFZ,Final Energy|Industry|Non-Ferrous Metals|Aluminum|Liquids,EJ/yr,0.00207156104902481,0.0017263007738810101,0.00131198803428876,0.000966727908390969,0.0006214679554499019,
ndc_noce,AFZ,Final Energy|Industry|Non-Ferrous Metals|Aluminum|Liquids|Oil,EJ/yr,0.00207156104902481,0.0017263007738810101,0.00131198803428876,0.000966727908390969,0.0006214679554499019,
ndc_noce,AFZ,Final Energy|Industry|Non-Ferrous Metals|Aluminum|Solids,EJ/yr,0.0157807414742472,0.013150617131092201,0.00999446480042827,0.00736434159419981,0.00473421970552141,
ndc_noce,AFZ,Final Energy|Industry|Non-Ferrous Metals|Aluminum|Solids|Coal,EJ/yr,0.0157807414742472,0.013150617131092201,0.00999446480042827,0.00736434159419981,0.00473421970552141,
ndc_noce,AFZ,Final Energy|Industry|Non-Metallic Minerals|Cement|Electricity,EJ/yr,0.00929806930741558,0.0089918336984168,0.0116148233834728,0.013382131867606301,0.0160495387924884,0.0209464520078042
ndc_noce,AFZ,Final Energy|Industry|Non-Metallic Minerals|Cement|Gases,EJ/yr,0.016488294762624603,0.0140000752071671,0.0108764942012993,0.00948868255913083,0.00762176066369296,0.00428130098606273
ndc_noce,AFZ,Final Energy|Industry|Non-Metallic Minerals|Cement|Gases|Gas,EJ/yr,0.016488294762624603,0.0140000752071671,0.0108764942012993,0.00948868255913083,0.00762176066369296,0.00428130098606273
ndc_noce,AFZ,Final Energy|Industry|Non-Metallic Minerals|Cement|Liquids,EJ/yr,0.00199229633685992,0.00217984913554318,0.00353797965616868,0.0045179391077607494,0.00594809977839306,0.00856232930641318
ndc_noce,AFZ,Final Energy|Industry|Non-Metallic Minerals|Cement|Liquids|Oil,EJ/yr,0.00199229633685992,0.00217984913554318,0.00353797965616868,0.0045179391077607494,0.00594809977839306,0.00856232930641318
ndc_noce,AFZ,Final Energy|Industry|Non-Metallic Minerals|Cement|Solids,EJ/yr,0.0442914081534095,0.040806491359573795,0.0429034803892421,0.0466956676996166,0.0525303206044333,0.0633322252246284
ndc_noce,AFZ,Final Energy|Industry|Non-Metallic Minerals|Cement|Solids|Coal,EJ/yr,0.042946451004866805,0.0394258828559278,0.0409294277252958,0.044273903361684804,0.0494516016186048,0.059051014038533196
ndc_noce,AFZ,Final Energy|Industry|Iron and Steel|Electricity,EJ/yr,0.0689799999501153,0.011788057256704301,0.013085279690374102,0.0140834206079632,0.0146204751188819,0.019794138895230802
ndc_noce,AFZ,Final Energy|Industry|Iron and Steel|Gases,EJ/yr,0.009200000038080709,0.00716917895502024,0.00394955017559791,0.010426458623499,0.0164685744282312,0.023368117571195602
ndc_noce,AFZ,Final Energy|Industry|Iron and Steel|Gases|Gas,EJ/yr,0.009200000038080709,0.00716917895502024,0.00394955017559791,0.010426458623499,0.0164685744282312,0.023368117571195602
ndc_noce,AFZ,Final Energy|Industry|Iron and Steel|Hydrogen,EJ/yr,,,6.05779098212966e-09,1.77237112433136e-08,2.26625874866269e-08,3.87956728240927e-08
ndc_noce,AFZ,Final Energy|Industry|Iron and Steel|Liquids,EJ/yr,0.000505999999548769,5.40208553439864e-11,2.38980096596633e-11,2.35814062411216e-10,2.3276696813222898e-10,
ndc_noce,AFZ,Final Energy|Industry|Iron and Steel|Liquids|Oil,EJ/yr,0.000505999999548769,5.40208553439864e-11,2.38980096596633e-11,2.35814062411216e-10,2.3276696813222898e-10,
ndc_noce,AFZ,Final Energy|Industry|Iron and Steel|Solids,EJ/yr,0.0957695876228641,0.024034263039997603,0.027646778926111,0.0776474694502661,0.131710937398992,0.180008343881325
ndc_noce,AFZ,Final Energy|Industry|Iron and Steel|Solids|Coal,EJ/yr,0.0957695876228641,0.0240342570924517,0.0276467671079885,0.0776474453933803,0.1317109007241,0.180008283224951
ndc_noce,ANZ,Final Energy|Industry|Non-Ferrous Metals|Aluminum|Electricity,EJ/yr,0.10504570732132,0.102609165448571,0.0924041191463545,0.09386323762005461,0.104671683573914,0.11383977049496499
ndc_noce,ANZ,Final Energy|Industry|Non-Ferrous Metals|Aluminum|Gases,EJ/yr,0.029829913693241998,0.029115146818166997,0.0198947271582105,0.012848209523118699,0.00179534300323971,1.91581978215937e-08
ndc_noce,ANZ,Final Energy|Industry|Non-Ferrous Metals|Aluminum|Gases|Gas,EJ/yr,0.029829913693241998,0.029115146818166997,0.0198947271582105,0.012848209523118699,0.00179534300323971,1.91581978215937e-08
ndc_noce,ANZ,Final Energy|Industry|Non-Ferrous Metals|Aluminum|Hydrogen,EJ/yr,,,6.54498056503047e-08,0.00560210412991809,0.014623836391417401,0.0206756207182964
ndc_noce,ANZ,Final Energy|Industry|Non-Ferrous Metals|Aluminum|Solids,EJ/yr,0.0116955712499429,0.0097463090854098,0.00740718419582041,0.00545787330015789,0.000767939496933097,
ndc_noce,ANZ,Final Energy|Industry|Non-Ferrous Metals|Aluminum|Solids|Coal,EJ/yr,0.0116955712499429,0.0097463090854098,0.00740718419582041,0.00545787330015789,0.000767939496933097,
ndc_noce,ANZ,Final Energy|Industry|Non-Metallic Minerals|Cement|Electricity,EJ/yr,0.0044852609045919,0.004682118392941,0.00574652069069054,0.0070098958107069,0.00873233880232119,0.009318792452196939
ndc_noce,ANZ,Final Energy|Industry|Non-Metallic Minerals|Cement|Gases,EJ/yr,0.013822788693892,0.013339265106841402,0.00938107972348235,0.0065924142106400995,0.00190586843749784,0.00145227254949821
ndc_noce,ANZ,Final Energy|Industry|Non-Metallic Minerals|Cement|Gases|Gas,EJ/yr,0.0137989726255219,0.0133194183858026,0.009368820298942291,0.00658555191744804,0.0019058683543886198,0.00145227254949821
ndc_noce,ANZ,Final Energy|Industry|Non-Metallic Minerals|Cement|Liquids,EJ/yr,0.0020524859885705502,0.00207451152919432,0.0023116364621301702,0.00253413415184417,0.0027986726556036,0.0029045302764274398
ndc_noce,ANZ,Final Energy|Industry|Non-Metallic Minerals|Cement|Liquids|Oil,EJ/yr,0.0020524859885705502,0.00207451152919432,0.0023116364621301702,0.00253413415184417,0.0027986726556036,0.0029045302764274398
ndc_noce,ANZ,Final Energy|Industry|Non-Metallic Minerals|Cement|Solids,EJ/yr,0.00714539439219683,0.00704707261087212,0.0110263029945984,0.0138766046144089,0.018261520358720203,0.0193435426367423
ndc_noce,ANZ,Final Energy|Industry|Non-Metallic Minerals|Cement|Solids|Coal,EJ/yr,0.006275103604648321,0.00613972250730917,0.00995072001602815,0.012654445911601,0.0168621656361072,0.0178912720063788
ndc_noce,ANZ,Final Energy|Industry|Iron and Steel|Electricity,EJ/yr,0.017187000041837798,0.0141593353561969,0.0108209965306526,0.0103451418256805,0.00990748693400486,0.009085096681657101
ndc_noce,ANZ,Final Energy|Industry|Iron and Steel|Gases,EJ/yr,0.00842400004975673,0.00515845736521973,6.25645340403016e-06,0.000345209147482955,0.000887948026903544,0.00140208929757077
ndc_noce,ANZ,Final Energy|Industry|Iron and Steel|Gases|Gas,EJ/yr,0.00842400004975673,0.00515845736521973,6.25645340403016e-06,0.000345209147482955,0.000887948026903544,0.00140208929757077
ndc_noce,ANZ,Final Energy|Industry|Iron and Steel|Hydrogen,EJ/yr,,,3.94636875272486e-09,2.08487997172987e-08,4.63693466594875e-08,9.17603458330662e-08
ndc_noce,ANZ,Final Energy|Industry|Iron and Steel|Liquids,EJ/yr,0.0008710000024996189,0.000479446476857179,8.59077780559401e-07,2.0999090015725302e-07,3.0123894364066697e-09,
ndc_noce,ANZ,Final Energy|Industry|Iron and Steel|Liquids|Oil,EJ/yr,0.0008710000024996189,0.000479446476857179,8.59077780559401e-07,2.0999090015725302e-07,3.0123894364066697e-09,
ndc_noce,ANZ,Final Energy|Industry|Iron and Steel|Solids,EJ/yr,0.0682280001958026,0.0375565020577757,6.730472388564849e-05,0.00017526768480041898,0.000159317583492916,0.000169570513156806
ndc_noce,ANZ,Final Energy|Industry|Iron and Steel|Solids|Coal,EJ/yr,0.0682280001958026,0.037556499123658,6.730365531014209e-05,0.000132385266825331,0.000116393138494764,0.000123842263097803
ndc_noce,ASC,Final Energy|Industry|Non-Ferrous Metals|Aluminum|Electricity,EJ/yr,0.0234360066824002,0.0246857093411062,0.019031017948398697,0.0389506480622232,0.044956381288508096,0.058446183602716195
ndc_noce,ASC,Final Energy|Industry|Non-Ferrous Metals|Aluminum|Gases,EJ/yr,2.8269408879391797e-05,0.0023086172713676,0.00229555436672712,0.00907518461262373,0.0110660603354647,0.0108210393454006
ndc_noce,ASC,Final Energy|Industry|Non-Ferrous Metals|Aluminum|Gases|Gas,EJ/yr,2.8269408879391797e-05,0.0023086172713676,0.00229555436672712,0.00907518461262373,0.0110660603354647,0.0108210393454006
ndc_noce,ASC,Final Energy|Industry|Non-Ferrous Metals|Aluminum|Hydrogen,EJ/yr,,,1.35403182233706e-08,0.000840020920811558,0.00219272203661142,0.00652690267494153
ndc_noce,ASC,Final Energy|Industry|Non-Ferrous Metals|Aluminum|Liquids,EJ/yr,0.00204904270298732,0.00170753522591683,0.00129772280752488,0.000956218810335761,0.00061471207808104,
ndc_noce,ASC,Final Energy|Industry|Non-Ferrous Metals|Aluminum|Liquids|Oil,EJ/yr,0.00204904270298732,0.00170753522591683,0.00129772280752488,0.000956218810335761,0.00061471207808104,
ndc_noce,ASC,Final Energy|Industry|Non-Ferrous Metals|Aluminum|Solids,EJ/yr,0.00542979968798726,0.0045248321196007,0.00343886190615724,0.00253390355917867,0.00162893796449448,
ndc_noce,ASC,Final Energy|Industry|Non-Ferrous Metals|Aluminum|Solids|Coal,EJ/yr,0.00542979968798726,0.0045248321196007,0.00343886190615724,0.00253390355917867,0.00162893796449448,
ndc_noce,ASC,Final Energy|Industry|Non-Metallic Minerals|Cement|Electricity,EJ/yr,0.0155374375733569,0.0204417020291967,0.024725995855166102,0.0283181097489145,0.0313634935165867,0.037155726323052
ndc_noce,ASC,Final Energy|Industry|Non-Metallic Minerals|Cement|Gases,EJ/yr,0.0504411350638439,0.0486969010402438,0.0401221976980328,0.0329810917723993,0.0257280537625005,0.0121063739576411
ndc_noce,ASC,Final Energy|Industry|Non-Metallic Minerals|Cement|Gases|Gas,EJ/yr,0.0504411350638439,0.0486969010402438,0.0401221976980328,0.0329810917723993,0.0257280537625005,0.0121063739576411
ndc_noce,ASC,Final Energy|Industry|Non-Metallic Minerals|Cement|Liquids,EJ/yr,0.0033096297800898097,0.00582683274042136,0.008191921777589551,0.0101717848611292,0.011927755667887901,0.015215673052741501
ndc_noce,ASC,Final Energy|Industry|Non-Metallic Minerals|Cement|Liquids|Oil,EJ/yr,0.0033096297800898097,0.00582683274042136,0.008191921777589551,0.0101717848611292,0.011927755667887901,0.015215673052741501
ndc_noce,ASC,Final Energy|Industry|Non-Metallic Minerals|Cement|Solids,EJ/yr,0.0458272493354731,0.0560772113912809,0.069614354439112,0.08096247192455,0.09063138706459149,0.109619010464291
ndc_noce,ASC,Final Energy|Industry|Non-Metallic Minerals|Cement|Solids|Coal,EJ/yr,0.045826446222204505,0.0545421065903241,0.0665658944734719,0.0766484050257065,0.0851636593698304,0.10201110730358
ndc_noce,ASC,Final Energy|Industry|Iron and Steel|Electricity,EJ/yr,0.0542452367640772,0.0399590841730661,0.0135410808140622,0.012931595188019701,0.015305064645314101,0.0214036614554953
ndc_noce,ASC,Final Energy|Industry|Iron and Steel|Gases,EJ/yr,0.0252260000679268,0.017088206007920298,0.0017854136282772798,0.00025368225179001703,0.000115306679493093,6.65553034372628e-07
ndc_noce,ASC,Final Energy|Industry|Iron and Steel|Gases|Gas,EJ/yr,0.0252260000679268,0.017088206007920298,0.0017854136282772798,0.00025368225179001703,0.000115306679493093,6.65553034372628e-07
ndc_noce,ASC,Final Energy|Industry|Iron and Steel|Hydrogen,EJ/yr,,,0.00284371659073315,0.0028437096037526102,0.0028437144466404002,0.00284374321676873
ndc_noce,ASC,Final Energy|Industry|Iron and Steel|Liquids,EJ/yr,0.0134489484691566,0.009063549851427419,0.00076546771214103,1.88580759659875e-06,2.1230514071363504e-06,
ndc_noce,ASC,Final Energy|Industry|Iron and Steel|Liquids|Oil,EJ/yr,0.0134489484691566,0.009063549851427419,0.00076546771214103,1.88580759659875e-06,2.1230514071363504e-06,
ndc_noce,ASC,Final Energy|Industry|Iron and Steel|Solids,EJ/yr,0.104216284051841,0.0798200964062518,0.032534371302483996,0.0522561291668124,0.06413744575635459,0.149063562044658
ndc_noce,ASC,Final Energy|Industry|Iron and Steel|Solids|Coal,EJ/yr,0.104216284051841,0.0798200963543498,0.032534371160731,0.0522561275108134,0.064137443331187,0.149063498993536
ndc_noce,ASE,Final Energy|Industry|Non-Ferrous Metals|Aluminum|Electricity,EJ/yr,0.0435707722500263,0.0535880119699549,0.0688854299298194,0.0806838067316428,0.08838734011611901,0.10105061875891999
ndc_noce,ASE,Final Energy|Industry|Non-Ferrous Metals|Aluminum|Gases,EJ/yr,0.0008198129521262501,0.0103153231783033,0.0168372946468235,0.0190020719582598,0.021166864367391,0.024679819993868597
ndc_noce,ASE,Final Energy|Industry|Non-Ferrous Metals|Aluminum|Gases|Gas,EJ/yr,0.0008198129521262501,0.0103153231783033,0.0168372946468235,0.0190020719582598,0.021166864367391,0.024679819993868597
ndc_noce,ASE,Final Energy|Industry|Non-Ferrous Metals|Aluminum|Hydrogen,EJ/yr,,,0.00210000999141205,0.005482083136596459,0.0109289173030312,0.0109289948962011
ndc_noce,ASE,Final Energy|Industry|Non-Ferrous Metals|Aluminum|Liquids,EJ/yr,0.00379822551965923,0.0031651873542452,0.0024055423630914697,0.00177250418506016,0.0011394667723031,
ndc_noce,ASE,Final Energy|Industry|Non-Ferrous Metals|Aluminum|Liquids|Oil,EJ/yr,0.00379822551965923,0.0031651873542452,0.0024055423630914697,0.00177250418506016,0.0011394667723031,
ndc_noce,ASE,Final Energy|Industry|Non-Ferrous Metals|Aluminum|Solids,EJ/yr,0.0100649946003973,0.00838749396654627,0.00637449534531981,0.00469699467803395,0.00301949603866381,
ndc_noce,ASE,Final Energy|Industry|Non-Ferrous Metals|Aluminum|Solids|Coal,EJ/yr,0.0100649946003973,0.00838749396654627,0.00637449534531981,0.00469699467803395,0.00301949603866381,
ndc_noce,ASE,Final Energy|Industry|Non-Metallic Minerals|Cement|Electricity,EJ/yr,0.0350102183817449,0.0512793300532631,0.0602170149674292,0.0675272613135145,0.0725081938796224,0.0820279433289919
ndc_noce,ASE,Final Energy|Industry|Non-Metallic Minerals|Cement|Gases,EJ/yr,0.0238608285732818,0.0379660001582263,0.036951810807918595,0.036017147427635204,0.0345434435314943,0.030426471361392197
ndc_noce,ASE,Final Energy|Industry|Non-Metallic Minerals|Cement|Gases|Gas,EJ/yr,0.0238608285732818,0.0379660001582263,0.036951810807918595,0.036017147427635204,0.0345434435314943,0.030426471361392197
ndc_noce,ASE,Final Energy|Industry|Non-Metallic Minerals|Cement|Liquids,EJ/yr,0.0107067737670864,0.019004230485159798,0.0243787976992211,0.0286785585978199,0.0319002084079549,0.0379739105300747
ndc_noce,ASE,Final Energy|Industry|Non-Metallic Minerals|Cement|Liquids|Oil,EJ/yr,0.0107067737670864,0.019004230485159798,0.0243787976992211,0.0286785585978199,0.0319002084079549,0.0379739105300747
ndc_noce,ASE,Final Energy|Industry|Non-Metallic Minerals|Cement|Solids,EJ/yr,0.249142515523816,0.270192134450903,0.276733025161834,0.280840912744243,0.27686295544468403,0.27336480474136604
ndc_noce,ASE,Final Energy|Industry|Non-Metallic Minerals|Cement|Solids|Coal,EJ/yr,0.236347119544318,0.252946503248084,0.258288173455673,0.247503982109644,0.220636731063769,0.169166304050375
ndc_noce,ASE,Final Energy|Industry|Iron and Steel|Electricity,EJ/yr,0.0220517430162302,0.0116138904678698,0.0114719104940544,0.0113015485324674,0.0111311724181072,0.0107904415996312
ndc_noce,ASE,Final Energy|Industry|Iron and Steel|Gases,EJ/yr,0.0149250000758923,2.39614201842494e-08,4.4895429071921905e-08,6.72186932376125e-08,5.49747249649046e-08,1.0237235548632601e-07
ndc_noce,ASE,Final Energy|Industry|Iron and Steel|Gases|Gas,EJ/yr,0.0149250000758923,2.39614201842494e-08,4.4895429071921905e-08,6.72186932376125e-08,5.49747249649046e-08,1.0237235548632601e-07
ndc_noce,ASE,Final Energy|Industry|Iron and Steel|Hydrogen,EJ/yr,,,5.22581134314188e-09,1.00963041103177e-08,1.13036323618394e-08,2.86179620090638e-08
ndc_noce,ASE,Final Energy|Industry|Iron and Steel|Liquids,EJ/yr,0.0020648657559992198,5.76470197685546e-10,8.43057428719857e-10,1.86164467403572e-09,1.2899099410355601e-09,
ndc_noce,ASE,Final Energy|Industry|Iron and Steel|Liquids|Oil,EJ/yr,0.0020648657559992198,5.76470197685546e-10,8.43057428719857e-10,1.86164467403572e-09,1.2899099410355601e-09,
ndc_noce,ASE,Final Energy|Industry|Iron and Steel|Solids,EJ/yr,0.00787700007179751,2.9434196975028702e-08,7.97514321657985e-08,1.2549362755177e-07,1.5315998315531301e-07,3.1625152679645197e-07
ndc_noce,ASE,Final Energy|Industry|Iron and Steel|Solids|Coal,EJ/yr,0.00787700007179751,2.45760180844615e-08,6.44115450543589e-08,1.02404339479937e-07,1.22436018383397e-07,2.5175673138860397e-07
ndc_noce,ASO,Final Energy|Industry|Non-Ferrous Metals|Aluminum|Electricity,EJ/yr,,,4.59029537338971e-09,6.91275948120676e-08,5.71985570768051e-08,1.49991904061167e-08
ndc_noce,ASO,Final Energy|Industry|Non-Ferrous Metals|Aluminum|Gases,EJ/yr,,,7.55842511010225e-10,7.55091852188726e-10,8.70050754930346e-10,8.917990575905519e-10
ndc_noce,ASO,Final Energy|Industry|Non-Ferrous Metals|Aluminum|Gases|Gas,EJ/yr,,,7.55842511010225e-10,7.55091852188726e-10,8.70050754930346e-10,8.917990575905519e-10
ndc_noce,ASO,Final Energy|Industry|Non-Ferrous Metals|Aluminum|Hydrogen,EJ/yr,,,5.01130175577748e-10,1.07255944337551e-08,8.83678050357435e-09,2.18602899079177e-09
ndc_noce,ASO,Final Energy|Industry|Non-Metallic Minerals|Cement|Electricity,EJ/yr,0.0364989135106312,0.0373603163952476,0.0549636152439887,0.0757700421058387,0.0881837609045283,0.112730307188729
ndc_noce,ASO,Final Energy|Industry|Non-Metallic Minerals|Cement|Gases,EJ/yr,,0.00133871813813937,0.006145808822007791,0.011329359757900401,0.0148950388266394,0.021737801243034698
ndc_noce,ASO,Final Energy|Industry|Non-Metallic Minerals|Cement|Gases|Gas,EJ/yr,,0.00133871813813937,0.006145808822007791,0.011329359757900401,0.0148950388266394,0.021737801243034698
ndc_noce,ASO,Final Energy|Industry|Non-Metallic Minerals|Cement|Liquids,EJ/yr,0.0183117737197756,0.0179372343056171,0.0238890434870559,0.031204165709568802,0.0352835391136054,0.0434753206265462
ndc_noce,ASO,Final Energy|Industry|Non-Metallic Minerals|Cement|Liquids|Oil,EJ/yr,0.0183117737197756,0.0179372343056171,0.0238890434870559,0.031204165709568802,0.0352835391136054,0.0434753206265462
ndc_noce,ASO,Final Energy|Industry|Non-Metallic Minerals|Cement|Solids,EJ/yr,0.131497020112988,0.129661515974418,0.175468284578137,0.231305240891525,0.262874076678936,0.32606471502587603
ndc_noce,ASO,Final Energy|Industry|Non-Metallic Minerals|Cement|Solids|Coal,EJ/yr,0.131497020112988,0.128322761691635,0.169318809886318,0.206374547311,0.212478541511736,0.268826445834323
ndc_noce,ASO,Final Energy|Industry|Iron and Steel|Electricity,EJ/yr,0.00715337999765443,0.00784725886222043,0.00782579935368832,0.00887019874710977,0.0100505064730583,0.0129118824705982
ndc_noce,ASO,Final Energy|Industry|Iron and Steel|Gases,EJ/yr,0.00509395932461645,4.7948158534637205e-09,1.32666474959621e-08,2.98233227884548e-08,1.76696259771966e-08,6.997037800327e-08
ndc_noce,ASO,Final Energy|Industry|Iron and Steel|Gases|Gas,EJ/yr,0.00509395932461645,4.7948158534637205e-09,1.32666474959621e-08,2.98233227884548e-08,1.76696259771966e-08,6.997037800327e-08
ndc_noce,ASO,Final Energy|Industry|Iron and Steel|Hydrogen,EJ/yr,,,3.2346012871693e-09,1.0183148086155199e-08,1.10514884912939e-08,3.3753031141392806e-08
ndc_noce,ASO,Final Energy|Industry|Iron and Steel|Solids,EJ/yr,,3.14497918817484e-09,1.5384275918620002e-08,3.52955583757116e-08,2.4726169847641898e-08,8.859622807600849e-08
ndc_noce,ASO,Final Energy|Industry|Iron and Steel|Solids|Coal,EJ/yr,,3.14497918817484e-09,1.5384275918620002e-08,3.52955583757116e-08,2.4726169847641898e-08,8.859622807600849e-08
ndc_noce,BRA,Final Energy|Industry|Non-Ferrous Metals|Aluminum|Electricity,EJ/yr,0.00938040026218108,0.057505632895389396,0.0638568565494183,0.0664474233644641,0.061412577884484794,0.0455903561038535
ndc_noce,BRA,Final Energy|Industry|Non-Ferrous Metals|Aluminum|Gases,EJ/yr,0.0037442729270032,0.0150892953177123,0.0151918336745879,0.0147923039137637,0.0150361869319135,0.00971223961947112
ndc_noce,BRA,Final Energy|Industry|Non-Ferrous Metals|Aluminum|Gases|Gas,EJ/yr,0.0037442729270032,0.0150892953177123,0.0151918336745879,0.0147923039137637,0.0150361869319135,0.00971223961947112
ndc_noce,BRA,Final Energy|Industry|Non-Ferrous Metals|Aluminum|Hydrogen,EJ/yr,,,0.00030294538749828996,0.000302960578798299,0.000302976266983959,0.000303010375581922
ndc_noce,BRA,Final Energy|Industry|Non-Ferrous Metals|Aluminum|Liquids,EJ/yr,0.0014102345876703599,0.00496108565267683,0.0037704241392973402,0.000845932478320901,3.77793913548124e-09,
ndc_noce,BRA,Final Energy|Industry|Non-Ferrous Metals|Aluminum|Liquids|Oil,EJ/yr,0.0014102345876703599,0.00496108565267683,0.0037704241392973402,0.000845932478320901,3.77793913548124e-09,
ndc_noce,BRA,Final Energy|Industry|Non-Ferrous Metals|Aluminum|Solids,EJ/yr,0.0008554482784434971,0.00300939447798108,0.00228713922290894,0.000513142627890364,2.2916978194745303e-09,
ndc_noce,BRA,Final Energy|Industry|Non-Ferrous Metals|Aluminum|Solids|Coal,EJ/yr,0.0008554482784434971,0.00300939447798108,0.00228713922290894,0.000513142627890364,2.2916978194745303e-09,
ndc_noce,BRA,Final Energy|Industry|Non-Metallic Minerals|Cement|Electricity,EJ/yr,0.0239368601989486,0.030733453319692298,0.0338016587339588,0.037223187851187806,0.0396995198677812,0.041039787545724
ndc_noce,BRA,Final Energy|Industry|Non-Metallic Minerals|Cement|Gases,EJ/yr,0.0361229656138218,0.0391124471955025,0.0338798388279421,0.0257512001343257,0.016594606301207102,0.015566365132621501
ndc_noce,BRA,Final Energy|Industry|Non-Metallic Minerals|Cement|Gases|Gas,EJ/yr,0.0361229656138218,0.0391124471955025,0.0338798388279421,0.0257512001343257,0.016594606301207102,0.015566365132621501
ndc_noce,BRA,Final Energy|Industry|Non-Metallic Minerals|Cement|Liquids,EJ/yr,0.0922562333405582,0.076467736333847,0.062259113451241806,0.040359108009922,0.0158345008282935,0.015909164636834502
ndc_noce,BRA,Final Energy|Industry|Non-Metallic Minerals|Cement|Liquids|Oil,EJ/yr,0.0920904382652713,0.0763385051558026,0.0621608980123535,0.040307643866562895,0.0158345008136505,0.015909164636834502
ndc_noce,BRA,Final Energy|Industry|Non-Metallic Minerals|Cement|Solids,EJ/yr,0.008594438573753131,0.0322022277992074,0.053469454754289304,0.0819056120683839,0.11008133599188401,0.11170694677841099
ndc_noce,BRA,Final Energy|Industry|Non-Metallic Minerals|Cement|Solids|Coal,EJ/yr,0.00361840480099801,0.0173676617289527,0.0290227971605884,0.0373244854780054,0.0474475806679002,0.0472470087793822
ndc_noce,BRA,Final Energy|Industry|Iron and Steel|Electricity,EJ/yr,0.085629999983583,0.0813580547495955,0.090756767676463,0.114874824456215,0.15145186572847502,0.27328222750262
ndc_noce,BRA,Final Energy|Industry|Iron and Steel|Gases,EJ/yr,0.047779999970382,0.0992124488026801,0.156208460850314,0.184581792711935,0.153979819421487,0.128301850658723
ndc_noce,BRA,Final Energy|Industry|Iron and Steel|Gases|Gas,EJ/yr,0.047779999970382,0.0992124488026801,0.156208460850314,0.184581792711935,0.153979819421487,0.128301850658723
ndc_noce,BRA,Final Energy|Industry|Iron and Steel|Hydrogen,EJ/yr,,,0.022758068674753003,0.0594101618317335,0.118438695646427,0.118439760331604
ndc_noce,BRA,Final Energy|Industry|Iron and Steel|Liquids,EJ/yr,0.0121713557762191,0.009329843185268959,0.0068159544098945705,0.0031376157104022902,6.159985484811381e-10,
ndc_noce,BRA,Final Energy|Industry|Iron and Steel|Liquids|Oil,EJ/yr,0.0120679999984412,0.009250616744378631,0.00675807521530968,0.00311097194794235,6.10767659641889e-10,
ndc_noce,BRA,Final Energy|Industry|Iron and Steel|Solids,EJ/yr,0.418677023948498,0.322128535121878,0.235654548172672,0.109125057372438,6.215506253222441e-06,2.57110848171494e-07
ndc_noce,BRA,Final Energy|Industry|Iron and Steel|Solids|Coal,EJ/yr,0.416238837192815,0.319938190761656,0.233967789756879,0.108175151906729,6.08771826841104e-06,2.28599893329031e-07
ndc_noce,CAN,Final Energy|Industry|Non-Ferrous Metals|Aluminum|Electricity,EJ/yr,0.17146033742376698,0.19647632622901198,0.198552844522178,0.175690188607961,0.186756509465102,0.132818875067091
ndc_noce,CAN,Final Energy|Industry|Non-Ferrous Metals|Aluminum|Gases,EJ/yr,0.032759845681375,0.0467431713513496,0.0404991789169604,0.0359228195128699,0.029739804553983,0.0187383831198845
ndc_noce,CAN,Final Energy|Industry|Non-Ferrous Metals|Aluminum|Gases|Gas,EJ/yr,0.032759845681375,0.0467431713513496,0.0404991789169604,0.0359228195128699,0.029739804553983,0.0187383831198845
ndc_noce,CAN,Final Energy|Industry|Non-Ferrous Metals|Aluminum|Hydrogen,EJ/yr,,,0.00451955015075532,0.00451959549043498,0.004519611310016131,0.00452029048311939
ndc_noce,CAN,Final Energy|Industry|Non-Metallic Minerals|Cement|Electricity,EJ/yr,0.00677382046299721,0.0077077199609127504,0.00899407550938585,0.0095857464445467,0.010060121436757899,0.0124619349452233
ndc_noce,CAN,Final Energy|Industry|Non-Metallic Minerals|Cement|Gases,EJ/yr,0.0229036899141381,0.021590020721693498,0.0175243095940402,0.0180209594153987,0.018032421932706502,0.0133303505607297
ndc_noce,CAN,Final Energy|Industry|Non-Metallic Minerals|Cement|Gases|Gas,EJ/yr,0.0229036899141381,0.021590020721693498,0.0175243095940402,0.0180209594153987,0.018032421932706502,0.0133303505607297
ndc_noce,CAN,Final Energy|Industry|Non-Metallic Minerals|Cement|Liquids,EJ/yr,0.0131772854592049,0.0119663018166591,0.0102292833766858,0.00906574734671765,0.007635296240914949,0.005254650173031479
ndc_noce,CAN,Final Energy|Industry|Non-Metallic Minerals|Cement|Liquids|Oil,EJ/yr,0.0131772854592049,0.0119663018166591,0.0102292833766858,0.00906574734671765,0.007635296240914949,0.005254650173031479
ndc_noce,CAN,Final Energy|Industry|Non-Metallic Minerals|Cement|Solids,EJ/yr,0.0105353219927366,0.014157676363236501,0.0196316316591598,0.0204007992241287,0.0209422615303907,0.026861579124133002
ndc_noce,CAN,Final Energy|Industry|Non-Metallic Minerals|Cement|Solids|Coal,EJ/yr,0.00647446836715147,0.0102809550715072,0.0160677290944987,0.017047312365927,0.017882690898125803,0.024233979277051402
ndc_noce,CAN,Final Energy|Industry|Iron and Steel|Electricity,EJ/yr,0.0294979999949019,0.0270885258671896,0.0252775083446963,0.0242404038873091,0.0232625402106812,0.0213716171957447
ndc_noce,CAN,Final Energy|Industry|Iron and Steel|Gases,EJ/yr,0.0748609999830704,0.033448906541084,2.02542045406968e-08,1.20425480297216e-07,2.38017309351324e-07,0.000125441152354196
ndc_noce,CAN,Final Energy|Industry|Iron and Steel|Gases|Gas,EJ/yr,0.0748099999830659,0.033427889717447104,2.0251568310105e-08,1.20415035150347e-07,2.38001236834233e-07,0.000125441152354196
ndc_noce,CAN,Final Energy|Industry|Iron and Steel|Hydrogen,EJ/yr,,,0.00985374751707473,0.009853701192497271,0.009853720597404539,0.009853873918429689
ndc_noce,CAN,Final Energy|Industry|Iron and Steel|Liquids,EJ/yr,0.000184000000015968,7.58254029254434e-05,9.511106448861979e-12,3.76844514498639e-11,5.79871204832109e-11,
ndc_noce,CAN,Final Energy|Industry|Iron and Steel|Liquids|Oil,EJ/yr,0.000184000000015968,7.58254029254434e-05,9.511106448861979e-12,3.76844514498639e-11,5.79871204832109e-11,
ndc_noce,CAN,Final Energy|Industry|Iron and Steel|Solids,EJ/yr,0.102245000008873,0.0421346643328857,3.09288004914189e-08,2.06925609175601e-07,3.78513809035974e-07,0.000835903853968406
ndc_noce,CAN,Final Energy|Industry|Iron and Steel|Solids|Coal,EJ/yr,0.102235000008872,0.042130539809194095,2.8136111590808403e-08,1.9196199849577e-07,3.52884750962312e-07,0.00083581584706856
ndc_noce,CHL,Final Energy|Industry|Non-Ferrous Metals|Aluminum|Electricity,EJ/yr,,,7.85341978524876e-09,5.04259691798649e-08,4.68871421232723e-08,2.3534658788379898e-08
ndc_noce,CHL,Final Energy|Industry|Non-Ferrous Metals|Aluminum|Gases,EJ/yr,,,7.77415969630785e-10,1.74767302667418e-09,2.2059536566378797e-09,1.3917437295735301e-09
ndc_noce,CHL,Final Energy|Industry|Non-Ferrous Metals|Aluminum|Gases|Gas,EJ/yr,,,7.77415969630785e-10,1.74767302667418e-09,2.2059536566378797e-09,1.3917437295735301e-09
ndc_noce,CHL,Final Energy|Industry|Non-Ferrous Metals|Aluminum|Hydrogen,EJ/yr,,,1.05784394634333e-09,7.5666967334899e-09,6.86437081935207e-09,3.15496898859533e-09
ndc_noce,CHL,Final Energy|Industry|Non-Metallic Minerals|Cement|Electricity,EJ/yr,0.00206372999077877,0.00191201655384482,0.00252692886416583,0.00280438710354514,0.00296623468674141,0.00327380019093837
ndc_noce,CHL,Final Energy|Industry|Non-Metallic Minerals|Cement|Gases,EJ/yr,0.000220590581792476,0.00055432391467968,0.0006916698489091,0.000773245386278783,0.0008340813791151041,0.000925793213210502
ndc_noce,CHL,Final Energy|Industry|Non-Metallic Minerals|Cement|Gases|Gas,EJ/yr,0.000220590581792476,0.00055432391467968,0.0006916698489091,0.000773245386278783,0.0008340813791151041,0.000925793213210502
ndc_noce,CHL,Final Energy|Industry|Non-Metallic Minerals|Cement|Liquids,EJ/yr,0.00551777807735007,0.00467225713467226,0.00361680707206402,0.00324843064392986,0.00252381124137663,0.0012257657755490202
ndc_noce,CHL,Final Energy|Industry|Non-Metallic Minerals|Cement|Liquids|Oil,EJ/yr,0.00551777807735007,0.00467225713467226,0.00361680707206402,0.00324843064392986,0.00252381124137663,0.0012257657755490202
ndc_noce,CHL,Final Energy|Industry|Non-Metallic Minerals|Cement|Solids,EJ/yr,5.9667944255342e-05,0.00027216693832789,0.00298672916313616,0.004548395450287859,0.0060009085001886606,0.00868329873829884
ndc_noce,CHL,Final Energy|Industry|Non-Metallic Minerals|Cement|Solids|Coal,EJ/yr,5.9667944255342e-05,0.000235084797123963,0.0027545052039417398,0.00421162009460636,0.00556661549187906,0.00807033333201861
ndc_noce,CHL,Final Energy|Industry|Iron and Steel|Electricity,EJ/yr,0.0026000000000718703,0.00233856767620211,0.0011659667616245,0.00149908232262158,0.00185521819070015,0.0023046455162424604
ndc_noce,CHL,Final Energy|Industry|Iron and Steel|Gases,EJ/yr,0.000600000033204337,2.9866983907688198e-05,4.28480345584547e-05,0.00021599836192132398,1.29098986594798e-05,1.53398068623119e-06
ndc_noce,CHL,Final Energy|Industry|Iron and Steel|Gases|Gas,EJ/yr,0.000600000033204337,2.9866983907688198e-05,4.28480345584547e-05,0.00021599836192132398,1.29098986594798e-05,1.53398068623119e-06
ndc_noce,CHL,Final Energy|Industry|Iron and Steel|Hydrogen,EJ/yr,,,4.6525161057954995e-09,3.17381510650231e-08,4.9202720609946404e-08,1.23446430197827e-07
ndc_noce,CHL,Final Energy|Industry|Iron and Steel|Liquids,EJ/yr,0.000348999999602791,0.000133014888007659,0.000190740980243082,0.00012563970423107402,5.5839744872203406e-05,
ndc_noce,CHL,Final Energy|Industry|Iron and Steel|Liquids|Oil,EJ/yr,0.000348999999602791,0.000133014888007659,0.000190740980243082,0.00012563970423107402,5.5839744872203406e-05,
ndc_noce,CHL,Final Energy|Industry|Iron and Steel|Solids,EJ/yr,0.011461999986954699,0.0043685362253466095,0.00626443494803871,0.004127813382914441,0.00183625265911319,1.04820724042085e-05
ndc_noce,CHL,Final Energy|Industry|Iron and Steel|Solids|Coal,EJ/yr,0.011461999986954699,0.00436853556633842,0.00626443193170524,0.00412779469166491,0.0018362235630574998,1.0403771176183701e-05
ndc_noce,CHN,Final Energy|Industry|Non-Ferrous Metals|Aluminum|Electricity,EJ/yr,1.7936419854605798,2.4150062691797696,2.3512650313239,2.05516205708186,1.80594031626466,1.18232658881961
ndc_noce,CHN,Final Energy|Industry|Non-Ferrous Metals|Aluminum|Gases,EJ/yr,0.111179977745368,0.477704357368506,0.465147250881678,0.463480632488397,0.464222488564205,0.415257414955332
ndc_noce,CHN,Final Energy|Industry|Non-Ferrous Metals|Aluminum|Gases|Gas,EJ/yr,0.111179977745368,0.477704357368506,0.465147250881678,0.463480632488397,0.464222488564205,0.415257414955332
ndc_noce,CHN,Final Energy|Industry|Non-Ferrous Metals|Aluminum|Hydrogen,EJ/yr,,,1.3306886781270303e-07,4.83982211705027e-07,8.045220891223091e-07,1.2542196767711e-06
ndc_noce,CHN,Final Energy|Industry|Non-Ferrous Metals|Aluminum|Liquids,EJ/yr,0.0531227298454363,0.044268941415695,0.0336443953531225,0.0247906071022063,0.015936818834558098,
ndc_noce,CHN,Final Energy|Industry|Non-Ferrous Metals|Aluminum|Liquids|Oil,EJ/yr,0.0531227298454363,0.044268941415695,0.0336443953531225,0.0247906071022063,0.015936818834558098,
ndc_noce,CHN,Final Energy|Industry|Non-Ferrous Metals|Aluminum|Solids,EJ/yr,0.5947128341913329,0.495594027125092,0.37665145924025095,0.27753265417597,0.17841384892437198,
ndc_noce,CHN,Final Energy|Industry|Non-Ferrous Metals|Aluminum|Solids|Coal,EJ/yr,0.5947128341913329,0.495594027125092,0.37665145924025095,0.27753265417597,0.17841384892437198,
ndc_noce,CHN,Final Energy|Industry|Non-Metallic Minerals|Cement|Electricity,EJ/yr,0.9699590537663061,0.784696876998007,0.6241666325923889,0.510899076457914,0.5193591057827,0.527502474988941
ndc_noce,CHN,Final Energy|Industry|Non-Metallic Minerals|Cement|Gases,EJ/yr,,2.0635617201612598e-09,0.0100576888971374,0.0124652760928045,0.045259569120420104,0.102923617436228
ndc_noce,CHN,Final Energy|Industry|Non-Metallic Minerals|Cement|Gases|Gas,EJ/yr,,2.0635617201612598e-09,0.0100576888971374,0.0124652760928045,0.045259569120420104,0.102923617436228
ndc_noce,CHN,Final Energy|Industry|Non-Metallic Minerals|Cement|Liquids,EJ/yr,0.36656999999627404,0.293491595846043,0.23651300788601698,0.19599646206410198,0.200489963525977,0.205846816407391
ndc_noce,CHN,Final Energy|Industry|Non-Metallic Minerals|Cement|Liquids|Oil,EJ/yr,0.36656999999627404,0.293491595846043,0.23651300788601698,0.19599646206410198,0.200489963525977,0.205846816407391
ndc_noce,CHN,Final Energy|Industry|Non-Metallic Minerals|Cement|Solids,EJ/yr,4.954122029498779,3.9664816464074404,3.07543711605191,2.4989020246816698,2.16512873953301,1.5438509096781499
ndc_noce,CHN,Final Energy|Industry|Non-Metallic Minerals|Cement|Solids|Coal,EJ/yr,4.9428260294989,3.95743758448219,3.0587110483726203,2.48116530492685,2.11648041699147,1.4409274122945102
ndc_noce,CHN,Final Energy|Industry|Iron and Steel|Electricity,EJ/yr,2.47642600007881,2.37045310144187,1.97026915252606,1.61836238940323,1.4709526342333699,1.67894553561889
ndc_noce,CHN,Final Energy|Industry|Iron and Steel|Gases,EJ/yr,0.480778000628011,0.27202853360106,0.190420091809729,0.17308036015939898,0.0922472079839606,0.0153232459605427
ndc_noce,CHN,Final Energy|Industry|Iron and Steel|Gases|Gas,EJ/yr,0.480778000628011,0.27202853360106,0.190420091809729,0.17308036015939898,0.0922472079839606,0.0153232459605427
ndc_noce,CHN,Final Energy|Industry|Iron and Steel|Hydrogen,EJ/yr,,,1.6230868800838102e-08,3.80514858582541e-08,7.69578844795815e-08,1.3649875607253302e-07
ndc_noce,CHN,Final Energy|Industry|Iron and Steel|Liquids,EJ/yr,0.054172999999870595,0.0433383999146702,0.0303368798705941,0.0195022798229096,0.008667679889374232,
ndc_noce,CHN,Final Energy|Industry|Iron and Steel|Liquids|Oil,EJ/yr,0.054172999999870595,0.0433383999146702,0.0303368798705941,0.0195022798229096,0.008667679889374232,
ndc_noce,CHN,Final Energy|Industry|Iron and Steel|Solids,EJ/yr,13.5616469999676,13.0389935563589,11.002126064469,9.36839613004516,8.62631168845421,7.04773762583606
ndc_noce,CHN,Final Energy|Industry|Iron and Steel|Solids|Coal,EJ/yr,13.5309239999676,13.0144151488721,10.9849211683606,9.357335809135721,8.62139592936692,7.04773746658595
ndc_noce,ENE,Final Energy|Industry|Non-Ferrous Metals|Aluminum|Electricity,EJ/yr,0.00687950497994513,0.00387748639713294,0.00462417825190237,0.00532601900711409,0.0059054025546990095,0.006635166224228419
ndc_noce,ENE,Final Energy|Industry|Non-Ferrous Metals|Aluminum|Gases,EJ/yr,0.00337268019713746,0.0020108881487599,0.00235367228841112,0.00255218858694208,0.00270209015467886,0.00284853278585685
ndc_noce,ENE,Final Energy|Industry|Non-Ferrous Metals|Aluminum|Gases|Gas,EJ/yr,0.00337268019713746,0.0020108881487599,0.00235367228841112,0.00255218858694208,0.00270209015467886,0.00284853278585685
ndc_noce,ENE,Final Energy|Industry|Non-Ferrous Metals|Aluminum|Hydrogen,EJ/yr,,,1.96465728758033e-07,5.03465637153616e-07,8.33686989716672e-07,1.5104913302508699e-06
ndc_noce,ENE,Final Energy|Industry|Non-Metallic Minerals|Cement|Electricity,EJ/yr,0.00933980700913933,0.00825796518150473,0.010176007936887001,0.0116878986316542,0.0126897509921242,0.0139556777658577
ndc_noce,ENE,Final Energy|Industry|Non-Metallic Minerals|Cement|Gases,EJ/yr,0.0188614752573516,0.0158198688249286,0.012828115126646299,0.010343557254935399,0.00774947373603951,0.0029647253683683303
ndc_noce,ENE,Final Energy|Industry|Non-Metallic Minerals|Cement|Gases|Gas,EJ/yr,0.0188614752573516,0.0158198688249286,0.012828115126646299,0.010343557254935399,0.00774947373603951,0.0029647253683683303
ndc_noce,ENE,Final Energy|Industry|Non-Metallic Minerals|Cement|Liquids,EJ/yr,0.00980556821805081,0.00837524038473649,0.00797497387900164,0.0076587167041545995,0.00712338621449298,0.00592896280280494
ndc_noce,ENE,Final Energy|Industry|Non-Metallic Minerals|Cement|Liquids|Oil,EJ/yr,0.00980556821805081,0.00837524038473649,0.00797497387900164,0.0076587167041545995,0.00712338621449298,0.00592896280280494
ndc_noce,ENE,Final Energy|Industry|Non-Metallic Minerals|Cement|Solids,EJ/yr,0.0324630064012303,0.0285820059657865,0.033646269462126295,0.0381207828233753,0.040952231561031505,0.044317605277595595
ndc_noce,ENE,Final Energy|Industry|Non-Metallic Minerals|Cement|Solids|Coal,EJ/yr,0.032280410356977596,0.028327866894933,0.0326482082634471,0.0364941468664572,0.0388065536206974,0.041353061980562204
ndc_noce,ENE,Final Energy|Industry|Iron and Steel|Electricity,EJ/yr,0.082467999990625,0.0377770160656388,0.0372363555671237,0.0346402369783805,0.0357113487103551,0.035431425421918
ndc_noce,ENE,Final Energy|Industry|Iron and Steel|Gases,EJ/yr,0.0722769999925328,0.0150437977437165,0.0155050336179582,0.0260197825560864,0.0115647411314418,0.000239962038046417
ndc_noce,ENE,Final Energy|Industry|Iron and Steel|Gases|Gas,EJ/yr,0.0722769999925328,0.0150437977437165,0.0155050336179582,0.0260197825560864,0.0115647411314418,0.000239962038046417
ndc_noce,ENE,Final Energy|Industry|Iron and Steel|Hydrogen,EJ/yr,,,5.0308869901883e-09,1.99255597538957e-08,3.90929609009953e-08,7.99838470508368e-08
ndc_noce,ENE,Final Energy|Industry|Iron and Steel|Liquids,EJ/yr,0.0069309999994862995,0.00151607366380016,0.00156255445949121,0.0024951597569236,0.00110895987292621,
ndc_noce,ENE,Final Energy|Industry|Iron and Steel|Liquids|Oil,EJ/yr,0.0069309999994862995,0.00151607366380016,0.00156255445949121,0.0024951597569236,0.00110895987292621,
ndc_noce,ENE,Final Energy|Industry|Iron and Steel|Solids,EJ/yr,0.406826999969848,0.08898858708499939,0.091716921885651,0.146459501581085,0.103058672623873,0.147285614731982
ndc_noce,ENE,Final Energy|Industry|Iron and Steel|Solids|Coal,EJ/yr,0.406712999969856,0.0889636483207987,0.0916912146228928,0.146418440327505,0.103040395061895,0.14728553819045
ndc_noce,ENW,Final Energy|Industry|Non-Ferrous Metals|Aluminum|Electricity,EJ/yr,0.128987269253121,0.121788280662748,0.11686189454495001,0.08891581858495261,0.0536982240160563,0.0256107473651112
ndc_noce,ENW,Final Energy|Industry|Non-Ferrous Metals|Aluminum|Gases,EJ/yr,0.0426129531703767,0.0396482277044798,0.0240329773380616,0.0137902922342271,0.00264021757500283,7.85522892299392e-09
ndc_noce,ENW,Final Energy|Industry|Non-Ferrous Metals|Aluminum|Gases|Gas,EJ/yr,0.0426129531703767,0.0396482277044798,0.0240329773380616,0.0137902922342271,0.00264021757500283,7.85522892299392e-09
ndc_noce,ENW,Final Energy|Industry|Non-Ferrous Metals|Aluminum|Hydrogen,EJ/yr,,,0.00680597848638247,0.00680603052613164,0.006806018107378521,4.7192607937650803e-08
ndc_noce,ENW,Final Energy|Industry|Non-Metallic Minerals|Cement|Electricity,EJ/yr,0.00598135453063405,0.0056513153411308,0.00636586946158054,0.00723269952481116,0.0079791058749022,0.00954800399058378
ndc_noce,ENW,Final Energy|Industry|Non-Metallic Minerals|Cement|Gases,EJ/yr,0.024113679144128798,0.0192088906354938,0.0158798365746761,0.0123004258653504,0.00869259896954798,0.00225166587735714
ndc_noce,ENW,Final Energy|Industry|Non-Metallic Minerals|Cement|Gases|Gas,EJ/yr,0.0240310773911959,0.019143828082753,0.0158275222782979,0.0122618784408456,0.00866781849192091,0.00225166587735714
ndc_noce,ENW,Final Energy|Industry|Non-Metallic Minerals|Cement|Liquids,EJ/yr,0.00483730714928698,0.0042409284213057894,0.004279363409350221,0.0043521567369698795,0.00436815100329627,0.00450323362509144
ndc_noce,ENW,Final Energy|Industry|Non-Metallic Minerals|Cement|Liquids|Oil,EJ/yr,0.00483730714928698,0.0042409284213057894,0.004279363409350221,0.0043521567369698795,0.00436815100329627,0.00450323362509144
ndc_noce,ENW,Final Energy|Industry|Non-Metallic Minerals|Cement|Solids,EJ/yr,0.0196601453076259,0.0187162285289174,0.0215694609219723,0.024885329051808198,0.0277752162692228,0.0337742031233743
ndc_noce,ENW,Final Energy|Industry|Non-Metallic Minerals|Cement|Solids|Coal,EJ/yr,0.010315473965992,0.00920201803424756,0.00957248659156094,0.0100507744311497,0.0103870692849321,0.0112581314511856
ndc_noce,ENW,Final Energy|Industry|Iron and Steel|Electricity,EJ/yr,0.0349990000235426,0.0147420181838538,0.00849106423026667,0.00764368825349338,0.0068953953395113395,0.00560859690427606
ndc_noce,ENW,Final Energy|Industry|Iron and Steel|Gases,EJ/yr,0.017269000003182503,0.00166304882824578,4.10969529919772e-05,2.82875158642991e-05,1.54752285754424e-05,5.48872303351038e-07
ndc_noce,ENW,Final Energy|Industry|Iron and Steel|Gases|Gas,EJ/yr,0.017269000003182503,0.00166304882824578,4.10969529919772e-05,2.82875158642991e-05,1.54752285754424e-05,5.48872303351038e-07
ndc_noce,ENW,Final Energy|Industry|Iron and Steel|Hydrogen,EJ/yr,,,2.0535334480871803e-09,7.921522222451751e-09,8.71634880501951e-09,1.91168657032351e-08
ndc_noce,ENW,Final Energy|Industry|Iron and Steel|Liquids,EJ/yr,0.000955000000932158,0.000122604658032516,3.0295410796386302e-06,2.08474019798597e-06,1.1402325804271601e-06,
ndc_noce,ENW,Final Energy|Industry|Iron and Steel|Liquids|Oil,EJ/yr,0.000955000000932158,0.000122604658032516,3.0295410796386302e-06,2.08474019798597e-06,1.1402325804271601e-06,
ndc_noce,ENW,Final Energy|Industry|Iron and Steel|Solids,EJ/yr,0.121482000118577,0.0155960889660253,0.00038538141606507797,0.000265204144672576,0.000145057692219561,5.1825824178690696e-06
ndc_noce,ENW,Final Energy|Industry|Iron and Steel|Solids|Coal,EJ/yr,0.12083000011794,0.0155123833691789,0.00038331258525154,0.00026377961426831396,0.00014427766259471,3.80979665122689e-06
ndc_noce,EUE,Final Energy|Industry|Non-Ferrous Metals|Aluminum|Electricity,EJ/yr,0.0346814141033775,0.0586717390826077,0.0356613515530302,0.0248880947995236,0.0235061856879815,0.0117112856521066
ndc_noce,EUE,Final Energy|Industry|Non-Ferrous Metals|Aluminum|Gases,EJ/yr,0.0169190857194608,0.026768740032347,0.017248856468827,0.013564266416555499,0.0131393586106589,0.00871017848348184
ndc_noce,EUE,Final Energy|Industry|Non-Ferrous Metals|Aluminum|Gases|Gas,EJ/yr,0.0169190857194608,0.026768740032347,0.017248856468827,0.013564266416555499,0.0131393586106589,0.00871017848348184
ndc_noce,EUE,Final Energy|Industry|Non-Ferrous Metals|Aluminum|Hydrogen,EJ/yr,,,1.5488592492245997e-08,4.67380885671938e-08,6.887952071793689e-08,9.79078324118019e-07
ndc_noce,EUE,Final Energy|Industry|Non-Metallic Minerals|Cement|Electricity,EJ/yr,0.0220390567146219,0.0221061802513053,0.02600759252874,0.0271688615640297,0.030103193130812802,0.0355432687762113
ndc_noce,EUE,Final Energy|Industry|Non-Metallic Minerals|Cement|Gases,EJ/yr,0.0574935053712776,0.0486811749535526,0.0380465668343995,0.037716389539705804,0.0291515020910421,0.0137344657037553
ndc_noce,EUE,Final Energy|Industry|Non-Metallic Minerals|Cement|Gases|Gas,EJ/yr,0.0574808983628812,0.0486706691137927,0.0380387601910386,0.0377105062707634,0.0291477199900235,0.0137344657037553
ndc_noce,EUE,Final Energy|Industry|Non-Metallic Minerals|Cement|Liquids,EJ/yr,0.0174385182942361,0.0160675036029128,0.0156837035856082,0.014892658337207999,0.0140201471151869,0.0124511239902343
ndc_noce,EUE,Final Energy|Industry|Non-Metallic Minerals|Cement|Liquids|Oil,EJ/yr,0.0174375097335644,0.016066663135732,0.0156830790541393,0.0148921876756927,0.0140198445471054,0.0124511239902343
ndc_noce,EUE,Final Energy|Industry|Non-Metallic Minerals|Cement|Solids,EJ/yr,0.0637380087701825,0.0646283278529764,0.0748405646514378,0.0716307328767818,0.074227850884809,0.0787246022616758
ndc_noce,EUE,Final Energy|Industry|Non-Metallic Minerals|Cement|Solids|Coal,EJ/yr,0.0251893070563427,0.0248296820242473,0.041620389642711204,0.0424510617700749,0.0504558953412455,0.0655342604603181
ndc_noce,EUE,Final Energy|Industry|Iron and Steel|Electricity,EJ/yr,0.055264000058373904,0.037981793618468,0.033219264057890906,0.031342839098816,0.029576872685661,0.0257985509806506
ndc_noce,EUE,Final Energy|Industry|Iron and Steel|Gases,EJ/yr,0.056157000095264004,0.0254542189539782,0.0007895473258223679,0.000596163345191594,0.000459631668110079,0.000957798663672486
ndc_noce,EUE,Final Energy|Industry|Iron and Steel|Gases|Gas,EJ/yr,0.056157000095264004,0.0254542189539782,0.0007895473258223679,0.000596163345191594,0.000459631668110079,0.000957798663672486
ndc_noce,EUE,Final Energy|Industry|Iron and Steel|Hydrogen,EJ/yr,,,3.48512630597268e-09,1.1935945759894501e-08,1.54997448847945e-08,3.2834107991206596e-08
ndc_noce,EUE,Final Energy|Industry|Iron and Steel|Liquids,EJ/yr,0.00041600000054873296,0.00022616860817888402,7.01525832638264e-06,5.29664068306924e-06,4.08337556542496e-06,
ndc_noce,EUE,Final Energy|Industry|Iron and Steel|Liquids|Oil,EJ/yr,0.00041600000054873296,0.00022616860817888402,7.01525832638264e-06,5.29664068306924e-06,4.08337556542496e-06,
ndc_noce,EUE,Final Energy|Industry|Iron and Steel|Solids,EJ/yr,0.279185000368265,0.151785794926363,0.00470808673414662,0.00355473978328177,0.00274052712833029,0.00918698535859625
ndc_noce,EUE,Final Energy|Industry|Iron and Steel|Solids|Coal,EJ/yr,0.27890400036789403,0.15163302058279798,0.00470334588380694,0.00355115483679311,0.0027377564472946896,0.00670409501787528
ndc_noce,EUM,Final Energy|Industry|Non-Ferrous Metals|Aluminum|Electricity,EJ/yr,0.0492142898721453,0.0492398797640302,0.0746268781942193,0.07885889282799001,0.07882603387772259,0.0783480417918199
ndc_noce,EUM,Final Energy|Industry|Non-Ferrous Metals|Aluminum|Gases,EJ/yr,0.026155360569135498,0.0224530791232818,0.00966306123370902,0.000714980221567451,0.000510662335937137,1.39622194720635e-08
ndc_noce,EUM,Final Energy|Industry|Non-Ferrous Metals|Aluminum|Gases|Gas,EJ/yr,0.026155360569135498,0.0224530791232818,0.00966306123370902,0.000714980221567451,0.000510662335937137,1.39622194720635e-08
ndc_noce,EUM,Final Energy|Industry|Non-Ferrous Metals|Aluminum|Hydrogen,EJ/yr,,,0.008439999596880049,0.00844015635612857,0.00844012065471355,0.00844003458978853
ndc_noce,EUM,Final Energy|Industry|Non-Metallic Minerals|Cement|Electricity,EJ/yr,0.0289779950977483,0.0326571961612089,0.0351630160570783,0.0370565384415072,0.0380936856671728,0.0396903862798087
ndc_noce,EUM,Final Energy|Industry|Non-Metallic Minerals|Cement|Gases,EJ/yr,0.10767942527539699,0.0988308025161512,0.0775358458516779,0.0626973182558713,0.046058474352780106,0.015163862513579601
ndc_noce,EUM,Final Energy|Industry|Non-Metallic Minerals|Cement|Gases|Gas,EJ/yr,0.107561219048297,0.098732297330848,0.07746284980032171,0.0626421553711626,0.0460230124973212,0.015163862513579601
ndc_noce,EUM,Final Energy|Industry|Non-Metallic Minerals|Cement|Liquids,EJ/yr,0.0653306474342626,0.058235448050248696,0.0480219030386079,0.0409788233293908,0.0327058049307635,0.017693931606013902
ndc_noce,EUM,Final Energy|Industry|Non-Metallic Minerals|Cement|Liquids|Oil,EJ/yr,0.06529626016819719,0.058206791996342294,0.048000667823668006,0.0409627759447482,0.03269548875463,0.017693931606013902
ndc_noce,EUM,Final Energy|Industry|Non-Metallic Minerals|Cement|Solids,EJ/yr,0.0361100680952282,0.0513397227815201,0.0726841140184889,0.08833401637235361,0.101931299873115,0.126387590334532
ndc_noce,EUM,Final Energy|Industry|Non-Metallic Minerals|Cement|Solids|Coal,EJ/yr,0.00949862256890237,0.0173986467394266,0.0250611663124571,0.0306607143860715,0.035616167872952305,0.0442348716942189
ndc_noce,EUM,Final Energy|Industry|Iron and Steel|Electricity,EJ/yr,0.172024000131876,0.12406565750380401,0.0846529088822975,0.10234000176724,0.13473579119144902,0.18868071680048001
ndc_noce,EUM,Final Energy|Industry|Iron and Steel|Gases,EJ/yr,0.104030000045529,0.143615728828999,0.09680038102676561,4.3338060151969e-07,8.03460741033344e-07,5.73473533883312e-07
ndc_noce,EUM,Final Energy|Industry|Iron and Steel|Gases|Gas,EJ/yr,0.104030000045529,0.143615728828999,0.09680038102676561,4.3338060151969e-07,8.03460741033344e-07,5.73473533883312e-07
ndc_noce,EUM,Final Energy|Industry|Iron and Steel|Hydrogen,EJ/yr,,,0.0381389472407209,0.038138634765615104,3.19290472925577e-08,2.33070987908425e-08
ndc_noce,EUM,Final Energy|Industry|Iron and Steel|Liquids,EJ/yr,0.00774800001093821,0.00392490862110735,4.2722919556277204e-08,6.34848680291062e-08,1.18810198160755e-07,
ndc_noce,EUM,Final Energy|Industry|Iron and Steel|Liquids|Oil,EJ/yr,0.00773500001091986,0.00391832320395784,4.2651236805343804e-08,6.3378349794158e-08,1.18610852190686e-07,
ndc_noce,EUM,Final Energy|Industry|Iron and Steel|Solids,EJ/yr,0.288557089541999,0.146174605329661,1.60782435250609e-06,2.37448717663455e-06,4.43736082577128e-06,5.467386775075451e-06
ndc_noce,EUM,Final Energy|Industry|Iron and Steel|Solids|Coal,EJ/yr,0.28853908954197405,0.146165481630631,1.6058171376566699e-06,2.37334301523514e-06,4.43549492699031e-06,3.99466730209813e-06
ndc_noce,EUW,Final Energy|Industry|Non-Ferrous Metals|Aluminum|Electricity,EJ/yr,0.046847646164468,0.0643098121778358,0.07664365437587431,0.0982553506776196,0.10994541043249301,0.0933090716576547
ndc_noce,EUW,Final Energy|Industry|Non-Ferrous Metals|Aluminum|Gases,EJ/yr,0.0214694052808171,0.0377308902948564,0.0368642152347858,0.0347865435645635,0.0327088936176581,0.0269582592268642
ndc_noce,EUW,Final Energy|Industry|Non-Ferrous Metals|Aluminum|Gases|Gas,EJ/yr,0.0214694052808171,0.0377308902948564,0.0368642152347858,0.0347865435645635,0.0327088936176581,0.0269582592268642
ndc_noce,EUW,Final Energy|Industry|Non-Ferrous Metals|Aluminum|Hydrogen,EJ/yr,,,0.000632385133432281,0.000632405619063874,0.000632422889225348,0.000632434447606357
ndc_noce,EUW,Final Energy|Industry|Non-Metallic Minerals|Cement|Electricity,EJ/yr,0.0263989326033535,0.023709886017407398,0.026015272463716,0.0273886219638005,0.028126700619393,0.0294017456504539
ndc_noce,EUW,Final Energy|Industry|Non-Metallic Minerals|Cement|Gases,EJ/yr,0.06984853609435819,0.0585497014838601,0.0477688829465828,0.0472375868115534,0.0458736235931554,0.0436898096813198
ndc_noce,EUW,Final Energy|Industry|Non-Metallic Minerals|Cement|Gases|Gas,EJ/yr,0.0698042510817765,0.0585127973094348,0.047740835776719996,0.0472169204770332,0.0458603380936966,0.0436898096813198
ndc_noce,EUW,Final Energy|Industry|Non-Metallic Minerals|Cement|Liquids,EJ/yr,0.019017542578915598,0.016532384170289,0.0159448672448491,0.015084960014879798,0.0139708988016489,0.0119441870266331
ndc_noce,EUW,Final Energy|Industry|Non-Metallic Minerals|Cement|Liquids|Oil,EJ/yr,0.0188371221572868,0.0163820338300377,0.01583060099726,0.0150007638372048,0.0139167726927428,0.0119441870266331
ndc_noce,EUW,Final Energy|Industry|Non-Metallic Minerals|Cement|Solids,EJ/yr,0.07059933107618149,0.0639656447142092,0.0720173755195449,0.06761815939507469,0.0620183776361473,0.051496236892641496
ndc_noce,EUW,Final Energy|Industry|Non-Metallic Minerals|Cement|Solids|Coal,EJ/yr,0.036392849274596205,0.035117976076383596,0.0484029736933642,0.0485499572538484,0.0476234539886628,0.045523900346389604
ndc_noce,EUW,Final Energy|Industry|Iron and Steel|Electricity,EJ/yr,0.160828000048192,0.14178300909353,0.12782189402896502,0.146208106528038,0.16132621477969702,0.144021677555121
ndc_noce,EUW,Final Energy|Industry|Iron and Steel|Gases,EJ/yr,0.15262300003068902,0.124763037372412,0.0881335203299899,0.0349944292292292,0.00082993662697798,4.6173506160658e-06
ndc_noce,EUW,Final Energy|Industry|Iron and Steel|Gases|Gas,EJ/yr,0.15262300003068902,0.124763037372412,0.0881335203299899,0.0349944292292292,0.00082993662697798,4.6173506160658e-06
ndc_noce,EUW,Final Energy|Industry|Iron and Steel|Hydrogen,EJ/yr,,,0.043684343718430704,0.043684339585992396,0.0436842721939921,2.93954261901263e-07
ndc_noce,EUW,Final Energy|Industry|Iron and Steel|Liquids,EJ/yr,0.0124320000056702,0.00994559989241911,0.00696191984501052,0.00348238692644669,8.258010215480619e-05,
ndc_noce,EUW,Final Energy|Industry|Iron and Steel|Liquids|Oil,EJ/yr,0.0123590000056369,0.00988719989305082,0.00692103984592061,0.0034619385476154,8.20951964713039e-05,
ndc_noce,EUW,Final Energy|Industry|Iron and Steel|Solids,EJ/yr,0.834285045540047,0.667428311816451,0.4671999347602,0.233695707533366,0.00554189117611034,4.19441526085632e-05
ndc_noce,EUW,Final Energy|Industry|Iron and Steel|Solids|Coal,EJ/yr,0.834268045540039,0.6674146990983091,0.46719039795431,0.233690935231597,0.00554176861879314,3.1666909479435296e-05
ndc_noce,IDN,Final Energy|Industry|Non-Ferrous Metals|Aluminum|Electricity,EJ/yr,0.0137347912980689,0.0124193785255664,0.017314778936017402,0.0335233872302892,0.059608309994257,0.160416884022935
ndc_noce,IDN,Final Energy|Industry|Non-Ferrous Metals|Aluminum|Gases,EJ/yr,0.00011307768737107999,0.00207442864948253,0.0056432669063814,0.0115492577222319,0.0198301715291095,0.0485278287962647
ndc_noce,IDN,Final Energy|Industry|Non-Ferrous Metals|Aluminum|Gases|Gas,EJ/yr,0.00011307768737107999,0.00207442864948253,0.0056432669063814,0.0115492577222319,0.0198301715291095,0.0485278287962647
ndc_noce,IDN,Final Energy|Industry|Non-Ferrous Metals|Aluminum|Hydrogen,EJ/yr,,,0.000559937263500422,0.00146191314767006,0.00291443869143587,0.00870627944084224
ndc_noce,IDN,Final Energy|Industry|Non-Ferrous Metals|Aluminum|Liquids,EJ/yr,0.00119943963157698,0.00099953247247995,0.000759644240337646,0.000559737735016292,0.000359831234003136,
ndc_noce,IDN,Final Energy|Industry|Non-Ferrous Metals|Aluminum|Liquids|Oil,EJ/yr,0.00119943963157698,0.00099953247247995,0.000759644240337646,0.000559737735016292,0.000359831234003136,
ndc_noce,IDN,Final Energy|Industry|Non-Ferrous Metals|Aluminum|Solids,EJ/yr,0.00317841933103749,0.00264868130824814,0.00201299663162373,0.0014832603412877601,0.000953524062368155,
ndc_noce,IDN,Final Energy|Industry|Non-Ferrous Metals|Aluminum|Solids|Coal,EJ/yr,0.00317841933103749,0.00264868130824814,0.00201299663162373,0.0014832603412877601,0.000953524062368155,
ndc_noce,IDN,Final Energy|Industry|Non-Metallic Minerals|Cement|Electricity,EJ/yr,0.0724658057342982,0.0812438837234437,0.103914897024194,0.121151353931032,0.133909845764292,0.157571702394449
ndc_noce,IDN,Final Energy|Industry|Non-Metallic Minerals|Cement|Gases,EJ/yr,0.0593341394340717,0.053991623777565896,0.0497723446804335,0.046273740694106204,0.0417989608505234,0.033896234478504705
ndc_noce,IDN,Final Energy|Industry|Non-Metallic Minerals|Cement|Gases|Gas,EJ/yr,0.0593341394340717,0.053991623777565896,0.0497723446804335,0.046273740694106204,0.0417989608505234,0.033896234478504705
ndc_noce,IDN,Final Energy|Industry|Non-Metallic Minerals|Cement|Liquids,EJ/yr,0.0769769303356274,0.0732404167863657,0.07314008831291861,0.07309138179274881,0.0710903071609699,0.0677920745322556
ndc_noce,IDN,Final Energy|Industry|Non-Metallic Minerals|Cement|Liquids|Oil,EJ/yr,0.07662888091436611,0.0729503756061923,0.0729196570193503,0.07292895873764689,0.0709858923414918,0.0677920745322556
ndc_noce,IDN,Final Energy|Industry|Non-Metallic Minerals|Cement|Solids,EJ/yr,0.505144013614905,0.489150636437794,0.500328543854035,0.511993711433681,0.509016108358317,0.505934158931025
ndc_noce,IDN,Final Energy|Industry|Non-Metallic Minerals|Cement|Solids|Coal,EJ/yr,0.505144013614905,0.484604143364466,0.488134516528103,0.493409286776638,0.485017467884551,0.47203807584512
ndc_noce,IDN,Final Energy|Industry|Iron and Steel|Electricity,EJ/yr,0.029588000026803597,0.050191254718736304,0.058493676835364904,0.0616717271731245,0.0648897529664308,0.06907709163731571
ndc_noce,IDN,Final Energy|Industry|Iron and Steel|Gases,EJ/yr,0.09966200019802661,0.0847441632794581,0.0645988267613488,0.0446678500533848,0.0247355550903548,0.00817423911159478
ndc_noce,IDN,Final Energy|Industry|Iron and Steel|Gases|Gas,EJ/yr,0.09966200019802661,0.0847441632794581,0.0645988267613488,0.0446678500533848,0.0247355550903548,0.00817423911159478
ndc_noce,IDN,Final Energy|Industry|Iron and Steel|Hydrogen,EJ/yr,,,1.1819085474483e-08,2.53972543992683e-08,3.6567341882889505e-08,6.92746005581572e-08
ndc_noce,IDN,Final Energy|Industry|Iron and Steel|Liquids,EJ/yr,0.0217500000164485,0.017399990665464098,0.01217998995934,0.00782999654481985,0.0034799915637853803,
ndc_noce,IDN,Final Energy|Industry|Iron and Steel|Liquids|Oil,EJ/yr,0.0217340000164364,0.0173871906723309,0.0121710299667262,0.00782423654736159,0.0034774315699913298,
ndc_noce,IDN,Final Energy|Industry|Iron and Steel|Solids,EJ/yr,0.153315842246234,0.208919495302703,0.289636852392542,0.394399301129287,0.488029378880868,0.513279576634676
ndc_noce,IDN,Final Energy|Industry|Iron and Steel|Solids|Coal,EJ/yr,0.153315842246234,0.20891948854544,0.28963683931182,0.394399276452568,0.488029347286333,0.513279524545685
ndc_noce,IND,Final Energy|Industry|Non-Ferrous Metals|Aluminum|Electricity,EJ/yr,0.20868156590781,0.235902988325163,0.307350753469457,0.371196486902283,0.407569173597847,0.41486683627007
ndc_noce,IND,Final Energy|Industry|Non-Ferrous Metals|Aluminum|Gases,EJ/yr,0.00392944828308051,0.0295505240608935,0.041521688419387304,0.042890033107498,0.0433903144278762,0.00775559935587131
ndc_noce,IND,Final Energy|Industry|Non-Ferrous Metals|Aluminum|Gases|Gas,EJ/yr,0.00392944828308051,0.0295505240608935,0.041521688419387304,0.042890033107498,0.0433903144278762,0.00775559935587131
ndc_noce,IND,Final Energy|Industry|Non-Ferrous Metals|Aluminum|Hydrogen,EJ/yr,,,0.0206229954244723,0.0382466796111257,0.0666297929521637,0.131562821306925
ndc_noce,IND,Final Energy|Industry|Non-Ferrous Metals|Aluminum|Liquids,EJ/yr,0.0181915012482888,0.0151595838818123,0.0115212839656925,0.00848936530772538,0.00545744908646588,
ndc_noce,IND,Final Energy|Industry|Non-Ferrous Metals|Aluminum|Liquids|Oil,EJ/yr,0.0181915012482888,0.0151595838818123,0.0115212839656925,0.00848936530772538,0.00545744908646588,
ndc_noce,IND,Final Energy|Industry|Non-Ferrous Metals|Aluminum|Solids,EJ/yr,0.0482060269695558,0.0401716878381672,0.030530483328105,0.0224961407743694,0.0144618046777145,
ndc_noce,IND,Final Energy|Industry|Non-Ferrous Metals|Aluminum|Solids|Coal,EJ/yr,0.0482060269695558,0.0401716878381672,0.030530483328105,0.0224961407743694,0.0144618046777145,
ndc_noce,IND,Final Energy|Industry|Non-Metallic Minerals|Cement|Electricity,EJ/yr,0.125251575927712,0.194507629333801,0.27441766750425,0.337606746911447,0.357173167236556,0.39303423310123903
ndc_noce,IND,Final Energy|Industry|Non-Metallic Minerals|Cement|Gases,EJ/yr,,0.0183383674865225,0.0394934248985822,0.0567979605538559,0.0653926348433733,0.0804317933011689
ndc_noce,IND,Final Energy|Industry|Non-Metallic Minerals|Cement|Gases|Gas,EJ/yr,,0.0183383674865225,0.0394934248985822,0.0567979605538559,0.0653926348433733,0.0804317933011689
ndc_noce,IND,Final Energy|Industry|Non-Metallic Minerals|Cement|Liquids,EJ/yr,0.0848900717586585,0.107418445229202,0.132750524959774,0.153210877489175,0.155458378377208,0.16086316542663498
ndc_noce,IND,Final Energy|Industry|Non-Metallic Minerals|Cement|Liquids|Oil,EJ/yr,0.0848900717586585,0.107418445229202,0.132750524959774,0.153210877489175,0.155458378377208,0.16086316542663498
ndc_noce,IND,Final Energy|Industry|Non-Metallic Minerals|Cement|Solids,EJ/yr,0.764010645827927,0.91175092013373,1.07627448235405,1.20850442178815,1.20294791610986,1.20647352957667
ndc_noce,IND,Final Energy|Industry|Non-Metallic Minerals|Cement|Solids|Coal,EJ/yr,0.721565609948597,0.806092340469313,0.8659184083609329,0.8480670914533901,0.763672727515874,0.6152530996378369
ndc_noce,IND,Final Energy|Industry|Iron and Steel|Electricity,EJ/yr,0.124895740954419,0.19886377388697302,0.335532779371458,0.5781084060712349,0.903267995401237,1.94293041722435
ndc_noce,IND,Final Energy|Industry|Iron and Steel|Gases,EJ/yr,0.022066387355829,0.0921654630380103,0.230750639976993,0.8764103542059001,1.52348292891661,3.90973733078234
ndc_noce,IND,Final Energy|Industry|Iron and Steel|Gases|Gas,EJ/yr,0.022066387355829,0.0921654630380103,0.230750639976993,0.8764103542059001,1.52348292891661,3.90973733078234
ndc_noce,IND,Final Energy|Industry|Iron and Steel|Hydrogen,EJ/yr,,,0.0754207111455313,0.19688652110850402,0.392508421572854,1.0934864666408701
ndc_noce,IND,Final Energy|Industry|Iron and Steel|Liquids,EJ/yr,0.0466540001105445,0.037323195618533804,4.16003986524726e-10,5.85224105378976e-10,4.03827309700518e-10,
ndc_noce,IND,Final Energy|Industry|Iron and Steel|Liquids|Oil,EJ/yr,0.0466540001105445,0.037323195618533804,4.16003986524726e-10,5.85224105378976e-10,4.03827309700518e-10,
ndc_noce,IND,Final Energy|Industry|Iron and Steel|Solids,EJ/yr,1.85952327743467,2.24873603203539,2.37068729265624,1.71160929704079,1.32516461279269,0.5209959876825839
ndc_noce,IND,Final Energy|Industry|Iron and Steel|Solids|Coal,EJ/yr,1.85952327743467,2.2487360118992603,2.01139259468587,1.4547198492667301,1.14137913374148,0.380186766105868
ndc_noce,JPN,Final Energy|Industry|Non-Ferrous Metals|Aluminum|Electricity,EJ/yr,0.000624437597459159,0.00323863614729381,0.0006363113859858161,0.000484589301831652,0.00046585674711646,0.000523331252034693
ndc_noce,JPN,Final Energy|Industry|Non-Ferrous Metals|Aluminum|Gases,EJ/yr,0.00373156239709695,0.00608440736368651,0.00380246171855294,0.00252257465564219,0.00180974524029611,0.000227816889315628
ndc_noce,JPN,Final Energy|Industry|Non-Ferrous Metals|Aluminum|Gases|Gas,EJ/yr,0.00373156239709695,0.00608440736368651,0.00380246171855294,0.00252257465564219,0.00180974524029611,0.000227816889315628
ndc_noce,JPN,Final Energy|Industry|Non-Ferrous Metals|Aluminum|Hydrogen,EJ/yr,,,9.52441546048457e-10,0.000373118063707218,0.000974000373293436,0.00289923138438512
ndc_noce,JPN,Final Energy|Industry|Non-Metallic Minerals|Cement|Electricity,EJ/yr,0.019008195647891798,0.0153491197241265,0.0193289938024511,0.0208079664291606,0.023305943478946302,0.028022708150744598
ndc_noce,JPN,Final Energy|Industry|Non-Metallic Minerals|Cement|Gases,EJ/yr,0.0187228066347318,0.014914916788078401,0.012499900009252,0.0110870562251545,0.00924852728413306,0.005989051573178991
ndc_noce,JPN,Final Energy|Industry|Non-Metallic Minerals|Cement|Gases|Gas,EJ/yr,0.0185867144739164,0.014806503403649201,0.0124198333289906,0.0110235465893816,0.0092076996580912,0.005989051573178991
ndc_noce,JPN,Final Energy|Industry|Non-Metallic Minerals|Cement|Liquids,EJ/yr,0.0453314300942437,0.036111808445557204,0.0296392204444446,0.0258541124988804,0.0208627185167603,0.0119779399618646
ndc_noce,JPN,Final Energy|Industry|Non-Metallic Minerals|Cement|Liquids|Oil,EJ/yr,0.0453314300942437,0.036111808445557204,0.0296392204444446,0.0258541124988804,0.0208627185167603,0.0119779399618646
ndc_noce,JPN,Final Energy|Industry|Non-Metallic Minerals|Cement|Solids,EJ/yr,0.09757634195790951,0.0777310262834246,0.077584034443201,0.0786873650837404,0.0816534246772672,0.0877403168797113
ndc_noce,JPN,Final Energy|Industry|Non-Metallic Minerals|Cement|Solids|Coal,EJ/yr,0.0802665773333462,0.06394176169164681,0.0659152900602262,0.060474875528120496,0.053506751092841906,0.0412134385731533
ndc_noce,JPN,Final Energy|Industry|Iron and Steel|Electricity,EJ/yr,0.24258100009037,0.19994325159555398,0.180797272566314,0.212850388651031,0.206402970264173,0.192780855986642
ndc_noce,JPN,Final Energy|Industry|Iron and Steel|Gases,EJ/yr,0.0968540000335339,0.0409630911240835,0.0276912591140682,0.0488991272780925,0.016589875562615302,0.0035040216991482297
ndc_noce,JPN,Final Energy|Industry|Iron and Steel|Gases|Gas,EJ/yr,0.0968540000335339,0.0409630911240835,0.0276912591140682,0.0488991272780925,0.016589875562615302,0.0035040216991482297
ndc_noce,JPN,Final Energy|Industry|Iron and Steel|Hydrogen,EJ/yr,,,0.0737630615046056,0.19255919740410998,0.192559192968665,0.15119032469246801
ndc_noce,JPN,Final Energy|Industry|Iron and Steel|Liquids,EJ/yr,0.0507730000246206,0.033780422239359405,0.0228357259722823,0.000714719229078831,0.000475675071192166,
ndc_noce,JPN,Final Energy|Industry|Iron and Steel|Liquids|Oil,EJ/yr,0.0507730000246206,0.033780422239359405,0.0228357259722823,0.000714719229078831,0.000475675071192166,
ndc_noce,JPN,Final Energy|Industry|Iron and Steel|Solids,EJ/yr,1.49418100072455,0.994112359330781,0.672024673309913,0.021033306465032597,0.0139985419777133,0.03361218823297
ndc_noce,JPN,Final Energy|Industry|Iron and Steel|Solids|Coal,EJ/yr,1.4939210007244301,0.9939393715935,0.6719077336307591,0.021029636845482598,0.0139960976461623,0.024527837524421
ndc_noce,LAM,Final Energy|Industry|Non-Ferrous Metals|Aluminum|Electricity,EJ/yr,0.0250604345435915,0.0254627786331499,0.0254639487829631,0.0242377145926951,0.021906349973875798,0.0148016346877345
ndc_noce,LAM,Final Energy|Industry|Non-Ferrous Metals|Aluminum|Gases,EJ/yr,0.00196889687950727,0.0032364169119403503,0.0034593903635852298,0.00329888147370026,0.00313841038868428,0.00263383871507242
ndc_noce,LAM,Final Energy|Industry|Non-Ferrous Metals|Aluminum|Gases|Gas,EJ/yr,0.00196889687950727,0.0032364169119403503,0.0034593903635852298,0.00329888147370026,0.00313841038868428,0.00263383871507242
ndc_noce,LAM,Final Energy|Industry|Non-Ferrous Metals|Aluminum|Hydrogen,EJ/yr,,,0.00139000676367096,0.0024927959134394403,0.00317850314623358,0.00352875479932271
ndc_noce,LAM,Final Energy|Industry|Non-Ferrous Metals|Aluminum|Liquids,EJ/yr,0.00398413415606125,0.00332011070743145,0.0025232834744440403,0.00185926072087044,0.00119523890425478,
ndc_noce,LAM,Final Energy|Industry|Non-Ferrous Metals|Aluminum|Liquids|Oil,EJ/yr,0.00398413415606125,0.00332011070743145,0.0025232834744440403,0.00185926072087044,0.00119523890425478,
ndc_noce,LAM,Final Energy|Industry|Non-Ferrous Metals|Aluminum|Solids,EJ/yr,0.0024167757156777297,0.00201397910230375,0.0015306237154514,0.00112782752369849,0.00072503190030426,
ndc_noce,LAM,Final Energy|Industry|Non-Ferrous Metals|Aluminum|Solids|Coal,EJ/yr,0.0024167757156777297,0.00201397910230375,0.0015306237154514,0.00112782752369849,0.00072503190030426,
ndc_noce,LAM,Final Energy|Industry|Non-Metallic Minerals|Cement|Electricity,EJ/yr,0.0271376802023394,0.0325774020492239,0.0385421548665276,0.0447285978372701,0.048847196038483504,0.05617642680778
ndc_noce,LAM,Final Energy|Industry|Non-Metallic Minerals|Cement|Gases,EJ/yr,0.056146451919216404,0.058965710160883804,0.0680282485654332,0.0763040621194632,0.0846256973913392,0.10044647429485999
ndc_noce,LAM,Final Energy|Industry|Non-Metallic Minerals|Cement|Gases|Gas,EJ/yr,0.056146451919216404,0.058965710160883804,0.0680282485654332,0.0763040621194632,0.0846256973913392,0.10044647429485999
ndc_noce,LAM,Final Energy|Industry|Non-Metallic Minerals|Cement|Liquids,EJ/yr,0.061369137771522704,0.055218355014234805,0.0476070339696263,0.041761862609726,0.0350703880879024,0.0229912562804813
ndc_noce,LAM,Final Energy|Industry|Non-Metallic Minerals|Cement|Liquids|Oil,EJ/yr,0.061369137771522704,0.055218355014234805,0.0476070339696263,0.041761862609726,0.0350703880879024,0.0229912562804813
ndc_noce,LAM,Final Energy|Industry|Non-Metallic Minerals|Cement|Solids,EJ/yr,0.0657423813442114,0.0752275886328773,0.07908734694871551,0.0855608776359514,0.0852181515605656,0.08348357594899071
ndc_noce,LAM,Final Energy|Industry|Non-Metallic Minerals|Cement|Solids|Coal,EJ/yr,0.0640612242583033,0.07178790933356581,0.07365263199228429,0.0782148361170539,0.0763839320592711,0.07198786782921271
ndc_noce,LAM,Final Energy|Industry|Iron and Steel|Electricity,EJ/yr,0.0111267778417467,0.0192916324759102,0.024825381078333698,0.0280184152909887,0.0382316325189518,0.0632254048163553
ndc_noce,LAM,Final Energy|Industry|Iron and Steel|Gases,EJ/yr,0.046032000046855995,0.00620640030079789,0.00100475261940364,0.0165717392877499,0.0073654121151137605,2.13282549903845e-06
ndc_noce,LAM,Final Energy|Industry|Iron and Steel|Gases|Gas,EJ/yr,0.046032000046855995,0.00620640030079789,0.00100475261940364,0.0165717392877499,0.0073654121151137605,2.13282549903845e-06
ndc_noce,LAM,Final Energy|Industry|Iron and Steel|Hydrogen,EJ/yr,,,7.81870201992954e-09,5.80664042491813e-08,1.00087533073693e-07,2.09186684077932e-07
ndc_noce,LAM,Final Energy|Industry|Iron and Steel|Liquids,EJ/yr,0.0323310000499691,0.0052676064286477,0.0008527440092281779,0.0116391569659745,0.00517295624191933,
ndc_noce,LAM,Final Energy|Industry|Iron and Steel|Liquids|Oil,EJ/yr,0.0323310000499691,0.0052676064286477,0.0008527440092281779,0.0116391569659745,0.00517295624191933,
ndc_noce,LAM,Final Energy|Industry|Iron and Steel|Solids,EJ/yr,0.023448000036240098,0.00382034521137196,0.000618487529226992,0.00844156751067948,0.00375219464936207,1.24277848638778e-05
ndc_noce,LAM,Final Energy|Industry|Iron and Steel|Solids|Coal,EJ/yr,0.0234400000362277,0.00381904000411695,0.000618273522577227,0.008438663720982011,0.00375085596558967,1.2177299069712599e-05
ndc_noce,MDA,Final Energy|Industry|Non-Ferrous Metals|Aluminum|Electricity,EJ/yr,0.00486998342871366,0.00918545949441536,0.0119373517489124,0.0124994535233763,0.0122720450942786,0.0376276512867157
ndc_noce,MDA,Final Energy|Industry|Non-Ferrous Metals|Aluminum|Gases,EJ/yr,0.00178097296009795,0.00350509449002682,0.0033677406446765497,0.00341358650650413,0.00345943915666056,0.00573753712125553
ndc_noce,MDA,Final Energy|Industry|Non-Ferrous Metals|Aluminum|Gases|Gas,EJ/yr,0.00178097296009795,0.00350509449002682,0.0033677406446765497,0.00341358650650414,0.00345943915666056,0.00573753712125553
ndc_noce,MDA,Final Energy|Industry|Non-Ferrous Metals|Aluminum|Hydrogen,EJ/yr,,,0.00139188192988094,0.00188838815661734,0.00208677728254556,0.006832064702218289
ndc_noce,MDA,Final Energy|Industry|Non-Ferrous Metals|Aluminum|Liquids,EJ/yr,0.000399813217569971,0.000333177182118252,0.000253214329259779,0.00018657858944734203,0.00011994341419783,
ndc_noce,MDA,Final Energy|Industry|Non-Ferrous Metals|Aluminum|Liquids|Oil,EJ/yr,0.000399813217569971,0.000333177182118252,0.000253214329259779,0.00018657858944734203,0.00011994341419783,
ndc_noce,MDA,Final Energy|Industry|Non-Ferrous Metals|Aluminum|Solids,EJ/yr,0.0010594731290127,0.00088289295136342,0.000670997770814715,0.00049441837658595,0.000317840478403897,
ndc_noce,MDA,Final Energy|Industry|Non-Ferrous Metals|Aluminum|Solids|Coal,EJ/yr,0.0010594731290127,0.00088289295136342,0.000670997770814715,0.00049441837658595,0.000317840478403897,
ndc_noce,MDA,Final Energy|Industry|Non-Metallic Minerals|Cement|Electricity,EJ/yr,0.0291497929384212,0.0491256178027472,0.057914512273970604,0.0608370547568462,0.062898250180572,0.0669739621867246
ndc_noce,MDA,Final Energy|Industry|Non-Metallic Minerals|Cement|Gases,EJ/yr,0.0462981350272839,0.0547482671364097,0.0484330584093279,0.042418633230515,0.036215817524220296,0.023805495719383
ndc_noce,MDA,Final Energy|Industry|Non-Metallic Minerals|Cement|Gases|Gas,EJ/yr,0.0462981350272839,0.0547482671364097,0.0484330584093279,0.042418633230515,0.036215817524220296,0.023805495719383
ndc_noce,MDA,Final Energy|Industry|Non-Metallic Minerals|Cement|Liquids,EJ/yr,0.09732941325444991,0.0917246422062736,0.0781475718752577,0.06532982522441129,0.0521352735999719,0.028561673874353398
ndc_noce,MDA,Final Energy|Industry|Non-Metallic Minerals|Cement|Liquids|Oil,EJ/yr,0.09732941325444991,0.0917246422062736,0.0781475718752577,0.06532982522441129,0.0521352735999719,0.028561673874353398
ndc_noce,MDA,Final Energy|Industry|Non-Metallic Minerals|Cement|Solids,EJ/yr,0.0695633936430998,0.126737391749553,0.15436189436673498,0.168296649009065,0.179405336994336,0.202058946337153
ndc_noce,MDA,Final Energy|Industry|Non-Metallic Minerals|Cement|Solids|Coal,EJ/yr,0.0541129001005488,0.0976954923925551,0.125465124279101,0.140272405878553,0.152441993368464,0.177417934983755
ndc_noce,MDA,Final Energy|Industry|Iron and Steel|Electricity,EJ/yr,0.0890120000743274,0.0626101102747941,0.053165968181535496,0.0586815543770462,0.065030718400368,0.0807384850741315
ndc_noce,MDA,Final Energy|Industry|Iron and Steel|Gases,EJ/yr,0.0568760000601923,0.0144094696620766,0.0108069959153316,0.00797611403230618,0.00490237225598367,0.00201562033613396
ndc_noce,MDA,Final Energy|Industry|Iron and Steel|Gases|Gas,EJ/yr,0.0568760000601923,0.0144094696620766,0.0108069959153316,0.00797611403230618,0.00490237225598367,0.00201562033613396
ndc_noce,MDA,Final Energy|Industry|Iron and Steel|Hydrogen,EJ/yr,,,1.0951771523072801e-08,2.63610682387114e-08,5.12997488227627e-08,1.2741565365530698e-07
ndc_noce,MDA,Final Energy|Industry|Iron and Steel|Liquids,EJ/yr,0.000681000000787712,0.000252789840605826,4.67787970996916e-09,3.78323568077725e-09,5.6665288761962995e-09,
ndc_noce,MDA,Final Energy|Industry|Iron and Steel|Liquids|Oil,EJ/yr,0.000681000000787712,0.000252789840605826,4.67787970996916e-09,3.78323568077725e-09,5.6665288761962995e-09,
ndc_noce,MDA,Final Energy|Industry|Iron and Steel|Solids,EJ/yr,0.178544000206522,0.0662762771515672,0.028246248890442503,0.105346590559928,0.187473588802282,0.347586625139295
ndc_noce,MDA,Final Energy|Industry|Iron and Steel|Solids|Coal,EJ/yr,0.178544000206522,0.0662762719011197,0.0264459546705497,0.101523819551868,0.182258590381151,0.342370640382993
ndc_noce,MEA,Final Energy|Industry|Non-Ferrous Metals|Aluminum|Electricity,EJ/yr,0.35689115620039796,0.379210265636247,0.352159839913341,0.36575659552792,0.459333779587996,0.508912009738531
ndc_noce,MEA,Final Energy|Industry|Non-Ferrous Metals|Aluminum|Gases,EJ/yr,0.119445670680275,0.13327610914437302,0.11014979199072801,0.09024136606719399,0.0678425689141625,0.0283483967869777
ndc_noce,MEA,Final Energy|Industry|Non-Ferrous Metals|Aluminum|Gases|Gas,EJ/yr,0.119445670680275,0.13327610914437302,0.11014979199072801,0.09024136606719399,0.0678425689141625,0.0283483967869777
ndc_noce,MEA,Final Energy|Industry|Non-Ferrous Metals|Aluminum|Hydrogen,EJ/yr,,,0.013205994686514901,0.0344743913088904,0.0687272855752343,0.13159913966438402
ndc_noce,MEA,Final Energy|Industry|Non-Metallic Minerals|Cement|Electricity,EJ/yr,0.0665926275547318,0.0866985269321456,0.101306435327742,0.113641189295937,0.12268221231679201,0.139861829965516
ndc_noce,MEA,Final Energy|Industry|Non-Metallic Minerals|Cement|Gases,EJ/yr,0.461109094283357,0.416275560714031,0.37266289485871196,0.349976084072027,0.31967603223340096,0.27215577152947995
ndc_noce,MEA,Final Energy|Industry|Non-Metallic Minerals|Cement|Gases|Gas,EJ/yr,0.461109094283357,0.416275560714031,0.37266289485871196,0.349976084072027,0.31967603223340096,0.27215577152947995
ndc_noce,MEA,Final Energy|Industry|Non-Metallic Minerals|Cement|Liquids,EJ/yr,,0.0144254225155246,0.0277680228799606,0.0386009689127199,0.0479112751291019,0.06508855155418711
ndc_noce,MEA,Final Energy|Industry|Non-Metallic Minerals|Cement|Liquids|Oil,EJ/yr,,0.0144254225155246,0.0277680228799606,0.0386009689127199,0.0479112751291019,0.06508855155418711
ndc_noce,MEA,Final Energy|Industry|Non-Metallic Minerals|Cement|Solids,EJ/yr,0.07731799999647809,0.147817060318033,0.190485100440706,0.210097628407834,0.225142281875354,0.24855263618794798
ndc_noce,MEA,Final Energy|Industry|Non-Metallic Minerals|Cement|Solids|Coal,EJ/yr,0.07731799999647809,0.12425068152882901,0.160247417837095,0.174443469546163,0.18483296317284997,0.201663219488995
ndc_noce,MEA,Final Energy|Industry|Iron and Steel|Electricity,EJ/yr,0.029122112928703002,0.0392458927321056,0.0455550090389901,0.051121805081685304,0.057058746492427294,0.0661987737562751
ndc_noce,MEA,Final Energy|Industry|Iron and Steel|Gases,EJ/yr,0.154894423147966,0.146819157883542,0.022906517175981602,0.06709955903679671,0.110595711327455,0.160110953455798
ndc_noce,MEA,Final Energy|Industry|Iron and Steel|Gases|Gas,EJ/yr,0.154894423147966,0.146819157883542,0.022906517175981602,0.06709955903679671,0.110595711327455,0.160110953455798
ndc_noce,MEA,Final Energy|Industry|Iron and Steel|Hydrogen,EJ/yr,,,0.013514027279858499,0.0135140311587873,0.0135140625793304,0.0135141220502929
ndc_noce,MEA,Final Energy|Industry|Iron and Steel|Liquids,EJ/yr,0.0007010000003665759,0.000534996792184571,0.000392559956383415,0.000252359904779,0.000112160010688816,
ndc_noce,MEA,Final Energy|Industry|Iron and Steel|Liquids|Oil,EJ/yr,0.0007010000003665759,0.000534996792184571,0.000392559956383415,0.000252359904779,0.000112160010688816,
ndc_noce,MEA,Final Energy|Industry|Iron and Steel|Solids,EJ/yr,0.0375420000196319,0.0286517284528243,0.0210235441897768,0.0135153052038744,0.0060078313064720595,0.0275612022231226
ndc_noce,MEA,Final Energy|Industry|Iron and Steel|Solids|Coal,EJ/yr,0.0375420000196319,0.028651726718897,0.0210235414500423,0.0135152797812063,0.00600769317729167,0.027559780198228002
ndc_noce,MEX,Final Energy|Industry|Non-Ferrous Metals|Aluminum|Electricity,EJ/yr,4.73058765891646e-06,0.000346463970706026,0.000493544135335931,0.000568030042381103,0.000636942469563658,0.000773236537641155
ndc_noce,MEX,Final Energy|Industry|Non-Ferrous Metals|Aluminum|Gases,EJ/yr,2.8269410900323098e-05,0.00207041521714263,0.00294923518264691,0.00339143329155604,0.00379872852820527,0.0045777144308437505
ndc_noce,MEX,Final Energy|Industry|Non-Ferrous Metals|Aluminum|Gases|Gas,EJ/yr,2.8269410900323098e-05,0.00207041521714263,0.00294923518264691,0.00339143329155604,0.00379872852820527,0.0045777144308437505
ndc_noce,MEX,Final Energy|Industry|Non-Ferrous Metals|Aluminum|Hydrogen,EJ/yr,,,1.79820500047256e-09,2.8144402722779696e-06,7.34179057174495e-06,2.18663729431513e-05
ndc_noce,MEX,Final Energy|Industry|Non-Metallic Minerals|Cement|Electricity,EJ/yr,0.0174600096855495,0.0217566094112292,0.0248829226669032,0.0275703733994246,0.0290379757997322,0.0319755373819816
ndc_noce,MEX,Final Energy|Industry|Non-Metallic Minerals|Cement|Gases,EJ/yr,0.0338160979971534,0.0362724385450204,0.032577017990418296,0.0281749148131857,0.0235039203812828,0.0143625714829866
ndc_noce,MEX,Final Energy|Industry|Non-Metallic Minerals|Cement|Gases|Gas,EJ/yr,0.0338160979971534,0.0362724385450204,0.032577017990418296,0.0281749148131857,0.0235039203812828,0.0143625714829866
ndc_noce,MEX,Final Energy|Industry|Non-Metallic Minerals|Cement|Liquids,EJ/yr,0.0927142386870009,0.0804391302999511,0.0648141869777643,0.051829614380948894,0.038307258464698596,0.0140974899578091
ndc_noce,MEX,Final Energy|Industry|Non-Metallic Minerals|Cement|Liquids|Oil,EJ/yr,0.0927142386870009,0.0804391302999511,0.0648141869777643,0.051829614380948894,0.038307258464698596,0.0140974899578091
ndc_noce,MEX,Final Energy|Industry|Non-Metallic Minerals|Cement|Solids,EJ/yr,0.00295217157668952,0.019785934211403903,0.039470961338190495,0.0574876313922182,0.07147069512394709,0.0984173481794863
ndc_noce,MEX,Final Energy|Industry|Non-Metallic Minerals|Cement|Solids|Coal,EJ/yr,0.00295217157668952,0.0116935761114249,0.018397918381931198,0.0240754610811227,0.0284084763168828,0.0363755399870078
ndc_noce,MEX,Final Energy|Industry|Iron and Steel|Electricity,EJ/yr,0.027341907519124,0.0221116233630814,0.0259492192284931,0.0453870306369747,0.0539508596841543,0.0952535723247597
ndc_noce,MEX,Final Energy|Industry|Iron and Steel|Gases,EJ/yr,0.0683544760824515,0.055623232167342204,0.038211455048891604,1.67902826695888e-07,2.40396617303924e-08,6.23976068294621e-09
ndc_noce,MEX,Final Energy|Industry|Iron and Steel|Gases|Gas,EJ/yr,0.0683544760824515,0.055623232167342204,0.038211455048891604,1.67902826695888e-07,2.40396617303924e-08,6.23976068294621e-09
ndc_noce,MEX,Final Energy|Industry|Iron and Steel|Hydrogen,EJ/yr,,,0.00225011018078232,0.0163580673465341,0.0163580001560472,5.58824346936729e-07
ndc_noce,MEX,Final Energy|Industry|Iron and Steel|Liquids,EJ/yr,0.00328999999804864,0.00263199958245205,0.00184239851928029,2.93649034717614e-09,8.23011862859739e-10,
ndc_noce,MEX,Final Energy|Industry|Iron and Steel|Liquids|Oil,EJ/yr,0.00328999999804864,0.00263199958245205,0.00184239851928029,2.93649034717614e-09,8.23011862859739e-10,
ndc_noce,MEX,Final Energy|Industry|Iron and Steel|Solids,EJ/yr,0.0684659999593916,0.0613501634699063,0.044918313932301404,2.2069772997223099e-07,3.22838527031686e-08,1.90570582729154e-08
ndc_noce,MEX,Final Energy|Industry|Iron and Steel|Solids|Coal,EJ/yr,0.0684659999593916,0.0613501448685291,0.044918293738724996,2.13062531454499e-07,3.0757187620006404e-08,1.69689678399644e-08
ndc_noce,NIG,Final Energy|Industry|Non-Ferrous Metals|Aluminum|Electricity,EJ/yr,,,7.92413436171568e-09,4.79425958429374e-08,4.17755291485457e-08,1.6794051993309e-08
ndc_noce,NIG,Final Energy|Industry|Non-Ferrous Metals|Aluminum|Gases,EJ/yr,,,8.95576682858611e-10,1.9922889286683e-09,2.05190049341829e-09,1.01627960947795e-09
ndc_noce,NIG,Final Energy|Industry|Non-Ferrous Metals|Aluminum|Gases|Gas,EJ/yr,,,8.95576682858611e-10,1.9922889286683e-09,2.05190049341829e-09,1.01627960947795e-09
ndc_noce,NIG,Final Energy|Industry|Non-Ferrous Metals|Aluminum|Hydrogen,EJ/yr,,,1.02778020622545e-09,6.9877137464671505e-09,6.05482861093237e-09,2.39373762169442e-09
ndc_noce,NIG,Final Energy|Industry|Non-Metallic Minerals|Cement|Electricity,EJ/yr,0.00946431200509133,0.0125729135002222,0.0139615113153195,0.0165256375533144,0.0200737567899115,0.0275204580661998
ndc_noce,NIG,Final Energy|Industry|Non-Metallic Minerals|Cement|Gases,EJ/yr,0.040629551572203396,0.038321592798274205,0.0366090699867164,0.038129833896557996,0.0416207627361457,0.0506310880137279
ndc_noce,NIG,Final Energy|Industry|Non-Metallic Minerals|Cement|Gases|Gas,EJ/yr,0.040629551572203396,0.038321592798274205,0.0366090699867164,0.038129833896557996,0.0416207627361457,0.0506310880137279
ndc_noce,NIG,Final Energy|Industry|Non-Metallic Minerals|Cement|Liquids,EJ/yr,0.017412664959515697,0.016387066195940398,0.0142234237101395,0.0129797893527646,0.012130198707909,0.0110254510882212
ndc_noce,NIG,Final Energy|Industry|Non-Metallic Minerals|Cement|Liquids|Oil,EJ/yr,0.017412664959515697,0.016387066195940398,0.0142234237101395,0.0129797893527646,0.012130198707909,0.0110254510882212
ndc_noce,NIG,Final Energy|Industry|Non-Metallic Minerals|Cement|Solids,EJ/yr,0.00140899999849545,0.0117226402547156,0.015578583286791901,0.0203192097967029,0.0262420129761212,0.0375725160300117
ndc_noce,NIG,Final Energy|Industry|Non-Metallic Minerals|Cement|Solids|Coal,EJ/yr,0.00140899999849545,0.0107842772274786,0.0139807637414726,0.0178921334599352,0.022788652704902903,0.0320595521104292
ndc_noce,NIG,Final Energy|Industry|Iron and Steel|Electricity,EJ/yr,0.00023128048472135802,0.00276380306766867,0.00334778663686987,0.0040381743231226695,0.0048710245886348,0.00708719490611738
ndc_noce,NIG,Final Energy|Industry|Iron and Steel|Gases,EJ/yr,0.000165516542854132,9.558493502722e-09,2.38718492490018e-08,1.09256617620158e-07,9.67184461096977e-08,8.84465128788317e-08
ndc_noce,NIG,Final Energy|Industry|Iron and Steel|Gases|Gas,EJ/yr,0.000165516542854132,9.558493502722e-09,2.38718492490018e-08,1.09256617620158e-07,9.67184461096977e-08,8.84465128788317e-08
ndc_noce,NIG,Final Energy|Industry|Iron and Steel|Hydrogen,EJ/yr,,,6.83267288561948e-09,2.16617136198497e-08,3.0252763486429e-08,3.59502071965725e-08
ndc_noce,NIG,Final Energy|Industry|Iron and Steel|Solids,EJ/yr,,3.66788871105939e-09,8.02576168683059e-09,3.4173819698373e-08,3.2579681268708e-08,2.92457679359989e-08
ndc_noce,NIG,Final Energy|Industry|Iron and Steel|Solids|Coal,EJ/yr,,3.66788871105939e-09,8.02576168683059e-09,3.4173819698373e-08,3.2579681268708e-08,2.92457679359989e-08
ndc_noce,RUS,Final Energy|Industry|Non-Ferrous Metals|Aluminum|Electricity,EJ/yr,0.217621304100884,0.22766851488782502,0.20881613773126,0.200085129814412,0.210076417836429,0.246719456421792
ndc_noce,RUS,Final Energy|Industry|Non-Ferrous Metals|Aluminum|Gases,EJ/yr,0.0322214124591269,0.0471510434285156,0.0413579984197704,0.033644145763409905,0.0124252344709799,3.88992725260702e-08
ndc_noce,RUS,Final Energy|Industry|Non-Ferrous Metals|Aluminum|Gases|Gas,EJ/yr,0.0322214124591269,0.0471510434285156,0.0413579984197704,0.033644145763409905,0.0124252344709799,3.88992725260702e-08
ndc_noce,RUS,Final Energy|Industry|Non-Ferrous Metals|Aluminum|Hydrogen,EJ/yr,,,0.00791400439695294,0.020659633588367702,0.0420504329086602,0.0508588091497012
ndc_noce,RUS,Final Energy|Industry|Non-Metallic Minerals|Cement|Electricity,EJ/yr,0.0237332025787076,0.0286431213099529,0.033288776008433996,0.035100861997787704,0.036367225840566494,0.0387173751061931
ndc_noce,RUS,Final Energy|Industry|Non-Metallic Minerals|Cement|Gases,EJ/yr,0.0927709379003397,0.085558711619571,0.068745651079535,0.0543958004713864,0.0399406226622595,0.0131316493327635
ndc_noce,RUS,Final Energy|Industry|Non-Metallic Minerals|Cement|Gases|Gas,EJ/yr,0.0927709379003397,0.085558711619571,0.068745651079535,0.0543958004713864,0.0399406226622595,0.0131316493327635
ndc_noce,RUS,Final Energy|Industry|Non-Metallic Minerals|Cement|Liquids,EJ/yr,0.0064476331947889804,0.008791039430397801,0.0109840478029147,0.0121331040580984,0.013071763521234701,0.0147885867975312
ndc_noce,RUS,Final Energy|Industry|Non-Metallic Minerals|Cement|Liquids|Oil,EJ/yr,0.0064476331947889804,0.008791039430397801,0.0109840478029147,0.0121331040580984,0.013071763521234701,0.0147885867975312
ndc_noce,RUS,Final Energy|Industry|Non-Metallic Minerals|Cement|Solids,EJ/yr,0.009938416126787199,0.0273765092501221,0.0500659046451509,0.0650868906663572,0.0785299613933383,0.103734975812661
ndc_noce,RUS,Final Energy|Industry|Non-Metallic Minerals|Cement|Solids|Coal,EJ/yr,0.009092157438693389,0.0161218612879156,0.039107333291924694,0.043151128666016704,0.0466689518788344,0.0530693441977759
ndc_noce,RUS,Final Energy|Industry|Iron and Steel|Electricity,EJ/yr,0.22347700012550498,0.207155083275873,0.173061644315879,0.182182191244985,0.19705789270652702,0.31461794368983403
ndc_noce,RUS,Final Energy|Industry|Iron and Steel|Gases,EJ/yr,0.48852000035120896,0.5217247652453769,0.398263312409683,0.173164892136926,0.06413547284056981,2.56784844353078e-05
ndc_noce,RUS,Final Energy|Industry|Iron and Steel|Gases|Gas,EJ/yr,0.48852000035120896,0.5217247652453769,0.398263312409683,0.173164892136926,0.06413547284056981,2.56784844353078e-05
ndc_noce,RUS,Final Energy|Industry|Iron and Steel|Hydrogen,EJ/yr,,,0.0545627900668766,0.14243670416695,0.142436695314159,9.42390112142898e-08
ndc_noce,RUS,Final Energy|Industry|Iron and Steel|Liquids,EJ/yr,0.013921000010041899,0.0102709071139315,0.005562457190645621,1.36814537228016e-10,1.0331215613131799e-10,
ndc_noce,RUS,Final Energy|Industry|Iron and Steel|Liquids|Oil,EJ/yr,0.013921000010041899,0.0102709071139315,0.005562457190645621,1.36814537228016e-10,1.0331215613131799e-10,
ndc_noce,RUS,Final Energy|Industry|Iron and Steel|Solids,EJ/yr,1.6114560011624202,1.18916741048258,0.6441305841926449,0.000720203571699061,0.000495542009863661,0.000246035549148042
ndc_noce,RUS,Final Energy|Industry|Iron and Steel|Solids|Coal,EJ/yr,1.55751200112351,1.1493674537363598,0.62257590676238,0.000586304587543643,0.000361663967405292,0.000179568303342371
ndc_noce,SKT,Final Energy|Industry|Non-Ferrous Metals|Aluminum|Electricity,EJ/yr,0.000946117572260024,0.00042339006657079797,0.000450371650738979,0.0006055649900029309,0.000770194475244409,0.00113555727140946
ndc_noce,SKT,Final Energy|Industry|Non-Ferrous Metals|Aluminum|Gases,EJ/yr,0.0056538824219486096,0.00253011759794685,0.00269124819440423,0.00361846576109472,0.00460223390382275,0.00678459944462273
ndc_noce,SKT,Final Energy|Industry|Non-Ferrous Metals|Aluminum|Gases|Gas,EJ/yr,0.0056538824219486096,0.00253011759794685,0.00269124819440423,0.00361846576109472,0.00460223390382275,0.00678459944462273
ndc_noce,SKT,Final Energy|Industry|Non-Ferrous Metals|Aluminum|Hydrogen,EJ/yr,,,1.92407003770842e-09,2.0156739115053302e-08,2.63579932308513e-08,6.00319799838099e-08
ndc_noce,SKT,Final Energy|Industry|Non-Metallic Minerals|Cement|Electricity,EJ/yr,0.0180033593033084,0.0182106252083638,0.0170368240249701,0.0177621562207202,0.0191782477884489,0.0214697450191263
ndc_noce,SKT,Final Energy|Industry|Non-Metallic Minerals|Cement|Gases,EJ/yr,0.0249009999970894,0.021470173163329397,0.0200657632699239,0.0191105206138758,0.0159509994389724,0.026524165984015798
ndc_noce,SKT,Final Energy|Industry|Non-Metallic Minerals|Cement|Gases|Gas,EJ/yr,0.0249009999970894,0.021470173163329397,0.0200657632699239,0.0191105206138758,0.0159509994389724,0.026524165984015798
ndc_noce,SKT,Final Energy|Industry|Non-Metallic Minerals|Cement|Liquids,EJ/yr,0.0236709999972332,0.0211644014657785,0.017549607653971597,0.015275339344558,0.0133108460923912,0.009659298597996751
ndc_noce,SKT,Final Energy|Industry|Non-Metallic Minerals|Cement|Liquids|Oil,EJ/yr,0.0236709999972332,0.0211644014657785,0.017549607653971597,0.015275339344558,0.0133108460923912,0.009659298597996751
ndc_noce,SKT,Final Energy|Industry|Non-Metallic Minerals|Cement|Solids,EJ/yr,0.12388399998552001,0.11402587419009,0.094628533207081,0.084153464019313,0.0783608677192569,0.0507502118214418
ndc_noce,SKT,Final Energy|Industry|Non-Metallic Minerals|Cement|Solids|Coal,EJ/yr,0.0940129999890112,0.0884140749489211,0.0744309505637286,0.0629394269045772,0.052222386360901804,0.0318479058500537
ndc_noce,SKT,Final Energy|Industry|Iron and Steel|Electricity,EJ/yr,0.190737000063133,0.167509531230373,0.14407618576096498,0.161241285057205,0.19184215911376198,0.179098825446251
ndc_noce,SKT,Final Energy|Industry|Iron and Steel|Gases,EJ/yr,0.0651470000217568,0.14892624239893,0.11525800442177299,0.0248514486151927,0.00917674945665442,0.0091204368172966
ndc_noce,SKT,Final Energy|Industry|Iron and Steel|Gases|Gas,EJ/yr,0.0651470000217568,0.14892624239893,0.11525800442177299,0.0248514486151927,0.00917674945665442,0.0091204368172966
ndc_noce,SKT,Final Energy|Industry|Iron and Steel|Hydrogen,EJ/yr,,,0.0130040106148269,0.0412495393409181,0.041249548236147904,2.30001309267818e-07
ndc_noce,SKT,Final Energy|Industry|Iron and Steel|Liquids,EJ/yr,0.00300300000136109,0.0024023999758580497,0.00168167991912363,0.0010810796284304101,5.24296718550037e-06,
ndc_noce,SKT,Final Energy|Industry|Iron and Steel|Liquids|Oil,EJ/yr,0.00300300000136109,0.0024023999758580497,0.00168167991912363,0.0010810796284304101,5.24296718550037e-06,
ndc_noce,SKT,Final Energy|Industry|Iron and Steel|Solids,EJ/yr,0.808970000366659,0.6472397921817099,0.45308634162966305,0.291229238865192,0.00141258575119385,1.45125247929759e-05
ndc_noce,SKT,Final Energy|Industry|Iron and Steel|Solids|Coal,EJ/yr,0.808970000366659,0.647239772577843,0.453086329748424,0.291229228702588,0.00141256578462595,1.09639948223979e-05
ndc_noce,USA,Final Energy|Industry|Non-Ferrous Metals|Aluminum|Electricity,EJ/yr,0.0685804877303298,0.0571522267564959,0.0603996511380276,0.12451942812200499,0.26091384204766804,0.57896684136665
ndc_noce,USA,Final Energy|Industry|Non-Ferrous Metals|Aluminum|Gases,EJ/yr,0.0221923919777405,0.0260351390948273,0.016983541144413403,0.011588283403290699,0.000728418586371127,2.70348249860433e-09
ndc_noce,USA,Final Energy|Industry|Non-Ferrous Metals|Aluminum|Gases|Gas,EJ/yr,0.0221923919777405,0.0260351390948273,0.016983541144413403,0.011588283403290699,0.000728418586371127,2.70348249860433e-09
ndc_noce,USA,Final Energy|Industry|Non-Ferrous Metals|Aluminum|Hydrogen,EJ/yr,,,0.00781313724205507,0.0112666887895536,0.029467215308163302,0.025806896595836498
ndc_noce,USA,Final Energy|Industry|Non-Metallic Minerals|Cement|Electricity,EJ/yr,0.0435608204604365,0.0455280496880995,0.0501499531631018,0.0555103934887697,0.0585472363245025,0.0670239132346508
ndc_noce,USA,Final Energy|Industry|Non-Metallic Minerals|Cement|Gases,EJ/yr,0.174166313890724,0.160692467090363,0.148476831309318,0.139998324349519,0.13071892192089798,0.115958898941654
ndc_noce,USA,Final Energy|Industry|Non-Metallic Minerals|Cement|Gases|Gas,EJ/yr,0.174166313890724,0.160692467090363,0.148476831309318,0.139998324349519,0.13071892192089798,0.115958898941654
ndc_noce,USA,Final Energy|Industry|Non-Metallic Minerals|Cement|Liquids,EJ/yr,0.0216312846753952,0.0221262806137577,0.0233182393134883,0.0248835396449843,0.025098678708448598,0.027855334147965698
ndc_noce,USA,Final Energy|Industry|Non-Metallic Minerals|Cement|Liquids|Oil,EJ/yr,0.021512083595150902,0.0220269463819542,0.0232457110567439,0.0248314320874054,0.025065181001535902,0.027855334147965698
ndc_noce,USA,Final Energy|Industry|Non-Metallic Minerals|Cement|Solids,EJ/yr,0.0936016658353515,0.09524919504478249,0.0949601118003211,0.09862427441442119,0.0937269517584625,0.10170206081052
ndc_noce,USA,Final Energy|Industry|Non-Metallic Minerals|Cement|Solids|Coal,EJ/yr,0.0844065905647848,0.0805893921261205,0.0793398954155418,0.08194379108919701,0.081633013968059,0.0877743856486551
ndc_noce,USA,Final Energy|Industry|Iron and Steel|Electricity,EJ/yr,0.20441400027898102,0.185029722936915,0.15507602674222098,0.183094114599592,0.23795488534686102,0.352739133386516
ndc_noce,USA,Final Energy|Industry|Iron and Steel|Gases,EJ/yr,0.387212170118236,0.466354665171465,0.18854727524755502,0.0011715019671049301,0.000818337455741961,2.51224982964368e-08
ndc_noce,USA,Final Energy|Industry|Iron and Steel|Gases|Gas,EJ/yr,0.387212170118236,0.466354665171465,0.18854727524755502,0.0011715019671049301,0.000818337455741961,2.51224982964368e-08
ndc_noce,USA,Final Energy|Industry|Iron and Steel|Hydrogen,EJ/yr,,,0.0624330892191103,0.062433072534798795,1.4380312141443101e-08,4.9170559466847e-09
ndc_noce,USA,Final Energy|Industry|Iron and Steel|Liquids,EJ/yr,0.0038000000125139903,0.00265432652788651,1.9052827220336e-05,1.48326654525339e-05,1.03601335564987e-05,
ndc_noce,USA,Final Energy|Industry|Iron and Steel|Liquids|Oil,EJ/yr,0.0037260000122703,0.00260263701129082,1.86817984797294e-05,1.4543818809510801e-05,1.01583835872406e-05,
ndc_noce,USA,Final Energy|Industry|Iron and Steel|Solids,EJ/yr,0.349637001151409,0.24422397450727,0.0017531443085812498,0.00136477372268063,0.0009532453600881911,8.419893151679931e-08
ndc_noce,USA,Final Energy|Industry|Iron and Steel|Solids|Coal,EJ/yr,0.349637001151409,0.244223968233136,0.0017531359710762399,0.00136477112697119,0.000953244063471933,7.77412741714561e-08
baseline_noce,AFE,Emissions|GHG|Industry|Iron and Steel,MtCO2e/yr,0.0184619638539668,5.06663511409238,5.73742139477408,4.4053481784647,2.87325146585528,1.69303199546385
baseline_noce,AFE,Emissions|GHG|Industry|Non-Metallic Minerals|Cement,MtCO2e/yr,18.394555051924797,20.369220748161702,26.2247806705921,30.1185046576705,34.3370409336407,45.363102469305
baseline_noce,AFN,Emissions|GHG|Industry|Iron and Steel,MtCO2e/yr,6.21367470921723,8.41417031588077,7.438749049545571,5.71451388966087,2.0811563075682504,2.4662822846989503
baseline_noce,AFN,Emissions|GHG|Industry|Non-Metallic Minerals|Cement,MtCO2e/yr,61.502128253241395,61.1928100839267,61.509948109926505,63.065563114605105,64.82414607220589,68.56891695818389
baseline_noce,AFN,Emissions|GHG|Industry|Non-Ferrous Metals|Aluminum,MtCO2e/yr,0.828690869819345,1.1473968729323898,0.691443651249633,0.8417036589907511,0.718103122875572,0.38679653872552
baseline_noce,AFW,Emissions|GHG|Industry|Iron and Steel,MtCO2e/yr,0.0203081570909803,0.0102524373908934,0.0120161468047776,0.0155390386224868,0.012148527092364199,0.0102762771274737
baseline_noce,AFW,Emissions|GHG|Industry|Non-Metallic Minerals|Cement,MtCO2e/yr,12.4951264349183,16.692382833492697,20.5525098229958,24.306803159305602,28.5692692155777,36.2477938368352
baseline_noce,AFW,Emissions|GHG|Industry|Non-Ferrous Metals|Aluminum,MtCO2e/yr,0.383592114677086,0.43271108963788496,0.348229496118586,0.314570131497105,0.16133959987812901,0.156983682322067
baseline_noce,AFZ,Emissions|GHG|Industry|Iron and Steel,MtCO2e/yr,12.248537852049399,4.6585490639314004,4.86535824213304,9.475415943536031,9.360318487475581,1.30096401713661
baseline_noce,AFZ,Emissions|GHG|Industry|Non-Metallic Minerals|Cement,MtCO2e/yr,14.7205169523291,13.472962501149699,10.072764570059501,11.0213096662289,12.657540706395999,15.2442314966171
baseline_noce,AFZ,Emissions|GHG|Industry|Non-Ferrous Metals|Aluminum,MtCO2e/yr,4.38043695969361,4.94170377029309,4.04508133083953,3.49992575284229,2.80603163053197,1.37064309852772
baseline_noce,ANZ,Emissions|GHG|Industry|Iron and Steel,MtCO2e/yr,8.58566104576931,5.1826395412926605,0.93431920774334,0.789369995873143,0.583329582429599,-6.28568552377794e-08
baseline_noce,ANZ,Emissions|GHG|Industry|Non-Metallic Minerals|Cement,MtCO2e/yr,5.0001954943445295,4.94421095221848,3.4404138891706997,2.33626930208797,2.29930001911834,0.18362552786612402
baseline_noce,ANZ,Emissions|GHG|Industry|Non-Ferrous Metals|Aluminum,MtCO2e/yr,6.0137007279495505,5.731312038459779,4.0595293880621,1.92922312393518,,
baseline_noce,ASC,Emissions|GHG|Industry|Iron and Steel,MtCO2e/yr,13.0867454637104,10.5049254745264,4.60457753348399,3.99053143227233,1.12561159116725,1.28201426671931
baseline_noce,ASC,Emissions|GHG|Industry|Non-Metallic Minerals|Cement,MtCO2e/yr,22.798951839649302,25.9120635623058,27.872714433850298,29.476038878398203,30.6014904028469,32.854164585039705
baseline_noce,ASC,Emissions|GHG|Industry|Non-Ferrous Metals|Aluminum,MtCO2e/yr,1.36360794289003,1.4249345805809501,1.11495336223096,0.978694364205675,0.124885618735883,0.384334459667037
baseline_noce,ASE,Emissions|GHG|Industry|Iron and Steel,MtCO2e/yr,3.50547857171354,0.995482305257738,0.9833100507273039,0.968702820909038,0.954099270658606,0.827535141070976
baseline_noce,ASE,Emissions|GHG|Industry|Non-Metallic Minerals|Cement,MtCO2e/yr,68.0403455578622,79.8563176075886,78.9440185499595,79.52060324966921,77.45397535874851,74.77489812512951
baseline_noce,ASE,Emissions|GHG|Industry|Non-Ferrous Metals|Aluminum,MtCO2e/yr,2.571133970798,3.21061902320664,3.40430624332402,2.98201046889693,1.79487645443117,0.830322145002076
baseline_noce,ASO,Emissions|GHG|Industry|Iron and Steel,MtCO2e/yr,1.13941526976031,0.6726231638354231,0.6707826592497359,0.760302229116841,0.8614713540264369,1.1067303077389399
baseline_noce,ASO,Emissions|GHG|Industry|Non-Metallic Minerals|Cement,MtCO2e/yr,36.784444693104994,36.8767015639505,50.6137291475091,66.6313229195042,74.2122074633524,94.98496840826219
baseline_noce,BRA,Emissions|GHG|Industry|Iron and Steel,MtCO2e/yr,52.5063057077343,49.0236238043543,48.0930907984922,35.5455803805534,21.1921552475322,8.65888267488134
baseline_noce,BRA,Emissions|GHG|Industry|Non-Metallic Minerals|Cement,MtCO2e/yr,29.894113795635302,33.126348311559504,30.8624454608755,29.946667257329597,29.310705810120798,30.318115863137397
baseline_noce,BRA,Emissions|GHG|Industry|Non-Ferrous Metals|Aluminum,MtCO2e/yr,0.654479599894761,3.2174164798901703,2.84972288016492,1.90968060646611,1.5523432778434,
baseline_noce,CAN,Emissions|GHG|Industry|Iron and Steel,MtCO2e/yr,18.7134526632712,9.260171348524969,2.16664362431399,1.82373991725207,1.33084497153608,
baseline_noce,CAN,Emissions|GHG|Industry|Non-Metallic Minerals|Cement,MtCO2e/yr,10.8768884656244,11.2694322474532,9.09698680578155,7.71381418274929,5.9565659853092106,0.358969054333928
baseline_noce,CAN,Emissions|GHG|Industry|Non-Ferrous Metals|Aluminum,MtCO2e/yr,6.56480064898889,8.25049276098848,5.97816405420648,5.71292118336584,1.9770265219651801,
baseline_noce,CHL,Emissions|GHG|Industry|Iron and Steel,MtCO2e/yr,1.65821558660543,0.726970180013178,0.872202855099526,0.593424257299858,0.29551651440168397,-1.0660717507505399e-06
baseline_noce,CHL,Emissions|GHG|Industry|Non-Metallic Minerals|Cement,MtCO2e/yr,1.26508421340864,1.2124805430830599,0.913459456341133,1.25932158571311,1.06262472402995,0.0853991146178375
baseline_noce,CHN,Emissions|GHG|Industry|Iron and Steel,MtCO2e/yr,1585.38682152395,1606.9021242025199,1426.83747881426,1124.80970482115,811.738869760579,74.9852979347739
baseline_noce,CHN,Emissions|GHG|Industry|Non-Metallic Minerals|Cement,MtCO2e/yr,1338.35642777995,1078.42896753756,800.3090904135211,637.0423937549231,566.4270694209971,394.102596002048
baseline_noce,CHN,Emissions|GHG|Industry|Non-Ferrous Metals|Aluminum,MtCO2e/yr,126.73053853838499,155.957552141009,131.159710693445,110.99322508215,90.8228913743817,40.6316439960416
baseline_noce,ENE,Emissions|GHG|Industry|Iron and Steel,MtCO2e/yr,48.3389204478987,12.1862752190954,12.4142738251546,17.7193587022886,9.280908350020711,2.70930063780055
baseline_noce,ENE,Emissions|GHG|Industry|Non-Metallic Minerals|Cement,MtCO2e/yr,14.0371416514761,12.1716116464914,12.687090525942299,13.4109396438499,13.625606511845401,13.4755028389736
baseline_noce,ENE,Emissions|GHG|Industry|Non-Ferrous Metals|Aluminum,MtCO2e/yr,0.38079744097402,0.22030369583461298,0.247974841965837,0.186249975140312,0.124525102597985,0.013501539725849901
baseline_noce,ENW,Emissions|GHG|Industry|Iron and Steel,MtCO2e/yr,11.3661365478027,2.2804407368427,0.7529017021609821,0.502486252887723,0.156482336379108,4.855880119200699e-07
baseline_noce,ENW,Emissions|GHG|Industry|Non-Metallic Minerals|Cement,MtCO2e/yr,10.031878077281801,8.79645676554156,8.69105506293075,8.70917483899051,8.58493776568282,8.65849654177169
baseline_noce,ENW,Emissions|GHG|Industry|Non-Ferrous Metals|Aluminum,MtCO2e/yr,6.197285686440661,5.8524527002916,3.55471557911831,0.6950292645477311,,
baseline_noce,EUE,Emissions|GHG|Industry|Iron and Steel,MtCO2e/yr,28.9685965022936,15.9052261290262,3.24913557437306,2.86794501380851,2.10576891514759,-0.149209349199311
baseline_noce,EUE,Emissions|GHG|Industry|Non-Metallic Minerals|Cement,MtCO2e/yr,30.2583042771816,28.1656144257884,21.9444961472013,20.861260298552,19.2165982575696,16.2112809668387
baseline_noce,EUE,Emissions|GHG|Industry|Non-Ferrous Metals|Aluminum,MtCO2e/yr,1.9153915112218298,3.2357758814662603,2.04505970539785,1.26190510607598,0.7950540339732141,
baseline_noce,EUM,Emissions|GHG|Industry|Iron and Steel,MtCO2e/yr,42.8372750398707,35.139781258881705,18.138676205037,5.62549562739211,3.47969348396403,7.24545757988445e-07
baseline_noce,EUM,Emissions|GHG|Industry|Non-Metallic Minerals|Cement,MtCO2e/yr,43.1945929835844,43.6238588647539,41.867629793965,40.6558153448192,38.4821887224129,33.99851097519
baseline_noce,EUM,Emissions|GHG|Industry|Non-Ferrous Metals|Aluminum,MtCO2e/yr,2.88408571475558,2.71129636577073,1.15073098662275,0.0405005646898557,,
baseline_noce,EUW,Emissions|GHG|Industry|Iron and Steel,MtCO2e/yr,76.28063518652209,62.4555441257427,46.259993758312305,25.112934024991198,5.582229776183509,-1.0659265997950901e-07
baseline_noce,EUW,Emissions|GHG|Industry|Non-Metallic Minerals|Cement,MtCO2e/yr,34.497180576527896,30.3360283336535,24.2474248395441,22.9729634559062,21.1730899124673,17.618938931263898
baseline_noce,EUW,Emissions|GHG|Industry|Non-Ferrous Metals|Aluminum,MtCO2e/yr,2.5691470406208,3.99666860375425,3.6330996319471502,3.13276161558312,1.49848653899494,
baseline_noce,IDN,Emissions|GHG|Industry|Iron and Steel,MtCO2e/yr,28.6517242265395,37.366544069294896,45.0887462317215,57.2999310689939,48.3154725476028,5.81633782149154
baseline_noce,IDN,Emissions|GHG|Industry|Non-Metallic Minerals|Cement,MtCO2e/yr,155.938212179255,151.08285725741803,149.777808423697,153.493841214615,151.848392141336,145.634653738136
baseline_noce,IDN,Emissions|GHG|Industry|Non-Ferrous Metals|Aluminum,MtCO2e/yr,0.804472116479327,0.803980619269002,0.9523143619259841,0.880878369214349,0.8094423821827641,0.68864548310078
baseline_noce,IND,Emissions|GHG|Industry|Iron and Steel,MtCO2e/yr,271.672177058831,328.28503909605297,353.819658171088,396.957454857398,432.473482015317,618.564760123933
baseline_noce,IND,Emissions|GHG|Industry|Non-Metallic Minerals|Cement,MtCO2e/yr,221.211638938921,266.613618373272,315.481620926887,347.12147144254305,342.198350186552,333.29516620169704
baseline_noce,IND,Emissions|GHG|Industry|Non-Ferrous Metals|Aluminum,MtCO2e/yr,12.302495596516799,13.6612020638072,13.314475996285301,11.378669689415,9.393688474240252,0.36377506328972997
baseline_noce,JPN,Emissions|GHG|Industry|Iron and Steel,MtCO2e/yr,127.820723377896,85.9208195392433,61.994426035450104,12.7737451049187,10.4340028166756,-0.6129694581316449
baseline_noce,JPN,Emissions|GHG|Industry|Non-Metallic Minerals|Cement,MtCO2e/yr,39.0501250677739,31.3869573618393,23.5138463698423,21.7451012317544,19.9764998198909,18.7809657192022
baseline_noce,JPN,Emissions|GHG|Industry|Non-Ferrous Metals|Aluminum,MtCO2e/yr,0.211376538679122,0.418691778041025,0.21539269301835198,0.142890539803594,0.10250684139221,
baseline_noce,LAM,Emissions|GHG|Industry|Iron and Steel,MtCO2e/yr,8.06215981872513,2.6780988814688897,2.29332312475097,4.6653398774031,3.41352891861059,5.23865620060724
baseline_noce,LAM,Emissions|GHG|Industry|Non-Metallic Minerals|Cement,MtCO2e/yr,40.6167384127257,42.897869860512905,44.5865652764693,46.6096565877763,46.6403432583359,46.4805706686657
baseline_noce,LAM,Emissions|GHG|Industry|Non-Ferrous Metals|Aluminum,MtCO2e/yr,1.36133094479526,1.3686065002100298,1.10223969834945,0.884847938482028,0.6674561705284611,0.0714100298061601
baseline_noce,MDA,Emissions|GHG|Industry|Iron and Steel,MtCO2e/yr,22.3022013177956,10.1205992752531,9.02761538258745,5.25253207624292,4.53521712282768,4.17481446384667
baseline_noce,MDA,Emissions|GHG|Industry|Non-Metallic Minerals|Cement,MtCO2e/yr,51.6302224608648,66.61791001377,57.1002487275085,55.2046580657402,46.8088285302653,20.065596918614798
baseline_noce,MDA,Emissions|GHG|Industry|Non-Ferrous Metals|Aluminum,MtCO2e/yr,0.36637677996900103,0.57946917667349,0.518583028551589,0.462729030756854,0.393391707544259,
baseline_noce,MEA,Emissions|GHG|Industry|Iron and Steel,MtCO2e/yr,22.302832746629903,21.7026627999875,8.66877678196936,10.2676964144951,4.35162002622045,2.9646576267543603
baseline_noce,MEA,Emissions|GHG|Industry|Non-Metallic Minerals|Cement,MtCO2e/yr,114.46344949733401,126.41221325036899,123.67380190223,127.72510278426199,128.525539696319,130.83237768012
baseline_noce,MEA,Emissions|GHG|Industry|Non-Ferrous Metals|Aluminum,MtCO2e/yr,16.8855200107169,18.5216118074123,15.187719480361901,12.417064510996601,9.64640949122783,3.8331710156634298
baseline_noce,MEX,Emissions|GHG|Industry|Iron and Steel,MtCO2e/yr,15.233726069800198,13.1008517168659,10.2321385818049,2.83974931992717,3.2514330776022597,4.07483893999287
baseline_noce,MEX,Emissions|GHG|Industry|Non-Metallic Minerals|Cement,MtCO2e/yr,28.4468516775024,30.236690519683602,30.2335619705373,30.2373776013246,29.207129837840903,28.6400069530929
baseline_noce,MEX,Emissions|GHG|Industry|Non-Ferrous Metals|Aluminum,MtCO2e/yr,0.00160133734632359,0.117279944187341,0.16706112711799198,0.19226937641148997,0.215597661405173,0.260391367048569
baseline_noce,NIG,Emissions|GHG|Industry|Iron and Steel,MtCO2e/yr,0.036923928443404204,0.236898970342414,0.286952970234288,0.346127741111864,0.41751408742908,0.605485626314055
baseline_noce,NIG,Emissions|GHG|Industry|Non-Metallic Minerals|Cement,MtCO2e/yr,12.6353920878471,14.7427246469772,14.7818637281173,15.9489934678824,17.7938827830179,21.8487487100109
baseline_noce,RUS,Emissions|GHG|Industry|Iron and Steel,MtCO2e/yr,189.408294016028,161.917113364796,112.253649849328,18.6688843749815,9.2298941951173,5.08870921002356
baseline_noce,RUS,Emissions|GHG|Industry|Non-Metallic Minerals|Cement,MtCO2e/yr,26.6792291793531,29.1088868500787,23.2102222603307,23.0364132607453,22.4583200201116,22.2963870609839
baseline_noce,RUS,Emissions|GHG|Industry|Non-Ferrous Metals|Aluminum,MtCO2e/yr,7.8262507805648704,9.10286394473128,7.5745045119509795,4.736017599487029,1.58933999186958,2.1603423550204
baseline_noce,SKT,Emissions|GHG|Industry|Iron and Steel,MtCO2e/yr,70.24464390532731,68.6147418175287,50.7227417355573,23.0514863302492,6.38861953312361,-5.25556955279984e-08
baseline_noce,SKT,Emissions|GHG|Industry|Non-Metallic Minerals|Cement,MtCO2e/yr,39.2009176349605,36.01102215062431,29.7996746943715,26.1155349238035,23.5201102050404,18.4639242825501
baseline_noce,SKT,Emissions|GHG|Industry|Non-Ferrous Metals|Aluminum,MtCO2e/yr,0.32026748296637797,0.143320046681508,0.152447321693622,0.168073880452505,0.137220751865162,
baseline_noce,USA,Emissions|GHG|Industry|Iron and Steel,MtCO2e/yr,79.0459855327808,81.2546006557817,35.0615507938204,10.7480662681012,7.0932961375848,
baseline_noce,USA,Emissions|GHG|Industry|Non-Metallic Minerals|Cement,MtCO2e/yr,60.7377852133949,59.1354648592463,55.7878931827175,55.8811798242201,53.318243354619696,48.7355512149142
baseline_noce,USA,Emissions|GHG|Industry|Non-Ferrous Metals|Aluminum,MtCO2e/yr,3.0556010728204903,2.93858633459425,1.0414686690702,0.762574440081125,0.970043696439775,
ndc_noce,AFE,Emissions|GHG|Industry|Iron and Steel,MtCO2e/yr,0.0184619638539668,5.06663511409238,5.73744650585194,4.43901037699006,2.96107015943293,1.70076299503114
ndc_noce,AFE,Emissions|GHG|Industry|Non-Metallic Minerals|Cement,MtCO2e/yr,18.394555051924797,20.369220748161702,26.393659542752,30.2873783240626,35.466168144628604,46.4922055817569
ndc_noce,AFE,Emissions|GHG|Industry|Non-Ferrous Metals|Aluminum,MtCO2e/yr,,,4.99434067020501e-08,3.35896344943913e-07,3.32292895167605e-07,2.33557965278676e-07
ndc_noce,AFN,Emissions|GHG|Industry|Iron and Steel,MtCO2e/yr,6.21367470921723,8.41417031588077,7.43875791236475,6.60347972158239,5.56206350633962,9.760643927263299
ndc_noce,AFN,Emissions|GHG|Industry|Non-Metallic Minerals|Cement,MtCO2e/yr,61.502128253241395,61.1928100839267,61.509952069958096,63.0655705619032,64.8241545372355,68.5689262496743
ndc_noce,AFN,Emissions|GHG|Industry|Non-Ferrous Metals|Aluminum,MtCO2e/yr,0.828690869819345,1.1473968729323898,0.7803551190330299,0.8630561807360471,0.722737896068083,0.581652483504834
ndc_noce,AFW,Emissions|GHG|Industry|Iron and Steel,MtCO2e/yr,0.0203081570909803,0.0102524373908934,0.0120363382505545,0.0261561295386268,0.025625932347711503,0.058422188411846904
ndc_noce,AFW,Emissions|GHG|Industry|Non-Metallic Minerals|Cement,MtCO2e/yr,12.4951264349183,16.692382833492697,20.552139300772897,24.1972419215391,28.6400798046438,36.856956664104295
ndc_noce,AFW,Emissions|GHG|Industry|Non-Ferrous Metals|Aluminum,MtCO2e/yr,0.383592114677086,0.43271108963788496,0.348228018932398,0.31456828994936503,0.263151607061088,0.630593758382285
ndc_noce,AFZ,Emissions|GHG|Industry|Iron and Steel,MtCO2e/yr,12.248537852049399,4.6585490639314004,4.87412642765474,12.0592235378131,19.269655453205,26.2685448437887
ndc_noce,AFZ,Emissions|GHG|Industry|Non-Metallic Minerals|Cement,MtCO2e/yr,14.7205169523291,13.472962501149699,10.0727664228228,11.021310192168,12.6575373077362,15.695438975434799
ndc_noce,AFZ,Emissions|GHG|Industry|Non-Ferrous Metals|Aluminum,MtCO2e/yr,4.38043695969361,4.94170377029309,4.04507813706958,4.314668353699459,7.112725070739271,7.295177210951819
ndc_noce,ANZ,Emissions|GHG|Industry|Iron and Steel,MtCO2e/yr,8.58566104576931,5.1826395412926605,0.934318471924269,0.8816185810489681,0.8377559759384,0.762538690625471
ndc_noce,ANZ,Emissions|GHG|Industry|Non-Metallic Minerals|Cement,MtCO2e/yr,5.0001954943445295,4.94421095221848,3.44041648325052,2.33628104243424,0.41018368906235597,0.183636202927008
ndc_noce,ANZ,Emissions|GHG|Industry|Non-Ferrous Metals|Aluminum,MtCO2e/yr,6.0137007279495505,5.731312038459779,4.0595238689461395,2.74562898362219,0.385616929111068,5.4053555972323595e-06
ndc_noce,ASC,Emissions|GHG|Industry|Iron and Steel,MtCO2e/yr,13.0867454637104,10.5049254745264,5.519882012406271,8.68195942409782,10.5872470292092,23.3675261280339
ndc_noce,ASC,Emissions|GHG|Industry|Non-Metallic Minerals|Cement,MtCO2e/yr,22.798951839649302,25.9120635623058,28.3825140962097,30.4620224686414,32.0215414903389,35.150355818233805
ndc_noce,ASC,Emissions|GHG|Industry|Non-Ferrous Metals|Aluminum,MtCO2e/yr,1.36360794289003,1.4249345805809501,1.1149515988615202,1.85954502189703,1.90492696797629,1.46320259558726
ndc_noce,ASE,Emissions|GHG|Industry|Iron and Steel,MtCO2e/yr,3.50547857171354,0.995482305257738,0.983320825910163,0.968720762842584,0.9541168311050661,0.9249238887348941
ndc_noce,ASE,Emissions|GHG|Industry|Non-Metallic Minerals|Cement,MtCO2e/yr,68.0403455578622,79.8563176075886,80.7939592413456,82.3403873218748,80.6233617793086,77.5954848227731
ndc_noce,ASE,Emissions|GHG|Industry|Non-Ferrous Metals|Aluminum,MtCO2e/yr,2.571133970798,3.21061902320664,3.4043079012301702,3.10615156440192,2.80799748779416,2.18542586014271
ndc_noce,ASO,Emissions|GHG|Industry|Iron and Steel,MtCO2e/yr,1.13941526976031,0.6726231638354231,0.67078646899456,0.760307982769793,0.861474846331224,1.10674201550819
ndc_noce,ASO,Emissions|GHG|Industry|Non-Metallic Minerals|Cement,MtCO2e/yr,36.784444693104994,36.8767015639505,49.5945383581868,66.3462203691742,74.83648880704,95.60923444983541
ndc_noce,ASO,Emissions|GHG|Industry|Non-Ferrous Metals|Aluminum,MtCO2e/yr,,,1.73626514005128e-07,6.047466570614101e-07,5.07132402969236e-07,2.18316006478147e-07
ndc_noce,BRA,Emissions|GHG|Industry|Iron and Steel,MtCO2e/yr,52.5063057077343,49.0236238043543,48.093092745382705,34.3854477734775,17.402470988917898,7.72651746536424
ndc_noce,BRA,Emissions|GHG|Industry|Non-Metallic Minerals|Cement,MtCO2e/yr,29.894113795635302,33.126348311559504,31.3932784325646,31.1822534113218,29.3107684854218,29.354904267239
ndc_noce,BRA,Emissions|GHG|Industry|Non-Ferrous Metals|Aluminum,MtCO2e/yr,0.654479599894761,3.2174164798901703,2.8497237113554403,1.90969390021732,1.65812331228421,0.858680961114247
ndc_noce,CAN,Emissions|GHG|Industry|Iron and Steel,MtCO2e/yr,18.7134526632712,9.260171348524969,2.16664930859428,2.0777475860349,1.99392823137144,1.83003116205641
ndc_noce,CAN,Emissions|GHG|Industry|Non-Metallic Minerals|Cement,MtCO2e/yr,10.8768884656244,11.2694322474532,9.16954129705969,9.18242065115753,9.00451682942967,6.32789336443885
ndc_noce,CAN,Emissions|GHG|Industry|Non-Ferrous Metals|Aluminum,MtCO2e/yr,6.56480064898889,8.25049276098848,6.95497548678828,5.91089548885731,4.7758086018016,2.53375376263291
ndc_noce,CHL,Emissions|GHG|Industry|Iron and Steel,MtCO2e/yr,1.65821558660543,0.726970180013178,0.854968642107377,0.645161738548516,0.38000803552353196,0.197373270930226
ndc_noce,CHL,Emissions|GHG|Industry|Non-Metallic Minerals|Cement,MtCO2e/yr,1.26508421340864,1.2124805430830599,0.9134577988268789,1.25931059011117,1.5017016075496998,1.95343055717116
ndc_noce,CHL,Emissions|GHG|Industry|Non-Ferrous Metals|Aluminum,MtCO2e/yr,,,1.78572311108162e-07,7.517841060957681e-07,7.59832007390159e-07,3.48980559932124e-07
ndc_noce,CHN,Emissions|GHG|Industry|Iron and Steel,MtCO2e/yr,1585.38682152395,1606.9021242025199,1422.78042632525,1282.21307892101,1279.10504382722,1035.62549615732
ndc_noce,CHN,Emissions|GHG|Industry|Non-Metallic Minerals|Cement,MtCO2e/yr,1338.35642777995,1078.42896753756,800.309096870778,637.042390874724,566.427059742725,432.970890002546
ndc_noce,CHN,Emissions|GHG|Industry|Non-Ferrous Metals|Aluminum,MtCO2e/yr,126.73053853838499,155.957552141009,131.159714373209,110.993198806081,90.9631143070932,48.5547403882203
ndc_noce,ENE,Emissions|GHG|Industry|Iron and Steel,MtCO2e/yr,48.3389204478987,12.1862752190954,12.4142836768041,17.8266766318764,15.1580491429206,24.3349039093538
ndc_noce,ENE,Emissions|GHG|Industry|Non-Metallic Minerals|Cement,MtCO2e/yr,14.0371416514761,12.1716116464914,12.6870835394049,13.4109324193459,13.6255948438245,13.475483436605
ndc_noce,ENE,Emissions|GHG|Industry|Non-Ferrous Metals|Aluminum,MtCO2e/yr,0.38079744097402,0.22030369583461298,0.26116864280249397,0.298141395594296,0.32853927107814,0.366461762150773
ndc_noce,ENW,Emissions|GHG|Industry|Iron and Steel,MtCO2e/yr,11.3661365478027,2.2804407368427,0.752932367516672,0.6724611500141521,0.600485380662118,0.481375591742527
ndc_noce,ENW,Emissions|GHG|Industry|Non-Metallic Minerals|Cement,MtCO2e/yr,10.031878077281801,8.79645676554156,8.69105499538994,8.70917553966461,8.61808815908007,8.65850337274539
ndc_noce,ENW,Emissions|GHG|Industry|Non-Ferrous Metals|Aluminum,MtCO2e/yr,6.197285686440661,5.8524527002916,3.5547183364101,2.08015173782856,0.40259648502023404,1.54492816274351e-06
ndc_noce,EUE,Emissions|GHG|Industry|Iron and Steel,MtCO2e/yr,28.9685965022936,15.9052261290262,3.23973399931501,2.98277472638897,2.76354390105568,1.98220314730064
ndc_noce,EUE,Emissions|GHG|Industry|Non-Metallic Minerals|Cement,MtCO2e/yr,30.2583042771816,28.1656144257884,21.948097062421198,21.2189842694219,16.2984175552253,7.09004823690638
ndc_noce,EUE,Emissions|GHG|Industry|Non-Ferrous Metals|Aluminum,MtCO2e/yr,1.9153915112218298,3.2357758814662603,2.04505677592996,1.5225063911407402,1.4547261997968601,0.835211989782047
ndc_noce,EUM,Emissions|GHG|Industry|Iron and Steel,MtCO2e/yr,42.8372750398707,35.139781258881705,18.1386758817506,5.6257264550826305,3.54310812156147,0.000729033672836138
ndc_noce,EUM,Emissions|GHG|Industry|Non-Metallic Minerals|Cement,MtCO2e/yr,43.1945929835844,43.6238588647539,41.8676293001496,40.6558152364153,38.4821906793058,34.2965182906782
ndc_noce,EUM,Emissions|GHG|Industry|Non-Ferrous Metals|Aluminum,MtCO2e/yr,2.88408571475558,2.71129636577073,1.15073157565923,0.0405116612568127,0.0289281960055446,1.66032919817636e-06
ndc_noce,EUW,Emissions|GHG|Industry|Iron and Steel,MtCO2e/yr,76.28063518652209,62.4555441257427,46.2599912483088,25.1129377587628,6.51612948019293,4.63590376716475
ndc_noce,EUW,Emissions|GHG|Industry|Non-Metallic Minerals|Cement,MtCO2e/yr,34.497180576527896,30.3360283336535,24.3590690091012,23.5560806926517,22.1925764181897,19.6768822098129
ndc_noce,EUW,Emissions|GHG|Industry|Non-Ferrous Metals|Aluminum,MtCO2e/yr,2.5691470406208,3.99666860375425,3.67697693943414,3.3337851478116898,2.9905973580212697,2.16900376645351
ndc_noce,IDN,Emissions|GHG|Industry|Iron and Steel,MtCO2e/yr,28.6517242265395,37.366544069294896,48.580733806643494,63.2267362699907,76.2651890010518,79.6872880710755
ndc_noce,IDN,Emissions|GHG|Industry|Non-Metallic Minerals|Cement,MtCO2e/yr,155.938212179255,151.08285725741803,149.777807903796,153.493841579145,152.672076561951,151.89877952065902
ndc_noce,IDN,Emissions|GHG|Industry|Non-Ferrous Metals|Aluminum,MtCO2e/yr,0.804472116479327,0.803980619269002,1.03182114048854,1.67108472647485,2.67181251395361,6.59104190160179
ndc_noce,IND,Emissions|GHG|Industry|Iron and Steel,MtCO2e/yr,271.672177058831,328.28503909605297,339.03330658094,329.076701694366,373.07781099681,563.9257659341121
ndc_noce,IND,Emissions|GHG|Industry|Non-Metallic Minerals|Cement,MtCO2e/yr,221.211638938921,266.613618373272,315.337094252864,346.976941493881,341.648165487695,333.269458103802
ndc_noce,IND,Emissions|GHG|Industry|Non-Ferrous Metals|Aluminum,MtCO2e/yr,12.302495596516799,13.6612020638072,13.4874369523581,11.5516269058984,9.56665055959658,0.439321642298973
ndc_noce,JPN,Emissions|GHG|Industry|Iron and Steel,MtCO2e/yr,127.820723377896,85.9208195392433,61.9944276531769,13.199612530652,12.4365860368827,9.60038731374977
ndc_noce,JPN,Emissions|GHG|Industry|Non-Metallic Minerals|Cement,MtCO2e/yr,39.0501250677739,31.3869573618393,23.4949480650035,21.7262025230461,20.1442108272699,17.488262353409397
ndc_noce,JPN,Emissions|GHG|Industry|Non-Ferrous Metals|Aluminum,MtCO2e/yr,0.211376538679122,0.418691778041025,0.21539275355877502,0.142892972678038,0.10251433068863901,0.0129053069415627
ndc_noce,LAM,Emissions|GHG|Industry|Iron and Steel,MtCO2e/yr,8.06215981872513,2.6780988814688897,2.29375307286416,4.96067518312274,4.4144408074115296,5.42104108695381
ndc_noce,LAM,Emissions|GHG|Industry|Non-Metallic Minerals|Cement,MtCO2e/yr,40.6167384127257,42.897869860512905,44.8560884503405,47.6245036109353,48.406174808542794,49.6969190627964
ndc_noce,LAM,Emissions|GHG|Industry|Non-Ferrous Metals|Aluminum,MtCO2e/yr,1.36133094479526,1.3686065002100298,1.1715564708231099,0.954166321224846,0.73678007056522,0.315607792069673
ndc_noce,MDA,Emissions|GHG|Industry|Iron and Steel,MtCO2e/yr,22.3022013177956,10.1205992752531,9.55373815752819,20.6353860596886,32.5557226378399,56.6924914345284
ndc_noce,MDA,Emissions|GHG|Industry|Non-Metallic Minerals|Cement,MtCO2e/yr,51.6302224608648,66.61791001377,57.1975147129285,56.4918450267323,54.911692494587605,52.5318622226198
ndc_noce,MDA,Emissions|GHG|Industry|Non-Ferrous Metals|Aluminum,MtCO2e/yr,0.36637677996900103,0.57946917667349,0.518603755154838,0.47696216714929895,0.435323875946808,0.7758234397232
ndc_noce,MEA,Emissions|GHG|Industry|Iron and Steel,MtCO2e/yr,22.302832746629903,21.7026627999875,8.668780597166089,10.1773567100122,10.1503366070454,6.75304577326733
ndc_noce,MEA,Emissions|GHG|Industry|Non-Metallic Minerals|Cement,MtCO2e/yr,114.46344949733401,126.41221325036899,123.673801819521,127.72510436998799,128.52554041652,130.832377401468
ndc_noce,MEA,Emissions|GHG|Industry|Non-Ferrous Metals|Aluminum,MtCO2e/yr,16.8855200107169,18.5216118074123,15.1877177190282,12.3734221970216,9.4180605893923,3.8331953917741197
ndc_noce,MEX,Emissions|GHG|Industry|Iron and Steel,MtCO2e/yr,15.233726069800198,13.1008517168659,10.232151281235799,2.8397828608768902,3.25143492482976,3.55299441591209
ndc_noce,MEX,Emissions|GHG|Industry|Non-Metallic Minerals|Cement,MtCO2e/yr,28.4468516775024,30.236690519683602,30.233562888938902,30.2373776254097,29.207131362290003,27.5516814640837
ndc_noce,MEX,Emissions|GHG|Industry|Non-Ferrous Metals|Aluminum,MtCO2e/yr,0.00160133734632359,0.117279944187341,0.167061376881707,0.19211012070061098,0.21518149110392598,0.259308334525387
ndc_noce,NIG,Emissions|GHG|Industry|Iron and Steel,MtCO2e/yr,0.036923928443404204,0.236898970342414,0.286956879552304,0.346137480610706,0.417519291466789,0.607469867932495
ndc_noce,NIG,Emissions|GHG|Industry|Non-Metallic Minerals|Cement,MtCO2e/yr,12.6353920878471,14.7427246469772,14.948179926333,16.3831689002977,18.6594332243344,23.6376531290264
ndc_noce,NIG,Emissions|GHG|Industry|Non-Ferrous Metals|Aluminum,MtCO2e/yr,,,1.89247035374353e-07,7.39696001348915e-07,6.74777366237339e-07,2.55382129670538e-07
ndc_noce,RUS,Emissions|GHG|Industry|Iron and Steel,MtCO2e/yr,189.408294016028,161.917113364796,106.17319963668801,18.6681697082495,9.53380457484717,4.84444899697535
ndc_noce,RUS,Emissions|GHG|Industry|Non-Metallic Minerals|Cement,MtCO2e/yr,26.6792291793531,29.1088868500787,23.2102176345796,23.0364168006246,22.458320604176198,21.4320711856268
ndc_noce,RUS,Emissions|GHG|Industry|Non-Ferrous Metals|Aluminum,MtCO2e/yr,7.8262507805648704,9.10286394473128,7.574504048924781,5.918448980846589,2.5041572437054103,4.37719907260601e-06
ndc_noce,SKT,Emissions|GHG|Industry|Iron and Steel,MtCO2e/yr,70.24464390532731,68.6147418175287,51.8080698725362,28.274710220017802,5.70501076277113,4.52419856735566
ndc_noce,SKT,Emissions|GHG|Industry|Non-Metallic Minerals|Cement,MtCO2e/yr,39.2009176349605,36.01102215062431,30.009208440371,26.799726144494098,24.074549986625502,19.6461076930994
ndc_noce,SKT,Emissions|GHG|Industry|Non-Ferrous Metals|Aluminum,MtCO2e/yr,0.32026748296637797,0.143320046681508,0.152447512652057,0.204970612392139,0.26069674479860705,0.38431937804981997
ndc_noce,USA,Emissions|GHG|Industry|Iron and Steel,MtCO2e/yr,79.0459855327808,81.2546006557817,35.061553862652,10.748072491770499,7.0933010218951,6.8082589690423595e-06
ndc_noce,USA,Emissions|GHG|Industry|Non-Metallic Minerals|Cement,MtCO2e/yr,60.7377852133949,59.1354648592463,57.0868500996173,55.674640339653,51.704063424996605,48.735551640331
ndc_noce,USA,Emissions|GHG|Industry|Non-Ferrous Metals|Aluminum,MtCO2e/yr,3.0556010728204903,2.93858633459425,0.9620433750936159,0.656425679330763,0.041262024545151904,4.78331336958053e-07
baseline_noce,AFE,Price|Carbon,USD_2010/t CO2e,6.4375495438117e-05,10.7914987821083,164.561506998678,127.82179316012801,327.459211981471,85.0012258609473
baseline_noce,AFN,Price|Carbon,USD_2010/t CO2e,1.27469413372404e-05,4.05778578092238e-06,2.41138782531231e-08,150.563100737303,248.53696185685502,253.49740699630203
baseline_noce,AFW,Price|Carbon,USD_2010/t CO2e,5.20223616201246e-05,1.55067147579407e-06,1.7976689864110502e-07,3.58291834252597e-08,111.55660363834801,240.64747830827298
baseline_noce,AFZ,Price|Carbon,USD_2010/t CO2e,1.2815655101438601e-05,4.6041533990692205,67.3439777417158,7.5321113514458e-08,72.4691731051868,249.28898548258
baseline_noce,ANZ,Price|Carbon,USD_2010/t CO2e,1.56178919935201e-05,52.072405477123006,374.085331806142,431.059019959808,491.753468329532,1010.6708617761699
baseline_noce,ASC,Price|Carbon,USD_2010/t CO2e,1.45276314991777e-05,4.34613342575925e-07,2.55612956776681e-08,35.9991026689346,265.096420003436,329.965254630883
baseline_noce,ASE,Price|Carbon,USD_2010/t CO2e,1.0363542525871501e-05,12.0646711284619,1.3555245957240399e-08,599.736881302178,873.264488113254,511.869202694429
baseline_noce,ASO,Price|Carbon,USD_2010/t CO2e,2.35343081689066e-05,166.153336586602,1.02363590568566e-09,-1.27321322680774e-10,1.0526453750232999e-09,2.81273749266189e-07
baseline_noce,BRA,Price|Carbon,USD_2010/t CO2e,1.3948835683864501e-05,1197.865173294,153.296193183156,109.23678192521601,188.643628949766,2345.95732693887
baseline_noce,CAN,Price|Carbon,USD_2010/t CO2e,1.33626818013245e-05,3.60868058566015e-06,1043.74386590184,189.38963678369,385.20542942772204,1725.46480377875
baseline_noce,CHL,Price|Carbon,USD_2010/t CO2e,8.65904652084371e-05,444.184690793571,2.4777159970680502,64.7699349175856,107.663971259726,544.832625858604
baseline_noce,CHN,Price|Carbon,USD_2010/t CO2e,7.570391565583399e-07,1.95255393005672e-08,6.27092073052521e-10,2.92949616552683,84.67762871149941,219.17100800365898
baseline_noce,ENE,Price|Carbon,USD_2010/t CO2e,2.2796911370074602e-05,71.8777845629012,1.06229569929947e-08,7.7205322310285505,84.38635687519209,98.0094952854062
baseline_noce,ENW,Price|Carbon,USD_2010/t CO2e,1.63327740664868e-05,408.201437089124,865.5714301394199,656.542636161685,828.199041386468,2712.98321009641
baseline_noce,EUE,Price|Carbon,USD_2010/t CO2e,1.22820280063608e-05,49.156985614244,146.417751508185,242.67276470599,478.582316796861,2747.17128948591
baseline_noce,EUM,Price|Carbon,USD_2010/t CO2e,8.26619568416022e-06,72.1789411178147,1376.10259710732,698.235911911751,926.182544708739,2825.2355859642503
baseline_noce,EUW,Price|Carbon,USD_2010/t CO2e,8.977875605769579e-06,181.75779367608598,224.507240949844,273.523207638459,417.924789899988,2642.2244026463104
baseline_noce,IDN,Price|Carbon,USD_2010/t CO2e,6.31380513319861e-06,2.51421169934328e-07,1.37237219229241e-09,2.4613355461197797e-08,91.9759020222907,338.491163922425
baseline_noce,IND,Price|Carbon,USD_2010/t CO2e,2.81024775948614e-06,4.75410557843413e-07,231.787796121395,306.640127434621,554.165416810466,1129.1069017745801
baseline_noce,JPN,Price|Carbon,USD_2010/t CO2e,7.2075192659573996e-06,166.478710415875,828.489898900482,693.251737789491,911.3525169961259,3237.26987752406
baseline_noce,LAM,Price|Carbon,USD_2010/t CO2e,1.35298143109943e-05,44.8447409022472,108.863184233821,186.760210714842,466.32349248529897,306.764280527798
baseline_noce,MDA,Price|Carbon,USD_2010/t CO2e,1.1708484217132e-05,12.7263052292843,10.8071312846607,37.7504803049681,155.846132886533,974.988570167142
baseline_noce,MEA,Price|Carbon,USD_2010/t CO2e,3.25924472323011e-06,4.30062186315719e-07,486.531528865807,176.194935447024,390.532645969027,349.042666537538
baseline_noce,MEX,Price|Carbon,USD_2010/t CO2e,1.77627797722573e-05,1.12614980710583e-06,2.47780505825297e-08,484.35402774346,546.348206634741,135.19594180814502
baseline_noce,NIG,Price|Carbon,USD_2010/t CO2e,3.79849249220973e-05,128.252861926504,125.273752927235,185.60603609373,374.662723032886,357.973720361468
baseline_noce,RUS,Price|Carbon,USD_2010/t CO2e,3.81571711083183e-06,4.55335428248339e-07,1.67210178198535e-08,724.007446532576,925.950560680791,347.436199398999
baseline_noce,SKT,Price|Carbon,USD_2010/t CO2e,4.47021538609397e-06,67.2721830744182,184.906205773187,489.288440876983,590.1657238812879,3826.98935907109
baseline_noce,USA,Price|Carbon,USD_2010/t CO2e,1.7862999808939398e-06,148.61832552322198,1501.2900393588,621.188499508276,703.273624063811,4175.68382873723
ndc_noce,AFE,Price|Carbon,USD_2010/t CO2e,6.4375495438117e-05,10.7914987821083,150.78011512012,37.6183894112835,90.39991069996441,147.511994154418
ndc_noce,AFN,Price|Carbon,USD_2010/t CO2e,1.27469413372404e-05,4.05778578092238e-06,0.199608529041496,42.8296420479549,52.2601747334116,50.383829513059304
ndc_noce,AFW,Price|Carbon,USD_2010/t CO2e,5.20223616201246e-05,1.55067147579407e-06,7.79741937330443e-05,0.000164892167668336,9.50763981010681e-05,1.01921043896567e-05
ndc_noce,AFZ,Price|Carbon,USD_2010/t CO2e,1.2815655101438601e-05,4.6041533990692205,106.73069520069001,10.8406521802081,0.96240102292247,0.000256023501726721
ndc_noce,ANZ,Price|Carbon,USD_2010/t CO2e,1.56178919935201e-05,52.072405477123006,423.89301229418504,314.324431611528,334.898239316909,409.091910997448
ndc_noce,ASC,Price|Carbon,USD_2010/t CO2e,1.45276314991777e-05,4.34613342575925e-07,5.5365668783424205e-05,5.271279863919309,2.9555738411697097,1.0163271351963898
ndc_noce,ASE,Price|Carbon,USD_2010/t CO2e,1.0363542525871501e-05,12.0646711284619,27.9708478827496,126.00070241337299,184.68333085938,156.86673616427498
ndc_noce,ASO,Price|Carbon,USD_2010/t CO2e,2.35343081689066e-05,166.153336586602,0.00118111372274187,0.000166674834183258,1.3378125149982298,4.6451589827349695e-05
ndc_noce,BRA,Price|Carbon,USD_2010/t CO2e,1.3948835683864501e-05,1197.865173294,165.951606687208,159.30166973034702,176.707769400134,271.888500776902
ndc_noce,CAN,Price|Carbon,USD_2010/t CO2e,1.33626818013245e-05,3.60868058566015e-06,690.166637488616,248.426564753841,162.740210756875,166.23934368552202
ndc_noce,CHL,Price|Carbon,USD_2010/t CO2e,8.65904652084371e-05,444.184690793571,8.18991543082985,68.75474415844569,73.06501723621051,92.2290025076138
ndc_noce,CHN,Price|Carbon,USD_2010/t CO2e,7.570391565583399e-07,1.95255393005672e-08,9.76284565750144e-06,16.9906925073886,19.140923031407,33.792110900354
ndc_noce,ENE,Price|Carbon,USD_2010/t CO2e,2.2796911370074602e-05,71.8777845629012,25.4612908540056,1.96919292083433e-05,3.32340151551617e-05,2.90386386599435
ndc_noce,ENW,Price|Carbon,USD_2010/t CO2e,1.63327740664868e-05,408.201437089124,872.713911376556,488.52267267342705,443.79936066178897,500.75907278369505
ndc_noce,EUE,Price|Carbon,USD_2010/t CO2e,1.22820280063608e-05,49.156985614244,178.734562254878,226.146551331882,280.677252124969,292.327217074063
ndc_noce,EUM,Price|Carbon,USD_2010/t CO2e,8.26619568416022e-06,72.1789411178147,1330.3633303178199,604.711885818008,498.72152409921597,878.389117374667
ndc_noce,EUW,Price|Carbon,USD_2010/t CO2e,8.977875605769579e-06,181.75779367608598,240.810326495702,185.743488973262,186.349342533136,194.816175142415
ndc_noce,IDN,Price|Carbon,USD_2010/t CO2e,6.31380513319861e-06,2.51421169934328e-07,4.71400075423812e-06,0.7827630647750969,2.32300167092274,2.27255444596919
ndc_noce,IND,Price|Carbon,USD_2010/t CO2e,2.81024775948614e-06,4.75410557843413e-07,416.093174541142,391.391135498057,522.690384475022,884.510612293822
ndc_noce,JPN,Price|Carbon,USD_2010/t CO2e,7.2075192659573996e-06,166.478710415875,943.148698692558,541.0383590591509,488.522862786412,526.4700239277989
ndc_noce,LAM,Price|Carbon,USD_2010/t CO2e,1.35298143109943e-05,44.8447409022472,93.0758368850425,46.664725011364,46.758282119285504,58.5727764725549
ndc_noce,MDA,Price|Carbon,USD_2010/t CO2e,1.1708484217132e-05,12.7263052292843,1.17561962987279e-05,11.0687384367815,9.72994118922285,11.8708514519991
ndc_noce,MEA,Price|Carbon,USD_2010/t CO2e,3.25924472323011e-06,4.30062186315719e-07,395.19728578973303,105.990181830246,51.0392989639397,61.1820270343712
ndc_noce,MEX,Price|Carbon,USD_2010/t CO2e,1.77627797722573e-05,1.12614980710583e-06,44.4639102453722,424.73653102672597,451.290545299053,687.8469934424651
ndc_noce,NIG,Price|Carbon,USD_2010/t CO2e,3.79849249220973e-05,128.252861926504,109.088806660533,125.572833818961,141.886536862534,204.196416350873
ndc_noce,RUS,Price|Carbon,USD_2010/t CO2e,3.81571711083183e-06,4.55335428248339e-07,55.4035996095544,471.636513660996,560.461630322118,650.0426398561559
ndc_noce,SKT,Price|Carbon,USD_2010/t CO2e,4.47021538609397e-06,67.2721830744182,218.26498936548998,288.846810912567,300.293522095766,248.613522113941
ndc_noce,USA,Price|Carbon,USD_2010/t CO2e,1.7862999808939398e-06,148.61832552322198,1411.0248298582799,1542.31875839426,2431.7501234769998,2760.6185404196804
baseline_noce,AFN,Carbon Capture|Industry|Non-Ferrous Metals|Aluminum,MtCO2/yr,,,0.0,0.0,0.0,2.15554859130964e-08
baseline_noce,AFN,Carbon Capture|Industry|Non-Metallic Minerals|Cement,MtCO2/yr,,,0.833727771376338,0.833727773395383,0.833727783223331,0.833727798903002
baseline_noce,AFN,Carbon Capture|Industry|Iron and Steel,MtCO2/yr,,,0.0,0.33839845417666536,0.3383985361103637,0.33839850820167316
baseline_noce,AFZ,Carbon Capture|Industry|Non-Ferrous Metals|Aluminum,MtCO2/yr,,,0.0,0.0,0.0,4.28504525217122e-05
baseline_noce,AFZ,Carbon Capture|Industry|Non-Metallic Minerals|Cement,MtCO2/yr,,,3.6186684809635103,3.61866847701725,3.61866848984341,3.61866853708162
baseline_noce,AFZ,Carbon Capture|Industry|Iron and Steel,MtCO2/yr,,,0.0,1.56221511732916,1.5622151847901191,1.6556662670439038e-07
baseline_noce,ANZ,Carbon Capture|Industry|Non-Metallic Minerals|Cement,MtCO2/yr,,,1.745595965538407,3.0956374855291298,3.24737597396043,5.698707602231
baseline_noce,ANZ,Carbon Capture|Industry|Iron and Steel,MtCO2/yr,,,0.0,9.520645011963381e-08,6.71759970745405e-08,5.09840528841576e-07
baseline_noce,ASE,Carbon Capture|Industry|Non-Metallic Minerals|Cement,MtCO2/yr,,,2.325351122220296,2.325351121583233,2.32535111951155,2.325351130160759
baseline_noce,ASO,Carbon Capture|Industry|Non-Metallic Minerals|Cement,MtCO2/yr,,,6.64858338115239e-07,6.576368793823949e-07,6.609765951077311e-07,6.707126098260769e-07
baseline_noce,BRA,Carbon Capture|Industry|Non-Metallic Minerals|Cement,MtCO2/yr,,,2.044992648338582,2.0449926484534653,2.044992657306929,1.6619513156864558e-07
baseline_noce,BRA,Carbon Capture|Industry|Iron and Steel,MtCO2/yr,,,0.0,1.8204225472274862,1.8204226363205174,0.0
baseline_noce,CAN,Carbon Capture|Industry|Non-Metallic Minerals|Cement,MtCO2/yr,,,2.101121014860983,3.6709044140267,5.399861432818571,11.15153568352935
baseline_noce,CAN,Carbon Capture|Industry|Iron and Steel,MtCO2/yr,,,0.0,6.245614071285401e-08,0.0,0.0
baseline_noce,CHL,Carbon Capture|Industry|Non-Metallic Minerals|Cement,MtCO2/yr,,,0.764682100684867,0.764682223557883,1.2049772045573968,2.651031697067508
baseline_noce,CHL,Carbon Capture|Industry|Iron and Steel,MtCO2/yr,,,0.0,5.86471600768128e-07,1.181322826083693e-06,8.63974150573381e-06
baseline_noce,CHN,Carbon Capture|Industry|Non-Metallic Minerals|Cement,MtCO2/yr,,,39.3267817351624,39.3267817350687,39.3267817503771,39.3267817905708
baseline_noce,CHN,Carbon Capture|Industry|Iron and Steel,MtCO2/yr,,,0.0,2.3523192223352997e-06,2.45272159718018e-06,8.934044726299809e-07
baseline_noce,ENE,Carbon Capture|Industry|Non-Metallic Minerals|Cement,MtCO2/yr,,,0.29328542342903,0.293285421152,0.293285436282626,0.293285468407226
baseline_noce,ENE,Carbon Capture|Industry|Iron and Steel,MtCO2/yr,,,0.0,7.43463260851833,22.58990728694052,22.82500414280106
baseline_noce,EUE,Carbon Capture|Industry|Non-Metallic Minerals|Cement,MtCO2/yr,,,6.45398926144708,6.45398926452685,6.45398927987848,6.453989279128349
baseline_noce,EUE,Carbon Capture|Industry|Iron and Steel,MtCO2/yr,,,0.0,0.0,0.0,1.155580155918926
baseline_noce,EUW,Carbon Capture|Industry|Non-Metallic Minerals|Cement,MtCO2/yr,,,5.60362590848647,5.60362591171654,5.603625916645689,5.60362590016169
baseline_noce,EUW,Carbon Capture|Industry|Iron and Steel,MtCO2/yr,,,0.0,0.0,0.0,8.255271087229059e-07
baseline_noce,IDN,Carbon Capture|Industry|Non-Metallic Minerals|Cement,MtCO2/yr,,,4.92053032443835,4.92053032171361,4.9205303387095904,4.92053036674815
baseline_noce,IDN,Carbon Capture|Industry|Iron and Steel,MtCO2/yr,,,0.0,4.53308740986886,4.53308865879481,4.50640763228996e-08
baseline_noce,IND,Carbon Capture|Industry|Non-Ferrous Metals|Aluminum,MtCO2/yr,,,0.0933544648818979,0.0933544658397913,0.09335446761694141,0.0
baseline_noce,IND,Carbon Capture|Industry|Non-Metallic Minerals|Cement,MtCO2/yr,,,1.059712789918526e-06,1.059391275864323e-06,1.0592849828788879e-06,0.0
baseline_noce,IND,Carbon Capture|Industry|Iron and Steel,MtCO2/yr,,,0.0,0.1400308998041578,0.2800634591686902,0.6534868467178169
baseline_noce,JPN,Carbon Capture|Industry|Non-Metallic Minerals|Cement,MtCO2/yr,,,5.79779692005474,5.79779692138614,5.79779693221717,4.111496889043919
baseline_noce,JPN,Carbon Capture|Industry|Iron and Steel,MtCO2/yr,,,0.0,2.788006580034732,0.0,4.747258514436741
baseline_noce,MDA,Carbon Capture|Industry|Non-Metallic Minerals|Cement,MtCO2/yr,,,11.058216022356119,11.058216039412612,17.89269373050638,42.4590983498021
baseline_noce,MDA,Carbon Capture|Industry|Iron and Steel,MtCO2/yr,,,0.0,2.3631870405458724,2.363187146673053,2.215993838877761e-06
baseline_noce,MEA,Carbon Capture|Industry|Non-Metallic Minerals|Cement,MtCO2/yr,,,7.86535634513917,7.8653563430758,7.8653563508705995,7.86535636233295
baseline_noce,MEA,Carbon Capture|Industry|Iron and Steel,MtCO2/yr,,,0.0,1.329786869136484,1.3297870771987246,5.612451162957041
baseline_noce,NIG,Carbon Capture|Industry|Non-Metallic Minerals|Cement,MtCO2/yr,,,0.07865433310525251,0.0786543352974593,0.0786543415794598,0.0786543607883228
baseline_noce,NIG,Carbon Capture|Industry|Iron and Steel,MtCO2/yr,,,0.0,7.134412369847246e-09,0.0,0.0
baseline_noce,RUS,Carbon Capture|Industry|Non-Metallic Minerals|Cement,MtCO2/yr,,,7.63212785790268,7.632127843072531,7.632127864261671,7.63212787079784
baseline_noce,RUS,Carbon Capture|Industry|Iron and Steel,MtCO2/yr,,,0.0,5.4372466863238795,0.06824472094891401,5.403755995531774
baseline_noce,SKT,Carbon Capture|Industry|Non-Metallic Minerals|Cement,MtCO2/yr,,,0.5505749405586451,0.550574936177632,0.550574934949513,1.382857332676634e-08
baseline_noce,SKT,Carbon Capture|Industry|Iron and Steel,MtCO2/yr,,,0.0,1.672371403366119e-07,8.022002865335972e-09,4.0878006145387603e-07
baseline_noce,USA,Carbon Capture|Industry|Non-Metallic Minerals|Cement,MtCO2/yr,,,1.453344445422628,3.6333610527480604,5.81337771588112,10.17341111157762
baseline_noce,USA,Carbon Capture|Industry|Iron and Steel,MtCO2/yr,,,0.0,1.1295393689345309e-07,1.2904249644072958e-07,0.0
ndc_noce,AFN,Carbon Capture|Industry|Non-Ferrous Metals|Aluminum,MtCO2/yr,,,9.55201222572469e-08,2.5342695186484603e-06,5.11481981732167e-06,1.16623264874502e-05
ndc_noce,AFN,Carbon Capture|Industry|Non-Metallic Minerals|Cement,MtCO2/yr,,,0.8337274873921651,0.833728154160154,0.8337311848481691,0.833736861996516
ndc_noce,AFN,Carbon Capture|Industry|Iron and Steel,MtCO2/yr,,,0.0,0.3464135371102815,0.8915045132681216,2.6382598283960235
ndc_noce,AFZ,Carbon Capture|Industry|Non-Ferrous Metals|Aluminum,MtCO2/yr,,,5.05041378548276e-07,2.23223428514106e-06,4.356009371256031e-06,8.504136029956029e-06
ndc_noce,AFZ,Carbon Capture|Industry|Non-Metallic Minerals|Cement,MtCO2/yr,,,3.61866817564138,3.6186664749621293,3.61866828281678,3.61867059103297
ndc_noce,AFZ,Carbon Capture|Industry|Iron and Steel,MtCO2/yr,,,0.0,3.3603702526659395e-05,5.1695163657855096e-05,7.73612852177416e-05
ndc_noce,ANZ,Carbon Capture|Industry|Non-Ferrous Metals|Aluminum,MtCO2/yr,,,1.0148750620966998e-06,2.18699364147514e-06,3.40292472763696e-06,5.95030187310052e-06
ndc_noce,ANZ,Carbon Capture|Industry|Non-Metallic Minerals|Cement,MtCO2/yr,,,1.7455957590535909,3.09562939605367,5.26986348833536,5.698697916917559
ndc_noce,ANZ,Carbon Capture|Industry|Iron and Steel,MtCO2/yr,,,0.0,0.0399862656591367,0.06923409509071109,0.0982541480929215
ndc_noce,ASE,Carbon Capture|Industry|Non-Ferrous Metals|Aluminum,MtCO2/yr,,,2.14193460387186e-07,1.45081762177863e-06,2.62064438661843e-06,4.48596705362089e-06
ndc_noce,ASE,Carbon Capture|Industry|Non-Metallic Minerals|Cement,MtCO2/yr,,,2.51691330691043,2.51691176274539,2.51691869257405,2.5169282810334197
ndc_noce,ASE,Carbon Capture|Industry|Iron and Steel,MtCO2/yr,,,0.0,3.296908108149285e-06,4.98158699054553e-06,1.167914294256372e-05
ndc_noce,ASO,Carbon Capture|Industry|Non-Ferrous Metals|Aluminum,MtCO2/yr,,,0.0,8.556308350196181e-07,7.04957125663566e-07,1.06201467408997e-07
ndc_noce,ASO,Carbon Capture|Industry|Non-Metallic Minerals|Cement,MtCO2/yr,,,2.238423332244503,2.238419599411935,2.238421620219595,2.2384240285821853
ndc_noce,ASO,Carbon Capture|Industry|Iron and Steel,MtCO2/yr,,,0.0,2.1476387367567324e-06,1.805850903020428e-06,6.496506577447371e-06
ndc_noce,BRA,Carbon Capture|Industry|Non-Ferrous Metals|Aluminum,MtCO2/yr,,,1.99291468744868e-07,9.01235005074873e-07,1.4536218009847601e-06,2.31246669742729e-06
ndc_noce,BRA,Carbon Capture|Industry|Non-Metallic Minerals|Cement,MtCO2/yr,,,2.044992000357377,1.625715476476648,2.0449855984451597,2.0449978234395214
ndc_noce,BRA,Carbon Capture|Industry|Iron and Steel,MtCO2/yr,,,0.0,2.239384257770639,3.639998656379986,6.8863606457214335
ndc_noce,CAN,Carbon Capture|Industry|Non-Ferrous Metals|Aluminum,MtCO2/yr,,,8.301871857233349e-07,1.63475903414007e-06,2.63258950025901e-06,6.12454906235912e-06
ndc_noce,CAN,Carbon Capture|Industry|Non-Metallic Minerals|Cement,MtCO2/yr,,,2.101120683234707,2.10112720229309,2.101133878207112,4.715004414230771
ndc_noce,CAN,Carbon Capture|Industry|Iron and Steel,MtCO2/yr,,,0.0,2.43522290383321e-05,4.77092791450558e-05,0.10702283139614979
ndc_noce,CHL,Carbon Capture|Industry|Non-Ferrous Metals|Aluminum,MtCO2/yr,,,0.0,5.17345131832781e-07,4.36597113486566e-07,1.71118043990681e-07
ndc_noce,CHL,Carbon Capture|Industry|Non-Metallic Minerals|Cement,MtCO2/yr,,,0.764686571876346,0.7646883434524909,0.764692130257373,0.764703363742479
ndc_noce,CHL,Carbon Capture|Industry|Iron and Steel,MtCO2/yr,,,0.0,0.00019895991988449048,0.000311026022549351,0.001370717136668953
ndc_noce,CHN,Carbon Capture|Industry|Non-Ferrous Metals|Aluminum,MtCO2/yr,,,1.6918490326371702e-07,2.16529699883029e-06,3.89881590651937e-06,7.69862645051658e-06
ndc_noce,CHN,Carbon Capture|Industry|Non-Metallic Minerals|Cement,MtCO2/yr,,,39.3267812111313,39.3267801195438,39.326783135958195,39.3267880824952
ndc_noce,CHN,Carbon Capture|Industry|Iron and Steel,MtCO2/yr,,,0.0,6.82071254408733e-05,0.0004886851110212,122.64757251719801
ndc_noce,ENE,Carbon Capture|Industry|Non-Ferrous Metals|Aluminum,MtCO2/yr,,,1.1044207340544e-06,2.30994059543596e-06,3.92463041018118e-06,7.69626430472579e-06
ndc_noce,ENE,Carbon Capture|Industry|Non-Metallic Minerals|Cement,MtCO2/yr,,,0.29329052413191997,0.29328940198006603,0.29329151762482797,0.293294052389927
ndc_noce,ENE,Carbon Capture|Industry|Iron and Steel,MtCO2/yr,,,0.0,1.7305166479125117e-05,3.58129640730014e-05,7.63847184566613e-05
ndc_noce,EUE,Carbon Capture|Industry|Non-Ferrous Metals|Aluminum,MtCO2/yr,,,2.1527045088008e-07,7.67864813925722e-07,1.18941618574985e-06,3.3649762732134e-06
ndc_noce,EUE,Carbon Capture|Industry|Non-Metallic Minerals|Cement,MtCO2/yr,,,6.55959750893232,6.5595998277424,10.55258882486581,18.1135413952223
ndc_noce,EUE,Carbon Capture|Industry|Iron and Steel,MtCO2/yr,,,0.0,6.95615631040251e-06,1.319960214580879e-05,1.297577098114841
ndc_noce,EUW,Carbon Capture|Industry|Non-Ferrous Metals|Aluminum,MtCO2/yr,,,2.06781605816563e-07,1.12909295211014e-06,1.91673448535736e-06,2.11971592346006e-06
ndc_noce,EUW,Carbon Capture|Industry|Non-Metallic Minerals|Cement,MtCO2/yr,,,5.60362546243073,5.6036234263216,5.60362683016512,5.60363108326768
ndc_noce,EUW,Carbon Capture|Industry|Iron and Steel,MtCO2/yr,,,0.0,1.0331872304760129e-05,1.2286594604455361e-05,0.005773178318100109
ndc_noce,IDN,Carbon Capture|Industry|Non-Ferrous Metals|Aluminum,MtCO2/yr,,,4.00164122924547e-07,4.21789247525573e-06,7.96843724701883e-06,2.4848679500135002e-05
ndc_noce,IDN,Carbon Capture|Industry|Non-Metallic Minerals|Cement,MtCO2/yr,,,4.92053222426733,4.920529252070501,4.92053177361924,4.9205340329014495
ndc_noce,IDN,Carbon Capture|Industry|Iron and Steel,MtCO2/yr,,,0.0,2.2847448386444402e-05,3.69926717500094e-05,7.080133475761441e-05
ndc_noce,IND,Carbon Capture|Industry|Non-Ferrous Metals|Aluminum,MtCO2/yr,,,4.6252258933467e-07,1.00530722876245e-06,2.35053322086796e-07,4.59246311554202e-07
ndc_noce,IND,Carbon Capture|Industry|Non-Metallic Minerals|Cement,MtCO2/yr,,,0.1573057436121594,0.15730531053945962,2.319021923696121e-07,2.0671269405515963e-06
ndc_noce,IND,Carbon Capture|Industry|Iron and Steel,MtCO2/yr,,,0.0,7.421421069897994,7.71902793774887,27.442600794974375
ndc_noce,JPN,Carbon Capture|Industry|Non-Ferrous Metals|Aluminum,MtCO2/yr,,,4.14147678156255e-08,1.25124485054505e-07,1.2856518532994201e-07,2.504461745061e-07
ndc_noce,JPN,Carbon Capture|Industry|Non-Metallic Minerals|Cement,MtCO2/yr,,,5.82281629103883,5.822816276305519,5.822822169759769,5.822829314134809
ndc_noce,JPN,Carbon Capture|Industry|Iron and Steel,MtCO2/yr,,,0.0,2.578048424251089,0.8594742715895782,4.74743508833419
ndc_noce,MDA,Carbon Capture|Industry|Non-Ferrous Metals|Aluminum,MtCO2/yr,,,2.14108197242984e-07,2.08849399189162e-06,3.72424149471492e-06,8.01639860844784e-06
ndc_noce,MDA,Carbon Capture|Industry|Non-Metallic Minerals|Cement,MtCO2/yr,,,11.05821554258178,11.058213278698,11.05821558803604,11.058218571720841
ndc_noce,MDA,Carbon Capture|Industry|Iron and Steel,MtCO2/yr,,,0.0,3.12685790496125e-05,6.31156947734578e-05,0.00014133669179242908
ndc_noce,MEA,Carbon Capture|Industry|Non-Ferrous Metals|Aluminum,MtCO2/yr,,,1.21798538419544e-07,1.99370740671682e-06,4.01426902578529e-06,7.48851248023007e-06
ndc_noce,MEA,Carbon Capture|Industry|Non-Metallic Minerals|Cement,MtCO2/yr,,,7.86535598245547,7.865355072804739,7.865358155703399,7.86536299524342
ndc_noce,MEA,Carbon Capture|Industry|Iron and Steel,MtCO2/yr,,,0.0,1.3297826650794937,3.3766052137788174,10.82169655701879
ndc_noce,NIG,Carbon Capture|Industry|Non-Ferrous Metals|Aluminum,MtCO2/yr,,,0.0,5.1300577511837e-07,4.14887208788096e-07,1.12017286928909e-07
ndc_noce,NIG,Carbon Capture|Industry|Non-Metallic Minerals|Cement,MtCO2/yr,,,0.0786541987687417,0.0786471119386933,0.0786531384469488,0.0786600884725257
ndc_noce,NIG,Carbon Capture|Industry|Iron and Steel,MtCO2/yr,,,0.0,4.60947200486958e-06,6.1416585326272795e-06,6.287561785961897e-06
ndc_noce,RUS,Carbon Capture|Industry|Non-Ferrous Metals|Aluminum,MtCO2/yr,,,2.15018328520327e-07,7.28288441513353e-07,9.64115699083481e-07,1.55298146364865e-06
ndc_noce,RUS,Carbon Capture|Industry|Non-Metallic Minerals|Cement,MtCO2/yr,,,7.63212729625264,7.63212434882558,7.63212979014308,7.632262350107039
ndc_noce,RUS,Carbon Capture|Industry|Iron and Steel,MtCO2/yr,,,0.0,5.4389560087429425,3.5095455797337176,0.034746879186722396
ndc_noce,SKT,Carbon Capture|Industry|Non-Ferrous Metals|Aluminum,MtCO2/yr,,,6.579620029339069e-08,2.3773738142709899e-07,2.64265346424567e-07,9.33980840763814e-07
ndc_noce,SKT,Carbon Capture|Industry|Non-Metallic Minerals|Cement,MtCO2/yr,,,0.5505742707078201,0.550571845977886,0.550583264702894,0.5505931030775271
ndc_noce,SKT,Carbon Capture|Industry|Iron and Steel,MtCO2/yr,,,0.0,0.4894586589700633,0.4894763060162661,0.4913797624079981
ndc_noce,USA,Carbon Capture|Industry|Non-Ferrous Metals|Aluminum,MtCO2/yr,,,1.1650470178923999e-07,2.15682078805917e-07,1.21500688543203e-07,1.5841010422476398e-07
ndc_noce,USA,Carbon Capture|Industry|Non-Metallic Minerals|Cement,MtCO2/yr,,,1.453344658840863,3.63336491685085,5.81338359915035,10.173412523543531
ndc_noce,USA,Carbon Capture|Industry|Iron and Steel,MtCO2/yr,,,0.0,8.64152257690895e-06,1.0064482750959257e-05,6.00852963402573e-06
baseline_noce,AFE,Production|Non-Metallic Minerals|Cement,Mt/yr,26.2281999978476,30.7919070925773,42.4109994013908,49.5450698020105,58.8036244015323,78.212492403725
baseline_noce,AFE,Production|Non-Metallic Minerals|Cement Clinker,Mt/yr,22.2999999871689,25.4205132435528,33.8655233340574,38.9528966678771,45.665940000632,59.8487400030132
baseline_noce,AFE,Production|Iron and Steel|Primary,Mt/yr,0.00551721792370434,2.16505044337164,2.36985360262638,1.50185981742617,0.754949012465437,0.0714506464074951
baseline_noce,AFE,Production|Iron and Steel|Secondary,Mt/yr,0.0495495635857662,2.19210834017727,3.26881909711898,4.91358483030208,6.54420725706076,9.37707205326918
baseline_noce,AFN,Production|Non-Ferrous Metals|Aluminum|Primary,Mt/yr,0.299999997067163,0.405289684054751,0.264366040908854,0.372763240920926,0.449305004944511,0.733379979098019
baseline_noce,AFN,Production|Non-Ferrous Metals|Aluminum|Secondary,Mt/yr,0.0399999986697882,0.132420362504325,0.325193957460207,0.230056752202477,0.190234990526552,
baseline_noce,AFN,Production|Non-Metallic Minerals|Cement,Mt/yr,99.4559999978603,101.892672455225,108.108672002198,114.672768002122,121.634688002116,135.359616001031
baseline_noce,AFN,Production|Non-Metallic Minerals|Cement Clinker,Mt/yr,77.5730769093765,77.9906788412391,80.8027026941187,84.1176588481667,87.7118780784911,95.0192619275442
baseline_noce,AFN,Production|Iron and Steel|Primary,Mt/yr,2.99010692586522,4.34985351378134,3.63223351398754,3.63766734136731,1.72451705799067,4.1893588626088
baseline_noce,AFN,Production|Iron and Steel|Secondary,Mt/yr,1.78627351078926,3.59326764183052,6.03038407067826,7.5963793840091,11.3388833614725,13.4784722783699
baseline_noce,AFW,Production|Non-Ferrous Metals|Aluminum|Primary,Mt/yr,0.111999996160143,0.131331945850115,0.102946767102473,0.0902654177248924,0.0335999911000614,0.0577317726410223
baseline_noce,AFW,Production|Non-Ferrous Metals|Aluminum|Secondary,Mt/yr,0.00999999879158183,0.0405050862032112,0.108357230416608,0.177402574602481,0.291895986734686,0.389276214838127
baseline_noce,AFW,Production|Non-Metallic Minerals|Cement,Mt/yr,34.5389999980445,41.8094599414446,47.9746710025054,54.1226130031795,62.101122001809,76.7801970029152
baseline_noce,AFW,Production|Non-Metallic Minerals|Cement Clinker,Mt/yr,15.6526922928411,21.2508951395593,26.3563535271692,31.2473699367856,37.2916435542583,48.3715241122393
baseline_noce,AFW,Production|Iron and Steel|Primary,Mt/yr,0.00606893862542322,1.95641340461128e-06,5.66626443349762e-07,0.00824631400384824,0.0135376368108259,0.0411598670131213
baseline_noce,AFW,Production|Iron and Steel|Secondary,Mt/yr,0.0545045129337825,0.056938115493223,0.0667513780979561,0.0652898625586486,0.0674490736616226,0.0570902694660647
baseline_noce,AFZ,Production|Non-Ferrous Metals|Aluminum|Primary,Mt/yr,1.28199999227683,1.50588654329015,1.21157229907621,1.1690201174432,1.30307334817043,1.89762646340284
baseline_noce,AFZ,Production|Non-Ferrous Metals|Aluminum|Secondary,Mt/yr,0.0499999998205032,0.346925507015681,1.014199697859,1.35511987639551,1.57271464702254,1.75338552165466
baseline_noce,AFZ,Production|Non-Metallic Minerals|Cement,Mt/yr,22.5959999978774,20.9464923603178,21.8277360028655,23.9065680032268,27.3185640022099,33.6228480030373
baseline_noce,AFZ,Production|Non-Metallic Minerals|Cement Clinker,Mt/yr,18.0957692150238,16.6052812121148,16.8785271556236,18.0752606947572,20.2328795786118,24.2338541564706
baseline_noce,AFZ,Production|Iron and Steel|Primary,Mt/yr,5.15114641339579,1.96578085198022,1.970028227113,6.06656380535469,6.98781652024679,5.53646612760611
baseline_noce,AFZ,Production|Iron and Steel|Secondary,Mt/yr,2.79657708352825,4.13807132671891,4.8252753535008,1.88910742361031,2.32691541736228,7.22757779175104
baseline_noce,ANZ,Production|Non-Ferrous Metals|Aluminum|Primary,Mt/yr,1.92099999443079,1.89099152585818,1.61434900921519,1.59136906286178,1.68900298128298,1.86546599176834
baseline_noce,ANZ,Production|Non-Ferrous Metals|Aluminum|Secondary,Mt/yr,0.879999998422756,0.0837135074480453,0.038240983681197,0.0416139270523495,,
baseline_noce,ANZ,Production|Non-Metallic Minerals|Cement,Mt/yr,10.8999999979891,10.7801002646633,10.9109000017486,11.205200002102,11.3687000015857,11.6194000026451
baseline_noce,ANZ,Production|Non-Metallic Minerals|Cement Clinker,Mt/yr,6.636346138414,6.5992516498117,6.72778623209213,6.9516375407515,7.09308484806786,7.32022199184117
baseline_noce,ANZ,Production|Iron and Steel|Primary,Mt/yr,4.46183859417004,2.49080686481472,0.00426518706412425,0.576225132123525,1.49783502049806,4.31971834437812
baseline_noce,ANZ,Production|Iron and Steel|Secondary,Mt/yr,1.26723086678562,2.90024786996827,5.14616823999844,4.35077457949486,3.21718912988213,
baseline_noce,ASC,Production|Non-Ferrous Metals|Aluminum|Primary,Mt/yr,0.409999995586495,0.43812497698019,0.333797749785169,0.287791812987797,4.92535076451777e-08,0.126000080562355
baseline_noce,ASC,Production|Non-Ferrous Metals|Aluminum|Secondary,Mt/yr,0.00999999884852323,0.100105076076306,0.30334224772574,0.432088164563625,0.818579940284606,0.910559916070999
baseline_noce,ASC,Production|Non-Metallic Minerals|Cement,Mt/yr,37.7587999978907,44.4043492617172,49.6150632023076,53.9950840032043,57.431134800762,64.1522012029754
baseline_noce,ASC,Production|Non-Metallic Minerals|Cement Clinker,Mt/yr,29.2138461376827,33.3544221905868,36.3985047193212,38.961532822935,40.8672493850775,44.6708921566436
baseline_noce,ASC,Production|Iron and Steel|Primary,Mt/yr,3.53245484910553,3.01652377844172,2.3677836547314,2.55524697940096,1.42632058833804,3.46495086966481
baseline_noce,ASC,Production|Iron and Steel|Secondary,Mt/yr,0.418012239665217,1.26578279394674,2.83498149268295,3.59958073721111,5.85834069994092,6.72725419901918
baseline_noce,ASE,Production|Non-Ferrous Metals|Aluminum|Primary,Mt/yr,0.759999996108638,0.949932745768716,1.20743879385719,1.38667175386906,1.53440470526892,1.6482206190314
baseline_noce,ASE,Production|Non-Ferrous Metals|Aluminum|Secondary,Mt/yr,0.290000000079355,1.29706730352099,2.12211118753613,2.8878782384771,3.6536452870136,5.18517937469968
baseline_noce,ASE,Production|Non-Metallic Minerals|Cement,Mt/yr,85.081199997775,106.053716163359,113.668483201979,120.134654402867,122.94233399602,128.812936813576
baseline_noce,ASE,Production|Non-Metallic Minerals|Cement Clinker,Mt/yr,81.7873076756901,98.5687002592,103.520921590331,107.752051641905,108.818012878244,111.443385458698
baseline_noce,ASE,Production|Iron and Steel|Primary,Mt/yr,1.35218145070148,3.5064011962448e-06,1.70401522434349e-06,2.0930461582726e-08,2.60701393843778e-08,0.540872618432876
baseline_noce,ASE,Production|Iron and Steel|Secondary,Mt/yr,4.05654432539551,5.53041965358242,5.4628113231657,5.38168210992967,5.30055121910599,4.59741684510746
baseline_noce,ASO,Production|Non-Metallic Minerals|Cement,Mt/yr,88.6989999980088,86.3928263169252,113.357322002123,146.885544002045,165.334936001244,202.499816997962
baseline_noce,ASO,Production|Non-Metallic Minerals|Cement Clinker,Mt/yr,43.1865384495318,43.8492877188304,63.3756862210606,86.6141046709636,100.352860221976,127.574884710093
baseline_noce,ASO,Production|Iron and Steel|Primary,Mt/yr,0.339597288307763,5.62342764794295e-07,,5.89746226309586e-08,1.0422215163425e-08,1.84129583797194e-07
baseline_noce,ASO,Production|Iron and Steel|Secondary,Mt/yr,3.06677413914673,3.73678937204791,3.7265703291652,4.22390049254703,4.78595182891172,6.14850023210793
baseline_noce,BRA,Production|Non-Ferrous Metals|Aluminum|Primary,Mt/yr,0.153973741991365,1.03039892982324,1.09754714739098,1.07134965831393,1.64230244146745,2.72635999216373
baseline_noce,BRA,Production|Non-Ferrous Metals|Aluminum|Secondary,Mt/yr,1.16999999836229,1.16361108863042,1.33033284891686,1.50941033476736,1.02763753859046,
baseline_noce,BRA,Production|Non-Metallic Minerals|Cement,Mt/yr,56.611199997917,66.2634097225418,68.7826080015789,71.4999456025582,72.0660576018586,73.4813375992225
baseline_noce,BRA,Production|Non-Metallic Minerals|Cement Clinker,Mt/yr,37.9999999837254,43.691734674997,44.8118408983702,46.1346062637924,46.1020994853611,46.2932426850135
baseline_noce,BRA,Production|Iron and Steel|Primary,Mt/yr,25.2107239800784,24.7473243353252,28.1368790267682,32.0027896817313,37.0194764633778,51.0026871198748
baseline_noce,BRA,Production|Iron and Steel|Secondary,Mt/yr,6.397708973342,7.00334662463456,9.98289112417676,12.7863598112288,15.6085644031577,21.6651002602109
baseline_noce,CAN,Production|Non-Ferrous Metals|Aluminum|Primary,Mt/yr,2.85399999581687,3.39557480502598,3.39357178871005,3.53709997864579,3.03969742026749,2.15420799591033
baseline_noce,CAN,Production|Non-Ferrous Metals|Aluminum|Secondary,Mt/yr,1.70999999830972,0.746255240581921,0.513212206553704,,0.0410025774122082,
baseline_noce,CAN,Production|Non-Metallic Minerals|Cement,Mt/yr,13.1199999985979,14.0843203667246,14.3795200005923,14.8780800019588,15.1404800011919,15.6784000010439
baseline_noce,CAN,Production|Non-Metallic Minerals|Cement Clinker,Mt/yr,13.3818999885731,14.0440812360638,14.0474264833079,14.2820558085803,14.2998983409371,14.3922334359118
baseline_noce,CAN,Production|Iron and Steel|Primary,Mt/yr,10.0886366187469,4.33074902078235,1.36857896475645,2.77970551731019,3.68375982779172,10.1883333068949
baseline_noce,CAN,Production|Iron and Steel|Secondary,Mt/yr,4.02262836041125,8.59517057199932,10.6683300592102,8.76330921313121,7.3935831597203,
baseline_noce,CHL,Production|Non-Metallic Minerals|Cement,Mt/yr,5.02999999812072,4.53706021748993,4.91431000316256,5.18593000264296,5.25635000219328,5.41228000338763
baseline_noce,CHL,Production|Non-Metallic Minerals|Cement Clinker,Mt/yr,1.61634613886741,1.5645531764267,2.11273120077876,2.54261077541656,2.84573434930808,3.40973637892236
baseline_noce,CHL,Production|Iron and Steel|Primary,Mt/yr,1.48484712111048,0.552668353775752,0.81203947922008,0.70185153346318,0.701437789770989,1.09691143260471
baseline_noce,CHL,Production|Iron and Steel|Secondary,Mt/yr,0.31336838781968,0.774414898722213,0.0493057352923159,0.213440169092259,0.271396795062625,1.79222972481596e-08
baseline_noce,CHN,Production|Non-Ferrous Metals|Aluminum|Primary,Mt/yr,35.0440000457254,46.4985693739595,43.6217073416729,37.7810406822156,33.4709865961913,17.9102181523241
baseline_noce,CHN,Production|Non-Ferrous Metals|Aluminum|Secondary,Mt/yr,10.6099999982448,16.5724317236829,17.874230654622,22.0713533119985,26.2444453889167,36.555003837897
baseline_noce,CHN,Production|Non-Metallic Minerals|Cement,Mt/yr,2357.17696299718,1906.95616766626,1489.73584064382,1197.4458972067,1110.23034958495,940.513607988705
baseline_noce,CHN,Production|Non-Metallic Minerals|Cement Clinker,Mt/yr,1533.83699998649,1240.87413598642,969.384984005916,777.17148811873,714.089774233877,592.523573194061
baseline_noce,CHN,Production|Iron and Steel|Primary,Mt/yr,864.729022711841,828.192566415351,704.800022707069,601.700545549056,559.913983488865,379.961944278037
baseline_noce,CHN,Production|Iron and Steel|Secondary,Mt/yr,83.5411351464111,115.810376266582,104.07442190997,85.7953188738412,105.771667327992,416.584988213394
baseline_noce,ENE,Production|Non-Ferrous Metals|Aluminum|Primary,Mt/yr,0.114999996858529,0.0644822777379715,0.0774931526659037,0.0931021166095086,0.106401078267916,0.124419001580314
baseline_noce,ENE,Production|Non-Ferrous Metals|Aluminum|Secondary,Mt/yr,0.049999998556632,0.0704052636786478,0.0741418329552608,0.0766828730139083,0.079223904708971,0.0843059680712174
baseline_noce,ENE,Production|Non-Metallic Minerals|Cement,Mt/yr,20.7505999978626,18.084148291582,20.0035784022039,21.6636264029912,22.4728998021253,23.0331660033304
baseline_noce,ENE,Production|Non-Metallic Minerals|Cement Clinker,Mt/yr,17.4299999873566,15.1237206847189,16.2261680013348,17.1906280021889,17.5119210017529,17.412570003192
baseline_noce,ENE,Production|Iron and Steel|Primary,Mt/yr,42.3856456300339,9.22029448649593,9.50297671460302,18.3744947557153,16.211178964104,9.58642854494714
baseline_noce,ENE,Production|Iron and Steel|Secondary,Mt/yr,2.10465669006025,9.91053607453136,9.40540176785937,1.10814595231549e-07,1.62943226412882,7.31988634537425
baseline_noce,ENW,Production|Non-Ferrous Metals|Aluminum|Primary,Mt/yr,2.29299998964491,2.18579127764237,2.00990525443548,1.48829414490905,1.22865655143914,0.360717994926575
baseline_noce,ENW,Production|Non-Ferrous Metals|Aluminum|Secondary,Mt/yr,1.10999999839031,0.346040745711908,0.406224742844984,0.424191852384637,0.0678864218338927,
baseline_noce,ENW,Production|Non-Metallic Minerals|Cement,Mt/yr,13.2889999977749,11.9534557089186,12.3986370007141,13.0630870013201,13.541491000946,14.7507900004842
baseline_noce,ENW,Production|Non-Metallic Minerals|Cement Clinker,Mt/yr,13.2340384464369,11.8164523727044,11.9507778647139,12.3257422890974,12.533957827398,13.2208044134676
baseline_noce,ENW,Production|Iron and Steel|Primary,Mt/yr,6.83914348288014,0.84109043331369,0.0207621501951281,0.957996904097267,2.47114547754177,2.67085058000008
baseline_noce,ENW,Production|Iron and Steel|Secondary,Mt/yr,2.59849108472441,5.25090302583592,3.99967017267374,2.6660547650563,0.80371371366623,
baseline_noce,EUE,Production|Non-Ferrous Metals|Aluminum|Primary,Mt/yr,0.579999991550749,1.04208782778928,0.647264555695339,0.457062253751323,0.430573244810381,0.509720798004782
baseline_noce,EUE,Production|Non-Ferrous Metals|Aluminum|Secondary,Mt/yr,0.21999999885195,0.5143122021291,1.15113543887104,1.4029377380204,1.44942674084935,1.23987918974162
baseline_noce,EUE,Production|Non-Metallic Minerals|Cement,Mt/yr,48.9649999978808,47.2512253386675,48.4753500023685,48.769140002026,48.0346650012374,46.6146800015422
baseline_noce,EUE,Production|Non-Metallic Minerals|Cement Clinker,Mt/yr,38.0397999837204,36.2075497443247,36.3026491345685,35.8740673882882,34.7265334214449,32.5925006301082
baseline_noce,EUE,Production|Iron and Steel|Primary,Mt/yr,21.2887547116015,11.2356943268682,0.3568586099092,0.872486790188588,3.81191413320501,12.5072677535169
baseline_noce,EUE,Production|Iron and Steel|Secondary,Mt/yr,4.98701791730143,6.8289002319995,15.4611564738668,14.0521520200317,10.2718999638365,
baseline_noce,EUM,Production|Non-Ferrous Metals|Aluminum|Primary,Mt/yr,0.849999992894308,0.872380934138219,1.20967350905079,1.16478786146461,2.14797998326601,2.14797998372544
baseline_noce,EUM,Production|Non-Ferrous Metals|Aluminum|Secondary,Mt/yr,3.36999999824855,1.82208909447961,1.30966648730138,1.35455213758797,0.299619986712425,
baseline_noce,EUM,Production|Non-Metallic Minerals|Cement,Mt/yr,64.3814999978085,67.4396215653284,67.7937195004579,68.1800085012766,66.9567600004655,64.3171185026458
baseline_noce,EUM,Production|Non-Metallic Minerals|Cement Clinker,Mt/yr,57.7762999860838,59.2832985609418,58.4137651735762,57.7628188633195,55.811905799489,51.9466713202322
baseline_noce,EUM,Production|Iron and Steel|Primary,Mt/yr,21.5991967067637,18.2625950187116,13.0104436880835,10.5941527865039,13.8280707274653,27.2269714174146
baseline_noce,EUM,Production|Iron and Steel|Secondary,Mt/yr,31.371564828132,26.1533887713162,27.3003058194736,25.955672657008,19.3316259736745,
baseline_noce,EUW,Production|Non-Ferrous Metals|Aluminum|Primary,Mt/yr,0.819999998434798,1.1268970986063,1.26851656670508,1.54267208182544,1.70358453984375,4.00420571484936
baseline_noce,EUW,Production|Non-Ferrous Metals|Aluminum|Secondary,Mt/yr,1.92000000785971,5.32306293257269,6.15140343020248,6.36222791589261,6.54655545600744,4.01851428261885
baseline_noce,EUW,Production|Non-Metallic Minerals|Cement,Mt/yr,58.6514999978945,51.8772520628976,51.8479260019438,52.1998350019006,51.4373655016584,49.9710780033902
baseline_noce,EUW,Production|Non-Metallic Minerals|Cement Clinker,Mt/yr,43.6349999834506,38.3718918417063,37.4795560011207,36.9879350015625,35.7501555015316,33.4593179896489
baseline_noce,EUW,Production|Iron and Steel|Primary,Mt/yr,52.7135204697284,42.3928867176171,35.8089135679003,27.2580660913221,24.5213086040942,38.7370646098543
baseline_noce,EUW,Production|Iron and Steel|Secondary,Mt/yr,16.707742297013,19.3920373109934,21.0471006229284,24.391353358185,22.407464996028,
baseline_noce,IDN,Production|Non-Ferrous Metals|Aluminum|Primary,Mt/yr,0.239999997528539,0.212980568411329,0.305280528473842,0.337677347989941,0.37063415562947,0.424787793153645
baseline_noce,IDN,Production|Non-Ferrous Metals|Aluminum|Secondary,Mt/yr,0.0400000137367145,0.637379487704891,1.06559946238721,1.45012264083967,1.83464582863314,2.60369219555887
baseline_noce,IDN,Production|Non-Metallic Minerals|Cement,Mt/yr,205.1329999978,205.338133422298,220.928241002325,235.082418005402,241.851807002592,255.185452031926
baseline_noce,IDN,Production|Non-Metallic Minerals|Cement Clinker,Mt/yr,176.909090892259,174.119824472781,182.682224244073,190.71979394104,193.02550909295,198.067418187792
baseline_noce,IDN,Production|Iron and Steel|Primary,Mt/yr,13.2897486944606,16.5018714816099,19.29925599878,26.3655897297669,21.5812777105107,1.74854354794571
baseline_noce,IDN,Production|Iron and Steel|Secondary,Mt/yr,5.70720135683271,12.0410464749134,12.5586292079902,6.02421009090336,11.3594336525125,32.3129878477787
baseline_noce,IND,Production|Non-Ferrous Metals|Aluminum|Primary,Mt/yr,3.63999999640626,4.19739639866757,5.42333753019656,6.40302226705708,7.12114700310908,7.32504647310211
baseline_noce,IND,Production|Non-Ferrous Metals|Aluminum|Secondary,Mt/yr,1.38999999871883,1.80590863910495,2.73532246469472,3.72236772593869,4.70941298947248,6.68350352818382
baseline_noce,IND,Production|Non-Metallic Minerals|Cement,Mt/yr,338.922999997768,438.735823897851,554.139104972722,642.25908501986,654.46031302366,678.862769001465
baseline_noce,IND,Production|Non-Metallic Minerals|Cement Clinker,Mt/yr,267.597765348875,334.064590511338,410.717970190607,468.875884543065,473.086089388596,482.398491568834
baseline_noce,IND,Production|Iron and Steel|Primary,Mt/yr,74.6986752480892,112.28617434665,169.655377863923,211.796042700676,286.169062773208,585.889431556457
baseline_noce,IND,Production|Iron and Steel|Secondary,Mt/yr,30.0523125931645,31.7988096772512,43.6176331640893,80.3544620848944,113.770208367179,164.022889543269
baseline_noce,JPN,Production|Non-Ferrous Metals|Aluminum|Primary,Mt/yr,,0.0448708833104775,,,,
baseline_noce,JPN,Production|Non-Ferrous Metals|Aluminum|Secondary,Mt/yr,1.31999999835034,1.81896913515302,1.34507999897049,1.0243199952695,0.984719996534213,1.10615999608286
baseline_noce,JPN,Production|Non-Metallic Minerals|Cement,Mt/yr,53.4616999977973,43.1703233196901,40.8982005007117,39.9893516013681,40.1497367014092,40.7912771020134
baseline_noce,JPN,Production|Non-Metallic Minerals|Cement Clinker,Mt/yr,49.2929999870535,39.8040978398255,37.0601204997776,35.4843876005074,34.7959287001958,33.8495030837122
baseline_noce,JPN,Production|Iron and Steel|Primary,Mt/yr,81.1964931032019,52.4567901235928,45.7059095797893,41.7378950605299,37.0366586660934,69.0504226575494
baseline_noce,JPN,Production|Iron and Steel|Secondary,Mt/yr,21.2522053258869,34.061135908896,34.511421253252,35.5084235155278,37.4435450594662,5.4896381729015e-08
baseline_noce,LAM,Production|Non-Ferrous Metals|Aluminum|Primary,Mt/yr,0.434999999268031,0.449637306717689,0.456809305371941,0.439447612096596,0.40123591908542,0.460089983219381
baseline_noce,LAM,Production|Non-Ferrous Metals|Aluminum|Secondary,Mt/yr,0.259999998514805,0.133815242617082,0.118650686551004,0.134622386281859,0.15059407343022,
baseline_noce,LAM,Production|Non-Metallic Minerals|Cement,Mt/yr,66.1435999978778,72.3280270074442,78.7770276019472,86.251254401926,90.1537268041223,97.0326612008168
baseline_noce,LAM,Production|Non-Metallic Minerals|Cement Clinker,Mt/yr,51.1238461383245,54.5738538893971,58.0374942829298,62.3847253352059,64.2473374623481,67.4988140799309
baseline_noce,LAM,Production|Iron and Steel|Primary,Mt/yr,5.27000858298327,0.772398832596661,0.124671389572516,1.70666476025269,3.10494719888104e-07,1.00392116526641
baseline_noce,LAM,Production|Iron and Steel|Secondary,Mt/yr,4.76919186148327,9.18648888893238,11.8219771160536,13.3420966784286,18.9640493116744,29.103640952275
baseline_noce,MDA,Production|Non-Ferrous Metals|Aluminum|Primary,Mt/yr,0.0800000005857004,0.163440874919587,0.21704761737824,0.317209737447215,0.486662440572687,0.685859980844238
baseline_noce,MDA,Production|Non-Ferrous Metals|Aluminum|Secondary,Mt/yr,0.629999998451107,0.520999171251781,0.472362377246715,0.39989025453066,0.243217546635975,
baseline_noce,MDA,Production|Non-Metallic Minerals|Cement,Mt/yr,70.8392999978275,100.166770282199,104.275449602772,105.267199802376,104.842164001394,104.629646096887
baseline_noce,MDA,Production|Non-Metallic Minerals|Cement Clinker,Mt/yr,61.4581999834076,83.0928511051413,85.3121760282174,85.0622460160488,83.7060684012733,81.6963852635862
baseline_noce,MDA,Production|Iron and Steel|Primary,Mt/yr,10.448393284038,3.43161265098961,2.54286247372242,4.67432653089214,7.50860325703894,15.8393252985731
baseline_noce,MDA,Production|Iron and Steel|Secondary,Mt/yr,9.93423885510722,18.2147436460015,22.9761929538243,23.6982974000179,24.0437112854505,23.1934152291587
baseline_noce,MEA,Production|Non-Ferrous Metals|Aluminum|Primary,Mt/yr,6.13299999992105,6.6497627303814,6.21309953746539,6.21726095285925,6.63741136026746,9.17816992604012
baseline_noce,MEA,Production|Non-Ferrous Metals|Aluminum|Secondary,Mt/yr,0.469999999916647,0.894164828838304,1.07000945642523,1.26393804389519,1.45786662701092,6.47067795520082e-08
baseline_noce,MEA,Production|Non-Metallic Minerals|Cement,Mt/yr,161.832199997759,183.922295611905,194.198640001194,204.070404204343,208.763537979037,218.635302203846
baseline_noce,MEA,Production|Non-Metallic Minerals|Cement Clinker,Mt/yr,155.216538453984,171.697947887063,177.464242306842,183.398687962733,184.862897294859,188.72778912678
baseline_noce,MEA,Production|Iron and Steel|Primary,Mt/yr,15.228116072342,13.9106972210431,6.53079720826092,10.8751565573209,9.4379856439782,14.1002073925431
baseline_noce,MEA,Production|Iron and Steel|Secondary,Mt/yr,3.54137794666083,8.51884857130125,17.9070839957432,15.0455146670731,18.0405535868034,16.7756102632991
baseline_noce,MEX,Production|Non-Ferrous Metals|Aluminum|Primary,Mt/yr,,3.6938775046462e-08,,,,0.00200220290851445
baseline_noce,MEX,Production|Non-Ferrous Metals|Aluminum|Secondary,Mt/yr,0.00999999956340593,0.732386804357365,1.04325999894867,1.20067999140776,1.34635999374272,1.62604779026014
baseline_noce,MEX,Production|Non-Metallic Minerals|Cement,Mt/yr,42.4309999978232,47.1408413558888,49.4745460017451,51.553665001427,51.6385270014251,52.2749920027537
baseline_noce,MEX,Production|Non-Metallic Minerals|Cement Clinker,Mt/yr,37.326923063351,40.4337674609761,41.5349115393967,42.5589134621948,42.0039865384762,41.3880923101988
baseline_noce,MEX,Production|Iron and Steel|Primary,Mt/yr,5.95920193462614,5.23717653842501,4.05236907954996,4.04062393424547,4.58327878142213,7.13657028825503
baseline_noce,MEX,Production|Iron and Steel|Secondary,Mt/yr,11.7272788203629,9.15961906845482,11.0518854914022,13.5043649655165,15.791547047229,20.3659072903795
baseline_noce,NIG,Production|Non-Metallic Minerals|Cement,Mt/yr,22.9999999978933,27.3815003350668,28.5200000019606,31.9470000023191,37.0990000015681,48.2310000029585
baseline_noce,NIG,Production|Non-Metallic Minerals|Cement Clinker,Mt/yr,17.1384615225164,19.7912098677378,20.2119589754101,22.224585642997,25.3940584630703,32.3454184643574
baseline_noce,NIG,Production|Iron and Steel|Primary,Mt/yr,0.0110344361902754,9.44408806560403e-07,,5.06006222860424e-08,5.29495226083776e-08,0.0110134316952407
baseline_noce,NIG,Production|Iron and Steel|Secondary,Mt/yr,0.0990991279627521,1.31609575448104,1.59418316796827,1.92293176297581,2.31952269759546,3.36380902343241
baseline_noce,RUS,Production|Non-Ferrous Metals|Aluminum|Primary,Mt/yr,3.63699999398177,3.89816088437065,3.61703509926736,3.5256268732758,3.6439396447142,5.63476798484544
baseline_noce,RUS,Production|Non-Ferrous Metals|Aluminum|Secondary,Mt/yr,0.319999999191139,1.00456216190702,1.1709348988225,1.27421411952583,1.37749334718996,
baseline_noce,RUS,Production|Non-Metallic Minerals|Cement,Mt/yr,57.6759999979397,63.9915224007729,65.5199360040925,66.2697240011461,66.039020000755,65.7506400024301
baseline_noce,RUS,Production|Non-Metallic Minerals|Cement Clinker,Mt/yr,38.4483999837815,42.0750924178279,42.6154890158911,42.735768788389,42.2383386015801,41.4229032030916
baseline_noce,RUS,Production|Iron and Steel|Primary,Mt/yr,54.7667073871647,53.8258827159758,46.3039926921147,41.0731375519806,35.5235002108121,59.2139939159405
baseline_noce,RUS,Production|Iron and Steel|Secondary,Mt/yr,21.0149503287244,22.2210112062598,23.8698223211103,27.5092626440964,31.5432668297758,4.9730701379536
baseline_noce,SKT,Production|Non-Ferrous Metals|Aluminum|Primary,Mt/yr,,3.19375127742821e-08,,,,
baseline_noce,SKT,Production|Non-Ferrous Metals|Aluminum|Secondary,Mt/yr,1.99999999824504,0.895001606406577,0.951999997925836,1.28000000093798,1.62800000086078,2.39999999679711
baseline_noce,SKT,Production|Non-Metallic Minerals|Cement,Mt/yr,50.6355369978254,47.3695452102335,41.0654205084727,38.6349147324361,37.3183907703271,34.5334362346393
baseline_noce,SKT,Production|Non-Metallic Minerals|Cement Clinker,Mt/yr,45.9316999934705,42.4998366148201,36.4345554974936,33.6847777244356,31.8444476108416,28.1928774401395
baseline_noce,SKT,Production|Iron and Steel|Primary,Mt/yr,49.9471103581346,48.0292658301203,36.6676811905592,31.0284830195423,25.2791480210768,43.598825182875
baseline_noce,SKT,Production|Iron and Steel|Secondary,Mt/yr,19.3673971171019,14.5270773602908,19.8929568859262,21.9971151673173,24.3500393158432,
baseline_noce,USA,Production|Non-Ferrous Metals|Aluminum|Primary,Mt/yr,1.09000001484829,0.887157953924997,0.886657013398276,2.41996998560032,5.21638600859316,8.48159999992278
baseline_noce,USA,Production|Non-Ferrous Metals|Aluminum|Secondary,Mt/yr,3.86999999954945,5.97004209496353,6.50374298552429,5.25811001228178,2.78905398517295,
baseline_noce,USA,Production|Non-Metallic Minerals|Cement,Mt/yr,88.0999999977914,88.4083502337414,90.6548999964859,94.3551000007223,96.029000000852,99.3768000124692
baseline_noce,USA,Production|Non-Metallic Minerals|Cement Clinker,Mt/yr,78.5999999954319,77.5375900475903,76.1293400254066,79.4305400015723,79.4646000008878,79.7947199851388
baseline_noce,USA,Production|Iron and Steel|Primary,Mt/yr,34.4082499913027,40.2107342839447,24.4015524201644,17.4541595573202,31.3856526887521,50.9003112543322
baseline_noce,USA,Production|Iron and Steel|Secondary,Mt/yr,52.3043757691065,40.4753641231561,49.3908920211923,49.748125325231904,29.833461030903,
ndc_noce,AFE,Production|Non-Ferrous Metals|Aluminum|Primary,Mt/yr,,,4.22457418809533e-08,2.64807020576665e-07,2.52452804015747e-07,1.83914098684935e-07
ndc_noce,AFE,Production|Non-Metallic Minerals|Cement,Mt/yr,26.2281999978476,30.7919070925773,42.4109997878077,49.54507046545,58.8036249312047,78.2124932951709
ndc_noce,AFE,Production|Non-Metallic Minerals|Cement Clinker,Mt/yr,22.2999999871689,25.4205132435528,33.8655232663882,38.9528970147915,45.6659402913139,59.8487407175547
ndc_noce,AFE,Production|Iron and Steel|Primary,Mt/yr,0.00551721792370434,2.16505044337164,2.36985380393032,1.50236736731477,0.756267158569819,9.15547557818282e-05
ndc_noce,AFE,Production|Iron and Steel|Secondary,Mt/yr,0.0495495635857662,2.19210834017727,3.26881905974042,4.91307798315987,6.54288968791647,9.44843256005832
ndc_noce,AFN,Production|Non-Ferrous Metals|Aluminum|Primary,Mt/yr,0.299999997067163,0.405289684054751,0.264366562945326,0.363325283175651,0.422999442662623,0.733376747644988
ndc_noce,AFN,Production|Non-Ferrous Metals|Aluminum|Secondary,Mt/yr,0.0399999986697882,0.132420362504325,0.325193767790645,0.239495380671464,0.216541231013206,4.17938781942909e-06
ndc_noce,AFN,Production|Non-Metallic Minerals|Cement,Mt/yr,99.4559999978603,101.892672455225,108.108672756159,114.672768853205,121.634688719268,135.359617195832
ndc_noce,AFN,Production|Non-Metallic Minerals|Cement Clinker,Mt/yr,77.5730769093765,77.9906788412391,80.8027031036207,84.1176595751173,87.711878748014,95.0192630365447
ndc_noce,AFN,Production|Iron and Steel|Primary,Mt/yr,2.99010692586522,4.34985351378134,3.63224334071761,3.51537727861198,3.58776280290256,8.743633038295
ndc_noce,AFN,Production|Iron and Steel|Secondary,Mt/yr,1.78627351078926,3.59326764183052,6.03037569532898,7.71867220734493,9.47564059447489,8.92420167768952
ndc_noce,AFW,Production|Non-Ferrous Metals|Aluminum|Primary,Mt/yr,0.111999996160143,0.131331945850115,0.102947050122728,0.0902677714261246,0.0716020644532431,0.23446183178475
ndc_noce,AFW,Production|Non-Ferrous Metals|Aluminum|Secondary,Mt/yr,0.00999999879158183,0.0405050862032112,0.10835706815508,0.177400518825306,0.2538942111912,0.212546551209314
ndc_noce,AFW,Production|Non-Metallic Minerals|Cement,Mt/yr,34.5389999980445,41.8094599414446,47.9746717082587,54.1226139101359,62.1011227502238,76.7801983013873
ndc_noce,AFW,Production|Non-Metallic Minerals|Cement Clinker,Mt/yr,15.6526922928411,21.2508951395593,26.3563541688636,31.2473708599313,37.2916443191599,48.3715250103592
ndc_noce,AFW,Production|Iron and Steel|Primary,Mt/yr,0.00606893862542322,1.95641340461128e-06,1.42357697949975e-05,0.00909843709555173,0.00789818788046801,0.0300767989864971
ndc_noce,AFW,Production|Iron and Steel|Secondary,Mt/yr,0.0545045129337825,0.056938115493223,0.0667388145900029,0.0644389720624083,0.0730896531339445,0.0681751047538528
ndc_noce,AFZ,Production|Non-Ferrous Metals|Aluminum|Primary,Mt/yr,1.28199999227683,1.50588654329015,1.21157255404753,1.4731177170552,2.81878843653897,3.65098861264613
ndc_noce,AFZ,Production|Non-Ferrous Metals|Aluminum|Secondary,Mt/yr,0.0499999998205032,0.346925507015681,1.01419964151556,1.0510229757633,0.0570002403231571,2.43269638142341e-05
ndc_noce,AFZ,Production|Non-Metallic Minerals|Cement,Mt/yr,22.5959999978774,20.9464923603178,21.8277366916223,23.9065688915582,27.3185647877571,33.6228493005167
ndc_noce,AFZ,Production|Non-Metallic Minerals|Cement Clinker,Mt/yr,18.0957692150238,16.6052812121148,16.8785275817859,18.0752614588971,20.2328802759516,24.2338553477005
ndc_noce,AFZ,Production|Iron and Steel|Primary,Mt/yr,5.15114641339579,1.96578085198022,1.97477155724655,5.56461516992791,9.31421278422324,12.7640273976255
ndc_noce,AFZ,Production|Iron and Steel|Secondary,Mt/yr,2.79657708352825,4.13807132671891,4.82053263681694,2.39105870744661,0.000521950857547468,2.03577194158101e-05
ndc_noce,ANZ,Production|Non-Ferrous Metals|Aluminum|Primary,Mt/yr,1.92099999443079,1.89099152585818,1.6143492517095,1.60157829250244,1.68899463947665,1.86546225245904
ndc_noce,ANZ,Production|Non-Ferrous Metals|Aluminum|Secondary,Mt/yr,0.879999998422756,0.0837135074480453,0.0382409636041622,0.0314056698645816,9.38410159660244e-06,5.05020122581275e-06
ndc_noce,ANZ,Production|Non-Metallic Minerals|Cement,Mt/yr,10.8999999979891,10.7801002646633,10.9109004781799,11.2052007108869,11.3687006097611,11.6194010251184
ndc_noce,ANZ,Production|Non-Metallic Minerals|Cement Clinker,Mt/yr,6.636346138414,6.5992516498117,6.72778661332895,6.95163838540798,7.09308562489564,7.32022299059263
ndc_noce,ANZ,Production|Iron and Steel|Primary,Mt/yr,4.46183859417004,2.49080686481472,0.00426522078783344,0.0355941335181721,0.0758298399879645,0.11536256163132
ndc_noce,ANZ,Production|Iron and Steel|Secondary,Mt/yr,1.26723086678562,2.90024786996827,5.14616886072528,4.89140819675497,4.63919697681939,4.20435871240553
ndc_noce,ASC,Production|Non-Ferrous Metals|Aluminum|Primary,Mt/yr,0.409999995586495,0.43812497698019,0.333798238821439,0.705548603649712,0.818571960060625,1.03655703093879
ndc_noce,ASC,Production|Non-Ferrous Metals|Aluminum|Secondary,Mt/yr,0.00999999884852323,0.100105076076306,0.303341965126774,0.0143318108848584,8.5540226947943e-06,3.68329961636646e-06
ndc_noce,ASC,Production|Non-Metallic Minerals|Cement,Mt/yr,37.7587999978907,44.4043492617172,49.615063941531,53.9950849418683,57.4311356104741,64.1522025447672
ndc_noce,ASC,Production|Non-Metallic Minerals|Cement Clinker,Mt/yr,29.2138461376827,33.3544221905868,36.3985051174325,38.9615336730309,40.8672501624375,44.6708933973192
ndc_noce,ASC,Production|Iron and Steel|Primary,Mt/yr,3.53245484910553,3.01652377844172,2.36778570041632,3.84569302822838,4.61727806135751,10.1921714660817
ndc_noce,ASC,Production|Iron and Steel|Secondary,Mt/yr,0.418012239665217,1.26578279394674,2.8349799469094,2.30913687211747,2.66738547439403,3.64788389325572e-05
ndc_noce,ASE,Production|Non-Ferrous Metals|Aluminum|Primary,Mt/yr,0.759999996108638,0.949932745768716,1.20743909741107,1.38667265016205,1.53440559324344,1.64822207841912
ndc_noce,ASE,Production|Non-Ferrous Metals|Aluminum|Secondary,Mt/yr,0.290000000079355,1.29706730352099,2.12211116514235,2.88787815168987,3.65364526186383,5.18517899531484
ndc_noce,ASE,Production|Non-Metallic Minerals|Cement,Mt/yr,85.081199997775,106.053716163359,113.668483797632,120.134654990841,122.942334452423,128.812937605491
ndc_noce,ASE,Production|Non-Metallic Minerals|Cement Clinker,Mt/yr,81.7873076756901,98.5687002592,103.520921952544,107.75205212992,108.818013363913,111.443386455298
ndc_noce,ASE,Production|Iron and Steel|Primary,Mt/yr,1.35218145070148,3.5064011962448e-06,8.82006664658766e-06,1.52550357945294e-05,1.67408403425573e-05,3.95582803112164e-05
ndc_noce,ASE,Production|Iron and Steel|Secondary,Mt/yr,4.05654432539551,5.53041965358242,5.46280535000189,5.3816690955395,5.30053703132738,5.13825239040289
ndc_noce,ASO,Production|Non-Ferrous Metals|Aluminum|Primary,Mt/yr,,,7.92796194213589e-08,1.0963748890055e-06,9.10373816209986e-07,2.46691397334998e-07
ndc_noce,ASO,Production|Non-Ferrous Metals|Aluminum|Secondary,Mt/yr,,,,2.13668507981012e-08,1.06532320812694e-08,
ndc_noce,ASO,Production|Non-Metallic Minerals|Cement,Mt/yr,88.6989999980088,86.3928263169252,113.35732262023,146.885544758295,165.334936611157,202.499818183405
ndc_noce,ASO,Production|Non-Metallic Minerals|Cement Clinker,Mt/yr,43.1865384495318,43.8492877188304,63.3756868130026,86.6141055415627,100.352860995573,127.574885689194
ndc_noce,ASO,Production|Iron and Steel|Primary,Mt/yr,0.339597288307763,5.62342764794295e-07,2.4454943863313e-06,6.6562090908908e-06,5.16900086010964e-06,2.09956890130799e-05
ndc_noce,ASO,Production|Iron and Steel|Secondary,Mt/yr,3.06677413914673,3.73678937204791,3.72656867530957,4.22389563438192,4.78594848573971,6.14848237690973
ndc_noce,BRA,Production|Non-Ferrous Metals|Aluminum|Primary,Mt/yr,0.153973741991365,1.03039892982324,1.09754743839028,1.07135173887446,0.981454711303272,0.679724654923187
ndc_noce,BRA,Production|Non-Ferrous Metals|Aluminum|Secondary,Mt/yr,1.16999999836229,1.16361108863042,1.33033281672799,1.50940925979479,1.6884863301889,2.04663693672273
ndc_noce,BRA,Production|Non-Metallic Minerals|Cement,Mt/yr,56.611199997917,66.2634097225418,68.7826085426134,71.4999462822047,72.0660581658942,73.4813383779133
ndc_noce,BRA,Production|Non-Metallic Minerals|Cement Clinker,Mt/yr,37.9999999837254,43.691734674997,44.8118412152162,46.1346069934581,46.1021001960715,46.2932436369466
ndc_noce,BRA,Production|Iron and Steel|Primary,Mt/yr,25.2107239800784,24.7473243353252,28.1368797031836,32.0027929657334,37.0194802944926,50.7326985132244
ndc_noce,BRA,Production|Iron and Steel|Secondary,Mt/yr,6.397708973342,7.00334662463456,9.98289079661541,12.7863591057475,15.6085637513523,21.9350931198515
ndc_noce,CAN,Production|Non-Ferrous Metals|Aluminum|Primary,Mt/yr,2.85399999581687,3.39557480502598,3.39357201116418,2.9963023656645,3.08069373510554,2.15420538019753
ndc_noce,CAN,Production|Non-Ferrous Metals|Aluminum|Secondary,Mt/yr,1.70999999830972,0.746255240581921,0.513212241769494,0.540798779266107,7.5525238064878e-06,4.23289814732089e-06
ndc_noce,CAN,Production|Non-Metallic Minerals|Cement,Mt/yr,13.1199999985979,14.0843203667246,14.3795202239606,14.8780804813183,15.1404804818233,15.6784007976684
ndc_noce,CAN,Production|Non-Metallic Minerals|Cement Clinker,Mt/yr,13.3818999885731,14.0440812360638,14.0474262295214,14.2820563468443,14.299899008086,14.3922346040671
ndc_noce,CAN,Production|Iron and Steel|Primary,Mt/yr,10.0886366187469,4.33074902078235,1.3685793655291,1.36860487267414,1.36863618696639,1.42342120333148
ndc_noce,CAN,Production|Iron and Steel|Secondary,Mt/yr,4.02262836041125,8.59517057199932,10.6683299330559,10.1744126907638,9.70870989990452,8.7649150004788
ndc_noce,CHL,Production|Non-Ferrous Metals|Aluminum|Primary,Mt/yr,,,1.32506327077039e-07,8.10603752289624e-07,7.60030513132665e-07,3.83294623670499e-07
ndc_noce,CHL,Production|Non-Ferrous Metals|Aluminum|Secondary,Mt/yr,,,,2.21856187016293e-08,1.10730506838506e-08,
ndc_noce,CHL,Production|Non-Metallic Minerals|Cement,Mt/yr,5.02999999812072,4.53706021748993,4.91431094429387,5.18593086030703,5.25635074366508,5.41228117691973
ndc_noce,CHL,Production|Non-Metallic Minerals|Cement Clinker,Mt/yr,1.61634613886741,1.5645531764267,2.11273220170415,2.54261198714438,2.84573544379714,3.40973751651302
ndc_noce,CHL,Production|Iron and Steel|Primary,Mt/yr,1.48484712111048,0.552668353775752,0.792520615210766,0.534724021123546,0.232278254681099,0.000991532504701676
ndc_noce,CHL,Production|Iron and Steel|Secondary,Mt/yr,0.31336838781968,0.774414898722213,0.0688280796255286,0.380570624996074,0.740559673704987,1.09592433472848
ndc_noce,CHN,Production|Non-Ferrous Metals|Aluminum|Primary,Mt/yr,35.0440000457254,46.4985693739595,43.6217077525544,37.7812631943432,32.5954413441671,20.2708528313337
ndc_noce,CHN,Production|Non-Ferrous Metals|Aluminum|Secondary,Mt/yr,10.6099999982448,16.5724317236829,17.8742305702236,22.0711316579335,27.1199915038065,34.194370232478
ndc_noce,CHN,Production|Non-Metallic Minerals|Cement,Mt/yr,2357.17696299718,1906.95616766626,1489.7358482805,1197.44589807639,1110.23035029552,940.513609464344
ndc_noce,CHN,Production|Non-Metallic Minerals|Cement Clinker,Mt/yr,1533.83699998649,1240.87413598642,969.384988952802,777.171488905568,714.08977498566,592.523574279788
ndc_noce,CHN,Production|Iron and Steel|Primary,Mt/yr,864.729022711841,828.192566415351,702.957320224484,606.156445011879,563.316027353616,458.681896712878
ndc_noce,CHN,Production|Iron and Steel|Secondary,Mt/yr,83.5411351464111,115.810376266582,105.917125335284,81.3394225242265,102.369626808839,337.865039292077
ndc_noce,ENE,Production|Non-Ferrous Metals|Aluminum|Primary,Mt/yr,0.114999996858529,0.0644822777379715,0.0774934798521128,0.0931038899587252,0.106402925745941,0.124421718076909
ndc_noce,ENE,Production|Non-Ferrous Metals|Aluminum|Secondary,Mt/yr,0.049999998556632,0.0704052636786478,0.0741418155559968,0.0766818412342414,0.0792228117409665,0.0843043845276666
ndc_noce,ENE,Production|Non-Metallic Minerals|Cement,Mt/yr,20.7505999978626,18.084148291582,20.0035789957674,21.6636272862726,22.4729005624039,23.0331672122142
ndc_noce,ENE,Production|Non-Metallic Minerals|Cement Clinker,Mt/yr,17.4299999873566,15.1237206847189,16.2261683605943,17.1906287093201,17.5119217194212,17.4125711986253
ndc_noce,ENE,Production|Iron and Steel|Primary,Mt/yr,42.3856456300339,9.22029448649593,9.50298205175091,15.2589561796153,9.27705688534283,9.68990190900237
ndc_noce,ENE,Production|Iron and Steel|Secondary,Mt/yr,2.10465669006025,9.91053607453136,9.40539742458593,3.11554106461519,8.56355673986597,7.21641583698902
ndc_noce,ENW,Production|Non-Ferrous Metals|Aluminum|Primary,Mt/yr,2.29299998964491,2.18579127764237,2.00990533629171,1.48829507345653,0.854385328534904,0.36071528557246
ndc_noce,ENW,Production|Non-Ferrous Metals|Aluminum|Secondary,Mt/yr,1.10999999839031,0.346040745711908,0.406224756464668,0.424191443925909,0.442158200252999,3.45680667670962e-06
ndc_noce,ENW,Production|Non-Metallic Minerals|Cement,Mt/yr,13.2889999977749,11.9534557089186,12.3986371960459,13.0630874375899,13.5414913903891,14.7507905423753
ndc_noce,ENW,Production|Non-Metallic Minerals|Cement Clinker,Mt/yr,13.2340384464369,11.8164523727044,11.950777501286,12.325742648496,12.5339582245904,13.2208052119454
ndc_noce,ENW,Production|Iron and Steel|Primary,Mt/yr,6.83914348288014,0.84109043331369,0.0207840215605105,0.0143122239888542,0.00783786863812415,0.000381215260723755
ndc_noce,ENW,Production|Iron and Steel|Secondary,Mt/yr,2.59849108472441,5.25090302583592,3.99964887976158,3.60974144265399,3.26702345016686,2.67047190058936
ndc_noce,EUE,Production|Non-Ferrous Metals|Aluminum|Primary,Mt/yr,0.579999991550749,1.04208782778928,0.647264910737303,0.457063516142463,0.430574346456377,0.207196698275536
ndc_noce,EUE,Production|Non-Ferrous Metals|Aluminum|Secondary,Mt/yr,0.21999999885195,0.5143122021291,1.15113537255412,1.40293746956145,1.44942658321828,1.5424042927024
ndc_noce,EUE,Production|Non-Metallic Minerals|Cement,Mt/yr,48.9649999978808,47.2512253386675,48.4753505914001,48.7691405764461,48.0346654601432,46.6146807881092
ndc_noce,EUE,Production|Non-Metallic Minerals|Cement Clinker,Mt/yr,38.0397999837204,36.2075497443247,36.3026494120002,35.8740678753208,34.7265338990748,32.5925015479411
ndc_noce,EUE,Production|Iron and Steel|Primary,Mt/yr,21.2887547116015,11.2356943268682,0.348509563485513,0.263140937084487,0.202874025128455,0.564331291928341
ndc_noce,EUE,Production|Iron and Steel|Secondary,Mt/yr,4.98701791730143,6.8289002319995,15.4695064264371,14.6615004169458,13.8809427772939,11.9429391356037
ndc_noce,EUM,Production|Non-Ferrous Metals|Aluminum|Primary,Mt/yr,0.849999992894308,0.872380934138219,1.20967359087027,1.16478844217157,1.16478189067875,1.16478219197054
ndc_noce,EUM,Production|Non-Ferrous Metals|Aluminum|Secondary,Mt/yr,3.36999999824855,1.82208909447961,1.30966648040552,1.35455194167984,1.28281851562449,0.983198334722571
ndc_noce,EUM,Production|Non-Metallic Minerals|Cement,Mt/yr,64.3814999978085,67.4396215653284,67.7937196603459,68.1800089006322,66.956760376226,64.3171189292244
ndc_noce,EUM,Production|Non-Metallic Minerals|Cement Clinker,Mt/yr,57.7762999860838,59.2832985609418,58.4137642075258,57.762819041352,55.8119061356352,51.9466720155427
ndc_noce,EUM,Production|Iron and Steel|Primary,Mt/yr,21.5991967067637,18.2625950187116,13.0104439898839,10.5942562650612,13.4784395192821,27.2269610723032
ndc_noce,EUM,Production|Iron and Steel|Secondary,Mt/yr,31.371564828132,26.1533887713162,27.3003057430783,25.9555709145332,19.681259063786,1.23146316939823e-05
ndc_noce,EUW,Production|Non-Ferrous Metals|Aluminum|Primary,Mt/yr,0.819999998434798,1.1268970986063,1.2685167991258,1.54267412470009,1.6770902491812,1.3765788158971
ndc_noce,EUW,Production|Non-Ferrous Metals|Aluminum|Secondary,Mt/yr,1.92000000785971,5.32306293257269,6.15140340830385,6.36222681531903,6.57305067724034,6.64614221825518
ndc_noce,EUW,Production|Non-Metallic Minerals|Cement,Mt/yr,58.6514999978945,51.8772520628976,51.8479264660176,52.1998356573048,51.4373660642879,49.9710789026825
ndc_noce,EUW,Production|Non-Metallic Minerals|Cement Clinker,Mt/yr,43.6349999834506,38.3718918417063,37.4795562291128,36.9879356904548,35.7501560925136,33.45931896391
ndc_noce,EUW,Production|Iron and Steel|Primary,Mt/yr,52.7135204697284,42.3928867176171,35.808914293802,27.2580711537276,19.3815303690369,12.9790182881068
ndc_noce,EUW,Production|Iron and Steel|Secondary,Mt/yr,16.707742297013,19.3920373109934,21.047100249011,24.3913508194989,27.5472459267985,25.758048911147
ndc_noce,IDN,Production|Non-Ferrous Metals|Aluminum|Primary,Mt/yr,0.239999997528539,0.212980568411329,0.305280982674152,0.603665914130827,1.08421147808178,2.95213279216088
ndc_noce,IDN,Production|Non-Ferrous Metals|Aluminum|Secondary,Mt/yr,0.0400000137367145,0.637379487704891,1.0655993601452,1.18413522114294,1.12106960993102,0.0763483440955137
ndc_noce,IDN,Production|Non-Metallic Minerals|Cement,Mt/yr,205.1329999978,205.338133422298,220.92824168317,235.082418905733,241.851807772224,255.185453256374
ndc_noce,IDN,Production|Non-Metallic Minerals|Cement Clinker,Mt/yr,176.909090892259,174.119824472781,182.682224648177,190.719794730564,193.025509854534,198.067419428478
ndc_noce,IDN,Production|Iron and Steel|Primary,Mt/yr,13.2897486944606,16.5018714816099,21.1864838795784,27.4294188852004,32.9406043184781,34.0615081518048
ndc_noce,IDN,Production|Iron and Steel|Secondary,Mt/yr,5.70720135683271,12.0410464749134,10.6714022779086,4.96038545311619,0.000111870186668834,2.7272963817043e-05
ndc_noce,IND,Production|Non-Ferrous Metals|Aluminum|Primary,Mt/yr,3.63999999640626,4.19739639866757,5.42333778934746,6.40302331260316,7.12114812420041,7.32504797733629
ndc_noce,IND,Production|Non-Ferrous Metals|Aluminum|Secondary,Mt/yr,1.38999999871883,1.80590863910495,2.73532247780211,3.72236774087416,4.70941301938223,6.68350346732768
ndc_noce,IND,Production|Non-Metallic Minerals|Cement,Mt/yr,338.922999997768,438.735823897851,554.139105268536,642.259085379841,654.460313326956,678.862769413349
ndc_noce,IND,Production|Non-Metallic Minerals|Cement Clinker,Mt/yr,267.597765348875,334.064590511338,410.71797022066,468.87588488574,473.086089850197,482.398492352346
ndc_noce,IND,Production|Iron and Steel|Primary,Mt/yr,74.6986752480892,112.28617434665,169.655378243584,211.796045424392,286.169065802549,585.889435556152
ndc_noce,IND,Production|Iron and Steel|Secondary,Mt/yr,30.0523125931645,31.7988096772512,43.6176330113422,80.3544617824686,113.770208292254,164.022889569086
ndc_noce,JPN,Production|Non-Ferrous Metals|Aluminum|Primary,Mt/yr,,0.0448708833104775,1.0805787891504e-07,3.43523611859262e-07,3.47921913837082e-07,6.96830620354352e-07
ndc_noce,JPN,Production|Non-Ferrous Metals|Aluminum|Secondary,Mt/yr,1.31999999835034,1.81896913515302,1.34508064895609,1.02432025812399,0.984720264208327,1.10616015172617
ndc_noce,JPN,Production|Non-Metallic Minerals|Cement,Mt/yr,53.4616999977973,43.1703233196901,40.8982007012908,39.9893519796872,40.1497370410033,40.7912776223774
ndc_noce,JPN,Production|Non-Metallic Minerals|Cement Clinker,Mt/yr,49.2929999870535,39.8040978398255,37.0601202919514,35.4843878745396,34.795929036137,33.8495038377996
ndc_noce,JPN,Production|Iron and Steel|Primary,Mt/yr,81.1964931032019,52.4567901235928,45.7059099407257,41.7378977774708,38.9409807100505,33.3081578650237
ndc_noce,JPN,Production|Iron and Steel|Secondary,Mt/yr,21.2522053258869,34.061135908896,34.5114211550346,35.508423035635,35.5392255119762,35.7422672244336
ndc_noce,LAM,Production|Non-Ferrous Metals|Aluminum|Primary,Mt/yr,0.434999999268031,0.449637306717689,0.456809482229151,0.439449651029435,0.401238081297191,0.277555343841576
ndc_noce,LAM,Production|Non-Ferrous Metals|Aluminum|Secondary,Mt/yr,0.259999998514805,0.133815242617082,0.118650662648792,0.134620965155426,0.150592566271964,0.182535372839635
ndc_noce,LAM,Production|Non-Metallic Minerals|Cement,Mt/yr,66.1435999978778,72.3280270074442,78.7770281759709,86.2512552464819,90.1537275283941,97.0326623605222
ndc_noce,LAM,Production|Non-Metallic Minerals|Cement Clinker,Mt/yr,51.1238461383245,54.5738538893971,58.0374945381657,62.3847260403359,64.2473382105028,67.4988151802773
ndc_noce,LAM,Production|Iron and Steel|Primary,Mt/yr,5.27000858298327,0.772398832596661,0.125044938326119,1.8972511353204,0.843278075599546,0.000960354367543568
ndc_noce,LAM,Production|Iron and Steel|Secondary,Mt/yr,4.76919186148327,9.18648888893238,11.8216046363626,13.1515124630236,18.1207739565228,30.1066039155872
ndc_noce,MDA,Production|Non-Ferrous Metals|Aluminum|Primary,Mt/yr,0.0800000005857004,0.163440874919587,0.217047934569932,0.228550631738837,0.225155131933917,0.685835195407071
ndc_noce,MDA,Production|Non-Ferrous Metals|Aluminum|Secondary,Mt/yr,0.629999998451107,0.520999171251781,0.472362327804187,0.488550184709889,0.504725755651342,2.58679597313161e-05
ndc_noce,MDA,Production|Non-Metallic Minerals|Cement,Mt/yr,70.8392999978275,100.166770282199,104.275450290148,105.267200647415,104.842164727983,104.629647292629
ndc_noce,MDA,Production|Non-Metallic Minerals|Cement Clinker,Mt/yr,61.4581999834076,83.0928511051413,85.312176441561,85.0622468324557,83.7060691661572,81.6963865400654
ndc_noce,MDA,Production|Iron and Steel|Primary,Mt/yr,10.448393284038,3.43161265098961,2.54288968504158,7.38333793320192,12.5498588784747,22.8807727525566
ndc_noce,MDA,Production|Iron and Steel|Secondary,Mt/yr,9.93423885510722,18.2147436460015,22.976166636478,20.9892889104163,19.0024586105802,16.1519711314962
ndc_noce,MEA,Production|Non-Ferrous Metals|Aluminum|Primary,Mt/yr,6.13299999992105,6.6497627303814,6.2130998173158,6.48981059044353,8.0634687445509,9.17816661747715
ndc_noce,MEA,Production|Non-Ferrous Metals|Aluminum|Secondary,Mt/yr,0.469999999916647,0.894164828838304,1.07000944689737,0.991389181886782,0.0318100582728057,4.42081754324614e-06
ndc_noce,MEA,Production|Non-Metallic Minerals|Cement,Mt/yr,161.832199997759,183.922295611905,194.198640318401,204.070404843961,208.763538610037,218.635303202511
ndc_noce,MEA,Production|Non-Metallic Minerals|Cement Clinker,Mt/yr,155.216538453984,171.697947887063,177.46424219248,183.398688256967,184.862897710072,188.727790050857
ndc_noce,MEA,Production|Iron and Steel|Primary,Mt/yr,15.228116072342,13.9106972210431,6.5307978109285,8.72188033828314,10.9879916660394,15.6502120107461
ndc_noce,MEA,Production|Iron and Steel|Secondary,Mt/yr,3.54137794666083,8.51884857130125,17.9070837025418,17.198792804454,16.4905494466917,15.2256079972337
ndc_noce,MEX,Production|Non-Ferrous Metals|Aluminum|Primary,Mt/yr,,3.6938775046462e-08,2.2724420159304e-07,4.68851062604665e-07,3.39455114078889e-07,3.64823470438166e-06
ndc_noce,MEX,Production|Non-Ferrous Metals|Aluminum|Secondary,Mt/yr,0.00999999956340593,0.732386804357365,1.04326197837862,1.20067988112022,1.34636001151463,1.62804673016408
ndc_noce,MEX,Production|Non-Metallic Minerals|Cement,Mt/yr,42.4309999978232,47.1408413558888,49.4745465121428,51.5536654251763,51.6385273491544,52.2749924683406
ndc_noce,MEX,Production|Non-Metallic Minerals|Cement Clinker,Mt/yr,37.326923063351,40.4337674609761,41.5349117095485,42.558913571526,42.0039866212678,41.388092720425
ndc_noce,MEX,Production|Iron and Steel|Primary,Mt/yr,5.95920193462614,5.23717653842501,4.05237019786325,4.04062478487191,4.58327802151933,7.76371653727726
ndc_noce,MEX,Production|Iron and Steel|Secondary,Mt/yr,11.7272788203629,9.15961906845482,11.0518848183607,13.5043648881248,15.7915486861792,19.7387621443902
ndc_noce,NIG,Production|Non-Ferrous Metals|Aluminum|Primary,Mt/yr,,,1.34623827179497e-07,7.72078626366169e-07,6.77192029556514e-07,2.75743842348531e-07
ndc_noce,NIG,Production|Non-Ferrous Metals|Aluminum|Secondary,Mt/yr,,,,1.92295438022681e-08,1.01070292485835e-08,
ndc_noce,NIG,Production|Non-Metallic Minerals|Cement,Mt/yr,22.9999999978933,27.3815003350668,28.5200005816935,31.9470007468307,37.0990006265118,48.2310009238273
ndc_noce,NIG,Production|Non-Metallic Minerals|Cement Clinker,Mt/yr,17.1384615225164,19.7912098677378,20.2119592648188,22.2245863405627,25.3940591550643,32.345419473384
ndc_noce,NIG,Production|Iron and Steel|Primary,Mt/yr,0.0110344361902754,9.44408806560403e-07,3.22740474810738e-06,1.55240090940684e-05,1.7509309483548e-05,2.54397887375698e-05
ndc_noce,NIG,Production|Iron and Steel|Secondary,Mt/yr,0.0990991279627521,1.31609575448104,1.59418088539042,1.92291883860705,2.31950823464338,3.3748014978872
ndc_noce,RUS,Production|Non-Ferrous Metals|Aluminum|Primary,Mt/yr,3.63699999398177,3.89816088437065,3.61703545379402,3.52562768732576,3.64394052822618,4.05071818266208
ndc_noce,RUS,Production|Non-Ferrous Metals|Aluminum|Secondary,Mt/yr,0.319999999191139,1.00456216190702,1.17093484707414,1.274214110528,1.37749336238672,1.58405084782176
ndc_noce,RUS,Production|Non-Metallic Minerals|Cement,Mt/yr,57.6759999979397,63.9915224007729,65.5199369669841,66.2697244618579,66.0390203586819,65.7506405667729
ndc_noce,RUS,Production|Non-Metallic Minerals|Cement Clinker,Mt/yr,38.4483999837815,42.0750924178279,42.615489634047,42.7357694504019,42.238339211977,41.4229040104163
ndc_noce,RUS,Production|Iron and Steel|Primary,Mt/yr,54.7667073871647,53.8258827159758,46.3039937326999,41.0731403130541,36.1015500112513,37.2485862343787
ndc_noce,RUS,Production|Iron and Steel|Secondary,Mt/yr,21.0149503287244,22.2210112062598,23.8698217918636,27.5092622359711,30.9652196222428,26.9384805064619
ndc_noce,SKT,Production|Non-Ferrous Metals|Aluminum|Primary,Mt/yr,,3.19375127742821e-08,2.24476292822105e-07,6.86199193575293e-07,7.41053441446496e-07,3.05627086317826e-06
ndc_noce,SKT,Production|Non-Ferrous Metals|Aluminum|Secondary,Mt/yr,1.99999999824504,0.895001606406577,0.952001617996716,1.28000020620603,1.62800015680193,2.3999981315606
ndc_noce,SKT,Production|Non-Metallic Minerals|Cement,Mt/yr,50.6355369978254,47.3695452102335,41.0654209231818,38.6349152414275,37.3183911933501,34.5334369667044
ndc_noce,SKT,Production|Non-Metallic Minerals|Cement Clinker,Mt/yr,45.9316999934705,42.4998366148201,36.4345556272199,33.6847781871068,31.8444480557427,28.1928783923251
ndc_noce,SKT,Production|Iron and Steel|Primary,Mt/yr,49.9471103581346,48.0292658301203,36.6458310832942,30.8821841835622,24.5980199251198,18.7863582947268
ndc_noce,SKT,Production|Iron and Steel|Secondary,Mt/yr,19.3673971171019,14.5270773602908,19.9148074259549,22.1434165470569,25.0311701113683,24.8124696628114
ndc_noce,USA,Production|Non-Ferrous Metals|Aluminum|Primary,Mt/yr,1.09000001484829,0.887157953924997,0.886657227269017,1.78803956394631,3.87165189370508,8.48159181239999
ndc_noce,USA,Production|Non-Ferrous Metals|Aluminum|Secondary,Mt/yr,3.86999999954945,5.97004209496353,6.50374299475901,5.89004176097768,4.13378945719839,9.9013847122468e-06
ndc_noce,USA,Production|Non-Metallic Minerals|Cement,Mt/yr,88.0999999977914,88.4083502337414,90.6549001360764,94.3551001793037,96.0290001067278,99.3768001612069
ndc_noce,USA,Production|Non-Metallic Minerals|Cement Clinker,Mt/yr,78.5999999954319,77.5375900475903,77.7694121684048,79.4305196828162,77.1066008606514,79.7947206241894
ndc_noce,USA,Production|Iron and Steel|Primary,Mt/yr,34.4082499913027,40.2107342839447,24.4015527090442,17.4541708338833,22.7144075089327,50.9003131367089
ndc_noce,USA,Production|Iron and Steel|Secondary,Mt/yr,52.3043757691065,40.4753641231561,49.3908919635451,49.748116542988,38.5047088447863,1.21432844909713e-06
baseline_noce,AFE,Emissions|GHG|Industry|Iron and Steel,MtCO2e/Mt,,,,,,
baseline_noce,AFE,Emissions|GHG|Industry|Non-Metallic Minerals|Cement,MtCO2e/Mt,,,,,,
baseline_noce,AFE,Emission Intensity|GHG|Industry|Non-Metallic Minerals|Cement,MtCO2e/Mt,,,,,,
baseline_noce,AFE,Emission Intensity|GHG|Industry|Iron and Steel,MtCO2e/Mt,,,,,,
baseline_noce,AFN,Emissions|GHG|Industry|Iron and Steel,MtCO2e/Mt,,,,,,
baseline_noce,AFN,Emissions|GHG|Industry|Non-Ferrous Metals|Aluminum,MtCO2e/Mt,,,,,,
baseline_noce,AFN,Emissions|GHG|Industry|Non-Metallic Minerals|Cement,MtCO2e/Mt,,,,,,
baseline_noce,AFN,Emission Intensity|GHG|Industry|Non-Ferrous Metals|Aluminum,MtCO2e/Mt,,,,,,
baseline_noce,AFN,Emission Intensity|GHG|Industry|Non-Metallic Minerals|Cement,MtCO2e/Mt,,,,,,
baseline_noce,AFN,Emission Intensity|GHG|Industry|Iron and Steel,MtCO2e/Mt,,,,,,
baseline_noce,AFW,Emissions|GHG|Industry|Iron and Steel,MtCO2e/Mt,,,,,,
baseline_noce,AFW,Emissions|GHG|Industry|Non-Ferrous Metals|Aluminum,MtCO2e/Mt,,,,,,
baseline_noce,AFW,Emissions|GHG|Industry|Non-Metallic Minerals|Cement,MtCO2e/Mt,,,,,,
baseline_noce,AFW,Emission Intensity|GHG|Industry|Non-Ferrous Metals|Aluminum,MtCO2e/Mt,,,,,,
baseline_noce,AFW,Emission Intensity|GHG|Industry|Non-Metallic Minerals|Cement,MtCO2e/Mt,,,,,,
baseline_noce,AFW,Emission Intensity|GHG|Industry|Iron and Steel,MtCO2e/Mt,,,,,,
baseline_noce,AFZ,Emissions|GHG|Industry|Iron and Steel,MtCO2e/Mt,,,,,,
baseline_noce,AFZ,Emissions|GHG|Industry|Non-Ferrous Metals|Aluminum,MtCO2e/Mt,,,,,,
baseline_noce,AFZ,Emissions|GHG|Industry|Non-Metallic Minerals|Cement,MtCO2e/Mt,,,,,,
baseline_noce,AFZ,Emission Intensity|GHG|Industry|Non-Ferrous Metals|Aluminum,MtCO2e/Mt,,,,,,
baseline_noce,AFZ,Emission Intensity|GHG|Industry|Non-Metallic Minerals|Cement,MtCO2e/Mt,,,,,,
baseline_noce,AFZ,Emission Intensity|GHG|Industry|Iron and Steel,MtCO2e/Mt,,,,,,
baseline_noce,ANZ,Emissions|GHG|Industry|Iron and Steel,MtCO2e/Mt,,,,,,
baseline_noce,ANZ,Emissions|GHG|Industry|Non-Ferrous Metals|Aluminum,MtCO2e/Mt,,,,,,
baseline_noce,ANZ,Emissions|GHG|Industry|Non-Metallic Minerals|Cement,MtCO2e/Mt,,,,,,
baseline_noce,ANZ,Emission Intensity|GHG|Industry|Non-Ferrous Metals|Aluminum,MtCO2e/Mt,,,,,,
baseline_noce,ANZ,Emission Intensity|GHG|Industry|Non-Metallic Minerals|Cement,MtCO2e/Mt,,,,,,
baseline_noce,ANZ,Emission Intensity|GHG|Industry|Iron and Steel,MtCO2e/Mt,,,,,,
baseline_noce,ASC,Emissions|GHG|Industry|Iron and Steel,MtCO2e/Mt,,,,,,
baseline_noce,ASC,Emissions|GHG|Industry|Non-Ferrous Metals|Aluminum,MtCO2e/Mt,,,,,,
baseline_noce,ASC,Emissions|GHG|Industry|Non-Metallic Minerals|Cement,MtCO2e/Mt,,,,,,
baseline_noce,ASC,Emission Intensity|GHG|Industry|Non-Ferrous Metals|Aluminum,MtCO2e/Mt,,,,,,
baseline_noce,ASC,Emission Intensity|GHG|Industry|Non-Metallic Minerals|Cement,MtCO2e/Mt,,,,,,
baseline_noce,ASC,Emission Intensity|GHG|Industry|Iron and Steel,MtCO2e/Mt,,,,,,
baseline_noce,ASE,Emissions|GHG|Industry|Iron and Steel,MtCO2e/Mt,,,,,,
baseline_noce,ASE,Emissions|GHG|Industry|Non-Ferrous Metals|Aluminum,MtCO2e/Mt,,,,,,
baseline_noce,ASE,Emissions|GHG|Industry|Non-Metallic Minerals|Cement,MtCO2e/Mt,,,,,,
baseline_noce,ASE,Emission Intensity|GHG|Industry|Non-Ferrous Metals|Aluminum,MtCO2e/Mt,,,,,,
baseline_noce,ASE,Emission Intensity|GHG|Industry|Non-Metallic Minerals|Cement,MtCO2e/Mt,,,,,,
baseline_noce,ASE,Emission Intensity|GHG|Industry|Iron and Steel,MtCO2e/Mt,,,,,,
baseline_noce,ASO,Emissions|GHG|Industry|Iron and Steel,MtCO2e/Mt,,,,,,
baseline_noce,ASO,Emissions|GHG|Industry|Non-Metallic Minerals|Cement,MtCO2e/Mt,,,,,,
baseline_noce,ASO,Emission Intensity|GHG|Industry|Non-Metallic Minerals|Cement,MtCO2e/Mt,,,,,,
baseline_noce,ASO,Emission Intensity|GHG|Industry|Iron and Steel,MtCO2e/Mt,,,,,,
baseline_noce,BRA,Emissions|GHG|Industry|Iron and Steel,MtCO2e/Mt,,,,,,
baseline_noce,BRA,Emissions|GHG|Industry|Non-Ferrous Metals|Aluminum,MtCO2e/Mt,,,,,,
baseline_noce,BRA,Emissions|GHG|Industry|Non-Metallic Minerals|Cement,MtCO2e/Mt,,,,,,
baseline_noce,BRA,Emission Intensity|GHG|Industry|Non-Ferrous Metals|Aluminum,MtCO2e/Mt,,,,,,
baseline_noce,BRA,Emission Intensity|GHG|Industry|Non-Metallic Minerals|Cement,MtCO2e/Mt,,,,,,
baseline_noce,BRA,Emission Intensity|GHG|Industry|Iron and Steel,MtCO2e/Mt,,,,,,
baseline_noce,CAN,Emissions|GHG|Industry|Iron and Steel,MtCO2e/Mt,,,,,,
baseline_noce,CAN,Emissions|GHG|Industry|Non-Ferrous Metals|Aluminum,MtCO2e/Mt,,,,,,
baseline_noce,CAN,Emissions|GHG|Industry|Non-Metallic Minerals|Cement,MtCO2e/Mt,,,,,,
baseline_noce,CAN,Emission Intensity|GHG|Industry|Non-Ferrous Metals|Aluminum,MtCO2e/Mt,,,,,,
baseline_noce,CAN,Emission Intensity|GHG|Industry|Non-Metallic Minerals|Cement,MtCO2e/Mt,,,,,,
baseline_noce,CAN,Emission Intensity|GHG|Industry|Iron and Steel,MtCO2e/Mt,,,,,,
baseline_noce,CHL,Emissions|GHG|Industry|Iron and Steel,MtCO2e/Mt,,,,,,
baseline_noce,CHL,Emissions|GHG|Industry|Non-Metallic Minerals|Cement,MtCO2e/Mt,,,,,,
baseline_noce,CHL,Emission Intensity|GHG|Industry|Non-Metallic Minerals|Cement,MtCO2e/Mt,,,,,,
baseline_noce,CHL,Emission Intensity|GHG|Industry|Iron and Steel,MtCO2e/Mt,,,,,,
baseline_noce,CHN,Emissions|GHG|Industry|Iron and Steel,MtCO2e/Mt,,,,,,
baseline_noce,CHN,Emissions|GHG|Industry|Non-Ferrous Metals|Aluminum,MtCO2e/Mt,,,,,,
baseline_noce,CHN,Emissions|GHG|Industry|Non-Metallic Minerals|Cement,MtCO2e/Mt,,,,,,
baseline_noce,CHN,Emission Intensity|GHG|Industry|Non-Ferrous Metals|Aluminum,MtCO2e/Mt,,,,,,
baseline_noce,CHN,Emission Intensity|GHG|Industry|Non-Metallic Minerals|Cement,MtCO2e/Mt,,,,,,
baseline_noce,CHN,Emission Intensity|GHG|Industry|Iron and Steel,MtCO2e/Mt,,,,,,
baseline_noce,ENE,Emissions|GHG|Industry|Iron and Steel,MtCO2e/Mt,,,,,,
baseline_noce,ENE,Emissions|GHG|Industry|Non-Ferrous Metals|Aluminum,MtCO2e/Mt,,,,,,
baseline_noce,ENE,Emissions|GHG|Industry|Non-Metallic Minerals|Cement,MtCO2e/Mt,,,,,,
baseline_noce,ENE,Emission Intensity|GHG|Industry|Non-Ferrous Metals|Aluminum,MtCO2e/Mt,,,,,,
baseline_noce,ENE,Emission Intensity|GHG|Industry|Non-Metallic Minerals|Cement,MtCO2e/Mt,,,,,,
baseline_noce,ENE,Emission Intensity|GHG|Industry|Iron and Steel,MtCO2e/Mt,,,,,,
baseline_noce,ENW,Emissions|GHG|Industry|Iron and Steel,MtCO2e/Mt,,,,,,
baseline_noce,ENW,Emissions|GHG|Industry|Non-Ferrous Metals|Aluminum,MtCO2e/Mt,,,,,,
baseline_noce,ENW,Emissions|GHG|Industry|Non-Metallic Minerals|Cement,MtCO2e/Mt,,,,,,
baseline_noce,ENW,Emission Intensity|GHG|Industry|Non-Ferrous Metals|Aluminum,MtCO2e/Mt,,,,,,
baseline_noce,ENW,Emission Intensity|GHG|Industry|Non-Metallic Minerals|Cement,MtCO2e/Mt,,,,,,
baseline_noce,ENW,Emission Intensity|GHG|Industry|Iron and Steel,MtCO2e/Mt,,,,,,
baseline_noce,EUE,Emissions|GHG|Industry|Iron and Steel,MtCO2e/Mt,,,,,,
baseline_noce,EUE,Emissions|GHG|Industry|Non-Ferrous Metals|Aluminum,MtCO2e/Mt,,,,,,
baseline_noce,EUE,Emissions|GHG|Industry|Non-Metallic Minerals|Cement,MtCO2e/Mt,,,,,,
baseline_noce,EUE,Emission Intensity|GHG|Industry|Non-Ferrous Metals|Aluminum,MtCO2e/Mt,,,,,,
baseline_noce,EUE,Emission Intensity|GHG|Industry|Non-Metallic Minerals|Cement,MtCO2e/Mt,,,,,,
baseline_noce,EUE,Emission Intensity|GHG|Industry|Iron and Steel,MtCO2e/Mt,,,,,,
baseline_noce,EUM,Emissions|GHG|Industry|Iron and Steel,MtCO2e/Mt,,,,,,
baseline_noce,EUM,Emissions|GHG|Industry|Non-Ferrous Metals|Aluminum,MtCO2e/Mt,,,,,,
baseline_noce,EUM,Emissions|GHG|Industry|Non-Metallic Minerals|Cement,MtCO2e/Mt,,,,,,
baseline_noce,EUM,Emission Intensity|GHG|Industry|Non-Ferrous Metals|Aluminum,MtCO2e/Mt,,,,,,
baseline_noce,EUM,Emission Intensity|GHG|Industry|Non-Metallic Minerals|Cement,MtCO2e/Mt,,,,,,
baseline_noce,EUM,Emission Intensity|GHG|Industry|Iron and Steel,MtCO2e/Mt,,,,,,
baseline_noce,EUW,Emissions|GHG|Industry|Iron and Steel,MtCO2e/Mt,,,,,,
baseline_noce,EUW,Emissions|GHG|Industry|Non-Ferrous Metals|Aluminum,MtCO2e/Mt,,,,,,
baseline_noce,EUW,Emissions|GHG|Industry|Non-Metallic Minerals|Cement,MtCO2e/Mt,,,,,,
baseline_noce,EUW,Emission Intensity|GHG|Industry|Non-Ferrous Metals|Aluminum,MtCO2e/Mt,,,,,,
baseline_noce,EUW,Emission Intensity|GHG|Industry|Non-Metallic Minerals|Cement,MtCO2e/Mt,,,,,,
baseline_noce,EUW,Emission Intensity|GHG|Industry|Iron and Steel,MtCO2e/Mt,,,,,,
baseline_noce,IDN,Emissions|GHG|Industry|Iron and Steel,MtCO2e/Mt,,,,,,
baseline_noce,IDN,Emissions|GHG|Industry|Non-Ferrous Metals|Aluminum,MtCO2e/Mt,,,,,,
baseline_noce,IDN,Emissions|GHG|Industry|Non-Metallic Minerals|Cement,MtCO2e/Mt,,,,,,
baseline_noce,IDN,Emission Intensity|GHG|Industry|Non-Ferrous Metals|Aluminum,MtCO2e/Mt,,,,,,
baseline_noce,IDN,Emission Intensity|GHG|Industry|Non-Metallic Minerals|Cement,MtCO2e/Mt,,,,,,
baseline_noce,IDN,Emission Intensity|GHG|Industry|Iron and Steel,MtCO2e/Mt,,,,,,
baseline_noce,IND,Emissions|GHG|Industry|Iron and Steel,MtCO2e/Mt,,,,,,
baseline_noce,IND,Emissions|GHG|Industry|Non-Ferrous Metals|Aluminum,MtCO2e/Mt,,,,,,
baseline_noce,IND,Emissions|GHG|Industry|Non-Metallic Minerals|Cement,MtCO2e/Mt,,,,,,
baseline_noce,IND,Emission Intensity|GHG|Industry|Non-Ferrous Metals|Aluminum,MtCO2e/Mt,,,,,,
baseline_noce,IND,Emission Intensity|GHG|Industry|Non-Metallic Minerals|Cement,MtCO2e/Mt,,,,,,
baseline_noce,IND,Emission Intensity|GHG|Industry|Iron and Steel,MtCO2e/Mt,,,,,,
baseline_noce,JPN,Emissions|GHG|Industry|Iron and Steel,MtCO2e/Mt,,,,,,
baseline_noce,JPN,Emissions|GHG|Industry|Non-Ferrous Metals|Aluminum,MtCO2e/Mt,,,,,,
baseline_noce,JPN,Emissions|GHG|Industry|Non-Metallic Minerals|Cement,MtCO2e/Mt,,,,,,
baseline_noce,JPN,Emission Intensity|GHG|Industry|Non-Ferrous Metals|Aluminum,MtCO2e/Mt,,,,,,
baseline_noce,JPN,Emission Intensity|GHG|Industry|Non-Metallic Minerals|Cement,MtCO2e/Mt,,,,,,
baseline_noce,JPN,Emission Intensity|GHG|Industry|Iron and Steel,MtCO2e/Mt,,,,,,
baseline_noce,LAM,Emissions|GHG|Industry|Iron and Steel,MtCO2e/Mt,,,,,,
baseline_noce,LAM,Emissions|GHG|Industry|Non-Ferrous Metals|Aluminum,MtCO2e/Mt,,,,,,
baseline_noce,LAM,Emissions|GHG|Industry|Non-Metallic Minerals|Cement,MtCO2e/Mt,,,,,,
baseline_noce,LAM,Emission Intensity|GHG|Industry|Non-Ferrous Metals|Aluminum,MtCO2e/Mt,,,,,,
baseline_noce,LAM,Emission Intensity|GHG|Industry|Non-Metallic Minerals|Cement,MtCO2e/Mt,,,,,,
baseline_noce,LAM,Emission Intensity|GHG|Industry|Iron and Steel,MtCO2e/Mt,,,,,,
baseline_noce,MDA,Emissions|GHG|Industry|Iron and Steel,MtCO2e/Mt,,,,,,
baseline_noce,MDA,Emissions|GHG|Industry|Non-Ferrous Metals|Aluminum,MtCO2e/Mt,,,,,,
baseline_noce,MDA,Emissions|GHG|Industry|Non-Metallic Minerals|Cement,MtCO2e/Mt,,,,,,
baseline_noce,MDA,Emission Intensity|GHG|Industry|Non-Ferrous Metals|Aluminum,MtCO2e/Mt,,,,,,
baseline_noce,MDA,Emission Intensity|GHG|Industry|Non-Metallic Minerals|Cement,MtCO2e/Mt,,,,,,
baseline_noce,MDA,Emission Intensity|GHG|Industry|Iron and Steel,MtCO2e/Mt,,,,,,
baseline_noce,MEA,Emissions|GHG|Industry|Iron and Steel,MtCO2e/Mt,,,,,,
baseline_noce,MEA,Emissions|GHG|Industry|Non-Ferrous Metals|Aluminum,MtCO2e/Mt,,,,,,
baseline_noce,MEA,Emissions|GHG|Industry|Non-Metallic Minerals|Cement,MtCO2e/Mt,,,,,,
baseline_noce,MEA,Emission Intensity|GHG|Industry|Non-Ferrous Metals|Aluminum,MtCO2e/Mt,,,,,,
baseline_noce,MEA,Emission Intensity|GHG|Industry|Non-Metallic Minerals|Cement,MtCO2e/Mt,,,,,,
baseline_noce,MEA,Emission Intensity|GHG|Industry|Iron and Steel,MtCO2e/Mt,,,,,,
baseline_noce,MEX,Emissions|GHG|Industry|Iron and Steel,MtCO2e/Mt,,,,,,
baseline_noce,MEX,Emissions|GHG|Industry|Non-Ferrous Metals|Aluminum,MtCO2e/Mt,,,,,,
baseline_noce,MEX,Emissions|GHG|Industry|Non-Metallic Minerals|Cement,MtCO2e/Mt,,,,,,
baseline_noce,MEX,Emission Intensity|GHG|Industry|Non-Ferrous Metals|Aluminum,MtCO2e/Mt,,,,,,
baseline_noce,MEX,Emission Intensity|GHG|Industry|Non-Metallic Minerals|Cement,MtCO2e/Mt,,,,,,
baseline_noce,MEX,Emission Intensity|GHG|Industry|Iron and Steel,MtCO2e/Mt,,,,,,
baseline_noce,NIG,Emissions|GHG|Industry|Iron and Steel,MtCO2e/Mt,,,,,,
baseline_noce,NIG,Emissions|GHG|Industry|Non-Metallic Minerals|Cement,MtCO2e/Mt,,,,,,
baseline_noce,NIG,Emission Intensity|GHG|Industry|Non-Metallic Minerals|Cement,MtCO2e/Mt,,,,,,
baseline_noce,NIG,Emission Intensity|GHG|Industry|Iron and Steel,MtCO2e/Mt,,,,,,
baseline_noce,RUS,Emissions|GHG|Industry|Iron and Steel,MtCO2e/Mt,,,,,,
baseline_noce,RUS,Emissions|GHG|Industry|Non-Ferrous Metals|Aluminum,MtCO2e/Mt,,,,,,
baseline_noce,RUS,Emissions|GHG|Industry|Non-Metallic Minerals|Cement,MtCO2e/Mt,,,,,,
baseline_noce,RUS,Emission Intensity|GHG|Industry|Non-Ferrous Metals|Aluminum,MtCO2e/Mt,,,,,,
baseline_noce,RUS,Emission Intensity|GHG|Industry|Non-Metallic Minerals|Cement,MtCO2e/Mt,,,,,,
baseline_noce,RUS,Emission Intensity|GHG|Industry|Iron and Steel,MtCO2e/Mt,,,,,,
baseline_noce,SKT,Emissions|GHG|Industry|Iron and Steel,MtCO2e/Mt,,,,,,
baseline_noce,SKT,Emissions|GHG|Industry|Non-Ferrous Metals|Aluminum,MtCO2e/Mt,,,,,,
baseline_noce,SKT,Emissions|GHG|Industry|Non-Metallic Minerals|Cement,MtCO2e/Mt,,,,,,
baseline_noce,SKT,Emission Intensity|GHG|Industry|Non-Ferrous Metals|Aluminum,MtCO2e/Mt,,,,,,
baseline_noce,SKT,Emission Intensity|GHG|Industry|Non-Metallic Minerals|Cement,MtCO2e/Mt,,,,,,
baseline_noce,SKT,Emission Intensity|GHG|Industry|Iron and Steel,MtCO2e/Mt,,,,,,
baseline_noce,USA,Emissions|GHG|Industry|Iron and Steel,MtCO2e/Mt,,,,,,
baseline_noce,USA,Emissions|GHG|Industry|Non-Ferrous Metals|Aluminum,MtCO2e/Mt,,,,,,
baseline_noce,USA,Emissions|GHG|Industry|Non-Metallic Minerals|Cement,MtCO2e/Mt,,,,,,
baseline_noce,USA,Emission Intensity|GHG|Industry|Non-Ferrous Metals|Aluminum,MtCO2e/Mt,,,,,,
baseline_noce,USA,Emission Intensity|GHG|Industry|Non-Metallic Minerals|Cement,MtCO2e/Mt,,,,,,
baseline_noce,USA,Emission Intensity|GHG|Industry|Iron and Steel,MtCO2e/Mt,,,,,,
ndc_noce,AFE,Emissions|GHG|Industry|Iron and Steel,MtCO2e/Mt,,,,,,
ndc_noce,AFE,Emissions|GHG|Industry|Non-Ferrous Metals|Aluminum,MtCO2e/Mt,,,,,,
ndc_noce,AFE,Emissions|GHG|Industry|Non-Metallic Minerals|Cement,MtCO2e/Mt,,,,,,
ndc_noce,AFE,Emission Intensity|GHG|Industry|Non-Ferrous Metals|Aluminum,MtCO2e/Mt,,,,,,
ndc_noce,AFE,Emission Intensity|GHG|Industry|Non-Metallic Minerals|Cement,MtCO2e/Mt,,,,,,
ndc_noce,AFE,Emission Intensity|GHG|Industry|Iron and Steel,MtCO2e/Mt,,,,,,
ndc_noce,AFN,Emissions|GHG|Industry|Iron and Steel,MtCO2e/Mt,,,,,,
ndc_noce,AFN,Emissions|GHG|Industry|Non-Ferrous Metals|Aluminum,MtCO2e/Mt,,,,,,
ndc_noce,AFN,Emissions|GHG|Industry|Non-Metallic Minerals|Cement,MtCO2e/Mt,,,,,,
ndc_noce,AFN,Emission Intensity|GHG|Industry|Non-Ferrous Metals|Aluminum,MtCO2e/Mt,,,,,,
ndc_noce,AFN,Emission Intensity|GHG|Industry|Non-Metallic Minerals|Cement,MtCO2e/Mt,,,,,,
ndc_noce,AFN,Emission Intensity|GHG|Industry|Iron and Steel,MtCO2e/Mt,,,,,,
ndc_noce,AFW,Emissions|GHG|Industry|Iron and Steel,MtCO2e/Mt,,,,,,
ndc_noce,AFW,Emissions|GHG|Industry|Non-Ferrous Metals|Aluminum,MtCO2e/Mt,,,,,,
ndc_noce,AFW,Emissions|GHG|Industry|Non-Metallic Minerals|Cement,MtCO2e/Mt,,,,,,
ndc_noce,AFW,Emission Intensity|GHG|Industry|Non-Ferrous Metals|Aluminum,MtCO2e/Mt,,,,,,
ndc_noce,AFW,Emission Intensity|GHG|Industry|Non-Metallic Minerals|Cement,MtCO2e/Mt,,,,,,
ndc_noce,AFW,Emission Intensity|GHG|Industry|Iron and Steel,MtCO2e/Mt,,,,,,
ndc_noce,AFZ,Emissions|GHG|Industry|Iron and Steel,MtCO2e/Mt,,,,,,
ndc_noce,AFZ,Emissions|GHG|Industry|Non-Ferrous Metals|Aluminum,MtCO2e/Mt,,,,,,
ndc_noce,AFZ,Emissions|GHG|Industry|Non-Metallic Minerals|Cement,MtCO2e/Mt,,,,,,
ndc_noce,AFZ,Emission Intensity|GHG|Industry|Non-Ferrous Metals|Aluminum,MtCO2e/Mt,,,,,,
ndc_noce,AFZ,Emission Intensity|GHG|Industry|Non-Metallic Minerals|Cement,MtCO2e/Mt,,,,,,
ndc_noce,AFZ,Emission Intensity|GHG|Industry|Iron and Steel,MtCO2e/Mt,,,,,,
ndc_noce,ANZ,Emissions|GHG|Industry|Iron and Steel,MtCO2e/Mt,,,,,,
ndc_noce,ANZ,Emissions|GHG|Industry|Non-Ferrous Metals|Aluminum,MtCO2e/Mt,,,,,,
ndc_noce,ANZ,Emissions|GHG|Industry|Non-Metallic Minerals|Cement,MtCO2e/Mt,,,,,,
ndc_noce,ANZ,Emission Intensity|GHG|Industry|Non-Ferrous Metals|Aluminum,MtCO2e/Mt,,,,,,
ndc_noce,ANZ,Emission Intensity|GHG|Industry|Non-Metallic Minerals|Cement,MtCO2e/Mt,,,,,,
ndc_noce,ANZ,Emission Intensity|GHG|Industry|Iron and Steel,MtCO2e/Mt,,,,,,
ndc_noce,ASC,Emissions|GHG|Industry|Iron and Steel,MtCO2e/Mt,,,,,,
ndc_noce,ASC,Emissions|GHG|Industry|Non-Ferrous Metals|Aluminum,MtCO2e/Mt,,,,,,
ndc_noce,ASC,Emissions|GHG|Industry|Non-Metallic Minerals|Cement,MtCO2e/Mt,,,,,,
ndc_noce,ASC,Emission Intensity|GHG|Industry|Non-Ferrous Metals|Aluminum,MtCO2e/Mt,,,,,,
ndc_noce,ASC,Emission Intensity|GHG|Industry|Non-Metallic Minerals|Cement,MtCO2e/Mt,,,,,,
ndc_noce,ASC,Emission Intensity|GHG|Industry|Iron and Steel,MtCO2e/Mt,,,,,,
ndc_noce,ASE,Emissions|GHG|Industry|Iron and Steel,MtCO2e/Mt,,,,,,
ndc_noce,ASE,Emissions|GHG|Industry|Non-Ferrous Metals|Aluminum,MtCO2e/Mt,,,,,,
ndc_noce,ASE,Emissions|GHG|Industry|Non-Metallic Minerals|Cement,MtCO2e/Mt,,,,,,
ndc_noce,ASE,Emission Intensity|GHG|Industry|Non-Ferrous Metals|Aluminum,MtCO2e/Mt,,,,,,
ndc_noce,ASE,Emission Intensity|GHG|Industry|Non-Metallic Minerals|Cement,MtCO2e/Mt,,,,,,
ndc_noce,ASE,Emission Intensity|GHG|Industry|Iron and Steel,MtCO2e/Mt,,,,,,
ndc_noce,ASO,Emissions|GHG|Industry|Iron and Steel,MtCO2e/Mt,,,,,,
ndc_noce,ASO,Emissions|GHG|Industry|Non-Ferrous Metals|Aluminum,MtCO2e/Mt,,,,,,
ndc_noce,ASO,Emissions|GHG|Industry|Non-Metallic Minerals|Cement,MtCO2e/Mt,,,,,,
ndc_noce,ASO,Emission Intensity|GHG|Industry|Non-Ferrous Metals|Aluminum,MtCO2e/Mt,,,,,,
ndc_noce,ASO,Emission Intensity|GHG|Industry|Non-Metallic Minerals|Cement,MtCO2e/Mt,,,,,,
ndc_noce,ASO,Emission Intensity|GHG|Industry|Iron and Steel,MtCO2e/Mt,,,,,,
ndc_noce,BRA,Emissions|GHG|Industry|Iron and Steel,MtCO2e/Mt,,,,,,
ndc_noce,BRA,Emissions|GHG|Industry|Non-Ferrous Metals|Aluminum,MtCO2e/Mt,,,,,,
ndc_noce,BRA,Emissions|GHG|Industry|Non-Metallic Minerals|Cement,MtCO2e/Mt,,,,,,
ndc_noce,BRA,Emission Intensity|GHG|Industry|Non-Ferrous Metals|Aluminum,MtCO2e/Mt,,,,,,
ndc_noce,BRA,Emission Intensity|GHG|Industry|Non-Metallic Minerals|Cement,MtCO2e/Mt,,,,,,
ndc_noce,BRA,Emission Intensity|GHG|Industry|Iron and Steel,MtCO2e/Mt,,,,,,
ndc_noce,CAN,Emissions|GHG|Industry|Iron and Steel,MtCO2e/Mt,,,,,,
ndc_noce,CAN,Emissions|GHG|Industry|Non-Ferrous Metals|Aluminum,MtCO2e/Mt,,,,,,
ndc_noce,CAN,Emissions|GHG|Industry|Non-Metallic Minerals|Cement,MtCO2e/Mt,,,,,,
ndc_noce,CAN,Emission Intensity|GHG|Industry|Non-Ferrous Metals|Aluminum,MtCO2e/Mt,,,,,,
ndc_noce,CAN,Emission Intensity|GHG|Industry|Non-Metallic Minerals|Cement,MtCO2e/Mt,,,,,,
ndc_noce,CAN,Emission Intensity|GHG|Industry|Iron and Steel,MtCO2e/Mt,,,,,,
ndc_noce,CHL,Emissions|GHG|Industry|Iron and Steel,MtCO2e/Mt,,,,,,
ndc_noce,CHL,Emissions|GHG|Industry|Non-Ferrous Metals|Aluminum,MtCO2e/Mt,,,,,,
ndc_noce,CHL,Emissions|GHG|Industry|Non-Metallic Minerals|Cement,MtCO2e/Mt,,,,,,
ndc_noce,CHL,Emission Intensity|GHG|Industry|Non-Ferrous Metals|Aluminum,MtCO2e/Mt,,,,,,
ndc_noce,CHL,Emission Intensity|GHG|Industry|Non-Metallic Minerals|Cement,MtCO2e/Mt,,,,,,
ndc_noce,CHL,Emission Intensity|GHG|Industry|Iron and Steel,MtCO2e/Mt,,,,,,
ndc_noce,CHN,Emissions|GHG|Industry|Iron and Steel,MtCO2e/Mt,,,,,,
ndc_noce,CHN,Emissions|GHG|Industry|Non-Ferrous Metals|Aluminum,MtCO2e/Mt,,,,,,
ndc_noce,CHN,Emissions|GHG|Industry|Non-Metallic Minerals|Cement,MtCO2e/Mt,,,,,,
ndc_noce,CHN,Emission Intensity|GHG|Industry|Non-Ferrous Metals|Aluminum,MtCO2e/Mt,,,,,,
ndc_noce,CHN,Emission Intensity|GHG|Industry|Non-Metallic Minerals|Cement,MtCO2e/Mt,,,,,,
ndc_noce,CHN,Emission Intensity|GHG|Industry|Iron and Steel,MtCO2e/Mt,,,,,,
ndc_noce,ENE,Emissions|GHG|Industry|Iron and Steel,MtCO2e/Mt,,,,,,
ndc_noce,ENE,Emissions|GHG|Industry|Non-Ferrous Metals|Aluminum,MtCO2e/Mt,,,,,,
ndc_noce,ENE,Emissions|GHG|Industry|Non-Metallic Minerals|Cement,MtCO2e/Mt,,,,,,
ndc_noce,ENE,Emission Intensity|GHG|Industry|Non-Ferrous Metals|Aluminum,MtCO2e/Mt,,,,,,
ndc_noce,ENE,Emission Intensity|GHG|Industry|Non-Metallic Minerals|Cement,MtCO2e/Mt,,,,,,
ndc_noce,ENE,Emission Intensity|GHG|Industry|Iron and Steel,MtCO2e/Mt,,,,,,
ndc_noce,ENW,Emissions|GHG|Industry|Iron and Steel,MtCO2e/Mt,,,,,,
ndc_noce,ENW,Emissions|GHG|Industry|Non-Ferrous Metals|Aluminum,MtCO2e/Mt,,,,,,
ndc_noce,ENW,Emissions|GHG|Industry|Non-Metallic Minerals|Cement,MtCO2e/Mt,,,,,,
ndc_noce,ENW,Emission Intensity|GHG|Industry|Non-Ferrous Metals|Aluminum,MtCO2e/Mt,,,,,,
ndc_noce,ENW,Emission Intensity|GHG|Industry|Non-Metallic Minerals|Cement,MtCO2e/Mt,,,,,,
ndc_noce,ENW,Emission Intensity|GHG|Industry|Iron and Steel,MtCO2e/Mt,,,,,,
ndc_noce,EUE,Emissions|GHG|Industry|Iron and Steel,MtCO2e/Mt,,,,,,
ndc_noce,EUE,Emissions|GHG|Industry|Non-Ferrous Metals|Aluminum,MtCO2e/Mt,,,,,,
ndc_noce,EUE,Emissions|GHG|Industry|Non-Metallic Minerals|Cement,MtCO2e/Mt,,,,,,
ndc_noce,EUE,Emission Intensity|GHG|Industry|Non-Ferrous Metals|Aluminum,MtCO2e/Mt,,,,,,
ndc_noce,EUE,Emission Intensity|GHG|Industry|Non-Metallic Minerals|Cement,MtCO2e/Mt,,,,,,
ndc_noce,EUE,Emission Intensity|GHG|Industry|Iron and Steel,MtCO2e/Mt,,,,,,
ndc_noce,EUM,Emissions|GHG|Industry|Iron and Steel,MtCO2e/Mt,,,,,,
ndc_noce,EUM,Emissions|GHG|Industry|Non-Ferrous Metals|Aluminum,MtCO2e/Mt,,,,,,
ndc_noce,EUM,Emissions|GHG|Industry|Non-Metallic Minerals|Cement,MtCO2e/Mt,,,,,,
ndc_noce,EUM,Emission Intensity|GHG|Industry|Non-Ferrous Metals|Aluminum,MtCO2e/Mt,,,,,,
ndc_noce,EUM,Emission Intensity|GHG|Industry|Non-Metallic Minerals|Cement,MtCO2e/Mt,,,,,,
ndc_noce,EUM,Emission Intensity|GHG|Industry|Iron and Steel,MtCO2e/Mt,,,,,,
ndc_noce,EUW,Emissions|GHG|Industry|Iron and Steel,MtCO2e/Mt,,,,,,
ndc_noce,EUW,Emissions|GHG|Industry|Non-Ferrous Metals|Aluminum,MtCO2e/Mt,,,,,,
ndc_noce,EUW,Emissions|GHG|Industry|Non-Metallic Minerals|Cement,MtCO2e/Mt,,,,,,
ndc_noce,EUW,Emission Intensity|GHG|Industry|Non-Ferrous Metals|Aluminum,MtCO2e/Mt,,,,,,
ndc_noce,EUW,Emission Intensity|GHG|Industry|Non-Metallic Minerals|Cement,MtCO2e/Mt,,,,,,
ndc_noce,EUW,Emission Intensity|GHG|Industry|Iron and Steel,MtCO2e/Mt,,,,,,
ndc_noce,IDN,Emissions|GHG|Industry|Iron and Steel,MtCO2e/Mt,,,,,,
ndc_noce,IDN,Emissions|GHG|Industry|Non-Ferrous Metals|Aluminum,MtCO2e/Mt,,,,,,
ndc_noce,IDN,Emissions|GHG|Industry|Non-Metallic Minerals|Cement,MtCO2e/Mt,,,,,,
ndc_noce,IDN,Emission Intensity|GHG|Industry|Non-Ferrous Metals|Aluminum,MtCO2e/Mt,,,,,,
ndc_noce,IDN,Emission Intensity|GHG|Industry|Non-Metallic Minerals|Cement,MtCO2e/Mt,,,,,,
ndc_noce,IDN,Emission Intensity|GHG|Industry|Iron and Steel,MtCO2e/Mt,,,,,,
ndc_noce,IND,Emissions|GHG|Industry|Iron and Steel,MtCO2e/Mt,,,,,,
ndc_noce,IND,Emissions|GHG|Industry|Non-Ferrous Metals|Aluminum,MtCO2e/Mt,,,,,,
ndc_noce,IND,Emissions|GHG|Industry|Non-Metallic Minerals|Cement,MtCO2e/Mt,,,,,,
ndc_noce,IND,Emission Intensity|GHG|Industry|Non-Ferrous Metals|Aluminum,MtCO2e/Mt,,,,,,
ndc_noce,IND,Emission Intensity|GHG|Industry|Non-Metallic Minerals|Cement,MtCO2e/Mt,,,,,,
ndc_noce,IND,Emission Intensity|GHG|Industry|Iron and Steel,MtCO2e/Mt,,,,,,
ndc_noce,JPN,Emissions|GHG|Industry|Iron and Steel,MtCO2e/Mt,,,,,,
ndc_noce,JPN,Emissions|GHG|Industry|Non-Ferrous Metals|Aluminum,MtCO2e/Mt,,,,,,
ndc_noce,JPN,Emissions|GHG|Industry|Non-Metallic Minerals|Cement,MtCO2e/Mt,,,,,,
ndc_noce,JPN,Emission Intensity|GHG|Industry|Non-Ferrous Metals|Aluminum,MtCO2e/Mt,,,,,,
ndc_noce,JPN,Emission Intensity|GHG|Industry|Non-Metallic Minerals|Cement,MtCO2e/Mt,,,,,,
ndc_noce,JPN,Emission Intensity|GHG|Industry|Iron and Steel,MtCO2e/Mt,,,,,,
ndc_noce,LAM,Emissions|GHG|Industry|Iron and Steel,MtCO2e/Mt,,,,,,
ndc_noce,LAM,Emissions|GHG|Industry|Non-Ferrous Metals|Aluminum,MtCO2e/Mt,,,,,,
ndc_noce,LAM,Emissions|GHG|Industry|Non-Metallic Minerals|Cement,MtCO2e/Mt,,,,,,
ndc_noce,LAM,Emission Intensity|GHG|Industry|Non-Ferrous Metals|Aluminum,MtCO2e/Mt,,,,,,
ndc_noce,LAM,Emission Intensity|GHG|Industry|Non-Metallic Minerals|Cement,MtCO2e/Mt,,,,,,
ndc_noce,LAM,Emission Intensity|GHG|Industry|Iron and Steel,MtCO2e/Mt,,,,,,
ndc_noce,MDA,Emissions|GHG|Industry|Iron and Steel,MtCO2e/Mt,,,,,,
ndc_noce,MDA,Emissions|GHG|Industry|Non-Ferrous Metals|Aluminum,MtCO2e/Mt,,,,,,
ndc_noce,MDA,Emissions|GHG|Industry|Non-Metallic Minerals|Cement,MtCO2e/Mt,,,,,,
ndc_noce,MDA,Emission Intensity|GHG|Industry|Non-Ferrous Metals|Aluminum,MtCO2e/Mt,,,,,,
ndc_noce,MDA,Emission Intensity|GHG|Industry|Non-Metallic Minerals|Cement,MtCO2e/Mt,,,,,,
ndc_noce,MDA,Emission Intensity|GHG|Industry|Iron and Steel,MtCO2e/Mt,,,,,,
ndc_noce,MEA,Emissions|GHG|Industry|Iron and Steel,MtCO2e/Mt,,,,,,
ndc_noce,MEA,Emissions|GHG|Industry|Non-Ferrous Metals|Aluminum,MtCO2e/Mt,,,,,,
ndc_noce,MEA,Emissions|GHG|Industry|Non-Metallic Minerals|Cement,MtCO2e/Mt,,,,,,
ndc_noce,MEA,Emission Intensity|GHG|Industry|Non-Ferrous Metals|Aluminum,MtCO2e/Mt,,,,,,
ndc_noce,MEA,Emission Intensity|GHG|Industry|Non-Metallic Minerals|Cement,MtCO2e/Mt,,,,,,
ndc_noce,MEA,Emission Intensity|GHG|Industry|Iron and Steel,MtCO2e/Mt,,,,,,
ndc_noce,MEX,Emissions|GHG|Industry|Iron and Steel,MtCO2e/Mt,,,,,,
ndc_noce,MEX,Emissions|GHG|Industry|Non-Ferrous Metals|Aluminum,MtCO2e/Mt,,,,,,
ndc_noce,MEX,Emissions|GHG|Industry|Non-Metallic Minerals|Cement,MtCO2e/Mt,,,,,,
ndc_noce,MEX,Emission Intensity|GHG|Industry|Non-Ferrous Metals|Aluminum,MtCO2e/Mt,,,,,,
ndc_noce,MEX,Emission Intensity|GHG|Industry|Non-Metallic Minerals|Cement,MtCO2e/Mt,,,,,,
ndc_noce,MEX,Emission Intensity|GHG|Industry|Iron and Steel,MtCO2e/Mt,,,,,,
ndc_noce,NIG,Emissions|GHG|Industry|Iron and Steel,MtCO2e/Mt,,,,,,
ndc_noce,NIG,Emissions|GHG|Industry|Non-Ferrous Metals|Aluminum,MtCO2e/Mt,,,,,,
ndc_noce,NIG,Emissions|GHG|Industry|Non-Metallic Minerals|Cement,MtCO2e/Mt,,,,,,
ndc_noce,NIG,Emission Intensity|GHG|Industry|Non-Ferrous Metals|Aluminum,MtCO2e/Mt,,,,,,
ndc_noce,NIG,Emission Intensity|GHG|Industry|Non-Metallic Minerals|Cement,MtCO2e/Mt,,,,,,
ndc_noce,NIG,Emission Intensity|GHG|Industry|Iron and Steel,MtCO2e/Mt,,,,,,
ndc_noce,RUS,Emissions|GHG|Industry|Iron and Steel,MtCO2e/Mt,,,,,,
ndc_noce,RUS,Emissions|GHG|Industry|Non-Ferrous Metals|Aluminum,MtCO2e/Mt,,,,,,
ndc_noce,RUS,Emissions|GHG|Industry|Non-Metallic Minerals|Cement,MtCO2e/Mt,,,,,,
ndc_noce,RUS,Emission Intensity|GHG|Industry|Non-Ferrous Metals|Aluminum,MtCO2e/Mt,,,,,,
ndc_noce,RUS,Emission Intensity|GHG|Industry|Non-Metallic Minerals|Cement,MtCO2e/Mt,,,,,,
ndc_noce,RUS,Emission Intensity|GHG|Industry|Iron and Steel,MtCO2e/Mt,,,,,,
ndc_noce,SKT,Emissions|GHG|Industry|Iron and Steel,MtCO2e/Mt,,,,,,
ndc_noce,SKT,Emissions|GHG|Industry|Non-Ferrous Metals|Aluminum,MtCO2e/Mt,,,,,,
ndc_noce,SKT,Emissions|GHG|Industry|Non-Metallic Minerals|Cement,MtCO2e/Mt,,,,,,
ndc_noce,SKT,Emission Intensity|GHG|Industry|Non-Ferrous Metals|Aluminum,MtCO2e/Mt,,,,,,
ndc_noce,SKT,Emission Intensity|GHG|Industry|Non-Metallic Minerals|Cement,MtCO2e/Mt,,,,,,
ndc_noce,SKT,Emission Intensity|GHG|Industry|Iron and Steel,MtCO2e/Mt,,,,,,
ndc_noce,USA,Emissions|GHG|Industry|Iron and Steel,MtCO2e/Mt,,,,,,
ndc_noce,USA,Emissions|GHG|Industry|Non-Ferrous Metals|Aluminum,MtCO2e/Mt,,,,,,
ndc_noce,USA,Emissions|GHG|Industry|Non-Metallic Minerals|Cement,MtCO2e/Mt,,,,,,
ndc_noce,USA,Emission Intensity|GHG|Industry|Non-Ferrous Metals|Aluminum,MtCO2e/Mt,,,,,,
ndc_noce,USA,Emission Intensity|GHG|Industry|Non-Metallic Minerals|Cement,MtCO2e/Mt,,,,,,
ndc_noce,USA,Emission Intensity|GHG|Industry|Iron and Steel,MtCO2e/Mt,,,,,,
baseline_noce,AFE,Energy Intensity|Industry|Non-Metallic Minerals|Cement,EJ/Mt,0.006310177902504953,0.005841257101488147,0.005326824321707031,0.0052022258448883325,0.0049269295210641285,0.0048770020202379815
baseline_noce,AFE,Energy Intensity|Industry|Iron and Steel,EJ/Mt,0.00510574199497503,0.016377256493699276,0.014215335546516834,0.00914965737032793,0.005105739743933102,0.0021437139868239656
baseline_noce,AFN,Energy Intensity|Industry|Non-Ferrous Metals|Aluminum,EJ/Mt,0.08602157673449375,0.07389186890934656,0.04513456723181614,0.05810942990560725,0.06125003604814042,0.075790950317543
baseline_noce,AFN,Energy Intensity|Industry|Non-Metallic Minerals|Cement,EJ/Mt,0.005791324574545496,0.005599900794529041,0.005377762927148416,0.005194421829073094,0.005030065598085283,0.004777104307517378
baseline_noce,AFN,Energy Intensity|Industry|Iron and Steel,EJ/Mt,0.027842313262395044,0.02039898158081334,0.014088687421955765,0.009554358288870805,0.003533958625911118,0.0038340872627186415
baseline_noce,AFW,Energy Intensity|Industry|Non-Ferrous Metals|Aluminum,EJ/Mt,0.08977990407772818,0.07527251748088797,0.050017396453403765,0.03653665528053356,0.015533194303067164,0.016349574328074
baseline_noce,AFW,Energy Intensity|Industry|Non-Metallic Minerals|Cement,EJ/Mt,0.003521719732374502,0.0037679205431133808,0.003951602413487172,0.004076572163283882,0.00418005104621283,0.004311893447852687
baseline_noce,AFW,Energy Intensity|Industry|Iron and Steel,EJ/Mt,0.005105741856805694,0.002100965214462615,0.002100206737711627,0.0033906713750078052,0.0029084651481110124,0.004123432655410664
baseline_noce,AFZ,Energy Intensity|Industry|Non-Ferrous Metals|Aluminum,EJ/Mt,0.093828423341574,0.07965589799311225,0.05515512505450448,0.04655379732694209,0.04277685029249605,0.04263018378037699
baseline_noce,AFZ,Energy Intensity|Industry|Non-Metallic Minerals|Cement,EJ/Mt,0.005907997463143974,0.005804506764563338,0.0056935186639105245,0.005536761557142268,0.005314013598523274,0.004923840666685529
baseline_noce,AFZ,Energy Intensity|Industry|Iron and Steel,EJ/Mt,0.03522155437081354,0.012155427955178367,0.011203180859632266,0.023704527757268976,0.020727110852832128,0.004195036238879653
baseline_noce,ANZ,Energy Intensity|Industry|Non-Ferrous Metals|Aluminum,EJ/Mt,0.06715340153073848,0.09132101970378673,0.08895614605258816,0.0789147524845545,0.07127387976618137,0.07124797222058786
baseline_noce,ANZ,Energy Intensity|Industry|Non-Metallic Minerals|Cement,EJ/Mt,0.004553439652031978,0.004515414408687346,0.0045914350490244135,0.00462170260789084,0.004653920377176524,0.004756459372919226
baseline_noce,ANZ,Energy Intensity|Industry|Iron and Steel,EJ/Mt,0.030062997439941265,0.018650922531550193,0.00212989125075971,0.002685936835267799,0.0036493171785168727,0.006930001378368247
baseline_noce,ASC,Energy Intensity|Industry|Non-Ferrous Metals|Aluminum,EJ/Mt,0.09154816855136198,0.07760190709843597,0.05194351388452449,0.04129269306097166,0.005993305386544462,0.01595754716767429
baseline_noce,ASC,Energy Intensity|Industry|Non-Metallic Minerals|Cement,EJ/Mt,0.005685897402218693,0.005407319137973256,0.00516743873583174,0.005020513887385371,0.004898362298145222,0.004711893210800435
baseline_noce,ASC,Energy Intensity|Industry|Iron and Steel,EJ/Mt,0.08607278438249975,0.05882409033407063,0.015252654596463288,0.01042964280559231,0.00317423445389473,0.0038338715693014016
baseline_noce,ASE,Energy Intensity|Industry|Non-Ferrous Metals|Aluminum,EJ/Mt,0.06946365586589313,0.04331286997475114,0.036707689009431395,0.03183515754856254,0.027417373293809277,0.02193430002598166
baseline_noce,ASE,Energy Intensity|Industry|Non-Metallic Minerals|Cement,EJ/Mt,0.006930262597918637,0.006490658262070843,0.0061633564806048155,0.005820599690201979,0.005461053437870467,0.004932289651315981
baseline_noce,ASE,Energy Intensity|Industry|Iron and Steel,EJ/Mt,0.0132721601714128,0.002100018971043805,0.0021000094468906017,0.0021000001078976516,0.0021000001364499966,0.0026084213406431284
baseline_noce,ASO,Energy Intensity|Industry|Non-Metallic Minerals|Cement,EJ/Mt,0.003789405756363701,0.003864863706668663,0.003934056438892718,0.003924303287854176,0.0038201742148523867,0.003979077895724665
baseline_noce,ASO,Energy Intensity|Industry|Iron and Steel,EJ/Mt,0.005090841975458356,0.0021000042495271007,0.0020999999999999973,0.0021000004248674284,0.002100000066266451,0.0021000006343035293
baseline_noce,BRA,Energy Intensity|Industry|Non-Ferrous Metals|Aluminum,EJ/Mt,0.016163698112848388,0.0472309528764891,0.043930756161379855,0.03838131581282607,0.050578709701150686,0.07115140776043596
baseline_noce,BRA,Energy Intensity|Industry|Non-Metallic Minerals|Cement,EJ/Mt,0.005171102298095504,0.004698437343205353,0.004341008213704341,0.00381906094551304,0.0036367469866145476,0.0033462440881864533
baseline_noce,BRA,Energy Intensity|Industry|Iron and Steel,EJ/Mt,0.032913533498273057,0.02961922094037314,0.023849257375543755,0.017286670968476178,0.010852692676984676,0.006352301111660304
baseline_noce,CAN,Energy Intensity|Industry|Non-Ferrous Metals|Aluminum,EJ/Mt,0.051923757469650854,0.0700083455233019,0.07071687338602867,0.0810432691138109,0.07298541620370907,0.07142372880210651
baseline_noce,CAN,Energy Intensity|Industry|Non-Metallic Minerals|Cement,EJ/Mt,0.007312923900901275,0.007047482156602275,0.006873716787157795,0.006828994529001344,0.006727655680888769,0.006720093886374273
baseline_noce,CAN,Energy Intensity|Industry|Iron and Steel,EJ/Mt,0.027213506411083267,0.013800347108244957,0.0029186294776031513,0.003544121129173379,0.0037062118889864097,0.006929999999999985
baseline_noce,CHL,Energy Intensity|Industry|Non-Metallic Minerals|Cement,EJ/Mt,0.0027156666406914598,0.002837174242999591,0.0034358977358651894,0.003780954342782074,0.0041029359145486255,0.0047463021149220025
baseline_noce,CHL,Energy Intensity|Industry|Iron and Steel,EJ/Mt,0.015249562637745304,0.008591324764484072,0.016794888223131618,0.011938996169575245,0.00814803430902894,0.006930089324083172
baseline_noce,CHN,Energy Intensity|Industry|Non-Ferrous Metals|Aluminum,EJ/Mt,0.07253850847319668,0.07055763890775951,0.0667060533753802,0.05992668915645459,0.05325066655595202,0.03285656073866198
baseline_noce,CHN,Energy Intensity|Industry|Non-Metallic Minerals|Cement,EJ/Mt,0.004921160903425312,0.00487457418336093,0.004867612034781647,0.004933742677897816,0.004766999391076695,0.004006873444435242
baseline_noce,CHN,Energy Intensity|Industry|Iron and Steel,EJ/Mt,0.032310306031848875,0.030778077440266855,0.03023325062729742,0.02764704258569902,0.020772014878776366,0.004403964938846339
baseline_noce,ENE,Energy Intensity|Industry|Non-Ferrous Metals|Aluminum,EJ/Mt,0.08257494395644166,0.05856184056505818,0.060866574939971184,0.05614793679343023,0.0522357561846288,0.04582896918575773
baseline_noce,ENE,Energy Intensity|Industry|Non-Metallic Minerals|Cement,EJ/Mt,0.006333181244479129,0.006279425197724938,0.005902773719209578,0.005645745488402126,0.005437403118553886,0.00509759335199489
baseline_noce,ENE,Energy Intensity|Industry|Iron and Steel,EJ/Mt,0.02370008619694486,0.013007746500740922,0.013474424810494575,0.026639601742988028,0.028529008782379163,0.021206901052734338
baseline_noce,ENW,Energy Intensity|Industry|Non-Ferrous Metals|Aluminum,EJ/Mt,0.06294833274964365,0.07942262133382057,0.07107805343414732,0.05910506314983943,0.06798019206169924,0.07099999999999992
baseline_noce,ENW,Energy Intensity|Industry|Non-Metallic Minerals|Cement,EJ/Mt,0.007056689341098084,0.00672643454939677,0.0062727785924603634,0.005774700959030571,0.0052791495281475295,0.004616027034095884
baseline_noce,ENW,Energy Intensity|Industry|Iron and Steel,EJ/Mt,0.033245512741645264,0.008112582165922654,0.0023248937881827888,0.0035288509201236193,0.005832606780236491,0.006930002119715197
baseline_noce,EUE,Energy Intensity|Industry|Non-Ferrous Metals|Aluminum,EJ/Mt,0.08564948295537872,0.07209535915595307,0.03901195091413215,0.026616263900105363,0.02318928874827309,0.023023421505833662
baseline_noce,EUE,Energy Intensity|Industry|Non-Metallic Minerals|Cement,EJ/Mt,0.005326596636666895,0.005101459257549844,0.0051204839659851125,0.00486480753171515,0.00460258599278852,0.004110669184549534
baseline_noce,EUE,Energy Intensity|Industry|Iron and Steel,EJ/Mt,0.02764900622511176,0.021742053660381826,0.002812458213543906,0.00284692570422631,0.003780739841389695,0.007970571603808835
baseline_noce,EUM,Energy Intensity|Industry|Non-Ferrous Metals|Aluminum,EJ/Mt,0.024058059531635534,0.03494046584696565,0.04064278518276599,0.03516602754868406,0.06305741406252276,0.07139292730279978
baseline_noce,EUM,Energy Intensity|Industry|Non-Metallic Minerals|Cement,EJ/Mt,0.006530668556997655,0.006159597220950435,0.005663202517687631,0.005329016006665978,0.004975209594245435,0.0041934637016242445
baseline_noce,EUM,Energy Intensity|Industry|Iron and Steel,EJ/Mt,0.018362265354406902,0.016018567489366285,0.007848892748932624,0.0038434788197774816,0.00411418003263641,0.0069300003104426685
baseline_noce,EUW,Energy Intensity|Industry|Non-Ferrous Metals|Aluminum,EJ/Mt,0.03276877975176601,0.021670148666332077,0.02024683330104762,0.020962659353951404,0.01976182248760881,0.037097510768852295
baseline_noce,EUW,Energy Intensity|Industry|Non-Metallic Minerals|Cement,EJ/Mt,0.005300777727383427,0.0052579967665000145,0.00523619795041041,0.004906577134152808,0.004591329200885303,0.0039389247410409785
baseline_noce,EUW,Energy Intensity|Industry|Iron and Steel,EJ/Mt,0.031106004200135432,0.02825907649785371,0.022795242199024807,0.01421530580641896,0.005168048280406234,0.006930000240015341
baseline_noce,IDN,Energy Intensity|Industry|Non-Ferrous Metals|Aluminum,EJ/Mt,0.0811309417288549,0.028064186710489165,0.024826768869523456,0.021165670977052763,0.018877997628608898,0.01602135097599496
baseline_noce,IDN,Energy Intensity|Industry|Non-Metallic Minerals|Cement,EJ/Mt,0.006605606719039733,0.006375692043430392,0.0060561852837616,0.005806993879704946,0.005596888295664676,0.0051236394911779734
baseline_noce,IDN,Energy Intensity|Industry|Iron and Steel,EJ/Mt,0.03048003407835405,0.023554205196807478,0.022978836846634012,0.028633613274931722,0.02229780593687752,0.0023479473503438663
baseline_noce,IND,Energy Intensity|Industry|Non-Ferrous Metals|Aluminum,EJ/Mt,0.06945040144099894,0.06757387427999635,0.06052246597899842,0.054897222074569194,0.05067212378526055,0.04001892383297494
baseline_noce,IND,Energy Intensity|Industry|Non-Metallic Minerals|Cement,EJ/Mt,0.005253724224184488,0.004932044290671136,0.004621223693287802,0.004381250836195024,0.004237656768930738,0.003973763895402748
baseline_noce,IND,Energy Intensity|Industry|Iron and Steel,EJ/Mt,0.038008071835944374,0.03439159999013298,0.02605964714588721,0.021618114611152442,0.018119161539800244,0.015645703295066878
baseline_noce,JPN,Energy Intensity|Industry|Non-Ferrous Metals|Aluminum,EJ/Mt,0.0061269412134548696,0.008266509315197741,0.006126941213454894,0.005762644667704633,0.005137697482752362,0.0032999999999999995
baseline_noce,JPN,Energy Intensity|Industry|Non-Metallic Minerals|Cement,EJ/Mt,0.006075816823065228,0.005998726089316186,0.00603774864145534,0.005843946047124178,0.005366785846488346,0.0045725552729336365
baseline_noce,JPN,Energy Intensity|Industry|Iron and Steel,EJ/Mt,0.03441661100356665,0.0270173144045196,0.021186777155166953,0.007021782634961546,0.005311801467532452,0.007704302890483115
baseline_noce,LAM,Energy Intensity|Industry|Non-Ferrous Metals|Aluminum,EJ/Mt,0.06014395421501153,0.07302014898225422,0.07175944410593242,0.06724997422994845,0.0624057164316004,0.07261394329841545
baseline_noce,LAM,Energy Intensity|Industry|Non-Metallic Minerals|Cement,EJ/Mt,0.005926083025400926,0.005640428022790055,0.005325563990236542,0.004981181019572738,0.004646765293216592,0.0040899566016222065
baseline_noce,LAM,Energy Intensity|Industry|Iron and Steel,EJ/Mt,0.021390227169557775,0.005008494175756418,0.0024913438829689467,0.006352900771339908,0.0021000001342916987,0.002261054187102972
baseline_noce,MDA,Energy Intensity|Industry|Non-Ferrous Metals|Aluminum,EJ/Mt,0.015986622616159293,0.02721610000120942,0.03158319840547388,0.039240686190650194,0.053308708444397904,0.07100000134255911
baseline_noce,MDA,Energy Intensity|Industry|Non-Metallic Minerals|Cement,EJ/Mt,0.006212387520190542,0.00565561132733155,0.005656236056147731,0.005434495712230654,0.005375112847682052,0.0053830555798458565
baseline_noce,MDA,Energy Intensity|Industry|Iron and Steel,EJ/Mt,0.027533931671734856,0.010370668174026593,0.006712875711801033,0.005120350031666052,0.004881649352928707,0.0040599947480213575
baseline_noce,MEA,Energy Intensity|Industry|Non-Ferrous Metals|Aluminum,EJ/Mt,0.09022906218015939,0.08560030287350567,0.08037259890248633,0.0749868448999575,0.06991384306653656,0.07470545602426126
baseline_noce,MEA,Energy Intensity|Industry|Non-Metallic Minerals|Cement,EJ/Mt,0.007065632279177049,0.006634150749253366,0.006451645610324334,0.006249492276734056,0.0060730533466422125,0.005783907568050164
baseline_noce,MEA,Energy Intensity|Industry|Iron and Steel,EJ/Mt,0.022131494799170977,0.017443851109496124,0.006044477530339939,0.009402753445909373,0.0056560997129423305,0.007336001375348416
baseline_noce,MEX,Energy Intensity|Industry|Non-Ferrous Metals|Aluminum,EJ/Mt,0.006126941213454886,0.006126945695870105,0.006126941213454912,0.006126941167796865,0.006126941187685454,0.0062079839034466285
baseline_noce,MEX,Energy Intensity|Industry|Non-Metallic Minerals|Cement,EJ/Mt,0.006514695063076956,0.006080910929439564,0.005609636118273919,0.0052206285962160745,0.004890524743729368,0.004622949555133583
baseline_noce,MEX,Energy Intensity|Industry|Iron and Steel,EJ/Mt,0.01738971499528811,0.018151427743839505,0.013118387422793696,0.0035192595855817257,0.0034507750086088104,0.003549123207080682
baseline_noce,NIG,Energy Intensity|Industry|Non-Metallic Minerals|Cement,EJ/Mt,0.005581162829446881,0.005277181571595321,0.004967054561059246,0.004624942130246781,0.0042658570945738675,0.003784817541300521
baseline_noce,NIG,Energy Intensity|Industry|Iron and Steel,EJ/Mt,0.005105742057419509,0.002100020099407925,0.0021000000000000016,0.002100000387710208,0.0021000001208270865,0.002115762281837209
baseline_noce,RUS,Energy Intensity|Industry|Non-Ferrous Metals|Aluminum,EJ/Mt,0.07128231728728548,0.06567179069788744,0.06254135410496471,0.05792672843670664,0.05471690549950834,0.07497139792633556
baseline_noce,RUS,Energy Intensity|Industry|Non-Metallic Minerals|Cement,EJ/Mt,0.004181998029389377,0.0040761804714428505,0.004302836122902305,0.0041707838879708045,0.004052011693655217,0.00410156860922975
baseline_noce,RUS,Energy Intensity|Industry|Iron and Steel,EJ/Mt,0.058026270943027314,0.04746651843406826,0.03533017371236559,0.009801930608199363,0.005368869836931376,0.00986375751118707
baseline_noce,SKT,Energy Intensity|Industry|Non-Ferrous Metals|Aluminum,EJ/Mt,0.0061269412134548895,0.006126944384828354,0.006126941213454902,0.0056180573859240844,0.00478798762672418,0.0032999999999999987
baseline_noce,SKT,Energy Intensity|Industry|Non-Metallic Minerals|Cement,EJ/Mt,0.006577285025747584,0.006458152009859305,0.006271878409300705,0.00574699459368143,0.005322943360925189,0.004235088471309197
baseline_noce,SKT,Energy Intensity|Industry|Iron and Steel,EJ/Mt,0.028060171985461412,0.028208912010221125,0.022702613707539586,0.013112096117510805,0.005092302147483458,0.0069300001055964434
baseline_noce,USA,Energy Intensity|Industry|Non-Ferrous Metals|Aluminum,EJ/Mt,0.022775256322156972,0.015928149123176624,0.014015751841290693,0.02668403431927219,0.048962552068834264,0.07154425500869722
baseline_noce,USA,Energy Intensity|Industry|Non-Metallic Minerals|Cement,EJ/Mt,0.006958513881134342,0.006638567471101229,0.006118752743576259,0.006055351518254407,0.0058222568896305615,0.005475410996272759
baseline_noce,USA,Energy Intensity|Industry|Iron and Steel,EJ/Mt,0.01943936454537253,0.019971767025205582,0.008105810652701892,0.003729466833256493,0.004964971803230704,0.006929999999999997
ndc_noce,AFE,Energy Intensity|Industry|Non-Ferrous Metals|Aluminum,EJ/Mt,,,0.08155180789651101,0.0761686704122048,0.07710442619920778,0.07806840321488527
ndc_noce,AFE,Energy Intensity|Industry|Non-Metallic Minerals|Cement,EJ/Mt,0.006310177902504953,0.005841257101488149,0.005359813957321625,0.005230463899844982,0.005134767305262753,0.005033262217942491
ndc_noce,AFE,Energy Intensity|Industry|Iron and Steel,EJ/Mt,0.00510574199497503,0.016377256493699276,0.014215378916955337,0.00920618071278542,0.005235339425226772,0.002100103816609657
ndc_noce,AFN,Energy Intensity|Industry|Non-Ferrous Metals|Aluminum,EJ/Mt,0.08602157673449375,0.07389186890934656,0.04640928238476951,0.057484699378819205,0.05875846285749008,0.07842367014623564
ndc_noce,AFN,Energy Intensity|Industry|Non-Metallic Minerals|Cement,EJ/Mt,0.005791324574545496,0.005599900794529041,0.005377762737687613,0.005194421507035928,0.0050300651624048415,0.004777103678158892
ndc_noce,AFN,Energy Intensity|Industry|Iron and Steel,EJ/Mt,0.027842313262395044,0.02039898158081334,0.014088685072715981,0.011363446744290705,0.009266094804955518,0.014528251284686447
ndc_noce,AFW,Energy Intensity|Industry|Non-Ferrous Metals|Aluminum,EJ/Mt,0.08977990407772818,0.07527251748088797,0.05001739354782639,0.036537056037030974,0.025908828855103865,0.051487697534259656
ndc_noce,AFW,Energy Intensity|Industry|Non-Metallic Minerals|Cement,EJ/Mt,0.003521719732374502,0.0037679205431133808,0.00395160171823712,0.004076570861543205,0.004180049268024583,0.004311891180243337
ndc_noce,AFW,Energy Intensity|Industry|Iron and Steel,EJ/Mt,0.005105741856805694,0.002100965214462615,0.0021056959529460032,0.005246348665194053,0.004509774559969653,0.009351745090567819
ndc_noce,AFZ,Energy Intensity|Industry|Non-Ferrous Metals|Aluminum,EJ/Mt,0.093828423341574,0.07965589799311225,0.05515511531134676,0.05726061622871005,0.09027958353820689,0.08791338254651805
ndc_noce,AFZ,Energy Intensity|Industry|Non-Metallic Minerals|Cement,EJ/Mt,0.005907997463143974,0.005804506764563338,0.005693521090560217,0.0055367604972134275,0.00531401202909303,0.005026847973093115
ndc_noce,AFZ,Energy Intensity|Industry|Iron and Steel,EJ/Mt,0.03522155437081354,0.012155427955178367,0.011225094565728833,0.02391139629729592,0.03338575859335628,0.03341785052166976
ndc_noce,ANZ,Energy Intensity|Industry|Non-Ferrous Metals|Aluminum,EJ/Mt,0.06715340153073848,0.09132101970378673,0.0889561162482859,0.08333058409176328,0.0736659494167942,0.07210816793080754
ndc_noce,ANZ,Energy Intensity|Industry|Non-Metallic Minerals|Cement,EJ/Mt,0.004553439652031978,0.004515414408687345,0.004591437411438927,0.004621709338787408,0.004685241412242762,0.0047564597028448095
ndc_noce,ANZ,Energy Intensity|Industry|Iron and Steel,EJ/Mt,0.030062997439941265,0.018650922531550193,0.0021298864804349775,0.0023023439289186053,0.002536389837974019,0.002820269883295983
ndc_noce,ASC,Energy Intensity|Industry|Non-Ferrous Metals|Aluminum,EJ/Mt,0.09154816855136198,0.07760190709843597,0.05194352741272845,0.09018342718670175,0.09011761556993447,0.08356014633652965
ndc_noce,ASC,Energy Intensity|Industry|Non-Metallic Minerals|Cement,EJ/Mt,0.005685897402218693,0.005407319137973256,0.005190651049497525,0.0050418429799549145,0.004918414999272092,0.004729844433633379
ndc_noce,ASC,Energy Intensity|Industry|Iron and Steel,EJ/Mt,0.08607278438249975,0.05882409033407063,0.01663640233215912,0.019626650865100834,0.020132505354781106,0.031629633005789026
ndc_noce,ASE,Energy Intensity|Industry|Non-Ferrous Metals|Aluminum,EJ/Mt,0.06946365586589313,0.04331286997475114,0.036707691728302926,0.03207565844147776,0.028906407428183397,0.02361038842912495
ndc_noce,ASE,Energy Intensity|Industry|Non-Metallic Minerals|Cement,EJ/Mt,0.006930262597918637,0.006490658262070843,0.006315729801387316,0.006037088700788339,0.005717275399052916,0.005134265456542732
ndc_noce,ASE,Energy Intensity|Industry|Iron and Steel,EJ/Mt,0.0132721601714128,0.002100018971043805,0.0021000442267784547,0.002100072012994631,0.0021000771476861234,0.0021001615085977855
ndc_noce,ASO,Energy Intensity|Industry|Non-Ferrous Metals|Aluminum,EJ/Mt,,,0.08328887826634734,0.07279264077987867,0.07358680639833672,0.07689290229415907
ndc_noce,ASO,Energy Intensity|Industry|Non-Metallic Minerals|Cement,EJ/Mt,0.003789405756363701,0.003864863706668663,0.00405638033519072,0.004074716012580961,0.004015446151814047,0.00413851093450892
ndc_noce,ASO,Energy Intensity|Industry|Iron and Steel,EJ/Mt,0.005090841975458356,0.0021000042495271007,0.0021000162445438896,0.0021000341764011404,0.0021000208195044146,0.0021000611977194023
ndc_noce,BRA,Energy Intensity|Industry|Non-Ferrous Metals|Aluminum,EJ/Mt,0.016163698112848388,0.0472309528764891,0.043930748143634984,0.038381369694554565,0.03437826481114781,0.02395788068557149
ndc_noce,BRA,Energy Intensity|Industry|Non-Metallic Minerals|Cement,EJ/Mt,0.005171102298095504,0.004698437343205353,0.004484761574245982,0.004036680480899149,0.0036367557410814243,0.003578388859632747
ndc_noce,BRA,Energy Intensity|Industry|Iron and Steel,EJ/Mt,0.032913533498273057,0.02961922094037314,0.023849254958431418,0.01712462355673192,0.010980125048268584,0.00892178171776608
ndc_noce,CAN,Energy Intensity|Industry|Non-Ferrous Metals|Aluminum,EJ/Mt,0.051923757469650854,0.0700083455233019,0.07271216788936842,0.07126045108587946,0.0813956649708304,0.08115084564067217
ndc_noce,CAN,Energy Intensity|Industry|Non-Metallic Minerals|Cement,EJ/Mt,0.007312923900901275,0.007047482156602275,0.006968286886062583,0.006802441463192532,0.006619374486353698,0.006424602618202595
ndc_noce,CAN,Energy Intensity|Industry|Iron and Steel,EJ/Mt,0.027213506411083267,0.013800347108244957,0.002918635887337628,0.002953711600620982,0.0029896572772441987,0.00325353349720859
ndc_noce,CHL,Energy Intensity|Industry|Non-Ferrous Metals|Aluminum,EJ/Mt,,,0.07898562960520886,0.07383380973452525,0.0754288048780697,0.07689415247697028
ndc_noce,CHL,Energy Intensity|Industry|Non-Metallic Minerals|Cement,EJ/Mt,0.0027156666406914598,0.002837174242999591,0.003435907345829572,0.0037809518169503284,0.004042641930887585,0.004495433523027348
ndc_noce,CHL,Energy Intensity|Industry|Iron and Steel,EJ/Mt,0.015249562637745304,0.008591324764484072,0.016441676185716195,0.011403976098744323,0.005823419027312507,0.0021229729983753384
ndc_noce,CHN,Energy Intensity|Industry|Non-Ferrous Metals|Aluminum,EJ/Mt,0.07253850847319668,0.07055763890775951,0.06670605388296742,0.05992693086800992,0.052299502565508055,0.03695647533824833
ndc_noce,CHN,Energy Intensity|Industry|Non-Metallic Minerals|Cement,EJ/Mt,0.004921160903425312,0.00487457418336093,0.004867612066228443,0.0049337426366158526,0.004766999322430007,0.004391028075607454
ndc_noce,CHN,Energy Intensity|Industry|Iron and Steel,EJ/Mt,0.032310306031848875,0.030778077440266855,0.03016392776268556,0.030151831633390247,0.02842255948652555,0.019841978597934656
ndc_noce,ENE,Energy Intensity|Industry|Non-Ferrous Metals|Aluminum,EJ/Mt,0.08257494395644166,0.05856184056505818,0.06154054878409462,0.06143566702186753,0.060931294895699414,0.05909055998922291
ndc_noce,ENE,Energy Intensity|Industry|Non-Metallic Minerals|Cement,EJ/Mt,0.006333181244479129,0.006279425197724938,0.005902776883013804,0.005645747806839722,0.005437404741573204,0.00509759340886906
ndc_noce,ENE,Energy Intensity|Industry|Iron and Steel,EJ/Mt,0.02370008619694486,0.013007746500740922,0.013474431988225163,0.020928359471674617,0.014974701157157832,0.019547874786787902
ndc_noce,ENW,Energy Intensity|Industry|Non-Ferrous Metals|Aluminum,EJ/Mt,0.06294833274964365,0.07942262133382057,0.07107805503615813,0.06447231520789944,0.050738502651693045,0.07099938888470206
ndc_noce,ENW,Energy Intensity|Industry|Non-Metallic Minerals|Cement,EJ/Mt,0.007056689341098084,0.00672643454939677,0.0062727783237008835,0.005774700747300703,0.00533457569883245,0.004616033111882041
ndc_noce,ENW,Energy Intensity|Industry|Iron and Steel,EJ/Mt,0.033245512741645264,0.008112582165922654,0.0023251260505270316,0.002271882594307199,0.002204053738562595,0.0021037121478053385
ndc_noce,EUE,Energy Intensity|Industry|Non-Ferrous Metals|Aluminum,EJ/Mt,0.08564948295537872,0.07209535915595307,0.03901193779333259,0.027965939142251355,0.02648135487754016,0.016651008914387262
ndc_noce,EUE,Energy Intensity|Industry|Non-Metallic Minerals|Cement,EJ/Mt,0.005326596636666895,0.005101459257549844,0.005155623496045688,0.005053654731682715,0.005019836211835384,0.0049806907815489925
ndc_noce,EUE,Energy Intensity|Industry|Iron and Steel,EJ/Mt,0.02764900622511176,0.021742053660381826,0.0027957883818958405,0.002656791857573069,0.0025548899387979134,0.0034863931160061573
ndc_noce,EUM,Energy Intensity|Industry|Non-Ferrous Metals|Aluminum,EJ/Mt,0.024058059531635534,0.03494046584696565,0.04064278634946878,0.0352191431519111,0.03607103470686883,0.040404511692506175
ndc_noce,EUM,Energy Intensity|Industry|Non-Metallic Minerals|Cement,EJ/Mt,0.006530668556997655,0.006159597220950435,0.0056632025035037135,0.0053290157622396,0.004975209852999631,0.004291679122808544
ndc_noce,EUM,Energy Intensity|Industry|Iron and Steel,EJ/Mt,0.018362265354406902,0.016018567489366285,0.007848921671964796,0.0038436400067549327,0.004063563484487924,0.006930309382065543
ndc_noce,EUW,Energy Intensity|Industry|Non-Ferrous Metals|Aluminum,EJ/Mt,0.03276877975176601,0.021670148666332077,0.020351225586991584,0.02131093668397102,0.021332438091257167,0.018429909743784684
ndc_noce,EUW,Energy Intensity|Industry|Non-Metallic Minerals|Cement,EJ/Mt,0.005300777727383427,0.0052579967665000145,0.005279300973037761,0.005135973444695654,0.0050039530621329474,0.004756548818333225
ndc_noce,EUW,Energy Intensity|Industry|Iron and Steel,EJ/Mt,0.031106004200135432,0.02825907649785371,0.022795241299174852,0.014215304736461667,0.004643604894946162,0.0037200755682267796
ndc_noce,IDN,Energy Intensity|Industry|Non-Ferrous Metals|Aluminum,EJ/Mt,0.0811309417288549,0.028064186710489165,0.025316966530299745,0.03477445603339494,0.0475267315837273,0.08789185373145138
ndc_noce,IDN,Energy Intensity|Industry|Non-Metallic Minerals|Cement,EJ/Mt,0.006605606719039733,0.006375692043430392,0.006056185401675578,0.005806993906283427,0.005596888258472334,0.005246852977340202
ndc_noce,IDN,Energy Intensity|Industry|Iron and Steel,EJ/Mt,0.03048003407835405,0.023554205196807478,0.02483893783459977,0.029498797009430887,0.03331369733221157,0.03264634804181087
ndc_noce,IND,Energy Intensity|Industry|Non-Ferrous Metals|Aluminum,EJ/Mt,0.06945040144099894,0.06757387427999635,0.06068651520077101,0.05502940498295514,0.050785258251256425,0.04011413018030412
ndc_noce,IND,Energy Intensity|Industry|Non-Metallic Minerals|Cement,EJ/Mt,0.005253724224184488,0.004932044290671136,0.00462176091451773,0.004381714482987335,0.004225612739212596,0.003973337324275886
ndc_noce,IND,Energy Intensity|Industry|Iron and Steel,EJ/Mt,0.038008071835944374,0.03439159999013298,0.024637597733190554,0.019490449759985186,0.017025799823137743,0.01567793181323547
ndc_noce,JPN,Energy Intensity|Industry|Non-Ferrous Metals|Aluminum,EJ/Mt,0.0061269412134548696,0.008266509315197741,0.006126944967846012,0.0057627042425277865,0.0051378508164435155,0.0035059968178325577
ndc_noce,JPN,Energy Intensity|Industry|Non-Metallic Minerals|Cement,EJ/Mt,0.006075816823065228,0.005998726089316186,0.006040033260563799,0.005846282154611377,0.005445808598982956,0.004729208250340974
ndc_noce,JPN,Energy Intensity|Industry|Iron and Steel,EJ/Mt,0.03441661100356665,0.0270173144045196,0.021186777071346845,0.007077362606080837,0.0061907441924881085,0.005924934557676783
ndc_noce,LAM,Energy Intensity|Industry|Non-Ferrous Metals|Aluminum,EJ/Mt,0.06014395421501153,0.07302014898225422,0.07277749993004017,0.06846274453806364,0.06379170069959643,0.05129003055619735
ndc_noce,LAM,Energy Intensity|Industry|Non-Metallic Minerals|Cement,EJ/Mt,0.005926083025400926,0.005640428022790055,0.0053639075839945986,0.005155126841667502,0.004989715488748094,0.004725453477026479
ndc_noce,LAM,Energy Intensity|Industry|Iron and Steel,EJ/Mt,0.021390227169557775,0.005008494175756416,0.0024925099727702896,0.00673281206355403,0.0037339867985786146,0.0021009499197879194
ndc_noce,MDA,Energy Intensity|Industry|Non-Ferrous Metals|Aluminum,EJ/Mt,0.015986622616159293,0.02721610000120942,0.0317853393896883,0.03148373019135,0.030351895565645923,0.08155411236915604
ndc_noce,MDA,Energy Intensity|Industry|Non-Metallic Minerals|Cement,EJ/Mt,0.0062123875201905415,0.005655611327331549,0.005666748883316081,0.005556365353662322,0.005450552878933771,0.005267963688662224
ndc_noce,MDA,Energy Intensity|Industry|Iron and Steel,EJ/Mt,0.027533931671734856,0.010370668174026593,0.005073549047013201,0.00992168360133042,0.014089859005849248,0.019848133684520788
ndc_noce,MEA,Energy Intensity|Industry|Non-Ferrous Metals|Aluminum,EJ/Mt,0.09022906218015939,0.08560030287350567,0.0804142018655523,0.07762307338977963,0.0819917657141141,0.07596371216747469
ndc_noce,MEA,Energy Intensity|Industry|Non-Metallic Minerals|Cement,EJ/Mt,0.007065632279177049,0.006634150749253366,0.006451645526604501,0.006249492150488908,0.0060730531803174104,0.005783907325517728
ndc_noce,MEA,Energy Intensity|Industry|Iron and Steel,EJ/Mt,0.022131494799170977,0.017443851109496124,0.00604447959787254,0.008733193689151264,0.011063326651317769,0.014738257478567574
ndc_noce,MEX,Energy Intensity|Industry|Non-Ferrous Metals|Aluminum,EJ/Mt,0.006126941213454886,0.006126945695870105,0.0061269508896076175,0.006124620150518283,0.006121497346984154,0.00611193111975953
ndc_noce,MEX,Energy Intensity|Industry|Non-Metallic Minerals|Cement,EJ/Mt,0.006514695063076956,0.006080910929439568,0.005609636305716787,0.005220628291729546,0.0048905249219246055,0.0042790737572184255
ndc_noce,MEX,Energy Intensity|Industry|Iron and Steel,EJ/Mt,0.01738971499528811,0.018151427743839505,0.013118399020925783,0.0035192881029412443,0.003450776471145303,0.003463476174536531
ndc_noce,NIG,Energy Intensity|Industry|Non-Ferrous Metals|Aluminum,EJ/Mt,,,0.07980064271486187,0.0744525201025039,0.07556267985672013,0.07695674599013351
ndc_noce,NIG,Energy Intensity|Industry|Non-Metallic Minerals|Cement,EJ/Mt,0.005581162829446881,0.005277181571595321,0.005090667699021301,0.00491301917674286,0.004760407083117976,0.004571035230198249
ndc_noce,NIG,Energy Intensity|Industry|Iron and Steel,EJ/Mt,0.005105742057419509,0.002100020099407925,0.0021000443034742394,0.002100166768155616,0.002100133378710211,0.00210009768553257
ndc_noce,RUS,Energy Intensity|Industry|Non-Ferrous Metals|Aluminum,EJ/Mt,0.07128231728728548,0.06567179069788744,0.06254135262983102,0.060008864262649855,0.05515900950221253,0.05281109869102942
ndc_noce,RUS,Energy Intensity|Industry|Non-Metallic Minerals|Cement,EJ/Mt,0.004181998029389377,0.0040761804714428505,0.004302833988568562,0.004170783757343275,0.004052012128985927,0.0038229614983286615
ndc_noce,RUS,Energy Intensity|Industry|Iron and Steel,EJ/Mt,0.058026270943027314,0.04746651843406826,0.03280400883621122,0.009802152784573364,0.006987405870994599,0.004909010720530704
ndc_noce,SKT,Energy Intensity|Industry|Non-Ferrous Metals|Aluminum,EJ/Mt,0.0061269412134548895,0.006126944384828354,0.0061269523895725545,0.006126961875936487,0.006126955245554952,0.0061270037144946325
ndc_noce,SKT,Energy Intensity|Industry|Non-Metallic Minerals|Cement,EJ/Mt,0.006577285025747584,0.006458152009859305,0.006363676391687715,0.0060470371321266515,0.005581301504992259,0.0051091002620086
ndc_noce,SKT,Energy Intensity|Industry|Iron and Steel,EJ/Mt,0.028060171985461412,0.028208912010221125,0.02293347937052652,0.01578132707452646,0.005123614621686523,0.0045268511757698415
ndc_noce,USA,Energy Intensity|Industry|Non-Ferrous Metals|Aluminum,EJ/Mt,0.022775256322156972,0.015928149123176624,0.013826026683148956,0.020703438397054703,0.03645494130009929,0.07130419038500055
ndc_noce,USA,Energy Intensity|Industry|Non-Metallic Minerals|Cement,EJ/Mt,0.006958513881134342,0.006638567471101229,0.006265161315221706,0.005996391062577863,0.005680668391803718,0.0054754110113265
ndc_noce,USA,Energy Intensity|Industry|Iron and Steel,EJ/Mt,0.01943936454537253,0.019971767025205582,0.008105811970530702,0.0037294729418506727,0.0039451497663554385,0.006930003379862925
baseline_noce,AFE,Total Annualised Cost|Industry|Iron and Steel,Millions USD_2010/yr,4.2854717702894325,1928.452666782965,1682.9093998715396,1366.2853122531696,1738.8110733257245,895.1183649236633
baseline_noce,AFE,Total Annualised Cost|Industry|Non-Ferrous Metals|Aluminum,Millions USD_2010/yr,0.0,9.275301185382424e-05,9.275301185382424e-05,9.331237222887377e-05,9.384741590729208e-05,8.793413067329937e-05
baseline_noce,AFE,Total Annualised Cost|Industry|Non-Metallic Minerals|Cement,Millions USD_2010/yr,579.3392349444014,4978.783216723428,7470.042853792808,9313.94555782071,12662.253823942063,15484.703673497215
baseline_noce,AFN,Total Annualised Cost|Industry|Iron and Steel,Millions USD_2010/yr,79.98046184554916,791.1429405384138,718.4276661680669,1315.4470354307473,1865.8434256741339,2211.658338087081
baseline_noce,AFN,Total Annualised Cost|Industry|Non-Ferrous Metals|Aluminum,Millions USD_2010/yr,155.17078143853223,481.93095113287,290.0599740332929,707.7797808922601,1136.3165755338925,1382.2732946991764
baseline_noce,AFN,Total Annualised Cost|Industry|Non-Metallic Minerals|Cement,Millions USD_2010/yr,29877.11404040539,5127.703278688298,8844.66918103562,13627.768868213774,18300.16072200572,24793.10540697786
baseline_noce,AFW,Total Annualised Cost|Industry|Iron and Steel,Millions USD_2010/yr,3.0964740604596646,3.1018766643098172,4.215905224227747,6.587273429710177,13.404832811245482,17.000239620306186
baseline_noce,AFW,Total Annualised Cost|Industry|Non-Ferrous Metals|Aluminum,Millions USD_2010/yr,150.93995210786784,208.15649421509843,161.11940787939523,147.01257756447384,115.9617944721711,136.0958867285308
baseline_noce,AFW,Total Annualised Cost|Industry|Non-Metallic Minerals|Cement,Millions USD_2010/yr,714.4085079438208,3012.962466258347,5154.598446204928,7100.244659590026,10244.272937322263,13555.10919348992
baseline_noce,AFZ,Total Annualised Cost|Industry|Iron and Steel,Millions USD_2010/yr,148098.21028887434,531.2898271568196,916.9484221752732,1239.4496799899052,2056.138065454943,2608.5441113862285
baseline_noce,AFZ,Total Annualised Cost|Industry|Non-Ferrous Metals|Aluminum,Millions USD_2010/yr,1457.9285036423387,2060.7400808192865,3211.840898804425,1714.1905440061066,3643.3986267803175,4030.87387938649
baseline_noce,AFZ,Total Annualised Cost|Industry|Non-Metallic Minerals|Cement,Millions USD_2010/yr,250.18599664663662,801.8020438474596,2555.265899190976,3146.7299502764104,4750.0952001490095,6771.110514848432
baseline_noce,ANZ,Total Annualised Cost|Industry|Iron and Steel,Millions USD_2010/yr,420.07390034573365,617.7121314885827,511.8454020724672,492.8548584271405,674.4390545422852,1260.7121293587986
baseline_noce,ANZ,Total Annualised Cost|Industry|Non-Ferrous Metals|Aluminum,Millions USD_2010/yr,2521.479017849912,2550.3446503267824,3449.4678088862247,2759.5627295009117,3344.879115522225,3542.5311011203107
baseline_noce,ANZ,Total Annualised Cost|Industry|Non-Metallic Minerals|Cement,Millions USD_2010/yr,132.5295549121254,507.24071655696264,1233.1614714138432,1679.3867794212647,1889.489393036618,2858.4574847272397
baseline_noce,ASC,Total Annualised Cost|Industry|Iron and Steel,Millions USD_2010/yr,50.886339459923704,1121.1822702667228,608.2105151760736,763.7057749707182,1329.374516448265,1889.6312673766333
baseline_noce,ASC,Total Annualised Cost|Industry|Non-Ferrous Metals|Aluminum,Millions USD_2010/yr,14.248204680027492,424.4895455891116,335.66641413479584,372.1150115387381,86.21654898445543,326.1534434787832
baseline_noce,ASC,Total Annualised Cost|Industry|Non-Metallic Minerals|Cement,Millions USD_2010/yr,19.696576372691666,2794.604567457663,4920.424069596396,6990.656051271246,9333.814109774845,12040.732181467047
baseline_noce,ASE,Total Annualised Cost|Industry|Iron and Steel,Millions USD_2010/yr,31963.672538543895,320.1912483443418,375.3933971409192,1024.9591002800778,1307.7903889427348,624.9803014754281
baseline_noce,ASE,Total Annualised Cost|Industry|Non-Ferrous Metals|Aluminum,Millions USD_2010/yr,1493.6482432117389,1476.8816319400048,2284.7823944520255,7524.648390278234,11399.438374485426,4841.424828169449
baseline_noce,ASE,Total Annualised Cost|Industry|Non-Metallic Minerals|Cement,Millions USD_2010/yr,1451.6590852445422,9385.403772842988,14394.02322129157,22706.175762576582,29170.756579022942,28010.420705626195
baseline_noce,ASO,Total Annualised Cost|Industry|Iron and Steel,Millions USD_2010/yr,243.59039262268894,485.07168181027157,474.93083616252227,618.3895660487713,872.262355901014,621.1590281769271
baseline_noce,ASO,Total Annualised Cost|Industry|Non-Ferrous Metals|Aluminum,Millions USD_2010/yr,0.0,0.00013997545241897983,0.00014014972928838302,0.00014038793136601424,0.00014074126811049425,0.00013448734603662497
baseline_noce,ASO,Total Annualised Cost|Industry|Non-Metallic Minerals|Cement,Millions USD_2010/yr,1577.820937070744,4920.155114899376,13990.630718502269,25523.45413644314,34370.32530628668,40761.747809212415
baseline_noce,BRA,Total Annualised Cost|Industry|Iron and Steel,Millions USD_2010/yr,150232.37147386544,6900.3970293195225,7987.226964428909,10214.78581430608,13556.16756141484,20713.938077457366
baseline_noce,BRA,Total Annualised Cost|Industry|Non-Ferrous Metals|Aluminum,Millions USD_2010/yr,13094.744222280175,2529.9441060040244,2183.9739789150694,2156.719254559968,3651.9489939855116,6415.58512572468
baseline_noce,BRA,Total Annualised Cost|Industry|Non-Metallic Minerals|Cement,Millions USD_2010/yr,36151.45113688439,8027.831572442039,10247.934750352435,12123.001559861263,14263.803650081405,18968.014099430755
baseline_noce,CAN,Total Annualised Cost|Industry|Iron and Steel,Millions USD_2010/yr,1368.8601605691927,871.4313543595322,4269.6964919703,1407.4132430348889,2105.645867422088,3307.976537022747
baseline_noce,CAN,Total Annualised Cost|Industry|Non-Ferrous Metals|Aluminum,Millions USD_2010/yr,0.3552940717166244,3482.72058470273,26105.69880299985,5694.399884899129,7702.295435932508,5105.1751966376505
baseline_noce,CAN,Total Annualised Cost|Industry|Non-Metallic Minerals|Cement,Millions USD_2010/yr,18.080062502229662,911.6805167851367,3054.3102622062247,2438.326616406461,3231.723031302661,5051.57384320156
baseline_noce,CHL,Total Annualised Cost|Industry|Iron and Steel,Millions USD_2010/yr,87.02567464478236,126.25419311417893,56.54729628877764,103.07100993086593,161.40202785639607,298.99795800208875
baseline_noce,CHL,Total Annualised Cost|Industry|Non-Ferrous Metals|Aluminum,Millions USD_2010/yr,0.0,0.00014160427906830808,0.00014177855631027848,0.0001420167583712345,0.00014237009508178168,0.00013599002982033227
baseline_noce,CHL,Total Annualised Cost|Industry|Non-Metallic Minerals|Cement,Millions USD_2010/yr,96.33642825733888,189.66536603817482,498.4788877522998,625.8306968964201,847.3507458825165,1407.7552457685927
baseline_noce,CHN,Total Annualised Cost|Industry|Iron and Steel,Millions USD_2010/yr,2494.3000771843854,90319.19870130169,93738.8815334814,93862.49925244275,139274.4168714216,187726.52046626518
baseline_noce,CHN,Total Annualised Cost|Industry|Non-Ferrous Metals|Aluminum,Millions USD_2010/yr,313.2464262650776,48267.50140353087,63408.65712042143,60366.525976999306,73175.59364962812,50501.06935029768
baseline_noce,CHN,Total Annualised Cost|Industry|Non-Metallic Minerals|Cement,Millions USD_2010/yr,795.9405766054732,27440.172624564628,34683.2948034953,41067.16414070979,93034.18564342646,182682.87181065246
baseline_noce,ENE,Total Annualised Cost|Industry|Iron and Steel,Millions USD_2010/yr,2660.467291312921,1707.7032320949684,2155.2383108824265,3151.162605322447,4682.495348577914,3561.0307920436
baseline_noce,ENE,Total Annualised Cost|Industry|Non-Ferrous Metals|Aluminum,Millions USD_2010/yr,105.40766219123861,127.0224610190553,168.512111070802,173.08966100708733,285.1168199954124,337.1114154758003
baseline_noce,ENE,Total Annualised Cost|Industry|Non-Metallic Minerals|Cement,Millions USD_2010/yr,292.388866920648,760.5784466852588,1980.5413641288517,2751.792703619439,3701.69348525289,4711.045949147217
baseline_noce,ENW,Total Annualised Cost|Industry|Iron and Steel,Millions USD_2010/yr,465901.5847006459,454.90471578891714,595.3863777001387,512.8247033282653,961.0603286720194,961.2827679909399
baseline_noce,ENW,Total Annualised Cost|Industry|Non-Ferrous Metals|Aluminum,Millions USD_2010/yr,2761.7535094174227,6542.439059221844,8082.503035851902,3326.1759829508114,3389.8980086003307,1514.1838011360137
baseline_noce,ENW,Total Annualised Cost|Industry|Non-Metallic Minerals|Cement,Millions USD_2010/yr,2127.915651929337,870.833569915142,1486.710467971206,1712.4463148476088,2322.324783053587,3351.182085992072
baseline_noce,EUE,Total Annualised Cost|Industry|Iron and Steel,Millions USD_2010/yr,1245.6260360239403,1036.859924159016,1761.4565445049639,1645.1194097239177,2832.409606582396,2900.5283117309828
baseline_noce,EUE,Total Annualised Cost|Industry|Non-Ferrous Metals|Aluminum,Millions USD_2010/yr,642.1387817049846,2256.7748921047596,1978.7239335236482,1384.371686396562,1705.216635590274,1729.5116799577463
baseline_noce,EUE,Total Annualised Cost|Industry|Non-Metallic Minerals|Cement,Millions USD_2010/yr,673.3784931697646,2621.6197286981755,5506.270640177804,6898.88947634832,8491.677472949163,10455.169619549313
baseline_noce,EUM,Total Annualised Cost|Industry|Iron and Steel,Millions USD_2010/yr,3091.678812929593,5967.225720263672,6942.583164591778,6211.9559887533715,7173.53269778597,10239.087470718252
baseline_noce,EUM,Total Annualised Cost|Industry|Non-Ferrous Metals|Aluminum,Millions USD_2010/yr,802.5726783333271,1624.6221296878653,3633.118056193668,3043.7678038469426,5676.168228571241,5517.481101145873
baseline_noce,EUM,Total Annualised Cost|Industry|Non-Metallic Minerals|Cement,Millions USD_2010/yr,1429.4431495559138,5371.090815444767,7298.254385305932,8834.84923646732,10569.95423972837,15040.758199153466
baseline_noce,EUW,Total Annualised Cost|Industry|Iron and Steel,Millions USD_2010/yr,791.8875474764346,8922.478785595144,10182.599700232722,7945.215887984568,10556.966414638518,13555.864916177941
baseline_noce,EUW,Total Annualised Cost|Industry|Non-Ferrous Metals|Aluminum,Millions USD_2010/yr,41.553721339491595,2492.365533636255,3497.6561292712236,3336.932903720598,4523.932316608017,10207.340095414034
baseline_noce,EUW,Total Annualised Cost|Industry|Non-Metallic Minerals|Cement,Millions USD_2010/yr,418.21030054092716,2206.8117409784027,4857.637790483633,5996.388560269232,7702.09777961042,10731.005000023826
baseline_noce,IDN,Total Annualised Cost|Industry|Iron and Steel,Millions USD_2010/yr,977180.5226387312,3516.0159602022395,4014.9592825213767,5020.175300469291,5862.02246560151,5770.406525494295
baseline_noce,IDN,Total Annualised Cost|Industry|Non-Ferrous Metals|Aluminum,Millions USD_2010/yr,503.9894343826372,278.09958902308233,515.5320223042985,605.8187387273173,1120.2009684447103,1324.4437784089675
baseline_noce,IDN,Total Annualised Cost|Industry|Non-Metallic Minerals|Cement,Millions USD_2010/yr,3182.118222041164,11137.209378788313,20842.890433433957,29367.255725059782,39204.9543990464,52686.2492044307
baseline_noce,IND,Total Annualised Cost|Industry|Iron and Steel,Millions USD_2010/yr,512.2295522785791,23683.149984891777,68190.9001616869,87671.69345968816,192065.3051100952,312212.84496577556
baseline_noce,IND,Total Annualised Cost|Industry|Non-Ferrous Metals|Aluminum,Millions USD_2010/yr,37.780540687250685,10057.730106575778,33570.42083487871,33540.055328954535,51813.02955010379,34670.439481532616
baseline_noce,IND,Total Annualised Cost|Industry|Non-Metallic Minerals|Cement,Millions USD_2010/yr,1245.2890569297401,39593.0204422129,91973.38705537356,118641.42832606274,148242.23191596646,156576.73144693428
baseline_noce,JPN,Total Annualised Cost|Industry|Iron and Steel,Millions USD_2010/yr,2727.6558306851275,14309.724202488193,30992.6857372347,30188.995089471544,37232.05566123078,48478.42201954659
baseline_noce,JPN,Total Annualised Cost|Industry|Non-Ferrous Metals|Aluminum,Millions USD_2010/yr,12.035242970089824,226.03935692941278,139.46587158052648,104.40626917497175,143.26458742605175,234.33512750691236
baseline_noce,JPN,Total Annualised Cost|Industry|Non-Metallic Minerals|Cement,Millions USD_2010/yr,418.1501662248565,1202.3908761226126,4357.4870057764265,5533.242784663067,8336.743561832114,12014.780868523972
baseline_noce,LAM,Total Annualised Cost|Industry|Iron and Steel,Millions USD_2010/yr,429.7800373215245,661.2875320464774,1166.4274929496394,1446.3319711924937,2889.2086547405574,2804.555440159469
baseline_noce,LAM,Total Annualised Cost|Industry|Non-Ferrous Metals|Aluminum,Millions USD_2010/yr,681.7519747731828,654.263991455929,1036.9228146861074,1014.2602139725994,1589.712840890856,1075.1243177755891
baseline_noce,LAM,Total Annualised Cost|Industry|Non-Metallic Minerals|Cement,Millions USD_2010/yr,1362.9944826986275,4525.783510714636,8452.18348503029,11595.04460533458,15736.504184872294,18715.325986329986
baseline_noce,MDA,Total Annualised Cost|Industry|Iron and Steel,Millions USD_2010/yr,2018.6280819778183,1522.0770539655884,2296.7454613740697,3210.6001903851898,4345.5391520236335,7195.889925349947
baseline_noce,MDA,Total Annualised Cost|Industry|Non-Ferrous Metals|Aluminum,Millions USD_2010/yr,107.3947451361464,326.76315609019775,427.8531262124568,688.3292755836223,1131.9440772091755,1655.5079544393118
baseline_noce,MDA,Total Annualised Cost|Industry|Non-Metallic Minerals|Cement,Millions USD_2010/yr,1434.431528714511,10241.866726291983,14283.969556857719,16979.36267620003,19416.709032721286,26685.77882595039
baseline_noce,MEA,Total Annualised Cost|Industry|Iron and Steel,Millions USD_2010/yr,222.1835181340654,2160.3995977982254,4439.588870694589,2963.877690788934,5434.138771280028,5019.260544458643
baseline_noce,MEA,Total Annualised Cost|Industry|Non-Ferrous Metals|Aluminum,Millions USD_2010/yr,2.5647587347263183,6420.7372386966745,21707.185774174868,9498.068652060827,18928.458089112344,21376.12541828344
baseline_noce,MEA,Total Annualised Cost|Industry|Non-Metallic Minerals|Cement,Millions USD_2010/yr,0.4871048770730433,14751.69324328159,26436.73527880985,27825.626814738436,36181.7348404436,44780.738879128476
baseline_noce,MEX,Total Annualised Cost|Industry|Iron and Steel,Millions USD_2010/yr,203864.2476957183,1349.9295712469498,2010.4477569009007,3833.562208000739,5321.384069737112,4009.9940411782227
baseline_noce,MEX,Total Annualised Cost|Industry|Non-Ferrous Metals|Aluminum,Millions USD_2010/yr,0.16141417434827168,32.07396566513544,64.6435409041089,55.32024538770713,76.957523712233,72.45879736398959
baseline_noce,MEX,Total Annualised Cost|Industry|Non-Metallic Minerals|Cement,Millions USD_2010/yr,1220.656346530782,3960.3255017407682,6723.309468198337,8625.933550823442,10314.616881236623,11067.938216646475
baseline_noce,NIG,Total Annualised Cost|Industry|Iron and Steel,Millions USD_2010/yr,0.003925246169272042,123.06031864268311,148.1502095104304,206.18234170945482,366.72290511259354,312.14033029752727
baseline_noce,NIG,Total Annualised Cost|Industry|Non-Ferrous Metals|Aluminum,Millions USD_2010/yr,0.0,0.00014165644066694495,0.0001418307173472482,0.00014206891950909056,0.00014242225638204657,0.00013603810428107962
baseline_noce,NIG,Total Annualised Cost|Industry|Non-Metallic Minerals|Cement,Millions USD_2010/yr,18280.273436062624,2020.6533088015153,2975.6119214165956,4467.551551328358,6852.850550540538,9502.664642839658
baseline_noce,RUS,Total Annualised Cost|Industry|Iron and Steel,Millions USD_2010/yr,24.72095719928815,10352.367731970746,9092.442728846909,26796.04999466631,34633.37859139553,19280.647227516252
baseline_noce,RUS,Total Annualised Cost|Industry|Non-Ferrous Metals|Aluminum,Millions USD_2010/yr,1.0558355083224045,3481.4656096066537,3498.1320195477006,18266.640069459503,24750.612818528378,11984.497880929328
baseline_noce,RUS,Total Annualised Cost|Industry|Non-Metallic Minerals|Cement,Millions USD_2010/yr,0.8417786830584539,3338.678037139943,6432.075684016176,11236.130038388088,14003.442527972466,12833.060711876742
baseline_noce,SKT,Total Annualised Cost|Industry|Iron and Steel,Millions USD_2010/yr,2963460.592991338,10557.217317127312,9366.475067327096,16749.973643742815,19621.2671413762,34643.7269826704
baseline_noce,SKT,Total Annualised Cost|Industry|Non-Ferrous Metals|Aluminum,Millions USD_2010/yr,23.190920194367763,37.17600926952239,44.18494036468999,86.9940939973976,195.0475830660168,527.0803402132126
baseline_noce,SKT,Total Annualised Cost|Industry|Non-Metallic Minerals|Cement,Millions USD_2010/yr,533.1121547740058,2188.4537493609387,2589.640113975119,4389.707662229804,5926.21762254992,9709.579087345619
baseline_noce,USA,Total Annualised Cost|Industry|Iron and Steel,Millions USD_2010/yr,276.96609442326127,11598.269641909568,31281.43506797246,9793.577136654196,12291.014288071092,16205.30235190512
baseline_noce,USA,Total Annualised Cost|Industry|Non-Ferrous Metals|Aluminum,Millions USD_2010/yr,92.19659490813956,2136.7345020614043,8612.739803770151,5065.166007700402,9980.515652821443,15968.272001939562
baseline_noce,USA,Total Annualised Cost|Industry|Non-Metallic Minerals|Cement,Millions USD_2010/yr,320.81700428627096,5997.334826448433,17850.35331853803,11734.268297603849,15012.690794870156,25894.722607587246
ndc_noce,AFE,Total Annualised Cost|Industry|Iron and Steel,Millions USD_2010/yr,4.2854717702894325,1928.452666782965,1732.0623782848525,1383.327225720674,1446.771304211086,875.6697342267306
ndc_noce,AFE,Total Annualised Cost|Industry|Non-Ferrous Metals|Aluminum,Millions USD_2010/yr,0.0,9.275301185382424e-05,0.0009205749210279519,0.002480842730450367,0.003395022673566889,0.004784325412706196
ndc_noce,AFE,Total Annualised Cost|Industry|Non-Metallic Minerals|Cement,Millions USD_2010/yr,579.3392349444014,4978.783216723428,7574.3870477057635,9614.271589721977,12269.748311394804,15032.726831592212
ndc_noce,AFN,Total Annualised Cost|Industry|Iron and Steel,Millions USD_2010/yr,79.98046184554916,791.1429405384138,665.3382110230295,1177.701498777861,1372.1288068575907,2131.7953575863116
ndc_noce,AFN,Total Annualised Cost|Industry|Non-Ferrous Metals|Aluminum,Millions USD_2010/yr,155.17078143853223,481.93095113287,246.73553903201233,576.025377372349,711.2599445417012,1189.6718459515582
ndc_noce,AFN,Total Annualised Cost|Industry|Non-Metallic Minerals|Cement,Millions USD_2010/yr,29877.11404040539,5127.703278688298,8742.603857326729,13383.502155391492,17329.942412004617,24237.488272063092
ndc_noce,AFW,Total Annualised Cost|Industry|Iron and Steel,Millions USD_2010/yr,3.0964740604596646,3.1018766643098172,4.262223461211264,6.317181730080718,8.334266682109066,11.593358956111324
ndc_noce,AFW,Total Annualised Cost|Industry|Non-Ferrous Metals|Aluminum,Millions USD_2010/yr,150.93995210786784,208.15649421509843,163.3272052905989,147.72148783370275,152.3511107380785,450.6970410369091
ndc_noce,AFW,Total Annualised Cost|Industry|Non-Metallic Minerals|Cement,Millions USD_2010/yr,714.4085079438208,3012.962466258347,5167.270393817959,7214.416134478379,10062.889704157687,13747.219605095019
ndc_noce,AFZ,Total Annualised Cost|Industry|Iron and Steel,Millions USD_2010/yr,148098.21028887434,531.2898271568196,1123.3122460722996,1097.8482863699016,1576.9175767842567,2057.787847434238
ndc_noce,AFZ,Total Annualised Cost|Industry|Non-Ferrous Metals|Aluminum,Millions USD_2010/yr,1457.9285036423387,2060.7400808192865,4219.365857883126,2381.609928199395,5009.779162356319,6749.13865049488
ndc_noce,AFZ,Total Annualised Cost|Industry|Non-Metallic Minerals|Cement,Millions USD_2010/yr,250.18599664663662,801.8020438474596,2781.692116177641,3168.3683876906434,4407.578603012654,6607.511990626487
ndc_noce,ANZ,Total Annualised Cost|Industry|Iron and Steel,Millions USD_2010/yr,420.07390034573365,617.7121314885827,529.8235697744766,367.10059756960607,357.5299778220585,334.295841493483
ndc_noce,ANZ,Total Annualised Cost|Industry|Non-Ferrous Metals|Aluminum,Millions USD_2010/yr,2521.479017849912,2550.3446503267824,3609.1558086425025,2516.5422464869284,3187.2162547057424,3463.4953972217722
ndc_noce,ANZ,Total Annualised Cost|Industry|Non-Metallic Minerals|Cement,Millions USD_2010/yr,132.5295549121254,507.24071655696264,1246.0955247682803,1664.7336947610588,2351.238530891634,2765.3198309441564
ndc_noce,ASC,Total Annualised Cost|Industry|Iron and Steel,Millions USD_2010/yr,50.886339459923704,1121.1822702667228,620.870111352498,884.1608601108891,1023.23674787035,1823.5878359979215
ndc_noce,ASC,Total Annualised Cost|Industry|Non-Ferrous Metals|Aluminum,Millions USD_2010/yr,14.248204680027492,424.4895455891116,336.2813307066977,1155.3387089352107,1397.4180790596222,1717.5678515435602
ndc_noce,ASC,Total Annualised Cost|Industry|Non-Metallic Minerals|Cement,Millions USD_2010/yr,19.696576372691666,2794.604567457663,4924.979032363608,6978.5501263393835,8633.99034337566,11413.694536284995
ndc_noce,ASE,Total Annualised Cost|Industry|Iron and Steel,Millions USD_2010/yr,31963.672538543895,320.1912483443418,405.56988429525654,538.1329023079849,663.2353848740881,484.0184671709276
ndc_noce,ASE,Total Annualised Cost|Industry|Non-Ferrous Metals|Aluminum,Millions USD_2010/yr,1493.6482432117389,1476.8816319400048,2477.6398553213735,3898.7487869113743,5380.692362116503,4359.331986733742
ndc_noce,ASE,Total Annualised Cost|Industry|Non-Metallic Minerals|Cement,Millions USD_2010/yr,1451.6590852445422,9385.403772842988,14548.572284364207,19216.44741274065,23290.144451414948,27784.381101201685
ndc_noce,ASO,Total Annualised Cost|Industry|Iron and Steel,Millions USD_2010/yr,243.59039262268894,485.07168181027157,452.1302380167265,588.0332203006175,822.3502135224879,615.6088836819416
ndc_noce,ASO,Total Annualised Cost|Industry|Non-Ferrous Metals|Aluminum,Millions USD_2010/yr,0.0,0.00013997545241897983,0.0014105331795174203,0.006292927065469735,0.0075024467185907315,0.006679470145934816
ndc_noce,ASO,Total Annualised Cost|Industry|Non-Metallic Minerals|Cement,Millions USD_2010/yr,1577.820937070744,4920.155114899376,14150.089358969817,25397.418926080518,33904.68694969662,40642.34640255394
ndc_noce,BRA,Total Annualised Cost|Industry|Iron and Steel,Millions USD_2010/yr,150232.37147386544,6900.3970293195225,7957.67255034717,10178.354636664533,13370.729985537713,17662.32780366592
ndc_noce,BRA,Total Annualised Cost|Industry|Non-Ferrous Metals|Aluminum,Millions USD_2010/yr,13094.744222280175,2529.9441060040244,2147.295888460612,2214.9013123612986,2082.50878648404,1629.0207365274682
ndc_noce,BRA,Total Annualised Cost|Industry|Non-Metallic Minerals|Cement,Millions USD_2010/yr,36151.45113688439,8027.831572442039,9729.855334614998,11940.86078268822,13390.90202482968,16786.100031670463
ndc_noce,CAN,Total Annualised Cost|Industry|Iron and Steel,Millions USD_2010/yr,1368.8601605691927,871.4313543595322,3196.9760660497286,1235.4510073616768,1089.3034929062221,967.3820839944487
ndc_noce,CAN,Total Annualised Cost|Industry|Non-Ferrous Metals|Aluminum,Millions USD_2010/yr,0.3552940717166244,3482.72058470273,18203.686139719335,5291.868343071081,4909.996626466857,3702.2441386793794
ndc_noce,CAN,Total Annualised Cost|Industry|Non-Metallic Minerals|Cement,Millions USD_2010/yr,18.080062502229662,911.6805167851367,2581.4677872774255,2331.556025844356,2696.61886761445,3784.4685640241087
ndc_noce,CHL,Total Annualised Cost|Industry|Iron and Steel,Millions USD_2010/yr,87.02567464478236,126.25419311417893,62.74234587761397,62.98076274872981,59.9795446398799,71.29779569321191
ndc_noce,CHL,Total Annualised Cost|Industry|Non-Ferrous Metals|Aluminum,Millions USD_2010/yr,0.0,0.00014160427906830808,0.0013152736211754874,0.0030098146443238456,0.004139851598176861,0.006562534556826496
ndc_noce,CHL,Total Annualised Cost|Industry|Non-Metallic Minerals|Cement,Millions USD_2010/yr,96.33642825733888,189.66536603817482,483.2213665048596,621.3012708828003,766.776563354793,1024.5744675065732
ndc_noce,CHN,Total Annualised Cost|Industry|Iron and Steel,Millions USD_2010/yr,2494.3000771843854,90319.19870130169,94090.95495995431,91408.98880692357,97296.85650813229,110602.96310088813
ndc_noce,CHN,Total Annualised Cost|Industry|Non-Ferrous Metals|Aluminum,Millions USD_2010/yr,313.2464262650776,48267.50140353087,63316.37163433329,57866.40865933808,53582.785001562384,40363.28100615447
ndc_noce,CHN,Total Annualised Cost|Industry|Non-Metallic Minerals|Cement,Millions USD_2010/yr,795.9405766054732,27440.172624564628,34990.73264385988,41399.73639477207,87781.53642787068,168920.93989958437
ndc_noce,ENE,Total Annualised Cost|Industry|Iron and Steel,Millions USD_2010/yr,2660.467291312921,1707.7032320949684,2344.7730991481944,2308.193911356812,2036.8802600595263,2661.946539483521
ndc_noce,ENE,Total Annualised Cost|Industry|Non-Ferrous Metals|Aluminum,Millions USD_2010/yr,105.40766219123861,127.0224610190553,181.15370671070986,164.29702288892958,200.5412498056968,261.0231153170907
ndc_noce,ENE,Total Annualised Cost|Industry|Non-Metallic Minerals|Cement,Millions USD_2010/yr,292.388866920648,760.5784466852588,2014.138806695031,2708.7946374254534,3441.0038629566525,4552.153269679172
ndc_noce,ENW,Total Annualised Cost|Industry|Iron and Steel,Millions USD_2010/yr,465901.5847006459,454.90471578891714,631.7807383180832,274.520077932526,251.56775663653585,236.66167888417854
ndc_noce,ENW,Total Annualised Cost|Industry|Non-Ferrous Metals|Aluminum,Millions USD_2010/yr,2761.7535094174227,6542.439059221844,8595.363153836568,2741.684833219088,1856.033382248533,1146.50501274057
ndc_noce,ENW,Total Annualised Cost|Industry|Non-Metallic Minerals|Cement,Millions USD_2010/yr,2127.915651929337,870.833569915142,1509.295640538693,1682.9429289527106,2230.367379030172,3237.419520559797
ndc_noce,EUE,Total Annualised Cost|Industry|Iron and Steel,Millions USD_2010/yr,1245.6260360239403,1036.859924159016,1798.666423661972,1409.2974737481898,1393.4397755065631,1264.6257723396525
ndc_noce,EUE,Total Annualised Cost|Industry|Non-Ferrous Metals|Aluminum,Millions USD_2010/yr,642.1387817049846,2256.7748921047596,2073.8502505921383,1239.6209210036905,1228.9656877177822,720.0927531420199
ndc_noce,EUE,Total Annualised Cost|Industry|Non-Metallic Minerals|Cement,Millions USD_2010/yr,673.3784931697646,2621.6197286981755,5648.073611203827,6763.3619516399485,8520.50147437021,11331.800481175165
ndc_noce,EUM,Total Annualised Cost|Industry|Iron and Steel,Millions USD_2010/yr,3091.678812929593,5967.225720263672,7160.063739250745,5862.072364217359,6521.729787969397,9659.659741293943
ndc_noce,EUM,Total Annualised Cost|Industry|Non-Ferrous Metals|Aluminum,Millions USD_2010/yr,802.5726783333271,1624.6221296878653,3678.8513198548944,2869.780042023074,2837.9482876259663,2824.9192805079997
ndc_noce,EUM,Total Annualised Cost|Industry|Non-Metallic Minerals|Cement,Millions USD_2010/yr,1429.4431495559138,5371.090815444767,7331.4673802379875,8919.901677418567,10607.606706740758,13964.776842724792
ndc_noce,EUW,Total Annualised Cost|Industry|Iron and Steel,Millions USD_2010/yr,791.8875474764346,8922.478785595144,10462.839656199183,7849.491798578183,7597.800938359221,6577.676214193182
ndc_noce,EUW,Total Annualised Cost|Industry|Non-Ferrous Metals|Aluminum,Millions USD_2010/yr,41.553721339491595,2492.365533636255,3447.128296814344,3079.71295490498,3253.161335416294,3153.8421179195498
ndc_noce,EUW,Total Annualised Cost|Industry|Non-Metallic Minerals|Cement,Millions USD_2010/yr,418.21030054092716,2206.8117409784027,4835.669530352373,5907.510072258846,7329.74057287192,9973.459042880933
ndc_noce,IDN,Total Annualised Cost|Industry|Iron and Steel,Millions USD_2010/yr,977180.5226387312,3516.0159602022395,4352.32808077224,4995.584929624371,5865.944805135441,6006.7696824708355
ndc_noce,IDN,Total Annualised Cost|Industry|Non-Ferrous Metals|Aluminum,Millions USD_2010/yr,503.9894343826372,278.09958902308233,524.5558681600766,1029.996460810218,1941.8842497889746,5215.033270944159
ndc_noce,IDN,Total Annualised Cost|Industry|Non-Metallic Minerals|Cement,Millions USD_2010/yr,3182.118222041164,11137.209378788313,21085.72043618225,29148.588912707666,36259.84896488906,48616.91303914277
ndc_noce,IND,Total Annualised Cost|Industry|Iron and Steel,Millions USD_2010/yr,512.2295522785791,23683.149984891777,80929.97754769272,97205.65995269467,149626.87653531574,281416.3934369948
ndc_noce,IND,Total Annualised Cost|Industry|Non-Ferrous Metals|Aluminum,Millions USD_2010/yr,37.780540687250685,10057.730106575778,42781.03364088834,28755.427424677662,37152.700825319684,32102.89538530123
ndc_noce,IND,Total Annualised Cost|Industry|Non-Metallic Minerals|Cement,Millions USD_2010/yr,1245.2890569297401,39593.0204422129,100800.07573219335,114353.87595505778,132404.85487549385,147739.1319648013
ndc_noce,JPN,Total Annualised Cost|Industry|Iron and Steel,Millions USD_2010/yr,2727.6558306851275,14309.724202488193,33986.38107669516,26770.24153632711,24974.049681976165,20539.353456239336
ndc_noce,JPN,Total Annualised Cost|Industry|Non-Ferrous Metals|Aluminum,Millions USD_2010/yr,12.035242970089824,226.03935692941278,147.80158350712108,96.40029935204457,111.5766426777986,145.51553038301287
ndc_noce,JPN,Total Annualised Cost|Industry|Non-Metallic Minerals|Cement,Millions USD_2010/yr,418.1501662248565,1202.3908761226126,4544.156059383739,5204.3624722827335,7059.199995551015,10464.414392441899
ndc_noce,LAM,Total Annualised Cost|Industry|Iron and Steel,Millions USD_2010/yr,429.7800373215245,661.2875320464774,977.4104573993366,1157.4946141268279,1516.2513908718192,2473.168134101839
ndc_noce,LAM,Total Annualised Cost|Industry|Non-Ferrous Metals|Aluminum,Millions USD_2010/yr,681.7519747731828,654.263991455929,827.2227306125883,733.6380018650436,702.780284369466,567.192357637765
ndc_noce,LAM,Total Annualised Cost|Industry|Non-Metallic Minerals|Cement,Millions USD_2010/yr,1362.9944826986275,4525.783510714636,8009.42625305423,10962.799523858865,13392.06961759999,17764.936897508607
ndc_noce,MDA,Total Annualised Cost|Industry|Iron and Steel,Millions USD_2010/yr,2018.6280819778183,1522.0770539655884,2068.7311596821296,3012.8647717300964,3836.3293251545892,5628.509798090734
ndc_noce,MDA,Total Annualised Cost|Industry|Non-Ferrous Metals|Aluminum,Millions USD_2010/yr,107.3947451361464,326.76315609019775,401.0997201441992,451.45400576761233,434.0959500643032,1292.0927798032471
ndc_noce,MDA,Total Annualised Cost|Industry|Non-Metallic Minerals|Cement,Millions USD_2010/yr,1434.431528714511,10241.866726291983,14177.040047330824,16367.304092102522,18172.48533067235,21192.78511402777
ndc_noce,MEA,Total Annualised Cost|Industry|Iron and Steel,Millions USD_2010/yr,222.1835181340654,2160.3995977982254,3870.281054319816,2613.040411395359,3351.941496073163,4085.7901109388404
ndc_noce,MEA,Total Annualised Cost|Industry|Non-Ferrous Metals|Aluminum,Millions USD_2010/yr,2.5647587347263183,6420.7372386966745,18282.602384387345,9835.521312593251,13604.220146330916,15456.282020078408
ndc_noce,MEA,Total Annualised Cost|Industry|Non-Metallic Minerals|Cement,Millions USD_2010/yr,0.4871048770730433,14751.69324328159,25120.76175452919,28581.99838117721,34995.19506075133,44186.51623035734
ndc_noce,MEX,Total Annualised Cost|Industry|Iron and Steel,Millions USD_2010/yr,203864.2476957183,1349.9295712469498,1712.2992492963954,3327.8682581218523,4458.280996147459,4324.117415199405
ndc_noce,MEX,Total Annualised Cost|Industry|Non-Ferrous Metals|Aluminum,Millions USD_2010/yr,0.16141417434827168,32.07396566513544,54.85580077394403,52.454801023655016,61.74656479957436,42.77855154730479
ndc_noce,MEX,Total Annualised Cost|Industry|Non-Metallic Minerals|Cement,Millions USD_2010/yr,1220.656346530782,3960.3255017407682,6359.809233786462,8393.776202720293,9888.117575810666,11169.07449360357
ndc_noce,NIG,Total Annualised Cost|Industry|Iron and Steel,Millions USD_2010/yr,0.003925246169272042,123.06031864268311,140.61630319005525,176.48578427261657,232.8424803273044,306.6171650090152
ndc_noce,NIG,Total Annualised Cost|Industry|Non-Ferrous Metals|Aluminum,Millions USD_2010/yr,0.0,0.00014165644066694495,0.0013663270067427666,0.0036087303418564616,0.00476480449725379,0.006645240071216998
ndc_noce,NIG,Total Annualised Cost|Industry|Non-Metallic Minerals|Cement,Millions USD_2010/yr,18280.273436062624,2020.6533088015153,2878.2676921071634,4169.173450479307,5851.480308662452,8969.567945329456
ndc_noce,RUS,Total Annualised Cost|Industry|Iron and Steel,Millions USD_2010/yr,24.72095719928815,10352.367731970746,11042.914330851461,21635.72281312774,24485.759048046282,16808.201509022896
ndc_noce,RUS,Total Annualised Cost|Industry|Non-Ferrous Metals|Aluminum,Millions USD_2010/yr,1.0558355083224045,3481.4656096066537,4590.499143485419,12978.917411450151,16782.969187840306,9382.384961503232
ndc_noce,RUS,Total Annualised Cost|Industry|Non-Metallic Minerals|Cement,Millions USD_2010/yr,0.8417786830584539,3338.678037139943,6681.674423479438,10216.038013864898,12184.728510620973,13586.202276668686
ndc_noce,SKT,Total Annualised Cost|Industry|Iron and Steel,Millions USD_2010/yr,2963460.592991338,10557.217317127312,10006.241811061132,12047.144920499006,13480.164036782375,9666.098362282082
ndc_noce,SKT,Total Annualised Cost|Industry|Non-Ferrous Metals|Aluminum,Millions USD_2010/yr,23.190920194367763,37.17600926952239,46.54132629992597,55.76551125307533,79.73669097810323,91.00055277383281
ndc_noce,SKT,Total Annualised Cost|Industry|Non-Metallic Minerals|Cement,Millions USD_2010/yr,533.1121547740058,2188.4537493609387,2657.8446460764644,3740.3493296946226,5193.968318487674,7326.006199034222
ndc_noce,USA,Total Annualised Cost|Industry|Iron and Steel,Millions USD_2010/yr,276.96609442326127,11598.269641909568,30681.41163086098,9450.251035733427,9974.902246057376,16090.3184015688
ndc_noce,USA,Total Annualised Cost|Industry|Non-Ferrous Metals|Aluminum,Millions USD_2010/yr,92.19659490813956,2136.7345020614043,8697.700240794287,3699.7862288462284,7461.517747700385,15416.646361696861
ndc_noce,USA,Total Annualised Cost|Industry|Non-Metallic Minerals|Cement,Millions USD_2010/yr,320.81700428627096,5997.334826448433,16039.524953149446,13764.414607123348,19897.45094388632,23842.77678573153
baseline_noce,AFE,Total Annualised Cost,Millions USD_2010/yr,-1199317.0310699812,92834.7398113757,143452.4799615864,185650.82952186684,231128.32027717112,259850.67607315572
baseline_noce,AFN,Total Annualised Cost,Millions USD_2010/yr,-7170567.89937542,154465.1085129872,288413.77082292427,356214.32010089204,419875.47412846325,492384.8595701153
baseline_noce,AFW,Total Annualised Cost,Millions USD_2010/yr,-7035285.416750364,55251.321390971076,81591.12117729784,104764.29983136777,133115.57023448363,150397.7953643299
baseline_noce,AFZ,Total Annualised Cost,Millions USD_2010/yr,-14235818.411932413,70875.07845785281,131080.16776121632,166187.01027661833,207972.390126269,276913.5571567925
baseline_noce,ANZ,Total Annualised Cost,Millions USD_2010/yr,92570.49642743813,155170.95387034406,287988.4051611413,386850.713587746,442530.38668178295,489889.43943100865
baseline_noce,ASC,Total Annualised Cost,Millions USD_2010/yr,-3933038.243815967,53591.84972640728,91061.68812508216,97323.31613662785,111699.78611095241,152597.44594950703
baseline_noce,ASE,Total Annualised Cost,Millions USD_2010/yr,154231.93513430515,249374.90410002536,447999.84941551596,796122.6259439336,1104977.1330563088,1115159.2087210328
baseline_noce,ASO,Total Annualised Cost,Millions USD_2010/yr,302162.6733545197,130756.989550344,223057.96158069806,323317.31332852854,440474.96670232073,454968.29273222183
baseline_noce,BRA,Total Annualised Cost,Millions USD_2010/yr,-10584512.704042844,319343.6802250795,498153.45590637124,676517.5455959833,785103.8288662792,940939.1080784521
baseline_noce,CAN,Total Annualised Cost,Millions USD_2010/yr,-112538243.76932871,151422.52704940393,277452.84274773946,367944.1463676953,435089.75997158134,466857.2387727613
baseline_noce,CHL,Total Annualised Cost,Millions USD_2010/yr,12884.33989333126,30543.078277676217,53062.86698298076,56431.90712728607,62158.10765071197,67019.09727223752
baseline_noce,CHN,Total Annualised Cost,Millions USD_2010/yr,86438.1748381976,1723809.4532264303,2938378.052757714,3639739.8524822015,4440407.879920081,5343719.320537862
baseline_noce,ENE,Total Annualised Cost,Millions USD_2010/yr,28663.877064843706,75657.62181377625,151951.41674772222,199418.28092024312,233176.66430449323,238836.72363619576
baseline_noce,ENW,Total Annualised Cost,Millions USD_2010/yr,-1420344.3309294796,189789.951012176,388852.2186807749,495981.1203091829,572112.7077180184,700411.8773680077
baseline_noce,EUE,Total Annualised Cost,Millions USD_2010/yr,-189891.03878769258,202013.74037446137,362645.18420655123,444052.7487248834,517924.6152419108,632054.1446509534
baseline_noce,EUM,Total Annualised Cost,Millions USD_2010/yr,360332.46261357696,416302.1702176033,812203.4698130391,1000941.3899878784,1164332.7997207965,1412494.1165310675
baseline_noce,EUW,Total Annualised Cost,Millions USD_2010/yr,140996.08407644322,416186.1041025902,704766.4968730834,865179.2706266918,1035408.2600790022,1283088.06746378
baseline_noce,IDN,Total Annualised Cost,Millions USD_2010/yr,489519.12211610016,293035.8501287365,476076.04105650255,631062.2506329953,759364.2598455219,1009262.5277660026
baseline_noce,IND,Total Annualised Cost,Millions USD_2010/yr,253404938.7708934,941325.5497375136,1998012.8760134887,2924842.007757849,4081062.7695312016,5374815.803378159
baseline_noce,JPN,Total Annualised Cost,Millions USD_2010/yr,69965.20599576998,266690.4889541006,446854.22571980115,558485.732735094,707645.8971301576,865422.471041927
baseline_noce,LAM,Total Annualised Cost,Millions USD_2010/yr,-20237354.458806142,156335.87284483676,247600.89898725657,344334.9333548965,461418.1555933098,575987.8265248863
baseline_noce,MDA,Total Annualised Cost,Millions USD_2010/yr,38249.8866512527,190016.80748660496,323003.53222995444,373204.7811506334,449111.3446627279,561049.3044955765
baseline_noce,MEA,Total Annualised Cost,Millions USD_2010/yr,-200667597.79024678,76199.83987378869,303561.6535283904,308029.45971769997,353439.5252048783,467159.0428838464
baseline_noce,MEX,Total Annualised Cost,Millions USD_2010/yr,-53344274.772846736,154947.79894617232,257153.03038408828,310551.4296154328,369209.5009146612,386148.1777047372
baseline_noce,NIG,Total Annualised Cost,Millions USD_2010/yr,-26937547.241956487,28602.540728865908,55624.411495005595,76518.81014958031,117165.23596479255,167192.81130322407
baseline_noce,RUS,Total Annualised Cost,Millions USD_2010/yr,-7296900.308094434,236291.41477204105,425527.50817725883,762135.5681719328,938211.4220877339,907654.2536516953
baseline_noce,SKT,Total Annualised Cost,Millions USD_2010/yr,84868.44934030587,165952.9757440069,271197.85880784196,325734.34818192944,396697.11729280447,482754.52215062175
baseline_noce,USA,Total Annualised Cost,Millions USD_2010/yr,215347142.11118546,1268779.1682405968,2486983.3502359753,2886616.7053739233,3396640.3621531148,4801104.33151382
ndc_noce,AFE,Total Annualised Cost,Millions USD_2010/yr,-1199317.0310699812,92834.74155816913,144336.63426339536,182259.38217360526,218378.67258171612,252896.37253017465
ndc_noce,AFN,Total Annualised Cost,Millions USD_2010/yr,-7170567.89937542,154465.11042101769,285573.0819668331,342969.8981830433,436246.6332882792,573500.9612544408
ndc_noce,AFW,Total Annualised Cost,Millions USD_2010/yr,-7035285.416750364,55251.32325788292,80066.94922843808,102936.79055044336,129322.3264646553,157966.50204493728
ndc_noce,AFZ,Total Annualised Cost,Millions USD_2010/yr,-14235818.411932413,70875.08033167447,128954.39589221263,162783.583830276,213417.37792787777,266464.16406914167
ndc_noce,ANZ,Total Annualised Cost,Millions USD_2010/yr,92570.49642743813,155170.9557161133,291296.17781082116,382589.74548139446,437682.2213158565,480786.7319559124
ndc_noce,ASC,Total Annualised Cost,Millions USD_2010/yr,-3933038.243815967,53591.85161936544,88039.39823816335,93716.70125484011,111358.90994165989,121590.91188596914
ndc_noce,ASE,Total Annualised Cost,Millions USD_2010/yr,154231.93513430515,249374.9059629902,454014.1473628613,865902.5278247696,847446.1467779209,965152.7781440072
ndc_noce,ASO,Total Annualised Cost,Millions USD_2010/yr,302162.6733545197,130756.99127673073,225390.92515493275,319080.3292507699,419857.11044340965,447641.9161489931
ndc_noce,BRA,Total Annualised Cost,Millions USD_2010/yr,-10584512.704042844,319343.68202098267,483960.48429505475,654606.8116309296,820679.099780083,801577.5736470511
ndc_noce,CAN,Total Annualised Cost,Millions USD_2010/yr,-112538243.76932871,151422.52878080233,264430.8066766462,333097.7607889521,383688.80695716833,376736.05787286285
ndc_noce,CHL,Total Annualised Cost,Millions USD_2010/yr,12884.33989333126,30543.08116400753,51005.8226112524,52839.74807608341,59110.51440046991,62988.73807013913
ndc_noce,CHN,Total Annualised Cost,Millions USD_2010/yr,86438.1748381976,1723809.455178029,2945748.248750345,3635385.9204222136,4321894.853453524,4633741.453054748
ndc_noce,ENE,Total Annualised Cost,Millions USD_2010/yr,28663.877064843706,75657.62360731032,153836.97954105472,193564.06058049542,225085.44813153113,245088.28821575214
ndc_noce,ENW,Total Annualised Cost,Millions USD_2010/yr,-1420344.3309294796,189789.9529109461,390639.69058682054,460978.3389085545,523475.0953659899,555930.1406530399
ndc_noce,EUE,Total Annualised Cost,Millions USD_2010/yr,-189891.03878769258,202013.74204353266,368611.8955061032,422788.7634042647,486117.149212998,476668.2223938822
ndc_noce,EUM,Total Annualised Cost,Millions USD_2010/yr,360332.46261357696,416302.17196642386,799223.2667761286,985154.0070699435,1075693.7944704427,1106013.2166485551
ndc_noce,EUW,Total Annualised Cost,Millions USD_2010/yr,140996.08407644322,416186.10582514736,709899.1165974708,839776.0300778211,934740.563251401,949430.8022975218
ndc_noce,IDN,Total Annualised Cost,Millions USD_2010/yr,489519.12211610016,293035.852001147,477429.959499853,617699.018485198,728862.8320010412,818872.7248224389
ndc_noce,IND,Total Annualised Cost,Millions USD_2010/yr,253404938.7708934,941325.5515421368,2060325.721886672,3073095.8399596903,4001297.834771581,5200847.1073991805
ndc_noce,JPN,Total Annualised Cost,Millions USD_2010/yr,69965.20599576998,266690.49071957497,450018.45569350146,522011.616683892,596998.0456939744,622056.7374804377
ndc_noce,LAM,Total Annualised Cost,Millions USD_2010/yr,-20237354.458806142,156335.87473062632,247255.2418019377,334032.19777730136,402492.57690374856,481099.8739349805
ndc_noce,MDA,Total Annualised Cost,Millions USD_2010/yr,38249.8866512527,190016.8093243456,323528.5365363734,366954.3727250315,429274.7318596849,461327.89758166013
ndc_noce,MEA,Total Annualised Cost,Millions USD_2010/yr,-200667597.79024678,76199.84180558231,238657.567132292,104228.50869436731,279052.568807231,477598.89574338985
ndc_noce,MEX,Total Annualised Cost,Millions USD_2010/yr,-53344274.772846736,154947.80081563888,252265.05103610235,307102.50218416814,349725.321898513,399678.13356145093
ndc_noce,NIG,Total Annualised Cost,Millions USD_2010/yr,-26937547.241956487,28602.54256308639,50750.257808608236,75341.78144525945,92642.80799805984,150972.79988141818
ndc_noce,RUS,Total Annualised Cost,Millions USD_2010/yr,-7296900.308094434,236291.41651619866,426394.99531700043,649292.4667386897,813277.8975962512,1008619.5525004345
ndc_noce,SKT,Total Annualised Cost,Millions USD_2010/yr,84868.44934030587,165952.97751221168,271633.840045343,340187.48420312715,379396.88409476343,351123.7197670392
ndc_noce,USA,Total Annualised Cost,Millions USD_2010/yr,215347142.11118546,1268779.1700299722,2523190.391639004,3454387.8626651363,4058077.816553164,4136058.8607299463
