Scenario,ClimatePathway,CE,Panel,Scope,Sector,Series,Year,Value,Unit,Role,SourceVariables,Figure,RankingScenario,RankingYear,Group,Rank,DisplayOrder,SourceRegions,Metric,Numerator_EJ_yr,Denominator_Mt_yr,ConversionFactor,Numerator,NumeratorUnit,Denominator,DenominatorUnit,Policy,BarOrder,BarType,BarLabel,Offset,ReferenceScenario,ReferenceYear,PanelKind,SourceCoefficients,ScenarioValue,ReferenceValue,ScenarioCost,ReferenceCost
ndc_noce,NDC,No CE,a,Global,Cement,Cement,2019,4201.409299940433,Mt/yr,plotted,"[""Production|Non-Metallic Minerals|Cement""]",fig01_production,,,,,,,,,,,,,,,,,,,,,,,,,,,
ndc_noce,NDC,No CE,a,Global,Cement,Cement,2024,3949.47131787373,Mt/yr,plotted,"[""Production|Non-Metallic Minerals|Cement""]",fig01_production,,,,,,,,,,,,,,,,,,,,,,,,,,,
ndc_noce,NDC,No CE,a,Global,Cement,Cement,2030,3754.6568242399608,Mt/yr,plotted,"[""Production|Non-Metallic Minerals|Cement""]",fig01_production,,,,,,,,,,,,,,,,,,,,,,,,,,,
ndc_noce,NDC,No CE,a,Global,Cement,Cement,2035,3663.033186138421,Mt/yr,plotted,"[""Production|Non-Metallic Minerals|Cement""]",fig01_production,,,,,,,,,,,,,,,,,,,,,,,,,,,
ndc_noce,NDC,No CE,a,Global,Cement,Cement,2040,3660.4167606536453,Mt/yr,plotted,"[""Production|Non-Metallic Minerals|Cement""]",fig01_production,,,,,,,,,,,,,,,,,,,,,,,,,,,
ndc_noce,NDC,No CE,a,Global,Cement,Cement,2050,3660.1359678777544,Mt/yr,plotted,"[""Production|Non-Metallic Minerals|Cement""]",fig01_production,,,,,,,,,,,,,,,,,,,,,,,,,,,
ndc_noce,NDC,No CE,a,Global,Cement,Clinker,2019,3030.4398866528886,Mt/yr,plotted,"[""Production|Non-Metallic Minerals|Cement Clinker""]",fig01_production,,,,,,,,,,,,,,,,,,,,,,,,,,,
ndc_noce,NDC,No CE,a,Global,Cement,Clinker,2024,2864.3071106476964,Mt/yr,plotted,"[""Production|Non-Metallic Minerals|Cement Clinker""]",fig01_production,,,,,,,,,,,,,,,,,,,,,,,,,,,
ndc_noce,NDC,No CE,a,Global,Cement,Clinker,2030,2728.4964696637635,Mt/yr,plotted,"[""Production|Non-Metallic Minerals|Cement Clinker""]",fig01_production,,,,,,,,,,,,,,,,,,,,,,,,,,,
ndc_noce,NDC,No CE,a,Global,Cement,Clinker,2035,2659.5047726896332,Mt/yr,plotted,"[""Production|Non-Metallic Minerals|Cement Clinker""]",fig01_production,,,,,,,,,,,,,,,,,,,,,,,,,,,
ndc_noce,NDC,No CE,a,Global,Cement,Clinker,2040,2634.0168072184115,Mt/yr,plotted,"[""Production|Non-Metallic Minerals|Cement Clinker""]",fig01_production,,,,,,,,,,,,,,,,,,,,,,,,,,,
ndc_noce,NDC,No CE,a,Global,Cement,Clinker,2050,2599.115854230405,Mt/yr,plotted,"[""Production|Non-Metallic Minerals|Cement Clinker""]",fig01_production,,,,,,,,,,,,,,,,,,,,,,,,,,,
ndc_noce,NDC,No CE,b,Global,Iron and steel,Total,2019,1754.711551232852,Mt/yr,plotted,"[""Production|Iron and Steel|Primary"", ""Production|Iron and Steel|Secondary""]",fig01_production,,,,,,,,,,,,,,,,,,,,,,,,,,,
ndc_noce,NDC,No CE,b,Global,Iron and steel,Total,2024,1725.0794351254624,Mt/yr,plotted,"[""Production|Iron and Steel|Primary"", ""Production|Iron and Steel|Secondary""]",fig01_production,,,,,,,,,,,,,,,,,,,,,,,,,,,
ndc_noce,NDC,No CE,b,Global,Iron and steel,Total,2030,1641.98915461347,Mt/yr,plotted,"[""Production|Iron and Steel|Primary"", ""Production|Iron and Steel|Secondary""]",fig01_production,,,,,,,,,,,,,,,,,,,,,,,,,,,
ndc_noce,NDC,No CE,b,Global,Iron and steel,Total,2035,1595.6388088647288,Mt/yr,plotted,"[""Production|Iron and Steel|Primary"", ""Production|Iron and Steel|Secondary""]",fig01_production,,,,,,,,,,,,,,,,,,,,,,,,,,,
ndc_noce,NDC,No CE,b,Global,Iron and steel,Total,2040,1683.460665063078,Mt/yr,plotted,"[""Production|Iron and Steel|Primary"", ""Production|Iron and Steel|Secondary""]",fig01_production,,,,,,,,,,,,,,,,,,,,,,,,,,,
ndc_noce,NDC,No CE,b,Global,Iron and steel,Total,2050,2186.9297730849707,Mt/yr,plotted,"[""Production|Iron and Steel|Primary"", ""Production|Iron and Steel|Secondary""]",fig01_production,,,,,,,,,,,,,,,,,,,,,,,,,,,
ndc_noce,NDC,No CE,b,Global,Iron and steel,Primary,2019,1409.4021422034127,Mt/yr,plotted,"[""Production|Iron and Steel|Primary""]",fig01_production,,,,,,,,,,,,,,,,,,,,,,,,,,,
ndc_noce,NDC,No CE,b,Global,Iron and steel,Primary,2024,1300.4264955551444,Mt/yr,plotted,"[""Production|Iron and Steel|Primary""]",fig01_production,,,,,,,,,,,,,,,,,,,,,,,,,,,
ndc_noce,NDC,No CE,b,Global,Iron and steel,Primary,2030,1159.4461344018102,Mt/yr,plotted,"[""Production|Iron and Steel|Primary""]",fig01_production,,,,,,,,,,,,,,,,,,,,,,,,,,,
ndc_noce,NDC,No CE,b,Global,Iron and steel,Primary,2035,1100.3400380900787,Mt/yr,plotted,"[""Production|Iron and Steel|Primary""]",fig01_production,,,,,,,,,,,,,,,,,,,,,,,,,,,
ndc_noce,NDC,No CE,b,Global,Iron and steel,Primary,2040,1133.0724839292711,Mt/yr,plotted,"[""Production|Iron and Steel|Primary""]",fig01_production,,,,,,,,,,,,,,,,,,,,,,,,,,,
ndc_noce,NDC,No CE,b,Global,Iron and steel,Primary,2050,1399.6350714434163,Mt/yr,plotted,"[""Production|Iron and Steel|Primary""]",fig01_production,,,,,,,,,,,,,,,,,,,,,,,,,,,
ndc_noce,NDC,No CE,b,Global,Iron and steel,Secondary,2019,345.30940902943917,Mt/yr,plotted,"[""Production|Iron and Steel|Secondary""]",fig01_production,,,,,,,,,,,,,,,,,,,,,,,,,,,
ndc_noce,NDC,No CE,b,Global,Iron and steel,Secondary,2024,424.652939570318,Mt/yr,plotted,"[""Production|Iron and Steel|Secondary""]",fig01_production,,,,,,,,,,,,,,,,,,,,,,,,,,,
ndc_noce,NDC,No CE,b,Global,Iron and steel,Secondary,2030,482.5430202116597,Mt/yr,plotted,"[""Production|Iron and Steel|Secondary""]",fig01_production,,,,,,,,,,,,,,,,,,,,,,,,,,,
ndc_noce,NDC,No CE,b,Global,Iron and steel,Secondary,2035,495.2987707746502,Mt/yr,plotted,"[""Production|Iron and Steel|Secondary""]",fig01_production,,,,,,,,,,,,,,,,,,,,,,,,,,,
ndc_noce,NDC,No CE,b,Global,Iron and steel,Secondary,2040,550.3881811338068,Mt/yr,plotted,"[""Production|Iron and Steel|Secondary""]",fig01_production,,,,,,,,,,,,,,,,,,,,,,,,,,,
ndc_noce,NDC,No CE,b,Global,Iron and steel,Secondary,2050,787.2947016415544,Mt/yr,plotted,"[""Production|Iron and Steel|Secondary""]",fig01_production,,,,,,,,,,,,,,,,,,,,,,,,,,,
ndc_noce,NDC,No CE,c,Global,Aluminium,Total,2019,94.49997372278058,Mt/yr,plotted,"[""Production|Non-Ferrous Metals|Aluminum|Primary"", ""Production|Non-Ferrous Metals|Aluminum|Secondary""]",fig01_production,,,,,,,,,,,,,,,,,,,,,,,,,,,
ndc_noce,NDC,No CE,c,Global,Aluminium,Total,2024,121.01332192264523,Mt/yr,plotted,"[""Production|Non-Ferrous Metals|Aluminum|Primary"", ""Production|Non-Ferrous Metals|Aluminum|Secondary""]",fig01_production,,,,,,,,,,,,,,,,,,,,,,,,,,,
ndc_noce,NDC,No CE,c,Global,Aluminium,Total,2030,124.37818210547911,Mt/yr,plotted,"[""Production|Non-Ferrous Metals|Aluminum|Primary"", ""Production|Non-Ferrous Metals|Aluminum|Secondary""]",fig01_production,,,,,,,,,,,,,,,,,,,,,,,,,,,
ndc_noce,NDC,No CE,c,Global,Aluminium,Total,2035,127.02730774686012,Mt/yr,plotted,"[""Production|Non-Ferrous Metals|Aluminum|Primary"", ""Production|Non-Ferrous Metals|Aluminum|Secondary""]",fig01_production,,,,,,,,,,,,,,,,,,,,,,,,,,,
ndc_noce,NDC,No CE,c,Global,Aluminium,Total,2040,131.46124002864838,Mt/yr,plotted,"[""Production|Non-Ferrous Metals|Aluminum|Primary"", ""Production|Non-Ferrous Metals|Aluminum|Secondary""]",fig01_production,,,,,,,,,,,,,,,,,,,,,,,,,,,
ndc_noce,NDC,No CE,c,Global,Aluminium,Total,2050,133.0141126535924,Mt/yr,plotted,"[""Production|Non-Ferrous Metals|Aluminum|Primary"", ""Production|Non-Ferrous Metals|Aluminum|Secondary""]",fig01_production,,,,,,,,,,,,,,,,,,,,,,,,,,,
ndc_noce,NDC,No CE,c,Global,Aluminium,Primary,2019,62.749973727086626,Mt/yr,plotted,"[""Production|Non-Ferrous Metals|Aluminum|Primary""]",fig01_production,,,,,,,,,,,,,,,,,,,,,,,,,,,
ndc_noce,NDC,No CE,c,Global,Aluminium,Primary,2024,78.04114761610496,Mt/yr,plotted,"[""Production|Non-Ferrous Metals|Aluminum|Primary""]",fig01_production,,,,,,,,,,,,,,,,,,,,,,,,,,,
ndc_noce,NDC,No CE,c,Global,Aluminium,Primary,2030,75.17942370967707,Mt/yr,plotted,"[""Production|Non-Ferrous Metals|Aluminum|Primary""]",fig01_production,,,,,,,,,,,,,,,,,,,,,,,,,,,
ndc_noce,NDC,No CE,c,Global,Aluminium,Primary,2035,71.69352445693875,Mt/yr,plotted,"[""Production|Non-Ferrous Metals|Aluminum|Primary""]",fig01_production,,,,,,,,,,,,,,,,,,,,,,,,,,,
ndc_noce,NDC,No CE,c,Global,Aluminium,Primary,2040,72.65700467808372,Mt/yr,plotted,"[""Production|Non-Ferrous Metals|Aluminum|Primary""]",fig01_production,,,,,,,,,,,,,,,,,,,,,,,,,,,
ndc_noce,NDC,No CE,c,Global,Aluminium,Primary,2050,68.45860254240496,Mt/yr,plotted,"[""Production|Non-Ferrous Metals|Aluminum|Primary""]",fig01_production,,,,,,,,,,,,,,,,,,,,,,,,,,,
ndc_noce,NDC,No CE,c,Global,Aluminium,Secondary,2019,31.74999999569395,Mt/yr,plotted,"[""Production|Non-Ferrous Metals|Aluminum|Secondary""]",fig01_production,,,,,,,,,,,,,,,,,,,,,,,,,,,
ndc_noce,NDC,No CE,c,Global,Aluminium,Secondary,2024,42.97217430654027,Mt/yr,plotted,"[""Production|Non-Ferrous Metals|Aluminum|Secondary""]",fig01_production,,,,,,,,,,,,,,,,,,,,,,,,,,,
ndc_noce,NDC,No CE,c,Global,Aluminium,Secondary,2030,49.198758395802045,Mt/yr,plotted,"[""Production|Non-Ferrous Metals|Aluminum|Secondary""]",fig01_production,,,,,,,,,,,,,,,,,,,,,,,,,,,
ndc_noce,NDC,No CE,c,Global,Aluminium,Secondary,2035,55.33378328992138,Mt/yr,plotted,"[""Production|Non-Ferrous Metals|Aluminum|Secondary""]",fig01_production,,,,,,,,,,,,,,,,,,,,,,,,,,,
ndc_noce,NDC,No CE,c,Global,Aluminium,Secondary,2040,58.80423535056464,Mt/yr,plotted,"[""Production|Non-Ferrous Metals|Aluminum|Secondary""]",fig01_production,,,,,,,,,,,,,,,,,,,,,,,,,,,
ndc_noce,NDC,No CE,c,Global,Aluminium,Secondary,2050,64.55551011118743,Mt/yr,plotted,"[""Production|Non-Ferrous Metals|Aluminum|Secondary""]",fig01_production,,,,,,,,,,,,,,,,,,,,,,,,,,,
baseline_noce,NDC+LTT,No CE,d,Global,Cement,Cement,2019,4201.409299940433,Mt/yr,plotted,"[""Production|Non-Metallic Minerals|Cement""]",fig01_production,,,,,,,,,,,,,,,,,,,,,,,,,,,
baseline_noce,NDC+LTT,No CE,d,Global,Cement,Cement,2024,3949.47131787373,Mt/yr,plotted,"[""Production|Non-Metallic Minerals|Cement""]",fig01_production,,,,,,,,,,,,,,,,,,,,,,,,,,,
baseline_noce,NDC+LTT,No CE,d,Global,Cement,Cement,2030,3754.656802568388,Mt/yr,plotted,"[""Production|Non-Metallic Minerals|Cement""]",fig01_production,,,,,,,,,,,,,,,,,,,,,,,,,,,
baseline_noce,NDC+LTT,No CE,d,Global,Cement,Cement,2035,3663.033167717458,Mt/yr,plotted,"[""Production|Non-Metallic Minerals|Cement""]",fig01_production,,,,,,,,,,,,,,,,,,,,,,,,,,,
baseline_noce,NDC+LTT,No CE,d,Global,Cement,Cement,2040,3660.4167449910474,Mt/yr,plotted,"[""Production|Non-Metallic Minerals|Cement""]",fig01_production,,,,,,,,,,,,,,,,,,,,,,,,,,,
baseline_noce,NDC+LTT,No CE,d,Global,Cement,Cement,2050,3660.135942423824,Mt/yr,plotted,"[""Production|Non-Metallic Minerals|Cement""]",fig01_production,,,,,,,,,,,,,,,,,,,,,,,,,,,
baseline_noce,NDC+LTT,No CE,d,Global,Cement,Clinker,2019,3030.4398866528886,Mt/yr,plotted,"[""Production|Non-Metallic Minerals|Cement Clinker""]",fig01_production,,,,,,,,,,,,,,,,,,,,,,,,,,,
baseline_noce,NDC+LTT,No CE,d,Global,Cement,Clinker,2024,2864.3071106476964,Mt/yr,plotted,"[""Production|Non-Metallic Minerals|Cement Clinker""]",fig01_production,,,,,,,,,,,,,,,,,,,,,,,,,,,
baseline_noce,NDC+LTT,No CE,d,Global,Cement,Clinker,2030,2726.8563868435053,Mt/yr,plotted,"[""Production|Non-Metallic Minerals|Cement Clinker""]",fig01_production,,,,,,,,,,,,,,,,,,,,,,,,,,,
baseline_noce,NDC+LTT,No CE,d,Global,Cement,Clinker,2035,2659.5047763533066,Mt/yr,plotted,"[""Production|Non-Metallic Minerals|Cement Clinker""]",fig01_production,,,,,,,,,,,,,,,,,,,,,,,,,,,
baseline_noce,NDC+LTT,No CE,d,Global,Cement,Clinker,2040,2636.3747900615363,Mt/yr,plotted,"[""Production|Non-Metallic Minerals|Cement Clinker""]",fig01_production,,,,,,,,,,,,,,,,,,,,,,,,,,,
baseline_noce,NDC+LTT,No CE,d,Global,Cement,Clinker,2050,2599.115827280662,Mt/yr,plotted,"[""Production|Non-Metallic Minerals|Cement Clinker""]",fig01_production,,,,,,,,,,,,,,,,,,,,,,,,,,,
baseline_noce,NDC+LTT,No CE,e,Global,Iron and steel,Total,2019,1754.711551232852,Mt/yr,plotted,"[""Production|Iron and Steel|Primary"", ""Production|Iron and Steel|Secondary""]",fig01_production,,,,,,,,,,,,,,,,,,,,,,,,,,,
baseline_noce,NDC+LTT,No CE,e,Global,Iron and steel,Total,2024,1725.0794351254624,Mt/yr,plotted,"[""Production|Iron and Steel|Primary"", ""Production|Iron and Steel|Secondary""]",fig01_production,,,,,,,,,,,,,,,,,,,,,,,,,,,
baseline_noce,NDC+LTT,No CE,e,Global,Iron and steel,Total,2030,1641.9891338095165,Mt/yr,plotted,"[""Production|Iron and Steel|Primary"", ""Production|Iron and Steel|Secondary""]",fig01_production,,,,,,,,,,,,,,,,,,,,,,,,,,,
baseline_noce,NDC+LTT,No CE,e,Global,Iron and steel,Total,2035,1595.6387432321321,Mt/yr,plotted,"[""Production|Iron and Steel|Primary"", ""Production|Iron and Steel|Secondary""]",fig01_production,,,,,,,,,,,,,,,,,,,,,,,,,,,
baseline_noce,NDC+LTT,No CE,e,Global,Iron and steel,Total,2040,1683.4605942344915,Mt/yr,plotted,"[""Production|Iron and Steel|Primary"", ""Production|Iron and Steel|Secondary""]",fig01_production,,,,,,,,,,,,,,,,,,,,,,,,,,,
baseline_noce,NDC+LTT,No CE,e,Global,Iron and steel,Total,2050,2186.929691103253,Mt/yr,plotted,"[""Production|Iron and Steel|Primary"", ""Production|Iron and Steel|Secondary""]",fig01_production,,,,,,,,,,,,,,,,,,,,,,,,,,,
baseline_noce,NDC+LTT,No CE,e,Global,Iron and steel,Primary,2019,1409.4021422034127,Mt/yr,plotted,"[""Production|Iron and Steel|Primary""]",fig01_production,,,,,,,,,,,,,,,,,,,,,,,,,,,
baseline_noce,NDC+LTT,No CE,e,Global,Iron and steel,Primary,2024,1300.4264955551444,Mt/yr,plotted,"[""Production|Iron and Steel|Primary""]",fig01_production,,,,,,,,,,,,,,,,,,,,,,,,,,,
baseline_noce,NDC+LTT,No CE,e,Global,Iron and steel,Primary,2030,1159.4461112611052,Mt/yr,plotted,"[""Production|Iron and Steel|Primary""]",fig01_production,,,,,,,,,,,,,,,,,,,,,,,,,,,
baseline_noce,NDC+LTT,No CE,e,Global,Iron and steel,Primary,2035,1100.3399785320971,Mt/yr,plotted,"[""Production|Iron and Steel|Primary""]",fig01_production,,,,,,,,,,,,,,,,,,,,,,,,,,,
baseline_noce,NDC+LTT,No CE,e,Global,Iron and steel,Primary,2040,1133.0724194653944,Mt/yr,plotted,"[""Production|Iron and Steel|Primary""]",fig01_production,,,,,,,,,,,,,,,,,,,,,,,,,,,
baseline_noce,NDC+LTT,No CE,e,Global,Iron and steel,Primary,2050,1399.6350022548183,Mt/yr,plotted,"[""Production|Iron and Steel|Primary""]",fig01_production,,,,,,,,,,,,,,,,,,,,,,,,,,,
baseline_noce,NDC+LTT,No CE,e,Global,Iron and steel,Secondary,2019,345.30940902943917,Mt/yr,plotted,"[""Production|Iron and Steel|Secondary""]",fig01_production,,,,,,,,,,,,,,,,,,,,,,,,,,,
baseline_noce,NDC+LTT,No CE,e,Global,Iron and steel,Secondary,2024,424.652939570318,Mt/yr,plotted,"[""Production|Iron and Steel|Secondary""]",fig01_production,,,,,,,,,,,,,,,,,,,,,,,,,,,
baseline_noce,NDC+LTT,No CE,e,Global,Iron and steel,Secondary,2030,482.54302254841133,Mt/yr,plotted,"[""Production|Iron and Steel|Secondary""]",fig01_production,,,,,,,,,,,,,,,,,,,,,,,,,,,
baseline_noce,NDC+LTT,No CE,e,Global,Iron and steel,Secondary,2035,495.29876470003495,Mt/yr,plotted,"[""Production|Iron and Steel|Secondary""]",fig01_production,,,,,,,,,,,,,,,,,,,,,,,,,,,
baseline_noce,NDC+LTT,No CE,e,Global,Iron and steel,Secondary,2040,550.388174769097,Mt/yr,plotted,"[""Production|Iron and Steel|Secondary""]",fig01_production,,,,,,,,,,,,,,,,,,,,,,,,,,,
baseline_noce,NDC+LTT,No CE,e,Global,Iron and steel,Secondary,2050,787.2946888484346,Mt/yr,plotted,"[""Production|Iron and Steel|Secondary""]",fig01_production,,,,,,,,,,,,,,,,,,,,,,,,,,,
baseline_noce,NDC+LTT,No CE,f,Global,Aluminium,Total,2019,94.49997372278058,Mt/yr,plotted,"[""Production|Non-Ferrous Metals|Aluminum|Primary"", ""Production|Non-Ferrous Metals|Aluminum|Secondary""]",fig01_production,,,,,,,,,,,,,,,,,,,,,,,,,,,
baseline_noce,NDC+LTT,No CE,f,Global,Aluminium,Total,2024,121.01332192264523,Mt/yr,plotted,"[""Production|Non-Ferrous Metals|Aluminum|Primary"", ""Production|Non-Ferrous Metals|Aluminum|Secondary""]",fig01_production,,,,,,,,,,,,,,,,,,,,,,,,,,,
baseline_noce,NDC+LTT,No CE,f,Global,Aluminium,Total,2030,124.37817188226649,Mt/yr,plotted,"[""Production|Non-Ferrous Metals|Aluminum|Primary"", ""Production|Non-Ferrous Metals|Aluminum|Secondary""]",fig01_production,,,,,,,,,,,,,,,,,,,,,,,,,,,
baseline_noce,NDC+LTT,No CE,f,Global,Aluminium,Total,2035,127.02728582773696,Mt/yr,plotted,"[""Production|Non-Ferrous Metals|Aluminum|Primary"", ""Production|Non-Ferrous Metals|Aluminum|Secondary""]",fig01_production,,,,,,,,,,,,,,,,,,,,,,,,,,,
baseline_noce,NDC+LTT,No CE,f,Global,Aluminium,Total,2040,131.46121772284212,Mt/yr,plotted,"[""Production|Non-Ferrous Metals|Aluminum|Primary"", ""Production|Non-Ferrous Metals|Aluminum|Secondary""]",fig01_production,,,,,,,,,,,,,,,,,,,,,,,,,,,
baseline_noce,NDC+LTT,No CE,f,Global,Aluminium,Total,2050,133.01408676120656,Mt/yr,plotted,"[""Production|Non-Ferrous Metals|Aluminum|Primary"", ""Production|Non-Ferrous Metals|Aluminum|Secondary""]",fig01_production,,,,,,,,,,,,,,,,,,,,,,,,,,,
baseline_noce,NDC+LTT,No CE,f,Global,Aluminium,Primary,2019,62.749973727086626,Mt/yr,plotted,"[""Production|Non-Ferrous Metals|Aluminum|Primary""]",fig01_production,,,,,,,,,,,,,,,,,,,,,,,,,,,
baseline_noce,NDC+LTT,No CE,f,Global,Aluminium,Primary,2024,78.04114761610496,Mt/yr,plotted,"[""Production|Non-Ferrous Metals|Aluminum|Primary""]",fig01_production,,,,,,,,,,,,,,,,,,,,,,,,,,,
baseline_noce,NDC+LTT,No CE,f,Global,Aluminium,Primary,2030,75.17941660782321,Mt/yr,plotted,"[""Production|Non-Ferrous Metals|Aluminum|Primary""]",fig01_production,,,,,,,,,,,,,,,,,,,,,,,,,,,
baseline_noce,NDC+LTT,No CE,f,Global,Aluminium,Primary,2035,71.6935049598691,Mt/yr,plotted,"[""Production|Non-Ferrous Metals|Aluminum|Primary""]",fig01_production,,,,,,,,,,,,,,,,,,,,,,,,,,,
baseline_noce,NDC+LTT,No CE,f,Global,Aluminium,Primary,2040,72.65698446754533,Mt/yr,plotted,"[""Production|Non-Ferrous Metals|Aluminum|Primary""]",fig01_production,,,,,,,,,,,,,,,,,,,,,,,,,,,
baseline_noce,NDC+LTT,No CE,f,Global,Aluminium,Primary,2050,68.45857888402483,Mt/yr,plotted,"[""Production|Non-Ferrous Metals|Aluminum|Primary""]",fig01_production,,,,,,,,,,,,,,,,,,,,,,,,,,,
baseline_noce,NDC+LTT,No CE,f,Global,Aluminium,Secondary,2019,31.74999999569395,Mt/yr,plotted,"[""Production|Non-Ferrous Metals|Aluminum|Secondary""]",fig01_production,,,,,,,,,,,,,,,,,,,,,,,,,,,
baseline_noce,NDC+LTT,No CE,f,Global,Aluminium,Secondary,2024,42.97217430654027,Mt/yr,plotted,"[""Production|Non-Ferrous Metals|Aluminum|Secondary""]",fig01_production,,,,,,,,,,,,,,,,,,,,,,,,,,,
baseline_noce,NDC+LTT,No CE,f,Global,Aluminium,Secondary,2030,49.198755274443265,Mt/yr,plotted,"[""Production|Non-Ferrous Metals|Aluminum|Secondary""]",fig01_production,,,,,,,,,,,,,,,,,,,,,,,,,,,
baseline_noce,NDC+LTT,No CE,f,Global,Aluminium,Secondary,2035,55.33378086786785,Mt/yr,plotted,"[""Production|Non-Ferrous Metals|Aluminum|Secondary""]",fig01_production,,,,,,,,,,,,,,,,,,,,,,,,,,,
baseline_noce,NDC+LTT,No CE,f,Global,Aluminium,Secondary,2040,58.804233255296786,Mt/yr,plotted,"[""Production|Non-Ferrous Metals|Aluminum|Secondary""]",fig01_production,,,,,,,,,,,,,,,,,,,,,,,,,,,
baseline_noce,NDC+LTT,No CE,f,Global,Aluminium,Secondary,2050,64.55550787718173,Mt/yr,plotted,"[""Production|Non-Ferrous Metals|Aluminum|Secondary""]",fig01_production,,,,,,,,,,,,,,,,,,,,,,,,,,,
ndc_noce,NDC,No CE,a,Producer regions,Cement,Cement,2019,2357.17696299718,Mt/yr,plotted,"[""Production|Non-Metallic Minerals|Cement""]",fig02_leading_producers,baseline_noce,2050.0,China region,1.0,1.0,"[""CHN""]",,,,,,,,,,,,,,,,,,,,,
ndc_noce,NDC,No CE,a,Producer regions,Cement,Cement,2050,940.513609464344,Mt/yr,plotted,"[""Production|Non-Metallic Minerals|Cement""]",fig02_leading_producers,baseline_noce,2050.0,China region,1.0,1.0,"[""CHN""]",,,,,,,,,,,,,,,,,,,,,
ndc_noce,NDC,No CE,a,Producer regions,Cement,Cement,2019,338.922999997768,Mt/yr,plotted,"[""Production|Non-Metallic Minerals|Cement""]",fig02_leading_producers,baseline_noce,2050.0,India,2.0,2.0,"[""IND""]",,,,,,,,,,,,,,,,,,,,,
ndc_noce,NDC,No CE,a,Producer regions,Cement,Cement,2050,678.862769413349,Mt/yr,plotted,"[""Production|Non-Metallic Minerals|Cement""]",fig02_leading_producers,baseline_noce,2050.0,India,2.0,2.0,"[""IND""]",,,,,,,,,,,,,,,,,,,,,
ndc_noce,NDC,No CE,a,Producer regions,Cement,Cement,2019,205.1329999978,Mt/yr,plotted,"[""Production|Non-Metallic Minerals|Cement""]",fig02_leading_producers,baseline_noce,2050.0,Indonesia group,3.0,3.0,"[""IDN""]",,,,,,,,,,,,,,,,,,,,,
ndc_noce,NDC,No CE,a,Producer regions,Cement,Cement,2050,255.185453256374,Mt/yr,plotted,"[""Production|Non-Metallic Minerals|Cement""]",fig02_leading_producers,baseline_noce,2050.0,Indonesia group,3.0,3.0,"[""IDN""]",,,,,,,,,,,,,,,,,,,,,
ndc_noce,NDC,No CE,a,Producer regions,Cement,Cement,2019,161.832199997759,Mt/yr,plotted,"[""Production|Non-Metallic Minerals|Cement""]",fig02_leading_producers,baseline_noce,2050.0,Gulf & Iran,4.0,4.0,"[""MEA""]",,,,,,,,,,,,,,,,,,,,,
ndc_noce,NDC,No CE,a,Producer regions,Cement,Cement,2050,218.635303202511,Mt/yr,plotted,"[""Production|Non-Metallic Minerals|Cement""]",fig02_leading_producers,baseline_noce,2050.0,Gulf & Iran,4.0,4.0,"[""MEA""]",,,,,,,,,,,,,,,,,,,,,
ndc_noce,NDC,No CE,a,Producer regions,Cement,Cement,2019,88.6989999980088,Mt/yr,plotted,"[""Production|Non-Metallic Minerals|Cement""]",fig02_leading_producers,baseline_noce,2050.0,Other South Asia,5.0,5.0,"[""ASO""]",,,,,,,,,,,,,,,,,,,,,
ndc_noce,NDC,No CE,a,Producer regions,Cement,Cement,2050,202.499818183405,Mt/yr,plotted,"[""Production|Non-Metallic Minerals|Cement""]",fig02_leading_producers,baseline_noce,2050.0,Other South Asia,5.0,5.0,"[""ASO""]",,,,,,,,,,,,,,,,,,,,,
ndc_noce,NDC,No CE,a,Producer regions,Cement,Cement,2019,206.0375999892213,Mt/yr,plotted,"[""Production|Non-Metallic Minerals|Cement""]",fig02_leading_producers,baseline_noce,2050.0,Europe,6.0,6.0,"[""ENE"", ""ENW"", ""EUE"", ""EUM"", ""EUW""]",,,,,,,,,,,,,,,,,,,,,
ndc_noce,NDC,No CE,a,Producer regions,Cement,Cement,2050,198.6868363746056,Mt/yr,plotted,"[""Production|Non-Metallic Minerals|Cement""]",fig02_leading_producers,baseline_noce,2050.0,Europe,6.0,6.0,"[""ENE"", ""ENW"", ""EUE"", ""EUM"", ""EUW""]",,,,,,,,,,,,,,,,,,,,,
ndc_noce,NDC,No CE,a,Producer regions,Cement,Cement,2019,99.4559999978603,Mt/yr,plotted,"[""Production|Non-Metallic Minerals|Cement""]",fig02_leading_producers,baseline_noce,2050.0,Northern Africa,7.0,7.0,"[""AFN""]",,,,,,,,,,,,,,,,,,,,,
ndc_noce,NDC,No CE,a,Producer regions,Cement,Cement,2050,135.359617195832,Mt/yr,plotted,"[""Production|Non-Metallic Minerals|Cement""]",fig02_leading_producers,baseline_noce,2050.0,Northern Africa,7.0,7.0,"[""AFN""]",,,,,,,,,,,,,,,,,,,,,
ndc_noce,NDC,No CE,a,Producer regions,Cement,Cement,2019,85.081199997775,Mt/yr,plotted,"[""Production|Non-Metallic Minerals|Cement""]",fig02_leading_producers,baseline_noce,2050.0,Other Asia–Pacific,8.0,8.0,"[""ASE""]",,,,,,,,,,,,,,,,,,,,,
ndc_noce,NDC,No CE,a,Producer regions,Cement,Cement,2050,128.812937605491,Mt/yr,plotted,"[""Production|Non-Metallic Minerals|Cement""]",fig02_leading_producers,baseline_noce,2050.0,Other Asia–Pacific,8.0,8.0,"[""ASE""]",,,,,,,,,,,,,,,,,,,,,
ndc_noce,NDC,No CE,a,Producer regions,Cement,Cement,2019,70.8392999978275,Mt/yr,plotted,"[""Production|Non-Metallic Minerals|Cement""]",fig02_leading_producers,baseline_noce,2050.0,Turkey & Levant,9.0,9.0,"[""MDA""]",,,,,,,,,,,,,,,,,,,,,
ndc_noce,NDC,No CE,a,Producer regions,Cement,Cement,2050,104.629647292629,Mt/yr,plotted,"[""Production|Non-Metallic Minerals|Cement""]",fig02_leading_producers,baseline_noce,2050.0,Turkey & Levant,9.0,9.0,"[""MDA""]",,,,,,,,,,,,,,,,,,,,,
ndc_noce,NDC,No CE,a,Producer regions,Cement,Cement,2019,88.0999999977914,Mt/yr,plotted,"[""Production|Non-Metallic Minerals|Cement""]",fig02_leading_producers,baseline_noce,2050.0,United States,10.0,10.0,"[""USA""]",,,,,,,,,,,,,,,,,,,,,
ndc_noce,NDC,No CE,a,Producer regions,Cement,Cement,2050,99.3768001612069,Mt/yr,plotted,"[""Production|Non-Metallic Minerals|Cement""]",fig02_leading_producers,baseline_noce,2050.0,United States,10.0,10.0,"[""USA""]",,,,,,,,,,,,,,,,,,,,,
ndc_noce,NDC,No CE,a,Producer regions,Cement,Cement,2019,66.1435999978778,Mt/yr,plotted,"[""Production|Non-Metallic Minerals|Cement""]",fig02_leading_producers,baseline_noce,2050.0,Other Latin America,11.0,11.0,"[""LAM""]",,,,,,,,,,,,,,,,,,,,,
ndc_noce,NDC,No CE,a,Producer regions,Cement,Cement,2050,97.0326623605222,Mt/yr,plotted,"[""Production|Non-Metallic Minerals|Cement""]",fig02_leading_producers,baseline_noce,2050.0,Other Latin America,11.0,11.0,"[""LAM""]",,,,,,,,,,,,,,,,,,,,,
ndc_noce,NDC,No CE,a,Producer regions,Cement,Cement,2019,26.2281999978476,Mt/yr,plotted,"[""Production|Non-Metallic Minerals|Cement""]",fig02_leading_producers,baseline_noce,2050.0,Eastern Africa,12.0,12.0,"[""AFE""]",,,,,,,,,,,,,,,,,,,,,
ndc_noce,NDC,No CE,a,Producer regions,Cement,Cement,2050,78.2124932951709,Mt/yr,plotted,"[""Production|Non-Metallic Minerals|Cement""]",fig02_leading_producers,baseline_noce,2050.0,Eastern Africa,12.0,12.0,"[""AFE""]",,,,,,,,,,,,,,,,,,,,,
ndc_noce,NDC,No CE,a,Producer regions,Cement,Cement,2019,407.7592369757163,Mt/yr,plotted,"[""Production|Non-Metallic Minerals|Cement""]",fig02_leading_producers,baseline_noce,2050.0,Other model regions,,13.0,"[""CAN"", ""MEX"", ""BRA"", ""CHL"", ""ANZ"", ""JPN"", ""SKT"", ""RUS"", ""ASC"", ""AFW"", ""AFZ"", ""NIG""]",,,,,,,,,,,,,,,,,,,,,
ndc_noce,NDC,No CE,a,Producer regions,Cement,Cement,2050,522.3280200723136,Mt/yr,plotted,"[""Production|Non-Metallic Minerals|Cement""]",fig02_leading_producers,baseline_noce,2050.0,Other model regions,,13.0,"[""CAN"", ""MEX"", ""BRA"", ""CHL"", ""ANZ"", ""JPN"", ""SKT"", ""RUS"", ""ASC"", ""AFW"", ""AFZ"", ""NIG""]",,,,,,,,,,,,,,,,,,,,,
ndc_noce,NDC,No CE,a,Selected producers,Cement,Selected producer coverage,2019,90.2947033277263,%,context,"[""Production|Non-Metallic Minerals|Cement""]",fig02_leading_producers,baseline_noce,2050.0,Selected producers,,,"[""CHN"", ""IND"", ""IDN"", ""MEA"", ""ASO"", ""ENE"", ""ENW"", ""EUE"", ""EUM"", ""EUW"", ""AFN"", ""ASE"", ""MDA"", ""USA"", ""LAM"", ""AFE""]",,,,,,,,,,,,,,,,,,,,,
ndc_noce,NDC,No CE,a,Selected producers,Cement,Selected producer coverage,2024,89.0648927414148,%,context,"[""Production|Non-Metallic Minerals|Cement""]",fig02_leading_producers,baseline_noce,2050.0,Selected producers,,,"[""CHN"", ""IND"", ""IDN"", ""MEA"", ""ASO"", ""ENE"", ""ENW"", ""EUE"", ""EUM"", ""EUW"", ""AFN"", ""ASE"", ""MDA"", ""USA"", ""LAM"", ""AFE""]",,,,,,,,,,,,,,,,,,,,,
ndc_noce,NDC,No CE,a,Selected producers,Cement,Selected producer coverage,2030,88.17780321892384,%,context,"[""Production|Non-Metallic Minerals|Cement""]",fig02_leading_producers,baseline_noce,2050.0,Selected producers,,,"[""CHN"", ""IND"", ""IDN"", ""MEA"", ""ASO"", ""ENE"", ""ENW"", ""EUE"", ""EUM"", ""EUW"", ""AFN"", ""ASE"", ""MDA"", ""USA"", ""LAM"", ""AFE""]",,,,,,,,,,,,,,,,,,,,,
ndc_noce,NDC,No CE,a,Selected producers,Cement,Selected producer coverage,2035,87.35506722445089,%,context,"[""Production|Non-Metallic Minerals|Cement""]",fig02_leading_producers,baseline_noce,2050.0,Selected producers,,,"[""CHN"", ""IND"", ""IDN"", ""MEA"", ""ASO"", ""ENE"", ""ENW"", ""EUE"", ""EUM"", ""EUW"", ""AFN"", ""ASE"", ""MDA"", ""USA"", ""LAM"", ""AFE""]",,,,,,,,,,,,,,,,,,,,,
ndc_noce,NDC,No CE,a,Selected producers,Cement,Selected producer coverage,2040,86.80677307269069,%,context,"[""Production|Non-Metallic Minerals|Cement""]",fig02_leading_producers,baseline_noce,2050.0,Selected producers,,,"[""CHN"", ""IND"", ""IDN"", ""MEA"", ""ASO"", ""ENE"", ""ENW"", ""EUE"", ""EUM"", ""EUW"", ""AFN"", ""ASE"", ""MDA"", ""USA"", ""LAM"", ""AFE""]",,,,,,,,,,,,,,,,,,,,,
ndc_noce,NDC,No CE,a,Selected producers,Cement,Selected producer coverage,2050,85.72927277411573,%,context,"[""Production|Non-Metallic Minerals|Cement""]",fig02_leading_producers,baseline_noce,2050.0,Selected producers,,,"[""CHN"", ""IND"", ""IDN"", ""MEA"", ""ASO"", ""ENE"", ""ENW"", ""EUE"", ""EUM"", ""EUW"", ""AFN"", ""ASE"", ""MDA"", ""USA"", ""LAM"", ""AFE""]",,,,,,,,,,,,,,,,,,,,,
baseline_noce,NDC+LTT,No CE,a,Producer regions,Cement,Cement,2019,2357.17696299718,Mt/yr,plotted,"[""Production|Non-Metallic Minerals|Cement""]",fig02_leading_producers,baseline_noce,2050.0,China region,1.0,1.0,"[""CHN""]",,,,,,,,,,,,,,,,,,,,,
baseline_noce,NDC+LTT,No CE,a,Producer regions,Cement,Cement,2050,940.513607988705,Mt/yr,plotted,"[""Production|Non-Metallic Minerals|Cement""]",fig02_leading_producers,baseline_noce,2050.0,China region,1.0,1.0,"[""CHN""]",,,,,,,,,,,,,,,,,,,,,
baseline_noce,NDC+LTT,No CE,a,Producer regions,Cement,Cement,2019,338.922999997768,Mt/yr,plotted,"[""Production|Non-Metallic Minerals|Cement""]",fig02_leading_producers,baseline_noce,2050.0,India,2.0,2.0,"[""IND""]",,,,,,,,,,,,,,,,,,,,,
baseline_noce,NDC+LTT,No CE,a,Producer regions,Cement,Cement,2050,678.862769001465,Mt/yr,plotted,"[""Production|Non-Metallic Minerals|Cement""]",fig02_leading_producers,baseline_noce,2050.0,India,2.0,2.0,"[""IND""]",,,,,,,,,,,,,,,,,,,,,
baseline_noce,NDC+LTT,No CE,a,Producer regions,Cement,Cement,2019,205.1329999978,Mt/yr,plotted,"[""Production|Non-Metallic Minerals|Cement""]",fig02_leading_producers,baseline_noce,2050.0,Indonesia group,3.0,3.0,"[""IDN""]",,,,,,,,,,,,,,,,,,,,,
baseline_noce,NDC+LTT,No CE,a,Producer regions,Cement,Cement,2050,255.185452031926,Mt/yr,plotted,"[""Production|Non-Metallic Minerals|Cement""]",fig02_leading_producers,baseline_noce,2050.0,Indonesia group,3.0,3.0,"[""IDN""]",,,,,,,,,,,,,,,,,,,,,
baseline_noce,NDC+LTT,No CE,a,Producer regions,Cement,Cement,2019,161.832199997759,Mt/yr,plotted,"[""Production|Non-Metallic Minerals|Cement""]",fig02_leading_producers,baseline_noce,2050.0,Gulf & Iran,4.0,4.0,"[""MEA""]",,,,,,,,,,,,,,,,,,,,,
baseline_noce,NDC+LTT,No CE,a,Producer regions,Cement,Cement,2050,218.635302203846,Mt/yr,plotted,"[""Production|Non-Metallic Minerals|Cement""]",fig02_leading_producers,baseline_noce,2050.0,Gulf & Iran,4.0,4.0,"[""MEA""]",,,,,,,,,,,,,,,,,,,,,
baseline_noce,NDC+LTT,No CE,a,Producer regions,Cement,Cement,2019,88.6989999980088,Mt/yr,plotted,"[""Production|Non-Metallic Minerals|Cement""]",fig02_leading_producers,baseline_noce,2050.0,Other South Asia,5.0,5.0,"[""ASO""]",,,,,,,,,,,,,,,,,,,,,
baseline_noce,NDC+LTT,No CE,a,Producer regions,Cement,Cement,2050,202.499816997962,Mt/yr,plotted,"[""Production|Non-Metallic Minerals|Cement""]",fig02_leading_producers,baseline_noce,2050.0,Other South Asia,5.0,5.0,"[""ASO""]",,,,,,,,,,,,,,,,,,,,,
baseline_noce,NDC+LTT,No CE,a,Producer regions,Cement,Cement,2019,206.0375999892213,Mt/yr,plotted,"[""Production|Non-Metallic Minerals|Cement""]",fig02_leading_producers,baseline_noce,2050.0,Europe,6.0,6.0,"[""ENE"", ""ENW"", ""EUE"", ""EUM"", ""EUW""]",,,,,,,,,,,,,,,,,,,,,
baseline_noce,NDC+LTT,No CE,a,Producer regions,Cement,Cement,2050,198.6868325113928,Mt/yr,plotted,"[""Production|Non-Metallic Minerals|Cement""]",fig02_leading_producers,baseline_noce,2050.0,Europe,6.0,6.0,"[""ENE"", ""ENW"", ""EUE"", ""EUM"", ""EUW""]",,,,,,,,,,,,,,,,,,,,,
baseline_noce,NDC+LTT,No CE,a,Producer regions,Cement,Cement,2019,99.4559999978603,Mt/yr,plotted,"[""Production|Non-Metallic Minerals|Cement""]",fig02_leading_producers,baseline_noce,2050.0,Northern Africa,7.0,7.0,"[""AFN""]",,,,,,,,,,,,,,,,,,,,,
baseline_noce,NDC+LTT,No CE,a,Producer regions,Cement,Cement,2050,135.359616001031,Mt/yr,plotted,"[""Production|Non-Metallic Minerals|Cement""]",fig02_leading_producers,baseline_noce,2050.0,Northern Africa,7.0,7.0,"[""AFN""]",,,,,,,,,,,,,,,,,,,,,
baseline_noce,NDC+LTT,No CE,a,Producer regions,Cement,Cement,2019,85.081199997775,Mt/yr,plotted,"[""Production|Non-Metallic Minerals|Cement""]",fig02_leading_producers,baseline_noce,2050.0,Other Asia–Pacific,8.0,8.0,"[""ASE""]",,,,,,,,,,,,,,,,,,,,,
baseline_noce,NDC+LTT,No CE,a,Producer regions,Cement,Cement,2050,128.812936813576,Mt/yr,plotted,"[""Production|Non-Metallic Minerals|Cement""]",fig02_leading_producers,baseline_noce,2050.0,Other Asia–Pacific,8.0,8.0,"[""ASE""]",,,,,,,,,,,,,,,,,,,,,
baseline_noce,NDC+LTT,No CE,a,Producer regions,Cement,Cement,2019,70.8392999978275,Mt/yr,plotted,"[""Production|Non-Metallic Minerals|Cement""]",fig02_leading_producers,baseline_noce,2050.0,Turkey & Levant,9.0,9.0,"[""MDA""]",,,,,,,,,,,,,,,,,,,,,
baseline_noce,NDC+LTT,No CE,a,Producer regions,Cement,Cement,2050,104.629646096887,Mt/yr,plotted,"[""Production|Non-Metallic Minerals|Cement""]",fig02_leading_producers,baseline_noce,2050.0,Turkey & Levant,9.0,9.0,"[""MDA""]",,,,,,,,,,,,,,,,,,,,,
baseline_noce,NDC+LTT,No CE,a,Producer regions,Cement,Cement,2019,88.0999999977914,Mt/yr,plotted,"[""Production|Non-Metallic Minerals|Cement""]",fig02_leading_producers,baseline_noce,2050.0,United States,10.0,10.0,"[""USA""]",,,,,,,,,,,,,,,,,,,,,
baseline_noce,NDC+LTT,No CE,a,Producer regions,Cement,Cement,2050,99.3768000124692,Mt/yr,plotted,"[""Production|Non-Metallic Minerals|Cement""]",fig02_leading_producers,baseline_noce,2050.0,United States,10.0,10.0,"[""USA""]",,,,,,,,,,,,,,,,,,,,,
baseline_noce,NDC+LTT,No CE,a,Producer regions,Cement,Cement,2019,66.1435999978778,Mt/yr,plotted,"[""Production|Non-Metallic Minerals|Cement""]",fig02_leading_producers,baseline_noce,2050.0,Other Latin America,11.0,11.0,"[""LAM""]",,,,,,,,,,,,,,,,,,,,,
baseline_noce,NDC+LTT,No CE,a,Producer regions,Cement,Cement,2050,97.0326612008168,Mt/yr,plotted,"[""Production|Non-Metallic Minerals|Cement""]",fig02_leading_producers,baseline_noce,2050.0,Other Latin America,11.0,11.0,"[""LAM""]",,,,,,,,,,,,,,,,,,,,,
baseline_noce,NDC+LTT,No CE,a,Producer regions,Cement,Cement,2019,26.2281999978476,Mt/yr,plotted,"[""Production|Non-Metallic Minerals|Cement""]",fig02_leading_producers,baseline_noce,2050.0,Eastern Africa,12.0,12.0,"[""AFE""]",,,,,,,,,,,,,,,,,,,,,
baseline_noce,NDC+LTT,No CE,a,Producer regions,Cement,Cement,2050,78.212492403725,Mt/yr,plotted,"[""Production|Non-Metallic Minerals|Cement""]",fig02_leading_producers,baseline_noce,2050.0,Eastern Africa,12.0,12.0,"[""AFE""]",,,,,,,,,,,,,,,,,,,,,
baseline_noce,NDC+LTT,No CE,a,Producer regions,Cement,Cement,2019,407.7592369757163,Mt/yr,plotted,"[""Production|Non-Metallic Minerals|Cement""]",fig02_leading_producers,baseline_noce,2050.0,Other model regions,,13.0,"[""CAN"", ""MEX"", ""BRA"", ""CHL"", ""ANZ"", ""JPN"", ""SKT"", ""RUS"", ""ASC"", ""AFW"", ""AFZ"", ""NIG""]",,,,,,,,,,,,,,,,,,,,,
baseline_noce,NDC+LTT,No CE,a,Producer regions,Cement,Cement,2050,522.328009160022,Mt/yr,plotted,"[""Production|Non-Metallic Minerals|Cement""]",fig02_leading_producers,baseline_noce,2050.0,Other model regions,,13.0,"[""CAN"", ""MEX"", ""BRA"", ""CHL"", ""ANZ"", ""JPN"", ""SKT"", ""RUS"", ""ASC"", ""AFW"", ""AFZ"", ""NIG""]",,,,,,,,,,,,,,,,,,,,,
baseline_noce,NDC+LTT,No CE,a,Selected producers,Cement,Selected producer coverage,2019,90.2947033277263,%,context,"[""Production|Non-Metallic Minerals|Cement""]",fig02_leading_producers,baseline_noce,2050.0,Selected producers,,,"[""CHN"", ""IND"", ""IDN"", ""MEA"", ""ASO"", ""ENE"", ""ENW"", ""EUE"", ""EUM"", ""EUW"", ""AFN"", ""ASE"", ""MDA"", ""USA"", ""LAM"", ""AFE""]",,,,,,,,,,,,,,,,,,,,,
baseline_noce,NDC+LTT,No CE,a,Selected producers,Cement,Selected producer coverage,2024,89.0648927414148,%,context,"[""Production|Non-Metallic Minerals|Cement""]",fig02_leading_producers,baseline_noce,2050.0,Selected producers,,,"[""CHN"", ""IND"", ""IDN"", ""MEA"", ""ASO"", ""ENE"", ""ENW"", ""EUE"", ""EUM"", ""EUW"", ""AFN"", ""ASE"", ""MDA"", ""USA"", ""LAM"", ""AFE""]",,,,,,,,,,,,,,,,,,,,,
baseline_noce,NDC+LTT,No CE,a,Selected producers,Cement,Selected producer coverage,2030,88.17780333669639,%,context,"[""Production|Non-Metallic Minerals|Cement""]",fig02_leading_producers,baseline_noce,2050.0,Selected producers,,,"[""CHN"", ""IND"", ""IDN"", ""MEA"", ""ASO"", ""ENE"", ""ENW"", ""EUE"", ""EUM"", ""EUW"", ""AFN"", ""ASE"", ""MDA"", ""USA"", ""LAM"", ""AFE""]",,,,,,,,,,,,,,,,,,,,,
baseline_noce,NDC+LTT,No CE,a,Selected producers,Cement,Selected producer coverage,2035,87.35506737859555,%,context,"[""Production|Non-Metallic Minerals|Cement""]",fig02_leading_producers,baseline_noce,2050.0,Selected producers,,,"[""CHN"", ""IND"", ""IDN"", ""MEA"", ""ASO"", ""ENE"", ""ENW"", ""EUE"", ""EUM"", ""EUW"", ""AFN"", ""ASE"", ""MDA"", ""USA"", ""LAM"", ""AFE""]",,,,,,,,,,,,,,,,,,,,,
baseline_noce,NDC+LTT,No CE,a,Selected producers,Cement,Selected producer coverage,2040,86.80677320286175,%,context,"[""Production|Non-Metallic Minerals|Cement""]",fig02_leading_producers,baseline_noce,2050.0,Selected producers,,,"[""CHN"", ""IND"", ""IDN"", ""MEA"", ""ASO"", ""ENE"", ""ENW"", ""EUE"", ""EUM"", ""EUW"", ""AFN"", ""ASE"", ""MDA"", ""USA"", ""LAM"", ""AFE""]",,,,,,,,,,,,,,,,,,,,,
baseline_noce,NDC+LTT,No CE,a,Selected producers,Cement,Selected producer coverage,2050,85.72927297301081,%,context,"[""Production|Non-Metallic Minerals|Cement""]",fig02_leading_producers,baseline_noce,2050.0,Selected producers,,,"[""CHN"", ""IND"", ""IDN"", ""MEA"", ""ASO"", ""ENE"", ""ENW"", ""EUE"", ""EUM"", ""EUW"", ""AFN"", ""ASE"", ""MDA"", ""USA"", ""LAM"", ""AFE""]",,,,,,,,,,,,,,,,,,,,,
ndc_noce,NDC,No CE,b,Producer regions,Iron and steel,Total,2019,948.2701578582521,Mt/yr,plotted,"[""Production|Iron and Steel|Primary"", ""Production|Iron and Steel|Secondary""]",fig02_leading_producers,baseline_noce,2050.0,China region,1.0,1.0,"[""CHN""]",,,,,,,,,,,,,,,,,,,,,
ndc_noce,NDC,No CE,b,Producer regions,Iron and steel,Total,2050,796.5469360049549,Mt/yr,plotted,"[""Production|Iron and Steel|Primary"", ""Production|Iron and Steel|Secondary""]",fig02_leading_producers,baseline_noce,2050.0,China region,1.0,1.0,"[""CHN""]",,,,,,,,,,,,,,,,,,,,,
ndc_noce,NDC,No CE,b,Producer regions,Iron and steel,Total,2019,104.7509878412537,Mt/yr,plotted,"[""Production|Iron and Steel|Primary"", ""Production|Iron and Steel|Secondary""]",fig02_leading_producers,baseline_noce,2050.0,India,2.0,2.0,"[""IND""]",,,,,,,,,,,,,,,,,,,,,
ndc_noce,NDC,No CE,b,Producer regions,Iron and steel,Total,2050,749.912325125238,Mt/yr,plotted,"[""Production|Iron and Steel|Primary"", ""Production|Iron and Steel|Secondary""]",fig02_leading_producers,baseline_noce,2050.0,India,2.0,2.0,"[""IND""]",,,,,,,,,,,,,,,,,,,,,
ndc_noce,NDC,No CE,b,Producer regions,Iron and steel,Total,2019,202.59573381823873,Mt/yr,plotted,"[""Production|Iron and Steel|Primary"", ""Production|Iron and Steel|Secondary""]",fig02_leading_producers,baseline_noce,2050.0,Europe,3.0,3.0,"[""ENE"", ""ENW"", ""EUE"", ""EUM"", ""EUW""]",,,,,,,,,,,,,,,,,,,,,
ndc_noce,NDC,No CE,b,Producer regions,Iron and steel,Total,2050,98.0484818755622,Mt/yr,plotted,"[""Production|Iron and Steel|Primary"", ""Production|Iron and Steel|Secondary""]",fig02_leading_producers,baseline_noce,2050.0,Europe,3.0,3.0,"[""ENE"", ""ENW"", ""EUE"", ""EUM"", ""EUW""]",,,,,,,,,,,,,,,,,,,,,
ndc_noce,NDC,No CE,b,Producer regions,Iron and steel,Total,2019,31.608432953420397,Mt/yr,plotted,"[""Production|Iron and Steel|Primary"", ""Production|Iron and Steel|Secondary""]",fig02_leading_producers,baseline_noce,2050.0,Brazil,4.0,4.0,"[""BRA""]",,,,,,,,,,,,,,,,,,,,,
ndc_noce,NDC,No CE,b,Producer regions,Iron and steel,Total,2050,72.6677916330759,Mt/yr,plotted,"[""Production|Iron and Steel|Primary"", ""Production|Iron and Steel|Secondary""]",fig02_leading_producers,baseline_noce,2050.0,Brazil,4.0,4.0,"[""BRA""]",,,,,,,,,,,,,,,,,,,,,
ndc_noce,NDC,No CE,b,Producer regions,Iron and steel,Total,2019,102.44869842908881,Mt/yr,plotted,"[""Production|Iron and Steel|Primary"", ""Production|Iron and Steel|Secondary""]",fig02_leading_producers,baseline_noce,2050.0,Japan,5.0,5.0,"[""JPN""]",,,,,,,,,,,,,,,,,,,,,
ndc_noce,NDC,No CE,b,Producer regions,Iron and steel,Total,2050,69.05042508945729,Mt/yr,plotted,"[""Production|Iron and Steel|Primary"", ""Production|Iron and Steel|Secondary""]",fig02_leading_producers,baseline_noce,2050.0,Japan,5.0,5.0,"[""JPN""]",,,,,,,,,,,,,,,,,,,,,
ndc_noce,NDC,No CE,b,Producer regions,Iron and steel,Total,2019,75.7816577158891,Mt/yr,plotted,"[""Production|Iron and Steel|Primary"", ""Production|Iron and Steel|Secondary""]",fig02_leading_producers,baseline_noce,2050.0,Russia,6.0,6.0,"[""RUS""]",,,,,,,,,,,,,,,,,,,,,
ndc_noce,NDC,No CE,b,Producer regions,Iron and steel,Total,2050,64.1870667408406,Mt/yr,plotted,"[""Production|Iron and Steel|Primary"", ""Production|Iron and Steel|Secondary""]",fig02_leading_producers,baseline_noce,2050.0,Russia,6.0,6.0,"[""RUS""]",,,,,,,,,,,,,,,,,,,,,
ndc_noce,NDC,No CE,b,Producer regions,Iron and steel,Total,2019,86.7126257604092,Mt/yr,plotted,"[""Production|Iron and Steel|Primary"", ""Production|Iron and Steel|Secondary""]",fig02_leading_producers,baseline_noce,2050.0,United States,7.0,7.0,"[""USA""]",,,,,,,,,,,,,,,,,,,,,
ndc_noce,NDC,No CE,b,Producer regions,Iron and steel,Total,2050,50.90031435103735,Mt/yr,plotted,"[""Production|Iron and Steel|Primary"", ""Production|Iron and Steel|Secondary""]",fig02_leading_producers,baseline_noce,2050.0,United States,7.0,7.0,"[""USA""]",,,,,,,,,,,,,,,,,,,,,
ndc_noce,NDC,No CE,b,Producer regions,Iron and steel,Total,2019,69.3145074752365,Mt/yr,plotted,"[""Production|Iron and Steel|Primary"", ""Production|Iron and Steel|Secondary""]",fig02_leading_producers,baseline_noce,2050.0,South Korea,8.0,8.0,"[""SKT""]",,,,,,,,,,,,,,,,,,,,,
ndc_noce,NDC,No CE,b,Producer regions,Iron and steel,Total,2050,43.5988279575382,Mt/yr,plotted,"[""Production|Iron and Steel|Primary"", ""Production|Iron and Steel|Secondary""]",fig02_leading_producers,baseline_noce,2050.0,South Korea,8.0,8.0,"[""SKT""]",,,,,,,,,,,,,,,,,,,,,
ndc_noce,NDC,No CE,b,Producer regions,Iron and steel,Total,2019,20.38263213914522,Mt/yr,plotted,"[""Production|Iron and Steel|Primary"", ""Production|Iron and Steel|Secondary""]",fig02_leading_producers,baseline_noce,2050.0,Turkey & Levant,9.0,9.0,"[""MDA""]",,,,,,,,,,,,,,,,,,,,,
ndc_noce,NDC,No CE,b,Producer regions,Iron and steel,Total,2050,39.0327438840528,Mt/yr,plotted,"[""Production|Iron and Steel|Primary"", ""Production|Iron and Steel|Secondary""]",fig02_leading_producers,baseline_noce,2050.0,Turkey & Levant,9.0,9.0,"[""MDA""]",,,,,,,,,,,,,,,,,,,,,
ndc_noce,NDC,No CE,b,Producer regions,Iron and steel,Total,2019,18.99695005129331,Mt/yr,plotted,"[""Production|Iron and Steel|Primary"", ""Production|Iron and Steel|Secondary""]",fig02_leading_producers,baseline_noce,2050.0,Indonesia group,10.0,10.0,"[""IDN""]",,,,,,,,,,,,,,,,,,,,,
ndc_noce,NDC,No CE,b,Producer regions,Iron and steel,Total,2050,34.06153542476862,Mt/yr,plotted,"[""Production|Iron and Steel|Primary"", ""Production|Iron and Steel|Secondary""]",fig02_leading_producers,baseline_noce,2050.0,Indonesia group,10.0,10.0,"[""IDN""]",,,,,,,,,,,,,,,,,,,,,
ndc_noce,NDC,No CE,b,Producer regions,Iron and steel,Total,2019,18.76949401900283,Mt/yr,plotted,"[""Production|Iron and Steel|Primary"", ""Production|Iron and Steel|Secondary""]",fig02_leading_producers,baseline_noce,2050.0,Gulf & Iran,11.0,11.0,"[""MEA""]",,,,,,,,,,,,,,,,,,,,,
ndc_noce,NDC,No CE,b,Producer regions,Iron and steel,Total,2050,30.8758200079798,Mt/yr,plotted,"[""Production|Iron and Steel|Primary"", ""Production|Iron and Steel|Secondary""]",fig02_leading_producers,baseline_noce,2050.0,Gulf & Iran,11.0,11.0,"[""MEA""]",,,,,,,,,,,,,,,,,,,,,
ndc_noce,NDC,No CE,b,Producer regions,Iron and steel,Total,2019,10.039200444466541,Mt/yr,plotted,"[""Production|Iron and Steel|Primary"", ""Production|Iron and Steel|Secondary""]",fig02_leading_producers,baseline_noce,2050.0,Other Latin America,12.0,12.0,"[""LAM""]",,,,,,,,,,,,,,,,,,,,,
ndc_noce,NDC,No CE,b,Producer regions,Iron and steel,Total,2050,30.107564269954743,Mt/yr,plotted,"[""Production|Iron and Steel|Primary"", ""Production|Iron and Steel|Secondary""]",fig02_leading_producers,baseline_noce,2050.0,Other Latin America,12.0,12.0,"[""LAM""]",,,,,,,,,,,,,,,,,,,,,
ndc_noce,NDC,No CE,b,Producer regions,Iron and steel,Total,2019,65.04047272715546,Mt/yr,plotted,"[""Production|Iron and Steel|Primary"", ""Production|Iron and Steel|Secondary""]",fig02_leading_producers,baseline_noce,2050.0,Other model regions,,13.0,"[""CAN"", ""MEX"", ""CHL"", ""ANZ"", ""ASE"", ""ASO"", ""ASC"", ""AFE"", ""AFN"", ""AFW"", ""AFZ"", ""NIG""]",,,,,,,,,,,,,,,,,,,,,
ndc_noce,NDC,No CE,b,Producer regions,Iron and steel,Total,2050,107.93994072051017,Mt/yr,plotted,"[""Production|Iron and Steel|Primary"", ""Production|Iron and Steel|Secondary""]",fig02_leading_producers,baseline_noce,2050.0,Other model regions,,13.0,"[""CAN"", ""MEX"", ""CHL"", ""ANZ"", ""ASE"", ""ASO"", ""ASC"", ""AFE"", ""AFN"", ""AFW"", ""AFZ"", ""NIG""]",,,,,,,,,,,,,,,,,,,,,
ndc_noce,NDC,No CE,b,Selected producers,Iron and steel,Selected producer coverage,2019,96.29338094449439,%,context,"[""Production|Iron and Steel|Primary"", ""Production|Iron and Steel|Secondary""]",fig02_leading_producers,baseline_noce,2050.0,Selected producers,,,"[""CHN"", ""IND"", ""ENE"", ""ENW"", ""EUE"", ""EUM"", ""EUW"", ""BRA"", ""JPN"", ""RUS"", ""USA"", ""SKT"", ""MDA"", ""IDN"", ""MEA"", ""LAM""]",,,,,,,,,,,,,,,,,,,,,
ndc_noce,NDC,No CE,b,Selected producers,Iron and steel,Selected producer coverage,2024,96.09481509253153,%,context,"[""Production|Iron and Steel|Primary"", ""Production|Iron and Steel|Secondary""]",fig02_leading_producers,baseline_noce,2050.0,Selected producers,,,"[""CHN"", ""IND"", ""ENE"", ""ENW"", ""EUE"", ""EUM"", ""EUW"", ""BRA"", ""JPN"", ""RUS"", ""USA"", ""SKT"", ""MDA"", ""IDN"", ""MEA"", ""LAM""]",,,,,,,,,,,,,,,,,,,,,
ndc_noce,NDC,No CE,b,Selected producers,Iron and steel,Selected producer coverage,2030,95.65754553944802,%,context,"[""Production|Iron and Steel|Primary"", ""Production|Iron and Steel|Secondary""]",fig02_leading_producers,baseline_noce,2050.0,Selected producers,,,"[""CHN"", ""IND"", ""ENE"", ""ENW"", ""EUE"", ""EUM"", ""EUW"", ""BRA"", ""JPN"", ""RUS"", ""USA"", ""SKT"", ""MDA"", ""IDN"", ""MEA"", ""LAM""]",,,,,,,,,,,,,,,,,,,,,
ndc_noce,NDC,No CE,b,Selected producers,Iron and steel,Selected producer coverage,2035,95.09335315705792,%,context,"[""Production|Iron and Steel|Primary"", ""Production|Iron and Steel|Secondary""]",fig02_leading_producers,baseline_noce,2050.0,Selected producers,,,"[""CHN"", ""IND"", ""ENE"", ""ENW"", ""EUE"", ""EUM"", ""EUW"", ""BRA"", ""JPN"", ""RUS"", ""USA"", ""SKT"", ""MDA"", ""IDN"", ""MEA"", ""LAM""]",,,,,,,,,,,,,,,,,,,,,
ndc_noce,NDC,No CE,b,Selected producers,Iron and steel,Selected producer coverage,2040,94.85648706481122,%,context,"[""Production|Iron and Steel|Primary"", ""Production|Iron and Steel|Secondary""]",fig02_leading_producers,baseline_noce,2050.0,Selected producers,,,"[""CHN"", ""IND"", ""ENE"", ""ENW"", ""EUE"", ""EUM"", ""EUW"", ""BRA"", ""JPN"", ""RUS"", ""USA"", ""SKT"", ""MDA"", ""IDN"", ""MEA"", ""LAM""]",,,,,,,,,,,,,,,,,,,,,
ndc_noce,NDC,No CE,b,Selected producers,Iron and steel,Selected producer coverage,2050,95.06431609972341,%,context,"[""Production|Iron and Steel|Primary"", ""Production|Iron and Steel|Secondary""]",fig02_leading_producers,baseline_noce,2050.0,Selected producers,,,"[""CHN"", ""IND"", ""ENE"", ""ENW"", ""EUE"", ""EUM"", ""EUW"", ""BRA"", ""JPN"", ""RUS"", ""USA"", ""SKT"", ""MDA"", ""IDN"", ""MEA"", ""LAM""]",,,,,,,,,,,,,,,,,,,,,
baseline_noce,NDC+LTT,No CE,b,Producer regions,Iron and steel,Total,2019,948.2701578582521,Mt/yr,plotted,"[""Production|Iron and Steel|Primary"", ""Production|Iron and Steel|Secondary""]",fig02_leading_producers,baseline_noce,2050.0,China region,1.0,1.0,"[""CHN""]",,,,,,,,,,,,,,,,,,,,,
baseline_noce,NDC+LTT,No CE,b,Producer regions,Iron and steel,Total,2050,796.546932491431,Mt/yr,plotted,"[""Production|Iron and Steel|Primary"", ""Production|Iron and Steel|Secondary""]",fig02_leading_producers,baseline_noce,2050.0,China region,1.0,1.0,"[""CHN""]",,,,,,,,,,,,,,,,,,,,,
baseline_noce,NDC+LTT,No CE,b,Producer regions,Iron and steel,Total,2019,104.7509878412537,Mt/yr,plotted,"[""Production|Iron and Steel|Primary"", ""Production|Iron and Steel|Secondary""]",fig02_leading_producers,baseline_noce,2050.0,India,2.0,2.0,"[""IND""]",,,,,,,,,,,,,,,,,,,,,
baseline_noce,NDC+LTT,No CE,b,Producer regions,Iron and steel,Total,2050,749.912321099726,Mt/yr,plotted,"[""Production|Iron and Steel|Primary"", ""Production|Iron and Steel|Secondary""]",fig02_leading_producers,baseline_noce,2050.0,India,2.0,2.0,"[""IND""]",,,,,,,,,,,,,,,,,,,,,
baseline_noce,NDC+LTT,No CE,b,Producer regions,Iron and steel,Total,2019,202.59573381823873,Mt/yr,plotted,"[""Production|Iron and Steel|Primary"", ""Production|Iron and Steel|Secondary""]",fig02_leading_producers,baseline_noce,2050.0,Europe,3.0,3.0,"[""ENE"", ""ENW"", ""EUE"", ""EUM"", ""EUW""]",,,,,,,,,,,,,,,,,,,,,
baseline_noce,NDC+LTT,No CE,b,Producer regions,Iron and steel,Total,2050,98.04846925110728,Mt/yr,plotted,"[""Production|Iron and Steel|Primary"", ""Production|Iron and Steel|Secondary""]",fig02_leading_producers,baseline_noce,2050.0,Europe,3.0,3.0,"[""ENE"", ""ENW"", ""EUE"", ""EUM"", ""EUW""]",,,,,,,,,,,,,,,,,,,,,
baseline_noce,NDC+LTT,No CE,b,Producer regions,Iron and steel,Total,2019,31.608432953420397,Mt/yr,plotted,"[""Production|Iron and Steel|Primary"", ""Production|Iron and Steel|Secondary""]",fig02_leading_producers,baseline_noce,2050.0,Brazil,4.0,4.0,"[""BRA""]",,,,,,,,,,,,,,,,,,,,,
baseline_noce,NDC+LTT,No CE,b,Producer regions,Iron and steel,Total,2050,72.6677873800857,Mt/yr,plotted,"[""Production|Iron and Steel|Primary"", ""Production|Iron and Steel|Secondary""]",fig02_leading_producers,baseline_noce,2050.0,Brazil,4.0,4.0,"[""BRA""]",,,,,,,,,,,,,,,,,,,,,
baseline_noce,NDC+LTT,No CE,b,Producer regions,Iron and steel,Total,2019,102.44869842908881,Mt/yr,plotted,"[""Production|Iron and Steel|Primary"", ""Production|Iron and Steel|Secondary""]",fig02_leading_producers,baseline_noce,2050.0,Japan,5.0,5.0,"[""JPN""]",,,,,,,,,,,,,,,,,,,,,
baseline_noce,NDC+LTT,No CE,b,Producer regions,Iron and steel,Total,2050,69.05042271244578,Mt/yr,plotted,"[""Production|Iron and Steel|Primary"", ""Production|Iron and Steel|Secondary""]",fig02_leading_producers,baseline_noce,2050.0,Japan,5.0,5.0,"[""JPN""]",,,,,,,,,,,,,,,,,,,,,
baseline_noce,NDC+LTT,No CE,b,Producer regions,Iron and steel,Total,2019,75.7816577158891,Mt/yr,plotted,"[""Production|Iron and Steel|Primary"", ""Production|Iron and Steel|Secondary""]",fig02_leading_producers,baseline_noce,2050.0,Russia,6.0,6.0,"[""RUS""]",,,,,,,,,,,,,,,,,,,,,
baseline_noce,NDC+LTT,No CE,b,Producer regions,Iron and steel,Total,2050,64.1870640538941,Mt/yr,plotted,"[""Production|Iron and Steel|Primary"", ""Production|Iron and Steel|Secondary""]",fig02_leading_producers,baseline_noce,2050.0,Russia,6.0,6.0,"[""RUS""]",,,,,,,,,,,,,,,,,,,,,
baseline_noce,NDC+LTT,No CE,b,Producer regions,Iron and steel,Total,2019,86.7126257604092,Mt/yr,plotted,"[""Production|Iron and Steel|Primary"", ""Production|Iron and Steel|Secondary""]",fig02_leading_producers,baseline_noce,2050.0,United States,7.0,7.0,"[""USA""]",,,,,,,,,,,,,,,,,,,,,
baseline_noce,NDC+LTT,No CE,b,Producer regions,Iron and steel,Total,2050,50.9003112543322,Mt/yr,plotted,"[""Production|Iron and Steel|Primary"", ""Production|Iron and Steel|Secondary""]",fig02_leading_producers,baseline_noce,2050.0,United States,7.0,7.0,"[""USA""]",,,,,,,,,,,,,,,,,,,,,
baseline_noce,NDC+LTT,No CE,b,Producer regions,Iron and steel,Total,2019,69.3145074752365,Mt/yr,plotted,"[""Production|Iron and Steel|Primary"", ""Production|Iron and Steel|Secondary""]",fig02_leading_producers,baseline_noce,2050.0,South Korea,8.0,8.0,"[""SKT""]",,,,,,,,,,,,,,,,,,,,,
baseline_noce,NDC+LTT,No CE,b,Producer regions,Iron and steel,Total,2050,43.598825182875,Mt/yr,plotted,"[""Production|Iron and Steel|Primary"", ""Production|Iron and Steel|Secondary""]",fig02_leading_producers,baseline_noce,2050.0,South Korea,8.0,8.0,"[""SKT""]",,,,,,,,,,,,,,,,,,,,,
baseline_noce,NDC+LTT,No CE,b,Producer regions,Iron and steel,Total,2019,20.38263213914522,Mt/yr,plotted,"[""Production|Iron and Steel|Primary"", ""Production|Iron and Steel|Secondary""]",fig02_leading_producers,baseline_noce,2050.0,Turkey & Levant,9.0,9.0,"[""MDA""]",,,,,,,,,,,,,,,,,,,,,
baseline_noce,NDC+LTT,No CE,b,Producer regions,Iron and steel,Total,2050,39.0327405277318,Mt/yr,plotted,"[""Production|Iron and Steel|Primary"", ""Production|Iron and Steel|Secondary""]",fig02_leading_producers,baseline_noce,2050.0,Turkey & Levant,9.0,9.0,"[""MDA""]",,,,,,,,,,,,,,,,,,,,,
baseline_noce,NDC+LTT,No CE,b,Producer regions,Iron and steel,Total,2019,18.99695005129331,Mt/yr,plotted,"[""Production|Iron and Steel|Primary"", ""Production|Iron and Steel|Secondary""]",fig02_leading_producers,baseline_noce,2050.0,Indonesia group,10.0,10.0,"[""IDN""]",,,,,,,,,,,,,,,,,,,,,
baseline_noce,NDC+LTT,No CE,b,Producer regions,Iron and steel,Total,2050,34.06153139572441,Mt/yr,plotted,"[""Production|Iron and Steel|Primary"", ""Production|Iron and Steel|Secondary""]",fig02_leading_producers,baseline_noce,2050.0,Indonesia group,10.0,10.0,"[""IDN""]",,,,,,,,,,,,,,,,,,,,,
baseline_noce,NDC+LTT,No CE,b,Producer regions,Iron and steel,Total,2019,18.76949401900283,Mt/yr,plotted,"[""Production|Iron and Steel|Primary"", ""Production|Iron and Steel|Secondary""]",fig02_leading_producers,baseline_noce,2050.0,Gulf & Iran,11.0,11.0,"[""MEA""]",,,,,,,,,,,,,,,,,,,,,
baseline_noce,NDC+LTT,No CE,b,Producer regions,Iron and steel,Total,2050,30.875817655842198,Mt/yr,plotted,"[""Production|Iron and Steel|Primary"", ""Production|Iron and Steel|Secondary""]",fig02_leading_producers,baseline_noce,2050.0,Gulf & Iran,11.0,11.0,"[""MEA""]",,,,,,,,,,,,,,,,,,,,,
baseline_noce,NDC+LTT,No CE,b,Producer regions,Iron and steel,Total,2019,10.039200444466541,Mt/yr,plotted,"[""Production|Iron and Steel|Primary"", ""Production|Iron and Steel|Secondary""]",fig02_leading_producers,baseline_noce,2050.0,Other Latin America,12.0,12.0,"[""LAM""]",,,,,,,,,,,,,,,,,,,,,
baseline_noce,NDC+LTT,No CE,b,Producer regions,Iron and steel,Total,2050,30.10756211754141,Mt/yr,plotted,"[""Production|Iron and Steel|Primary"", ""Production|Iron and Steel|Secondary""]",fig02_leading_producers,baseline_noce,2050.0,Other Latin America,12.0,12.0,"[""LAM""]",,,,,,,,,,,,,,,,,,,,,
baseline_noce,NDC+LTT,No CE,b,Producer regions,Iron and steel,Total,2019,65.04047272715546,Mt/yr,plotted,"[""Production|Iron and Steel|Primary"", ""Production|Iron and Steel|Secondary""]",fig02_leading_producers,baseline_noce,2050.0,Other model regions,,13.0,"[""CAN"", ""MEX"", ""CHL"", ""ANZ"", ""ASE"", ""ASO"", ""ASC"", ""AFE"", ""AFN"", ""AFW"", ""AFZ"", ""NIG""]",,,,,,,,,,,,,,,,,,,,,
baseline_noce,NDC+LTT,No CE,b,Producer regions,Iron and steel,Total,2050,107.93990598051575,Mt/yr,plotted,"[""Production|Iron and Steel|Primary"", ""Production|Iron and Steel|Secondary""]",fig02_leading_producers,baseline_noce,2050.0,Other model regions,,13.0,"[""CAN"", ""MEX"", ""CHL"", ""ANZ"", ""ASE"", ""ASO"", ""ASC"", ""AFE"", ""AFN"", ""AFW"", ""AFZ"", ""NIG""]",,,,,,,,,,,,,,,,,,,,,
baseline_noce,NDC+LTT,No CE,b,Selected producers,Iron and steel,Selected producer coverage,2019,96.29338094449439,%,context,"[""Production|Iron and Steel|Primary"", ""Production|Iron and Steel|Secondary""]",fig02_leading_producers,baseline_noce,2050.0,Selected producers,,,"[""CHN"", ""IND"", ""ENE"", ""ENW"", ""EUE"", ""EUM"", ""EUW"", ""BRA"", ""JPN"", ""RUS"", ""USA"", ""SKT"", ""MDA"", ""IDN"", ""MEA"", ""LAM""]",,,,,,,,,,,,,,,,,,,,,
baseline_noce,NDC+LTT,No CE,b,Selected producers,Iron and steel,Selected producer coverage,2024,96.09481509253153,%,context,"[""Production|Iron and Steel|Primary"", ""Production|Iron and Steel|Secondary""]",fig02_leading_producers,baseline_noce,2050.0,Selected producers,,,"[""CHN"", ""IND"", ""ENE"", ""ENW"", ""EUE"", ""EUM"", ""EUW"", ""BRA"", ""JPN"", ""RUS"", ""USA"", ""SKT"", ""MDA"", ""IDN"", ""MEA"", ""LAM""]",,,,,,,,,,,,,,,,,,,,,
baseline_noce,NDC+LTT,No CE,b,Selected producers,Iron and steel,Selected producer coverage,2030,95.65754618896011,%,context,"[""Production|Iron and Steel|Primary"", ""Production|Iron and Steel|Secondary""]",fig02_leading_producers,baseline_noce,2050.0,Selected producers,,,"[""CHN"", ""IND"", ""ENE"", ""ENW"", ""EUE"", ""EUM"", ""EUW"", ""BRA"", ""JPN"", ""RUS"", ""USA"", ""SKT"", ""MDA"", ""IDN"", ""MEA"", ""LAM""]",,,,,,,,,,,,,,,,,,,,,
baseline_noce,NDC+LTT,No CE,b,Selected producers,Iron and steel,Selected producer coverage,2035,95.09335453481219,%,context,"[""Production|Iron and Steel|Primary"", ""Production|Iron and Steel|Secondary""]",fig02_leading_producers,baseline_noce,2050.0,Selected producers,,,"[""CHN"", ""IND"", ""ENE"", ""ENW"", ""EUE"", ""EUM"", ""EUW"", ""BRA"", ""JPN"", ""RUS"", ""USA"", ""SKT"", ""MDA"", ""IDN"", ""MEA"", ""LAM""]",,,,,,,,,,,,,,,,,,,,,
baseline_noce,NDC+LTT,No CE,b,Selected producers,Iron and steel,Selected producer coverage,2040,94.85648845548678,%,context,"[""Production|Iron and Steel|Primary"", ""Production|Iron and Steel|Secondary""]",fig02_leading_producers,baseline_noce,2050.0,Selected producers,,,"[""CHN"", ""IND"", ""ENE"", ""ENW"", ""EUE"", ""EUM"", ""EUW"", ""BRA"", ""JPN"", ""RUS"", ""USA"", ""SKT"", ""MDA"", ""IDN"", ""MEA"", ""LAM""]",,,,,,,,,,,,,,,,,,,,,
baseline_noce,NDC+LTT,No CE,b,Selected producers,Iron and steel,Selected producer coverage,2050,95.06431750322696,%,context,"[""Production|Iron and Steel|Primary"", ""Production|Iron and Steel|Secondary""]",fig02_leading_producers,baseline_noce,2050.0,Selected producers,,,"[""CHN"", ""IND"", ""ENE"", ""ENW"", ""EUE"", ""EUM"", ""EUW"", ""BRA"", ""JPN"", ""RUS"", ""USA"", ""SKT"", ""MDA"", ""IDN"", ""MEA"", ""LAM""]",,,,,,,,,,,,,,,,,,,,,
ndc_noce,NDC,No CE,c,Producer regions,Aluminium,Total,2019,45.6540000439702,Mt/yr,plotted,"[""Production|Non-Ferrous Metals|Aluminum|Primary"", ""Production|Non-Ferrous Metals|Aluminum|Secondary""]",fig02_leading_producers,baseline_noce,2050.0,China region,1.0,1.0,"[""CHN""]",,,,,,,,,,,,,,,,,,,,,
ndc_noce,NDC,No CE,c,Producer regions,Aluminium,Total,2050,54.4652230638117,Mt/yr,plotted,"[""Production|Non-Ferrous Metals|Aluminum|Primary"", ""Production|Non-Ferrous Metals|Aluminum|Secondary""]",fig02_leading_producers,baseline_noce,2050.0,China region,1.0,1.0,"[""CHN""]",,,,,,,,,,,,,,,,,,,,,
ndc_noce,NDC,No CE,c,Producer regions,Aluminium,Total,2019,5.02999999512509,Mt/yr,plotted,"[""Production|Non-Ferrous Metals|Aluminum|Primary"", ""Production|Non-Ferrous Metals|Aluminum|Secondary""]",fig02_leading_producers,baseline_noce,2050.0,India,2.0,2.0,"[""IND""]",,,,,,,,,,,,,,,,,,,,,
ndc_noce,NDC,No CE,c,Producer regions,Aluminium,Total,2050,14.008551444663969,Mt/yr,plotted,"[""Production|Non-Ferrous Metals|Aluminum|Primary"", ""Production|Non-Ferrous Metals|Aluminum|Secondary""]",fig02_leading_producers,baseline_noce,2050.0,India,2.0,2.0,"[""IND""]",,,,,,,,,,,,,,,,,,,,,
ndc_noce,NDC,No CE,c,Producer regions,Aluminium,Total,2019,11.327999971290446,Mt/yr,plotted,"[""Production|Non-Ferrous Metals|Aluminum|Primary"", ""Production|Non-Ferrous Metals|Aluminum|Secondary""]",fig02_leading_producers,baseline_noce,2050.0,Europe,3.0,3.0,"[""ENE"", ""ENW"", ""EUE"", ""EUM"", ""EUW""]",,,,,,,,,,,,,,,,,,,,,
ndc_noce,NDC,No CE,c,Producer regions,Aluminium,Total,2050,12.48974739680704,Mt/yr,plotted,"[""Production|Non-Ferrous Metals|Aluminum|Primary"", ""Production|Non-Ferrous Metals|Aluminum|Secondary""]",fig02_leading_producers,baseline_noce,2050.0,Europe,3.0,3.0,"[""ENE"", ""ENW"", ""EUE"", ""EUM"", ""EUW""]",,,,,,,,,,,,,,,,,,,,,
ndc_noce,NDC,No CE,c,Producer regions,Aluminium,Total,2019,6.602999999837697,Mt/yr,plotted,"[""Production|Non-Ferrous Metals|Aluminum|Primary"", ""Production|Non-Ferrous Metals|Aluminum|Secondary""]",fig02_leading_producers,baseline_noce,2050.0,Gulf & Iran,4.0,4.0,"[""MEA""]",,,,,,,,,,,,,,,,,,,,,
ndc_noce,NDC,No CE,c,Producer regions,Aluminium,Total,2050,9.178171038294693,Mt/yr,plotted,"[""Production|Non-Ferrous Metals|Aluminum|Primary"", ""Production|Non-Ferrous Metals|Aluminum|Secondary""]",fig02_leading_producers,baseline_noce,2050.0,Gulf & Iran,4.0,4.0,"[""MEA""]",,,,,,,,,,,,,,,,,,,,,
ndc_noce,NDC,No CE,c,Producer regions,Aluminium,Total,2019,4.96000001439774,Mt/yr,plotted,"[""Production|Non-Ferrous Metals|Aluminum|Primary"", ""Production|Non-Ferrous Metals|Aluminum|Secondary""]",fig02_leading_producers,baseline_noce,2050.0,United States,5.0,5.0,"[""USA""]",,,,,,,,,,,,,,,,,,,,,
ndc_noce,NDC,No CE,c,Producer regions,Aluminium,Total,2050,8.481601713784704,Mt/yr,plotted,"[""Production|Non-Ferrous Metals|Aluminum|Primary"", ""Production|Non-Ferrous Metals|Aluminum|Secondary""]",fig02_leading_producers,baseline_noce,2050.0,United States,5.0,5.0,"[""USA""]",,,,,,,,,,,,,,,,,,,,,
ndc_noce,NDC,No CE,c,Producer regions,Aluminium,Total,2019,1.0499999961879931,Mt/yr,plotted,"[""Production|Non-Ferrous Metals|Aluminum|Primary"", ""Production|Non-Ferrous Metals|Aluminum|Secondary""]",fig02_leading_producers,baseline_noce,2050.0,Other Asia–Pacific,6.0,6.0,"[""ASE""]",,,,,,,,,,,,,,,,,,,,,
ndc_noce,NDC,No CE,c,Producer regions,Aluminium,Total,2050,6.83340107373396,Mt/yr,plotted,"[""Production|Non-Ferrous Metals|Aluminum|Primary"", ""Production|Non-Ferrous Metals|Aluminum|Secondary""]",fig02_leading_producers,baseline_noce,2050.0,Other Asia–Pacific,6.0,6.0,"[""ASE""]",,,,,,,,,,,,,,,,,,,,,
ndc_noce,NDC,No CE,c,Producer regions,Aluminium,Total,2019,3.956999993172909,Mt/yr,plotted,"[""Production|Non-Ferrous Metals|Aluminum|Primary"", ""Production|Non-Ferrous Metals|Aluminum|Secondary""]",fig02_leading_producers,baseline_noce,2050.0,Russia,7.0,7.0,"[""RUS""]",,,,,,,,,,,,,,,,,,,,,
ndc_noce,NDC,No CE,c,Producer regions,Aluminium,Total,2050,5.63476903048384,Mt/yr,plotted,"[""Production|Non-Ferrous Metals|Aluminum|Primary"", ""Production|Non-Ferrous Metals|Aluminum|Secondary""]",fig02_leading_producers,baseline_noce,2050.0,Russia,7.0,7.0,"[""RUS""]",,,,,,,,,,,,,,,,,,,,,
ndc_noce,NDC,No CE,c,Producer regions,Aluminium,Total,2019,1.331999992097333,Mt/yr,plotted,"[""Production|Non-Ferrous Metals|Aluminum|Primary"", ""Production|Non-Ferrous Metals|Aluminum|Secondary""]",fig02_leading_producers,baseline_noce,2050.0,Southern Africa,8.0,8.0,"[""AFZ""]",,,,,,,,,,,,,,,,,,,,,
ndc_noce,NDC,No CE,c,Producer regions,Aluminium,Total,2050,3.651012939609944,Mt/yr,plotted,"[""Production|Non-Ferrous Metals|Aluminum|Primary"", ""Production|Non-Ferrous Metals|Aluminum|Secondary""]",fig02_leading_producers,baseline_noce,2050.0,Southern Africa,8.0,8.0,"[""AFZ""]",,,,,,,,,,,,,,,,,,,,,
ndc_noce,NDC,No CE,c,Producer regions,Aluminium,Total,2019,0.28000001126525353,Mt/yr,plotted,"[""Production|Non-Ferrous Metals|Aluminum|Primary"", ""Production|Non-Ferrous Metals|Aluminum|Secondary""]",fig02_leading_producers,baseline_noce,2050.0,Indonesia group,9.0,9.0,"[""IDN""]",,,,,,,,,,,,,,,,,,,,,
ndc_noce,NDC,No CE,c,Producer regions,Aluminium,Total,2050,3.028481136256394,Mt/yr,plotted,"[""Production|Non-Ferrous Metals|Aluminum|Primary"", ""Production|Non-Ferrous Metals|Aluminum|Secondary""]",fig02_leading_producers,baseline_noce,2050.0,Indonesia group,9.0,9.0,"[""IDN""]",,,,,,,,,,,,,,,,,,,,,
ndc_noce,NDC,No CE,c,Producer regions,Aluminium,Total,2019,1.323973740353655,Mt/yr,plotted,"[""Production|Non-Ferrous Metals|Aluminum|Primary"", ""Production|Non-Ferrous Metals|Aluminum|Secondary""]",fig02_leading_producers,baseline_noce,2050.0,Brazil,10.0,10.0,"[""BRA""]",,,,,,,,,,,,,,,,,,,,,
ndc_noce,NDC,No CE,c,Producer regions,Aluminium,Total,2050,2.726361591645917,Mt/yr,plotted,"[""Production|Non-Ferrous Metals|Aluminum|Primary"", ""Production|Non-Ferrous Metals|Aluminum|Secondary""]",fig02_leading_producers,baseline_noce,2050.0,Brazil,10.0,10.0,"[""BRA""]",,,,,,,,,,,,,,,,,,,,,
ndc_noce,NDC,No CE,c,Producer regions,Aluminium,Total,2019,1.99999999824504,Mt/yr,plotted,"[""Production|Non-Ferrous Metals|Aluminum|Primary"", ""Production|Non-Ferrous Metals|Aluminum|Secondary""]",fig02_leading_producers,baseline_noce,2050.0,South Korea,11.0,11.0,"[""SKT""]",,,,,,,,,,,,,,,,,,,,,
ndc_noce,NDC,No CE,c,Producer regions,Aluminium,Total,2050,2.400001187831463,Mt/yr,plotted,"[""Production|Non-Ferrous Metals|Aluminum|Primary"", ""Production|Non-Ferrous Metals|Aluminum|Secondary""]",fig02_leading_producers,baseline_noce,2050.0,South Korea,11.0,11.0,"[""SKT""]",,,,,,,,,,,,,,,,,,,,,
ndc_noce,NDC,No CE,c,Producer regions,Aluminium,Total,2019,4.56399999412659,Mt/yr,plotted,"[""Production|Non-Ferrous Metals|Aluminum|Primary"", ""Production|Non-Ferrous Metals|Aluminum|Secondary""]",fig02_leading_producers,baseline_noce,2050.0,Canada,12.0,12.0,"[""CAN""]",,,,,,,,,,,,,,,,,,,,,
ndc_noce,NDC,No CE,c,Producer regions,Aluminium,Total,2050,2.154209613095677,Mt/yr,plotted,"[""Production|Non-Ferrous Metals|Aluminum|Primary"", ""Production|Non-Ferrous Metals|Aluminum|Secondary""]",fig02_leading_producers,baseline_noce,2050.0,Canada,12.0,12.0,"[""CAN""]",,,,,,,,,,,,,,,,,,,,,
ndc_noce,NDC,No CE,c,Producer regions,Aluminium,Total,2019,6.417999972710631,Mt/yr,plotted,"[""Production|Non-Ferrous Metals|Aluminum|Primary"", ""Production|Non-Ferrous Metals|Aluminum|Secondary""]",fig02_leading_producers,baseline_noce,2050.0,Other model regions,,13.0,"[""MEX"", ""CHL"", ""LAM"", ""ANZ"", ""JPN"", ""ASO"", ""ASC"", ""AFE"", ""AFN"", ""AFW"", ""NIG"", ""MDA""]",,,,,,,,,,,,,,,,,,,,,
ndc_noce,NDC,No CE,c,Producer regions,Aluminium,Total,2050,7.962581423573093,Mt/yr,plotted,"[""Production|Non-Ferrous Metals|Aluminum|Primary"", ""Production|Non-Ferrous Metals|Aluminum|Secondary""]",fig02_leading_producers,baseline_noce,2050.0,Other model regions,,13.0,"[""MEX"", ""CHL"", ""LAM"", ""ANZ"", ""JPN"", ""ASO"", ""ASC"", ""AFE"", ""AFN"", ""AFW"", ""NIG"", ""MDA""]",,,,,,,,,,,,,,,,,,,,,
ndc_noce,NDC,No CE,c,Selected producers,Aluminium,Selected producer coverage,2019,93.2084637488492,%,context,"[""Production|Non-Ferrous Metals|Aluminum|Primary"", ""Production|Non-Ferrous Metals|Aluminum|Secondary""]",fig02_leading_producers,baseline_noce,2050.0,Selected producers,,,"[""CHN"", ""IND"", ""ENE"", ""ENW"", ""EUE"", ""EUM"", ""EUW"", ""MEA"", ""USA"", ""ASE"", ""RUS"", ""AFZ"", ""IDN"", ""BRA"", ""SKT"", ""CAN""]",,,,,,,,,,,,,,,,,,,,,
ndc_noce,NDC,No CE,c,Selected producers,Aluminium,Selected producer coverage,2024,94.14394918869276,%,context,"[""Production|Non-Ferrous Metals|Aluminum|Primary"", ""Production|Non-Ferrous Metals|Aluminum|Secondary""]",fig02_leading_producers,baseline_noce,2050.0,Selected producers,,,"[""CHN"", ""IND"", ""ENE"", ""ENW"", ""EUE"", ""EUM"", ""EUW"", ""MEA"", ""USA"", ""ASE"", ""RUS"", ""AFZ"", ""IDN"", ""BRA"", ""SKT"", ""CAN""]",,,,,,,,,,,,,,,,,,,,,
ndc_noce,NDC,No CE,c,Selected producers,Aluminium,Selected producer coverage,2030,94.57798103119006,%,context,"[""Production|Non-Ferrous Metals|Aluminum|Primary"", ""Production|Non-Ferrous Metals|Aluminum|Secondary""]",fig02_leading_producers,baseline_noce,2050.0,Selected producers,,,"[""CHN"", ""IND"", ""ENE"", ""ENW"", ""EUE"", ""EUM"", ""EUW"", ""MEA"", ""USA"", ""ASE"", ""RUS"", ""AFZ"", ""IDN"", ""BRA"", ""SKT"", ""CAN""]",,,,,,,,,,,,,,,,,,,,,
ndc_noce,NDC,No CE,c,Selected producers,Aluminium,Selected producer coverage,2035,94.69442528426293,%,context,"[""Production|Non-Ferrous Metals|Aluminum|Primary"", ""Production|Non-Ferrous Metals|Aluminum|Secondary""]",fig02_leading_producers,baseline_noce,2050.0,Selected producers,,,"[""CHN"", ""IND"", ""ENE"", ""ENW"", ""EUE"", ""EUM"", ""EUW"", ""MEA"", ""USA"", ""ASE"", ""RUS"", ""AFZ"", ""IDN"", ""BRA"", ""SKT"", ""CAN""]",,,,,,,,,,,,,,,,,,,,,
ndc_noce,NDC,No CE,c,Selected producers,Aluminium,Selected producer coverage,2040,94.61026184176062,%,context,"[""Production|Non-Ferrous Metals|Aluminum|Primary"", ""Production|Non-Ferrous Metals|Aluminum|Secondary""]",fig02_leading_producers,baseline_noce,2050.0,Selected producers,,,"[""CHN"", ""IND"", ""ENE"", ""ENW"", ""EUE"", ""EUM"", ""EUW"", ""MEA"", ""USA"", ""ASE"", ""RUS"", ""AFZ"", ""IDN"", ""BRA"", ""SKT"", ""CAN""]",,,,,,,,,,,,,,,,,,,,,
ndc_noce,NDC,No CE,c,Selected producers,Aluminium,Selected producer coverage,2050,94.01373187797748,%,context,"[""Production|Non-Ferrous Metals|Aluminum|Primary"", ""Production|Non-Ferrous Metals|Aluminum|Secondary""]",fig02_leading_producers,baseline_noce,2050.0,Selected producers,,,"[""CHN"", ""IND"", ""ENE"", ""ENW"", ""EUE"", ""EUM"", ""EUW"", ""MEA"", ""USA"", ""ASE"", ""RUS"", ""AFZ"", ""IDN"", ""BRA"", ""SKT"", ""CAN""]",,,,,,,,,,,,,,,,,,,,,
baseline_noce,NDC+LTT,No CE,c,Producer regions,Aluminium,Total,2019,45.6540000439702,Mt/yr,plotted,"[""Production|Non-Ferrous Metals|Aluminum|Primary"", ""Production|Non-Ferrous Metals|Aluminum|Secondary""]",fig02_leading_producers,baseline_noce,2050.0,China region,1.0,1.0,"[""CHN""]",,,,,,,,,,,,,,,,,,,,,
baseline_noce,NDC+LTT,No CE,c,Producer regions,Aluminium,Total,2050,54.465221990221096,Mt/yr,plotted,"[""Production|Non-Ferrous Metals|Aluminum|Primary"", ""Production|Non-Ferrous Metals|Aluminum|Secondary""]",fig02_leading_producers,baseline_noce,2050.0,China region,1.0,1.0,"[""CHN""]",,,,,,,,,,,,,,,,,,,,,
baseline_noce,NDC+LTT,No CE,c,Producer regions,Aluminium,Total,2019,5.02999999512509,Mt/yr,plotted,"[""Production|Non-Ferrous Metals|Aluminum|Primary"", ""Production|Non-Ferrous Metals|Aluminum|Secondary""]",fig02_leading_producers,baseline_noce,2050.0,India,2.0,2.0,"[""IND""]",,,,,,,,,,,,,,,,,,,,,
baseline_noce,NDC+LTT,No CE,c,Producer regions,Aluminium,Total,2050,14.00855000128593,Mt/yr,plotted,"[""Production|Non-Ferrous Metals|Aluminum|Primary"", ""Production|Non-Ferrous Metals|Aluminum|Secondary""]",fig02_leading_producers,baseline_noce,2050.0,India,2.0,2.0,"[""IND""]",,,,,,,,,,,,,,,,,,,,,
baseline_noce,NDC+LTT,No CE,c,Producer regions,Aluminium,Total,2019,11.327999971290446,Mt/yr,plotted,"[""Production|Non-Ferrous Metals|Aluminum|Primary"", ""Production|Non-Ferrous Metals|Aluminum|Secondary""]",fig02_leading_producers,baseline_noce,2050.0,Europe,3.0,3.0,"[""ENE"", ""ENW"", ""EUE"", ""EUM"", ""EUW""]",,,,,,,,,,,,,,,,,,,,,
baseline_noce,NDC+LTT,No CE,c,Producer regions,Aluminium,Total,2050,12.489742933518158,Mt/yr,plotted,"[""Production|Non-Ferrous Metals|Aluminum|Primary"", ""Production|Non-Ferrous Metals|Aluminum|Secondary""]",fig02_leading_producers,baseline_noce,2050.0,Europe,3.0,3.0,"[""ENE"", ""ENW"", ""EUE"", ""EUM"", ""EUW""]",,,,,,,,,,,,,,,,,,,,,
baseline_noce,NDC+LTT,No CE,c,Producer regions,Aluminium,Total,2019,6.602999999837697,Mt/yr,plotted,"[""Production|Non-Ferrous Metals|Aluminum|Primary"", ""Production|Non-Ferrous Metals|Aluminum|Secondary""]",fig02_leading_producers,baseline_noce,2050.0,Gulf & Iran,4.0,4.0,"[""MEA""]",,,,,,,,,,,,,,,,,,,,,
baseline_noce,NDC+LTT,No CE,c,Producer regions,Aluminium,Total,2050,9.1781699907469,Mt/yr,plotted,"[""Production|Non-Ferrous Metals|Aluminum|Primary"", ""Production|Non-Ferrous Metals|Aluminum|Secondary""]",fig02_leading_producers,baseline_noce,2050.0,Gulf & Iran,4.0,4.0,"[""MEA""]",,,,,,,,,,,,,,,,,,,,,
baseline_noce,NDC+LTT,No CE,c,Producer regions,Aluminium,Total,2019,4.96000001439774,Mt/yr,plotted,"[""Production|Non-Ferrous Metals|Aluminum|Primary"", ""Production|Non-Ferrous Metals|Aluminum|Secondary""]",fig02_leading_producers,baseline_noce,2050.0,United States,5.0,5.0,"[""USA""]",,,,,,,,,,,,,,,,,,,,,
baseline_noce,NDC+LTT,No CE,c,Producer regions,Aluminium,Total,2050,8.48159999992278,Mt/yr,plotted,"[""Production|Non-Ferrous Metals|Aluminum|Primary"", ""Production|Non-Ferrous Metals|Aluminum|Secondary""]",fig02_leading_producers,baseline_noce,2050.0,United States,5.0,5.0,"[""USA""]",,,,,,,,,,,,,,,,,,,,,
baseline_noce,NDC+LTT,No CE,c,Producer regions,Aluminium,Total,2019,1.0499999961879931,Mt/yr,plotted,"[""Production|Non-Ferrous Metals|Aluminum|Primary"", ""Production|Non-Ferrous Metals|Aluminum|Secondary""]",fig02_leading_producers,baseline_noce,2050.0,Other Asia–Pacific,6.0,6.0,"[""ASE""]",,,,,,,,,,,,,,,,,,,,,
baseline_noce,NDC+LTT,No CE,c,Producer regions,Aluminium,Total,2050,6.83339999373108,Mt/yr,plotted,"[""Production|Non-Ferrous Metals|Aluminum|Primary"", ""Production|Non-Ferrous Metals|Aluminum|Secondary""]",fig02_leading_producers,baseline_noce,2050.0,Other Asia–Pacific,6.0,6.0,"[""ASE""]",,,,,,,,,,,,,,,,,,,,,
baseline_noce,NDC+LTT,No CE,c,Producer regions,Aluminium,Total,2019,3.956999993172909,Mt/yr,plotted,"[""Production|Non-Ferrous Metals|Aluminum|Primary"", ""Production|Non-Ferrous Metals|Aluminum|Secondary""]",fig02_leading_producers,baseline_noce,2050.0,Russia,7.0,7.0,"[""RUS""]",,,,,,,,,,,,,,,,,,,,,
baseline_noce,NDC+LTT,No CE,c,Producer regions,Aluminium,Total,2050,5.63476798484544,Mt/yr,plotted,"[""Production|Non-Ferrous Metals|Aluminum|Primary"", ""Production|Non-Ferrous Metals|Aluminum|Secondary""]",fig02_leading_producers,baseline_noce,2050.0,Russia,7.0,7.0,"[""RUS""]",,,,,,,,,,,,,,,,,,,,,
baseline_noce,NDC+LTT,No CE,c,Producer regions,Aluminium,Total,2019,1.331999992097333,Mt/yr,plotted,"[""Production|Non-Ferrous Metals|Aluminum|Primary"", ""Production|Non-Ferrous Metals|Aluminum|Secondary""]",fig02_leading_producers,baseline_noce,2050.0,Southern Africa,8.0,8.0,"[""AFZ""]",,,,,,,,,,,,,,,,,,,,,
baseline_noce,NDC+LTT,No CE,c,Producer regions,Aluminium,Total,2050,3.6510119850575,Mt/yr,plotted,"[""Production|Non-Ferrous Metals|Aluminum|Primary"", ""Production|Non-Ferrous Metals|Aluminum|Secondary""]",fig02_leading_producers,baseline_noce,2050.0,Southern Africa,8.0,8.0,"[""AFZ""]",,,,,,,,,,,,,,,,,,,,,
baseline_noce,NDC+LTT,No CE,c,Producer regions,Aluminium,Total,2019,0.28000001126525353,Mt/yr,plotted,"[""Production|Non-Ferrous Metals|Aluminum|Primary"", ""Production|Non-Ferrous Metals|Aluminum|Secondary""]",fig02_leading_producers,baseline_noce,2050.0,Indonesia group,9.0,9.0,"[""IDN""]",,,,,,,,,,,,,,,,,,,,,
baseline_noce,NDC+LTT,No CE,c,Producer regions,Aluminium,Total,2050,3.0284799887125153,Mt/yr,plotted,"[""Production|Non-Ferrous Metals|Aluminum|Primary"", ""Production|Non-Ferrous Metals|Aluminum|Secondary""]",fig02_leading_producers,baseline_noce,2050.0,Indonesia group,9.0,9.0,"[""IDN""]",,,,,,,,,,,,,,,,,,,,,
baseline_noce,NDC+LTT,No CE,c,Producer regions,Aluminium,Total,2019,1.323973740353655,Mt/yr,plotted,"[""Production|Non-Ferrous Metals|Aluminum|Primary"", ""Production|Non-Ferrous Metals|Aluminum|Secondary""]",fig02_leading_producers,baseline_noce,2050.0,Brazil,10.0,10.0,"[""BRA""]",,,,,,,,,,,,,,,,,,,,,
baseline_noce,NDC+LTT,No CE,c,Producer regions,Aluminium,Total,2050,2.72635999216373,Mt/yr,plotted,"[""Production|Non-Ferrous Metals|Aluminum|Primary"", ""Production|Non-Ferrous Metals|Aluminum|Secondary""]",fig02_leading_producers,baseline_noce,2050.0,Brazil,10.0,10.0,"[""BRA""]",,,,,,,,,,,,,,,,,,,,,
baseline_noce,NDC+LTT,No CE,c,Producer regions,Aluminium,Total,2019,1.99999999824504,Mt/yr,plotted,"[""Production|Non-Ferrous Metals|Aluminum|Primary"", ""Production|Non-Ferrous Metals|Aluminum|Secondary""]",fig02_leading_producers,baseline_noce,2050.0,South Korea,11.0,11.0,"[""SKT""]",,,,,,,,,,,,,,,,,,,,,
baseline_noce,NDC+LTT,No CE,c,Producer regions,Aluminium,Total,2050,2.39999999679711,Mt/yr,plotted,"[""Production|Non-Ferrous Metals|Aluminum|Primary"", ""Production|Non-Ferrous Metals|Aluminum|Secondary""]",fig02_leading_producers,baseline_noce,2050.0,South Korea,11.0,11.0,"[""SKT""]",,,,,,,,,,,,,,,,,,,,,
baseline_noce,NDC+LTT,No CE,c,Producer regions,Aluminium,Total,2019,4.56399999412659,Mt/yr,plotted,"[""Production|Non-Ferrous Metals|Aluminum|Primary"", ""Production|Non-Ferrous Metals|Aluminum|Secondary""]",fig02_leading_producers,baseline_noce,2050.0,Canada,12.0,12.0,"[""CAN""]",,,,,,,,,,,,,,,,,,,,,
baseline_noce,NDC+LTT,No CE,c,Producer regions,Aluminium,Total,2050,2.15420799591033,Mt/yr,plotted,"[""Production|Non-Ferrous Metals|Aluminum|Primary"", ""Production|Non-Ferrous Metals|Aluminum|Secondary""]",fig02_leading_producers,baseline_noce,2050.0,Canada,12.0,12.0,"[""CAN""]",,,,,,,,,,,,,,,,,,,,,
baseline_noce,NDC+LTT,No CE,c,Producer regions,Aluminium,Total,2019,6.417999972710631,Mt/yr,plotted,"[""Production|Non-Ferrous Metals|Aluminum|Primary"", ""Production|Non-Ferrous Metals|Aluminum|Secondary""]",fig02_leading_producers,baseline_noce,2050.0,Other model regions,,13.0,"[""MEX"", ""CHL"", ""LAM"", ""ANZ"", ""JPN"", ""ASO"", ""ASC"", ""AFE"", ""AFN"", ""AFW"", ""NIG"", ""MDA""]",,,,,,,,,,,,,,,,,,,,,
baseline_noce,NDC+LTT,No CE,c,Producer regions,Aluminium,Total,2050,7.962573908293997,Mt/yr,plotted,"[""Production|Non-Ferrous Metals|Aluminum|Primary"", ""Production|Non-Ferrous Metals|Aluminum|Secondary""]",fig02_leading_producers,baseline_noce,2050.0,Other model regions,,13.0,"[""MEX"", ""CHL"", ""LAM"", ""ANZ"", ""JPN"", ""ASO"", ""ASC"", ""AFE"", ""AFN"", ""AFW"", ""NIG"", ""MDA""]",,,,,,,,,,,,,,,,,,,,,
baseline_noce,NDC+LTT,No CE,c,Selected producers,Aluminium,Selected producer coverage,2019,93.2084637488492,%,context,"[""Production|Non-Ferrous Metals|Aluminum|Primary"", ""Production|Non-Ferrous Metals|Aluminum|Secondary""]",fig02_leading_producers,baseline_noce,2050.0,Selected producers,,,"[""CHN"", ""IND"", ""ENE"", ""ENW"", ""EUE"", ""EUM"", ""EUW"", ""MEA"", ""USA"", ""ASE"", ""RUS"", ""AFZ"", ""IDN"", ""BRA"", ""SKT"", ""CAN""]",,,,,,,,,,,,,,,,,,,,,
baseline_noce,NDC+LTT,No CE,c,Selected producers,Aluminium,Selected producer coverage,2024,94.14394918869276,%,context,"[""Production|Non-Ferrous Metals|Aluminum|Primary"", ""Production|Non-Ferrous Metals|Aluminum|Secondary""]",fig02_leading_producers,baseline_noce,2050.0,Selected producers,,,"[""CHN"", ""IND"", ""ENE"", ""ENW"", ""EUE"", ""EUM"", ""EUW"", ""MEA"", ""USA"", ""ASE"", ""RUS"", ""AFZ"", ""IDN"", ""BRA"", ""SKT"", ""CAN""]",,,,,,,,,,,,,,,,,,,,,
baseline_noce,NDC+LTT,No CE,c,Selected producers,Aluminium,Selected producer coverage,2030,94.57798432899783,%,context,"[""Production|Non-Ferrous Metals|Aluminum|Primary"", ""Production|Non-Ferrous Metals|Aluminum|Secondary""]",fig02_leading_producers,baseline_noce,2050.0,Selected producers,,,"[""CHN"", ""IND"", ""ENE"", ""ENW"", ""EUE"", ""EUM"", ""EUW"", ""MEA"", ""USA"", ""ASE"", ""RUS"", ""AFZ"", ""IDN"", ""BRA"", ""SKT"", ""CAN""]",,,,,,,,,,,,,,,,,,,,,
baseline_noce,NDC+LTT,No CE,c,Selected producers,Aluminium,Selected producer coverage,2035,94.69443050283742,%,context,"[""Production|Non-Ferrous Metals|Aluminum|Primary"", ""Production|Non-Ferrous Metals|Aluminum|Secondary""]",fig02_leading_producers,baseline_noce,2050.0,Selected producers,,,"[""CHN"", ""IND"", ""ENE"", ""ENW"", ""EUE"", ""EUM"", ""EUW"", ""MEA"", ""USA"", ""ASE"", ""RUS"", ""AFZ"", ""IDN"", ""BRA"", ""SKT"", ""CAN""]",,,,,,,,,,,,,,,,,,,,,
baseline_noce,NDC+LTT,No CE,c,Selected producers,Aluminium,Selected producer coverage,2040,94.61026678676734,%,context,"[""Production|Non-Ferrous Metals|Aluminum|Primary"", ""Production|Non-Ferrous Metals|Aluminum|Secondary""]",fig02_leading_producers,baseline_noce,2050.0,Selected producers,,,"[""CHN"", ""IND"", ""ENE"", ""ENW"", ""EUE"", ""EUM"", ""EUW"", ""MEA"", ""USA"", ""ASE"", ""RUS"", ""AFZ"", ""IDN"", ""BRA"", ""SKT"", ""CAN""]",,,,,,,,,,,,,,,,,,,,,
baseline_noce,NDC+LTT,No CE,c,Selected producers,Aluminium,Selected producer coverage,2050,94.01373636268404,%,context,"[""Production|Non-Ferrous Metals|Aluminum|Primary"", ""Production|Non-Ferrous Metals|Aluminum|Secondary""]",fig02_leading_producers,baseline_noce,2050.0,Selected producers,,,"[""CHN"", ""IND"", ""ENE"", ""ENW"", ""EUE"", ""EUM"", ""EUW"", ""MEA"", ""USA"", ""ASE"", ""RUS"", ""AFZ"", ""IDN"", ""BRA"", ""SKT"", ""CAN""]",,,,,,,,,,,,,,,,,,,,,
ndc_noce,NDC,No CE,a,Global,Cement,Cement,2019,12.207643906759428,EJ/yr,plotted,"[""Final Energy|Industry|Non-Metallic Minerals|Cement|Electricity"", ""Final Energy|Industry|Non-Metallic Minerals|Cement|Gases"", ""Final Energy|Industry|Non-Metallic Minerals|Cement|Liquids"", ""Final Energy|Industry|Non-Metallic Minerals|Cement|Solids""]",fig03_energy,,,,,,"[""AFE"", ""AFN"", ""AFW"", ""AFZ"", ""ANZ"", ""ASC"", ""ASE"", ""ASO"", ""BRA"", ""CAN"", ""CHL"", ""CHN"", ""ENE"", ""ENW"", ""EUE"", ""EUM"", ""EUW"", ""IDN"", ""IND"", ""JPN"", ""LAM"", ""MDA"", ""MEA"", ""MEX"", ""NIG"", ""RUS"", ""SKT"", ""USA""]",Final energy,12.207643906759428,,,,,,,,,,,,,,,,,,,
ndc_noce,NDC,No CE,a,Global,Cement,Cement,2024,11.408035618838122,EJ/yr,plotted,"[""Final Energy|Industry|Non-Metallic Minerals|Cement|Electricity"", ""Final Energy|Industry|Non-Metallic Minerals|Cement|Gases"", ""Final Energy|Industry|Non-Metallic Minerals|Cement|Liquids"", ""Final Energy|Industry|Non-Metallic Minerals|Cement|Solids""]",fig03_energy,,,,,,"[""AFE"", ""AFN"", ""AFW"", ""AFZ"", ""ANZ"", ""ASC"", ""ASE"", ""ASO"", ""BRA"", ""CAN"", ""CHL"", ""CHN"", ""ENE"", ""ENW"", ""EUE"", ""EUM"", ""EUW"", ""IDN"", ""IND"", ""JPN"", ""LAM"", ""MDA"", ""MEA"", ""MEX"", ""NIG"", ""RUS"", ""SKT"", ""USA""]",Final energy,11.408035618838122,,,,,,,,,,,,,,,,,,,
ndc_noce,NDC,No CE,a,Global,Cement,Cement,2030,10.841622929671104,EJ/yr,plotted,"[""Final Energy|Industry|Non-Metallic Minerals|Cement|Electricity"", ""Final Energy|Industry|Non-Metallic Minerals|Cement|Gases"", ""Final Energy|Industry|Non-Metallic Minerals|Cement|Liquids"", ""Final Energy|Industry|Non-Metallic Minerals|Cement|Solids""]",fig03_energy,,,,,,"[""AFE"", ""AFN"", ""AFW"", ""AFZ"", ""ANZ"", ""ASC"", ""ASE"", ""ASO"", ""BRA"", ""CAN"", ""CHL"", ""CHN"", ""ENE"", ""ENW"", ""EUE"", ""EUM"", ""EUW"", ""IDN"", ""IND"", ""JPN"", ""LAM"", ""MDA"", ""MEA"", ""MEX"", ""NIG"", ""RUS"", ""SKT"", ""USA""]",Final energy,10.841622929671104,,,,,,,,,,,,,,,,,,,
ndc_noce,NDC,No CE,a,Global,Cement,Cement,2035,10.571914922389587,EJ/yr,plotted,"[""Final Energy|Industry|Non-Metallic Minerals|Cement|Electricity"", ""Final Energy|Industry|Non-Metallic Minerals|Cement|Gases"", ""Final Energy|Industry|Non-Metallic Minerals|Cement|Liquids"", ""Final Energy|Industry|Non-Metallic Minerals|Cement|Solids""]",fig03_energy,,,,,,"[""AFE"", ""AFN"", ""AFW"", ""AFZ"", ""ANZ"", ""ASC"", ""ASE"", ""ASO"", ""BRA"", ""CAN"", ""CHL"", ""CHN"", ""ENE"", ""ENW"", ""EUE"", ""EUM"", ""EUW"", ""IDN"", ""IND"", ""JPN"", ""LAM"", ""MDA"", ""MEA"", ""MEX"", ""NIG"", ""RUS"", ""SKT"", ""USA""]",Final energy,10.571914922389587,,,,,,,,,,,,,,,,,,,
ndc_noce,NDC,No CE,a,Global,Cement,Cement,2040,10.412080476061908,EJ/yr,plotted,"[""Final Energy|Industry|Non-Metallic Minerals|Cement|Electricity"", ""Final Energy|Industry|Non-Metallic Minerals|Cement|Gases"", ""Final Energy|Industry|Non-Metallic Minerals|Cement|Liquids"", ""Final Energy|Industry|Non-Metallic Minerals|Cement|Solids""]",fig03_energy,,,,,,"[""AFE"", ""AFN"", ""AFW"", ""AFZ"", ""ANZ"", ""ASC"", ""ASE"", ""ASO"", ""BRA"", ""CAN"", ""CHL"", ""CHN"", ""ENE"", ""ENW"", ""EUE"", ""EUM"", ""EUW"", ""IDN"", ""IND"", ""JPN"", ""LAM"", ""MDA"", ""MEA"", ""MEX"", ""NIG"", ""RUS"", ""SKT"", ""USA""]",Final energy,10.412080476061908,,,,,,,,,,,,,,,,,,,
ndc_noce,NDC,No CE,a,Global,Cement,Cement,2050,10.179741647355927,EJ/yr,plotted,"[""Final Energy|Industry|Non-Metallic Minerals|Cement|Electricity"", ""Final Energy|Industry|Non-Metallic Minerals|Cement|Gases"", ""Final Energy|Industry|Non-Metallic Minerals|Cement|Liquids"", ""Final Energy|Industry|Non-Metallic Minerals|Cement|Solids""]",fig03_energy,,,,,,"[""AFE"", ""AFN"", ""AFW"", ""AFZ"", ""ANZ"", ""ASC"", ""ASE"", ""ASO"", ""BRA"", ""CAN"", ""CHL"", ""CHN"", ""ENE"", ""ENW"", ""EUE"", ""EUM"", ""EUW"", ""IDN"", ""IND"", ""JPN"", ""LAM"", ""MDA"", ""MEA"", ""MEX"", ""NIG"", ""RUS"", ""SKT"", ""USA""]",Final energy,10.179741647355927,,,,,,,,,,,,,,,,,,,
ndc_noce,NDC,No CE,d,Global,Cement,Cement,2019,2.9056069131213915,GJ/t,plotted,"[""Final Energy|Industry|Non-Metallic Minerals|Cement|Electricity"", ""Final Energy|Industry|Non-Metallic Minerals|Cement|Gases"", ""Final Energy|Industry|Non-Metallic Minerals|Cement|Liquids"", ""Final Energy|Industry|Non-Metallic Minerals|Cement|Solids"", ""Production|Non-Metallic Minerals|Cement""]",fig03_energy,,,,,,"[""AFE"", ""AFN"", ""AFW"", ""AFZ"", ""ANZ"", ""ASC"", ""ASE"", ""ASO"", ""BRA"", ""CAN"", ""CHL"", ""CHN"", ""ENE"", ""ENW"", ""EUE"", ""EUM"", ""EUW"", ""IDN"", ""IND"", ""JPN"", ""LAM"", ""MDA"", ""MEA"", ""MEX"", ""NIG"", ""RUS"", ""SKT"", ""USA""]",Derived energy intensity,12.207643906759428,4201.409299940433,1000.0,,,,,,,,,,,,,,,,,
ndc_noce,NDC,No CE,d,Global,Cement,Cement,2024,2.888496890003963,GJ/t,plotted,"[""Final Energy|Industry|Non-Metallic Minerals|Cement|Electricity"", ""Final Energy|Industry|Non-Metallic Minerals|Cement|Gases"", ""Final Energy|Industry|Non-Metallic Minerals|Cement|Liquids"", ""Final Energy|Industry|Non-Metallic Minerals|Cement|Solids"", ""Production|Non-Metallic Minerals|Cement""]",fig03_energy,,,,,,"[""AFE"", ""AFN"", ""AFW"", ""AFZ"", ""ANZ"", ""ASC"", ""ASE"", ""ASO"", ""BRA"", ""CAN"", ""CHL"", ""CHN"", ""ENE"", ""ENW"", ""EUE"", ""EUM"", ""EUW"", ""IDN"", ""IND"", ""JPN"", ""LAM"", ""MDA"", ""MEA"", ""MEX"", ""NIG"", ""RUS"", ""SKT"", ""USA""]",Derived energy intensity,11.408035618838122,3949.47131787373,1000.0,,,,,,,,,,,,,,,,,
ndc_noce,NDC,No CE,d,Global,Cement,Cement,2030,2.887513676264069,GJ/t,plotted,"[""Final Energy|Industry|Non-Metallic Minerals|Cement|Electricity"", ""Final Energy|Industry|Non-Metallic Minerals|Cement|Gases"", ""Final Energy|Industry|Non-Metallic Minerals|Cement|Liquids"", ""Final Energy|Industry|Non-Metallic Minerals|Cement|Solids"", ""Production|Non-Metallic Minerals|Cement""]",fig03_energy,,,,,,"[""AFE"", ""AFN"", ""AFW"", ""AFZ"", ""ANZ"", ""ASC"", ""ASE"", ""ASO"", ""BRA"", ""CAN"", ""CHL"", ""CHN"", ""ENE"", ""ENW"", ""EUE"", ""EUM"", ""EUW"", ""IDN"", ""IND"", ""JPN"", ""LAM"", ""MDA"", ""MEA"", ""MEX"", ""NIG"", ""RUS"", ""SKT"", ""USA""]",Derived energy intensity,10.841622929671104,3754.6568242399608,1000.0,,,,,,,,,,,,,,,,,
ndc_noce,NDC,No CE,d,Global,Cement,Cement,2035,2.886109512301341,GJ/t,plotted,"[""Final Energy|Industry|Non-Metallic Minerals|Cement|Electricity"", ""Final Energy|Industry|Non-Metallic Minerals|Cement|Gases"", ""Final Energy|Industry|Non-Metallic Minerals|Cement|Liquids"", ""Final Energy|Industry|Non-Metallic Minerals|Cement|Solids"", ""Production|Non-Metallic Minerals|Cement""]",fig03_energy,,,,,,"[""AFE"", ""AFN"", ""AFW"", ""AFZ"", ""ANZ"", ""ASC"", ""ASE"", ""ASO"", ""BRA"", ""CAN"", ""CHL"", ""CHN"", ""ENE"", ""ENW"", ""EUE"", ""EUM"", ""EUW"", ""IDN"", ""IND"", ""JPN"", ""LAM"", ""MDA"", ""MEA"", ""MEX"", ""NIG"", ""RUS"", ""SKT"", ""USA""]",Derived energy intensity,10.571914922389587,3663.033186138421,1000.0,,,,,,,,,,,,,,,,,
ndc_noce,NDC,No CE,d,Global,Cement,Cement,2040,2.844506829927915,GJ/t,plotted,"[""Final Energy|Industry|Non-Metallic Minerals|Cement|Electricity"", ""Final Energy|Industry|Non-Metallic Minerals|Cement|Gases"", ""Final Energy|Industry|Non-Metallic Minerals|Cement|Liquids"", ""Final Energy|Industry|Non-Metallic Minerals|Cement|Solids"", ""Production|Non-Metallic Minerals|Cement""]",fig03_energy,,,,,,"[""AFE"", ""AFN"", ""AFW"", ""AFZ"", ""ANZ"", ""ASC"", ""ASE"", ""ASO"", ""BRA"", ""CAN"", ""CHL"", ""CHN"", ""ENE"", ""ENW"", ""EUE"", ""EUM"", ""EUW"", ""IDN"", ""IND"", ""JPN"", ""LAM"", ""MDA"", ""MEA"", ""MEX"", ""NIG"", ""RUS"", ""SKT"", ""USA""]",Derived energy intensity,10.412080476061908,3660.4167606536453,1000.0,,,,,,,,,,,,,,,,,
ndc_noce,NDC,No CE,d,Global,Cement,Cement,2050,2.7812468544053615,GJ/t,plotted,"[""Final Energy|Industry|Non-Metallic Minerals|Cement|Electricity"", ""Final Energy|Industry|Non-Metallic Minerals|Cement|Gases"", ""Final Energy|Industry|Non-Metallic Minerals|Cement|Liquids"", ""Final Energy|Industry|Non-Metallic Minerals|Cement|Solids"", ""Production|Non-Metallic Minerals|Cement""]",fig03_energy,,,,,,"[""AFE"", ""AFN"", ""AFW"", ""AFZ"", ""ANZ"", ""ASC"", ""ASE"", ""ASO"", ""BRA"", ""CAN"", ""CHL"", ""CHN"", ""ENE"", ""ENW"", ""EUE"", ""EUM"", ""EUW"", ""IDN"", ""IND"", ""JPN"", ""LAM"", ""MDA"", ""MEA"", ""MEX"", ""NIG"", ""RUS"", ""SKT"", ""USA""]",Derived energy intensity,10.179741647355927,3660.1359678777544,1000.0,,,,,,,,,,,,,,,,,
baseline_noce,NDC+LTT,No CE,a,Global,Cement,Cement,2019,12.207643906759428,EJ/yr,plotted,"[""Final Energy|Industry|Non-Metallic Minerals|Cement|Electricity"", ""Final Energy|Industry|Non-Metallic Minerals|Cement|Gases"", ""Final Energy|Industry|Non-Metallic Minerals|Cement|Liquids"", ""Final Energy|Industry|Non-Metallic Minerals|Cement|Solids""]",fig03_energy,,,,,,"[""AFE"", ""AFN"", ""AFW"", ""AFZ"", ""ANZ"", ""ASC"", ""ASE"", ""ASO"", ""BRA"", ""CAN"", ""CHL"", ""CHN"", ""ENE"", ""ENW"", ""EUE"", ""EUM"", ""EUW"", ""IDN"", ""IND"", ""JPN"", ""LAM"", ""MDA"", ""MEA"", ""MEX"", ""NIG"", ""RUS"", ""SKT"", ""USA""]",Final energy,12.207643906759428,,,,,,,,,,,,,,,,,,,
baseline_noce,NDC+LTT,No CE,a,Global,Cement,Cement,2024,11.408035618838122,EJ/yr,plotted,"[""Final Energy|Industry|Non-Metallic Minerals|Cement|Electricity"", ""Final Energy|Industry|Non-Metallic Minerals|Cement|Gases"", ""Final Energy|Industry|Non-Metallic Minerals|Cement|Liquids"", ""Final Energy|Industry|Non-Metallic Minerals|Cement|Solids""]",fig03_energy,,,,,,"[""AFE"", ""AFN"", ""AFW"", ""AFZ"", ""ANZ"", ""ASC"", ""ASE"", ""ASO"", ""BRA"", ""CAN"", ""CHL"", ""CHN"", ""ENE"", ""ENW"", ""EUE"", ""EUM"", ""EUW"", ""IDN"", ""IND"", ""JPN"", ""LAM"", ""MDA"", ""MEA"", ""MEX"", ""NIG"", ""RUS"", ""SKT"", ""USA""]",Final energy,11.408035618838122,,,,,,,,,,,,,,,,,,,
baseline_noce,NDC+LTT,No CE,a,Global,Cement,Cement,2030,10.831210346396302,EJ/yr,plotted,"[""Final Energy|Industry|Non-Metallic Minerals|Cement|Electricity"", ""Final Energy|Industry|Non-Metallic Minerals|Cement|Gases"", ""Final Energy|Industry|Non-Metallic Minerals|Cement|Liquids"", ""Final Energy|Industry|Non-Metallic Minerals|Cement|Solids""]",fig03_energy,,,,,,"[""AFE"", ""AFN"", ""AFW"", ""AFZ"", ""ANZ"", ""ASC"", ""ASE"", ""ASO"", ""BRA"", ""CAN"", ""CHL"", ""CHN"", ""ENE"", ""ENW"", ""EUE"", ""EUM"", ""EUW"", ""IDN"", ""IND"", ""JPN"", ""LAM"", ""MDA"", ""MEA"", ""MEX"", ""NIG"", ""RUS"", ""SKT"", ""USA""]",Final energy,10.831210346396302,,,,,,,,,,,,,,,,,,,
baseline_noce,NDC+LTT,No CE,a,Global,Cement,Cement,2035,10.569945632238754,EJ/yr,plotted,"[""Final Energy|Industry|Non-Metallic Minerals|Cement|Electricity"", ""Final Energy|Industry|Non-Metallic Minerals|Cement|Gases"", ""Final Energy|Industry|Non-Metallic Minerals|Cement|Liquids"", ""Final Energy|Industry|Non-Metallic Minerals|Cement|Solids""]",fig03_energy,,,,,,"[""AFE"", ""AFN"", ""AFW"", ""AFZ"", ""ANZ"", ""ASC"", ""ASE"", ""ASO"", ""BRA"", ""CAN"", ""CHL"", ""CHN"", ""ENE"", ""ENW"", ""EUE"", ""EUM"", ""EUW"", ""IDN"", ""IND"", ""JPN"", ""LAM"", ""MDA"", ""MEA"", ""MEX"", ""NIG"", ""RUS"", ""SKT"", ""USA""]",Final energy,10.569945632238754,,,,,,,,,,,,,,,,,,,
baseline_noce,NDC+LTT,No CE,a,Global,Cement,Cement,2040,10.421978867098597,EJ/yr,plotted,"[""Final Energy|Industry|Non-Metallic Minerals|Cement|Electricity"", ""Final Energy|Industry|Non-Metallic Minerals|Cement|Gases"", ""Final Energy|Industry|Non-Metallic Minerals|Cement|Liquids"", ""Final Energy|Industry|Non-Metallic Minerals|Cement|Solids""]",fig03_energy,,,,,,"[""AFE"", ""AFN"", ""AFW"", ""AFZ"", ""ANZ"", ""ASC"", ""ASE"", ""ASO"", ""BRA"", ""CAN"", ""CHL"", ""CHN"", ""ENE"", ""ENW"", ""EUE"", ""EUM"", ""EUW"", ""IDN"", ""IND"", ""JPN"", ""LAM"", ""MDA"", ""MEA"", ""MEX"", ""NIG"", ""RUS"", ""SKT"", ""USA""]",Final energy,10.421978867098597,,,,,,,,,,,,,,,,,,,
baseline_noce,NDC+LTT,No CE,a,Global,Cement,Cement,2050,10.19422959728947,EJ/yr,plotted,"[""Final Energy|Industry|Non-Metallic Minerals|Cement|Electricity"", ""Final Energy|Industry|Non-Metallic Minerals|Cement|Gases"", ""Final Energy|Industry|Non-Metallic Minerals|Cement|Liquids"", ""Final Energy|Industry|Non-Metallic Minerals|Cement|Solids""]",fig03_energy,,,,,,"[""AFE"", ""AFN"", ""AFW"", ""AFZ"", ""ANZ"", ""ASC"", ""ASE"", ""ASO"", ""BRA"", ""CAN"", ""CHL"", ""CHN"", ""ENE"", ""ENW"", ""EUE"", ""EUM"", ""EUW"", ""IDN"", ""IND"", ""JPN"", ""LAM"", ""MDA"", ""MEA"", ""MEX"", ""NIG"", ""RUS"", ""SKT"", ""USA""]",Final energy,10.19422959728947,,,,,,,,,,,,,,,,,,,
baseline_noce,NDC+LTT,No CE,d,Global,Cement,Cement,2019,2.9056069131213915,GJ/t,plotted,"[""Final Energy|Industry|Non-Metallic Minerals|Cement|Electricity"", ""Final Energy|Industry|Non-Metallic Minerals|Cement|Gases"", ""Final Energy|Industry|Non-Metallic Minerals|Cement|Liquids"", ""Final Energy|Industry|Non-Metallic Minerals|Cement|Solids"", ""Production|Non-Metallic Minerals|Cement""]",fig03_energy,,,,,,"[""AFE"", ""AFN"", ""AFW"", ""AFZ"", ""ANZ"", ""ASC"", ""ASE"", ""ASO"", ""BRA"", ""CAN"", ""CHL"", ""CHN"", ""ENE"", ""ENW"", ""EUE"", ""EUM"", ""EUW"", ""IDN"", ""IND"", ""JPN"", ""LAM"", ""MDA"", ""MEA"", ""MEX"", ""NIG"", ""RUS"", ""SKT"", ""USA""]",Derived energy intensity,12.207643906759428,4201.409299940433,1000.0,,,,,,,,,,,,,,,,,
baseline_noce,NDC+LTT,No CE,d,Global,Cement,Cement,2024,2.888496890003963,GJ/t,plotted,"[""Final Energy|Industry|Non-Metallic Minerals|Cement|Electricity"", ""Final Energy|Industry|Non-Metallic Minerals|Cement|Gases"", ""Final Energy|Industry|Non-Metallic Minerals|Cement|Liquids"", ""Final Energy|Industry|Non-Metallic Minerals|Cement|Solids"", ""Production|Non-Metallic Minerals|Cement""]",fig03_energy,,,,,,"[""AFE"", ""AFN"", ""AFW"", ""AFZ"", ""ANZ"", ""ASC"", ""ASE"", ""ASO"", ""BRA"", ""CAN"", ""CHL"", ""CHN"", ""ENE"", ""ENW"", ""EUE"", ""EUM"", ""EUW"", ""IDN"", ""IND"", ""JPN"", ""LAM"", ""MDA"", ""MEA"", ""MEX"", ""NIG"", ""RUS"", ""SKT"", ""USA""]",Derived energy intensity,11.408035618838122,3949.47131787373,1000.0,,,,,,,,,,,,,,,,,
baseline_noce,NDC+LTT,No CE,d,Global,Cement,Cement,2030,2.8847404479118226,GJ/t,plotted,"[""Final Energy|Industry|Non-Metallic Minerals|Cement|Electricity"", ""Final Energy|Industry|Non-Metallic Minerals|Cement|Gases"", ""Final Energy|Industry|Non-Metallic Minerals|Cement|Liquids"", ""Final Energy|Industry|Non-Metallic Minerals|Cement|Solids"", ""Production|Non-Metallic Minerals|Cement""]",fig03_energy,,,,,,"[""AFE"", ""AFN"", ""AFW"", ""AFZ"", ""ANZ"", ""ASC"", ""ASE"", ""ASO"", ""BRA"", ""CAN"", ""CHL"", ""CHN"", ""ENE"", ""ENW"", ""EUE"", ""EUM"", ""EUW"", ""IDN"", ""IND"", ""JPN"", ""LAM"", ""MDA"", ""MEA"", ""MEX"", ""NIG"", ""RUS"", ""SKT"", ""USA""]",Derived energy intensity,10.831210346396302,3754.656802568388,1000.0,,,,,,,,,,,,,,,,,
baseline_noce,NDC+LTT,No CE,d,Global,Cement,Cement,2035,2.8855719149344186,GJ/t,plotted,"[""Final Energy|Industry|Non-Metallic Minerals|Cement|Electricity"", ""Final Energy|Industry|Non-Metallic Minerals|Cement|Gases"", ""Final Energy|Industry|Non-Metallic Minerals|Cement|Liquids"", ""Final Energy|Industry|Non-Metallic Minerals|Cement|Solids"", ""Production|Non-Metallic Minerals|Cement""]",fig03_energy,,,,,,"[""AFE"", ""AFN"", ""AFW"", ""AFZ"", ""ANZ"", ""ASC"", ""ASE"", ""ASO"", ""BRA"", ""CAN"", ""CHL"", ""CHN"", ""ENE"", ""ENW"", ""EUE"", ""EUM"", ""EUW"", ""IDN"", ""IND"", ""JPN"", ""LAM"", ""MDA"", ""MEA"", ""MEX"", ""NIG"", ""RUS"", ""SKT"", ""USA""]",Derived energy intensity,10.569945632238754,3663.033167717458,1000.0,,,,,,,,,,,,,,,,,
baseline_noce,NDC+LTT,No CE,d,Global,Cement,Cement,2040,2.8472110126149275,GJ/t,plotted,"[""Final Energy|Industry|Non-Metallic Minerals|Cement|Electricity"", ""Final Energy|Industry|Non-Metallic Minerals|Cement|Gases"", ""Final Energy|Industry|Non-Metallic Minerals|Cement|Liquids"", ""Final Energy|Industry|Non-Metallic Minerals|Cement|Solids"", ""Production|Non-Metallic Minerals|Cement""]",fig03_energy,,,,,,"[""AFE"", ""AFN"", ""AFW"", ""AFZ"", ""ANZ"", ""ASC"", ""ASE"", ""ASO"", ""BRA"", ""CAN"", ""CHL"", ""CHN"", ""ENE"", ""ENW"", ""EUE"", ""EUM"", ""EUW"", ""IDN"", ""IND"", ""JPN"", ""LAM"", ""MDA"", ""MEA"", ""MEX"", ""NIG"", ""RUS"", ""SKT"", ""USA""]",Derived energy intensity,10.421978867098597,3660.4167449910474,1000.0,,,,,,,,,,,,,,,,,
baseline_noce,NDC+LTT,No CE,d,Global,Cement,Cement,2050,2.785205182990723,GJ/t,plotted,"[""Final Energy|Industry|Non-Metallic Minerals|Cement|Electricity"", ""Final Energy|Industry|Non-Metallic Minerals|Cement|Gases"", ""Final Energy|Industry|Non-Metallic Minerals|Cement|Liquids"", ""Final Energy|Industry|Non-Metallic Minerals|Cement|Solids"", ""Production|Non-Metallic Minerals|Cement""]",fig03_energy,,,,,,"[""AFE"", ""AFN"", ""AFW"", ""AFZ"", ""ANZ"", ""ASC"", ""ASE"", ""ASO"", ""BRA"", ""CAN"", ""CHL"", ""CHN"", ""ENE"", ""ENW"", ""EUE"", ""EUM"", ""EUW"", ""IDN"", ""IND"", ""JPN"", ""LAM"", ""MDA"", ""MEA"", ""MEX"", ""NIG"", ""RUS"", ""SKT"", ""USA""]",Derived energy intensity,10.19422959728947,3660.135942423824,1000.0,,,,,,,,,,,,,,,,,
ndc_noce,NDC,No CE,b,Global,Iron and steel,Iron and steel,2019,30.242503133675367,EJ/yr,plotted,"[""Final Energy|Industry|Iron and Steel|Electricity"", ""Final Energy|Industry|Iron and Steel|Gases"", ""Final Energy|Industry|Iron and Steel|Hydrogen"", ""Final Energy|Industry|Iron and Steel|Liquids"", ""Final Energy|Industry|Iron and Steel|Solids""]",fig03_energy,,,,,,"[""AFE"", ""AFN"", ""AFW"", ""AFZ"", ""ANZ"", ""ASC"", ""ASE"", ""ASO"", ""BRA"", ""CAN"", ""CHL"", ""CHN"", ""ENE"", ""ENW"", ""EUE"", ""EUM"", ""EUW"", ""IDN"", ""IND"", ""JPN"", ""LAM"", ""MDA"", ""MEA"", ""MEX"", ""NIG"", ""RUS"", ""SKT"", ""USA""]",Final energy,30.242503133675367,,,,,,,,,,,,,,,,,,,
ndc_noce,NDC,No CE,b,Global,Iron and steel,Iron and steel,2024,27.031373511905567,EJ/yr,plotted,"[""Final Energy|Industry|Iron and Steel|Electricity"", ""Final Energy|Industry|Iron and Steel|Gases"", ""Final Energy|Industry|Iron and Steel|Hydrogen"", ""Final Energy|Industry|Iron and Steel|Liquids"", ""Final Energy|Industry|Iron and Steel|Solids""]",fig03_energy,,,,,,"[""AFE"", ""AFN"", ""AFW"", ""AFZ"", ""ANZ"", ""ASC"", ""ASE"", ""ASO"", ""BRA"", ""CAN"", ""CHL"", ""CHN"", ""ENE"", ""ENW"", ""EUE"", ""EUM"", ""EUW"", ""IDN"", ""IND"", ""JPN"", ""LAM"", ""MDA"", ""MEA"", ""MEX"", ""NIG"", ""RUS"", ""SKT"", ""USA""]",Final energy,27.031373511905567,,,,,,,,,,,,,,,,,,,
ndc_noce,NDC,No CE,b,Global,Iron and steel,Iron and steel,2030,22.309703851877632,EJ/yr,plotted,"[""Final Energy|Industry|Iron and Steel|Electricity"", ""Final Energy|Industry|Iron and Steel|Gases"", ""Final Energy|Industry|Iron and Steel|Hydrogen"", ""Final Energy|Industry|Iron and Steel|Liquids"", ""Final Energy|Industry|Iron and Steel|Solids""]",fig03_energy,,,,,,"[""AFE"", ""AFN"", ""AFW"", ""AFZ"", ""ANZ"", ""ASC"", ""ASE"", ""ASO"", ""BRA"", ""CAN"", ""CHL"", ""CHN"", ""ENE"", ""ENW"", ""EUE"", ""EUM"", ""EUW"", ""IDN"", ""IND"", ""JPN"", ""LAM"", ""MDA"", ""MEA"", ""MEX"", ""NIG"", ""RUS"", ""SKT"", ""USA""]",Final energy,22.309703851877632,,,,,,,,,,,,,,,,,,,
ndc_noce,NDC,No CE,b,Global,Iron and steel,Iron and steel,2035,18.921314716239195,EJ/yr,plotted,"[""Final Energy|Industry|Iron and Steel|Electricity"", ""Final Energy|Industry|Iron and Steel|Gases"", ""Final Energy|Industry|Iron and Steel|Hydrogen"", ""Final Energy|Industry|Iron and Steel|Liquids"", ""Final Energy|Industry|Iron and Steel|Solids""]",fig03_energy,,,,,,"[""AFE"", ""AFN"", ""AFW"", ""AFZ"", ""ANZ"", ""ASC"", ""ASE"", ""ASO"", ""BRA"", ""CAN"", ""CHL"", ""CHN"", ""ENE"", ""ENW"", ""EUE"", ""EUM"", ""EUW"", ""IDN"", ""IND"", ""JPN"", ""LAM"", ""MDA"", ""MEA"", ""MEX"", ""NIG"", ""RUS"", ""SKT"", ""USA""]",Final energy,18.921314716239195,,,,,,,,,,,,,,,,,,,
ndc_noce,NDC,No CE,b,Global,Iron and steel,Iron and steel,2040,18.192661559306416,EJ/yr,plotted,"[""Final Energy|Industry|Iron and Steel|Electricity"", ""Final Energy|Industry|Iron and Steel|Gases"", ""Final Energy|Industry|Iron and Steel|Hydrogen"", ""Final Energy|Industry|Iron and Steel|Liquids"", ""Final Energy|Industry|Iron and Steel|Solids""]",fig03_energy,,,,,,"[""AFE"", ""AFN"", ""AFW"", ""AFZ"", ""ANZ"", ""ASC"", ""ASE"", ""ASO"", ""BRA"", ""CAN"", ""CHL"", ""CHN"", ""ENE"", ""ENW"", ""EUE"", ""EUM"", ""EUW"", ""IDN"", ""IND"", ""JPN"", ""LAM"", ""MDA"", ""MEA"", ""MEX"", ""NIG"", ""RUS"", ""SKT"", ""USA""]",Final energy,18.192661559306416,,,,,,,,,,,,,,,,,,,
ndc_noce,NDC,No CE,b,Global,Iron and steel,Iron and steel,2050,20.61027469620153,EJ/yr,plotted,"[""Final Energy|Industry|Iron and Steel|Electricity"", ""Final Energy|Industry|Iron and Steel|Gases"", ""Final Energy|Industry|Iron and Steel|Hydrogen"", ""Final Energy|Industry|Iron and Steel|Liquids"", ""Final Energy|Industry|Iron and Steel|Solids""]",fig03_energy,,,,,,"[""AFE"", ""AFN"", ""AFW"", ""AFZ"", ""ANZ"", ""ASC"", ""ASE"", ""ASO"", ""BRA"", ""CAN"", ""CHL"", ""CHN"", ""ENE"", ""ENW"", ""EUE"", ""EUM"", ""EUW"", ""IDN"", ""IND"", ""JPN"", ""LAM"", ""MDA"", ""MEA"", ""MEX"", ""NIG"", ""RUS"", ""SKT"", ""USA""]",Final energy,20.61027469620153,,,,,,,,,,,,,,,,,,,
ndc_noce,NDC,No CE,e,Global,Iron and steel,Iron and steel,2019,17.2350282372206,GJ/t,plotted,"[""Final Energy|Industry|Iron and Steel|Electricity"", ""Final Energy|Industry|Iron and Steel|Gases"", ""Final Energy|Industry|Iron and Steel|Hydrogen"", ""Final Energy|Industry|Iron and Steel|Liquids"", ""Final Energy|Industry|Iron and Steel|Solids"", ""Production|Iron and Steel|Primary"", ""Production|Iron and Steel|Secondary""]",fig03_energy,,,,,,"[""AFE"", ""AFN"", ""AFW"", ""AFZ"", ""ANZ"", ""ASC"", ""ASE"", ""ASO"", ""BRA"", ""CAN"", ""CHL"", ""CHN"", ""ENE"", ""ENW"", ""EUE"", ""EUM"", ""EUW"", ""IDN"", ""IND"", ""JPN"", ""LAM"", ""MDA"", ""MEA"", ""MEX"", ""NIG"", ""RUS"", ""SKT"", ""USA""]",Derived energy intensity,30.242503133675367,1754.711551232852,1000.0,,,,,,,,,,,,,,,,,
ndc_noce,NDC,No CE,e,Global,Iron and steel,Iron and steel,2024,15.66963987947582,GJ/t,plotted,"[""Final Energy|Industry|Iron and Steel|Electricity"", ""Final Energy|Industry|Iron and Steel|Gases"", ""Final Energy|Industry|Iron and Steel|Hydrogen"", ""Final Energy|Industry|Iron and Steel|Liquids"", ""Final Energy|Industry|Iron and Steel|Solids"", ""Production|Iron and Steel|Primary"", ""Production|Iron and Steel|Secondary""]",fig03_energy,,,,,,"[""AFE"", ""AFN"", ""AFW"", ""AFZ"", ""ANZ"", ""ASC"", ""ASE"", ""ASO"", ""BRA"", ""CAN"", ""CHL"", ""CHN"", ""ENE"", ""ENW"", ""EUE"", ""EUM"", ""EUW"", ""IDN"", ""IND"", ""JPN"", ""LAM"", ""MDA"", ""MEA"", ""MEX"", ""NIG"", ""RUS"", ""SKT"", ""USA""]",Derived energy intensity,27.031373511905567,1725.0794351254624,1000.0,,,,,,,,,,,,,,,,,
ndc_noce,NDC,No CE,e,Global,Iron and steel,Iron and steel,2030,13.586998299711313,GJ/t,plotted,"[""Final Energy|Industry|Iron and Steel|Electricity"", ""Final Energy|Industry|Iron and Steel|Gases"", ""Final Energy|Industry|Iron and Steel|Hydrogen"", ""Final Energy|Industry|Iron and Steel|Liquids"", ""Final Energy|Industry|Iron and Steel|Solids"", ""Production|Iron and Steel|Primary"", ""Production|Iron and Steel|Secondary""]",fig03_energy,,,,,,"[""AFE"", ""AFN"", ""AFW"", ""AFZ"", ""ANZ"", ""ASC"", ""ASE"", ""ASO"", ""BRA"", ""CAN"", ""CHL"", ""CHN"", ""ENE"", ""ENW"", ""EUE"", ""EUM"", ""EUW"", ""IDN"", ""IND"", ""JPN"", ""LAM"", ""MDA"", ""MEA"", ""MEX"", ""NIG"", ""RUS"", ""SKT"", ""USA""]",Derived energy intensity,22.309703851877632,1641.98915461347,1000.0,,,,,,,,,,,,,,,,,
ndc_noce,NDC,No CE,e,Global,Iron and steel,Iron and steel,2035,11.8581439678704,GJ/t,plotted,"[""Final Energy|Industry|Iron and Steel|Electricity"", ""Final Energy|Industry|Iron and Steel|Gases"", ""Final Energy|Industry|Iron and Steel|Hydrogen"", ""Final Energy|Industry|Iron and Steel|Liquids"", ""Final Energy|Industry|Iron and Steel|Solids"", ""Production|Iron and Steel|Primary"", ""Production|Iron and Steel|Secondary""]",fig03_energy,,,,,,"[""AFE"", ""AFN"", ""AFW"", ""AFZ"", ""ANZ"", ""ASC"", ""ASE"", ""ASO"", ""BRA"", ""CAN"", ""CHL"", ""CHN"", ""ENE"", ""ENW"", ""EUE"", ""EUM"", ""EUW"", ""IDN"", ""IND"", ""JPN"", ""LAM"", ""MDA"", ""MEA"", ""MEX"", ""NIG"", ""RUS"", ""SKT"", ""USA""]",Derived energy intensity,18.921314716239195,1595.6388088647288,1000.0,,,,,,,,,,,,,,,,,
ndc_noce,NDC,No CE,e,Global,Iron and steel,Iron and steel,2040,10.806704271064598,GJ/t,plotted,"[""Final Energy|Industry|Iron and Steel|Electricity"", ""Final Energy|Industry|Iron and Steel|Gases"", ""Final Energy|Industry|Iron and Steel|Hydrogen"", ""Final Energy|Industry|Iron and Steel|Liquids"", ""Final Energy|Industry|Iron and Steel|Solids"", ""Production|Iron and Steel|Primary"", ""Production|Iron and Steel|Secondary""]",fig03_energy,,,,,,"[""AFE"", ""AFN"", ""AFW"", ""AFZ"", ""ANZ"", ""ASC"", ""ASE"", ""ASO"", ""BRA"", ""CAN"", ""CHL"", ""CHN"", ""ENE"", ""ENW"", ""EUE"", ""EUM"", ""EUW"", ""IDN"", ""IND"", ""JPN"", ""LAM"", ""MDA"", ""MEA"", ""MEX"", ""NIG"", ""RUS"", ""SKT"", ""USA""]",Derived energy intensity,18.192661559306416,1683.460665063078,1000.0,,,,,,,,,,,,,,,,,
ndc_noce,NDC,No CE,e,Global,Iron and steel,Iron and steel,2050,9.424296541140345,GJ/t,plotted,"[""Final Energy|Industry|Iron and Steel|Electricity"", ""Final Energy|Industry|Iron and Steel|Gases"", ""Final Energy|Industry|Iron and Steel|Hydrogen"", ""Final Energy|Industry|Iron and Steel|Liquids"", ""Final Energy|Industry|Iron and Steel|Solids"", ""Production|Iron and Steel|Primary"", ""Production|Iron and Steel|Secondary""]",fig03_energy,,,,,,"[""AFE"", ""AFN"", ""AFW"", ""AFZ"", ""ANZ"", ""ASC"", ""ASE"", ""ASO"", ""BRA"", ""CAN"", ""CHL"", ""CHN"", ""ENE"", ""ENW"", ""EUE"", ""EUM"", ""EUW"", ""IDN"", ""IND"", ""JPN"", ""LAM"", ""MDA"", ""MEA"", ""MEX"", ""NIG"", ""RUS"", ""SKT"", ""USA""]",Derived energy intensity,20.61027469620153,2186.9297730849707,1000.0,,,,,,,,,,,,,,,,,
baseline_noce,NDC+LTT,No CE,b,Global,Iron and steel,Iron and steel,2019,30.242503133675367,EJ/yr,plotted,"[""Final Energy|Industry|Iron and Steel|Electricity"", ""Final Energy|Industry|Iron and Steel|Gases"", ""Final Energy|Industry|Iron and Steel|Hydrogen"", ""Final Energy|Industry|Iron and Steel|Liquids"", ""Final Energy|Industry|Iron and Steel|Solids""]",fig03_energy,,,,,,"[""AFE"", ""AFN"", ""AFW"", ""AFZ"", ""ANZ"", ""ASC"", ""ASE"", ""ASO"", ""BRA"", ""CAN"", ""CHL"", ""CHN"", ""ENE"", ""ENW"", ""EUE"", ""EUM"", ""EUW"", ""IDN"", ""IND"", ""JPN"", ""LAM"", ""MDA"", ""MEA"", ""MEX"", ""NIG"", ""RUS"", ""SKT"", ""USA""]",Final energy,30.242503133675367,,,,,,,,,,,,,,,,,,,
baseline_noce,NDC+LTT,No CE,b,Global,Iron and steel,Iron and steel,2024,27.031373511905567,EJ/yr,plotted,"[""Final Energy|Industry|Iron and Steel|Electricity"", ""Final Energy|Industry|Iron and Steel|Gases"", ""Final Energy|Industry|Iron and Steel|Hydrogen"", ""Final Energy|Industry|Iron and Steel|Liquids"", ""Final Energy|Industry|Iron and Steel|Solids""]",fig03_energy,,,,,,"[""AFE"", ""AFN"", ""AFW"", ""AFZ"", ""ANZ"", ""ASC"", ""ASE"", ""ASO"", ""BRA"", ""CAN"", ""CHL"", ""CHN"", ""ENE"", ""ENW"", ""EUE"", ""EUM"", ""EUW"", ""IDN"", ""IND"", ""JPN"", ""LAM"", ""MDA"", ""MEA"", ""MEX"", ""NIG"", ""RUS"", ""SKT"", ""USA""]",Final energy,27.031373511905567,,,,,,,,,,,,,,,,,,,
baseline_noce,NDC+LTT,No CE,b,Global,Iron and steel,Iron and steel,2030,22.413982158138463,EJ/yr,plotted,"[""Final Energy|Industry|Iron and Steel|Electricity"", ""Final Energy|Industry|Iron and Steel|Gases"", ""Final Energy|Industry|Iron and Steel|Hydrogen"", ""Final Energy|Industry|Iron and Steel|Liquids"", ""Final Energy|Industry|Iron and Steel|Solids""]",fig03_energy,,,,,,"[""AFE"", ""AFN"", ""AFW"", ""AFZ"", ""ANZ"", ""ASC"", ""ASE"", ""ASO"", ""BRA"", ""CAN"", ""CHL"", ""CHN"", ""ENE"", ""ENW"", ""EUE"", ""EUM"", ""EUW"", ""IDN"", ""IND"", ""JPN"", ""LAM"", ""MDA"", ""MEA"", ""MEX"", ""NIG"", ""RUS"", ""SKT"", ""USA""]",Final energy,22.413982158138463,,,,,,,,,,,,,,,,,,,
baseline_noce,NDC+LTT,No CE,b,Global,Iron and steel,Iron and steel,2035,18.318203391361617,EJ/yr,plotted,"[""Final Energy|Industry|Iron and Steel|Electricity"", ""Final Energy|Industry|Iron and Steel|Gases"", ""Final Energy|Industry|Iron and Steel|Hydrogen"", ""Final Energy|Industry|Iron and Steel|Liquids"", ""Final Energy|Industry|Iron and Steel|Solids""]",fig03_energy,,,,,,"[""AFE"", ""AFN"", ""AFW"", ""AFZ"", ""ANZ"", ""ASC"", ""ASE"", ""ASO"", ""BRA"", ""CAN"", ""CHL"", ""CHN"", ""ENE"", ""ENW"", ""EUE"", ""EUM"", ""EUW"", ""IDN"", ""IND"", ""JPN"", ""LAM"", ""MDA"", ""MEA"", ""MEX"", ""NIG"", ""RUS"", ""SKT"", ""USA""]",Final energy,18.318203391361617,,,,,,,,,,,,,,,,,,,
baseline_noce,NDC+LTT,No CE,b,Global,Iron and steel,Iron and steel,2040,15.88330289230163,EJ/yr,plotted,"[""Final Energy|Industry|Iron and Steel|Electricity"", ""Final Energy|Industry|Iron and Steel|Gases"", ""Final Energy|Industry|Iron and Steel|Hydrogen"", ""Final Energy|Industry|Iron and Steel|Liquids"", ""Final Energy|Industry|Iron and Steel|Solids""]",fig03_energy,,,,,,"[""AFE"", ""AFN"", ""AFW"", ""AFZ"", ""ANZ"", ""ASC"", ""ASE"", ""ASO"", ""BRA"", ""CAN"", ""CHL"", ""CHN"", ""ENE"", ""ENW"", ""EUE"", ""EUM"", ""EUW"", ""IDN"", ""IND"", ""JPN"", ""LAM"", ""MDA"", ""MEA"", ""MEX"", ""NIG"", ""RUS"", ""SKT"", ""USA""]",Final energy,15.88330289230163,,,,,,,,,,,,,,,,,,,
baseline_noce,NDC+LTT,No CE,b,Global,Iron and steel,Iron and steel,2050,14.713596638626816,EJ/yr,plotted,"[""Final Energy|Industry|Iron and Steel|Electricity"", ""Final Energy|Industry|Iron and Steel|Gases"", ""Final Energy|Industry|Iron and Steel|Hydrogen"", ""Final Energy|Industry|Iron and Steel|Liquids"", ""Final Energy|Industry|Iron and Steel|Solids""]",fig03_energy,,,,,,"[""AFE"", ""AFN"", ""AFW"", ""AFZ"", ""ANZ"", ""ASC"", ""ASE"", ""ASO"", ""BRA"", ""CAN"", ""CHL"", ""CHN"", ""ENE"", ""ENW"", ""EUE"", ""EUM"", ""EUW"", ""IDN"", ""IND"", ""JPN"", ""LAM"", ""MDA"", ""MEA"", ""MEX"", ""NIG"", ""RUS"", ""SKT"", ""USA""]",Final energy,14.713596638626816,,,,,,,,,,,,,,,,,,,
baseline_noce,NDC+LTT,No CE,e,Global,Iron and steel,Iron and steel,2019,17.2350282372206,GJ/t,plotted,"[""Final Energy|Industry|Iron and Steel|Electricity"", ""Final Energy|Industry|Iron and Steel|Gases"", ""Final Energy|Industry|Iron and Steel|Hydrogen"", ""Final Energy|Industry|Iron and Steel|Liquids"", ""Final Energy|Industry|Iron and Steel|Solids"", ""Production|Iron and Steel|Primary"", ""Production|Iron and Steel|Secondary""]",fig03_energy,,,,,,"[""AFE"", ""AFN"", ""AFW"", ""AFZ"", ""ANZ"", ""ASC"", ""ASE"", ""ASO"", ""BRA"", ""CAN"", ""CHL"", ""CHN"", ""ENE"", ""ENW"", ""EUE"", ""EUM"", ""EUW"", ""IDN"", ""IND"", ""JPN"", ""LAM"", ""MDA"", ""MEA"", ""MEX"", ""NIG"", ""RUS"", ""SKT"", ""USA""]",Derived energy intensity,30.242503133675367,1754.711551232852,1000.0,,,,,,,,,,,,,,,,,
baseline_noce,NDC+LTT,No CE,e,Global,Iron and steel,Iron and steel,2024,15.66963987947582,GJ/t,plotted,"[""Final Energy|Industry|Iron and Steel|Electricity"", ""Final Energy|Industry|Iron and Steel|Gases"", ""Final Energy|Industry|Iron and Steel|Hydrogen"", ""Final Energy|Industry|Iron and Steel|Liquids"", ""Final Energy|Industry|Iron and Steel|Solids"", ""Production|Iron and Steel|Primary"", ""Production|Iron and Steel|Secondary""]",fig03_energy,,,,,,"[""AFE"", ""AFN"", ""AFW"", ""AFZ"", ""ANZ"", ""ASC"", ""ASE"", ""ASO"", ""BRA"", ""CAN"", ""CHL"", ""CHN"", ""ENE"", ""ENW"", ""EUE"", ""EUM"", ""EUW"", ""IDN"", ""IND"", ""JPN"", ""LAM"", ""MDA"", ""MEA"", ""MEX"", ""NIG"", ""RUS"", ""SKT"", ""USA""]",Derived energy intensity,27.031373511905567,1725.0794351254624,1000.0,,,,,,,,,,,,,,,,,
baseline_noce,NDC+LTT,No CE,e,Global,Iron and steel,Iron and steel,2030,13.650505777791986,GJ/t,plotted,"[""Final Energy|Industry|Iron and Steel|Electricity"", ""Final Energy|Industry|Iron and Steel|Gases"", ""Final Energy|Industry|Iron and Steel|Hydrogen"", ""Final Energy|Industry|Iron and Steel|Liquids"", ""Final Energy|Industry|Iron and Steel|Solids"", ""Production|Iron and Steel|Primary"", ""Production|Iron and Steel|Secondary""]",fig03_energy,,,,,,"[""AFE"", ""AFN"", ""AFW"", ""AFZ"", ""ANZ"", ""ASC"", ""ASE"", ""ASO"", ""BRA"", ""CAN"", ""CHL"", ""CHN"", ""ENE"", ""ENW"", ""EUE"", ""EUM"", ""EUW"", ""IDN"", ""IND"", ""JPN"", ""LAM"", ""MDA"", ""MEA"", ""MEX"", ""NIG"", ""RUS"", ""SKT"", ""USA""]",Derived energy intensity,22.413982158138463,1641.9891338095165,1000.0,,,,,,,,,,,,,,,,,
baseline_noce,NDC+LTT,No CE,e,Global,Iron and steel,Iron and steel,2035,11.480169599201504,GJ/t,plotted,"[""Final Energy|Industry|Iron and Steel|Electricity"", ""Final Energy|Industry|Iron and Steel|Gases"", ""Final Energy|Industry|Iron and Steel|Hydrogen"", ""Final Energy|Industry|Iron and Steel|Liquids"", ""Final Energy|Industry|Iron and Steel|Solids"", ""Production|Iron and Steel|Primary"", ""Production|Iron and Steel|Secondary""]",fig03_energy,,,,,,"[""AFE"", ""AFN"", ""AFW"", ""AFZ"", ""ANZ"", ""ASC"", ""ASE"", ""ASO"", ""BRA"", ""CAN"", ""CHL"", ""CHN"", ""ENE"", ""ENW"", ""EUE"", ""EUM"", ""EUW"", ""IDN"", ""IND"", ""JPN"", ""LAM"", ""MDA"", ""MEA"", ""MEX"", ""NIG"", ""RUS"", ""SKT"", ""USA""]",Derived energy intensity,18.318203391361617,1595.6387432321321,1000.0,,,,,,,,,,,,,,,,,
baseline_noce,NDC+LTT,No CE,e,Global,Iron and steel,Iron and steel,2040,9.434912196162296,GJ/t,plotted,"[""Final Energy|Industry|Iron and Steel|Electricity"", ""Final Energy|Industry|Iron and Steel|Gases"", ""Final Energy|Industry|Iron and Steel|Hydrogen"", ""Final Energy|Industry|Iron and Steel|Liquids"", ""Final Energy|Industry|Iron and Steel|Solids"", ""Production|Iron and Steel|Primary"", ""Production|Iron and Steel|Secondary""]",fig03_energy,,,,,,"[""AFE"", ""AFN"", ""AFW"", ""AFZ"", ""ANZ"", ""ASC"", ""ASE"", ""ASO"", ""BRA"", ""CAN"", ""CHL"", ""CHN"", ""ENE"", ""ENW"", ""EUE"", ""EUM"", ""EUW"", ""IDN"", ""IND"", ""JPN"", ""LAM"", ""MDA"", ""MEA"", ""MEX"", ""NIG"", ""RUS"", ""SKT"", ""USA""]",Derived energy intensity,15.88330289230163,1683.4605942344915,1000.0,,,,,,,,,,,,,,,,,
baseline_noce,NDC+LTT,No CE,e,Global,Iron and steel,Iron and steel,2050,6.727969672954673,GJ/t,plotted,"[""Final Energy|Industry|Iron and Steel|Electricity"", ""Final Energy|Industry|Iron and Steel|Gases"", ""Final Energy|Industry|Iron and Steel|Hydrogen"", ""Final Energy|Industry|Iron and Steel|Liquids"", ""Final Energy|Industry|Iron and Steel|Solids"", ""Production|Iron and Steel|Primary"", ""Production|Iron and Steel|Secondary""]",fig03_energy,,,,,,"[""AFE"", ""AFN"", ""AFW"", ""AFZ"", ""ANZ"", ""ASC"", ""ASE"", ""ASO"", ""BRA"", ""CAN"", ""CHL"", ""CHN"", ""ENE"", ""ENW"", ""EUE"", ""EUM"", ""EUW"", ""IDN"", ""IND"", ""JPN"", ""LAM"", ""MDA"", ""MEA"", ""MEX"", ""NIG"", ""RUS"", ""SKT"", ""USA""]",Derived energy intensity,14.713596638626816,2186.929691103253,1000.0,,,,,,,,,,,,,,,,,
ndc_noce,NDC,No CE,c,Global,Aluminium,Aluminium,2019,4.680947868457299,EJ/yr,plotted,"[""Final Energy|Industry|Non-Ferrous Metals|Aluminum|Electricity"", ""Final Energy|Industry|Non-Ferrous Metals|Aluminum|Gases"", ""Final Energy|Industry|Non-Ferrous Metals|Aluminum|Hydrogen"", ""Final Energy|Industry|Non-Ferrous Metals|Aluminum|Liquids"", ""Final Energy|Industry|Non-Ferrous Metals|Aluminum|Solids""]",fig03_energy,,,,,,"[""AFE"", ""AFN"", ""AFW"", ""AFZ"", ""ANZ"", ""ASC"", ""ASE"", ""ASO"", ""BRA"", ""CAN"", ""CHL"", ""CHN"", ""ENE"", ""ENW"", ""EUE"", ""EUM"", ""EUW"", ""IDN"", ""IND"", ""JPN"", ""LAM"", ""MDA"", ""MEA"", ""MEX"", ""NIG"", ""RUS"", ""SKT"", ""USA""]",Final energy,4.680947868457299,,,,,,,,,,,,,,,,,,,
ndc_noce,NDC,No CE,c,Global,Aluminium,Aluminium,2024,5.860733662726895,EJ/yr,plotted,"[""Final Energy|Industry|Non-Ferrous Metals|Aluminum|Electricity"", ""Final Energy|Industry|Non-Ferrous Metals|Aluminum|Gases"", ""Final Energy|Industry|Non-Ferrous Metals|Aluminum|Hydrogen"", ""Final Energy|Industry|Non-Ferrous Metals|Aluminum|Liquids"", ""Final Energy|Industry|Non-Ferrous Metals|Aluminum|Solids""]",fig03_energy,,,,,,"[""AFE"", ""AFN"", ""AFW"", ""AFZ"", ""ANZ"", ""ASC"", ""ASE"", ""ASO"", ""BRA"", ""CAN"", ""CHL"", ""CHN"", ""ENE"", ""ENW"", ""EUE"", ""EUM"", ""EUW"", ""IDN"", ""IND"", ""JPN"", ""LAM"", ""MDA"", ""MEA"", ""MEX"", ""NIG"", ""RUS"", ""SKT"", ""USA""]",Final energy,5.860733662726895,,,,,,,,,,,,,,,,,,,
ndc_noce,NDC,No CE,c,Global,Aluminium,Aluminium,2030,5.655919360460343,EJ/yr,plotted,"[""Final Energy|Industry|Non-Ferrous Metals|Aluminum|Electricity"", ""Final Energy|Industry|Non-Ferrous Metals|Aluminum|Gases"", ""Final Energy|Industry|Non-Ferrous Metals|Aluminum|Hydrogen"", ""Final Energy|Industry|Non-Ferrous Metals|Aluminum|Liquids"", ""Final Energy|Industry|Non-Ferrous Metals|Aluminum|Solids""]",fig03_energy,,,,,,"[""AFE"", ""AFN"", ""AFW"", ""AFZ"", ""ANZ"", ""ASC"", ""ASE"", ""ASO"", ""BRA"", ""CAN"", ""CHL"", ""CHN"", ""ENE"", ""ENW"", ""EUE"", ""EUM"", ""EUW"", ""IDN"", ""IND"", ""JPN"", ""LAM"", ""MDA"", ""MEA"", ""MEX"", ""NIG"", ""RUS"", ""SKT"", ""USA""]",Final energy,5.655919360460343,,,,,,,,,,,,,,,,,,,
ndc_noce,NDC,No CE,c,Global,Aluminium,Aluminium,2035,5.414952605500559,EJ/yr,plotted,"[""Final Energy|Industry|Non-Ferrous Metals|Aluminum|Electricity"", ""Final Energy|Industry|Non-Ferrous Metals|Aluminum|Gases"", ""Final Energy|Industry|Non-Ferrous Metals|Aluminum|Hydrogen"", ""Final Energy|Industry|Non-Ferrous Metals|Aluminum|Liquids"", ""Final Energy|Industry|Non-Ferrous Metals|Aluminum|Solids""]",fig03_energy,,,,,,"[""AFE"", ""AFN"", ""AFW"", ""AFZ"", ""ANZ"", ""ASC"", ""ASE"", ""ASO"", ""BRA"", ""CAN"", ""CHL"", ""CHN"", ""ENE"", ""ENW"", ""EUE"", ""EUM"", ""EUW"", ""IDN"", ""IND"", ""JPN"", ""LAM"", ""MDA"", ""MEA"", ""MEX"", ""NIG"", ""RUS"", ""SKT"", ""USA""]",Final energy,5.414952605500559,,,,,,,,,,,,,,,,,,,
ndc_noce,NDC,No CE,c,Global,Aluminium,Aluminium,2040,5.489405813907431,EJ/yr,plotted,"[""Final Energy|Industry|Non-Ferrous Metals|Aluminum|Electricity"", ""Final Energy|Industry|Non-Ferrous Metals|Aluminum|Gases"", ""Final Energy|Industry|Non-Ferrous Metals|Aluminum|Hydrogen"", ""Final Energy|Industry|Non-Ferrous Metals|Aluminum|Liquids"", ""Final Energy|Industry|Non-Ferrous Metals|Aluminum|Solids""]",fig03_energy,,,,,,"[""AFE"", ""AFN"", ""AFW"", ""AFZ"", ""ANZ"", ""ASC"", ""ASE"", ""ASO"", ""BRA"", ""CAN"", ""CHL"", ""CHN"", ""ENE"", ""ENW"", ""EUE"", ""EUM"", ""EUW"", ""IDN"", ""IND"", ""JPN"", ""LAM"", ""MDA"", ""MEA"", ""MEX"", ""NIG"", ""RUS"", ""SKT"", ""USA""]",Final energy,5.489405813907431,,,,,,,,,,,,,,,,,,,
ndc_noce,NDC,No CE,c,Global,Aluminium,Aluminium,2050,5.188833665819518,EJ/yr,plotted,"[""Final Energy|Industry|Non-Ferrous Metals|Aluminum|Electricity"", ""Final Energy|Industry|Non-Ferrous Metals|Aluminum|Gases"", ""Final Energy|Industry|Non-Ferrous Metals|Aluminum|Hydrogen"", ""Final Energy|Industry|Non-Ferrous Metals|Aluminum|Liquids"", ""Final Energy|Industry|Non-Ferrous Metals|Aluminum|Solids""]",fig03_energy,,,,,,"[""AFE"", ""AFN"", ""AFW"", ""AFZ"", ""ANZ"", ""ASC"", ""ASE"", ""ASO"", ""BRA"", ""CAN"", ""CHL"", ""CHN"", ""ENE"", ""ENW"", ""EUE"", ""EUM"", ""EUW"", ""IDN"", ""IND"", ""JPN"", ""LAM"", ""MDA"", ""MEA"", ""MEX"", ""NIG"", ""RUS"", ""SKT"", ""USA""]",Final energy,5.188833665819518,,,,,,,,,,,,,,,,,,,
ndc_noce,NDC,No CE,f,Global,Aluminium,Aluminium,2019,49.53385365152635,GJ/t,plotted,"[""Final Energy|Industry|Non-Ferrous Metals|Aluminum|Electricity"", ""Final Energy|Industry|Non-Ferrous Metals|Aluminum|Gases"", ""Final Energy|Industry|Non-Ferrous Metals|Aluminum|Hydrogen"", ""Final Energy|Industry|Non-Ferrous Metals|Aluminum|Liquids"", ""Final Energy|Industry|Non-Ferrous Metals|Aluminum|Solids"", ""Production|Non-Ferrous Metals|Aluminum|Primary"", ""Production|Non-Ferrous Metals|Aluminum|Secondary""]",fig03_energy,,,,,,"[""AFE"", ""AFN"", ""AFW"", ""AFZ"", ""ANZ"", ""ASC"", ""ASE"", ""ASO"", ""BRA"", ""CAN"", ""CHL"", ""CHN"", ""ENE"", ""ENW"", ""EUE"", ""EUM"", ""EUW"", ""IDN"", ""IND"", ""JPN"", ""LAM"", ""MDA"", ""MEA"", ""MEX"", ""NIG"", ""RUS"", ""SKT"", ""USA""]",Derived energy intensity,4.680947868457299,94.49997372278058,1000.0,,,,,,,,,,,,,,,,,
ndc_noce,NDC,No CE,f,Global,Aluminium,Aluminium,2024,48.4304832692158,GJ/t,plotted,"[""Final Energy|Industry|Non-Ferrous Metals|Aluminum|Electricity"", ""Final Energy|Industry|Non-Ferrous Metals|Aluminum|Gases"", ""Final Energy|Industry|Non-Ferrous Metals|Aluminum|Hydrogen"", ""Final Energy|Industry|Non-Ferrous Metals|Aluminum|Liquids"", ""Final Energy|Industry|Non-Ferrous Metals|Aluminum|Solids"", ""Production|Non-Ferrous Metals|Aluminum|Primary"", ""Production|Non-Ferrous Metals|Aluminum|Secondary""]",fig03_energy,,,,,,"[""AFE"", ""AFN"", ""AFW"", ""AFZ"", ""ANZ"", ""ASC"", ""ASE"", ""ASO"", ""BRA"", ""CAN"", ""CHL"", ""CHN"", ""ENE"", ""ENW"", ""EUE"", ""EUM"", ""EUW"", ""IDN"", ""IND"", ""JPN"", ""LAM"", ""MDA"", ""MEA"", ""MEX"", ""NIG"", ""RUS"", ""SKT"", ""USA""]",Derived energy intensity,5.860733662726895,121.01332192264523,1000.0,,,,,,,,,,,,,,,,,
ndc_noce,NDC,No CE,f,Global,Aluminium,Aluminium,2030,45.47356509571616,GJ/t,plotted,"[""Final Energy|Industry|Non-Ferrous Metals|Aluminum|Electricity"", ""Final Energy|Industry|Non-Ferrous Metals|Aluminum|Gases"", ""Final Energy|Industry|Non-Ferrous Metals|Aluminum|Hydrogen"", ""Final Energy|Industry|Non-Ferrous Metals|Aluminum|Liquids"", ""Final Energy|Industry|Non-Ferrous Metals|Aluminum|Solids"", ""Production|Non-Ferrous Metals|Aluminum|Primary"", ""Production|Non-Ferrous Metals|Aluminum|Secondary""]",fig03_energy,,,,,,"[""AFE"", ""AFN"", ""AFW"", ""AFZ"", ""ANZ"", ""ASC"", ""ASE"", ""ASO"", ""BRA"", ""CAN"", ""CHL"", ""CHN"", ""ENE"", ""ENW"", ""EUE"", ""EUM"", ""EUW"", ""IDN"", ""IND"", ""JPN"", ""LAM"", ""MDA"", ""MEA"", ""MEX"", ""NIG"", ""RUS"", ""SKT"", ""USA""]",Derived energy intensity,5.655919360460343,124.37818210547911,1000.0,,,,,,,,,,,,,,,,,
ndc_noce,NDC,No CE,f,Global,Aluminium,Aluminium,2035,42.62825609349661,GJ/t,plotted,"[""Final Energy|Industry|Non-Ferrous Metals|Aluminum|Electricity"", ""Final Energy|Industry|Non-Ferrous Metals|Aluminum|Gases"", ""Final Energy|Industry|Non-Ferrous Metals|Aluminum|Hydrogen"", ""Final Energy|Industry|Non-Ferrous Metals|Aluminum|Liquids"", ""Final Energy|Industry|Non-Ferrous Metals|Aluminum|Solids"", ""Production|Non-Ferrous Metals|Aluminum|Primary"", ""Production|Non-Ferrous Metals|Aluminum|Secondary""]",fig03_energy,,,,,,"[""AFE"", ""AFN"", ""AFW"", ""AFZ"", ""ANZ"", ""ASC"", ""ASE"", ""ASO"", ""BRA"", ""CAN"", ""CHL"", ""CHN"", ""ENE"", ""ENW"", ""EUE"", ""EUM"", ""EUW"", ""IDN"", ""IND"", ""JPN"", ""LAM"", ""MDA"", ""MEA"", ""MEX"", ""NIG"", ""RUS"", ""SKT"", ""USA""]",Derived energy intensity,5.414952605500559,127.02730774686012,1000.0,,,,,,,,,,,,,,,,,
ndc_noce,NDC,No CE,f,Global,Aluminium,Aluminium,2040,41.75683884246919,GJ/t,plotted,"[""Final Energy|Industry|Non-Ferrous Metals|Aluminum|Electricity"", ""Final Energy|Industry|Non-Ferrous Metals|Aluminum|Gases"", ""Final Energy|Industry|Non-Ferrous Metals|Aluminum|Hydrogen"", ""Final Energy|Industry|Non-Ferrous Metals|Aluminum|Liquids"", ""Final Energy|Industry|Non-Ferrous Metals|Aluminum|Solids"", ""Production|Non-Ferrous Metals|Aluminum|Primary"", ""Production|Non-Ferrous Metals|Aluminum|Secondary""]",fig03_energy,,,,,,"[""AFE"", ""AFN"", ""AFW"", ""AFZ"", ""ANZ"", ""ASC"", ""ASE"", ""ASO"", ""BRA"", ""CAN"", ""CHL"", ""CHN"", ""ENE"", ""ENW"", ""EUE"", ""EUM"", ""EUW"", ""IDN"", ""IND"", ""JPN"", ""LAM"", ""MDA"", ""MEA"", ""MEX"", ""NIG"", ""RUS"", ""SKT"", ""USA""]",Derived energy intensity,5.489405813907431,131.46124002864838,1000.0,,,,,,,,,,,,,,,,,
ndc_noce,NDC,No CE,f,Global,Aluminium,Aluminium,2050,39.0096476404181,GJ/t,plotted,"[""Final Energy|Industry|Non-Ferrous Metals|Aluminum|Electricity"", ""Final Energy|Industry|Non-Ferrous Metals|Aluminum|Gases"", ""Final Energy|Industry|Non-Ferrous Metals|Aluminum|Hydrogen"", ""Final Energy|Industry|Non-Ferrous Metals|Aluminum|Liquids"", ""Final Energy|Industry|Non-Ferrous Metals|Aluminum|Solids"", ""Production|Non-Ferrous Metals|Aluminum|Primary"", ""Production|Non-Ferrous Metals|Aluminum|Secondary""]",fig03_energy,,,,,,"[""AFE"", ""AFN"", ""AFW"", ""AFZ"", ""ANZ"", ""ASC"", ""ASE"", ""ASO"", ""BRA"", ""CAN"", ""CHL"", ""CHN"", ""ENE"", ""ENW"", ""EUE"", ""EUM"", ""EUW"", ""IDN"", ""IND"", ""JPN"", ""LAM"", ""MDA"", ""MEA"", ""MEX"", ""NIG"", ""RUS"", ""SKT"", ""USA""]",Derived energy intensity,5.188833665819518,133.0141126535924,1000.0,,,,,,,,,,,,,,,,,
baseline_noce,NDC+LTT,No CE,c,Global,Aluminium,Aluminium,2019,4.680947868457299,EJ/yr,plotted,"[""Final Energy|Industry|Non-Ferrous Metals|Aluminum|Electricity"", ""Final Energy|Industry|Non-Ferrous Metals|Aluminum|Gases"", ""Final Energy|Industry|Non-Ferrous Metals|Aluminum|Hydrogen"", ""Final Energy|Industry|Non-Ferrous Metals|Aluminum|Liquids"", ""Final Energy|Industry|Non-Ferrous Metals|Aluminum|Solids""]",fig03_energy,,,,,,"[""AFE"", ""AFN"", ""AFW"", ""AFZ"", ""ANZ"", ""ASC"", ""ASE"", ""ASO"", ""BRA"", ""CAN"", ""CHL"", ""CHN"", ""ENE"", ""ENW"", ""EUE"", ""EUM"", ""EUW"", ""IDN"", ""IND"", ""JPN"", ""LAM"", ""MDA"", ""MEA"", ""MEX"", ""NIG"", ""RUS"", ""SKT"", ""USA""]",Final energy,4.680947868457299,,,,,,,,,,,,,,,,,,,
baseline_noce,NDC+LTT,No CE,c,Global,Aluminium,Aluminium,2024,5.8607336627268936,EJ/yr,plotted,"[""Final Energy|Industry|Non-Ferrous Metals|Aluminum|Electricity"", ""Final Energy|Industry|Non-Ferrous Metals|Aluminum|Gases"", ""Final Energy|Industry|Non-Ferrous Metals|Aluminum|Hydrogen"", ""Final Energy|Industry|Non-Ferrous Metals|Aluminum|Liquids"", ""Final Energy|Industry|Non-Ferrous Metals|Aluminum|Solids""]",fig03_energy,,,,,,"[""AFE"", ""AFN"", ""AFW"", ""AFZ"", ""ANZ"", ""ASC"", ""ASE"", ""ASO"", ""BRA"", ""CAN"", ""CHL"", ""CHN"", ""ENE"", ""ENW"", ""EUE"", ""EUM"", ""EUW"", ""IDN"", ""IND"", ""JPN"", ""LAM"", ""MDA"", ""MEA"", ""MEX"", ""NIG"", ""RUS"", ""SKT"", ""USA""]",Final energy,5.8607336627268936,,,,,,,,,,,,,,,,,,,
baseline_noce,NDC+LTT,No CE,c,Global,Aluminium,Aluminium,2030,5.6547165276259586,EJ/yr,plotted,"[""Final Energy|Industry|Non-Ferrous Metals|Aluminum|Electricity"", ""Final Energy|Industry|Non-Ferrous Metals|Aluminum|Gases"", ""Final Energy|Industry|Non-Ferrous Metals|Aluminum|Hydrogen"", ""Final Energy|Industry|Non-Ferrous Metals|Aluminum|Liquids"", ""Final Energy|Industry|Non-Ferrous Metals|Aluminum|Solids""]",fig03_energy,,,,,,"[""AFE"", ""AFN"", ""AFW"", ""AFZ"", ""ANZ"", ""ASC"", ""ASE"", ""ASO"", ""BRA"", ""CAN"", ""CHL"", ""CHN"", ""ENE"", ""ENW"", ""EUE"", ""EUM"", ""EUW"", ""IDN"", ""IND"", ""JPN"", ""LAM"", ""MDA"", ""MEA"", ""MEX"", ""NIG"", ""RUS"", ""SKT"", ""USA""]",Final energy,5.6547165276259586,,,,,,,,,,,,,,,,,,,
baseline_noce,NDC+LTT,No CE,c,Global,Aluminium,Aluminium,2035,5.406990438221566,EJ/yr,plotted,"[""Final Energy|Industry|Non-Ferrous Metals|Aluminum|Electricity"", ""Final Energy|Industry|Non-Ferrous Metals|Aluminum|Gases"", ""Final Energy|Industry|Non-Ferrous Metals|Aluminum|Hydrogen"", ""Final Energy|Industry|Non-Ferrous Metals|Aluminum|Liquids"", ""Final Energy|Industry|Non-Ferrous Metals|Aluminum|Solids""]",fig03_energy,,,,,,"[""AFE"", ""AFN"", ""AFW"", ""AFZ"", ""ANZ"", ""ASC"", ""ASE"", ""ASO"", ""BRA"", ""CAN"", ""CHL"", ""CHN"", ""ENE"", ""ENW"", ""EUE"", ""EUM"", ""EUW"", ""IDN"", ""IND"", ""JPN"", ""LAM"", ""MDA"", ""MEA"", ""MEX"", ""NIG"", ""RUS"", ""SKT"", ""USA""]",Final energy,5.406990438221566,,,,,,,,,,,,,,,,,,,
baseline_noce,NDC+LTT,No CE,c,Global,Aluminium,Aluminium,2040,5.470412460904511,EJ/yr,plotted,"[""Final Energy|Industry|Non-Ferrous Metals|Aluminum|Electricity"", ""Final Energy|Industry|Non-Ferrous Metals|Aluminum|Gases"", ""Final Energy|Industry|Non-Ferrous Metals|Aluminum|Hydrogen"", ""Final Energy|Industry|Non-Ferrous Metals|Aluminum|Liquids"", ""Final Energy|Industry|Non-Ferrous Metals|Aluminum|Solids""]",fig03_energy,,,,,,"[""AFE"", ""AFN"", ""AFW"", ""AFZ"", ""ANZ"", ""ASC"", ""ASE"", ""ASO"", ""BRA"", ""CAN"", ""CHL"", ""CHN"", ""ENE"", ""ENW"", ""EUE"", ""EUM"", ""EUW"", ""IDN"", ""IND"", ""JPN"", ""LAM"", ""MDA"", ""MEA"", ""MEX"", ""NIG"", ""RUS"", ""SKT"", ""USA""]",Final energy,5.470412460904511,,,,,,,,,,,,,,,,,,,
baseline_noce,NDC+LTT,No CE,c,Global,Aluminium,Aluminium,2050,5.146821529427613,EJ/yr,plotted,"[""Final Energy|Industry|Non-Ferrous Metals|Aluminum|Electricity"", ""Final Energy|Industry|Non-Ferrous Metals|Aluminum|Gases"", ""Final Energy|Industry|Non-Ferrous Metals|Aluminum|Hydrogen"", ""Final Energy|Industry|Non-Ferrous Metals|Aluminum|Liquids"", ""Final Energy|Industry|Non-Ferrous Metals|Aluminum|Solids""]",fig03_energy,,,,,,"[""AFE"", ""AFN"", ""AFW"", ""AFZ"", ""ANZ"", ""ASC"", ""ASE"", ""ASO"", ""BRA"", ""CAN"", ""CHL"", ""CHN"", ""ENE"", ""ENW"", ""EUE"", ""EUM"", ""EUW"", ""IDN"", ""IND"", ""JPN"", ""LAM"", ""MDA"", ""MEA"", ""MEX"", ""NIG"", ""RUS"", ""SKT"", ""USA""]",Final energy,5.146821529427613,,,,,,,,,,,,,,,,,,,
baseline_noce,NDC+LTT,No CE,f,Global,Aluminium,Aluminium,2019,49.53385365152635,GJ/t,plotted,"[""Final Energy|Industry|Non-Ferrous Metals|Aluminum|Electricity"", ""Final Energy|Industry|Non-Ferrous Metals|Aluminum|Gases"", ""Final Energy|Industry|Non-Ferrous Metals|Aluminum|Hydrogen"", ""Final Energy|Industry|Non-Ferrous Metals|Aluminum|Liquids"", ""Final Energy|Industry|Non-Ferrous Metals|Aluminum|Solids"", ""Production|Non-Ferrous Metals|Aluminum|Primary"", ""Production|Non-Ferrous Metals|Aluminum|Secondary""]",fig03_energy,,,,,,"[""AFE"", ""AFN"", ""AFW"", ""AFZ"", ""ANZ"", ""ASC"", ""ASE"", ""ASO"", ""BRA"", ""CAN"", ""CHL"", ""CHN"", ""ENE"", ""ENW"", ""EUE"", ""EUM"", ""EUW"", ""IDN"", ""IND"", ""JPN"", ""LAM"", ""MDA"", ""MEA"", ""MEX"", ""NIG"", ""RUS"", ""SKT"", ""USA""]",Derived energy intensity,4.680947868457299,94.49997372278058,1000.0,,,,,,,,,,,,,,,,,
baseline_noce,NDC+LTT,No CE,f,Global,Aluminium,Aluminium,2024,48.430483269215785,GJ/t,plotted,"[""Final Energy|Industry|Non-Ferrous Metals|Aluminum|Electricity"", ""Final Energy|Industry|Non-Ferrous Metals|Aluminum|Gases"", ""Final Energy|Industry|Non-Ferrous Metals|Aluminum|Hydrogen"", ""Final Energy|Industry|Non-Ferrous Metals|Aluminum|Liquids"", ""Final Energy|Industry|Non-Ferrous Metals|Aluminum|Solids"", ""Production|Non-Ferrous Metals|Aluminum|Primary"", ""Production|Non-Ferrous Metals|Aluminum|Secondary""]",fig03_energy,,,,,,"[""AFE"", ""AFN"", ""AFW"", ""AFZ"", ""ANZ"", ""ASC"", ""ASE"", ""ASO"", ""BRA"", ""CAN"", ""CHL"", ""CHN"", ""ENE"", ""ENW"", ""EUE"", ""EUM"", ""EUW"", ""IDN"", ""IND"", ""JPN"", ""LAM"", ""MDA"", ""MEA"", ""MEX"", ""NIG"", ""RUS"", ""SKT"", ""USA""]",Derived energy intensity,5.8607336627268936,121.01332192264523,1000.0,,,,,,,,,,,,,,,,,
baseline_noce,NDC+LTT,No CE,f,Global,Aluminium,Aluminium,2030,45.46389806226275,GJ/t,plotted,"[""Final Energy|Industry|Non-Ferrous Metals|Aluminum|Electricity"", ""Final Energy|Industry|Non-Ferrous Metals|Aluminum|Gases"", ""Final Energy|Industry|Non-Ferrous Metals|Aluminum|Hydrogen"", ""Final Energy|Industry|Non-Ferrous Metals|Aluminum|Liquids"", ""Final Energy|Industry|Non-Ferrous Metals|Aluminum|Solids"", ""Production|Non-Ferrous Metals|Aluminum|Primary"", ""Production|Non-Ferrous Metals|Aluminum|Secondary""]",fig03_energy,,,,,,"[""AFE"", ""AFN"", ""AFW"", ""AFZ"", ""ANZ"", ""ASC"", ""ASE"", ""ASO"", ""BRA"", ""CAN"", ""CHL"", ""CHN"", ""ENE"", ""ENW"", ""EUE"", ""EUM"", ""EUW"", ""IDN"", ""IND"", ""JPN"", ""LAM"", ""MDA"", ""MEA"", ""MEX"", ""NIG"", ""RUS"", ""SKT"", ""USA""]",Derived energy intensity,5.6547165276259586,124.37817188226649,1000.0,,,,,,,,,,,,,,,,,
baseline_noce,NDC+LTT,No CE,f,Global,Aluminium,Aluminium,2035,42.565582685550275,GJ/t,plotted,"[""Final Energy|Industry|Non-Ferrous Metals|Aluminum|Electricity"", ""Final Energy|Industry|Non-Ferrous Metals|Aluminum|Gases"", ""Final Energy|Industry|Non-Ferrous Metals|Aluminum|Hydrogen"", ""Final Energy|Industry|Non-Ferrous Metals|Aluminum|Liquids"", ""Final Energy|Industry|Non-Ferrous Metals|Aluminum|Solids"", ""Production|Non-Ferrous Metals|Aluminum|Primary"", ""Production|Non-Ferrous Metals|Aluminum|Secondary""]",fig03_energy,,,,,,"[""AFE"", ""AFN"", ""AFW"", ""AFZ"", ""ANZ"", ""ASC"", ""ASE"", ""ASO"", ""BRA"", ""CAN"", ""CHL"", ""CHN"", ""ENE"", ""ENW"", ""EUE"", ""EUM"", ""EUW"", ""IDN"", ""IND"", ""JPN"", ""LAM"", ""MDA"", ""MEA"", ""MEX"", ""NIG"", ""RUS"", ""SKT"", ""USA""]",Derived energy intensity,5.406990438221566,127.02728582773696,1000.0,,,,,,,,,,,,,,,,,
baseline_noce,NDC+LTT,No CE,f,Global,Aluminium,Aluminium,2040,41.6123671730906,GJ/t,plotted,"[""Final Energy|Industry|Non-Ferrous Metals|Aluminum|Electricity"", ""Final Energy|Industry|Non-Ferrous Metals|Aluminum|Gases"", ""Final Energy|Industry|Non-Ferrous Metals|Aluminum|Hydrogen"", ""Final Energy|Industry|Non-Ferrous Metals|Aluminum|Liquids"", ""Final Energy|Industry|Non-Ferrous Metals|Aluminum|Solids"", ""Production|Non-Ferrous Metals|Aluminum|Primary"", ""Production|Non-Ferrous Metals|Aluminum|Secondary""]",fig03_energy,,,,,,"[""AFE"", ""AFN"", ""AFW"", ""AFZ"", ""ANZ"", ""ASC"", ""ASE"", ""ASO"", ""BRA"", ""CAN"", ""CHL"", ""CHN"", ""ENE"", ""ENW"", ""EUE"", ""EUM"", ""EUW"", ""IDN"", ""IND"", ""JPN"", ""LAM"", ""MDA"", ""MEA"", ""MEX"", ""NIG"", ""RUS"", ""SKT"", ""USA""]",Derived energy intensity,5.470412460904511,131.46121772284212,1000.0,,,,,,,,,,,,,,,,,
baseline_noce,NDC+LTT,No CE,f,Global,Aluminium,Aluminium,2050,38.69380796236597,GJ/t,plotted,"[""Final Energy|Industry|Non-Ferrous Metals|Aluminum|Electricity"", ""Final Energy|Industry|Non-Ferrous Metals|Aluminum|Gases"", ""Final Energy|Industry|Non-Ferrous Metals|Aluminum|Hydrogen"", ""Final Energy|Industry|Non-Ferrous Metals|Aluminum|Liquids"", ""Final Energy|Industry|Non-Ferrous Metals|Aluminum|Solids"", ""Production|Non-Ferrous Metals|Aluminum|Primary"", ""Production|Non-Ferrous Metals|Aluminum|Secondary""]",fig03_energy,,,,,,"[""AFE"", ""AFN"", ""AFW"", ""AFZ"", ""ANZ"", ""ASC"", ""ASE"", ""ASO"", ""BRA"", ""CAN"", ""CHL"", ""CHN"", ""ENE"", ""ENW"", ""EUE"", ""EUM"", ""EUW"", ""IDN"", ""IND"", ""JPN"", ""LAM"", ""MDA"", ""MEA"", ""MEX"", ""NIG"", ""RUS"", ""SKT"", ""USA""]",Derived energy intensity,5.146821529427613,133.01408676120656,1000.0,,,,,,,,,,,,,,,,,
ndc_noce,NDC,No CE,a,Global,Cement,Cement,2019,2.542758438447978,GtCO2e/yr,plotted,"[""Emissions|GHG|Industry|Non-Metallic Minerals|Cement""]",fig04_emissions,,,,,,"[""AFE"", ""AFN"", ""AFW"", ""AFZ"", ""ANZ"", ""ASC"", ""ASE"", ""ASO"", ""BRA"", ""CAN"", ""CHL"", ""CHN"", ""ENE"", ""ENW"", ""EUE"", ""EUM"", ""EUW"", ""IDN"", ""IND"", ""JPN"", ""LAM"", ""MDA"", ""MEA"", ""MEX"", ""NIG"", ""RUS"", ""SKT"", ""USA""]",Sector GHG emissions,,,0.001,2542.758438447978,MtCO2e/yr,,,,,,,,,,,,,,,
ndc_noce,NDC,No CE,a,Global,Cement,Cement,2024,2.36069368367247,GtCO2e/yr,plotted,"[""Emissions|GHG|Industry|Non-Metallic Minerals|Cement""]",fig04_emissions,,,,,,"[""AFE"", ""AFN"", ""AFW"", ""AFZ"", ""ANZ"", ""ASC"", ""ASE"", ""ASO"", ""BRA"", ""CAN"", ""CHL"", ""CHN"", ""ENE"", ""ENW"", ""EUE"", ""EUM"", ""EUW"", ""IDN"", ""IND"", ""JPN"", ""LAM"", ""MDA"", ""MEA"", ""MEX"", ""NIG"", ""RUS"", ""SKT"", ""USA""]",Sector GHG emissions,,,0.001,2360.6936836724703,MtCO2e/yr,,,,,,,,,,,,,,,
ndc_noce,NDC,No CE,a,Global,Cement,Cement,2030,2.1019035280152876,GtCO2e/yr,plotted,"[""Emissions|GHG|Industry|Non-Metallic Minerals|Cement""]",fig04_emissions,,,,,,"[""AFE"", ""AFN"", ""AFW"", ""AFZ"", ""ANZ"", ""ASC"", ""ASE"", ""ASO"", ""BRA"", ""CAN"", ""CHL"", ""CHN"", ""ENE"", ""ENW"", ""EUE"", ""EUM"", ""EUW"", ""IDN"", ""IND"", ""JPN"", ""LAM"", ""MDA"", ""MEA"", ""MEX"", ""NIG"", ""RUS"", ""SKT"", ""USA""]",Sector GHG emissions,,,0.001,2101.9035280152875,MtCO2e/yr,,,,,,,,,,,,,,,
ndc_noce,NDC,No CE,a,Global,Cement,Cement,2035,2.002443544300818,GtCO2e/yr,plotted,"[""Emissions|GHG|Industry|Non-Metallic Minerals|Cement""]",fig04_emissions,,,,,,"[""AFE"", ""AFN"", ""AFW"", ""AFZ"", ""ANZ"", ""ASC"", ""ASE"", ""ASO"", ""BRA"", ""CAN"", ""CHL"", ""CHN"", ""ENE"", ""ENW"", ""EUE"", ""EUM"", ""EUW"", ""IDN"", ""IND"", ""JPN"", ""LAM"", ""MDA"", ""MEA"", ""MEX"", ""NIG"", ""RUS"", ""SKT"", ""USA""]",Sector GHG emissions,,,0.001,2002.4435443008183,MtCO2e/yr,,,,,,,,,,,,,,,
ndc_noce,NDC,No CE,a,Global,Cement,Cement,2040,1.9273517890797345,GtCO2e/yr,plotted,"[""Emissions|GHG|Industry|Non-Metallic Minerals|Cement""]",fig04_emissions,,,,,,"[""AFE"", ""AFN"", ""AFW"", ""AFZ"", ""ANZ"", ""ASC"", ""ASE"", ""ASO"", ""BRA"", ""CAN"", ""CHL"", ""CHN"", ""ENE"", ""ENW"", ""EUE"", ""EUM"", ""EUW"", ""IDN"", ""IND"", ""JPN"", ""LAM"", ""MDA"", ""MEA"", ""MEX"", ""NIG"", ""RUS"", ""SKT"", ""USA""]",Sector GHG emissions,,,0.001,1927.3517890797345,MtCO2e/yr,,,,,,,,,,,,,,,
ndc_noce,NDC,No CE,a,Global,Cement,Cement,2050,1.8066775162798043,GtCO2e/yr,plotted,"[""Emissions|GHG|Industry|Non-Metallic Minerals|Cement""]",fig04_emissions,,,,,,"[""AFE"", ""AFN"", ""AFW"", ""AFZ"", ""ANZ"", ""ASC"", ""ASE"", ""ASO"", ""BRA"", ""CAN"", ""CHL"", ""CHN"", ""ENE"", ""ENW"", ""EUE"", ""EUM"", ""EUW"", ""IDN"", ""IND"", ""JPN"", ""LAM"", ""MDA"", ""MEA"", ""MEX"", ""NIG"", ""RUS"", ""SKT"", ""USA""]",Sector GHG emissions,,,0.001,1806.6775162798044,MtCO2e/yr,,,,,,,,,,,,,,,
ndc_noce,NDC,No CE,b,Global,Cement,Cement,2019,27.356840966058222,%,plotted,"[""Emissions|GHG|Industry|Non-Metallic Minerals|Cement"", ""Emissions|GHG|Industry""]",fig04_emissions,,,,,,"[""AFE"", ""AFN"", ""AFW"", ""AFZ"", ""ANZ"", ""ASC"", ""ASE"", ""ASO"", ""BRA"", ""CAN"", ""CHL"", ""CHN"", ""ENE"", ""ENW"", ""EUE"", ""EUM"", ""EUW"", ""IDN"", ""IND"", ""JPN"", ""LAM"", ""MDA"", ""MEA"", ""MEX"", ""NIG"", ""RUS"", ""SKT"", ""USA""]",Share of industrial GHG emissions,,,100.0,2542.758438447978,MtCO2e/yr,9294.780934694878,MtCO2e/yr,,,,,,,,,,,,,
ndc_noce,NDC,No CE,b,Global,Cement,Cement,2024,24.127643958029335,%,plotted,"[""Emissions|GHG|Industry|Non-Metallic Minerals|Cement"", ""Emissions|GHG|Industry""]",fig04_emissions,,,,,,"[""AFE"", ""AFN"", ""AFW"", ""AFZ"", ""ANZ"", ""ASC"", ""ASE"", ""ASO"", ""BRA"", ""CAN"", ""CHL"", ""CHN"", ""ENE"", ""ENW"", ""EUE"", ""EUM"", ""EUW"", ""IDN"", ""IND"", ""JPN"", ""LAM"", ""MDA"", ""MEA"", ""MEX"", ""NIG"", ""RUS"", ""SKT"", ""USA""]",Share of industrial GHG emissions,,,100.0,2360.6936836724703,MtCO2e/yr,9784.186503161927,MtCO2e/yr,,,,,,,,,,,,,
ndc_noce,NDC,No CE,b,Global,Cement,Cement,2030,21.64500977074712,%,plotted,"[""Emissions|GHG|Industry|Non-Metallic Minerals|Cement"", ""Emissions|GHG|Industry""]",fig04_emissions,,,,,,"[""AFE"", ""AFN"", ""AFW"", ""AFZ"", ""ANZ"", ""ASC"", ""ASE"", ""ASO"", ""BRA"", ""CAN"", ""CHL"", ""CHN"", ""ENE"", ""ENW"", ""EUE"", ""EUM"", ""EUW"", ""IDN"", ""IND"", ""JPN"", ""LAM"", ""MDA"", ""MEA"", ""MEX"", ""NIG"", ""RUS"", ""SKT"", ""USA""]",Share of industrial GHG emissions,,,100.0,2101.9035280152875,MtCO2e/yr,9710.799626692597,MtCO2e/yr,,,,,,,,,,,,,
ndc_noce,NDC,No CE,b,Global,Cement,Cement,2035,20.289242198804907,%,plotted,"[""Emissions|GHG|Industry|Non-Metallic Minerals|Cement"", ""Emissions|GHG|Industry""]",fig04_emissions,,,,,,"[""AFE"", ""AFN"", ""AFW"", ""AFZ"", ""ANZ"", ""ASC"", ""ASE"", ""ASO"", ""BRA"", ""CAN"", ""CHL"", ""CHN"", ""ENE"", ""ENW"", ""EUE"", ""EUM"", ""EUW"", ""IDN"", ""IND"", ""JPN"", ""LAM"", ""MDA"", ""MEA"", ""MEX"", ""NIG"", ""RUS"", ""SKT"", ""USA""]",Share of industrial GHG emissions,,,100.0,2002.4435443008183,MtCO2e/yr,9869.484156578148,MtCO2e/yr,,,,,,,,,,,,,
ndc_noce,NDC,No CE,b,Global,Cement,Cement,2040,18.927502213411366,%,plotted,"[""Emissions|GHG|Industry|Non-Metallic Minerals|Cement"", ""Emissions|GHG|Industry""]",fig04_emissions,,,,,,"[""AFE"", ""AFN"", ""AFW"", ""AFZ"", ""ANZ"", ""ASC"", ""ASE"", ""ASO"", ""BRA"", ""CAN"", ""CHL"", ""CHN"", ""ENE"", ""ENW"", ""EUE"", ""EUM"", ""EUW"", ""IDN"", ""IND"", ""JPN"", ""LAM"", ""MDA"", ""MEA"", ""MEX"", ""NIG"", ""RUS"", ""SKT"", ""USA""]",Share of industrial GHG emissions,,,100.0,1927.3517890797345,MtCO2e/yr,10182.811061641723,MtCO2e/yr,,,,,,,,,,,,,
ndc_noce,NDC,No CE,b,Global,Cement,Cement,2050,16.674815714474818,%,plotted,"[""Emissions|GHG|Industry|Non-Metallic Minerals|Cement"", ""Emissions|GHG|Industry""]",fig04_emissions,,,,,,"[""AFE"", ""AFN"", ""AFW"", ""AFZ"", ""ANZ"", ""ASC"", ""ASE"", ""ASO"", ""BRA"", ""CAN"", ""CHL"", ""CHN"", ""ENE"", ""ENW"", ""EUE"", ""EUM"", ""EUW"", ""IDN"", ""IND"", ""JPN"", ""LAM"", ""MDA"", ""MEA"", ""MEX"", ""NIG"", ""RUS"", ""SKT"", ""USA""]",Share of industrial GHG emissions,,,100.0,1806.6775162798044,MtCO2e/yr,10834.76751537045,MtCO2e/yr,,,,,,,,,,,,,
ndc_noce,NDC,No CE,c,Global,Cement,Cement,2019,0.6052155971768874,tCO2e/t,plotted,"[""Emissions|GHG|Industry|Non-Metallic Minerals|Cement"", ""Production|Non-Metallic Minerals|Cement""]",fig04_emissions,,,,,,"[""AFE"", ""AFN"", ""AFW"", ""AFZ"", ""ANZ"", ""ASC"", ""ASE"", ""ASO"", ""BRA"", ""CAN"", ""CHL"", ""CHN"", ""ENE"", ""ENW"", ""EUE"", ""EUM"", ""EUW"", ""IDN"", ""IND"", ""JPN"", ""LAM"", ""MDA"", ""MEA"", ""MEX"", ""NIG"", ""RUS"", ""SKT"", ""USA""]",Derived emissions intensity,,,1.0,2542.758438447978,MtCO2e/yr,4201.409299940433,Mt/yr,,,,,,,,,,,,,
ndc_noce,NDC,No CE,c,Global,Cement,Cement,2024,0.5977239720640364,tCO2e/t,plotted,"[""Emissions|GHG|Industry|Non-Metallic Minerals|Cement"", ""Production|Non-Metallic Minerals|Cement""]",fig04_emissions,,,,,,"[""AFE"", ""AFN"", ""AFW"", ""AFZ"", ""ANZ"", ""ASC"", ""ASE"", ""ASO"", ""BRA"", ""CAN"", ""CHL"", ""CHN"", ""ENE"", ""ENW"", ""EUE"", ""EUM"", ""EUW"", ""IDN"", ""IND"", ""JPN"", ""LAM"", ""MDA"", ""MEA"", ""MEX"", ""NIG"", ""RUS"", ""SKT"", ""USA""]",Derived emissions intensity,,,1.0,2360.6936836724703,MtCO2e/yr,3949.47131787373,Mt/yr,,,,,,,,,,,,,
ndc_noce,NDC,No CE,c,Global,Cement,Cement,2030,0.559812421323157,tCO2e/t,plotted,"[""Emissions|GHG|Industry|Non-Metallic Minerals|Cement"", ""Production|Non-Metallic Minerals|Cement""]",fig04_emissions,,,,,,"[""AFE"", ""AFN"", ""AFW"", ""AFZ"", ""ANZ"", ""ASC"", ""ASE"", ""ASO"", ""BRA"", ""CAN"", ""CHL"", ""CHN"", ""ENE"", ""ENW"", ""EUE"", ""EUM"", ""EUW"", ""IDN"", ""IND"", ""JPN"", ""LAM"", ""MDA"", ""MEA"", ""MEX"", ""NIG"", ""RUS"", ""SKT"", ""USA""]",Derived emissions intensity,,,1.0,2101.9035280152875,MtCO2e/yr,3754.6568242399608,Mt/yr,,,,,,,,,,,,,
ndc_noce,NDC,No CE,c,Global,Cement,Cement,2035,0.5466626815936111,tCO2e/t,plotted,"[""Emissions|GHG|Industry|Non-Metallic Minerals|Cement"", ""Production|Non-Metallic Minerals|Cement""]",fig04_emissions,,,,,,"[""AFE"", ""AFN"", ""AFW"", ""AFZ"", ""ANZ"", ""ASC"", ""ASE"", ""ASO"", ""BRA"", ""CAN"", ""CHL"", ""CHN"", ""ENE"", ""ENW"", ""EUE"", ""EUM"", ""EUW"", ""IDN"", ""IND"", ""JPN"", ""LAM"", ""MDA"", ""MEA"", ""MEX"", ""NIG"", ""RUS"", ""SKT"", ""USA""]",Derived emissions intensity,,,1.0,2002.4435443008183,MtCO2e/yr,3663.033186138421,Mt/yr,,,,,,,,,,,,,
ndc_noce,NDC,No CE,c,Global,Cement,Cement,2040,0.5265388930017807,tCO2e/t,plotted,"[""Emissions|GHG|Industry|Non-Metallic Minerals|Cement"", ""Production|Non-Metallic Minerals|Cement""]",fig04_emissions,,,,,,"[""AFE"", ""AFN"", ""AFW"", ""AFZ"", ""ANZ"", ""ASC"", ""ASE"", ""ASO"", ""BRA"", ""CAN"", ""CHL"", ""CHN"", ""ENE"", ""ENW"", ""EUE"", ""EUM"", ""EUW"", ""IDN"", ""IND"", ""JPN"", ""LAM"", ""MDA"", ""MEA"", ""MEX"", ""NIG"", ""RUS"", ""SKT"", ""USA""]",Derived emissions intensity,,,1.0,1927.3517890797345,MtCO2e/yr,3660.4167606536453,Mt/yr,,,,,,,,,,,,,
ndc_noce,NDC,No CE,c,Global,Cement,Cement,2050,0.49360939925064173,tCO2e/t,plotted,"[""Emissions|GHG|Industry|Non-Metallic Minerals|Cement"", ""Production|Non-Metallic Minerals|Cement""]",fig04_emissions,,,,,,"[""AFE"", ""AFN"", ""AFW"", ""AFZ"", ""ANZ"", ""ASC"", ""ASE"", ""ASO"", ""BRA"", ""CAN"", ""CHL"", ""CHN"", ""ENE"", ""ENW"", ""EUE"", ""EUM"", ""EUW"", ""IDN"", ""IND"", ""JPN"", ""LAM"", ""MDA"", ""MEA"", ""MEX"", ""NIG"", ""RUS"", ""SKT"", ""USA""]",Derived emissions intensity,,,1.0,1806.6775162798044,MtCO2e/yr,3660.1359678777544,Mt/yr,,,,,,,,,,,,,
ndc_noce,NDC,No CE,d,Global,Cement,Cement,2019,0.0,MtCO2/yr,plotted,"[""Carbon Capture|Industry|Non-Metallic Minerals|Cement""]",fig04_emissions,,,,,,"[""AFE"", ""AFN"", ""AFW"", ""AFZ"", ""ANZ"", ""ASC"", ""ASE"", ""ASO"", ""BRA"", ""CAN"", ""CHL"", ""CHN"", ""ENE"", ""ENW"", ""EUE"", ""EUM"", ""EUW"", ""IDN"", ""IND"", ""JPN"", ""LAM"", ""MDA"", ""MEA"", ""MEX"", ""NIG"", ""RUS"", ""SKT"", ""USA""]",Carbon capture,,,1.0,0.0,MtCO2/yr,,,,,,,,,,,,,,,
ndc_noce,NDC,No CE,d,Global,Cement,Cement,2024,0.0,MtCO2/yr,plotted,"[""Carbon Capture|Industry|Non-Metallic Minerals|Cement""]",fig04_emissions,,,,,,"[""AFE"", ""AFN"", ""AFW"", ""AFZ"", ""ANZ"", ""ASC"", ""ASE"", ""ASO"", ""BRA"", ""CAN"", ""CHL"", ""CHN"", ""ENE"", ""ENW"", ""EUE"", ""EUM"", ""EUW"", ""IDN"", ""IND"", ""JPN"", ""LAM"", ""MDA"", ""MEA"", ""MEX"", ""NIG"", ""RUS"", ""SKT"", ""USA""]",Carbon capture,,,1.0,0.0,MtCO2/yr,,,,,,,,,,,,,,,
ndc_noce,NDC,No CE,d,Global,Cement,Cement,2030,107.18634823186241,MtCO2/yr,plotted,"[""Carbon Capture|Industry|Non-Metallic Minerals|Cement""]",fig04_emissions,,,,,,"[""AFE"", ""AFN"", ""AFW"", ""AFZ"", ""ANZ"", ""ASC"", ""ASE"", ""ASO"", ""BRA"", ""CAN"", ""CHL"", ""CHN"", ""ENE"", ""ENW"", ""EUE"", ""EUM"", ""EUW"", ""IDN"", ""IND"", ""JPN"", ""LAM"", ""MDA"", ""MEA"", ""MEX"", ""NIG"", ""RUS"", ""SKT"", ""USA""]",Carbon capture,,,1.0,107.18634823186241,MtCO2/yr,,,,,,,,,,,,,,,
ndc_noce,NDC,No CE,d,Global,Cement,Cement,2035,110.29710659915459,MtCO2/yr,plotted,"[""Carbon Capture|Industry|Non-Metallic Minerals|Cement""]",fig04_emissions,,,,,,"[""AFE"", ""AFN"", ""AFW"", ""AFZ"", ""ANZ"", ""ASC"", ""ASE"", ""ASO"", ""BRA"", ""CAN"", ""CHL"", ""CHN"", ""ENE"", ""ENW"", ""EUE"", ""EUM"", ""EUW"", ""IDN"", ""IND"", ""JPN"", ""LAM"", ""MDA"", ""MEA"", ""MEX"", ""NIG"", ""RUS"", ""SKT"", ""USA""]",Carbon capture,,,1.0,110.29710659915459,MtCO2/yr,,,,,,,,,,,,,,,
ndc_noce,NDC,No CE,d,Global,Cement,Cement,2040,118.90638289578148,MtCO2/yr,plotted,"[""Carbon Capture|Industry|Non-Metallic Minerals|Cement""]",fig04_emissions,,,,,,"[""AFE"", ""AFN"", ""AFW"", ""AFZ"", ""ANZ"", ""ASC"", ""ASE"", ""ASO"", ""BRA"", ""CAN"", ""CHL"", ""CHN"", ""ENE"", ""ENW"", ""EUE"", ""EUM"", ""EUW"", ""IDN"", ""IND"", ""JPN"", ""LAM"", ""MDA"", ""MEA"", ""MEX"", ""NIG"", ""RUS"", ""SKT"", ""USA""]",Carbon capture,,,1.0,118.90638289578148,MtCO2/yr,,,,,,,,,,,,,,,
ndc_noce,NDC,No CE,d,Global,Cement,Cement,2050,133.8702929406786,MtCO2/yr,plotted,"[""Carbon Capture|Industry|Non-Metallic Minerals|Cement""]",fig04_emissions,,,,,,"[""AFE"", ""AFN"", ""AFW"", ""AFZ"", ""ANZ"", ""ASC"", ""ASE"", ""ASO"", ""BRA"", ""CAN"", ""CHL"", ""CHN"", ""ENE"", ""ENW"", ""EUE"", ""EUM"", ""EUW"", ""IDN"", ""IND"", ""JPN"", ""LAM"", ""MDA"", ""MEA"", ""MEX"", ""NIG"", ""RUS"", ""SKT"", ""USA""]",Carbon capture,,,1.0,133.8702929406786,MtCO2/yr,,,,,,,,,,,,,,,
ndc_noce,NDC,No CE,a,Global,Iron and steel,Iron and steel,2019,2.74565603423791,GtCO2e/yr,plotted,"[""Emissions|GHG|Industry|Iron and Steel""]",fig04_emissions,,,,,,"[""AFE"", ""AFN"", ""AFW"", ""AFZ"", ""ANZ"", ""ASC"", ""ASE"", ""ASO"", ""BRA"", ""CAN"", ""CHL"", ""CHN"", ""ENE"", ""ENW"", ""EUE"", ""EUM"", ""EUW"", ""IDN"", ""IND"", ""JPN"", ""LAM"", ""MDA"", ""MEA"", ""MEX"", ""NIG"", ""RUS"", ""SKT"", ""USA""]",Sector GHG emissions,,,0.001,2745.6560342379103,MtCO2e/yr,,,,,,,,,,,,,,,
ndc_noce,NDC,No CE,a,Global,Iron and steel,Iron and steel,2024,2.6405834046078245,GtCO2e/yr,plotted,"[""Emissions|GHG|Industry|Iron and Steel""]",fig04_emissions,,,,,,"[""AFE"", ""AFN"", ""AFW"", ""AFZ"", ""ANZ"", ""ASC"", ""ASE"", ""ASO"", ""BRA"", ""CAN"", ""CHL"", ""CHN"", ""ENE"", ""ENW"", ""EUE"", ""EUM"", ""EUW"", ""IDN"", ""IND"", ""JPN"", ""LAM"", ""MDA"", ""MEA"", ""MEX"", ""NIG"", ""RUS"", ""SKT"", ""USA""]",Sector GHG emissions,,,0.001,2640.5834046078244,MtCO2e/yr,,,,,,,,,,,,,,,
ndc_noce,NDC,No CE,a,Global,Iron and steel,Iron and steel,2030,2.25455810055937,GtCO2e/yr,plotted,"[""Emissions|GHG|Industry|Iron and Steel""]",fig04_emissions,,,,,,"[""AFE"", ""AFN"", ""AFW"", ""AFZ"", ""ANZ"", ""ASC"", ""ASE"", ""ASO"", ""BRA"", ""CAN"", ""CHL"", ""CHN"", ""ENE"", ""ENW"", ""EUE"", ""EUM"", ""EUW"", ""IDN"", ""IND"", ""JPN"", ""LAM"", ""MDA"", ""MEA"", ""MEX"", ""NIG"", ""RUS"", ""SKT"", ""USA""]",Sector GHG emissions,,,0.001,2254.55810055937,MtCO2e/yr,,,,,,,,,,,,,,,
ndc_noce,NDC,No CE,a,Global,Iron and steel,Iron and steel,2035,1.908115830467237,GtCO2e/yr,plotted,"[""Emissions|GHG|Industry|Iron and Steel""]",fig04_emissions,,,,,,"[""AFE"", ""AFN"", ""AFW"", ""AFZ"", ""ANZ"", ""ASC"", ""ASE"", ""ASO"", ""BRA"", ""CAN"", ""CHL"", ""CHN"", ""ENE"", ""ENW"", ""EUE"", ""EUM"", ""EUW"", ""IDN"", ""IND"", ""JPN"", ""LAM"", ""MDA"", ""MEA"", ""MEX"", ""NIG"", ""RUS"", ""SKT"", ""USA""]",Sector GHG emissions,,,0.001,1908.115830467237,MtCO2e/yr,,,,,,,,,,,,,,,
ndc_noce,NDC,No CE,a,Global,Iron and steel,Iron and steel,2040,1.9034229335061859,GtCO2e/yr,plotted,"[""Emissions|GHG|Industry|Iron and Steel""]",fig04_emissions,,,,,,"[""AFE"", ""AFN"", ""AFW"", ""AFZ"", ""ANZ"", ""ASC"", ""ASE"", ""ASO"", ""BRA"", ""CAN"", ""CHL"", ""CHN"", ""ENE"", ""ENW"", ""EUE"", ""EUM"", ""EUW"", ""IDN"", ""IND"", ""JPN"", ""LAM"", ""MDA"", ""MEA"", ""MEX"", ""NIG"", ""RUS"", ""SKT"", ""USA""]",Sector GHG emissions,,,0.001,1903.422933506186,MtCO2e/yr,,,,,,,,,,,,,,,
ndc_noce,NDC,No CE,a,Global,Iron and steel,Iron and steel,2050,1.8763737764524242,GtCO2e/yr,plotted,"[""Emissions|GHG|Industry|Iron and Steel""]",fig04_emissions,,,,,,"[""AFE"", ""AFN"", ""AFW"", ""AFZ"", ""ANZ"", ""ASC"", ""ASE"", ""ASO"", ""BRA"", ""CAN"", ""CHL"", ""CHN"", ""ENE"", ""ENW"", ""EUE"", ""EUM"", ""EUW"", ""IDN"", ""IND"", ""JPN"", ""LAM"", ""MDA"", ""MEA"", ""MEX"", ""NIG"", ""RUS"", ""SKT"", ""USA""]",Sector GHG emissions,,,0.001,1876.3737764524242,MtCO2e/yr,,,,,,,,,,,,,,,
ndc_noce,NDC,No CE,b,Global,Iron and steel,Iron and steel,2019,29.539760576703067,%,plotted,"[""Emissions|GHG|Industry|Iron and Steel"", ""Emissions|GHG|Industry""]",fig04_emissions,,,,,,"[""AFE"", ""AFN"", ""AFW"", ""AFZ"", ""ANZ"", ""ASC"", ""ASE"", ""ASO"", ""BRA"", ""CAN"", ""CHL"", ""CHN"", ""ENE"", ""ENW"", ""EUE"", ""EUM"", ""EUW"", ""IDN"", ""IND"", ""JPN"", ""LAM"", ""MDA"", ""MEA"", ""MEX"", ""NIG"", ""RUS"", ""SKT"", ""USA""]",Share of industrial GHG emissions,,,100.0,2745.6560342379103,MtCO2e/yr,9294.780934694878,MtCO2e/yr,,,,,,,,,,,,,
ndc_noce,NDC,No CE,b,Global,Iron and steel,Iron and steel,2024,26.98827750017311,%,plotted,"[""Emissions|GHG|Industry|Iron and Steel"", ""Emissions|GHG|Industry""]",fig04_emissions,,,,,,"[""AFE"", ""AFN"", ""AFW"", ""AFZ"", ""ANZ"", ""ASC"", ""ASE"", ""ASO"", ""BRA"", ""CAN"", ""CHL"", ""CHN"", ""ENE"", ""ENW"", ""EUE"", ""EUM"", ""EUW"", ""IDN"", ""IND"", ""JPN"", ""LAM"", ""MDA"", ""MEA"", ""MEX"", ""NIG"", ""RUS"", ""SKT"", ""USA""]",Share of industrial GHG emissions,,,100.0,2640.5834046078244,MtCO2e/yr,9784.186503161927,MtCO2e/yr,,,,,,,,,,,,,
ndc_noce,NDC,No CE,b,Global,Iron and steel,Iron and steel,2030,23.217018033840848,%,plotted,"[""Emissions|GHG|Industry|Iron and Steel"", ""Emissions|GHG|Industry""]",fig04_emissions,,,,,,"[""AFE"", ""AFN"", ""AFW"", ""AFZ"", ""ANZ"", ""ASC"", ""ASE"", ""ASO"", ""BRA"", ""CAN"", ""CHL"", ""CHN"", ""ENE"", ""ENW"", ""EUE"", ""EUM"", ""EUW"", ""IDN"", ""IND"", ""JPN"", ""LAM"", ""MDA"", ""MEA"", ""MEX"", ""NIG"", ""RUS"", ""SKT"", ""USA""]",Share of industrial GHG emissions,,,100.0,2254.55810055937,MtCO2e/yr,9710.799626692597,MtCO2e/yr,,,,,,,,,,,,,
ndc_noce,NDC,No CE,b,Global,Iron and steel,Iron and steel,2035,19.33349099299634,%,plotted,"[""Emissions|GHG|Industry|Iron and Steel"", ""Emissions|GHG|Industry""]",fig04_emissions,,,,,,"[""AFE"", ""AFN"", ""AFW"", ""AFZ"", ""ANZ"", ""ASC"", ""ASE"", ""ASO"", ""BRA"", ""CAN"", ""CHL"", ""CHN"", ""ENE"", ""ENW"", ""EUE"", ""EUM"", ""EUW"", ""IDN"", ""IND"", ""JPN"", ""LAM"", ""MDA"", ""MEA"", ""MEX"", ""NIG"", ""RUS"", ""SKT"", ""USA""]",Share of industrial GHG emissions,,,100.0,1908.115830467237,MtCO2e/yr,9869.484156578148,MtCO2e/yr,,,,,,,,,,,,,
ndc_noce,NDC,No CE,b,Global,Iron and steel,Iron and steel,2040,18.69250958290202,%,plotted,"[""Emissions|GHG|Industry|Iron and Steel"", ""Emissions|GHG|Industry""]",fig04_emissions,,,,,,"[""AFE"", ""AFN"", ""AFW"", ""AFZ"", ""ANZ"", ""ASC"", ""ASE"", ""ASO"", ""BRA"", ""CAN"", ""CHL"", ""CHN"", ""ENE"", ""ENW"", ""EUE"", ""EUM"", ""EUW"", ""IDN"", ""IND"", ""JPN"", ""LAM"", ""MDA"", ""MEA"", ""MEX"", ""NIG"", ""RUS"", ""SKT"", ""USA""]",Share of industrial GHG emissions,,,100.0,1903.422933506186,MtCO2e/yr,10182.811061641723,MtCO2e/yr,,,,,,,,,,,,,
ndc_noce,NDC,No CE,b,Global,Iron and steel,Iron and steel,2050,17.318080649082294,%,plotted,"[""Emissions|GHG|Industry|Iron and Steel"", ""Emissions|GHG|Industry""]",fig04_emissions,,,,,,"[""AFE"", ""AFN"", ""AFW"", ""AFZ"", ""ANZ"", ""ASC"", ""ASE"", ""ASO"", ""BRA"", ""CAN"", ""CHL"", ""CHN"", ""ENE"", ""ENW"", ""EUE"", ""EUM"", ""EUW"", ""IDN"", ""IND"", ""JPN"", ""LAM"", ""MDA"", ""MEA"", ""MEX"", ""NIG"", ""RUS"", ""SKT"", ""USA""]",Share of industrial GHG emissions,,,100.0,1876.3737764524242,MtCO2e/yr,10834.76751537045,MtCO2e/yr,,,,,,,,,,,,,
ndc_noce,NDC,No CE,c,Global,Iron and steel,Iron and steel,2019,1.5647335496873123,tCO2e/t,plotted,"[""Emissions|GHG|Industry|Iron and Steel"", ""Production|Iron and Steel|Primary"", ""Production|Iron and Steel|Secondary""]",fig04_emissions,,,,,,"[""AFE"", ""AFN"", ""AFW"", ""AFZ"", ""ANZ"", ""ASC"", ""ASE"", ""ASO"", ""BRA"", ""CAN"", ""CHL"", ""CHN"", ""ENE"", ""ENW"", ""EUE"", ""EUM"", ""EUW"", ""IDN"", ""IND"", ""JPN"", ""LAM"", ""MDA"", ""MEA"", ""MEX"", ""NIG"", ""RUS"", ""SKT"", ""USA""]",Derived emissions intensity,,,1.0,2745.6560342379103,MtCO2e/yr,1754.711551232852,Mt/yr,,,,,,,,,,,,,
ndc_noce,NDC,No CE,c,Global,Iron and steel,Iron and steel,2024,1.5307025003261827,tCO2e/t,plotted,"[""Emissions|GHG|Industry|Iron and Steel"", ""Production|Iron and Steel|Primary"", ""Production|Iron and Steel|Secondary""]",fig04_emissions,,,,,,"[""AFE"", ""AFN"", ""AFW"", ""AFZ"", ""ANZ"", ""ASC"", ""ASE"", ""ASO"", ""BRA"", ""CAN"", ""CHL"", ""CHN"", ""ENE"", ""ENW"", ""EUE"", ""EUM"", ""EUW"", ""IDN"", ""IND"", ""JPN"", ""LAM"", ""MDA"", ""MEA"", ""MEX"", ""NIG"", ""RUS"", ""SKT"", ""USA""]",Derived emissions intensity,,,1.0,2640.5834046078244,MtCO2e/yr,1725.0794351254624,Mt/yr,,,,,,,,,,,,,
ndc_noce,NDC,No CE,c,Global,Iron and steel,Iron and steel,2030,1.3730651595503995,tCO2e/t,plotted,"[""Emissions|GHG|Industry|Iron and Steel"", ""Production|Iron and Steel|Primary"", ""Production|Iron and Steel|Secondary""]",fig04_emissions,,,,,,"[""AFE"", ""AFN"", ""AFW"", ""AFZ"", ""ANZ"", ""ASC"", ""ASE"", ""ASO"", ""BRA"", ""CAN"", ""CHL"", ""CHN"", ""ENE"", ""ENW"", ""EUE"", ""EUM"", ""EUW"", ""IDN"", ""IND"", ""JPN"", ""LAM"", ""MDA"", ""MEA"", ""MEX"", ""NIG"", ""RUS"", ""SKT"", ""USA""]",Derived emissions intensity,,,1.0,2254.55810055937,MtCO2e/yr,1641.98915461347,Mt/yr,,,,,,,,,,,,,
ndc_noce,NDC,No CE,c,Global,Iron and steel,Iron and steel,2035,1.1958319262896535,tCO2e/t,plotted,"[""Emissions|GHG|Industry|Iron and Steel"", ""Production|Iron and Steel|Primary"", ""Production|Iron and Steel|Secondary""]",fig04_emissions,,,,,,"[""AFE"", ""AFN"", ""AFW"", ""AFZ"", ""ANZ"", ""ASC"", ""ASE"", ""ASO"", ""BRA"", ""CAN"", ""CHL"", ""CHN"", ""ENE"", ""ENW"", ""EUE"", ""EUM"", ""EUW"", ""IDN"", ""IND"", ""JPN"", ""LAM"", ""MDA"", ""MEA"", ""MEX"", ""NIG"", ""RUS"", ""SKT"", ""USA""]",Derived emissions intensity,,,1.0,1908.115830467237,MtCO2e/yr,1595.6388088647288,Mt/yr,,,,,,,,,,,,,
ndc_noce,NDC,No CE,c,Global,Iron and steel,Iron and steel,2040,1.1306607709986891,tCO2e/t,plotted,"[""Emissions|GHG|Industry|Iron and Steel"", ""Production|Iron and Steel|Primary"", ""Production|Iron and Steel|Secondary""]",fig04_emissions,,,,,,"[""AFE"", ""AFN"", ""AFW"", ""AFZ"", ""ANZ"", ""ASC"", ""ASE"", ""ASO"", ""BRA"", ""CAN"", ""CHL"", ""CHN"", ""ENE"", ""ENW"", ""EUE"", ""EUM"", ""EUW"", ""IDN"", ""IND"", ""JPN"", ""LAM"", ""MDA"", ""MEA"", ""MEX"", ""NIG"", ""RUS"", ""SKT"", ""USA""]",Derived emissions intensity,,,1.0,1903.422933506186,MtCO2e/yr,1683.460665063078,Mt/yr,,,,,,,,,,,,,
ndc_noce,NDC,No CE,c,Global,Iron and steel,Iron and steel,2050,0.8579945270970161,tCO2e/t,plotted,"[""Emissions|GHG|Industry|Iron and Steel"", ""Production|Iron and Steel|Primary"", ""Production|Iron and Steel|Secondary""]",fig04_emissions,,,,,,"[""AFE"", ""AFN"", ""AFW"", ""AFZ"", ""ANZ"", ""ASC"", ""ASE"", ""ASO"", ""BRA"", ""CAN"", ""CHL"", ""CHN"", ""ENE"", ""ENW"", ""EUE"", ""EUM"", ""EUW"", ""IDN"", ""IND"", ""JPN"", ""LAM"", ""MDA"", ""MEA"", ""MEX"", ""NIG"", ""RUS"", ""SKT"", ""USA""]",Derived emissions intensity,,,1.0,1876.3737764524242,MtCO2e/yr,2186.9297730849707,Mt/yr,,,,,,,,,,,,,
ndc_noce,NDC,No CE,d,Global,Iron and steel,Iron and steel,2019,0.0,MtCO2/yr,plotted,"[""Carbon Capture|Industry|Iron and Steel""]",fig04_emissions,,,,,,"[""AFE"", ""AFN"", ""AFW"", ""AFZ"", ""ANZ"", ""ASC"", ""ASE"", ""ASO"", ""BRA"", ""CAN"", ""CHL"", ""CHN"", ""ENE"", ""ENW"", ""EUE"", ""EUM"", ""EUW"", ""IDN"", ""IND"", ""JPN"", ""LAM"", ""MDA"", ""MEA"", ""MEX"", ""NIG"", ""RUS"", ""SKT"", ""USA""]",Carbon capture,,,1.0,0.0,MtCO2/yr,,,,,,,,,,,,,,,
ndc_noce,NDC,No CE,d,Global,Iron and steel,Iron and steel,2024,0.0,MtCO2/yr,plotted,"[""Carbon Capture|Industry|Iron and Steel""]",fig04_emissions,,,,,,"[""AFE"", ""AFN"", ""AFW"", ""AFZ"", ""ANZ"", ""ASC"", ""ASE"", ""ASO"", ""BRA"", ""CAN"", ""CHL"", ""CHN"", ""ENE"", ""ENW"", ""EUE"", ""EUM"", ""EUW"", ""IDN"", ""IND"", ""JPN"", ""LAM"", ""MDA"", ""MEA"", ""MEX"", ""NIG"", ""RUS"", ""SKT"", ""USA""]",Carbon capture,,,1.0,0.0,MtCO2/yr,,,,,,,,,,,,,,,
ndc_noce,NDC,No CE,d,Global,Iron and steel,Iron and steel,2030,0.0,MtCO2/yr,plotted,"[""Carbon Capture|Industry|Iron and Steel""]",fig04_emissions,,,,,,"[""AFE"", ""AFN"", ""AFW"", ""AFZ"", ""ANZ"", ""ASC"", ""ASE"", ""ASO"", ""BRA"", ""CAN"", ""CHL"", ""CHN"", ""ENE"", ""ENW"", ""EUE"", ""EUM"", ""EUW"", ""IDN"", ""IND"", ""JPN"", ""LAM"", ""MDA"", ""MEA"", ""MEX"", ""NIG"", ""RUS"", ""SKT"", ""USA""]",Carbon capture,,,1.0,0.0,MtCO2/yr,,,,,,,,,,,,,,,
ndc_noce,NDC,No CE,d,Global,Iron and steel,Iron and steel,2035,19.883883415222485,MtCO2/yr,plotted,"[""Carbon Capture|Industry|Iron and Steel""]",fig04_emissions,,,,,,"[""AFE"", ""AFN"", ""AFW"", ""AFZ"", ""ANZ"", ""ASC"", ""ASE"", ""ASO"", ""BRA"", ""CAN"", ""CHL"", ""CHN"", ""ENE"", ""ENW"", ""EUE"", ""EUM"", ""EUW"", ""IDN"", ""IND"", ""JPN"", ""LAM"", ""MDA"", ""MEA"", ""MEX"", ""NIG"", ""RUS"", ""SKT"", ""USA""]",Carbon capture,,,1.0,19.883883415222485,MtCO2/yr,,,,,,,,,,,,,,,
ndc_noce,NDC,No CE,d,Global,Iron and steel,Iron and steel,2040,20.555950090288963,MtCO2/yr,plotted,"[""Carbon Capture|Industry|Iron and Steel""]",fig04_emissions,,,,,,"[""AFE"", ""AFN"", ""AFW"", ""AFZ"", ""ANZ"", ""ASC"", ""ASE"", ""ASO"", ""BRA"", ""CAN"", ""CHL"", ""CHN"", ""ENE"", ""ENW"", ""EUE"", ""EUM"", ""EUW"", ""IDN"", ""IND"", ""JPN"", ""LAM"", ""MDA"", ""MEA"", ""MEX"", ""NIG"", ""RUS"", ""SKT"", ""USA""]",Carbon capture,,,1.0,20.555950090288963,MtCO2/yr,,,,,,,,,,,,,,,
ndc_noce,NDC,No CE,d,Global,Iron and steel,Iron and steel,2050,177.22044640206735,MtCO2/yr,plotted,"[""Carbon Capture|Industry|Iron and Steel""]",fig04_emissions,,,,,,"[""AFE"", ""AFN"", ""AFW"", ""AFZ"", ""ANZ"", ""ASC"", ""ASE"", ""ASO"", ""BRA"", ""CAN"", ""CHL"", ""CHN"", ""ENE"", ""ENW"", ""EUE"", ""EUM"", ""EUW"", ""IDN"", ""IND"", ""JPN"", ""LAM"", ""MDA"", ""MEA"", ""MEX"", ""NIG"", ""RUS"", ""SKT"", ""USA""]",Carbon capture,,,1.0,177.22044640206735,MtCO2/yr,,,,,,,,,,,,,,,
ndc_noce,NDC,No CE,a,Global,Aluminium,Aluminium,2019,0.20657298142796365,GtCO2e/yr,plotted,"[""Emissions|GHG|Industry|Non-Ferrous Metals|Aluminum""]",fig04_emissions,,,,,,"[""AFE"", ""AFN"", ""AFW"", ""AFZ"", ""ANZ"", ""ASC"", ""ASE"", ""ASO"", ""BRA"", ""CAN"", ""CHL"", ""CHN"", ""ENE"", ""ENW"", ""EUE"", ""EUM"", ""EUW"", ""IDN"", ""IND"", ""JPN"", ""LAM"", ""MDA"", ""MEA"", ""MEX"", ""NIG"", ""RUS"", ""SKT"", ""USA""]",Sector GHG emissions,,,0.001,206.57298142796364,MtCO2e/yr,,,,,,,,,,,,,,,
ndc_noce,NDC,No CE,a,Global,Aluminium,Aluminium,2024,0.24798624821972323,GtCO2e/yr,plotted,"[""Emissions|GHG|Industry|Non-Ferrous Metals|Aluminum""]",fig04_emissions,,,,,,"[""AFE"", ""AFN"", ""AFW"", ""AFZ"", ""ANZ"", ""ASC"", ""ASE"", ""ASO"", ""BRA"", ""CAN"", ""CHL"", ""CHN"", ""ENE"", ""ENW"", ""EUE"", ""EUM"", ""EUW"", ""IDN"", ""IND"", ""JPN"", ""LAM"", ""MDA"", ""MEA"", ""MEX"", ""NIG"", ""RUS"", ""SKT"", ""USA""]",Sector GHG emissions,,,0.001,247.98624821972322,MtCO2e/yr,,,,,,,,,,,,,,,
ndc_noce,NDC,No CE,a,Global,Aluminium,Aluminium,2030,0.2058740961820145,GtCO2e/yr,plotted,"[""Emissions|GHG|Industry|Non-Ferrous Metals|Aluminum""]",fig04_emissions,,,,,,"[""AFE"", ""AFN"", ""AFW"", ""AFZ"", ""ANZ"", ""ASC"", ""ASE"", ""ASO"", ""BRA"", ""CAN"", ""CHL"", ""CHN"", ""ENE"", ""ENW"", ""EUE"", ""EUM"", ""EUW"", ""IDN"", ""IND"", ""JPN"", ""LAM"", ""MDA"", ""MEA"", ""MEX"", ""NIG"", ""RUS"", ""SKT"", ""USA""]",Sector GHG emissions,,,0.001,205.87409618201448,MtCO2e/yr,,,,,,,,,,,,,,,
ndc_noce,NDC,No CE,a,Global,Aluminium,Aluminium,2035,0.173434616038934,GtCO2e/yr,plotted,"[""Emissions|GHG|Industry|Non-Ferrous Metals|Aluminum""]",fig04_emissions,,,,,,"[""AFE"", ""AFN"", ""AFW"", ""AFZ"", ""ANZ"", ""ASC"", ""ASE"", ""ASO"", ""BRA"", ""CAN"", ""CHL"", ""CHN"", ""ENE"", ""ENW"", ""EUE"", ""EUM"", ""EUW"", ""IDN"", ""IND"", ""JPN"", ""LAM"", ""MDA"", ""MEA"", ""MEX"", ""NIG"", ""RUS"", ""SKT"", ""USA""]",Sector GHG emissions,,,0.001,173.434616038934,MtCO2e/yr,,,,,,,,,,,,,,,
ndc_noce,NDC,No CE,a,Global,Aluminium,Aluminium,2040,0.14175203140818193,GtCO2e/yr,plotted,"[""Emissions|GHG|Industry|Non-Ferrous Metals|Aluminum""]",fig04_emissions,,,,,,"[""AFE"", ""AFN"", ""AFW"", ""AFZ"", ""ANZ"", ""ASC"", ""ASE"", ""ASO"", ""BRA"", ""CAN"", ""CHL"", ""CHN"", ""ENE"", ""ENW"", ""EUE"", ""EUM"", ""EUW"", ""IDN"", ""IND"", ""JPN"", ""LAM"", ""MDA"", ""MEA"", ""MEX"", ""NIG"", ""RUS"", ""SKT"", ""USA""]",Sector GHG emissions,,,0.001,141.75203140818192,MtCO2e/yr,,,,,,,,,,,,,,,
ndc_noce,NDC,No CE,a,Global,Aluminium,Aluminium,2050,0.08008544224828724,GtCO2e/yr,plotted,"[""Emissions|GHG|Industry|Non-Ferrous Metals|Aluminum""]",fig04_emissions,,,,,,"[""AFE"", ""AFN"", ""AFW"", ""AFZ"", ""ANZ"", ""ASC"", ""ASE"", ""ASO"", ""BRA"", ""CAN"", ""CHL"", ""CHN"", ""ENE"", ""ENW"", ""EUE"", ""EUM"", ""EUW"", ""IDN"", ""IND"", ""JPN"", ""LAM"", ""MDA"", ""MEA"", ""MEX"", ""NIG"", ""RUS"", ""SKT"", ""USA""]",Sector GHG emissions,,,0.001,80.08544224828725,MtCO2e/yr,,,,,,,,,,,,,,,
ndc_noce,NDC,No CE,b,Global,Aluminium,Aluminium,2019,2.2224620771521697,%,plotted,"[""Emissions|GHG|Industry|Non-Ferrous Metals|Aluminum"", ""Emissions|GHG|Industry""]",fig04_emissions,,,,,,"[""AFE"", ""AFN"", ""AFW"", ""AFZ"", ""ANZ"", ""ASC"", ""ASE"", ""ASO"", ""BRA"", ""CAN"", ""CHL"", ""CHN"", ""ENE"", ""ENW"", ""EUE"", ""EUM"", ""EUW"", ""IDN"", ""IND"", ""JPN"", ""LAM"", ""MDA"", ""MEA"", ""MEX"", ""NIG"", ""RUS"", ""SKT"", ""USA""]",Share of industrial GHG emissions,,,100.0,206.57298142796364,MtCO2e/yr,9294.780934694878,MtCO2e/yr,,,,,,,,,,,,,
ndc_noce,NDC,No CE,b,Global,Aluminium,Aluminium,2024,2.5345617455225558,%,plotted,"[""Emissions|GHG|Industry|Non-Ferrous Metals|Aluminum"", ""Emissions|GHG|Industry""]",fig04_emissions,,,,,,"[""AFE"", ""AFN"", ""AFW"", ""AFZ"", ""ANZ"", ""ASC"", ""ASE"", ""ASO"", ""BRA"", ""CAN"", ""CHL"", ""CHN"", ""ENE"", ""ENW"", ""EUE"", ""EUM"", ""EUW"", ""IDN"", ""IND"", ""JPN"", ""LAM"", ""MDA"", ""MEA"", ""MEX"", ""NIG"", ""RUS"", ""SKT"", ""USA""]",Share of industrial GHG emissions,,,100.0,247.98624821972322,MtCO2e/yr,9784.186503161927,MtCO2e/yr,,,,,,,,,,,,,
ndc_noce,NDC,No CE,b,Global,Aluminium,Aluminium,2030,2.120052972940738,%,plotted,"[""Emissions|GHG|Industry|Non-Ferrous Metals|Aluminum"", ""Emissions|GHG|Industry""]",fig04_emissions,,,,,,"[""AFE"", ""AFN"", ""AFW"", ""AFZ"", ""ANZ"", ""ASC"", ""ASE"", ""ASO"", ""BRA"", ""CAN"", ""CHL"", ""CHN"", ""ENE"", ""ENW"", ""EUE"", ""EUM"", ""EUW"", ""IDN"", ""IND"", ""JPN"", ""LAM"", ""MDA"", ""MEA"", ""MEX"", ""NIG"", ""RUS"", ""SKT"", ""USA""]",Share of industrial GHG emissions,,,100.0,205.87409618201448,MtCO2e/yr,9710.799626692597,MtCO2e/yr,,,,,,,,,,,,,
ndc_noce,NDC,No CE,b,Global,Aluminium,Aluminium,2035,1.7572814676776942,%,plotted,"[""Emissions|GHG|Industry|Non-Ferrous Metals|Aluminum"", ""Emissions|GHG|Industry""]",fig04_emissions,,,,,,"[""AFE"", ""AFN"", ""AFW"", ""AFZ"", ""ANZ"", ""ASC"", ""ASE"", ""ASO"", ""BRA"", ""CAN"", ""CHL"", ""CHN"", ""ENE"", ""ENW"", ""EUE"", ""EUM"", ""EUW"", ""IDN"", ""IND"", ""JPN"", ""LAM"", ""MDA"", ""MEA"", ""MEX"", ""NIG"", ""RUS"", ""SKT"", ""USA""]",Share of industrial GHG emissions,,,100.0,173.434616038934,MtCO2e/yr,9869.484156578148,MtCO2e/yr,,,,,,,,,,,,,
ndc_noce,NDC,No CE,b,Global,Aluminium,Aluminium,2040,1.3920717034823187,%,plotted,"[""Emissions|GHG|Industry|Non-Ferrous Metals|Aluminum"", ""Emissions|GHG|Industry""]",fig04_emissions,,,,,,"[""AFE"", ""AFN"", ""AFW"", ""AFZ"", ""ANZ"", ""ASC"", ""ASE"", ""ASO"", ""BRA"", ""CAN"", ""CHL"", ""CHN"", ""ENE"", ""ENW"", ""EUE"", ""EUM"", ""EUW"", ""IDN"", ""IND"", ""JPN"", ""LAM"", ""MDA"", ""MEA"", ""MEX"", ""NIG"", ""RUS"", ""SKT"", ""USA""]",Share of industrial GHG emissions,,,100.0,141.75203140818192,MtCO2e/yr,10182.811061641723,MtCO2e/yr,,,,,,,,,,,,,
ndc_noce,NDC,No CE,b,Global,Aluminium,Aluminium,2050,0.7391523826854265,%,plotted,"[""Emissions|GHG|Industry|Non-Ferrous Metals|Aluminum"", ""Emissions|GHG|Industry""]",fig04_emissions,,,,,,"[""AFE"", ""AFN"", ""AFW"", ""AFZ"", ""ANZ"", ""ASC"", ""ASE"", ""ASO"", ""BRA"", ""CAN"", ""CHL"", ""CHN"", ""ENE"", ""ENW"", ""EUE"", ""EUM"", ""EUW"", ""IDN"", ""IND"", ""JPN"", ""LAM"", ""MDA"", ""MEA"", ""MEX"", ""NIG"", ""RUS"", ""SKT"", ""USA""]",Share of industrial GHG emissions,,,100.0,80.08544224828725,MtCO2e/yr,10834.76751537045,MtCO2e/yr,,,,,,,,,,,,,
ndc_noce,NDC,No CE,c,Global,Aluminium,Aluminium,2019,2.1859580832684005,tCO2e/t,plotted,"[""Emissions|GHG|Industry|Non-Ferrous Metals|Aluminum"", ""Production|Non-Ferrous Metals|Aluminum|Primary"", ""Production|Non-Ferrous Metals|Aluminum|Secondary""]",fig04_emissions,,,,,,"[""AFE"", ""AFN"", ""AFW"", ""AFZ"", ""ANZ"", ""ASC"", ""ASE"", ""ASO"", ""BRA"", ""CAN"", ""CHL"", ""CHN"", ""ENE"", ""ENW"", ""EUE"", ""EUM"", ""EUW"", ""IDN"", ""IND"", ""JPN"", ""LAM"", ""MDA"", ""MEA"", ""MEX"", ""NIG"", ""RUS"", ""SKT"", ""USA""]",Derived emissions intensity,,,1.0,206.57298142796364,MtCO2e/yr,94.49997372278058,Mt/yr,,,,,,,,,,,,,
ndc_noce,NDC,No CE,c,Global,Aluminium,Aluminium,2024,2.0492475066360236,tCO2e/t,plotted,"[""Emissions|GHG|Industry|Non-Ferrous Metals|Aluminum"", ""Production|Non-Ferrous Metals|Aluminum|Primary"", ""Production|Non-Ferrous Metals|Aluminum|Secondary""]",fig04_emissions,,,,,,"[""AFE"", ""AFN"", ""AFW"", ""AFZ"", ""ANZ"", ""ASC"", ""ASE"", ""ASO"", ""BRA"", ""CAN"", ""CHL"", ""CHN"", ""ENE"", ""ENW"", ""EUE"", ""EUM"", ""EUW"", ""IDN"", ""IND"", ""JPN"", ""LAM"", ""MDA"", ""MEA"", ""MEX"", ""NIG"", ""RUS"", ""SKT"", ""USA""]",Derived emissions intensity,,,1.0,247.98624821972322,MtCO2e/yr,121.01332192264523,Mt/yr,,,,,,,,,,,,,
ndc_noce,NDC,No CE,c,Global,Aluminium,Aluminium,2030,1.6552267664390097,tCO2e/t,plotted,"[""Emissions|GHG|Industry|Non-Ferrous Metals|Aluminum"", ""Production|Non-Ferrous Metals|Aluminum|Primary"", ""Production|Non-Ferrous Metals|Aluminum|Secondary""]",fig04_emissions,,,,,,"[""AFE"", ""AFN"", ""AFW"", ""AFZ"", ""ANZ"", ""ASC"", ""ASE"", ""ASO"", ""BRA"", ""CAN"", ""CHL"", ""CHN"", ""ENE"", ""ENW"", ""EUE"", ""EUM"", ""EUW"", ""IDN"", ""IND"", ""JPN"", ""LAM"", ""MDA"", ""MEA"", ""MEX"", ""NIG"", ""RUS"", ""SKT"", ""USA""]",Derived emissions intensity,,,1.0,205.87409618201448,MtCO2e/yr,124.37818210547911,Mt/yr,,,,,,,,,,,,,
ndc_noce,NDC,No CE,c,Global,Aluminium,Aluminium,2035,1.3653333217496375,tCO2e/t,plotted,"[""Emissions|GHG|Industry|Non-Ferrous Metals|Aluminum"", ""Production|Non-Ferrous Metals|Aluminum|Primary"", ""Production|Non-Ferrous Metals|Aluminum|Secondary""]",fig04_emissions,,,,,,"[""AFE"", ""AFN"", ""AFW"", ""AFZ"", ""ANZ"", ""ASC"", ""ASE"", ""ASO"", ""BRA"", ""CAN"", ""CHL"", ""CHN"", ""ENE"", ""ENW"", ""EUE"", ""EUM"", ""EUW"", ""IDN"", ""IND"", ""JPN"", ""LAM"", ""MDA"", ""MEA"", ""MEX"", ""NIG"", ""RUS"", ""SKT"", ""USA""]",Derived emissions intensity,,,1.0,173.434616038934,MtCO2e/yr,127.02730774686012,Mt/yr,,,,,,,,,,,,,
ndc_noce,NDC,No CE,c,Global,Aluminium,Aluminium,2040,1.0782800419141867,tCO2e/t,plotted,"[""Emissions|GHG|Industry|Non-Ferrous Metals|Aluminum"", ""Production|Non-Ferrous Metals|Aluminum|Primary"", ""Production|Non-Ferrous Metals|Aluminum|Secondary""]",fig04_emissions,,,,,,"[""AFE"", ""AFN"", ""AFW"", ""AFZ"", ""ANZ"", ""ASC"", ""ASE"", ""ASO"", ""BRA"", ""CAN"", ""CHL"", ""CHN"", ""ENE"", ""ENW"", ""EUE"", ""EUM"", ""EUW"", ""IDN"", ""IND"", ""JPN"", ""LAM"", ""MDA"", ""MEA"", ""MEX"", ""NIG"", ""RUS"", ""SKT"", ""USA""]",Derived emissions intensity,,,1.0,141.75203140818192,MtCO2e/yr,131.46124002864838,Mt/yr,,,,,,,,,,,,,
ndc_noce,NDC,No CE,c,Global,Aluminium,Aluminium,2050,0.6020822952587981,tCO2e/t,plotted,"[""Emissions|GHG|Industry|Non-Ferrous Metals|Aluminum"", ""Production|Non-Ferrous Metals|Aluminum|Primary"", ""Production|Non-Ferrous Metals|Aluminum|Secondary""]",fig04_emissions,,,,,,"[""AFE"", ""AFN"", ""AFW"", ""AFZ"", ""ANZ"", ""ASC"", ""ASE"", ""ASO"", ""BRA"", ""CAN"", ""CHL"", ""CHN"", ""ENE"", ""ENW"", ""EUE"", ""EUM"", ""EUW"", ""IDN"", ""IND"", ""JPN"", ""LAM"", ""MDA"", ""MEA"", ""MEX"", ""NIG"", ""RUS"", ""SKT"", ""USA""]",Derived emissions intensity,,,1.0,80.08544224828725,MtCO2e/yr,133.0141126535924,Mt/yr,,,,,,,,,,,,,
ndc_noce,NDC,No CE,d,Global,Aluminium,Aluminium,2019,0.0,MtCO2/yr,plotted,"[""Carbon Capture|Industry|Non-Ferrous Metals|Aluminum""]",fig04_emissions,,,,,,"[""AFE"", ""AFN"", ""AFW"", ""AFZ"", ""ANZ"", ""ASC"", ""ASE"", ""ASO"", ""BRA"", ""CAN"", ""CHL"", ""CHN"", ""ENE"", ""ENW"", ""EUE"", ""EUM"", ""EUW"", ""IDN"", ""IND"", ""JPN"", ""LAM"", ""MDA"", ""MEA"", ""MEX"", ""NIG"", ""RUS"", ""SKT"", ""USA""]",Carbon capture,,,1.0,0.0,MtCO2/yr,,,,,,,,,,,,,,,
ndc_noce,NDC,No CE,d,Global,Aluminium,Aluminium,2024,0.0,MtCO2/yr,plotted,"[""Carbon Capture|Industry|Non-Ferrous Metals|Aluminum""]",fig04_emissions,,,,,,"[""AFE"", ""AFN"", ""AFW"", ""AFZ"", ""ANZ"", ""ASC"", ""ASE"", ""ASO"", ""BRA"", ""CAN"", ""CHL"", ""CHN"", ""ENE"", ""ENW"", ""EUE"", ""EUM"", ""EUW"", ""IDN"", ""IND"", ""JPN"", ""LAM"", ""MDA"", ""MEA"", ""MEX"", ""NIG"", ""RUS"", ""SKT"", ""USA""]",Carbon capture,,,1.0,0.0,MtCO2/yr,,,,,,,,,,,,,,,
ndc_noce,NDC,No CE,d,Global,Aluminium,Aluminium,2030,6.192093818112701e-06,MtCO2/yr,plotted,"[""Carbon Capture|Industry|Non-Ferrous Metals|Aluminum""]",fig04_emissions,,,,,,"[""AFE"", ""AFN"", ""AFW"", ""AFZ"", ""ANZ"", ""ASC"", ""ASE"", ""ASO"", ""BRA"", ""CAN"", ""CHL"", ""CHN"", ""ENE"", ""ENW"", ""EUE"", ""EUM"", ""EUW"", ""IDN"", ""IND"", ""JPN"", ""LAM"", ""MDA"", ""MEA"", ""MEX"", ""NIG"", ""RUS"", ""SKT"", ""USA""]",Carbon capture,,,1.0,6.192093818112701e-06,MtCO2/yr,,,,,,,,,,,,,,,
ndc_noce,NDC,No CE,d,Global,Aluminium,Aluminium,2035,2.9810719697958605e-05,MtCO2/yr,plotted,"[""Carbon Capture|Industry|Non-Ferrous Metals|Aluminum""]",fig04_emissions,,,,,,"[""AFE"", ""AFN"", ""AFW"", ""AFZ"", ""ANZ"", ""ASC"", ""ASE"", ""ASO"", ""BRA"", ""CAN"", ""CHL"", ""CHN"", ""ENE"", ""ENW"", ""EUE"", ""EUM"", ""EUW"", ""IDN"", ""IND"", ""JPN"", ""LAM"", ""MDA"", ""MEA"", ""MEX"", ""NIG"", ""RUS"", ""SKT"", ""USA""]",Carbon capture,,,1.0,2.9810719697958605e-05,MtCO2/yr,,,,,,,,,,,,,,,
ndc_noce,NDC,No CE,d,Global,Aluminium,Aluminium,2040,4.948709604880988e-05,MtCO2/yr,plotted,"[""Carbon Capture|Industry|Non-Ferrous Metals|Aluminum""]",fig04_emissions,,,,,,"[""AFE"", ""AFN"", ""AFW"", ""AFZ"", ""ANZ"", ""ASC"", ""ASE"", ""ASO"", ""BRA"", ""CAN"", ""CHL"", ""CHN"", ""ENE"", ""ENW"", ""EUE"", ""EUM"", ""EUW"", ""IDN"", ""IND"", ""JPN"", ""LAM"", ""MDA"", ""MEA"", ""MEX"", ""NIG"", ""RUS"", ""SKT"", ""USA""]",Carbon capture,,,1.0,4.948709604880988e-05,MtCO2/yr,,,,,,,,,,,,,,,
ndc_noce,NDC,No CE,d,Global,Aluminium,Aluminium,2050,0.00010401732243766891,MtCO2/yr,plotted,"[""Carbon Capture|Industry|Non-Ferrous Metals|Aluminum""]",fig04_emissions,,,,,,"[""AFE"", ""AFN"", ""AFW"", ""AFZ"", ""ANZ"", ""ASC"", ""ASE"", ""ASO"", ""BRA"", ""CAN"", ""CHL"", ""CHN"", ""ENE"", ""ENW"", ""EUE"", ""EUM"", ""EUW"", ""IDN"", ""IND"", ""JPN"", ""LAM"", ""MDA"", ""MEA"", ""MEX"", ""NIG"", ""RUS"", ""SKT"", ""USA""]",Carbon capture,,,1.0,0.00010401732243766891,MtCO2/yr,,,,,,,,,,,,,,,
baseline_noce,NDC+LTT,No CE,a,Global,Cement,Cement,2019,2.542758438447978,GtCO2e/yr,plotted,"[""Emissions|GHG|Industry|Non-Metallic Minerals|Cement""]",fig04_emissions,,,,,,"[""AFE"", ""AFN"", ""AFW"", ""AFZ"", ""ANZ"", ""ASC"", ""ASE"", ""ASO"", ""BRA"", ""CAN"", ""CHL"", ""CHN"", ""ENE"", ""ENW"", ""EUE"", ""EUM"", ""EUW"", ""IDN"", ""IND"", ""JPN"", ""LAM"", ""MDA"", ""MEA"", ""MEX"", ""NIG"", ""RUS"", ""SKT"", ""USA""]",Sector GHG emissions,,,0.001,2542.758438447978,MtCO2e/yr,,,,,,,,,,,,,,,
baseline_noce,NDC+LTT,No CE,a,Global,Cement,Cement,2024,2.36069368367247,GtCO2e/yr,plotted,"[""Emissions|GHG|Industry|Non-Metallic Minerals|Cement""]",fig04_emissions,,,,,,"[""AFE"", ""AFN"", ""AFW"", ""AFZ"", ""ANZ"", ""ASC"", ""ASE"", ""ASO"", ""BRA"", ""CAN"", ""CHL"", ""CHN"", ""ENE"", ""ENW"", ""EUE"", ""EUM"", ""EUW"", ""IDN"", ""IND"", ""JPN"", ""LAM"", ""MDA"", ""MEA"", ""MEX"", ""NIG"", ""RUS"", ""SKT"", ""USA""]",Sector GHG emissions,,,0.001,2360.6936836724703,MtCO2e/yr,,,,,,,,,,,,,,,
baseline_noce,NDC+LTT,No CE,a,Global,Cement,Cement,2030,2.0977976651628745,GtCO2e/yr,plotted,"[""Emissions|GHG|Industry|Non-Metallic Minerals|Cement""]",fig04_emissions,,,,,,"[""AFE"", ""AFN"", ""AFW"", ""AFZ"", ""ANZ"", ""ASC"", ""ASE"", ""ASO"", ""BRA"", ""CAN"", ""CHL"", ""CHN"", ""ENE"", ""ENW"", ""EUE"", ""EUM"", ""EUW"", ""IDN"", ""IND"", ""JPN"", ""LAM"", ""MDA"", ""MEA"", ""MEX"", ""NIG"", ""RUS"", ""SKT"", ""USA""]",Sector GHG emissions,,,0.001,2097.7976651628746,MtCO2e/yr,,,,,,,,,,,,,,,
baseline_noce,NDC+LTT,No CE,a,Global,Cement,Cement,2035,1.9921680957149694,GtCO2e/yr,plotted,"[""Emissions|GHG|Industry|Non-Metallic Minerals|Cement""]",fig04_emissions,,,,,,"[""AFE"", ""AFN"", ""AFW"", ""AFZ"", ""ANZ"", ""ASC"", ""ASE"", ""ASO"", ""BRA"", ""CAN"", ""CHL"", ""CHN"", ""ENE"", ""ENW"", ""EUE"", ""EUM"", ""EUW"", ""IDN"", ""IND"", ""JPN"", ""LAM"", ""MDA"", ""MEA"", ""MEX"", ""NIG"", ""RUS"", ""SKT"", ""USA""]",Sector GHG emissions,,,0.001,1992.1680957149695,MtCO2e/yr,,,,,,,,,,,,,,,
baseline_noce,NDC+LTT,No CE,a,Global,Cement,Cement,2040,1.9110899971156512,GtCO2e/yr,plotted,"[""Emissions|GHG|Industry|Non-Metallic Minerals|Cement""]",fig04_emissions,,,,,,"[""AFE"", ""AFN"", ""AFW"", ""AFZ"", ""ANZ"", ""ASC"", ""ASE"", ""ASO"", ""BRA"", ""CAN"", ""CHL"", ""CHN"", ""ENE"", ""ENW"", ""EUE"", ""EUM"", ""EUW"", ""IDN"", ""IND"", ""JPN"", ""LAM"", ""MDA"", ""MEA"", ""MEX"", ""NIG"", ""RUS"", ""SKT"", ""USA""]",Sector GHG emissions,,,0.001,1911.0899971156512,MtCO2e/yr,,,,,,,,,,,,,,,
baseline_noce,NDC+LTT,No CE,a,Global,Cement,Cement,2050,1.7181234608434015,GtCO2e/yr,plotted,"[""Emissions|GHG|Industry|Non-Metallic Minerals|Cement""]",fig04_emissions,,,,,,"[""AFE"", ""AFN"", ""AFW"", ""AFZ"", ""ANZ"", ""ASC"", ""ASE"", ""ASO"", ""BRA"", ""CAN"", ""CHL"", ""CHN"", ""ENE"", ""ENW"", ""EUE"", ""EUM"", ""EUW"", ""IDN"", ""IND"", ""JPN"", ""LAM"", ""MDA"", ""MEA"", ""MEX"", ""NIG"", ""RUS"", ""SKT"", ""USA""]",Sector GHG emissions,,,0.001,1718.1234608434015,MtCO2e/yr,,,,,,,,,,,,,,,
baseline_noce,NDC+LTT,No CE,b,Global,Cement,Cement,2019,27.356840966058222,%,plotted,"[""Emissions|GHG|Industry|Non-Metallic Minerals|Cement"", ""Emissions|GHG|Industry""]",fig04_emissions,,,,,,"[""AFE"", ""AFN"", ""AFW"", ""AFZ"", ""ANZ"", ""ASC"", ""ASE"", ""ASO"", ""BRA"", ""CAN"", ""CHL"", ""CHN"", ""ENE"", ""ENW"", ""EUE"", ""EUM"", ""EUW"", ""IDN"", ""IND"", ""JPN"", ""LAM"", ""MDA"", ""MEA"", ""MEX"", ""NIG"", ""RUS"", ""SKT"", ""USA""]",Share of industrial GHG emissions,,,100.0,2542.758438447978,MtCO2e/yr,9294.780934694878,MtCO2e/yr,,,,,,,,,,,,,
baseline_noce,NDC+LTT,No CE,b,Global,Cement,Cement,2024,24.127643958029335,%,plotted,"[""Emissions|GHG|Industry|Non-Metallic Minerals|Cement"", ""Emissions|GHG|Industry""]",fig04_emissions,,,,,,"[""AFE"", ""AFN"", ""AFW"", ""AFZ"", ""ANZ"", ""ASC"", ""ASE"", ""ASO"", ""BRA"", ""CAN"", ""CHL"", ""CHN"", ""ENE"", ""ENW"", ""EUE"", ""EUM"", ""EUW"", ""IDN"", ""IND"", ""JPN"", ""LAM"", ""MDA"", ""MEA"", ""MEX"", ""NIG"", ""RUS"", ""SKT"", ""USA""]",Share of industrial GHG emissions,,,100.0,2360.6936836724703,MtCO2e/yr,9784.186503161927,MtCO2e/yr,,,,,,,,,,,,,
baseline_noce,NDC+LTT,No CE,b,Global,Cement,Cement,2030,21.29557149365643,%,plotted,"[""Emissions|GHG|Industry|Non-Metallic Minerals|Cement"", ""Emissions|GHG|Industry""]",fig04_emissions,,,,,,"[""AFE"", ""AFN"", ""AFW"", ""AFZ"", ""ANZ"", ""ASC"", ""ASE"", ""ASO"", ""BRA"", ""CAN"", ""CHL"", ""CHN"", ""ENE"", ""ENW"", ""EUE"", ""EUM"", ""EUW"", ""IDN"", ""IND"", ""JPN"", ""LAM"", ""MDA"", ""MEA"", ""MEX"", ""NIG"", ""RUS"", ""SKT"", ""USA""]",Share of industrial GHG emissions,,,100.0,2097.7976651628746,MtCO2e/yr,9850.863433215545,MtCO2e/yr,,,,,,,,,,,,,
baseline_noce,NDC+LTT,No CE,b,Global,Cement,Cement,2035,21.049018098421573,%,plotted,"[""Emissions|GHG|Industry|Non-Metallic Minerals|Cement"", ""Emissions|GHG|Industry""]",fig04_emissions,,,,,,"[""AFE"", ""AFN"", ""AFW"", ""AFZ"", ""ANZ"", ""ASC"", ""ASE"", ""ASO"", ""BRA"", ""CAN"", ""CHL"", ""CHN"", ""ENE"", ""ENW"", ""EUE"", ""EUM"", ""EUW"", ""IDN"", ""IND"", ""JPN"", ""LAM"", ""MDA"", ""MEA"", ""MEX"", ""NIG"", ""RUS"", ""SKT"", ""USA""]",Share of industrial GHG emissions,,,100.0,1992.1680957149695,MtCO2e/yr,9464.422931273732,MtCO2e/yr,,,,,,,,,,,,,
baseline_noce,NDC+LTT,No CE,b,Global,Cement,Cement,2040,21.94098749588175,%,plotted,"[""Emissions|GHG|Industry|Non-Metallic Minerals|Cement"", ""Emissions|GHG|Industry""]",fig04_emissions,,,,,,"[""AFE"", ""AFN"", ""AFW"", ""AFZ"", ""ANZ"", ""ASC"", ""ASE"", ""ASO"", ""BRA"", ""CAN"", ""CHL"", ""CHN"", ""ENE"", ""ENW"", ""EUE"", ""EUM"", ""EUW"", ""IDN"", ""IND"", ""JPN"", ""LAM"", ""MDA"", ""MEA"", ""MEX"", ""NIG"", ""RUS"", ""SKT"", ""USA""]",Share of industrial GHG emissions,,,100.0,1911.0899971156512,MtCO2e/yr,8710.136667615148,MtCO2e/yr,,,,,,,,,,,,,
baseline_noce,NDC+LTT,No CE,b,Global,Cement,Cement,2050,38.587980260746875,%,plotted,"[""Emissions|GHG|Industry|Non-Metallic Minerals|Cement"", ""Emissions|GHG|Industry""]",fig04_emissions,,,,,,"[""AFE"", ""AFN"", ""AFW"", ""AFZ"", ""ANZ"", ""ASC"", ""ASE"", ""ASO"", ""BRA"", ""CAN"", ""CHL"", ""CHN"", ""ENE"", ""ENW"", ""EUE"", ""EUM"", ""EUW"", ""IDN"", ""IND"", ""JPN"", ""LAM"", ""MDA"", ""MEA"", ""MEX"", ""NIG"", ""RUS"", ""SKT"", ""USA""]",Share of industrial GHG emissions,,,100.0,1718.1234608434015,MtCO2e/yr,4452.483517493504,MtCO2e/yr,,,,,,,,,,,,,
baseline_noce,NDC+LTT,No CE,c,Global,Cement,Cement,2019,0.6052155971768874,tCO2e/t,plotted,"[""Emissions|GHG|Industry|Non-Metallic Minerals|Cement"", ""Production|Non-Metallic Minerals|Cement""]",fig04_emissions,,,,,,"[""AFE"", ""AFN"", ""AFW"", ""AFZ"", ""ANZ"", ""ASC"", ""ASE"", ""ASO"", ""BRA"", ""CAN"", ""CHL"", ""CHN"", ""ENE"", ""ENW"", ""EUE"", ""EUM"", ""EUW"", ""IDN"", ""IND"", ""JPN"", ""LAM"", ""MDA"", ""MEA"", ""MEX"", ""NIG"", ""RUS"", ""SKT"", ""USA""]",Derived emissions intensity,,,1.0,2542.758438447978,MtCO2e/yr,4201.409299940433,Mt/yr,,,,,,,,,,,,,
baseline_noce,NDC+LTT,No CE,c,Global,Cement,Cement,2024,0.5977239720640364,tCO2e/t,plotted,"[""Emissions|GHG|Industry|Non-Metallic Minerals|Cement"", ""Production|Non-Metallic Minerals|Cement""]",fig04_emissions,,,,,,"[""AFE"", ""AFN"", ""AFW"", ""AFZ"", ""ANZ"", ""ASC"", ""ASE"", ""ASO"", ""BRA"", ""CAN"", ""CHL"", ""CHN"", ""ENE"", ""ENW"", ""EUE"", ""EUM"", ""EUW"", ""IDN"", ""IND"", ""JPN"", ""LAM"", ""MDA"", ""MEA"", ""MEX"", ""NIG"", ""RUS"", ""SKT"", ""USA""]",Derived emissions intensity,,,1.0,2360.6936836724703,MtCO2e/yr,3949.47131787373,Mt/yr,,,,,,,,,,,,,
baseline_noce,NDC+LTT,No CE,c,Global,Cement,Cement,2030,0.5587188857655027,tCO2e/t,plotted,"[""Emissions|GHG|Industry|Non-Metallic Minerals|Cement"", ""Production|Non-Metallic Minerals|Cement""]",fig04_emissions,,,,,,"[""AFE"", ""AFN"", ""AFW"", ""AFZ"", ""ANZ"", ""ASC"", ""ASE"", ""ASO"", ""BRA"", ""CAN"", ""CHL"", ""CHN"", ""ENE"", ""ENW"", ""EUE"", ""EUM"", ""EUW"", ""IDN"", ""IND"", ""JPN"", ""LAM"", ""MDA"", ""MEA"", ""MEX"", ""NIG"", ""RUS"", ""SKT"", ""USA""]",Derived emissions intensity,,,1.0,2097.7976651628746,MtCO2e/yr,3754.656802568388,Mt/yr,,,,,,,,,,,,,
baseline_noce,NDC+LTT,No CE,c,Global,Cement,Cement,2035,0.5438575094738624,tCO2e/t,plotted,"[""Emissions|GHG|Industry|Non-Metallic Minerals|Cement"", ""Production|Non-Metallic Minerals|Cement""]",fig04_emissions,,,,,,"[""AFE"", ""AFN"", ""AFW"", ""AFZ"", ""ANZ"", ""ASC"", ""ASE"", ""ASO"", ""BRA"", ""CAN"", ""CHL"", ""CHN"", ""ENE"", ""ENW"", ""EUE"", ""EUM"", ""EUW"", ""IDN"", ""IND"", ""JPN"", ""LAM"", ""MDA"", ""MEA"", ""MEX"", ""NIG"", ""RUS"", ""SKT"", ""USA""]",Derived emissions intensity,,,1.0,1992.1680957149695,MtCO2e/yr,3663.033167717458,Mt/yr,,,,,,,,,,,,,
baseline_noce,NDC+LTT,No CE,c,Global,Cement,Cement,2040,0.5220962885526099,tCO2e/t,plotted,"[""Emissions|GHG|Industry|Non-Metallic Minerals|Cement"", ""Production|Non-Metallic Minerals|Cement""]",fig04_emissions,,,,,,"[""AFE"", ""AFN"", ""AFW"", ""AFZ"", ""ANZ"", ""ASC"", ""ASE"", ""ASO"", ""BRA"", ""CAN"", ""CHL"", ""CHN"", ""ENE"", ""ENW"", ""EUE"", ""EUM"", ""EUW"", ""IDN"", ""IND"", ""JPN"", ""LAM"", ""MDA"", ""MEA"", ""MEX"", ""NIG"", ""RUS"", ""SKT"", ""USA""]",Derived emissions intensity,,,1.0,1911.0899971156512,MtCO2e/yr,3660.4167449910474,Mt/yr,,,,,,,,,,,,,
baseline_noce,NDC+LTT,No CE,c,Global,Cement,Cement,2050,0.4694152042084048,tCO2e/t,plotted,"[""Emissions|GHG|Industry|Non-Metallic Minerals|Cement"", ""Production|Non-Metallic Minerals|Cement""]",fig04_emissions,,,,,,"[""AFE"", ""AFN"", ""AFW"", ""AFZ"", ""ANZ"", ""ASC"", ""ASE"", ""ASO"", ""BRA"", ""CAN"", ""CHL"", ""CHN"", ""ENE"", ""ENW"", ""EUE"", ""EUM"", ""EUW"", ""IDN"", ""IND"", ""JPN"", ""LAM"", ""MDA"", ""MEA"", ""MEX"", ""NIG"", ""RUS"", ""SKT"", ""USA""]",Derived emissions intensity,,,1.0,1718.1234608434015,MtCO2e/yr,3660.135942423824,Mt/yr,,,,,,,,,,,,,
baseline_noce,NDC+LTT,No CE,d,Global,Cement,Cement,2019,0.0,MtCO2/yr,plotted,"[""Carbon Capture|Industry|Non-Metallic Minerals|Cement""]",fig04_emissions,,,,,,"[""AFE"", ""AFN"", ""AFW"", ""AFZ"", ""ANZ"", ""ASC"", ""ASE"", ""ASO"", ""BRA"", ""CAN"", ""CHL"", ""CHN"", ""ENE"", ""ENW"", ""EUE"", ""EUM"", ""EUW"", ""IDN"", ""IND"", ""JPN"", ""LAM"", ""MDA"", ""MEA"", ""MEX"", ""NIG"", ""RUS"", ""SKT"", ""USA""]",Carbon capture,,,1.0,0.0,MtCO2/yr,,,,,,,,,,,,,,,
baseline_noce,NDC+LTT,No CE,d,Global,Cement,Cement,2024,0.0,MtCO2/yr,plotted,"[""Carbon Capture|Industry|Non-Metallic Minerals|Cement""]",fig04_emissions,,,,,,"[""AFE"", ""AFN"", ""AFW"", ""AFZ"", ""ANZ"", ""ASC"", ""ASE"", ""ASO"", ""BRA"", ""CAN"", ""CHL"", ""CHN"", ""ENE"", ""ENW"", ""EUE"", ""EUM"", ""EUW"", ""IDN"", ""IND"", ""JPN"", ""LAM"", ""MDA"", ""MEA"", ""MEX"", ""NIG"", ""RUS"", ""SKT"", ""USA""]",Carbon capture,,,1.0,0.0,MtCO2/yr,,,,,,,,,,,,,,,
baseline_noce,NDC+LTT,No CE,d,Global,Cement,Cement,2030,104.46842434605666,MtCO2/yr,plotted,"[""Carbon Capture|Industry|Non-Metallic Minerals|Cement""]",fig04_emissions,,,,,,"[""AFE"", ""AFN"", ""AFW"", ""AFZ"", ""ANZ"", ""ASC"", ""ASE"", ""ASO"", ""BRA"", ""CAN"", ""CHL"", ""CHN"", ""ENE"", ""ENW"", ""EUE"", ""EUM"", ""EUW"", ""IDN"", ""IND"", ""JPN"", ""LAM"", ""MDA"", ""MEA"", ""MEX"", ""NIG"", ""RUS"", ""SKT"", ""USA""]",Carbon capture,,,1.0,104.46842434605666,MtCO2/yr,,,,,,,,,,,,,,,
baseline_noce,NDC+LTT,No CE,d,Global,Cement,Cement,2035,109.5682659859391,MtCO2/yr,plotted,"[""Carbon Capture|Industry|Non-Metallic Minerals|Cement""]",fig04_emissions,,,,,,"[""AFE"", ""AFN"", ""AFW"", ""AFZ"", ""ANZ"", ""ASC"", ""ASE"", ""ASO"", ""BRA"", ""CAN"", ""CHL"", ""CHN"", ""ENE"", ""ENW"", ""EUE"", ""EUM"", ""EUW"", ""IDN"", ""IND"", ""JPN"", ""LAM"", ""MDA"", ""MEA"", ""MEX"", ""NIG"", ""RUS"", ""SKT"", ""USA""]",Carbon capture,,,1.0,109.5682659859391,MtCO2/yr,,,,,,,,,,,,,,,
baseline_noce,NDC+LTT,No CE,d,Global,Cement,Cement,2040,120.90375097364259,MtCO2/yr,plotted,"[""Carbon Capture|Industry|Non-Metallic Minerals|Cement""]",fig04_emissions,,,,,,"[""AFE"", ""AFN"", ""AFW"", ""AFZ"", ""ANZ"", ""ASC"", ""ASE"", ""ASO"", ""BRA"", ""CAN"", ""CHL"", ""CHN"", ""ENE"", ""ENW"", ""EUE"", ""EUM"", ""EUW"", ""IDN"", ""IND"", ""JPN"", ""LAM"", ""MDA"", ""MEA"", ""MEX"", ""NIG"", ""RUS"", ""SKT"", ""USA""]",Carbon capture,,,1.0,120.90375097364259,MtCO2/yr,,,,,,,,,,,,,,,
baseline_noce,NDC+LTT,No CE,d,Global,Cement,Cement,2050,155.19738104906853,MtCO2/yr,plotted,"[""Carbon Capture|Industry|Non-Metallic Minerals|Cement""]",fig04_emissions,,,,,,"[""AFE"", ""AFN"", ""AFW"", ""AFZ"", ""ANZ"", ""ASC"", ""ASE"", ""ASO"", ""BRA"", ""CAN"", ""CHL"", ""CHN"", ""ENE"", ""ENW"", ""EUE"", ""EUM"", ""EUW"", ""IDN"", ""IND"", ""JPN"", ""LAM"", ""MDA"", ""MEA"", ""MEX"", ""NIG"", ""RUS"", ""SKT"", ""USA""]",Carbon capture,,,1.0,155.19738104906853,MtCO2/yr,,,,,,,,,,,,,,,
baseline_noce,NDC+LTT,No CE,a,Global,Iron and steel,Iron and steel,2019,2.74565603423791,GtCO2e/yr,plotted,"[""Emissions|GHG|Industry|Iron and Steel""]",fig04_emissions,,,,,,"[""AFE"", ""AFN"", ""AFW"", ""AFZ"", ""ANZ"", ""ASC"", ""ASE"", ""ASO"", ""BRA"", ""CAN"", ""CHL"", ""CHN"", ""ENE"", ""ENW"", ""EUE"", ""EUM"", ""EUW"", ""IDN"", ""IND"", ""JPN"", ""LAM"", ""MDA"", ""MEA"", ""MEX"", ""NIG"", ""RUS"", ""SKT"", ""USA""]",Sector GHG emissions,,,0.001,2745.6560342379103,MtCO2e/yr,,,,,,,,,,,,,,,
baseline_noce,NDC+LTT,No CE,a,Global,Iron and steel,Iron and steel,2024,2.6405834046078245,GtCO2e/yr,plotted,"[""Emissions|GHG|Industry|Iron and Steel""]",fig04_emissions,,,,,,"[""AFE"", ""AFN"", ""AFW"", ""AFZ"", ""ANZ"", ""ASC"", ""ASE"", ""ASO"", ""BRA"", ""CAN"", ""CHL"", ""CHN"", ""ENE"", ""ENW"", ""EUE"", ""EUM"", ""EUW"", ""IDN"", ""IND"", ""JPN"", ""LAM"", ""MDA"", ""MEA"", ""MEX"", ""NIG"", ""RUS"", ""SKT"", ""USA""]",Sector GHG emissions,,,0.001,2640.5834046078244,MtCO2e/yr,,,,,,,,,,,,,,,
baseline_noce,NDC+LTT,No CE,a,Global,Iron and steel,Iron and steel,2030,2.273480511099978,GtCO2e/yr,plotted,"[""Emissions|GHG|Industry|Iron and Steel""]",fig04_emissions,,,,,,"[""AFE"", ""AFN"", ""AFW"", ""AFZ"", ""ANZ"", ""ASC"", ""ASE"", ""ASO"", ""BRA"", ""CAN"", ""CHL"", ""CHN"", ""ENE"", ""ENW"", ""EUE"", ""EUM"", ""EUW"", ""IDN"", ""IND"", ""JPN"", ""LAM"", ""MDA"", ""MEA"", ""MEX"", ""NIG"", ""RUS"", ""SKT"", ""USA""]",Sector GHG emissions,,,0.001,2273.4805110999782,MtCO2e/yr,,,,,,,,,,,,,,,
baseline_noce,NDC+LTT,No CE,a,Global,Iron and steel,Iron and steel,2035,1.7835914059599012,GtCO2e/yr,plotted,"[""Emissions|GHG|Industry|Iron and Steel""]",fig04_emissions,,,,,,"[""AFE"", ""AFN"", ""AFW"", ""AFZ"", ""ANZ"", ""ASC"", ""ASE"", ""ASO"", ""BRA"", ""CAN"", ""CHL"", ""CHN"", ""ENE"", ""ENW"", ""EUE"", ""EUM"", ""EUW"", ""IDN"", ""IND"", ""JPN"", ""LAM"", ""MDA"", ""MEA"", ""MEX"", ""NIG"", ""RUS"", ""SKT"", ""USA""]",Sector GHG emissions,,,0.001,1783.591405959901,MtCO2e/yr,,,,,,,,,,,,,,,
baseline_noce,NDC+LTT,No CE,a,Global,Iron and steel,Iron and steel,2040,1.402917936420128,GtCO2e/yr,plotted,"[""Emissions|GHG|Industry|Iron and Steel""]",fig04_emissions,,,,,,"[""AFE"", ""AFN"", ""AFW"", ""AFZ"", ""ANZ"", ""ASC"", ""ASE"", ""ASO"", ""BRA"", ""CAN"", ""CHL"", ""CHN"", ""ENE"", ""ENW"", ""EUE"", ""EUM"", ""EUW"", ""IDN"", ""IND"", ""JPN"", ""LAM"", ""MDA"", ""MEA"", ""MEX"", ""NIG"", ""RUS"", ""SKT"", ""USA""]",Sector GHG emissions,,,0.001,1402.9179364201282,MtCO2e/yr,,,,,,,,,,,,,,,
baseline_noce,NDC+LTT,No CE,a,Global,Iron and steel,Iron and steel,2050,0.740806396665101,GtCO2e/yr,plotted,"[""Emissions|GHG|Industry|Iron and Steel""]",fig04_emissions,,,,,,"[""AFE"", ""AFN"", ""AFW"", ""AFZ"", ""ANZ"", ""ASC"", ""ASE"", ""ASO"", ""BRA"", ""CAN"", ""CHL"", ""CHN"", ""ENE"", ""ENW"", ""EUE"", ""EUM"", ""EUW"", ""IDN"", ""IND"", ""JPN"", ""LAM"", ""MDA"", ""MEA"", ""MEX"", ""NIG"", ""RUS"", ""SKT"", ""USA""]",Sector GHG emissions,,,0.001,740.8063966651009,MtCO2e/yr,,,,,,,,,,,,,,,
baseline_noce,NDC+LTT,No CE,b,Global,Iron and steel,Iron and steel,2019,29.539760576703067,%,plotted,"[""Emissions|GHG|Industry|Iron and Steel"", ""Emissions|GHG|Industry""]",fig04_emissions,,,,,,"[""AFE"", ""AFN"", ""AFW"", ""AFZ"", ""ANZ"", ""ASC"", ""ASE"", ""ASO"", ""BRA"", ""CAN"", ""CHL"", ""CHN"", ""ENE"", ""ENW"", ""EUE"", ""EUM"", ""EUW"", ""IDN"", ""IND"", ""JPN"", ""LAM"", ""MDA"", ""MEA"", ""MEX"", ""NIG"", ""RUS"", ""SKT"", ""USA""]",Share of industrial GHG emissions,,,100.0,2745.6560342379103,MtCO2e/yr,9294.780934694878,MtCO2e/yr,,,,,,,,,,,,,
baseline_noce,NDC+LTT,No CE,b,Global,Iron and steel,Iron and steel,2024,26.98827750017311,%,plotted,"[""Emissions|GHG|Industry|Iron and Steel"", ""Emissions|GHG|Industry""]",fig04_emissions,,,,,,"[""AFE"", ""AFN"", ""AFW"", ""AFZ"", ""ANZ"", ""ASC"", ""ASE"", ""ASO"", ""BRA"", ""CAN"", ""CHL"", ""CHN"", ""ENE"", ""ENW"", ""EUE"", ""EUM"", ""EUW"", ""IDN"", ""IND"", ""JPN"", ""LAM"", ""MDA"", ""MEA"", ""MEX"", ""NIG"", ""RUS"", ""SKT"", ""USA""]",Share of industrial GHG emissions,,,100.0,2640.5834046078244,MtCO2e/yr,9784.186503161927,MtCO2e/yr,,,,,,,,,,,,,
baseline_noce,NDC+LTT,No CE,b,Global,Iron and steel,Iron and steel,2030,23.078997354020395,%,plotted,"[""Emissions|GHG|Industry|Iron and Steel"", ""Emissions|GHG|Industry""]",fig04_emissions,,,,,,"[""AFE"", ""AFN"", ""AFW"", ""AFZ"", ""ANZ"", ""ASC"", ""ASE"", ""ASO"", ""BRA"", ""CAN"", ""CHL"", ""CHN"", ""ENE"", ""ENW"", ""EUE"", ""EUM"", ""EUW"", ""IDN"", ""IND"", ""JPN"", ""LAM"", ""MDA"", ""MEA"", ""MEX"", ""NIG"", ""RUS"", ""SKT"", ""USA""]",Share of industrial GHG emissions,,,100.0,2273.4805110999782,MtCO2e/yr,9850.863433215545,MtCO2e/yr,,,,,,,,,,,,,
baseline_noce,NDC+LTT,No CE,b,Global,Iron and steel,Iron and steel,2035,18.845220875181912,%,plotted,"[""Emissions|GHG|Industry|Iron and Steel"", ""Emissions|GHG|Industry""]",fig04_emissions,,,,,,"[""AFE"", ""AFN"", ""AFW"", ""AFZ"", ""ANZ"", ""ASC"", ""ASE"", ""ASO"", ""BRA"", ""CAN"", ""CHL"", ""CHN"", ""ENE"", ""ENW"", ""EUE"", ""EUM"", ""EUW"", ""IDN"", ""IND"", ""JPN"", ""LAM"", ""MDA"", ""MEA"", ""MEX"", ""NIG"", ""RUS"", ""SKT"", ""USA""]",Share of industrial GHG emissions,,,100.0,1783.591405959901,MtCO2e/yr,9464.422931273732,MtCO2e/yr,,,,,,,,,,,,,
baseline_noce,NDC+LTT,No CE,b,Global,Iron and steel,Iron and steel,2040,16.106727023426252,%,plotted,"[""Emissions|GHG|Industry|Iron and Steel"", ""Emissions|GHG|Industry""]",fig04_emissions,,,,,,"[""AFE"", ""AFN"", ""AFW"", ""AFZ"", ""ANZ"", ""ASC"", ""ASE"", ""ASO"", ""BRA"", ""CAN"", ""CHL"", ""CHN"", ""ENE"", ""ENW"", ""EUE"", ""EUM"", ""EUW"", ""IDN"", ""IND"", ""JPN"", ""LAM"", ""MDA"", ""MEA"", ""MEX"", ""NIG"", ""RUS"", ""SKT"", ""USA""]",Share of industrial GHG emissions,,,100.0,1402.9179364201282,MtCO2e/yr,8710.136667615148,MtCO2e/yr,,,,,,,,,,,,,
baseline_noce,NDC+LTT,No CE,b,Global,Iron and steel,Iron and steel,2050,16.638049164124315,%,plotted,"[""Emissions|GHG|Industry|Iron and Steel"", ""Emissions|GHG|Industry""]",fig04_emissions,,,,,,"[""AFE"", ""AFN"", ""AFW"", ""AFZ"", ""ANZ"", ""ASC"", ""ASE"", ""ASO"", ""BRA"", ""CAN"", ""CHL"", ""CHN"", ""ENE"", ""ENW"", ""EUE"", ""EUM"", ""EUW"", ""IDN"", ""IND"", ""JPN"", ""LAM"", ""MDA"", ""MEA"", ""MEX"", ""NIG"", ""RUS"", ""SKT"", ""USA""]",Share of industrial GHG emissions,,,100.0,740.8063966651009,MtCO2e/yr,4452.483517493504,MtCO2e/yr,,,,,,,,,,,,,
baseline_noce,NDC+LTT,No CE,c,Global,Iron and steel,Iron and steel,2019,1.5647335496873123,tCO2e/t,plotted,"[""Emissions|GHG|Industry|Iron and Steel"", ""Production|Iron and Steel|Primary"", ""Production|Iron and Steel|Secondary""]",fig04_emissions,,,,,,"[""AFE"", ""AFN"", ""AFW"", ""AFZ"", ""ANZ"", ""ASC"", ""ASE"", ""ASO"", ""BRA"", ""CAN"", ""CHL"", ""CHN"", ""ENE"", ""ENW"", ""EUE"", ""EUM"", ""EUW"", ""IDN"", ""IND"", ""JPN"", ""LAM"", ""MDA"", ""MEA"", ""MEX"", ""NIG"", ""RUS"", ""SKT"", ""USA""]",Derived emissions intensity,,,1.0,2745.6560342379103,MtCO2e/yr,1754.711551232852,Mt/yr,,,,,,,,,,,,,
baseline_noce,NDC+LTT,No CE,c,Global,Iron and steel,Iron and steel,2024,1.5307025003261827,tCO2e/t,plotted,"[""Emissions|GHG|Industry|Iron and Steel"", ""Production|Iron and Steel|Primary"", ""Production|Iron and Steel|Secondary""]",fig04_emissions,,,,,,"[""AFE"", ""AFN"", ""AFW"", ""AFZ"", ""ANZ"", ""ASC"", ""ASE"", ""ASO"", ""BRA"", ""CAN"", ""CHL"", ""CHN"", ""ENE"", ""ENW"", ""EUE"", ""EUM"", ""EUW"", ""IDN"", ""IND"", ""JPN"", ""LAM"", ""MDA"", ""MEA"", ""MEX"", ""NIG"", ""RUS"", ""SKT"", ""USA""]",Derived emissions intensity,,,1.0,2640.5834046078244,MtCO2e/yr,1725.0794351254624,Mt/yr,,,,,,,,,,,,,
baseline_noce,NDC+LTT,No CE,c,Global,Iron and steel,Iron and steel,2030,1.3845892547567369,tCO2e/t,plotted,"[""Emissions|GHG|Industry|Iron and Steel"", ""Production|Iron and Steel|Primary"", ""Production|Iron and Steel|Secondary""]",fig04_emissions,,,,,,"[""AFE"", ""AFN"", ""AFW"", ""AFZ"", ""ANZ"", ""ASC"", ""ASE"", ""ASO"", ""BRA"", ""CAN"", ""CHL"", ""CHN"", ""ENE"", ""ENW"", ""EUE"", ""EUM"", ""EUW"", ""IDN"", ""IND"", ""JPN"", ""LAM"", ""MDA"", ""MEA"", ""MEX"", ""NIG"", ""RUS"", ""SKT"", ""USA""]",Derived emissions intensity,,,1.0,2273.4805110999782,MtCO2e/yr,1641.9891338095165,Mt/yr,,,,,,,,,,,,,
baseline_noce,NDC+LTT,No CE,c,Global,Iron and steel,Iron and steel,2035,1.1177914885339593,tCO2e/t,plotted,"[""Emissions|GHG|Industry|Iron and Steel"", ""Production|Iron and Steel|Primary"", ""Production|Iron and Steel|Secondary""]",fig04_emissions,,,,,,"[""AFE"", ""AFN"", ""AFW"", ""AFZ"", ""ANZ"", ""ASC"", ""ASE"", ""ASO"", ""BRA"", ""CAN"", ""CHL"", ""CHN"", ""ENE"", ""ENW"", ""EUE"", ""EUM"", ""EUW"", ""IDN"", ""IND"", ""JPN"", ""LAM"", ""MDA"", ""MEA"", ""MEX"", ""NIG"", ""RUS"", ""SKT"", ""USA""]",Derived emissions intensity,,,1.0,1783.591405959901,MtCO2e/yr,1595.6387432321321,Mt/yr,,,,,,,,,,,,,
baseline_noce,NDC+LTT,No CE,c,Global,Iron and steel,Iron and steel,2040,0.8333535939153167,tCO2e/t,plotted,"[""Emissions|GHG|Industry|Iron and Steel"", ""Production|Iron and Steel|Primary"", ""Production|Iron and Steel|Secondary""]",fig04_emissions,,,,,,"[""AFE"", ""AFN"", ""AFW"", ""AFZ"", ""ANZ"", ""ASC"", ""ASE"", ""ASO"", ""BRA"", ""CAN"", ""CHL"", ""CHN"", ""ENE"", ""ENW"", ""EUE"", ""EUM"", ""EUW"", ""IDN"", ""IND"", ""JPN"", ""LAM"", ""MDA"", ""MEA"", ""MEX"", ""NIG"", ""RUS"", ""SKT"", ""USA""]",Derived emissions intensity,,,1.0,1402.9179364201282,MtCO2e/yr,1683.4605942344915,Mt/yr,,,,,,,,,,,,,
baseline_noce,NDC+LTT,No CE,c,Global,Iron and steel,Iron and steel,2050,0.33874266725574614,tCO2e/t,plotted,"[""Emissions|GHG|Industry|Iron and Steel"", ""Production|Iron and Steel|Primary"", ""Production|Iron and Steel|Secondary""]",fig04_emissions,,,,,,"[""AFE"", ""AFN"", ""AFW"", ""AFZ"", ""ANZ"", ""ASC"", ""ASE"", ""ASO"", ""BRA"", ""CAN"", ""CHL"", ""CHN"", ""ENE"", ""ENW"", ""EUE"", ""EUM"", ""EUW"", ""IDN"", ""IND"", ""JPN"", ""LAM"", ""MDA"", ""MEA"", ""MEX"", ""NIG"", ""RUS"", ""SKT"", ""USA""]",Derived emissions intensity,,,1.0,740.8063966651009,MtCO2e/yr,2186.929691103253,Mt/yr,,,,,,,,,,,,,
baseline_noce,NDC+LTT,No CE,d,Global,Iron and steel,Iron and steel,2019,0.0,MtCO2/yr,plotted,"[""Carbon Capture|Industry|Iron and Steel""]",fig04_emissions,,,,,,"[""AFE"", ""AFN"", ""AFW"", ""AFZ"", ""ANZ"", ""ASC"", ""ASE"", ""ASO"", ""BRA"", ""CAN"", ""CHL"", ""CHN"", ""ENE"", ""ENW"", ""EUE"", ""EUM"", ""EUW"", ""IDN"", ""IND"", ""JPN"", ""LAM"", ""MDA"", ""MEA"", ""MEX"", ""NIG"", ""RUS"", ""SKT"", ""USA""]",Carbon capture,,,1.0,0.0,MtCO2/yr,,,,,,,,,,,,,,,
baseline_noce,NDC+LTT,No CE,d,Global,Iron and steel,Iron and steel,2024,0.0,MtCO2/yr,plotted,"[""Carbon Capture|Industry|Iron and Steel""]",fig04_emissions,,,,,,"[""AFE"", ""AFN"", ""AFW"", ""AFZ"", ""ANZ"", ""ASC"", ""ASE"", ""ASO"", ""BRA"", ""CAN"", ""CHL"", ""CHN"", ""ENE"", ""ENW"", ""EUE"", ""EUM"", ""EUW"", ""IDN"", ""IND"", ""JPN"", ""LAM"", ""MDA"", ""MEA"", ""MEX"", ""NIG"", ""RUS"", ""SKT"", ""USA""]",Carbon capture,,,1.0,0.0,MtCO2/yr,,,,,,,,,,,,,,,
baseline_noce,NDC+LTT,No CE,d,Global,Iron and steel,Iron and steel,2030,0.0,MtCO2/yr,plotted,"[""Carbon Capture|Industry|Iron and Steel""]",fig04_emissions,,,,,,"[""AFE"", ""AFN"", ""AFW"", ""AFZ"", ""ANZ"", ""ASC"", ""ASE"", ""ASO"", ""BRA"", ""CAN"", ""CHL"", ""CHN"", ""ENE"", ""ENW"", ""EUE"", ""EUM"", ""EUW"", ""IDN"", ""IND"", ""JPN"", ""LAM"", ""MDA"", ""MEA"", ""MEX"", ""NIG"", ""RUS"", ""SKT"", ""USA""]",Carbon capture,,,1.0,0.0,MtCO2/yr,,,,,,,,,,,,,,,
baseline_noce,NDC+LTT,No CE,d,Global,Iron and steel,Iron and steel,2035,27.747017596744534,MtCO2/yr,plotted,"[""Carbon Capture|Industry|Iron and Steel""]",fig04_emissions,,,,,,"[""AFE"", ""AFN"", ""AFW"", ""AFZ"", ""ANZ"", ""ASC"", ""ASE"", ""ASO"", ""BRA"", ""CAN"", ""CHL"", ""CHN"", ""ENE"", ""ENW"", ""EUE"", ""EUM"", ""EUW"", ""IDN"", ""IND"", ""JPN"", ""LAM"", ""MDA"", ""MEA"", ""MEX"", ""NIG"", ""RUS"", ""SKT"", ""USA""]",Carbon capture,,,1.0,27.747017596744534,MtCO2/yr,,,,,,,,,,,,,,,
baseline_noce,NDC+LTT,No CE,d,Global,Iron and steel,Iron and steel,2040,34.88531854523063,MtCO2/yr,plotted,"[""Carbon Capture|Industry|Iron and Steel""]",fig04_emissions,,,,,,"[""AFE"", ""AFN"", ""AFW"", ""AFZ"", ""ANZ"", ""ASC"", ""ASE"", ""ASO"", ""BRA"", ""CAN"", ""CHL"", ""CHN"", ""ENE"", ""ENW"", ""EUE"", ""EUM"", ""EUW"", ""IDN"", ""IND"", ""JPN"", ""LAM"", ""MDA"", ""MEA"", ""MEX"", ""NIG"", ""RUS"", ""SKT"", ""USA""]",Carbon capture,,,1.0,34.88531854523063,MtCO2/yr,,,,,,,,,,,,,,,
baseline_noce,NDC+LTT,No CE,d,Global,Iron and steel,Iron and steel,2050,40.73594903048325,MtCO2/yr,plotted,"[""Carbon Capture|Industry|Iron and Steel""]",fig04_emissions,,,,,,"[""AFE"", ""AFN"", ""AFW"", ""AFZ"", ""ANZ"", ""ASC"", ""ASE"", ""ASO"", ""BRA"", ""CAN"", ""CHL"", ""CHN"", ""ENE"", ""ENW"", ""EUE"", ""EUM"", ""EUW"", ""IDN"", ""IND"", ""JPN"", ""LAM"", ""MDA"", ""MEA"", ""MEX"", ""NIG"", ""RUS"", ""SKT"", ""USA""]",Carbon capture,,,1.0,40.73594903048325,MtCO2/yr,,,,,,,,,,,,,,,
baseline_noce,NDC+LTT,No CE,a,Global,Aluminium,Aluminium,2019,0.20657298142796365,GtCO2e/yr,plotted,"[""Emissions|GHG|Industry|Non-Ferrous Metals|Aluminum""]",fig04_emissions,,,,,,"[""AFE"", ""AFN"", ""AFW"", ""AFZ"", ""ANZ"", ""ASC"", ""ASE"", ""ASO"", ""BRA"", ""CAN"", ""CHL"", ""CHN"", ""ENE"", ""ENW"", ""EUE"", ""EUM"", ""EUW"", ""IDN"", ""IND"", ""JPN"", ""LAM"", ""MDA"", ""MEA"", ""MEX"", ""NIG"", ""RUS"", ""SKT"", ""USA""]",Sector GHG emissions,,,0.001,206.57298142796364,MtCO2e/yr,,,,,,,,,,,,,,,
baseline_noce,NDC+LTT,No CE,a,Global,Aluminium,Aluminium,2024,0.24798624821972323,GtCO2e/yr,plotted,"[""Emissions|GHG|Industry|Non-Ferrous Metals|Aluminum""]",fig04_emissions,,,,,,"[""AFE"", ""AFN"", ""AFW"", ""AFZ"", ""ANZ"", ""ASC"", ""ASE"", ""ASO"", ""BRA"", ""CAN"", ""CHL"", ""CHN"", ""ENE"", ""ENW"", ""EUE"", ""EUM"", ""EUW"", ""IDN"", ""IND"", ""JPN"", ""LAM"", ""MDA"", ""MEA"", ""MEX"", ""NIG"", ""RUS"", ""SKT"", ""USA""]",Sector GHG emissions,,,0.001,247.98624821972322,MtCO2e/yr,,,,,,,,,,,,,,,
baseline_noce,NDC+LTT,No CE,a,Global,Aluminium,Aluminium,2030,0.20450892873301849,GtCO2e/yr,plotted,"[""Emissions|GHG|Industry|Non-Ferrous Metals|Aluminum""]",fig04_emissions,,,,,,"[""AFE"", ""AFN"", ""AFW"", ""AFZ"", ""ANZ"", ""ASC"", ""ASE"", ""ASO"", ""BRA"", ""CAN"", ""CHL"", ""CHN"", ""ENE"", ""ENW"", ""EUE"", ""EUM"", ""EUW"", ""IDN"", ""IND"", ""JPN"", ""LAM"", ""MDA"", ""MEA"", ""MEX"", ""NIG"", ""RUS"", ""SKT"", ""USA""]",Sector GHG emissions,,,0.001,204.50892873301848,MtCO2e/yr,,,,,,,,,,,,,,,
baseline_noce,NDC+LTT,No CE,a,Global,Aluminium,Aluminium,2035,0.16650441627348747,GtCO2e/yr,plotted,"[""Emissions|GHG|Industry|Non-Ferrous Metals|Aluminum""]",fig04_emissions,,,,,,"[""AFE"", ""AFN"", ""AFW"", ""AFZ"", ""ANZ"", ""ASC"", ""ASE"", ""ASO"", ""BRA"", ""CAN"", ""CHL"", ""CHN"", ""ENE"", ""ENW"", ""EUE"", ""EUM"", ""EUW"", ""IDN"", ""IND"", ""JPN"", ""LAM"", ""MDA"", ""MEA"", ""MEX"", ""NIG"", ""RUS"", ""SKT"", ""USA""]",Sector GHG emissions,,,0.001,166.50441627348746,MtCO2e/yr,,,,,,,,,,,,,,,
baseline_noce,NDC+LTT,No CE,a,Global,Aluminium,Aluminium,2040,0.1263006604449046,GtCO2e/yr,plotted,"[""Emissions|GHG|Industry|Non-Ferrous Metals|Aluminum""]",fig04_emissions,,,,,,"[""AFE"", ""AFN"", ""AFW"", ""AFZ"", ""ANZ"", ""ASC"", ""ASE"", ""ASO"", ""BRA"", ""CAN"", ""CHL"", ""CHN"", ""ENE"", ""ENW"", ""EUE"", ""EUM"", ""EUW"", ""IDN"", ""IND"", ""JPN"", ""LAM"", ""MDA"", ""MEA"", ""MEX"", ""NIG"", ""RUS"", ""SKT"", ""USA""]",Sector GHG emissions,,,0.001,126.30066044490461,MtCO2e/yr,,,,,,,,,,,,,,,
baseline_noce,NDC+LTT,No CE,a,Global,Aluminium,Aluminium,2050,0.051151960773940935,GtCO2e/yr,plotted,"[""Emissions|GHG|Industry|Non-Ferrous Metals|Aluminum""]",fig04_emissions,,,,,,"[""AFE"", ""AFN"", ""AFW"", ""AFZ"", ""ANZ"", ""ASC"", ""ASE"", ""ASO"", ""BRA"", ""CAN"", ""CHL"", ""CHN"", ""ENE"", ""ENW"", ""EUE"", ""EUM"", ""EUW"", ""IDN"", ""IND"", ""JPN"", ""LAM"", ""MDA"", ""MEA"", ""MEX"", ""NIG"", ""RUS"", ""SKT"", ""USA""]",Sector GHG emissions,,,0.001,51.151960773940935,MtCO2e/yr,,,,,,,,,,,,,,,
baseline_noce,NDC+LTT,No CE,b,Global,Aluminium,Aluminium,2019,2.2224620771521697,%,plotted,"[""Emissions|GHG|Industry|Non-Ferrous Metals|Aluminum"", ""Emissions|GHG|Industry""]",fig04_emissions,,,,,,"[""AFE"", ""AFN"", ""AFW"", ""AFZ"", ""ANZ"", ""ASC"", ""ASE"", ""ASO"", ""BRA"", ""CAN"", ""CHL"", ""CHN"", ""ENE"", ""ENW"", ""EUE"", ""EUM"", ""EUW"", ""IDN"", ""IND"", ""JPN"", ""LAM"", ""MDA"", ""MEA"", ""MEX"", ""NIG"", ""RUS"", ""SKT"", ""USA""]",Share of industrial GHG emissions,,,100.0,206.57298142796364,MtCO2e/yr,9294.780934694878,MtCO2e/yr,,,,,,,,,,,,,
baseline_noce,NDC+LTT,No CE,b,Global,Aluminium,Aluminium,2024,2.5345617455225558,%,plotted,"[""Emissions|GHG|Industry|Non-Ferrous Metals|Aluminum"", ""Emissions|GHG|Industry""]",fig04_emissions,,,,,,"[""AFE"", ""AFN"", ""AFW"", ""AFZ"", ""ANZ"", ""ASC"", ""ASE"", ""ASO"", ""BRA"", ""CAN"", ""CHL"", ""CHN"", ""ENE"", ""ENW"", ""EUE"", ""EUM"", ""EUW"", ""IDN"", ""IND"", ""JPN"", ""LAM"", ""MDA"", ""MEA"", ""MEX"", ""NIG"", ""RUS"", ""SKT"", ""USA""]",Share of industrial GHG emissions,,,100.0,247.98624821972322,MtCO2e/yr,9784.186503161927,MtCO2e/yr,,,,,,,,,,,,,
baseline_noce,NDC+LTT,No CE,b,Global,Aluminium,Aluminium,2030,2.0760507961509944,%,plotted,"[""Emissions|GHG|Industry|Non-Ferrous Metals|Aluminum"", ""Emissions|GHG|Industry""]",fig04_emissions,,,,,,"[""AFE"", ""AFN"", ""AFW"", ""AFZ"", ""ANZ"", ""ASC"", ""ASE"", ""ASO"", ""BRA"", ""CAN"", ""CHL"", ""CHN"", ""ENE"", ""ENW"", ""EUE"", ""EUM"", ""EUW"", ""IDN"", ""IND"", ""JPN"", ""LAM"", ""MDA"", ""MEA"", ""MEX"", ""NIG"", ""RUS"", ""SKT"", ""USA""]",Share of industrial GHG emissions,,,100.0,204.50892873301848,MtCO2e/yr,9850.863433215545,MtCO2e/yr,,,,,,,,,,,,,
baseline_noce,NDC+LTT,No CE,b,Global,Aluminium,Aluminium,2035,1.759266438984877,%,plotted,"[""Emissions|GHG|Industry|Non-Ferrous Metals|Aluminum"", ""Emissions|GHG|Industry""]",fig04_emissions,,,,,,"[""AFE"", ""AFN"", ""AFW"", ""AFZ"", ""ANZ"", ""ASC"", ""ASE"", ""ASO"", ""BRA"", ""CAN"", ""CHL"", ""CHN"", ""ENE"", ""ENW"", ""EUE"", ""EUM"", ""EUW"", ""IDN"", ""IND"", ""JPN"", ""LAM"", ""MDA"", ""MEA"", ""MEX"", ""NIG"", ""RUS"", ""SKT"", ""USA""]",Share of industrial GHG emissions,,,100.0,166.50441627348746,MtCO2e/yr,9464.422931273732,MtCO2e/yr,,,,,,,,,,,,,
baseline_noce,NDC+LTT,No CE,b,Global,Aluminium,Aluminium,2040,1.4500422354392972,%,plotted,"[""Emissions|GHG|Industry|Non-Ferrous Metals|Aluminum"", ""Emissions|GHG|Industry""]",fig04_emissions,,,,,,"[""AFE"", ""AFN"", ""AFW"", ""AFZ"", ""ANZ"", ""ASC"", ""ASE"", ""ASO"", ""BRA"", ""CAN"", ""CHL"", ""CHN"", ""ENE"", ""ENW"", ""EUE"", ""EUM"", ""EUW"", ""IDN"", ""IND"", ""JPN"", ""LAM"", ""MDA"", ""MEA"", ""MEX"", ""NIG"", ""RUS"", ""SKT"", ""USA""]",Share of industrial GHG emissions,,,100.0,126.30066044490461,MtCO2e/yr,8710.136667615148,MtCO2e/yr,,,,,,,,,,,,,
baseline_noce,NDC+LTT,No CE,b,Global,Aluminium,Aluminium,2050,1.1488411034643558,%,plotted,"[""Emissions|GHG|Industry|Non-Ferrous Metals|Aluminum"", ""Emissions|GHG|Industry""]",fig04_emissions,,,,,,"[""AFE"", ""AFN"", ""AFW"", ""AFZ"", ""ANZ"", ""ASC"", ""ASE"", ""ASO"", ""BRA"", ""CAN"", ""CHL"", ""CHN"", ""ENE"", ""ENW"", ""EUE"", ""EUM"", ""EUW"", ""IDN"", ""IND"", ""JPN"", ""LAM"", ""MDA"", ""MEA"", ""MEX"", ""NIG"", ""RUS"", ""SKT"", ""USA""]",Share of industrial GHG emissions,,,100.0,51.151960773940935,MtCO2e/yr,4452.483517493504,MtCO2e/yr,,,,,,,,,,,,,
baseline_noce,NDC+LTT,No CE,c,Global,Aluminium,Aluminium,2019,2.1859580832684005,tCO2e/t,plotted,"[""Emissions|GHG|Industry|Non-Ferrous Metals|Aluminum"", ""Production|Non-Ferrous Metals|Aluminum|Primary"", ""Production|Non-Ferrous Metals|Aluminum|Secondary""]",fig04_emissions,,,,,,"[""AFE"", ""AFN"", ""AFW"", ""AFZ"", ""ANZ"", ""ASC"", ""ASE"", ""ASO"", ""BRA"", ""CAN"", ""CHL"", ""CHN"", ""ENE"", ""ENW"", ""EUE"", ""EUM"", ""EUW"", ""IDN"", ""IND"", ""JPN"", ""LAM"", ""MDA"", ""MEA"", ""MEX"", ""NIG"", ""RUS"", ""SKT"", ""USA""]",Derived emissions intensity,,,1.0,206.57298142796364,MtCO2e/yr,94.49997372278058,Mt/yr,,,,,,,,,,,,,
baseline_noce,NDC+LTT,No CE,c,Global,Aluminium,Aluminium,2024,2.0492475066360236,tCO2e/t,plotted,"[""Emissions|GHG|Industry|Non-Ferrous Metals|Aluminum"", ""Production|Non-Ferrous Metals|Aluminum|Primary"", ""Production|Non-Ferrous Metals|Aluminum|Secondary""]",fig04_emissions,,,,,,"[""AFE"", ""AFN"", ""AFW"", ""AFZ"", ""ANZ"", ""ASC"", ""ASE"", ""ASO"", ""BRA"", ""CAN"", ""CHL"", ""CHN"", ""ENE"", ""ENW"", ""EUE"", ""EUM"", ""EUW"", ""IDN"", ""IND"", ""JPN"", ""LAM"", ""MDA"", ""MEA"", ""MEX"", ""NIG"", ""RUS"", ""SKT"", ""USA""]",Derived emissions intensity,,,1.0,247.98624821972322,MtCO2e/yr,121.01332192264523,Mt/yr,,,,,,,,,,,,,
baseline_noce,NDC+LTT,No CE,c,Global,Aluminium,Aluminium,2030,1.6442509617089558,tCO2e/t,plotted,"[""Emissions|GHG|Industry|Non-Ferrous Metals|Aluminum"", ""Production|Non-Ferrous Metals|Aluminum|Primary"", ""Production|Non-Ferrous Metals|Aluminum|Secondary""]",fig04_emissions,,,,,,"[""AFE"", ""AFN"", ""AFW"", ""AFZ"", ""ANZ"", ""ASC"", ""ASE"", ""ASO"", ""BRA"", ""CAN"", ""CHL"", ""CHN"", ""ENE"", ""ENW"", ""EUE"", ""EUM"", ""EUW"", ""IDN"", ""IND"", ""JPN"", ""LAM"", ""MDA"", ""MEA"", ""MEX"", ""NIG"", ""RUS"", ""SKT"", ""USA""]",Derived emissions intensity,,,1.0,204.50892873301848,MtCO2e/yr,124.37817188226649,Mt/yr,,,,,,,,,,,,,
baseline_noce,NDC+LTT,No CE,c,Global,Aluminium,Aluminium,2035,1.3107767767256386,tCO2e/t,plotted,"[""Emissions|GHG|Industry|Non-Ferrous Metals|Aluminum"", ""Production|Non-Ferrous Metals|Aluminum|Primary"", ""Production|Non-Ferrous Metals|Aluminum|Secondary""]",fig04_emissions,,,,,,"[""AFE"", ""AFN"", ""AFW"", ""AFZ"", ""ANZ"", ""ASC"", ""ASE"", ""ASO"", ""BRA"", ""CAN"", ""CHL"", ""CHN"", ""ENE"", ""ENW"", ""EUE"", ""EUM"", ""EUW"", ""IDN"", ""IND"", ""JPN"", ""LAM"", ""MDA"", ""MEA"", ""MEX"", ""NIG"", ""RUS"", ""SKT"", ""USA""]",Derived emissions intensity,,,1.0,166.50441627348746,MtCO2e/yr,127.02728582773696,Mt/yr,,,,,,,,,,,,,
baseline_noce,NDC+LTT,No CE,c,Global,Aluminium,Aluminium,2040,0.9607446411395835,tCO2e/t,plotted,"[""Emissions|GHG|Industry|Non-Ferrous Metals|Aluminum"", ""Production|Non-Ferrous Metals|Aluminum|Primary"", ""Production|Non-Ferrous Metals|Aluminum|Secondary""]",fig04_emissions,,,,,,"[""AFE"", ""AFN"", ""AFW"", ""AFZ"", ""ANZ"", ""ASC"", ""ASE"", ""ASO"", ""BRA"", ""CAN"", ""CHL"", ""CHN"", ""ENE"", ""ENW"", ""EUE"", ""EUM"", ""EUW"", ""IDN"", ""IND"", ""JPN"", ""LAM"", ""MDA"", ""MEA"", ""MEX"", ""NIG"", ""RUS"", ""SKT"", ""USA""]",Derived emissions intensity,,,1.0,126.30066044490461,MtCO2e/yr,131.46121772284212,Mt/yr,,,,,,,,,,,,,
baseline_noce,NDC+LTT,No CE,c,Global,Aluminium,Aluminium,2050,0.38456047791217374,tCO2e/t,plotted,"[""Emissions|GHG|Industry|Non-Ferrous Metals|Aluminum"", ""Production|Non-Ferrous Metals|Aluminum|Primary"", ""Production|Non-Ferrous Metals|Aluminum|Secondary""]",fig04_emissions,,,,,,"[""AFE"", ""AFN"", ""AFW"", ""AFZ"", ""ANZ"", ""ASC"", ""ASE"", ""ASO"", ""BRA"", ""CAN"", ""CHL"", ""CHN"", ""ENE"", ""ENW"", ""EUE"", ""EUM"", ""EUW"", ""IDN"", ""IND"", ""JPN"", ""LAM"", ""MDA"", ""MEA"", ""MEX"", ""NIG"", ""RUS"", ""SKT"", ""USA""]",Derived emissions intensity,,,1.0,51.151960773940935,MtCO2e/yr,133.01408676120656,Mt/yr,,,,,,,,,,,,,
baseline_noce,NDC+LTT,No CE,d,Global,Aluminium,Aluminium,2019,0.0,MtCO2/yr,plotted,"[""Carbon Capture|Industry|Non-Ferrous Metals|Aluminum""]",fig04_emissions,,,,,,"[""AFE"", ""AFN"", ""AFW"", ""AFZ"", ""ANZ"", ""ASC"", ""ASE"", ""ASO"", ""BRA"", ""CAN"", ""CHL"", ""CHN"", ""ENE"", ""ENW"", ""EUE"", ""EUM"", ""EUW"", ""IDN"", ""IND"", ""JPN"", ""LAM"", ""MDA"", ""MEA"", ""MEX"", ""NIG"", ""RUS"", ""SKT"", ""USA""]",Carbon capture,,,1.0,0.0,MtCO2/yr,,,,,,,,,,,,,,,
baseline_noce,NDC+LTT,No CE,d,Global,Aluminium,Aluminium,2024,0.0,MtCO2/yr,plotted,"[""Carbon Capture|Industry|Non-Ferrous Metals|Aluminum""]",fig04_emissions,,,,,,"[""AFE"", ""AFN"", ""AFW"", ""AFZ"", ""ANZ"", ""ASC"", ""ASE"", ""ASO"", ""BRA"", ""CAN"", ""CHL"", ""CHN"", ""ENE"", ""ENW"", ""EUE"", ""EUM"", ""EUW"", ""IDN"", ""IND"", ""JPN"", ""LAM"", ""MDA"", ""MEA"", ""MEX"", ""NIG"", ""RUS"", ""SKT"", ""USA""]",Carbon capture,,,1.0,0.0,MtCO2/yr,,,,,,,,,,,,,,,
baseline_noce,NDC+LTT,No CE,d,Global,Aluminium,Aluminium,2030,0.0933544648818979,MtCO2/yr,plotted,"[""Carbon Capture|Industry|Non-Ferrous Metals|Aluminum""]",fig04_emissions,,,,,,"[""AFE"", ""AFN"", ""AFW"", ""AFZ"", ""ANZ"", ""ASC"", ""ASE"", ""ASO"", ""BRA"", ""CAN"", ""CHL"", ""CHN"", ""ENE"", ""ENW"", ""EUE"", ""EUM"", ""EUW"", ""IDN"", ""IND"", ""JPN"", ""LAM"", ""MDA"", ""MEA"", ""MEX"", ""NIG"", ""RUS"", ""SKT"", ""USA""]",Carbon capture,,,1.0,0.0933544648818979,MtCO2/yr,,,,,,,,,,,,,,,
baseline_noce,NDC+LTT,No CE,d,Global,Aluminium,Aluminium,2035,0.0933544658397913,MtCO2/yr,plotted,"[""Carbon Capture|Industry|Non-Ferrous Metals|Aluminum""]",fig04_emissions,,,,,,"[""AFE"", ""AFN"", ""AFW"", ""AFZ"", ""ANZ"", ""ASC"", ""ASE"", ""ASO"", ""BRA"", ""CAN"", ""CHL"", ""CHN"", ""ENE"", ""ENW"", ""EUE"", ""EUM"", ""EUW"", ""IDN"", ""IND"", ""JPN"", ""LAM"", ""MDA"", ""MEA"", ""MEX"", ""NIG"", ""RUS"", ""SKT"", ""USA""]",Carbon capture,,,1.0,0.0933544658397913,MtCO2/yr,,,,,,,,,,,,,,,
baseline_noce,NDC+LTT,No CE,d,Global,Aluminium,Aluminium,2040,0.0933544676169414,MtCO2/yr,plotted,"[""Carbon Capture|Industry|Non-Ferrous Metals|Aluminum""]",fig04_emissions,,,,,,"[""AFE"", ""AFN"", ""AFW"", ""AFZ"", ""ANZ"", ""ASC"", ""ASE"", ""ASO"", ""BRA"", ""CAN"", ""CHL"", ""CHN"", ""ENE"", ""ENW"", ""EUE"", ""EUM"", ""EUW"", ""IDN"", ""IND"", ""JPN"", ""LAM"", ""MDA"", ""MEA"", ""MEX"", ""NIG"", ""RUS"", ""SKT"", ""USA""]",Carbon capture,,,1.0,0.0933544676169414,MtCO2/yr,,,,,,,,,,,,,,,
baseline_noce,NDC+LTT,No CE,d,Global,Aluminium,Aluminium,2050,4.2872008007625296e-05,MtCO2/yr,plotted,"[""Carbon Capture|Industry|Non-Ferrous Metals|Aluminum""]",fig04_emissions,,,,,,"[""AFE"", ""AFN"", ""AFW"", ""AFZ"", ""ANZ"", ""ASC"", ""ASE"", ""ASO"", ""BRA"", ""CAN"", ""CHL"", ""CHN"", ""ENE"", ""ENW"", ""EUE"", ""EUM"", ""EUW"", ""IDN"", ""IND"", ""JPN"", ""LAM"", ""MDA"", ""MEA"", ""MEX"", ""NIG"", ""RUS"", ""SKT"", ""USA""]",Carbon capture,,,1.0,4.2872008007625296e-05,MtCO2/yr,,,,,,,,,,,,,,,
ndc_noce,NDC,No CE,a,Global,Cement,Cement,2019,4201.409299940433,Mt/yr,plotted,"[""Production|Non-Metallic Minerals|Cement""]",fig05_material_production,,,,,,"[""AFE"", ""AFN"", ""AFW"", ""AFZ"", ""ANZ"", ""ASC"", ""ASE"", ""ASO"", ""BRA"", ""CAN"", ""CHL"", ""CHN"", ""ENE"", ""ENW"", ""EUE"", ""EUM"", ""EUW"", ""IDN"", ""IND"", ""JPN"", ""LAM"", ""MDA"", ""MEA"", ""MEX"", ""NIG"", ""RUS"", ""SKT"", ""USA""]",Material production,,,1.0,4201.409299940433,Mt/yr,,,noce,0.0,historical,2019,0.0,,,,,,,,
ndc_noce,NDC,No CE,a,Global,Cement,Clinker,2019,3030.4398866528886,Mt/yr,plotted,"[""Production|Non-Metallic Minerals|Cement Clinker""]",fig05_material_production,,,,,,"[""AFE"", ""AFN"", ""AFW"", ""AFZ"", ""ANZ"", ""ASC"", ""ASE"", ""ASO"", ""BRA"", ""CAN"", ""CHL"", ""CHN"", ""ENE"", ""ENW"", ""EUE"", ""EUM"", ""EUW"", ""IDN"", ""IND"", ""JPN"", ""LAM"", ""MDA"", ""MEA"", ""MEX"", ""NIG"", ""RUS"", ""SKT"", ""USA""]",Material production,,,1.0,3030.4398866528886,Mt/yr,,,noce,0.0,historical,2019,0.0,,,,,,,,
ndc_noce,NDC,No CE,a,Global,Cement,Cement,2050,3660.1359678777544,Mt/yr,plotted,"[""Production|Non-Metallic Minerals|Cement""]",fig05_material_production,,,,,,"[""AFE"", ""AFN"", ""AFW"", ""AFZ"", ""ANZ"", ""ASC"", ""ASE"", ""ASO"", ""BRA"", ""CAN"", ""CHL"", ""CHN"", ""ENE"", ""ENW"", ""EUE"", ""EUM"", ""EUW"", ""IDN"", ""IND"", ""JPN"", ""LAM"", ""MDA"", ""MEA"", ""MEX"", ""NIG"", ""RUS"", ""SKT"", ""USA""]",Material production,,,1.0,3660.1359678777544,Mt/yr,,,noce,1.0,future,No CE,0.0,,,,,,,,
ndc_noce,NDC,No CE,a,Global,Cement,Clinker,2050,2599.115854230405,Mt/yr,plotted,"[""Production|Non-Metallic Minerals|Cement Clinker""]",fig05_material_production,,,,,,"[""AFE"", ""AFN"", ""AFW"", ""AFZ"", ""ANZ"", ""ASC"", ""ASE"", ""ASO"", ""BRA"", ""CAN"", ""CHL"", ""CHN"", ""ENE"", ""ENW"", ""EUE"", ""EUM"", ""EUW"", ""IDN"", ""IND"", ""JPN"", ""LAM"", ""MDA"", ""MEA"", ""MEX"", ""NIG"", ""RUS"", ""SKT"", ""USA""]",Material production,,,1.0,2599.115854230405,Mt/yr,,,noce,1.0,future,No CE,0.0,,,,,,,,
ndc_noce,NDC,No CE,a,Global,Cement,Cement,2050,0.0,%,context,"[""Production|Non-Metallic Minerals|Cement""]",fig05_material_production,,,,,,"[""AFE"", ""AFN"", ""AFW"", ""AFZ"", ""ANZ"", ""ASC"", ""ASE"", ""ASO"", ""BRA"", ""CAN"", ""CHL"", ""CHN"", ""ENE"", ""ENW"", ""EUE"", ""EUM"", ""EUW"", ""IDN"", ""IND"", ""JPN"", ""LAM"", ""MDA"", ""MEA"", ""MEX"", ""NIG"", ""RUS"", ""SKT"", ""USA""]",Production change from no CE,,,100.0,3660.1359678777544,Mt/yr,3660.1359678777544,Mt/yr,noce,1.0,future,No CE,-100.0,ndc_noce,2050.0,,,,,,
ndc_medce_eu,NDC,"Medium CE, EU",a,Global,Cement,Cement,2050,3706.9550860847326,Mt/yr,plotted,"[""Production|Non-Metallic Minerals|Cement""]",fig05_material_production,,,,,,"[""AFE"", ""AFN"", ""AFW"", ""AFZ"", ""ANZ"", ""ASC"", ""ASE"", ""ASO"", ""BRA"", ""CAN"", ""CHL"", ""CHN"", ""ENE"", ""ENW"", ""EUE"", ""EUM"", ""EUW"", ""IDN"", ""IND"", ""JPN"", ""LAM"", ""MDA"", ""MEA"", ""MEX"", ""NIG"", ""RUS"", ""SKT"", ""USA""]",Material production,,,1.0,3706.9550860847326,Mt/yr,,,medce_eu,2.0,future,M–EU,0.0,,,,,,,,
ndc_medce_eu,NDC,"Medium CE, EU",a,Global,Cement,Clinker,2050,2614.2037427659297,Mt/yr,plotted,"[""Production|Non-Metallic Minerals|Cement Clinker""]",fig05_material_production,,,,,,"[""AFE"", ""AFN"", ""AFW"", ""AFZ"", ""ANZ"", ""ASC"", ""ASE"", ""ASO"", ""BRA"", ""CAN"", ""CHL"", ""CHN"", ""ENE"", ""ENW"", ""EUE"", ""EUM"", ""EUW"", ""IDN"", ""IND"", ""JPN"", ""LAM"", ""MDA"", ""MEA"", ""MEX"", ""NIG"", ""RUS"", ""SKT"", ""USA""]",Material production,,,1.0,2614.2037427659297,Mt/yr,,,medce_eu,2.0,future,M–EU,0.0,,,,,,,,
ndc_medce_eu,NDC,"Medium CE, EU",a,Global,Cement,Cement,2050,1.2791633594454908,%,context,"[""Production|Non-Metallic Minerals|Cement""]",fig05_material_production,,,,,,"[""AFE"", ""AFN"", ""AFW"", ""AFZ"", ""ANZ"", ""ASC"", ""ASE"", ""ASO"", ""BRA"", ""CAN"", ""CHL"", ""CHN"", ""ENE"", ""ENW"", ""EUE"", ""EUM"", ""EUW"", ""IDN"", ""IND"", ""JPN"", ""LAM"", ""MDA"", ""MEA"", ""MEX"", ""NIG"", ""RUS"", ""SKT"", ""USA""]",Production change from no CE,,,100.0,3706.9550860847326,Mt/yr,3660.1359678777544,Mt/yr,medce_eu,2.0,future,M–EU,-100.0,ndc_noce,2050.0,,,,,,
ndc_highce_eu,NDC,"High CE, EU",a,Global,Cement,Cement,2050,3697.140846761054,Mt/yr,plotted,"[""Production|Non-Metallic Minerals|Cement""]",fig05_material_production,,,,,,"[""AFE"", ""AFN"", ""AFW"", ""AFZ"", ""ANZ"", ""ASC"", ""ASE"", ""ASO"", ""BRA"", ""CAN"", ""CHL"", ""CHN"", ""ENE"", ""ENW"", ""EUE"", ""EUM"", ""EUW"", ""IDN"", ""IND"", ""JPN"", ""LAM"", ""MDA"", ""MEA"", ""MEX"", ""NIG"", ""RUS"", ""SKT"", ""USA""]",Material production,,,1.0,3697.140846761054,Mt/yr,,,highce_eu,3.0,future,H–EU,0.0,,,,,,,,
ndc_highce_eu,NDC,"High CE, EU",a,Global,Cement,Clinker,2050,2602.593120116822,Mt/yr,plotted,"[""Production|Non-Metallic Minerals|Cement Clinker""]",fig05_material_production,,,,,,"[""AFE"", ""AFN"", ""AFW"", ""AFZ"", ""ANZ"", ""ASC"", ""ASE"", ""ASO"", ""BRA"", ""CAN"", ""CHL"", ""CHN"", ""ENE"", ""ENW"", ""EUE"", ""EUM"", ""EUW"", ""IDN"", ""IND"", ""JPN"", ""LAM"", ""MDA"", ""MEA"", ""MEX"", ""NIG"", ""RUS"", ""SKT"", ""USA""]",Material production,,,1.0,2602.593120116822,Mt/yr,,,highce_eu,3.0,future,H–EU,0.0,,,,,,,,
ndc_highce_eu,NDC,"High CE, EU",a,Global,Cement,Cement,2050,1.0110247053132326,%,context,"[""Production|Non-Metallic Minerals|Cement""]",fig05_material_production,,,,,,"[""AFE"", ""AFN"", ""AFW"", ""AFZ"", ""ANZ"", ""ASC"", ""ASE"", ""ASO"", ""BRA"", ""CAN"", ""CHL"", ""CHN"", ""ENE"", ""ENW"", ""EUE"", ""EUM"", ""EUW"", ""IDN"", ""IND"", ""JPN"", ""LAM"", ""MDA"", ""MEA"", ""MEX"", ""NIG"", ""RUS"", ""SKT"", ""USA""]",Production change from no CE,,,100.0,3697.140846761054,Mt/yr,3660.1359678777544,Mt/yr,highce_eu,3.0,future,H–EU,-100.0,ndc_noce,2050.0,,,,,,
ndc_medce_gbl,NDC,"Medium CE, EU + partners",a,Global,Cement,Cement,2050,3454.3952065510375,Mt/yr,plotted,"[""Production|Non-Metallic Minerals|Cement""]",fig05_material_production,,,,,,"[""AFE"", ""AFN"", ""AFW"", ""AFZ"", ""ANZ"", ""ASC"", ""ASE"", ""ASO"", ""BRA"", ""CAN"", ""CHL"", ""CHN"", ""ENE"", ""ENW"", ""EUE"", ""EUM"", ""EUW"", ""IDN"", ""IND"", ""JPN"", ""LAM"", ""MDA"", ""MEA"", ""MEX"", ""NIG"", ""RUS"", ""SKT"", ""USA""]",Material production,,,1.0,3454.3952065510375,Mt/yr,,,medce_gbl,4.0,future,M–EU+,0.0,,,,,,,,
ndc_medce_gbl,NDC,"Medium CE, EU + partners",a,Global,Cement,Clinker,2050,2262.8831666741103,Mt/yr,plotted,"[""Production|Non-Metallic Minerals|Cement Clinker""]",fig05_material_production,,,,,,"[""AFE"", ""AFN"", ""AFW"", ""AFZ"", ""ANZ"", ""ASC"", ""ASE"", ""ASO"", ""BRA"", ""CAN"", ""CHL"", ""CHN"", ""ENE"", ""ENW"", ""EUE"", ""EUM"", ""EUW"", ""IDN"", ""IND"", ""JPN"", ""LAM"", ""MDA"", ""MEA"", ""MEX"", ""NIG"", ""RUS"", ""SKT"", ""USA""]",Material production,,,1.0,2262.8831666741103,Mt/yr,,,medce_gbl,4.0,future,M–EU+,0.0,,,,,,,,
ndc_medce_gbl,NDC,"Medium CE, EU + partners",a,Global,Cement,Cement,2050,-5.621123453673533,%,context,"[""Production|Non-Metallic Minerals|Cement""]",fig05_material_production,,,,,,"[""AFE"", ""AFN"", ""AFW"", ""AFZ"", ""ANZ"", ""ASC"", ""ASE"", ""ASO"", ""BRA"", ""CAN"", ""CHL"", ""CHN"", ""ENE"", ""ENW"", ""EUE"", ""EUM"", ""EUW"", ""IDN"", ""IND"", ""JPN"", ""LAM"", ""MDA"", ""MEA"", ""MEX"", ""NIG"", ""RUS"", ""SKT"", ""USA""]",Production change from no CE,,,100.0,3454.3952065510375,Mt/yr,3660.1359678777544,Mt/yr,medce_gbl,4.0,future,M–EU+,-100.0,ndc_noce,2050.0,,,,,,
ndc_highce_gbl,NDC,"High CE, EU + partners",a,Global,Cement,Cement,2050,3193.0512624835833,Mt/yr,plotted,"[""Production|Non-Metallic Minerals|Cement""]",fig05_material_production,,,,,,"[""AFE"", ""AFN"", ""AFW"", ""AFZ"", ""ANZ"", ""ASC"", ""ASE"", ""ASO"", ""BRA"", ""CAN"", ""CHL"", ""CHN"", ""ENE"", ""ENW"", ""EUE"", ""EUM"", ""EUW"", ""IDN"", ""IND"", ""JPN"", ""LAM"", ""MDA"", ""MEA"", ""MEX"", ""NIG"", ""RUS"", ""SKT"", ""USA""]",Material production,,,1.0,3193.0512624835833,Mt/yr,,,highce_gbl,5.0,future,H–EU+,0.0,,,,,,,,
ndc_highce_gbl,NDC,"High CE, EU + partners",a,Global,Cement,Clinker,2050,2020.2384545608484,Mt/yr,plotted,"[""Production|Non-Metallic Minerals|Cement Clinker""]",fig05_material_production,,,,,,"[""AFE"", ""AFN"", ""AFW"", ""AFZ"", ""ANZ"", ""ASC"", ""ASE"", ""ASO"", ""BRA"", ""CAN"", ""CHL"", ""CHN"", ""ENE"", ""ENW"", ""EUE"", ""EUM"", ""EUW"", ""IDN"", ""IND"", ""JPN"", ""LAM"", ""MDA"", ""MEA"", ""MEX"", ""NIG"", ""RUS"", ""SKT"", ""USA""]",Material production,,,1.0,2020.2384545608484,Mt/yr,,,highce_gbl,5.0,future,H–EU+,0.0,,,,,,,,
ndc_highce_gbl,NDC,"High CE, EU + partners",a,Global,Cement,Cement,2050,-12.761403114349307,%,context,"[""Production|Non-Metallic Minerals|Cement""]",fig05_material_production,,,,,,"[""AFE"", ""AFN"", ""AFW"", ""AFZ"", ""ANZ"", ""ASC"", ""ASE"", ""ASO"", ""BRA"", ""CAN"", ""CHL"", ""CHN"", ""ENE"", ""ENW"", ""EUE"", ""EUM"", ""EUW"", ""IDN"", ""IND"", ""JPN"", ""LAM"", ""MDA"", ""MEA"", ""MEX"", ""NIG"", ""RUS"", ""SKT"", ""USA""]",Production change from no CE,,,100.0,3193.0512624835833,Mt/yr,3660.1359678777544,Mt/yr,highce_gbl,5.0,future,H–EU+,-100.0,ndc_noce,2050.0,,,,,,
ndc_noce,NDC,No CE,b,Global,Iron and steel,Total,2019,1754.711551232852,Mt/yr,context,"[""Production|Iron and Steel|Primary"", ""Production|Iron and Steel|Secondary""]",fig05_material_production,,,,,,"[""AFE"", ""AFN"", ""AFW"", ""AFZ"", ""ANZ"", ""ASC"", ""ASE"", ""ASO"", ""BRA"", ""CAN"", ""CHL"", ""CHN"", ""ENE"", ""ENW"", ""EUE"", ""EUM"", ""EUW"", ""IDN"", ""IND"", ""JPN"", ""LAM"", ""MDA"", ""MEA"", ""MEX"", ""NIG"", ""RUS"", ""SKT"", ""USA""]",Material production,,,1.0,1754.711551232852,Mt/yr,,,noce,0.0,historical,2019,0.0,,,,,,,,
ndc_noce,NDC,No CE,b,Global,Iron and steel,Primary,2019,1409.4021422034127,Mt/yr,plotted,"[""Production|Iron and Steel|Primary""]",fig05_material_production,,,,,,"[""AFE"", ""AFN"", ""AFW"", ""AFZ"", ""ANZ"", ""ASC"", ""ASE"", ""ASO"", ""BRA"", ""CAN"", ""CHL"", ""CHN"", ""ENE"", ""ENW"", ""EUE"", ""EUM"", ""EUW"", ""IDN"", ""IND"", ""JPN"", ""LAM"", ""MDA"", ""MEA"", ""MEX"", ""NIG"", ""RUS"", ""SKT"", ""USA""]",Material production,,,1.0,1409.4021422034127,Mt/yr,,,noce,0.0,historical,2019,0.0,,,,,,,,
ndc_noce,NDC,No CE,b,Global,Iron and steel,Secondary,2019,345.30940902943917,Mt/yr,plotted,"[""Production|Iron and Steel|Secondary""]",fig05_material_production,,,,,,"[""AFE"", ""AFN"", ""AFW"", ""AFZ"", ""ANZ"", ""ASC"", ""ASE"", ""ASO"", ""BRA"", ""CAN"", ""CHL"", ""CHN"", ""ENE"", ""ENW"", ""EUE"", ""EUM"", ""EUW"", ""IDN"", ""IND"", ""JPN"", ""LAM"", ""MDA"", ""MEA"", ""MEX"", ""NIG"", ""RUS"", ""SKT"", ""USA""]",Material production,,,1.0,345.30940902943917,Mt/yr,,,noce,0.0,historical,2019,0.0,,,,,,,,
ndc_noce,NDC,No CE,b,Global,Iron and steel,Secondary,2019,19.678984206083697,%,context,"[""Production|Iron and Steel|Primary"", ""Production|Iron and Steel|Secondary""]",fig05_material_production,,,,,,"[""AFE"", ""AFN"", ""AFW"", ""AFZ"", ""ANZ"", ""ASC"", ""ASE"", ""ASO"", ""BRA"", ""CAN"", ""CHL"", ""CHN"", ""ENE"", ""ENW"", ""EUE"", ""EUM"", ""EUW"", ""IDN"", ""IND"", ""JPN"", ""LAM"", ""MDA"", ""MEA"", ""MEX"", ""NIG"", ""RUS"", ""SKT"", ""USA""]",Secondary production share,,,100.0,345.30940902943917,Mt/yr,1754.711551232852,Mt/yr,noce,0.0,historical,2019,0.0,ndc_noce,2019.0,,,,,,
ndc_noce,NDC,No CE,b,Global,Iron and steel,Total,2050,2186.9297730849707,Mt/yr,context,"[""Production|Iron and Steel|Primary"", ""Production|Iron and Steel|Secondary""]",fig05_material_production,,,,,,"[""AFE"", ""AFN"", ""AFW"", ""AFZ"", ""ANZ"", ""ASC"", ""ASE"", ""ASO"", ""BRA"", ""CAN"", ""CHL"", ""CHN"", ""ENE"", ""ENW"", ""EUE"", ""EUM"", ""EUW"", ""IDN"", ""IND"", ""JPN"", ""LAM"", ""MDA"", ""MEA"", ""MEX"", ""NIG"", ""RUS"", ""SKT"", ""USA""]",Material production,,,1.0,2186.9297730849707,Mt/yr,,,noce,1.0,future,No CE,0.0,,,,,,,,
ndc_noce,NDC,No CE,b,Global,Iron and steel,Primary,2050,1399.6350714434163,Mt/yr,plotted,"[""Production|Iron and Steel|Primary""]",fig05_material_production,,,,,,"[""AFE"", ""AFN"", ""AFW"", ""AFZ"", ""ANZ"", ""ASC"", ""ASE"", ""ASO"", ""BRA"", ""CAN"", ""CHL"", ""CHN"", ""ENE"", ""ENW"", ""EUE"", ""EUM"", ""EUW"", ""IDN"", ""IND"", ""JPN"", ""LAM"", ""MDA"", ""MEA"", ""MEX"", ""NIG"", ""RUS"", ""SKT"", ""USA""]",Material production,,,1.0,1399.6350714434163,Mt/yr,,,noce,1.0,future,No CE,0.0,,,,,,,,
ndc_noce,NDC,No CE,b,Global,Iron and steel,Secondary,2050,787.2947016415544,Mt/yr,plotted,"[""Production|Iron and Steel|Secondary""]",fig05_material_production,,,,,,"[""AFE"", ""AFN"", ""AFW"", ""AFZ"", ""ANZ"", ""ASC"", ""ASE"", ""ASO"", ""BRA"", ""CAN"", ""CHL"", ""CHN"", ""ENE"", ""ENW"", ""EUE"", ""EUM"", ""EUW"", ""IDN"", ""IND"", ""JPN"", ""LAM"", ""MDA"", ""MEA"", ""MEX"", ""NIG"", ""RUS"", ""SKT"", ""USA""]",Material production,,,1.0,787.2947016415544,Mt/yr,,,noce,1.0,future,No CE,0.0,,,,,,,,
ndc_noce,NDC,No CE,b,Global,Iron and steel,Secondary,2050,35.99999923778828,%,context,"[""Production|Iron and Steel|Primary"", ""Production|Iron and Steel|Secondary""]",fig05_material_production,,,,,,"[""AFE"", ""AFN"", ""AFW"", ""AFZ"", ""ANZ"", ""ASC"", ""ASE"", ""ASO"", ""BRA"", ""CAN"", ""CHL"", ""CHN"", ""ENE"", ""ENW"", ""EUE"", ""EUM"", ""EUW"", ""IDN"", ""IND"", ""JPN"", ""LAM"", ""MDA"", ""MEA"", ""MEX"", ""NIG"", ""RUS"", ""SKT"", ""USA""]",Secondary production share,,,100.0,787.2947016415544,Mt/yr,2186.9297730849707,Mt/yr,noce,1.0,future,No CE,0.0,ndc_noce,2050.0,,,,,,
ndc_noce,NDC,No CE,b,Global,Iron and steel,Total,2050,0.0,%,context,"[""Production|Iron and Steel|Primary"", ""Production|Iron and Steel|Secondary""]",fig05_material_production,,,,,,"[""AFE"", ""AFN"", ""AFW"", ""AFZ"", ""ANZ"", ""ASC"", ""ASE"", ""ASO"", ""BRA"", ""CAN"", ""CHL"", ""CHN"", ""ENE"", ""ENW"", ""EUE"", ""EUM"", ""EUW"", ""IDN"", ""IND"", ""JPN"", ""LAM"", ""MDA"", ""MEA"", ""MEX"", ""NIG"", ""RUS"", ""SKT"", ""USA""]",Production change from no CE,,,100.0,2186.9297730849707,Mt/yr,2186.9297730849707,Mt/yr,noce,1.0,future,No CE,-100.0,ndc_noce,2050.0,,,,,,
ndc_medce_eu,NDC,"Medium CE, EU",b,Global,Iron and steel,Total,2050,2114.463665684109,Mt/yr,context,"[""Production|Iron and Steel|Primary"", ""Production|Iron and Steel|Secondary""]",fig05_material_production,,,,,,"[""AFE"", ""AFN"", ""AFW"", ""AFZ"", ""ANZ"", ""ASC"", ""ASE"", ""ASO"", ""BRA"", ""CAN"", ""CHL"", ""CHN"", ""ENE"", ""ENW"", ""EUE"", ""EUM"", ""EUW"", ""IDN"", ""IND"", ""JPN"", ""LAM"", ""MDA"", ""MEA"", ""MEX"", ""NIG"", ""RUS"", ""SKT"", ""USA""]",Material production,,,1.0,2114.463665684109,Mt/yr,,,medce_eu,2.0,future,M–EU,0.0,,,,,,,,
ndc_medce_eu,NDC,"Medium CE, EU",b,Global,Iron and steel,Primary,2050,1301.2916397311685,Mt/yr,plotted,"[""Production|Iron and Steel|Primary""]",fig05_material_production,,,,,,"[""AFE"", ""AFN"", ""AFW"", ""AFZ"", ""ANZ"", ""ASC"", ""ASE"", ""ASO"", ""BRA"", ""CAN"", ""CHL"", ""CHN"", ""ENE"", ""ENW"", ""EUE"", ""EUM"", ""EUW"", ""IDN"", ""IND"", ""JPN"", ""LAM"", ""MDA"", ""MEA"", ""MEX"", ""NIG"", ""RUS"", ""SKT"", ""USA""]",Material production,,,1.0,1301.2916397311685,Mt/yr,,,medce_eu,2.0,future,M–EU,0.0,,,,,,,,
ndc_medce_eu,NDC,"Medium CE, EU",b,Global,Iron and steel,Secondary,2050,813.1720259529405,Mt/yr,plotted,"[""Production|Iron and Steel|Secondary""]",fig05_material_production,,,,,,"[""AFE"", ""AFN"", ""AFW"", ""AFZ"", ""ANZ"", ""ASC"", ""ASE"", ""ASO"", ""BRA"", ""CAN"", ""CHL"", ""CHN"", ""ENE"", ""ENW"", ""EUE"", ""EUM"", ""EUW"", ""IDN"", ""IND"", ""JPN"", ""LAM"", ""MDA"", ""MEA"", ""MEX"", ""NIG"", ""RUS"", ""SKT"", ""USA""]",Material production,,,1.0,813.1720259529405,Mt/yr,,,medce_eu,2.0,future,M–EU,0.0,,,,,,,,
ndc_medce_eu,NDC,"Medium CE, EU",b,Global,Iron and steel,Secondary,2050,38.45760223502581,%,context,"[""Production|Iron and Steel|Primary"", ""Production|Iron and Steel|Secondary""]",fig05_material_production,,,,,,"[""AFE"", ""AFN"", ""AFW"", ""AFZ"", ""ANZ"", ""ASC"", ""ASE"", ""ASO"", ""BRA"", ""CAN"", ""CHL"", ""CHN"", ""ENE"", ""ENW"", ""EUE"", ""EUM"", ""EUW"", ""IDN"", ""IND"", ""JPN"", ""LAM"", ""MDA"", ""MEA"", ""MEX"", ""NIG"", ""RUS"", ""SKT"", ""USA""]",Secondary production share,,,100.0,813.1720259529405,Mt/yr,2114.463665684109,Mt/yr,medce_eu,2.0,future,M–EU,0.0,ndc_medce_eu,2050.0,,,,,,
ndc_medce_eu,NDC,"Medium CE, EU",b,Global,Iron and steel,Total,2050,-3.3136001115682063,%,context,"[""Production|Iron and Steel|Primary"", ""Production|Iron and Steel|Secondary""]",fig05_material_production,,,,,,"[""AFE"", ""AFN"", ""AFW"", ""AFZ"", ""ANZ"", ""ASC"", ""ASE"", ""ASO"", ""BRA"", ""CAN"", ""CHL"", ""CHN"", ""ENE"", ""ENW"", ""EUE"", ""EUM"", ""EUW"", ""IDN"", ""IND"", ""JPN"", ""LAM"", ""MDA"", ""MEA"", ""MEX"", ""NIG"", ""RUS"", ""SKT"", ""USA""]",Production change from no CE,,,100.0,2114.463665684109,Mt/yr,2186.9297730849707,Mt/yr,medce_eu,2.0,future,M–EU,-100.0,ndc_noce,2050.0,,,,,,
ndc_highce_eu,NDC,"High CE, EU",b,Global,Iron and steel,Total,2050,2114.4549471126898,Mt/yr,context,"[""Production|Iron and Steel|Primary"", ""Production|Iron and Steel|Secondary""]",fig05_material_production,,,,,,"[""AFE"", ""AFN"", ""AFW"", ""AFZ"", ""ANZ"", ""ASC"", ""ASE"", ""ASO"", ""BRA"", ""CAN"", ""CHL"", ""CHN"", ""ENE"", ""ENW"", ""EUE"", ""EUM"", ""EUW"", ""IDN"", ""IND"", ""JPN"", ""LAM"", ""MDA"", ""MEA"", ""MEX"", ""NIG"", ""RUS"", ""SKT"", ""USA""]",Material production,,,1.0,2114.4549471126898,Mt/yr,,,highce_eu,3.0,future,H–EU,0.0,,,,,,,,
ndc_highce_eu,NDC,"High CE, EU",b,Global,Iron and steel,Primary,2050,1301.2509434496478,Mt/yr,plotted,"[""Production|Iron and Steel|Primary""]",fig05_material_production,,,,,,"[""AFE"", ""AFN"", ""AFW"", ""AFZ"", ""ANZ"", ""ASC"", ""ASE"", ""ASO"", ""BRA"", ""CAN"", ""CHL"", ""CHN"", ""ENE"", ""ENW"", ""EUE"", ""EUM"", ""EUW"", ""IDN"", ""IND"", ""JPN"", ""LAM"", ""MDA"", ""MEA"", ""MEX"", ""NIG"", ""RUS"", ""SKT"", ""USA""]",Material production,,,1.0,1301.2509434496478,Mt/yr,,,highce_eu,3.0,future,H–EU,0.0,,,,,,,,
ndc_highce_eu,NDC,"High CE, EU",b,Global,Iron and steel,Secondary,2050,813.2040036630418,Mt/yr,plotted,"[""Production|Iron and Steel|Secondary""]",fig05_material_production,,,,,,"[""AFE"", ""AFN"", ""AFW"", ""AFZ"", ""ANZ"", ""ASC"", ""ASE"", ""ASO"", ""BRA"", ""CAN"", ""CHL"", ""CHN"", ""ENE"", ""ENW"", ""EUE"", ""EUM"", ""EUW"", ""IDN"", ""IND"", ""JPN"", ""LAM"", ""MDA"", ""MEA"", ""MEX"", ""NIG"", ""RUS"", ""SKT"", ""USA""]",Material production,,,1.0,813.2040036630418,Mt/yr,,,highce_eu,3.0,future,H–EU,0.0,,,,,,,,
ndc_highce_eu,NDC,"High CE, EU",b,Global,Iron and steel,Secondary,2050,38.459273146182674,%,context,"[""Production|Iron and Steel|Primary"", ""Production|Iron and Steel|Secondary""]",fig05_material_production,,,,,,"[""AFE"", ""AFN"", ""AFW"", ""AFZ"", ""ANZ"", ""ASC"", ""ASE"", ""ASO"", ""BRA"", ""CAN"", ""CHL"", ""CHN"", ""ENE"", ""ENW"", ""EUE"", ""EUM"", ""EUW"", ""IDN"", ""IND"", ""JPN"", ""LAM"", ""MDA"", ""MEA"", ""MEX"", ""NIG"", ""RUS"", ""SKT"", ""USA""]",Secondary production share,,,100.0,813.2040036630418,Mt/yr,2114.4549471126898,Mt/yr,highce_eu,3.0,future,H–EU,0.0,ndc_highce_eu,2050.0,,,,,,
ndc_highce_eu,NDC,"High CE, EU",b,Global,Iron and steel,Total,2050,-3.3139987787557033,%,context,"[""Production|Iron and Steel|Primary"", ""Production|Iron and Steel|Secondary""]",fig05_material_production,,,,,,"[""AFE"", ""AFN"", ""AFW"", ""AFZ"", ""ANZ"", ""ASC"", ""ASE"", ""ASO"", ""BRA"", ""CAN"", ""CHL"", ""CHN"", ""ENE"", ""ENW"", ""EUE"", ""EUM"", ""EUW"", ""IDN"", ""IND"", ""JPN"", ""LAM"", ""MDA"", ""MEA"", ""MEX"", ""NIG"", ""RUS"", ""SKT"", ""USA""]",Production change from no CE,,,100.0,2114.4549471126898,Mt/yr,2186.9297730849707,Mt/yr,highce_eu,3.0,future,H–EU,-100.0,ndc_noce,2050.0,,,,,,
ndc_medce_gbl,NDC,"Medium CE, EU + partners",b,Global,Iron and steel,Total,2050,1942.9274265868562,Mt/yr,context,"[""Production|Iron and Steel|Primary"", ""Production|Iron and Steel|Secondary""]",fig05_material_production,,,,,,"[""AFE"", ""AFN"", ""AFW"", ""AFZ"", ""ANZ"", ""ASC"", ""ASE"", ""ASO"", ""BRA"", ""CAN"", ""CHL"", ""CHN"", ""ENE"", ""ENW"", ""EUE"", ""EUM"", ""EUW"", ""IDN"", ""IND"", ""JPN"", ""LAM"", ""MDA"", ""MEA"", ""MEX"", ""NIG"", ""RUS"", ""SKT"", ""USA""]",Material production,,,1.0,1942.9274265868562,Mt/yr,,,medce_gbl,4.0,future,M–EU+,0.0,,,,,,,,
ndc_medce_gbl,NDC,"Medium CE, EU + partners",b,Global,Iron and steel,Primary,2050,891.4656868305725,Mt/yr,plotted,"[""Production|Iron and Steel|Primary""]",fig05_material_production,,,,,,"[""AFE"", ""AFN"", ""AFW"", ""AFZ"", ""ANZ"", ""ASC"", ""ASE"", ""ASO"", ""BRA"", ""CAN"", ""CHL"", ""CHN"", ""ENE"", ""ENW"", ""EUE"", ""EUM"", ""EUW"", ""IDN"", ""IND"", ""JPN"", ""LAM"", ""MDA"", ""MEA"", ""MEX"", ""NIG"", ""RUS"", ""SKT"", ""USA""]",Material production,,,1.0,891.4656868305725,Mt/yr,,,medce_gbl,4.0,future,M–EU+,0.0,,,,,,,,
ndc_medce_gbl,NDC,"Medium CE, EU + partners",b,Global,Iron and steel,Secondary,2050,1051.4617397562838,Mt/yr,plotted,"[""Production|Iron and Steel|Secondary""]",fig05_material_production,,,,,,"[""AFE"", ""AFN"", ""AFW"", ""AFZ"", ""ANZ"", ""ASC"", ""ASE"", ""ASO"", ""BRA"", ""CAN"", ""CHL"", ""CHN"", ""ENE"", ""ENW"", ""EUE"", ""EUM"", ""EUW"", ""IDN"", ""IND"", ""JPN"", ""LAM"", ""MDA"", ""MEA"", ""MEX"", ""NIG"", ""RUS"", ""SKT"", ""USA""]",Material production,,,1.0,1051.4617397562838,Mt/yr,,,medce_gbl,4.0,future,M–EU+,0.0,,,,,,,,
ndc_medce_gbl,NDC,"Medium CE, EU + partners",b,Global,Iron and steel,Secondary,2050,54.1173965310371,%,context,"[""Production|Iron and Steel|Primary"", ""Production|Iron and Steel|Secondary""]",fig05_material_production,,,,,,"[""AFE"", ""AFN"", ""AFW"", ""AFZ"", ""ANZ"", ""ASC"", ""ASE"", ""ASO"", ""BRA"", ""CAN"", ""CHL"", ""CHN"", ""ENE"", ""ENW"", ""EUE"", ""EUM"", ""EUW"", ""IDN"", ""IND"", ""JPN"", ""LAM"", ""MDA"", ""MEA"", ""MEX"", ""NIG"", ""RUS"", ""SKT"", ""USA""]",Secondary production share,,,100.0,1051.4617397562838,Mt/yr,1942.9274265868562,Mt/yr,medce_gbl,4.0,future,M–EU+,0.0,ndc_medce_gbl,2050.0,,,,,,
ndc_medce_gbl,NDC,"Medium CE, EU + partners",b,Global,Iron and steel,Total,2050,-11.157301414115139,%,context,"[""Production|Iron and Steel|Primary"", ""Production|Iron and Steel|Secondary""]",fig05_material_production,,,,,,"[""AFE"", ""AFN"", ""AFW"", ""AFZ"", ""ANZ"", ""ASC"", ""ASE"", ""ASO"", ""BRA"", ""CAN"", ""CHL"", ""CHN"", ""ENE"", ""ENW"", ""EUE"", ""EUM"", ""EUW"", ""IDN"", ""IND"", ""JPN"", ""LAM"", ""MDA"", ""MEA"", ""MEX"", ""NIG"", ""RUS"", ""SKT"", ""USA""]",Production change from no CE,,,100.0,1942.9274265868562,Mt/yr,2186.9297730849707,Mt/yr,medce_gbl,4.0,future,M–EU+,-100.0,ndc_noce,2050.0,,,,,,
ndc_highce_gbl,NDC,"High CE, EU + partners",b,Global,Iron and steel,Total,2050,1705.971019385982,Mt/yr,context,"[""Production|Iron and Steel|Primary"", ""Production|Iron and Steel|Secondary""]",fig05_material_production,,,,,,"[""AFE"", ""AFN"", ""AFW"", ""AFZ"", ""ANZ"", ""ASC"", ""ASE"", ""ASO"", ""BRA"", ""CAN"", ""CHL"", ""CHN"", ""ENE"", ""ENW"", ""EUE"", ""EUM"", ""EUW"", ""IDN"", ""IND"", ""JPN"", ""LAM"", ""MDA"", ""MEA"", ""MEX"", ""NIG"", ""RUS"", ""SKT"", ""USA""]",Material production,,,1.0,1705.971019385982,Mt/yr,,,highce_gbl,5.0,future,H–EU+,0.0,,,,,,,,
ndc_highce_gbl,NDC,"High CE, EU + partners",b,Global,Iron and steel,Primary,2050,633.3844488168842,Mt/yr,plotted,"[""Production|Iron and Steel|Primary""]",fig05_material_production,,,,,,"[""AFE"", ""AFN"", ""AFW"", ""AFZ"", ""ANZ"", ""ASC"", ""ASE"", ""ASO"", ""BRA"", ""CAN"", ""CHL"", ""CHN"", ""ENE"", ""ENW"", ""EUE"", ""EUM"", ""EUW"", ""IDN"", ""IND"", ""JPN"", ""LAM"", ""MDA"", ""MEA"", ""MEX"", ""NIG"", ""RUS"", ""SKT"", ""USA""]",Material production,,,1.0,633.3844488168842,Mt/yr,,,highce_gbl,5.0,future,H–EU+,0.0,,,,,,,,
ndc_highce_gbl,NDC,"High CE, EU + partners",b,Global,Iron and steel,Secondary,2050,1072.5865705690978,Mt/yr,plotted,"[""Production|Iron and Steel|Secondary""]",fig05_material_production,,,,,,"[""AFE"", ""AFN"", ""AFW"", ""AFZ"", ""ANZ"", ""ASC"", ""ASE"", ""ASO"", ""BRA"", ""CAN"", ""CHL"", ""CHN"", ""ENE"", ""ENW"", ""EUE"", ""EUM"", ""EUW"", ""IDN"", ""IND"", ""JPN"", ""LAM"", ""MDA"", ""MEA"", ""MEX"", ""NIG"", ""RUS"", ""SKT"", ""USA""]",Material production,,,1.0,1072.5865705690978,Mt/yr,,,highce_gbl,5.0,future,H–EU+,0.0,,,,,,,,
ndc_highce_gbl,NDC,"High CE, EU + partners",b,Global,Iron and steel,Secondary,2050,62.8724965653371,%,context,"[""Production|Iron and Steel|Primary"", ""Production|Iron and Steel|Secondary""]",fig05_material_production,,,,,,"[""AFE"", ""AFN"", ""AFW"", ""AFZ"", ""ANZ"", ""ASC"", ""ASE"", ""ASO"", ""BRA"", ""CAN"", ""CHL"", ""CHN"", ""ENE"", ""ENW"", ""EUE"", ""EUM"", ""EUW"", ""IDN"", ""IND"", ""JPN"", ""LAM"", ""MDA"", ""MEA"", ""MEX"", ""NIG"", ""RUS"", ""SKT"", ""USA""]",Secondary production share,,,100.0,1072.5865705690978,Mt/yr,1705.971019385982,Mt/yr,highce_gbl,5.0,future,H–EU+,0.0,ndc_highce_gbl,2050.0,,,,,,
ndc_highce_gbl,NDC,"High CE, EU + partners",b,Global,Iron and steel,Total,2050,-21.992418760687016,%,context,"[""Production|Iron and Steel|Primary"", ""Production|Iron and Steel|Secondary""]",fig05_material_production,,,,,,"[""AFE"", ""AFN"", ""AFW"", ""AFZ"", ""ANZ"", ""ASC"", ""ASE"", ""ASO"", ""BRA"", ""CAN"", ""CHL"", ""CHN"", ""ENE"", ""ENW"", ""EUE"", ""EUM"", ""EUW"", ""IDN"", ""IND"", ""JPN"", ""LAM"", ""MDA"", ""MEA"", ""MEX"", ""NIG"", ""RUS"", ""SKT"", ""USA""]",Production change from no CE,,,100.0,1705.971019385982,Mt/yr,2186.9297730849707,Mt/yr,highce_gbl,5.0,future,H–EU+,-100.0,ndc_noce,2050.0,,,,,,
ndc_noce,NDC,No CE,c,Global,Aluminium,Total,2019,94.49997372278058,Mt/yr,context,"[""Production|Non-Ferrous Metals|Aluminum|Primary"", ""Production|Non-Ferrous Metals|Aluminum|Secondary""]",fig05_material_production,,,,,,"[""AFE"", ""AFN"", ""AFW"", ""AFZ"", ""ANZ"", ""ASC"", ""ASE"", ""ASO"", ""BRA"", ""CAN"", ""CHL"", ""CHN"", ""ENE"", ""ENW"", ""EUE"", ""EUM"", ""EUW"", ""IDN"", ""IND"", ""JPN"", ""LAM"", ""MDA"", ""MEA"", ""MEX"", ""NIG"", ""RUS"", ""SKT"", ""USA""]",Material production,,,1.0,94.49997372278058,Mt/yr,,,noce,0.0,historical,2019,0.0,,,,,,,,
ndc_noce,NDC,No CE,c,Global,Aluminium,Primary,2019,62.749973727086626,Mt/yr,plotted,"[""Production|Non-Ferrous Metals|Aluminum|Primary""]",fig05_material_production,,,,,,"[""AFE"", ""AFN"", ""AFW"", ""AFZ"", ""ANZ"", ""ASC"", ""ASE"", ""ASO"", ""BRA"", ""CAN"", ""CHL"", ""CHN"", ""ENE"", ""ENW"", ""EUE"", ""EUM"", ""EUW"", ""IDN"", ""IND"", ""JPN"", ""LAM"", ""MDA"", ""MEA"", ""MEX"", ""NIG"", ""RUS"", ""SKT"", ""USA""]",Material production,,,1.0,62.749973727086626,Mt/yr,,,noce,0.0,historical,2019,0.0,,,,,,,,
ndc_noce,NDC,No CE,c,Global,Aluminium,Secondary,2019,31.74999999569395,Mt/yr,plotted,"[""Production|Non-Ferrous Metals|Aluminum|Secondary""]",fig05_material_production,,,,,,"[""AFE"", ""AFN"", ""AFW"", ""AFZ"", ""ANZ"", ""ASC"", ""ASE"", ""ASO"", ""BRA"", ""CAN"", ""CHL"", ""CHN"", ""ENE"", ""ENW"", ""EUE"", ""EUM"", ""EUW"", ""IDN"", ""IND"", ""JPN"", ""LAM"", ""MDA"", ""MEA"", ""MEX"", ""NIG"", ""RUS"", ""SKT"", ""USA""]",Material production,,,1.0,31.74999999569395,Mt/yr,,,noce,0.0,historical,2019,0.0,,,,,,,,
ndc_noce,NDC,No CE,c,Global,Aluminium,Secondary,2019,33.59789293575238,%,context,"[""Production|Non-Ferrous Metals|Aluminum|Primary"", ""Production|Non-Ferrous Metals|Aluminum|Secondary""]",fig05_material_production,,,,,,"[""AFE"", ""AFN"", ""AFW"", ""AFZ"", ""ANZ"", ""ASC"", ""ASE"", ""ASO"", ""BRA"", ""CAN"", ""CHL"", ""CHN"", ""ENE"", ""ENW"", ""EUE"", ""EUM"", ""EUW"", ""IDN"", ""IND"", ""JPN"", ""LAM"", ""MDA"", ""MEA"", ""MEX"", ""NIG"", ""RUS"", ""SKT"", ""USA""]",Secondary production share,,,100.0,31.74999999569395,Mt/yr,94.49997372278058,Mt/yr,noce,0.0,historical,2019,0.0,ndc_noce,2019.0,,,,,,
ndc_noce,NDC,No CE,c,Global,Aluminium,Total,2050,133.0141126535924,Mt/yr,context,"[""Production|Non-Ferrous Metals|Aluminum|Primary"", ""Production|Non-Ferrous Metals|Aluminum|Secondary""]",fig05_material_production,,,,,,"[""AFE"", ""AFN"", ""AFW"", ""AFZ"", ""ANZ"", ""ASC"", ""ASE"", ""ASO"", ""BRA"", ""CAN"", ""CHL"", ""CHN"", ""ENE"", ""ENW"", ""EUE"", ""EUM"", ""EUW"", ""IDN"", ""IND"", ""JPN"", ""LAM"", ""MDA"", ""MEA"", ""MEX"", ""NIG"", ""RUS"", ""SKT"", ""USA""]",Material production,,,1.0,133.0141126535924,Mt/yr,,,noce,1.0,future,No CE,0.0,,,,,,,,
ndc_noce,NDC,No CE,c,Global,Aluminium,Primary,2050,68.45860254240496,Mt/yr,plotted,"[""Production|Non-Ferrous Metals|Aluminum|Primary""]",fig05_material_production,,,,,,"[""AFE"", ""AFN"", ""AFW"", ""AFZ"", ""ANZ"", ""ASC"", ""ASE"", ""ASO"", ""BRA"", ""CAN"", ""CHL"", ""CHN"", ""ENE"", ""ENW"", ""EUE"", ""EUM"", ""EUW"", ""IDN"", ""IND"", ""JPN"", ""LAM"", ""MDA"", ""MEA"", ""MEX"", ""NIG"", ""RUS"", ""SKT"", ""USA""]",Material production,,,1.0,68.45860254240496,Mt/yr,,,noce,1.0,future,No CE,0.0,,,,,,,,
ndc_noce,NDC,No CE,c,Global,Aluminium,Secondary,2050,64.55551011118743,Mt/yr,plotted,"[""Production|Non-Ferrous Metals|Aluminum|Secondary""]",fig05_material_production,,,,,,"[""AFE"", ""AFN"", ""AFW"", ""AFZ"", ""ANZ"", ""ASC"", ""ASE"", ""ASO"", ""BRA"", ""CAN"", ""CHL"", ""CHN"", ""ENE"", ""ENW"", ""EUE"", ""EUM"", ""EUW"", ""IDN"", ""IND"", ""JPN"", ""LAM"", ""MDA"", ""MEA"", ""MEX"", ""NIG"", ""RUS"", ""SKT"", ""USA""]",Material production,,,1.0,64.55551011118743,Mt/yr,,,noce,1.0,future,No CE,0.0,,,,,,,,
ndc_noce,NDC,No CE,c,Global,Aluminium,Secondary,2050,48.532827700252255,%,context,"[""Production|Non-Ferrous Metals|Aluminum|Primary"", ""Production|Non-Ferrous Metals|Aluminum|Secondary""]",fig05_material_production,,,,,,"[""AFE"", ""AFN"", ""AFW"", ""AFZ"", ""ANZ"", ""ASC"", ""ASE"", ""ASO"", ""BRA"", ""CAN"", ""CHL"", ""CHN"", ""ENE"", ""ENW"", ""EUE"", ""EUM"", ""EUW"", ""IDN"", ""IND"", ""JPN"", ""LAM"", ""MDA"", ""MEA"", ""MEX"", ""NIG"", ""RUS"", ""SKT"", ""USA""]",Secondary production share,,,100.0,64.55551011118743,Mt/yr,133.0141126535924,Mt/yr,noce,1.0,future,No CE,0.0,ndc_noce,2050.0,,,,,,
ndc_noce,NDC,No CE,c,Global,Aluminium,Total,2050,0.0,%,context,"[""Production|Non-Ferrous Metals|Aluminum|Primary"", ""Production|Non-Ferrous Metals|Aluminum|Secondary""]",fig05_material_production,,,,,,"[""AFE"", ""AFN"", ""AFW"", ""AFZ"", ""ANZ"", ""ASC"", ""ASE"", ""ASO"", ""BRA"", ""CAN"", ""CHL"", ""CHN"", ""ENE"", ""ENW"", ""EUE"", ""EUM"", ""EUW"", ""IDN"", ""IND"", ""JPN"", ""LAM"", ""MDA"", ""MEA"", ""MEX"", ""NIG"", ""RUS"", ""SKT"", ""USA""]",Production change from no CE,,,100.0,133.0141126535924,Mt/yr,133.0141126535924,Mt/yr,noce,1.0,future,No CE,-100.0,ndc_noce,2050.0,,,,,,
ndc_medce_eu,NDC,"Medium CE, EU",c,Global,Aluminium,Total,2050,133.16021878154223,Mt/yr,context,"[""Production|Non-Ferrous Metals|Aluminum|Primary"", ""Production|Non-Ferrous Metals|Aluminum|Secondary""]",fig05_material_production,,,,,,"[""AFE"", ""AFN"", ""AFW"", ""AFZ"", ""ANZ"", ""ASC"", ""ASE"", ""ASO"", ""BRA"", ""CAN"", ""CHL"", ""CHN"", ""ENE"", ""ENW"", ""EUE"", ""EUM"", ""EUW"", ""IDN"", ""IND"", ""JPN"", ""LAM"", ""MDA"", ""MEA"", ""MEX"", ""NIG"", ""RUS"", ""SKT"", ""USA""]",Material production,,,1.0,133.16021878154223,Mt/yr,,,medce_eu,2.0,future,M–EU,0.0,,,,,,,,
ndc_medce_eu,NDC,"Medium CE, EU",c,Global,Aluminium,Primary,2050,67.6234230686868,Mt/yr,plotted,"[""Production|Non-Ferrous Metals|Aluminum|Primary""]",fig05_material_production,,,,,,"[""AFE"", ""AFN"", ""AFW"", ""AFZ"", ""ANZ"", ""ASC"", ""ASE"", ""ASO"", ""BRA"", ""CAN"", ""CHL"", ""CHN"", ""ENE"", ""ENW"", ""EUE"", ""EUM"", ""EUW"", ""IDN"", ""IND"", ""JPN"", ""LAM"", ""MDA"", ""MEA"", ""MEX"", ""NIG"", ""RUS"", ""SKT"", ""USA""]",Material production,,,1.0,67.6234230686868,Mt/yr,,,medce_eu,2.0,future,M–EU,0.0,,,,,,,,
ndc_medce_eu,NDC,"Medium CE, EU",c,Global,Aluminium,Secondary,2050,65.53679571285542,Mt/yr,plotted,"[""Production|Non-Ferrous Metals|Aluminum|Secondary""]",fig05_material_production,,,,,,"[""AFE"", ""AFN"", ""AFW"", ""AFZ"", ""ANZ"", ""ASC"", ""ASE"", ""ASO"", ""BRA"", ""CAN"", ""CHL"", ""CHN"", ""ENE"", ""ENW"", ""EUE"", ""EUM"", ""EUW"", ""IDN"", ""IND"", ""JPN"", ""LAM"", ""MDA"", ""MEA"", ""MEX"", ""NIG"", ""RUS"", ""SKT"", ""USA""]",Material production,,,1.0,65.53679571285542,Mt/yr,,,medce_eu,2.0,future,M–EU,0.0,,,,,,,,
ndc_medce_eu,NDC,"Medium CE, EU",c,Global,Aluminium,Secondary,2050,49.21649747389848,%,context,"[""Production|Non-Ferrous Metals|Aluminum|Primary"", ""Production|Non-Ferrous Metals|Aluminum|Secondary""]",fig05_material_production,,,,,,"[""AFE"", ""AFN"", ""AFW"", ""AFZ"", ""ANZ"", ""ASC"", ""ASE"", ""ASO"", ""BRA"", ""CAN"", ""CHL"", ""CHN"", ""ENE"", ""ENW"", ""EUE"", ""EUM"", ""EUW"", ""IDN"", ""IND"", ""JPN"", ""LAM"", ""MDA"", ""MEA"", ""MEX"", ""NIG"", ""RUS"", ""SKT"", ""USA""]",Secondary production share,,,100.0,65.53679571285542,Mt/yr,133.16021878154223,Mt/yr,medce_eu,2.0,future,M–EU,0.0,ndc_medce_eu,2050.0,,,,,,
ndc_medce_eu,NDC,"Medium CE, EU",c,Global,Aluminium,Total,2050,0.10984257612598469,%,context,"[""Production|Non-Ferrous Metals|Aluminum|Primary"", ""Production|Non-Ferrous Metals|Aluminum|Secondary""]",fig05_material_production,,,,,,"[""AFE"", ""AFN"", ""AFW"", ""AFZ"", ""ANZ"", ""ASC"", ""ASE"", ""ASO"", ""BRA"", ""CAN"", ""CHL"", ""CHN"", ""ENE"", ""ENW"", ""EUE"", ""EUM"", ""EUW"", ""IDN"", ""IND"", ""JPN"", ""LAM"", ""MDA"", ""MEA"", ""MEX"", ""NIG"", ""RUS"", ""SKT"", ""USA""]",Production change from no CE,,,100.0,133.16021878154223,Mt/yr,133.0141126535924,Mt/yr,medce_eu,2.0,future,M–EU,-100.0,ndc_noce,2050.0,,,,,,
ndc_highce_eu,NDC,"High CE, EU",c,Global,Aluminium,Total,2050,132.69750379991626,Mt/yr,context,"[""Production|Non-Ferrous Metals|Aluminum|Primary"", ""Production|Non-Ferrous Metals|Aluminum|Secondary""]",fig05_material_production,,,,,,"[""AFE"", ""AFN"", ""AFW"", ""AFZ"", ""ANZ"", ""ASC"", ""ASE"", ""ASO"", ""BRA"", ""CAN"", ""CHL"", ""CHN"", ""ENE"", ""ENW"", ""EUE"", ""EUM"", ""EUW"", ""IDN"", ""IND"", ""JPN"", ""LAM"", ""MDA"", ""MEA"", ""MEX"", ""NIG"", ""RUS"", ""SKT"", ""USA""]",Material production,,,1.0,132.69750379991626,Mt/yr,,,highce_eu,3.0,future,H–EU,0.0,,,,,,,,
ndc_highce_eu,NDC,"High CE, EU",c,Global,Aluminium,Primary,2050,66.3576466585965,Mt/yr,plotted,"[""Production|Non-Ferrous Metals|Aluminum|Primary""]",fig05_material_production,,,,,,"[""AFE"", ""AFN"", ""AFW"", ""AFZ"", ""ANZ"", ""ASC"", ""ASE"", ""ASO"", ""BRA"", ""CAN"", ""CHL"", ""CHN"", ""ENE"", ""ENW"", ""EUE"", ""EUM"", ""EUW"", ""IDN"", ""IND"", ""JPN"", ""LAM"", ""MDA"", ""MEA"", ""MEX"", ""NIG"", ""RUS"", ""SKT"", ""USA""]",Material production,,,1.0,66.3576466585965,Mt/yr,,,highce_eu,3.0,future,H–EU,0.0,,,,,,,,
ndc_highce_eu,NDC,"High CE, EU",c,Global,Aluminium,Secondary,2050,66.33985714131977,Mt/yr,plotted,"[""Production|Non-Ferrous Metals|Aluminum|Secondary""]",fig05_material_production,,,,,,"[""AFE"", ""AFN"", ""AFW"", ""AFZ"", ""ANZ"", ""ASC"", ""ASE"", ""ASO"", ""BRA"", ""CAN"", ""CHL"", ""CHN"", ""ENE"", ""ENW"", ""EUE"", ""EUM"", ""EUW"", ""IDN"", ""IND"", ""JPN"", ""LAM"", ""MDA"", ""MEA"", ""MEX"", ""NIG"", ""RUS"", ""SKT"", ""USA""]",Material production,,,1.0,66.33985714131977,Mt/yr,,,highce_eu,3.0,future,H–EU,0.0,,,,,,,,
ndc_highce_eu,NDC,"High CE, EU",c,Global,Aluminium,Secondary,2050,49.993296966119445,%,context,"[""Production|Non-Ferrous Metals|Aluminum|Primary"", ""Production|Non-Ferrous Metals|Aluminum|Secondary""]",fig05_material_production,,,,,,"[""AFE"", ""AFN"", ""AFW"", ""AFZ"", ""ANZ"", ""ASC"", ""ASE"", ""ASO"", ""BRA"", ""CAN"", ""CHL"", ""CHN"", ""ENE"", ""ENW"", ""EUE"", ""EUM"", ""EUW"", ""IDN"", ""IND"", ""JPN"", ""LAM"", ""MDA"", ""MEA"", ""MEX"", ""NIG"", ""RUS"", ""SKT"", ""USA""]",Secondary production share,,,100.0,66.33985714131977,Mt/yr,132.69750379991626,Mt/yr,highce_eu,3.0,future,H–EU,0.0,ndc_highce_eu,2050.0,,,,,,
ndc_highce_eu,NDC,"High CE, EU",c,Global,Aluminium,Total,2050,-0.2380265126458312,%,context,"[""Production|Non-Ferrous Metals|Aluminum|Primary"", ""Production|Non-Ferrous Metals|Aluminum|Secondary""]",fig05_material_production,,,,,,"[""AFE"", ""AFN"", ""AFW"", ""AFZ"", ""ANZ"", ""ASC"", ""ASE"", ""ASO"", ""BRA"", ""CAN"", ""CHL"", ""CHN"", ""ENE"", ""ENW"", ""EUE"", ""EUM"", ""EUW"", ""IDN"", ""IND"", ""JPN"", ""LAM"", ""MDA"", ""MEA"", ""MEX"", ""NIG"", ""RUS"", ""SKT"", ""USA""]",Production change from no CE,,,100.0,132.69750379991626,Mt/yr,133.0141126535924,Mt/yr,highce_eu,3.0,future,H–EU,-100.0,ndc_noce,2050.0,,,,,,
ndc_medce_gbl,NDC,"Medium CE, EU + partners",c,Global,Aluminium,Total,2050,122.99839574919056,Mt/yr,context,"[""Production|Non-Ferrous Metals|Aluminum|Primary"", ""Production|Non-Ferrous Metals|Aluminum|Secondary""]",fig05_material_production,,,,,,"[""AFE"", ""AFN"", ""AFW"", ""AFZ"", ""ANZ"", ""ASC"", ""ASE"", ""ASO"", ""BRA"", ""CAN"", ""CHL"", ""CHN"", ""ENE"", ""ENW"", ""EUE"", ""EUM"", ""EUW"", ""IDN"", ""IND"", ""JPN"", ""LAM"", ""MDA"", ""MEA"", ""MEX"", ""NIG"", ""RUS"", ""SKT"", ""USA""]",Material production,,,1.0,122.99839574919056,Mt/yr,,,medce_gbl,4.0,future,M–EU+,0.0,,,,,,,,
ndc_medce_gbl,NDC,"Medium CE, EU + partners",c,Global,Aluminium,Primary,2050,54.6845848484263,Mt/yr,plotted,"[""Production|Non-Ferrous Metals|Aluminum|Primary""]",fig05_material_production,,,,,,"[""AFE"", ""AFN"", ""AFW"", ""AFZ"", ""ANZ"", ""ASC"", ""ASE"", ""ASO"", ""BRA"", ""CAN"", ""CHL"", ""CHN"", ""ENE"", ""ENW"", ""EUE"", ""EUM"", ""EUW"", ""IDN"", ""IND"", ""JPN"", ""LAM"", ""MDA"", ""MEA"", ""MEX"", ""NIG"", ""RUS"", ""SKT"", ""USA""]",Material production,,,1.0,54.6845848484263,Mt/yr,,,medce_gbl,4.0,future,M–EU+,0.0,,,,,,,,
ndc_medce_gbl,NDC,"Medium CE, EU + partners",c,Global,Aluminium,Secondary,2050,68.31381090076427,Mt/yr,plotted,"[""Production|Non-Ferrous Metals|Aluminum|Secondary""]",fig05_material_production,,,,,,"[""AFE"", ""AFN"", ""AFW"", ""AFZ"", ""ANZ"", ""ASC"", ""ASE"", ""ASO"", ""BRA"", ""CAN"", ""CHL"", ""CHN"", ""ENE"", ""ENW"", ""EUE"", ""EUM"", ""EUW"", ""IDN"", ""IND"", ""JPN"", ""LAM"", ""MDA"", ""MEA"", ""MEX"", ""NIG"", ""RUS"", ""SKT"", ""USA""]",Material production,,,1.0,68.31381090076427,Mt/yr,,,medce_gbl,4.0,future,M–EU+,0.0,,,,,,,,
ndc_medce_gbl,NDC,"Medium CE, EU + partners",c,Global,Aluminium,Secondary,2050,55.54040805545533,%,context,"[""Production|Non-Ferrous Metals|Aluminum|Primary"", ""Production|Non-Ferrous Metals|Aluminum|Secondary""]",fig05_material_production,,,,,,"[""AFE"", ""AFN"", ""AFW"", ""AFZ"", ""ANZ"", ""ASC"", ""ASE"", ""ASO"", ""BRA"", ""CAN"", ""CHL"", ""CHN"", ""ENE"", ""ENW"", ""EUE"", ""EUM"", ""EUW"", ""IDN"", ""IND"", ""JPN"", ""LAM"", ""MDA"", ""MEA"", ""MEX"", ""NIG"", ""RUS"", ""SKT"", ""USA""]",Secondary production share,,,100.0,68.31381090076427,Mt/yr,122.99839574919056,Mt/yr,medce_gbl,4.0,future,M–EU+,0.0,ndc_medce_gbl,2050.0,,,,,,
ndc_medce_gbl,NDC,"Medium CE, EU + partners",c,Global,Aluminium,Total,2050,-7.529815223806878,%,context,"[""Production|Non-Ferrous Metals|Aluminum|Primary"", ""Production|Non-Ferrous Metals|Aluminum|Secondary""]",fig05_material_production,,,,,,"[""AFE"", ""AFN"", ""AFW"", ""AFZ"", ""ANZ"", ""ASC"", ""ASE"", ""ASO"", ""BRA"", ""CAN"", ""CHL"", ""CHN"", ""ENE"", ""ENW"", ""EUE"", ""EUM"", ""EUW"", ""IDN"", ""IND"", ""JPN"", ""LAM"", ""MDA"", ""MEA"", ""MEX"", ""NIG"", ""RUS"", ""SKT"", ""USA""]",Production change from no CE,,,100.0,122.99839574919056,Mt/yr,133.0141126535924,Mt/yr,medce_gbl,4.0,future,M–EU+,-100.0,ndc_noce,2050.0,,,,,,
ndc_highce_gbl,NDC,"High CE, EU + partners",c,Global,Aluminium,Total,2050,113.09071572122932,Mt/yr,context,"[""Production|Non-Ferrous Metals|Aluminum|Primary"", ""Production|Non-Ferrous Metals|Aluminum|Secondary""]",fig05_material_production,,,,,,"[""AFE"", ""AFN"", ""AFW"", ""AFZ"", ""ANZ"", ""ASC"", ""ASE"", ""ASO"", ""BRA"", ""CAN"", ""CHL"", ""CHN"", ""ENE"", ""ENW"", ""EUE"", ""EUM"", ""EUW"", ""IDN"", ""IND"", ""JPN"", ""LAM"", ""MDA"", ""MEA"", ""MEX"", ""NIG"", ""RUS"", ""SKT"", ""USA""]",Material production,,,1.0,113.09071572122932,Mt/yr,,,highce_gbl,5.0,future,H–EU+,0.0,,,,,,,,
ndc_highce_gbl,NDC,"High CE, EU + partners",c,Global,Aluminium,Primary,2050,40.908923828688266,Mt/yr,plotted,"[""Production|Non-Ferrous Metals|Aluminum|Primary""]",fig05_material_production,,,,,,"[""AFE"", ""AFN"", ""AFW"", ""AFZ"", ""ANZ"", ""ASC"", ""ASE"", ""ASO"", ""BRA"", ""CAN"", ""CHL"", ""CHN"", ""ENE"", ""ENW"", ""EUE"", ""EUM"", ""EUW"", ""IDN"", ""IND"", ""JPN"", ""LAM"", ""MDA"", ""MEA"", ""MEX"", ""NIG"", ""RUS"", ""SKT"", ""USA""]",Material production,,,1.0,40.908923828688266,Mt/yr,,,highce_gbl,5.0,future,H–EU+,0.0,,,,,,,,
ndc_highce_gbl,NDC,"High CE, EU + partners",c,Global,Aluminium,Secondary,2050,72.18179189254106,Mt/yr,plotted,"[""Production|Non-Ferrous Metals|Aluminum|Secondary""]",fig05_material_production,,,,,,"[""AFE"", ""AFN"", ""AFW"", ""AFZ"", ""ANZ"", ""ASC"", ""ASE"", ""ASO"", ""BRA"", ""CAN"", ""CHL"", ""CHN"", ""ENE"", ""ENW"", ""EUE"", ""EUM"", ""EUW"", ""IDN"", ""IND"", ""JPN"", ""LAM"", ""MDA"", ""MEA"", ""MEX"", ""NIG"", ""RUS"", ""SKT"", ""USA""]",Material production,,,1.0,72.18179189254106,Mt/yr,,,highce_gbl,5.0,future,H–EU+,0.0,,,,,,,,
ndc_highce_gbl,NDC,"High CE, EU + partners",c,Global,Aluminium,Secondary,2050,63.82645244767086,%,context,"[""Production|Non-Ferrous Metals|Aluminum|Primary"", ""Production|Non-Ferrous Metals|Aluminum|Secondary""]",fig05_material_production,,,,,,"[""AFE"", ""AFN"", ""AFW"", ""AFZ"", ""ANZ"", ""ASC"", ""ASE"", ""ASO"", ""BRA"", ""CAN"", ""CHL"", ""CHN"", ""ENE"", ""ENW"", ""EUE"", ""EUM"", ""EUW"", ""IDN"", ""IND"", ""JPN"", ""LAM"", ""MDA"", ""MEA"", ""MEX"", ""NIG"", ""RUS"", ""SKT"", ""USA""]",Secondary production share,,,100.0,72.18179189254106,Mt/yr,113.09071572122932,Mt/yr,highce_gbl,5.0,future,H–EU+,0.0,ndc_highce_gbl,2050.0,,,,,,
ndc_highce_gbl,NDC,"High CE, EU + partners",c,Global,Aluminium,Total,2050,-14.978408331941012,%,context,"[""Production|Non-Ferrous Metals|Aluminum|Primary"", ""Production|Non-Ferrous Metals|Aluminum|Secondary""]",fig05_material_production,,,,,,"[""AFE"", ""AFN"", ""AFW"", ""AFZ"", ""ANZ"", ""ASC"", ""ASE"", ""ASO"", ""BRA"", ""CAN"", ""CHL"", ""CHN"", ""ENE"", ""ENW"", ""EUE"", ""EUM"", ""EUW"", ""IDN"", ""IND"", ""JPN"", ""LAM"", ""MDA"", ""MEA"", ""MEX"", ""NIG"", ""RUS"", ""SKT"", ""USA""]",Production change from no CE,,,100.0,113.09071572122932,Mt/yr,133.0141126535924,Mt/yr,highce_gbl,5.0,future,H–EU+,-100.0,ndc_noce,2050.0,,,,,,
baseline_noce,NDC+LTT,No CE,d,Global,Cement,Cement,2019,4201.409299940433,Mt/yr,plotted,"[""Production|Non-Metallic Minerals|Cement""]",fig05_material_production,,,,,,"[""AFE"", ""AFN"", ""AFW"", ""AFZ"", ""ANZ"", ""ASC"", ""ASE"", ""ASO"", ""BRA"", ""CAN"", ""CHL"", ""CHN"", ""ENE"", ""ENW"", ""EUE"", ""EUM"", ""EUW"", ""IDN"", ""IND"", ""JPN"", ""LAM"", ""MDA"", ""MEA"", ""MEX"", ""NIG"", ""RUS"", ""SKT"", ""USA""]",Material production,,,1.0,4201.409299940433,Mt/yr,,,noce,0.0,historical,2019,0.0,,,,,,,,
baseline_noce,NDC+LTT,No CE,d,Global,Cement,Clinker,2019,3030.4398866528886,Mt/yr,plotted,"[""Production|Non-Metallic Minerals|Cement Clinker""]",fig05_material_production,,,,,,"[""AFE"", ""AFN"", ""AFW"", ""AFZ"", ""ANZ"", ""ASC"", ""ASE"", ""ASO"", ""BRA"", ""CAN"", ""CHL"", ""CHN"", ""ENE"", ""ENW"", ""EUE"", ""EUM"", ""EUW"", ""IDN"", ""IND"", ""JPN"", ""LAM"", ""MDA"", ""MEA"", ""MEX"", ""NIG"", ""RUS"", ""SKT"", ""USA""]",Material production,,,1.0,3030.4398866528886,Mt/yr,,,noce,0.0,historical,2019,0.0,,,,,,,,
baseline_noce,NDC+LTT,No CE,d,Global,Cement,Cement,2050,3660.135942423824,Mt/yr,plotted,"[""Production|Non-Metallic Minerals|Cement""]",fig05_material_production,,,,,,"[""AFE"", ""AFN"", ""AFW"", ""AFZ"", ""ANZ"", ""ASC"", ""ASE"", ""ASO"", ""BRA"", ""CAN"", ""CHL"", ""CHN"", ""ENE"", ""ENW"", ""EUE"", ""EUM"", ""EUW"", ""IDN"", ""IND"", ""JPN"", ""LAM"", ""MDA"", ""MEA"", ""MEX"", ""NIG"", ""RUS"", ""SKT"", ""USA""]",Material production,,,1.0,3660.135942423824,Mt/yr,,,noce,1.0,future,No CE,0.0,,,,,,,,
baseline_noce,NDC+LTT,No CE,d,Global,Cement,Clinker,2050,2599.115827280662,Mt/yr,plotted,"[""Production|Non-Metallic Minerals|Cement Clinker""]",fig05_material_production,,,,,,"[""AFE"", ""AFN"", ""AFW"", ""AFZ"", ""ANZ"", ""ASC"", ""ASE"", ""ASO"", ""BRA"", ""CAN"", ""CHL"", ""CHN"", ""ENE"", ""ENW"", ""EUE"", ""EUM"", ""EUW"", ""IDN"", ""IND"", ""JPN"", ""LAM"", ""MDA"", ""MEA"", ""MEX"", ""NIG"", ""RUS"", ""SKT"", ""USA""]",Material production,,,1.0,2599.115827280662,Mt/yr,,,noce,1.0,future,No CE,0.0,,,,,,,,
baseline_noce,NDC+LTT,No CE,d,Global,Cement,Cement,2050,0.0,%,context,"[""Production|Non-Metallic Minerals|Cement""]",fig05_material_production,,,,,,"[""AFE"", ""AFN"", ""AFW"", ""AFZ"", ""ANZ"", ""ASC"", ""ASE"", ""ASO"", ""BRA"", ""CAN"", ""CHL"", ""CHN"", ""ENE"", ""ENW"", ""EUE"", ""EUM"", ""EUW"", ""IDN"", ""IND"", ""JPN"", ""LAM"", ""MDA"", ""MEA"", ""MEX"", ""NIG"", ""RUS"", ""SKT"", ""USA""]",Production change from no CE,,,100.0,3660.135942423824,Mt/yr,3660.135942423824,Mt/yr,noce,1.0,future,No CE,-100.0,baseline_noce,2050.0,,,,,,
baseline_medce_eu,NDC+LTT,"Medium CE, EU",d,Global,Cement,Cement,2050,3708.5130997032934,Mt/yr,plotted,"[""Production|Non-Metallic Minerals|Cement""]",fig05_material_production,,,,,,"[""AFE"", ""AFN"", ""AFW"", ""AFZ"", ""ANZ"", ""ASC"", ""ASE"", ""ASO"", ""BRA"", ""CAN"", ""CHL"", ""CHN"", ""ENE"", ""ENW"", ""EUE"", ""EUM"", ""EUW"", ""IDN"", ""IND"", ""JPN"", ""LAM"", ""MDA"", ""MEA"", ""MEX"", ""NIG"", ""RUS"", ""SKT"", ""USA""]",Material production,,,1.0,3708.5130997032934,Mt/yr,,,medce_eu,2.0,future,M–EU,0.0,,,,,,,,
baseline_medce_eu,NDC+LTT,"Medium CE, EU",d,Global,Cement,Clinker,2050,2615.34178921709,Mt/yr,plotted,"[""Production|Non-Metallic Minerals|Cement Clinker""]",fig05_material_production,,,,,,"[""AFE"", ""AFN"", ""AFW"", ""AFZ"", ""ANZ"", ""ASC"", ""ASE"", ""ASO"", ""BRA"", ""CAN"", ""CHL"", ""CHN"", ""ENE"", ""ENW"", ""EUE"", ""EUM"", ""EUW"", ""IDN"", ""IND"", ""JPN"", ""LAM"", ""MDA"", ""MEA"", ""MEX"", ""NIG"", ""RUS"", ""SKT"", ""USA""]",Material production,,,1.0,2615.34178921709,Mt/yr,,,medce_eu,2.0,future,M–EU,0.0,,,,,,,,
baseline_medce_eu,NDC+LTT,"Medium CE, EU",d,Global,Cement,Cement,2050,1.3217311608222104,%,context,"[""Production|Non-Metallic Minerals|Cement""]",fig05_material_production,,,,,,"[""AFE"", ""AFN"", ""AFW"", ""AFZ"", ""ANZ"", ""ASC"", ""ASE"", ""ASO"", ""BRA"", ""CAN"", ""CHL"", ""CHN"", ""ENE"", ""ENW"", ""EUE"", ""EUM"", ""EUW"", ""IDN"", ""IND"", ""JPN"", ""LAM"", ""MDA"", ""MEA"", ""MEX"", ""NIG"", ""RUS"", ""SKT"", ""USA""]",Production change from no CE,,,100.0,3708.5130997032934,Mt/yr,3660.135942423824,Mt/yr,medce_eu,2.0,future,M–EU,-100.0,baseline_noce,2050.0,,,,,,
baseline_highce_eu,NDC+LTT,"High CE, EU",d,Global,Cement,Cement,2050,3698.7406435857247,Mt/yr,plotted,"[""Production|Non-Metallic Minerals|Cement""]",fig05_material_production,,,,,,"[""AFE"", ""AFN"", ""AFW"", ""AFZ"", ""ANZ"", ""ASC"", ""ASE"", ""ASO"", ""BRA"", ""CAN"", ""CHL"", ""CHN"", ""ENE"", ""ENW"", ""EUE"", ""EUM"", ""EUW"", ""IDN"", ""IND"", ""JPN"", ""LAM"", ""MDA"", ""MEA"", ""MEX"", ""NIG"", ""RUS"", ""SKT"", ""USA""]",Material production,,,1.0,3698.7406435857247,Mt/yr,,,highce_eu,3.0,future,H–EU,0.0,,,,,,,,
baseline_highce_eu,NDC+LTT,"High CE, EU",d,Global,Cement,Clinker,2050,2603.7604569525506,Mt/yr,plotted,"[""Production|Non-Metallic Minerals|Cement Clinker""]",fig05_material_production,,,,,,"[""AFE"", ""AFN"", ""AFW"", ""AFZ"", ""ANZ"", ""ASC"", ""ASE"", ""ASO"", ""BRA"", ""CAN"", ""CHL"", ""CHN"", ""ENE"", ""ENW"", ""EUE"", ""EUM"", ""EUW"", ""IDN"", ""IND"", ""JPN"", ""LAM"", ""MDA"", ""MEA"", ""MEX"", ""NIG"", ""RUS"", ""SKT"", ""USA""]",Material production,,,1.0,2603.7604569525506,Mt/yr,,,highce_eu,3.0,future,H–EU,0.0,,,,,,,,
baseline_highce_eu,NDC+LTT,"High CE, EU",d,Global,Cement,Cement,2050,1.0547340800772531,%,context,"[""Production|Non-Metallic Minerals|Cement""]",fig05_material_production,,,,,,"[""AFE"", ""AFN"", ""AFW"", ""AFZ"", ""ANZ"", ""ASC"", ""ASE"", ""ASO"", ""BRA"", ""CAN"", ""CHL"", ""CHN"", ""ENE"", ""ENW"", ""EUE"", ""EUM"", ""EUW"", ""IDN"", ""IND"", ""JPN"", ""LAM"", ""MDA"", ""MEA"", ""MEX"", ""NIG"", ""RUS"", ""SKT"", ""USA""]",Production change from no CE,,,100.0,3698.7406435857247,Mt/yr,3660.135942423824,Mt/yr,highce_eu,3.0,future,H–EU,-100.0,baseline_noce,2050.0,,,,,,
baseline_medce_gbl,NDC+LTT,"Medium CE, EU + partners",d,Global,Cement,Cement,2050,3450.9381337234727,Mt/yr,plotted,"[""Production|Non-Metallic Minerals|Cement""]",fig05_material_production,,,,,,"[""AFE"", ""AFN"", ""AFW"", ""AFZ"", ""ANZ"", ""ASC"", ""ASE"", ""ASO"", ""BRA"", ""CAN"", ""CHL"", ""CHN"", ""ENE"", ""ENW"", ""EUE"", ""EUM"", ""EUW"", ""IDN"", ""IND"", ""JPN"", ""LAM"", ""MDA"", ""MEA"", ""MEX"", ""NIG"", ""RUS"", ""SKT"", ""USA""]",Material production,,,1.0,3450.9381337234727,Mt/yr,,,medce_gbl,4.0,future,M–EU+,0.0,,,,,,,,
baseline_medce_gbl,NDC+LTT,"Medium CE, EU + partners",d,Global,Cement,Clinker,2050,2260.9017440478096,Mt/yr,plotted,"[""Production|Non-Metallic Minerals|Cement Clinker""]",fig05_material_production,,,,,,"[""AFE"", ""AFN"", ""AFW"", ""AFZ"", ""ANZ"", ""ASC"", ""ASE"", ""ASO"", ""BRA"", ""CAN"", ""CHL"", ""CHN"", ""ENE"", ""ENW"", ""EUE"", ""EUM"", ""EUW"", ""IDN"", ""IND"", ""JPN"", ""LAM"", ""MDA"", ""MEA"", ""MEX"", ""NIG"", ""RUS"", ""SKT"", ""USA""]",Material production,,,1.0,2260.9017440478096,Mt/yr,,,medce_gbl,4.0,future,M–EU+,0.0,,,,,,,,
baseline_medce_gbl,NDC+LTT,"Medium CE, EU + partners",d,Global,Cement,Cement,2050,-5.715574830857676,%,context,"[""Production|Non-Metallic Minerals|Cement""]",fig05_material_production,,,,,,"[""AFE"", ""AFN"", ""AFW"", ""AFZ"", ""ANZ"", ""ASC"", ""ASE"", ""ASO"", ""BRA"", ""CAN"", ""CHL"", ""CHN"", ""ENE"", ""ENW"", ""EUE"", ""EUM"", ""EUW"", ""IDN"", ""IND"", ""JPN"", ""LAM"", ""MDA"", ""MEA"", ""MEX"", ""NIG"", ""RUS"", ""SKT"", ""USA""]",Production change from no CE,,,100.0,3450.9381337234727,Mt/yr,3660.135942423824,Mt/yr,medce_gbl,4.0,future,M–EU+,-100.0,baseline_noce,2050.0,,,,,,
baseline_highce_gbl,NDC+LTT,"High CE, EU + partners",d,Global,Cement,Cement,2050,3192.201476745802,Mt/yr,plotted,"[""Production|Non-Metallic Minerals|Cement""]",fig05_material_production,,,,,,"[""AFE"", ""AFN"", ""AFW"", ""AFZ"", ""ANZ"", ""ASC"", ""ASE"", ""ASO"", ""BRA"", ""CAN"", ""CHL"", ""CHN"", ""ENE"", ""ENW"", ""EUE"", ""EUM"", ""EUW"", ""IDN"", ""IND"", ""JPN"", ""LAM"", ""MDA"", ""MEA"", ""MEX"", ""NIG"", ""RUS"", ""SKT"", ""USA""]",Material production,,,1.0,3192.201476745802,Mt/yr,,,highce_gbl,5.0,future,H–EU+,0.0,,,,,,,,
baseline_highce_gbl,NDC+LTT,"High CE, EU + partners",d,Global,Cement,Clinker,2050,2019.9118245351228,Mt/yr,plotted,"[""Production|Non-Metallic Minerals|Cement Clinker""]",fig05_material_production,,,,,,"[""AFE"", ""AFN"", ""AFW"", ""AFZ"", ""ANZ"", ""ASC"", ""ASE"", ""ASO"", ""BRA"", ""CAN"", ""CHL"", ""CHN"", ""ENE"", ""ENW"", ""EUE"", ""EUM"", ""EUW"", ""IDN"", ""IND"", ""JPN"", ""LAM"", ""MDA"", ""MEA"", ""MEX"", ""NIG"", ""RUS"", ""SKT"", ""USA""]",Material production,,,1.0,2019.9118245351228,Mt/yr,,,highce_gbl,5.0,future,H–EU+,0.0,,,,,,,,
baseline_highce_gbl,NDC+LTT,"High CE, EU + partners",d,Global,Cement,Cement,2050,-12.784619834861786,%,context,"[""Production|Non-Metallic Minerals|Cement""]",fig05_material_production,,,,,,"[""AFE"", ""AFN"", ""AFW"", ""AFZ"", ""ANZ"", ""ASC"", ""ASE"", ""ASO"", ""BRA"", ""CAN"", ""CHL"", ""CHN"", ""ENE"", ""ENW"", ""EUE"", ""EUM"", ""EUW"", ""IDN"", ""IND"", ""JPN"", ""LAM"", ""MDA"", ""MEA"", ""MEX"", ""NIG"", ""RUS"", ""SKT"", ""USA""]",Production change from no CE,,,100.0,3192.201476745802,Mt/yr,3660.135942423824,Mt/yr,highce_gbl,5.0,future,H–EU+,-100.0,baseline_noce,2050.0,,,,,,
baseline_noce,NDC+LTT,No CE,e,Global,Iron and steel,Total,2019,1754.711551232852,Mt/yr,context,"[""Production|Iron and Steel|Primary"", ""Production|Iron and Steel|Secondary""]",fig05_material_production,,,,,,"[""AFE"", ""AFN"", ""AFW"", ""AFZ"", ""ANZ"", ""ASC"", ""ASE"", ""ASO"", ""BRA"", ""CAN"", ""CHL"", ""CHN"", ""ENE"", ""ENW"", ""EUE"", ""EUM"", ""EUW"", ""IDN"", ""IND"", ""JPN"", ""LAM"", ""MDA"", ""MEA"", ""MEX"", ""NIG"", ""RUS"", ""SKT"", ""USA""]",Material production,,,1.0,1754.711551232852,Mt/yr,,,noce,0.0,historical,2019,0.0,,,,,,,,
baseline_noce,NDC+LTT,No CE,e,Global,Iron and steel,Primary,2019,1409.4021422034127,Mt/yr,plotted,"[""Production|Iron and Steel|Primary""]",fig05_material_production,,,,,,"[""AFE"", ""AFN"", ""AFW"", ""AFZ"", ""ANZ"", ""ASC"", ""ASE"", ""ASO"", ""BRA"", ""CAN"", ""CHL"", ""CHN"", ""ENE"", ""ENW"", ""EUE"", ""EUM"", ""EUW"", ""IDN"", ""IND"", ""JPN"", ""LAM"", ""MDA"", ""MEA"", ""MEX"", ""NIG"", ""RUS"", ""SKT"", ""USA""]",Material production,,,1.0,1409.4021422034127,Mt/yr,,,noce,0.0,historical,2019,0.0,,,,,,,,
baseline_noce,NDC+LTT,No CE,e,Global,Iron and steel,Secondary,2019,345.30940902943917,Mt/yr,plotted,"[""Production|Iron and Steel|Secondary""]",fig05_material_production,,,,,,"[""AFE"", ""AFN"", ""AFW"", ""AFZ"", ""ANZ"", ""ASC"", ""ASE"", ""ASO"", ""BRA"", ""CAN"", ""CHL"", ""CHN"", ""ENE"", ""ENW"", ""EUE"", ""EUM"", ""EUW"", ""IDN"", ""IND"", ""JPN"", ""LAM"", ""MDA"", ""MEA"", ""MEX"", ""NIG"", ""RUS"", ""SKT"", ""USA""]",Material production,,,1.0,345.30940902943917,Mt/yr,,,noce,0.0,historical,2019,0.0,,,,,,,,
baseline_noce,NDC+LTT,No CE,e,Global,Iron and steel,Secondary,2019,19.678984206083697,%,context,"[""Production|Iron and Steel|Primary"", ""Production|Iron and Steel|Secondary""]",fig05_material_production,,,,,,"[""AFE"", ""AFN"", ""AFW"", ""AFZ"", ""ANZ"", ""ASC"", ""ASE"", ""ASO"", ""BRA"", ""CAN"", ""CHL"", ""CHN"", ""ENE"", ""ENW"", ""EUE"", ""EUM"", ""EUW"", ""IDN"", ""IND"", ""JPN"", ""LAM"", ""MDA"", ""MEA"", ""MEX"", ""NIG"", ""RUS"", ""SKT"", ""USA""]",Secondary production share,,,100.0,345.30940902943917,Mt/yr,1754.711551232852,Mt/yr,noce,0.0,historical,2019,0.0,baseline_noce,2019.0,,,,,,
baseline_noce,NDC+LTT,No CE,e,Global,Iron and steel,Total,2050,2186.929691103253,Mt/yr,context,"[""Production|Iron and Steel|Primary"", ""Production|Iron and Steel|Secondary""]",fig05_material_production,,,,,,"[""AFE"", ""AFN"", ""AFW"", ""AFZ"", ""ANZ"", ""ASC"", ""ASE"", ""ASO"", ""BRA"", ""CAN"", ""CHL"", ""CHN"", ""ENE"", ""ENW"", ""EUE"", ""EUM"", ""EUW"", ""IDN"", ""IND"", ""JPN"", ""LAM"", ""MDA"", ""MEA"", ""MEX"", ""NIG"", ""RUS"", ""SKT"", ""USA""]",Material production,,,1.0,2186.929691103253,Mt/yr,,,noce,1.0,future,No CE,0.0,,,,,,,,
baseline_noce,NDC+LTT,No CE,e,Global,Iron and steel,Primary,2050,1399.6350022548183,Mt/yr,plotted,"[""Production|Iron and Steel|Primary""]",fig05_material_production,,,,,,"[""AFE"", ""AFN"", ""AFW"", ""AFZ"", ""ANZ"", ""ASC"", ""ASE"", ""ASO"", ""BRA"", ""CAN"", ""CHL"", ""CHN"", ""ENE"", ""ENW"", ""EUE"", ""EUM"", ""EUW"", ""IDN"", ""IND"", ""JPN"", ""LAM"", ""MDA"", ""MEA"", ""MEX"", ""NIG"", ""RUS"", ""SKT"", ""USA""]",Material production,,,1.0,1399.6350022548183,Mt/yr,,,noce,1.0,future,No CE,0.0,,,,,,,,
baseline_noce,NDC+LTT,No CE,e,Global,Iron and steel,Secondary,2050,787.2946888484346,Mt/yr,plotted,"[""Production|Iron and Steel|Secondary""]",fig05_material_production,,,,,,"[""AFE"", ""AFN"", ""AFW"", ""AFZ"", ""ANZ"", ""ASC"", ""ASE"", ""ASO"", ""BRA"", ""CAN"", ""CHL"", ""CHN"", ""ENE"", ""ENW"", ""EUE"", ""EUM"", ""EUW"", ""IDN"", ""IND"", ""JPN"", ""LAM"", ""MDA"", ""MEA"", ""MEX"", ""NIG"", ""RUS"", ""SKT"", ""USA""]",Material production,,,1.0,787.2946888484346,Mt/yr,,,noce,1.0,future,No CE,0.0,,,,,,,,
baseline_noce,NDC+LTT,No CE,e,Global,Iron and steel,Secondary,2050,36.00000000234409,%,context,"[""Production|Iron and Steel|Primary"", ""Production|Iron and Steel|Secondary""]",fig05_material_production,,,,,,"[""AFE"", ""AFN"", ""AFW"", ""AFZ"", ""ANZ"", ""ASC"", ""ASE"", ""ASO"", ""BRA"", ""CAN"", ""CHL"", ""CHN"", ""ENE"", ""ENW"", ""EUE"", ""EUM"", ""EUW"", ""IDN"", ""IND"", ""JPN"", ""LAM"", ""MDA"", ""MEA"", ""MEX"", ""NIG"", ""RUS"", ""SKT"", ""USA""]",Secondary production share,,,100.0,787.2946888484346,Mt/yr,2186.929691103253,Mt/yr,noce,1.0,future,No CE,0.0,baseline_noce,2050.0,,,,,,
baseline_noce,NDC+LTT,No CE,e,Global,Iron and steel,Total,2050,0.0,%,context,"[""Production|Iron and Steel|Primary"", ""Production|Iron and Steel|Secondary""]",fig05_material_production,,,,,,"[""AFE"", ""AFN"", ""AFW"", ""AFZ"", ""ANZ"", ""ASC"", ""ASE"", ""ASO"", ""BRA"", ""CAN"", ""CHL"", ""CHN"", ""ENE"", ""ENW"", ""EUE"", ""EUM"", ""EUW"", ""IDN"", ""IND"", ""JPN"", ""LAM"", ""MDA"", ""MEA"", ""MEX"", ""NIG"", ""RUS"", ""SKT"", ""USA""]",Production change from no CE,,,100.0,2186.929691103253,Mt/yr,2186.929691103253,Mt/yr,noce,1.0,future,No CE,-100.0,baseline_noce,2050.0,,,,,,
baseline_medce_eu,NDC+LTT,"Medium CE, EU",e,Global,Iron and steel,Total,2050,2120.1736510869705,Mt/yr,context,"[""Production|Iron and Steel|Primary"", ""Production|Iron and Steel|Secondary""]",fig05_material_production,,,,,,"[""AFE"", ""AFN"", ""AFW"", ""AFZ"", ""ANZ"", ""ASC"", ""ASE"", ""ASO"", ""BRA"", ""CAN"", ""CHL"", ""CHN"", ""ENE"", ""ENW"", ""EUE"", ""EUM"", ""EUW"", ""IDN"", ""IND"", ""JPN"", ""LAM"", ""MDA"", ""MEA"", ""MEX"", ""NIG"", ""RUS"", ""SKT"", ""USA""]",Material production,,,1.0,2120.1736510869705,Mt/yr,,,medce_eu,2.0,future,M–EU,0.0,,,,,,,,
baseline_medce_eu,NDC+LTT,"Medium CE, EU",e,Global,Iron and steel,Primary,2050,1310.7371648288242,Mt/yr,plotted,"[""Production|Iron and Steel|Primary""]",fig05_material_production,,,,,,"[""AFE"", ""AFN"", ""AFW"", ""AFZ"", ""ANZ"", ""ASC"", ""ASE"", ""ASO"", ""BRA"", ""CAN"", ""CHL"", ""CHN"", ""ENE"", ""ENW"", ""EUE"", ""EUM"", ""EUW"", ""IDN"", ""IND"", ""JPN"", ""LAM"", ""MDA"", ""MEA"", ""MEX"", ""NIG"", ""RUS"", ""SKT"", ""USA""]",Material production,,,1.0,1310.7371648288242,Mt/yr,,,medce_eu,2.0,future,M–EU,0.0,,,,,,,,
baseline_medce_eu,NDC+LTT,"Medium CE, EU",e,Global,Iron and steel,Secondary,2050,809.4364862581463,Mt/yr,plotted,"[""Production|Iron and Steel|Secondary""]",fig05_material_production,,,,,,"[""AFE"", ""AFN"", ""AFW"", ""AFZ"", ""ANZ"", ""ASC"", ""ASE"", ""ASO"", ""BRA"", ""CAN"", ""CHL"", ""CHN"", ""ENE"", ""ENW"", ""EUE"", ""EUM"", ""EUW"", ""IDN"", ""IND"", ""JPN"", ""LAM"", ""MDA"", ""MEA"", ""MEX"", ""NIG"", ""RUS"", ""SKT"", ""USA""]",Material production,,,1.0,809.4364862581463,Mt/yr,,,medce_eu,2.0,future,M–EU,0.0,,,,,,,,
baseline_medce_eu,NDC+LTT,"Medium CE, EU",e,Global,Iron and steel,Secondary,2050,38.17783915214513,%,context,"[""Production|Iron and Steel|Primary"", ""Production|Iron and Steel|Secondary""]",fig05_material_production,,,,,,"[""AFE"", ""AFN"", ""AFW"", ""AFZ"", ""ANZ"", ""ASC"", ""ASE"", ""ASO"", ""BRA"", ""CAN"", ""CHL"", ""CHN"", ""ENE"", ""ENW"", ""EUE"", ""EUM"", ""EUW"", ""IDN"", ""IND"", ""JPN"", ""LAM"", ""MDA"", ""MEA"", ""MEX"", ""NIG"", ""RUS"", ""SKT"", ""USA""]",Secondary production share,,,100.0,809.4364862581463,Mt/yr,2120.1736510869705,Mt/yr,medce_eu,2.0,future,M–EU,0.0,baseline_medce_eu,2050.0,,,,,,
baseline_medce_eu,NDC+LTT,"Medium CE, EU",e,Global,Iron and steel,Total,2050,-3.052500511921153,%,context,"[""Production|Iron and Steel|Primary"", ""Production|Iron and Steel|Secondary""]",fig05_material_production,,,,,,"[""AFE"", ""AFN"", ""AFW"", ""AFZ"", ""ANZ"", ""ASC"", ""ASE"", ""ASO"", ""BRA"", ""CAN"", ""CHL"", ""CHN"", ""ENE"", ""ENW"", ""EUE"", ""EUM"", ""EUW"", ""IDN"", ""IND"", ""JPN"", ""LAM"", ""MDA"", ""MEA"", ""MEX"", ""NIG"", ""RUS"", ""SKT"", ""USA""]",Production change from no CE,,,100.0,2120.1736510869705,Mt/yr,2186.929691103253,Mt/yr,medce_eu,2.0,future,M–EU,-100.0,baseline_noce,2050.0,,,,,,
baseline_highce_eu,NDC+LTT,"High CE, EU",e,Global,Iron and steel,Total,2050,2120.011361564024,Mt/yr,context,"[""Production|Iron and Steel|Primary"", ""Production|Iron and Steel|Secondary""]",fig05_material_production,,,,,,"[""AFE"", ""AFN"", ""AFW"", ""AFZ"", ""ANZ"", ""ASC"", ""ASE"", ""ASO"", ""BRA"", ""CAN"", ""CHL"", ""CHN"", ""ENE"", ""ENW"", ""EUE"", ""EUM"", ""EUW"", ""IDN"", ""IND"", ""JPN"", ""LAM"", ""MDA"", ""MEA"", ""MEX"", ""NIG"", ""RUS"", ""SKT"", ""USA""]",Material production,,,1.0,2120.011361564024,Mt/yr,,,highce_eu,3.0,future,H–EU,0.0,,,,,,,,
baseline_highce_eu,NDC+LTT,"High CE, EU",e,Global,Iron and steel,Primary,2050,1310.5989651712816,Mt/yr,plotted,"[""Production|Iron and Steel|Primary""]",fig05_material_production,,,,,,"[""AFE"", ""AFN"", ""AFW"", ""AFZ"", ""ANZ"", ""ASC"", ""ASE"", ""ASO"", ""BRA"", ""CAN"", ""CHL"", ""CHN"", ""ENE"", ""ENW"", ""EUE"", ""EUM"", ""EUW"", ""IDN"", ""IND"", ""JPN"", ""LAM"", ""MDA"", ""MEA"", ""MEX"", ""NIG"", ""RUS"", ""SKT"", ""USA""]",Material production,,,1.0,1310.5989651712816,Mt/yr,,,highce_eu,3.0,future,H–EU,0.0,,,,,,,,
baseline_highce_eu,NDC+LTT,"High CE, EU",e,Global,Iron and steel,Secondary,2050,809.4123963927422,Mt/yr,plotted,"[""Production|Iron and Steel|Secondary""]",fig05_material_production,,,,,,"[""AFE"", ""AFN"", ""AFW"", ""AFZ"", ""ANZ"", ""ASC"", ""ASE"", ""ASO"", ""BRA"", ""CAN"", ""CHL"", ""CHN"", ""ENE"", ""ENW"", ""EUE"", ""EUM"", ""EUW"", ""IDN"", ""IND"", ""JPN"", ""LAM"", ""MDA"", ""MEA"", ""MEX"", ""NIG"", ""RUS"", ""SKT"", ""USA""]",Material production,,,1.0,809.4123963927422,Mt/yr,,,highce_eu,3.0,future,H–EU,0.0,,,,,,,,
baseline_highce_eu,NDC+LTT,"High CE, EU",e,Global,Iron and steel,Secondary,2050,38.17962540519611,%,context,"[""Production|Iron and Steel|Primary"", ""Production|Iron and Steel|Secondary""]",fig05_material_production,,,,,,"[""AFE"", ""AFN"", ""AFW"", ""AFZ"", ""ANZ"", ""ASC"", ""ASE"", ""ASO"", ""BRA"", ""CAN"", ""CHL"", ""CHN"", ""ENE"", ""ENW"", ""EUE"", ""EUM"", ""EUW"", ""IDN"", ""IND"", ""JPN"", ""LAM"", ""MDA"", ""MEA"", ""MEX"", ""NIG"", ""RUS"", ""SKT"", ""USA""]",Secondary production share,,,100.0,809.4123963927422,Mt/yr,2120.011361564024,Mt/yr,highce_eu,3.0,future,H–EU,0.0,baseline_highce_eu,2050.0,,,,,,
baseline_highce_eu,NDC+LTT,"High CE, EU",e,Global,Iron and steel,Total,2050,-3.0599213962599094,%,context,"[""Production|Iron and Steel|Primary"", ""Production|Iron and Steel|Secondary""]",fig05_material_production,,,,,,"[""AFE"", ""AFN"", ""AFW"", ""AFZ"", ""ANZ"", ""ASC"", ""ASE"", ""ASO"", ""BRA"", ""CAN"", ""CHL"", ""CHN"", ""ENE"", ""ENW"", ""EUE"", ""EUM"", ""EUW"", ""IDN"", ""IND"", ""JPN"", ""LAM"", ""MDA"", ""MEA"", ""MEX"", ""NIG"", ""RUS"", ""SKT"", ""USA""]",Production change from no CE,,,100.0,2120.011361564024,Mt/yr,2186.929691103253,Mt/yr,highce_eu,3.0,future,H–EU,-100.0,baseline_noce,2050.0,,,,,,
baseline_medce_gbl,NDC+LTT,"Medium CE, EU + partners",e,Global,Iron and steel,Total,2050,1948.8140454854774,Mt/yr,context,"[""Production|Iron and Steel|Primary"", ""Production|Iron and Steel|Secondary""]",fig05_material_production,,,,,,"[""AFE"", ""AFN"", ""AFW"", ""AFZ"", ""ANZ"", ""ASC"", ""ASE"", ""ASO"", ""BRA"", ""CAN"", ""CHL"", ""CHN"", ""ENE"", ""ENW"", ""EUE"", ""EUM"", ""EUW"", ""IDN"", ""IND"", ""JPN"", ""LAM"", ""MDA"", ""MEA"", ""MEX"", ""NIG"", ""RUS"", ""SKT"", ""USA""]",Material production,,,1.0,1948.8140454854774,Mt/yr,,,medce_gbl,4.0,future,M–EU+,0.0,,,,,,,,
baseline_medce_gbl,NDC+LTT,"Medium CE, EU + partners",e,Global,Iron and steel,Primary,2050,901.5379964115772,Mt/yr,plotted,"[""Production|Iron and Steel|Primary""]",fig05_material_production,,,,,,"[""AFE"", ""AFN"", ""AFW"", ""AFZ"", ""ANZ"", ""ASC"", ""ASE"", ""ASO"", ""BRA"", ""CAN"", ""CHL"", ""CHN"", ""ENE"", ""ENW"", ""EUE"", ""EUM"", ""EUW"", ""IDN"", ""IND"", ""JPN"", ""LAM"", ""MDA"", ""MEA"", ""MEX"", ""NIG"", ""RUS"", ""SKT"", ""USA""]",Material production,,,1.0,901.5379964115772,Mt/yr,,,medce_gbl,4.0,future,M–EU+,0.0,,,,,,,,
baseline_medce_gbl,NDC+LTT,"Medium CE, EU + partners",e,Global,Iron and steel,Secondary,2050,1047.2760490739001,Mt/yr,plotted,"[""Production|Iron and Steel|Secondary""]",fig05_material_production,,,,,,"[""AFE"", ""AFN"", ""AFW"", ""AFZ"", ""ANZ"", ""ASC"", ""ASE"", ""ASO"", ""BRA"", ""CAN"", ""CHL"", ""CHN"", ""ENE"", ""ENW"", ""EUE"", ""EUM"", ""EUW"", ""IDN"", ""IND"", ""JPN"", ""LAM"", ""MDA"", ""MEA"", ""MEX"", ""NIG"", ""RUS"", ""SKT"", ""USA""]",Material production,,,1.0,1047.2760490739001,Mt/yr,,,medce_gbl,4.0,future,M–EU+,0.0,,,,,,,,
baseline_medce_gbl,NDC+LTT,"Medium CE, EU + partners",e,Global,Iron and steel,Secondary,2050,53.73914722648711,%,context,"[""Production|Iron and Steel|Primary"", ""Production|Iron and Steel|Secondary""]",fig05_material_production,,,,,,"[""AFE"", ""AFN"", ""AFW"", ""AFZ"", ""ANZ"", ""ASC"", ""ASE"", ""ASO"", ""BRA"", ""CAN"", ""CHL"", ""CHN"", ""ENE"", ""ENW"", ""EUE"", ""EUM"", ""EUW"", ""IDN"", ""IND"", ""JPN"", ""LAM"", ""MDA"", ""MEA"", ""MEX"", ""NIG"", ""RUS"", ""SKT"", ""USA""]",Secondary production share,,,100.0,1047.2760490739001,Mt/yr,1948.8140454854774,Mt/yr,medce_gbl,4.0,future,M–EU+,0.0,baseline_medce_gbl,2050.0,,,,,,
baseline_medce_gbl,NDC+LTT,"Medium CE, EU + partners",e,Global,Iron and steel,Total,2050,-10.888125328695494,%,context,"[""Production|Iron and Steel|Primary"", ""Production|Iron and Steel|Secondary""]",fig05_material_production,,,,,,"[""AFE"", ""AFN"", ""AFW"", ""AFZ"", ""ANZ"", ""ASC"", ""ASE"", ""ASO"", ""BRA"", ""CAN"", ""CHL"", ""CHN"", ""ENE"", ""ENW"", ""EUE"", ""EUM"", ""EUW"", ""IDN"", ""IND"", ""JPN"", ""LAM"", ""MDA"", ""MEA"", ""MEX"", ""NIG"", ""RUS"", ""SKT"", ""USA""]",Production change from no CE,,,100.0,1948.8140454854774,Mt/yr,2186.929691103253,Mt/yr,medce_gbl,4.0,future,M–EU+,-100.0,baseline_noce,2050.0,,,,,,
baseline_highce_gbl,NDC+LTT,"High CE, EU + partners",e,Global,Iron and steel,Total,2050,1708.6298602973482,Mt/yr,context,"[""Production|Iron and Steel|Primary"", ""Production|Iron and Steel|Secondary""]",fig05_material_production,,,,,,"[""AFE"", ""AFN"", ""AFW"", ""AFZ"", ""ANZ"", ""ASC"", ""ASE"", ""ASO"", ""BRA"", ""CAN"", ""CHL"", ""CHN"", ""ENE"", ""ENW"", ""EUE"", ""EUM"", ""EUW"", ""IDN"", ""IND"", ""JPN"", ""LAM"", ""MDA"", ""MEA"", ""MEX"", ""NIG"", ""RUS"", ""SKT"", ""USA""]",Material production,,,1.0,1708.6298602973482,Mt/yr,,,highce_gbl,5.0,future,H–EU+,0.0,,,,,,,,
baseline_highce_gbl,NDC+LTT,"High CE, EU + partners",e,Global,Iron and steel,Primary,2050,640.8798345900209,Mt/yr,plotted,"[""Production|Iron and Steel|Primary""]",fig05_material_production,,,,,,"[""AFE"", ""AFN"", ""AFW"", ""AFZ"", ""ANZ"", ""ASC"", ""ASE"", ""ASO"", ""BRA"", ""CAN"", ""CHL"", ""CHN"", ""ENE"", ""ENW"", ""EUE"", ""EUM"", ""EUW"", ""IDN"", ""IND"", ""JPN"", ""LAM"", ""MDA"", ""MEA"", ""MEX"", ""NIG"", ""RUS"", ""SKT"", ""USA""]",Material production,,,1.0,640.8798345900209,Mt/yr,,,highce_gbl,5.0,future,H–EU+,0.0,,,,,,,,
baseline_highce_gbl,NDC+LTT,"High CE, EU + partners",e,Global,Iron and steel,Secondary,2050,1067.7500257073273,Mt/yr,plotted,"[""Production|Iron and Steel|Secondary""]",fig05_material_production,,,,,,"[""AFE"", ""AFN"", ""AFW"", ""AFZ"", ""ANZ"", ""ASC"", ""ASE"", ""ASO"", ""BRA"", ""CAN"", ""CHL"", ""CHN"", ""ENE"", ""ENW"", ""EUE"", ""EUM"", ""EUW"", ""IDN"", ""IND"", ""JPN"", ""LAM"", ""MDA"", ""MEA"", ""MEX"", ""NIG"", ""RUS"", ""SKT"", ""USA""]",Material production,,,1.0,1067.7500257073273,Mt/yr,,,highce_gbl,5.0,future,H–EU+,0.0,,,,,,,,
baseline_highce_gbl,NDC+LTT,"High CE, EU + partners",e,Global,Iron and steel,Secondary,2050,62.491593440928725,%,context,"[""Production|Iron and Steel|Primary"", ""Production|Iron and Steel|Secondary""]",fig05_material_production,,,,,,"[""AFE"", ""AFN"", ""AFW"", ""AFZ"", ""ANZ"", ""ASC"", ""ASE"", ""ASO"", ""BRA"", ""CAN"", ""CHL"", ""CHN"", ""ENE"", ""ENW"", ""EUE"", ""EUM"", ""EUW"", ""IDN"", ""IND"", ""JPN"", ""LAM"", ""MDA"", ""MEA"", ""MEX"", ""NIG"", ""RUS"", ""SKT"", ""USA""]",Secondary production share,,,100.0,1067.7500257073273,Mt/yr,1708.6298602973482,Mt/yr,highce_gbl,5.0,future,H–EU+,0.0,baseline_highce_gbl,2050.0,,,,,,
baseline_highce_gbl,NDC+LTT,"High CE, EU + partners",e,Global,Iron and steel,Total,2050,-21.87083712620931,%,context,"[""Production|Iron and Steel|Primary"", ""Production|Iron and Steel|Secondary""]",fig05_material_production,,,,,,"[""AFE"", ""AFN"", ""AFW"", ""AFZ"", ""ANZ"", ""ASC"", ""ASE"", ""ASO"", ""BRA"", ""CAN"", ""CHL"", ""CHN"", ""ENE"", ""ENW"", ""EUE"", ""EUM"", ""EUW"", ""IDN"", ""IND"", ""JPN"", ""LAM"", ""MDA"", ""MEA"", ""MEX"", ""NIG"", ""RUS"", ""SKT"", ""USA""]",Production change from no CE,,,100.0,1708.6298602973482,Mt/yr,2186.929691103253,Mt/yr,highce_gbl,5.0,future,H–EU+,-100.0,baseline_noce,2050.0,,,,,,
baseline_noce,NDC+LTT,No CE,f,Global,Aluminium,Total,2019,94.49997372278058,Mt/yr,context,"[""Production|Non-Ferrous Metals|Aluminum|Primary"", ""Production|Non-Ferrous Metals|Aluminum|Secondary""]",fig05_material_production,,,,,,"[""AFE"", ""AFN"", ""AFW"", ""AFZ"", ""ANZ"", ""ASC"", ""ASE"", ""ASO"", ""BRA"", ""CAN"", ""CHL"", ""CHN"", ""ENE"", ""ENW"", ""EUE"", ""EUM"", ""EUW"", ""IDN"", ""IND"", ""JPN"", ""LAM"", ""MDA"", ""MEA"", ""MEX"", ""NIG"", ""RUS"", ""SKT"", ""USA""]",Material production,,,1.0,94.49997372278058,Mt/yr,,,noce,0.0,historical,2019,0.0,,,,,,,,
baseline_noce,NDC+LTT,No CE,f,Global,Aluminium,Primary,2019,62.749973727086626,Mt/yr,plotted,"[""Production|Non-Ferrous Metals|Aluminum|Primary""]",fig05_material_production,,,,,,"[""AFE"", ""AFN"", ""AFW"", ""AFZ"", ""ANZ"", ""ASC"", ""ASE"", ""ASO"", ""BRA"", ""CAN"", ""CHL"", ""CHN"", ""ENE"", ""ENW"", ""EUE"", ""EUM"", ""EUW"", ""IDN"", ""IND"", ""JPN"", ""LAM"", ""MDA"", ""MEA"", ""MEX"", ""NIG"", ""RUS"", ""SKT"", ""USA""]",Material production,,,1.0,62.749973727086626,Mt/yr,,,noce,0.0,historical,2019,0.0,,,,,,,,
baseline_noce,NDC+LTT,No CE,f,Global,Aluminium,Secondary,2019,31.74999999569395,Mt/yr,plotted,"[""Production|Non-Ferrous Metals|Aluminum|Secondary""]",fig05_material_production,,,,,,"[""AFE"", ""AFN"", ""AFW"", ""AFZ"", ""ANZ"", ""ASC"", ""ASE"", ""ASO"", ""BRA"", ""CAN"", ""CHL"", ""CHN"", ""ENE"", ""ENW"", ""EUE"", ""EUM"", ""EUW"", ""IDN"", ""IND"", ""JPN"", ""LAM"", ""MDA"", ""MEA"", ""MEX"", ""NIG"", ""RUS"", ""SKT"", ""USA""]",Material production,,,1.0,31.74999999569395,Mt/yr,,,noce,0.0,historical,2019,0.0,,,,,,,,
baseline_noce,NDC+LTT,No CE,f,Global,Aluminium,Secondary,2019,33.59789293575238,%,context,"[""Production|Non-Ferrous Metals|Aluminum|Primary"", ""Production|Non-Ferrous Metals|Aluminum|Secondary""]",fig05_material_production,,,,,,"[""AFE"", ""AFN"", ""AFW"", ""AFZ"", ""ANZ"", ""ASC"", ""ASE"", ""ASO"", ""BRA"", ""CAN"", ""CHL"", ""CHN"", ""ENE"", ""ENW"", ""EUE"", ""EUM"", ""EUW"", ""IDN"", ""IND"", ""JPN"", ""LAM"", ""MDA"", ""MEA"", ""MEX"", ""NIG"", ""RUS"", ""SKT"", ""USA""]",Secondary production share,,,100.0,31.74999999569395,Mt/yr,94.49997372278058,Mt/yr,noce,0.0,historical,2019,0.0,baseline_noce,2019.0,,,,,,
baseline_noce,NDC+LTT,No CE,f,Global,Aluminium,Total,2050,133.01408676120656,Mt/yr,context,"[""Production|Non-Ferrous Metals|Aluminum|Primary"", ""Production|Non-Ferrous Metals|Aluminum|Secondary""]",fig05_material_production,,,,,,"[""AFE"", ""AFN"", ""AFW"", ""AFZ"", ""ANZ"", ""ASC"", ""ASE"", ""ASO"", ""BRA"", ""CAN"", ""CHL"", ""CHN"", ""ENE"", ""ENW"", ""EUE"", ""EUM"", ""EUW"", ""IDN"", ""IND"", ""JPN"", ""LAM"", ""MDA"", ""MEA"", ""MEX"", ""NIG"", ""RUS"", ""SKT"", ""USA""]",Material production,,,1.0,133.01408676120656,Mt/yr,,,noce,1.0,future,No CE,0.0,,,,,,,,
baseline_noce,NDC+LTT,No CE,f,Global,Aluminium,Primary,2050,68.45857888402483,Mt/yr,plotted,"[""Production|Non-Ferrous Metals|Aluminum|Primary""]",fig05_material_production,,,,,,"[""AFE"", ""AFN"", ""AFW"", ""AFZ"", ""ANZ"", ""ASC"", ""ASE"", ""ASO"", ""BRA"", ""CAN"", ""CHL"", ""CHN"", ""ENE"", ""ENW"", ""EUE"", ""EUM"", ""EUW"", ""IDN"", ""IND"", ""JPN"", ""LAM"", ""MDA"", ""MEA"", ""MEX"", ""NIG"", ""RUS"", ""SKT"", ""USA""]",Material production,,,1.0,68.45857888402483,Mt/yr,,,noce,1.0,future,No CE,0.0,,,,,,,,
baseline_noce,NDC+LTT,No CE,f,Global,Aluminium,Secondary,2050,64.55550787718173,Mt/yr,plotted,"[""Production|Non-Ferrous Metals|Aluminum|Secondary""]",fig05_material_production,,,,,,"[""AFE"", ""AFN"", ""AFW"", ""AFZ"", ""ANZ"", ""ASC"", ""ASE"", ""ASO"", ""BRA"", ""CAN"", ""CHL"", ""CHN"", ""ENE"", ""ENW"", ""EUE"", ""EUM"", ""EUW"", ""IDN"", ""IND"", ""JPN"", ""LAM"", ""MDA"", ""MEA"", ""MEX"", ""NIG"", ""RUS"", ""SKT"", ""USA""]",Material production,,,1.0,64.55550787718173,Mt/yr,,,noce,1.0,future,No CE,0.0,,,,,,,,
baseline_noce,NDC+LTT,No CE,f,Global,Aluminium,Secondary,2050,48.53283546807712,%,context,"[""Production|Non-Ferrous Metals|Aluminum|Primary"", ""Production|Non-Ferrous Metals|Aluminum|Secondary""]",fig05_material_production,,,,,,"[""AFE"", ""AFN"", ""AFW"", ""AFZ"", ""ANZ"", ""ASC"", ""ASE"", ""ASO"", ""BRA"", ""CAN"", ""CHL"", ""CHN"", ""ENE"", ""ENW"", ""EUE"", ""EUM"", ""EUW"", ""IDN"", ""IND"", ""JPN"", ""LAM"", ""MDA"", ""MEA"", ""MEX"", ""NIG"", ""RUS"", ""SKT"", ""USA""]",Secondary production share,,,100.0,64.55550787718173,Mt/yr,133.01408676120656,Mt/yr,noce,1.0,future,No CE,0.0,baseline_noce,2050.0,,,,,,
baseline_noce,NDC+LTT,No CE,f,Global,Aluminium,Total,2050,0.0,%,context,"[""Production|Non-Ferrous Metals|Aluminum|Primary"", ""Production|Non-Ferrous Metals|Aluminum|Secondary""]",fig05_material_production,,,,,,"[""AFE"", ""AFN"", ""AFW"", ""AFZ"", ""ANZ"", ""ASC"", ""ASE"", ""ASO"", ""BRA"", ""CAN"", ""CHL"", ""CHN"", ""ENE"", ""ENW"", ""EUE"", ""EUM"", ""EUW"", ""IDN"", ""IND"", ""JPN"", ""LAM"", ""MDA"", ""MEA"", ""MEX"", ""NIG"", ""RUS"", ""SKT"", ""USA""]",Production change from no CE,,,100.0,133.01408676120656,Mt/yr,133.01408676120656,Mt/yr,noce,1.0,future,No CE,-100.0,baseline_noce,2050.0,,,,,,
baseline_medce_eu,NDC+LTT,"Medium CE, EU",f,Global,Aluminium,Total,2050,133.24726679792946,Mt/yr,context,"[""Production|Non-Ferrous Metals|Aluminum|Primary"", ""Production|Non-Ferrous Metals|Aluminum|Secondary""]",fig05_material_production,,,,,,"[""AFE"", ""AFN"", ""AFW"", ""AFZ"", ""ANZ"", ""ASC"", ""ASE"", ""ASO"", ""BRA"", ""CAN"", ""CHL"", ""CHN"", ""ENE"", ""ENW"", ""EUE"", ""EUM"", ""EUW"", ""IDN"", ""IND"", ""JPN"", ""LAM"", ""MDA"", ""MEA"", ""MEX"", ""NIG"", ""RUS"", ""SKT"", ""USA""]",Material production,,,1.0,133.24726679792946,Mt/yr,,,medce_eu,2.0,future,M–EU,0.0,,,,,,,,
baseline_medce_eu,NDC+LTT,"Medium CE, EU",f,Global,Aluminium,Primary,2050,67.66769248313285,Mt/yr,plotted,"[""Production|Non-Ferrous Metals|Aluminum|Primary""]",fig05_material_production,,,,,,"[""AFE"", ""AFN"", ""AFW"", ""AFZ"", ""ANZ"", ""ASC"", ""ASE"", ""ASO"", ""BRA"", ""CAN"", ""CHL"", ""CHN"", ""ENE"", ""ENW"", ""EUE"", ""EUM"", ""EUW"", ""IDN"", ""IND"", ""JPN"", ""LAM"", ""MDA"", ""MEA"", ""MEX"", ""NIG"", ""RUS"", ""SKT"", ""USA""]",Material production,,,1.0,67.66769248313285,Mt/yr,,,medce_eu,2.0,future,M–EU,0.0,,,,,,,,
baseline_medce_eu,NDC+LTT,"Medium CE, EU",f,Global,Aluminium,Secondary,2050,65.57957431479662,Mt/yr,plotted,"[""Production|Non-Ferrous Metals|Aluminum|Secondary""]",fig05_material_production,,,,,,"[""AFE"", ""AFN"", ""AFW"", ""AFZ"", ""ANZ"", ""ASC"", ""ASE"", ""ASO"", ""BRA"", ""CAN"", ""CHL"", ""CHN"", ""ENE"", ""ENW"", ""EUE"", ""EUM"", ""EUW"", ""IDN"", ""IND"", ""JPN"", ""LAM"", ""MDA"", ""MEA"", ""MEX"", ""NIG"", ""RUS"", ""SKT"", ""USA""]",Material production,,,1.0,65.57957431479662,Mt/yr,,,medce_eu,2.0,future,M–EU,0.0,,,,,,,,
baseline_medce_eu,NDC+LTT,"Medium CE, EU",f,Global,Aluminium,Secondary,2050,49.216449906059665,%,context,"[""Production|Non-Ferrous Metals|Aluminum|Primary"", ""Production|Non-Ferrous Metals|Aluminum|Secondary""]",fig05_material_production,,,,,,"[""AFE"", ""AFN"", ""AFW"", ""AFZ"", ""ANZ"", ""ASC"", ""ASE"", ""ASO"", ""BRA"", ""CAN"", ""CHL"", ""CHN"", ""ENE"", ""ENW"", ""EUE"", ""EUM"", ""EUW"", ""IDN"", ""IND"", ""JPN"", ""LAM"", ""MDA"", ""MEA"", ""MEX"", ""NIG"", ""RUS"", ""SKT"", ""USA""]",Secondary production share,,,100.0,65.57957431479662,Mt/yr,133.24726679792946,Mt/yr,medce_eu,2.0,future,M–EU,0.0,baseline_medce_eu,2050.0,,,,,,
baseline_medce_eu,NDC+LTT,"Medium CE, EU",f,Global,Aluminium,Total,2050,0.17530476839007747,%,context,"[""Production|Non-Ferrous Metals|Aluminum|Primary"", ""Production|Non-Ferrous Metals|Aluminum|Secondary""]",fig05_material_production,,,,,,"[""AFE"", ""AFN"", ""AFW"", ""AFZ"", ""ANZ"", ""ASC"", ""ASE"", ""ASO"", ""BRA"", ""CAN"", ""CHL"", ""CHN"", ""ENE"", ""ENW"", ""EUE"", ""EUM"", ""EUW"", ""IDN"", ""IND"", ""JPN"", ""LAM"", ""MDA"", ""MEA"", ""MEX"", ""NIG"", ""RUS"", ""SKT"", ""USA""]",Production change from no CE,,,100.0,133.24726679792946,Mt/yr,133.01408676120656,Mt/yr,medce_eu,2.0,future,M–EU,-100.0,baseline_noce,2050.0,,,,,,
baseline_highce_eu,NDC+LTT,"High CE, EU",f,Global,Aluminium,Total,2050,132.78035378988596,Mt/yr,context,"[""Production|Non-Ferrous Metals|Aluminum|Primary"", ""Production|Non-Ferrous Metals|Aluminum|Secondary""]",fig05_material_production,,,,,,"[""AFE"", ""AFN"", ""AFW"", ""AFZ"", ""ANZ"", ""ASC"", ""ASE"", ""ASO"", ""BRA"", ""CAN"", ""CHL"", ""CHN"", ""ENE"", ""ENW"", ""EUE"", ""EUM"", ""EUW"", ""IDN"", ""IND"", ""JPN"", ""LAM"", ""MDA"", ""MEA"", ""MEX"", ""NIG"", ""RUS"", ""SKT"", ""USA""]",Material production,,,1.0,132.78035378988596,Mt/yr,,,highce_eu,3.0,future,H–EU,0.0,,,,,,,,
baseline_highce_eu,NDC+LTT,"High CE, EU",f,Global,Aluminium,Primary,2050,66.39963344641049,Mt/yr,plotted,"[""Production|Non-Ferrous Metals|Aluminum|Primary""]",fig05_material_production,,,,,,"[""AFE"", ""AFN"", ""AFW"", ""AFZ"", ""ANZ"", ""ASC"", ""ASE"", ""ASO"", ""BRA"", ""CAN"", ""CHL"", ""CHN"", ""ENE"", ""ENW"", ""EUE"", ""EUM"", ""EUW"", ""IDN"", ""IND"", ""JPN"", ""LAM"", ""MDA"", ""MEA"", ""MEX"", ""NIG"", ""RUS"", ""SKT"", ""USA""]",Material production,,,1.0,66.39963344641049,Mt/yr,,,highce_eu,3.0,future,H–EU,0.0,,,,,,,,
baseline_highce_eu,NDC+LTT,"High CE, EU",f,Global,Aluminium,Secondary,2050,66.38072034347547,Mt/yr,plotted,"[""Production|Non-Ferrous Metals|Aluminum|Secondary""]",fig05_material_production,,,,,,"[""AFE"", ""AFN"", ""AFW"", ""AFZ"", ""ANZ"", ""ASC"", ""ASE"", ""ASO"", ""BRA"", ""CAN"", ""CHL"", ""CHN"", ""ENE"", ""ENW"", ""EUE"", ""EUM"", ""EUW"", ""IDN"", ""IND"", ""JPN"", ""LAM"", ""MDA"", ""MEA"", ""MEX"", ""NIG"", ""RUS"", ""SKT"", ""USA""]",Material production,,,1.0,66.38072034347547,Mt/yr,,,highce_eu,3.0,future,H–EU,0.0,,,,,,,,
baseline_highce_eu,NDC+LTT,"High CE, EU",f,Global,Aluminium,Secondary,2050,49.99287804920111,%,context,"[""Production|Non-Ferrous Metals|Aluminum|Primary"", ""Production|Non-Ferrous Metals|Aluminum|Secondary""]",fig05_material_production,,,,,,"[""AFE"", ""AFN"", ""AFW"", ""AFZ"", ""ANZ"", ""ASC"", ""ASE"", ""ASO"", ""BRA"", ""CAN"", ""CHL"", ""CHN"", ""ENE"", ""ENW"", ""EUE"", ""EUM"", ""EUW"", ""IDN"", ""IND"", ""JPN"", ""LAM"", ""MDA"", ""MEA"", ""MEX"", ""NIG"", ""RUS"", ""SKT"", ""USA""]",Secondary production share,,,100.0,66.38072034347547,Mt/yr,132.78035378988596,Mt/yr,highce_eu,3.0,future,H–EU,0.0,baseline_highce_eu,2050.0,,,,,,
baseline_highce_eu,NDC+LTT,"High CE, EU",f,Global,Aluminium,Total,2050,-0.17572046466041513,%,context,"[""Production|Non-Ferrous Metals|Aluminum|Primary"", ""Production|Non-Ferrous Metals|Aluminum|Secondary""]",fig05_material_production,,,,,,"[""AFE"", ""AFN"", ""AFW"", ""AFZ"", ""ANZ"", ""ASC"", ""ASE"", ""ASO"", ""BRA"", ""CAN"", ""CHL"", ""CHN"", ""ENE"", ""ENW"", ""EUE"", ""EUM"", ""EUW"", ""IDN"", ""IND"", ""JPN"", ""LAM"", ""MDA"", ""MEA"", ""MEX"", ""NIG"", ""RUS"", ""SKT"", ""USA""]",Production change from no CE,,,100.0,132.78035378988596,Mt/yr,133.01408676120656,Mt/yr,highce_eu,3.0,future,H–EU,-100.0,baseline_noce,2050.0,,,,,,
baseline_medce_gbl,NDC+LTT,"Medium CE, EU + partners",f,Global,Aluminium,Total,2050,123.14233177642572,Mt/yr,context,"[""Production|Non-Ferrous Metals|Aluminum|Primary"", ""Production|Non-Ferrous Metals|Aluminum|Secondary""]",fig05_material_production,,,,,,"[""AFE"", ""AFN"", ""AFW"", ""AFZ"", ""ANZ"", ""ASC"", ""ASE"", ""ASO"", ""BRA"", ""CAN"", ""CHL"", ""CHN"", ""ENE"", ""ENW"", ""EUE"", ""EUM"", ""EUW"", ""IDN"", ""IND"", ""JPN"", ""LAM"", ""MDA"", ""MEA"", ""MEX"", ""NIG"", ""RUS"", ""SKT"", ""USA""]",Material production,,,1.0,123.14233177642572,Mt/yr,,,medce_gbl,4.0,future,M–EU+,0.0,,,,,,,,
baseline_medce_gbl,NDC+LTT,"Medium CE, EU + partners",f,Global,Aluminium,Primary,2050,54.74552170984346,Mt/yr,plotted,"[""Production|Non-Ferrous Metals|Aluminum|Primary""]",fig05_material_production,,,,,,"[""AFE"", ""AFN"", ""AFW"", ""AFZ"", ""ANZ"", ""ASC"", ""ASE"", ""ASO"", ""BRA"", ""CAN"", ""CHL"", ""CHN"", ""ENE"", ""ENW"", ""EUE"", ""EUM"", ""EUW"", ""IDN"", ""IND"", ""JPN"", ""LAM"", ""MDA"", ""MEA"", ""MEX"", ""NIG"", ""RUS"", ""SKT"", ""USA""]",Material production,,,1.0,54.74552170984346,Mt/yr,,,medce_gbl,4.0,future,M–EU+,0.0,,,,,,,,
baseline_medce_gbl,NDC+LTT,"Medium CE, EU + partners",f,Global,Aluminium,Secondary,2050,68.39681006658226,Mt/yr,plotted,"[""Production|Non-Ferrous Metals|Aluminum|Secondary""]",fig05_material_production,,,,,,"[""AFE"", ""AFN"", ""AFW"", ""AFZ"", ""ANZ"", ""ASC"", ""ASE"", ""ASO"", ""BRA"", ""CAN"", ""CHL"", ""CHN"", ""ENE"", ""ENW"", ""EUE"", ""EUM"", ""EUW"", ""IDN"", ""IND"", ""JPN"", ""LAM"", ""MDA"", ""MEA"", ""MEX"", ""NIG"", ""RUS"", ""SKT"", ""USA""]",Material production,,,1.0,68.39681006658226,Mt/yr,,,medce_gbl,4.0,future,M–EU+,0.0,,,,,,,,
baseline_medce_gbl,NDC+LTT,"Medium CE, EU + partners",f,Global,Aluminium,Secondary,2050,55.5428901498811,%,context,"[""Production|Non-Ferrous Metals|Aluminum|Primary"", ""Production|Non-Ferrous Metals|Aluminum|Secondary""]",fig05_material_production,,,,,,"[""AFE"", ""AFN"", ""AFW"", ""AFZ"", ""ANZ"", ""ASC"", ""ASE"", ""ASO"", ""BRA"", ""CAN"", ""CHL"", ""CHN"", ""ENE"", ""ENW"", ""EUE"", ""EUM"", ""EUW"", ""IDN"", ""IND"", ""JPN"", ""LAM"", ""MDA"", ""MEA"", ""MEX"", ""NIG"", ""RUS"", ""SKT"", ""USA""]",Secondary production share,,,100.0,68.39681006658226,Mt/yr,123.14233177642572,Mt/yr,medce_gbl,4.0,future,M–EU+,0.0,baseline_medce_gbl,2050.0,,,,,,
baseline_medce_gbl,NDC+LTT,"Medium CE, EU + partners",f,Global,Aluminium,Total,2050,-7.4215861080210885,%,context,"[""Production|Non-Ferrous Metals|Aluminum|Primary"", ""Production|Non-Ferrous Metals|Aluminum|Secondary""]",fig05_material_production,,,,,,"[""AFE"", ""AFN"", ""AFW"", ""AFZ"", ""ANZ"", ""ASC"", ""ASE"", ""ASO"", ""BRA"", ""CAN"", ""CHL"", ""CHN"", ""ENE"", ""ENW"", ""EUE"", ""EUM"", ""EUW"", ""IDN"", ""IND"", ""JPN"", ""LAM"", ""MDA"", ""MEA"", ""MEX"", ""NIG"", ""RUS"", ""SKT"", ""USA""]",Production change from no CE,,,100.0,123.14233177642572,Mt/yr,133.01408676120656,Mt/yr,medce_gbl,4.0,future,M–EU+,-100.0,baseline_noce,2050.0,,,,,,
baseline_highce_gbl,NDC+LTT,"High CE, EU + partners",f,Global,Aluminium,Total,2050,113.38258478137469,Mt/yr,context,"[""Production|Non-Ferrous Metals|Aluminum|Primary"", ""Production|Non-Ferrous Metals|Aluminum|Secondary""]",fig05_material_production,,,,,,"[""AFE"", ""AFN"", ""AFW"", ""AFZ"", ""ANZ"", ""ASC"", ""ASE"", ""ASO"", ""BRA"", ""CAN"", ""CHL"", ""CHN"", ""ENE"", ""ENW"", ""EUE"", ""EUM"", ""EUW"", ""IDN"", ""IND"", ""JPN"", ""LAM"", ""MDA"", ""MEA"", ""MEX"", ""NIG"", ""RUS"", ""SKT"", ""USA""]",Material production,,,1.0,113.38258478137469,Mt/yr,,,highce_gbl,5.0,future,H–EU+,0.0,,,,,,,,
baseline_highce_gbl,NDC+LTT,"High CE, EU + partners",f,Global,Aluminium,Primary,2050,40.97444503218078,Mt/yr,plotted,"[""Production|Non-Ferrous Metals|Aluminum|Primary""]",fig05_material_production,,,,,,"[""AFE"", ""AFN"", ""AFW"", ""AFZ"", ""ANZ"", ""ASC"", ""ASE"", ""ASO"", ""BRA"", ""CAN"", ""CHL"", ""CHN"", ""ENE"", ""ENW"", ""EUE"", ""EUM"", ""EUW"", ""IDN"", ""IND"", ""JPN"", ""LAM"", ""MDA"", ""MEA"", ""MEX"", ""NIG"", ""RUS"", ""SKT"", ""USA""]",Material production,,,1.0,40.97444503218078,Mt/yr,,,highce_gbl,5.0,future,H–EU+,0.0,,,,,,,,
baseline_highce_gbl,NDC+LTT,"High CE, EU + partners",f,Global,Aluminium,Secondary,2050,72.40813974919391,Mt/yr,plotted,"[""Production|Non-Ferrous Metals|Aluminum|Secondary""]",fig05_material_production,,,,,,"[""AFE"", ""AFN"", ""AFW"", ""AFZ"", ""ANZ"", ""ASC"", ""ASE"", ""ASO"", ""BRA"", ""CAN"", ""CHL"", ""CHN"", ""ENE"", ""ENW"", ""EUE"", ""EUM"", ""EUW"", ""IDN"", ""IND"", ""JPN"", ""LAM"", ""MDA"", ""MEA"", ""MEX"", ""NIG"", ""RUS"", ""SKT"", ""USA""]",Material production,,,1.0,72.40813974919391,Mt/yr,,,highce_gbl,5.0,future,H–EU+,0.0,,,,,,,,
baseline_highce_gbl,NDC+LTT,"High CE, EU + partners",f,Global,Aluminium,Secondary,2050,63.86178255577074,%,context,"[""Production|Non-Ferrous Metals|Aluminum|Primary"", ""Production|Non-Ferrous Metals|Aluminum|Secondary""]",fig05_material_production,,,,,,"[""AFE"", ""AFN"", ""AFW"", ""AFZ"", ""ANZ"", ""ASC"", ""ASE"", ""ASO"", ""BRA"", ""CAN"", ""CHL"", ""CHN"", ""ENE"", ""ENW"", ""EUE"", ""EUM"", ""EUW"", ""IDN"", ""IND"", ""JPN"", ""LAM"", ""MDA"", ""MEA"", ""MEX"", ""NIG"", ""RUS"", ""SKT"", ""USA""]",Secondary production share,,,100.0,72.40813974919391,Mt/yr,113.38258478137469,Mt/yr,highce_gbl,5.0,future,H–EU+,0.0,baseline_highce_gbl,2050.0,,,,,,
baseline_highce_gbl,NDC+LTT,"High CE, EU + partners",f,Global,Aluminium,Total,2050,-14.758964601302196,%,context,"[""Production|Non-Ferrous Metals|Aluminum|Primary"", ""Production|Non-Ferrous Metals|Aluminum|Secondary""]",fig05_material_production,,,,,,"[""AFE"", ""AFN"", ""AFW"", ""AFZ"", ""ANZ"", ""ASC"", ""ASE"", ""ASO"", ""BRA"", ""CAN"", ""CHL"", ""CHN"", ""ENE"", ""ENW"", ""EUE"", ""EUM"", ""EUW"", ""IDN"", ""IND"", ""JPN"", ""LAM"", ""MDA"", ""MEA"", ""MEX"", ""NIG"", ""RUS"", ""SKT"", ""USA""]",Production change from no CE,,,100.0,113.38258478137469,Mt/yr,133.01408676120656,Mt/yr,highce_gbl,5.0,future,H–EU+,-100.0,baseline_noce,2050.0,,,,,,
ndc_noce,NDC,No CE,a,Global,Cement,Electricity,2019,1.7112106174892028,EJ/yr,plotted,"[""Final Energy|Industry|Non-Metallic Minerals|Cement|Electricity""]",fig06_energy_mix,,,,,,"[""AFE"", ""AFN"", ""AFW"", ""AFZ"", ""ANZ"", ""ASC"", ""ASE"", ""ASO"", ""BRA"", ""CAN"", ""CHL"", ""CHN"", ""ENE"", ""ENW"", ""EUE"", ""EUM"", ""EUW"", ""IDN"", ""IND"", ""JPN"", ""LAM"", ""MDA"", ""MEA"", ""MEX"", ""NIG"", ""RUS"", ""SKT"", ""USA""]",Final energy,,,1.0,1.7112106174892028,EJ/yr,,,noce,0.0,historical,2019,0.0,,,,,,,,
ndc_noce,NDC,No CE,a,Global,Cement,Gases,2019,1.5175769436631676,EJ/yr,plotted,"[""Final Energy|Industry|Non-Metallic Minerals|Cement|Gases""]",fig06_energy_mix,,,,,,"[""AFE"", ""AFN"", ""AFW"", ""AFZ"", ""ANZ"", ""ASC"", ""ASE"", ""ASO"", ""BRA"", ""CAN"", ""CHL"", ""CHN"", ""ENE"", ""ENW"", ""EUE"", ""EUM"", ""EUW"", ""IDN"", ""IND"", ""JPN"", ""LAM"", ""MDA"", ""MEA"", ""MEX"", ""NIG"", ""RUS"", ""SKT"", ""USA""]",Final energy,,,1.0,1.5175769436631676,EJ/yr,,,noce,0.0,historical,2019,0.0,,,,,,,,
ndc_noce,NDC,No CE,a,Global,Cement,Liquids,2019,1.3209977760460607,EJ/yr,plotted,"[""Final Energy|Industry|Non-Metallic Minerals|Cement|Liquids""]",fig06_energy_mix,,,,,,"[""AFE"", ""AFN"", ""AFW"", ""AFZ"", ""ANZ"", ""ASC"", ""ASE"", ""ASO"", ""BRA"", ""CAN"", ""CHL"", ""CHN"", ""ENE"", ""ENW"", ""EUE"", ""EUM"", ""EUW"", ""IDN"", ""IND"", ""JPN"", ""LAM"", ""MDA"", ""MEA"", ""MEX"", ""NIG"", ""RUS"", ""SKT"", ""USA""]",Final energy,,,1.0,1.3209977760460607,EJ/yr,,,noce,0.0,historical,2019,0.0,,,,,,,,
ndc_noce,NDC,No CE,a,Global,Cement,Solids,2019,7.657858569560997,EJ/yr,plotted,"[""Final Energy|Industry|Non-Metallic Minerals|Cement|Solids""]",fig06_energy_mix,,,,,,"[""AFE"", ""AFN"", ""AFW"", ""AFZ"", ""ANZ"", ""ASC"", ""ASE"", ""ASO"", ""BRA"", ""CAN"", ""CHL"", ""CHN"", ""ENE"", ""ENW"", ""EUE"", ""EUM"", ""EUW"", ""IDN"", ""IND"", ""JPN"", ""LAM"", ""MDA"", ""MEA"", ""MEX"", ""NIG"", ""RUS"", ""SKT"", ""USA""]",Final energy,,,1.0,7.657858569560997,EJ/yr,,,noce,0.0,historical,2019,0.0,,,,,,,,
ndc_noce,NDC,No CE,a,Global,Cement,Total,2019,12.207643906759428,EJ/yr,context,"[""Final Energy|Industry|Non-Metallic Minerals|Cement|Electricity"", ""Final Energy|Industry|Non-Metallic Minerals|Cement|Gases"", ""Final Energy|Industry|Non-Metallic Minerals|Cement|Liquids"", ""Final Energy|Industry|Non-Metallic Minerals|Cement|Solids""]",fig06_energy_mix,,,,,,"[""AFE"", ""AFN"", ""AFW"", ""AFZ"", ""ANZ"", ""ASC"", ""ASE"", ""ASO"", ""BRA"", ""CAN"", ""CHL"", ""CHN"", ""ENE"", ""ENW"", ""EUE"", ""EUM"", ""EUW"", ""IDN"", ""IND"", ""JPN"", ""LAM"", ""MDA"", ""MEA"", ""MEX"", ""NIG"", ""RUS"", ""SKT"", ""USA""]",Final energy,,,1.0,12.207643906759428,EJ/yr,,,noce,0.0,historical,2019,0.0,,,,,,,,
ndc_noce,NDC,No CE,a,Global,Cement,Electricity,2050,2.171451779546253,EJ/yr,plotted,"[""Final Energy|Industry|Non-Metallic Minerals|Cement|Electricity""]",fig06_energy_mix,,,,,,"[""AFE"", ""AFN"", ""AFW"", ""AFZ"", ""ANZ"", ""ASC"", ""ASE"", ""ASO"", ""BRA"", ""CAN"", ""CHL"", ""CHN"", ""ENE"", ""ENW"", ""EUE"", ""EUM"", ""EUW"", ""IDN"", ""IND"", ""JPN"", ""LAM"", ""MDA"", ""MEA"", ""MEX"", ""NIG"", ""RUS"", ""SKT"", ""USA""]",Final energy,,,1.0,2.171451779546253,EJ/yr,,,noce,1.0,future,No CE,0.0,,,,,,,,
ndc_noce,NDC,No CE,a,Global,Cement,Gases,2050,1.2247294921766279,EJ/yr,plotted,"[""Final Energy|Industry|Non-Metallic Minerals|Cement|Gases""]",fig06_energy_mix,,,,,,"[""AFE"", ""AFN"", ""AFW"", ""AFZ"", ""ANZ"", ""ASC"", ""ASE"", ""ASO"", ""BRA"", ""CAN"", ""CHL"", ""CHN"", ""ENE"", ""ENW"", ""EUE"", ""EUM"", ""EUW"", ""IDN"", ""IND"", ""JPN"", ""LAM"", ""MDA"", ""MEA"", ""MEX"", ""NIG"", ""RUS"", ""SKT"", ""USA""]",Final energy,,,1.0,1.2247294921766279,EJ/yr,,,noce,1.0,future,No CE,0.0,,,,,,,,
ndc_noce,NDC,No CE,a,Global,Cement,Liquids,2050,0.8927975146341738,EJ/yr,plotted,"[""Final Energy|Industry|Non-Metallic Minerals|Cement|Liquids""]",fig06_energy_mix,,,,,,"[""AFE"", ""AFN"", ""AFW"", ""AFZ"", ""ANZ"", ""ASC"", ""ASE"", ""ASO"", ""BRA"", ""CAN"", ""CHL"", ""CHN"", ""ENE"", ""ENW"", ""EUE"", ""EUM"", ""EUW"", ""IDN"", ""IND"", ""JPN"", ""LAM"", ""MDA"", ""MEA"", ""MEX"", ""NIG"", ""RUS"", ""SKT"", ""USA""]",Final energy,,,1.0,0.8927975146341738,EJ/yr,,,noce,1.0,future,No CE,0.0,,,,,,,,
ndc_noce,NDC,No CE,a,Global,Cement,Solids,2050,5.890762860998873,EJ/yr,plotted,"[""Final Energy|Industry|Non-Metallic Minerals|Cement|Solids""]",fig06_energy_mix,,,,,,"[""AFE"", ""AFN"", ""AFW"", ""AFZ"", ""ANZ"", ""ASC"", ""ASE"", ""ASO"", ""BRA"", ""CAN"", ""CHL"", ""CHN"", ""ENE"", ""ENW"", ""EUE"", ""EUM"", ""EUW"", ""IDN"", ""IND"", ""JPN"", ""LAM"", ""MDA"", ""MEA"", ""MEX"", ""NIG"", ""RUS"", ""SKT"", ""USA""]",Final energy,,,1.0,5.890762860998873,EJ/yr,,,noce,1.0,future,No CE,0.0,,,,,,,,
ndc_noce,NDC,No CE,a,Global,Cement,Total,2050,10.179741647355927,EJ/yr,context,"[""Final Energy|Industry|Non-Metallic Minerals|Cement|Electricity"", ""Final Energy|Industry|Non-Metallic Minerals|Cement|Gases"", ""Final Energy|Industry|Non-Metallic Minerals|Cement|Liquids"", ""Final Energy|Industry|Non-Metallic Minerals|Cement|Solids""]",fig06_energy_mix,,,,,,"[""AFE"", ""AFN"", ""AFW"", ""AFZ"", ""ANZ"", ""ASC"", ""ASE"", ""ASO"", ""BRA"", ""CAN"", ""CHL"", ""CHN"", ""ENE"", ""ENW"", ""EUE"", ""EUM"", ""EUW"", ""IDN"", ""IND"", ""JPN"", ""LAM"", ""MDA"", ""MEA"", ""MEX"", ""NIG"", ""RUS"", ""SKT"", ""USA""]",Final energy,,,1.0,10.179741647355927,EJ/yr,,,noce,1.0,future,No CE,0.0,,,,,,,,
ndc_noce,NDC,No CE,a,Global,Cement,Total,2050,0.0,%,context,"[""Final Energy|Industry|Non-Metallic Minerals|Cement|Electricity"", ""Final Energy|Industry|Non-Metallic Minerals|Cement|Gases"", ""Final Energy|Industry|Non-Metallic Minerals|Cement|Liquids"", ""Final Energy|Industry|Non-Metallic Minerals|Cement|Solids""]",fig06_energy_mix,,,,,,"[""AFE"", ""AFN"", ""AFW"", ""AFZ"", ""ANZ"", ""ASC"", ""ASE"", ""ASO"", ""BRA"", ""CAN"", ""CHL"", ""CHN"", ""ENE"", ""ENW"", ""EUE"", ""EUM"", ""EUW"", ""IDN"", ""IND"", ""JPN"", ""LAM"", ""MDA"", ""MEA"", ""MEX"", ""NIG"", ""RUS"", ""SKT"", ""USA""]",Final energy change from no CE,,,100.0,10.179741647355927,EJ/yr,10.179741647355927,EJ/yr,noce,1.0,future,No CE,-100.0,ndc_noce,2050.0,,,,,,
ndc_medce_eu,NDC,"Medium CE, EU",a,Global,Cement,Electricity,2050,2.191147373271239,EJ/yr,plotted,"[""Final Energy|Industry|Non-Metallic Minerals|Cement|Electricity""]",fig06_energy_mix,,,,,,"[""AFE"", ""AFN"", ""AFW"", ""AFZ"", ""ANZ"", ""ASC"", ""ASE"", ""ASO"", ""BRA"", ""CAN"", ""CHL"", ""CHN"", ""ENE"", ""ENW"", ""EUE"", ""EUM"", ""EUW"", ""IDN"", ""IND"", ""JPN"", ""LAM"", ""MDA"", ""MEA"", ""MEX"", ""NIG"", ""RUS"", ""SKT"", ""USA""]",Final energy,,,1.0,2.191147373271239,EJ/yr,,,medce_eu,2.0,future,M–EU,0.0,,,,,,,,
ndc_medce_eu,NDC,"Medium CE, EU",a,Global,Cement,Gases,2050,1.235521599861393,EJ/yr,plotted,"[""Final Energy|Industry|Non-Metallic Minerals|Cement|Gases""]",fig06_energy_mix,,,,,,"[""AFE"", ""AFN"", ""AFW"", ""AFZ"", ""ANZ"", ""ASC"", ""ASE"", ""ASO"", ""BRA"", ""CAN"", ""CHL"", ""CHN"", ""ENE"", ""ENW"", ""EUE"", ""EUM"", ""EUW"", ""IDN"", ""IND"", ""JPN"", ""LAM"", ""MDA"", ""MEA"", ""MEX"", ""NIG"", ""RUS"", ""SKT"", ""USA""]",Final energy,,,1.0,1.235521599861393,EJ/yr,,,medce_eu,2.0,future,M–EU,0.0,,,,,,,,
ndc_medce_eu,NDC,"Medium CE, EU",a,Global,Cement,Liquids,2050,0.8980844299768953,EJ/yr,plotted,"[""Final Energy|Industry|Non-Metallic Minerals|Cement|Liquids""]",fig06_energy_mix,,,,,,"[""AFE"", ""AFN"", ""AFW"", ""AFZ"", ""ANZ"", ""ASC"", ""ASE"", ""ASO"", ""BRA"", ""CAN"", ""CHL"", ""CHN"", ""ENE"", ""ENW"", ""EUE"", ""EUM"", ""EUW"", ""IDN"", ""IND"", ""JPN"", ""LAM"", ""MDA"", ""MEA"", ""MEX"", ""NIG"", ""RUS"", ""SKT"", ""USA""]",Final energy,,,1.0,0.8980844299768953,EJ/yr,,,medce_eu,2.0,future,M–EU,0.0,,,,,,,,
ndc_medce_eu,NDC,"Medium CE, EU",a,Global,Cement,Solids,2050,5.9238695361004,EJ/yr,plotted,"[""Final Energy|Industry|Non-Metallic Minerals|Cement|Solids""]",fig06_energy_mix,,,,,,"[""AFE"", ""AFN"", ""AFW"", ""AFZ"", ""ANZ"", ""ASC"", ""ASE"", ""ASO"", ""BRA"", ""CAN"", ""CHL"", ""CHN"", ""ENE"", ""ENW"", ""EUE"", ""EUM"", ""EUW"", ""IDN"", ""IND"", ""JPN"", ""LAM"", ""MDA"", ""MEA"", ""MEX"", ""NIG"", ""RUS"", ""SKT"", ""USA""]",Final energy,,,1.0,5.9238695361004,EJ/yr,,,medce_eu,2.0,future,M–EU,0.0,,,,,,,,
ndc_medce_eu,NDC,"Medium CE, EU",a,Global,Cement,Total,2050,10.248622939209927,EJ/yr,context,"[""Final Energy|Industry|Non-Metallic Minerals|Cement|Electricity"", ""Final Energy|Industry|Non-Metallic Minerals|Cement|Gases"", ""Final Energy|Industry|Non-Metallic Minerals|Cement|Liquids"", ""Final Energy|Industry|Non-Metallic Minerals|Cement|Solids""]",fig06_energy_mix,,,,,,"[""AFE"", ""AFN"", ""AFW"", ""AFZ"", ""ANZ"", ""ASC"", ""ASE"", ""ASO"", ""BRA"", ""CAN"", ""CHL"", ""CHN"", ""ENE"", ""ENW"", ""EUE"", ""EUM"", ""EUW"", ""IDN"", ""IND"", ""JPN"", ""LAM"", ""MDA"", ""MEA"", ""MEX"", ""NIG"", ""RUS"", ""SKT"", ""USA""]",Final energy,,,1.0,10.248622939209927,EJ/yr,,,medce_eu,2.0,future,M–EU,0.0,,,,,,,,
ndc_medce_eu,NDC,"Medium CE, EU",a,Global,Cement,Total,2050,0.6766506876123941,%,context,"[""Final Energy|Industry|Non-Metallic Minerals|Cement|Electricity"", ""Final Energy|Industry|Non-Metallic Minerals|Cement|Gases"", ""Final Energy|Industry|Non-Metallic Minerals|Cement|Liquids"", ""Final Energy|Industry|Non-Metallic Minerals|Cement|Solids""]",fig06_energy_mix,,,,,,"[""AFE"", ""AFN"", ""AFW"", ""AFZ"", ""ANZ"", ""ASC"", ""ASE"", ""ASO"", ""BRA"", ""CAN"", ""CHL"", ""CHN"", ""ENE"", ""ENW"", ""EUE"", ""EUM"", ""EUW"", ""IDN"", ""IND"", ""JPN"", ""LAM"", ""MDA"", ""MEA"", ""MEX"", ""NIG"", ""RUS"", ""SKT"", ""USA""]",Final energy change from no CE,,,100.0,10.248622939209927,EJ/yr,10.179741647355927,EJ/yr,medce_eu,2.0,future,M–EU,-100.0,ndc_noce,2050.0,,,,,,
ndc_highce_eu,NDC,"High CE, EU",a,Global,Cement,Electricity,2050,2.183155135783319,EJ/yr,plotted,"[""Final Energy|Industry|Non-Metallic Minerals|Cement|Electricity""]",fig06_energy_mix,,,,,,"[""AFE"", ""AFN"", ""AFW"", ""AFZ"", ""ANZ"", ""ASC"", ""ASE"", ""ASO"", ""BRA"", ""CAN"", ""CHL"", ""CHN"", ""ENE"", ""ENW"", ""EUE"", ""EUM"", ""EUW"", ""IDN"", ""IND"", ""JPN"", ""LAM"", ""MDA"", ""MEA"", ""MEX"", ""NIG"", ""RUS"", ""SKT"", ""USA""]",Final energy,,,1.0,2.183155135783319,EJ/yr,,,highce_eu,3.0,future,H–EU,0.0,,,,,,,,
ndc_highce_eu,NDC,"High CE, EU",a,Global,Cement,Gases,2050,1.245066329484591,EJ/yr,plotted,"[""Final Energy|Industry|Non-Metallic Minerals|Cement|Gases""]",fig06_energy_mix,,,,,,"[""AFE"", ""AFN"", ""AFW"", ""AFZ"", ""ANZ"", ""ASC"", ""ASE"", ""ASO"", ""BRA"", ""CAN"", ""CHL"", ""CHN"", ""ENE"", ""ENW"", ""EUE"", ""EUM"", ""EUW"", ""IDN"", ""IND"", ""JPN"", ""LAM"", ""MDA"", ""MEA"", ""MEX"", ""NIG"", ""RUS"", ""SKT"", ""USA""]",Final energy,,,1.0,1.245066329484591,EJ/yr,,,highce_eu,3.0,future,H–EU,0.0,,,,,,,,
ndc_highce_eu,NDC,"High CE, EU",a,Global,Cement,Liquids,2050,0.8940507618049843,EJ/yr,plotted,"[""Final Energy|Industry|Non-Metallic Minerals|Cement|Liquids""]",fig06_energy_mix,,,,,,"[""AFE"", ""AFN"", ""AFW"", ""AFZ"", ""ANZ"", ""ASC"", ""ASE"", ""ASO"", ""BRA"", ""CAN"", ""CHL"", ""CHN"", ""ENE"", ""ENW"", ""EUE"", ""EUM"", ""EUW"", ""IDN"", ""IND"", ""JPN"", ""LAM"", ""MDA"", ""MEA"", ""MEX"", ""NIG"", ""RUS"", ""SKT"", ""USA""]",Final energy,,,1.0,0.8940507618049843,EJ/yr,,,highce_eu,3.0,future,H–EU,0.0,,,,,,,,
ndc_highce_eu,NDC,"High CE, EU",a,Global,Cement,Solids,2050,5.8826575605692275,EJ/yr,plotted,"[""Final Energy|Industry|Non-Metallic Minerals|Cement|Solids""]",fig06_energy_mix,,,,,,"[""AFE"", ""AFN"", ""AFW"", ""AFZ"", ""ANZ"", ""ASC"", ""ASE"", ""ASO"", ""BRA"", ""CAN"", ""CHL"", ""CHN"", ""ENE"", ""ENW"", ""EUE"", ""EUM"", ""EUW"", ""IDN"", ""IND"", ""JPN"", ""LAM"", ""MDA"", ""MEA"", ""MEX"", ""NIG"", ""RUS"", ""SKT"", ""USA""]",Final energy,,,1.0,5.8826575605692275,EJ/yr,,,highce_eu,3.0,future,H–EU,0.0,,,,,,,,
ndc_highce_eu,NDC,"High CE, EU",a,Global,Cement,Total,2050,10.204929787642122,EJ/yr,context,"[""Final Energy|Industry|Non-Metallic Minerals|Cement|Electricity"", ""Final Energy|Industry|Non-Metallic Minerals|Cement|Gases"", ""Final Energy|Industry|Non-Metallic Minerals|Cement|Liquids"", ""Final Energy|Industry|Non-Metallic Minerals|Cement|Solids""]",fig06_energy_mix,,,,,,"[""AFE"", ""AFN"", ""AFW"", ""AFZ"", ""ANZ"", ""ASC"", ""ASE"", ""ASO"", ""BRA"", ""CAN"", ""CHL"", ""CHN"", ""ENE"", ""ENW"", ""EUE"", ""EUM"", ""EUW"", ""IDN"", ""IND"", ""JPN"", ""LAM"", ""MDA"", ""MEA"", ""MEX"", ""NIG"", ""RUS"", ""SKT"", ""USA""]",Final energy,,,1.0,10.204929787642122,EJ/yr,,,highce_eu,3.0,future,H–EU,0.0,,,,,,,,
ndc_highce_eu,NDC,"High CE, EU",a,Global,Cement,Total,2050,0.2474339836781354,%,context,"[""Final Energy|Industry|Non-Metallic Minerals|Cement|Electricity"", ""Final Energy|Industry|Non-Metallic Minerals|Cement|Gases"", ""Final Energy|Industry|Non-Metallic Minerals|Cement|Liquids"", ""Final Energy|Industry|Non-Metallic Minerals|Cement|Solids""]",fig06_energy_mix,,,,,,"[""AFE"", ""AFN"", ""AFW"", ""AFZ"", ""ANZ"", ""ASC"", ""ASE"", ""ASO"", ""BRA"", ""CAN"", ""CHL"", ""CHN"", ""ENE"", ""ENW"", ""EUE"", ""EUM"", ""EUW"", ""IDN"", ""IND"", ""JPN"", ""LAM"", ""MDA"", ""MEA"", ""MEX"", ""NIG"", ""RUS"", ""SKT"", ""USA""]",Final energy change from no CE,,,100.0,10.204929787642122,EJ/yr,10.179741647355927,EJ/yr,highce_eu,3.0,future,H–EU,-100.0,ndc_noce,2050.0,,,,,,
ndc_medce_gbl,NDC,"Medium CE, EU + partners",a,Global,Cement,Electricity,2050,1.985631675795763,EJ/yr,plotted,"[""Final Energy|Industry|Non-Metallic Minerals|Cement|Electricity""]",fig06_energy_mix,,,,,,"[""AFE"", ""AFN"", ""AFW"", ""AFZ"", ""ANZ"", ""ASC"", ""ASE"", ""ASO"", ""BRA"", ""CAN"", ""CHL"", ""CHN"", ""ENE"", ""ENW"", ""EUE"", ""EUM"", ""EUW"", ""IDN"", ""IND"", ""JPN"", ""LAM"", ""MDA"", ""MEA"", ""MEX"", ""NIG"", ""RUS"", ""SKT"", ""USA""]",Final energy,,,1.0,1.985631675795763,EJ/yr,,,medce_gbl,4.0,future,M–EU+,0.0,,,,,,,,
ndc_medce_gbl,NDC,"Medium CE, EU + partners",a,Global,Cement,Gases,2050,1.109391249027045,EJ/yr,plotted,"[""Final Energy|Industry|Non-Metallic Minerals|Cement|Gases""]",fig06_energy_mix,,,,,,"[""AFE"", ""AFN"", ""AFW"", ""AFZ"", ""ANZ"", ""ASC"", ""ASE"", ""ASO"", ""BRA"", ""CAN"", ""CHL"", ""CHN"", ""ENE"", ""ENW"", ""EUE"", ""EUM"", ""EUW"", ""IDN"", ""IND"", ""JPN"", ""LAM"", ""MDA"", ""MEA"", ""MEX"", ""NIG"", ""RUS"", ""SKT"", ""USA""]",Final energy,,,1.0,1.109391249027045,EJ/yr,,,medce_gbl,4.0,future,M–EU+,0.0,,,,,,,,
ndc_medce_gbl,NDC,"Medium CE, EU + partners",a,Global,Cement,Liquids,2050,0.778991932711225,EJ/yr,plotted,"[""Final Energy|Industry|Non-Metallic Minerals|Cement|Liquids""]",fig06_energy_mix,,,,,,"[""AFE"", ""AFN"", ""AFW"", ""AFZ"", ""ANZ"", ""ASC"", ""ASE"", ""ASO"", ""BRA"", ""CAN"", ""CHL"", ""CHN"", ""ENE"", ""ENW"", ""EUE"", ""EUM"", ""EUW"", ""IDN"", ""IND"", ""JPN"", ""LAM"", ""MDA"", ""MEA"", ""MEX"", ""NIG"", ""RUS"", ""SKT"", ""USA""]",Final energy,,,1.0,0.778991932711225,EJ/yr,,,medce_gbl,4.0,future,M–EU+,0.0,,,,,,,,
ndc_medce_gbl,NDC,"Medium CE, EU + partners",a,Global,Cement,Solids,2050,5.097307630218684,EJ/yr,plotted,"[""Final Energy|Industry|Non-Metallic Minerals|Cement|Solids""]",fig06_energy_mix,,,,,,"[""AFE"", ""AFN"", ""AFW"", ""AFZ"", ""ANZ"", ""ASC"", ""ASE"", ""ASO"", ""BRA"", ""CAN"", ""CHL"", ""CHN"", ""ENE"", ""ENW"", ""EUE"", ""EUM"", ""EUW"", ""IDN"", ""IND"", ""JPN"", ""LAM"", ""MDA"", ""MEA"", ""MEX"", ""NIG"", ""RUS"", ""SKT"", ""USA""]",Final energy,,,1.0,5.097307630218684,EJ/yr,,,medce_gbl,4.0,future,M–EU+,0.0,,,,,,,,
ndc_medce_gbl,NDC,"Medium CE, EU + partners",a,Global,Cement,Total,2050,8.971322487752717,EJ/yr,context,"[""Final Energy|Industry|Non-Metallic Minerals|Cement|Electricity"", ""Final Energy|Industry|Non-Metallic Minerals|Cement|Gases"", ""Final Energy|Industry|Non-Metallic Minerals|Cement|Liquids"", ""Final Energy|Industry|Non-Metallic Minerals|Cement|Solids""]",fig06_energy_mix,,,,,,"[""AFE"", ""AFN"", ""AFW"", ""AFZ"", ""ANZ"", ""ASC"", ""ASE"", ""ASO"", ""BRA"", ""CAN"", ""CHL"", ""CHN"", ""ENE"", ""ENW"", ""EUE"", ""EUM"", ""EUW"", ""IDN"", ""IND"", ""JPN"", ""LAM"", ""MDA"", ""MEA"", ""MEX"", ""NIG"", ""RUS"", ""SKT"", ""USA""]",Final energy,,,1.0,8.971322487752717,EJ/yr,,,medce_gbl,4.0,future,M–EU+,0.0,,,,,,,,
ndc_medce_gbl,NDC,"Medium CE, EU + partners",a,Global,Cement,Total,2050,-11.870823459621718,%,context,"[""Final Energy|Industry|Non-Metallic Minerals|Cement|Electricity"", ""Final Energy|Industry|Non-Metallic Minerals|Cement|Gases"", ""Final Energy|Industry|Non-Metallic Minerals|Cement|Liquids"", ""Final Energy|Industry|Non-Metallic Minerals|Cement|Solids""]",fig06_energy_mix,,,,,,"[""AFE"", ""AFN"", ""AFW"", ""AFZ"", ""ANZ"", ""ASC"", ""ASE"", ""ASO"", ""BRA"", ""CAN"", ""CHL"", ""CHN"", ""ENE"", ""ENW"", ""EUE"", ""EUM"", ""EUW"", ""IDN"", ""IND"", ""JPN"", ""LAM"", ""MDA"", ""MEA"", ""MEX"", ""NIG"", ""RUS"", ""SKT"", ""USA""]",Final energy change from no CE,,,100.0,8.971322487752717,EJ/yr,10.179741647355927,EJ/yr,medce_gbl,4.0,future,M–EU+,-100.0,ndc_noce,2050.0,,,,,,
ndc_highce_gbl,NDC,"High CE, EU + partners",a,Global,Cement,Electricity,2050,1.8121154136023474,EJ/yr,plotted,"[""Final Energy|Industry|Non-Metallic Minerals|Cement|Electricity""]",fig06_energy_mix,,,,,,"[""AFE"", ""AFN"", ""AFW"", ""AFZ"", ""ANZ"", ""ASC"", ""ASE"", ""ASO"", ""BRA"", ""CAN"", ""CHL"", ""CHN"", ""ENE"", ""ENW"", ""EUE"", ""EUM"", ""EUW"", ""IDN"", ""IND"", ""JPN"", ""LAM"", ""MDA"", ""MEA"", ""MEX"", ""NIG"", ""RUS"", ""SKT"", ""USA""]",Final energy,,,1.0,1.8121154136023474,EJ/yr,,,highce_gbl,5.0,future,H–EU+,0.0,,,,,,,,
ndc_highce_gbl,NDC,"High CE, EU + partners",a,Global,Cement,Gases,2050,1.0307176626349355,EJ/yr,plotted,"[""Final Energy|Industry|Non-Metallic Minerals|Cement|Gases""]",fig06_energy_mix,,,,,,"[""AFE"", ""AFN"", ""AFW"", ""AFZ"", ""ANZ"", ""ASC"", ""ASE"", ""ASO"", ""BRA"", ""CAN"", ""CHL"", ""CHN"", ""ENE"", ""ENW"", ""EUE"", ""EUM"", ""EUW"", ""IDN"", ""IND"", ""JPN"", ""LAM"", ""MDA"", ""MEA"", ""MEX"", ""NIG"", ""RUS"", ""SKT"", ""USA""]",Final energy,,,1.0,1.0307176626349355,EJ/yr,,,highce_gbl,5.0,future,H–EU+,0.0,,,,,,,,
ndc_highce_gbl,NDC,"High CE, EU + partners",a,Global,Cement,Liquids,2050,0.696764279959416,EJ/yr,plotted,"[""Final Energy|Industry|Non-Metallic Minerals|Cement|Liquids""]",fig06_energy_mix,,,,,,"[""AFE"", ""AFN"", ""AFW"", ""AFZ"", ""ANZ"", ""ASC"", ""ASE"", ""ASO"", ""BRA"", ""CAN"", ""CHL"", ""CHN"", ""ENE"", ""ENW"", ""EUE"", ""EUM"", ""EUW"", ""IDN"", ""IND"", ""JPN"", ""LAM"", ""MDA"", ""MEA"", ""MEX"", ""NIG"", ""RUS"", ""SKT"", ""USA""]",Final energy,,,1.0,0.696764279959416,EJ/yr,,,highce_gbl,5.0,future,H–EU+,0.0,,,,,,,,
ndc_highce_gbl,NDC,"High CE, EU + partners",a,Global,Cement,Solids,2050,4.520068975166852,EJ/yr,plotted,"[""Final Energy|Industry|Non-Metallic Minerals|Cement|Solids""]",fig06_energy_mix,,,,,,"[""AFE"", ""AFN"", ""AFW"", ""AFZ"", ""ANZ"", ""ASC"", ""ASE"", ""ASO"", ""BRA"", ""CAN"", ""CHL"", ""CHN"", ""ENE"", ""ENW"", ""EUE"", ""EUM"", ""EUW"", ""IDN"", ""IND"", ""JPN"", ""LAM"", ""MDA"", ""MEA"", ""MEX"", ""NIG"", ""RUS"", ""SKT"", ""USA""]",Final energy,,,1.0,4.520068975166852,EJ/yr,,,highce_gbl,5.0,future,H–EU+,0.0,,,,,,,,
ndc_highce_gbl,NDC,"High CE, EU + partners",a,Global,Cement,Total,2050,8.059666331363552,EJ/yr,context,"[""Final Energy|Industry|Non-Metallic Minerals|Cement|Electricity"", ""Final Energy|Industry|Non-Metallic Minerals|Cement|Gases"", ""Final Energy|Industry|Non-Metallic Minerals|Cement|Liquids"", ""Final Energy|Industry|Non-Metallic Minerals|Cement|Solids""]",fig06_energy_mix,,,,,,"[""AFE"", ""AFN"", ""AFW"", ""AFZ"", ""ANZ"", ""ASC"", ""ASE"", ""ASO"", ""BRA"", ""CAN"", ""CHL"", ""CHN"", ""ENE"", ""ENW"", ""EUE"", ""EUM"", ""EUW"", ""IDN"", ""IND"", ""JPN"", ""LAM"", ""MDA"", ""MEA"", ""MEX"", ""NIG"", ""RUS"", ""SKT"", ""USA""]",Final energy,,,1.0,8.059666331363552,EJ/yr,,,highce_gbl,5.0,future,H–EU+,0.0,,,,,,,,
ndc_highce_gbl,NDC,"High CE, EU + partners",a,Global,Cement,Total,2050,-20.826415732692396,%,context,"[""Final Energy|Industry|Non-Metallic Minerals|Cement|Electricity"", ""Final Energy|Industry|Non-Metallic Minerals|Cement|Gases"", ""Final Energy|Industry|Non-Metallic Minerals|Cement|Liquids"", ""Final Energy|Industry|Non-Metallic Minerals|Cement|Solids""]",fig06_energy_mix,,,,,,"[""AFE"", ""AFN"", ""AFW"", ""AFZ"", ""ANZ"", ""ASC"", ""ASE"", ""ASO"", ""BRA"", ""CAN"", ""CHL"", ""CHN"", ""ENE"", ""ENW"", ""EUE"", ""EUM"", ""EUW"", ""IDN"", ""IND"", ""JPN"", ""LAM"", ""MDA"", ""MEA"", ""MEX"", ""NIG"", ""RUS"", ""SKT"", ""USA""]",Final energy change from no CE,,,100.0,8.059666331363552,EJ/yr,10.179741647355927,EJ/yr,highce_gbl,5.0,future,H–EU+,-100.0,ndc_noce,2050.0,,,,,,
ndc_noce,NDC,No CE,b,Global,Iron and steel,Electricity,2019,4.450102658833501,EJ/yr,plotted,"[""Final Energy|Industry|Iron and Steel|Electricity""]",fig06_energy_mix,,,,,,"[""AFE"", ""AFN"", ""AFW"", ""AFZ"", ""ANZ"", ""ASC"", ""ASE"", ""ASO"", ""BRA"", ""CAN"", ""CHL"", ""CHN"", ""ENE"", ""ENW"", ""EUE"", ""EUM"", ""EUW"", ""IDN"", ""IND"", ""JPN"", ""LAM"", ""MDA"", ""MEA"", ""MEX"", ""NIG"", ""RUS"", ""SKT"", ""USA""]",Final energy,,,1.0,4.450102658833501,EJ/yr,,,noce,0.0,historical,2019,0.0,,,,,,,,
ndc_noce,NDC,No CE,b,Global,Iron and steel,Gases,2019,2.5956495325091713,EJ/yr,plotted,"[""Final Energy|Industry|Iron and Steel|Gases""]",fig06_energy_mix,,,,,,"[""AFE"", ""AFN"", ""AFW"", ""AFZ"", ""ANZ"", ""ASC"", ""ASE"", ""ASO"", ""BRA"", ""CAN"", ""CHL"", ""CHN"", ""ENE"", ""ENW"", ""EUE"", ""EUM"", ""EUW"", ""IDN"", ""IND"", ""JPN"", ""LAM"", ""MDA"", ""MEA"", ""MEX"", ""NIG"", ""RUS"", ""SKT"", ""USA""]",Final energy,,,1.0,2.5956495325091713,EJ/yr,,,noce,0.0,historical,2019,0.0,,,,,,,,
ndc_noce,NDC,No CE,b,Global,Iron and steel,Hydrogen,2019,0.0,EJ/yr,plotted,"[""Final Energy|Industry|Iron and Steel|Hydrogen""]",fig06_energy_mix,,,,,,"[""AFE"", ""AFN"", ""AFW"", ""AFZ"", ""ANZ"", ""ASC"", ""ASE"", ""ASO"", ""BRA"", ""CAN"", ""CHL"", ""CHN"", ""ENE"", ""ENW"", ""EUE"", ""EUM"", ""EUW"", ""IDN"", ""IND"", ""JPN"", ""LAM"", ""MDA"", ""MEA"", ""MEX"", ""NIG"", ""RUS"", ""SKT"", ""USA""]",Final energy,,,1.0,0.0,EJ/yr,,,noce,0.0,historical,2019,0.0,,,,,,,,
ndc_noce,NDC,No CE,b,Global,Iron and steel,Liquids,2019,0.2912064779786795,EJ/yr,plotted,"[""Final Energy|Industry|Iron and Steel|Liquids""]",fig06_energy_mix,,,,,,"[""AFE"", ""AFN"", ""AFW"", ""AFZ"", ""ANZ"", ""ASC"", ""ASE"", ""ASO"", ""BRA"", ""CAN"", ""CHL"", ""CHN"", ""ENE"", ""ENW"", ""EUE"", ""EUM"", ""EUW"", ""IDN"", ""IND"", ""JPN"", ""LAM"", ""MDA"", ""MEA"", ""MEX"", ""NIG"", ""RUS"", ""SKT"", ""USA""]",Final energy,,,1.0,0.2912064779786795,EJ/yr,,,noce,0.0,historical,2019,0.0,,,,,,,,
ndc_noce,NDC,No CE,b,Global,Iron and steel,Solids,2019,22.90554446435401,EJ/yr,plotted,"[""Final Energy|Industry|Iron and Steel|Solids""]",fig06_energy_mix,,,,,,"[""AFE"", ""AFN"", ""AFW"", ""AFZ"", ""ANZ"", ""ASC"", ""ASE"", ""ASO"", ""BRA"", ""CAN"", ""CHL"", ""CHN"", ""ENE"", ""ENW"", ""EUE"", ""EUM"", ""EUW"", ""IDN"", ""IND"", ""JPN"", ""LAM"", ""MDA"", ""MEA"", ""MEX"", ""NIG"", ""RUS"", ""SKT"", ""USA""]",Final energy,,,1.0,22.90554446435401,EJ/yr,,,noce,0.0,historical,2019,0.0,,,,,,,,
ndc_noce,NDC,No CE,b,Global,Iron and steel,Total,2019,30.24250313367536,EJ/yr,context,"[""Final Energy|Industry|Iron and Steel|Electricity"", ""Final Energy|Industry|Iron and Steel|Gases"", ""Final Energy|Industry|Iron and Steel|Hydrogen"", ""Final Energy|Industry|Iron and Steel|Liquids"", ""Final Energy|Industry|Iron and Steel|Solids""]",fig06_energy_mix,,,,,,"[""AFE"", ""AFN"", ""AFW"", ""AFZ"", ""ANZ"", ""ASC"", ""ASE"", ""ASO"", ""BRA"", ""CAN"", ""CHL"", ""CHN"", ""ENE"", ""ENW"", ""EUE"", ""EUM"", ""EUW"", ""IDN"", ""IND"", ""JPN"", ""LAM"", ""MDA"", ""MEA"", ""MEX"", ""NIG"", ""RUS"", ""SKT"", ""USA""]",Final energy,,,1.0,30.24250313367536,EJ/yr,,,noce,0.0,historical,2019,0.0,,,,,,,,
ndc_noce,NDC,No CE,b,Global,Iron and steel,Electricity,2050,5.871106287870805,EJ/yr,plotted,"[""Final Energy|Industry|Iron and Steel|Electricity""]",fig06_energy_mix,,,,,,"[""AFE"", ""AFN"", ""AFW"", ""AFZ"", ""ANZ"", ""ASC"", ""ASE"", ""ASO"", ""BRA"", ""CAN"", ""CHL"", ""CHN"", ""ENE"", ""ENW"", ""EUE"", ""EUM"", ""EUW"", ""IDN"", ""IND"", ""JPN"", ""LAM"", ""MDA"", ""MEA"", ""MEX"", ""NIG"", ""RUS"", ""SKT"", ""USA""]",Final energy,,,1.0,5.871106287870805,EJ/yr,,,noce,1.0,future,No CE,0.0,,,,,,,,
ndc_noce,NDC,No CE,b,Global,Iron and steel,Gases,2050,4.372101926577202,EJ/yr,plotted,"[""Final Energy|Industry|Iron and Steel|Gases""]",fig06_energy_mix,,,,,,"[""AFE"", ""AFN"", ""AFW"", ""AFZ"", ""ANZ"", ""ASC"", ""ASE"", ""ASO"", ""BRA"", ""CAN"", ""CHL"", ""CHN"", ""ENE"", ""ENW"", ""EUE"", ""EUM"", ""EUW"", ""IDN"", ""IND"", ""JPN"", ""LAM"", ""MDA"", ""MEA"", ""MEX"", ""NIG"", ""RUS"", ""SKT"", ""USA""]",Final energy,,,1.0,4.372101926577202,EJ/yr,,,noce,1.0,future,No CE,0.0,,,,,,,,
ndc_noce,NDC,No CE,b,Global,Iron and steel,Hydrogen,2050,1.3893356332507933,EJ/yr,plotted,"[""Final Energy|Industry|Iron and Steel|Hydrogen""]",fig06_energy_mix,,,,,,"[""AFE"", ""AFN"", ""AFW"", ""AFZ"", ""ANZ"", ""ASC"", ""ASE"", ""ASO"", ""BRA"", ""CAN"", ""CHL"", ""CHN"", ""ENE"", ""ENW"", ""EUE"", ""EUM"", ""EUW"", ""IDN"", ""IND"", ""JPN"", ""LAM"", ""MDA"", ""MEA"", ""MEX"", ""NIG"", ""RUS"", ""SKT"", ""USA""]",Final energy,,,1.0,1.3893356332507933,EJ/yr,,,noce,1.0,future,No CE,0.0,,,,,,,,
ndc_noce,NDC,No CE,b,Global,Iron and steel,Liquids,2050,0.0,EJ/yr,plotted,"[""Final Energy|Industry|Iron and Steel|Liquids""]",fig06_energy_mix,,,,,,"[""AFE"", ""AFN"", ""AFW"", ""AFZ"", ""ANZ"", ""ASC"", ""ASE"", ""ASO"", ""BRA"", ""CAN"", ""CHL"", ""CHN"", ""ENE"", ""ENW"", ""EUE"", ""EUM"", ""EUW"", ""IDN"", ""IND"", ""JPN"", ""LAM"", ""MDA"", ""MEA"", ""MEX"", ""NIG"", ""RUS"", ""SKT"", ""USA""]",Final energy,,,1.0,0.0,EJ/yr,,,noce,1.0,future,No CE,0.0,,,,,,,,
ndc_noce,NDC,No CE,b,Global,Iron and steel,Solids,2050,8.977730848502727,EJ/yr,plotted,"[""Final Energy|Industry|Iron and Steel|Solids""]",fig06_energy_mix,,,,,,"[""AFE"", ""AFN"", ""AFW"", ""AFZ"", ""ANZ"", ""ASC"", ""ASE"", ""ASO"", ""BRA"", ""CAN"", ""CHL"", ""CHN"", ""ENE"", ""ENW"", ""EUE"", ""EUM"", ""EUW"", ""IDN"", ""IND"", ""JPN"", ""LAM"", ""MDA"", ""MEA"", ""MEX"", ""NIG"", ""RUS"", ""SKT"", ""USA""]",Final energy,,,1.0,8.977730848502727,EJ/yr,,,noce,1.0,future,No CE,0.0,,,,,,,,
ndc_noce,NDC,No CE,b,Global,Iron and steel,Total,2050,20.61027469620153,EJ/yr,context,"[""Final Energy|Industry|Iron and Steel|Electricity"", ""Final Energy|Industry|Iron and Steel|Gases"", ""Final Energy|Industry|Iron and Steel|Hydrogen"", ""Final Energy|Industry|Iron and Steel|Liquids"", ""Final Energy|Industry|Iron and Steel|Solids""]",fig06_energy_mix,,,,,,"[""AFE"", ""AFN"", ""AFW"", ""AFZ"", ""ANZ"", ""ASC"", ""ASE"", ""ASO"", ""BRA"", ""CAN"", ""CHL"", ""CHN"", ""ENE"", ""ENW"", ""EUE"", ""EUM"", ""EUW"", ""IDN"", ""IND"", ""JPN"", ""LAM"", ""MDA"", ""MEA"", ""MEX"", ""NIG"", ""RUS"", ""SKT"", ""USA""]",Final energy,,,1.0,20.61027469620153,EJ/yr,,,noce,1.0,future,No CE,0.0,,,,,,,,
ndc_noce,NDC,No CE,b,Global,Iron and steel,Total,2050,-1.4210854715202004e-14,%,context,"[""Final Energy|Industry|Iron and Steel|Electricity"", ""Final Energy|Industry|Iron and Steel|Gases"", ""Final Energy|Industry|Iron and Steel|Hydrogen"", ""Final Energy|Industry|Iron and Steel|Liquids"", ""Final Energy|Industry|Iron and Steel|Solids""]",fig06_energy_mix,,,,,,"[""AFE"", ""AFN"", ""AFW"", ""AFZ"", ""ANZ"", ""ASC"", ""ASE"", ""ASO"", ""BRA"", ""CAN"", ""CHL"", ""CHN"", ""ENE"", ""ENW"", ""EUE"", ""EUM"", ""EUW"", ""IDN"", ""IND"", ""JPN"", ""LAM"", ""MDA"", ""MEA"", ""MEX"", ""NIG"", ""RUS"", ""SKT"", ""USA""]",Final energy change from no CE,,,100.0,20.61027469620153,EJ/yr,20.61027469620153,EJ/yr,noce,1.0,future,No CE,-100.0,ndc_noce,2050.0,,,,,,
ndc_medce_eu,NDC,"Medium CE, EU",b,Global,Iron and steel,Electricity,2050,5.553289845958327,EJ/yr,plotted,"[""Final Energy|Industry|Iron and Steel|Electricity""]",fig06_energy_mix,,,,,,"[""AFE"", ""AFN"", ""AFW"", ""AFZ"", ""ANZ"", ""ASC"", ""ASE"", ""ASO"", ""BRA"", ""CAN"", ""CHL"", ""CHN"", ""ENE"", ""ENW"", ""EUE"", ""EUM"", ""EUW"", ""IDN"", ""IND"", ""JPN"", ""LAM"", ""MDA"", ""MEA"", ""MEX"", ""NIG"", ""RUS"", ""SKT"", ""USA""]",Final energy,,,1.0,5.553289845958327,EJ/yr,,,medce_eu,2.0,future,M–EU,0.0,,,,,,,,
ndc_medce_eu,NDC,"Medium CE, EU",b,Global,Iron and steel,Gases,2050,4.199810681674845,EJ/yr,plotted,"[""Final Energy|Industry|Iron and Steel|Gases""]",fig06_energy_mix,,,,,,"[""AFE"", ""AFN"", ""AFW"", ""AFZ"", ""ANZ"", ""ASC"", ""ASE"", ""ASO"", ""BRA"", ""CAN"", ""CHL"", ""CHN"", ""ENE"", ""ENW"", ""EUE"", ""EUM"", ""EUW"", ""IDN"", ""IND"", ""JPN"", ""LAM"", ""MDA"", ""MEA"", ""MEX"", ""NIG"", ""RUS"", ""SKT"", ""USA""]",Final energy,,,1.0,4.199810681674845,EJ/yr,,,medce_eu,2.0,future,M–EU,0.0,,,,,,,,
ndc_medce_eu,NDC,"Medium CE, EU",b,Global,Iron and steel,Hydrogen,2050,1.369416594222385,EJ/yr,plotted,"[""Final Energy|Industry|Iron and Steel|Hydrogen""]",fig06_energy_mix,,,,,,"[""AFE"", ""AFN"", ""AFW"", ""AFZ"", ""ANZ"", ""ASC"", ""ASE"", ""ASO"", ""BRA"", ""CAN"", ""CHL"", ""CHN"", ""ENE"", ""ENW"", ""EUE"", ""EUM"", ""EUW"", ""IDN"", ""IND"", ""JPN"", ""LAM"", ""MDA"", ""MEA"", ""MEX"", ""NIG"", ""RUS"", ""SKT"", ""USA""]",Final energy,,,1.0,1.369416594222385,EJ/yr,,,medce_eu,2.0,future,M–EU,0.0,,,,,,,,
ndc_medce_eu,NDC,"Medium CE, EU",b,Global,Iron and steel,Liquids,2050,0.0,EJ/yr,plotted,"[""Final Energy|Industry|Iron and Steel|Liquids""]",fig06_energy_mix,,,,,,"[""AFE"", ""AFN"", ""AFW"", ""AFZ"", ""ANZ"", ""ASC"", ""ASE"", ""ASO"", ""BRA"", ""CAN"", ""CHL"", ""CHN"", ""ENE"", ""ENW"", ""EUE"", ""EUM"", ""EUW"", ""IDN"", ""IND"", ""JPN"", ""LAM"", ""MDA"", ""MEA"", ""MEX"", ""NIG"", ""RUS"", ""SKT"", ""USA""]",Final energy,,,1.0,0.0,EJ/yr,,,medce_eu,2.0,future,M–EU,0.0,,,,,,,,
ndc_medce_eu,NDC,"Medium CE, EU",b,Global,Iron and steel,Solids,2050,8.229952557381914,EJ/yr,plotted,"[""Final Energy|Industry|Iron and Steel|Solids""]",fig06_energy_mix,,,,,,"[""AFE"", ""AFN"", ""AFW"", ""AFZ"", ""ANZ"", ""ASC"", ""ASE"", ""ASO"", ""BRA"", ""CAN"", ""CHL"", ""CHN"", ""ENE"", ""ENW"", ""EUE"", ""EUM"", ""EUW"", ""IDN"", ""IND"", ""JPN"", ""LAM"", ""MDA"", ""MEA"", ""MEX"", ""NIG"", ""RUS"", ""SKT"", ""USA""]",Final energy,,,1.0,8.229952557381914,EJ/yr,,,medce_eu,2.0,future,M–EU,0.0,,,,,,,,
ndc_medce_eu,NDC,"Medium CE, EU",b,Global,Iron and steel,Total,2050,19.352469679237473,EJ/yr,context,"[""Final Energy|Industry|Iron and Steel|Electricity"", ""Final Energy|Industry|Iron and Steel|Gases"", ""Final Energy|Industry|Iron and Steel|Hydrogen"", ""Final Energy|Industry|Iron and Steel|Liquids"", ""Final Energy|Industry|Iron and Steel|Solids""]",fig06_energy_mix,,,,,,"[""AFE"", ""AFN"", ""AFW"", ""AFZ"", ""ANZ"", ""ASC"", ""ASE"", ""ASO"", ""BRA"", ""CAN"", ""CHL"", ""CHN"", ""ENE"", ""ENW"", ""EUE"", ""EUM"", ""EUW"", ""IDN"", ""IND"", ""JPN"", ""LAM"", ""MDA"", ""MEA"", ""MEX"", ""NIG"", ""RUS"", ""SKT"", ""USA""]",Final energy,,,1.0,19.352469679237473,EJ/yr,,,medce_eu,2.0,future,M–EU,0.0,,,,,,,,
ndc_medce_eu,NDC,"Medium CE, EU",b,Global,Iron and steel,Total,2050,-6.102805690386404,%,context,"[""Final Energy|Industry|Iron and Steel|Electricity"", ""Final Energy|Industry|Iron and Steel|Gases"", ""Final Energy|Industry|Iron and Steel|Hydrogen"", ""Final Energy|Industry|Iron and Steel|Liquids"", ""Final Energy|Industry|Iron and Steel|Solids""]",fig06_energy_mix,,,,,,"[""AFE"", ""AFN"", ""AFW"", ""AFZ"", ""ANZ"", ""ASC"", ""ASE"", ""ASO"", ""BRA"", ""CAN"", ""CHL"", ""CHN"", ""ENE"", ""ENW"", ""EUE"", ""EUM"", ""EUW"", ""IDN"", ""IND"", ""JPN"", ""LAM"", ""MDA"", ""MEA"", ""MEX"", ""NIG"", ""RUS"", ""SKT"", ""USA""]",Final energy change from no CE,,,100.0,19.352469679237473,EJ/yr,20.61027469620153,EJ/yr,medce_eu,2.0,future,M–EU,-100.0,ndc_noce,2050.0,,,,,,
ndc_highce_eu,NDC,"High CE, EU",b,Global,Iron and steel,Electricity,2050,5.55334455309794,EJ/yr,plotted,"[""Final Energy|Industry|Iron and Steel|Electricity""]",fig06_energy_mix,,,,,,"[""AFE"", ""AFN"", ""AFW"", ""AFZ"", ""ANZ"", ""ASC"", ""ASE"", ""ASO"", ""BRA"", ""CAN"", ""CHL"", ""CHN"", ""ENE"", ""ENW"", ""EUE"", ""EUM"", ""EUW"", ""IDN"", ""IND"", ""JPN"", ""LAM"", ""MDA"", ""MEA"", ""MEX"", ""NIG"", ""RUS"", ""SKT"", ""USA""]",Final energy,,,1.0,5.55334455309794,EJ/yr,,,highce_eu,3.0,future,H–EU,0.0,,,,,,,,
ndc_highce_eu,NDC,"High CE, EU",b,Global,Iron and steel,Gases,2050,4.19972586092508,EJ/yr,plotted,"[""Final Energy|Industry|Iron and Steel|Gases""]",fig06_energy_mix,,,,,,"[""AFE"", ""AFN"", ""AFW"", ""AFZ"", ""ANZ"", ""ASC"", ""ASE"", ""ASO"", ""BRA"", ""CAN"", ""CHL"", ""CHN"", ""ENE"", ""ENW"", ""EUE"", ""EUM"", ""EUW"", ""IDN"", ""IND"", ""JPN"", ""LAM"", ""MDA"", ""MEA"", ""MEX"", ""NIG"", ""RUS"", ""SKT"", ""USA""]",Final energy,,,1.0,4.19972586092508,EJ/yr,,,highce_eu,3.0,future,H–EU,0.0,,,,,,,,
ndc_highce_eu,NDC,"High CE, EU",b,Global,Iron and steel,Hydrogen,2050,1.3694165947464707,EJ/yr,plotted,"[""Final Energy|Industry|Iron and Steel|Hydrogen""]",fig06_energy_mix,,,,,,"[""AFE"", ""AFN"", ""AFW"", ""AFZ"", ""ANZ"", ""ASC"", ""ASE"", ""ASO"", ""BRA"", ""CAN"", ""CHL"", ""CHN"", ""ENE"", ""ENW"", ""EUE"", ""EUM"", ""EUW"", ""IDN"", ""IND"", ""JPN"", ""LAM"", ""MDA"", ""MEA"", ""MEX"", ""NIG"", ""RUS"", ""SKT"", ""USA""]",Final energy,,,1.0,1.3694165947464707,EJ/yr,,,highce_eu,3.0,future,H–EU,0.0,,,,,,,,
ndc_highce_eu,NDC,"High CE, EU",b,Global,Iron and steel,Liquids,2050,0.0,EJ/yr,plotted,"[""Final Energy|Industry|Iron and Steel|Liquids""]",fig06_energy_mix,,,,,,"[""AFE"", ""AFN"", ""AFW"", ""AFZ"", ""ANZ"", ""ASC"", ""ASE"", ""ASO"", ""BRA"", ""CAN"", ""CHL"", ""CHN"", ""ENE"", ""ENW"", ""EUE"", ""EUM"", ""EUW"", ""IDN"", ""IND"", ""JPN"", ""LAM"", ""MDA"", ""MEA"", ""MEX"", ""NIG"", ""RUS"", ""SKT"", ""USA""]",Final energy,,,1.0,0.0,EJ/yr,,,highce_eu,3.0,future,H–EU,0.0,,,,,,,,
ndc_highce_eu,NDC,"High CE, EU",b,Global,Iron and steel,Solids,2050,8.22973636827227,EJ/yr,plotted,"[""Final Energy|Industry|Iron and Steel|Solids""]",fig06_energy_mix,,,,,,"[""AFE"", ""AFN"", ""AFW"", ""AFZ"", ""ANZ"", ""ASC"", ""ASE"", ""ASO"", ""BRA"", ""CAN"", ""CHL"", ""CHN"", ""ENE"", ""ENW"", ""EUE"", ""EUM"", ""EUW"", ""IDN"", ""IND"", ""JPN"", ""LAM"", ""MDA"", ""MEA"", ""MEX"", ""NIG"", ""RUS"", ""SKT"", ""USA""]",Final energy,,,1.0,8.22973636827227,EJ/yr,,,highce_eu,3.0,future,H–EU,0.0,,,,,,,,
ndc_highce_eu,NDC,"High CE, EU",b,Global,Iron and steel,Total,2050,19.35222337704176,EJ/yr,context,"[""Final Energy|Industry|Iron and Steel|Electricity"", ""Final Energy|Industry|Iron and Steel|Gases"", ""Final Energy|Industry|Iron and Steel|Hydrogen"", ""Final Energy|Industry|Iron and Steel|Liquids"", ""Final Energy|Industry|Iron and Steel|Solids""]",fig06_energy_mix,,,,,,"[""AFE"", ""AFN"", ""AFW"", ""AFZ"", ""ANZ"", ""ASC"", ""ASE"", ""ASO"", ""BRA"", ""CAN"", ""CHL"", ""CHN"", ""ENE"", ""ENW"", ""EUE"", ""EUM"", ""EUW"", ""IDN"", ""IND"", ""JPN"", ""LAM"", ""MDA"", ""MEA"", ""MEX"", ""NIG"", ""RUS"", ""SKT"", ""USA""]",Final energy,,,1.0,19.35222337704176,EJ/yr,,,highce_eu,3.0,future,H–EU,0.0,,,,,,,,
ndc_highce_eu,NDC,"High CE, EU",b,Global,Iron and steel,Total,2050,-6.1040007360582536,%,context,"[""Final Energy|Industry|Iron and Steel|Electricity"", ""Final Energy|Industry|Iron and Steel|Gases"", ""Final Energy|Industry|Iron and Steel|Hydrogen"", ""Final Energy|Industry|Iron and Steel|Liquids"", ""Final Energy|Industry|Iron and Steel|Solids""]",fig06_energy_mix,,,,,,"[""AFE"", ""AFN"", ""AFW"", ""AFZ"", ""ANZ"", ""ASC"", ""ASE"", ""ASO"", ""BRA"", ""CAN"", ""CHL"", ""CHN"", ""ENE"", ""ENW"", ""EUE"", ""EUM"", ""EUW"", ""IDN"", ""IND"", ""JPN"", ""LAM"", ""MDA"", ""MEA"", ""MEX"", ""NIG"", ""RUS"", ""SKT"", ""USA""]",Final energy change from no CE,,,100.0,19.35222337704176,EJ/yr,20.61027469620153,EJ/yr,highce_eu,3.0,future,H–EU,-100.0,ndc_noce,2050.0,,,,,,
ndc_medce_gbl,NDC,"Medium CE, EU + partners",b,Global,Iron and steel,Electricity,2050,4.8147218463321515,EJ/yr,plotted,"[""Final Energy|Industry|Iron and Steel|Electricity""]",fig06_energy_mix,,,,,,"[""AFE"", ""AFN"", ""AFW"", ""AFZ"", ""ANZ"", ""ASC"", ""ASE"", ""ASO"", ""BRA"", ""CAN"", ""CHL"", ""CHN"", ""ENE"", ""ENW"", ""EUE"", ""EUM"", ""EUW"", ""IDN"", ""IND"", ""JPN"", ""LAM"", ""MDA"", ""MEA"", ""MEX"", ""NIG"", ""RUS"", ""SKT"", ""USA""]",Final energy,,,1.0,4.8147218463321515,EJ/yr,,,medce_gbl,4.0,future,M–EU+,0.0,,,,,,,,
ndc_medce_gbl,NDC,"Medium CE, EU + partners",b,Global,Iron and steel,Gases,2050,0.7813085750163826,EJ/yr,plotted,"[""Final Energy|Industry|Iron and Steel|Gases""]",fig06_energy_mix,,,,,,"[""AFE"", ""AFN"", ""AFW"", ""AFZ"", ""ANZ"", ""ASC"", ""ASE"", ""ASO"", ""BRA"", ""CAN"", ""CHL"", ""CHN"", ""ENE"", ""ENW"", ""EUE"", ""EUM"", ""EUW"", ""IDN"", ""IND"", ""JPN"", ""LAM"", ""MDA"", ""MEA"", ""MEX"", ""NIG"", ""RUS"", ""SKT"", ""USA""]",Final energy,,,1.0,0.7813085750163826,EJ/yr,,,medce_gbl,4.0,future,M–EU+,0.0,,,,,,,,
ndc_medce_gbl,NDC,"Medium CE, EU + partners",b,Global,Iron and steel,Hydrogen,2050,1.1689863899742476,EJ/yr,plotted,"[""Final Energy|Industry|Iron and Steel|Hydrogen""]",fig06_energy_mix,,,,,,"[""AFE"", ""AFN"", ""AFW"", ""AFZ"", ""ANZ"", ""ASC"", ""ASE"", ""ASO"", ""BRA"", ""CAN"", ""CHL"", ""CHN"", ""ENE"", ""ENW"", ""EUE"", ""EUM"", ""EUW"", ""IDN"", ""IND"", ""JPN"", ""LAM"", ""MDA"", ""MEA"", ""MEX"", ""NIG"", ""RUS"", ""SKT"", ""USA""]",Final energy,,,1.0,1.1689863899742476,EJ/yr,,,medce_gbl,4.0,future,M–EU+,0.0,,,,,,,,
ndc_medce_gbl,NDC,"Medium CE, EU + partners",b,Global,Iron and steel,Liquids,2050,0.0,EJ/yr,plotted,"[""Final Energy|Industry|Iron and Steel|Liquids""]",fig06_energy_mix,,,,,,"[""AFE"", ""AFN"", ""AFW"", ""AFZ"", ""ANZ"", ""ASC"", ""ASE"", ""ASO"", ""BRA"", ""CAN"", ""CHL"", ""CHN"", ""ENE"", ""ENW"", ""EUE"", ""EUM"", ""EUW"", ""IDN"", ""IND"", ""JPN"", ""LAM"", ""MDA"", ""MEA"", ""MEX"", ""NIG"", ""RUS"", ""SKT"", ""USA""]",Final energy,,,1.0,0.0,EJ/yr,,,medce_gbl,4.0,future,M–EU+,0.0,,,,,,,,
ndc_medce_gbl,NDC,"Medium CE, EU + partners",b,Global,Iron and steel,Solids,2050,7.774929707099389,EJ/yr,plotted,"[""Final Energy|Industry|Iron and Steel|Solids""]",fig06_energy_mix,,,,,,"[""AFE"", ""AFN"", ""AFW"", ""AFZ"", ""ANZ"", ""ASC"", ""ASE"", ""ASO"", ""BRA"", ""CAN"", ""CHL"", ""CHN"", ""ENE"", ""ENW"", ""EUE"", ""EUM"", ""EUW"", ""IDN"", ""IND"", ""JPN"", ""LAM"", ""MDA"", ""MEA"", ""MEX"", ""NIG"", ""RUS"", ""SKT"", ""USA""]",Final energy,,,1.0,7.774929707099389,EJ/yr,,,medce_gbl,4.0,future,M–EU+,0.0,,,,,,,,
ndc_medce_gbl,NDC,"Medium CE, EU + partners",b,Global,Iron and steel,Total,2050,14.53994651842217,EJ/yr,context,"[""Final Energy|Industry|Iron and Steel|Electricity"", ""Final Energy|Industry|Iron and Steel|Gases"", ""Final Energy|Industry|Iron and Steel|Hydrogen"", ""Final Energy|Industry|Iron and Steel|Liquids"", ""Final Energy|Industry|Iron and Steel|Solids""]",fig06_energy_mix,,,,,,"[""AFE"", ""AFN"", ""AFW"", ""AFZ"", ""ANZ"", ""ASC"", ""ASE"", ""ASO"", ""BRA"", ""CAN"", ""CHL"", ""CHN"", ""ENE"", ""ENW"", ""EUE"", ""EUM"", ""EUW"", ""IDN"", ""IND"", ""JPN"", ""LAM"", ""MDA"", ""MEA"", ""MEX"", ""NIG"", ""RUS"", ""SKT"", ""USA""]",Final energy,,,1.0,14.53994651842217,EJ/yr,,,medce_gbl,4.0,future,M–EU+,0.0,,,,,,,,
ndc_medce_gbl,NDC,"Medium CE, EU + partners",b,Global,Iron and steel,Total,2050,-29.452922230571332,%,context,"[""Final Energy|Industry|Iron and Steel|Electricity"", ""Final Energy|Industry|Iron and Steel|Gases"", ""Final Energy|Industry|Iron and Steel|Hydrogen"", ""Final Energy|Industry|Iron and Steel|Liquids"", ""Final Energy|Industry|Iron and Steel|Solids""]",fig06_energy_mix,,,,,,"[""AFE"", ""AFN"", ""AFW"", ""AFZ"", ""ANZ"", ""ASC"", ""ASE"", ""ASO"", ""BRA"", ""CAN"", ""CHL"", ""CHN"", ""ENE"", ""ENW"", ""EUE"", ""EUM"", ""EUW"", ""IDN"", ""IND"", ""JPN"", ""LAM"", ""MDA"", ""MEA"", ""MEX"", ""NIG"", ""RUS"", ""SKT"", ""USA""]",Final energy change from no CE,,,100.0,14.53994651842217,EJ/yr,20.61027469620153,EJ/yr,medce_gbl,4.0,future,M–EU+,-100.0,ndc_noce,2050.0,,,,,,
ndc_highce_gbl,NDC,"High CE, EU + partners",b,Global,Iron and steel,Electricity,2050,4.245929463777514,EJ/yr,plotted,"[""Final Energy|Industry|Iron and Steel|Electricity""]",fig06_energy_mix,,,,,,"[""AFE"", ""AFN"", ""AFW"", ""AFZ"", ""ANZ"", ""ASC"", ""ASE"", ""ASO"", ""BRA"", ""CAN"", ""CHL"", ""CHN"", ""ENE"", ""ENW"", ""EUE"", ""EUM"", ""EUW"", ""IDN"", ""IND"", ""JPN"", ""LAM"", ""MDA"", ""MEA"", ""MEX"", ""NIG"", ""RUS"", ""SKT"", ""USA""]",Final energy,,,1.0,4.245929463777514,EJ/yr,,,highce_gbl,5.0,future,H–EU+,0.0,,,,,,,,
ndc_highce_gbl,NDC,"High CE, EU + partners",b,Global,Iron and steel,Gases,2050,0.40661720305102905,EJ/yr,plotted,"[""Final Energy|Industry|Iron and Steel|Gases""]",fig06_energy_mix,,,,,,"[""AFE"", ""AFN"", ""AFW"", ""AFZ"", ""ANZ"", ""ASC"", ""ASE"", ""ASO"", ""BRA"", ""CAN"", ""CHL"", ""CHN"", ""ENE"", ""ENW"", ""EUE"", ""EUM"", ""EUW"", ""IDN"", ""IND"", ""JPN"", ""LAM"", ""MDA"", ""MEA"", ""MEX"", ""NIG"", ""RUS"", ""SKT"", ""USA""]",Final energy,,,1.0,0.40661720305102905,EJ/yr,,,highce_gbl,5.0,future,H–EU+,0.0,,,,,,,,
ndc_highce_gbl,NDC,"High CE, EU + partners",b,Global,Iron and steel,Hydrogen,2050,0.6367525958721291,EJ/yr,plotted,"[""Final Energy|Industry|Iron and Steel|Hydrogen""]",fig06_energy_mix,,,,,,"[""AFE"", ""AFN"", ""AFW"", ""AFZ"", ""ANZ"", ""ASC"", ""ASE"", ""ASO"", ""BRA"", ""CAN"", ""CHL"", ""CHN"", ""ENE"", ""ENW"", ""EUE"", ""EUM"", ""EUW"", ""IDN"", ""IND"", ""JPN"", ""LAM"", ""MDA"", ""MEA"", ""MEX"", ""NIG"", ""RUS"", ""SKT"", ""USA""]",Final energy,,,1.0,0.6367525958721291,EJ/yr,,,highce_gbl,5.0,future,H–EU+,0.0,,,,,,,,
ndc_highce_gbl,NDC,"High CE, EU + partners",b,Global,Iron and steel,Liquids,2050,0.0,EJ/yr,plotted,"[""Final Energy|Industry|Iron and Steel|Liquids""]",fig06_energy_mix,,,,,,"[""AFE"", ""AFN"", ""AFW"", ""AFZ"", ""ANZ"", ""ASC"", ""ASE"", ""ASO"", ""BRA"", ""CAN"", ""CHL"", ""CHN"", ""ENE"", ""ENW"", ""EUE"", ""EUM"", ""EUW"", ""IDN"", ""IND"", ""JPN"", ""LAM"", ""MDA"", ""MEA"", ""MEX"", ""NIG"", ""RUS"", ""SKT"", ""USA""]",Final energy,,,1.0,0.0,EJ/yr,,,highce_gbl,5.0,future,H–EU+,0.0,,,,,,,,
ndc_highce_gbl,NDC,"High CE, EU + partners",b,Global,Iron and steel,Solids,2050,5.711663652361677,EJ/yr,plotted,"[""Final Energy|Industry|Iron and Steel|Solids""]",fig06_energy_mix,,,,,,"[""AFE"", ""AFN"", ""AFW"", ""AFZ"", ""ANZ"", ""ASC"", ""ASE"", ""ASO"", ""BRA"", ""CAN"", ""CHL"", ""CHN"", ""ENE"", ""ENW"", ""EUE"", ""EUM"", ""EUW"", ""IDN"", ""IND"", ""JPN"", ""LAM"", ""MDA"", ""MEA"", ""MEX"", ""NIG"", ""RUS"", ""SKT"", ""USA""]",Final energy,,,1.0,5.711663652361677,EJ/yr,,,highce_gbl,5.0,future,H–EU+,0.0,,,,,,,,
ndc_highce_gbl,NDC,"High CE, EU + partners",b,Global,Iron and steel,Total,2050,11.000962915062349,EJ/yr,context,"[""Final Energy|Industry|Iron and Steel|Electricity"", ""Final Energy|Industry|Iron and Steel|Gases"", ""Final Energy|Industry|Iron and Steel|Hydrogen"", ""Final Energy|Industry|Iron and Steel|Liquids"", ""Final Energy|Industry|Iron and Steel|Solids""]",fig06_energy_mix,,,,,,"[""AFE"", ""AFN"", ""AFW"", ""AFZ"", ""ANZ"", ""ASC"", ""ASE"", ""ASO"", ""BRA"", ""CAN"", ""CHL"", ""CHN"", ""ENE"", ""ENW"", ""EUE"", ""EUM"", ""EUW"", ""IDN"", ""IND"", ""JPN"", ""LAM"", ""MDA"", ""MEA"", ""MEX"", ""NIG"", ""RUS"", ""SKT"", ""USA""]",Final energy,,,1.0,11.000962915062349,EJ/yr,,,highce_gbl,5.0,future,H–EU+,0.0,,,,,,,,
ndc_highce_gbl,NDC,"High CE, EU + partners",b,Global,Iron and steel,Total,2050,-46.623889893666366,%,context,"[""Final Energy|Industry|Iron and Steel|Electricity"", ""Final Energy|Industry|Iron and Steel|Gases"", ""Final Energy|Industry|Iron and Steel|Hydrogen"", ""Final Energy|Industry|Iron and Steel|Liquids"", ""Final Energy|Industry|Iron and Steel|Solids""]",fig06_energy_mix,,,,,,"[""AFE"", ""AFN"", ""AFW"", ""AFZ"", ""ANZ"", ""ASC"", ""ASE"", ""ASO"", ""BRA"", ""CAN"", ""CHL"", ""CHN"", ""ENE"", ""ENW"", ""EUE"", ""EUM"", ""EUW"", ""IDN"", ""IND"", ""JPN"", ""LAM"", ""MDA"", ""MEA"", ""MEX"", ""NIG"", ""RUS"", ""SKT"", ""USA""]",Final energy change from no CE,,,100.0,11.000962915062349,EJ/yr,20.61027469620153,EJ/yr,highce_gbl,5.0,future,H–EU+,-100.0,ndc_noce,2050.0,,,,,,
ndc_noce,NDC,No CE,c,Global,Aluminium,Electricity,2019,3.4030921983279416,EJ/yr,plotted,"[""Final Energy|Industry|Non-Ferrous Metals|Aluminum|Electricity""]",fig06_energy_mix,,,,,,"[""AFE"", ""AFN"", ""AFW"", ""AFZ"", ""ANZ"", ""ASC"", ""ASE"", ""ASO"", ""BRA"", ""CAN"", ""CHL"", ""CHN"", ""ENE"", ""ENW"", ""EUE"", ""EUM"", ""EUW"", ""IDN"", ""IND"", ""JPN"", ""LAM"", ""MDA"", ""MEA"", ""MEX"", ""NIG"", ""RUS"", ""SKT"", ""USA""]",Final energy,,,1.0,3.4030921983279416,EJ/yr,,,noce,0.0,historical,2019,0.0,,,,,,,,
ndc_noce,NDC,No CE,c,Global,Aluminium,Gases,2019,0.49666926405350864,EJ/yr,plotted,"[""Final Energy|Industry|Non-Ferrous Metals|Aluminum|Gases""]",fig06_energy_mix,,,,,,"[""AFE"", ""AFN"", ""AFW"", ""AFZ"", ""ANZ"", ""ASC"", ""ASE"", ""ASO"", ""BRA"", ""CAN"", ""CHL"", ""CHN"", ""ENE"", ""ENW"", ""EUE"", ""EUM"", ""EUW"", ""IDN"", ""IND"", ""JPN"", ""LAM"", ""MDA"", ""MEA"", ""MEX"", ""NIG"", ""RUS"", ""SKT"", ""USA""]",Final energy,,,1.0,0.49666926405350864,EJ/yr,,,noce,0.0,historical,2019,0.0,,,,,,,,
ndc_noce,NDC,No CE,c,Global,Aluminium,Hydrogen,2019,0.0,EJ/yr,plotted,"[""Final Energy|Industry|Non-Ferrous Metals|Aluminum|Hydrogen""]",fig06_energy_mix,,,,,,"[""AFE"", ""AFN"", ""AFW"", ""AFZ"", ""ANZ"", ""ASC"", ""ASE"", ""ASO"", ""BRA"", ""CAN"", ""CHL"", ""CHN"", ""ENE"", ""ENW"", ""EUE"", ""EUM"", ""EUW"", ""IDN"", ""IND"", ""JPN"", ""LAM"", ""MDA"", ""MEA"", ""MEX"", ""NIG"", ""RUS"", ""SKT"", ""USA""]",Final energy,,,1.0,0.0,EJ/yr,,,noce,0.0,historical,2019,0.0,,,,,,,,
ndc_noce,NDC,No CE,c,Global,Aluminium,Liquids,2019,0.08640766076555549,EJ/yr,plotted,"[""Final Energy|Industry|Non-Ferrous Metals|Aluminum|Liquids""]",fig06_energy_mix,,,,,,"[""AFE"", ""AFN"", ""AFW"", ""AFZ"", ""ANZ"", ""ASC"", ""ASE"", ""ASO"", ""BRA"", ""CAN"", ""CHL"", ""CHN"", ""ENE"", ""ENW"", ""EUE"", ""EUM"", ""EUW"", ""IDN"", ""IND"", ""JPN"", ""LAM"", ""MDA"", ""MEA"", ""MEX"", ""NIG"", ""RUS"", ""SKT"", ""USA""]",Final energy,,,1.0,0.08640766076555549,EJ/yr,,,noce,0.0,historical,2019,0.0,,,,,,,,
ndc_noce,NDC,No CE,c,Global,Aluminium,Solids,2019,0.6947787453102924,EJ/yr,plotted,"[""Final Energy|Industry|Non-Ferrous Metals|Aluminum|Solids""]",fig06_energy_mix,,,,,,"[""AFE"", ""AFN"", ""AFW"", ""AFZ"", ""ANZ"", ""ASC"", ""ASE"", ""ASO"", ""BRA"", ""CAN"", ""CHL"", ""CHN"", ""ENE"", ""ENW"", ""EUE"", ""EUM"", ""EUW"", ""IDN"", ""IND"", ""JPN"", ""LAM"", ""MDA"", ""MEA"", ""MEX"", ""NIG"", ""RUS"", ""SKT"", ""USA""]",Final energy,,,1.0,0.6947787453102924,EJ/yr,,,noce,0.0,historical,2019,0.0,,,,,,,,
ndc_noce,NDC,No CE,c,Global,Aluminium,Total,2019,4.680947868457298,EJ/yr,context,"[""Final Energy|Industry|Non-Ferrous Metals|Aluminum|Electricity"", ""Final Energy|Industry|Non-Ferrous Metals|Aluminum|Gases"", ""Final Energy|Industry|Non-Ferrous Metals|Aluminum|Hydrogen"", ""Final Energy|Industry|Non-Ferrous Metals|Aluminum|Liquids"", ""Final Energy|Industry|Non-Ferrous Metals|Aluminum|Solids""]",fig06_energy_mix,,,,,,"[""AFE"", ""AFN"", ""AFW"", ""AFZ"", ""ANZ"", ""ASC"", ""ASE"", ""ASO"", ""BRA"", ""CAN"", ""CHL"", ""CHN"", ""ENE"", ""ENW"", ""EUE"", ""EUM"", ""EUW"", ""IDN"", ""IND"", ""JPN"", ""LAM"", ""MDA"", ""MEA"", ""MEX"", ""NIG"", ""RUS"", ""SKT"", ""USA""]",Final energy,,,1.0,4.680947868457298,EJ/yr,,,noce,0.0,historical,2019,0.0,,,,,,,,
ndc_noce,NDC,No CE,c,Global,Aluminium,Electricity,2050,4.082934146674068,EJ/yr,plotted,"[""Final Energy|Industry|Non-Ferrous Metals|Aluminum|Electricity""]",fig06_energy_mix,,,,,,"[""AFE"", ""AFN"", ""AFW"", ""AFZ"", ""ANZ"", ""ASC"", ""ASE"", ""ASO"", ""BRA"", ""CAN"", ""CHL"", ""CHN"", ""ENE"", ""ENW"", ""EUE"", ""EUM"", ""EUW"", ""IDN"", ""IND"", ""JPN"", ""LAM"", ""MDA"", ""MEA"", ""MEX"", ""NIG"", ""RUS"", ""SKT"", ""USA""]",Final energy,,,1.0,4.082934146674068,EJ/yr,,,noce,1.0,future,No CE,0.0,,,,,,,,
ndc_noce,NDC,No CE,c,Global,Aluminium,Gases,2050,0.6855848820820668,EJ/yr,plotted,"[""Final Energy|Industry|Non-Ferrous Metals|Aluminum|Gases""]",fig06_energy_mix,,,,,,"[""AFE"", ""AFN"", ""AFW"", ""AFZ"", ""ANZ"", ""ASC"", ""ASE"", ""ASO"", ""BRA"", ""CAN"", ""CHL"", ""CHN"", ""ENE"", ""ENW"", ""EUE"", ""EUM"", ""EUW"", ""IDN"", ""IND"", ""JPN"", ""LAM"", ""MDA"", ""MEA"", ""MEX"", ""NIG"", ""RUS"", ""SKT"", ""USA""]",Final energy,,,1.0,0.6855848820820668,EJ/yr,,,noce,1.0,future,No CE,0.0,,,,,,,,
ndc_noce,NDC,No CE,c,Global,Aluminium,Hydrogen,2050,0.4203146370633831,EJ/yr,plotted,"[""Final Energy|Industry|Non-Ferrous Metals|Aluminum|Hydrogen""]",fig06_energy_mix,,,,,,"[""AFE"", ""AFN"", ""AFW"", ""AFZ"", ""ANZ"", ""ASC"", ""ASE"", ""ASO"", ""BRA"", ""CAN"", ""CHL"", ""CHN"", ""ENE"", ""ENW"", ""EUE"", ""EUM"", ""EUW"", ""IDN"", ""IND"", ""JPN"", ""LAM"", ""MDA"", ""MEA"", ""MEX"", ""NIG"", ""RUS"", ""SKT"", ""USA""]",Final energy,,,1.0,0.4203146370633831,EJ/yr,,,noce,1.0,future,No CE,0.0,,,,,,,,
ndc_noce,NDC,No CE,c,Global,Aluminium,Liquids,2050,0.0,EJ/yr,plotted,"[""Final Energy|Industry|Non-Ferrous Metals|Aluminum|Liquids""]",fig06_energy_mix,,,,,,"[""AFE"", ""AFN"", ""AFW"", ""AFZ"", ""ANZ"", ""ASC"", ""ASE"", ""ASO"", ""BRA"", ""CAN"", ""CHL"", ""CHN"", ""ENE"", ""ENW"", ""EUE"", ""EUM"", ""EUW"", ""IDN"", ""IND"", ""JPN"", ""LAM"", ""MDA"", ""MEA"", ""MEX"", ""NIG"", ""RUS"", ""SKT"", ""USA""]",Final energy,,,1.0,0.0,EJ/yr,,,noce,1.0,future,No CE,0.0,,,,,,,,
ndc_noce,NDC,No CE,c,Global,Aluminium,Solids,2050,0.0,EJ/yr,plotted,"[""Final Energy|Industry|Non-Ferrous Metals|Aluminum|Solids""]",fig06_energy_mix,,,,,,"[""AFE"", ""AFN"", ""AFW"", ""AFZ"", ""ANZ"", ""ASC"", ""ASE"", ""ASO"", ""BRA"", ""CAN"", ""CHL"", ""CHN"", ""ENE"", ""ENW"", ""EUE"", ""EUM"", ""EUW"", ""IDN"", ""IND"", ""JPN"", ""LAM"", ""MDA"", ""MEA"", ""MEX"", ""NIG"", ""RUS"", ""SKT"", ""USA""]",Final energy,,,1.0,0.0,EJ/yr,,,noce,1.0,future,No CE,0.0,,,,,,,,
ndc_noce,NDC,No CE,c,Global,Aluminium,Total,2050,5.1888336658195175,EJ/yr,context,"[""Final Energy|Industry|Non-Ferrous Metals|Aluminum|Electricity"", ""Final Energy|Industry|Non-Ferrous Metals|Aluminum|Gases"", ""Final Energy|Industry|Non-Ferrous Metals|Aluminum|Hydrogen"", ""Final Energy|Industry|Non-Ferrous Metals|Aluminum|Liquids"", ""Final Energy|Industry|Non-Ferrous Metals|Aluminum|Solids""]",fig06_energy_mix,,,,,,"[""AFE"", ""AFN"", ""AFW"", ""AFZ"", ""ANZ"", ""ASC"", ""ASE"", ""ASO"", ""BRA"", ""CAN"", ""CHL"", ""CHN"", ""ENE"", ""ENW"", ""EUE"", ""EUM"", ""EUW"", ""IDN"", ""IND"", ""JPN"", ""LAM"", ""MDA"", ""MEA"", ""MEX"", ""NIG"", ""RUS"", ""SKT"", ""USA""]",Final energy,,,1.0,5.1888336658195175,EJ/yr,,,noce,1.0,future,No CE,0.0,,,,,,,,
ndc_noce,NDC,No CE,c,Global,Aluminium,Total,2050,1.4210854715202004e-14,%,context,"[""Final Energy|Industry|Non-Ferrous Metals|Aluminum|Electricity"", ""Final Energy|Industry|Non-Ferrous Metals|Aluminum|Gases"", ""Final Energy|Industry|Non-Ferrous Metals|Aluminum|Hydrogen"", ""Final Energy|Industry|Non-Ferrous Metals|Aluminum|Liquids"", ""Final Energy|Industry|Non-Ferrous Metals|Aluminum|Solids""]",fig06_energy_mix,,,,,,"[""AFE"", ""AFN"", ""AFW"", ""AFZ"", ""ANZ"", ""ASC"", ""ASE"", ""ASO"", ""BRA"", ""CAN"", ""CHL"", ""CHN"", ""ENE"", ""ENW"", ""EUE"", ""EUM"", ""EUW"", ""IDN"", ""IND"", ""JPN"", ""LAM"", ""MDA"", ""MEA"", ""MEX"", ""NIG"", ""RUS"", ""SKT"", ""USA""]",Final energy change from no CE,,,100.0,5.1888336658195175,EJ/yr,5.1888336658195175,EJ/yr,noce,1.0,future,No CE,-100.0,ndc_noce,2050.0,,,,,,
ndc_medce_eu,NDC,"Medium CE, EU",c,Global,Aluminium,Electricity,2050,3.989575910058077,EJ/yr,plotted,"[""Final Energy|Industry|Non-Ferrous Metals|Aluminum|Electricity""]",fig06_energy_mix,,,,,,"[""AFE"", ""AFN"", ""AFW"", ""AFZ"", ""ANZ"", ""ASC"", ""ASE"", ""ASO"", ""BRA"", ""CAN"", ""CHL"", ""CHN"", ""ENE"", ""ENW"", ""EUE"", ""EUM"", ""EUW"", ""IDN"", ""IND"", ""JPN"", ""LAM"", ""MDA"", ""MEA"", ""MEX"", ""NIG"", ""RUS"", ""SKT"", ""USA""]",Final energy,,,1.0,3.989575910058077,EJ/yr,,,medce_eu,2.0,future,M–EU,0.0,,,,,,,,
ndc_medce_eu,NDC,"Medium CE, EU",c,Global,Aluminium,Gases,2050,0.711277827844266,EJ/yr,plotted,"[""Final Energy|Industry|Non-Ferrous Metals|Aluminum|Gases""]",fig06_energy_mix,,,,,,"[""AFE"", ""AFN"", ""AFW"", ""AFZ"", ""ANZ"", ""ASC"", ""ASE"", ""ASO"", ""BRA"", ""CAN"", ""CHL"", ""CHN"", ""ENE"", ""ENW"", ""EUE"", ""EUM"", ""EUW"", ""IDN"", ""IND"", ""JPN"", ""LAM"", ""MDA"", ""MEA"", ""MEX"", ""NIG"", ""RUS"", ""SKT"", ""USA""]",Final energy,,,1.0,0.711277827844266,EJ/yr,,,medce_eu,2.0,future,M–EU,0.0,,,,,,,,
ndc_medce_eu,NDC,"Medium CE, EU",c,Global,Aluminium,Hydrogen,2050,0.4365824356445631,EJ/yr,plotted,"[""Final Energy|Industry|Non-Ferrous Metals|Aluminum|Hydrogen""]",fig06_energy_mix,,,,,,"[""AFE"", ""AFN"", ""AFW"", ""AFZ"", ""ANZ"", ""ASC"", ""ASE"", ""ASO"", ""BRA"", ""CAN"", ""CHL"", ""CHN"", ""ENE"", ""ENW"", ""EUE"", ""EUM"", ""EUW"", ""IDN"", ""IND"", ""JPN"", ""LAM"", ""MDA"", ""MEA"", ""MEX"", ""NIG"", ""RUS"", ""SKT"", ""USA""]",Final energy,,,1.0,0.4365824356445631,EJ/yr,,,medce_eu,2.0,future,M–EU,0.0,,,,,,,,
ndc_medce_eu,NDC,"Medium CE, EU",c,Global,Aluminium,Liquids,2050,0.0,EJ/yr,plotted,"[""Final Energy|Industry|Non-Ferrous Metals|Aluminum|Liquids""]",fig06_energy_mix,,,,,,"[""AFE"", ""AFN"", ""AFW"", ""AFZ"", ""ANZ"", ""ASC"", ""ASE"", ""ASO"", ""BRA"", ""CAN"", ""CHL"", ""CHN"", ""ENE"", ""ENW"", ""EUE"", ""EUM"", ""EUW"", ""IDN"", ""IND"", ""JPN"", ""LAM"", ""MDA"", ""MEA"", ""MEX"", ""NIG"", ""RUS"", ""SKT"", ""USA""]",Final energy,,,1.0,0.0,EJ/yr,,,medce_eu,2.0,future,M–EU,0.0,,,,,,,,
ndc_medce_eu,NDC,"Medium CE, EU",c,Global,Aluminium,Solids,2050,0.0,EJ/yr,plotted,"[""Final Energy|Industry|Non-Ferrous Metals|Aluminum|Solids""]",fig06_energy_mix,,,,,,"[""AFE"", ""AFN"", ""AFW"", ""AFZ"", ""ANZ"", ""ASC"", ""ASE"", ""ASO"", ""BRA"", ""CAN"", ""CHL"", ""CHN"", ""ENE"", ""ENW"", ""EUE"", ""EUM"", ""EUW"", ""IDN"", ""IND"", ""JPN"", ""LAM"", ""MDA"", ""MEA"", ""MEX"", ""NIG"", ""RUS"", ""SKT"", ""USA""]",Final energy,,,1.0,0.0,EJ/yr,,,medce_eu,2.0,future,M–EU,0.0,,,,,,,,
ndc_medce_eu,NDC,"Medium CE, EU",c,Global,Aluminium,Total,2050,5.137436173546906,EJ/yr,context,"[""Final Energy|Industry|Non-Ferrous Metals|Aluminum|Electricity"", ""Final Energy|Industry|Non-Ferrous Metals|Aluminum|Gases"", ""Final Energy|Industry|Non-Ferrous Metals|Aluminum|Hydrogen"", ""Final Energy|Industry|Non-Ferrous Metals|Aluminum|Liquids"", ""Final Energy|Industry|Non-Ferrous Metals|Aluminum|Solids""]",fig06_energy_mix,,,,,,"[""AFE"", ""AFN"", ""AFW"", ""AFZ"", ""ANZ"", ""ASC"", ""ASE"", ""ASO"", ""BRA"", ""CAN"", ""CHL"", ""CHN"", ""ENE"", ""ENW"", ""EUE"", ""EUM"", ""EUW"", ""IDN"", ""IND"", ""JPN"", ""LAM"", ""MDA"", ""MEA"", ""MEX"", ""NIG"", ""RUS"", ""SKT"", ""USA""]",Final energy,,,1.0,5.137436173546906,EJ/yr,,,medce_eu,2.0,future,M–EU,0.0,,,,,,,,
ndc_medce_eu,NDC,"Medium CE, EU",c,Global,Aluminium,Total,2050,-0.9905403715517593,%,context,"[""Final Energy|Industry|Non-Ferrous Metals|Aluminum|Electricity"", ""Final Energy|Industry|Non-Ferrous Metals|Aluminum|Gases"", ""Final Energy|Industry|Non-Ferrous Metals|Aluminum|Hydrogen"", ""Final Energy|Industry|Non-Ferrous Metals|Aluminum|Liquids"", ""Final Energy|Industry|Non-Ferrous Metals|Aluminum|Solids""]",fig06_energy_mix,,,,,,"[""AFE"", ""AFN"", ""AFW"", ""AFZ"", ""ANZ"", ""ASC"", ""ASE"", ""ASO"", ""BRA"", ""CAN"", ""CHL"", ""CHN"", ""ENE"", ""ENW"", ""EUE"", ""EUM"", ""EUW"", ""IDN"", ""IND"", ""JPN"", ""LAM"", ""MDA"", ""MEA"", ""MEX"", ""NIG"", ""RUS"", ""SKT"", ""USA""]",Final energy change from no CE,,,100.0,5.137436173546906,EJ/yr,5.1888336658195175,EJ/yr,medce_eu,2.0,future,M–EU,-100.0,ndc_noce,2050.0,,,,,,
ndc_highce_eu,NDC,"High CE, EU",c,Global,Aluminium,Electricity,2050,3.9095986684743935,EJ/yr,plotted,"[""Final Energy|Industry|Non-Ferrous Metals|Aluminum|Electricity""]",fig06_energy_mix,,,,,,"[""AFE"", ""AFN"", ""AFW"", ""AFZ"", ""ANZ"", ""ASC"", ""ASE"", ""ASO"", ""BRA"", ""CAN"", ""CHL"", ""CHN"", ""ENE"", ""ENW"", ""EUE"", ""EUM"", ""EUW"", ""IDN"", ""IND"", ""JPN"", ""LAM"", ""MDA"", ""MEA"", ""MEX"", ""NIG"", ""RUS"", ""SKT"", ""USA""]",Final energy,,,1.0,3.9095986684743935,EJ/yr,,,highce_eu,3.0,future,H–EU,0.0,,,,,,,,
ndc_highce_eu,NDC,"High CE, EU",c,Global,Aluminium,Gases,2050,0.7052448354575168,EJ/yr,plotted,"[""Final Energy|Industry|Non-Ferrous Metals|Aluminum|Gases""]",fig06_energy_mix,,,,,,"[""AFE"", ""AFN"", ""AFW"", ""AFZ"", ""ANZ"", ""ASC"", ""ASE"", ""ASO"", ""BRA"", ""CAN"", ""CHL"", ""CHN"", ""ENE"", ""ENW"", ""EUE"", ""EUM"", ""EUW"", ""IDN"", ""IND"", ""JPN"", ""LAM"", ""MDA"", ""MEA"", ""MEX"", ""NIG"", ""RUS"", ""SKT"", ""USA""]",Final energy,,,1.0,0.7052448354575168,EJ/yr,,,highce_eu,3.0,future,H–EU,0.0,,,,,,,,
ndc_highce_eu,NDC,"High CE, EU",c,Global,Aluminium,Hydrogen,2050,0.43417172703884427,EJ/yr,plotted,"[""Final Energy|Industry|Non-Ferrous Metals|Aluminum|Hydrogen""]",fig06_energy_mix,,,,,,"[""AFE"", ""AFN"", ""AFW"", ""AFZ"", ""ANZ"", ""ASC"", ""ASE"", ""ASO"", ""BRA"", ""CAN"", ""CHL"", ""CHN"", ""ENE"", ""ENW"", ""EUE"", ""EUM"", ""EUW"", ""IDN"", ""IND"", ""JPN"", ""LAM"", ""MDA"", ""MEA"", ""MEX"", ""NIG"", ""RUS"", ""SKT"", ""USA""]",Final energy,,,1.0,0.43417172703884427,EJ/yr,,,highce_eu,3.0,future,H–EU,0.0,,,,,,,,
ndc_highce_eu,NDC,"High CE, EU",c,Global,Aluminium,Liquids,2050,0.0,EJ/yr,plotted,"[""Final Energy|Industry|Non-Ferrous Metals|Aluminum|Liquids""]",fig06_energy_mix,,,,,,"[""AFE"", ""AFN"", ""AFW"", ""AFZ"", ""ANZ"", ""ASC"", ""ASE"", ""ASO"", ""BRA"", ""CAN"", ""CHL"", ""CHN"", ""ENE"", ""ENW"", ""EUE"", ""EUM"", ""EUW"", ""IDN"", ""IND"", ""JPN"", ""LAM"", ""MDA"", ""MEA"", ""MEX"", ""NIG"", ""RUS"", ""SKT"", ""USA""]",Final energy,,,1.0,0.0,EJ/yr,,,highce_eu,3.0,future,H–EU,0.0,,,,,,,,
ndc_highce_eu,NDC,"High CE, EU",c,Global,Aluminium,Solids,2050,0.0,EJ/yr,plotted,"[""Final Energy|Industry|Non-Ferrous Metals|Aluminum|Solids""]",fig06_energy_mix,,,,,,"[""AFE"", ""AFN"", ""AFW"", ""AFZ"", ""ANZ"", ""ASC"", ""ASE"", ""ASO"", ""BRA"", ""CAN"", ""CHL"", ""CHN"", ""ENE"", ""ENW"", ""EUE"", ""EUM"", ""EUW"", ""IDN"", ""IND"", ""JPN"", ""LAM"", ""MDA"", ""MEA"", ""MEX"", ""NIG"", ""RUS"", ""SKT"", ""USA""]",Final energy,,,1.0,0.0,EJ/yr,,,highce_eu,3.0,future,H–EU,0.0,,,,,,,,
ndc_highce_eu,NDC,"High CE, EU",c,Global,Aluminium,Total,2050,5.049015230970754,EJ/yr,context,"[""Final Energy|Industry|Non-Ferrous Metals|Aluminum|Electricity"", ""Final Energy|Industry|Non-Ferrous Metals|Aluminum|Gases"", ""Final Energy|Industry|Non-Ferrous Metals|Aluminum|Hydrogen"", ""Final Energy|Industry|Non-Ferrous Metals|Aluminum|Liquids"", ""Final Energy|Industry|Non-Ferrous Metals|Aluminum|Solids""]",fig06_energy_mix,,,,,,"[""AFE"", ""AFN"", ""AFW"", ""AFZ"", ""ANZ"", ""ASC"", ""ASE"", ""ASO"", ""BRA"", ""CAN"", ""CHL"", ""CHN"", ""ENE"", ""ENW"", ""EUE"", ""EUM"", ""EUW"", ""IDN"", ""IND"", ""JPN"", ""LAM"", ""MDA"", ""MEA"", ""MEX"", ""NIG"", ""RUS"", ""SKT"", ""USA""]",Final energy,,,1.0,5.049015230970754,EJ/yr,,,highce_eu,3.0,future,H–EU,0.0,,,,,,,,
ndc_highce_eu,NDC,"High CE, EU",c,Global,Aluminium,Total,2050,-2.694602368347077,%,context,"[""Final Energy|Industry|Non-Ferrous Metals|Aluminum|Electricity"", ""Final Energy|Industry|Non-Ferrous Metals|Aluminum|Gases"", ""Final Energy|Industry|Non-Ferrous Metals|Aluminum|Hydrogen"", ""Final Energy|Industry|Non-Ferrous Metals|Aluminum|Liquids"", ""Final Energy|Industry|Non-Ferrous Metals|Aluminum|Solids""]",fig06_energy_mix,,,,,,"[""AFE"", ""AFN"", ""AFW"", ""AFZ"", ""ANZ"", ""ASC"", ""ASE"", ""ASO"", ""BRA"", ""CAN"", ""CHL"", ""CHN"", ""ENE"", ""ENW"", ""EUE"", ""EUM"", ""EUW"", ""IDN"", ""IND"", ""JPN"", ""LAM"", ""MDA"", ""MEA"", ""MEX"", ""NIG"", ""RUS"", ""SKT"", ""USA""]",Final energy change from no CE,,,100.0,5.049015230970754,EJ/yr,5.1888336658195175,EJ/yr,highce_eu,3.0,future,H–EU,-100.0,ndc_noce,2050.0,,,,,,
ndc_medce_gbl,NDC,"Medium CE, EU + partners",c,Global,Aluminium,Electricity,2050,3.2148809633792474,EJ/yr,plotted,"[""Final Energy|Industry|Non-Ferrous Metals|Aluminum|Electricity""]",fig06_energy_mix,,,,,,"[""AFE"", ""AFN"", ""AFW"", ""AFZ"", ""ANZ"", ""ASC"", ""ASE"", ""ASO"", ""BRA"", ""CAN"", ""CHL"", ""CHN"", ""ENE"", ""ENW"", ""EUE"", ""EUM"", ""EUW"", ""IDN"", ""IND"", ""JPN"", ""LAM"", ""MDA"", ""MEA"", ""MEX"", ""NIG"", ""RUS"", ""SKT"", ""USA""]",Final energy,,,1.0,3.2148809633792474,EJ/yr,,,medce_gbl,4.0,future,M–EU+,0.0,,,,,,,,
ndc_medce_gbl,NDC,"Medium CE, EU + partners",c,Global,Aluminium,Gases,2050,0.6198401006557067,EJ/yr,plotted,"[""Final Energy|Industry|Non-Ferrous Metals|Aluminum|Gases""]",fig06_energy_mix,,,,,,"[""AFE"", ""AFN"", ""AFW"", ""AFZ"", ""ANZ"", ""ASC"", ""ASE"", ""ASO"", ""BRA"", ""CAN"", ""CHL"", ""CHN"", ""ENE"", ""ENW"", ""EUE"", ""EUM"", ""EUW"", ""IDN"", ""IND"", ""JPN"", ""LAM"", ""MDA"", ""MEA"", ""MEX"", ""NIG"", ""RUS"", ""SKT"", ""USA""]",Final energy,,,1.0,0.6198401006557067,EJ/yr,,,medce_gbl,4.0,future,M–EU+,0.0,,,,,,,,
ndc_medce_gbl,NDC,"Medium CE, EU + partners",c,Global,Aluminium,Hydrogen,2050,0.37367511619898647,EJ/yr,plotted,"[""Final Energy|Industry|Non-Ferrous Metals|Aluminum|Hydrogen""]",fig06_energy_mix,,,,,,"[""AFE"", ""AFN"", ""AFW"", ""AFZ"", ""ANZ"", ""ASC"", ""ASE"", ""ASO"", ""BRA"", ""CAN"", ""CHL"", ""CHN"", ""ENE"", ""ENW"", ""EUE"", ""EUM"", ""EUW"", ""IDN"", ""IND"", ""JPN"", ""LAM"", ""MDA"", ""MEA"", ""MEX"", ""NIG"", ""RUS"", ""SKT"", ""USA""]",Final energy,,,1.0,0.37367511619898647,EJ/yr,,,medce_gbl,4.0,future,M–EU+,0.0,,,,,,,,
ndc_medce_gbl,NDC,"Medium CE, EU + partners",c,Global,Aluminium,Liquids,2050,0.0,EJ/yr,plotted,"[""Final Energy|Industry|Non-Ferrous Metals|Aluminum|Liquids""]",fig06_energy_mix,,,,,,"[""AFE"", ""AFN"", ""AFW"", ""AFZ"", ""ANZ"", ""ASC"", ""ASE"", ""ASO"", ""BRA"", ""CAN"", ""CHL"", ""CHN"", ""ENE"", ""ENW"", ""EUE"", ""EUM"", ""EUW"", ""IDN"", ""IND"", ""JPN"", ""LAM"", ""MDA"", ""MEA"", ""MEX"", ""NIG"", ""RUS"", ""SKT"", ""USA""]",Final energy,,,1.0,0.0,EJ/yr,,,medce_gbl,4.0,future,M–EU+,0.0,,,,,,,,
ndc_medce_gbl,NDC,"Medium CE, EU + partners",c,Global,Aluminium,Solids,2050,0.0,EJ/yr,plotted,"[""Final Energy|Industry|Non-Ferrous Metals|Aluminum|Solids""]",fig06_energy_mix,,,,,,"[""AFE"", ""AFN"", ""AFW"", ""AFZ"", ""ANZ"", ""ASC"", ""ASE"", ""ASO"", ""BRA"", ""CAN"", ""CHL"", ""CHN"", ""ENE"", ""ENW"", ""EUE"", ""EUM"", ""EUW"", ""IDN"", ""IND"", ""JPN"", ""LAM"", ""MDA"", ""MEA"", ""MEX"", ""NIG"", ""RUS"", ""SKT"", ""USA""]",Final energy,,,1.0,0.0,EJ/yr,,,medce_gbl,4.0,future,M–EU+,0.0,,,,,,,,
ndc_medce_gbl,NDC,"Medium CE, EU + partners",c,Global,Aluminium,Total,2050,4.208396180233941,EJ/yr,context,"[""Final Energy|Industry|Non-Ferrous Metals|Aluminum|Electricity"", ""Final Energy|Industry|Non-Ferrous Metals|Aluminum|Gases"", ""Final Energy|Industry|Non-Ferrous Metals|Aluminum|Hydrogen"", ""Final Energy|Industry|Non-Ferrous Metals|Aluminum|Liquids"", ""Final Energy|Industry|Non-Ferrous Metals|Aluminum|Solids""]",fig06_energy_mix,,,,,,"[""AFE"", ""AFN"", ""AFW"", ""AFZ"", ""ANZ"", ""ASC"", ""ASE"", ""ASO"", ""BRA"", ""CAN"", ""CHL"", ""CHN"", ""ENE"", ""ENW"", ""EUE"", ""EUM"", ""EUW"", ""IDN"", ""IND"", ""JPN"", ""LAM"", ""MDA"", ""MEA"", ""MEX"", ""NIG"", ""RUS"", ""SKT"", ""USA""]",Final energy,,,1.0,4.208396180233941,EJ/yr,,,medce_gbl,4.0,future,M–EU+,0.0,,,,,,,,
ndc_medce_gbl,NDC,"Medium CE, EU + partners",c,Global,Aluminium,Total,2050,-18.895141928407284,%,context,"[""Final Energy|Industry|Non-Ferrous Metals|Aluminum|Electricity"", ""Final Energy|Industry|Non-Ferrous Metals|Aluminum|Gases"", ""Final Energy|Industry|Non-Ferrous Metals|Aluminum|Hydrogen"", ""Final Energy|Industry|Non-Ferrous Metals|Aluminum|Liquids"", ""Final Energy|Industry|Non-Ferrous Metals|Aluminum|Solids""]",fig06_energy_mix,,,,,,"[""AFE"", ""AFN"", ""AFW"", ""AFZ"", ""ANZ"", ""ASC"", ""ASE"", ""ASO"", ""BRA"", ""CAN"", ""CHL"", ""CHN"", ""ENE"", ""ENW"", ""EUE"", ""EUM"", ""EUW"", ""IDN"", ""IND"", ""JPN"", ""LAM"", ""MDA"", ""MEA"", ""MEX"", ""NIG"", ""RUS"", ""SKT"", ""USA""]",Final energy change from no CE,,,100.0,4.208396180233941,EJ/yr,5.1888336658195175,EJ/yr,medce_gbl,4.0,future,M–EU+,-100.0,ndc_noce,2050.0,,,,,,
ndc_highce_gbl,NDC,"High CE, EU + partners",c,Global,Aluminium,Electricity,2050,2.351238616883396,EJ/yr,plotted,"[""Final Energy|Industry|Non-Ferrous Metals|Aluminum|Electricity""]",fig06_energy_mix,,,,,,"[""AFE"", ""AFN"", ""AFW"", ""AFZ"", ""ANZ"", ""ASC"", ""ASE"", ""ASO"", ""BRA"", ""CAN"", ""CHL"", ""CHN"", ""ENE"", ""ENW"", ""EUE"", ""EUM"", ""EUW"", ""IDN"", ""IND"", ""JPN"", ""LAM"", ""MDA"", ""MEA"", ""MEX"", ""NIG"", ""RUS"", ""SKT"", ""USA""]",Final energy,,,1.0,2.351238616883396,EJ/yr,,,highce_gbl,5.0,future,H–EU+,0.0,,,,,,,,
ndc_highce_gbl,NDC,"High CE, EU + partners",c,Global,Aluminium,Gases,2050,0.5863342926050231,EJ/yr,plotted,"[""Final Energy|Industry|Non-Ferrous Metals|Aluminum|Gases""]",fig06_energy_mix,,,,,,"[""AFE"", ""AFN"", ""AFW"", ""AFZ"", ""ANZ"", ""ASC"", ""ASE"", ""ASO"", ""BRA"", ""CAN"", ""CHL"", ""CHN"", ""ENE"", ""ENW"", ""EUE"", ""EUM"", ""EUW"", ""IDN"", ""IND"", ""JPN"", ""LAM"", ""MDA"", ""MEA"", ""MEX"", ""NIG"", ""RUS"", ""SKT"", ""USA""]",Final energy,,,1.0,0.5863342926050231,EJ/yr,,,highce_gbl,5.0,future,H–EU+,0.0,,,,,,,,
ndc_highce_gbl,NDC,"High CE, EU + partners",c,Global,Aluminium,Hydrogen,2050,0.2917199701745825,EJ/yr,plotted,"[""Final Energy|Industry|Non-Ferrous Metals|Aluminum|Hydrogen""]",fig06_energy_mix,,,,,,"[""AFE"", ""AFN"", ""AFW"", ""AFZ"", ""ANZ"", ""ASC"", ""ASE"", ""ASO"", ""BRA"", ""CAN"", ""CHL"", ""CHN"", ""ENE"", ""ENW"", ""EUE"", ""EUM"", ""EUW"", ""IDN"", ""IND"", ""JPN"", ""LAM"", ""MDA"", ""MEA"", ""MEX"", ""NIG"", ""RUS"", ""SKT"", ""USA""]",Final energy,,,1.0,0.2917199701745825,EJ/yr,,,highce_gbl,5.0,future,H–EU+,0.0,,,,,,,,
ndc_highce_gbl,NDC,"High CE, EU + partners",c,Global,Aluminium,Liquids,2050,0.0,EJ/yr,plotted,"[""Final Energy|Industry|Non-Ferrous Metals|Aluminum|Liquids""]",fig06_energy_mix,,,,,,"[""AFE"", ""AFN"", ""AFW"", ""AFZ"", ""ANZ"", ""ASC"", ""ASE"", ""ASO"", ""BRA"", ""CAN"", ""CHL"", ""CHN"", ""ENE"", ""ENW"", ""EUE"", ""EUM"", ""EUW"", ""IDN"", ""IND"", ""JPN"", ""LAM"", ""MDA"", ""MEA"", ""MEX"", ""NIG"", ""RUS"", ""SKT"", ""USA""]",Final energy,,,1.0,0.0,EJ/yr,,,highce_gbl,5.0,future,H–EU+,0.0,,,,,,,,
ndc_highce_gbl,NDC,"High CE, EU + partners",c,Global,Aluminium,Solids,2050,0.0,EJ/yr,plotted,"[""Final Energy|Industry|Non-Ferrous Metals|Aluminum|Solids""]",fig06_energy_mix,,,,,,"[""AFE"", ""AFN"", ""AFW"", ""AFZ"", ""ANZ"", ""ASC"", ""ASE"", ""ASO"", ""BRA"", ""CAN"", ""CHL"", ""CHN"", ""ENE"", ""ENW"", ""EUE"", ""EUM"", ""EUW"", ""IDN"", ""IND"", ""JPN"", ""LAM"", ""MDA"", ""MEA"", ""MEX"", ""NIG"", ""RUS"", ""SKT"", ""USA""]",Final energy,,,1.0,0.0,EJ/yr,,,highce_gbl,5.0,future,H–EU+,0.0,,,,,,,,
ndc_highce_gbl,NDC,"High CE, EU + partners",c,Global,Aluminium,Total,2050,3.2292928796630016,EJ/yr,context,"[""Final Energy|Industry|Non-Ferrous Metals|Aluminum|Electricity"", ""Final Energy|Industry|Non-Ferrous Metals|Aluminum|Gases"", ""Final Energy|Industry|Non-Ferrous Metals|Aluminum|Hydrogen"", ""Final Energy|Industry|Non-Ferrous Metals|Aluminum|Liquids"", ""Final Energy|Industry|Non-Ferrous Metals|Aluminum|Solids""]",fig06_energy_mix,,,,,,"[""AFE"", ""AFN"", ""AFW"", ""AFZ"", ""ANZ"", ""ASC"", ""ASE"", ""ASO"", ""BRA"", ""CAN"", ""CHL"", ""CHN"", ""ENE"", ""ENW"", ""EUE"", ""EUM"", ""EUW"", ""IDN"", ""IND"", ""JPN"", ""LAM"", ""MDA"", ""MEA"", ""MEX"", ""NIG"", ""RUS"", ""SKT"", ""USA""]",Final energy,,,1.0,3.2292928796630016,EJ/yr,,,highce_gbl,5.0,future,H–EU+,0.0,,,,,,,,
ndc_highce_gbl,NDC,"High CE, EU + partners",c,Global,Aluminium,Total,2050,-37.76457123813062,%,context,"[""Final Energy|Industry|Non-Ferrous Metals|Aluminum|Electricity"", ""Final Energy|Industry|Non-Ferrous Metals|Aluminum|Gases"", ""Final Energy|Industry|Non-Ferrous Metals|Aluminum|Hydrogen"", ""Final Energy|Industry|Non-Ferrous Metals|Aluminum|Liquids"", ""Final Energy|Industry|Non-Ferrous Metals|Aluminum|Solids""]",fig06_energy_mix,,,,,,"[""AFE"", ""AFN"", ""AFW"", ""AFZ"", ""ANZ"", ""ASC"", ""ASE"", ""ASO"", ""BRA"", ""CAN"", ""CHL"", ""CHN"", ""ENE"", ""ENW"", ""EUE"", ""EUM"", ""EUW"", ""IDN"", ""IND"", ""JPN"", ""LAM"", ""MDA"", ""MEA"", ""MEX"", ""NIG"", ""RUS"", ""SKT"", ""USA""]",Final energy change from no CE,,,100.0,3.2292928796630016,EJ/yr,5.1888336658195175,EJ/yr,highce_gbl,5.0,future,H–EU+,-100.0,ndc_noce,2050.0,,,,,,
baseline_noce,NDC+LTT,No CE,d,Global,Cement,Electricity,2019,1.7112106174892014,EJ/yr,plotted,"[""Final Energy|Industry|Non-Metallic Minerals|Cement|Electricity""]",fig06_energy_mix,,,,,,"[""AFE"", ""AFN"", ""AFW"", ""AFZ"", ""ANZ"", ""ASC"", ""ASE"", ""ASO"", ""BRA"", ""CAN"", ""CHL"", ""CHN"", ""ENE"", ""ENW"", ""EUE"", ""EUM"", ""EUW"", ""IDN"", ""IND"", ""JPN"", ""LAM"", ""MDA"", ""MEA"", ""MEX"", ""NIG"", ""RUS"", ""SKT"", ""USA""]",Final energy,,,1.0,1.7112106174892014,EJ/yr,,,noce,0.0,historical,2019,0.0,,,,,,,,
baseline_noce,NDC+LTT,No CE,d,Global,Cement,Gases,2019,1.5175769436631676,EJ/yr,plotted,"[""Final Energy|Industry|Non-Metallic Minerals|Cement|Gases""]",fig06_energy_mix,,,,,,"[""AFE"", ""AFN"", ""AFW"", ""AFZ"", ""ANZ"", ""ASC"", ""ASE"", ""ASO"", ""BRA"", ""CAN"", ""CHL"", ""CHN"", ""ENE"", ""ENW"", ""EUE"", ""EUM"", ""EUW"", ""IDN"", ""IND"", ""JPN"", ""LAM"", ""MDA"", ""MEA"", ""MEX"", ""NIG"", ""RUS"", ""SKT"", ""USA""]",Final energy,,,1.0,1.5175769436631676,EJ/yr,,,noce,0.0,historical,2019,0.0,,,,,,,,
baseline_noce,NDC+LTT,No CE,d,Global,Cement,Liquids,2019,1.3209977760460607,EJ/yr,plotted,"[""Final Energy|Industry|Non-Metallic Minerals|Cement|Liquids""]",fig06_energy_mix,,,,,,"[""AFE"", ""AFN"", ""AFW"", ""AFZ"", ""ANZ"", ""ASC"", ""ASE"", ""ASO"", ""BRA"", ""CAN"", ""CHL"", ""CHN"", ""ENE"", ""ENW"", ""EUE"", ""EUM"", ""EUW"", ""IDN"", ""IND"", ""JPN"", ""LAM"", ""MDA"", ""MEA"", ""MEX"", ""NIG"", ""RUS"", ""SKT"", ""USA""]",Final energy,,,1.0,1.3209977760460607,EJ/yr,,,noce,0.0,historical,2019,0.0,,,,,,,,
baseline_noce,NDC+LTT,No CE,d,Global,Cement,Solids,2019,7.657858569560997,EJ/yr,plotted,"[""Final Energy|Industry|Non-Metallic Minerals|Cement|Solids""]",fig06_energy_mix,,,,,,"[""AFE"", ""AFN"", ""AFW"", ""AFZ"", ""ANZ"", ""ASC"", ""ASE"", ""ASO"", ""BRA"", ""CAN"", ""CHL"", ""CHN"", ""ENE"", ""ENW"", ""EUE"", ""EUM"", ""EUW"", ""IDN"", ""IND"", ""JPN"", ""LAM"", ""MDA"", ""MEA"", ""MEX"", ""NIG"", ""RUS"", ""SKT"", ""USA""]",Final energy,,,1.0,7.657858569560997,EJ/yr,,,noce,0.0,historical,2019,0.0,,,,,,,,
baseline_noce,NDC+LTT,No CE,d,Global,Cement,Total,2019,12.207643906759426,EJ/yr,context,"[""Final Energy|Industry|Non-Metallic Minerals|Cement|Electricity"", ""Final Energy|Industry|Non-Metallic Minerals|Cement|Gases"", ""Final Energy|Industry|Non-Metallic Minerals|Cement|Liquids"", ""Final Energy|Industry|Non-Metallic Minerals|Cement|Solids""]",fig06_energy_mix,,,,,,"[""AFE"", ""AFN"", ""AFW"", ""AFZ"", ""ANZ"", ""ASC"", ""ASE"", ""ASO"", ""BRA"", ""CAN"", ""CHL"", ""CHN"", ""ENE"", ""ENW"", ""EUE"", ""EUM"", ""EUW"", ""IDN"", ""IND"", ""JPN"", ""LAM"", ""MDA"", ""MEA"", ""MEX"", ""NIG"", ""RUS"", ""SKT"", ""USA""]",Final energy,,,1.0,12.207643906759426,EJ/yr,,,noce,0.0,historical,2019,0.0,,,,,,,,
baseline_noce,NDC+LTT,No CE,d,Global,Cement,Electricity,2050,2.189085799409761,EJ/yr,plotted,"[""Final Energy|Industry|Non-Metallic Minerals|Cement|Electricity""]",fig06_energy_mix,,,,,,"[""AFE"", ""AFN"", ""AFW"", ""AFZ"", ""ANZ"", ""ASC"", ""ASE"", ""ASO"", ""BRA"", ""CAN"", ""CHL"", ""CHN"", ""ENE"", ""ENW"", ""EUE"", ""EUM"", ""EUW"", ""IDN"", ""IND"", ""JPN"", ""LAM"", ""MDA"", ""MEA"", ""MEX"", ""NIG"", ""RUS"", ""SKT"", ""USA""]",Final energy,,,1.0,2.189085799409761,EJ/yr,,,noce,1.0,future,No CE,0.0,,,,,,,,
baseline_noce,NDC+LTT,No CE,d,Global,Cement,Gases,2050,1.4045064239806693,EJ/yr,plotted,"[""Final Energy|Industry|Non-Metallic Minerals|Cement|Gases""]",fig06_energy_mix,,,,,,"[""AFE"", ""AFN"", ""AFW"", ""AFZ"", ""ANZ"", ""ASC"", ""ASE"", ""ASO"", ""BRA"", ""CAN"", ""CHL"", ""CHN"", ""ENE"", ""ENW"", ""EUE"", ""EUM"", ""EUW"", ""IDN"", ""IND"", ""JPN"", ""LAM"", ""MDA"", ""MEA"", ""MEX"", ""NIG"", ""RUS"", ""SKT"", ""USA""]",Final energy,,,1.0,1.4045064239806693,EJ/yr,,,noce,1.0,future,No CE,0.0,,,,,,,,
baseline_noce,NDC+LTT,No CE,d,Global,Cement,Liquids,2050,0.8942463104980527,EJ/yr,plotted,"[""Final Energy|Industry|Non-Metallic Minerals|Cement|Liquids""]",fig06_energy_mix,,,,,,"[""AFE"", ""AFN"", ""AFW"", ""AFZ"", ""ANZ"", ""ASC"", ""ASE"", ""ASO"", ""BRA"", ""CAN"", ""CHL"", ""CHN"", ""ENE"", ""ENW"", ""EUE"", ""EUM"", ""EUW"", ""IDN"", ""IND"", ""JPN"", ""LAM"", ""MDA"", ""MEA"", ""MEX"", ""NIG"", ""RUS"", ""SKT"", ""USA""]",Final energy,,,1.0,0.8942463104980527,EJ/yr,,,noce,1.0,future,No CE,0.0,,,,,,,,
baseline_noce,NDC+LTT,No CE,d,Global,Cement,Solids,2050,5.706391063400986,EJ/yr,plotted,"[""Final Energy|Industry|Non-Metallic Minerals|Cement|Solids""]",fig06_energy_mix,,,,,,"[""AFE"", ""AFN"", ""AFW"", ""AFZ"", ""ANZ"", ""ASC"", ""ASE"", ""ASO"", ""BRA"", ""CAN"", ""CHL"", ""CHN"", ""ENE"", ""ENW"", ""EUE"", ""EUM"", ""EUW"", ""IDN"", ""IND"", ""JPN"", ""LAM"", ""MDA"", ""MEA"", ""MEX"", ""NIG"", ""RUS"", ""SKT"", ""USA""]",Final energy,,,1.0,5.706391063400986,EJ/yr,,,noce,1.0,future,No CE,0.0,,,,,,,,
baseline_noce,NDC+LTT,No CE,d,Global,Cement,Total,2050,10.194229597289468,EJ/yr,context,"[""Final Energy|Industry|Non-Metallic Minerals|Cement|Electricity"", ""Final Energy|Industry|Non-Metallic Minerals|Cement|Gases"", ""Final Energy|Industry|Non-Metallic Minerals|Cement|Liquids"", ""Final Energy|Industry|Non-Metallic Minerals|Cement|Solids""]",fig06_energy_mix,,,,,,"[""AFE"", ""AFN"", ""AFW"", ""AFZ"", ""ANZ"", ""ASC"", ""ASE"", ""ASO"", ""BRA"", ""CAN"", ""CHL"", ""CHN"", ""ENE"", ""ENW"", ""EUE"", ""EUM"", ""EUW"", ""IDN"", ""IND"", ""JPN"", ""LAM"", ""MDA"", ""MEA"", ""MEX"", ""NIG"", ""RUS"", ""SKT"", ""USA""]",Final energy,,,1.0,10.194229597289468,EJ/yr,,,noce,1.0,future,No CE,0.0,,,,,,,,
baseline_noce,NDC+LTT,No CE,d,Global,Cement,Total,2050,0.0,%,context,"[""Final Energy|Industry|Non-Metallic Minerals|Cement|Electricity"", ""Final Energy|Industry|Non-Metallic Minerals|Cement|Gases"", ""Final Energy|Industry|Non-Metallic Minerals|Cement|Liquids"", ""Final Energy|Industry|Non-Metallic Minerals|Cement|Solids""]",fig06_energy_mix,,,,,,"[""AFE"", ""AFN"", ""AFW"", ""AFZ"", ""ANZ"", ""ASC"", ""ASE"", ""ASO"", ""BRA"", ""CAN"", ""CHL"", ""CHN"", ""ENE"", ""ENW"", ""EUE"", ""EUM"", ""EUW"", ""IDN"", ""IND"", ""JPN"", ""LAM"", ""MDA"", ""MEA"", ""MEX"", ""NIG"", ""RUS"", ""SKT"", ""USA""]",Final energy change from no CE,,,100.0,10.194229597289468,EJ/yr,10.194229597289468,EJ/yr,noce,1.0,future,No CE,-100.0,baseline_noce,2050.0,,,,,,
baseline_medce_eu,NDC+LTT,"Medium CE, EU",d,Global,Cement,Electricity,2050,2.211581035173072,EJ/yr,plotted,"[""Final Energy|Industry|Non-Metallic Minerals|Cement|Electricity""]",fig06_energy_mix,,,,,,"[""AFE"", ""AFN"", ""AFW"", ""AFZ"", ""ANZ"", ""ASC"", ""ASE"", ""ASO"", ""BRA"", ""CAN"", ""CHL"", ""CHN"", ""ENE"", ""ENW"", ""EUE"", ""EUM"", ""EUW"", ""IDN"", ""IND"", ""JPN"", ""LAM"", ""MDA"", ""MEA"", ""MEX"", ""NIG"", ""RUS"", ""SKT"", ""USA""]",Final energy,,,1.0,2.211581035173072,EJ/yr,,,medce_eu,2.0,future,M–EU,0.0,,,,,,,,
baseline_medce_eu,NDC+LTT,"Medium CE, EU",d,Global,Cement,Gases,2050,1.4310941642552055,EJ/yr,plotted,"[""Final Energy|Industry|Non-Metallic Minerals|Cement|Gases""]",fig06_energy_mix,,,,,,"[""AFE"", ""AFN"", ""AFW"", ""AFZ"", ""ANZ"", ""ASC"", ""ASE"", ""ASO"", ""BRA"", ""CAN"", ""CHL"", ""CHN"", ""ENE"", ""ENW"", ""EUE"", ""EUM"", ""EUW"", ""IDN"", ""IND"", ""JPN"", ""LAM"", ""MDA"", ""MEA"", ""MEX"", ""NIG"", ""RUS"", ""SKT"", ""USA""]",Final energy,,,1.0,1.4310941642552055,EJ/yr,,,medce_eu,2.0,future,M–EU,0.0,,,,,,,,
baseline_medce_eu,NDC+LTT,"Medium CE, EU",d,Global,Cement,Liquids,2050,0.8997331619210217,EJ/yr,plotted,"[""Final Energy|Industry|Non-Metallic Minerals|Cement|Liquids""]",fig06_energy_mix,,,,,,"[""AFE"", ""AFN"", ""AFW"", ""AFZ"", ""ANZ"", ""ASC"", ""ASE"", ""ASO"", ""BRA"", ""CAN"", ""CHL"", ""CHN"", ""ENE"", ""ENW"", ""EUE"", ""EUM"", ""EUW"", ""IDN"", ""IND"", ""JPN"", ""LAM"", ""MDA"", ""MEA"", ""MEX"", ""NIG"", ""RUS"", ""SKT"", ""USA""]",Final energy,,,1.0,0.8997331619210217,EJ/yr,,,medce_eu,2.0,future,M–EU,0.0,,,,,,,,
baseline_medce_eu,NDC+LTT,"Medium CE, EU",d,Global,Cement,Solids,2050,5.723234737959446,EJ/yr,plotted,"[""Final Energy|Industry|Non-Metallic Minerals|Cement|Solids""]",fig06_energy_mix,,,,,,"[""AFE"", ""AFN"", ""AFW"", ""AFZ"", ""ANZ"", ""ASC"", ""ASE"", ""ASO"", ""BRA"", ""CAN"", ""CHL"", ""CHN"", ""ENE"", ""ENW"", ""EUE"", ""EUM"", ""EUW"", ""IDN"", ""IND"", ""JPN"", ""LAM"", ""MDA"", ""MEA"", ""MEX"", ""NIG"", ""RUS"", ""SKT"", ""USA""]",Final energy,,,1.0,5.723234737959446,EJ/yr,,,medce_eu,2.0,future,M–EU,0.0,,,,,,,,
baseline_medce_eu,NDC+LTT,"Medium CE, EU",d,Global,Cement,Total,2050,10.265643099308745,EJ/yr,context,"[""Final Energy|Industry|Non-Metallic Minerals|Cement|Electricity"", ""Final Energy|Industry|Non-Metallic Minerals|Cement|Gases"", ""Final Energy|Industry|Non-Metallic Minerals|Cement|Liquids"", ""Final Energy|Industry|Non-Metallic Minerals|Cement|Solids""]",fig06_energy_mix,,,,,,"[""AFE"", ""AFN"", ""AFW"", ""AFZ"", ""ANZ"", ""ASC"", ""ASE"", ""ASO"", ""BRA"", ""CAN"", ""CHL"", ""CHN"", ""ENE"", ""ENW"", ""EUE"", ""EUM"", ""EUW"", ""IDN"", ""IND"", ""JPN"", ""LAM"", ""MDA"", ""MEA"", ""MEX"", ""NIG"", ""RUS"", ""SKT"", ""USA""]",Final energy,,,1.0,10.265643099308745,EJ/yr,,,medce_eu,2.0,future,M–EU,0.0,,,,,,,,
baseline_medce_eu,NDC+LTT,"Medium CE, EU",d,Global,Cement,Total,2050,0.7005286798549832,%,context,"[""Final Energy|Industry|Non-Metallic Minerals|Cement|Electricity"", ""Final Energy|Industry|Non-Metallic Minerals|Cement|Gases"", ""Final Energy|Industry|Non-Metallic Minerals|Cement|Liquids"", ""Final Energy|Industry|Non-Metallic Minerals|Cement|Solids""]",fig06_energy_mix,,,,,,"[""AFE"", ""AFN"", ""AFW"", ""AFZ"", ""ANZ"", ""ASC"", ""ASE"", ""ASO"", ""BRA"", ""CAN"", ""CHL"", ""CHN"", ""ENE"", ""ENW"", ""EUE"", ""EUM"", ""EUW"", ""IDN"", ""IND"", ""JPN"", ""LAM"", ""MDA"", ""MEA"", ""MEX"", ""NIG"", ""RUS"", ""SKT"", ""USA""]",Final energy change from no CE,,,100.0,10.265643099308745,EJ/yr,10.194229597289468,EJ/yr,medce_eu,2.0,future,M–EU,-100.0,baseline_noce,2050.0,,,,,,
baseline_highce_eu,NDC+LTT,"High CE, EU",d,Global,Cement,Electricity,2050,2.2044292036491346,EJ/yr,plotted,"[""Final Energy|Industry|Non-Metallic Minerals|Cement|Electricity""]",fig06_energy_mix,,,,,,"[""AFE"", ""AFN"", ""AFW"", ""AFZ"", ""ANZ"", ""ASC"", ""ASE"", ""ASO"", ""BRA"", ""CAN"", ""CHL"", ""CHN"", ""ENE"", ""ENW"", ""EUE"", ""EUM"", ""EUW"", ""IDN"", ""IND"", ""JPN"", ""LAM"", ""MDA"", ""MEA"", ""MEX"", ""NIG"", ""RUS"", ""SKT"", ""USA""]",Final energy,,,1.0,2.2044292036491346,EJ/yr,,,highce_eu,3.0,future,H–EU,0.0,,,,,,,,
baseline_highce_eu,NDC+LTT,"High CE, EU",d,Global,Cement,Gases,2050,1.4299844419261643,EJ/yr,plotted,"[""Final Energy|Industry|Non-Metallic Minerals|Cement|Gases""]",fig06_energy_mix,,,,,,"[""AFE"", ""AFN"", ""AFW"", ""AFZ"", ""ANZ"", ""ASC"", ""ASE"", ""ASO"", ""BRA"", ""CAN"", ""CHL"", ""CHN"", ""ENE"", ""ENW"", ""EUE"", ""EUM"", ""EUW"", ""IDN"", ""IND"", ""JPN"", ""LAM"", ""MDA"", ""MEA"", ""MEX"", ""NIG"", ""RUS"", ""SKT"", ""USA""]",Final energy,,,1.0,1.4299844419261643,EJ/yr,,,highce_eu,3.0,future,H–EU,0.0,,,,,,,,
baseline_highce_eu,NDC+LTT,"High CE, EU",d,Global,Cement,Liquids,2050,0.8959797074373229,EJ/yr,plotted,"[""Final Energy|Industry|Non-Metallic Minerals|Cement|Liquids""]",fig06_energy_mix,,,,,,"[""AFE"", ""AFN"", ""AFW"", ""AFZ"", ""ANZ"", ""ASC"", ""ASE"", ""ASO"", ""BRA"", ""CAN"", ""CHL"", ""CHN"", ""ENE"", ""ENW"", ""EUE"", ""EUM"", ""EUW"", ""IDN"", ""IND"", ""JPN"", ""LAM"", ""MDA"", ""MEA"", ""MEX"", ""NIG"", ""RUS"", ""SKT"", ""USA""]",Final energy,,,1.0,0.8959797074373229,EJ/yr,,,highce_eu,3.0,future,H–EU,0.0,,,,,,,,
baseline_highce_eu,NDC+LTT,"High CE, EU",d,Global,Cement,Solids,2050,5.694373021466927,EJ/yr,plotted,"[""Final Energy|Industry|Non-Metallic Minerals|Cement|Solids""]",fig06_energy_mix,,,,,,"[""AFE"", ""AFN"", ""AFW"", ""AFZ"", ""ANZ"", ""ASC"", ""ASE"", ""ASO"", ""BRA"", ""CAN"", ""CHL"", ""CHN"", ""ENE"", ""ENW"", ""EUE"", ""EUM"", ""EUW"", ""IDN"", ""IND"", ""JPN"", ""LAM"", ""MDA"", ""MEA"", ""MEX"", ""NIG"", ""RUS"", ""SKT"", ""USA""]",Final energy,,,1.0,5.694373021466927,EJ/yr,,,highce_eu,3.0,future,H–EU,0.0,,,,,,,,
baseline_highce_eu,NDC+LTT,"High CE, EU",d,Global,Cement,Total,2050,10.224766374479549,EJ/yr,context,"[""Final Energy|Industry|Non-Metallic Minerals|Cement|Electricity"", ""Final Energy|Industry|Non-Metallic Minerals|Cement|Gases"", ""Final Energy|Industry|Non-Metallic Minerals|Cement|Liquids"", ""Final Energy|Industry|Non-Metallic Minerals|Cement|Solids""]",fig06_energy_mix,,,,,,"[""AFE"", ""AFN"", ""AFW"", ""AFZ"", ""ANZ"", ""ASC"", ""ASE"", ""ASO"", ""BRA"", ""CAN"", ""CHL"", ""CHN"", ""ENE"", ""ENW"", ""EUE"", ""EUM"", ""EUW"", ""IDN"", ""IND"", ""JPN"", ""LAM"", ""MDA"", ""MEA"", ""MEX"", ""NIG"", ""RUS"", ""SKT"", ""USA""]",Final energy,,,1.0,10.224766374479549,EJ/yr,,,highce_eu,3.0,future,H–EU,0.0,,,,,,,,
baseline_highce_eu,NDC+LTT,"High CE, EU",d,Global,Cement,Total,2050,0.29954963147191904,%,context,"[""Final Energy|Industry|Non-Metallic Minerals|Cement|Electricity"", ""Final Energy|Industry|Non-Metallic Minerals|Cement|Gases"", ""Final Energy|Industry|Non-Metallic Minerals|Cement|Liquids"", ""Final Energy|Industry|Non-Metallic Minerals|Cement|Solids""]",fig06_energy_mix,,,,,,"[""AFE"", ""AFN"", ""AFW"", ""AFZ"", ""ANZ"", ""ASC"", ""ASE"", ""ASO"", ""BRA"", ""CAN"", ""CHL"", ""CHN"", ""ENE"", ""ENW"", ""EUE"", ""EUM"", ""EUW"", ""IDN"", ""IND"", ""JPN"", ""LAM"", ""MDA"", ""MEA"", ""MEX"", ""NIG"", ""RUS"", ""SKT"", ""USA""]",Final energy change from no CE,,,100.0,10.224766374479549,EJ/yr,10.194229597289468,EJ/yr,highce_eu,3.0,future,H–EU,-100.0,baseline_noce,2050.0,,,,,,
baseline_medce_gbl,NDC+LTT,"Medium CE, EU + partners",d,Global,Cement,Electricity,2050,1.9998732827135088,EJ/yr,plotted,"[""Final Energy|Industry|Non-Metallic Minerals|Cement|Electricity""]",fig06_energy_mix,,,,,,"[""AFE"", ""AFN"", ""AFW"", ""AFZ"", ""ANZ"", ""ASC"", ""ASE"", ""ASO"", ""BRA"", ""CAN"", ""CHL"", ""CHN"", ""ENE"", ""ENW"", ""EUE"", ""EUM"", ""EUW"", ""IDN"", ""IND"", ""JPN"", ""LAM"", ""MDA"", ""MEA"", ""MEX"", ""NIG"", ""RUS"", ""SKT"", ""USA""]",Final energy,,,1.0,1.9998732827135088,EJ/yr,,,medce_gbl,4.0,future,M–EU+,0.0,,,,,,,,
baseline_medce_gbl,NDC+LTT,"Medium CE, EU + partners",d,Global,Cement,Gases,2050,1.2109809055151983,EJ/yr,plotted,"[""Final Energy|Industry|Non-Metallic Minerals|Cement|Gases""]",fig06_energy_mix,,,,,,"[""AFE"", ""AFN"", ""AFW"", ""AFZ"", ""ANZ"", ""ASC"", ""ASE"", ""ASO"", ""BRA"", ""CAN"", ""CHL"", ""CHN"", ""ENE"", ""ENW"", ""EUE"", ""EUM"", ""EUW"", ""IDN"", ""IND"", ""JPN"", ""LAM"", ""MDA"", ""MEA"", ""MEX"", ""NIG"", ""RUS"", ""SKT"", ""USA""]",Final energy,,,1.0,1.2109809055151983,EJ/yr,,,medce_gbl,4.0,future,M–EU+,0.0,,,,,,,,
baseline_medce_gbl,NDC+LTT,"Medium CE, EU + partners",d,Global,Cement,Liquids,2050,0.7800631668077392,EJ/yr,plotted,"[""Final Energy|Industry|Non-Metallic Minerals|Cement|Liquids""]",fig06_energy_mix,,,,,,"[""AFE"", ""AFN"", ""AFW"", ""AFZ"", ""ANZ"", ""ASC"", ""ASE"", ""ASO"", ""BRA"", ""CAN"", ""CHL"", ""CHN"", ""ENE"", ""ENW"", ""EUE"", ""EUM"", ""EUW"", ""IDN"", ""IND"", ""JPN"", ""LAM"", ""MDA"", ""MEA"", ""MEX"", ""NIG"", ""RUS"", ""SKT"", ""USA""]",Final energy,,,1.0,0.7800631668077392,EJ/yr,,,medce_gbl,4.0,future,M–EU+,0.0,,,,,,,,
baseline_medce_gbl,NDC+LTT,"Medium CE, EU + partners",d,Global,Cement,Solids,2050,4.98993515477438,EJ/yr,plotted,"[""Final Energy|Industry|Non-Metallic Minerals|Cement|Solids""]",fig06_energy_mix,,,,,,"[""AFE"", ""AFN"", ""AFW"", ""AFZ"", ""ANZ"", ""ASC"", ""ASE"", ""ASO"", ""BRA"", ""CAN"", ""CHL"", ""CHN"", ""ENE"", ""ENW"", ""EUE"", ""EUM"", ""EUW"", ""IDN"", ""IND"", ""JPN"", ""LAM"", ""MDA"", ""MEA"", ""MEX"", ""NIG"", ""RUS"", ""SKT"", ""USA""]",Final energy,,,1.0,4.98993515477438,EJ/yr,,,medce_gbl,4.0,future,M–EU+,0.0,,,,,,,,
baseline_medce_gbl,NDC+LTT,"Medium CE, EU + partners",d,Global,Cement,Total,2050,8.980852509810827,EJ/yr,context,"[""Final Energy|Industry|Non-Metallic Minerals|Cement|Electricity"", ""Final Energy|Industry|Non-Metallic Minerals|Cement|Gases"", ""Final Energy|Industry|Non-Metallic Minerals|Cement|Liquids"", ""Final Energy|Industry|Non-Metallic Minerals|Cement|Solids""]",fig06_energy_mix,,,,,,"[""AFE"", ""AFN"", ""AFW"", ""AFZ"", ""ANZ"", ""ASC"", ""ASE"", ""ASO"", ""BRA"", ""CAN"", ""CHL"", ""CHN"", ""ENE"", ""ENW"", ""EUE"", ""EUM"", ""EUW"", ""IDN"", ""IND"", ""JPN"", ""LAM"", ""MDA"", ""MEA"", ""MEX"", ""NIG"", ""RUS"", ""SKT"", ""USA""]",Final energy,,,1.0,8.980852509810827,EJ/yr,,,medce_gbl,4.0,future,M–EU+,0.0,,,,,,,,
baseline_medce_gbl,NDC+LTT,"Medium CE, EU + partners",d,Global,Cement,Total,2050,-11.902587399064117,%,context,"[""Final Energy|Industry|Non-Metallic Minerals|Cement|Electricity"", ""Final Energy|Industry|Non-Metallic Minerals|Cement|Gases"", ""Final Energy|Industry|Non-Metallic Minerals|Cement|Liquids"", ""Final Energy|Industry|Non-Metallic Minerals|Cement|Solids""]",fig06_energy_mix,,,,,,"[""AFE"", ""AFN"", ""AFW"", ""AFZ"", ""ANZ"", ""ASC"", ""ASE"", ""ASO"", ""BRA"", ""CAN"", ""CHL"", ""CHN"", ""ENE"", ""ENW"", ""EUE"", ""EUM"", ""EUW"", ""IDN"", ""IND"", ""JPN"", ""LAM"", ""MDA"", ""MEA"", ""MEX"", ""NIG"", ""RUS"", ""SKT"", ""USA""]",Final energy change from no CE,,,100.0,8.980852509810827,EJ/yr,10.194229597289468,EJ/yr,medce_gbl,4.0,future,M–EU+,-100.0,baseline_noce,2050.0,,,,,,
baseline_highce_gbl,NDC+LTT,"High CE, EU + partners",d,Global,Cement,Electricity,2050,1.8280911344588577,EJ/yr,plotted,"[""Final Energy|Industry|Non-Metallic Minerals|Cement|Electricity""]",fig06_energy_mix,,,,,,"[""AFE"", ""AFN"", ""AFW"", ""AFZ"", ""ANZ"", ""ASC"", ""ASE"", ""ASO"", ""BRA"", ""CAN"", ""CHL"", ""CHN"", ""ENE"", ""ENW"", ""EUE"", ""EUM"", ""EUW"", ""IDN"", ""IND"", ""JPN"", ""LAM"", ""MDA"", ""MEA"", ""MEX"", ""NIG"", ""RUS"", ""SKT"", ""USA""]",Final energy,,,1.0,1.8280911344588577,EJ/yr,,,highce_gbl,5.0,future,H–EU+,0.0,,,,,,,,
baseline_highce_gbl,NDC+LTT,"High CE, EU + partners",d,Global,Cement,Gases,2050,1.0750223037950604,EJ/yr,plotted,"[""Final Energy|Industry|Non-Metallic Minerals|Cement|Gases""]",fig06_energy_mix,,,,,,"[""AFE"", ""AFN"", ""AFW"", ""AFZ"", ""ANZ"", ""ASC"", ""ASE"", ""ASO"", ""BRA"", ""CAN"", ""CHL"", ""CHN"", ""ENE"", ""ENW"", ""EUE"", ""EUM"", ""EUW"", ""IDN"", ""IND"", ""JPN"", ""LAM"", ""MDA"", ""MEA"", ""MEX"", ""NIG"", ""RUS"", ""SKT"", ""USA""]",Final energy,,,1.0,1.0750223037950604,EJ/yr,,,highce_gbl,5.0,future,H–EU+,0.0,,,,,,,,
baseline_highce_gbl,NDC+LTT,"High CE, EU + partners",d,Global,Cement,Liquids,2050,0.6982177156877679,EJ/yr,plotted,"[""Final Energy|Industry|Non-Metallic Minerals|Cement|Liquids""]",fig06_energy_mix,,,,,,"[""AFE"", ""AFN"", ""AFW"", ""AFZ"", ""ANZ"", ""ASC"", ""ASE"", ""ASO"", ""BRA"", ""CAN"", ""CHL"", ""CHN"", ""ENE"", ""ENW"", ""EUE"", ""EUM"", ""EUW"", ""IDN"", ""IND"", ""JPN"", ""LAM"", ""MDA"", ""MEA"", ""MEX"", ""NIG"", ""RUS"", ""SKT"", ""USA""]",Final energy,,,1.0,0.6982177156877679,EJ/yr,,,highce_gbl,5.0,future,H–EU+,0.0,,,,,,,,
baseline_highce_gbl,NDC+LTT,"High CE, EU + partners",d,Global,Cement,Solids,2050,4.472578907983063,EJ/yr,plotted,"[""Final Energy|Industry|Non-Metallic Minerals|Cement|Solids""]",fig06_energy_mix,,,,,,"[""AFE"", ""AFN"", ""AFW"", ""AFZ"", ""ANZ"", ""ASC"", ""ASE"", ""ASO"", ""BRA"", ""CAN"", ""CHL"", ""CHN"", ""ENE"", ""ENW"", ""EUE"", ""EUM"", ""EUW"", ""IDN"", ""IND"", ""JPN"", ""LAM"", ""MDA"", ""MEA"", ""MEX"", ""NIG"", ""RUS"", ""SKT"", ""USA""]",Final energy,,,1.0,4.472578907983063,EJ/yr,,,highce_gbl,5.0,future,H–EU+,0.0,,,,,,,,
baseline_highce_gbl,NDC+LTT,"High CE, EU + partners",d,Global,Cement,Total,2050,8.07391006192475,EJ/yr,context,"[""Final Energy|Industry|Non-Metallic Minerals|Cement|Electricity"", ""Final Energy|Industry|Non-Metallic Minerals|Cement|Gases"", ""Final Energy|Industry|Non-Metallic Minerals|Cement|Liquids"", ""Final Energy|Industry|Non-Metallic Minerals|Cement|Solids""]",fig06_energy_mix,,,,,,"[""AFE"", ""AFN"", ""AFW"", ""AFZ"", ""ANZ"", ""ASC"", ""ASE"", ""ASO"", ""BRA"", ""CAN"", ""CHL"", ""CHN"", ""ENE"", ""ENW"", ""EUE"", ""EUM"", ""EUW"", ""IDN"", ""IND"", ""JPN"", ""LAM"", ""MDA"", ""MEA"", ""MEX"", ""NIG"", ""RUS"", ""SKT"", ""USA""]",Final energy,,,1.0,8.07391006192475,EJ/yr,,,highce_gbl,5.0,future,H–EU+,0.0,,,,,,,,
baseline_highce_gbl,NDC+LTT,"High CE, EU + partners",d,Global,Cement,Total,2050,-20.799213075684378,%,context,"[""Final Energy|Industry|Non-Metallic Minerals|Cement|Electricity"", ""Final Energy|Industry|Non-Metallic Minerals|Cement|Gases"", ""Final Energy|Industry|Non-Metallic Minerals|Cement|Liquids"", ""Final Energy|Industry|Non-Metallic Minerals|Cement|Solids""]",fig06_energy_mix,,,,,,"[""AFE"", ""AFN"", ""AFW"", ""AFZ"", ""ANZ"", ""ASC"", ""ASE"", ""ASO"", ""BRA"", ""CAN"", ""CHL"", ""CHN"", ""ENE"", ""ENW"", ""EUE"", ""EUM"", ""EUW"", ""IDN"", ""IND"", ""JPN"", ""LAM"", ""MDA"", ""MEA"", ""MEX"", ""NIG"", ""RUS"", ""SKT"", ""USA""]",Final energy change from no CE,,,100.0,8.07391006192475,EJ/yr,10.194229597289468,EJ/yr,highce_gbl,5.0,future,H–EU+,-100.0,baseline_noce,2050.0,,,,,,
baseline_noce,NDC+LTT,No CE,e,Global,Iron and steel,Electricity,2019,4.450102658833501,EJ/yr,plotted,"[""Final Energy|Industry|Iron and Steel|Electricity""]",fig06_energy_mix,,,,,,"[""AFE"", ""AFN"", ""AFW"", ""AFZ"", ""ANZ"", ""ASC"", ""ASE"", ""ASO"", ""BRA"", ""CAN"", ""CHL"", ""CHN"", ""ENE"", ""ENW"", ""EUE"", ""EUM"", ""EUW"", ""IDN"", ""IND"", ""JPN"", ""LAM"", ""MDA"", ""MEA"", ""MEX"", ""NIG"", ""RUS"", ""SKT"", ""USA""]",Final energy,,,1.0,4.450102658833501,EJ/yr,,,noce,0.0,historical,2019,0.0,,,,,,,,
baseline_noce,NDC+LTT,No CE,e,Global,Iron and steel,Gases,2019,2.5956495325091713,EJ/yr,plotted,"[""Final Energy|Industry|Iron and Steel|Gases""]",fig06_energy_mix,,,,,,"[""AFE"", ""AFN"", ""AFW"", ""AFZ"", ""ANZ"", ""ASC"", ""ASE"", ""ASO"", ""BRA"", ""CAN"", ""CHL"", ""CHN"", ""ENE"", ""ENW"", ""EUE"", ""EUM"", ""EUW"", ""IDN"", ""IND"", ""JPN"", ""LAM"", ""MDA"", ""MEA"", ""MEX"", ""NIG"", ""RUS"", ""SKT"", ""USA""]",Final energy,,,1.0,2.5956495325091713,EJ/yr,,,noce,0.0,historical,2019,0.0,,,,,,,,
baseline_noce,NDC+LTT,No CE,e,Global,Iron and steel,Hydrogen,2019,0.0,EJ/yr,plotted,"[""Final Energy|Industry|Iron and Steel|Hydrogen""]",fig06_energy_mix,,,,,,"[""AFE"", ""AFN"", ""AFW"", ""AFZ"", ""ANZ"", ""ASC"", ""ASE"", ""ASO"", ""BRA"", ""CAN"", ""CHL"", ""CHN"", ""ENE"", ""ENW"", ""EUE"", ""EUM"", ""EUW"", ""IDN"", ""IND"", ""JPN"", ""LAM"", ""MDA"", ""MEA"", ""MEX"", ""NIG"", ""RUS"", ""SKT"", ""USA""]",Final energy,,,1.0,0.0,EJ/yr,,,noce,0.0,historical,2019,0.0,,,,,,,,
baseline_noce,NDC+LTT,No CE,e,Global,Iron and steel,Liquids,2019,0.2912064779786795,EJ/yr,plotted,"[""Final Energy|Industry|Iron and Steel|Liquids""]",fig06_energy_mix,,,,,,"[""AFE"", ""AFN"", ""AFW"", ""AFZ"", ""ANZ"", ""ASC"", ""ASE"", ""ASO"", ""BRA"", ""CAN"", ""CHL"", ""CHN"", ""ENE"", ""ENW"", ""EUE"", ""EUM"", ""EUW"", ""IDN"", ""IND"", ""JPN"", ""LAM"", ""MDA"", ""MEA"", ""MEX"", ""NIG"", ""RUS"", ""SKT"", ""USA""]",Final energy,,,1.0,0.2912064779786795,EJ/yr,,,noce,0.0,historical,2019,0.0,,,,,,,,
baseline_noce,NDC+LTT,No CE,e,Global,Iron and steel,Solids,2019,22.90554446435401,EJ/yr,plotted,"[""Final Energy|Industry|Iron and Steel|Solids""]",fig06_energy_mix,,,,,,"[""AFE"", ""AFN"", ""AFW"", ""AFZ"", ""ANZ"", ""ASC"", ""ASE"", ""ASO"", ""BRA"", ""CAN"", ""CHL"", ""CHN"", ""ENE"", ""ENW"", ""EUE"", ""EUM"", ""EUW"", ""IDN"", ""IND"", ""JPN"", ""LAM"", ""MDA"", ""MEA"", ""MEX"", ""NIG"", ""RUS"", ""SKT"", ""USA""]",Final energy,,,1.0,22.90554446435401,EJ/yr,,,noce,0.0,historical,2019,0.0,,,,,,,,
baseline_noce,NDC+LTT,No CE,e,Global,Iron and steel,Total,2019,30.24250313367536,EJ/yr,context,"[""Final Energy|Industry|Iron and Steel|Electricity"", ""Final Energy|Industry|Iron and Steel|Gases"", ""Final Energy|Industry|Iron and Steel|Hydrogen"", ""Final Energy|Industry|Iron and Steel|Liquids"", ""Final Energy|Industry|Iron and Steel|Solids""]",fig06_energy_mix,,,,,,"[""AFE"", ""AFN"", ""AFW"", ""AFZ"", ""ANZ"", ""ASC"", ""ASE"", ""ASO"", ""BRA"", ""CAN"", ""CHL"", ""CHN"", ""ENE"", ""ENW"", ""EUE"", ""EUM"", ""EUW"", ""IDN"", ""IND"", ""JPN"", ""LAM"", ""MDA"", ""MEA"", ""MEX"", ""NIG"", ""RUS"", ""SKT"", ""USA""]",Final energy,,,1.0,30.24250313367536,EJ/yr,,,noce,0.0,historical,2019,0.0,,,,,,,,
baseline_noce,NDC+LTT,No CE,e,Global,Iron and steel,Electricity,2050,8.53883974932105,EJ/yr,plotted,"[""Final Energy|Industry|Iron and Steel|Electricity""]",fig06_energy_mix,,,,,,"[""AFE"", ""AFN"", ""AFW"", ""AFZ"", ""ANZ"", ""ASC"", ""ASE"", ""ASO"", ""BRA"", ""CAN"", ""CHL"", ""CHN"", ""ENE"", ""ENW"", ""EUE"", ""EUM"", ""EUW"", ""IDN"", ""IND"", ""JPN"", ""LAM"", ""MDA"", ""MEA"", ""MEX"", ""NIG"", ""RUS"", ""SKT"", ""USA""]",Final energy,,,1.0,8.53883974932105,EJ/yr,,,noce,1.0,future,No CE,0.0,,,,,,,,
baseline_noce,NDC+LTT,No CE,e,Global,Iron and steel,Gases,2050,4.092643563447301,EJ/yr,plotted,"[""Final Energy|Industry|Iron and Steel|Gases""]",fig06_energy_mix,,,,,,"[""AFE"", ""AFN"", ""AFW"", ""AFZ"", ""ANZ"", ""ASC"", ""ASE"", ""ASO"", ""BRA"", ""CAN"", ""CHL"", ""CHN"", ""ENE"", ""ENW"", ""EUE"", ""EUM"", ""EUW"", ""IDN"", ""IND"", ""JPN"", ""LAM"", ""MDA"", ""MEA"", ""MEX"", ""NIG"", ""RUS"", ""SKT"", ""USA""]",Final energy,,,1.0,4.092643563447301,EJ/yr,,,noce,1.0,future,No CE,0.0,,,,,,,,
baseline_noce,NDC+LTT,No CE,e,Global,Iron and steel,Hydrogen,2050,1.4592124417736076,EJ/yr,plotted,"[""Final Energy|Industry|Iron and Steel|Hydrogen""]",fig06_energy_mix,,,,,,"[""AFE"", ""AFN"", ""AFW"", ""AFZ"", ""ANZ"", ""ASC"", ""ASE"", ""ASO"", ""BRA"", ""CAN"", ""CHL"", ""CHN"", ""ENE"", ""ENW"", ""EUE"", ""EUM"", ""EUW"", ""IDN"", ""IND"", ""JPN"", ""LAM"", ""MDA"", ""MEA"", ""MEX"", ""NIG"", ""RUS"", ""SKT"", ""USA""]",Final energy,,,1.0,1.4592124417736076,EJ/yr,,,noce,1.0,future,No CE,0.0,,,,,,,,
baseline_noce,NDC+LTT,No CE,e,Global,Iron and steel,Liquids,2050,0.0,EJ/yr,plotted,"[""Final Energy|Industry|Iron and Steel|Liquids""]",fig06_energy_mix,,,,,,"[""AFE"", ""AFN"", ""AFW"", ""AFZ"", ""ANZ"", ""ASC"", ""ASE"", ""ASO"", ""BRA"", ""CAN"", ""CHL"", ""CHN"", ""ENE"", ""ENW"", ""EUE"", ""EUM"", ""EUW"", ""IDN"", ""IND"", ""JPN"", ""LAM"", ""MDA"", ""MEA"", ""MEX"", ""NIG"", ""RUS"", ""SKT"", ""USA""]",Final energy,,,1.0,0.0,EJ/yr,,,noce,1.0,future,No CE,0.0,,,,,,,,
baseline_noce,NDC+LTT,No CE,e,Global,Iron and steel,Solids,2050,0.6229008840848573,EJ/yr,plotted,"[""Final Energy|Industry|Iron and Steel|Solids""]",fig06_energy_mix,,,,,,"[""AFE"", ""AFN"", ""AFW"", ""AFZ"", ""ANZ"", ""ASC"", ""ASE"", ""ASO"", ""BRA"", ""CAN"", ""CHL"", ""CHN"", ""ENE"", ""ENW"", ""EUE"", ""EUM"", ""EUW"", ""IDN"", ""IND"", ""JPN"", ""LAM"", ""MDA"", ""MEA"", ""MEX"", ""NIG"", ""RUS"", ""SKT"", ""USA""]",Final energy,,,1.0,0.6229008840848573,EJ/yr,,,noce,1.0,future,No CE,0.0,,,,,,,,
baseline_noce,NDC+LTT,No CE,e,Global,Iron and steel,Total,2050,14.713596638626818,EJ/yr,context,"[""Final Energy|Industry|Iron and Steel|Electricity"", ""Final Energy|Industry|Iron and Steel|Gases"", ""Final Energy|Industry|Iron and Steel|Hydrogen"", ""Final Energy|Industry|Iron and Steel|Liquids"", ""Final Energy|Industry|Iron and Steel|Solids""]",fig06_energy_mix,,,,,,"[""AFE"", ""AFN"", ""AFW"", ""AFZ"", ""ANZ"", ""ASC"", ""ASE"", ""ASO"", ""BRA"", ""CAN"", ""CHL"", ""CHN"", ""ENE"", ""ENW"", ""EUE"", ""EUM"", ""EUW"", ""IDN"", ""IND"", ""JPN"", ""LAM"", ""MDA"", ""MEA"", ""MEX"", ""NIG"", ""RUS"", ""SKT"", ""USA""]",Final energy,,,1.0,14.713596638626818,EJ/yr,,,noce,1.0,future,No CE,0.0,,,,,,,,
baseline_noce,NDC+LTT,No CE,e,Global,Iron and steel,Total,2050,0.0,%,context,"[""Final Energy|Industry|Iron and Steel|Electricity"", ""Final Energy|Industry|Iron and Steel|Gases"", ""Final Energy|Industry|Iron and Steel|Hydrogen"", ""Final Energy|Industry|Iron and Steel|Liquids"", ""Final Energy|Industry|Iron and Steel|Solids""]",fig06_energy_mix,,,,,,"[""AFE"", ""AFN"", ""AFW"", ""AFZ"", ""ANZ"", ""ASC"", ""ASE"", ""ASO"", ""BRA"", ""CAN"", ""CHL"", ""CHN"", ""ENE"", ""ENW"", ""EUE"", ""EUM"", ""EUW"", ""IDN"", ""IND"", ""JPN"", ""LAM"", ""MDA"", ""MEA"", ""MEX"", ""NIG"", ""RUS"", ""SKT"", ""USA""]",Final energy change from no CE,,,100.0,14.713596638626818,EJ/yr,14.713596638626818,EJ/yr,noce,1.0,future,No CE,-100.0,baseline_noce,2050.0,,,,,,
baseline_medce_eu,NDC+LTT,"Medium CE, EU",e,Global,Iron and steel,Electricity,2050,8.07174173472033,EJ/yr,plotted,"[""Final Energy|Industry|Iron and Steel|Electricity""]",fig06_energy_mix,,,,,,"[""AFE"", ""AFN"", ""AFW"", ""AFZ"", ""ANZ"", ""ASC"", ""ASE"", ""ASO"", ""BRA"", ""CAN"", ""CHL"", ""CHN"", ""ENE"", ""ENW"", ""EUE"", ""EUM"", ""EUW"", ""IDN"", ""IND"", ""JPN"", ""LAM"", ""MDA"", ""MEA"", ""MEX"", ""NIG"", ""RUS"", ""SKT"", ""USA""]",Final energy,,,1.0,8.07174173472033,EJ/yr,,,medce_eu,2.0,future,M–EU,0.0,,,,,,,,
baseline_medce_eu,NDC+LTT,"Medium CE, EU",e,Global,Iron and steel,Gases,2050,3.1568090356722402,EJ/yr,plotted,"[""Final Energy|Industry|Iron and Steel|Gases""]",fig06_energy_mix,,,,,,"[""AFE"", ""AFN"", ""AFW"", ""AFZ"", ""ANZ"", ""ASC"", ""ASE"", ""ASO"", ""BRA"", ""CAN"", ""CHL"", ""CHN"", ""ENE"", ""ENW"", ""EUE"", ""EUM"", ""EUW"", ""IDN"", ""IND"", ""JPN"", ""LAM"", ""MDA"", ""MEA"", ""MEX"", ""NIG"", ""RUS"", ""SKT"", ""USA""]",Final energy,,,1.0,3.1568090356722402,EJ/yr,,,medce_eu,2.0,future,M–EU,0.0,,,,,,,,
baseline_medce_eu,NDC+LTT,"Medium CE, EU",e,Global,Iron and steel,Hydrogen,2050,1.4395332361419382,EJ/yr,plotted,"[""Final Energy|Industry|Iron and Steel|Hydrogen""]",fig06_energy_mix,,,,,,"[""AFE"", ""AFN"", ""AFW"", ""AFZ"", ""ANZ"", ""ASC"", ""ASE"", ""ASO"", ""BRA"", ""CAN"", ""CHL"", ""CHN"", ""ENE"", ""ENW"", ""EUE"", ""EUM"", ""EUW"", ""IDN"", ""IND"", ""JPN"", ""LAM"", ""MDA"", ""MEA"", ""MEX"", ""NIG"", ""RUS"", ""SKT"", ""USA""]",Final energy,,,1.0,1.4395332361419382,EJ/yr,,,medce_eu,2.0,future,M–EU,0.0,,,,,,,,
baseline_medce_eu,NDC+LTT,"Medium CE, EU",e,Global,Iron and steel,Liquids,2050,0.0,EJ/yr,plotted,"[""Final Energy|Industry|Iron and Steel|Liquids""]",fig06_energy_mix,,,,,,"[""AFE"", ""AFN"", ""AFW"", ""AFZ"", ""ANZ"", ""ASC"", ""ASE"", ""ASO"", ""BRA"", ""CAN"", ""CHL"", ""CHN"", ""ENE"", ""ENW"", ""EUE"", ""EUM"", ""EUW"", ""IDN"", ""IND"", ""JPN"", ""LAM"", ""MDA"", ""MEA"", ""MEX"", ""NIG"", ""RUS"", ""SKT"", ""USA""]",Final energy,,,1.0,0.0,EJ/yr,,,medce_eu,2.0,future,M–EU,0.0,,,,,,,,
baseline_medce_eu,NDC+LTT,"Medium CE, EU",e,Global,Iron and steel,Solids,2050,1.4926577324618102,EJ/yr,plotted,"[""Final Energy|Industry|Iron and Steel|Solids""]",fig06_energy_mix,,,,,,"[""AFE"", ""AFN"", ""AFW"", ""AFZ"", ""ANZ"", ""ASC"", ""ASE"", ""ASO"", ""BRA"", ""CAN"", ""CHL"", ""CHN"", ""ENE"", ""ENW"", ""EUE"", ""EUM"", ""EUW"", ""IDN"", ""IND"", ""JPN"", ""LAM"", ""MDA"", ""MEA"", ""MEX"", ""NIG"", ""RUS"", ""SKT"", ""USA""]",Final energy,,,1.0,1.4926577324618102,EJ/yr,,,medce_eu,2.0,future,M–EU,0.0,,,,,,,,
baseline_medce_eu,NDC+LTT,"Medium CE, EU",e,Global,Iron and steel,Total,2050,14.160741738996318,EJ/yr,context,"[""Final Energy|Industry|Iron and Steel|Electricity"", ""Final Energy|Industry|Iron and Steel|Gases"", ""Final Energy|Industry|Iron and Steel|Hydrogen"", ""Final Energy|Industry|Iron and Steel|Liquids"", ""Final Energy|Industry|Iron and Steel|Solids""]",fig06_energy_mix,,,,,,"[""AFE"", ""AFN"", ""AFW"", ""AFZ"", ""ANZ"", ""ASC"", ""ASE"", ""ASO"", ""BRA"", ""CAN"", ""CHL"", ""CHN"", ""ENE"", ""ENW"", ""EUE"", ""EUM"", ""EUW"", ""IDN"", ""IND"", ""JPN"", ""LAM"", ""MDA"", ""MEA"", ""MEX"", ""NIG"", ""RUS"", ""SKT"", ""USA""]",Final energy,,,1.0,14.160741738996318,EJ/yr,,,medce_eu,2.0,future,M–EU,0.0,,,,,,,,
baseline_medce_eu,NDC+LTT,"Medium CE, EU",e,Global,Iron and steel,Total,2050,-3.757442270635025,%,context,"[""Final Energy|Industry|Iron and Steel|Electricity"", ""Final Energy|Industry|Iron and Steel|Gases"", ""Final Energy|Industry|Iron and Steel|Hydrogen"", ""Final Energy|Industry|Iron and Steel|Liquids"", ""Final Energy|Industry|Iron and Steel|Solids""]",fig06_energy_mix,,,,,,"[""AFE"", ""AFN"", ""AFW"", ""AFZ"", ""ANZ"", ""ASC"", ""ASE"", ""ASO"", ""BRA"", ""CAN"", ""CHL"", ""CHN"", ""ENE"", ""ENW"", ""EUE"", ""EUM"", ""EUW"", ""IDN"", ""IND"", ""JPN"", ""LAM"", ""MDA"", ""MEA"", ""MEX"", ""NIG"", ""RUS"", ""SKT"", ""USA""]",Final energy change from no CE,,,100.0,14.160741738996318,EJ/yr,14.713596638626818,EJ/yr,medce_eu,2.0,future,M–EU,-100.0,baseline_noce,2050.0,,,,,,
baseline_highce_eu,NDC+LTT,"High CE, EU",e,Global,Iron and steel,Electricity,2050,8.071283465542225,EJ/yr,plotted,"[""Final Energy|Industry|Iron and Steel|Electricity""]",fig06_energy_mix,,,,,,"[""AFE"", ""AFN"", ""AFW"", ""AFZ"", ""ANZ"", ""ASC"", ""ASE"", ""ASO"", ""BRA"", ""CAN"", ""CHL"", ""CHN"", ""ENE"", ""ENW"", ""EUE"", ""EUM"", ""EUW"", ""IDN"", ""IND"", ""JPN"", ""LAM"", ""MDA"", ""MEA"", ""MEX"", ""NIG"", ""RUS"", ""SKT"", ""USA""]",Final energy,,,1.0,8.071283465542225,EJ/yr,,,highce_eu,3.0,future,H–EU,0.0,,,,,,,,
baseline_highce_eu,NDC+LTT,"High CE, EU",e,Global,Iron and steel,Gases,2050,3.1520086298656023,EJ/yr,plotted,"[""Final Energy|Industry|Iron and Steel|Gases""]",fig06_energy_mix,,,,,,"[""AFE"", ""AFN"", ""AFW"", ""AFZ"", ""ANZ"", ""ASC"", ""ASE"", ""ASO"", ""BRA"", ""CAN"", ""CHL"", ""CHN"", ""ENE"", ""ENW"", ""EUE"", ""EUM"", ""EUW"", ""IDN"", ""IND"", ""JPN"", ""LAM"", ""MDA"", ""MEA"", ""MEX"", ""NIG"", ""RUS"", ""SKT"", ""USA""]",Final energy,,,1.0,3.1520086298656023,EJ/yr,,,highce_eu,3.0,future,H–EU,0.0,,,,,,,,
baseline_highce_eu,NDC+LTT,"High CE, EU",e,Global,Iron and steel,Hydrogen,2050,1.4392677315303841,EJ/yr,plotted,"[""Final Energy|Industry|Iron and Steel|Hydrogen""]",fig06_energy_mix,,,,,,"[""AFE"", ""AFN"", ""AFW"", ""AFZ"", ""ANZ"", ""ASC"", ""ASE"", ""ASO"", ""BRA"", ""CAN"", ""CHL"", ""CHN"", ""ENE"", ""ENW"", ""EUE"", ""EUM"", ""EUW"", ""IDN"", ""IND"", ""JPN"", ""LAM"", ""MDA"", ""MEA"", ""MEX"", ""NIG"", ""RUS"", ""SKT"", ""USA""]",Final energy,,,1.0,1.4392677315303841,EJ/yr,,,highce_eu,3.0,future,H–EU,0.0,,,,,,,,
baseline_highce_eu,NDC+LTT,"High CE, EU",e,Global,Iron and steel,Liquids,2050,0.0,EJ/yr,plotted,"[""Final Energy|Industry|Iron and Steel|Liquids""]",fig06_energy_mix,,,,,,"[""AFE"", ""AFN"", ""AFW"", ""AFZ"", ""ANZ"", ""ASC"", ""ASE"", ""ASO"", ""BRA"", ""CAN"", ""CHL"", ""CHN"", ""ENE"", ""ENW"", ""EUE"", ""EUM"", ""EUW"", ""IDN"", ""IND"", ""JPN"", ""LAM"", ""MDA"", ""MEA"", ""MEX"", ""NIG"", ""RUS"", ""SKT"", ""USA""]",Final energy,,,1.0,0.0,EJ/yr,,,highce_eu,3.0,future,H–EU,0.0,,,,,,,,
baseline_highce_eu,NDC+LTT,"High CE, EU",e,Global,Iron and steel,Solids,2050,1.4973805870407488,EJ/yr,plotted,"[""Final Energy|Industry|Iron and Steel|Solids""]",fig06_energy_mix,,,,,,"[""AFE"", ""AFN"", ""AFW"", ""AFZ"", ""ANZ"", ""ASC"", ""ASE"", ""ASO"", ""BRA"", ""CAN"", ""CHL"", ""CHN"", ""ENE"", ""ENW"", ""EUE"", ""EUM"", ""EUW"", ""IDN"", ""IND"", ""JPN"", ""LAM"", ""MDA"", ""MEA"", ""MEX"", ""NIG"", ""RUS"", ""SKT"", ""USA""]",Final energy,,,1.0,1.4973805870407488,EJ/yr,,,highce_eu,3.0,future,H–EU,0.0,,,,,,,,
baseline_highce_eu,NDC+LTT,"High CE, EU",e,Global,Iron and steel,Total,2050,14.159940413978958,EJ/yr,context,"[""Final Energy|Industry|Iron and Steel|Electricity"", ""Final Energy|Industry|Iron and Steel|Gases"", ""Final Energy|Industry|Iron and Steel|Hydrogen"", ""Final Energy|Industry|Iron and Steel|Liquids"", ""Final Energy|Industry|Iron and Steel|Solids""]",fig06_energy_mix,,,,,,"[""AFE"", ""AFN"", ""AFW"", ""AFZ"", ""ANZ"", ""ASC"", ""ASE"", ""ASO"", ""BRA"", ""CAN"", ""CHL"", ""CHN"", ""ENE"", ""ENW"", ""EUE"", ""EUM"", ""EUW"", ""IDN"", ""IND"", ""JPN"", ""LAM"", ""MDA"", ""MEA"", ""MEX"", ""NIG"", ""RUS"", ""SKT"", ""USA""]",Final energy,,,1.0,14.159940413978958,EJ/yr,,,highce_eu,3.0,future,H–EU,0.0,,,,,,,,
baseline_highce_eu,NDC+LTT,"High CE, EU",e,Global,Iron and steel,Total,2050,-3.762888423856708,%,context,"[""Final Energy|Industry|Iron and Steel|Electricity"", ""Final Energy|Industry|Iron and Steel|Gases"", ""Final Energy|Industry|Iron and Steel|Hydrogen"", ""Final Energy|Industry|Iron and Steel|Liquids"", ""Final Energy|Industry|Iron and Steel|Solids""]",fig06_energy_mix,,,,,,"[""AFE"", ""AFN"", ""AFW"", ""AFZ"", ""ANZ"", ""ASC"", ""ASE"", ""ASO"", ""BRA"", ""CAN"", ""CHL"", ""CHN"", ""ENE"", ""ENW"", ""EUE"", ""EUM"", ""EUW"", ""IDN"", ""IND"", ""JPN"", ""LAM"", ""MDA"", ""MEA"", ""MEX"", ""NIG"", ""RUS"", ""SKT"", ""USA""]",Final energy change from no CE,,,100.0,14.159940413978958,EJ/yr,14.713596638626818,EJ/yr,highce_eu,3.0,future,H–EU,-100.0,baseline_noce,2050.0,,,,,,
baseline_medce_gbl,NDC+LTT,"Medium CE, EU + partners",e,Global,Iron and steel,Electricity,2050,6.9300999938967065,EJ/yr,plotted,"[""Final Energy|Industry|Iron and Steel|Electricity""]",fig06_energy_mix,,,,,,"[""AFE"", ""AFN"", ""AFW"", ""AFZ"", ""ANZ"", ""ASC"", ""ASE"", ""ASO"", ""BRA"", ""CAN"", ""CHL"", ""CHN"", ""ENE"", ""ENW"", ""EUE"", ""EUM"", ""EUW"", ""IDN"", ""IND"", ""JPN"", ""LAM"", ""MDA"", ""MEA"", ""MEX"", ""NIG"", ""RUS"", ""SKT"", ""USA""]",Final energy,,,1.0,6.9300999938967065,EJ/yr,,,medce_gbl,4.0,future,M–EU+,0.0,,,,,,,,
baseline_medce_gbl,NDC+LTT,"Medium CE, EU + partners",e,Global,Iron and steel,Gases,2050,0.6024651658279064,EJ/yr,plotted,"[""Final Energy|Industry|Iron and Steel|Gases""]",fig06_energy_mix,,,,,,"[""AFE"", ""AFN"", ""AFW"", ""AFZ"", ""ANZ"", ""ASC"", ""ASE"", ""ASO"", ""BRA"", ""CAN"", ""CHL"", ""CHN"", ""ENE"", ""ENW"", ""EUE"", ""EUM"", ""EUW"", ""IDN"", ""IND"", ""JPN"", ""LAM"", ""MDA"", ""MEA"", ""MEX"", ""NIG"", ""RUS"", ""SKT"", ""USA""]",Final energy,,,1.0,0.6024651658279064,EJ/yr,,,medce_gbl,4.0,future,M–EU+,0.0,,,,,,,,
baseline_medce_gbl,NDC+LTT,"Medium CE, EU + partners",e,Global,Iron and steel,Hydrogen,2050,1.2321656575755833,EJ/yr,plotted,"[""Final Energy|Industry|Iron and Steel|Hydrogen""]",fig06_energy_mix,,,,,,"[""AFE"", ""AFN"", ""AFW"", ""AFZ"", ""ANZ"", ""ASC"", ""ASE"", ""ASO"", ""BRA"", ""CAN"", ""CHL"", ""CHN"", ""ENE"", ""ENW"", ""EUE"", ""EUM"", ""EUW"", ""IDN"", ""IND"", ""JPN"", ""LAM"", ""MDA"", ""MEA"", ""MEX"", ""NIG"", ""RUS"", ""SKT"", ""USA""]",Final energy,,,1.0,1.2321656575755833,EJ/yr,,,medce_gbl,4.0,future,M–EU+,0.0,,,,,,,,
baseline_medce_gbl,NDC+LTT,"Medium CE, EU + partners",e,Global,Iron and steel,Liquids,2050,0.0,EJ/yr,plotted,"[""Final Energy|Industry|Iron and Steel|Liquids""]",fig06_energy_mix,,,,,,"[""AFE"", ""AFN"", ""AFW"", ""AFZ"", ""ANZ"", ""ASC"", ""ASE"", ""ASO"", ""BRA"", ""CAN"", ""CHL"", ""CHN"", ""ENE"", ""ENW"", ""EUE"", ""EUM"", ""EUW"", ""IDN"", ""IND"", ""JPN"", ""LAM"", ""MDA"", ""MEA"", ""MEX"", ""NIG"", ""RUS"", ""SKT"", ""USA""]",Final energy,,,1.0,0.0,EJ/yr,,,medce_gbl,4.0,future,M–EU+,0.0,,,,,,,,
baseline_medce_gbl,NDC+LTT,"Medium CE, EU + partners",e,Global,Iron and steel,Solids,2050,1.3943921969087196,EJ/yr,plotted,"[""Final Energy|Industry|Iron and Steel|Solids""]",fig06_energy_mix,,,,,,"[""AFE"", ""AFN"", ""AFW"", ""AFZ"", ""ANZ"", ""ASC"", ""ASE"", ""ASO"", ""BRA"", ""CAN"", ""CHL"", ""CHN"", ""ENE"", ""ENW"", ""EUE"", ""EUM"", ""EUW"", ""IDN"", ""IND"", ""JPN"", ""LAM"", ""MDA"", ""MEA"", ""MEX"", ""NIG"", ""RUS"", ""SKT"", ""USA""]",Final energy,,,1.0,1.3943921969087196,EJ/yr,,,medce_gbl,4.0,future,M–EU+,0.0,,,,,,,,
baseline_medce_gbl,NDC+LTT,"Medium CE, EU + partners",e,Global,Iron and steel,Total,2050,10.159123014208916,EJ/yr,context,"[""Final Energy|Industry|Iron and Steel|Electricity"", ""Final Energy|Industry|Iron and Steel|Gases"", ""Final Energy|Industry|Iron and Steel|Hydrogen"", ""Final Energy|Industry|Iron and Steel|Liquids"", ""Final Energy|Industry|Iron and Steel|Solids""]",fig06_energy_mix,,,,,,"[""AFE"", ""AFN"", ""AFW"", ""AFZ"", ""ANZ"", ""ASC"", ""ASE"", ""ASO"", ""BRA"", ""CAN"", ""CHL"", ""CHN"", ""ENE"", ""ENW"", ""EUE"", ""EUM"", ""EUW"", ""IDN"", ""IND"", ""JPN"", ""LAM"", ""MDA"", ""MEA"", ""MEX"", ""NIG"", ""RUS"", ""SKT"", ""USA""]",Final energy,,,1.0,10.159123014208916,EJ/yr,,,medce_gbl,4.0,future,M–EU+,0.0,,,,,,,,
baseline_medce_gbl,NDC+LTT,"Medium CE, EU + partners",e,Global,Iron and steel,Total,2050,-30.954182966123227,%,context,"[""Final Energy|Industry|Iron and Steel|Electricity"", ""Final Energy|Industry|Iron and Steel|Gases"", ""Final Energy|Industry|Iron and Steel|Hydrogen"", ""Final Energy|Industry|Iron and Steel|Liquids"", ""Final Energy|Industry|Iron and Steel|Solids""]",fig06_energy_mix,,,,,,"[""AFE"", ""AFN"", ""AFW"", ""AFZ"", ""ANZ"", ""ASC"", ""ASE"", ""ASO"", ""BRA"", ""CAN"", ""CHL"", ""CHN"", ""ENE"", ""ENW"", ""EUE"", ""EUM"", ""EUW"", ""IDN"", ""IND"", ""JPN"", ""LAM"", ""MDA"", ""MEA"", ""MEX"", ""NIG"", ""RUS"", ""SKT"", ""USA""]",Final energy change from no CE,,,100.0,10.159123014208916,EJ/yr,14.713596638626818,EJ/yr,medce_gbl,4.0,future,M–EU+,-100.0,baseline_noce,2050.0,,,,,,
baseline_highce_gbl,NDC+LTT,"High CE, EU + partners",e,Global,Iron and steel,Electricity,2050,6.132967639955025,EJ/yr,plotted,"[""Final Energy|Industry|Iron and Steel|Electricity""]",fig06_energy_mix,,,,,,"[""AFE"", ""AFN"", ""AFW"", ""AFZ"", ""ANZ"", ""ASC"", ""ASE"", ""ASO"", ""BRA"", ""CAN"", ""CHL"", ""CHN"", ""ENE"", ""ENW"", ""EUE"", ""EUM"", ""EUW"", ""IDN"", ""IND"", ""JPN"", ""LAM"", ""MDA"", ""MEA"", ""MEX"", ""NIG"", ""RUS"", ""SKT"", ""USA""]",Final energy,,,1.0,6.132967639955025,EJ/yr,,,highce_gbl,5.0,future,H–EU+,0.0,,,,,,,,
baseline_highce_gbl,NDC+LTT,"High CE, EU + partners",e,Global,Iron and steel,Gases,2050,0.061825016344635525,EJ/yr,plotted,"[""Final Energy|Industry|Iron and Steel|Gases""]",fig06_energy_mix,,,,,,"[""AFE"", ""AFN"", ""AFW"", ""AFZ"", ""ANZ"", ""ASC"", ""ASE"", ""ASO"", ""BRA"", ""CAN"", ""CHL"", ""CHN"", ""ENE"", ""ENW"", ""EUE"", ""EUM"", ""EUW"", ""IDN"", ""IND"", ""JPN"", ""LAM"", ""MDA"", ""MEA"", ""MEX"", ""NIG"", ""RUS"", ""SKT"", ""USA""]",Final energy,,,1.0,0.061825016344635525,EJ/yr,,,highce_gbl,5.0,future,H–EU+,0.0,,,,,,,,
baseline_highce_gbl,NDC+LTT,"High CE, EU + partners",e,Global,Iron and steel,Hydrogen,2050,0.7044173486803122,EJ/yr,plotted,"[""Final Energy|Industry|Iron and Steel|Hydrogen""]",fig06_energy_mix,,,,,,"[""AFE"", ""AFN"", ""AFW"", ""AFZ"", ""ANZ"", ""ASC"", ""ASE"", ""ASO"", ""BRA"", ""CAN"", ""CHL"", ""CHN"", ""ENE"", ""ENW"", ""EUE"", ""EUM"", ""EUW"", ""IDN"", ""IND"", ""JPN"", ""LAM"", ""MDA"", ""MEA"", ""MEX"", ""NIG"", ""RUS"", ""SKT"", ""USA""]",Final energy,,,1.0,0.7044173486803122,EJ/yr,,,highce_gbl,5.0,future,H–EU+,0.0,,,,,,,,
baseline_highce_gbl,NDC+LTT,"High CE, EU + partners",e,Global,Iron and steel,Liquids,2050,0.0,EJ/yr,plotted,"[""Final Energy|Industry|Iron and Steel|Liquids""]",fig06_energy_mix,,,,,,"[""AFE"", ""AFN"", ""AFW"", ""AFZ"", ""ANZ"", ""ASC"", ""ASE"", ""ASO"", ""BRA"", ""CAN"", ""CHL"", ""CHN"", ""ENE"", ""ENW"", ""EUE"", ""EUM"", ""EUW"", ""IDN"", ""IND"", ""JPN"", ""LAM"", ""MDA"", ""MEA"", ""MEX"", ""NIG"", ""RUS"", ""SKT"", ""USA""]",Final energy,,,1.0,0.0,EJ/yr,,,highce_gbl,5.0,future,H–EU+,0.0,,,,,,,,
baseline_highce_gbl,NDC+LTT,"High CE, EU + partners",e,Global,Iron and steel,Solids,2050,0.19139248801915,EJ/yr,plotted,"[""Final Energy|Industry|Iron and Steel|Solids""]",fig06_energy_mix,,,,,,"[""AFE"", ""AFN"", ""AFW"", ""AFZ"", ""ANZ"", ""ASC"", ""ASE"", ""ASO"", ""BRA"", ""CAN"", ""CHL"", ""CHN"", ""ENE"", ""ENW"", ""EUE"", ""EUM"", ""EUW"", ""IDN"", ""IND"", ""JPN"", ""LAM"", ""MDA"", ""MEA"", ""MEX"", ""NIG"", ""RUS"", ""SKT"", ""USA""]",Final energy,,,1.0,0.19139248801915,EJ/yr,,,highce_gbl,5.0,future,H–EU+,0.0,,,,,,,,
baseline_highce_gbl,NDC+LTT,"High CE, EU + partners",e,Global,Iron and steel,Total,2050,7.090602492999123,EJ/yr,context,"[""Final Energy|Industry|Iron and Steel|Electricity"", ""Final Energy|Industry|Iron and Steel|Gases"", ""Final Energy|Industry|Iron and Steel|Hydrogen"", ""Final Energy|Industry|Iron and Steel|Liquids"", ""Final Energy|Industry|Iron and Steel|Solids""]",fig06_energy_mix,,,,,,"[""AFE"", ""AFN"", ""AFW"", ""AFZ"", ""ANZ"", ""ASC"", ""ASE"", ""ASO"", ""BRA"", ""CAN"", ""CHL"", ""CHN"", ""ENE"", ""ENW"", ""EUE"", ""EUM"", ""EUW"", ""IDN"", ""IND"", ""JPN"", ""LAM"", ""MDA"", ""MEA"", ""MEX"", ""NIG"", ""RUS"", ""SKT"", ""USA""]",Final energy,,,1.0,7.090602492999123,EJ/yr,,,highce_gbl,5.0,future,H–EU+,0.0,,,,,,,,
baseline_highce_gbl,NDC+LTT,"High CE, EU + partners",e,Global,Iron and steel,Total,2050,-51.80918257345357,%,context,"[""Final Energy|Industry|Iron and Steel|Electricity"", ""Final Energy|Industry|Iron and Steel|Gases"", ""Final Energy|Industry|Iron and Steel|Hydrogen"", ""Final Energy|Industry|Iron and Steel|Liquids"", ""Final Energy|Industry|Iron and Steel|Solids""]",fig06_energy_mix,,,,,,"[""AFE"", ""AFN"", ""AFW"", ""AFZ"", ""ANZ"", ""ASC"", ""ASE"", ""ASO"", ""BRA"", ""CAN"", ""CHL"", ""CHN"", ""ENE"", ""ENW"", ""EUE"", ""EUM"", ""EUW"", ""IDN"", ""IND"", ""JPN"", ""LAM"", ""MDA"", ""MEA"", ""MEX"", ""NIG"", ""RUS"", ""SKT"", ""USA""]",Final energy change from no CE,,,100.0,7.090602492999123,EJ/yr,14.713596638626818,EJ/yr,highce_gbl,5.0,future,H–EU+,-100.0,baseline_noce,2050.0,,,,,,
baseline_noce,NDC+LTT,No CE,f,Global,Aluminium,Electricity,2019,3.4030921983279416,EJ/yr,plotted,"[""Final Energy|Industry|Non-Ferrous Metals|Aluminum|Electricity""]",fig06_energy_mix,,,,,,"[""AFE"", ""AFN"", ""AFW"", ""AFZ"", ""ANZ"", ""ASC"", ""ASE"", ""ASO"", ""BRA"", ""CAN"", ""CHL"", ""CHN"", ""ENE"", ""ENW"", ""EUE"", ""EUM"", ""EUW"", ""IDN"", ""IND"", ""JPN"", ""LAM"", ""MDA"", ""MEA"", ""MEX"", ""NIG"", ""RUS"", ""SKT"", ""USA""]",Final energy,,,1.0,3.4030921983279416,EJ/yr,,,noce,0.0,historical,2019,0.0,,,,,,,,
baseline_noce,NDC+LTT,No CE,f,Global,Aluminium,Gases,2019,0.49666926405350864,EJ/yr,plotted,"[""Final Energy|Industry|Non-Ferrous Metals|Aluminum|Gases""]",fig06_energy_mix,,,,,,"[""AFE"", ""AFN"", ""AFW"", ""AFZ"", ""ANZ"", ""ASC"", ""ASE"", ""ASO"", ""BRA"", ""CAN"", ""CHL"", ""CHN"", ""ENE"", ""ENW"", ""EUE"", ""EUM"", ""EUW"", ""IDN"", ""IND"", ""JPN"", ""LAM"", ""MDA"", ""MEA"", ""MEX"", ""NIG"", ""RUS"", ""SKT"", ""USA""]",Final energy,,,1.0,0.49666926405350864,EJ/yr,,,noce,0.0,historical,2019,0.0,,,,,,,,
baseline_noce,NDC+LTT,No CE,f,Global,Aluminium,Hydrogen,2019,0.0,EJ/yr,plotted,"[""Final Energy|Industry|Non-Ferrous Metals|Aluminum|Hydrogen""]",fig06_energy_mix,,,,,,"[""AFE"", ""AFN"", ""AFW"", ""AFZ"", ""ANZ"", ""ASC"", ""ASE"", ""ASO"", ""BRA"", ""CAN"", ""CHL"", ""CHN"", ""ENE"", ""ENW"", ""EUE"", ""EUM"", ""EUW"", ""IDN"", ""IND"", ""JPN"", ""LAM"", ""MDA"", ""MEA"", ""MEX"", ""NIG"", ""RUS"", ""SKT"", ""USA""]",Final energy,,,1.0,0.0,EJ/yr,,,noce,0.0,historical,2019,0.0,,,,,,,,
baseline_noce,NDC+LTT,No CE,f,Global,Aluminium,Liquids,2019,0.08640766076555549,EJ/yr,plotted,"[""Final Energy|Industry|Non-Ferrous Metals|Aluminum|Liquids""]",fig06_energy_mix,,,,,,"[""AFE"", ""AFN"", ""AFW"", ""AFZ"", ""ANZ"", ""ASC"", ""ASE"", ""ASO"", ""BRA"", ""CAN"", ""CHL"", ""CHN"", ""ENE"", ""ENW"", ""EUE"", ""EUM"", ""EUW"", ""IDN"", ""IND"", ""JPN"", ""LAM"", ""MDA"", ""MEA"", ""MEX"", ""NIG"", ""RUS"", ""SKT"", ""USA""]",Final energy,,,1.0,0.08640766076555549,EJ/yr,,,noce,0.0,historical,2019,0.0,,,,,,,,
baseline_noce,NDC+LTT,No CE,f,Global,Aluminium,Solids,2019,0.6947787453102924,EJ/yr,plotted,"[""Final Energy|Industry|Non-Ferrous Metals|Aluminum|Solids""]",fig06_energy_mix,,,,,,"[""AFE"", ""AFN"", ""AFW"", ""AFZ"", ""ANZ"", ""ASC"", ""ASE"", ""ASO"", ""BRA"", ""CAN"", ""CHL"", ""CHN"", ""ENE"", ""ENW"", ""EUE"", ""EUM"", ""EUW"", ""IDN"", ""IND"", ""JPN"", ""LAM"", ""MDA"", ""MEA"", ""MEX"", ""NIG"", ""RUS"", ""SKT"", ""USA""]",Final energy,,,1.0,0.6947787453102924,EJ/yr,,,noce,0.0,historical,2019,0.0,,,,,,,,
baseline_noce,NDC+LTT,No CE,f,Global,Aluminium,Total,2019,4.680947868457298,EJ/yr,context,"[""Final Energy|Industry|Non-Ferrous Metals|Aluminum|Electricity"", ""Final Energy|Industry|Non-Ferrous Metals|Aluminum|Gases"", ""Final Energy|Industry|Non-Ferrous Metals|Aluminum|Hydrogen"", ""Final Energy|Industry|Non-Ferrous Metals|Aluminum|Liquids"", ""Final Energy|Industry|Non-Ferrous Metals|Aluminum|Solids""]",fig06_energy_mix,,,,,,"[""AFE"", ""AFN"", ""AFW"", ""AFZ"", ""ANZ"", ""ASC"", ""ASE"", ""ASO"", ""BRA"", ""CAN"", ""CHL"", ""CHN"", ""ENE"", ""ENW"", ""EUE"", ""EUM"", ""EUW"", ""IDN"", ""IND"", ""JPN"", ""LAM"", ""MDA"", ""MEA"", ""MEX"", ""NIG"", ""RUS"", ""SKT"", ""USA""]",Final energy,,,1.0,4.680947868457298,EJ/yr,,,noce,0.0,historical,2019,0.0,,,,,,,,
baseline_noce,NDC+LTT,No CE,f,Global,Aluminium,Electricity,2050,4.386633712430457,EJ/yr,plotted,"[""Final Energy|Industry|Non-Ferrous Metals|Aluminum|Electricity""]",fig06_energy_mix,,,,,,"[""AFE"", ""AFN"", ""AFW"", ""AFZ"", ""ANZ"", ""ASC"", ""ASE"", ""ASO"", ""BRA"", ""CAN"", ""CHL"", ""CHN"", ""ENE"", ""ENW"", ""EUE"", ""EUM"", ""EUW"", ""IDN"", ""IND"", ""JPN"", ""LAM"", ""MDA"", ""MEA"", ""MEX"", ""NIG"", ""RUS"", ""SKT"", ""USA""]",Final energy,,,1.0,4.386633712430457,EJ/yr,,,noce,1.0,future,No CE,0.0,,,,,,,,
baseline_noce,NDC+LTT,No CE,f,Global,Aluminium,Gases,2050,0.4626941687174066,EJ/yr,plotted,"[""Final Energy|Industry|Non-Ferrous Metals|Aluminum|Gases""]",fig06_energy_mix,,,,,,"[""AFE"", ""AFN"", ""AFW"", ""AFZ"", ""ANZ"", ""ASC"", ""ASE"", ""ASO"", ""BRA"", ""CAN"", ""CHL"", ""CHN"", ""ENE"", ""ENW"", ""EUE"", ""EUM"", ""EUW"", ""IDN"", ""IND"", ""JPN"", ""LAM"", ""MDA"", ""MEA"", ""MEX"", ""NIG"", ""RUS"", ""SKT"", ""USA""]",Final energy,,,1.0,0.4626941687174066,EJ/yr,,,noce,1.0,future,No CE,0.0,,,,,,,,
baseline_noce,NDC+LTT,No CE,f,Global,Aluminium,Hydrogen,2050,0.29749364827974933,EJ/yr,plotted,"[""Final Energy|Industry|Non-Ferrous Metals|Aluminum|Hydrogen""]",fig06_energy_mix,,,,,,"[""AFE"", ""AFN"", ""AFW"", ""AFZ"", ""ANZ"", ""ASC"", ""ASE"", ""ASO"", ""BRA"", ""CAN"", ""CHL"", ""CHN"", ""ENE"", ""ENW"", ""EUE"", ""EUM"", ""EUW"", ""IDN"", ""IND"", ""JPN"", ""LAM"", ""MDA"", ""MEA"", ""MEX"", ""NIG"", ""RUS"", ""SKT"", ""USA""]",Final energy,,,1.0,0.29749364827974933,EJ/yr,,,noce,1.0,future,No CE,0.0,,,,,,,,
baseline_noce,NDC+LTT,No CE,f,Global,Aluminium,Liquids,2050,0.0,EJ/yr,plotted,"[""Final Energy|Industry|Non-Ferrous Metals|Aluminum|Liquids""]",fig06_energy_mix,,,,,,"[""AFE"", ""AFN"", ""AFW"", ""AFZ"", ""ANZ"", ""ASC"", ""ASE"", ""ASO"", ""BRA"", ""CAN"", ""CHL"", ""CHN"", ""ENE"", ""ENW"", ""EUE"", ""EUM"", ""EUW"", ""IDN"", ""IND"", ""JPN"", ""LAM"", ""MDA"", ""MEA"", ""MEX"", ""NIG"", ""RUS"", ""SKT"", ""USA""]",Final energy,,,1.0,0.0,EJ/yr,,,noce,1.0,future,No CE,0.0,,,,,,,,
baseline_noce,NDC+LTT,No CE,f,Global,Aluminium,Solids,2050,0.0,EJ/yr,plotted,"[""Final Energy|Industry|Non-Ferrous Metals|Aluminum|Solids""]",fig06_energy_mix,,,,,,"[""AFE"", ""AFN"", ""AFW"", ""AFZ"", ""ANZ"", ""ASC"", ""ASE"", ""ASO"", ""BRA"", ""CAN"", ""CHL"", ""CHN"", ""ENE"", ""ENW"", ""EUE"", ""EUM"", ""EUW"", ""IDN"", ""IND"", ""JPN"", ""LAM"", ""MDA"", ""MEA"", ""MEX"", ""NIG"", ""RUS"", ""SKT"", ""USA""]",Final energy,,,1.0,0.0,EJ/yr,,,noce,1.0,future,No CE,0.0,,,,,,,,
baseline_noce,NDC+LTT,No CE,f,Global,Aluminium,Total,2050,5.146821529427612,EJ/yr,context,"[""Final Energy|Industry|Non-Ferrous Metals|Aluminum|Electricity"", ""Final Energy|Industry|Non-Ferrous Metals|Aluminum|Gases"", ""Final Energy|Industry|Non-Ferrous Metals|Aluminum|Hydrogen"", ""Final Energy|Industry|Non-Ferrous Metals|Aluminum|Liquids"", ""Final Energy|Industry|Non-Ferrous Metals|Aluminum|Solids""]",fig06_energy_mix,,,,,,"[""AFE"", ""AFN"", ""AFW"", ""AFZ"", ""ANZ"", ""ASC"", ""ASE"", ""ASO"", ""BRA"", ""CAN"", ""CHL"", ""CHN"", ""ENE"", ""ENW"", ""EUE"", ""EUM"", ""EUW"", ""IDN"", ""IND"", ""JPN"", ""LAM"", ""MDA"", ""MEA"", ""MEX"", ""NIG"", ""RUS"", ""SKT"", ""USA""]",Final energy,,,1.0,5.146821529427612,EJ/yr,,,noce,1.0,future,No CE,0.0,,,,,,,,
baseline_noce,NDC+LTT,No CE,f,Global,Aluminium,Total,2050,-1.4210854715202004e-14,%,context,"[""Final Energy|Industry|Non-Ferrous Metals|Aluminum|Electricity"", ""Final Energy|Industry|Non-Ferrous Metals|Aluminum|Gases"", ""Final Energy|Industry|Non-Ferrous Metals|Aluminum|Hydrogen"", ""Final Energy|Industry|Non-Ferrous Metals|Aluminum|Liquids"", ""Final Energy|Industry|Non-Ferrous Metals|Aluminum|Solids""]",fig06_energy_mix,,,,,,"[""AFE"", ""AFN"", ""AFW"", ""AFZ"", ""ANZ"", ""ASC"", ""ASE"", ""ASO"", ""BRA"", ""CAN"", ""CHL"", ""CHN"", ""ENE"", ""ENW"", ""EUE"", ""EUM"", ""EUW"", ""IDN"", ""IND"", ""JPN"", ""LAM"", ""MDA"", ""MEA"", ""MEX"", ""NIG"", ""RUS"", ""SKT"", ""USA""]",Final energy change from no CE,,,100.0,5.146821529427612,EJ/yr,5.146821529427612,EJ/yr,noce,1.0,future,No CE,-100.0,baseline_noce,2050.0,,,,,,
baseline_medce_eu,NDC+LTT,"Medium CE, EU",f,Global,Aluminium,Electricity,2050,4.277414916242805,EJ/yr,plotted,"[""Final Energy|Industry|Non-Ferrous Metals|Aluminum|Electricity""]",fig06_energy_mix,,,,,,"[""AFE"", ""AFN"", ""AFW"", ""AFZ"", ""ANZ"", ""ASC"", ""ASE"", ""ASO"", ""BRA"", ""CAN"", ""CHL"", ""CHN"", ""ENE"", ""ENW"", ""EUE"", ""EUM"", ""EUW"", ""IDN"", ""IND"", ""JPN"", ""LAM"", ""MDA"", ""MEA"", ""MEX"", ""NIG"", ""RUS"", ""SKT"", ""USA""]",Final energy,,,1.0,4.277414916242805,EJ/yr,,,medce_eu,2.0,future,M–EU,0.0,,,,,,,,
baseline_medce_eu,NDC+LTT,"Medium CE, EU",f,Global,Aluminium,Gases,2050,0.5045055265873329,EJ/yr,plotted,"[""Final Energy|Industry|Non-Ferrous Metals|Aluminum|Gases""]",fig06_energy_mix,,,,,,"[""AFE"", ""AFN"", ""AFW"", ""AFZ"", ""ANZ"", ""ASC"", ""ASE"", ""ASO"", ""BRA"", ""CAN"", ""CHL"", ""CHN"", ""ENE"", ""ENW"", ""EUE"", ""EUM"", ""EUW"", ""IDN"", ""IND"", ""JPN"", ""LAM"", ""MDA"", ""MEA"", ""MEX"", ""NIG"", ""RUS"", ""SKT"", ""USA""]",Final energy,,,1.0,0.5045055265873329,EJ/yr,,,medce_eu,2.0,future,M–EU,0.0,,,,,,,,
baseline_medce_eu,NDC+LTT,"Medium CE, EU",f,Global,Aluminium,Hydrogen,2050,0.3203637615757434,EJ/yr,plotted,"[""Final Energy|Industry|Non-Ferrous Metals|Aluminum|Hydrogen""]",fig06_energy_mix,,,,,,"[""AFE"", ""AFN"", ""AFW"", ""AFZ"", ""ANZ"", ""ASC"", ""ASE"", ""ASO"", ""BRA"", ""CAN"", ""CHL"", ""CHN"", ""ENE"", ""ENW"", ""EUE"", ""EUM"", ""EUW"", ""IDN"", ""IND"", ""JPN"", ""LAM"", ""MDA"", ""MEA"", ""MEX"", ""NIG"", ""RUS"", ""SKT"", ""USA""]",Final energy,,,1.0,0.3203637615757434,EJ/yr,,,medce_eu,2.0,future,M–EU,0.0,,,,,,,,
baseline_medce_eu,NDC+LTT,"Medium CE, EU",f,Global,Aluminium,Liquids,2050,0.0,EJ/yr,plotted,"[""Final Energy|Industry|Non-Ferrous Metals|Aluminum|Liquids""]",fig06_energy_mix,,,,,,"[""AFE"", ""AFN"", ""AFW"", ""AFZ"", ""ANZ"", ""ASC"", ""ASE"", ""ASO"", ""BRA"", ""CAN"", ""CHL"", ""CHN"", ""ENE"", ""ENW"", ""EUE"", ""EUM"", ""EUW"", ""IDN"", ""IND"", ""JPN"", ""LAM"", ""MDA"", ""MEA"", ""MEX"", ""NIG"", ""RUS"", ""SKT"", ""USA""]",Final energy,,,1.0,0.0,EJ/yr,,,medce_eu,2.0,future,M–EU,0.0,,,,,,,,
baseline_medce_eu,NDC+LTT,"Medium CE, EU",f,Global,Aluminium,Solids,2050,0.0,EJ/yr,plotted,"[""Final Energy|Industry|Non-Ferrous Metals|Aluminum|Solids""]",fig06_energy_mix,,,,,,"[""AFE"", ""AFN"", ""AFW"", ""AFZ"", ""ANZ"", ""ASC"", ""ASE"", ""ASO"", ""BRA"", ""CAN"", ""CHL"", ""CHN"", ""ENE"", ""ENW"", ""EUE"", ""EUM"", ""EUW"", ""IDN"", ""IND"", ""JPN"", ""LAM"", ""MDA"", ""MEA"", ""MEX"", ""NIG"", ""RUS"", ""SKT"", ""USA""]",Final energy,,,1.0,0.0,EJ/yr,,,medce_eu,2.0,future,M–EU,0.0,,,,,,,,
baseline_medce_eu,NDC+LTT,"Medium CE, EU",f,Global,Aluminium,Total,2050,5.102284204405881,EJ/yr,context,"[""Final Energy|Industry|Non-Ferrous Metals|Aluminum|Electricity"", ""Final Energy|Industry|Non-Ferrous Metals|Aluminum|Gases"", ""Final Energy|Industry|Non-Ferrous Metals|Aluminum|Hydrogen"", ""Final Energy|Industry|Non-Ferrous Metals|Aluminum|Liquids"", ""Final Energy|Industry|Non-Ferrous Metals|Aluminum|Solids""]",fig06_energy_mix,,,,,,"[""AFE"", ""AFN"", ""AFW"", ""AFZ"", ""ANZ"", ""ASC"", ""ASE"", ""ASO"", ""BRA"", ""CAN"", ""CHL"", ""CHN"", ""ENE"", ""ENW"", ""EUE"", ""EUM"", ""EUW"", ""IDN"", ""IND"", ""JPN"", ""LAM"", ""MDA"", ""MEA"", ""MEX"", ""NIG"", ""RUS"", ""SKT"", ""USA""]",Final energy,,,1.0,5.102284204405881,EJ/yr,,,medce_eu,2.0,future,M–EU,0.0,,,,,,,,
baseline_medce_eu,NDC+LTT,"Medium CE, EU",f,Global,Aluminium,Total,2050,-0.8653364949043549,%,context,"[""Final Energy|Industry|Non-Ferrous Metals|Aluminum|Electricity"", ""Final Energy|Industry|Non-Ferrous Metals|Aluminum|Gases"", ""Final Energy|Industry|Non-Ferrous Metals|Aluminum|Hydrogen"", ""Final Energy|Industry|Non-Ferrous Metals|Aluminum|Liquids"", ""Final Energy|Industry|Non-Ferrous Metals|Aluminum|Solids""]",fig06_energy_mix,,,,,,"[""AFE"", ""AFN"", ""AFW"", ""AFZ"", ""ANZ"", ""ASC"", ""ASE"", ""ASO"", ""BRA"", ""CAN"", ""CHL"", ""CHN"", ""ENE"", ""ENW"", ""EUE"", ""EUM"", ""EUW"", ""IDN"", ""IND"", ""JPN"", ""LAM"", ""MDA"", ""MEA"", ""MEX"", ""NIG"", ""RUS"", ""SKT"", ""USA""]",Final energy change from no CE,,,100.0,5.102284204405881,EJ/yr,5.146821529427612,EJ/yr,medce_eu,2.0,future,M–EU,-100.0,baseline_noce,2050.0,,,,,,
baseline_highce_eu,NDC+LTT,"High CE, EU",f,Global,Aluminium,Electricity,2050,4.1924643199307665,EJ/yr,plotted,"[""Final Energy|Industry|Non-Ferrous Metals|Aluminum|Electricity""]",fig06_energy_mix,,,,,,"[""AFE"", ""AFN"", ""AFW"", ""AFZ"", ""ANZ"", ""ASC"", ""ASE"", ""ASO"", ""BRA"", ""CAN"", ""CHL"", ""CHN"", ""ENE"", ""ENW"", ""EUE"", ""EUM"", ""EUW"", ""IDN"", ""IND"", ""JPN"", ""LAM"", ""MDA"", ""MEA"", ""MEX"", ""NIG"", ""RUS"", ""SKT"", ""USA""]",Final energy,,,1.0,4.1924643199307665,EJ/yr,,,highce_eu,3.0,future,H–EU,0.0,,,,,,,,
baseline_highce_eu,NDC+LTT,"High CE, EU",f,Global,Aluminium,Gases,2050,0.5046416385360013,EJ/yr,plotted,"[""Final Energy|Industry|Non-Ferrous Metals|Aluminum|Gases""]",fig06_energy_mix,,,,,,"[""AFE"", ""AFN"", ""AFW"", ""AFZ"", ""ANZ"", ""ASC"", ""ASE"", ""ASO"", ""BRA"", ""CAN"", ""CHL"", ""CHN"", ""ENE"", ""ENW"", ""EUE"", ""EUM"", ""EUW"", ""IDN"", ""IND"", ""JPN"", ""LAM"", ""MDA"", ""MEA"", ""MEX"", ""NIG"", ""RUS"", ""SKT"", ""USA""]",Final energy,,,1.0,0.5046416385360013,EJ/yr,,,highce_eu,3.0,future,H–EU,0.0,,,,,,,,
baseline_highce_eu,NDC+LTT,"High CE, EU",f,Global,Aluminium,Hydrogen,2050,0.31729709447803645,EJ/yr,plotted,"[""Final Energy|Industry|Non-Ferrous Metals|Aluminum|Hydrogen""]",fig06_energy_mix,,,,,,"[""AFE"", ""AFN"", ""AFW"", ""AFZ"", ""ANZ"", ""ASC"", ""ASE"", ""ASO"", ""BRA"", ""CAN"", ""CHL"", ""CHN"", ""ENE"", ""ENW"", ""EUE"", ""EUM"", ""EUW"", ""IDN"", ""IND"", ""JPN"", ""LAM"", ""MDA"", ""MEA"", ""MEX"", ""NIG"", ""RUS"", ""SKT"", ""USA""]",Final energy,,,1.0,0.31729709447803645,EJ/yr,,,highce_eu,3.0,future,H–EU,0.0,,,,,,,,
baseline_highce_eu,NDC+LTT,"High CE, EU",f,Global,Aluminium,Liquids,2050,0.0,EJ/yr,plotted,"[""Final Energy|Industry|Non-Ferrous Metals|Aluminum|Liquids""]",fig06_energy_mix,,,,,,"[""AFE"", ""AFN"", ""AFW"", ""AFZ"", ""ANZ"", ""ASC"", ""ASE"", ""ASO"", ""BRA"", ""CAN"", ""CHL"", ""CHN"", ""ENE"", ""ENW"", ""EUE"", ""EUM"", ""EUW"", ""IDN"", ""IND"", ""JPN"", ""LAM"", ""MDA"", ""MEA"", ""MEX"", ""NIG"", ""RUS"", ""SKT"", ""USA""]",Final energy,,,1.0,0.0,EJ/yr,,,highce_eu,3.0,future,H–EU,0.0,,,,,,,,
baseline_highce_eu,NDC+LTT,"High CE, EU",f,Global,Aluminium,Solids,2050,0.0,EJ/yr,plotted,"[""Final Energy|Industry|Non-Ferrous Metals|Aluminum|Solids""]",fig06_energy_mix,,,,,,"[""AFE"", ""AFN"", ""AFW"", ""AFZ"", ""ANZ"", ""ASC"", ""ASE"", ""ASO"", ""BRA"", ""CAN"", ""CHL"", ""CHN"", ""ENE"", ""ENW"", ""EUE"", ""EUM"", ""EUW"", ""IDN"", ""IND"", ""JPN"", ""LAM"", ""MDA"", ""MEA"", ""MEX"", ""NIG"", ""RUS"", ""SKT"", ""USA""]",Final energy,,,1.0,0.0,EJ/yr,,,highce_eu,3.0,future,H–EU,0.0,,,,,,,,
baseline_highce_eu,NDC+LTT,"High CE, EU",f,Global,Aluminium,Total,2050,5.014403052944804,EJ/yr,context,"[""Final Energy|Industry|Non-Ferrous Metals|Aluminum|Electricity"", ""Final Energy|Industry|Non-Ferrous Metals|Aluminum|Gases"", ""Final Energy|Industry|Non-Ferrous Metals|Aluminum|Hydrogen"", ""Final Energy|Industry|Non-Ferrous Metals|Aluminum|Liquids"", ""Final Energy|Industry|Non-Ferrous Metals|Aluminum|Solids""]",fig06_energy_mix,,,,,,"[""AFE"", ""AFN"", ""AFW"", ""AFZ"", ""ANZ"", ""ASC"", ""ASE"", ""ASO"", ""BRA"", ""CAN"", ""CHL"", ""CHN"", ""ENE"", ""ENW"", ""EUE"", ""EUM"", ""EUW"", ""IDN"", ""IND"", ""JPN"", ""LAM"", ""MDA"", ""MEA"", ""MEX"", ""NIG"", ""RUS"", ""SKT"", ""USA""]",Final energy,,,1.0,5.014403052944804,EJ/yr,,,highce_eu,3.0,future,H–EU,0.0,,,,,,,,
baseline_highce_eu,NDC+LTT,"High CE, EU",f,Global,Aluminium,Total,2050,-2.5728204431742796,%,context,"[""Final Energy|Industry|Non-Ferrous Metals|Aluminum|Electricity"", ""Final Energy|Industry|Non-Ferrous Metals|Aluminum|Gases"", ""Final Energy|Industry|Non-Ferrous Metals|Aluminum|Hydrogen"", ""Final Energy|Industry|Non-Ferrous Metals|Aluminum|Liquids"", ""Final Energy|Industry|Non-Ferrous Metals|Aluminum|Solids""]",fig06_energy_mix,,,,,,"[""AFE"", ""AFN"", ""AFW"", ""AFZ"", ""ANZ"", ""ASC"", ""ASE"", ""ASO"", ""BRA"", ""CAN"", ""CHL"", ""CHN"", ""ENE"", ""ENW"", ""EUE"", ""EUM"", ""EUW"", ""IDN"", ""IND"", ""JPN"", ""LAM"", ""MDA"", ""MEA"", ""MEX"", ""NIG"", ""RUS"", ""SKT"", ""USA""]",Final energy change from no CE,,,100.0,5.014403052944804,EJ/yr,5.146821529427612,EJ/yr,highce_eu,3.0,future,H–EU,-100.0,baseline_noce,2050.0,,,,,,
baseline_medce_gbl,NDC+LTT,"Medium CE, EU + partners",f,Global,Aluminium,Electricity,2050,3.475685024928266,EJ/yr,plotted,"[""Final Energy|Industry|Non-Ferrous Metals|Aluminum|Electricity""]",fig06_energy_mix,,,,,,"[""AFE"", ""AFN"", ""AFW"", ""AFZ"", ""ANZ"", ""ASC"", ""ASE"", ""ASO"", ""BRA"", ""CAN"", ""CHL"", ""CHN"", ""ENE"", ""ENW"", ""EUE"", ""EUM"", ""EUW"", ""IDN"", ""IND"", ""JPN"", ""LAM"", ""MDA"", ""MEA"", ""MEX"", ""NIG"", ""RUS"", ""SKT"", ""USA""]",Final energy,,,1.0,3.475685024928266,EJ/yr,,,medce_gbl,4.0,future,M–EU+,0.0,,,,,,,,
baseline_medce_gbl,NDC+LTT,"Medium CE, EU + partners",f,Global,Aluminium,Gases,2050,0.43277579803741606,EJ/yr,plotted,"[""Final Energy|Industry|Non-Ferrous Metals|Aluminum|Gases""]",fig06_energy_mix,,,,,,"[""AFE"", ""AFN"", ""AFW"", ""AFZ"", ""ANZ"", ""ASC"", ""ASE"", ""ASO"", ""BRA"", ""CAN"", ""CHL"", ""CHN"", ""ENE"", ""ENW"", ""EUE"", ""EUM"", ""EUW"", ""IDN"", ""IND"", ""JPN"", ""LAM"", ""MDA"", ""MEA"", ""MEX"", ""NIG"", ""RUS"", ""SKT"", ""USA""]",Final energy,,,1.0,0.43277579803741606,EJ/yr,,,medce_gbl,4.0,future,M–EU+,0.0,,,,,,,,
baseline_medce_gbl,NDC+LTT,"Medium CE, EU + partners",f,Global,Aluminium,Hydrogen,2050,0.26780753909133176,EJ/yr,plotted,"[""Final Energy|Industry|Non-Ferrous Metals|Aluminum|Hydrogen""]",fig06_energy_mix,,,,,,"[""AFE"", ""AFN"", ""AFW"", ""AFZ"", ""ANZ"", ""ASC"", ""ASE"", ""ASO"", ""BRA"", ""CAN"", ""CHL"", ""CHN"", ""ENE"", ""ENW"", ""EUE"", ""EUM"", ""EUW"", ""IDN"", ""IND"", ""JPN"", ""LAM"", ""MDA"", ""MEA"", ""MEX"", ""NIG"", ""RUS"", ""SKT"", ""USA""]",Final energy,,,1.0,0.26780753909133176,EJ/yr,,,medce_gbl,4.0,future,M–EU+,0.0,,,,,,,,
baseline_medce_gbl,NDC+LTT,"Medium CE, EU + partners",f,Global,Aluminium,Liquids,2050,0.0,EJ/yr,plotted,"[""Final Energy|Industry|Non-Ferrous Metals|Aluminum|Liquids""]",fig06_energy_mix,,,,,,"[""AFE"", ""AFN"", ""AFW"", ""AFZ"", ""ANZ"", ""ASC"", ""ASE"", ""ASO"", ""BRA"", ""CAN"", ""CHL"", ""CHN"", ""ENE"", ""ENW"", ""EUE"", ""EUM"", ""EUW"", ""IDN"", ""IND"", ""JPN"", ""LAM"", ""MDA"", ""MEA"", ""MEX"", ""NIG"", ""RUS"", ""SKT"", ""USA""]",Final energy,,,1.0,0.0,EJ/yr,,,medce_gbl,4.0,future,M–EU+,0.0,,,,,,,,
baseline_medce_gbl,NDC+LTT,"Medium CE, EU + partners",f,Global,Aluminium,Solids,2050,0.0,EJ/yr,plotted,"[""Final Energy|Industry|Non-Ferrous Metals|Aluminum|Solids""]",fig06_energy_mix,,,,,,"[""AFE"", ""AFN"", ""AFW"", ""AFZ"", ""ANZ"", ""ASC"", ""ASE"", ""ASO"", ""BRA"", ""CAN"", ""CHL"", ""CHN"", ""ENE"", ""ENW"", ""EUE"", ""EUM"", ""EUW"", ""IDN"", ""IND"", ""JPN"", ""LAM"", ""MDA"", ""MEA"", ""MEX"", ""NIG"", ""RUS"", ""SKT"", ""USA""]",Final energy,,,1.0,0.0,EJ/yr,,,medce_gbl,4.0,future,M–EU+,0.0,,,,,,,,
baseline_medce_gbl,NDC+LTT,"Medium CE, EU + partners",f,Global,Aluminium,Total,2050,4.176268362057014,EJ/yr,context,"[""Final Energy|Industry|Non-Ferrous Metals|Aluminum|Electricity"", ""Final Energy|Industry|Non-Ferrous Metals|Aluminum|Gases"", ""Final Energy|Industry|Non-Ferrous Metals|Aluminum|Hydrogen"", ""Final Energy|Industry|Non-Ferrous Metals|Aluminum|Liquids"", ""Final Energy|Industry|Non-Ferrous Metals|Aluminum|Solids""]",fig06_energy_mix,,,,,,"[""AFE"", ""AFN"", ""AFW"", ""AFZ"", ""ANZ"", ""ASC"", ""ASE"", ""ASO"", ""BRA"", ""CAN"", ""CHL"", ""CHN"", ""ENE"", ""ENW"", ""EUE"", ""EUM"", ""EUW"", ""IDN"", ""IND"", ""JPN"", ""LAM"", ""MDA"", ""MEA"", ""MEX"", ""NIG"", ""RUS"", ""SKT"", ""USA""]",Final energy,,,1.0,4.176268362057014,EJ/yr,,,medce_gbl,4.0,future,M–EU+,0.0,,,,,,,,
baseline_medce_gbl,NDC+LTT,"Medium CE, EU + partners",f,Global,Aluminium,Total,2050,-18.857330914261084,%,context,"[""Final Energy|Industry|Non-Ferrous Metals|Aluminum|Electricity"", ""Final Energy|Industry|Non-Ferrous Metals|Aluminum|Gases"", ""Final Energy|Industry|Non-Ferrous Metals|Aluminum|Hydrogen"", ""Final Energy|Industry|Non-Ferrous Metals|Aluminum|Liquids"", ""Final Energy|Industry|Non-Ferrous Metals|Aluminum|Solids""]",fig06_energy_mix,,,,,,"[""AFE"", ""AFN"", ""AFW"", ""AFZ"", ""ANZ"", ""ASC"", ""ASE"", ""ASO"", ""BRA"", ""CAN"", ""CHL"", ""CHN"", ""ENE"", ""ENW"", ""EUE"", ""EUM"", ""EUW"", ""IDN"", ""IND"", ""JPN"", ""LAM"", ""MDA"", ""MEA"", ""MEX"", ""NIG"", ""RUS"", ""SKT"", ""USA""]",Final energy change from no CE,,,100.0,4.176268362057014,EJ/yr,5.146821529427612,EJ/yr,medce_gbl,4.0,future,M–EU+,-100.0,baseline_noce,2050.0,,,,,,
baseline_highce_gbl,NDC+LTT,"High CE, EU + partners",f,Global,Aluminium,Electricity,2050,2.5713764817429463,EJ/yr,plotted,"[""Final Energy|Industry|Non-Ferrous Metals|Aluminum|Electricity""]",fig06_energy_mix,,,,,,"[""AFE"", ""AFN"", ""AFW"", ""AFZ"", ""ANZ"", ""ASC"", ""ASE"", ""ASO"", ""BRA"", ""CAN"", ""CHL"", ""CHN"", ""ENE"", ""ENW"", ""EUE"", ""EUM"", ""EUW"", ""IDN"", ""IND"", ""JPN"", ""LAM"", ""MDA"", ""MEA"", ""MEX"", ""NIG"", ""RUS"", ""SKT"", ""USA""]",Final energy,,,1.0,2.5713764817429463,EJ/yr,,,highce_gbl,5.0,future,H–EU+,0.0,,,,,,,,
baseline_highce_gbl,NDC+LTT,"High CE, EU + partners",f,Global,Aluminium,Gases,2050,0.41307875716009035,EJ/yr,plotted,"[""Final Energy|Industry|Non-Ferrous Metals|Aluminum|Gases""]",fig06_energy_mix,,,,,,"[""AFE"", ""AFN"", ""AFW"", ""AFZ"", ""ANZ"", ""ASC"", ""ASE"", ""ASO"", ""BRA"", ""CAN"", ""CHL"", ""CHN"", ""ENE"", ""ENW"", ""EUE"", ""EUM"", ""EUW"", ""IDN"", ""IND"", ""JPN"", ""LAM"", ""MDA"", ""MEA"", ""MEX"", ""NIG"", ""RUS"", ""SKT"", ""USA""]",Final energy,,,1.0,0.41307875716009035,EJ/yr,,,highce_gbl,5.0,future,H–EU+,0.0,,,,,,,,
baseline_highce_gbl,NDC+LTT,"High CE, EU + partners",f,Global,Aluminium,Hydrogen,2050,0.2190689163472026,EJ/yr,plotted,"[""Final Energy|Industry|Non-Ferrous Metals|Aluminum|Hydrogen""]",fig06_energy_mix,,,,,,"[""AFE"", ""AFN"", ""AFW"", ""AFZ"", ""ANZ"", ""ASC"", ""ASE"", ""ASO"", ""BRA"", ""CAN"", ""CHL"", ""CHN"", ""ENE"", ""ENW"", ""EUE"", ""EUM"", ""EUW"", ""IDN"", ""IND"", ""JPN"", ""LAM"", ""MDA"", ""MEA"", ""MEX"", ""NIG"", ""RUS"", ""SKT"", ""USA""]",Final energy,,,1.0,0.2190689163472026,EJ/yr,,,highce_gbl,5.0,future,H–EU+,0.0,,,,,,,,
baseline_highce_gbl,NDC+LTT,"High CE, EU + partners",f,Global,Aluminium,Liquids,2050,0.0,EJ/yr,plotted,"[""Final Energy|Industry|Non-Ferrous Metals|Aluminum|Liquids""]",fig06_energy_mix,,,,,,"[""AFE"", ""AFN"", ""AFW"", ""AFZ"", ""ANZ"", ""ASC"", ""ASE"", ""ASO"", ""BRA"", ""CAN"", ""CHL"", ""CHN"", ""ENE"", ""ENW"", ""EUE"", ""EUM"", ""EUW"", ""IDN"", ""IND"", ""JPN"", ""LAM"", ""MDA"", ""MEA"", ""MEX"", ""NIG"", ""RUS"", ""SKT"", ""USA""]",Final energy,,,1.0,0.0,EJ/yr,,,highce_gbl,5.0,future,H–EU+,0.0,,,,,,,,
baseline_highce_gbl,NDC+LTT,"High CE, EU + partners",f,Global,Aluminium,Solids,2050,0.0,EJ/yr,plotted,"[""Final Energy|Industry|Non-Ferrous Metals|Aluminum|Solids""]",fig06_energy_mix,,,,,,"[""AFE"", ""AFN"", ""AFW"", ""AFZ"", ""ANZ"", ""ASC"", ""ASE"", ""ASO"", ""BRA"", ""CAN"", ""CHL"", ""CHN"", ""ENE"", ""ENW"", ""EUE"", ""EUM"", ""EUW"", ""IDN"", ""IND"", ""JPN"", ""LAM"", ""MDA"", ""MEA"", ""MEX"", ""NIG"", ""RUS"", ""SKT"", ""USA""]",Final energy,,,1.0,0.0,EJ/yr,,,highce_gbl,5.0,future,H–EU+,0.0,,,,,,,,
baseline_highce_gbl,NDC+LTT,"High CE, EU + partners",f,Global,Aluminium,Total,2050,3.203524155250239,EJ/yr,context,"[""Final Energy|Industry|Non-Ferrous Metals|Aluminum|Electricity"", ""Final Energy|Industry|Non-Ferrous Metals|Aluminum|Gases"", ""Final Energy|Industry|Non-Ferrous Metals|Aluminum|Hydrogen"", ""Final Energy|Industry|Non-Ferrous Metals|Aluminum|Liquids"", ""Final Energy|Industry|Non-Ferrous Metals|Aluminum|Solids""]",fig06_energy_mix,,,,,,"[""AFE"", ""AFN"", ""AFW"", ""AFZ"", ""ANZ"", ""ASC"", ""ASE"", ""ASO"", ""BRA"", ""CAN"", ""CHL"", ""CHN"", ""ENE"", ""ENW"", ""EUE"", ""EUM"", ""EUW"", ""IDN"", ""IND"", ""JPN"", ""LAM"", ""MDA"", ""MEA"", ""MEX"", ""NIG"", ""RUS"", ""SKT"", ""USA""]",Final energy,,,1.0,3.203524155250239,EJ/yr,,,highce_gbl,5.0,future,H–EU+,0.0,,,,,,,,
baseline_highce_gbl,NDC+LTT,"High CE, EU + partners",f,Global,Aluminium,Total,2050,-37.75723255734284,%,context,"[""Final Energy|Industry|Non-Ferrous Metals|Aluminum|Electricity"", ""Final Energy|Industry|Non-Ferrous Metals|Aluminum|Gases"", ""Final Energy|Industry|Non-Ferrous Metals|Aluminum|Hydrogen"", ""Final Energy|Industry|Non-Ferrous Metals|Aluminum|Liquids"", ""Final Energy|Industry|Non-Ferrous Metals|Aluminum|Solids""]",fig06_energy_mix,,,,,,"[""AFE"", ""AFN"", ""AFW"", ""AFZ"", ""ANZ"", ""ASC"", ""ASE"", ""ASO"", ""BRA"", ""CAN"", ""CHL"", ""CHN"", ""ENE"", ""ENW"", ""EUE"", ""EUM"", ""EUW"", ""IDN"", ""IND"", ""JPN"", ""LAM"", ""MDA"", ""MEA"", ""MEX"", ""NIG"", ""RUS"", ""SKT"", ""USA""]",Final energy change from no CE,,,100.0,3.203524155250239,EJ/yr,5.146821529427612,EJ/yr,highce_gbl,5.0,future,H–EU+,-100.0,baseline_noce,2050.0,,,,,,
ndc_noce,NDC,No CE,a,Global,Three sectors,Three sectors,2019,5494.987454113852,MtCO2e/yr,plotted,"[""Emissions|GHG|Industry|Non-Metallic Minerals|Cement"", ""Emissions|GHG|Industry|Iron and Steel"", ""Emissions|GHG|Industry|Non-Ferrous Metals|Aluminum""]",fig07_emissions_response,,,,,,"[""AFE"", ""AFN"", ""AFW"", ""AFZ"", ""ANZ"", ""ASC"", ""ASE"", ""ASO"", ""BRA"", ""CAN"", ""CHL"", ""CHN"", ""ENE"", ""ENW"", ""EUE"", ""EUM"", ""EUW"", ""IDN"", ""IND"", ""JPN"", ""LAM"", ""MDA"", ""MEA"", ""MEX"", ""NIG"", ""RUS"", ""SKT"", ""USA""]",GHG emissions,,,,,,,,noce,,,,,,,trajectory,"[1, 1, 1]",5494.987454113852,,,
ndc_noce,NDC,No CE,a,Global,Three sectors,Three sectors,2024,5249.263336500017,MtCO2e/yr,plotted,"[""Emissions|GHG|Industry|Non-Metallic Minerals|Cement"", ""Emissions|GHG|Industry|Iron and Steel"", ""Emissions|GHG|Industry|Non-Ferrous Metals|Aluminum""]",fig07_emissions_response,,,,,,"[""AFE"", ""AFN"", ""AFW"", ""AFZ"", ""ANZ"", ""ASC"", ""ASE"", ""ASO"", ""BRA"", ""CAN"", ""CHL"", ""CHN"", ""ENE"", ""ENW"", ""EUE"", ""EUM"", ""EUW"", ""IDN"", ""IND"", ""JPN"", ""LAM"", ""MDA"", ""MEA"", ""MEX"", ""NIG"", ""RUS"", ""SKT"", ""USA""]",GHG emissions,,,,,,,,noce,,,,,,,trajectory,"[1, 1, 1]",5249.263336500017,,,
ndc_noce,NDC,No CE,a,Global,Three sectors,Three sectors,2030,4562.335724756673,MtCO2e/yr,plotted,"[""Emissions|GHG|Industry|Non-Metallic Minerals|Cement"", ""Emissions|GHG|Industry|Iron and Steel"", ""Emissions|GHG|Industry|Non-Ferrous Metals|Aluminum""]",fig07_emissions_response,,,,,,"[""AFE"", ""AFN"", ""AFW"", ""AFZ"", ""ANZ"", ""ASC"", ""ASE"", ""ASO"", ""BRA"", ""CAN"", ""CHL"", ""CHN"", ""ENE"", ""ENW"", ""EUE"", ""EUM"", ""EUW"", ""IDN"", ""IND"", ""JPN"", ""LAM"", ""MDA"", ""MEA"", ""MEX"", ""NIG"", ""RUS"", ""SKT"", ""USA""]",GHG emissions,,,,,,,,noce,,,,,,,trajectory,"[1, 1, 1]",4562.335724756673,,,
ndc_noce,NDC,No CE,a,Global,Three sectors,Three sectors,2035,4083.993990806989,MtCO2e/yr,plotted,"[""Emissions|GHG|Industry|Non-Metallic Minerals|Cement"", ""Emissions|GHG|Industry|Iron and Steel"", ""Emissions|GHG|Industry|Non-Ferrous Metals|Aluminum""]",fig07_emissions_response,,,,,,"[""AFE"", ""AFN"", ""AFW"", ""AFZ"", ""ANZ"", ""ASC"", ""ASE"", ""ASO"", ""BRA"", ""CAN"", ""CHL"", ""CHN"", ""ENE"", ""ENW"", ""EUE"", ""EUM"", ""EUW"", ""IDN"", ""IND"", ""JPN"", ""LAM"", ""MDA"", ""MEA"", ""MEX"", ""NIG"", ""RUS"", ""SKT"", ""USA""]",GHG emissions,,,,,,,,noce,,,,,,,trajectory,"[1, 1, 1]",4083.993990806989,,,
ndc_noce,NDC,No CE,a,Global,Three sectors,Three sectors,2040,3972.5267539941024,MtCO2e/yr,plotted,"[""Emissions|GHG|Industry|Non-Metallic Minerals|Cement"", ""Emissions|GHG|Industry|Iron and Steel"", ""Emissions|GHG|Industry|Non-Ferrous Metals|Aluminum""]",fig07_emissions_response,,,,,,"[""AFE"", ""AFN"", ""AFW"", ""AFZ"", ""ANZ"", ""ASC"", ""ASE"", ""ASO"", ""BRA"", ""CAN"", ""CHL"", ""CHN"", ""ENE"", ""ENW"", ""EUE"", ""EUM"", ""EUW"", ""IDN"", ""IND"", ""JPN"", ""LAM"", ""MDA"", ""MEA"", ""MEX"", ""NIG"", ""RUS"", ""SKT"", ""USA""]",GHG emissions,,,,,,,,noce,,,,,,,trajectory,"[1, 1, 1]",3972.5267539941024,,,
ndc_noce,NDC,No CE,a,Global,Three sectors,Three sectors,2050,3763.136734980516,MtCO2e/yr,plotted,"[""Emissions|GHG|Industry|Non-Metallic Minerals|Cement"", ""Emissions|GHG|Industry|Iron and Steel"", ""Emissions|GHG|Industry|Non-Ferrous Metals|Aluminum""]",fig07_emissions_response,,,,,,"[""AFE"", ""AFN"", ""AFW"", ""AFZ"", ""ANZ"", ""ASC"", ""ASE"", ""ASO"", ""BRA"", ""CAN"", ""CHL"", ""CHN"", ""ENE"", ""ENW"", ""EUE"", ""EUM"", ""EUW"", ""IDN"", ""IND"", ""JPN"", ""LAM"", ""MDA"", ""MEA"", ""MEX"", ""NIG"", ""RUS"", ""SKT"", ""USA""]",GHG emissions,,,,,,,,noce,,,,,,,trajectory,"[1, 1, 1]",3763.136734980516,,,
ndc_medce_eu,NDC,"Medium CE, EU",a,Global,Three sectors,Three sectors,2019,5494.987454113852,MtCO2e/yr,plotted,"[""Emissions|GHG|Industry|Non-Metallic Minerals|Cement"", ""Emissions|GHG|Industry|Iron and Steel"", ""Emissions|GHG|Industry|Non-Ferrous Metals|Aluminum""]",fig07_emissions_response,,,,,,"[""AFE"", ""AFN"", ""AFW"", ""AFZ"", ""ANZ"", ""ASC"", ""ASE"", ""ASO"", ""BRA"", ""CAN"", ""CHL"", ""CHN"", ""ENE"", ""ENW"", ""EUE"", ""EUM"", ""EUW"", ""IDN"", ""IND"", ""JPN"", ""LAM"", ""MDA"", ""MEA"", ""MEX"", ""NIG"", ""RUS"", ""SKT"", ""USA""]",GHG emissions,,,,,,,,medce_eu,,,,,,,trajectory,"[1, 1, 1]",5494.987454113852,,,
ndc_medce_eu,NDC,"Medium CE, EU",a,Global,Three sectors,Three sectors,2024,5249.263336500017,MtCO2e/yr,plotted,"[""Emissions|GHG|Industry|Non-Metallic Minerals|Cement"", ""Emissions|GHG|Industry|Iron and Steel"", ""Emissions|GHG|Industry|Non-Ferrous Metals|Aluminum""]",fig07_emissions_response,,,,,,"[""AFE"", ""AFN"", ""AFW"", ""AFZ"", ""ANZ"", ""ASC"", ""ASE"", ""ASO"", ""BRA"", ""CAN"", ""CHL"", ""CHN"", ""ENE"", ""ENW"", ""EUE"", ""EUM"", ""EUW"", ""IDN"", ""IND"", ""JPN"", ""LAM"", ""MDA"", ""MEA"", ""MEX"", ""NIG"", ""RUS"", ""SKT"", ""USA""]",GHG emissions,,,,,,,,medce_eu,,,,,,,trajectory,"[1, 1, 1]",5249.263336500017,,,
ndc_medce_eu,NDC,"Medium CE, EU",a,Global,Three sectors,Three sectors,2030,4457.775094635189,MtCO2e/yr,plotted,"[""Emissions|GHG|Industry|Non-Metallic Minerals|Cement"", ""Emissions|GHG|Industry|Iron and Steel"", ""Emissions|GHG|Industry|Non-Ferrous Metals|Aluminum""]",fig07_emissions_response,,,,,,"[""AFE"", ""AFN"", ""AFW"", ""AFZ"", ""ANZ"", ""ASC"", ""ASE"", ""ASO"", ""BRA"", ""CAN"", ""CHL"", ""CHN"", ""ENE"", ""ENW"", ""EUE"", ""EUM"", ""EUW"", ""IDN"", ""IND"", ""JPN"", ""LAM"", ""MDA"", ""MEA"", ""MEX"", ""NIG"", ""RUS"", ""SKT"", ""USA""]",GHG emissions,,,,,,,,medce_eu,,,,,,,trajectory,"[1, 1, 1]",4457.775094635189,,,
ndc_medce_eu,NDC,"Medium CE, EU",a,Global,Three sectors,Three sectors,2035,4011.969776308832,MtCO2e/yr,plotted,"[""Emissions|GHG|Industry|Non-Metallic Minerals|Cement"", ""Emissions|GHG|Industry|Iron and Steel"", ""Emissions|GHG|Industry|Non-Ferrous Metals|Aluminum""]",fig07_emissions_response,,,,,,"[""AFE"", ""AFN"", ""AFW"", ""AFZ"", ""ANZ"", ""ASC"", ""ASE"", ""ASO"", ""BRA"", ""CAN"", ""CHL"", ""CHN"", ""ENE"", ""ENW"", ""EUE"", ""EUM"", ""EUW"", ""IDN"", ""IND"", ""JPN"", ""LAM"", ""MDA"", ""MEA"", ""MEX"", ""NIG"", ""RUS"", ""SKT"", ""USA""]",GHG emissions,,,,,,,,medce_eu,,,,,,,trajectory,"[1, 1, 1]",4011.969776308832,,,
ndc_medce_eu,NDC,"Medium CE, EU",a,Global,Three sectors,Three sectors,2040,3918.1637603369845,MtCO2e/yr,plotted,"[""Emissions|GHG|Industry|Non-Metallic Minerals|Cement"", ""Emissions|GHG|Industry|Iron and Steel"", ""Emissions|GHG|Industry|Non-Ferrous Metals|Aluminum""]",fig07_emissions_response,,,,,,"[""AFE"", ""AFN"", ""AFW"", ""AFZ"", ""ANZ"", ""ASC"", ""ASE"", ""ASO"", ""BRA"", ""CAN"", ""CHL"", ""CHN"", ""ENE"", ""ENW"", ""EUE"", ""EUM"", ""EUW"", ""IDN"", ""IND"", ""JPN"", ""LAM"", ""MDA"", ""MEA"", ""MEX"", ""NIG"", ""RUS"", ""SKT"", ""USA""]",GHG emissions,,,,,,,,medce_eu,,,,,,,trajectory,"[1, 1, 1]",3918.1637603369845,,,
ndc_medce_eu,NDC,"Medium CE, EU",a,Global,Three sectors,Three sectors,2050,3729.2927209355876,MtCO2e/yr,plotted,"[""Emissions|GHG|Industry|Non-Metallic Minerals|Cement"", ""Emissions|GHG|Industry|Iron and Steel"", ""Emissions|GHG|Industry|Non-Ferrous Metals|Aluminum""]",fig07_emissions_response,,,,,,"[""AFE"", ""AFN"", ""AFW"", ""AFZ"", ""ANZ"", ""ASC"", ""ASE"", ""ASO"", ""BRA"", ""CAN"", ""CHL"", ""CHN"", ""ENE"", ""ENW"", ""EUE"", ""EUM"", ""EUW"", ""IDN"", ""IND"", ""JPN"", ""LAM"", ""MDA"", ""MEA"", ""MEX"", ""NIG"", ""RUS"", ""SKT"", ""USA""]",GHG emissions,,,,,,,,medce_eu,,,,,,,trajectory,"[1, 1, 1]",3729.2927209355876,,,
ndc_highce_eu,NDC,"High CE, EU",a,Global,Three sectors,Three sectors,2019,5494.987454113852,MtCO2e/yr,plotted,"[""Emissions|GHG|Industry|Non-Metallic Minerals|Cement"", ""Emissions|GHG|Industry|Iron and Steel"", ""Emissions|GHG|Industry|Non-Ferrous Metals|Aluminum""]",fig07_emissions_response,,,,,,"[""AFE"", ""AFN"", ""AFW"", ""AFZ"", ""ANZ"", ""ASC"", ""ASE"", ""ASO"", ""BRA"", ""CAN"", ""CHL"", ""CHN"", ""ENE"", ""ENW"", ""EUE"", ""EUM"", ""EUW"", ""IDN"", ""IND"", ""JPN"", ""LAM"", ""MDA"", ""MEA"", ""MEX"", ""NIG"", ""RUS"", ""SKT"", ""USA""]",GHG emissions,,,,,,,,highce_eu,,,,,,,trajectory,"[1, 1, 1]",5494.987454113852,,,
ndc_highce_eu,NDC,"High CE, EU",a,Global,Three sectors,Three sectors,2024,5249.263336500017,MtCO2e/yr,plotted,"[""Emissions|GHG|Industry|Non-Metallic Minerals|Cement"", ""Emissions|GHG|Industry|Iron and Steel"", ""Emissions|GHG|Industry|Non-Ferrous Metals|Aluminum""]",fig07_emissions_response,,,,,,"[""AFE"", ""AFN"", ""AFW"", ""AFZ"", ""ANZ"", ""ASC"", ""ASE"", ""ASO"", ""BRA"", ""CAN"", ""CHL"", ""CHN"", ""ENE"", ""ENW"", ""EUE"", ""EUM"", ""EUW"", ""IDN"", ""IND"", ""JPN"", ""LAM"", ""MDA"", ""MEA"", ""MEX"", ""NIG"", ""RUS"", ""SKT"", ""USA""]",GHG emissions,,,,,,,,highce_eu,,,,,,,trajectory,"[1, 1, 1]",5249.263336500017,,,
ndc_highce_eu,NDC,"High CE, EU",a,Global,Three sectors,Three sectors,2030,4453.255295295414,MtCO2e/yr,plotted,"[""Emissions|GHG|Industry|Non-Metallic Minerals|Cement"", ""Emissions|GHG|Industry|Iron and Steel"", ""Emissions|GHG|Industry|Non-Ferrous Metals|Aluminum""]",fig07_emissions_response,,,,,,"[""AFE"", ""AFN"", ""AFW"", ""AFZ"", ""ANZ"", ""ASC"", ""ASE"", ""ASO"", ""BRA"", ""CAN"", ""CHL"", ""CHN"", ""ENE"", ""ENW"", ""EUE"", ""EUM"", ""EUW"", ""IDN"", ""IND"", ""JPN"", ""LAM"", ""MDA"", ""MEA"", ""MEX"", ""NIG"", ""RUS"", ""SKT"", ""USA""]",GHG emissions,,,,,,,,highce_eu,,,,,,,trajectory,"[1, 1, 1]",4453.255295295414,,,
ndc_highce_eu,NDC,"High CE, EU",a,Global,Three sectors,Three sectors,2035,4006.2006864218583,MtCO2e/yr,plotted,"[""Emissions|GHG|Industry|Non-Metallic Minerals|Cement"", ""Emissions|GHG|Industry|Iron and Steel"", ""Emissions|GHG|Industry|Non-Ferrous Metals|Aluminum""]",fig07_emissions_response,,,,,,"[""AFE"", ""AFN"", ""AFW"", ""AFZ"", ""ANZ"", ""ASC"", ""ASE"", ""ASO"", ""BRA"", ""CAN"", ""CHL"", ""CHN"", ""ENE"", ""ENW"", ""EUE"", ""EUM"", ""EUW"", ""IDN"", ""IND"", ""JPN"", ""LAM"", ""MDA"", ""MEA"", ""MEX"", ""NIG"", ""RUS"", ""SKT"", ""USA""]",GHG emissions,,,,,,,,highce_eu,,,,,,,trajectory,"[1, 1, 1]",4006.2006864218583,,,
ndc_highce_eu,NDC,"High CE, EU",a,Global,Three sectors,Three sectors,2040,3912.4062370247057,MtCO2e/yr,plotted,"[""Emissions|GHG|Industry|Non-Metallic Minerals|Cement"", ""Emissions|GHG|Industry|Iron and Steel"", ""Emissions|GHG|Industry|Non-Ferrous Metals|Aluminum""]",fig07_emissions_response,,,,,,"[""AFE"", ""AFN"", ""AFW"", ""AFZ"", ""ANZ"", ""ASC"", ""ASE"", ""ASO"", ""BRA"", ""CAN"", ""CHL"", ""CHN"", ""ENE"", ""ENW"", ""EUE"", ""EUM"", ""EUW"", ""IDN"", ""IND"", ""JPN"", ""LAM"", ""MDA"", ""MEA"", ""MEX"", ""NIG"", ""RUS"", ""SKT"", ""USA""]",GHG emissions,,,,,,,,highce_eu,,,,,,,trajectory,"[1, 1, 1]",3912.4062370247057,,,
ndc_highce_eu,NDC,"High CE, EU",a,Global,Three sectors,Three sectors,2050,3719.5221686977993,MtCO2e/yr,plotted,"[""Emissions|GHG|Industry|Non-Metallic Minerals|Cement"", ""Emissions|GHG|Industry|Iron and Steel"", ""Emissions|GHG|Industry|Non-Ferrous Metals|Aluminum""]",fig07_emissions_response,,,,,,"[""AFE"", ""AFN"", ""AFW"", ""AFZ"", ""ANZ"", ""ASC"", ""ASE"", ""ASO"", ""BRA"", ""CAN"", ""CHL"", ""CHN"", ""ENE"", ""ENW"", ""EUE"", ""EUM"", ""EUW"", ""IDN"", ""IND"", ""JPN"", ""LAM"", ""MDA"", ""MEA"", ""MEX"", ""NIG"", ""RUS"", ""SKT"", ""USA""]",GHG emissions,,,,,,,,highce_eu,,,,,,,trajectory,"[1, 1, 1]",3719.5221686977993,,,
ndc_medce_gbl,NDC,"Medium CE, EU + partners",a,Global,Three sectors,Three sectors,2019,5494.987454113852,MtCO2e/yr,plotted,"[""Emissions|GHG|Industry|Non-Metallic Minerals|Cement"", ""Emissions|GHG|Industry|Iron and Steel"", ""Emissions|GHG|Industry|Non-Ferrous Metals|Aluminum""]",fig07_emissions_response,,,,,,"[""AFE"", ""AFN"", ""AFW"", ""AFZ"", ""ANZ"", ""ASC"", ""ASE"", ""ASO"", ""BRA"", ""CAN"", ""CHL"", ""CHN"", ""ENE"", ""ENW"", ""EUE"", ""EUM"", ""EUW"", ""IDN"", ""IND"", ""JPN"", ""LAM"", ""MDA"", ""MEA"", ""MEX"", ""NIG"", ""RUS"", ""SKT"", ""USA""]",GHG emissions,,,,,,,,medce_gbl,,,,,,,trajectory,"[1, 1, 1]",5494.987454113852,,,
ndc_medce_gbl,NDC,"Medium CE, EU + partners",a,Global,Three sectors,Three sectors,2024,5249.263336500017,MtCO2e/yr,plotted,"[""Emissions|GHG|Industry|Non-Metallic Minerals|Cement"", ""Emissions|GHG|Industry|Iron and Steel"", ""Emissions|GHG|Industry|Non-Ferrous Metals|Aluminum""]",fig07_emissions_response,,,,,,"[""AFE"", ""AFN"", ""AFW"", ""AFZ"", ""ANZ"", ""ASC"", ""ASE"", ""ASO"", ""BRA"", ""CAN"", ""CHL"", ""CHN"", ""ENE"", ""ENW"", ""EUE"", ""EUM"", ""EUW"", ""IDN"", ""IND"", ""JPN"", ""LAM"", ""MDA"", ""MEA"", ""MEX"", ""NIG"", ""RUS"", ""SKT"", ""USA""]",GHG emissions,,,,,,,,medce_gbl,,,,,,,trajectory,"[1, 1, 1]",5249.263336500017,,,
ndc_medce_gbl,NDC,"Medium CE, EU + partners",a,Global,Three sectors,Three sectors,2030,3978.301380038494,MtCO2e/yr,plotted,"[""Emissions|GHG|Industry|Non-Metallic Minerals|Cement"", ""Emissions|GHG|Industry|Iron and Steel"", ""Emissions|GHG|Industry|Non-Ferrous Metals|Aluminum""]",fig07_emissions_response,,,,,,"[""AFE"", ""AFN"", ""AFW"", ""AFZ"", ""ANZ"", ""ASC"", ""ASE"", ""ASO"", ""BRA"", ""CAN"", ""CHL"", ""CHN"", ""ENE"", ""ENW"", ""EUE"", ""EUM"", ""EUW"", ""IDN"", ""IND"", ""JPN"", ""LAM"", ""MDA"", ""MEA"", ""MEX"", ""NIG"", ""RUS"", ""SKT"", ""USA""]",GHG emissions,,,,,,,,medce_gbl,,,,,,,trajectory,"[1, 1, 1]",3978.301380038494,,,
ndc_medce_gbl,NDC,"Medium CE, EU + partners",a,Global,Three sectors,Three sectors,2035,3614.9507027626773,MtCO2e/yr,plotted,"[""Emissions|GHG|Industry|Non-Metallic Minerals|Cement"", ""Emissions|GHG|Industry|Iron and Steel"", ""Emissions|GHG|Industry|Non-Ferrous Metals|Aluminum""]",fig07_emissions_response,,,,,,"[""AFE"", ""AFN"", ""AFW"", ""AFZ"", ""ANZ"", ""ASC"", ""ASE"", ""ASO"", ""BRA"", ""CAN"", ""CHL"", ""CHN"", ""ENE"", ""ENW"", ""EUE"", ""EUM"", ""EUW"", ""IDN"", ""IND"", ""JPN"", ""LAM"", ""MDA"", ""MEA"", ""MEX"", ""NIG"", ""RUS"", ""SKT"", ""USA""]",GHG emissions,,,,,,,,medce_gbl,,,,,,,trajectory,"[1, 1, 1]",3614.9507027626773,,,
ndc_medce_gbl,NDC,"Medium CE, EU + partners",a,Global,Three sectors,Three sectors,2040,3514.186105939543,MtCO2e/yr,plotted,"[""Emissions|GHG|Industry|Non-Metallic Minerals|Cement"", ""Emissions|GHG|Industry|Iron and Steel"", ""Emissions|GHG|Industry|Non-Ferrous Metals|Aluminum""]",fig07_emissions_response,,,,,,"[""AFE"", ""AFN"", ""AFW"", ""AFZ"", ""ANZ"", ""ASC"", ""ASE"", ""ASO"", ""BRA"", ""CAN"", ""CHL"", ""CHN"", ""ENE"", ""ENW"", ""EUE"", ""EUM"", ""EUW"", ""IDN"", ""IND"", ""JPN"", ""LAM"", ""MDA"", ""MEA"", ""MEX"", ""NIG"", ""RUS"", ""SKT"", ""USA""]",GHG emissions,,,,,,,,medce_gbl,,,,,,,trajectory,"[1, 1, 1]",3514.186105939543,,,
ndc_medce_gbl,NDC,"Medium CE, EU + partners",a,Global,Three sectors,Three sectors,2050,3080.242163022816,MtCO2e/yr,plotted,"[""Emissions|GHG|Industry|Non-Metallic Minerals|Cement"", ""Emissions|GHG|Industry|Iron and Steel"", ""Emissions|GHG|Industry|Non-Ferrous Metals|Aluminum""]",fig07_emissions_response,,,,,,"[""AFE"", ""AFN"", ""AFW"", ""AFZ"", ""ANZ"", ""ASC"", ""ASE"", ""ASO"", ""BRA"", ""CAN"", ""CHL"", ""CHN"", ""ENE"", ""ENW"", ""EUE"", ""EUM"", ""EUW"", ""IDN"", ""IND"", ""JPN"", ""LAM"", ""MDA"", ""MEA"", ""MEX"", ""NIG"", ""RUS"", ""SKT"", ""USA""]",GHG emissions,,,,,,,,medce_gbl,,,,,,,trajectory,"[1, 1, 1]",3080.242163022816,,,
ndc_highce_gbl,NDC,"High CE, EU + partners",a,Global,Three sectors,Three sectors,2019,5494.987454113852,MtCO2e/yr,plotted,"[""Emissions|GHG|Industry|Non-Metallic Minerals|Cement"", ""Emissions|GHG|Industry|Iron and Steel"", ""Emissions|GHG|Industry|Non-Ferrous Metals|Aluminum""]",fig07_emissions_response,,,,,,"[""AFE"", ""AFN"", ""AFW"", ""AFZ"", ""ANZ"", ""ASC"", ""ASE"", ""ASO"", ""BRA"", ""CAN"", ""CHL"", ""CHN"", ""ENE"", ""ENW"", ""EUE"", ""EUM"", ""EUW"", ""IDN"", ""IND"", ""JPN"", ""LAM"", ""MDA"", ""MEA"", ""MEX"", ""NIG"", ""RUS"", ""SKT"", ""USA""]",GHG emissions,,,,,,,,highce_gbl,,,,,,,trajectory,"[1, 1, 1]",5494.987454113852,,,
ndc_highce_gbl,NDC,"High CE, EU + partners",a,Global,Three sectors,Three sectors,2024,5249.263336500017,MtCO2e/yr,plotted,"[""Emissions|GHG|Industry|Non-Metallic Minerals|Cement"", ""Emissions|GHG|Industry|Iron and Steel"", ""Emissions|GHG|Industry|Non-Ferrous Metals|Aluminum""]",fig07_emissions_response,,,,,,"[""AFE"", ""AFN"", ""AFW"", ""AFZ"", ""ANZ"", ""ASC"", ""ASE"", ""ASO"", ""BRA"", ""CAN"", ""CHL"", ""CHN"", ""ENE"", ""ENW"", ""EUE"", ""EUM"", ""EUW"", ""IDN"", ""IND"", ""JPN"", ""LAM"", ""MDA"", ""MEA"", ""MEX"", ""NIG"", ""RUS"", ""SKT"", ""USA""]",GHG emissions,,,,,,,,highce_gbl,,,,,,,trajectory,"[1, 1, 1]",5249.263336500017,,,
ndc_highce_gbl,NDC,"High CE, EU + partners",a,Global,Three sectors,Three sectors,2030,3892.439243070599,MtCO2e/yr,plotted,"[""Emissions|GHG|Industry|Non-Metallic Minerals|Cement"", ""Emissions|GHG|Industry|Iron and Steel"", ""Emissions|GHG|Industry|Non-Ferrous Metals|Aluminum""]",fig07_emissions_response,,,,,,"[""AFE"", ""AFN"", ""AFW"", ""AFZ"", ""ANZ"", ""ASC"", ""ASE"", ""ASO"", ""BRA"", ""CAN"", ""CHL"", ""CHN"", ""ENE"", ""ENW"", ""EUE"", ""EUM"", ""EUW"", ""IDN"", ""IND"", ""JPN"", ""LAM"", ""MDA"", ""MEA"", ""MEX"", ""NIG"", ""RUS"", ""SKT"", ""USA""]",GHG emissions,,,,,,,,highce_gbl,,,,,,,trajectory,"[1, 1, 1]",3892.439243070599,,,
ndc_highce_gbl,NDC,"High CE, EU + partners",a,Global,Three sectors,Three sectors,2035,3492.0025741734366,MtCO2e/yr,plotted,"[""Emissions|GHG|Industry|Non-Metallic Minerals|Cement"", ""Emissions|GHG|Industry|Iron and Steel"", ""Emissions|GHG|Industry|Non-Ferrous Metals|Aluminum""]",fig07_emissions_response,,,,,,"[""AFE"", ""AFN"", ""AFW"", ""AFZ"", ""ANZ"", ""ASC"", ""ASE"", ""ASO"", ""BRA"", ""CAN"", ""CHL"", ""CHN"", ""ENE"", ""ENW"", ""EUE"", ""EUM"", ""EUW"", ""IDN"", ""IND"", ""JPN"", ""LAM"", ""MDA"", ""MEA"", ""MEX"", ""NIG"", ""RUS"", ""SKT"", ""USA""]",GHG emissions,,,,,,,,highce_gbl,,,,,,,trajectory,"[1, 1, 1]",3492.0025741734366,,,
ndc_highce_gbl,NDC,"High CE, EU + partners",a,Global,Three sectors,Three sectors,2040,3182.155835662154,MtCO2e/yr,plotted,"[""Emissions|GHG|Industry|Non-Metallic Minerals|Cement"", ""Emissions|GHG|Industry|Iron and Steel"", ""Emissions|GHG|Industry|Non-Ferrous Metals|Aluminum""]",fig07_emissions_response,,,,,,"[""AFE"", ""AFN"", ""AFW"", ""AFZ"", ""ANZ"", ""ASC"", ""ASE"", ""ASO"", ""BRA"", ""CAN"", ""CHL"", ""CHN"", ""ENE"", ""ENW"", ""EUE"", ""EUM"", ""EUW"", ""IDN"", ""IND"", ""JPN"", ""LAM"", ""MDA"", ""MEA"", ""MEX"", ""NIG"", ""RUS"", ""SKT"", ""USA""]",GHG emissions,,,,,,,,highce_gbl,,,,,,,trajectory,"[1, 1, 1]",3182.155835662154,,,
ndc_highce_gbl,NDC,"High CE, EU + partners",a,Global,Three sectors,Three sectors,2050,2570.06051989573,MtCO2e/yr,plotted,"[""Emissions|GHG|Industry|Non-Metallic Minerals|Cement"", ""Emissions|GHG|Industry|Iron and Steel"", ""Emissions|GHG|Industry|Non-Ferrous Metals|Aluminum""]",fig07_emissions_response,,,,,,"[""AFE"", ""AFN"", ""AFW"", ""AFZ"", ""ANZ"", ""ASC"", ""ASE"", ""ASO"", ""BRA"", ""CAN"", ""CHL"", ""CHN"", ""ENE"", ""ENW"", ""EUE"", ""EUM"", ""EUW"", ""IDN"", ""IND"", ""JPN"", ""LAM"", ""MDA"", ""MEA"", ""MEX"", ""NIG"", ""RUS"", ""SKT"", ""USA""]",GHG emissions,,,,,,,,highce_gbl,,,,,,,trajectory,"[1, 1, 1]",2570.06051989573,,,
ndc_medce_eu,NDC,"Medium CE, EU",c,Global,Cement,Cement,2050,16.237246146528605,MtCO2e/yr,plotted,"[""Emissions|GHG|Industry|Non-Metallic Minerals|Cement""]",fig07_emissions_response,,,,,,"[""AFE"", ""AFN"", ""AFW"", ""AFZ"", ""ANZ"", ""ASC"", ""ASE"", ""ASO"", ""BRA"", ""CAN"", ""CHL"", ""CHN"", ""ENE"", ""ENW"", ""EUE"", ""EUM"", ""EUW"", ""IDN"", ""IND"", ""JPN"", ""LAM"", ""MDA"", ""MEA"", ""MEX"", ""NIG"", ""RUS"", ""SKT"", ""USA""]",GHG emissions change,,,,,,,,medce_eu,,,,,ndc_noce,2050.0,industry,[1],1822.914762426333,1806.6775162798044,,
ndc_medce_eu,NDC,"Medium CE, EU",c,Global,Iron and steel,Iron and steel,2050,-53.17368622443337,MtCO2e/yr,plotted,"[""Emissions|GHG|Industry|Iron and Steel""]",fig07_emissions_response,,,,,,"[""AFE"", ""AFN"", ""AFW"", ""AFZ"", ""ANZ"", ""ASC"", ""ASE"", ""ASO"", ""BRA"", ""CAN"", ""CHL"", ""CHN"", ""ENE"", ""ENW"", ""EUE"", ""EUM"", ""EUW"", ""IDN"", ""IND"", ""JPN"", ""LAM"", ""MDA"", ""MEA"", ""MEX"", ""NIG"", ""RUS"", ""SKT"", ""USA""]",GHG emissions change,,,,,,,,medce_eu,,,,,ndc_noce,2050.0,industry,[1],1823.2000902279908,1876.3737764524242,,
ndc_medce_eu,NDC,"Medium CE, EU",c,Global,Aluminium,Aluminium,2050,3.092426032976519,MtCO2e/yr,plotted,"[""Emissions|GHG|Industry|Non-Ferrous Metals|Aluminum""]",fig07_emissions_response,,,,,,"[""AFE"", ""AFN"", ""AFW"", ""AFZ"", ""ANZ"", ""ASC"", ""ASE"", ""ASO"", ""BRA"", ""CAN"", ""CHL"", ""CHN"", ""ENE"", ""ENW"", ""EUE"", ""EUM"", ""EUW"", ""IDN"", ""IND"", ""JPN"", ""LAM"", ""MDA"", ""MEA"", ""MEX"", ""NIG"", ""RUS"", ""SKT"", ""USA""]",GHG emissions change,,,,,,,,medce_eu,,,,,ndc_noce,2050.0,industry,[1],83.17786828126377,80.08544224828725,,
ndc_medce_eu,NDC,"Medium CE, EU",c,Global,Other industry,Other industry,2050,15.731786968314736,MtCO2e/yr,plotted,"[""Emissions|GHG|Industry"", ""Emissions|GHG|Industry|Non-Metallic Minerals|Cement"", ""Emissions|GHG|Industry|Iron and Steel"", ""Emissions|GHG|Industry|Non-Ferrous Metals|Aluminum""]",fig07_emissions_response,,,,,,"[""AFE"", ""AFN"", ""AFW"", ""AFZ"", ""ANZ"", ""ASC"", ""ASE"", ""ASO"", ""BRA"", ""CAN"", ""CHL"", ""CHN"", ""ENE"", ""ENW"", ""EUE"", ""EUM"", ""EUW"", ""IDN"", ""IND"", ""JPN"", ""LAM"", ""MDA"", ""MEA"", ""MEX"", ""NIG"", ""RUS"", ""SKT"", ""USA""]",GHG emissions change,,,,,,,,medce_eu,,,,,ndc_noce,2050.0,industry,"[1, -1, -1, -1]",7087.362567358248,7071.6307803899335,,
ndc_medce_eu,NDC,"Medium CE, EU",c,Global,Total industry,Total industry,2050,-18.112227076613635,MtCO2e/yr,net,"[""Emissions|GHG|Industry""]",fig07_emissions_response,,,,,,"[""AFE"", ""AFN"", ""AFW"", ""AFZ"", ""ANZ"", ""ASC"", ""ASE"", ""ASO"", ""BRA"", ""CAN"", ""CHL"", ""CHN"", ""ENE"", ""ENW"", ""EUE"", ""EUM"", ""EUW"", ""IDN"", ""IND"", ""JPN"", ""LAM"", ""MDA"", ""MEA"", ""MEX"", ""NIG"", ""RUS"", ""SKT"", ""USA""]",GHG emissions change,,,,,,,,medce_eu,,,,,ndc_noce,2050.0,industry,[1],10816.655288293836,10834.76751537045,,
ndc_medce_eu,NDC,"Medium CE, EU",e,EU,Three sectors,EU,2050,-8.582572606669586,MtCO2e/yr,plotted,"[""Emissions|GHG|Industry|Non-Metallic Minerals|Cement"", ""Emissions|GHG|Industry|Iron and Steel"", ""Emissions|GHG|Industry|Non-Ferrous Metals|Aluminum""]",fig07_emissions_response,,,,,,"[""EUE"", ""EUM"", ""EUW""]",GHG emissions change,,,,,,,,medce_eu,,,,,ndc_noce,2050.0,geography,"[1, 1, 1]",62.103929495430876,70.68650210210046,,
ndc_medce_eu,NDC,"Medium CE, EU",e,India,Three sectors,India,2050,-12.49430618595386,MtCO2e/yr,plotted,"[""Emissions|GHG|Industry|Non-Metallic Minerals|Cement"", ""Emissions|GHG|Industry|Iron and Steel"", ""Emissions|GHG|Industry|Non-Ferrous Metals|Aluminum""]",fig07_emissions_response,,,,,,"[""IND""]",GHG emissions change,,,,,,,,medce_eu,,,,,ndc_noce,2050.0,geography,"[1, 1, 1]",885.1402394942592,897.634545680213,,
ndc_medce_eu,NDC,"Medium CE, EU",e,China,Three sectors,China,2050,-21.032164640363362,MtCO2e/yr,plotted,"[""Emissions|GHG|Industry|Non-Metallic Minerals|Cement"", ""Emissions|GHG|Industry|Iron and Steel"", ""Emissions|GHG|Industry|Non-Ferrous Metals|Aluminum""]",fig07_emissions_response,,,,,,"[""CHN""]",GHG emissions change,,,,,,,,medce_eu,,,,,ndc_noce,2050.0,geography,"[1, 1, 1]",1496.118961907723,1517.1511265480863,,
ndc_medce_eu,NDC,"Medium CE, EU",e,Indonesia group,Three sectors,Indonesia group,2050,1.0882621263400267,MtCO2e/yr,plotted,"[""Emissions|GHG|Industry|Non-Metallic Minerals|Cement"", ""Emissions|GHG|Industry|Iron and Steel"", ""Emissions|GHG|Industry|Non-Ferrous Metals|Aluminum""]",fig07_emissions_response,,,,,,"[""IDN""]",GHG emissions change,,,,,,,,medce_eu,,,,,ndc_noce,2050.0,geography,"[1, 1, 1]",239.26537161967633,238.1771094933363,,
ndc_medce_eu,NDC,"Medium CE, EU",e,Other partners,Three sectors,Other partners,2050,1.6095638407333581,MtCO2e/yr,plotted,"[""Emissions|GHG|Industry|Non-Metallic Minerals|Cement"", ""Emissions|GHG|Industry|Iron and Steel"", ""Emissions|GHG|Industry|Non-Ferrous Metals|Aluminum""]",fig07_emissions_response,,,,,,"[""ANZ"", ""BRA"", ""CAN"", ""CHL"", ""ENE"", ""ENW"", ""JPN"", ""MEX"", ""RUS"", ""SKT"", ""USA""]",GHG emissions change,,,,,,,,medce_eu,,,,,ndc_noce,2050.0,geography,"[1, 1, 1]",258.68730723094404,257.0777433902107,,
ndc_medce_eu,NDC,"Medium CE, EU",e,Rest of world,Three sectors,Rest of world,2050,5.567203420984697,MtCO2e/yr,plotted,"[""Emissions|GHG|Industry|Non-Metallic Minerals|Cement"", ""Emissions|GHG|Industry|Iron and Steel"", ""Emissions|GHG|Industry|Non-Ferrous Metals|Aluminum""]",fig07_emissions_response,,,,,,"[""AFE"", ""AFN"", ""AFW"", ""AFZ"", ""ASC"", ""ASE"", ""ASO"", ""LAM"", ""MDA"", ""MEA"", ""NIG""]",GHG emissions change,,,,,,,,medce_eu,,,,,ndc_noce,2050.0,geography,"[1, 1, 1]",787.9769111875539,782.4097077665692,,
ndc_medce_eu,NDC,"Medium CE, EU",e,Global,Three sectors,Global net,2050,-33.84401404492837,MtCO2e/yr,net,"[""Emissions|GHG|Industry|Non-Metallic Minerals|Cement"", ""Emissions|GHG|Industry|Iron and Steel"", ""Emissions|GHG|Industry|Non-Ferrous Metals|Aluminum""]",fig07_emissions_response,,,,,,"[""AFE"", ""AFN"", ""AFW"", ""AFZ"", ""ANZ"", ""ASC"", ""ASE"", ""ASO"", ""BRA"", ""CAN"", ""CHL"", ""CHN"", ""ENE"", ""ENW"", ""EUE"", ""EUM"", ""EUW"", ""IDN"", ""IND"", ""JPN"", ""LAM"", ""MDA"", ""MEA"", ""MEX"", ""NIG"", ""RUS"", ""SKT"", ""USA""]",GHG emissions change,,,,,,,,medce_eu,,,,,ndc_noce,2050.0,geography,"[1, 1, 1]",3729.2927209355876,3763.136734980516,,
ndc_highce_eu,NDC,"High CE, EU",c,Global,Cement,Cement,2050,8.29531344721272,MtCO2e/yr,plotted,"[""Emissions|GHG|Industry|Non-Metallic Minerals|Cement""]",fig07_emissions_response,,,,,,"[""AFE"", ""AFN"", ""AFW"", ""AFZ"", ""ANZ"", ""ASC"", ""ASE"", ""ASO"", ""BRA"", ""CAN"", ""CHL"", ""CHN"", ""ENE"", ""ENW"", ""EUE"", ""EUM"", ""EUW"", ""IDN"", ""IND"", ""JPN"", ""LAM"", ""MDA"", ""MEA"", ""MEX"", ""NIG"", ""RUS"", ""SKT"", ""USA""]",GHG emissions change,,,,,,,,highce_eu,,,,,ndc_noce,2050.0,industry,[1],1814.9728297270171,1806.6775162798044,,
ndc_highce_eu,NDC,"High CE, EU",c,Global,Iron and steel,Iron and steel,2050,-54.13264626809064,MtCO2e/yr,plotted,"[""Emissions|GHG|Industry|Iron and Steel""]",fig07_emissions_response,,,,,,"[""AFE"", ""AFN"", ""AFW"", ""AFZ"", ""ANZ"", ""ASC"", ""ASE"", ""ASO"", ""BRA"", ""CAN"", ""CHL"", ""CHN"", ""ENE"", ""ENW"", ""EUE"", ""EUM"", ""EUW"", ""IDN"", ""IND"", ""JPN"", ""LAM"", ""MDA"", ""MEA"", ""MEX"", ""NIG"", ""RUS"", ""SKT"", ""USA""]",GHG emissions change,,,,,,,,highce_eu,,,,,ndc_noce,2050.0,industry,[1],1822.2411301843335,1876.3737764524242,,
ndc_highce_eu,NDC,"High CE, EU",c,Global,Aluminium,Aluminium,2050,2.2227665381613946,MtCO2e/yr,plotted,"[""Emissions|GHG|Industry|Non-Ferrous Metals|Aluminum""]",fig07_emissions_response,,,,,,"[""AFE"", ""AFN"", ""AFW"", ""AFZ"", ""ANZ"", ""ASC"", ""ASE"", ""ASO"", ""BRA"", ""CAN"", ""CHL"", ""CHN"", ""ENE"", ""ENW"", ""EUE"", ""EUM"", ""EUW"", ""IDN"", ""IND"", ""JPN"", ""LAM"", ""MDA"", ""MEA"", ""MEX"", ""NIG"", ""RUS"", ""SKT"", ""USA""]",GHG emissions change,,,,,,,,highce_eu,,,,,ndc_noce,2050.0,industry,[1],82.30820878644865,80.08544224828725,,
ndc_highce_eu,NDC,"High CE, EU",c,Global,Other industry,Other industry,2050,22.754502249941652,MtCO2e/yr,plotted,"[""Emissions|GHG|Industry"", ""Emissions|GHG|Industry|Non-Metallic Minerals|Cement"", ""Emissions|GHG|Industry|Iron and Steel"", ""Emissions|GHG|Industry|Non-Ferrous Metals|Aluminum""]",fig07_emissions_response,,,,,,"[""AFE"", ""AFN"", ""AFW"", ""AFZ"", ""ANZ"", ""ASC"", ""ASE"", ""ASO"", ""BRA"", ""CAN"", ""CHL"", ""CHN"", ""ENE"", ""ENW"", ""EUE"", ""EUM"", ""EUW"", ""IDN"", ""IND"", ""JPN"", ""LAM"", ""MDA"", ""MEA"", ""MEX"", ""NIG"", ""RUS"", ""SKT"", ""USA""]",GHG emissions change,,,,,,,,highce_eu,,,,,ndc_noce,2050.0,industry,"[1, -1, -1, -1]",7094.385282639875,7071.6307803899335,,
ndc_highce_eu,NDC,"High CE, EU",c,Global,Total industry,Total industry,2050,-20.86006403277497,MtCO2e/yr,net,"[""Emissions|GHG|Industry""]",fig07_emissions_response,,,,,,"[""AFE"", ""AFN"", ""AFW"", ""AFZ"", ""ANZ"", ""ASC"", ""ASE"", ""ASO"", ""BRA"", ""CAN"", ""CHL"", ""CHN"", ""ENE"", ""ENW"", ""EUE"", ""EUM"", ""EUW"", ""IDN"", ""IND"", ""JPN"", ""LAM"", ""MDA"", ""MEA"", ""MEX"", ""NIG"", ""RUS"", ""SKT"", ""USA""]",GHG emissions change,,,,,,,,highce_eu,,,,,ndc_noce,2050.0,industry,[1],10813.907451337675,10834.76751537045,,
ndc_highce_eu,NDC,"High CE, EU",e,EU,Three sectors,EU,2050,-15.503051931811825,MtCO2e/yr,plotted,"[""Emissions|GHG|Industry|Non-Metallic Minerals|Cement"", ""Emissions|GHG|Industry|Iron and Steel"", ""Emissions|GHG|Industry|Non-Ferrous Metals|Aluminum""]",fig07_emissions_response,,,,,,"[""EUE"", ""EUM"", ""EUW""]",GHG emissions change,,,,,,,,highce_eu,,,,,ndc_noce,2050.0,geography,"[1, 1, 1]",55.18345017028864,70.68650210210046,,
ndc_highce_eu,NDC,"High CE, EU",e,India,Three sectors,India,2050,-12.20906619591051,MtCO2e/yr,plotted,"[""Emissions|GHG|Industry|Non-Metallic Minerals|Cement"", ""Emissions|GHG|Industry|Iron and Steel"", ""Emissions|GHG|Industry|Non-Ferrous Metals|Aluminum""]",fig07_emissions_response,,,,,,"[""IND""]",GHG emissions change,,,,,,,,highce_eu,,,,,ndc_noce,2050.0,geography,"[1, 1, 1]",885.4254794843025,897.634545680213,,
ndc_highce_eu,NDC,"High CE, EU",e,China,Three sectors,China,2050,-22.439948830887033,MtCO2e/yr,plotted,"[""Emissions|GHG|Industry|Non-Metallic Minerals|Cement"", ""Emissions|GHG|Industry|Iron and Steel"", ""Emissions|GHG|Industry|Non-Ferrous Metals|Aluminum""]",fig07_emissions_response,,,,,,"[""CHN""]",GHG emissions change,,,,,,,,highce_eu,,,,,ndc_noce,2050.0,geography,"[1, 1, 1]",1494.7111777171992,1517.1511265480863,,
ndc_highce_eu,NDC,"High CE, EU",e,Indonesia group,Three sectors,Indonesia group,2050,0.9471058612614058,MtCO2e/yr,plotted,"[""Emissions|GHG|Industry|Non-Metallic Minerals|Cement"", ""Emissions|GHG|Industry|Iron and Steel"", ""Emissions|GHG|Industry|Non-Ferrous Metals|Aluminum""]",fig07_emissions_response,,,,,,"[""IDN""]",GHG emissions change,,,,,,,,highce_eu,,,,,ndc_noce,2050.0,geography,"[1, 1, 1]",239.1242153545977,238.1771094933363,,
ndc_highce_eu,NDC,"High CE, EU",e,Other partners,Three sectors,Other partners,2050,1.3444093605111789,MtCO2e/yr,plotted,"[""Emissions|GHG|Industry|Non-Metallic Minerals|Cement"", ""Emissions|GHG|Industry|Iron and Steel"", ""Emissions|GHG|Industry|Non-Ferrous Metals|Aluminum""]",fig07_emissions_response,,,,,,"[""ANZ"", ""BRA"", ""CAN"", ""CHL"", ""ENE"", ""ENW"", ""JPN"", ""MEX"", ""RUS"", ""SKT"", ""USA""]",GHG emissions change,,,,,,,,highce_eu,,,,,ndc_noce,2050.0,geography,"[1, 1, 1]",258.42215275072186,257.0777433902107,,
ndc_highce_eu,NDC,"High CE, EU",e,Rest of world,Three sectors,Rest of world,2050,4.245985454119932,MtCO2e/yr,plotted,"[""Emissions|GHG|Industry|Non-Metallic Minerals|Cement"", ""Emissions|GHG|Industry|Iron and Steel"", ""Emissions|GHG|Industry|Non-Ferrous Metals|Aluminum""]",fig07_emissions_response,,,,,,"[""AFE"", ""AFN"", ""AFW"", ""AFZ"", ""ASC"", ""ASE"", ""ASO"", ""LAM"", ""MDA"", ""MEA"", ""NIG""]",GHG emissions change,,,,,,,,highce_eu,,,,,ndc_noce,2050.0,geography,"[1, 1, 1]",786.6556932206892,782.4097077665692,,
ndc_highce_eu,NDC,"High CE, EU",e,Global,Three sectors,Global net,2050,-43.61456628271662,MtCO2e/yr,net,"[""Emissions|GHG|Industry|Non-Metallic Minerals|Cement"", ""Emissions|GHG|Industry|Iron and Steel"", ""Emissions|GHG|Industry|Non-Ferrous Metals|Aluminum""]",fig07_emissions_response,,,,,,"[""AFE"", ""AFN"", ""AFW"", ""AFZ"", ""ANZ"", ""ASC"", ""ASE"", ""ASO"", ""BRA"", ""CAN"", ""CHL"", ""CHN"", ""ENE"", ""ENW"", ""EUE"", ""EUM"", ""EUW"", ""IDN"", ""IND"", ""JPN"", ""LAM"", ""MDA"", ""MEA"", ""MEX"", ""NIG"", ""RUS"", ""SKT"", ""USA""]",GHG emissions change,,,,,,,,highce_eu,,,,,ndc_noce,2050.0,geography,"[1, 1, 1]",3719.5221686977993,3763.136734980516,,
ndc_medce_gbl,NDC,"Medium CE, EU + partners",c,Global,Cement,Cement,2050,-239.11385573397342,MtCO2e/yr,plotted,"[""Emissions|GHG|Industry|Non-Metallic Minerals|Cement""]",fig07_emissions_response,,,,,,"[""AFE"", ""AFN"", ""AFW"", ""AFZ"", ""ANZ"", ""ASC"", ""ASE"", ""ASO"", ""BRA"", ""CAN"", ""CHL"", ""CHN"", ""ENE"", ""ENW"", ""EUE"", ""EUM"", ""EUW"", ""IDN"", ""IND"", ""JPN"", ""LAM"", ""MDA"", ""MEA"", ""MEX"", ""NIG"", ""RUS"", ""SKT"", ""USA""]",GHG emissions change,,,,,,,,medce_gbl,,,,,ndc_noce,2050.0,industry,[1],1567.563660545831,1806.6775162798044,,
ndc_medce_gbl,NDC,"Medium CE, EU + partners",c,Global,Iron and steel,Iron and steel,2050,-434.44439030101535,MtCO2e/yr,plotted,"[""Emissions|GHG|Industry|Iron and Steel""]",fig07_emissions_response,,,,,,"[""AFE"", ""AFN"", ""AFW"", ""AFZ"", ""ANZ"", ""ASC"", ""ASE"", ""ASO"", ""BRA"", ""CAN"", ""CHL"", ""CHN"", ""ENE"", ""ENW"", ""EUE"", ""EUM"", ""EUW"", ""IDN"", ""IND"", ""JPN"", ""LAM"", ""MDA"", ""MEA"", ""MEX"", ""NIG"", ""RUS"", ""SKT"", ""USA""]",GHG emissions change,,,,,,,,medce_gbl,,,,,ndc_noce,2050.0,industry,[1],1441.9293861514088,1876.3737764524242,,
ndc_medce_gbl,NDC,"Medium CE, EU + partners",c,Global,Aluminium,Aluminium,2050,-9.336325922711424,MtCO2e/yr,plotted,"[""Emissions|GHG|Industry|Non-Ferrous Metals|Aluminum""]",fig07_emissions_response,,,,,,"[""AFE"", ""AFN"", ""AFW"", ""AFZ"", ""ANZ"", ""ASC"", ""ASE"", ""ASO"", ""BRA"", ""CAN"", ""CHL"", ""CHN"", ""ENE"", ""ENW"", ""EUE"", ""EUM"", ""EUW"", ""IDN"", ""IND"", ""JPN"", ""LAM"", ""MDA"", ""MEA"", ""MEX"", ""NIG"", ""RUS"", ""SKT"", ""USA""]",GHG emissions change,,,,,,,,medce_gbl,,,,,ndc_noce,2050.0,industry,[1],70.74911632557583,80.08544224828725,,
ndc_medce_gbl,NDC,"Medium CE, EU + partners",c,Global,Other industry,Other industry,2050,48.00371836815157,MtCO2e/yr,plotted,"[""Emissions|GHG|Industry"", ""Emissions|GHG|Industry|Non-Metallic Minerals|Cement"", ""Emissions|GHG|Industry|Iron and Steel"", ""Emissions|GHG|Industry|Non-Ferrous Metals|Aluminum""]",fig07_emissions_response,,,,,,"[""AFE"", ""AFN"", ""AFW"", ""AFZ"", ""ANZ"", ""ASC"", ""ASE"", ""ASO"", ""BRA"", ""CAN"", ""CHL"", ""CHN"", ""ENE"", ""ENW"", ""EUE"", ""EUM"", ""EUW"", ""IDN"", ""IND"", ""JPN"", ""LAM"", ""MDA"", ""MEA"", ""MEX"", ""NIG"", ""RUS"", ""SKT"", ""USA""]",GHG emissions change,,,,,,,,medce_gbl,,,,,ndc_noce,2050.0,industry,"[1, -1, -1, -1]",7119.634498758085,7071.6307803899335,,
ndc_medce_gbl,NDC,"Medium CE, EU + partners",c,Global,Total industry,Total industry,2050,-634.890853589548,MtCO2e/yr,net,"[""Emissions|GHG|Industry""]",fig07_emissions_response,,,,,,"[""AFE"", ""AFN"", ""AFW"", ""AFZ"", ""ANZ"", ""ASC"", ""ASE"", ""ASO"", ""BRA"", ""CAN"", ""CHL"", ""CHN"", ""ENE"", ""ENW"", ""EUE"", ""EUM"", ""EUW"", ""IDN"", ""IND"", ""JPN"", ""LAM"", ""MDA"", ""MEA"", ""MEX"", ""NIG"", ""RUS"", ""SKT"", ""USA""]",GHG emissions change,,,,,,,,medce_gbl,,,,,ndc_noce,2050.0,industry,[1],10199.876661780901,10834.76751537045,,
ndc_medce_gbl,NDC,"Medium CE, EU + partners",e,EU,Three sectors,EU,2050,-13.355994085842717,MtCO2e/yr,plotted,"[""Emissions|GHG|Industry|Non-Metallic Minerals|Cement"", ""Emissions|GHG|Industry|Iron and Steel"", ""Emissions|GHG|Industry|Non-Ferrous Metals|Aluminum""]",fig07_emissions_response,,,,,,"[""EUE"", ""EUM"", ""EUW""]",GHG emissions change,,,,,,,,medce_gbl,,,,,ndc_noce,2050.0,geography,"[1, 1, 1]",57.330508016257745,70.68650210210046,,
ndc_medce_gbl,NDC,"Medium CE, EU + partners",e,India,Three sectors,India,2050,-347.665924433015,MtCO2e/yr,plotted,"[""Emissions|GHG|Industry|Non-Metallic Minerals|Cement"", ""Emissions|GHG|Industry|Iron and Steel"", ""Emissions|GHG|Industry|Non-Ferrous Metals|Aluminum""]",fig07_emissions_response,,,,,,"[""IND""]",GHG emissions change,,,,,,,,medce_gbl,,,,,ndc_noce,2050.0,geography,"[1, 1, 1]",549.968621247198,897.634545680213,,
ndc_medce_gbl,NDC,"Medium CE, EU + partners",e,China,Three sectors,China,2050,-184.37915828773998,MtCO2e/yr,plotted,"[""Emissions|GHG|Industry|Non-Metallic Minerals|Cement"", ""Emissions|GHG|Industry|Iron and Steel"", ""Emissions|GHG|Industry|Non-Ferrous Metals|Aluminum""]",fig07_emissions_response,,,,,,"[""CHN""]",GHG emissions change,,,,,,,,medce_gbl,,,,,ndc_noce,2050.0,geography,"[1, 1, 1]",1332.7719682603463,1517.1511265480863,,
ndc_medce_gbl,NDC,"Medium CE, EU + partners",e,Indonesia group,Three sectors,Indonesia group,2050,-56.361209831774346,MtCO2e/yr,plotted,"[""Emissions|GHG|Industry|Non-Metallic Minerals|Cement"", ""Emissions|GHG|Industry|Iron and Steel"", ""Emissions|GHG|Industry|Non-Ferrous Metals|Aluminum""]",fig07_emissions_response,,,,,,"[""IDN""]",GHG emissions change,,,,,,,,medce_gbl,,,,,ndc_noce,2050.0,geography,"[1, 1, 1]",181.81589966156196,238.1771094933363,,
ndc_medce_gbl,NDC,"Medium CE, EU + partners",e,Other partners,Three sectors,Other partners,2050,-55.81688453722427,MtCO2e/yr,plotted,"[""Emissions|GHG|Industry|Non-Metallic Minerals|Cement"", ""Emissions|GHG|Industry|Iron and Steel"", ""Emissions|GHG|Industry|Non-Ferrous Metals|Aluminum""]",fig07_emissions_response,,,,,,"[""ANZ"", ""BRA"", ""CAN"", ""CHL"", ""ENE"", ""ENW"", ""JPN"", ""MEX"", ""RUS"", ""SKT"", ""USA""]",GHG emissions change,,,,,,,,medce_gbl,,,,,ndc_noce,2050.0,geography,"[1, 1, 1]",201.26085885298642,257.0777433902107,,
ndc_medce_gbl,NDC,"Medium CE, EU + partners",e,Rest of world,Three sectors,Rest of world,2050,-25.31540078210412,MtCO2e/yr,plotted,"[""Emissions|GHG|Industry|Non-Metallic Minerals|Cement"", ""Emissions|GHG|Industry|Iron and Steel"", ""Emissions|GHG|Industry|Non-Ferrous Metals|Aluminum""]",fig07_emissions_response,,,,,,"[""AFE"", ""AFN"", ""AFW"", ""AFZ"", ""ASC"", ""ASE"", ""ASO"", ""LAM"", ""MDA"", ""MEA"", ""NIG""]",GHG emissions change,,,,,,,,medce_gbl,,,,,ndc_noce,2050.0,geography,"[1, 1, 1]",757.0943069844651,782.4097077665692,,
ndc_medce_gbl,NDC,"Medium CE, EU + partners",e,Global,Three sectors,Global net,2050,-682.8945719577,MtCO2e/yr,net,"[""Emissions|GHG|Industry|Non-Metallic Minerals|Cement"", ""Emissions|GHG|Industry|Iron and Steel"", ""Emissions|GHG|Industry|Non-Ferrous Metals|Aluminum""]",fig07_emissions_response,,,,,,"[""AFE"", ""AFN"", ""AFW"", ""AFZ"", ""ANZ"", ""ASC"", ""ASE"", ""ASO"", ""BRA"", ""CAN"", ""CHL"", ""CHN"", ""ENE"", ""ENW"", ""EUE"", ""EUM"", ""EUW"", ""IDN"", ""IND"", ""JPN"", ""LAM"", ""MDA"", ""MEA"", ""MEX"", ""NIG"", ""RUS"", ""SKT"", ""USA""]",GHG emissions change,,,,,,,,medce_gbl,,,,,ndc_noce,2050.0,geography,"[1, 1, 1]",3080.242163022816,3763.136734980516,,
ndc_highce_gbl,NDC,"High CE, EU + partners",c,Global,Cement,Cement,2050,-414.9888805800954,MtCO2e/yr,plotted,"[""Emissions|GHG|Industry|Non-Metallic Minerals|Cement""]",fig07_emissions_response,,,,,,"[""AFE"", ""AFN"", ""AFW"", ""AFZ"", ""ANZ"", ""ASC"", ""ASE"", ""ASO"", ""BRA"", ""CAN"", ""CHL"", ""CHN"", ""ENE"", ""ENW"", ""EUE"", ""EUM"", ""EUW"", ""IDN"", ""IND"", ""JPN"", ""LAM"", ""MDA"", ""MEA"", ""MEX"", ""NIG"", ""RUS"", ""SKT"", ""USA""]",GHG emissions change,,,,,,,,highce_gbl,,,,,ndc_noce,2050.0,industry,[1],1391.688635699709,1806.6775162798044,,
ndc_highce_gbl,NDC,"High CE, EU + partners",c,Global,Iron and steel,Iron and steel,2050,-763.8193221219979,MtCO2e/yr,plotted,"[""Emissions|GHG|Industry|Iron and Steel""]",fig07_emissions_response,,,,,,"[""AFE"", ""AFN"", ""AFW"", ""AFZ"", ""ANZ"", ""ASC"", ""ASE"", ""ASO"", ""BRA"", ""CAN"", ""CHL"", ""CHN"", ""ENE"", ""ENW"", ""EUE"", ""EUM"", ""EUW"", ""IDN"", ""IND"", ""JPN"", ""LAM"", ""MDA"", ""MEA"", ""MEX"", ""NIG"", ""RUS"", ""SKT"", ""USA""]",GHG emissions change,,,,,,,,highce_gbl,,,,,ndc_noce,2050.0,industry,[1],1112.5544543304263,1876.3737764524242,,
ndc_highce_gbl,NDC,"High CE, EU + partners",c,Global,Aluminium,Aluminium,2050,-14.26801238269212,MtCO2e/yr,plotted,"[""Emissions|GHG|Industry|Non-Ferrous Metals|Aluminum""]",fig07_emissions_response,,,,,,"[""AFE"", ""AFN"", ""AFW"", ""AFZ"", ""ANZ"", ""ASC"", ""ASE"", ""ASO"", ""BRA"", ""CAN"", ""CHL"", ""CHN"", ""ENE"", ""ENW"", ""EUE"", ""EUM"", ""EUW"", ""IDN"", ""IND"", ""JPN"", ""LAM"", ""MDA"", ""MEA"", ""MEX"", ""NIG"", ""RUS"", ""SKT"", ""USA""]",GHG emissions change,,,,,,,,highce_gbl,,,,,ndc_noce,2050.0,industry,[1],65.81742986559513,80.08544224828725,,
ndc_highce_gbl,NDC,"High CE, EU + partners",c,Global,Other industry,Other industry,2050,59.0586959403372,MtCO2e/yr,plotted,"[""Emissions|GHG|Industry"", ""Emissions|GHG|Industry|Non-Metallic Minerals|Cement"", ""Emissions|GHG|Industry|Iron and Steel"", ""Emissions|GHG|Industry|Non-Ferrous Metals|Aluminum""]",fig07_emissions_response,,,,,,"[""AFE"", ""AFN"", ""AFW"", ""AFZ"", ""ANZ"", ""ASC"", ""ASE"", ""ASO"", ""BRA"", ""CAN"", ""CHL"", ""CHN"", ""ENE"", ""ENW"", ""EUE"", ""EUM"", ""EUW"", ""IDN"", ""IND"", ""JPN"", ""LAM"", ""MDA"", ""MEA"", ""MEX"", ""NIG"", ""RUS"", ""SKT"", ""USA""]",GHG emissions change,,,,,,,,highce_gbl,,,,,ndc_noce,2050.0,industry,"[1, -1, -1, -1]",7130.689476330271,7071.6307803899335,,
ndc_highce_gbl,NDC,"High CE, EU + partners",c,Global,Total industry,Total industry,2050,-1134.0175191444487,MtCO2e/yr,net,"[""Emissions|GHG|Industry""]",fig07_emissions_response,,,,,,"[""AFE"", ""AFN"", ""AFW"", ""AFZ"", ""ANZ"", ""ASC"", ""ASE"", ""ASO"", ""BRA"", ""CAN"", ""CHL"", ""CHN"", ""ENE"", ""ENW"", ""EUE"", ""EUM"", ""EUW"", ""IDN"", ""IND"", ""JPN"", ""LAM"", ""MDA"", ""MEA"", ""MEX"", ""NIG"", ""RUS"", ""SKT"", ""USA""]",GHG emissions change,,,,,,,,highce_gbl,,,,,ndc_noce,2050.0,industry,[1],9700.749996226,10834.76751537045,,
ndc_highce_gbl,NDC,"High CE, EU + partners",e,EU,Three sectors,EU,2050,-22.651190898092928,MtCO2e/yr,plotted,"[""Emissions|GHG|Industry|Non-Metallic Minerals|Cement"", ""Emissions|GHG|Industry|Iron and Steel"", ""Emissions|GHG|Industry|Non-Ferrous Metals|Aluminum""]",fig07_emissions_response,,,,,,"[""EUE"", ""EUM"", ""EUW""]",GHG emissions change,,,,,,,,highce_gbl,,,,,ndc_noce,2050.0,geography,"[1, 1, 1]",48.035311204007535,70.68650210210046,,
ndc_highce_gbl,NDC,"High CE, EU + partners",e,India,Three sectors,India,2050,-590.3224745052102,MtCO2e/yr,plotted,"[""Emissions|GHG|Industry|Non-Metallic Minerals|Cement"", ""Emissions|GHG|Industry|Iron and Steel"", ""Emissions|GHG|Industry|Non-Ferrous Metals|Aluminum""]",fig07_emissions_response,,,,,,"[""IND""]",GHG emissions change,,,,,,,,highce_gbl,,,,,ndc_noce,2050.0,geography,"[1, 1, 1]",307.31207117500287,897.634545680213,,
ndc_highce_gbl,NDC,"High CE, EU + partners",e,China,Three sectors,China,2050,-367.4942283192793,MtCO2e/yr,plotted,"[""Emissions|GHG|Industry|Non-Metallic Minerals|Cement"", ""Emissions|GHG|Industry|Iron and Steel"", ""Emissions|GHG|Industry|Non-Ferrous Metals|Aluminum""]",fig07_emissions_response,,,,,,"[""CHN""]",GHG emissions change,,,,,,,,highce_gbl,,,,,ndc_noce,2050.0,geography,"[1, 1, 1]",1149.656898228807,1517.1511265480863,,
ndc_highce_gbl,NDC,"High CE, EU + partners",e,Indonesia group,Three sectors,Indonesia group,2050,-85.3582367194526,MtCO2e/yr,plotted,"[""Emissions|GHG|Industry|Non-Metallic Minerals|Cement"", ""Emissions|GHG|Industry|Iron and Steel"", ""Emissions|GHG|Industry|Non-Ferrous Metals|Aluminum""]",fig07_emissions_response,,,,,,"[""IDN""]",GHG emissions change,,,,,,,,highce_gbl,,,,,ndc_noce,2050.0,geography,"[1, 1, 1]",152.8188727738837,238.1771094933363,,
ndc_highce_gbl,NDC,"High CE, EU + partners",e,Other partners,Three sectors,Other partners,2050,-97.71686650938923,MtCO2e/yr,plotted,"[""Emissions|GHG|Industry|Non-Metallic Minerals|Cement"", ""Emissions|GHG|Industry|Iron and Steel"", ""Emissions|GHG|Industry|Non-Ferrous Metals|Aluminum""]",fig07_emissions_response,,,,,,"[""ANZ"", ""BRA"", ""CAN"", ""CHL"", ""ENE"", ""ENW"", ""JPN"", ""MEX"", ""RUS"", ""SKT"", ""USA""]",GHG emissions change,,,,,,,,highce_gbl,,,,,ndc_noce,2050.0,geography,"[1, 1, 1]",159.36087688082145,257.0777433902107,,
ndc_highce_gbl,NDC,"High CE, EU + partners",e,Rest of world,Three sectors,Rest of world,2050,-29.533218133361288,MtCO2e/yr,plotted,"[""Emissions|GHG|Industry|Non-Metallic Minerals|Cement"", ""Emissions|GHG|Industry|Iron and Steel"", ""Emissions|GHG|Industry|Non-Ferrous Metals|Aluminum""]",fig07_emissions_response,,,,,,"[""AFE"", ""AFN"", ""AFW"", ""AFZ"", ""ASC"", ""ASE"", ""ASO"", ""LAM"", ""MDA"", ""MEA"", ""NIG""]",GHG emissions change,,,,,,,,highce_gbl,,,,,ndc_noce,2050.0,geography,"[1, 1, 1]",752.8764896332079,782.4097077665692,,
ndc_highce_gbl,NDC,"High CE, EU + partners",e,Global,Three sectors,Global net,2050,-1193.0762150847859,MtCO2e/yr,net,"[""Emissions|GHG|Industry|Non-Metallic Minerals|Cement"", ""Emissions|GHG|Industry|Iron and Steel"", ""Emissions|GHG|Industry|Non-Ferrous Metals|Aluminum""]",fig07_emissions_response,,,,,,"[""AFE"", ""AFN"", ""AFW"", ""AFZ"", ""ANZ"", ""ASC"", ""ASE"", ""ASO"", ""BRA"", ""CAN"", ""CHL"", ""CHN"", ""ENE"", ""ENW"", ""EUE"", ""EUM"", ""EUW"", ""IDN"", ""IND"", ""JPN"", ""LAM"", ""MDA"", ""MEA"", ""MEX"", ""NIG"", ""RUS"", ""SKT"", ""USA""]",GHG emissions change,,,,,,,,highce_gbl,,,,,ndc_noce,2050.0,geography,"[1, 1, 1]",2570.06051989573,3763.136734980516,,
baseline_noce,NDC+LTT,No CE,b,Global,Three sectors,Three sectors,2019,5494.987454113852,MtCO2e/yr,plotted,"[""Emissions|GHG|Industry|Non-Metallic Minerals|Cement"", ""Emissions|GHG|Industry|Iron and Steel"", ""Emissions|GHG|Industry|Non-Ferrous Metals|Aluminum""]",fig07_emissions_response,,,,,,"[""AFE"", ""AFN"", ""AFW"", ""AFZ"", ""ANZ"", ""ASC"", ""ASE"", ""ASO"", ""BRA"", ""CAN"", ""CHL"", ""CHN"", ""ENE"", ""ENW"", ""EUE"", ""EUM"", ""EUW"", ""IDN"", ""IND"", ""JPN"", ""LAM"", ""MDA"", ""MEA"", ""MEX"", ""NIG"", ""RUS"", ""SKT"", ""USA""]",GHG emissions,,,,,,,,noce,,,,,,,trajectory,"[1, 1, 1]",5494.987454113852,,,
baseline_noce,NDC+LTT,No CE,b,Global,Three sectors,Three sectors,2024,5249.263336500017,MtCO2e/yr,plotted,"[""Emissions|GHG|Industry|Non-Metallic Minerals|Cement"", ""Emissions|GHG|Industry|Iron and Steel"", ""Emissions|GHG|Industry|Non-Ferrous Metals|Aluminum""]",fig07_emissions_response,,,,,,"[""AFE"", ""AFN"", ""AFW"", ""AFZ"", ""ANZ"", ""ASC"", ""ASE"", ""ASO"", ""BRA"", ""CAN"", ""CHL"", ""CHN"", ""ENE"", ""ENW"", ""EUE"", ""EUM"", ""EUW"", ""IDN"", ""IND"", ""JPN"", ""LAM"", ""MDA"", ""MEA"", ""MEX"", ""NIG"", ""RUS"", ""SKT"", ""USA""]",GHG emissions,,,,,,,,noce,,,,,,,trajectory,"[1, 1, 1]",5249.263336500017,,,
baseline_noce,NDC+LTT,No CE,b,Global,Three sectors,Three sectors,2030,4575.787104995871,MtCO2e/yr,plotted,"[""Emissions|GHG|Industry|Non-Metallic Minerals|Cement"", ""Emissions|GHG|Industry|Iron and Steel"", ""Emissions|GHG|Industry|Non-Ferrous Metals|Aluminum""]",fig07_emissions_response,,,,,,"[""AFE"", ""AFN"", ""AFW"", ""AFZ"", ""ANZ"", ""ASC"", ""ASE"", ""ASO"", ""BRA"", ""CAN"", ""CHL"", ""CHN"", ""ENE"", ""ENW"", ""EUE"", ""EUM"", ""EUW"", ""IDN"", ""IND"", ""JPN"", ""LAM"", ""MDA"", ""MEA"", ""MEX"", ""NIG"", ""RUS"", ""SKT"", ""USA""]",GHG emissions,,,,,,,,noce,,,,,,,trajectory,"[1, 1, 1]",4575.787104995871,,,
baseline_noce,NDC+LTT,No CE,b,Global,Three sectors,Three sectors,2035,3942.263917948358,MtCO2e/yr,plotted,"[""Emissions|GHG|Industry|Non-Metallic Minerals|Cement"", ""Emissions|GHG|Industry|Iron and Steel"", ""Emissions|GHG|Industry|Non-Ferrous Metals|Aluminum""]",fig07_emissions_response,,,,,,"[""AFE"", ""AFN"", ""AFW"", ""AFZ"", ""ANZ"", ""ASC"", ""ASE"", ""ASO"", ""BRA"", ""CAN"", ""CHL"", ""CHN"", ""ENE"", ""ENW"", ""EUE"", ""EUM"", ""EUW"", ""IDN"", ""IND"", ""JPN"", ""LAM"", ""MDA"", ""MEA"", ""MEX"", ""NIG"", ""RUS"", ""SKT"", ""USA""]",GHG emissions,,,,,,,,noce,,,,,,,trajectory,"[1, 1, 1]",3942.263917948358,,,
baseline_noce,NDC+LTT,No CE,b,Global,Three sectors,Three sectors,2040,3440.3085939806842,MtCO2e/yr,plotted,"[""Emissions|GHG|Industry|Non-Metallic Minerals|Cement"", ""Emissions|GHG|Industry|Iron and Steel"", ""Emissions|GHG|Industry|Non-Ferrous Metals|Aluminum""]",fig07_emissions_response,,,,,,"[""AFE"", ""AFN"", ""AFW"", ""AFZ"", ""ANZ"", ""ASC"", ""ASE"", ""ASO"", ""BRA"", ""CAN"", ""CHL"", ""CHN"", ""ENE"", ""ENW"", ""EUE"", ""EUM"", ""EUW"", ""IDN"", ""IND"", ""JPN"", ""LAM"", ""MDA"", ""MEA"", ""MEX"", ""NIG"", ""RUS"", ""SKT"", ""USA""]",GHG emissions,,,,,,,,noce,,,,,,,trajectory,"[1, 1, 1]",3440.3085939806842,,,
baseline_noce,NDC+LTT,No CE,b,Global,Three sectors,Three sectors,2050,2510.0818182824432,MtCO2e/yr,plotted,"[""Emissions|GHG|Industry|Non-Metallic Minerals|Cement"", ""Emissions|GHG|Industry|Iron and Steel"", ""Emissions|GHG|Industry|Non-Ferrous Metals|Aluminum""]",fig07_emissions_response,,,,,,"[""AFE"", ""AFN"", ""AFW"", ""AFZ"", ""ANZ"", ""ASC"", ""ASE"", ""ASO"", ""BRA"", ""CAN"", ""CHL"", ""CHN"", ""ENE"", ""ENW"", ""EUE"", ""EUM"", ""EUW"", ""IDN"", ""IND"", ""JPN"", ""LAM"", ""MDA"", ""MEA"", ""MEX"", ""NIG"", ""RUS"", ""SKT"", ""USA""]",GHG emissions,,,,,,,,noce,,,,,,,trajectory,"[1, 1, 1]",2510.0818182824432,,,
baseline_medce_eu,NDC+LTT,"Medium CE, EU",b,Global,Three sectors,Three sectors,2019,5494.987454113852,MtCO2e/yr,plotted,"[""Emissions|GHG|Industry|Non-Metallic Minerals|Cement"", ""Emissions|GHG|Industry|Iron and Steel"", ""Emissions|GHG|Industry|Non-Ferrous Metals|Aluminum""]",fig07_emissions_response,,,,,,"[""AFE"", ""AFN"", ""AFW"", ""AFZ"", ""ANZ"", ""ASC"", ""ASE"", ""ASO"", ""BRA"", ""CAN"", ""CHL"", ""CHN"", ""ENE"", ""ENW"", ""EUE"", ""EUM"", ""EUW"", ""IDN"", ""IND"", ""JPN"", ""LAM"", ""MDA"", ""MEA"", ""MEX"", ""NIG"", ""RUS"", ""SKT"", ""USA""]",GHG emissions,,,,,,,,medce_eu,,,,,,,trajectory,"[1, 1, 1]",5494.987454113852,,,
baseline_medce_eu,NDC+LTT,"Medium CE, EU",b,Global,Three sectors,Three sectors,2024,5249.263336500017,MtCO2e/yr,plotted,"[""Emissions|GHG|Industry|Non-Metallic Minerals|Cement"", ""Emissions|GHG|Industry|Iron and Steel"", ""Emissions|GHG|Industry|Non-Ferrous Metals|Aluminum""]",fig07_emissions_response,,,,,,"[""AFE"", ""AFN"", ""AFW"", ""AFZ"", ""ANZ"", ""ASC"", ""ASE"", ""ASO"", ""BRA"", ""CAN"", ""CHL"", ""CHN"", ""ENE"", ""ENW"", ""EUE"", ""EUM"", ""EUW"", ""IDN"", ""IND"", ""JPN"", ""LAM"", ""MDA"", ""MEA"", ""MEX"", ""NIG"", ""RUS"", ""SKT"", ""USA""]",GHG emissions,,,,,,,,medce_eu,,,,,,,trajectory,"[1, 1, 1]",5249.263336500017,,,
baseline_medce_eu,NDC+LTT,"Medium CE, EU",b,Global,Three sectors,Three sectors,2030,4457.805336269467,MtCO2e/yr,plotted,"[""Emissions|GHG|Industry|Non-Metallic Minerals|Cement"", ""Emissions|GHG|Industry|Iron and Steel"", ""Emissions|GHG|Industry|Non-Ferrous Metals|Aluminum""]",fig07_emissions_response,,,,,,"[""AFE"", ""AFN"", ""AFW"", ""AFZ"", ""ANZ"", ""ASC"", ""ASE"", ""ASO"", ""BRA"", ""CAN"", ""CHL"", ""CHN"", ""ENE"", ""ENW"", ""EUE"", ""EUM"", ""EUW"", ""IDN"", ""IND"", ""JPN"", ""LAM"", ""MDA"", ""MEA"", ""MEX"", ""NIG"", ""RUS"", ""SKT"", ""USA""]",GHG emissions,,,,,,,,medce_eu,,,,,,,trajectory,"[1, 1, 1]",4457.805336269467,,,
baseline_medce_eu,NDC+LTT,"Medium CE, EU",b,Global,Three sectors,Three sectors,2035,3882.073212087256,MtCO2e/yr,plotted,"[""Emissions|GHG|Industry|Non-Metallic Minerals|Cement"", ""Emissions|GHG|Industry|Iron and Steel"", ""Emissions|GHG|Industry|Non-Ferrous Metals|Aluminum""]",fig07_emissions_response,,,,,,"[""AFE"", ""AFN"", ""AFW"", ""AFZ"", ""ANZ"", ""ASC"", ""ASE"", ""ASO"", ""BRA"", ""CAN"", ""CHL"", ""CHN"", ""ENE"", ""ENW"", ""EUE"", ""EUM"", ""EUW"", ""IDN"", ""IND"", ""JPN"", ""LAM"", ""MDA"", ""MEA"", ""MEX"", ""NIG"", ""RUS"", ""SKT"", ""USA""]",GHG emissions,,,,,,,,medce_eu,,,,,,,trajectory,"[1, 1, 1]",3882.073212087256,,,
baseline_medce_eu,NDC+LTT,"Medium CE, EU",b,Global,Three sectors,Three sectors,2040,3405.075510705491,MtCO2e/yr,plotted,"[""Emissions|GHG|Industry|Non-Metallic Minerals|Cement"", ""Emissions|GHG|Industry|Iron and Steel"", ""Emissions|GHG|Industry|Non-Ferrous Metals|Aluminum""]",fig07_emissions_response,,,,,,"[""AFE"", ""AFN"", ""AFW"", ""AFZ"", ""ANZ"", ""ASC"", ""ASE"", ""ASO"", ""BRA"", ""CAN"", ""CHL"", ""CHN"", ""ENE"", ""ENW"", ""EUE"", ""EUM"", ""EUW"", ""IDN"", ""IND"", ""JPN"", ""LAM"", ""MDA"", ""MEA"", ""MEX"", ""NIG"", ""RUS"", ""SKT"", ""USA""]",GHG emissions,,,,,,,,medce_eu,,,,,,,trajectory,"[1, 1, 1]",3405.075510705491,,,
baseline_medce_eu,NDC+LTT,"Medium CE, EU",b,Global,Three sectors,Three sectors,2050,2521.3639049842086,MtCO2e/yr,plotted,"[""Emissions|GHG|Industry|Non-Metallic Minerals|Cement"", ""Emissions|GHG|Industry|Iron and Steel"", ""Emissions|GHG|Industry|Non-Ferrous Metals|Aluminum""]",fig07_emissions_response,,,,,,"[""AFE"", ""AFN"", ""AFW"", ""AFZ"", ""ANZ"", ""ASC"", ""ASE"", ""ASO"", ""BRA"", ""CAN"", ""CHL"", ""CHN"", ""ENE"", ""ENW"", ""EUE"", ""EUM"", ""EUW"", ""IDN"", ""IND"", ""JPN"", ""LAM"", ""MDA"", ""MEA"", ""MEX"", ""NIG"", ""RUS"", ""SKT"", ""USA""]",GHG emissions,,,,,,,,medce_eu,,,,,,,trajectory,"[1, 1, 1]",2521.3639049842086,,,
baseline_highce_eu,NDC+LTT,"High CE, EU",b,Global,Three sectors,Three sectors,2019,5494.987454113852,MtCO2e/yr,plotted,"[""Emissions|GHG|Industry|Non-Metallic Minerals|Cement"", ""Emissions|GHG|Industry|Iron and Steel"", ""Emissions|GHG|Industry|Non-Ferrous Metals|Aluminum""]",fig07_emissions_response,,,,,,"[""AFE"", ""AFN"", ""AFW"", ""AFZ"", ""ANZ"", ""ASC"", ""ASE"", ""ASO"", ""BRA"", ""CAN"", ""CHL"", ""CHN"", ""ENE"", ""ENW"", ""EUE"", ""EUM"", ""EUW"", ""IDN"", ""IND"", ""JPN"", ""LAM"", ""MDA"", ""MEA"", ""MEX"", ""NIG"", ""RUS"", ""SKT"", ""USA""]",GHG emissions,,,,,,,,highce_eu,,,,,,,trajectory,"[1, 1, 1]",5494.987454113852,,,
baseline_highce_eu,NDC+LTT,"High CE, EU",b,Global,Three sectors,Three sectors,2024,5249.263336500017,MtCO2e/yr,plotted,"[""Emissions|GHG|Industry|Non-Metallic Minerals|Cement"", ""Emissions|GHG|Industry|Iron and Steel"", ""Emissions|GHG|Industry|Non-Ferrous Metals|Aluminum""]",fig07_emissions_response,,,,,,"[""AFE"", ""AFN"", ""AFW"", ""AFZ"", ""ANZ"", ""ASC"", ""ASE"", ""ASO"", ""BRA"", ""CAN"", ""CHL"", ""CHN"", ""ENE"", ""ENW"", ""EUE"", ""EUM"", ""EUW"", ""IDN"", ""IND"", ""JPN"", ""LAM"", ""MDA"", ""MEA"", ""MEX"", ""NIG"", ""RUS"", ""SKT"", ""USA""]",GHG emissions,,,,,,,,highce_eu,,,,,,,trajectory,"[1, 1, 1]",5249.263336500017,,,
baseline_highce_eu,NDC+LTT,"High CE, EU",b,Global,Three sectors,Three sectors,2030,4453.076383325702,MtCO2e/yr,plotted,"[""Emissions|GHG|Industry|Non-Metallic Minerals|Cement"", ""Emissions|GHG|Industry|Iron and Steel"", ""Emissions|GHG|Industry|Non-Ferrous Metals|Aluminum""]",fig07_emissions_response,,,,,,"[""AFE"", ""AFN"", ""AFW"", ""AFZ"", ""ANZ"", ""ASC"", ""ASE"", ""ASO"", ""BRA"", ""CAN"", ""CHL"", ""CHN"", ""ENE"", ""ENW"", ""EUE"", ""EUM"", ""EUW"", ""IDN"", ""IND"", ""JPN"", ""LAM"", ""MDA"", ""MEA"", ""MEX"", ""NIG"", ""RUS"", ""SKT"", ""USA""]",GHG emissions,,,,,,,,highce_eu,,,,,,,trajectory,"[1, 1, 1]",4453.076383325702,,,
baseline_highce_eu,NDC+LTT,"High CE, EU",b,Global,Three sectors,Three sectors,2035,3876.4003583469917,MtCO2e/yr,plotted,"[""Emissions|GHG|Industry|Non-Metallic Minerals|Cement"", ""Emissions|GHG|Industry|Iron and Steel"", ""Emissions|GHG|Industry|Non-Ferrous Metals|Aluminum""]",fig07_emissions_response,,,,,,"[""AFE"", ""AFN"", ""AFW"", ""AFZ"", ""ANZ"", ""ASC"", ""ASE"", ""ASO"", ""BRA"", ""CAN"", ""CHL"", ""CHN"", ""ENE"", ""ENW"", ""EUE"", ""EUM"", ""EUW"", ""IDN"", ""IND"", ""JPN"", ""LAM"", ""MDA"", ""MEA"", ""MEX"", ""NIG"", ""RUS"", ""SKT"", ""USA""]",GHG emissions,,,,,,,,highce_eu,,,,,,,trajectory,"[1, 1, 1]",3876.4003583469917,,,
baseline_highce_eu,NDC+LTT,"High CE, EU",b,Global,Three sectors,Three sectors,2040,3397.6505074782435,MtCO2e/yr,plotted,"[""Emissions|GHG|Industry|Non-Metallic Minerals|Cement"", ""Emissions|GHG|Industry|Iron and Steel"", ""Emissions|GHG|Industry|Non-Ferrous Metals|Aluminum""]",fig07_emissions_response,,,,,,"[""AFE"", ""AFN"", ""AFW"", ""AFZ"", ""ANZ"", ""ASC"", ""ASE"", ""ASO"", ""BRA"", ""CAN"", ""CHL"", ""CHN"", ""ENE"", ""ENW"", ""EUE"", ""EUM"", ""EUW"", ""IDN"", ""IND"", ""JPN"", ""LAM"", ""MDA"", ""MEA"", ""MEX"", ""NIG"", ""RUS"", ""SKT"", ""USA""]",GHG emissions,,,,,,,,highce_eu,,,,,,,trajectory,"[1, 1, 1]",3397.6505074782435,,,
baseline_highce_eu,NDC+LTT,"High CE, EU",b,Global,Three sectors,Three sectors,2050,2512.255151360002,MtCO2e/yr,plotted,"[""Emissions|GHG|Industry|Non-Metallic Minerals|Cement"", ""Emissions|GHG|Industry|Iron and Steel"", ""Emissions|GHG|Industry|Non-Ferrous Metals|Aluminum""]",fig07_emissions_response,,,,,,"[""AFE"", ""AFN"", ""AFW"", ""AFZ"", ""ANZ"", ""ASC"", ""ASE"", ""ASO"", ""BRA"", ""CAN"", ""CHL"", ""CHN"", ""ENE"", ""ENW"", ""EUE"", ""EUM"", ""EUW"", ""IDN"", ""IND"", ""JPN"", ""LAM"", ""MDA"", ""MEA"", ""MEX"", ""NIG"", ""RUS"", ""SKT"", ""USA""]",GHG emissions,,,,,,,,highce_eu,,,,,,,trajectory,"[1, 1, 1]",2512.255151360002,,,
baseline_medce_gbl,NDC+LTT,"Medium CE, EU + partners",b,Global,Three sectors,Three sectors,2019,5494.987454113852,MtCO2e/yr,plotted,"[""Emissions|GHG|Industry|Non-Metallic Minerals|Cement"", ""Emissions|GHG|Industry|Iron and Steel"", ""Emissions|GHG|Industry|Non-Ferrous Metals|Aluminum""]",fig07_emissions_response,,,,,,"[""AFE"", ""AFN"", ""AFW"", ""AFZ"", ""ANZ"", ""ASC"", ""ASE"", ""ASO"", ""BRA"", ""CAN"", ""CHL"", ""CHN"", ""ENE"", ""ENW"", ""EUE"", ""EUM"", ""EUW"", ""IDN"", ""IND"", ""JPN"", ""LAM"", ""MDA"", ""MEA"", ""MEX"", ""NIG"", ""RUS"", ""SKT"", ""USA""]",GHG emissions,,,,,,,,medce_gbl,,,,,,,trajectory,"[1, 1, 1]",5494.987454113852,,,
baseline_medce_gbl,NDC+LTT,"Medium CE, EU + partners",b,Global,Three sectors,Three sectors,2024,5249.263336500017,MtCO2e/yr,plotted,"[""Emissions|GHG|Industry|Non-Metallic Minerals|Cement"", ""Emissions|GHG|Industry|Iron and Steel"", ""Emissions|GHG|Industry|Non-Ferrous Metals|Aluminum""]",fig07_emissions_response,,,,,,"[""AFE"", ""AFN"", ""AFW"", ""AFZ"", ""ANZ"", ""ASC"", ""ASE"", ""ASO"", ""BRA"", ""CAN"", ""CHL"", ""CHN"", ""ENE"", ""ENW"", ""EUE"", ""EUM"", ""EUW"", ""IDN"", ""IND"", ""JPN"", ""LAM"", ""MDA"", ""MEA"", ""MEX"", ""NIG"", ""RUS"", ""SKT"", ""USA""]",GHG emissions,,,,,,,,medce_gbl,,,,,,,trajectory,"[1, 1, 1]",5249.263336500017,,,
baseline_medce_gbl,NDC+LTT,"Medium CE, EU + partners",b,Global,Three sectors,Three sectors,2030,3966.6128627710514,MtCO2e/yr,plotted,"[""Emissions|GHG|Industry|Non-Metallic Minerals|Cement"", ""Emissions|GHG|Industry|Iron and Steel"", ""Emissions|GHG|Industry|Non-Ferrous Metals|Aluminum""]",fig07_emissions_response,,,,,,"[""AFE"", ""AFN"", ""AFW"", ""AFZ"", ""ANZ"", ""ASC"", ""ASE"", ""ASO"", ""BRA"", ""CAN"", ""CHL"", ""CHN"", ""ENE"", ""ENW"", ""EUE"", ""EUM"", ""EUW"", ""IDN"", ""IND"", ""JPN"", ""LAM"", ""MDA"", ""MEA"", ""MEX"", ""NIG"", ""RUS"", ""SKT"", ""USA""]",GHG emissions,,,,,,,,medce_gbl,,,,,,,trajectory,"[1, 1, 1]",3966.6128627710514,,,
baseline_medce_gbl,NDC+LTT,"Medium CE, EU + partners",b,Global,Three sectors,Three sectors,2035,3572.964916964941,MtCO2e/yr,plotted,"[""Emissions|GHG|Industry|Non-Metallic Minerals|Cement"", ""Emissions|GHG|Industry|Iron and Steel"", ""Emissions|GHG|Industry|Non-Ferrous Metals|Aluminum""]",fig07_emissions_response,,,,,,"[""AFE"", ""AFN"", ""AFW"", ""AFZ"", ""ANZ"", ""ASC"", ""ASE"", ""ASO"", ""BRA"", ""CAN"", ""CHL"", ""CHN"", ""ENE"", ""ENW"", ""EUE"", ""EUM"", ""EUW"", ""IDN"", ""IND"", ""JPN"", ""LAM"", ""MDA"", ""MEA"", ""MEX"", ""NIG"", ""RUS"", ""SKT"", ""USA""]",GHG emissions,,,,,,,,medce_gbl,,,,,,,trajectory,"[1, 1, 1]",3572.964916964941,,,
baseline_medce_gbl,NDC+LTT,"Medium CE, EU + partners",b,Global,Three sectors,Three sectors,2040,3060.6493001698827,MtCO2e/yr,plotted,"[""Emissions|GHG|Industry|Non-Metallic Minerals|Cement"", ""Emissions|GHG|Industry|Iron and Steel"", ""Emissions|GHG|Industry|Non-Ferrous Metals|Aluminum""]",fig07_emissions_response,,,,,,"[""AFE"", ""AFN"", ""AFW"", ""AFZ"", ""ANZ"", ""ASC"", ""ASE"", ""ASO"", ""BRA"", ""CAN"", ""CHL"", ""CHN"", ""ENE"", ""ENW"", ""EUE"", ""EUM"", ""EUW"", ""IDN"", ""IND"", ""JPN"", ""LAM"", ""MDA"", ""MEA"", ""MEX"", ""NIG"", ""RUS"", ""SKT"", ""USA""]",GHG emissions,,,,,,,,medce_gbl,,,,,,,trajectory,"[1, 1, 1]",3060.6493001698827,,,
baseline_medce_gbl,NDC+LTT,"Medium CE, EU + partners",b,Global,Three sectors,Three sectors,2050,1962.6582913542247,MtCO2e/yr,plotted,"[""Emissions|GHG|Industry|Non-Metallic Minerals|Cement"", ""Emissions|GHG|Industry|Iron and Steel"", ""Emissions|GHG|Industry|Non-Ferrous Metals|Aluminum""]",fig07_emissions_response,,,,,,"[""AFE"", ""AFN"", ""AFW"", ""AFZ"", ""ANZ"", ""ASC"", ""ASE"", ""ASO"", ""BRA"", ""CAN"", ""CHL"", ""CHN"", ""ENE"", ""ENW"", ""EUE"", ""EUM"", ""EUW"", ""IDN"", ""IND"", ""JPN"", ""LAM"", ""MDA"", ""MEA"", ""MEX"", ""NIG"", ""RUS"", ""SKT"", ""USA""]",GHG emissions,,,,,,,,medce_gbl,,,,,,,trajectory,"[1, 1, 1]",1962.6582913542247,,,
baseline_highce_gbl,NDC+LTT,"High CE, EU + partners",b,Global,Three sectors,Three sectors,2019,5494.987454113852,MtCO2e/yr,plotted,"[""Emissions|GHG|Industry|Non-Metallic Minerals|Cement"", ""Emissions|GHG|Industry|Iron and Steel"", ""Emissions|GHG|Industry|Non-Ferrous Metals|Aluminum""]",fig07_emissions_response,,,,,,"[""AFE"", ""AFN"", ""AFW"", ""AFZ"", ""ANZ"", ""ASC"", ""ASE"", ""ASO"", ""BRA"", ""CAN"", ""CHL"", ""CHN"", ""ENE"", ""ENW"", ""EUE"", ""EUM"", ""EUW"", ""IDN"", ""IND"", ""JPN"", ""LAM"", ""MDA"", ""MEA"", ""MEX"", ""NIG"", ""RUS"", ""SKT"", ""USA""]",GHG emissions,,,,,,,,highce_gbl,,,,,,,trajectory,"[1, 1, 1]",5494.987454113852,,,
baseline_highce_gbl,NDC+LTT,"High CE, EU + partners",b,Global,Three sectors,Three sectors,2024,5249.263336500017,MtCO2e/yr,plotted,"[""Emissions|GHG|Industry|Non-Metallic Minerals|Cement"", ""Emissions|GHG|Industry|Iron and Steel"", ""Emissions|GHG|Industry|Non-Ferrous Metals|Aluminum""]",fig07_emissions_response,,,,,,"[""AFE"", ""AFN"", ""AFW"", ""AFZ"", ""ANZ"", ""ASC"", ""ASE"", ""ASO"", ""BRA"", ""CAN"", ""CHL"", ""CHN"", ""ENE"", ""ENW"", ""EUE"", ""EUM"", ""EUW"", ""IDN"", ""IND"", ""JPN"", ""LAM"", ""MDA"", ""MEA"", ""MEX"", ""NIG"", ""RUS"", ""SKT"", ""USA""]",GHG emissions,,,,,,,,highce_gbl,,,,,,,trajectory,"[1, 1, 1]",5249.263336500017,,,
baseline_highce_gbl,NDC+LTT,"High CE, EU + partners",b,Global,Three sectors,Three sectors,2030,3920.463207952363,MtCO2e/yr,plotted,"[""Emissions|GHG|Industry|Non-Metallic Minerals|Cement"", ""Emissions|GHG|Industry|Iron and Steel"", ""Emissions|GHG|Industry|Non-Ferrous Metals|Aluminum""]",fig07_emissions_response,,,,,,"[""AFE"", ""AFN"", ""AFW"", ""AFZ"", ""ANZ"", ""ASC"", ""ASE"", ""ASO"", ""BRA"", ""CAN"", ""CHL"", ""CHN"", ""ENE"", ""ENW"", ""EUE"", ""EUM"", ""EUW"", ""IDN"", ""IND"", ""JPN"", ""LAM"", ""MDA"", ""MEA"", ""MEX"", ""NIG"", ""RUS"", ""SKT"", ""USA""]",GHG emissions,,,,,,,,highce_gbl,,,,,,,trajectory,"[1, 1, 1]",3920.463207952363,,,
baseline_highce_gbl,NDC+LTT,"High CE, EU + partners",b,Global,Three sectors,Three sectors,2035,3435.7847651057136,MtCO2e/yr,plotted,"[""Emissions|GHG|Industry|Non-Metallic Minerals|Cement"", ""Emissions|GHG|Industry|Iron and Steel"", ""Emissions|GHG|Industry|Non-Ferrous Metals|Aluminum""]",fig07_emissions_response,,,,,,"[""AFE"", ""AFN"", ""AFW"", ""AFZ"", ""ANZ"", ""ASC"", ""ASE"", ""ASO"", ""BRA"", ""CAN"", ""CHL"", ""CHN"", ""ENE"", ""ENW"", ""EUE"", ""EUM"", ""EUW"", ""IDN"", ""IND"", ""JPN"", ""LAM"", ""MDA"", ""MEA"", ""MEX"", ""NIG"", ""RUS"", ""SKT"", ""USA""]",GHG emissions,,,,,,,,highce_gbl,,,,,,,trajectory,"[1, 1, 1]",3435.7847651057136,,,
baseline_highce_gbl,NDC+LTT,"High CE, EU + partners",b,Global,Three sectors,Three sectors,2040,2768.6422083227717,MtCO2e/yr,plotted,"[""Emissions|GHG|Industry|Non-Metallic Minerals|Cement"", ""Emissions|GHG|Industry|Iron and Steel"", ""Emissions|GHG|Industry|Non-Ferrous Metals|Aluminum""]",fig07_emissions_response,,,,,,"[""AFE"", ""AFN"", ""AFW"", ""AFZ"", ""ANZ"", ""ASC"", ""ASE"", ""ASO"", ""BRA"", ""CAN"", ""CHL"", ""CHN"", ""ENE"", ""ENW"", ""EUE"", ""EUM"", ""EUW"", ""IDN"", ""IND"", ""JPN"", ""LAM"", ""MDA"", ""MEA"", ""MEX"", ""NIG"", ""RUS"", ""SKT"", ""USA""]",GHG emissions,,,,,,,,highce_gbl,,,,,,,trajectory,"[1, 1, 1]",2768.6422083227717,,,
baseline_highce_gbl,NDC+LTT,"High CE, EU + partners",b,Global,Three sectors,Three sectors,2050,1565.1182338014137,MtCO2e/yr,plotted,"[""Emissions|GHG|Industry|Non-Metallic Minerals|Cement"", ""Emissions|GHG|Industry|Iron and Steel"", ""Emissions|GHG|Industry|Non-Ferrous Metals|Aluminum""]",fig07_emissions_response,,,,,,"[""AFE"", ""AFN"", ""AFW"", ""AFZ"", ""ANZ"", ""ASC"", ""ASE"", ""ASO"", ""BRA"", ""CAN"", ""CHL"", ""CHN"", ""ENE"", ""ENW"", ""EUE"", ""EUM"", ""EUW"", ""IDN"", ""IND"", ""JPN"", ""LAM"", ""MDA"", ""MEA"", ""MEX"", ""NIG"", ""RUS"", ""SKT"", ""USA""]",GHG emissions,,,,,,,,highce_gbl,,,,,,,trajectory,"[1, 1, 1]",1565.1182338014137,,,
baseline_medce_eu,NDC+LTT,"Medium CE, EU",d,Global,Cement,Cement,2050,12.304376354612941,MtCO2e/yr,plotted,"[""Emissions|GHG|Industry|Non-Metallic Minerals|Cement""]",fig07_emissions_response,,,,,,"[""AFE"", ""AFN"", ""AFW"", ""AFZ"", ""ANZ"", ""ASC"", ""ASE"", ""ASO"", ""BRA"", ""CAN"", ""CHL"", ""CHN"", ""ENE"", ""ENW"", ""EUE"", ""EUM"", ""EUW"", ""IDN"", ""IND"", ""JPN"", ""LAM"", ""MDA"", ""MEA"", ""MEX"", ""NIG"", ""RUS"", ""SKT"", ""USA""]",GHG emissions change,,,,,,,,medce_eu,,,,,baseline_noce,2050.0,industry,[1],1730.4278371980145,1718.1234608434015,,
baseline_medce_eu,NDC+LTT,"Medium CE, EU",d,Global,Iron and steel,Iron and steel,2050,-6.687195815156201,MtCO2e/yr,plotted,"[""Emissions|GHG|Industry|Iron and Steel""]",fig07_emissions_response,,,,,,"[""AFE"", ""AFN"", ""AFW"", ""AFZ"", ""ANZ"", ""ASC"", ""ASE"", ""ASO"", ""BRA"", ""CAN"", ""CHL"", ""CHN"", ""ENE"", ""ENW"", ""EUE"", ""EUM"", ""EUW"", ""IDN"", ""IND"", ""JPN"", ""LAM"", ""MDA"", ""MEA"", ""MEX"", ""NIG"", ""RUS"", ""SKT"", ""USA""]",GHG emissions change,,,,,,,,medce_eu,,,,,baseline_noce,2050.0,industry,[1],734.1192008499447,740.8063966651009,,
baseline_medce_eu,NDC+LTT,"Medium CE, EU",d,Global,Aluminium,Aluminium,2050,5.664906162308618,MtCO2e/yr,plotted,"[""Emissions|GHG|Industry|Non-Ferrous Metals|Aluminum""]",fig07_emissions_response,,,,,,"[""AFE"", ""AFN"", ""AFW"", ""AFZ"", ""ANZ"", ""ASC"", ""ASE"", ""ASO"", ""BRA"", ""CAN"", ""CHL"", ""CHN"", ""ENE"", ""ENW"", ""EUE"", ""EUM"", ""EUW"", ""IDN"", ""IND"", ""JPN"", ""LAM"", ""MDA"", ""MEA"", ""MEX"", ""NIG"", ""RUS"", ""SKT"", ""USA""]",GHG emissions change,,,,,,,,medce_eu,,,,,baseline_noce,2050.0,industry,[1],56.81686693624955,51.151960773940935,,
baseline_medce_eu,NDC+LTT,"Medium CE, EU",d,Global,Other industry,Other industry,2050,-5.579230999143874,MtCO2e/yr,plotted,"[""Emissions|GHG|Industry"", ""Emissions|GHG|Industry|Non-Metallic Minerals|Cement"", ""Emissions|GHG|Industry|Iron and Steel"", ""Emissions|GHG|Industry|Non-Ferrous Metals|Aluminum""]",fig07_emissions_response,,,,,,"[""AFE"", ""AFN"", ""AFW"", ""AFZ"", ""ANZ"", ""ASC"", ""ASE"", ""ASO"", ""BRA"", ""CAN"", ""CHL"", ""CHN"", ""ENE"", ""ENW"", ""EUE"", ""EUM"", ""EUW"", ""IDN"", ""IND"", ""JPN"", ""LAM"", ""MDA"", ""MEA"", ""MEX"", ""NIG"", ""RUS"", ""SKT"", ""USA""]",GHG emissions change,,,,,,,,medce_eu,,,,,baseline_noce,2050.0,industry,"[1, -1, -1, -1]",1936.822468211917,1942.401699211061,,
baseline_medce_eu,NDC+LTT,"Medium CE, EU",d,Global,Total industry,Total industry,2050,5.702855702621491,MtCO2e/yr,net,"[""Emissions|GHG|Industry""]",fig07_emissions_response,,,,,,"[""AFE"", ""AFN"", ""AFW"", ""AFZ"", ""ANZ"", ""ASC"", ""ASE"", ""ASO"", ""BRA"", ""CAN"", ""CHL"", ""CHN"", ""ENE"", ""ENW"", ""EUE"", ""EUM"", ""EUW"", ""IDN"", ""IND"", ""JPN"", ""LAM"", ""MDA"", ""MEA"", ""MEX"", ""NIG"", ""RUS"", ""SKT"", ""USA""]",GHG emissions change,,,,,,,,medce_eu,,,,,baseline_noce,2050.0,industry,[1],4458.186373196126,4452.483517493504,,
baseline_medce_eu,NDC+LTT,"Medium CE, EU",f,EU,Three sectors,EU,2050,-19.682625398208785,MtCO2e/yr,plotted,"[""Emissions|GHG|Industry|Non-Metallic Minerals|Cement"", ""Emissions|GHG|Industry|Iron and Steel"", ""Emissions|GHG|Industry|Non-Ferrous Metals|Aluminum""]",fig07_emissions_response,,,,,,"[""EUE"", ""EUM"", ""EUW""]",GHG emissions change,,,,,,,,medce_eu,,,,,baseline_noce,2050.0,geography,"[1, 1, 1]",47.996896743837596,67.67952214204638,,
baseline_medce_eu,NDC+LTT,"Medium CE, EU",f,India,Three sectors,India,2050,-6.633771340952308,MtCO2e/yr,plotted,"[""Emissions|GHG|Industry|Non-Metallic Minerals|Cement"", ""Emissions|GHG|Industry|Iron and Steel"", ""Emissions|GHG|Industry|Non-Ferrous Metals|Aluminum""]",fig07_emissions_response,,,,,,"[""IND""]",GHG emissions change,,,,,,,,medce_eu,,,,,baseline_noce,2050.0,geography,"[1, 1, 1]",945.5899300479674,952.2237013889197,,
baseline_medce_eu,NDC+LTT,"Medium CE, EU",f,China,Three sectors,China,2050,19.747926118496878,MtCO2e/yr,plotted,"[""Emissions|GHG|Industry|Non-Metallic Minerals|Cement"", ""Emissions|GHG|Industry|Iron and Steel"", ""Emissions|GHG|Industry|Non-Ferrous Metals|Aluminum""]",fig07_emissions_response,,,,,,"[""CHN""]",GHG emissions change,,,,,,,,medce_eu,,,,,baseline_noce,2050.0,geography,"[1, 1, 1]",529.4674640513604,509.7195379328635,,
baseline_medce_eu,NDC+LTT,"Medium CE, EU",f,Indonesia group,Three sectors,Indonesia group,2050,2.8545955387919832,MtCO2e/yr,plotted,"[""Emissions|GHG|Industry|Non-Metallic Minerals|Cement"", ""Emissions|GHG|Industry|Iron and Steel"", ""Emissions|GHG|Industry|Non-Ferrous Metals|Aluminum""]",fig07_emissions_response,,,,,,"[""IDN""]",GHG emissions change,,,,,,,,medce_eu,,,,,baseline_noce,2050.0,geography,"[1, 1, 1]",154.9942325815203,152.1396370427283,,
baseline_medce_eu,NDC+LTT,"Medium CE, EU",f,Other partners,Three sectors,Other partners,2050,1.8643522391696763,MtCO2e/yr,plotted,"[""Emissions|GHG|Industry|Non-Metallic Minerals|Cement"", ""Emissions|GHG|Industry|Iron and Steel"", ""Emissions|GHG|Industry|Non-Ferrous Metals|Aluminum""]",fig07_emissions_response,,,,,,"[""ANZ"", ""BRA"", ""CAN"", ""CHL"", ""ENE"", ""ENW"", ""JPN"", ""MEX"", ""RUS"", ""SKT"", ""USA""]",GHG emissions change,,,,,,,,medce_eu,,,,,baseline_noce,2050.0,geography,"[1, 1, 1]",214.21429298107878,212.3499407419091,,
baseline_medce_eu,NDC+LTT,"Medium CE, EU",f,Rest of world,Three sectors,Rest of world,2050,13.131609544467779,MtCO2e/yr,plotted,"[""Emissions|GHG|Industry|Non-Metallic Minerals|Cement"", ""Emissions|GHG|Industry|Iron and Steel"", ""Emissions|GHG|Industry|Non-Ferrous Metals|Aluminum""]",fig07_emissions_response,,,,,,"[""AFE"", ""AFN"", ""AFW"", ""AFZ"", ""ASC"", ""ASE"", ""ASO"", ""LAM"", ""MDA"", ""MEA"", ""NIG""]",GHG emissions change,,,,,,,,medce_eu,,,,,baseline_noce,2050.0,geography,"[1, 1, 1]",629.1010885784442,615.9694790339764,,
baseline_medce_eu,NDC+LTT,"Medium CE, EU",f,Global,Three sectors,Global net,2050,11.282086701765365,MtCO2e/yr,net,"[""Emissions|GHG|Industry|Non-Metallic Minerals|Cement"", ""Emissions|GHG|Industry|Iron and Steel"", ""Emissions|GHG|Industry|Non-Ferrous Metals|Aluminum""]",fig07_emissions_response,,,,,,"[""AFE"", ""AFN"", ""AFW"", ""AFZ"", ""ANZ"", ""ASC"", ""ASE"", ""ASO"", ""BRA"", ""CAN"", ""CHL"", ""CHN"", ""ENE"", ""ENW"", ""EUE"", ""EUM"", ""EUW"", ""IDN"", ""IND"", ""JPN"", ""LAM"", ""MDA"", ""MEA"", ""MEX"", ""NIG"", ""RUS"", ""SKT"", ""USA""]",GHG emissions change,,,,,,,,medce_eu,,,,,baseline_noce,2050.0,geography,"[1, 1, 1]",2521.3639049842086,2510.0818182824432,,
baseline_highce_eu,NDC+LTT,"High CE, EU",d,Global,Cement,Cement,2050,3.19542670838905,MtCO2e/yr,plotted,"[""Emissions|GHG|Industry|Non-Metallic Minerals|Cement""]",fig07_emissions_response,,,,,,"[""AFE"", ""AFN"", ""AFW"", ""AFZ"", ""ANZ"", ""ASC"", ""ASE"", ""ASO"", ""BRA"", ""CAN"", ""CHL"", ""CHN"", ""ENE"", ""ENW"", ""EUE"", ""EUM"", ""EUW"", ""IDN"", ""IND"", ""JPN"", ""LAM"", ""MDA"", ""MEA"", ""MEX"", ""NIG"", ""RUS"", ""SKT"", ""USA""]",GHG emissions change,,,,,,,,highce_eu,,,,,baseline_noce,2050.0,industry,[1],1721.3188875517906,1718.1234608434015,,
baseline_highce_eu,NDC+LTT,"High CE, EU",d,Global,Iron and steel,Iron and steel,2050,-6.725400754667021,MtCO2e/yr,plotted,"[""Emissions|GHG|Industry|Iron and Steel""]",fig07_emissions_response,,,,,,"[""AFE"", ""AFN"", ""AFW"", ""AFZ"", ""ANZ"", ""ASC"", ""ASE"", ""ASO"", ""BRA"", ""CAN"", ""CHL"", ""CHN"", ""ENE"", ""ENW"", ""EUE"", ""EUM"", ""EUW"", ""IDN"", ""IND"", ""JPN"", ""LAM"", ""MDA"", ""MEA"", ""MEX"", ""NIG"", ""RUS"", ""SKT"", ""USA""]",GHG emissions change,,,,,,,,highce_eu,,,,,baseline_noce,2050.0,industry,[1],734.0809959104339,740.8063966651009,,
baseline_highce_eu,NDC+LTT,"High CE, EU",d,Global,Aluminium,Aluminium,2050,5.703307123836545,MtCO2e/yr,plotted,"[""Emissions|GHG|Industry|Non-Ferrous Metals|Aluminum""]",fig07_emissions_response,,,,,,"[""AFE"", ""AFN"", ""AFW"", ""AFZ"", ""ANZ"", ""ASC"", ""ASE"", ""ASO"", ""BRA"", ""CAN"", ""CHL"", ""CHN"", ""ENE"", ""ENW"", ""EUE"", ""EUM"", ""EUW"", ""IDN"", ""IND"", ""JPN"", ""LAM"", ""MDA"", ""MEA"", ""MEX"", ""NIG"", ""RUS"", ""SKT"", ""USA""]",GHG emissions change,,,,,,,,highce_eu,,,,,baseline_noce,2050.0,industry,[1],56.85526789777748,51.151960773940935,,
baseline_highce_eu,NDC+LTT,"High CE, EU",d,Global,Other industry,Other industry,2050,-15.496934050444906,MtCO2e/yr,plotted,"[""Emissions|GHG|Industry"", ""Emissions|GHG|Industry|Non-Metallic Minerals|Cement"", ""Emissions|GHG|Industry|Iron and Steel"", ""Emissions|GHG|Industry|Non-Ferrous Metals|Aluminum""]",fig07_emissions_response,,,,,,"[""AFE"", ""AFN"", ""AFW"", ""AFZ"", ""ANZ"", ""ASC"", ""ASE"", ""ASO"", ""BRA"", ""CAN"", ""CHL"", ""CHN"", ""ENE"", ""ENW"", ""EUE"", ""EUM"", ""EUW"", ""IDN"", ""IND"", ""JPN"", ""LAM"", ""MDA"", ""MEA"", ""MEX"", ""NIG"", ""RUS"", ""SKT"", ""USA""]",GHG emissions change,,,,,,,,highce_eu,,,,,baseline_noce,2050.0,industry,"[1, -1, -1, -1]",1926.904765160616,1942.401699211061,,
baseline_highce_eu,NDC+LTT,"High CE, EU",d,Global,Total industry,Total industry,2050,-13.323600972886197,MtCO2e/yr,net,"[""Emissions|GHG|Industry""]",fig07_emissions_response,,,,,,"[""AFE"", ""AFN"", ""AFW"", ""AFZ"", ""ANZ"", ""ASC"", ""ASE"", ""ASO"", ""BRA"", ""CAN"", ""CHL"", ""CHN"", ""ENE"", ""ENW"", ""EUE"", ""EUM"", ""EUW"", ""IDN"", ""IND"", ""JPN"", ""LAM"", ""MDA"", ""MEA"", ""MEX"", ""NIG"", ""RUS"", ""SKT"", ""USA""]",GHG emissions change,,,,,,,,highce_eu,,,,,baseline_noce,2050.0,industry,[1],4439.159916520618,4452.483517493504,,
baseline_highce_eu,NDC+LTT,"High CE, EU",f,EU,Three sectors,EU,2050,-26.562890538186743,MtCO2e/yr,plotted,"[""Emissions|GHG|Industry|Non-Metallic Minerals|Cement"", ""Emissions|GHG|Industry|Iron and Steel"", ""Emissions|GHG|Industry|Non-Ferrous Metals|Aluminum""]",fig07_emissions_response,,,,,,"[""EUE"", ""EUM"", ""EUW""]",GHG emissions change,,,,,,,,highce_eu,,,,,baseline_noce,2050.0,geography,"[1, 1, 1]",41.11663160385964,67.67952214204638,,
baseline_highce_eu,NDC+LTT,"High CE, EU",f,India,Three sectors,India,2050,-6.822588985459447,MtCO2e/yr,plotted,"[""Emissions|GHG|Industry|Non-Metallic Minerals|Cement"", ""Emissions|GHG|Industry|Iron and Steel"", ""Emissions|GHG|Industry|Non-Ferrous Metals|Aluminum""]",fig07_emissions_response,,,,,,"[""IND""]",GHG emissions change,,,,,,,,highce_eu,,,,,baseline_noce,2050.0,geography,"[1, 1, 1]",945.4011124034603,952.2237013889197,,
baseline_highce_eu,NDC+LTT,"High CE, EU",f,China,Three sectors,China,2050,19.787727162457884,MtCO2e/yr,plotted,"[""Emissions|GHG|Industry|Non-Metallic Minerals|Cement"", ""Emissions|GHG|Industry|Iron and Steel"", ""Emissions|GHG|Industry|Non-Ferrous Metals|Aluminum""]",fig07_emissions_response,,,,,,"[""CHN""]",GHG emissions change,,,,,,,,highce_eu,,,,,baseline_noce,2050.0,geography,"[1, 1, 1]",529.5072650953214,509.7195379328635,,
baseline_highce_eu,NDC+LTT,"High CE, EU",f,Indonesia group,Three sectors,Indonesia group,2050,2.852210375986459,MtCO2e/yr,plotted,"[""Emissions|GHG|Industry|Non-Metallic Minerals|Cement"", ""Emissions|GHG|Industry|Iron and Steel"", ""Emissions|GHG|Industry|Non-Ferrous Metals|Aluminum""]",fig07_emissions_response,,,,,,"[""IDN""]",GHG emissions change,,,,,,,,highce_eu,,,,,baseline_noce,2050.0,geography,"[1, 1, 1]",154.99184741871477,152.1396370427283,,
baseline_highce_eu,NDC+LTT,"High CE, EU",f,Other partners,Three sectors,Other partners,2050,0.17207653073643314,MtCO2e/yr,plotted,"[""Emissions|GHG|Industry|Non-Metallic Minerals|Cement"", ""Emissions|GHG|Industry|Iron and Steel"", ""Emissions|GHG|Industry|Non-Ferrous Metals|Aluminum""]",fig07_emissions_response,,,,,,"[""ANZ"", ""BRA"", ""CAN"", ""CHL"", ""ENE"", ""ENW"", ""JPN"", ""MEX"", ""RUS"", ""SKT"", ""USA""]",GHG emissions change,,,,,,,,highce_eu,,,,,baseline_noce,2050.0,geography,"[1, 1, 1]",212.52201727264554,212.3499407419091,,
baseline_highce_eu,NDC+LTT,"High CE, EU",f,Rest of world,Three sectors,Rest of world,2050,12.746798532024059,MtCO2e/yr,plotted,"[""Emissions|GHG|Industry|Non-Metallic Minerals|Cement"", ""Emissions|GHG|Industry|Iron and Steel"", ""Emissions|GHG|Industry|Non-Ferrous Metals|Aluminum""]",fig07_emissions_response,,,,,,"[""AFE"", ""AFN"", ""AFW"", ""AFZ"", ""ASC"", ""ASE"", ""ASO"", ""LAM"", ""MDA"", ""MEA"", ""NIG""]",GHG emissions change,,,,,,,,highce_eu,,,,,baseline_noce,2050.0,geography,"[1, 1, 1]",628.7162775660005,615.9694790339764,,
baseline_highce_eu,NDC+LTT,"High CE, EU",f,Global,Three sectors,Global net,2050,2.173333077558709,MtCO2e/yr,net,"[""Emissions|GHG|Industry|Non-Metallic Minerals|Cement"", ""Emissions|GHG|Industry|Iron and Steel"", ""Emissions|GHG|Industry|Non-Ferrous Metals|Aluminum""]",fig07_emissions_response,,,,,,"[""AFE"", ""AFN"", ""AFW"", ""AFZ"", ""ANZ"", ""ASC"", ""ASE"", ""ASO"", ""BRA"", ""CAN"", ""CHL"", ""CHN"", ""ENE"", ""ENW"", ""EUE"", ""EUM"", ""EUW"", ""IDN"", ""IND"", ""JPN"", ""LAM"", ""MDA"", ""MEA"", ""MEX"", ""NIG"", ""RUS"", ""SKT"", ""USA""]",GHG emissions change,,,,,,,,highce_eu,,,,,baseline_noce,2050.0,geography,"[1, 1, 1]",2512.255151360002,2510.0818182824432,,
baseline_medce_gbl,NDC+LTT,"Medium CE, EU + partners",d,Global,Cement,Cement,2050,-239.84339576135017,MtCO2e/yr,plotted,"[""Emissions|GHG|Industry|Non-Metallic Minerals|Cement""]",fig07_emissions_response,,,,,,"[""AFE"", ""AFN"", ""AFW"", ""AFZ"", ""ANZ"", ""ASC"", ""ASE"", ""ASO"", ""BRA"", ""CAN"", ""CHL"", ""CHN"", ""ENE"", ""ENW"", ""EUE"", ""EUM"", ""EUW"", ""IDN"", ""IND"", ""JPN"", ""LAM"", ""MDA"", ""MEA"", ""MEX"", ""NIG"", ""RUS"", ""SKT"", ""USA""]",GHG emissions change,,,,,,,,medce_gbl,,,,,baseline_noce,2050.0,industry,[1],1478.2800650820514,1718.1234608434015,,
baseline_medce_gbl,NDC+LTT,"Medium CE, EU + partners",d,Global,Iron and steel,Iron and steel,2050,-301.81363958878995,MtCO2e/yr,plotted,"[""Emissions|GHG|Industry|Iron and Steel""]",fig07_emissions_response,,,,,,"[""AFE"", ""AFN"", ""AFW"", ""AFZ"", ""ANZ"", ""ASC"", ""ASE"", ""ASO"", ""BRA"", ""CAN"", ""CHL"", ""CHN"", ""ENE"", ""ENW"", ""EUE"", ""EUM"", ""EUW"", ""IDN"", ""IND"", ""JPN"", ""LAM"", ""MDA"", ""MEA"", ""MEX"", ""NIG"", ""RUS"", ""SKT"", ""USA""]",GHG emissions change,,,,,,,,medce_gbl,,,,,baseline_noce,2050.0,industry,[1],438.99275707631097,740.8063966651009,,
baseline_medce_gbl,NDC+LTT,"Medium CE, EU + partners",d,Global,Aluminium,Aluminium,2050,-5.766491578078465,MtCO2e/yr,plotted,"[""Emissions|GHG|Industry|Non-Ferrous Metals|Aluminum""]",fig07_emissions_response,,,,,,"[""AFE"", ""AFN"", ""AFW"", ""AFZ"", ""ANZ"", ""ASC"", ""ASE"", ""ASO"", ""BRA"", ""CAN"", ""CHL"", ""CHN"", ""ENE"", ""ENW"", ""EUE"", ""EUM"", ""EUW"", ""IDN"", ""IND"", ""JPN"", ""LAM"", ""MDA"", ""MEA"", ""MEX"", ""NIG"", ""RUS"", ""SKT"", ""USA""]",GHG emissions change,,,,,,,,medce_gbl,,,,,baseline_noce,2050.0,industry,[1],45.38546919586247,51.151960773940935,,
baseline_medce_gbl,NDC+LTT,"Medium CE, EU + partners",d,Global,Other industry,Other industry,2050,355.4856163559148,MtCO2e/yr,plotted,"[""Emissions|GHG|Industry"", ""Emissions|GHG|Industry|Non-Metallic Minerals|Cement"", ""Emissions|GHG|Industry|Iron and Steel"", ""Emissions|GHG|Industry|Non-Ferrous Metals|Aluminum""]",fig07_emissions_response,,,,,,"[""AFE"", ""AFN"", ""AFW"", ""AFZ"", ""ANZ"", ""ASC"", ""ASE"", ""ASO"", ""BRA"", ""CAN"", ""CHL"", ""CHN"", ""ENE"", ""ENW"", ""EUE"", ""EUM"", ""EUW"", ""IDN"", ""IND"", ""JPN"", ""LAM"", ""MDA"", ""MEA"", ""MEX"", ""NIG"", ""RUS"", ""SKT"", ""USA""]",GHG emissions change,,,,,,,,medce_gbl,,,,,baseline_noce,2050.0,industry,"[1, -1, -1, -1]",2297.8873155669758,1942.401699211061,,
baseline_medce_gbl,NDC+LTT,"Medium CE, EU + partners",d,Global,Total industry,Total industry,2050,-191.93791057230374,MtCO2e/yr,net,"[""Emissions|GHG|Industry""]",fig07_emissions_response,,,,,,"[""AFE"", ""AFN"", ""AFW"", ""AFZ"", ""ANZ"", ""ASC"", ""ASE"", ""ASO"", ""BRA"", ""CAN"", ""CHL"", ""CHN"", ""ENE"", ""ENW"", ""EUE"", ""EUM"", ""EUW"", ""IDN"", ""IND"", ""JPN"", ""LAM"", ""MDA"", ""MEA"", ""MEX"", ""NIG"", ""RUS"", ""SKT"", ""USA""]",GHG emissions change,,,,,,,,medce_gbl,,,,,baseline_noce,2050.0,industry,[1],4260.5456069212005,4452.483517493504,,
baseline_medce_gbl,NDC+LTT,"Medium CE, EU + partners",f,EU,Three sectors,EU,2050,-18.193054240576522,MtCO2e/yr,plotted,"[""Emissions|GHG|Industry|Non-Metallic Minerals|Cement"", ""Emissions|GHG|Industry|Iron and Steel"", ""Emissions|GHG|Industry|Non-Ferrous Metals|Aluminum""]",fig07_emissions_response,,,,,,"[""EUE"", ""EUM"", ""EUW""]",GHG emissions change,,,,,,,,medce_gbl,,,,,baseline_noce,2050.0,geography,"[1, 1, 1]",49.48646790146986,67.67952214204638,,
baseline_medce_gbl,NDC+LTT,"Medium CE, EU + partners",f,India,Three sectors,India,2050,-390.0813017159296,MtCO2e/yr,plotted,"[""Emissions|GHG|Industry|Non-Metallic Minerals|Cement"", ""Emissions|GHG|Industry|Iron and Steel"", ""Emissions|GHG|Industry|Non-Ferrous Metals|Aluminum""]",fig07_emissions_response,,,,,,"[""IND""]",GHG emissions change,,,,,,,,medce_gbl,,,,,baseline_noce,2050.0,geography,"[1, 1, 1]",562.1423996729901,952.2237013889197,,
baseline_medce_gbl,NDC+LTT,"Medium CE, EU + partners",f,China,Three sectors,China,2050,-42.56047437132713,MtCO2e/yr,plotted,"[""Emissions|GHG|Industry|Non-Metallic Minerals|Cement"", ""Emissions|GHG|Industry|Iron and Steel"", ""Emissions|GHG|Industry|Non-Ferrous Metals|Aluminum""]",fig07_emissions_response,,,,,,"[""CHN""]",GHG emissions change,,,,,,,,medce_gbl,,,,,baseline_noce,2050.0,geography,"[1, 1, 1]",467.15906356153636,509.7195379328635,,
baseline_medce_gbl,NDC+LTT,"Medium CE, EU + partners",f,Indonesia group,Three sectors,Indonesia group,2050,-42.527682769207004,MtCO2e/yr,plotted,"[""Emissions|GHG|Industry|Non-Metallic Minerals|Cement"", ""Emissions|GHG|Industry|Iron and Steel"", ""Emissions|GHG|Industry|Non-Ferrous Metals|Aluminum""]",fig07_emissions_response,,,,,,"[""IDN""]",GHG emissions change,,,,,,,,medce_gbl,,,,,baseline_noce,2050.0,geography,"[1, 1, 1]",109.6119542735213,152.1396370427283,,
baseline_medce_gbl,NDC+LTT,"Medium CE, EU + partners",f,Other partners,Three sectors,Other partners,2050,-49.781461238037025,MtCO2e/yr,plotted,"[""Emissions|GHG|Industry|Non-Metallic Minerals|Cement"", ""Emissions|GHG|Industry|Iron and Steel"", ""Emissions|GHG|Industry|Non-Ferrous Metals|Aluminum""]",fig07_emissions_response,,,,,,"[""ANZ"", ""BRA"", ""CAN"", ""CHL"", ""ENE"", ""ENW"", ""JPN"", ""MEX"", ""RUS"", ""SKT"", ""USA""]",GHG emissions change,,,,,,,,medce_gbl,,,,,baseline_noce,2050.0,geography,"[1, 1, 1]",162.56847950387208,212.3499407419091,,
baseline_medce_gbl,NDC+LTT,"Medium CE, EU + partners",f,Rest of world,Three sectors,Rest of world,2050,-4.2795525931411476,MtCO2e/yr,plotted,"[""Emissions|GHG|Industry|Non-Metallic Minerals|Cement"", ""Emissions|GHG|Industry|Iron and Steel"", ""Emissions|GHG|Industry|Non-Ferrous Metals|Aluminum""]",fig07_emissions_response,,,,,,"[""AFE"", ""AFN"", ""AFW"", ""AFZ"", ""ASC"", ""ASE"", ""ASO"", ""LAM"", ""MDA"", ""MEA"", ""NIG""]",GHG emissions change,,,,,,,,medce_gbl,,,,,baseline_noce,2050.0,geography,"[1, 1, 1]",611.6899264408353,615.9694790339764,,
baseline_medce_gbl,NDC+LTT,"Medium CE, EU + partners",f,Global,Three sectors,Global net,2050,-547.4235269282185,MtCO2e/yr,net,"[""Emissions|GHG|Industry|Non-Metallic Minerals|Cement"", ""Emissions|GHG|Industry|Iron and Steel"", ""Emissions|GHG|Industry|Non-Ferrous Metals|Aluminum""]",fig07_emissions_response,,,,,,"[""AFE"", ""AFN"", ""AFW"", ""AFZ"", ""ANZ"", ""ASC"", ""ASE"", ""ASO"", ""BRA"", ""CAN"", ""CHL"", ""CHN"", ""ENE"", ""ENW"", ""EUE"", ""EUM"", ""EUW"", ""IDN"", ""IND"", ""JPN"", ""LAM"", ""MDA"", ""MEA"", ""MEX"", ""NIG"", ""RUS"", ""SKT"", ""USA""]",GHG emissions change,,,,,,,,medce_gbl,,,,,baseline_noce,2050.0,geography,"[1, 1, 1]",1962.6582913542247,2510.0818182824432,,
baseline_highce_gbl,NDC+LTT,"High CE, EU + partners",d,Global,Cement,Cement,2050,-409.3003644131427,MtCO2e/yr,plotted,"[""Emissions|GHG|Industry|Non-Metallic Minerals|Cement""]",fig07_emissions_response,,,,,,"[""AFE"", ""AFN"", ""AFW"", ""AFZ"", ""ANZ"", ""ASC"", ""ASE"", ""ASO"", ""BRA"", ""CAN"", ""CHL"", ""CHN"", ""ENE"", ""ENW"", ""EUE"", ""EUM"", ""EUW"", ""IDN"", ""IND"", ""JPN"", ""LAM"", ""MDA"", ""MEA"", ""MEX"", ""NIG"", ""RUS"", ""SKT"", ""USA""]",GHG emissions change,,,,,,,,highce_gbl,,,,,baseline_noce,2050.0,industry,[1],1308.8230964302588,1718.1234608434015,,
baseline_highce_gbl,NDC+LTT,"High CE, EU + partners",d,Global,Iron and steel,Iron and steel,2050,-527.2909613821428,MtCO2e/yr,plotted,"[""Emissions|GHG|Industry|Iron and Steel""]",fig07_emissions_response,,,,,,"[""AFE"", ""AFN"", ""AFW"", ""AFZ"", ""ANZ"", ""ASC"", ""ASE"", ""ASO"", ""BRA"", ""CAN"", ""CHL"", ""CHN"", ""ENE"", ""ENW"", ""EUE"", ""EUM"", ""EUW"", ""IDN"", ""IND"", ""JPN"", ""LAM"", ""MDA"", ""MEA"", ""MEX"", ""NIG"", ""RUS"", ""SKT"", ""USA""]",GHG emissions change,,,,,,,,highce_gbl,,,,,baseline_noce,2050.0,industry,[1],213.5154352829582,740.8063966651009,,
baseline_highce_gbl,NDC+LTT,"High CE, EU + partners",d,Global,Aluminium,Aluminium,2050,-8.37225868574427,MtCO2e/yr,plotted,"[""Emissions|GHG|Industry|Non-Ferrous Metals|Aluminum""]",fig07_emissions_response,,,,,,"[""AFE"", ""AFN"", ""AFW"", ""AFZ"", ""ANZ"", ""ASC"", ""ASE"", ""ASO"", ""BRA"", ""CAN"", ""CHL"", ""CHN"", ""ENE"", ""ENW"", ""EUE"", ""EUM"", ""EUW"", ""IDN"", ""IND"", ""JPN"", ""LAM"", ""MDA"", ""MEA"", ""MEX"", ""NIG"", ""RUS"", ""SKT"", ""USA""]",GHG emissions change,,,,,,,,highce_gbl,,,,,baseline_noce,2050.0,industry,[1],42.779702088196665,51.151960773940935,,
baseline_highce_gbl,NDC+LTT,"High CE, EU + partners",d,Global,Other industry,Other industry,2050,541.3472610288613,MtCO2e/yr,plotted,"[""Emissions|GHG|Industry"", ""Emissions|GHG|Industry|Non-Metallic Minerals|Cement"", ""Emissions|GHG|Industry|Iron and Steel"", ""Emissions|GHG|Industry|Non-Ferrous Metals|Aluminum""]",fig07_emissions_response,,,,,,"[""AFE"", ""AFN"", ""AFW"", ""AFZ"", ""ANZ"", ""ASC"", ""ASE"", ""ASO"", ""BRA"", ""CAN"", ""CHL"", ""CHN"", ""ENE"", ""ENW"", ""EUE"", ""EUM"", ""EUW"", ""IDN"", ""IND"", ""JPN"", ""LAM"", ""MDA"", ""MEA"", ""MEX"", ""NIG"", ""RUS"", ""SKT"", ""USA""]",GHG emissions change,,,,,,,,highce_gbl,,,,,baseline_noce,2050.0,industry,"[1, -1, -1, -1]",2483.7489602399223,1942.401699211061,,
baseline_highce_gbl,NDC+LTT,"High CE, EU + partners",d,Global,Total industry,Total industry,2050,-403.6163234521682,MtCO2e/yr,net,"[""Emissions|GHG|Industry""]",fig07_emissions_response,,,,,,"[""AFE"", ""AFN"", ""AFW"", ""AFZ"", ""ANZ"", ""ASC"", ""ASE"", ""ASO"", ""BRA"", ""CAN"", ""CHL"", ""CHN"", ""ENE"", ""ENW"", ""EUE"", ""EUM"", ""EUW"", ""IDN"", ""IND"", ""JPN"", ""LAM"", ""MDA"", ""MEA"", ""MEX"", ""NIG"", ""RUS"", ""SKT"", ""USA""]",GHG emissions change,,,,,,,,highce_gbl,,,,,baseline_noce,2050.0,industry,[1],4048.867194041336,4452.483517493504,,
baseline_highce_gbl,NDC+LTT,"High CE, EU + partners",f,EU,Three sectors,EU,2050,-28.01895014274679,MtCO2e/yr,plotted,"[""Emissions|GHG|Industry|Non-Metallic Minerals|Cement"", ""Emissions|GHG|Industry|Iron and Steel"", ""Emissions|GHG|Industry|Non-Ferrous Metals|Aluminum""]",fig07_emissions_response,,,,,,"[""EUE"", ""EUM"", ""EUW""]",GHG emissions change,,,,,,,,highce_gbl,,,,,baseline_noce,2050.0,geography,"[1, 1, 1]",39.66057199929959,67.67952214204638,,
baseline_highce_gbl,NDC+LTT,"High CE, EU + partners",f,India,Three sectors,India,2050,-644.5225804185396,MtCO2e/yr,plotted,"[""Emissions|GHG|Industry|Non-Metallic Minerals|Cement"", ""Emissions|GHG|Industry|Iron and Steel"", ""Emissions|GHG|Industry|Non-Ferrous Metals|Aluminum""]",fig07_emissions_response,,,,,,"[""IND""]",GHG emissions change,,,,,,,,highce_gbl,,,,,baseline_noce,2050.0,geography,"[1, 1, 1]",307.7011209703801,952.2237013889197,,
baseline_highce_gbl,NDC+LTT,"High CE, EU + partners",f,China,Three sectors,China,2050,-122.57409657479207,MtCO2e/yr,plotted,"[""Emissions|GHG|Industry|Non-Metallic Minerals|Cement"", ""Emissions|GHG|Industry|Iron and Steel"", ""Emissions|GHG|Industry|Non-Ferrous Metals|Aluminum""]",fig07_emissions_response,,,,,,"[""CHN""]",GHG emissions change,,,,,,,,highce_gbl,,,,,baseline_noce,2050.0,geography,"[1, 1, 1]",387.1454413580714,509.7195379328635,,
baseline_highce_gbl,NDC+LTT,"High CE, EU + partners",f,Indonesia group,Three sectors,Indonesia group,2050,-61.112824046376645,MtCO2e/yr,plotted,"[""Emissions|GHG|Industry|Non-Metallic Minerals|Cement"", ""Emissions|GHG|Industry|Iron and Steel"", ""Emissions|GHG|Industry|Non-Ferrous Metals|Aluminum""]",fig07_emissions_response,,,,,,"[""IDN""]",GHG emissions change,,,,,,,,highce_gbl,,,,,baseline_noce,2050.0,geography,"[1, 1, 1]",91.02681299635167,152.1396370427283,,
baseline_highce_gbl,NDC+LTT,"High CE, EU + partners",f,Other partners,Three sectors,Other partners,2050,-79.80072916353461,MtCO2e/yr,plotted,"[""Emissions|GHG|Industry|Non-Metallic Minerals|Cement"", ""Emissions|GHG|Industry|Iron and Steel"", ""Emissions|GHG|Industry|Non-Ferrous Metals|Aluminum""]",fig07_emissions_response,,,,,,"[""ANZ"", ""BRA"", ""CAN"", ""CHL"", ""ENE"", ""ENW"", ""JPN"", ""MEX"", ""RUS"", ""SKT"", ""USA""]",GHG emissions change,,,,,,,,highce_gbl,,,,,baseline_noce,2050.0,geography,"[1, 1, 1]",132.5492115783745,212.3499407419091,,
baseline_highce_gbl,NDC+LTT,"High CE, EU + partners",f,Rest of world,Three sectors,Rest of world,2050,-8.934404135039813,MtCO2e/yr,plotted,"[""Emissions|GHG|Industry|Non-Metallic Minerals|Cement"", ""Emissions|GHG|Industry|Iron and Steel"", ""Emissions|GHG|Industry|Non-Ferrous Metals|Aluminum""]",fig07_emissions_response,,,,,,"[""AFE"", ""AFN"", ""AFW"", ""AFZ"", ""ASC"", ""ASE"", ""ASO"", ""LAM"", ""MDA"", ""MEA"", ""NIG""]",GHG emissions change,,,,,,,,highce_gbl,,,,,baseline_noce,2050.0,geography,"[1, 1, 1]",607.0350748989366,615.9694790339764,,
baseline_highce_gbl,NDC+LTT,"High CE, EU + partners",f,Global,Three sectors,Global net,2050,-944.9635844810296,MtCO2e/yr,net,"[""Emissions|GHG|Industry|Non-Metallic Minerals|Cement"", ""Emissions|GHG|Industry|Iron and Steel"", ""Emissions|GHG|Industry|Non-Ferrous Metals|Aluminum""]",fig07_emissions_response,,,,,,"[""AFE"", ""AFN"", ""AFW"", ""AFZ"", ""ANZ"", ""ASC"", ""ASE"", ""ASO"", ""BRA"", ""CAN"", ""CHL"", ""CHN"", ""ENE"", ""ENW"", ""EUE"", ""EUM"", ""EUW"", ""IDN"", ""IND"", ""JPN"", ""LAM"", ""MDA"", ""MEA"", ""MEX"", ""NIG"", ""RUS"", ""SKT"", ""USA""]",GHG emissions change,,,,,,,,highce_gbl,,,,,baseline_noce,2050.0,geography,"[1, 1, 1]",1565.1182338014137,2510.0818182824432,,
ndc_noce,NDC,No CE,a,Global,Cement,Cement,2019,0.0,%,context,"[""Total Annualised Cost|Industry|Non-Metallic Minerals|Cement""]",fig08_sector_costs,,,,,,"[""AFE"", ""AFN"", ""AFW"", ""AFZ"", ""ANZ"", ""ASC"", ""ASE"", ""ASO"", ""BRA"", ""CAN"", ""CHL"", ""CHN"", ""ENE"", ""ENW"", ""EUE"", ""EUM"", ""EUW"", ""IDN"", ""IND"", ""JPN"", ""LAM"", ""MDA"", ""MEA"", ""MEX"", ""NIG"", ""RUS"", ""SKT"", ""USA""]",Annualised sector-cost change,,,100.0,104605.06988172908,Millions USD_2010/yr,104605.06988172908,Millions USD_2010/yr,noce,,,,-100.0,ndc_noce,2019.0,,,,,104605.06988172908,104605.06988172908
ndc_noce,NDC,No CE,a,Global,Cement,Cement,2024,0.0,%,plotted,"[""Total Annualised Cost|Industry|Non-Metallic Minerals|Cement""]",fig08_sector_costs,,,,,,"[""AFE"", ""AFN"", ""AFW"", ""AFZ"", ""ANZ"", ""ASC"", ""ASE"", ""ASO"", ""BRA"", ""CAN"", ""CHL"", ""CHN"", ""ENE"", ""ENW"", ""EUE"", ""EUM"", ""EUW"", ""IDN"", ""IND"", ""JPN"", ""LAM"", ""MDA"", ""MEA"", ""MEX"", ""NIG"", ""RUS"", ""SKT"", ""USA""]",Annualised sector-cost change,,,100.0,178886.34915972987,Millions USD_2010/yr,178886.34915972987,Millions USD_2010/yr,noce,,,,-100.0,ndc_noce,2024.0,,,,,178886.34915972987,178886.34915972987
ndc_noce,NDC,No CE,a,Global,Cement,Cement,2030,0.0,%,plotted,"[""Total Annualised Cost|Industry|Non-Metallic Minerals|Cement""]",fig08_sector_costs,,,,,,"[""AFE"", ""AFN"", ""AFW"", ""AFZ"", ""ANZ"", ""ASC"", ""ASE"", ""ASO"", ""BRA"", ""CAN"", ""CHL"", ""CHN"", ""ENE"", ""ENW"", ""EUE"", ""EUM"", ""EUW"", ""IDN"", ""IND"", ""JPN"", ""LAM"", ""MDA"", ""MEA"", ""MEX"", ""NIG"", ""RUS"", ""SKT"", ""USA""]",Annualised sector-cost change,,,100.0,336613.91294805164,Millions USD_2010/yr,336613.91294805164,Millions USD_2010/yr,noce,,,,-100.0,ndc_noce,2030.0,,,,,336613.91294805164,336613.91294805164
ndc_noce,NDC,No CE,a,Global,Cement,Cement,2035,0.0,%,plotted,"[""Total Annualised Cost|Industry|Non-Metallic Minerals|Cement""]",fig08_sector_costs,,,,,,"[""AFE"", ""AFN"", ""AFW"", ""AFZ"", ""ANZ"", ""ASC"", ""ASE"", ""ASO"", ""BRA"", ""CAN"", ""CHL"", ""CHN"", ""ENE"", ""ENW"", ""EUE"", ""EUM"", ""EUW"", ""IDN"", ""IND"", ""JPN"", ""LAM"", ""MDA"", ""MEA"", ""MEX"", ""NIG"", ""RUS"", ""SKT"", ""USA""]",Annualised sector-cost change,,,100.0,413816.35511015635,Millions USD_2010/yr,413816.35511015635,Millions USD_2010/yr,noce,,,,-100.0,ndc_noce,2035.0,,,,,413816.35511015635,413816.35511015635
ndc_noce,NDC,No CE,a,Global,Cement,Cement,2040,0.0,%,plotted,"[""Total Annualised Cost|Industry|Non-Metallic Minerals|Cement""]",fig08_sector_costs,,,,,,"[""AFE"", ""AFN"", ""AFW"", ""AFZ"", ""ANZ"", ""ASC"", ""ASE"", ""ASO"", ""BRA"", ""CAN"", ""CHL"", ""CHN"", ""ENE"", ""ENW"", ""EUE"", ""EUM"", ""EUW"", ""IDN"", ""IND"", ""JPN"", ""LAM"", ""MDA"", ""MEA"", ""MEX"", ""NIG"", ""RUS"", ""SKT"", ""USA""]",Annualised sector-cost change,,,100.0,544314.6726880135,Millions USD_2010/yr,544314.6726880135,Millions USD_2010/yr,noce,,,,-100.0,ndc_noce,2040.0,,,,,544314.6726880135,544314.6726880135
ndc_noce,NDC,No CE,a,Global,Cement,Cement,2050,0.0,%,plotted,"[""Total Annualised Cost|Industry|Non-Metallic Minerals|Cement""]",fig08_sector_costs,,,,,,"[""AFE"", ""AFN"", ""AFW"", ""AFZ"", ""ANZ"", ""ASC"", ""ASE"", ""ASO"", ""BRA"", ""CAN"", ""CHL"", ""CHN"", ""ENE"", ""ENW"", ""EUE"", ""EUM"", ""EUW"", ""IDN"", ""IND"", ""JPN"", ""LAM"", ""MDA"", ""MEA"", ""MEX"", ""NIG"", ""RUS"", ""SKT"", ""USA""]",Annualised sector-cost change,,,100.0,730664.7060288142,Millions USD_2010/yr,730664.7060288142,Millions USD_2010/yr,noce,,,,-100.0,ndc_noce,2050.0,,,,,730664.7060288142,730664.7060288142
ndc_medce_eu,NDC,"Medium CE, EU",a,Global,Cement,Cement,2019,0.0,%,context,"[""Total Annualised Cost|Industry|Non-Metallic Minerals|Cement""]",fig08_sector_costs,,,,,,"[""AFE"", ""AFN"", ""AFW"", ""AFZ"", ""ANZ"", ""ASC"", ""ASE"", ""ASO"", ""BRA"", ""CAN"", ""CHL"", ""CHN"", ""ENE"", ""ENW"", ""EUE"", ""EUM"", ""EUW"", ""IDN"", ""IND"", ""JPN"", ""LAM"", ""MDA"", ""MEA"", ""MEX"", ""NIG"", ""RUS"", ""SKT"", ""USA""]",Annualised sector-cost change,,,100.0,104605.06988172908,Millions USD_2010/yr,104605.06988172908,Millions USD_2010/yr,medce_eu,,,,-100.0,ndc_noce,2019.0,,,,,104605.06988172908,104605.06988172908
ndc_medce_eu,NDC,"Medium CE, EU",a,Global,Cement,Cement,2024,0.0,%,plotted,"[""Total Annualised Cost|Industry|Non-Metallic Minerals|Cement""]",fig08_sector_costs,,,,,,"[""AFE"", ""AFN"", ""AFW"", ""AFZ"", ""ANZ"", ""ASC"", ""ASE"", ""ASO"", ""BRA"", ""CAN"", ""CHL"", ""CHN"", ""ENE"", ""ENW"", ""EUE"", ""EUM"", ""EUW"", ""IDN"", ""IND"", ""JPN"", ""LAM"", ""MDA"", ""MEA"", ""MEX"", ""NIG"", ""RUS"", ""SKT"", ""USA""]",Annualised sector-cost change,,,100.0,178886.34915972987,Millions USD_2010/yr,178886.34915972987,Millions USD_2010/yr,medce_eu,,,,-100.0,ndc_noce,2024.0,,,,,178886.34915972987,178886.34915972987
ndc_medce_eu,NDC,"Medium CE, EU",a,Global,Cement,Cement,2030,1.7527863578349547,%,plotted,"[""Total Annualised Cost|Industry|Non-Metallic Minerals|Cement""]",fig08_sector_costs,,,,,,"[""AFE"", ""AFN"", ""AFW"", ""AFZ"", ""ANZ"", ""ASC"", ""ASE"", ""ASO"", ""BRA"", ""CAN"", ""CHL"", ""CHN"", ""ENE"", ""ENW"", ""EUE"", ""EUM"", ""EUW"", ""IDN"", ""IND"", ""JPN"", ""LAM"", ""MDA"", ""MEA"", ""MEX"", ""NIG"", ""RUS"", ""SKT"", ""USA""]",Annualised sector-cost change,,,100.0,342514.0356927795,Millions USD_2010/yr,336613.91294805164,Millions USD_2010/yr,medce_eu,,,,-100.0,ndc_noce,2030.0,,,,,342514.0356927795,336613.91294805164
ndc_medce_eu,NDC,"Medium CE, EU",a,Global,Cement,Cement,2035,1.5954567621042839,%,plotted,"[""Total Annualised Cost|Industry|Non-Metallic Minerals|Cement""]",fig08_sector_costs,,,,,,"[""AFE"", ""AFN"", ""AFW"", ""AFZ"", ""ANZ"", ""ASC"", ""ASE"", ""ASO"", ""BRA"", ""CAN"", ""CHL"", ""CHN"", ""ENE"", ""ENW"", ""EUE"", ""EUM"", ""EUW"", ""IDN"", ""IND"", ""JPN"", ""LAM"", ""MDA"", ""MEA"", ""MEX"", ""NIG"", ""RUS"", ""SKT"", ""USA""]",Annualised sector-cost change,,,100.0,420418.6161304548,Millions USD_2010/yr,413816.35511015635,Millions USD_2010/yr,medce_eu,,,,-100.0,ndc_noce,2035.0,,,,,420418.6161304548,413816.35511015635
ndc_medce_eu,NDC,"Medium CE, EU",a,Global,Cement,Cement,2040,1.6044529463778818,%,plotted,"[""Total Annualised Cost|Industry|Non-Metallic Minerals|Cement""]",fig08_sector_costs,,,,,,"[""AFE"", ""AFN"", ""AFW"", ""AFZ"", ""ANZ"", ""ASC"", ""ASE"", ""ASO"", ""BRA"", ""CAN"", ""CHL"", ""CHN"", ""ENE"", ""ENW"", ""EUE"", ""EUM"", ""EUW"", ""IDN"", ""IND"", ""JPN"", ""LAM"", ""MDA"", ""MEA"", ""MEX"", ""NIG"", ""RUS"", ""SKT"", ""USA""]",Annualised sector-cost change,,,100.0,553047.9454915235,Millions USD_2010/yr,544314.6726880135,Millions USD_2010/yr,medce_eu,,,,-100.0,ndc_noce,2040.0,,,,,553047.9454915235,544314.6726880135
ndc_medce_eu,NDC,"Medium CE, EU",a,Global,Cement,Cement,2050,0.8414280787798165,%,plotted,"[""Total Annualised Cost|Industry|Non-Metallic Minerals|Cement""]",fig08_sector_costs,,,,,,"[""AFE"", ""AFN"", ""AFW"", ""AFZ"", ""ANZ"", ""ASC"", ""ASE"", ""ASO"", ""BRA"", ""CAN"", ""CHL"", ""CHN"", ""ENE"", ""ENW"", ""EUE"", ""EUM"", ""EUW"", ""IDN"", ""IND"", ""JPN"", ""LAM"", ""MDA"", ""MEA"", ""MEX"", ""NIG"", ""RUS"", ""SKT"", ""USA""]",Annualised sector-cost change,,,100.0,736812.7240270746,Millions USD_2010/yr,730664.7060288142,Millions USD_2010/yr,medce_eu,,,,-100.0,ndc_noce,2050.0,,,,,736812.7240270746,730664.7060288142
ndc_highce_eu,NDC,"High CE, EU",a,Global,Cement,Cement,2019,0.0,%,context,"[""Total Annualised Cost|Industry|Non-Metallic Minerals|Cement""]",fig08_sector_costs,,,,,,"[""AFE"", ""AFN"", ""AFW"", ""AFZ"", ""ANZ"", ""ASC"", ""ASE"", ""ASO"", ""BRA"", ""CAN"", ""CHL"", ""CHN"", ""ENE"", ""ENW"", ""EUE"", ""EUM"", ""EUW"", ""IDN"", ""IND"", ""JPN"", ""LAM"", ""MDA"", ""MEA"", ""MEX"", ""NIG"", ""RUS"", ""SKT"", ""USA""]",Annualised sector-cost change,,,100.0,104605.06988172908,Millions USD_2010/yr,104605.06988172908,Millions USD_2010/yr,highce_eu,,,,-100.0,ndc_noce,2019.0,,,,,104605.06988172908,104605.06988172908
ndc_highce_eu,NDC,"High CE, EU",a,Global,Cement,Cement,2024,0.0,%,plotted,"[""Total Annualised Cost|Industry|Non-Metallic Minerals|Cement""]",fig08_sector_costs,,,,,,"[""AFE"", ""AFN"", ""AFW"", ""AFZ"", ""ANZ"", ""ASC"", ""ASE"", ""ASO"", ""BRA"", ""CAN"", ""CHL"", ""CHN"", ""ENE"", ""ENW"", ""EUE"", ""EUM"", ""EUW"", ""IDN"", ""IND"", ""JPN"", ""LAM"", ""MDA"", ""MEA"", ""MEX"", ""NIG"", ""RUS"", ""SKT"", ""USA""]",Annualised sector-cost change,,,100.0,178886.34915972987,Millions USD_2010/yr,178886.34915972987,Millions USD_2010/yr,highce_eu,,,,-100.0,ndc_noce,2024.0,,,,,178886.34915972987,178886.34915972987
ndc_highce_eu,NDC,"High CE, EU",a,Global,Cement,Cement,2030,1.507340638806296,%,plotted,"[""Total Annualised Cost|Industry|Non-Metallic Minerals|Cement""]",fig08_sector_costs,,,,,,"[""AFE"", ""AFN"", ""AFW"", ""AFZ"", ""ANZ"", ""ASC"", ""ASE"", ""ASO"", ""BRA"", ""CAN"", ""CHL"", ""CHN"", ""ENE"", ""ENW"", ""EUE"", ""EUM"", ""EUW"", ""IDN"", ""IND"", ""JPN"", ""LAM"", ""MDA"", ""MEA"", ""MEX"", ""NIG"", ""RUS"", ""SKT"", ""USA""]",Annualised sector-cost change,,,100.0,341687.8312537937,Millions USD_2010/yr,336613.91294805164,Millions USD_2010/yr,highce_eu,,,,-100.0,ndc_noce,2030.0,,,,,341687.8312537937,336613.91294805164
ndc_highce_eu,NDC,"High CE, EU",a,Global,Cement,Cement,2035,1.2774831528115336,%,plotted,"[""Total Annualised Cost|Industry|Non-Metallic Minerals|Cement""]",fig08_sector_costs,,,,,,"[""AFE"", ""AFN"", ""AFW"", ""AFZ"", ""ANZ"", ""ASC"", ""ASE"", ""ASO"", ""BRA"", ""CAN"", ""CHL"", ""CHN"", ""ENE"", ""ENW"", ""EUE"", ""EUM"", ""EUW"", ""IDN"", ""IND"", ""JPN"", ""LAM"", ""MDA"", ""MEA"", ""MEX"", ""NIG"", ""RUS"", ""SKT"", ""USA""]",Annualised sector-cost change,,,100.0,419102.78933026735,Millions USD_2010/yr,413816.35511015635,Millions USD_2010/yr,highce_eu,,,,-100.0,ndc_noce,2035.0,,,,,419102.78933026735,413816.35511015635
ndc_highce_eu,NDC,"High CE, EU",a,Global,Cement,Cement,2040,1.2923103678685166,%,plotted,"[""Total Annualised Cost|Industry|Non-Metallic Minerals|Cement""]",fig08_sector_costs,,,,,,"[""AFE"", ""AFN"", ""AFW"", ""AFZ"", ""ANZ"", ""ASC"", ""ASE"", ""ASO"", ""BRA"", ""CAN"", ""CHL"", ""CHN"", ""ENE"", ""ENW"", ""EUE"", ""EUM"", ""EUW"", ""IDN"", ""IND"", ""JPN"", ""LAM"", ""MDA"", ""MEA"", ""MEX"", ""NIG"", ""RUS"", ""SKT"", ""USA""]",Annualised sector-cost change,,,100.0,551348.9076369903,Millions USD_2010/yr,544314.6726880135,Millions USD_2010/yr,highce_eu,,,,-100.0,ndc_noce,2040.0,,,,,551348.9076369903,544314.6726880135
ndc_highce_eu,NDC,"High CE, EU",a,Global,Cement,Cement,2050,0.4871924881571939,%,plotted,"[""Total Annualised Cost|Industry|Non-Metallic Minerals|Cement""]",fig08_sector_costs,,,,,,"[""AFE"", ""AFN"", ""AFW"", ""AFZ"", ""ANZ"", ""ASC"", ""ASE"", ""ASO"", ""BRA"", ""CAN"", ""CHL"", ""CHN"", ""ENE"", ""ENW"", ""EUE"", ""EUM"", ""EUW"", ""IDN"", ""IND"", ""JPN"", ""LAM"", ""MDA"", ""MEA"", ""MEX"", ""NIG"", ""RUS"", ""SKT"", ""USA""]",Annualised sector-cost change,,,100.0,734224.4495902024,Millions USD_2010/yr,730664.7060288142,Millions USD_2010/yr,highce_eu,,,,-100.0,ndc_noce,2050.0,,,,,734224.4495902024,730664.7060288142
ndc_medce_gbl,NDC,"Medium CE, EU + partners",a,Global,Cement,Cement,2019,0.0,%,context,"[""Total Annualised Cost|Industry|Non-Metallic Minerals|Cement""]",fig08_sector_costs,,,,,,"[""AFE"", ""AFN"", ""AFW"", ""AFZ"", ""ANZ"", ""ASC"", ""ASE"", ""ASO"", ""BRA"", ""CAN"", ""CHL"", ""CHN"", ""ENE"", ""ENW"", ""EUE"", ""EUM"", ""EUW"", ""IDN"", ""IND"", ""JPN"", ""LAM"", ""MDA"", ""MEA"", ""MEX"", ""NIG"", ""RUS"", ""SKT"", ""USA""]",Annualised sector-cost change,,,100.0,104605.06988172908,Millions USD_2010/yr,104605.06988172908,Millions USD_2010/yr,medce_gbl,,,,-100.0,ndc_noce,2019.0,,,,,104605.06988172908,104605.06988172908
ndc_medce_gbl,NDC,"Medium CE, EU + partners",a,Global,Cement,Cement,2024,0.0,%,plotted,"[""Total Annualised Cost|Industry|Non-Metallic Minerals|Cement""]",fig08_sector_costs,,,,,,"[""AFE"", ""AFN"", ""AFW"", ""AFZ"", ""ANZ"", ""ASC"", ""ASE"", ""ASO"", ""BRA"", ""CAN"", ""CHL"", ""CHN"", ""ENE"", ""ENW"", ""EUE"", ""EUM"", ""EUW"", ""IDN"", ""IND"", ""JPN"", ""LAM"", ""MDA"", ""MEA"", ""MEX"", ""NIG"", ""RUS"", ""SKT"", ""USA""]",Annualised sector-cost change,,,100.0,178886.34915972987,Millions USD_2010/yr,178886.34915972987,Millions USD_2010/yr,medce_gbl,,,,-100.0,ndc_noce,2024.0,,,,,178886.34915972987,178886.34915972987
ndc_medce_gbl,NDC,"Medium CE, EU + partners",a,Global,Cement,Cement,2030,-7.482863521571635,%,plotted,"[""Total Annualised Cost|Industry|Non-Metallic Minerals|Cement""]",fig08_sector_costs,,,,,,"[""AFE"", ""AFN"", ""AFW"", ""AFZ"", ""ANZ"", ""ASC"", ""ASE"", ""ASO"", ""BRA"", ""CAN"", ""CHL"", ""CHN"", ""ENE"", ""ENW"", ""EUE"", ""EUM"", ""EUW"", ""IDN"", ""IND"", ""JPN"", ""LAM"", ""MDA"", ""MEA"", ""MEX"", ""NIG"", ""RUS"", ""SKT"", ""USA""]",Annualised sector-cost change,,,100.0,311425.553247527,Millions USD_2010/yr,336613.91294805164,Millions USD_2010/yr,medce_gbl,,,,-100.0,ndc_noce,2030.0,,,,,311425.553247527,336613.91294805164
ndc_medce_gbl,NDC,"Medium CE, EU + partners",a,Global,Cement,Cement,2035,-7.730547989156407,%,plotted,"[""Total Annualised Cost|Industry|Non-Metallic Minerals|Cement""]",fig08_sector_costs,,,,,,"[""AFE"", ""AFN"", ""AFW"", ""AFZ"", ""ANZ"", ""ASC"", ""ASE"", ""ASO"", ""BRA"", ""CAN"", ""CHL"", ""CHN"", ""ENE"", ""ENW"", ""EUE"", ""EUM"", ""EUW"", ""IDN"", ""IND"", ""JPN"", ""LAM"", ""MDA"", ""MEA"", ""MEX"", ""NIG"", ""RUS"", ""SKT"", ""USA""]",Annualised sector-cost change,,,100.0,381826.0831913878,Millions USD_2010/yr,413816.35511015635,Millions USD_2010/yr,medce_gbl,,,,-100.0,ndc_noce,2035.0,,,,,381826.0831913878,413816.35511015635
ndc_medce_gbl,NDC,"Medium CE, EU + partners",a,Global,Cement,Cement,2040,-9.246365576914396,%,plotted,"[""Total Annualised Cost|Industry|Non-Metallic Minerals|Cement""]",fig08_sector_costs,,,,,,"[""AFE"", ""AFN"", ""AFW"", ""AFZ"", ""ANZ"", ""ASC"", ""ASE"", ""ASO"", ""BRA"", ""CAN"", ""CHL"", ""CHN"", ""ENE"", ""ENW"", ""EUE"", ""EUM"", ""EUW"", ""IDN"", ""IND"", ""JPN"", ""LAM"", ""MDA"", ""MEA"", ""MEX"", ""NIG"", ""RUS"", ""SKT"", ""USA""]",Annualised sector-cost change,,,100.0,493985.3481624948,Millions USD_2010/yr,544314.6726880135,Millions USD_2010/yr,medce_gbl,,,,-100.0,ndc_noce,2040.0,,,,,493985.3481624948,544314.6726880135
ndc_medce_gbl,NDC,"Medium CE, EU + partners",a,Global,Cement,Cement,2050,-9.774986045309191,%,plotted,"[""Total Annualised Cost|Industry|Non-Metallic Minerals|Cement""]",fig08_sector_costs,,,,,,"[""AFE"", ""AFN"", ""AFW"", ""AFZ"", ""ANZ"", ""ASC"", ""ASE"", ""ASO"", ""BRA"", ""CAN"", ""CHL"", ""CHN"", ""ENE"", ""ENW"", ""EUE"", ""EUM"", ""EUW"", ""IDN"", ""IND"", ""JPN"", ""LAM"", ""MDA"", ""MEA"", ""MEX"", ""NIG"", ""RUS"", ""SKT"", ""USA""]",Annualised sector-cost change,,,100.0,659242.3329764982,Millions USD_2010/yr,730664.7060288142,Millions USD_2010/yr,medce_gbl,,,,-100.0,ndc_noce,2050.0,,,,,659242.3329764982,730664.7060288142
ndc_highce_gbl,NDC,"High CE, EU + partners",a,Global,Cement,Cement,2019,0.0,%,context,"[""Total Annualised Cost|Industry|Non-Metallic Minerals|Cement""]",fig08_sector_costs,,,,,,"[""AFE"", ""AFN"", ""AFW"", ""AFZ"", ""ANZ"", ""ASC"", ""ASE"", ""ASO"", ""BRA"", ""CAN"", ""CHL"", ""CHN"", ""ENE"", ""ENW"", ""EUE"", ""EUM"", ""EUW"", ""IDN"", ""IND"", ""JPN"", ""LAM"", ""MDA"", ""MEA"", ""MEX"", ""NIG"", ""RUS"", ""SKT"", ""USA""]",Annualised sector-cost change,,,100.0,104605.06988172908,Millions USD_2010/yr,104605.06988172908,Millions USD_2010/yr,highce_gbl,,,,-100.0,ndc_noce,2019.0,,,,,104605.06988172908,104605.06988172908
ndc_highce_gbl,NDC,"High CE, EU + partners",a,Global,Cement,Cement,2024,0.0,%,plotted,"[""Total Annualised Cost|Industry|Non-Metallic Minerals|Cement""]",fig08_sector_costs,,,,,,"[""AFE"", ""AFN"", ""AFW"", ""AFZ"", ""ANZ"", ""ASC"", ""ASE"", ""ASO"", ""BRA"", ""CAN"", ""CHL"", ""CHN"", ""ENE"", ""ENW"", ""EUE"", ""EUM"", ""EUW"", ""IDN"", ""IND"", ""JPN"", ""LAM"", ""MDA"", ""MEA"", ""MEX"", ""NIG"", ""RUS"", ""SKT"", ""USA""]",Annualised sector-cost change,,,100.0,178886.34915972987,Millions USD_2010/yr,178886.34915972987,Millions USD_2010/yr,highce_gbl,,,,-100.0,ndc_noce,2024.0,,,,,178886.34915972987,178886.34915972987
ndc_highce_gbl,NDC,"High CE, EU + partners",a,Global,Cement,Cement,2030,-10.99702593541201,%,plotted,"[""Total Annualised Cost|Industry|Non-Metallic Minerals|Cement""]",fig08_sector_costs,,,,,,"[""AFE"", ""AFN"", ""AFW"", ""AFZ"", ""ANZ"", ""ASC"", ""ASE"", ""ASO"", ""BRA"", ""CAN"", ""CHL"", ""CHN"", ""ENE"", ""ENW"", ""EUE"", ""EUM"", ""EUW"", ""IDN"", ""IND"", ""JPN"", ""LAM"", ""MDA"", ""MEA"", ""MEX"", ""NIG"", ""RUS"", ""SKT"", ""USA""]",Annualised sector-cost change,,,100.0,299596.3936389492,Millions USD_2010/yr,336613.91294805164,Millions USD_2010/yr,highce_gbl,,,,-100.0,ndc_noce,2030.0,,,,,299596.3936389492,336613.91294805164
ndc_highce_gbl,NDC,"High CE, EU + partners",a,Global,Cement,Cement,2035,-11.903906208151252,%,plotted,"[""Total Annualised Cost|Industry|Non-Metallic Minerals|Cement""]",fig08_sector_costs,,,,,,"[""AFE"", ""AFN"", ""AFW"", ""AFZ"", ""ANZ"", ""ASC"", ""ASE"", ""ASO"", ""BRA"", ""CAN"", ""CHL"", ""CHN"", ""ENE"", ""ENW"", ""EUE"", ""EUM"", ""EUW"", ""IDN"", ""IND"", ""JPN"", ""LAM"", ""MDA"", ""MEA"", ""MEX"", ""NIG"", ""RUS"", ""SKT"", ""USA""]",Annualised sector-cost change,,,100.0,364556.0443238532,Millions USD_2010/yr,413816.35511015635,Millions USD_2010/yr,highce_gbl,,,,-100.0,ndc_noce,2035.0,,,,,364556.0443238532,413816.35511015635
ndc_highce_gbl,NDC,"High CE, EU + partners",a,Global,Cement,Cement,2040,-16.63471403272706,%,plotted,"[""Total Annualised Cost|Industry|Non-Metallic Minerals|Cement""]",fig08_sector_costs,,,,,,"[""AFE"", ""AFN"", ""AFW"", ""AFZ"", ""ANZ"", ""ASC"", ""ASE"", ""ASO"", ""BRA"", ""CAN"", ""CHL"", ""CHN"", ""ENE"", ""ENW"", ""EUE"", ""EUM"", ""EUW"", ""IDN"", ""IND"", ""JPN"", ""LAM"", ""MDA"", ""MEA"", ""MEX"", ""NIG"", ""RUS"", ""SKT"", ""USA""]",Annualised sector-cost change,,,100.0,453769.48344818817,Millions USD_2010/yr,544314.6726880135,Millions USD_2010/yr,highce_gbl,,,,-100.0,ndc_noce,2040.0,,,,,453769.48344818817,544314.6726880135
ndc_highce_gbl,NDC,"High CE, EU + partners",a,Global,Cement,Cement,2050,-18.27511975778031,%,plotted,"[""Total Annualised Cost|Industry|Non-Metallic Minerals|Cement""]",fig08_sector_costs,,,,,,"[""AFE"", ""AFN"", ""AFW"", ""AFZ"", ""ANZ"", ""ASC"", ""ASE"", ""ASO"", ""BRA"", ""CAN"", ""CHL"", ""CHN"", ""ENE"", ""ENW"", ""EUE"", ""EUM"", ""EUW"", ""IDN"", ""IND"", ""JPN"", ""LAM"", ""MDA"", ""MEA"", ""MEX"", ""NIG"", ""RUS"", ""SKT"", ""USA""]",Annualised sector-cost change,,,100.0,597134.855974215,Millions USD_2010/yr,730664.7060288142,Millions USD_2010/yr,highce_gbl,,,,-100.0,ndc_noce,2050.0,,,,,597134.855974215,730664.7060288142
ndc_noce,NDC,No CE,b,Global,Iron and steel,Iron and steel,2019,0.0,%,context,"[""Total Annualised Cost|Industry|Iron and Steel""]",fig08_sector_costs,,,,,,"[""AFE"", ""AFN"", ""AFW"", ""AFZ"", ""ANZ"", ""ASC"", ""ASE"", ""ASO"", ""BRA"", ""CAN"", ""CHL"", ""CHN"", ""ENE"", ""ENW"", ""EUE"", ""EUM"", ""EUW"", ""IDN"", ""IND"", ""JPN"", ""LAM"", ""MDA"", ""MEA"", ""MEX"", ""NIG"", ""RUS"", ""SKT"", ""USA""]",Annualised sector-cost change,,,100.0,4959455.128965229,Millions USD_2010/yr,4959455.128965229,Millions USD_2010/yr,noce,,,,-100.0,ndc_noce,2019.0,,,,,4959455.128965229,4959455.128965229
ndc_noce,NDC,No CE,b,Global,Iron and steel,Iron and steel,2024,0.0,%,plotted,"[""Total Annualised Cost|Industry|Iron and Steel""]",fig08_sector_costs,,,,,,"[""AFE"", ""AFN"", ""AFW"", ""AFZ"", ""ANZ"", ""ASC"", ""ASE"", ""ASO"", ""BRA"", ""CAN"", ""CHL"", ""CHN"", ""ENE"", ""ENW"", ""EUE"", ""EUM"", ""EUW"", ""IDN"", ""IND"", ""JPN"", ""LAM"", ""MDA"", ""MEA"", ""MEX"", ""NIG"", ""RUS"", ""SKT"", ""USA""]",Annualised sector-cost change,,,100.0,201938.09721133878,Millions USD_2010/yr,201938.09721133878,Millions USD_2010/yr,noce,,,,-100.0,ndc_noce,2024.0,,,,,201938.09721133878,201938.09721133878
ndc_noce,NDC,No CE,b,Global,Iron and steel,Iron and steel,2030,0.0,%,plotted,"[""Total Annualised Cost|Industry|Iron and Steel""]",fig08_sector_costs,,,,,,"[""AFE"", ""AFN"", ""AFW"", ""AFZ"", ""ANZ"", ""ASC"", ""ASE"", ""ASO"", ""BRA"", ""CAN"", ""CHL"", ""CHN"", ""ENE"", ""ENW"", ""EUE"", ""EUM"", ""EUW"", ""IDN"", ""IND"", ""JPN"", ""LAM"", ""MDA"", ""MEA"", ""MEX"", ""NIG"", ""RUS"", ""SKT"", ""USA""]",Annualised sector-cost change,,,100.0,313008.43114290875,Millions USD_2010/yr,313008.43114290875,Millions USD_2010/yr,noce,,,,-100.0,ndc_noce,2030.0,,,,,313008.43114290875,313008.43114290875
ndc_noce,NDC,No CE,b,Global,Iron and steel,Iron and steel,2035,0.0,%,plotted,"[""Total Annualised Cost|Industry|Iron and Steel""]",fig08_sector_costs,,,,,,"[""AFE"", ""AFN"", ""AFW"", ""AFZ"", ""ANZ"", ""ASC"", ""ASE"", ""ASO"", ""BRA"", ""CAN"", ""CHL"", ""CHN"", ""ENE"", ""ENW"", ""EUE"", ""EUM"", ""EUW"", ""IDN"", ""IND"", ""JPN"", ""LAM"", ""MDA"", ""MEA"", ""MEX"", ""NIG"", ""RUS"", ""SKT"", ""USA""]",Annualised sector-cost change,,,100.0,309024.3316400723,Millions USD_2010/yr,309024.3316400723,Millions USD_2010/yr,noce,,,,-100.0,ndc_noce,2035.0,,,,,309024.3316400723,309024.3316400723
ndc_noce,NDC,No CE,b,Global,Iron and steel,Iron and steel,2040,0.0,%,plotted,"[""Total Annualised Cost|Industry|Iron and Steel""]",fig08_sector_costs,,,,,,"[""AFE"", ""AFN"", ""AFW"", ""AFZ"", ""ANZ"", ""ASC"", ""ASE"", ""ASO"", ""BRA"", ""CAN"", ""CHL"", ""CHN"", ""ENE"", ""ENW"", ""EUE"", ""EUM"", ""EUW"", ""IDN"", ""IND"", ""JPN"", ""LAM"", ""MDA"", ""MEA"", ""MEX"", ""NIG"", ""RUS"", ""SKT"", ""USA""]",Annualised sector-cost change,,,100.0,378692.134370259,Millions USD_2010/yr,378692.134370259,Millions USD_2010/yr,noce,,,,-100.0,ndc_noce,2040.0,,,,,378692.134370259,378692.134370259
ndc_noce,NDC,No CE,b,Global,Iron and steel,Iron and steel,2050,0.0,%,plotted,"[""Total Annualised Cost|Industry|Iron and Steel""]",fig08_sector_costs,,,,,,"[""AFE"", ""AFN"", ""AFW"", ""AFZ"", ""ANZ"", ""ASC"", ""ASE"", ""ASO"", ""BRA"", ""CAN"", ""CHL"", ""CHN"", ""ENE"", ""ENW"", ""EUE"", ""EUM"", ""EUW"", ""IDN"", ""IND"", ""JPN"", ""LAM"", ""MDA"", ""MEA"", ""MEX"", ""NIG"", ""RUS"", ""SKT"", ""USA""]",Annualised sector-cost change,,,100.0,525384.2355289025,Millions USD_2010/yr,525384.2355289025,Millions USD_2010/yr,noce,,,,-100.0,ndc_noce,2050.0,,,,,525384.2355289025,525384.2355289025
ndc_medce_eu,NDC,"Medium CE, EU",b,Global,Iron and steel,Iron and steel,2019,0.0,%,context,"[""Total Annualised Cost|Industry|Iron and Steel""]",fig08_sector_costs,,,,,,"[""AFE"", ""AFN"", ""AFW"", ""AFZ"", ""ANZ"", ""ASC"", ""ASE"", ""ASO"", ""BRA"", ""CAN"", ""CHL"", ""CHN"", ""ENE"", ""ENW"", ""EUE"", ""EUM"", ""EUW"", ""IDN"", ""IND"", ""JPN"", ""LAM"", ""MDA"", ""MEA"", ""MEX"", ""NIG"", ""RUS"", ""SKT"", ""USA""]",Annualised sector-cost change,,,100.0,4959455.128965229,Millions USD_2010/yr,4959455.128965229,Millions USD_2010/yr,medce_eu,,,,-100.0,ndc_noce,2019.0,,,,,4959455.128965229,4959455.128965229
ndc_medce_eu,NDC,"Medium CE, EU",b,Global,Iron and steel,Iron and steel,2024,0.0,%,plotted,"[""Total Annualised Cost|Industry|Iron and Steel""]",fig08_sector_costs,,,,,,"[""AFE"", ""AFN"", ""AFW"", ""AFZ"", ""ANZ"", ""ASC"", ""ASE"", ""ASO"", ""BRA"", ""CAN"", ""CHL"", ""CHN"", ""ENE"", ""ENW"", ""EUE"", ""EUM"", ""EUW"", ""IDN"", ""IND"", ""JPN"", ""LAM"", ""MDA"", ""MEA"", ""MEX"", ""NIG"", ""RUS"", ""SKT"", ""USA""]",Annualised sector-cost change,,,100.0,201938.09721133878,Millions USD_2010/yr,201938.09721133878,Millions USD_2010/yr,medce_eu,,,,-100.0,ndc_noce,2024.0,,,,,201938.09721133878,201938.09721133878
ndc_medce_eu,NDC,"Medium CE, EU",b,Global,Iron and steel,Iron and steel,2030,-3.5878995943471335,%,plotted,"[""Total Annualised Cost|Industry|Iron and Steel""]",fig08_sector_costs,,,,,,"[""AFE"", ""AFN"", ""AFW"", ""AFZ"", ""ANZ"", ""ASC"", ""ASE"", ""ASO"", ""BRA"", ""CAN"", ""CHL"", ""CHN"", ""ENE"", ""ENW"", ""EUE"", ""EUM"", ""EUW"", ""IDN"", ""IND"", ""JPN"", ""LAM"", ""MDA"", ""MEA"", ""MEX"", ""NIG"", ""RUS"", ""SKT"", ""USA""]",Annualised sector-cost change,,,100.0,301778.00291166,Millions USD_2010/yr,313008.43114290875,Millions USD_2010/yr,medce_eu,,,,-100.0,ndc_noce,2030.0,,,,,301778.00291166,313008.43114290875
ndc_medce_eu,NDC,"Medium CE, EU",b,Global,Iron and steel,Iron and steel,2035,-5.596819861910354,%,plotted,"[""Total Annualised Cost|Industry|Iron and Steel""]",fig08_sector_costs,,,,,,"[""AFE"", ""AFN"", ""AFW"", ""AFZ"", ""ANZ"", ""ASC"", ""ASE"", ""ASO"", ""BRA"", ""CAN"", ""CHL"", ""CHN"", ""ENE"", ""ENW"", ""EUE"", ""EUM"", ""EUW"", ""IDN"", ""IND"", ""JPN"", ""LAM"", ""MDA"", ""MEA"", ""MEX"", ""NIG"", ""RUS"", ""SKT"", ""USA""]",Annualised sector-cost change,,,100.0,291728.796468705,Millions USD_2010/yr,309024.3316400723,Millions USD_2010/yr,medce_eu,,,,-100.0,ndc_noce,2035.0,,,,,291728.796468705,309024.3316400723
ndc_medce_eu,NDC,"Medium CE, EU",b,Global,Iron and steel,Iron and steel,2040,-4.029027617050107,%,plotted,"[""Total Annualised Cost|Industry|Iron and Steel""]",fig08_sector_costs,,,,,,"[""AFE"", ""AFN"", ""AFW"", ""AFZ"", ""ANZ"", ""ASC"", ""ASE"", ""ASO"", ""BRA"", ""CAN"", ""CHL"", ""CHN"", ""ENE"", ""ENW"", ""EUE"", ""EUM"", ""EUW"", ""IDN"", ""IND"", ""JPN"", ""LAM"", ""MDA"", ""MEA"", ""MEX"", ""NIG"", ""RUS"", ""SKT"", ""USA""]",Annualised sector-cost change,,,100.0,363434.5236928848,Millions USD_2010/yr,378692.134370259,Millions USD_2010/yr,medce_eu,,,,-100.0,ndc_noce,2040.0,,,,,363434.5236928848,378692.134370259
ndc_medce_eu,NDC,"Medium CE, EU",b,Global,Iron and steel,Iron and steel,2050,-6.296964870895903,%,plotted,"[""Total Annualised Cost|Industry|Iron and Steel""]",fig08_sector_costs,,,,,,"[""AFE"", ""AFN"", ""AFW"", ""AFZ"", ""ANZ"", ""ASC"", ""ASE"", ""ASO"", ""BRA"", ""CAN"", ""CHL"", ""CHN"", ""ENE"", ""ENW"", ""EUE"", ""EUM"", ""EUW"", ""IDN"", ""IND"", ""JPN"", ""LAM"", ""MDA"", ""MEA"", ""MEX"", ""NIG"", ""RUS"", ""SKT"", ""USA""]",Annualised sector-cost change,,,100.0,492300.9747804225,Millions USD_2010/yr,525384.2355289025,Millions USD_2010/yr,medce_eu,,,,-100.0,ndc_noce,2050.0,,,,,492300.9747804225,525384.2355289025
ndc_highce_eu,NDC,"High CE, EU",b,Global,Iron and steel,Iron and steel,2019,0.0,%,context,"[""Total Annualised Cost|Industry|Iron and Steel""]",fig08_sector_costs,,,,,,"[""AFE"", ""AFN"", ""AFW"", ""AFZ"", ""ANZ"", ""ASC"", ""ASE"", ""ASO"", ""BRA"", ""CAN"", ""CHL"", ""CHN"", ""ENE"", ""ENW"", ""EUE"", ""EUM"", ""EUW"", ""IDN"", ""IND"", ""JPN"", ""LAM"", ""MDA"", ""MEA"", ""MEX"", ""NIG"", ""RUS"", ""SKT"", ""USA""]",Annualised sector-cost change,,,100.0,4959455.128965229,Millions USD_2010/yr,4959455.128965229,Millions USD_2010/yr,highce_eu,,,,-100.0,ndc_noce,2019.0,,,,,4959455.128965229,4959455.128965229
ndc_highce_eu,NDC,"High CE, EU",b,Global,Iron and steel,Iron and steel,2024,0.0,%,plotted,"[""Total Annualised Cost|Industry|Iron and Steel""]",fig08_sector_costs,,,,,,"[""AFE"", ""AFN"", ""AFW"", ""AFZ"", ""ANZ"", ""ASC"", ""ASE"", ""ASO"", ""BRA"", ""CAN"", ""CHL"", ""CHN"", ""ENE"", ""ENW"", ""EUE"", ""EUM"", ""EUW"", ""IDN"", ""IND"", ""JPN"", ""LAM"", ""MDA"", ""MEA"", ""MEX"", ""NIG"", ""RUS"", ""SKT"", ""USA""]",Annualised sector-cost change,,,100.0,201938.09721133878,Millions USD_2010/yr,201938.09721133878,Millions USD_2010/yr,highce_eu,,,,-100.0,ndc_noce,2024.0,,,,,201938.09721133878,201938.09721133878
ndc_highce_eu,NDC,"High CE, EU",b,Global,Iron and steel,Iron and steel,2030,-3.66582568227864,%,plotted,"[""Total Annualised Cost|Industry|Iron and Steel""]",fig08_sector_costs,,,,,,"[""AFE"", ""AFN"", ""AFW"", ""AFZ"", ""ANZ"", ""ASC"", ""ASE"", ""ASO"", ""BRA"", ""CAN"", ""CHL"", ""CHN"", ""ENE"", ""ENW"", ""EUE"", ""EUM"", ""EUW"", ""IDN"", ""IND"", ""JPN"", ""LAM"", ""MDA"", ""MEA"", ""MEX"", ""NIG"", ""RUS"", ""SKT"", ""USA""]",Annualised sector-cost change,,,100.0,301534.08768637455,Millions USD_2010/yr,313008.43114290875,Millions USD_2010/yr,highce_eu,,,,-100.0,ndc_noce,2030.0,,,,,301534.08768637455,313008.43114290875
ndc_highce_eu,NDC,"High CE, EU",b,Global,Iron and steel,Iron and steel,2035,-5.633010263261787,%,plotted,"[""Total Annualised Cost|Industry|Iron and Steel""]",fig08_sector_costs,,,,,,"[""AFE"", ""AFN"", ""AFW"", ""AFZ"", ""ANZ"", ""ASC"", ""ASE"", ""ASO"", ""BRA"", ""CAN"", ""CHL"", ""CHN"", ""ENE"", ""ENW"", ""EUE"", ""EUM"", ""EUW"", ""IDN"", ""IND"", ""JPN"", ""LAM"", ""MDA"", ""MEA"", ""MEX"", ""NIG"", ""RUS"", ""SKT"", ""USA""]",Annualised sector-cost change,,,100.0,291616.9593228109,Millions USD_2010/yr,309024.3316400723,Millions USD_2010/yr,highce_eu,,,,-100.0,ndc_noce,2035.0,,,,,291616.9593228109,309024.3316400723
ndc_highce_eu,NDC,"High CE, EU",b,Global,Iron and steel,Iron and steel,2040,-4.049150788804985,%,plotted,"[""Total Annualised Cost|Industry|Iron and Steel""]",fig08_sector_costs,,,,,,"[""AFE"", ""AFN"", ""AFW"", ""AFZ"", ""ANZ"", ""ASC"", ""ASE"", ""ASO"", ""BRA"", ""CAN"", ""CHL"", ""CHN"", ""ENE"", ""ENW"", ""EUE"", ""EUM"", ""EUW"", ""IDN"", ""IND"", ""JPN"", ""LAM"", ""MDA"", ""MEA"", ""MEX"", ""NIG"", ""RUS"", ""SKT"", ""USA""]",Annualised sector-cost change,,,100.0,363358.31882426323,Millions USD_2010/yr,378692.134370259,Millions USD_2010/yr,highce_eu,,,,-100.0,ndc_noce,2040.0,,,,,363358.31882426323,378692.134370259
ndc_highce_eu,NDC,"High CE, EU",b,Global,Iron and steel,Iron and steel,2050,-6.29473760925799,%,plotted,"[""Total Annualised Cost|Industry|Iron and Steel""]",fig08_sector_costs,,,,,,"[""AFE"", ""AFN"", ""AFW"", ""AFZ"", ""ANZ"", ""ASC"", ""ASE"", ""ASO"", ""BRA"", ""CAN"", ""CHL"", ""CHN"", ""ENE"", ""ENW"", ""EUE"", ""EUM"", ""EUW"", ""IDN"", ""IND"", ""JPN"", ""LAM"", ""MDA"", ""MEA"", ""MEX"", ""NIG"", ""RUS"", ""SKT"", ""USA""]",Annualised sector-cost change,,,100.0,492312.6764619521,Millions USD_2010/yr,525384.2355289025,Millions USD_2010/yr,highce_eu,,,,-100.0,ndc_noce,2050.0,,,,,492312.6764619521,525384.2355289025
ndc_medce_gbl,NDC,"Medium CE, EU + partners",b,Global,Iron and steel,Iron and steel,2019,0.0,%,context,"[""Total Annualised Cost|Industry|Iron and Steel""]",fig08_sector_costs,,,,,,"[""AFE"", ""AFN"", ""AFW"", ""AFZ"", ""ANZ"", ""ASC"", ""ASE"", ""ASO"", ""BRA"", ""CAN"", ""CHL"", ""CHN"", ""ENE"", ""ENW"", ""EUE"", ""EUM"", ""EUW"", ""IDN"", ""IND"", ""JPN"", ""LAM"", ""MDA"", ""MEA"", ""MEX"", ""NIG"", ""RUS"", ""SKT"", ""USA""]",Annualised sector-cost change,,,100.0,4959455.128965229,Millions USD_2010/yr,4959455.128965229,Millions USD_2010/yr,medce_gbl,,,,-100.0,ndc_noce,2019.0,,,,,4959455.128965229,4959455.128965229
ndc_medce_gbl,NDC,"Medium CE, EU + partners",b,Global,Iron and steel,Iron and steel,2024,1.441225348690645e-14,%,plotted,"[""Total Annualised Cost|Industry|Iron and Steel""]",fig08_sector_costs,,,,,,"[""AFE"", ""AFN"", ""AFW"", ""AFZ"", ""ANZ"", ""ASC"", ""ASE"", ""ASO"", ""BRA"", ""CAN"", ""CHL"", ""CHN"", ""ENE"", ""ENW"", ""EUE"", ""EUM"", ""EUW"", ""IDN"", ""IND"", ""JPN"", ""LAM"", ""MDA"", ""MEA"", ""MEX"", ""NIG"", ""RUS"", ""SKT"", ""USA""]",Annualised sector-cost change,,,100.0,201938.0972113388,Millions USD_2010/yr,201938.09721133878,Millions USD_2010/yr,medce_gbl,,,,-100.0,ndc_noce,2024.0,,,,,201938.0972113388,201938.09721133878
ndc_medce_gbl,NDC,"Medium CE, EU + partners",b,Global,Iron and steel,Iron and steel,2030,-25.875393348943227,%,plotted,"[""Total Annualised Cost|Industry|Iron and Steel""]",fig08_sector_costs,,,,,,"[""AFE"", ""AFN"", ""AFW"", ""AFZ"", ""ANZ"", ""ASC"", ""ASE"", ""ASO"", ""BRA"", ""CAN"", ""CHL"", ""CHN"", ""ENE"", ""ENW"", ""EUE"", ""EUM"", ""EUW"", ""IDN"", ""IND"", ""JPN"", ""LAM"", ""MDA"", ""MEA"", ""MEX"", ""NIG"", ""RUS"", ""SKT"", ""USA""]",Annualised sector-cost change,,,100.0,232016.268369325,Millions USD_2010/yr,313008.43114290875,Millions USD_2010/yr,medce_gbl,,,,-100.0,ndc_noce,2030.0,,,,,232016.268369325,313008.43114290875
ndc_medce_gbl,NDC,"Medium CE, EU + partners",b,Global,Iron and steel,Iron and steel,2035,-24.252075259226437,%,plotted,"[""Total Annualised Cost|Industry|Iron and Steel""]",fig08_sector_costs,,,,,,"[""AFE"", ""AFN"", ""AFW"", ""AFZ"", ""ANZ"", ""ASC"", ""ASE"", ""ASO"", ""BRA"", ""CAN"", ""CHL"", ""CHN"", ""ENE"", ""ENW"", ""EUE"", ""EUM"", ""EUW"", ""IDN"", ""IND"", ""JPN"", ""LAM"", ""MDA"", ""MEA"", ""MEX"", ""NIG"", ""RUS"", ""SKT"", ""USA""]",Annualised sector-cost change,,,100.0,234079.51816140045,Millions USD_2010/yr,309024.3316400723,Millions USD_2010/yr,medce_gbl,,,,-100.0,ndc_noce,2035.0,,,,,234079.51816140045,309024.3316400723
ndc_medce_gbl,NDC,"Medium CE, EU + partners",b,Global,Iron and steel,Iron and steel,2040,-24.421329004295494,%,plotted,"[""Total Annualised Cost|Industry|Iron and Steel""]",fig08_sector_costs,,,,,,"[""AFE"", ""AFN"", ""AFW"", ""AFZ"", ""ANZ"", ""ASC"", ""ASE"", ""ASO"", ""BRA"", ""CAN"", ""CHL"", ""CHN"", ""ENE"", ""ENW"", ""EUE"", ""EUM"", ""EUW"", ""IDN"", ""IND"", ""JPN"", ""LAM"", ""MDA"", ""MEA"", ""MEX"", ""NIG"", ""RUS"", ""SKT"", ""USA""]",Annualised sector-cost change,,,100.0,286210.4823223093,Millions USD_2010/yr,378692.134370259,Millions USD_2010/yr,medce_gbl,,,,-100.0,ndc_noce,2040.0,,,,,286210.4823223093,378692.134370259
ndc_medce_gbl,NDC,"Medium CE, EU + partners",b,Global,Iron and steel,Iron and steel,2050,-33.40711986888139,%,plotted,"[""Total Annualised Cost|Industry|Iron and Steel""]",fig08_sector_costs,,,,,,"[""AFE"", ""AFN"", ""AFW"", ""AFZ"", ""ANZ"", ""ASC"", ""ASE"", ""ASO"", ""BRA"", ""CAN"", ""CHL"", ""CHN"", ""ENE"", ""ENW"", ""EUE"", ""EUM"", ""EUW"", ""IDN"", ""IND"", ""JPN"", ""LAM"", ""MDA"", ""MEA"", ""MEX"", ""NIG"", ""RUS"", ""SKT"", ""USA""]",Annualised sector-cost change,,,100.0,349868.4941935559,Millions USD_2010/yr,525384.2355289025,Millions USD_2010/yr,medce_gbl,,,,-100.0,ndc_noce,2050.0,,,,,349868.4941935559,525384.2355289025
ndc_highce_gbl,NDC,"High CE, EU + partners",b,Global,Iron and steel,Iron and steel,2019,0.0,%,context,"[""Total Annualised Cost|Industry|Iron and Steel""]",fig08_sector_costs,,,,,,"[""AFE"", ""AFN"", ""AFW"", ""AFZ"", ""ANZ"", ""ASC"", ""ASE"", ""ASO"", ""BRA"", ""CAN"", ""CHL"", ""CHN"", ""ENE"", ""ENW"", ""EUE"", ""EUM"", ""EUW"", ""IDN"", ""IND"", ""JPN"", ""LAM"", ""MDA"", ""MEA"", ""MEX"", ""NIG"", ""RUS"", ""SKT"", ""USA""]",Annualised sector-cost change,,,100.0,4959455.128965229,Millions USD_2010/yr,4959455.128965229,Millions USD_2010/yr,highce_gbl,,,,-100.0,ndc_noce,2019.0,,,,,4959455.128965229,4959455.128965229
ndc_highce_gbl,NDC,"High CE, EU + partners",b,Global,Iron and steel,Iron and steel,2024,0.0,%,plotted,"[""Total Annualised Cost|Industry|Iron and Steel""]",fig08_sector_costs,,,,,,"[""AFE"", ""AFN"", ""AFW"", ""AFZ"", ""ANZ"", ""ASC"", ""ASE"", ""ASO"", ""BRA"", ""CAN"", ""CHL"", ""CHN"", ""ENE"", ""ENW"", ""EUE"", ""EUM"", ""EUW"", ""IDN"", ""IND"", ""JPN"", ""LAM"", ""MDA"", ""MEA"", ""MEX"", ""NIG"", ""RUS"", ""SKT"", ""USA""]",Annualised sector-cost change,,,100.0,201938.09721133878,Millions USD_2010/yr,201938.09721133878,Millions USD_2010/yr,highce_gbl,,,,-100.0,ndc_noce,2024.0,,,,,201938.09721133878,201938.09721133878
ndc_highce_gbl,NDC,"High CE, EU + partners",b,Global,Iron and steel,Iron and steel,2030,-27.63035672141672,%,plotted,"[""Total Annualised Cost|Industry|Iron and Steel""]",fig08_sector_costs,,,,,,"[""AFE"", ""AFN"", ""AFW"", ""AFZ"", ""ANZ"", ""ASC"", ""ASE"", ""ASO"", ""BRA"", ""CAN"", ""CHL"", ""CHN"", ""ENE"", ""ENW"", ""EUE"", ""EUM"", ""EUW"", ""IDN"", ""IND"", ""JPN"", ""LAM"", ""MDA"", ""MEA"", ""MEX"", ""NIG"", ""RUS"", ""SKT"", ""USA""]",Annualised sector-cost change,,,100.0,226523.08505001303,Millions USD_2010/yr,313008.43114290875,Millions USD_2010/yr,highce_gbl,,,,-100.0,ndc_noce,2030.0,,,,,226523.08505001303,313008.43114290875
ndc_highce_gbl,NDC,"High CE, EU + partners",b,Global,Iron and steel,Iron and steel,2035,-25.994749374422316,%,plotted,"[""Total Annualised Cost|Industry|Iron and Steel""]",fig08_sector_costs,,,,,,"[""AFE"", ""AFN"", ""AFW"", ""AFZ"", ""ANZ"", ""ASC"", ""ASE"", ""ASO"", ""BRA"", ""CAN"", ""CHL"", ""CHN"", ""ENE"", ""ENW"", ""EUE"", ""EUM"", ""EUW"", ""IDN"", ""IND"", ""JPN"", ""LAM"", ""MDA"", ""MEA"", ""MEX"", ""NIG"", ""RUS"", ""SKT"", ""USA""]",Annualised sector-cost change,,,100.0,228694.23112425185,Millions USD_2010/yr,309024.3316400723,Millions USD_2010/yr,highce_gbl,,,,-100.0,ndc_noce,2035.0,,,,,228694.23112425185,309024.3316400723
ndc_highce_gbl,NDC,"High CE, EU + partners",b,Global,Iron and steel,Iron and steel,2040,-31.76028954594389,%,plotted,"[""Total Annualised Cost|Industry|Iron and Steel""]",fig08_sector_costs,,,,,,"[""AFE"", ""AFN"", ""AFW"", ""AFZ"", ""ANZ"", ""ASC"", ""ASE"", ""ASO"", ""BRA"", ""CAN"", ""CHL"", ""CHN"", ""ENE"", ""ENW"", ""EUE"", ""EUM"", ""EUW"", ""IDN"", ""IND"", ""JPN"", ""LAM"", ""MDA"", ""MEA"", ""MEX"", ""NIG"", ""RUS"", ""SKT"", ""USA""]",Annualised sector-cost change,,,100.0,258418.41600654984,Millions USD_2010/yr,378692.134370259,Millions USD_2010/yr,highce_gbl,,,,-100.0,ndc_noce,2040.0,,,,,258418.41600654984,378692.134370259
ndc_highce_gbl,NDC,"High CE, EU + partners",b,Global,Iron and steel,Iron and steel,2050,-46.60825777520343,%,plotted,"[""Total Annualised Cost|Industry|Iron and Steel""]",fig08_sector_costs,,,,,,"[""AFE"", ""AFN"", ""AFW"", ""AFZ"", ""ANZ"", ""ASC"", ""ASE"", ""ASO"", ""BRA"", ""CAN"", ""CHL"", ""CHN"", ""ENE"", ""ENW"", ""EUE"", ""EUM"", ""EUW"", ""IDN"", ""IND"", ""JPN"", ""LAM"", ""MDA"", ""MEA"", ""MEX"", ""NIG"", ""RUS"", ""SKT"", ""USA""]",Annualised sector-cost change,,,100.0,280511.79672330973,Millions USD_2010/yr,525384.2355289025,Millions USD_2010/yr,highce_gbl,,,,-100.0,ndc_noce,2050.0,,,,,280511.79672330973,525384.2355289025
ndc_noce,NDC,No CE,c,Global,Aluminium,Aluminium,2019,0.0,%,context,"[""Total Annualised Cost|Industry|Non-Ferrous Metals|Aluminum""]",fig08_sector_costs,,,,,,"[""AFE"", ""AFN"", ""AFW"", ""AFZ"", ""ANZ"", ""ASC"", ""ASE"", ""ASO"", ""BRA"", ""CAN"", ""CHL"", ""CHN"", ""ENE"", ""ENW"", ""EUE"", ""EUM"", ""EUW"", ""IDN"", ""IND"", ""JPN"", ""LAM"", ""MDA"", ""MEA"", ""MEX"", ""NIG"", ""RUS"", ""SKT"", ""USA""]",Annualised sector-cost change,,,100.0,25017.308460003063,Millions USD_2010/yr,25017.308460003063,Millions USD_2010/yr,noce,,,,-100.0,ndc_noce,2019.0,,,,,25017.308460003063,25017.308460003063
ndc_noce,NDC,No CE,c,Global,Aluminium,Aluminium,2024,0.0,%,plotted,"[""Total Annualised Cost|Industry|Non-Ferrous Metals|Aluminum""]",fig08_sector_costs,,,,,,"[""AFE"", ""AFN"", ""AFW"", ""AFZ"", ""ANZ"", ""ASC"", ""ASE"", ""ASO"", ""BRA"", ""CAN"", ""CHL"", ""CHN"", ""ENE"", ""ENW"", ""EUE"", ""EUM"", ""EUW"", ""IDN"", ""IND"", ""JPN"", ""LAM"", ""MDA"", ""MEA"", ""MEX"", ""NIG"", ""RUS"", ""SKT"", ""USA""]",Annualised sector-cost change,,,100.0,98177.01756529351,Millions USD_2010/yr,98177.01756529351,Millions USD_2010/yr,noce,,,,-100.0,ndc_noce,2024.0,,,,,98177.01756529351,98177.01756529351
ndc_noce,NDC,No CE,c,Global,Aluminium,Aluminium,2030,0.0,%,plotted,"[""Total Annualised Cost|Industry|Non-Ferrous Metals|Aluminum""]",fig08_sector_costs,,,,,,"[""AFE"", ""AFN"", ""AFW"", ""AFZ"", ""ANZ"", ""ASC"", ""ASE"", ""ASO"", ""BRA"", ""CAN"", ""CHL"", ""CHN"", ""ENE"", ""ENW"", ""EUE"", ""EUM"", ""EUW"", ""IDN"", ""IND"", ""JPN"", ""LAM"", ""MDA"", ""MEA"", ""MEX"", ""NIG"", ""RUS"", ""SKT"", ""USA""]",Annualised sector-cost change,,,100.0,189050.12343896012,Millions USD_2010/yr,189050.12343896012,Millions USD_2010/yr,noce,,,,-100.0,ndc_noce,2030.0,,,,,189050.12343896012,189050.12343896012
ndc_noce,NDC,No CE,c,Global,Aluminium,Aluminium,2035,0.0,%,plotted,"[""Total Annualised Cost|Industry|Non-Ferrous Metals|Aluminum""]",fig08_sector_costs,,,,,,"[""AFE"", ""AFN"", ""AFW"", ""AFZ"", ""ANZ"", ""ASC"", ""ASE"", ""ASO"", ""BRA"", ""CAN"", ""CHL"", ""CHN"", ""ENE"", ""ENW"", ""EUE"", ""EUM"", ""EUW"", ""IDN"", ""IND"", ""JPN"", ""LAM"", ""MDA"", ""MEA"", ""MEX"", ""NIG"", ""RUS"", ""SKT"", ""USA""]",Annualised sector-cost change,,,100.0,143833.6374745029,Millions USD_2010/yr,143833.6374745029,Millions USD_2010/yr,noce,,,,-100.0,ndc_noce,2035.0,,,,,143833.6374745029,143833.6374745029
ndc_noce,NDC,No CE,c,Global,Aluminium,Aluminium,2040,0.0,%,plotted,"[""Total Annualised Cost|Industry|Non-Ferrous Metals|Aluminum""]",fig08_sector_costs,,,,,,"[""AFE"", ""AFN"", ""AFW"", ""AFZ"", ""ANZ"", ""ASC"", ""ASE"", ""ASO"", ""BRA"", ""CAN"", ""CHL"", ""CHN"", ""ENE"", ""ENW"", ""EUE"", ""EUM"", ""EUW"", ""IDN"", ""IND"", ""JPN"", ""LAM"", ""MDA"", ""MEA"", ""MEX"", ""NIG"", ""RUS"", ""SKT"", ""USA""]",Annualised sector-cost change,,,100.0,164123.9053628405,Millions USD_2010/yr,164123.9053628405,Millions USD_2010/yr,noce,,,,-100.0,ndc_noce,2040.0,,,,,164123.9053628405,164123.9053628405
ndc_noce,NDC,No CE,c,Global,Aluminium,Aluminium,2050,0.0,%,plotted,"[""Total Annualised Cost|Industry|Non-Ferrous Metals|Aluminum""]",fig08_sector_costs,,,,,,"[""AFE"", ""AFN"", ""AFW"", ""AFZ"", ""ANZ"", ""ASC"", ""ASE"", ""ASO"", ""BRA"", ""CAN"", ""CHL"", ""CHN"", ""ENE"", ""ENW"", ""EUE"", ""EUM"", ""EUW"", ""IDN"", ""IND"", ""JPN"", ""LAM"", ""MDA"", ""MEA"", ""MEX"", ""NIG"", ""RUS"", ""SKT"", ""USA""]",Annualised sector-cost change,,,100.0,151442.6773772102,Millions USD_2010/yr,151442.6773772102,Millions USD_2010/yr,noce,,,,-100.0,ndc_noce,2050.0,,,,,151442.6773772102,151442.6773772102
ndc_medce_eu,NDC,"Medium CE, EU",c,Global,Aluminium,Aluminium,2019,0.0,%,context,"[""Total Annualised Cost|Industry|Non-Ferrous Metals|Aluminum""]",fig08_sector_costs,,,,,,"[""AFE"", ""AFN"", ""AFW"", ""AFZ"", ""ANZ"", ""ASC"", ""ASE"", ""ASO"", ""BRA"", ""CAN"", ""CHL"", ""CHN"", ""ENE"", ""ENW"", ""EUE"", ""EUM"", ""EUW"", ""IDN"", ""IND"", ""JPN"", ""LAM"", ""MDA"", ""MEA"", ""MEX"", ""NIG"", ""RUS"", ""SKT"", ""USA""]",Annualised sector-cost change,,,100.0,25017.308460003063,Millions USD_2010/yr,25017.308460003063,Millions USD_2010/yr,medce_eu,,,,-100.0,ndc_noce,2019.0,,,,,25017.308460003063,25017.308460003063
ndc_medce_eu,NDC,"Medium CE, EU",c,Global,Aluminium,Aluminium,2024,0.0,%,plotted,"[""Total Annualised Cost|Industry|Non-Ferrous Metals|Aluminum""]",fig08_sector_costs,,,,,,"[""AFE"", ""AFN"", ""AFW"", ""AFZ"", ""ANZ"", ""ASC"", ""ASE"", ""ASO"", ""BRA"", ""CAN"", ""CHL"", ""CHN"", ""ENE"", ""ENW"", ""EUE"", ""EUM"", ""EUW"", ""IDN"", ""IND"", ""JPN"", ""LAM"", ""MDA"", ""MEA"", ""MEX"", ""NIG"", ""RUS"", ""SKT"", ""USA""]",Annualised sector-cost change,,,100.0,98177.01756529351,Millions USD_2010/yr,98177.01756529351,Millions USD_2010/yr,medce_eu,,,,-100.0,ndc_noce,2024.0,,,,,98177.01756529351,98177.01756529351
ndc_medce_eu,NDC,"Medium CE, EU",c,Global,Aluminium,Aluminium,2030,-0.2810290101983063,%,plotted,"[""Total Annualised Cost|Industry|Non-Ferrous Metals|Aluminum""]",fig08_sector_costs,,,,,,"[""AFE"", ""AFN"", ""AFW"", ""AFZ"", ""ANZ"", ""ASC"", ""ASE"", ""ASO"", ""BRA"", ""CAN"", ""CHL"", ""CHN"", ""ENE"", ""ENW"", ""EUE"", ""EUM"", ""EUW"", ""IDN"", ""IND"", ""JPN"", ""LAM"", ""MDA"", ""MEA"", ""MEX"", ""NIG"", ""RUS"", ""SKT"", ""USA""]",Annualised sector-cost change,,,100.0,188518.83774828093,Millions USD_2010/yr,189050.12343896012,Millions USD_2010/yr,medce_eu,,,,-100.0,ndc_noce,2030.0,,,,,188518.83774828093,189050.12343896012
ndc_medce_eu,NDC,"Medium CE, EU",c,Global,Aluminium,Aluminium,2035,0.32128475052688243,%,plotted,"[""Total Annualised Cost|Industry|Non-Ferrous Metals|Aluminum""]",fig08_sector_costs,,,,,,"[""AFE"", ""AFN"", ""AFW"", ""AFZ"", ""ANZ"", ""ASC"", ""ASE"", ""ASO"", ""BRA"", ""CAN"", ""CHL"", ""CHN"", ""ENE"", ""ENW"", ""EUE"", ""EUM"", ""EUW"", ""IDN"", ""IND"", ""JPN"", ""LAM"", ""MDA"", ""MEA"", ""MEX"", ""NIG"", ""RUS"", ""SKT"", ""USA""]",Annualised sector-cost change,,,100.0,144295.7530178366,Millions USD_2010/yr,143833.6374745029,Millions USD_2010/yr,medce_eu,,,,-100.0,ndc_noce,2035.0,,,,,144295.7530178366,143833.6374745029
ndc_medce_eu,NDC,"Medium CE, EU",c,Global,Aluminium,Aluminium,2040,0.8769692330907233,%,plotted,"[""Total Annualised Cost|Industry|Non-Ferrous Metals|Aluminum""]",fig08_sector_costs,,,,,,"[""AFE"", ""AFN"", ""AFW"", ""AFZ"", ""ANZ"", ""ASC"", ""ASE"", ""ASO"", ""BRA"", ""CAN"", ""CHL"", ""CHN"", ""ENE"", ""ENW"", ""EUE"", ""EUM"", ""EUW"", ""IDN"", ""IND"", ""JPN"", ""LAM"", ""MDA"", ""MEA"", ""MEX"", ""NIG"", ""RUS"", ""SKT"", ""USA""]",Annualised sector-cost change,,,100.0,165563.22151701956,Millions USD_2010/yr,164123.9053628405,Millions USD_2010/yr,medce_eu,,,,-100.0,ndc_noce,2040.0,,,,,165563.22151701956,164123.9053628405
ndc_medce_eu,NDC,"Medium CE, EU",c,Global,Aluminium,Aluminium,2050,-0.8703686958907476,%,plotted,"[""Total Annualised Cost|Industry|Non-Ferrous Metals|Aluminum""]",fig08_sector_costs,,,,,,"[""AFE"", ""AFN"", ""AFW"", ""AFZ"", ""ANZ"", ""ASC"", ""ASE"", ""ASO"", ""BRA"", ""CAN"", ""CHL"", ""CHN"", ""ENE"", ""ENW"", ""EUE"", ""EUM"", ""EUW"", ""IDN"", ""IND"", ""JPN"", ""LAM"", ""MDA"", ""MEA"", ""MEX"", ""NIG"", ""RUS"", ""SKT"", ""USA""]",Annualised sector-cost change,,,100.0,150124.56772110015,Millions USD_2010/yr,151442.6773772102,Millions USD_2010/yr,medce_eu,,,,-100.0,ndc_noce,2050.0,,,,,150124.56772110015,151442.6773772102
ndc_highce_eu,NDC,"High CE, EU",c,Global,Aluminium,Aluminium,2019,0.0,%,context,"[""Total Annualised Cost|Industry|Non-Ferrous Metals|Aluminum""]",fig08_sector_costs,,,,,,"[""AFE"", ""AFN"", ""AFW"", ""AFZ"", ""ANZ"", ""ASC"", ""ASE"", ""ASO"", ""BRA"", ""CAN"", ""CHL"", ""CHN"", ""ENE"", ""ENW"", ""EUE"", ""EUM"", ""EUW"", ""IDN"", ""IND"", ""JPN"", ""LAM"", ""MDA"", ""MEA"", ""MEX"", ""NIG"", ""RUS"", ""SKT"", ""USA""]",Annualised sector-cost change,,,100.0,25017.308460003063,Millions USD_2010/yr,25017.308460003063,Millions USD_2010/yr,highce_eu,,,,-100.0,ndc_noce,2019.0,,,,,25017.308460003063,25017.308460003063
ndc_highce_eu,NDC,"High CE, EU",c,Global,Aluminium,Aluminium,2024,0.0,%,plotted,"[""Total Annualised Cost|Industry|Non-Ferrous Metals|Aluminum""]",fig08_sector_costs,,,,,,"[""AFE"", ""AFN"", ""AFW"", ""AFZ"", ""ANZ"", ""ASC"", ""ASE"", ""ASO"", ""BRA"", ""CAN"", ""CHL"", ""CHN"", ""ENE"", ""ENW"", ""EUE"", ""EUM"", ""EUW"", ""IDN"", ""IND"", ""JPN"", ""LAM"", ""MDA"", ""MEA"", ""MEX"", ""NIG"", ""RUS"", ""SKT"", ""USA""]",Annualised sector-cost change,,,100.0,98177.01756529351,Millions USD_2010/yr,98177.01756529351,Millions USD_2010/yr,highce_eu,,,,-100.0,ndc_noce,2024.0,,,,,98177.01756529351,98177.01756529351
ndc_highce_eu,NDC,"High CE, EU",c,Global,Aluminium,Aluminium,2030,-1.207890986557451,%,plotted,"[""Total Annualised Cost|Industry|Non-Ferrous Metals|Aluminum""]",fig08_sector_costs,,,,,,"[""AFE"", ""AFN"", ""AFW"", ""AFZ"", ""ANZ"", ""ASC"", ""ASE"", ""ASO"", ""BRA"", ""CAN"", ""CHL"", ""CHN"", ""ENE"", ""ENW"", ""EUE"", ""EUM"", ""EUW"", ""IDN"", ""IND"", ""JPN"", ""LAM"", ""MDA"", ""MEA"", ""MEX"", ""NIG"", ""RUS"", ""SKT"", ""USA""]",Annualised sector-cost change,,,100.0,186766.60403786518,Millions USD_2010/yr,189050.12343896012,Millions USD_2010/yr,highce_eu,,,,-100.0,ndc_noce,2030.0,,,,,186766.60403786518,189050.12343896012
ndc_highce_eu,NDC,"High CE, EU",c,Global,Aluminium,Aluminium,2035,-1.1142888866259546,%,plotted,"[""Total Annualised Cost|Industry|Non-Ferrous Metals|Aluminum""]",fig08_sector_costs,,,,,,"[""AFE"", ""AFN"", ""AFW"", ""AFZ"", ""ANZ"", ""ASC"", ""ASE"", ""ASO"", ""BRA"", ""CAN"", ""CHL"", ""CHN"", ""ENE"", ""ENW"", ""EUE"", ""EUM"", ""EUW"", ""IDN"", ""IND"", ""JPN"", ""LAM"", ""MDA"", ""MEA"", ""MEX"", ""NIG"", ""RUS"", ""SKT"", ""USA""]",Annualised sector-cost change,,,100.0,142230.91523689465,Millions USD_2010/yr,143833.6374745029,Millions USD_2010/yr,highce_eu,,,,-100.0,ndc_noce,2035.0,,,,,142230.91523689465,143833.6374745029
ndc_highce_eu,NDC,"High CE, EU",c,Global,Aluminium,Aluminium,2040,-0.573166306142612,%,plotted,"[""Total Annualised Cost|Industry|Non-Ferrous Metals|Aluminum""]",fig08_sector_costs,,,,,,"[""AFE"", ""AFN"", ""AFW"", ""AFZ"", ""ANZ"", ""ASC"", ""ASE"", ""ASO"", ""BRA"", ""CAN"", ""CHL"", ""CHN"", ""ENE"", ""ENW"", ""EUE"", ""EUM"", ""EUW"", ""IDN"", ""IND"", ""JPN"", ""LAM"", ""MDA"", ""MEA"", ""MEX"", ""NIG"", ""RUS"", ""SKT"", ""USA""]",Annualised sector-cost change,,,100.0,163183.20243697532,Millions USD_2010/yr,164123.9053628405,Millions USD_2010/yr,highce_eu,,,,-100.0,ndc_noce,2040.0,,,,,163183.20243697532,164123.9053628405
ndc_highce_eu,NDC,"High CE, EU",c,Global,Aluminium,Aluminium,2050,-2.622270410280422,%,plotted,"[""Total Annualised Cost|Industry|Non-Ferrous Metals|Aluminum""]",fig08_sector_costs,,,,,,"[""AFE"", ""AFN"", ""AFW"", ""AFZ"", ""ANZ"", ""ASC"", ""ASE"", ""ASO"", ""BRA"", ""CAN"", ""CHL"", ""CHN"", ""ENE"", ""ENW"", ""EUE"", ""EUM"", ""EUW"", ""IDN"", ""IND"", ""JPN"", ""LAM"", ""MDA"", ""MEA"", ""MEX"", ""NIG"", ""RUS"", ""SKT"", ""USA""]",Annualised sector-cost change,,,100.0,147471.44085981118,Millions USD_2010/yr,151442.6773772102,Millions USD_2010/yr,highce_eu,,,,-100.0,ndc_noce,2050.0,,,,,147471.44085981118,151442.6773772102
ndc_medce_gbl,NDC,"Medium CE, EU + partners",c,Global,Aluminium,Aluminium,2019,0.0,%,context,"[""Total Annualised Cost|Industry|Non-Ferrous Metals|Aluminum""]",fig08_sector_costs,,,,,,"[""AFE"", ""AFN"", ""AFW"", ""AFZ"", ""ANZ"", ""ASC"", ""ASE"", ""ASO"", ""BRA"", ""CAN"", ""CHL"", ""CHN"", ""ENE"", ""ENW"", ""EUE"", ""EUM"", ""EUW"", ""IDN"", ""IND"", ""JPN"", ""LAM"", ""MDA"", ""MEA"", ""MEX"", ""NIG"", ""RUS"", ""SKT"", ""USA""]",Annualised sector-cost change,,,100.0,25017.308460003063,Millions USD_2010/yr,25017.308460003063,Millions USD_2010/yr,medce_gbl,,,,-100.0,ndc_noce,2019.0,,,,,25017.308460003063,25017.308460003063
ndc_medce_gbl,NDC,"Medium CE, EU + partners",c,Global,Aluminium,Aluminium,2024,0.0,%,plotted,"[""Total Annualised Cost|Industry|Non-Ferrous Metals|Aluminum""]",fig08_sector_costs,,,,,,"[""AFE"", ""AFN"", ""AFW"", ""AFZ"", ""ANZ"", ""ASC"", ""ASE"", ""ASO"", ""BRA"", ""CAN"", ""CHL"", ""CHN"", ""ENE"", ""ENW"", ""EUE"", ""EUM"", ""EUW"", ""IDN"", ""IND"", ""JPN"", ""LAM"", ""MDA"", ""MEA"", ""MEX"", ""NIG"", ""RUS"", ""SKT"", ""USA""]",Annualised sector-cost change,,,100.0,98177.01756529351,Millions USD_2010/yr,98177.01756529351,Millions USD_2010/yr,medce_gbl,,,,-100.0,ndc_noce,2024.0,,,,,98177.01756529351,98177.01756529351
ndc_medce_gbl,NDC,"Medium CE, EU + partners",c,Global,Aluminium,Aluminium,2030,-20.244983973213827,%,plotted,"[""Total Annualised Cost|Industry|Non-Ferrous Metals|Aluminum""]",fig08_sector_costs,,,,,,"[""AFE"", ""AFN"", ""AFW"", ""AFZ"", ""ANZ"", ""ASC"", ""ASE"", ""ASO"", ""BRA"", ""CAN"", ""CHL"", ""CHN"", ""ENE"", ""ENW"", ""EUE"", ""EUM"", ""EUW"", ""IDN"", ""IND"", ""JPN"", ""LAM"", ""MDA"", ""MEA"", ""MEX"", ""NIG"", ""RUS"", ""SKT"", ""USA""]",Annualised sector-cost change,,,100.0,150776.9562474017,Millions USD_2010/yr,189050.12343896012,Millions USD_2010/yr,medce_gbl,,,,-100.0,ndc_noce,2030.0,,,,,150776.9562474017,189050.12343896012
ndc_medce_gbl,NDC,"Medium CE, EU + partners",c,Global,Aluminium,Aluminium,2035,-13.984455564086337,%,plotted,"[""Total Annualised Cost|Industry|Non-Ferrous Metals|Aluminum""]",fig08_sector_costs,,,,,,"[""AFE"", ""AFN"", ""AFW"", ""AFZ"", ""ANZ"", ""ASC"", ""ASE"", ""ASO"", ""BRA"", ""CAN"", ""CHL"", ""CHN"", ""ENE"", ""ENW"", ""EUE"", ""EUM"", ""EUW"", ""IDN"", ""IND"", ""JPN"", ""LAM"", ""MDA"", ""MEA"", ""MEX"", ""NIG"", ""RUS"", ""SKT"", ""USA""]",Annualised sector-cost change,,,100.0,123719.28635567201,Millions USD_2010/yr,143833.6374745029,Millions USD_2010/yr,medce_gbl,,,,-100.0,ndc_noce,2035.0,,,,,123719.28635567201,143833.6374745029
ndc_medce_gbl,NDC,"Medium CE, EU + partners",c,Global,Aluminium,Aluminium,2040,-16.976797371060247,%,plotted,"[""Total Annualised Cost|Industry|Non-Ferrous Metals|Aluminum""]",fig08_sector_costs,,,,,,"[""AFE"", ""AFN"", ""AFW"", ""AFZ"", ""ANZ"", ""ASC"", ""ASE"", ""ASO"", ""BRA"", ""CAN"", ""CHL"", ""CHN"", ""ENE"", ""ENW"", ""EUE"", ""EUM"", ""EUW"", ""IDN"", ""IND"", ""JPN"", ""LAM"", ""MDA"", ""MEA"", ""MEX"", ""NIG"", ""RUS"", ""SKT"", ""USA""]",Annualised sector-cost change,,,100.0,136260.9225119204,Millions USD_2010/yr,164123.9053628405,Millions USD_2010/yr,medce_gbl,,,,-100.0,ndc_noce,2040.0,,,,,136260.9225119204,164123.9053628405
ndc_medce_gbl,NDC,"Medium CE, EU + partners",c,Global,Aluminium,Aluminium,2050,-23.181830338373903,%,plotted,"[""Total Annualised Cost|Industry|Non-Ferrous Metals|Aluminum""]",fig08_sector_costs,,,,,,"[""AFE"", ""AFN"", ""AFW"", ""AFZ"", ""ANZ"", ""ASC"", ""ASE"", ""ASO"", ""BRA"", ""CAN"", ""CHL"", ""CHN"", ""ENE"", ""ENW"", ""EUE"", ""EUM"", ""EUW"", ""IDN"", ""IND"", ""JPN"", ""LAM"", ""MDA"", ""MEA"", ""MEX"", ""NIG"", ""RUS"", ""SKT"", ""USA""]",Annualised sector-cost change,,,100.0,116335.49284773438,Millions USD_2010/yr,151442.6773772102,Millions USD_2010/yr,medce_gbl,,,,-100.0,ndc_noce,2050.0,,,,,116335.49284773438,151442.6773772102
ndc_highce_gbl,NDC,"High CE, EU + partners",c,Global,Aluminium,Aluminium,2019,0.0,%,context,"[""Total Annualised Cost|Industry|Non-Ferrous Metals|Aluminum""]",fig08_sector_costs,,,,,,"[""AFE"", ""AFN"", ""AFW"", ""AFZ"", ""ANZ"", ""ASC"", ""ASE"", ""ASO"", ""BRA"", ""CAN"", ""CHL"", ""CHN"", ""ENE"", ""ENW"", ""EUE"", ""EUM"", ""EUW"", ""IDN"", ""IND"", ""JPN"", ""LAM"", ""MDA"", ""MEA"", ""MEX"", ""NIG"", ""RUS"", ""SKT"", ""USA""]",Annualised sector-cost change,,,100.0,25017.308460003063,Millions USD_2010/yr,25017.308460003063,Millions USD_2010/yr,highce_gbl,,,,-100.0,ndc_noce,2019.0,,,,,25017.308460003063,25017.308460003063
ndc_highce_gbl,NDC,"High CE, EU + partners",c,Global,Aluminium,Aluminium,2024,0.0,%,plotted,"[""Total Annualised Cost|Industry|Non-Ferrous Metals|Aluminum""]",fig08_sector_costs,,,,,,"[""AFE"", ""AFN"", ""AFW"", ""AFZ"", ""ANZ"", ""ASC"", ""ASE"", ""ASO"", ""BRA"", ""CAN"", ""CHL"", ""CHN"", ""ENE"", ""ENW"", ""EUE"", ""EUM"", ""EUW"", ""IDN"", ""IND"", ""JPN"", ""LAM"", ""MDA"", ""MEA"", ""MEX"", ""NIG"", ""RUS"", ""SKT"", ""USA""]",Annualised sector-cost change,,,100.0,98177.01756529351,Millions USD_2010/yr,98177.01756529351,Millions USD_2010/yr,highce_gbl,,,,-100.0,ndc_noce,2024.0,,,,,98177.01756529351,98177.01756529351
ndc_highce_gbl,NDC,"High CE, EU + partners",c,Global,Aluminium,Aluminium,2030,-29.27533774599777,%,plotted,"[""Total Annualised Cost|Industry|Non-Ferrous Metals|Aluminum""]",fig08_sector_costs,,,,,,"[""AFE"", ""AFN"", ""AFW"", ""AFZ"", ""ANZ"", ""ASC"", ""ASE"", ""ASO"", ""BRA"", ""CAN"", ""CHL"", ""CHN"", ""ENE"", ""ENW"", ""EUE"", ""EUM"", ""EUW"", ""IDN"", ""IND"", ""JPN"", ""LAM"", ""MDA"", ""MEA"", ""MEX"", ""NIG"", ""RUS"", ""SKT"", ""USA""]",Annualised sector-cost change,,,100.0,133705.06129297885,Millions USD_2010/yr,189050.12343896012,Millions USD_2010/yr,highce_gbl,,,,-100.0,ndc_noce,2030.0,,,,,133705.06129297885,189050.12343896012
ndc_highce_gbl,NDC,"High CE, EU + partners",c,Global,Aluminium,Aluminium,2035,-25.890189181218958,%,plotted,"[""Total Annualised Cost|Industry|Non-Ferrous Metals|Aluminum""]",fig08_sector_costs,,,,,,"[""AFE"", ""AFN"", ""AFW"", ""AFZ"", ""ANZ"", ""ASC"", ""ASE"", ""ASO"", ""BRA"", ""CAN"", ""CHL"", ""CHN"", ""ENE"", ""ENW"", ""EUE"", ""EUM"", ""EUW"", ""IDN"", ""IND"", ""JPN"", ""LAM"", ""MDA"", ""MEA"", ""MEX"", ""NIG"", ""RUS"", ""SKT"", ""USA""]",Annualised sector-cost change,,,100.0,106594.83662612546,Millions USD_2010/yr,143833.6374745029,Millions USD_2010/yr,highce_gbl,,,,-100.0,ndc_noce,2035.0,,,,,106594.83662612546,143833.6374745029
ndc_highce_gbl,NDC,"High CE, EU + partners",c,Global,Aluminium,Aluminium,2040,-33.90841336663159,%,plotted,"[""Total Annualised Cost|Industry|Non-Ferrous Metals|Aluminum""]",fig08_sector_costs,,,,,,"[""AFE"", ""AFN"", ""AFW"", ""AFZ"", ""ANZ"", ""ASC"", ""ASE"", ""ASO"", ""BRA"", ""CAN"", ""CHL"", ""CHN"", ""ENE"", ""ENW"", ""EUE"", ""EUM"", ""EUW"", ""IDN"", ""IND"", ""JPN"", ""LAM"", ""MDA"", ""MEA"", ""MEX"", ""NIG"", ""RUS"", ""SKT"", ""USA""]",Annualised sector-cost change,,,100.0,108472.09309894932,Millions USD_2010/yr,164123.9053628405,Millions USD_2010/yr,highce_gbl,,,,-100.0,ndc_noce,2040.0,,,,,108472.09309894932,164123.9053628405
ndc_highce_gbl,NDC,"High CE, EU + partners",c,Global,Aluminium,Aluminium,2050,-44.584080180119805,%,plotted,"[""Total Annualised Cost|Industry|Non-Ferrous Metals|Aluminum""]",fig08_sector_costs,,,,,,"[""AFE"", ""AFN"", ""AFW"", ""AFZ"", ""ANZ"", ""ASC"", ""ASE"", ""ASO"", ""BRA"", ""CAN"", ""CHL"", ""CHN"", ""ENE"", ""ENW"", ""EUE"", ""EUM"", ""EUW"", ""IDN"", ""IND"", ""JPN"", ""LAM"", ""MDA"", ""MEA"", ""MEX"", ""NIG"", ""RUS"", ""SKT"", ""USA""]",Annualised sector-cost change,,,100.0,83923.35266843464,Millions USD_2010/yr,151442.6773772102,Millions USD_2010/yr,highce_gbl,,,,-100.0,ndc_noce,2050.0,,,,,83923.35266843464,151442.6773772102
baseline_noce,NDC+LTT,No CE,d,Global,Cement,Cement,2019,0.0,%,context,"[""Total Annualised Cost|Industry|Non-Metallic Minerals|Cement""]",fig08_sector_costs,,,,,,"[""AFE"", ""AFN"", ""AFW"", ""AFZ"", ""ANZ"", ""ASC"", ""ASE"", ""ASO"", ""BRA"", ""CAN"", ""CHL"", ""CHN"", ""ENE"", ""ENW"", ""EUE"", ""EUM"", ""EUW"", ""IDN"", ""IND"", ""JPN"", ""LAM"", ""MDA"", ""MEA"", ""MEX"", ""NIG"", ""RUS"", ""SKT"", ""USA""]",Annualised sector-cost change,,,100.0,104605.06988172908,Millions USD_2010/yr,104605.06988172908,Millions USD_2010/yr,noce,,,,-100.0,baseline_noce,2019.0,,,,,104605.06988172908,104605.06988172908
baseline_noce,NDC+LTT,No CE,d,Global,Cement,Cement,2024,0.0,%,plotted,"[""Total Annualised Cost|Industry|Non-Metallic Minerals|Cement""]",fig08_sector_costs,,,,,,"[""AFE"", ""AFN"", ""AFW"", ""AFZ"", ""ANZ"", ""ASC"", ""ASE"", ""ASO"", ""BRA"", ""CAN"", ""CHL"", ""CHN"", ""ENE"", ""ENW"", ""EUE"", ""EUM"", ""EUW"", ""IDN"", ""IND"", ""JPN"", ""LAM"", ""MDA"", ""MEA"", ""MEX"", ""NIG"", ""RUS"", ""SKT"", ""USA""]",Annualised sector-cost change,,,100.0,178886.34915972987,Millions USD_2010/yr,178886.34915972987,Millions USD_2010/yr,noce,,,,-100.0,baseline_noce,2024.0,,,,,178886.34915972987,178886.34915972987
baseline_noce,NDC+LTT,No CE,d,Global,Cement,Cement,2030,0.0,%,plotted,"[""Total Annualised Cost|Industry|Non-Metallic Minerals|Cement""]",fig08_sector_costs,,,,,,"[""AFE"", ""AFN"", ""AFW"", ""AFZ"", ""ANZ"", ""ASC"", ""ASE"", ""ASO"", ""BRA"", ""CAN"", ""CHL"", ""CHN"", ""ENE"", ""ENW"", ""EUE"", ""EUM"", ""EUW"", ""IDN"", ""IND"", ""JPN"", ""LAM"", ""MDA"", ""MEA"", ""MEX"", ""NIG"", ""RUS"", ""SKT"", ""USA""]",Annualised sector-cost change,,,100.0,331093.89253432816,Millions USD_2010/yr,331093.89253432816,Millions USD_2010/yr,noce,,,,-100.0,baseline_noce,2030.0,,,,,331093.89253432816,331093.89253432816
baseline_noce,NDC+LTT,No CE,d,Global,Cement,Cement,2035,0.0,%,plotted,"[""Total Annualised Cost|Industry|Non-Metallic Minerals|Cement""]",fig08_sector_costs,,,,,,"[""AFE"", ""AFN"", ""AFW"", ""AFZ"", ""ANZ"", ""ASC"", ""ASE"", ""ASO"", ""BRA"", ""CAN"", ""CHL"", ""CHN"", ""ENE"", ""ENW"", ""EUE"", ""EUM"", ""EUW"", ""IDN"", ""IND"", ""JPN"", ""LAM"", ""MDA"", ""MEA"", ""MEX"", ""NIG"", ""RUS"", ""SKT"", ""USA""]",Annualised sector-cost change,,,100.0,422932.6031034711,Millions USD_2010/yr,422932.6031034711,Millions USD_2010/yr,noce,,,,-100.0,baseline_noce,2035.0,,,,,422932.6031034711,422932.6031034711
baseline_noce,NDC+LTT,No CE,d,Global,Cement,Cement,2040,0.0,%,plotted,"[""Total Annualised Cost|Industry|Non-Metallic Minerals|Cement""]",fig08_sector_costs,,,,,,"[""AFE"", ""AFN"", ""AFW"", ""AFZ"", ""ANZ"", ""ASC"", ""ASE"", ""ASO"", ""BRA"", ""CAN"", ""CHL"", ""CHN"", ""ENE"", ""ENW"", ""EUE"", ""EUM"", ""EUW"", ""IDN"", ""IND"", ""JPN"", ""LAM"", ""MDA"", ""MEA"", ""MEX"", ""NIG"", ""RUS"", ""SKT"", ""USA""]",Annualised sector-cost change,,,100.0,584114.6752148796,Millions USD_2010/yr,584114.6752148796,Millions USD_2010/yr,noce,,,,-100.0,baseline_noce,2040.0,,,,,584114.6752148796,584114.6752148796
baseline_noce,NDC+LTT,No CE,d,Global,Cement,Cement,2050,0.0,%,plotted,"[""Total Annualised Cost|Industry|Non-Metallic Minerals|Cement""]",fig08_sector_costs,,,,,,"[""AFE"", ""AFN"", ""AFW"", ""AFZ"", ""ANZ"", ""ASC"", ""ASE"", ""ASO"", ""BRA"", ""CAN"", ""CHL"", ""CHN"", ""ENE"", ""ENW"", ""EUE"", ""EUM"", ""EUW"", ""IDN"", ""IND"", ""JPN"", ""LAM"", ""MDA"", ""MEA"", ""MEX"", ""NIG"", ""RUS"", ""SKT"", ""USA""]",Annualised sector-cost change,,,100.0,777142.3333003584,Millions USD_2010/yr,777142.3333003584,Millions USD_2010/yr,noce,,,,-100.0,baseline_noce,2050.0,,,,,777142.3333003584,777142.3333003584
baseline_medce_eu,NDC+LTT,"Medium CE, EU",d,Global,Cement,Cement,2019,0.0,%,context,"[""Total Annualised Cost|Industry|Non-Metallic Minerals|Cement""]",fig08_sector_costs,,,,,,"[""AFE"", ""AFN"", ""AFW"", ""AFZ"", ""ANZ"", ""ASC"", ""ASE"", ""ASO"", ""BRA"", ""CAN"", ""CHL"", ""CHN"", ""ENE"", ""ENW"", ""EUE"", ""EUM"", ""EUW"", ""IDN"", ""IND"", ""JPN"", ""LAM"", ""MDA"", ""MEA"", ""MEX"", ""NIG"", ""RUS"", ""SKT"", ""USA""]",Annualised sector-cost change,,,100.0,104605.06988172908,Millions USD_2010/yr,104605.06988172908,Millions USD_2010/yr,medce_eu,,,,-100.0,baseline_noce,2019.0,,,,,104605.06988172908,104605.06988172908
baseline_medce_eu,NDC+LTT,"Medium CE, EU",d,Global,Cement,Cement,2024,0.0,%,plotted,"[""Total Annualised Cost|Industry|Non-Metallic Minerals|Cement""]",fig08_sector_costs,,,,,,"[""AFE"", ""AFN"", ""AFW"", ""AFZ"", ""ANZ"", ""ASC"", ""ASE"", ""ASO"", ""BRA"", ""CAN"", ""CHL"", ""CHN"", ""ENE"", ""ENW"", ""EUE"", ""EUM"", ""EUW"", ""IDN"", ""IND"", ""JPN"", ""LAM"", ""MDA"", ""MEA"", ""MEX"", ""NIG"", ""RUS"", ""SKT"", ""USA""]",Annualised sector-cost change,,,100.0,178886.34915972987,Millions USD_2010/yr,178886.34915972987,Millions USD_2010/yr,medce_eu,,,,-100.0,baseline_noce,2024.0,,,,,178886.34915972987,178886.34915972987
baseline_medce_eu,NDC+LTT,"Medium CE, EU",d,Global,Cement,Cement,2030,1.7301272390930162,%,plotted,"[""Total Annualised Cost|Industry|Non-Metallic Minerals|Cement""]",fig08_sector_costs,,,,,,"[""AFE"", ""AFN"", ""AFW"", ""AFZ"", ""ANZ"", ""ASC"", ""ASE"", ""ASO"", ""BRA"", ""CAN"", ""CHL"", ""CHN"", ""ENE"", ""ENW"", ""EUE"", ""EUM"", ""EUW"", ""IDN"", ""IND"", ""JPN"", ""LAM"", ""MDA"", ""MEA"", ""MEX"", ""NIG"", ""RUS"", ""SKT"", ""USA""]",Annualised sector-cost change,,,100.0,336822.2381560379,Millions USD_2010/yr,331093.89253432816,Millions USD_2010/yr,medce_eu,,,,-100.0,baseline_noce,2030.0,,,,,336822.2381560379,331093.89253432816
baseline_medce_eu,NDC+LTT,"Medium CE, EU",d,Global,Cement,Cement,2035,1.8102708644152448,%,plotted,"[""Total Annualised Cost|Industry|Non-Metallic Minerals|Cement""]",fig08_sector_costs,,,,,,"[""AFE"", ""AFN"", ""AFW"", ""AFZ"", ""ANZ"", ""ASC"", ""ASE"", ""ASO"", ""BRA"", ""CAN"", ""CHL"", ""CHN"", ""ENE"", ""ENW"", ""EUE"", ""EUM"", ""EUW"", ""IDN"", ""IND"", ""JPN"", ""LAM"", ""MDA"", ""MEA"", ""MEX"", ""NIG"", ""RUS"", ""SKT"", ""USA""]",Annualised sector-cost change,,,100.0,430588.8287935662,Millions USD_2010/yr,422932.6031034711,Millions USD_2010/yr,medce_eu,,,,-100.0,baseline_noce,2035.0,,,,,430588.8287935662,422932.6031034711
baseline_medce_eu,NDC+LTT,"Medium CE, EU",d,Global,Cement,Cement,2040,1.5000521163198943,%,plotted,"[""Total Annualised Cost|Industry|Non-Metallic Minerals|Cement""]",fig08_sector_costs,,,,,,"[""AFE"", ""AFN"", ""AFW"", ""AFZ"", ""ANZ"", ""ASC"", ""ASE"", ""ASO"", ""BRA"", ""CAN"", ""CHL"", ""CHN"", ""ENE"", ""ENW"", ""EUE"", ""EUM"", ""EUW"", ""IDN"", ""IND"", ""JPN"", ""LAM"", ""MDA"", ""MEA"", ""MEX"", ""NIG"", ""RUS"", ""SKT"", ""USA""]",Annualised sector-cost change,,,100.0,592876.6997621754,Millions USD_2010/yr,584114.6752148796,Millions USD_2010/yr,medce_eu,,,,-100.0,baseline_noce,2040.0,,,,,592876.6997621754,584114.6752148796
baseline_medce_eu,NDC+LTT,"Medium CE, EU",d,Global,Cement,Cement,2050,1.042496519416319,%,plotted,"[""Total Annualised Cost|Industry|Non-Metallic Minerals|Cement""]",fig08_sector_costs,,,,,,"[""AFE"", ""AFN"", ""AFW"", ""AFZ"", ""ANZ"", ""ASC"", ""ASE"", ""ASO"", ""BRA"", ""CAN"", ""CHL"", ""CHN"", ""ENE"", ""ENW"", ""EUE"", ""EUM"", ""EUW"", ""IDN"", ""IND"", ""JPN"", ""LAM"", ""MDA"", ""MEA"", ""MEX"", ""NIG"", ""RUS"", ""SKT"", ""USA""]",Annualised sector-cost change,,,100.0,785244.0150759254,Millions USD_2010/yr,777142.3333003584,Millions USD_2010/yr,medce_eu,,,,-100.0,baseline_noce,2050.0,,,,,785244.0150759254,777142.3333003584
baseline_highce_eu,NDC+LTT,"High CE, EU",d,Global,Cement,Cement,2019,0.0,%,context,"[""Total Annualised Cost|Industry|Non-Metallic Minerals|Cement""]",fig08_sector_costs,,,,,,"[""AFE"", ""AFN"", ""AFW"", ""AFZ"", ""ANZ"", ""ASC"", ""ASE"", ""ASO"", ""BRA"", ""CAN"", ""CHL"", ""CHN"", ""ENE"", ""ENW"", ""EUE"", ""EUM"", ""EUW"", ""IDN"", ""IND"", ""JPN"", ""LAM"", ""MDA"", ""MEA"", ""MEX"", ""NIG"", ""RUS"", ""SKT"", ""USA""]",Annualised sector-cost change,,,100.0,104605.06988172908,Millions USD_2010/yr,104605.06988172908,Millions USD_2010/yr,highce_eu,,,,-100.0,baseline_noce,2019.0,,,,,104605.06988172908,104605.06988172908
baseline_highce_eu,NDC+LTT,"High CE, EU",d,Global,Cement,Cement,2024,0.0,%,plotted,"[""Total Annualised Cost|Industry|Non-Metallic Minerals|Cement""]",fig08_sector_costs,,,,,,"[""AFE"", ""AFN"", ""AFW"", ""AFZ"", ""ANZ"", ""ASC"", ""ASE"", ""ASO"", ""BRA"", ""CAN"", ""CHL"", ""CHN"", ""ENE"", ""ENW"", ""EUE"", ""EUM"", ""EUW"", ""IDN"", ""IND"", ""JPN"", ""LAM"", ""MDA"", ""MEA"", ""MEX"", ""NIG"", ""RUS"", ""SKT"", ""USA""]",Annualised sector-cost change,,,100.0,178886.34915972987,Millions USD_2010/yr,178886.34915972987,Millions USD_2010/yr,highce_eu,,,,-100.0,baseline_noce,2024.0,,,,,178886.34915972987,178886.34915972987
baseline_highce_eu,NDC+LTT,"High CE, EU",d,Global,Cement,Cement,2030,1.4917069482631589,%,plotted,"[""Total Annualised Cost|Industry|Non-Metallic Minerals|Cement""]",fig08_sector_costs,,,,,,"[""AFE"", ""AFN"", ""AFW"", ""AFZ"", ""ANZ"", ""ASC"", ""ASE"", ""ASO"", ""BRA"", ""CAN"", ""CHL"", ""CHN"", ""ENE"", ""ENW"", ""EUE"", ""EUM"", ""EUW"", ""IDN"", ""IND"", ""JPN"", ""LAM"", ""MDA"", ""MEA"", ""MEX"", ""NIG"", ""RUS"", ""SKT"", ""USA""]",Annualised sector-cost change,,,100.0,336032.8431345377,Millions USD_2010/yr,331093.89253432816,Millions USD_2010/yr,highce_eu,,,,-100.0,baseline_noce,2030.0,,,,,336032.8431345377,331093.89253432816
baseline_highce_eu,NDC+LTT,"High CE, EU",d,Global,Cement,Cement,2035,1.4741575713783652,%,plotted,"[""Total Annualised Cost|Industry|Non-Metallic Minerals|Cement""]",fig08_sector_costs,,,,,,"[""AFE"", ""AFN"", ""AFW"", ""AFZ"", ""ANZ"", ""ASC"", ""ASE"", ""ASO"", ""BRA"", ""CAN"", ""CHL"", ""CHN"", ""ENE"", ""ENW"", ""EUE"", ""EUM"", ""EUW"", ""IDN"", ""IND"", ""JPN"", ""LAM"", ""MDA"", ""MEA"", ""MEX"", ""NIG"", ""RUS"", ""SKT"", ""USA""]",Annualised sector-cost change,,,100.0,429167.29609394853,Millions USD_2010/yr,422932.6031034711,Millions USD_2010/yr,highce_eu,,,,-100.0,baseline_noce,2035.0,,,,,429167.29609394853,422932.6031034711
baseline_highce_eu,NDC+LTT,"High CE, EU",d,Global,Cement,Cement,2040,1.1599875086629154,%,plotted,"[""Total Annualised Cost|Industry|Non-Metallic Minerals|Cement""]",fig08_sector_costs,,,,,,"[""AFE"", ""AFN"", ""AFW"", ""AFZ"", ""ANZ"", ""ASC"", ""ASE"", ""ASO"", ""BRA"", ""CAN"", ""CHL"", ""CHN"", ""ENE"", ""ENW"", ""EUE"", ""EUM"", ""EUW"", ""IDN"", ""IND"", ""JPN"", ""LAM"", ""MDA"", ""MEA"", ""MEX"", ""NIG"", ""RUS"", ""SKT"", ""USA""]",Annualised sector-cost change,,,100.0,590890.3324836391,Millions USD_2010/yr,584114.6752148796,Millions USD_2010/yr,highce_eu,,,,-100.0,baseline_noce,2040.0,,,,,590890.3324836391,584114.6752148796
baseline_highce_eu,NDC+LTT,"High CE, EU",d,Global,Cement,Cement,2050,0.6619556295383745,%,plotted,"[""Total Annualised Cost|Industry|Non-Metallic Minerals|Cement""]",fig08_sector_costs,,,,,,"[""AFE"", ""AFN"", ""AFW"", ""AFZ"", ""ANZ"", ""ASC"", ""ASE"", ""ASO"", ""BRA"", ""CAN"", ""CHL"", ""CHN"", ""ENE"", ""ENW"", ""EUE"", ""EUM"", ""EUW"", ""IDN"", ""IND"", ""JPN"", ""LAM"", ""MDA"", ""MEA"", ""MEX"", ""NIG"", ""RUS"", ""SKT"", ""USA""]",Annualised sector-cost change,,,100.0,782286.670725166,Millions USD_2010/yr,777142.3333003584,Millions USD_2010/yr,highce_eu,,,,-100.0,baseline_noce,2050.0,,,,,782286.670725166,777142.3333003584
baseline_medce_gbl,NDC+LTT,"Medium CE, EU + partners",d,Global,Cement,Cement,2019,0.0,%,context,"[""Total Annualised Cost|Industry|Non-Metallic Minerals|Cement""]",fig08_sector_costs,,,,,,"[""AFE"", ""AFN"", ""AFW"", ""AFZ"", ""ANZ"", ""ASC"", ""ASE"", ""ASO"", ""BRA"", ""CAN"", ""CHL"", ""CHN"", ""ENE"", ""ENW"", ""EUE"", ""EUM"", ""EUW"", ""IDN"", ""IND"", ""JPN"", ""LAM"", ""MDA"", ""MEA"", ""MEX"", ""NIG"", ""RUS"", ""SKT"", ""USA""]",Annualised sector-cost change,,,100.0,104605.06988172908,Millions USD_2010/yr,104605.06988172908,Millions USD_2010/yr,medce_gbl,,,,-100.0,baseline_noce,2019.0,,,,,104605.06988172908,104605.06988172908
baseline_medce_gbl,NDC+LTT,"Medium CE, EU + partners",d,Global,Cement,Cement,2024,0.0,%,plotted,"[""Total Annualised Cost|Industry|Non-Metallic Minerals|Cement""]",fig08_sector_costs,,,,,,"[""AFE"", ""AFN"", ""AFW"", ""AFZ"", ""ANZ"", ""ASC"", ""ASE"", ""ASO"", ""BRA"", ""CAN"", ""CHL"", ""CHN"", ""ENE"", ""ENW"", ""EUE"", ""EUM"", ""EUW"", ""IDN"", ""IND"", ""JPN"", ""LAM"", ""MDA"", ""MEA"", ""MEX"", ""NIG"", ""RUS"", ""SKT"", ""USA""]",Annualised sector-cost change,,,100.0,178886.34915972987,Millions USD_2010/yr,178886.34915972987,Millions USD_2010/yr,medce_gbl,,,,-100.0,baseline_noce,2024.0,,,,,178886.34915972987,178886.34915972987
baseline_medce_gbl,NDC+LTT,"Medium CE, EU + partners",d,Global,Cement,Cement,2030,-6.412645812548309,%,plotted,"[""Total Annualised Cost|Industry|Non-Metallic Minerals|Cement""]",fig08_sector_costs,,,,,,"[""AFE"", ""AFN"", ""AFW"", ""AFZ"", ""ANZ"", ""ASC"", ""ASE"", ""ASO"", ""BRA"", ""CAN"", ""CHL"", ""CHN"", ""ENE"", ""ENW"", ""EUE"", ""EUM"", ""EUW"", ""IDN"", ""IND"", ""JPN"", ""LAM"", ""MDA"", ""MEA"", ""MEX"", ""NIG"", ""RUS"", ""SKT"", ""USA""]",Annualised sector-cost change,,,100.0,309862.01389912236,Millions USD_2010/yr,331093.89253432816,Millions USD_2010/yr,medce_gbl,,,,-100.0,baseline_noce,2030.0,,,,,309862.01389912236,331093.89253432816
baseline_medce_gbl,NDC+LTT,"Medium CE, EU + partners",d,Global,Cement,Cement,2035,-7.954013143123821,%,plotted,"[""Total Annualised Cost|Industry|Non-Metallic Minerals|Cement""]",fig08_sector_costs,,,,,,"[""AFE"", ""AFN"", ""AFW"", ""AFZ"", ""ANZ"", ""ASC"", ""ASE"", ""ASO"", ""BRA"", ""CAN"", ""CHL"", ""CHN"", ""ENE"", ""ENW"", ""EUE"", ""EUM"", ""EUW"", ""IDN"", ""IND"", ""JPN"", ""LAM"", ""MDA"", ""MEA"", ""MEX"", ""NIG"", ""RUS"", ""SKT"", ""USA""]",Annualised sector-cost change,,,100.0,389292.4882660653,Millions USD_2010/yr,422932.6031034711,Millions USD_2010/yr,medce_gbl,,,,-100.0,baseline_noce,2035.0,,,,,389292.4882660653,422932.6031034711
baseline_medce_gbl,NDC+LTT,"Medium CE, EU + partners",d,Global,Cement,Cement,2040,-8.807290470349106,%,plotted,"[""Total Annualised Cost|Industry|Non-Metallic Minerals|Cement""]",fig08_sector_costs,,,,,,"[""AFE"", ""AFN"", ""AFW"", ""AFZ"", ""ANZ"", ""ASC"", ""ASE"", ""ASO"", ""BRA"", ""CAN"", ""CHL"", ""CHN"", ""ENE"", ""ENW"", ""EUE"", ""EUM"", ""EUW"", ""IDN"", ""IND"", ""JPN"", ""LAM"", ""MDA"", ""MEA"", ""MEX"", ""NIG"", ""RUS"", ""SKT"", ""USA""]",Annualised sector-cost change,,,100.0,532669.9990887688,Millions USD_2010/yr,584114.6752148796,Millions USD_2010/yr,medce_gbl,,,,-100.0,baseline_noce,2040.0,,,,,532669.9990887688,584114.6752148796
baseline_medce_gbl,NDC+LTT,"Medium CE, EU + partners",d,Global,Cement,Cement,2050,-10.040780189119213,%,plotted,"[""Total Annualised Cost|Industry|Non-Metallic Minerals|Cement""]",fig08_sector_costs,,,,,,"[""AFE"", ""AFN"", ""AFW"", ""AFZ"", ""ANZ"", ""ASC"", ""ASE"", ""ASO"", ""BRA"", ""CAN"", ""CHL"", ""CHN"", ""ENE"", ""ENW"", ""EUE"", ""EUM"", ""EUW"", ""IDN"", ""IND"", ""JPN"", ""LAM"", ""MDA"", ""MEA"", ""MEX"", ""NIG"", ""RUS"", ""SKT"", ""USA""]",Annualised sector-cost change,,,100.0,699111.1798570772,Millions USD_2010/yr,777142.3333003584,Millions USD_2010/yr,medce_gbl,,,,-100.0,baseline_noce,2050.0,,,,,699111.1798570772,777142.3333003584
baseline_highce_gbl,NDC+LTT,"High CE, EU + partners",d,Global,Cement,Cement,2019,0.0,%,context,"[""Total Annualised Cost|Industry|Non-Metallic Minerals|Cement""]",fig08_sector_costs,,,,,,"[""AFE"", ""AFN"", ""AFW"", ""AFZ"", ""ANZ"", ""ASC"", ""ASE"", ""ASO"", ""BRA"", ""CAN"", ""CHL"", ""CHN"", ""ENE"", ""ENW"", ""EUE"", ""EUM"", ""EUW"", ""IDN"", ""IND"", ""JPN"", ""LAM"", ""MDA"", ""MEA"", ""MEX"", ""NIG"", ""RUS"", ""SKT"", ""USA""]",Annualised sector-cost change,,,100.0,104605.06988172908,Millions USD_2010/yr,104605.06988172908,Millions USD_2010/yr,highce_gbl,,,,-100.0,baseline_noce,2019.0,,,,,104605.06988172908,104605.06988172908
baseline_highce_gbl,NDC+LTT,"High CE, EU + partners",d,Global,Cement,Cement,2024,0.0,%,plotted,"[""Total Annualised Cost|Industry|Non-Metallic Minerals|Cement""]",fig08_sector_costs,,,,,,"[""AFE"", ""AFN"", ""AFW"", ""AFZ"", ""ANZ"", ""ASC"", ""ASE"", ""ASO"", ""BRA"", ""CAN"", ""CHL"", ""CHN"", ""ENE"", ""ENW"", ""EUE"", ""EUM"", ""EUW"", ""IDN"", ""IND"", ""JPN"", ""LAM"", ""MDA"", ""MEA"", ""MEX"", ""NIG"", ""RUS"", ""SKT"", ""USA""]",Annualised sector-cost change,,,100.0,178886.34915972987,Millions USD_2010/yr,178886.34915972987,Millions USD_2010/yr,highce_gbl,,,,-100.0,baseline_noce,2024.0,,,,,178886.34915972987,178886.34915972987
baseline_highce_gbl,NDC+LTT,"High CE, EU + partners",d,Global,Cement,Cement,2030,-9.368616847243306,%,plotted,"[""Total Annualised Cost|Industry|Non-Metallic Minerals|Cement""]",fig08_sector_costs,,,,,,"[""AFE"", ""AFN"", ""AFW"", ""AFZ"", ""ANZ"", ""ASC"", ""ASE"", ""ASO"", ""BRA"", ""CAN"", ""CHL"", ""CHN"", ""ENE"", ""ENW"", ""EUE"", ""EUM"", ""EUW"", ""IDN"", ""IND"", ""JPN"", ""LAM"", ""MDA"", ""MEA"", ""MEX"", ""NIG"", ""RUS"", ""SKT"", ""USA""]",Annualised sector-cost change,,,100.0,300074.97433816345,Millions USD_2010/yr,331093.89253432816,Millions USD_2010/yr,highce_gbl,,,,-100.0,baseline_noce,2030.0,,,,,300074.97433816345,331093.89253432816
baseline_highce_gbl,NDC+LTT,"High CE, EU + partners",d,Global,Cement,Cement,2035,-12.373329859135348,%,plotted,"[""Total Annualised Cost|Industry|Non-Metallic Minerals|Cement""]",fig08_sector_costs,,,,,,"[""AFE"", ""AFN"", ""AFW"", ""AFZ"", ""ANZ"", ""ASC"", ""ASE"", ""ASO"", ""BRA"", ""CAN"", ""CHL"", ""CHN"", ""ENE"", ""ENW"", ""EUE"", ""EUM"", ""EUW"", ""IDN"", ""IND"", ""JPN"", ""LAM"", ""MDA"", ""MEA"", ""MEX"", ""NIG"", ""RUS"", ""SKT"", ""USA""]",Annualised sector-cost change,,,100.0,370601.7570396509,Millions USD_2010/yr,422932.6031034711,Millions USD_2010/yr,highce_gbl,,,,-100.0,baseline_noce,2035.0,,,,,370601.7570396509,422932.6031034711
baseline_highce_gbl,NDC+LTT,"High CE, EU + partners",d,Global,Cement,Cement,2040,-16.17516271854847,%,plotted,"[""Total Annualised Cost|Industry|Non-Metallic Minerals|Cement""]",fig08_sector_costs,,,,,,"[""AFE"", ""AFN"", ""AFW"", ""AFZ"", ""ANZ"", ""ASC"", ""ASE"", ""ASO"", ""BRA"", ""CAN"", ""CHL"", ""CHN"", ""ENE"", ""ENW"", ""EUE"", ""EUM"", ""EUW"", ""IDN"", ""IND"", ""JPN"", ""LAM"", ""MDA"", ""MEA"", ""MEX"", ""NIG"", ""RUS"", ""SKT"", ""USA""]",Annualised sector-cost change,,,100.0,489633.1760359519,Millions USD_2010/yr,584114.6752148796,Millions USD_2010/yr,highce_gbl,,,,-100.0,baseline_noce,2040.0,,,,,489633.1760359519,584114.6752148796
baseline_highce_gbl,NDC+LTT,"High CE, EU + partners",d,Global,Cement,Cement,2050,-18.42693094683288,%,plotted,"[""Total Annualised Cost|Industry|Non-Metallic Minerals|Cement""]",fig08_sector_costs,,,,,,"[""AFE"", ""AFN"", ""AFW"", ""AFZ"", ""ANZ"", ""ASC"", ""ASE"", ""ASO"", ""BRA"", ""CAN"", ""CHL"", ""CHN"", ""ENE"", ""ENW"", ""EUE"", ""EUM"", ""EUW"", ""IDN"", ""IND"", ""JPN"", ""LAM"", ""MDA"", ""MEA"", ""MEX"", ""NIG"", ""RUS"", ""SKT"", ""USA""]",Annualised sector-cost change,,,100.0,633938.8521844955,Millions USD_2010/yr,777142.3333003584,Millions USD_2010/yr,highce_gbl,,,,-100.0,baseline_noce,2050.0,,,,,633938.8521844955,777142.3333003584
baseline_noce,NDC+LTT,No CE,e,Global,Iron and steel,Iron and steel,2019,0.0,%,context,"[""Total Annualised Cost|Industry|Iron and Steel""]",fig08_sector_costs,,,,,,"[""AFE"", ""AFN"", ""AFW"", ""AFZ"", ""ANZ"", ""ASC"", ""ASE"", ""ASO"", ""BRA"", ""CAN"", ""CHL"", ""CHN"", ""ENE"", ""ENW"", ""EUE"", ""EUM"", ""EUW"", ""IDN"", ""IND"", ""JPN"", ""LAM"", ""MDA"", ""MEA"", ""MEX"", ""NIG"", ""RUS"", ""SKT"", ""USA""]",Annualised sector-cost change,,,100.0,4959455.128965229,Millions USD_2010/yr,4959455.128965229,Millions USD_2010/yr,noce,,,,-100.0,baseline_noce,2019.0,,,,,4959455.128965229,4959455.128965229
baseline_noce,NDC+LTT,No CE,e,Global,Iron and steel,Iron and steel,2024,0.0,%,plotted,"[""Total Annualised Cost|Industry|Iron and Steel""]",fig08_sector_costs,,,,,,"[""AFE"", ""AFN"", ""AFW"", ""AFZ"", ""ANZ"", ""ASC"", ""ASE"", ""ASO"", ""BRA"", ""CAN"", ""CHL"", ""CHN"", ""ENE"", ""ENW"", ""EUE"", ""EUM"", ""EUW"", ""IDN"", ""IND"", ""JPN"", ""LAM"", ""MDA"", ""MEA"", ""MEX"", ""NIG"", ""RUS"", ""SKT"", ""USA""]",Annualised sector-cost change,,,100.0,201938.09721133878,Millions USD_2010/yr,201938.09721133878,Millions USD_2010/yr,noce,,,,-100.0,baseline_noce,2024.0,,,,,201938.09721133878,201938.09721133878
baseline_noce,NDC+LTT,No CE,e,Global,Iron and steel,Iron and steel,2030,0.0,%,plotted,"[""Total Annualised Cost|Industry|Iron and Steel""]",fig08_sector_costs,,,,,,"[""AFE"", ""AFN"", ""AFW"", ""AFZ"", ""ANZ"", ""ASC"", ""ASE"", ""ASO"", ""BRA"", ""CAN"", ""CHL"", ""CHN"", ""ENE"", ""ENW"", ""EUE"", ""EUM"", ""EUW"", ""IDN"", ""IND"", ""JPN"", ""LAM"", ""MDA"", ""MEA"", ""MEX"", ""NIG"", ""RUS"", ""SKT"", ""USA""]",Annualised sector-cost change,,,100.0,295982.7557650916,Millions USD_2010/yr,295982.7557650916,Millions USD_2010/yr,noce,,,,-100.0,baseline_noce,2030.0,,,,,295982.7557650916,295982.7557650916
baseline_noce,NDC+LTT,No CE,e,Global,Iron and steel,Iron and steel,2035,0.0,%,plotted,"[""Total Annualised Cost|Industry|Iron and Steel""]",fig08_sector_costs,,,,,,"[""AFE"", ""AFN"", ""AFW"", ""AFZ"", ""ANZ"", ""ASC"", ""ASE"", ""ASO"", ""BRA"", ""CAN"", ""CHL"", ""CHN"", ""ENE"", ""ENW"", ""EUE"", ""EUM"", ""EUW"", ""IDN"", ""IND"", ""JPN"", ""LAM"", ""MDA"", ""MEA"", ""MEX"", ""NIG"", ""RUS"", ""SKT"", ""USA""]",Annualised sector-cost change,,,100.0,319762.7455424265,Millions USD_2010/yr,319762.7455424265,Millions USD_2010/yr,noce,,,,-100.0,baseline_noce,2035.0,,,,,319762.7455424265,319762.7455424265
baseline_noce,NDC+LTT,No CE,e,Global,Iron and steel,Iron and steel,2040,0.0,%,plotted,"[""Total Annualised Cost|Industry|Iron and Steel""]",fig08_sector_costs,,,,,,"[""AFE"", ""AFN"", ""AFW"", ""AFZ"", ""ANZ"", ""ASC"", ""ASE"", ""ASO"", ""BRA"", ""CAN"", ""CHL"", ""CHN"", ""ENE"", ""ENW"", ""EUE"", ""EUM"", ""EUW"", ""IDN"", ""IND"", ""JPN"", ""LAM"", ""MDA"", ""MEA"", ""MEX"", ""NIG"", ""RUS"", ""SKT"", ""USA""]",Annualised sector-cost change,,,100.0,511224.19724813633,Millions USD_2010/yr,511224.19724813633,Millions USD_2010/yr,noce,,,,-100.0,baseline_noce,2040.0,,,,,511224.19724813633,511224.19724813633
baseline_noce,NDC+LTT,No CE,e,Global,Iron and steel,Iron and steel,2050,0.0,%,plotted,"[""Total Annualised Cost|Industry|Iron and Steel""]",fig08_sector_costs,,,,,,"[""AFE"", ""AFN"", ""AFW"", ""AFZ"", ""ANZ"", ""ASC"", ""ASE"", ""ASO"", ""BRA"", ""CAN"", ""CHL"", ""CHN"", ""ENE"", ""ENW"", ""EUE"", ""EUM"", ""EUW"", ""IDN"", ""IND"", ""JPN"", ""LAM"", ""MDA"", ""MEA"", ""MEX"", ""NIG"", ""RUS"", ""SKT"", ""USA""]",Annualised sector-cost change,,,100.0,709327.2214321663,Millions USD_2010/yr,709327.2214321663,Millions USD_2010/yr,noce,,,,-100.0,baseline_noce,2050.0,,,,,709327.2214321663,709327.2214321663
baseline_medce_eu,NDC+LTT,"Medium CE, EU",e,Global,Iron and steel,Iron and steel,2019,0.0,%,context,"[""Total Annualised Cost|Industry|Iron and Steel""]",fig08_sector_costs,,,,,,"[""AFE"", ""AFN"", ""AFW"", ""AFZ"", ""ANZ"", ""ASC"", ""ASE"", ""ASO"", ""BRA"", ""CAN"", ""CHL"", ""CHN"", ""ENE"", ""ENW"", ""EUE"", ""EUM"", ""EUW"", ""IDN"", ""IND"", ""JPN"", ""LAM"", ""MDA"", ""MEA"", ""MEX"", ""NIG"", ""RUS"", ""SKT"", ""USA""]",Annualised sector-cost change,,,100.0,4959455.128965229,Millions USD_2010/yr,4959455.128965229,Millions USD_2010/yr,medce_eu,,,,-100.0,baseline_noce,2019.0,,,,,4959455.128965229,4959455.128965229
baseline_medce_eu,NDC+LTT,"Medium CE, EU",e,Global,Iron and steel,Iron and steel,2024,1.441225348690645e-14,%,plotted,"[""Total Annualised Cost|Industry|Iron and Steel""]",fig08_sector_costs,,,,,,"[""AFE"", ""AFN"", ""AFW"", ""AFZ"", ""ANZ"", ""ASC"", ""ASE"", ""ASO"", ""BRA"", ""CAN"", ""CHL"", ""CHN"", ""ENE"", ""ENW"", ""EUE"", ""EUM"", ""EUW"", ""IDN"", ""IND"", ""JPN"", ""LAM"", ""MDA"", ""MEA"", ""MEX"", ""NIG"", ""RUS"", ""SKT"", ""USA""]",Annualised sector-cost change,,,100.0,201938.0972113388,Millions USD_2010/yr,201938.09721133878,Millions USD_2010/yr,medce_eu,,,,-100.0,baseline_noce,2024.0,,,,,201938.0972113388,201938.09721133878
baseline_medce_eu,NDC+LTT,"Medium CE, EU",e,Global,Iron and steel,Iron and steel,2030,-3.451140440032631,%,plotted,"[""Total Annualised Cost|Industry|Iron and Steel""]",fig08_sector_costs,,,,,,"[""AFE"", ""AFN"", ""AFW"", ""AFZ"", ""ANZ"", ""ASC"", ""ASE"", ""ASO"", ""BRA"", ""CAN"", ""CHL"", ""CHN"", ""ENE"", ""ENW"", ""EUE"", ""EUM"", ""EUW"", ""IDN"", ""IND"", ""JPN"", ""LAM"", ""MDA"", ""MEA"", ""MEX"", ""NIG"", ""RUS"", ""SKT"", ""USA""]",Annualised sector-cost change,,,100.0,285767.97518535954,Millions USD_2010/yr,295982.7557650916,Millions USD_2010/yr,medce_eu,,,,-100.0,baseline_noce,2030.0,,,,,285767.97518535954,295982.7557650916
baseline_medce_eu,NDC+LTT,"Medium CE, EU",e,Global,Iron and steel,Iron and steel,2035,-3.3478284574744133,%,plotted,"[""Total Annualised Cost|Industry|Iron and Steel""]",fig08_sector_costs,,,,,,"[""AFE"", ""AFN"", ""AFW"", ""AFZ"", ""ANZ"", ""ASC"", ""ASE"", ""ASO"", ""BRA"", ""CAN"", ""CHL"", ""CHN"", ""ENE"", ""ENW"", ""EUE"", ""EUM"", ""EUW"", ""IDN"", ""IND"", ""JPN"", ""LAM"", ""MDA"", ""MEA"", ""MEX"", ""NIG"", ""RUS"", ""SKT"", ""USA""]",Annualised sector-cost change,,,100.0,309057.6373507556,Millions USD_2010/yr,319762.7455424265,Millions USD_2010/yr,medce_eu,,,,-100.0,baseline_noce,2035.0,,,,,309057.6373507556,319762.7455424265
baseline_medce_eu,NDC+LTT,"Medium CE, EU",e,Global,Iron and steel,Iron and steel,2040,-4.959601124836133,%,plotted,"[""Total Annualised Cost|Industry|Iron and Steel""]",fig08_sector_costs,,,,,,"[""AFE"", ""AFN"", ""AFW"", ""AFZ"", ""ANZ"", ""ASC"", ""ASE"", ""ASO"", ""BRA"", ""CAN"", ""CHL"", ""CHN"", ""ENE"", ""ENW"", ""EUE"", ""EUM"", ""EUW"", ""IDN"", ""IND"", ""JPN"", ""LAM"", ""MDA"", ""MEA"", ""MEX"", ""NIG"", ""RUS"", ""SKT"", ""USA""]",Annualised sector-cost change,,,100.0,485869.5162109833,Millions USD_2010/yr,511224.19724813633,Millions USD_2010/yr,medce_eu,,,,-100.0,baseline_noce,2040.0,,,,,485869.5162109833,511224.19724813633
baseline_medce_eu,NDC+LTT,"Medium CE, EU",e,Global,Iron and steel,Iron and steel,2050,-9.022666359220567,%,plotted,"[""Total Annualised Cost|Industry|Iron and Steel""]",fig08_sector_costs,,,,,,"[""AFE"", ""AFN"", ""AFW"", ""AFZ"", ""ANZ"", ""ASC"", ""ASE"", ""ASO"", ""BRA"", ""CAN"", ""CHL"", ""CHN"", ""ENE"", ""ENW"", ""EUE"", ""EUM"", ""EUW"", ""IDN"", ""IND"", ""JPN"", ""LAM"", ""MDA"", ""MEA"", ""MEX"", ""NIG"", ""RUS"", ""SKT"", ""USA""]",Annualised sector-cost change,,,100.0,645326.9928472122,Millions USD_2010/yr,709327.2214321663,Millions USD_2010/yr,medce_eu,,,,-100.0,baseline_noce,2050.0,,,,,645326.9928472122,709327.2214321663
baseline_highce_eu,NDC+LTT,"High CE, EU",e,Global,Iron and steel,Iron and steel,2019,0.0,%,context,"[""Total Annualised Cost|Industry|Iron and Steel""]",fig08_sector_costs,,,,,,"[""AFE"", ""AFN"", ""AFW"", ""AFZ"", ""ANZ"", ""ASC"", ""ASE"", ""ASO"", ""BRA"", ""CAN"", ""CHL"", ""CHN"", ""ENE"", ""ENW"", ""EUE"", ""EUM"", ""EUW"", ""IDN"", ""IND"", ""JPN"", ""LAM"", ""MDA"", ""MEA"", ""MEX"", ""NIG"", ""RUS"", ""SKT"", ""USA""]",Annualised sector-cost change,,,100.0,4959455.128965229,Millions USD_2010/yr,4959455.128965229,Millions USD_2010/yr,highce_eu,,,,-100.0,baseline_noce,2019.0,,,,,4959455.128965229,4959455.128965229
baseline_highce_eu,NDC+LTT,"High CE, EU",e,Global,Iron and steel,Iron and steel,2024,0.0,%,plotted,"[""Total Annualised Cost|Industry|Iron and Steel""]",fig08_sector_costs,,,,,,"[""AFE"", ""AFN"", ""AFW"", ""AFZ"", ""ANZ"", ""ASC"", ""ASE"", ""ASO"", ""BRA"", ""CAN"", ""CHL"", ""CHN"", ""ENE"", ""ENW"", ""EUE"", ""EUM"", ""EUW"", ""IDN"", ""IND"", ""JPN"", ""LAM"", ""MDA"", ""MEA"", ""MEX"", ""NIG"", ""RUS"", ""SKT"", ""USA""]",Annualised sector-cost change,,,100.0,201938.09721133878,Millions USD_2010/yr,201938.09721133878,Millions USD_2010/yr,highce_eu,,,,-100.0,baseline_noce,2024.0,,,,,201938.09721133878,201938.09721133878
baseline_highce_eu,NDC+LTT,"High CE, EU",e,Global,Iron and steel,Iron and steel,2030,-3.466114576105013,%,plotted,"[""Total Annualised Cost|Industry|Iron and Steel""]",fig08_sector_costs,,,,,,"[""AFE"", ""AFN"", ""AFW"", ""AFZ"", ""ANZ"", ""ASC"", ""ASE"", ""ASO"", ""BRA"", ""CAN"", ""CHL"", ""CHN"", ""ENE"", ""ENW"", ""EUE"", ""EUM"", ""EUW"", ""IDN"", ""IND"", ""JPN"", ""LAM"", ""MDA"", ""MEA"", ""MEX"", ""NIG"", ""RUS"", ""SKT"", ""USA""]",Annualised sector-cost change,,,100.0,285723.6543247605,Millions USD_2010/yr,295982.7557650916,Millions USD_2010/yr,highce_eu,,,,-100.0,baseline_noce,2030.0,,,,,285723.6543247605,295982.7557650916
baseline_highce_eu,NDC+LTT,"High CE, EU",e,Global,Iron and steel,Iron and steel,2035,-3.315502330133076,%,plotted,"[""Total Annualised Cost|Industry|Iron and Steel""]",fig08_sector_costs,,,,,,"[""AFE"", ""AFN"", ""AFW"", ""AFZ"", ""ANZ"", ""ASC"", ""ASE"", ""ASO"", ""BRA"", ""CAN"", ""CHL"", ""CHN"", ""ENE"", ""ENW"", ""EUE"", ""EUM"", ""EUW"", ""IDN"", ""IND"", ""JPN"", ""LAM"", ""MDA"", ""MEA"", ""MEX"", ""NIG"", ""RUS"", ""SKT"", ""USA""]",Annualised sector-cost change,,,100.0,309161.00426306983,Millions USD_2010/yr,319762.7455424265,Millions USD_2010/yr,highce_eu,,,,-100.0,baseline_noce,2035.0,,,,,309161.00426306983,319762.7455424265
baseline_highce_eu,NDC+LTT,"High CE, EU",e,Global,Iron and steel,Iron and steel,2040,-5.016294725756083,%,plotted,"[""Total Annualised Cost|Industry|Iron and Steel""]",fig08_sector_costs,,,,,,"[""AFE"", ""AFN"", ""AFW"", ""AFZ"", ""ANZ"", ""ASC"", ""ASE"", ""ASO"", ""BRA"", ""CAN"", ""CHL"", ""CHN"", ""ENE"", ""ENW"", ""EUE"", ""EUM"", ""EUW"", ""IDN"", ""IND"", ""JPN"", ""LAM"", ""MDA"", ""MEA"", ""MEX"", ""NIG"", ""RUS"", ""SKT"", ""USA""]",Annualised sector-cost change,,,100.0,485579.6848047892,Millions USD_2010/yr,511224.19724813633,Millions USD_2010/yr,highce_eu,,,,-100.0,baseline_noce,2040.0,,,,,485579.6848047892,511224.19724813633
baseline_highce_eu,NDC+LTT,"High CE, EU",e,Global,Iron and steel,Iron and steel,2050,-9.127335754341043,%,plotted,"[""Total Annualised Cost|Industry|Iron and Steel""]",fig08_sector_costs,,,,,,"[""AFE"", ""AFN"", ""AFW"", ""AFZ"", ""ANZ"", ""ASC"", ""ASE"", ""ASO"", ""BRA"", ""CAN"", ""CHL"", ""CHN"", ""ENE"", ""ENW"", ""EUE"", ""EUM"", ""EUW"", ""IDN"", ""IND"", ""JPN"", ""LAM"", ""MDA"", ""MEA"", ""MEX"", ""NIG"", ""RUS"", ""SKT"", ""USA""]",Annualised sector-cost change,,,100.0,644584.5443351143,Millions USD_2010/yr,709327.2214321663,Millions USD_2010/yr,highce_eu,,,,-100.0,baseline_noce,2050.0,,,,,644584.5443351143,709327.2214321663
baseline_medce_gbl,NDC+LTT,"Medium CE, EU + partners",e,Global,Iron and steel,Iron and steel,2019,0.0,%,context,"[""Total Annualised Cost|Industry|Iron and Steel""]",fig08_sector_costs,,,,,,"[""AFE"", ""AFN"", ""AFW"", ""AFZ"", ""ANZ"", ""ASC"", ""ASE"", ""ASO"", ""BRA"", ""CAN"", ""CHL"", ""CHN"", ""ENE"", ""ENW"", ""EUE"", ""EUM"", ""EUW"", ""IDN"", ""IND"", ""JPN"", ""LAM"", ""MDA"", ""MEA"", ""MEX"", ""NIG"", ""RUS"", ""SKT"", ""USA""]",Annualised sector-cost change,,,100.0,4959455.128965229,Millions USD_2010/yr,4959455.128965229,Millions USD_2010/yr,medce_gbl,,,,-100.0,baseline_noce,2019.0,,,,,4959455.128965229,4959455.128965229
baseline_medce_gbl,NDC+LTT,"Medium CE, EU + partners",e,Global,Iron and steel,Iron and steel,2024,0.0,%,plotted,"[""Total Annualised Cost|Industry|Iron and Steel""]",fig08_sector_costs,,,,,,"[""AFE"", ""AFN"", ""AFW"", ""AFZ"", ""ANZ"", ""ASC"", ""ASE"", ""ASO"", ""BRA"", ""CAN"", ""CHL"", ""CHN"", ""ENE"", ""ENW"", ""EUE"", ""EUM"", ""EUW"", ""IDN"", ""IND"", ""JPN"", ""LAM"", ""MDA"", ""MEA"", ""MEX"", ""NIG"", ""RUS"", ""SKT"", ""USA""]",Annualised sector-cost change,,,100.0,201938.09721133878,Millions USD_2010/yr,201938.09721133878,Millions USD_2010/yr,medce_gbl,,,,-100.0,baseline_noce,2024.0,,,,,201938.09721133878,201938.09721133878
baseline_medce_gbl,NDC+LTT,"Medium CE, EU + partners",e,Global,Iron and steel,Iron and steel,2030,-23.78225567666009,%,plotted,"[""Total Annualised Cost|Industry|Iron and Steel""]",fig08_sector_costs,,,,,,"[""AFE"", ""AFN"", ""AFW"", ""AFZ"", ""ANZ"", ""ASC"", ""ASE"", ""ASO"", ""BRA"", ""CAN"", ""CHL"", ""CHN"", ""ENE"", ""ENW"", ""EUE"", ""EUM"", ""EUW"", ""IDN"", ""IND"", ""JPN"", ""LAM"", ""MDA"", ""MEA"", ""MEX"", ""NIG"", ""RUS"", ""SKT"", ""USA""]",Annualised sector-cost change,,,100.0,225591.38003021316,Millions USD_2010/yr,295982.7557650916,Millions USD_2010/yr,medce_gbl,,,,-100.0,baseline_noce,2030.0,,,,,225591.38003021316,295982.7557650916
baseline_medce_gbl,NDC+LTT,"Medium CE, EU + partners",e,Global,Iron and steel,Iron and steel,2035,-20.338303390801496,%,plotted,"[""Total Annualised Cost|Industry|Iron and Steel""]",fig08_sector_costs,,,,,,"[""AFE"", ""AFN"", ""AFW"", ""AFZ"", ""ANZ"", ""ASC"", ""ASE"", ""ASO"", ""BRA"", ""CAN"", ""CHL"", ""CHN"", ""ENE"", ""ENW"", ""EUE"", ""EUM"", ""EUW"", ""IDN"", ""IND"", ""JPN"", ""LAM"", ""MDA"", ""MEA"", ""MEX"", ""NIG"", ""RUS"", ""SKT"", ""USA""]",Annualised sector-cost change,,,100.0,254728.4282232512,Millions USD_2010/yr,319762.7455424265,Millions USD_2010/yr,medce_gbl,,,,-100.0,baseline_noce,2035.0,,,,,254728.4282232512,319762.7455424265
baseline_medce_gbl,NDC+LTT,"Medium CE, EU + partners",e,Global,Iron and steel,Iron and steel,2040,-26.27151976310455,%,plotted,"[""Total Annualised Cost|Industry|Iron and Steel""]",fig08_sector_costs,,,,,,"[""AFE"", ""AFN"", ""AFW"", ""AFZ"", ""ANZ"", ""ASC"", ""ASE"", ""ASO"", ""BRA"", ""CAN"", ""CHL"", ""CHN"", ""ENE"", ""ENW"", ""EUE"", ""EUM"", ""EUW"", ""IDN"", ""IND"", ""JPN"", ""LAM"", ""MDA"", ""MEA"", ""MEX"", ""NIG"", ""RUS"", ""SKT"", ""USA""]",Annualised sector-cost change,,,100.0,376917.8312343196,Millions USD_2010/yr,511224.19724813633,Millions USD_2010/yr,medce_gbl,,,,-100.0,baseline_noce,2040.0,,,,,376917.8312343196,511224.19724813633
baseline_medce_gbl,NDC+LTT,"Medium CE, EU + partners",e,Global,Iron and steel,Iron and steel,2050,-28.33151220904384,%,plotted,"[""Total Annualised Cost|Industry|Iron and Steel""]",fig08_sector_costs,,,,,,"[""AFE"", ""AFN"", ""AFW"", ""AFZ"", ""ANZ"", ""ASC"", ""ASE"", ""ASO"", ""BRA"", ""CAN"", ""CHL"", ""CHN"", ""ENE"", ""ENW"", ""EUE"", ""EUM"", ""EUW"", ""IDN"", ""IND"", ""JPN"", ""LAM"", ""MDA"", ""MEA"", ""MEX"", ""NIG"", ""RUS"", ""SKT"", ""USA""]",Annualised sector-cost change,,,100.0,508364.09309004067,Millions USD_2010/yr,709327.2214321663,Millions USD_2010/yr,medce_gbl,,,,-100.0,baseline_noce,2050.0,,,,,508364.09309004067,709327.2214321663
baseline_highce_gbl,NDC+LTT,"High CE, EU + partners",e,Global,Iron and steel,Iron and steel,2019,0.0,%,context,"[""Total Annualised Cost|Industry|Iron and Steel""]",fig08_sector_costs,,,,,,"[""AFE"", ""AFN"", ""AFW"", ""AFZ"", ""ANZ"", ""ASC"", ""ASE"", ""ASO"", ""BRA"", ""CAN"", ""CHL"", ""CHN"", ""ENE"", ""ENW"", ""EUE"", ""EUM"", ""EUW"", ""IDN"", ""IND"", ""JPN"", ""LAM"", ""MDA"", ""MEA"", ""MEX"", ""NIG"", ""RUS"", ""SKT"", ""USA""]",Annualised sector-cost change,,,100.0,4959455.128965229,Millions USD_2010/yr,4959455.128965229,Millions USD_2010/yr,highce_gbl,,,,-100.0,baseline_noce,2019.0,,,,,4959455.128965229,4959455.128965229
baseline_highce_gbl,NDC+LTT,"High CE, EU + partners",e,Global,Iron and steel,Iron and steel,2024,1.441225348690645e-14,%,plotted,"[""Total Annualised Cost|Industry|Iron and Steel""]",fig08_sector_costs,,,,,,"[""AFE"", ""AFN"", ""AFW"", ""AFZ"", ""ANZ"", ""ASC"", ""ASE"", ""ASO"", ""BRA"", ""CAN"", ""CHL"", ""CHN"", ""ENE"", ""ENW"", ""EUE"", ""EUM"", ""EUW"", ""IDN"", ""IND"", ""JPN"", ""LAM"", ""MDA"", ""MEA"", ""MEX"", ""NIG"", ""RUS"", ""SKT"", ""USA""]",Annualised sector-cost change,,,100.0,201938.0972113388,Millions USD_2010/yr,201938.09721133878,Millions USD_2010/yr,highce_gbl,,,,-100.0,baseline_noce,2024.0,,,,,201938.0972113388,201938.09721133878
baseline_highce_gbl,NDC+LTT,"High CE, EU + partners",e,Global,Iron and steel,Iron and steel,2030,-25.487042434632652,%,plotted,"[""Total Annualised Cost|Industry|Iron and Steel""]",fig08_sector_costs,,,,,,"[""AFE"", ""AFN"", ""AFW"", ""AFZ"", ""ANZ"", ""ASC"", ""ASE"", ""ASO"", ""BRA"", ""CAN"", ""CHL"", ""CHN"", ""ENE"", ""ENW"", ""EUE"", ""EUM"", ""EUW"", ""IDN"", ""IND"", ""JPN"", ""LAM"", ""MDA"", ""MEA"", ""MEX"", ""NIG"", ""RUS"", ""SKT"", ""USA""]",Annualised sector-cost change,,,100.0,220545.5052040476,Millions USD_2010/yr,295982.7557650916,Millions USD_2010/yr,highce_gbl,,,,-100.0,baseline_noce,2030.0,,,,,220545.5052040476,295982.7557650916
baseline_highce_gbl,NDC+LTT,"High CE, EU + partners",e,Global,Iron and steel,Iron and steel,2035,-23.07991849881505,%,plotted,"[""Total Annualised Cost|Industry|Iron and Steel""]",fig08_sector_costs,,,,,,"[""AFE"", ""AFN"", ""AFW"", ""AFZ"", ""ANZ"", ""ASC"", ""ASE"", ""ASO"", ""BRA"", ""CAN"", ""CHL"", ""CHN"", ""ENE"", ""ENW"", ""EUE"", ""EUM"", ""EUW"", ""IDN"", ""IND"", ""JPN"", ""LAM"", ""MDA"", ""MEA"", ""MEX"", ""NIG"", ""RUS"", ""SKT"", ""USA""]",Annualised sector-cost change,,,100.0,245961.76448166108,Millions USD_2010/yr,319762.7455424265,Millions USD_2010/yr,highce_gbl,,,,-100.0,baseline_noce,2035.0,,,,,245961.76448166108,319762.7455424265
baseline_highce_gbl,NDC+LTT,"High CE, EU + partners",e,Global,Iron and steel,Iron and steel,2040,-32.688015288140186,%,plotted,"[""Total Annualised Cost|Industry|Iron and Steel""]",fig08_sector_costs,,,,,,"[""AFE"", ""AFN"", ""AFW"", ""AFZ"", ""ANZ"", ""ASC"", ""ASE"", ""ASO"", ""BRA"", ""CAN"", ""CHL"", ""CHN"", ""ENE"", ""ENW"", ""EUE"", ""EUM"", ""EUW"", ""IDN"", ""IND"", ""JPN"", ""LAM"", ""MDA"", ""MEA"", ""MEX"", ""NIG"", ""RUS"", ""SKT"", ""USA""]",Annualised sector-cost change,,,100.0,344115.1534949936,Millions USD_2010/yr,511224.19724813633,Millions USD_2010/yr,highce_gbl,,,,-100.0,baseline_noce,2040.0,,,,,344115.1534949936,511224.19724813633
baseline_highce_gbl,NDC+LTT,"High CE, EU + partners",e,Global,Iron and steel,Iron and steel,2050,-41.36928237049648,%,plotted,"[""Total Annualised Cost|Industry|Iron and Steel""]",fig08_sector_costs,,,,,,"[""AFE"", ""AFN"", ""AFW"", ""AFZ"", ""ANZ"", ""ASC"", ""ASE"", ""ASO"", ""BRA"", ""CAN"", ""CHL"", ""CHN"", ""ENE"", ""ENW"", ""EUE"", ""EUM"", ""EUW"", ""IDN"", ""IND"", ""JPN"", ""LAM"", ""MDA"", ""MEA"", ""MEX"", ""NIG"", ""RUS"", ""SKT"", ""USA""]",Annualised sector-cost change,,,100.0,415883.6402670966,Millions USD_2010/yr,709327.2214321663,Millions USD_2010/yr,highce_gbl,,,,-100.0,baseline_noce,2050.0,,,,,415883.6402670966,709327.2214321663
baseline_noce,NDC+LTT,No CE,f,Global,Aluminium,Aluminium,2019,0.0,%,context,"[""Total Annualised Cost|Industry|Non-Ferrous Metals|Aluminum""]",fig08_sector_costs,,,,,,"[""AFE"", ""AFN"", ""AFW"", ""AFZ"", ""ANZ"", ""ASC"", ""ASE"", ""ASO"", ""BRA"", ""CAN"", ""CHL"", ""CHN"", ""ENE"", ""ENW"", ""EUE"", ""EUM"", ""EUW"", ""IDN"", ""IND"", ""JPN"", ""LAM"", ""MDA"", ""MEA"", ""MEX"", ""NIG"", ""RUS"", ""SKT"", ""USA""]",Annualised sector-cost change,,,100.0,25017.308460003063,Millions USD_2010/yr,25017.308460003063,Millions USD_2010/yr,noce,,,,-100.0,baseline_noce,2019.0,,,,,25017.308460003063,25017.308460003063
baseline_noce,NDC+LTT,No CE,f,Global,Aluminium,Aluminium,2024,0.0,%,plotted,"[""Total Annualised Cost|Industry|Non-Ferrous Metals|Aluminum""]",fig08_sector_costs,,,,,,"[""AFE"", ""AFN"", ""AFW"", ""AFZ"", ""ANZ"", ""ASC"", ""ASE"", ""ASO"", ""BRA"", ""CAN"", ""CHL"", ""CHN"", ""ENE"", ""ENW"", ""EUE"", ""EUM"", ""EUW"", ""IDN"", ""IND"", ""JPN"", ""LAM"", ""MDA"", ""MEA"", ""MEX"", ""NIG"", ""RUS"", ""SKT"", ""USA""]",Annualised sector-cost change,,,100.0,98177.01756529351,Millions USD_2010/yr,98177.01756529351,Millions USD_2010/yr,noce,,,,-100.0,baseline_noce,2024.0,,,,,98177.01756529351,98177.01756529351
baseline_noce,NDC+LTT,No CE,f,Global,Aluminium,Aluminium,2030,0.0,%,plotted,"[""Total Annualised Cost|Industry|Non-Ferrous Metals|Aluminum""]",fig08_sector_costs,,,,,,"[""AFE"", ""AFN"", ""AFW"", ""AFZ"", ""ANZ"", ""ASC"", ""ASE"", ""ASO"", ""BRA"", ""CAN"", ""CHL"", ""CHN"", ""ENE"", ""ENW"", ""EUE"", ""EUM"", ""EUW"", ""IDN"", ""IND"", ""JPN"", ""LAM"", ""MDA"", ""MEA"", ""MEX"", ""NIG"", ""RUS"", ""SKT"", ""USA""]",Annualised sector-cost change,,,100.0,188408.86133137334,Millions USD_2010/yr,188408.86133137334,Millions USD_2010/yr,noce,,,,-100.0,baseline_noce,2030.0,,,,,188408.86133137334,188408.86133137334
baseline_noce,NDC+LTT,No CE,f,Global,Aluminium,Aluminium,2035,0.0,%,plotted,"[""Total Annualised Cost|Industry|Non-Ferrous Metals|Aluminum""]",fig08_sector_costs,,,,,,"[""AFE"", ""AFN"", ""AFW"", ""AFZ"", ""ANZ"", ""ASC"", ""ASE"", ""ASO"", ""BRA"", ""CAN"", ""CHL"", ""CHN"", ""ENE"", ""ENW"", ""EUE"", ""EUM"", ""EUW"", ""IDN"", ""IND"", ""JPN"", ""LAM"", ""MDA"", ""MEA"", ""MEX"", ""NIG"", ""RUS"", ""SKT"", ""USA""]",Annualised sector-cost change,,,100.0,161632.351600966,Millions USD_2010/yr,161632.351600966,Millions USD_2010/yr,noce,,,,-100.0,baseline_noce,2035.0,,,,,161632.351600966,161632.351600966
baseline_noce,NDC+LTT,No CE,f,Global,Aluminium,Aluminium,2040,0.0,%,plotted,"[""Total Annualised Cost|Industry|Non-Ferrous Metals|Aluminum""]",fig08_sector_costs,,,,,,"[""AFE"", ""AFN"", ""AFW"", ""AFZ"", ""ANZ"", ""ASC"", ""ASE"", ""ASO"", ""BRA"", ""CAN"", ""CHL"", ""CHN"", ""ENE"", ""ENW"", ""EUE"", ""EUM"", ""EUW"", ""IDN"", ""IND"", ""JPN"", ""LAM"", ""MDA"", ""MEA"", ""MEX"", ""NIG"", ""RUS"", ""SKT"", ""USA""]",Annualised sector-cost change,,,100.0,229566.1253353859,Millions USD_2010/yr,229566.1253353859,Millions USD_2010/yr,noce,,,,-100.0,baseline_noce,2040.0,,,,,229566.1253353859,229566.1253353859
baseline_noce,NDC+LTT,No CE,f,Global,Aluminium,Aluminium,2050,0.0,%,plotted,"[""Total Annualised Cost|Industry|Non-Ferrous Metals|Aluminum""]",fig08_sector_costs,,,,,,"[""AFE"", ""AFN"", ""AFW"", ""AFZ"", ""ANZ"", ""ASC"", ""ASE"", ""ASO"", ""BRA"", ""CAN"", ""CHL"", ""CHN"", ""ENE"", ""ENW"", ""EUE"", ""EUM"", ""EUW"", ""IDN"", ""IND"", ""JPN"", ""LAM"", ""MDA"", ""MEA"", ""MEX"", ""NIG"", ""RUS"", ""SKT"", ""USA""]",Annualised sector-cost change,,,100.0,184475.09579221476,Millions USD_2010/yr,184475.09579221476,Millions USD_2010/yr,noce,,,,-100.0,baseline_noce,2050.0,,,,,184475.09579221476,184475.09579221476
baseline_medce_eu,NDC+LTT,"Medium CE, EU",f,Global,Aluminium,Aluminium,2019,0.0,%,context,"[""Total Annualised Cost|Industry|Non-Ferrous Metals|Aluminum""]",fig08_sector_costs,,,,,,"[""AFE"", ""AFN"", ""AFW"", ""AFZ"", ""ANZ"", ""ASC"", ""ASE"", ""ASO"", ""BRA"", ""CAN"", ""CHL"", ""CHN"", ""ENE"", ""ENW"", ""EUE"", ""EUM"", ""EUW"", ""IDN"", ""IND"", ""JPN"", ""LAM"", ""MDA"", ""MEA"", ""MEX"", ""NIG"", ""RUS"", ""SKT"", ""USA""]",Annualised sector-cost change,,,100.0,25017.308460003063,Millions USD_2010/yr,25017.308460003063,Millions USD_2010/yr,medce_eu,,,,-100.0,baseline_noce,2019.0,,,,,25017.308460003063,25017.308460003063
baseline_medce_eu,NDC+LTT,"Medium CE, EU",f,Global,Aluminium,Aluminium,2024,0.0,%,plotted,"[""Total Annualised Cost|Industry|Non-Ferrous Metals|Aluminum""]",fig08_sector_costs,,,,,,"[""AFE"", ""AFN"", ""AFW"", ""AFZ"", ""ANZ"", ""ASC"", ""ASE"", ""ASO"", ""BRA"", ""CAN"", ""CHL"", ""CHN"", ""ENE"", ""ENW"", ""EUE"", ""EUM"", ""EUW"", ""IDN"", ""IND"", ""JPN"", ""LAM"", ""MDA"", ""MEA"", ""MEX"", ""NIG"", ""RUS"", ""SKT"", ""USA""]",Annualised sector-cost change,,,100.0,98177.01756529351,Millions USD_2010/yr,98177.01756529351,Millions USD_2010/yr,medce_eu,,,,-100.0,baseline_noce,2024.0,,,,,98177.01756529351,98177.01756529351
baseline_medce_eu,NDC+LTT,"Medium CE, EU",f,Global,Aluminium,Aluminium,2030,-0.11285542751223937,%,plotted,"[""Total Annualised Cost|Industry|Non-Ferrous Metals|Aluminum""]",fig08_sector_costs,,,,,,"[""AFE"", ""AFN"", ""AFW"", ""AFZ"", ""ANZ"", ""ASC"", ""ASE"", ""ASO"", ""BRA"", ""CAN"", ""CHL"", ""CHN"", ""ENE"", ""ENW"", ""EUE"", ""EUM"", ""EUW"", ""IDN"", ""IND"", ""JPN"", ""LAM"", ""MDA"", ""MEA"", ""MEX"", ""NIG"", ""RUS"", ""SKT"", ""USA""]",Annualised sector-cost change,,,100.0,188196.23170544687,Millions USD_2010/yr,188408.86133137334,Millions USD_2010/yr,medce_eu,,,,-100.0,baseline_noce,2030.0,,,,,188196.23170544687,188408.86133137334
baseline_medce_eu,NDC+LTT,"Medium CE, EU",f,Global,Aluminium,Aluminium,2035,1.3654200712404896,%,plotted,"[""Total Annualised Cost|Industry|Non-Ferrous Metals|Aluminum""]",fig08_sector_costs,,,,,,"[""AFE"", ""AFN"", ""AFW"", ""AFZ"", ""ANZ"", ""ASC"", ""ASE"", ""ASO"", ""BRA"", ""CAN"", ""CHL"", ""CHN"", ""ENE"", ""ENW"", ""EUE"", ""EUM"", ""EUW"", ""IDN"", ""IND"", ""JPN"", ""LAM"", ""MDA"", ""MEA"", ""MEX"", ""NIG"", ""RUS"", ""SKT"", ""USA""]",Annualised sector-cost change,,,100.0,163839.3121713436,Millions USD_2010/yr,161632.351600966,Millions USD_2010/yr,medce_eu,,,,-100.0,baseline_noce,2035.0,,,,,163839.3121713436,161632.351600966
baseline_medce_eu,NDC+LTT,"Medium CE, EU",f,Global,Aluminium,Aluminium,2040,0.4963878209412833,%,plotted,"[""Total Annualised Cost|Industry|Non-Ferrous Metals|Aluminum""]",fig08_sector_costs,,,,,,"[""AFE"", ""AFN"", ""AFW"", ""AFZ"", ""ANZ"", ""ASC"", ""ASE"", ""ASO"", ""BRA"", ""CAN"", ""CHL"", ""CHN"", ""ENE"", ""ENW"", ""EUE"", ""EUM"", ""EUW"", ""IDN"", ""IND"", ""JPN"", ""LAM"", ""MDA"", ""MEA"", ""MEX"", ""NIG"", ""RUS"", ""SKT"", ""USA""]",Annualised sector-cost change,,,100.0,230705.66362255756,Millions USD_2010/yr,229566.1253353859,Millions USD_2010/yr,medce_eu,,,,-100.0,baseline_noce,2040.0,,,,,230705.66362255756,229566.1253353859
baseline_medce_eu,NDC+LTT,"Medium CE, EU",f,Global,Aluminium,Aluminium,2050,-1.1283217166120751,%,plotted,"[""Total Annualised Cost|Industry|Non-Ferrous Metals|Aluminum""]",fig08_sector_costs,,,,,,"[""AFE"", ""AFN"", ""AFW"", ""AFZ"", ""ANZ"", ""ASC"", ""ASE"", ""ASO"", ""BRA"", ""CAN"", ""CHL"", ""CHN"", ""ENE"", ""ENW"", ""EUE"", ""EUM"", ""EUW"", ""IDN"", ""IND"", ""JPN"", ""LAM"", ""MDA"", ""MEA"", ""MEX"", ""NIG"", ""RUS"", ""SKT"", ""USA""]",Annualised sector-cost change,,,100.0,182393.62322465028,Millions USD_2010/yr,184475.09579221476,Millions USD_2010/yr,medce_eu,,,,-100.0,baseline_noce,2050.0,,,,,182393.62322465028,184475.09579221476
baseline_highce_eu,NDC+LTT,"High CE, EU",f,Global,Aluminium,Aluminium,2019,0.0,%,context,"[""Total Annualised Cost|Industry|Non-Ferrous Metals|Aluminum""]",fig08_sector_costs,,,,,,"[""AFE"", ""AFN"", ""AFW"", ""AFZ"", ""ANZ"", ""ASC"", ""ASE"", ""ASO"", ""BRA"", ""CAN"", ""CHL"", ""CHN"", ""ENE"", ""ENW"", ""EUE"", ""EUM"", ""EUW"", ""IDN"", ""IND"", ""JPN"", ""LAM"", ""MDA"", ""MEA"", ""MEX"", ""NIG"", ""RUS"", ""SKT"", ""USA""]",Annualised sector-cost change,,,100.0,25017.308460003063,Millions USD_2010/yr,25017.308460003063,Millions USD_2010/yr,highce_eu,,,,-100.0,baseline_noce,2019.0,,,,,25017.308460003063,25017.308460003063
baseline_highce_eu,NDC+LTT,"High CE, EU",f,Global,Aluminium,Aluminium,2024,0.0,%,plotted,"[""Total Annualised Cost|Industry|Non-Ferrous Metals|Aluminum""]",fig08_sector_costs,,,,,,"[""AFE"", ""AFN"", ""AFW"", ""AFZ"", ""ANZ"", ""ASC"", ""ASE"", ""ASO"", ""BRA"", ""CAN"", ""CHL"", ""CHN"", ""ENE"", ""ENW"", ""EUE"", ""EUM"", ""EUW"", ""IDN"", ""IND"", ""JPN"", ""LAM"", ""MDA"", ""MEA"", ""MEX"", ""NIG"", ""RUS"", ""SKT"", ""USA""]",Annualised sector-cost change,,,100.0,98177.01756529351,Millions USD_2010/yr,98177.01756529351,Millions USD_2010/yr,highce_eu,,,,-100.0,baseline_noce,2024.0,,,,,98177.01756529351,98177.01756529351
baseline_highce_eu,NDC+LTT,"High CE, EU",f,Global,Aluminium,Aluminium,2030,-1.242138028647039,%,plotted,"[""Total Annualised Cost|Industry|Non-Ferrous Metals|Aluminum""]",fig08_sector_costs,,,,,,"[""AFE"", ""AFN"", ""AFW"", ""AFZ"", ""ANZ"", ""ASC"", ""ASE"", ""ASO"", ""BRA"", ""CAN"", ""CHL"", ""CHN"", ""ENE"", ""ENW"", ""EUE"", ""EUM"", ""EUW"", ""IDN"", ""IND"", ""JPN"", ""LAM"", ""MDA"", ""MEA"", ""MEX"", ""NIG"", ""RUS"", ""SKT"", ""USA""]",Annualised sector-cost change,,,100.0,186068.56321543548,Millions USD_2010/yr,188408.86133137334,Millions USD_2010/yr,highce_eu,,,,-100.0,baseline_noce,2030.0,,,,,186068.56321543548,188408.86133137334
baseline_highce_eu,NDC+LTT,"High CE, EU",f,Global,Aluminium,Aluminium,2035,-0.0018639646350687128,%,plotted,"[""Total Annualised Cost|Industry|Non-Ferrous Metals|Aluminum""]",fig08_sector_costs,,,,,,"[""AFE"", ""AFN"", ""AFW"", ""AFZ"", ""ANZ"", ""ASC"", ""ASE"", ""ASO"", ""BRA"", ""CAN"", ""CHL"", ""CHN"", ""ENE"", ""ENW"", ""EUE"", ""EUM"", ""EUW"", ""IDN"", ""IND"", ""JPN"", ""LAM"", ""MDA"", ""MEA"", ""MEX"", ""NIG"", ""RUS"", ""SKT"", ""USA""]",Annualised sector-cost change,,,100.0,161629.33883109334,Millions USD_2010/yr,161632.351600966,Millions USD_2010/yr,highce_eu,,,,-100.0,baseline_noce,2035.0,,,,,161629.33883109334,161632.351600966
baseline_highce_eu,NDC+LTT,"High CE, EU",f,Global,Aluminium,Aluminium,2040,-0.6614755875849562,%,plotted,"[""Total Annualised Cost|Industry|Non-Ferrous Metals|Aluminum""]",fig08_sector_costs,,,,,,"[""AFE"", ""AFN"", ""AFW"", ""AFZ"", ""ANZ"", ""ASC"", ""ASE"", ""ASO"", ""BRA"", ""CAN"", ""CHL"", ""CHN"", ""ENE"", ""ENW"", ""EUE"", ""EUM"", ""EUW"", ""IDN"", ""IND"", ""JPN"", ""LAM"", ""MDA"", ""MEA"", ""MEX"", ""NIG"", ""RUS"", ""SKT"", ""USA""]",Annualised sector-cost change,,,100.0,228047.60145892765,Millions USD_2010/yr,229566.1253353859,Millions USD_2010/yr,highce_eu,,,,-100.0,baseline_noce,2040.0,,,,,228047.60145892765,229566.1253353859
baseline_highce_eu,NDC+LTT,"High CE, EU",f,Global,Aluminium,Aluminium,2050,-2.917326477164277,%,plotted,"[""Total Annualised Cost|Industry|Non-Ferrous Metals|Aluminum""]",fig08_sector_costs,,,,,,"[""AFE"", ""AFN"", ""AFW"", ""AFZ"", ""ANZ"", ""ASC"", ""ASE"", ""ASO"", ""BRA"", ""CAN"", ""CHL"", ""CHN"", ""ENE"", ""ENW"", ""EUE"", ""EUM"", ""EUW"", ""IDN"", ""IND"", ""JPN"", ""LAM"", ""MDA"", ""MEA"", ""MEX"", ""NIG"", ""RUS"", ""SKT"", ""USA""]",Annualised sector-cost change,,,100.0,179093.35497889432,Millions USD_2010/yr,184475.09579221476,Millions USD_2010/yr,highce_eu,,,,-100.0,baseline_noce,2050.0,,,,,179093.35497889432,184475.09579221476
baseline_medce_gbl,NDC+LTT,"Medium CE, EU + partners",f,Global,Aluminium,Aluminium,2019,0.0,%,context,"[""Total Annualised Cost|Industry|Non-Ferrous Metals|Aluminum""]",fig08_sector_costs,,,,,,"[""AFE"", ""AFN"", ""AFW"", ""AFZ"", ""ANZ"", ""ASC"", ""ASE"", ""ASO"", ""BRA"", ""CAN"", ""CHL"", ""CHN"", ""ENE"", ""ENW"", ""EUE"", ""EUM"", ""EUW"", ""IDN"", ""IND"", ""JPN"", ""LAM"", ""MDA"", ""MEA"", ""MEX"", ""NIG"", ""RUS"", ""SKT"", ""USA""]",Annualised sector-cost change,,,100.0,25017.308460003063,Millions USD_2010/yr,25017.308460003063,Millions USD_2010/yr,medce_gbl,,,,-100.0,baseline_noce,2019.0,,,,,25017.308460003063,25017.308460003063
baseline_medce_gbl,NDC+LTT,"Medium CE, EU + partners",f,Global,Aluminium,Aluminium,2024,0.0,%,plotted,"[""Total Annualised Cost|Industry|Non-Ferrous Metals|Aluminum""]",fig08_sector_costs,,,,,,"[""AFE"", ""AFN"", ""AFW"", ""AFZ"", ""ANZ"", ""ASC"", ""ASE"", ""ASO"", ""BRA"", ""CAN"", ""CHL"", ""CHN"", ""ENE"", ""ENW"", ""EUE"", ""EUM"", ""EUW"", ""IDN"", ""IND"", ""JPN"", ""LAM"", ""MDA"", ""MEA"", ""MEX"", ""NIG"", ""RUS"", ""SKT"", ""USA""]",Annualised sector-cost change,,,100.0,98177.01756529351,Millions USD_2010/yr,98177.01756529351,Millions USD_2010/yr,medce_gbl,,,,-100.0,baseline_noce,2024.0,,,,,98177.01756529351,98177.01756529351
baseline_medce_gbl,NDC+LTT,"Medium CE, EU + partners",f,Global,Aluminium,Aluminium,2030,-16.306719892842235,%,plotted,"[""Total Annualised Cost|Industry|Non-Ferrous Metals|Aluminum""]",fig08_sector_costs,,,,,,"[""AFE"", ""AFN"", ""AFW"", ""AFZ"", ""ANZ"", ""ASC"", ""ASE"", ""ASO"", ""BRA"", ""CAN"", ""CHL"", ""CHN"", ""ENE"", ""ENW"", ""EUE"", ""EUM"", ""EUW"", ""IDN"", ""IND"", ""JPN"", ""LAM"", ""MDA"", ""MEA"", ""MEX"", ""NIG"", ""RUS"", ""SKT"", ""USA""]",Annualised sector-cost change,,,100.0,157685.55606077274,Millions USD_2010/yr,188408.86133137334,Millions USD_2010/yr,medce_gbl,,,,-100.0,baseline_noce,2030.0,,,,,157685.55606077274,188408.86133137334
baseline_medce_gbl,NDC+LTT,"Medium CE, EU + partners",f,Global,Aluminium,Aluminium,2035,-14.291545269058165,%,plotted,"[""Total Annualised Cost|Industry|Non-Ferrous Metals|Aluminum""]",fig08_sector_costs,,,,,,"[""AFE"", ""AFN"", ""AFW"", ""AFZ"", ""ANZ"", ""ASC"", ""ASE"", ""ASO"", ""BRA"", ""CAN"", ""CHL"", ""CHN"", ""ENE"", ""ENW"", ""EUE"", ""EUM"", ""EUW"", ""IDN"", ""IND"", ""JPN"", ""LAM"", ""MDA"", ""MEA"", ""MEX"", ""NIG"", ""RUS"", ""SKT"", ""USA""]",Annualised sector-cost change,,,100.0,138532.5909024707,Millions USD_2010/yr,161632.351600966,Millions USD_2010/yr,medce_gbl,,,,-100.0,baseline_noce,2035.0,,,,,138532.5909024707,161632.351600966
baseline_medce_gbl,NDC+LTT,"Medium CE, EU + partners",f,Global,Aluminium,Aluminium,2040,-19.24353661331558,%,plotted,"[""Total Annualised Cost|Industry|Non-Ferrous Metals|Aluminum""]",fig08_sector_costs,,,,,,"[""AFE"", ""AFN"", ""AFW"", ""AFZ"", ""ANZ"", ""ASC"", ""ASE"", ""ASO"", ""BRA"", ""CAN"", ""CHL"", ""CHN"", ""ENE"", ""ENW"", ""EUE"", ""EUM"", ""EUW"", ""IDN"", ""IND"", ""JPN"", ""LAM"", ""MDA"", ""MEA"", ""MEX"", ""NIG"", ""RUS"", ""SKT"", ""USA""]",Annualised sector-cost change,,,100.0,185389.483954701,Millions USD_2010/yr,229566.1253353859,Millions USD_2010/yr,medce_gbl,,,,-100.0,baseline_noce,2040.0,,,,,185389.483954701,229566.1253353859
baseline_medce_gbl,NDC+LTT,"Medium CE, EU + partners",f,Global,Aluminium,Aluminium,2050,-20.712555285404125,%,plotted,"[""Total Annualised Cost|Industry|Non-Ferrous Metals|Aluminum""]",fig08_sector_costs,,,,,,"[""AFE"", ""AFN"", ""AFW"", ""AFZ"", ""ANZ"", ""ASC"", ""ASE"", ""ASO"", ""BRA"", ""CAN"", ""CHL"", ""CHN"", ""ENE"", ""ENW"", ""EUE"", ""EUM"", ""EUW"", ""IDN"", ""IND"", ""JPN"", ""LAM"", ""MDA"", ""MEA"", ""MEX"", ""NIG"", ""RUS"", ""SKT"", ""USA""]",Annualised sector-cost change,,,100.0,146265.58958845006,Millions USD_2010/yr,184475.09579221476,Millions USD_2010/yr,medce_gbl,,,,-100.0,baseline_noce,2050.0,,,,,146265.58958845006,184475.09579221476
baseline_highce_gbl,NDC+LTT,"High CE, EU + partners",f,Global,Aluminium,Aluminium,2019,0.0,%,context,"[""Total Annualised Cost|Industry|Non-Ferrous Metals|Aluminum""]",fig08_sector_costs,,,,,,"[""AFE"", ""AFN"", ""AFW"", ""AFZ"", ""ANZ"", ""ASC"", ""ASE"", ""ASO"", ""BRA"", ""CAN"", ""CHL"", ""CHN"", ""ENE"", ""ENW"", ""EUE"", ""EUM"", ""EUW"", ""IDN"", ""IND"", ""JPN"", ""LAM"", ""MDA"", ""MEA"", ""MEX"", ""NIG"", ""RUS"", ""SKT"", ""USA""]",Annualised sector-cost change,,,100.0,25017.308460003063,Millions USD_2010/yr,25017.308460003063,Millions USD_2010/yr,highce_gbl,,,,-100.0,baseline_noce,2019.0,,,,,25017.308460003063,25017.308460003063
baseline_highce_gbl,NDC+LTT,"High CE, EU + partners",f,Global,Aluminium,Aluminium,2024,0.0,%,plotted,"[""Total Annualised Cost|Industry|Non-Ferrous Metals|Aluminum""]",fig08_sector_costs,,,,,,"[""AFE"", ""AFN"", ""AFW"", ""AFZ"", ""ANZ"", ""ASC"", ""ASE"", ""ASO"", ""BRA"", ""CAN"", ""CHL"", ""CHN"", ""ENE"", ""ENW"", ""EUE"", ""EUM"", ""EUW"", ""IDN"", ""IND"", ""JPN"", ""LAM"", ""MDA"", ""MEA"", ""MEX"", ""NIG"", ""RUS"", ""SKT"", ""USA""]",Annualised sector-cost change,,,100.0,98177.01756529351,Millions USD_2010/yr,98177.01756529351,Millions USD_2010/yr,highce_gbl,,,,-100.0,baseline_noce,2024.0,,,,,98177.01756529351,98177.01756529351
baseline_highce_gbl,NDC+LTT,"High CE, EU + partners",f,Global,Aluminium,Aluminium,2030,-24.379294416850488,%,plotted,"[""Total Annualised Cost|Industry|Non-Ferrous Metals|Aluminum""]",fig08_sector_costs,,,,,,"[""AFE"", ""AFN"", ""AFW"", ""AFZ"", ""ANZ"", ""ASC"", ""ASE"", ""ASO"", ""BRA"", ""CAN"", ""CHL"", ""CHN"", ""ENE"", ""ENW"", ""EUE"", ""EUM"", ""EUW"", ""IDN"", ""IND"", ""JPN"", ""LAM"", ""MDA"", ""MEA"", ""MEX"", ""NIG"", ""RUS"", ""SKT"", ""USA""]",Annualised sector-cost change,,,100.0,142476.11031996226,Millions USD_2010/yr,188408.86133137334,Millions USD_2010/yr,highce_gbl,,,,-100.0,baseline_noce,2030.0,,,,,142476.11031996226,188408.86133137334
baseline_highce_gbl,NDC+LTT,"High CE, EU + partners",f,Global,Aluminium,Aluminium,2035,-26.20268581766736,%,plotted,"[""Total Annualised Cost|Industry|Non-Ferrous Metals|Aluminum""]",fig08_sector_costs,,,,,,"[""AFE"", ""AFN"", ""AFW"", ""AFZ"", ""ANZ"", ""ASC"", ""ASE"", ""ASO"", ""BRA"", ""CAN"", ""CHL"", ""CHN"", ""ENE"", ""ENW"", ""EUE"", ""EUM"", ""EUW"", ""IDN"", ""IND"", ""JPN"", ""LAM"", ""MDA"", ""MEA"", ""MEX"", ""NIG"", ""RUS"", ""SKT"", ""USA""]",Annualised sector-cost change,,,100.0,119280.33433125744,Millions USD_2010/yr,161632.351600966,Millions USD_2010/yr,highce_gbl,,,,-100.0,baseline_noce,2035.0,,,,,119280.33433125744,161632.351600966
baseline_highce_gbl,NDC+LTT,"High CE, EU + partners",f,Global,Aluminium,Aluminium,2040,-34.398846773627625,%,plotted,"[""Total Annualised Cost|Industry|Non-Ferrous Metals|Aluminum""]",fig08_sector_costs,,,,,,"[""AFE"", ""AFN"", ""AFW"", ""AFZ"", ""ANZ"", ""ASC"", ""ASE"", ""ASO"", ""BRA"", ""CAN"", ""CHL"", ""CHN"", ""ENE"", ""ENW"", ""EUE"", ""EUM"", ""EUW"", ""IDN"", ""IND"", ""JPN"", ""LAM"", ""MDA"", ""MEA"", ""MEX"", ""NIG"", ""RUS"", ""SKT"", ""USA""]",Annualised sector-cost change,,,100.0,150598.02563711256,Millions USD_2010/yr,229566.1253353859,Millions USD_2010/yr,highce_gbl,,,,-100.0,baseline_noce,2040.0,,,,,150598.02563711256,229566.1253353859
baseline_highce_gbl,NDC+LTT,"High CE, EU + partners",f,Global,Aluminium,Aluminium,2050,-40.88472654248637,%,plotted,"[""Total Annualised Cost|Industry|Non-Ferrous Metals|Aluminum""]",fig08_sector_costs,,,,,,"[""AFE"", ""AFN"", ""AFW"", ""AFZ"", ""ANZ"", ""ASC"", ""ASE"", ""ASO"", ""BRA"", ""CAN"", ""CHL"", ""CHN"", ""ENE"", ""ENW"", ""EUE"", ""EUM"", ""EUW"", ""IDN"", ""IND"", ""JPN"", ""LAM"", ""MDA"", ""MEA"", ""MEX"", ""NIG"", ""RUS"", ""SKT"", ""USA""]",Annualised sector-cost change,,,100.0,109052.95733857798,Millions USD_2010/yr,184475.09579221476,Millions USD_2010/yr,highce_gbl,,,,-100.0,baseline_noce,2050.0,,,,,109052.95733857798,184475.09579221476
