Scenario,ClimatePathway,CE,Panel,Scope,Sector,Year,SourceRegions,Policy,BarOrder,BarType,BarLabel,Metric,Series,Value,Unit,Role,SourceVariables,Numerator,NumeratorUnit,Denominator,DenominatorUnit,ConversionFactor,Offset,ReferenceScenario,ReferenceYear
ndc_noce,NDC,No CE,a,Global,Cement,2019,"[""AFE"", ""AFN"", ""AFW"", ""AFZ"", ""ANZ"", ""ASC"", ""ASE"", ""ASO"", ""BRA"", ""CAN"", ""CHL"", ""CHN"", ""ENE"", ""ENW"", ""EUE"", ""EUM"", ""EUW"", ""IDN"", ""IND"", ""JPN"", ""LAM"", ""MDA"", ""MEA"", ""MEX"", ""NIG"", ""RUS"", ""SKT"", ""USA""]",noce,0,historical,2019,Final energy,Electricity,1.7112106174892014,EJ/yr,plotted,"[""Final Energy|Industry|Non-Metallic Minerals|Cement|Electricity""]",1.7112106174892014,EJ/yr,,,1.0,0.0,,
ndc_noce,NDC,No CE,a,Global,Cement,2019,"[""AFE"", ""AFN"", ""AFW"", ""AFZ"", ""ANZ"", ""ASC"", ""ASE"", ""ASO"", ""BRA"", ""CAN"", ""CHL"", ""CHN"", ""ENE"", ""ENW"", ""EUE"", ""EUM"", ""EUW"", ""IDN"", ""IND"", ""JPN"", ""LAM"", ""MDA"", ""MEA"", ""MEX"", ""NIG"", ""RUS"", ""SKT"", ""USA""]",noce,0,historical,2019,Final energy,Gases,1.5175769436631676,EJ/yr,plotted,"[""Final Energy|Industry|Non-Metallic Minerals|Cement|Gases""]",1.5175769436631676,EJ/yr,,,1.0,0.0,,
ndc_noce,NDC,No CE,a,Global,Cement,2019,"[""AFE"", ""AFN"", ""AFW"", ""AFZ"", ""ANZ"", ""ASC"", ""ASE"", ""ASO"", ""BRA"", ""CAN"", ""CHL"", ""CHN"", ""ENE"", ""ENW"", ""EUE"", ""EUM"", ""EUW"", ""IDN"", ""IND"", ""JPN"", ""LAM"", ""MDA"", ""MEA"", ""MEX"", ""NIG"", ""RUS"", ""SKT"", ""USA""]",noce,0,historical,2019,Final energy,Liquids,1.3209977760460607,EJ/yr,plotted,"[""Final Energy|Industry|Non-Metallic Minerals|Cement|Liquids""]",1.3209977760460607,EJ/yr,,,1.0,0.0,,
ndc_noce,NDC,No CE,a,Global,Cement,2019,"[""AFE"", ""AFN"", ""AFW"", ""AFZ"", ""ANZ"", ""ASC"", ""ASE"", ""ASO"", ""BRA"", ""CAN"", ""CHL"", ""CHN"", ""ENE"", ""ENW"", ""EUE"", ""EUM"", ""EUW"", ""IDN"", ""IND"", ""JPN"", ""LAM"", ""MDA"", ""MEA"", ""MEX"", ""NIG"", ""RUS"", ""SKT"", ""USA""]",noce,0,historical,2019,Final energy,Solids,7.657858569560997,EJ/yr,plotted,"[""Final Energy|Industry|Non-Metallic Minerals|Cement|Solids""]",7.657858569560997,EJ/yr,,,1.0,0.0,,
ndc_noce,NDC,No CE,a,Global,Cement,2019,"[""AFE"", ""AFN"", ""AFW"", ""AFZ"", ""ANZ"", ""ASC"", ""ASE"", ""ASO"", ""BRA"", ""CAN"", ""CHL"", ""CHN"", ""ENE"", ""ENW"", ""EUE"", ""EUM"", ""EUW"", ""IDN"", ""IND"", ""JPN"", ""LAM"", ""MDA"", ""MEA"", ""MEX"", ""NIG"", ""RUS"", ""SKT"", ""USA""]",noce,0,historical,2019,Final energy,Total,12.207643906759426,EJ/yr,context,"[""Final Energy|Industry|Non-Metallic Minerals|Cement|Electricity"", ""Final Energy|Industry|Non-Metallic Minerals|Cement|Gases"", ""Final Energy|Industry|Non-Metallic Minerals|Cement|Liquids"", ""Final Energy|Industry|Non-Metallic Minerals|Cement|Solids""]",12.207643906759426,EJ/yr,,,1.0,0.0,,
ndc_noce,NDC,No CE,a,Global,Cement,2050,"[""AFE"", ""AFN"", ""AFW"", ""AFZ"", ""ANZ"", ""ASC"", ""ASE"", ""ASO"", ""BRA"", ""CAN"", ""CHL"", ""CHN"", ""ENE"", ""ENW"", ""EUE"", ""EUM"", ""EUW"", ""IDN"", ""IND"", ""JPN"", ""LAM"", ""MDA"", ""MEA"", ""MEX"", ""NIG"", ""RUS"", ""SKT"", ""USA""]",noce,1,future,No CE,Final energy,Electricity,2.171451779546254,EJ/yr,plotted,"[""Final Energy|Industry|Non-Metallic Minerals|Cement|Electricity""]",2.171451779546254,EJ/yr,,,1.0,0.0,,
ndc_noce,NDC,No CE,a,Global,Cement,2050,"[""AFE"", ""AFN"", ""AFW"", ""AFZ"", ""ANZ"", ""ASC"", ""ASE"", ""ASO"", ""BRA"", ""CAN"", ""CHL"", ""CHN"", ""ENE"", ""ENW"", ""EUE"", ""EUM"", ""EUW"", ""IDN"", ""IND"", ""JPN"", ""LAM"", ""MDA"", ""MEA"", ""MEX"", ""NIG"", ""RUS"", ""SKT"", ""USA""]",noce,1,future,No CE,Final energy,Gases,1.2247294921766279,EJ/yr,plotted,"[""Final Energy|Industry|Non-Metallic Minerals|Cement|Gases""]",1.2247294921766279,EJ/yr,,,1.0,0.0,,
ndc_noce,NDC,No CE,a,Global,Cement,2050,"[""AFE"", ""AFN"", ""AFW"", ""AFZ"", ""ANZ"", ""ASC"", ""ASE"", ""ASO"", ""BRA"", ""CAN"", ""CHL"", ""CHN"", ""ENE"", ""ENW"", ""EUE"", ""EUM"", ""EUW"", ""IDN"", ""IND"", ""JPN"", ""LAM"", ""MDA"", ""MEA"", ""MEX"", ""NIG"", ""RUS"", ""SKT"", ""USA""]",noce,1,future,No CE,Final energy,Liquids,0.8927975146341738,EJ/yr,plotted,"[""Final Energy|Industry|Non-Metallic Minerals|Cement|Liquids""]",0.8927975146341738,EJ/yr,,,1.0,0.0,,
ndc_noce,NDC,No CE,a,Global,Cement,2050,"[""AFE"", ""AFN"", ""AFW"", ""AFZ"", ""ANZ"", ""ASC"", ""ASE"", ""ASO"", ""BRA"", ""CAN"", ""CHL"", ""CHN"", ""ENE"", ""ENW"", ""EUE"", ""EUM"", ""EUW"", ""IDN"", ""IND"", ""JPN"", ""LAM"", ""MDA"", ""MEA"", ""MEX"", ""NIG"", ""RUS"", ""SKT"", ""USA""]",noce,1,future,No CE,Final energy,Solids,5.890762860998873,EJ/yr,plotted,"[""Final Energy|Industry|Non-Metallic Minerals|Cement|Solids""]",5.890762860998873,EJ/yr,,,1.0,0.0,,
ndc_noce,NDC,No CE,a,Global,Cement,2050,"[""AFE"", ""AFN"", ""AFW"", ""AFZ"", ""ANZ"", ""ASC"", ""ASE"", ""ASO"", ""BRA"", ""CAN"", ""CHL"", ""CHN"", ""ENE"", ""ENW"", ""EUE"", ""EUM"", ""EUW"", ""IDN"", ""IND"", ""JPN"", ""LAM"", ""MDA"", ""MEA"", ""MEX"", ""NIG"", ""RUS"", ""SKT"", ""USA""]",noce,1,future,No CE,Final energy,Total,10.179741647355929,EJ/yr,context,"[""Final Energy|Industry|Non-Metallic Minerals|Cement|Electricity"", ""Final Energy|Industry|Non-Metallic Minerals|Cement|Gases"", ""Final Energy|Industry|Non-Metallic Minerals|Cement|Liquids"", ""Final Energy|Industry|Non-Metallic Minerals|Cement|Solids""]",10.179741647355929,EJ/yr,,,1.0,0.0,,
ndc_noce,NDC,No CE,a,Global,Cement,2050,"[""AFE"", ""AFN"", ""AFW"", ""AFZ"", ""ANZ"", ""ASC"", ""ASE"", ""ASO"", ""BRA"", ""CAN"", ""CHL"", ""CHN"", ""ENE"", ""ENW"", ""EUE"", ""EUM"", ""EUW"", ""IDN"", ""IND"", ""JPN"", ""LAM"", ""MDA"", ""MEA"", ""MEX"", ""NIG"", ""RUS"", ""SKT"", ""USA""]",noce,1,future,No CE,Final energy change from no CE,Total,0.0,%,context,"[""Final Energy|Industry|Non-Metallic Minerals|Cement|Electricity"", ""Final Energy|Industry|Non-Metallic Minerals|Cement|Gases"", ""Final Energy|Industry|Non-Metallic Minerals|Cement|Liquids"", ""Final Energy|Industry|Non-Metallic Minerals|Cement|Solids""]",10.179741647355929,EJ/yr,10.179741647355929,EJ/yr,100.0,-100.0,ndc_noce,2050.0
ndc_medce_eu,NDC,"Medium CE, EU",a,Global,Cement,2050,"[""AFE"", ""AFN"", ""AFW"", ""AFZ"", ""ANZ"", ""ASC"", ""ASE"", ""ASO"", ""BRA"", ""CAN"", ""CHL"", ""CHN"", ""ENE"", ""ENW"", ""EUE"", ""EUM"", ""EUW"", ""IDN"", ""IND"", ""JPN"", ""LAM"", ""MDA"", ""MEA"", ""MEX"", ""NIG"", ""RUS"", ""SKT"", ""USA""]",medce_eu,2,future,M–EU,Final energy,Electricity,2.191158764844299,EJ/yr,plotted,"[""Final Energy|Industry|Non-Metallic Minerals|Cement|Electricity""]",2.191158764844299,EJ/yr,,,1.0,0.0,,
ndc_medce_eu,NDC,"Medium CE, EU",a,Global,Cement,2050,"[""AFE"", ""AFN"", ""AFW"", ""AFZ"", ""ANZ"", ""ASC"", ""ASE"", ""ASO"", ""BRA"", ""CAN"", ""CHL"", ""CHN"", ""ENE"", ""ENW"", ""EUE"", ""EUM"", ""EUW"", ""IDN"", ""IND"", ""JPN"", ""LAM"", ""MDA"", ""MEA"", ""MEX"", ""NIG"", ""RUS"", ""SKT"", ""USA""]",medce_eu,2,future,M–EU,Final energy,Gases,1.2420249928231832,EJ/yr,plotted,"[""Final Energy|Industry|Non-Metallic Minerals|Cement|Gases""]",1.2420249928231832,EJ/yr,,,1.0,0.0,,
ndc_medce_eu,NDC,"Medium CE, EU",a,Global,Cement,2050,"[""AFE"", ""AFN"", ""AFW"", ""AFZ"", ""ANZ"", ""ASC"", ""ASE"", ""ASO"", ""BRA"", ""CAN"", ""CHL"", ""CHN"", ""ENE"", ""ENW"", ""EUE"", ""EUM"", ""EUW"", ""IDN"", ""IND"", ""JPN"", ""LAM"", ""MDA"", ""MEA"", ""MEX"", ""NIG"", ""RUS"", ""SKT"", ""USA""]",medce_eu,2,future,M–EU,Final energy,Liquids,0.8980958217724769,EJ/yr,plotted,"[""Final Energy|Industry|Non-Metallic Minerals|Cement|Liquids""]",0.8980958217724769,EJ/yr,,,1.0,0.0,,
ndc_medce_eu,NDC,"Medium CE, EU",a,Global,Cement,2050,"[""AFE"", ""AFN"", ""AFW"", ""AFZ"", ""ANZ"", ""ASC"", ""ASE"", ""ASO"", ""BRA"", ""CAN"", ""CHL"", ""CHN"", ""ENE"", ""ENW"", ""EUE"", ""EUM"", ""EUW"", ""IDN"", ""IND"", ""JPN"", ""LAM"", ""MDA"", ""MEA"", ""MEX"", ""NIG"", ""RUS"", ""SKT"", ""USA""]",medce_eu,2,future,M–EU,Final energy,Solids,5.917457277758632,EJ/yr,plotted,"[""Final Energy|Industry|Non-Metallic Minerals|Cement|Solids""]",5.917457277758632,EJ/yr,,,1.0,0.0,,
ndc_medce_eu,NDC,"Medium CE, EU",a,Global,Cement,2050,"[""AFE"", ""AFN"", ""AFW"", ""AFZ"", ""ANZ"", ""ASC"", ""ASE"", ""ASO"", ""BRA"", ""CAN"", ""CHL"", ""CHN"", ""ENE"", ""ENW"", ""EUE"", ""EUM"", ""EUW"", ""IDN"", ""IND"", ""JPN"", ""LAM"", ""MDA"", ""MEA"", ""MEX"", ""NIG"", ""RUS"", ""SKT"", ""USA""]",medce_eu,2,future,M–EU,Final energy,Total,10.24873685719859,EJ/yr,context,"[""Final Energy|Industry|Non-Metallic Minerals|Cement|Electricity"", ""Final Energy|Industry|Non-Metallic Minerals|Cement|Gases"", ""Final Energy|Industry|Non-Metallic Minerals|Cement|Liquids"", ""Final Energy|Industry|Non-Metallic Minerals|Cement|Solids""]",10.24873685719859,EJ/yr,,,1.0,0.0,,
ndc_medce_eu,NDC,"Medium CE, EU",a,Global,Cement,2050,"[""AFE"", ""AFN"", ""AFW"", ""AFZ"", ""ANZ"", ""ASC"", ""ASE"", ""ASO"", ""BRA"", ""CAN"", ""CHL"", ""CHN"", ""ENE"", ""ENW"", ""EUE"", ""EUM"", ""EUW"", ""IDN"", ""IND"", ""JPN"", ""LAM"", ""MDA"", ""MEA"", ""MEX"", ""NIG"", ""RUS"", ""SKT"", ""USA""]",medce_eu,2,future,M–EU,Final energy change from no CE,Total,0.6777697532292564,%,context,"[""Final Energy|Industry|Non-Metallic Minerals|Cement|Electricity"", ""Final Energy|Industry|Non-Metallic Minerals|Cement|Gases"", ""Final Energy|Industry|Non-Metallic Minerals|Cement|Liquids"", ""Final Energy|Industry|Non-Metallic Minerals|Cement|Solids""]",10.24873685719859,EJ/yr,10.179741647355929,EJ/yr,100.0,-100.0,ndc_noce,2050.0
ndc_highce_eu,NDC,"High CE, EU",a,Global,Cement,2050,"[""AFE"", ""AFN"", ""AFW"", ""AFZ"", ""ANZ"", ""ASC"", ""ASE"", ""ASO"", ""BRA"", ""CAN"", ""CHL"", ""CHN"", ""ENE"", ""ENW"", ""EUE"", ""EUM"", ""EUW"", ""IDN"", ""IND"", ""JPN"", ""LAM"", ""MDA"", ""MEA"", ""MEX"", ""NIG"", ""RUS"", ""SKT"", ""USA""]",highce_eu,3,future,H–EU,Final energy,Electricity,2.1831495275412602,EJ/yr,plotted,"[""Final Energy|Industry|Non-Metallic Minerals|Cement|Electricity""]",2.1831495275412602,EJ/yr,,,1.0,0.0,,
ndc_highce_eu,NDC,"High CE, EU",a,Global,Cement,2050,"[""AFE"", ""AFN"", ""AFW"", ""AFZ"", ""ANZ"", ""ASC"", ""ASE"", ""ASO"", ""BRA"", ""CAN"", ""CHL"", ""CHN"", ""ENE"", ""ENW"", ""EUE"", ""EUM"", ""EUW"", ""IDN"", ""IND"", ""JPN"", ""LAM"", ""MDA"", ""MEA"", ""MEX"", ""NIG"", ""RUS"", ""SKT"", ""USA""]",highce_eu,3,future,H–EU,Final energy,Gases,1.2450634846332833,EJ/yr,plotted,"[""Final Energy|Industry|Non-Metallic Minerals|Cement|Gases""]",1.2450634846332833,EJ/yr,,,1.0,0.0,,
ndc_highce_eu,NDC,"High CE, EU",a,Global,Cement,2050,"[""AFE"", ""AFN"", ""AFW"", ""AFZ"", ""ANZ"", ""ASC"", ""ASE"", ""ASO"", ""BRA"", ""CAN"", ""CHL"", ""CHN"", ""ENE"", ""ENW"", ""EUE"", ""EUM"", ""EUW"", ""IDN"", ""IND"", ""JPN"", ""LAM"", ""MDA"", ""MEA"", ""MEX"", ""NIG"", ""RUS"", ""SKT"", ""USA""]",highce_eu,3,future,H–EU,Final energy,Liquids,0.8940451535135115,EJ/yr,plotted,"[""Final Energy|Industry|Non-Metallic Minerals|Cement|Liquids""]",0.8940451535135115,EJ/yr,,,1.0,0.0,,
ndc_highce_eu,NDC,"High CE, EU",a,Global,Cement,2050,"[""AFE"", ""AFN"", ""AFW"", ""AFZ"", ""ANZ"", ""ASC"", ""ASE"", ""ASO"", ""BRA"", ""CAN"", ""CHL"", ""CHN"", ""ENE"", ""ENW"", ""EUE"", ""EUM"", ""EUW"", ""IDN"", ""IND"", ""JPN"", ""LAM"", ""MDA"", ""MEA"", ""MEX"", ""NIG"", ""RUS"", ""SKT"", ""USA""]",highce_eu,3,future,H–EU,Final energy,Solids,5.882615539005032,EJ/yr,plotted,"[""Final Energy|Industry|Non-Metallic Minerals|Cement|Solids""]",5.882615539005032,EJ/yr,,,1.0,0.0,,
ndc_highce_eu,NDC,"High CE, EU",a,Global,Cement,2050,"[""AFE"", ""AFN"", ""AFW"", ""AFZ"", ""ANZ"", ""ASC"", ""ASE"", ""ASO"", ""BRA"", ""CAN"", ""CHL"", ""CHN"", ""ENE"", ""ENW"", ""EUE"", ""EUM"", ""EUW"", ""IDN"", ""IND"", ""JPN"", ""LAM"", ""MDA"", ""MEA"", ""MEX"", ""NIG"", ""RUS"", ""SKT"", ""USA""]",highce_eu,3,future,H–EU,Final energy,Total,10.204873704693087,EJ/yr,context,"[""Final Energy|Industry|Non-Metallic Minerals|Cement|Electricity"", ""Final Energy|Industry|Non-Metallic Minerals|Cement|Gases"", ""Final Energy|Industry|Non-Metallic Minerals|Cement|Liquids"", ""Final Energy|Industry|Non-Metallic Minerals|Cement|Solids""]",10.204873704693087,EJ/yr,,,1.0,0.0,,
ndc_highce_eu,NDC,"High CE, EU",a,Global,Cement,2050,"[""AFE"", ""AFN"", ""AFW"", ""AFZ"", ""ANZ"", ""ASC"", ""ASE"", ""ASO"", ""BRA"", ""CAN"", ""CHL"", ""CHN"", ""ENE"", ""ENW"", ""EUE"", ""EUM"", ""EUW"", ""IDN"", ""IND"", ""JPN"", ""LAM"", ""MDA"", ""MEA"", ""MEX"", ""NIG"", ""RUS"", ""SKT"", ""USA""]",highce_eu,3,future,H–EU,Final energy change from no CE,Total,0.24688305664109578,%,context,"[""Final Energy|Industry|Non-Metallic Minerals|Cement|Electricity"", ""Final Energy|Industry|Non-Metallic Minerals|Cement|Gases"", ""Final Energy|Industry|Non-Metallic Minerals|Cement|Liquids"", ""Final Energy|Industry|Non-Metallic Minerals|Cement|Solids""]",10.204873704693087,EJ/yr,10.179741647355929,EJ/yr,100.0,-100.0,ndc_noce,2050.0
ndc_medce_gbl,NDC,"Medium CE, EU + partners",a,Global,Cement,2050,"[""AFE"", ""AFN"", ""AFW"", ""AFZ"", ""ANZ"", ""ASC"", ""ASE"", ""ASO"", ""BRA"", ""CAN"", ""CHL"", ""CHN"", ""ENE"", ""ENW"", ""EUE"", ""EUM"", ""EUW"", ""IDN"", ""IND"", ""JPN"", ""LAM"", ""MDA"", ""MEA"", ""MEX"", ""NIG"", ""RUS"", ""SKT"", ""USA""]",medce_gbl,4,future,M–EU+,Final energy,Electricity,1.9856489389920338,EJ/yr,plotted,"[""Final Energy|Industry|Non-Metallic Minerals|Cement|Electricity""]",1.9856489389920338,EJ/yr,,,1.0,0.0,,
ndc_medce_gbl,NDC,"Medium CE, EU + partners",a,Global,Cement,2050,"[""AFE"", ""AFN"", ""AFW"", ""AFZ"", ""ANZ"", ""ASC"", ""ASE"", ""ASO"", ""BRA"", ""CAN"", ""CHL"", ""CHN"", ""ENE"", ""ENW"", ""EUE"", ""EUM"", ""EUW"", ""IDN"", ""IND"", ""JPN"", ""LAM"", ""MDA"", ""MEA"", ""MEX"", ""NIG"", ""RUS"", ""SKT"", ""USA""]",medce_gbl,4,future,M–EU+,Final energy,Gases,1.130629995759937,EJ/yr,plotted,"[""Final Energy|Industry|Non-Metallic Minerals|Cement|Gases""]",1.130629995759937,EJ/yr,,,1.0,0.0,,
ndc_medce_gbl,NDC,"Medium CE, EU + partners",a,Global,Cement,2050,"[""AFE"", ""AFN"", ""AFW"", ""AFZ"", ""ANZ"", ""ASC"", ""ASE"", ""ASO"", ""BRA"", ""CAN"", ""CHL"", ""CHN"", ""ENE"", ""ENW"", ""EUE"", ""EUM"", ""EUW"", ""IDN"", ""IND"", ""JPN"", ""LAM"", ""MDA"", ""MEA"", ""MEX"", ""NIG"", ""RUS"", ""SKT"", ""USA""]",medce_gbl,4,future,M–EU+,Final energy,Liquids,0.7790091959795986,EJ/yr,plotted,"[""Final Energy|Industry|Non-Metallic Minerals|Cement|Liquids""]",0.7790091959795986,EJ/yr,,,1.0,0.0,,
ndc_medce_gbl,NDC,"Medium CE, EU + partners",a,Global,Cement,2050,"[""AFE"", ""AFN"", ""AFW"", ""AFZ"", ""ANZ"", ""ASC"", ""ASE"", ""ASO"", ""BRA"", ""CAN"", ""CHL"", ""CHN"", ""ENE"", ""ENW"", ""EUE"", ""EUM"", ""EUW"", ""IDN"", ""IND"", ""JPN"", ""LAM"", ""MDA"", ""MEA"", ""MEX"", ""NIG"", ""RUS"", ""SKT"", ""USA""]",medce_gbl,4,future,M–EU+,Final energy,Solids,5.076206989672411,EJ/yr,plotted,"[""Final Energy|Industry|Non-Metallic Minerals|Cement|Solids""]",5.076206989672411,EJ/yr,,,1.0,0.0,,
ndc_medce_gbl,NDC,"Medium CE, EU + partners",a,Global,Cement,2050,"[""AFE"", ""AFN"", ""AFW"", ""AFZ"", ""ANZ"", ""ASC"", ""ASE"", ""ASO"", ""BRA"", ""CAN"", ""CHL"", ""CHN"", ""ENE"", ""ENW"", ""EUE"", ""EUM"", ""EUW"", ""IDN"", ""IND"", ""JPN"", ""LAM"", ""MDA"", ""MEA"", ""MEX"", ""NIG"", ""RUS"", ""SKT"", ""USA""]",medce_gbl,4,future,M–EU+,Final energy,Total,8.97149512040398,EJ/yr,context,"[""Final Energy|Industry|Non-Metallic Minerals|Cement|Electricity"", ""Final Energy|Industry|Non-Metallic Minerals|Cement|Gases"", ""Final Energy|Industry|Non-Metallic Minerals|Cement|Liquids"", ""Final Energy|Industry|Non-Metallic Minerals|Cement|Solids""]",8.97149512040398,EJ/yr,,,1.0,0.0,,
ndc_medce_gbl,NDC,"Medium CE, EU + partners",a,Global,Cement,2050,"[""AFE"", ""AFN"", ""AFW"", ""AFZ"", ""ANZ"", ""ASC"", ""ASE"", ""ASO"", ""BRA"", ""CAN"", ""CHL"", ""CHN"", ""ENE"", ""ENW"", ""EUE"", ""EUM"", ""EUW"", ""IDN"", ""IND"", ""JPN"", ""LAM"", ""MDA"", ""MEA"", ""MEX"", ""NIG"", ""RUS"", ""SKT"", ""USA""]",medce_gbl,4,future,M–EU+,Final energy change from no CE,Total,-11.869127614508542,%,context,"[""Final Energy|Industry|Non-Metallic Minerals|Cement|Electricity"", ""Final Energy|Industry|Non-Metallic Minerals|Cement|Gases"", ""Final Energy|Industry|Non-Metallic Minerals|Cement|Liquids"", ""Final Energy|Industry|Non-Metallic Minerals|Cement|Solids""]",8.97149512040398,EJ/yr,10.179741647355929,EJ/yr,100.0,-100.0,ndc_noce,2050.0
ndc_highce_gbl,NDC,"High CE, EU + partners",a,Global,Cement,2050,"[""AFE"", ""AFN"", ""AFW"", ""AFZ"", ""ANZ"", ""ASC"", ""ASE"", ""ASO"", ""BRA"", ""CAN"", ""CHL"", ""CHN"", ""ENE"", ""ENW"", ""EUE"", ""EUM"", ""EUW"", ""IDN"", ""IND"", ""JPN"", ""LAM"", ""MDA"", ""MEA"", ""MEX"", ""NIG"", ""RUS"", ""SKT"", ""USA""]",highce_gbl,5,future,H–EU+,Final energy,Electricity,1.8121542646653512,EJ/yr,plotted,"[""Final Energy|Industry|Non-Metallic Minerals|Cement|Electricity""]",1.8121542646653512,EJ/yr,,,1.0,0.0,,
ndc_highce_gbl,NDC,"High CE, EU + partners",a,Global,Cement,2050,"[""AFE"", ""AFN"", ""AFW"", ""AFZ"", ""ANZ"", ""ASC"", ""ASE"", ""ASO"", ""BRA"", ""CAN"", ""CHL"", ""CHN"", ""ENE"", ""ENW"", ""EUE"", ""EUM"", ""EUW"", ""IDN"", ""IND"", ""JPN"", ""LAM"", ""MDA"", ""MEA"", ""MEX"", ""NIG"", ""RUS"", ""SKT"", ""USA""]",highce_gbl,5,future,H–EU+,Final energy,Gases,1.0507755992023013,EJ/yr,plotted,"[""Final Energy|Industry|Non-Metallic Minerals|Cement|Gases""]",1.0507755992023013,EJ/yr,,,1.0,0.0,,
ndc_highce_gbl,NDC,"High CE, EU + partners",a,Global,Cement,2050,"[""AFE"", ""AFN"", ""AFW"", ""AFZ"", ""ANZ"", ""ASC"", ""ASE"", ""ASO"", ""BRA"", ""CAN"", ""CHL"", ""CHN"", ""ENE"", ""ENW"", ""EUE"", ""EUM"", ""EUW"", ""IDN"", ""IND"", ""JPN"", ""LAM"", ""MDA"", ""MEA"", ""MEX"", ""NIG"", ""RUS"", ""SKT"", ""USA""]",highce_gbl,5,future,H–EU+,Final energy,Liquids,0.6968031311831624,EJ/yr,plotted,"[""Final Energy|Industry|Non-Metallic Minerals|Cement|Liquids""]",0.6968031311831624,EJ/yr,,,1.0,0.0,,
ndc_highce_gbl,NDC,"High CE, EU + partners",a,Global,Cement,2050,"[""AFE"", ""AFN"", ""AFW"", ""AFZ"", ""ANZ"", ""ASC"", ""ASE"", ""ASO"", ""BRA"", ""CAN"", ""CHL"", ""CHN"", ""ENE"", ""ENW"", ""EUE"", ""EUM"", ""EUW"", ""IDN"", ""IND"", ""JPN"", ""LAM"", ""MDA"", ""MEA"", ""MEX"", ""NIG"", ""RUS"", ""SKT"", ""USA""]",highce_gbl,5,future,H–EU+,Final energy,Solids,4.5003218485589995,EJ/yr,plotted,"[""Final Energy|Industry|Non-Metallic Minerals|Cement|Solids""]",4.5003218485589995,EJ/yr,,,1.0,0.0,,
ndc_highce_gbl,NDC,"High CE, EU + partners",a,Global,Cement,2050,"[""AFE"", ""AFN"", ""AFW"", ""AFZ"", ""ANZ"", ""ASC"", ""ASE"", ""ASO"", ""BRA"", ""CAN"", ""CHL"", ""CHN"", ""ENE"", ""ENW"", ""EUE"", ""EUM"", ""EUW"", ""IDN"", ""IND"", ""JPN"", ""LAM"", ""MDA"", ""MEA"", ""MEX"", ""NIG"", ""RUS"", ""SKT"", ""USA""]",highce_gbl,5,future,H–EU+,Final energy,Total,8.060054843609814,EJ/yr,context,"[""Final Energy|Industry|Non-Metallic Minerals|Cement|Electricity"", ""Final Energy|Industry|Non-Metallic Minerals|Cement|Gases"", ""Final Energy|Industry|Non-Metallic Minerals|Cement|Liquids"", ""Final Energy|Industry|Non-Metallic Minerals|Cement|Solids""]",8.060054843609814,EJ/yr,,,1.0,0.0,,
ndc_highce_gbl,NDC,"High CE, EU + partners",a,Global,Cement,2050,"[""AFE"", ""AFN"", ""AFW"", ""AFZ"", ""ANZ"", ""ASC"", ""ASE"", ""ASO"", ""BRA"", ""CAN"", ""CHL"", ""CHN"", ""ENE"", ""ENW"", ""EUE"", ""EUM"", ""EUW"", ""IDN"", ""IND"", ""JPN"", ""LAM"", ""MDA"", ""MEA"", ""MEX"", ""NIG"", ""RUS"", ""SKT"", ""USA""]",highce_gbl,5,future,H–EU+,Final energy change from no CE,Total,-20.822599209054374,%,context,"[""Final Energy|Industry|Non-Metallic Minerals|Cement|Electricity"", ""Final Energy|Industry|Non-Metallic Minerals|Cement|Gases"", ""Final Energy|Industry|Non-Metallic Minerals|Cement|Liquids"", ""Final Energy|Industry|Non-Metallic Minerals|Cement|Solids""]",8.060054843609814,EJ/yr,10.179741647355929,EJ/yr,100.0,-100.0,ndc_noce,2050.0
ndc_noce,NDC,No CE,b,Global,Iron and steel,2019,"[""AFE"", ""AFN"", ""AFW"", ""AFZ"", ""ANZ"", ""ASC"", ""ASE"", ""ASO"", ""BRA"", ""CAN"", ""CHL"", ""CHN"", ""ENE"", ""ENW"", ""EUE"", ""EUM"", ""EUW"", ""IDN"", ""IND"", ""JPN"", ""LAM"", ""MDA"", ""MEA"", ""MEX"", ""NIG"", ""RUS"", ""SKT"", ""USA""]",noce,0,historical,2019,Final energy,Electricity,4.450102658833501,EJ/yr,plotted,"[""Final Energy|Industry|Iron and Steel|Electricity""]",4.450102658833501,EJ/yr,,,1.0,0.0,,
ndc_noce,NDC,No CE,b,Global,Iron and steel,2019,"[""AFE"", ""AFN"", ""AFW"", ""AFZ"", ""ANZ"", ""ASC"", ""ASE"", ""ASO"", ""BRA"", ""CAN"", ""CHL"", ""CHN"", ""ENE"", ""ENW"", ""EUE"", ""EUM"", ""EUW"", ""IDN"", ""IND"", ""JPN"", ""LAM"", ""MDA"", ""MEA"", ""MEX"", ""NIG"", ""RUS"", ""SKT"", ""USA""]",noce,0,historical,2019,Final energy,Gases,2.5956495325091713,EJ/yr,plotted,"[""Final Energy|Industry|Iron and Steel|Gases""]",2.5956495325091713,EJ/yr,,,1.0,0.0,,
ndc_noce,NDC,No CE,b,Global,Iron and steel,2019,"[""AFE"", ""AFN"", ""AFW"", ""AFZ"", ""ANZ"", ""ASC"", ""ASE"", ""ASO"", ""BRA"", ""CAN"", ""CHL"", ""CHN"", ""ENE"", ""ENW"", ""EUE"", ""EUM"", ""EUW"", ""IDN"", ""IND"", ""JPN"", ""LAM"", ""MDA"", ""MEA"", ""MEX"", ""NIG"", ""RUS"", ""SKT"", ""USA""]",noce,0,historical,2019,Final energy,Hydrogen,0.0,EJ/yr,plotted,"[""Final Energy|Industry|Iron and Steel|Hydrogen""]",0.0,EJ/yr,,,1.0,0.0,,
ndc_noce,NDC,No CE,b,Global,Iron and steel,2019,"[""AFE"", ""AFN"", ""AFW"", ""AFZ"", ""ANZ"", ""ASC"", ""ASE"", ""ASO"", ""BRA"", ""CAN"", ""CHL"", ""CHN"", ""ENE"", ""ENW"", ""EUE"", ""EUM"", ""EUW"", ""IDN"", ""IND"", ""JPN"", ""LAM"", ""MDA"", ""MEA"", ""MEX"", ""NIG"", ""RUS"", ""SKT"", ""USA""]",noce,0,historical,2019,Final energy,Liquids,0.2912064779786795,EJ/yr,plotted,"[""Final Energy|Industry|Iron and Steel|Liquids""]",0.2912064779786795,EJ/yr,,,1.0,0.0,,
ndc_noce,NDC,No CE,b,Global,Iron and steel,2019,"[""AFE"", ""AFN"", ""AFW"", ""AFZ"", ""ANZ"", ""ASC"", ""ASE"", ""ASO"", ""BRA"", ""CAN"", ""CHL"", ""CHN"", ""ENE"", ""ENW"", ""EUE"", ""EUM"", ""EUW"", ""IDN"", ""IND"", ""JPN"", ""LAM"", ""MDA"", ""MEA"", ""MEX"", ""NIG"", ""RUS"", ""SKT"", ""USA""]",noce,0,historical,2019,Final energy,Solids,22.90554446435401,EJ/yr,plotted,"[""Final Energy|Industry|Iron and Steel|Solids""]",22.90554446435401,EJ/yr,,,1.0,0.0,,
ndc_noce,NDC,No CE,b,Global,Iron and steel,2019,"[""AFE"", ""AFN"", ""AFW"", ""AFZ"", ""ANZ"", ""ASC"", ""ASE"", ""ASO"", ""BRA"", ""CAN"", ""CHL"", ""CHN"", ""ENE"", ""ENW"", ""EUE"", ""EUM"", ""EUW"", ""IDN"", ""IND"", ""JPN"", ""LAM"", ""MDA"", ""MEA"", ""MEX"", ""NIG"", ""RUS"", ""SKT"", ""USA""]",noce,0,historical,2019,Final energy,Total,30.24250313367536,EJ/yr,context,"[""Final Energy|Industry|Iron and Steel|Electricity"", ""Final Energy|Industry|Iron and Steel|Gases"", ""Final Energy|Industry|Iron and Steel|Hydrogen"", ""Final Energy|Industry|Iron and Steel|Liquids"", ""Final Energy|Industry|Iron and Steel|Solids""]",30.24250313367536,EJ/yr,,,1.0,0.0,,
ndc_noce,NDC,No CE,b,Global,Iron and steel,2050,"[""AFE"", ""AFN"", ""AFW"", ""AFZ"", ""ANZ"", ""ASC"", ""ASE"", ""ASO"", ""BRA"", ""CAN"", ""CHL"", ""CHN"", ""ENE"", ""ENW"", ""EUE"", ""EUM"", ""EUW"", ""IDN"", ""IND"", ""JPN"", ""LAM"", ""MDA"", ""MEA"", ""MEX"", ""NIG"", ""RUS"", ""SKT"", ""USA""]",noce,1,future,No CE,Final energy,Electricity,5.871106287870796,EJ/yr,plotted,"[""Final Energy|Industry|Iron and Steel|Electricity""]",5.871106287870796,EJ/yr,,,1.0,0.0,,
ndc_noce,NDC,No CE,b,Global,Iron and steel,2050,"[""AFE"", ""AFN"", ""AFW"", ""AFZ"", ""ANZ"", ""ASC"", ""ASE"", ""ASO"", ""BRA"", ""CAN"", ""CHL"", ""CHN"", ""ENE"", ""ENW"", ""EUE"", ""EUM"", ""EUW"", ""IDN"", ""IND"", ""JPN"", ""LAM"", ""MDA"", ""MEA"", ""MEX"", ""NIG"", ""RUS"", ""SKT"", ""USA""]",noce,1,future,No CE,Final energy,Gases,4.372101926577202,EJ/yr,plotted,"[""Final Energy|Industry|Iron and Steel|Gases""]",4.372101926577202,EJ/yr,,,1.0,0.0,,
ndc_noce,NDC,No CE,b,Global,Iron and steel,2050,"[""AFE"", ""AFN"", ""AFW"", ""AFZ"", ""ANZ"", ""ASC"", ""ASE"", ""ASO"", ""BRA"", ""CAN"", ""CHL"", ""CHN"", ""ENE"", ""ENW"", ""EUE"", ""EUM"", ""EUW"", ""IDN"", ""IND"", ""JPN"", ""LAM"", ""MDA"", ""MEA"", ""MEX"", ""NIG"", ""RUS"", ""SKT"", ""USA""]",noce,1,future,No CE,Final energy,Hydrogen,1.3893356332507933,EJ/yr,plotted,"[""Final Energy|Industry|Iron and Steel|Hydrogen""]",1.3893356332507933,EJ/yr,,,1.0,0.0,,
ndc_noce,NDC,No CE,b,Global,Iron and steel,2050,"[""AFE"", ""AFN"", ""AFW"", ""AFZ"", ""ANZ"", ""ASC"", ""ASE"", ""ASO"", ""BRA"", ""CAN"", ""CHL"", ""CHN"", ""ENE"", ""ENW"", ""EUE"", ""EUM"", ""EUW"", ""IDN"", ""IND"", ""JPN"", ""LAM"", ""MDA"", ""MEA"", ""MEX"", ""NIG"", ""RUS"", ""SKT"", ""USA""]",noce,1,future,No CE,Final energy,Liquids,0.0,EJ/yr,plotted,"[""Final Energy|Industry|Iron and Steel|Liquids""]",0.0,EJ/yr,,,1.0,0.0,,
ndc_noce,NDC,No CE,b,Global,Iron and steel,2050,"[""AFE"", ""AFN"", ""AFW"", ""AFZ"", ""ANZ"", ""ASC"", ""ASE"", ""ASO"", ""BRA"", ""CAN"", ""CHL"", ""CHN"", ""ENE"", ""ENW"", ""EUE"", ""EUM"", ""EUW"", ""IDN"", ""IND"", ""JPN"", ""LAM"", ""MDA"", ""MEA"", ""MEX"", ""NIG"", ""RUS"", ""SKT"", ""USA""]",noce,1,future,No CE,Final energy,Solids,8.977730848502727,EJ/yr,plotted,"[""Final Energy|Industry|Iron and Steel|Solids""]",8.977730848502727,EJ/yr,,,1.0,0.0,,
ndc_noce,NDC,No CE,b,Global,Iron and steel,2050,"[""AFE"", ""AFN"", ""AFW"", ""AFZ"", ""ANZ"", ""ASC"", ""ASE"", ""ASO"", ""BRA"", ""CAN"", ""CHL"", ""CHN"", ""ENE"", ""ENW"", ""EUE"", ""EUM"", ""EUW"", ""IDN"", ""IND"", ""JPN"", ""LAM"", ""MDA"", ""MEA"", ""MEX"", ""NIG"", ""RUS"", ""SKT"", ""USA""]",noce,1,future,No CE,Final energy,Total,20.610274696201518,EJ/yr,context,"[""Final Energy|Industry|Iron and Steel|Electricity"", ""Final Energy|Industry|Iron and Steel|Gases"", ""Final Energy|Industry|Iron and Steel|Hydrogen"", ""Final Energy|Industry|Iron and Steel|Liquids"", ""Final Energy|Industry|Iron and Steel|Solids""]",20.610274696201518,EJ/yr,,,1.0,0.0,,
ndc_noce,NDC,No CE,b,Global,Iron and steel,2050,"[""AFE"", ""AFN"", ""AFW"", ""AFZ"", ""ANZ"", ""ASC"", ""ASE"", ""ASO"", ""BRA"", ""CAN"", ""CHL"", ""CHN"", ""ENE"", ""ENW"", ""EUE"", ""EUM"", ""EUW"", ""IDN"", ""IND"", ""JPN"", ""LAM"", ""MDA"", ""MEA"", ""MEX"", ""NIG"", ""RUS"", ""SKT"", ""USA""]",noce,1,future,No CE,Final energy change from no CE,Total,0.0,%,context,"[""Final Energy|Industry|Iron and Steel|Electricity"", ""Final Energy|Industry|Iron and Steel|Gases"", ""Final Energy|Industry|Iron and Steel|Hydrogen"", ""Final Energy|Industry|Iron and Steel|Liquids"", ""Final Energy|Industry|Iron and Steel|Solids""]",20.610274696201518,EJ/yr,20.610274696201518,EJ/yr,100.0,-100.0,ndc_noce,2050.0
ndc_medce_eu,NDC,"Medium CE, EU",b,Global,Iron and steel,2050,"[""AFE"", ""AFN"", ""AFW"", ""AFZ"", ""ANZ"", ""ASC"", ""ASE"", ""ASO"", ""BRA"", ""CAN"", ""CHL"", ""CHN"", ""ENE"", ""ENW"", ""EUE"", ""EUM"", ""EUW"", ""IDN"", ""IND"", ""JPN"", ""LAM"", ""MDA"", ""MEA"", ""MEX"", ""NIG"", ""RUS"", ""SKT"", ""USA""]",medce_eu,2,future,M–EU,Final energy,Electricity,5.562176841521232,EJ/yr,plotted,"[""Final Energy|Industry|Iron and Steel|Electricity""]",5.562176841521232,EJ/yr,,,1.0,0.0,,
ndc_medce_eu,NDC,"Medium CE, EU",b,Global,Iron and steel,2050,"[""AFE"", ""AFN"", ""AFW"", ""AFZ"", ""ANZ"", ""ASC"", ""ASE"", ""ASO"", ""BRA"", ""CAN"", ""CHL"", ""CHN"", ""ENE"", ""ENW"", ""EUE"", ""EUM"", ""EUW"", ""IDN"", ""IND"", ""JPN"", ""LAM"", ""MDA"", ""MEA"", ""MEX"", ""NIG"", ""RUS"", ""SKT"", ""USA""]",medce_eu,2,future,M–EU,Final energy,Gases,4.219500094376219,EJ/yr,plotted,"[""Final Energy|Industry|Iron and Steel|Gases""]",4.219500094376219,EJ/yr,,,1.0,0.0,,
ndc_medce_eu,NDC,"Medium CE, EU",b,Global,Iron and steel,2050,"[""AFE"", ""AFN"", ""AFW"", ""AFZ"", ""ANZ"", ""ASC"", ""ASE"", ""ASO"", ""BRA"", ""CAN"", ""CHL"", ""CHN"", ""ENE"", ""ENW"", ""EUE"", ""EUM"", ""EUW"", ""IDN"", ""IND"", ""JPN"", ""LAM"", ""MDA"", ""MEA"", ""MEX"", ""NIG"", ""RUS"", ""SKT"", ""USA""]",medce_eu,2,future,M–EU,Final energy,Hydrogen,1.3694165954179782,EJ/yr,plotted,"[""Final Energy|Industry|Iron and Steel|Hydrogen""]",1.3694165954179782,EJ/yr,,,1.0,0.0,,
ndc_medce_eu,NDC,"Medium CE, EU",b,Global,Iron and steel,2050,"[""AFE"", ""AFN"", ""AFW"", ""AFZ"", ""ANZ"", ""ASC"", ""ASE"", ""ASO"", ""BRA"", ""CAN"", ""CHL"", ""CHN"", ""ENE"", ""ENW"", ""EUE"", ""EUM"", ""EUW"", ""IDN"", ""IND"", ""JPN"", ""LAM"", ""MDA"", ""MEA"", ""MEX"", ""NIG"", ""RUS"", ""SKT"", ""USA""]",medce_eu,2,future,M–EU,Final energy,Liquids,0.0,EJ/yr,plotted,"[""Final Energy|Industry|Iron and Steel|Liquids""]",0.0,EJ/yr,,,1.0,0.0,,
ndc_medce_eu,NDC,"Medium CE, EU",b,Global,Iron and steel,2050,"[""AFE"", ""AFN"", ""AFW"", ""AFZ"", ""ANZ"", ""ASC"", ""ASE"", ""ASO"", ""BRA"", ""CAN"", ""CHL"", ""CHN"", ""ENE"", ""ENW"", ""EUE"", ""EUM"", ""EUW"", ""IDN"", ""IND"", ""JPN"", ""LAM"", ""MDA"", ""MEA"", ""MEX"", ""NIG"", ""RUS"", ""SKT"", ""USA""]",medce_eu,2,future,M–EU,Final energy,Solids,8.205208804052644,EJ/yr,plotted,"[""Final Energy|Industry|Iron and Steel|Solids""]",8.205208804052644,EJ/yr,,,1.0,0.0,,
ndc_medce_eu,NDC,"Medium CE, EU",b,Global,Iron and steel,2050,"[""AFE"", ""AFN"", ""AFW"", ""AFZ"", ""ANZ"", ""ASC"", ""ASE"", ""ASO"", ""BRA"", ""CAN"", ""CHL"", ""CHN"", ""ENE"", ""ENW"", ""EUE"", ""EUM"", ""EUW"", ""IDN"", ""IND"", ""JPN"", ""LAM"", ""MDA"", ""MEA"", ""MEX"", ""NIG"", ""RUS"", ""SKT"", ""USA""]",medce_eu,2,future,M–EU,Final energy,Total,19.35630233536807,EJ/yr,context,"[""Final Energy|Industry|Iron and Steel|Electricity"", ""Final Energy|Industry|Iron and Steel|Gases"", ""Final Energy|Industry|Iron and Steel|Hydrogen"", ""Final Energy|Industry|Iron and Steel|Liquids"", ""Final Energy|Industry|Iron and Steel|Solids""]",19.35630233536807,EJ/yr,,,1.0,0.0,,
ndc_medce_eu,NDC,"Medium CE, EU",b,Global,Iron and steel,2050,"[""AFE"", ""AFN"", ""AFW"", ""AFZ"", ""ANZ"", ""ASC"", ""ASE"", ""ASO"", ""BRA"", ""CAN"", ""CHL"", ""CHN"", ""ENE"", ""ENW"", ""EUE"", ""EUM"", ""EUW"", ""IDN"", ""IND"", ""JPN"", ""LAM"", ""MDA"", ""MEA"", ""MEX"", ""NIG"", ""RUS"", ""SKT"", ""USA""]",medce_eu,2,future,M–EU,Final energy change from no CE,Total,-6.084209838622655,%,context,"[""Final Energy|Industry|Iron and Steel|Electricity"", ""Final Energy|Industry|Iron and Steel|Gases"", ""Final Energy|Industry|Iron and Steel|Hydrogen"", ""Final Energy|Industry|Iron and Steel|Liquids"", ""Final Energy|Industry|Iron and Steel|Solids""]",19.35630233536807,EJ/yr,20.610274696201518,EJ/yr,100.0,-100.0,ndc_noce,2050.0
ndc_highce_eu,NDC,"High CE, EU",b,Global,Iron and steel,2050,"[""AFE"", ""AFN"", ""AFW"", ""AFZ"", ""ANZ"", ""ASC"", ""ASE"", ""ASO"", ""BRA"", ""CAN"", ""CHL"", ""CHN"", ""ENE"", ""ENW"", ""EUE"", ""EUM"", ""EUW"", ""IDN"", ""IND"", ""JPN"", ""LAM"", ""MDA"", ""MEA"", ""MEX"", ""NIG"", ""RUS"", ""SKT"", ""USA""]",highce_eu,3,future,H–EU,Final energy,Electricity,5.56223335399205,EJ/yr,plotted,"[""Final Energy|Industry|Iron and Steel|Electricity""]",5.56223335399205,EJ/yr,,,1.0,0.0,,
ndc_highce_eu,NDC,"High CE, EU",b,Global,Iron and steel,2050,"[""AFE"", ""AFN"", ""AFW"", ""AFZ"", ""ANZ"", ""ASC"", ""ASE"", ""ASO"", ""BRA"", ""CAN"", ""CHL"", ""CHN"", ""ENE"", ""ENW"", ""EUE"", ""EUM"", ""EUW"", ""IDN"", ""IND"", ""JPN"", ""LAM"", ""MDA"", ""MEA"", ""MEX"", ""NIG"", ""RUS"", ""SKT"", ""USA""]",highce_eu,3,future,H–EU,Final energy,Gases,4.218891285501615,EJ/yr,plotted,"[""Final Energy|Industry|Iron and Steel|Gases""]",4.218891285501615,EJ/yr,,,1.0,0.0,,
ndc_highce_eu,NDC,"High CE, EU",b,Global,Iron and steel,2050,"[""AFE"", ""AFN"", ""AFW"", ""AFZ"", ""ANZ"", ""ASC"", ""ASE"", ""ASO"", ""BRA"", ""CAN"", ""CHL"", ""CHN"", ""ENE"", ""ENW"", ""EUE"", ""EUM"", ""EUW"", ""IDN"", ""IND"", ""JPN"", ""LAM"", ""MDA"", ""MEA"", ""MEX"", ""NIG"", ""RUS"", ""SKT"", ""USA""]",highce_eu,3,future,H–EU,Final energy,Hydrogen,1.3694165920688093,EJ/yr,plotted,"[""Final Energy|Industry|Iron and Steel|Hydrogen""]",1.3694165920688093,EJ/yr,,,1.0,0.0,,
ndc_highce_eu,NDC,"High CE, EU",b,Global,Iron and steel,2050,"[""AFE"", ""AFN"", ""AFW"", ""AFZ"", ""ANZ"", ""ASC"", ""ASE"", ""ASO"", ""BRA"", ""CAN"", ""CHL"", ""CHN"", ""ENE"", ""ENW"", ""EUE"", ""EUM"", ""EUW"", ""IDN"", ""IND"", ""JPN"", ""LAM"", ""MDA"", ""MEA"", ""MEX"", ""NIG"", ""RUS"", ""SKT"", ""USA""]",highce_eu,3,future,H–EU,Final energy,Liquids,0.0,EJ/yr,plotted,"[""Final Energy|Industry|Iron and Steel|Liquids""]",0.0,EJ/yr,,,1.0,0.0,,
ndc_highce_eu,NDC,"High CE, EU",b,Global,Iron and steel,2050,"[""AFE"", ""AFN"", ""AFW"", ""AFZ"", ""ANZ"", ""ASC"", ""ASE"", ""ASO"", ""BRA"", ""CAN"", ""CHL"", ""CHN"", ""ENE"", ""ENW"", ""EUE"", ""EUM"", ""EUW"", ""IDN"", ""IND"", ""JPN"", ""LAM"", ""MDA"", ""MEA"", ""MEX"", ""NIG"", ""RUS"", ""SKT"", ""USA""]",highce_eu,3,future,H–EU,Final energy,Solids,8.207175368135553,EJ/yr,plotted,"[""Final Energy|Industry|Iron and Steel|Solids""]",8.207175368135553,EJ/yr,,,1.0,0.0,,
ndc_highce_eu,NDC,"High CE, EU",b,Global,Iron and steel,2050,"[""AFE"", ""AFN"", ""AFW"", ""AFZ"", ""ANZ"", ""ASC"", ""ASE"", ""ASO"", ""BRA"", ""CAN"", ""CHL"", ""CHN"", ""ENE"", ""ENW"", ""EUE"", ""EUM"", ""EUW"", ""IDN"", ""IND"", ""JPN"", ""LAM"", ""MDA"", ""MEA"", ""MEX"", ""NIG"", ""RUS"", ""SKT"", ""USA""]",highce_eu,3,future,H–EU,Final energy,Total,19.35771659969803,EJ/yr,context,"[""Final Energy|Industry|Iron and Steel|Electricity"", ""Final Energy|Industry|Iron and Steel|Gases"", ""Final Energy|Industry|Iron and Steel|Hydrogen"", ""Final Energy|Industry|Iron and Steel|Liquids"", ""Final Energy|Industry|Iron and Steel|Solids""]",19.35771659969803,EJ/yr,,,1.0,0.0,,
ndc_highce_eu,NDC,"High CE, EU",b,Global,Iron and steel,2050,"[""AFE"", ""AFN"", ""AFW"", ""AFZ"", ""ANZ"", ""ASC"", ""ASE"", ""ASO"", ""BRA"", ""CAN"", ""CHL"", ""CHN"", ""ENE"", ""ENW"", ""EUE"", ""EUM"", ""EUW"", ""IDN"", ""IND"", ""JPN"", ""LAM"", ""MDA"", ""MEA"", ""MEX"", ""NIG"", ""RUS"", ""SKT"", ""USA""]",highce_eu,3,future,H–EU,Final energy change from no CE,Total,-6.077347900337955,%,context,"[""Final Energy|Industry|Iron and Steel|Electricity"", ""Final Energy|Industry|Iron and Steel|Gases"", ""Final Energy|Industry|Iron and Steel|Hydrogen"", ""Final Energy|Industry|Iron and Steel|Liquids"", ""Final Energy|Industry|Iron and Steel|Solids""]",19.35771659969803,EJ/yr,20.610274696201518,EJ/yr,100.0,-100.0,ndc_noce,2050.0
ndc_medce_gbl,NDC,"Medium CE, EU + partners",b,Global,Iron and steel,2050,"[""AFE"", ""AFN"", ""AFW"", ""AFZ"", ""ANZ"", ""ASC"", ""ASE"", ""ASO"", ""BRA"", ""CAN"", ""CHL"", ""CHN"", ""ENE"", ""ENW"", ""EUE"", ""EUM"", ""EUW"", ""IDN"", ""IND"", ""JPN"", ""LAM"", ""MDA"", ""MEA"", ""MEX"", ""NIG"", ""RUS"", ""SKT"", ""USA""]",medce_gbl,4,future,M–EU+,Final energy,Electricity,4.811509426526331,EJ/yr,plotted,"[""Final Energy|Industry|Iron and Steel|Electricity""]",4.811509426526331,EJ/yr,,,1.0,0.0,,
ndc_medce_gbl,NDC,"Medium CE, EU + partners",b,Global,Iron and steel,2050,"[""AFE"", ""AFN"", ""AFW"", ""AFZ"", ""ANZ"", ""ASC"", ""ASE"", ""ASO"", ""BRA"", ""CAN"", ""CHL"", ""CHN"", ""ENE"", ""ENW"", ""EUE"", ""EUM"", ""EUW"", ""IDN"", ""IND"", ""JPN"", ""LAM"", ""MDA"", ""MEA"", ""MEX"", ""NIG"", ""RUS"", ""SKT"", ""USA""]",medce_gbl,4,future,M–EU+,Final energy,Gases,1.0677670868477678,EJ/yr,plotted,"[""Final Energy|Industry|Iron and Steel|Gases""]",1.0677670868477678,EJ/yr,,,1.0,0.0,,
ndc_medce_gbl,NDC,"Medium CE, EU + partners",b,Global,Iron and steel,2050,"[""AFE"", ""AFN"", ""AFW"", ""AFZ"", ""ANZ"", ""ASC"", ""ASE"", ""ASO"", ""BRA"", ""CAN"", ""CHL"", ""CHN"", ""ENE"", ""ENW"", ""EUE"", ""EUM"", ""EUW"", ""IDN"", ""IND"", ""JPN"", ""LAM"", ""MDA"", ""MEA"", ""MEX"", ""NIG"", ""RUS"", ""SKT"", ""USA""]",medce_gbl,4,future,M–EU+,Final energy,Hydrogen,1.2092138260965768,EJ/yr,plotted,"[""Final Energy|Industry|Iron and Steel|Hydrogen""]",1.2092138260965768,EJ/yr,,,1.0,0.0,,
ndc_medce_gbl,NDC,"Medium CE, EU + partners",b,Global,Iron and steel,2050,"[""AFE"", ""AFN"", ""AFW"", ""AFZ"", ""ANZ"", ""ASC"", ""ASE"", ""ASO"", ""BRA"", ""CAN"", ""CHL"", ""CHN"", ""ENE"", ""ENW"", ""EUE"", ""EUM"", ""EUW"", ""IDN"", ""IND"", ""JPN"", ""LAM"", ""MDA"", ""MEA"", ""MEX"", ""NIG"", ""RUS"", ""SKT"", ""USA""]",medce_gbl,4,future,M–EU+,Final energy,Liquids,0.0,EJ/yr,plotted,"[""Final Energy|Industry|Iron and Steel|Liquids""]",0.0,EJ/yr,,,1.0,0.0,,
ndc_medce_gbl,NDC,"Medium CE, EU + partners",b,Global,Iron and steel,2050,"[""AFE"", ""AFN"", ""AFW"", ""AFZ"", ""ANZ"", ""ASC"", ""ASE"", ""ASO"", ""BRA"", ""CAN"", ""CHL"", ""CHN"", ""ENE"", ""ENW"", ""EUE"", ""EUM"", ""EUW"", ""IDN"", ""IND"", ""JPN"", ""LAM"", ""MDA"", ""MEA"", ""MEX"", ""NIG"", ""RUS"", ""SKT"", ""USA""]",medce_gbl,4,future,M–EU+,Final energy,Solids,7.340144506591522,EJ/yr,plotted,"[""Final Energy|Industry|Iron and Steel|Solids""]",7.340144506591522,EJ/yr,,,1.0,0.0,,
ndc_medce_gbl,NDC,"Medium CE, EU + partners",b,Global,Iron and steel,2050,"[""AFE"", ""AFN"", ""AFW"", ""AFZ"", ""ANZ"", ""ASC"", ""ASE"", ""ASO"", ""BRA"", ""CAN"", ""CHL"", ""CHN"", ""ENE"", ""ENW"", ""EUE"", ""EUM"", ""EUW"", ""IDN"", ""IND"", ""JPN"", ""LAM"", ""MDA"", ""MEA"", ""MEX"", ""NIG"", ""RUS"", ""SKT"", ""USA""]",medce_gbl,4,future,M–EU+,Final energy,Total,14.428634846062199,EJ/yr,context,"[""Final Energy|Industry|Iron and Steel|Electricity"", ""Final Energy|Industry|Iron and Steel|Gases"", ""Final Energy|Industry|Iron and Steel|Hydrogen"", ""Final Energy|Industry|Iron and Steel|Liquids"", ""Final Energy|Industry|Iron and Steel|Solids""]",14.428634846062199,EJ/yr,,,1.0,0.0,,
ndc_medce_gbl,NDC,"Medium CE, EU + partners",b,Global,Iron and steel,2050,"[""AFE"", ""AFN"", ""AFW"", ""AFZ"", ""ANZ"", ""ASC"", ""ASE"", ""ASO"", ""BRA"", ""CAN"", ""CHL"", ""CHN"", ""ENE"", ""ENW"", ""EUE"", ""EUM"", ""EUW"", ""IDN"", ""IND"", ""JPN"", ""LAM"", ""MDA"", ""MEA"", ""MEX"", ""NIG"", ""RUS"", ""SKT"", ""USA""]",medce_gbl,4,future,M–EU+,Final energy change from no CE,Total,-29.99300077877467,%,context,"[""Final Energy|Industry|Iron and Steel|Electricity"", ""Final Energy|Industry|Iron and Steel|Gases"", ""Final Energy|Industry|Iron and Steel|Hydrogen"", ""Final Energy|Industry|Iron and Steel|Liquids"", ""Final Energy|Industry|Iron and Steel|Solids""]",14.428634846062199,EJ/yr,20.610274696201518,EJ/yr,100.0,-100.0,ndc_noce,2050.0
ndc_highce_gbl,NDC,"High CE, EU + partners",b,Global,Iron and steel,2050,"[""AFE"", ""AFN"", ""AFW"", ""AFZ"", ""ANZ"", ""ASC"", ""ASE"", ""ASO"", ""BRA"", ""CAN"", ""CHL"", ""CHN"", ""ENE"", ""ENW"", ""EUE"", ""EUM"", ""EUW"", ""IDN"", ""IND"", ""JPN"", ""LAM"", ""MDA"", ""MEA"", ""MEX"", ""NIG"", ""RUS"", ""SKT"", ""USA""]",highce_gbl,5,future,H–EU+,Final energy,Electricity,4.239427524612527,EJ/yr,plotted,"[""Final Energy|Industry|Iron and Steel|Electricity""]",4.239427524612527,EJ/yr,,,1.0,0.0,,
ndc_highce_gbl,NDC,"High CE, EU + partners",b,Global,Iron and steel,2050,"[""AFE"", ""AFN"", ""AFW"", ""AFZ"", ""ANZ"", ""ASC"", ""ASE"", ""ASO"", ""BRA"", ""CAN"", ""CHL"", ""CHN"", ""ENE"", ""ENW"", ""EUE"", ""EUM"", ""EUW"", ""IDN"", ""IND"", ""JPN"", ""LAM"", ""MDA"", ""MEA"", ""MEX"", ""NIG"", ""RUS"", ""SKT"", ""USA""]",highce_gbl,5,future,H–EU+,Final energy,Gases,0.6305275671448568,EJ/yr,plotted,"[""Final Energy|Industry|Iron and Steel|Gases""]",0.6305275671448568,EJ/yr,,,1.0,0.0,,
ndc_highce_gbl,NDC,"High CE, EU + partners",b,Global,Iron and steel,2050,"[""AFE"", ""AFN"", ""AFW"", ""AFZ"", ""ANZ"", ""ASC"", ""ASE"", ""ASO"", ""BRA"", ""CAN"", ""CHL"", ""CHN"", ""ENE"", ""ENW"", ""EUE"", ""EUM"", ""EUW"", ""IDN"", ""IND"", ""JPN"", ""LAM"", ""MDA"", ""MEA"", ""MEX"", ""NIG"", ""RUS"", ""SKT"", ""USA""]",highce_gbl,5,future,H–EU+,Final energy,Hydrogen,0.6707329763344638,EJ/yr,plotted,"[""Final Energy|Industry|Iron and Steel|Hydrogen""]",0.6707329763344638,EJ/yr,,,1.0,0.0,,
ndc_highce_gbl,NDC,"High CE, EU + partners",b,Global,Iron and steel,2050,"[""AFE"", ""AFN"", ""AFW"", ""AFZ"", ""ANZ"", ""ASC"", ""ASE"", ""ASO"", ""BRA"", ""CAN"", ""CHL"", ""CHN"", ""ENE"", ""ENW"", ""EUE"", ""EUM"", ""EUW"", ""IDN"", ""IND"", ""JPN"", ""LAM"", ""MDA"", ""MEA"", ""MEX"", ""NIG"", ""RUS"", ""SKT"", ""USA""]",highce_gbl,5,future,H–EU+,Final energy,Liquids,0.0,EJ/yr,plotted,"[""Final Energy|Industry|Iron and Steel|Liquids""]",0.0,EJ/yr,,,1.0,0.0,,
ndc_highce_gbl,NDC,"High CE, EU + partners",b,Global,Iron and steel,2050,"[""AFE"", ""AFN"", ""AFW"", ""AFZ"", ""ANZ"", ""ASC"", ""ASE"", ""ASO"", ""BRA"", ""CAN"", ""CHL"", ""CHN"", ""ENE"", ""ENW"", ""EUE"", ""EUM"", ""EUW"", ""IDN"", ""IND"", ""JPN"", ""LAM"", ""MDA"", ""MEA"", ""MEX"", ""NIG"", ""RUS"", ""SKT"", ""USA""]",highce_gbl,5,future,H–EU+,Final energy,Solids,5.366638993733788,EJ/yr,plotted,"[""Final Energy|Industry|Iron and Steel|Solids""]",5.366638993733788,EJ/yr,,,1.0,0.0,,
ndc_highce_gbl,NDC,"High CE, EU + partners",b,Global,Iron and steel,2050,"[""AFE"", ""AFN"", ""AFW"", ""AFZ"", ""ANZ"", ""ASC"", ""ASE"", ""ASO"", ""BRA"", ""CAN"", ""CHL"", ""CHN"", ""ENE"", ""ENW"", ""EUE"", ""EUM"", ""EUW"", ""IDN"", ""IND"", ""JPN"", ""LAM"", ""MDA"", ""MEA"", ""MEX"", ""NIG"", ""RUS"", ""SKT"", ""USA""]",highce_gbl,5,future,H–EU+,Final energy,Total,10.907327061825637,EJ/yr,context,"[""Final Energy|Industry|Iron and Steel|Electricity"", ""Final Energy|Industry|Iron and Steel|Gases"", ""Final Energy|Industry|Iron and Steel|Hydrogen"", ""Final Energy|Industry|Iron and Steel|Liquids"", ""Final Energy|Industry|Iron and Steel|Solids""]",10.907327061825637,EJ/yr,,,1.0,0.0,,
ndc_highce_gbl,NDC,"High CE, EU + partners",b,Global,Iron and steel,2050,"[""AFE"", ""AFN"", ""AFW"", ""AFZ"", ""ANZ"", ""ASC"", ""ASE"", ""ASO"", ""BRA"", ""CAN"", ""CHL"", ""CHN"", ""ENE"", ""ENW"", ""EUE"", ""EUM"", ""EUW"", ""IDN"", ""IND"", ""JPN"", ""LAM"", ""MDA"", ""MEA"", ""MEX"", ""NIG"", ""RUS"", ""SKT"", ""USA""]",highce_gbl,5,future,H–EU+,Final energy change from no CE,Total,-47.078206270410064,%,context,"[""Final Energy|Industry|Iron and Steel|Electricity"", ""Final Energy|Industry|Iron and Steel|Gases"", ""Final Energy|Industry|Iron and Steel|Hydrogen"", ""Final Energy|Industry|Iron and Steel|Liquids"", ""Final Energy|Industry|Iron and Steel|Solids""]",10.907327061825637,EJ/yr,20.610274696201518,EJ/yr,100.0,-100.0,ndc_noce,2050.0
ndc_noce,NDC,No CE,c,Global,Aluminium,2019,"[""AFE"", ""AFN"", ""AFW"", ""AFZ"", ""ANZ"", ""ASC"", ""ASE"", ""ASO"", ""BRA"", ""CAN"", ""CHL"", ""CHN"", ""ENE"", ""ENW"", ""EUE"", ""EUM"", ""EUW"", ""IDN"", ""IND"", ""JPN"", ""LAM"", ""MDA"", ""MEA"", ""MEX"", ""NIG"", ""RUS"", ""SKT"", ""USA""]",noce,0,historical,2019,Final energy,Electricity,3.4030921983279416,EJ/yr,plotted,"[""Final Energy|Industry|Non-Ferrous Metals|Aluminum|Electricity""]",3.4030921983279416,EJ/yr,,,1.0,0.0,,
ndc_noce,NDC,No CE,c,Global,Aluminium,2019,"[""AFE"", ""AFN"", ""AFW"", ""AFZ"", ""ANZ"", ""ASC"", ""ASE"", ""ASO"", ""BRA"", ""CAN"", ""CHL"", ""CHN"", ""ENE"", ""ENW"", ""EUE"", ""EUM"", ""EUW"", ""IDN"", ""IND"", ""JPN"", ""LAM"", ""MDA"", ""MEA"", ""MEX"", ""NIG"", ""RUS"", ""SKT"", ""USA""]",noce,0,historical,2019,Final energy,Gases,0.49666926405350864,EJ/yr,plotted,"[""Final Energy|Industry|Non-Ferrous Metals|Aluminum|Gases""]",0.49666926405350864,EJ/yr,,,1.0,0.0,,
ndc_noce,NDC,No CE,c,Global,Aluminium,2019,"[""AFE"", ""AFN"", ""AFW"", ""AFZ"", ""ANZ"", ""ASC"", ""ASE"", ""ASO"", ""BRA"", ""CAN"", ""CHL"", ""CHN"", ""ENE"", ""ENW"", ""EUE"", ""EUM"", ""EUW"", ""IDN"", ""IND"", ""JPN"", ""LAM"", ""MDA"", ""MEA"", ""MEX"", ""NIG"", ""RUS"", ""SKT"", ""USA""]",noce,0,historical,2019,Final energy,Hydrogen,0.0,EJ/yr,plotted,"[""Final Energy|Industry|Non-Ferrous Metals|Aluminum|Hydrogen""]",0.0,EJ/yr,,,1.0,0.0,,
ndc_noce,NDC,No CE,c,Global,Aluminium,2019,"[""AFE"", ""AFN"", ""AFW"", ""AFZ"", ""ANZ"", ""ASC"", ""ASE"", ""ASO"", ""BRA"", ""CAN"", ""CHL"", ""CHN"", ""ENE"", ""ENW"", ""EUE"", ""EUM"", ""EUW"", ""IDN"", ""IND"", ""JPN"", ""LAM"", ""MDA"", ""MEA"", ""MEX"", ""NIG"", ""RUS"", ""SKT"", ""USA""]",noce,0,historical,2019,Final energy,Liquids,0.08640766076555549,EJ/yr,plotted,"[""Final Energy|Industry|Non-Ferrous Metals|Aluminum|Liquids""]",0.08640766076555549,EJ/yr,,,1.0,0.0,,
ndc_noce,NDC,No CE,c,Global,Aluminium,2019,"[""AFE"", ""AFN"", ""AFW"", ""AFZ"", ""ANZ"", ""ASC"", ""ASE"", ""ASO"", ""BRA"", ""CAN"", ""CHL"", ""CHN"", ""ENE"", ""ENW"", ""EUE"", ""EUM"", ""EUW"", ""IDN"", ""IND"", ""JPN"", ""LAM"", ""MDA"", ""MEA"", ""MEX"", ""NIG"", ""RUS"", ""SKT"", ""USA""]",noce,0,historical,2019,Final energy,Solids,0.6947787453102924,EJ/yr,plotted,"[""Final Energy|Industry|Non-Ferrous Metals|Aluminum|Solids""]",0.6947787453102924,EJ/yr,,,1.0,0.0,,
ndc_noce,NDC,No CE,c,Global,Aluminium,2019,"[""AFE"", ""AFN"", ""AFW"", ""AFZ"", ""ANZ"", ""ASC"", ""ASE"", ""ASO"", ""BRA"", ""CAN"", ""CHL"", ""CHN"", ""ENE"", ""ENW"", ""EUE"", ""EUM"", ""EUW"", ""IDN"", ""IND"", ""JPN"", ""LAM"", ""MDA"", ""MEA"", ""MEX"", ""NIG"", ""RUS"", ""SKT"", ""USA""]",noce,0,historical,2019,Final energy,Total,4.680947868457298,EJ/yr,context,"[""Final Energy|Industry|Non-Ferrous Metals|Aluminum|Electricity"", ""Final Energy|Industry|Non-Ferrous Metals|Aluminum|Gases"", ""Final Energy|Industry|Non-Ferrous Metals|Aluminum|Hydrogen"", ""Final Energy|Industry|Non-Ferrous Metals|Aluminum|Liquids"", ""Final Energy|Industry|Non-Ferrous Metals|Aluminum|Solids""]",4.680947868457298,EJ/yr,,,1.0,0.0,,
ndc_noce,NDC,No CE,c,Global,Aluminium,2050,"[""AFE"", ""AFN"", ""AFW"", ""AFZ"", ""ANZ"", ""ASC"", ""ASE"", ""ASO"", ""BRA"", ""CAN"", ""CHL"", ""CHN"", ""ENE"", ""ENW"", ""EUE"", ""EUM"", ""EUW"", ""IDN"", ""IND"", ""JPN"", ""LAM"", ""MDA"", ""MEA"", ""MEX"", ""NIG"", ""RUS"", ""SKT"", ""USA""]",noce,1,future,No CE,Final energy,Electricity,4.08293414667407,EJ/yr,plotted,"[""Final Energy|Industry|Non-Ferrous Metals|Aluminum|Electricity""]",4.08293414667407,EJ/yr,,,1.0,0.0,,
ndc_noce,NDC,No CE,c,Global,Aluminium,2050,"[""AFE"", ""AFN"", ""AFW"", ""AFZ"", ""ANZ"", ""ASC"", ""ASE"", ""ASO"", ""BRA"", ""CAN"", ""CHL"", ""CHN"", ""ENE"", ""ENW"", ""EUE"", ""EUM"", ""EUW"", ""IDN"", ""IND"", ""JPN"", ""LAM"", ""MDA"", ""MEA"", ""MEX"", ""NIG"", ""RUS"", ""SKT"", ""USA""]",noce,1,future,No CE,Final energy,Gases,0.6855848820820668,EJ/yr,plotted,"[""Final Energy|Industry|Non-Ferrous Metals|Aluminum|Gases""]",0.6855848820820668,EJ/yr,,,1.0,0.0,,
ndc_noce,NDC,No CE,c,Global,Aluminium,2050,"[""AFE"", ""AFN"", ""AFW"", ""AFZ"", ""ANZ"", ""ASC"", ""ASE"", ""ASO"", ""BRA"", ""CAN"", ""CHL"", ""CHN"", ""ENE"", ""ENW"", ""EUE"", ""EUM"", ""EUW"", ""IDN"", ""IND"", ""JPN"", ""LAM"", ""MDA"", ""MEA"", ""MEX"", ""NIG"", ""RUS"", ""SKT"", ""USA""]",noce,1,future,No CE,Final energy,Hydrogen,0.4203146370633831,EJ/yr,plotted,"[""Final Energy|Industry|Non-Ferrous Metals|Aluminum|Hydrogen""]",0.4203146370633831,EJ/yr,,,1.0,0.0,,
ndc_noce,NDC,No CE,c,Global,Aluminium,2050,"[""AFE"", ""AFN"", ""AFW"", ""AFZ"", ""ANZ"", ""ASC"", ""ASE"", ""ASO"", ""BRA"", ""CAN"", ""CHL"", ""CHN"", ""ENE"", ""ENW"", ""EUE"", ""EUM"", ""EUW"", ""IDN"", ""IND"", ""JPN"", ""LAM"", ""MDA"", ""MEA"", ""MEX"", ""NIG"", ""RUS"", ""SKT"", ""USA""]",noce,1,future,No CE,Final energy,Liquids,0.0,EJ/yr,plotted,"[""Final Energy|Industry|Non-Ferrous Metals|Aluminum|Liquids""]",0.0,EJ/yr,,,1.0,0.0,,
ndc_noce,NDC,No CE,c,Global,Aluminium,2050,"[""AFE"", ""AFN"", ""AFW"", ""AFZ"", ""ANZ"", ""ASC"", ""ASE"", ""ASO"", ""BRA"", ""CAN"", ""CHL"", ""CHN"", ""ENE"", ""ENW"", ""EUE"", ""EUM"", ""EUW"", ""IDN"", ""IND"", ""JPN"", ""LAM"", ""MDA"", ""MEA"", ""MEX"", ""NIG"", ""RUS"", ""SKT"", ""USA""]",noce,1,future,No CE,Final energy,Solids,0.0,EJ/yr,plotted,"[""Final Energy|Industry|Non-Ferrous Metals|Aluminum|Solids""]",0.0,EJ/yr,,,1.0,0.0,,
ndc_noce,NDC,No CE,c,Global,Aluminium,2050,"[""AFE"", ""AFN"", ""AFW"", ""AFZ"", ""ANZ"", ""ASC"", ""ASE"", ""ASO"", ""BRA"", ""CAN"", ""CHL"", ""CHN"", ""ENE"", ""ENW"", ""EUE"", ""EUM"", ""EUW"", ""IDN"", ""IND"", ""JPN"", ""LAM"", ""MDA"", ""MEA"", ""MEX"", ""NIG"", ""RUS"", ""SKT"", ""USA""]",noce,1,future,No CE,Final energy,Total,5.188833665819519,EJ/yr,context,"[""Final Energy|Industry|Non-Ferrous Metals|Aluminum|Electricity"", ""Final Energy|Industry|Non-Ferrous Metals|Aluminum|Gases"", ""Final Energy|Industry|Non-Ferrous Metals|Aluminum|Hydrogen"", ""Final Energy|Industry|Non-Ferrous Metals|Aluminum|Liquids"", ""Final Energy|Industry|Non-Ferrous Metals|Aluminum|Solids""]",5.188833665819519,EJ/yr,,,1.0,0.0,,
ndc_noce,NDC,No CE,c,Global,Aluminium,2050,"[""AFE"", ""AFN"", ""AFW"", ""AFZ"", ""ANZ"", ""ASC"", ""ASE"", ""ASO"", ""BRA"", ""CAN"", ""CHL"", ""CHN"", ""ENE"", ""ENW"", ""EUE"", ""EUM"", ""EUW"", ""IDN"", ""IND"", ""JPN"", ""LAM"", ""MDA"", ""MEA"", ""MEX"", ""NIG"", ""RUS"", ""SKT"", ""USA""]",noce,1,future,No CE,Final energy change from no CE,Total,0.0,%,context,"[""Final Energy|Industry|Non-Ferrous Metals|Aluminum|Electricity"", ""Final Energy|Industry|Non-Ferrous Metals|Aluminum|Gases"", ""Final Energy|Industry|Non-Ferrous Metals|Aluminum|Hydrogen"", ""Final Energy|Industry|Non-Ferrous Metals|Aluminum|Liquids"", ""Final Energy|Industry|Non-Ferrous Metals|Aluminum|Solids""]",5.188833665819519,EJ/yr,5.188833665819519,EJ/yr,100.0,-100.0,ndc_noce,2050.0
ndc_medce_eu,NDC,"Medium CE, EU",c,Global,Aluminium,2050,"[""AFE"", ""AFN"", ""AFW"", ""AFZ"", ""ANZ"", ""ASC"", ""ASE"", ""ASO"", ""BRA"", ""CAN"", ""CHL"", ""CHN"", ""ENE"", ""ENW"", ""EUE"", ""EUM"", ""EUW"", ""IDN"", ""IND"", ""JPN"", ""LAM"", ""MDA"", ""MEA"", ""MEX"", ""NIG"", ""RUS"", ""SKT"", ""USA""]",medce_eu,2,future,M–EU,Final energy,Electricity,3.9880883207768423,EJ/yr,plotted,"[""Final Energy|Industry|Non-Ferrous Metals|Aluminum|Electricity""]",3.9880883207768423,EJ/yr,,,1.0,0.0,,
ndc_medce_eu,NDC,"Medium CE, EU",c,Global,Aluminium,2050,"[""AFE"", ""AFN"", ""AFW"", ""AFZ"", ""ANZ"", ""ASC"", ""ASE"", ""ASO"", ""BRA"", ""CAN"", ""CHL"", ""CHN"", ""ENE"", ""ENW"", ""EUE"", ""EUM"", ""EUW"", ""IDN"", ""IND"", ""JPN"", ""LAM"", ""MDA"", ""MEA"", ""MEX"", ""NIG"", ""RUS"", ""SKT"", ""USA""]",medce_eu,2,future,M–EU,Final energy,Gases,0.7134197313785697,EJ/yr,plotted,"[""Final Energy|Industry|Non-Ferrous Metals|Aluminum|Gases""]",0.7134197313785697,EJ/yr,,,1.0,0.0,,
ndc_medce_eu,NDC,"Medium CE, EU",c,Global,Aluminium,2050,"[""AFE"", ""AFN"", ""AFW"", ""AFZ"", ""ANZ"", ""ASC"", ""ASE"", ""ASO"", ""BRA"", ""CAN"", ""CHL"", ""CHN"", ""ENE"", ""ENW"", ""EUE"", ""EUM"", ""EUW"", ""IDN"", ""IND"", ""JPN"", ""LAM"", ""MDA"", ""MEA"", ""MEX"", ""NIG"", ""RUS"", ""SKT"", ""USA""]",medce_eu,2,future,M–EU,Final energy,Hydrogen,0.43625888752224123,EJ/yr,plotted,"[""Final Energy|Industry|Non-Ferrous Metals|Aluminum|Hydrogen""]",0.43625888752224123,EJ/yr,,,1.0,0.0,,
ndc_medce_eu,NDC,"Medium CE, EU",c,Global,Aluminium,2050,"[""AFE"", ""AFN"", ""AFW"", ""AFZ"", ""ANZ"", ""ASC"", ""ASE"", ""ASO"", ""BRA"", ""CAN"", ""CHL"", ""CHN"", ""ENE"", ""ENW"", ""EUE"", ""EUM"", ""EUW"", ""IDN"", ""IND"", ""JPN"", ""LAM"", ""MDA"", ""MEA"", ""MEX"", ""NIG"", ""RUS"", ""SKT"", ""USA""]",medce_eu,2,future,M–EU,Final energy,Liquids,0.0,EJ/yr,plotted,"[""Final Energy|Industry|Non-Ferrous Metals|Aluminum|Liquids""]",0.0,EJ/yr,,,1.0,0.0,,
ndc_medce_eu,NDC,"Medium CE, EU",c,Global,Aluminium,2050,"[""AFE"", ""AFN"", ""AFW"", ""AFZ"", ""ANZ"", ""ASC"", ""ASE"", ""ASO"", ""BRA"", ""CAN"", ""CHL"", ""CHN"", ""ENE"", ""ENW"", ""EUE"", ""EUM"", ""EUW"", ""IDN"", ""IND"", ""JPN"", ""LAM"", ""MDA"", ""MEA"", ""MEX"", ""NIG"", ""RUS"", ""SKT"", ""USA""]",medce_eu,2,future,M–EU,Final energy,Solids,0.0,EJ/yr,plotted,"[""Final Energy|Industry|Non-Ferrous Metals|Aluminum|Solids""]",0.0,EJ/yr,,,1.0,0.0,,
ndc_medce_eu,NDC,"Medium CE, EU",c,Global,Aluminium,2050,"[""AFE"", ""AFN"", ""AFW"", ""AFZ"", ""ANZ"", ""ASC"", ""ASE"", ""ASO"", ""BRA"", ""CAN"", ""CHL"", ""CHN"", ""ENE"", ""ENW"", ""EUE"", ""EUM"", ""EUW"", ""IDN"", ""IND"", ""JPN"", ""LAM"", ""MDA"", ""MEA"", ""MEX"", ""NIG"", ""RUS"", ""SKT"", ""USA""]",medce_eu,2,future,M–EU,Final energy,Total,5.137766939677653,EJ/yr,context,"[""Final Energy|Industry|Non-Ferrous Metals|Aluminum|Electricity"", ""Final Energy|Industry|Non-Ferrous Metals|Aluminum|Gases"", ""Final Energy|Industry|Non-Ferrous Metals|Aluminum|Hydrogen"", ""Final Energy|Industry|Non-Ferrous Metals|Aluminum|Liquids"", ""Final Energy|Industry|Non-Ferrous Metals|Aluminum|Solids""]",5.137766939677653,EJ/yr,,,1.0,0.0,,
ndc_medce_eu,NDC,"Medium CE, EU",c,Global,Aluminium,2050,"[""AFE"", ""AFN"", ""AFW"", ""AFZ"", ""ANZ"", ""ASC"", ""ASE"", ""ASO"", ""BRA"", ""CAN"", ""CHL"", ""CHN"", ""ENE"", ""ENW"", ""EUE"", ""EUM"", ""EUW"", ""IDN"", ""IND"", ""JPN"", ""LAM"", ""MDA"", ""MEA"", ""MEX"", ""NIG"", ""RUS"", ""SKT"", ""USA""]",medce_eu,2,future,M–EU,Final energy change from no CE,Total,-0.9841657958369154,%,context,"[""Final Energy|Industry|Non-Ferrous Metals|Aluminum|Electricity"", ""Final Energy|Industry|Non-Ferrous Metals|Aluminum|Gases"", ""Final Energy|Industry|Non-Ferrous Metals|Aluminum|Hydrogen"", ""Final Energy|Industry|Non-Ferrous Metals|Aluminum|Liquids"", ""Final Energy|Industry|Non-Ferrous Metals|Aluminum|Solids""]",5.137766939677653,EJ/yr,5.188833665819519,EJ/yr,100.0,-100.0,ndc_noce,2050.0
ndc_highce_eu,NDC,"High CE, EU",c,Global,Aluminium,2050,"[""AFE"", ""AFN"", ""AFW"", ""AFZ"", ""ANZ"", ""ASC"", ""ASE"", ""ASO"", ""BRA"", ""CAN"", ""CHL"", ""CHN"", ""ENE"", ""ENW"", ""EUE"", ""EUM"", ""EUW"", ""IDN"", ""IND"", ""JPN"", ""LAM"", ""MDA"", ""MEA"", ""MEX"", ""NIG"", ""RUS"", ""SKT"", ""USA""]",highce_eu,3,future,H–EU,Final energy,Electricity,3.907684109715828,EJ/yr,plotted,"[""Final Energy|Industry|Non-Ferrous Metals|Aluminum|Electricity""]",3.907684109715828,EJ/yr,,,1.0,0.0,,
ndc_highce_eu,NDC,"High CE, EU",c,Global,Aluminium,2050,"[""AFE"", ""AFN"", ""AFW"", ""AFZ"", ""ANZ"", ""ASC"", ""ASE"", ""ASO"", ""BRA"", ""CAN"", ""CHL"", ""CHN"", ""ENE"", ""ENW"", ""EUE"", ""EUM"", ""EUW"", ""IDN"", ""IND"", ""JPN"", ""LAM"", ""MDA"", ""MEA"", ""MEX"", ""NIG"", ""RUS"", ""SKT"", ""USA""]",highce_eu,3,future,H–EU,Final energy,Gases,0.7078232248043266,EJ/yr,plotted,"[""Final Energy|Industry|Non-Ferrous Metals|Aluminum|Gases""]",0.7078232248043266,EJ/yr,,,1.0,0.0,,
ndc_highce_eu,NDC,"High CE, EU",c,Global,Aluminium,2050,"[""AFE"", ""AFN"", ""AFW"", ""AFZ"", ""ANZ"", ""ASC"", ""ASE"", ""ASO"", ""BRA"", ""CAN"", ""CHL"", ""CHN"", ""ENE"", ""ENW"", ""EUE"", ""EUM"", ""EUW"", ""IDN"", ""IND"", ""JPN"", ""LAM"", ""MDA"", ""MEA"", ""MEX"", ""NIG"", ""RUS"", ""SKT"", ""USA""]",highce_eu,3,future,H–EU,Final energy,Hydrogen,0.43384339514018333,EJ/yr,plotted,"[""Final Energy|Industry|Non-Ferrous Metals|Aluminum|Hydrogen""]",0.43384339514018333,EJ/yr,,,1.0,0.0,,
ndc_highce_eu,NDC,"High CE, EU",c,Global,Aluminium,2050,"[""AFE"", ""AFN"", ""AFW"", ""AFZ"", ""ANZ"", ""ASC"", ""ASE"", ""ASO"", ""BRA"", ""CAN"", ""CHL"", ""CHN"", ""ENE"", ""ENW"", ""EUE"", ""EUM"", ""EUW"", ""IDN"", ""IND"", ""JPN"", ""LAM"", ""MDA"", ""MEA"", ""MEX"", ""NIG"", ""RUS"", ""SKT"", ""USA""]",highce_eu,3,future,H–EU,Final energy,Liquids,0.0,EJ/yr,plotted,"[""Final Energy|Industry|Non-Ferrous Metals|Aluminum|Liquids""]",0.0,EJ/yr,,,1.0,0.0,,
ndc_highce_eu,NDC,"High CE, EU",c,Global,Aluminium,2050,"[""AFE"", ""AFN"", ""AFW"", ""AFZ"", ""ANZ"", ""ASC"", ""ASE"", ""ASO"", ""BRA"", ""CAN"", ""CHL"", ""CHN"", ""ENE"", ""ENW"", ""EUE"", ""EUM"", ""EUW"", ""IDN"", ""IND"", ""JPN"", ""LAM"", ""MDA"", ""MEA"", ""MEX"", ""NIG"", ""RUS"", ""SKT"", ""USA""]",highce_eu,3,future,H–EU,Final energy,Solids,0.0,EJ/yr,plotted,"[""Final Energy|Industry|Non-Ferrous Metals|Aluminum|Solids""]",0.0,EJ/yr,,,1.0,0.0,,
ndc_highce_eu,NDC,"High CE, EU",c,Global,Aluminium,2050,"[""AFE"", ""AFN"", ""AFW"", ""AFZ"", ""ANZ"", ""ASC"", ""ASE"", ""ASO"", ""BRA"", ""CAN"", ""CHL"", ""CHN"", ""ENE"", ""ENW"", ""EUE"", ""EUM"", ""EUW"", ""IDN"", ""IND"", ""JPN"", ""LAM"", ""MDA"", ""MEA"", ""MEX"", ""NIG"", ""RUS"", ""SKT"", ""USA""]",highce_eu,3,future,H–EU,Final energy,Total,5.049350729660338,EJ/yr,context,"[""Final Energy|Industry|Non-Ferrous Metals|Aluminum|Electricity"", ""Final Energy|Industry|Non-Ferrous Metals|Aluminum|Gases"", ""Final Energy|Industry|Non-Ferrous Metals|Aluminum|Hydrogen"", ""Final Energy|Industry|Non-Ferrous Metals|Aluminum|Liquids"", ""Final Energy|Industry|Non-Ferrous Metals|Aluminum|Solids""]",5.049350729660338,EJ/yr,,,1.0,0.0,,
ndc_highce_eu,NDC,"High CE, EU",c,Global,Aluminium,2050,"[""AFE"", ""AFN"", ""AFW"", ""AFZ"", ""ANZ"", ""ASC"", ""ASE"", ""ASO"", ""BRA"", ""CAN"", ""CHL"", ""CHN"", ""ENE"", ""ENW"", ""EUE"", ""EUM"", ""EUW"", ""IDN"", ""IND"", ""JPN"", ""LAM"", ""MDA"", ""MEA"", ""MEX"", ""NIG"", ""RUS"", ""SKT"", ""USA""]",highce_eu,3,future,H–EU,Final energy change from no CE,Total,-2.688136586030879,%,context,"[""Final Energy|Industry|Non-Ferrous Metals|Aluminum|Electricity"", ""Final Energy|Industry|Non-Ferrous Metals|Aluminum|Gases"", ""Final Energy|Industry|Non-Ferrous Metals|Aluminum|Hydrogen"", ""Final Energy|Industry|Non-Ferrous Metals|Aluminum|Liquids"", ""Final Energy|Industry|Non-Ferrous Metals|Aluminum|Solids""]",5.049350729660338,EJ/yr,5.188833665819519,EJ/yr,100.0,-100.0,ndc_noce,2050.0
ndc_medce_gbl,NDC,"Medium CE, EU + partners",c,Global,Aluminium,2050,"[""AFE"", ""AFN"", ""AFW"", ""AFZ"", ""ANZ"", ""ASC"", ""ASE"", ""ASO"", ""BRA"", ""CAN"", ""CHL"", ""CHN"", ""ENE"", ""ENW"", ""EUE"", ""EUM"", ""EUW"", ""IDN"", ""IND"", ""JPN"", ""LAM"", ""MDA"", ""MEA"", ""MEX"", ""NIG"", ""RUS"", ""SKT"", ""USA""]",medce_gbl,4,future,M–EU+,Final energy,Electricity,3.218666225987647,EJ/yr,plotted,"[""Final Energy|Industry|Non-Ferrous Metals|Aluminum|Electricity""]",3.218666225987647,EJ/yr,,,1.0,0.0,,
ndc_medce_gbl,NDC,"Medium CE, EU + partners",c,Global,Aluminium,2050,"[""AFE"", ""AFN"", ""AFW"", ""AFZ"", ""ANZ"", ""ASC"", ""ASE"", ""ASO"", ""BRA"", ""CAN"", ""CHL"", ""CHN"", ""ENE"", ""ENW"", ""EUE"", ""EUM"", ""EUW"", ""IDN"", ""IND"", ""JPN"", ""LAM"", ""MDA"", ""MEA"", ""MEX"", ""NIG"", ""RUS"", ""SKT"", ""USA""]",medce_gbl,4,future,M–EU+,Final energy,Gases,0.6162573714347032,EJ/yr,plotted,"[""Final Energy|Industry|Non-Ferrous Metals|Aluminum|Gases""]",0.6162573714347032,EJ/yr,,,1.0,0.0,,
ndc_medce_gbl,NDC,"Medium CE, EU + partners",c,Global,Aluminium,2050,"[""AFE"", ""AFN"", ""AFW"", ""AFZ"", ""ANZ"", ""ASC"", ""ASE"", ""ASO"", ""BRA"", ""CAN"", ""CHL"", ""CHN"", ""ENE"", ""ENW"", ""EUE"", ""EUM"", ""EUW"", ""IDN"", ""IND"", ""JPN"", ""LAM"", ""MDA"", ""MEA"", ""MEX"", ""NIG"", ""RUS"", ""SKT"", ""USA""]",medce_gbl,4,future,M–EU+,Final energy,Hydrogen,0.37288139155755917,EJ/yr,plotted,"[""Final Energy|Industry|Non-Ferrous Metals|Aluminum|Hydrogen""]",0.37288139155755917,EJ/yr,,,1.0,0.0,,
ndc_medce_gbl,NDC,"Medium CE, EU + partners",c,Global,Aluminium,2050,"[""AFE"", ""AFN"", ""AFW"", ""AFZ"", ""ANZ"", ""ASC"", ""ASE"", ""ASO"", ""BRA"", ""CAN"", ""CHL"", ""CHN"", ""ENE"", ""ENW"", ""EUE"", ""EUM"", ""EUW"", ""IDN"", ""IND"", ""JPN"", ""LAM"", ""MDA"", ""MEA"", ""MEX"", ""NIG"", ""RUS"", ""SKT"", ""USA""]",medce_gbl,4,future,M–EU+,Final energy,Liquids,0.0,EJ/yr,plotted,"[""Final Energy|Industry|Non-Ferrous Metals|Aluminum|Liquids""]",0.0,EJ/yr,,,1.0,0.0,,
ndc_medce_gbl,NDC,"Medium CE, EU + partners",c,Global,Aluminium,2050,"[""AFE"", ""AFN"", ""AFW"", ""AFZ"", ""ANZ"", ""ASC"", ""ASE"", ""ASO"", ""BRA"", ""CAN"", ""CHL"", ""CHN"", ""ENE"", ""ENW"", ""EUE"", ""EUM"", ""EUW"", ""IDN"", ""IND"", ""JPN"", ""LAM"", ""MDA"", ""MEA"", ""MEX"", ""NIG"", ""RUS"", ""SKT"", ""USA""]",medce_gbl,4,future,M–EU+,Final energy,Solids,0.0,EJ/yr,plotted,"[""Final Energy|Industry|Non-Ferrous Metals|Aluminum|Solids""]",0.0,EJ/yr,,,1.0,0.0,,
ndc_medce_gbl,NDC,"Medium CE, EU + partners",c,Global,Aluminium,2050,"[""AFE"", ""AFN"", ""AFW"", ""AFZ"", ""ANZ"", ""ASC"", ""ASE"", ""ASO"", ""BRA"", ""CAN"", ""CHL"", ""CHN"", ""ENE"", ""ENW"", ""EUE"", ""EUM"", ""EUW"", ""IDN"", ""IND"", ""JPN"", ""LAM"", ""MDA"", ""MEA"", ""MEX"", ""NIG"", ""RUS"", ""SKT"", ""USA""]",medce_gbl,4,future,M–EU+,Final energy,Total,4.207804988979909,EJ/yr,context,"[""Final Energy|Industry|Non-Ferrous Metals|Aluminum|Electricity"", ""Final Energy|Industry|Non-Ferrous Metals|Aluminum|Gases"", ""Final Energy|Industry|Non-Ferrous Metals|Aluminum|Hydrogen"", ""Final Energy|Industry|Non-Ferrous Metals|Aluminum|Liquids"", ""Final Energy|Industry|Non-Ferrous Metals|Aluminum|Solids""]",4.207804988979909,EJ/yr,,,1.0,0.0,,
ndc_medce_gbl,NDC,"Medium CE, EU + partners",c,Global,Aluminium,2050,"[""AFE"", ""AFN"", ""AFW"", ""AFZ"", ""ANZ"", ""ASC"", ""ASE"", ""ASO"", ""BRA"", ""CAN"", ""CHL"", ""CHN"", ""ENE"", ""ENW"", ""EUE"", ""EUM"", ""EUW"", ""IDN"", ""IND"", ""JPN"", ""LAM"", ""MDA"", ""MEA"", ""MEX"", ""NIG"", ""RUS"", ""SKT"", ""USA""]",medce_gbl,4,future,M–EU+,Final energy change from no CE,Total,-18.906535457128925,%,context,"[""Final Energy|Industry|Non-Ferrous Metals|Aluminum|Electricity"", ""Final Energy|Industry|Non-Ferrous Metals|Aluminum|Gases"", ""Final Energy|Industry|Non-Ferrous Metals|Aluminum|Hydrogen"", ""Final Energy|Industry|Non-Ferrous Metals|Aluminum|Liquids"", ""Final Energy|Industry|Non-Ferrous Metals|Aluminum|Solids""]",4.207804988979909,EJ/yr,5.188833665819519,EJ/yr,100.0,-100.0,ndc_noce,2050.0
ndc_highce_gbl,NDC,"High CE, EU + partners",c,Global,Aluminium,2050,"[""AFE"", ""AFN"", ""AFW"", ""AFZ"", ""ANZ"", ""ASC"", ""ASE"", ""ASO"", ""BRA"", ""CAN"", ""CHL"", ""CHN"", ""ENE"", ""ENW"", ""EUE"", ""EUM"", ""EUW"", ""IDN"", ""IND"", ""JPN"", ""LAM"", ""MDA"", ""MEA"", ""MEX"", ""NIG"", ""RUS"", ""SKT"", ""USA""]",highce_gbl,5,future,H–EU+,Final energy,Electricity,2.3500187034586397,EJ/yr,plotted,"[""Final Energy|Industry|Non-Ferrous Metals|Aluminum|Electricity""]",2.3500187034586397,EJ/yr,,,1.0,0.0,,
ndc_highce_gbl,NDC,"High CE, EU + partners",c,Global,Aluminium,2050,"[""AFE"", ""AFN"", ""AFW"", ""AFZ"", ""ANZ"", ""ASC"", ""ASE"", ""ASO"", ""BRA"", ""CAN"", ""CHL"", ""CHN"", ""ENE"", ""ENW"", ""EUE"", ""EUM"", ""EUW"", ""IDN"", ""IND"", ""JPN"", ""LAM"", ""MDA"", ""MEA"", ""MEX"", ""NIG"", ""RUS"", ""SKT"", ""USA""]",highce_gbl,5,future,H–EU+,Final energy,Gases,0.5862978328111157,EJ/yr,plotted,"[""Final Energy|Industry|Non-Ferrous Metals|Aluminum|Gases""]",0.5862978328111157,EJ/yr,,,1.0,0.0,,
ndc_highce_gbl,NDC,"High CE, EU + partners",c,Global,Aluminium,2050,"[""AFE"", ""AFN"", ""AFW"", ""AFZ"", ""ANZ"", ""ASC"", ""ASE"", ""ASO"", ""BRA"", ""CAN"", ""CHL"", ""CHN"", ""ENE"", ""ENW"", ""EUE"", ""EUM"", ""EUW"", ""IDN"", ""IND"", ""JPN"", ""LAM"", ""MDA"", ""MEA"", ""MEX"", ""NIG"", ""RUS"", ""SKT"", ""USA""]",highce_gbl,5,future,H–EU+,Final energy,Hydrogen,0.29311015111140065,EJ/yr,plotted,"[""Final Energy|Industry|Non-Ferrous Metals|Aluminum|Hydrogen""]",0.29311015111140065,EJ/yr,,,1.0,0.0,,
ndc_highce_gbl,NDC,"High CE, EU + partners",c,Global,Aluminium,2050,"[""AFE"", ""AFN"", ""AFW"", ""AFZ"", ""ANZ"", ""ASC"", ""ASE"", ""ASO"", ""BRA"", ""CAN"", ""CHL"", ""CHN"", ""ENE"", ""ENW"", ""EUE"", ""EUM"", ""EUW"", ""IDN"", ""IND"", ""JPN"", ""LAM"", ""MDA"", ""MEA"", ""MEX"", ""NIG"", ""RUS"", ""SKT"", ""USA""]",highce_gbl,5,future,H–EU+,Final energy,Liquids,0.0,EJ/yr,plotted,"[""Final Energy|Industry|Non-Ferrous Metals|Aluminum|Liquids""]",0.0,EJ/yr,,,1.0,0.0,,
ndc_highce_gbl,NDC,"High CE, EU + partners",c,Global,Aluminium,2050,"[""AFE"", ""AFN"", ""AFW"", ""AFZ"", ""ANZ"", ""ASC"", ""ASE"", ""ASO"", ""BRA"", ""CAN"", ""CHL"", ""CHN"", ""ENE"", ""ENW"", ""EUE"", ""EUM"", ""EUW"", ""IDN"", ""IND"", ""JPN"", ""LAM"", ""MDA"", ""MEA"", ""MEX"", ""NIG"", ""RUS"", ""SKT"", ""USA""]",highce_gbl,5,future,H–EU+,Final energy,Solids,0.0,EJ/yr,plotted,"[""Final Energy|Industry|Non-Ferrous Metals|Aluminum|Solids""]",0.0,EJ/yr,,,1.0,0.0,,
ndc_highce_gbl,NDC,"High CE, EU + partners",c,Global,Aluminium,2050,"[""AFE"", ""AFN"", ""AFW"", ""AFZ"", ""ANZ"", ""ASC"", ""ASE"", ""ASO"", ""BRA"", ""CAN"", ""CHL"", ""CHN"", ""ENE"", ""ENW"", ""EUE"", ""EUM"", ""EUW"", ""IDN"", ""IND"", ""JPN"", ""LAM"", ""MDA"", ""MEA"", ""MEX"", ""NIG"", ""RUS"", ""SKT"", ""USA""]",highce_gbl,5,future,H–EU+,Final energy,Total,3.229426687381156,EJ/yr,context,"[""Final Energy|Industry|Non-Ferrous Metals|Aluminum|Electricity"", ""Final Energy|Industry|Non-Ferrous Metals|Aluminum|Gases"", ""Final Energy|Industry|Non-Ferrous Metals|Aluminum|Hydrogen"", ""Final Energy|Industry|Non-Ferrous Metals|Aluminum|Liquids"", ""Final Energy|Industry|Non-Ferrous Metals|Aluminum|Solids""]",3.229426687381156,EJ/yr,,,1.0,0.0,,
ndc_highce_gbl,NDC,"High CE, EU + partners",c,Global,Aluminium,2050,"[""AFE"", ""AFN"", ""AFW"", ""AFZ"", ""ANZ"", ""ASC"", ""ASE"", ""ASO"", ""BRA"", ""CAN"", ""CHL"", ""CHN"", ""ENE"", ""ENW"", ""EUE"", ""EUM"", ""EUW"", ""IDN"", ""IND"", ""JPN"", ""LAM"", ""MDA"", ""MEA"", ""MEX"", ""NIG"", ""RUS"", ""SKT"", ""USA""]",highce_gbl,5,future,H–EU+,Final energy change from no CE,Total,-37.76199247521834,%,context,"[""Final Energy|Industry|Non-Ferrous Metals|Aluminum|Electricity"", ""Final Energy|Industry|Non-Ferrous Metals|Aluminum|Gases"", ""Final Energy|Industry|Non-Ferrous Metals|Aluminum|Hydrogen"", ""Final Energy|Industry|Non-Ferrous Metals|Aluminum|Liquids"", ""Final Energy|Industry|Non-Ferrous Metals|Aluminum|Solids""]",3.229426687381156,EJ/yr,5.188833665819519,EJ/yr,100.0,-100.0,ndc_noce,2050.0
baseline_noce,NDC+LTT,No CE,d,Global,Cement,2019,"[""AFE"", ""AFN"", ""AFW"", ""AFZ"", ""ANZ"", ""ASC"", ""ASE"", ""ASO"", ""BRA"", ""CAN"", ""CHL"", ""CHN"", ""ENE"", ""ENW"", ""EUE"", ""EUM"", ""EUW"", ""IDN"", ""IND"", ""JPN"", ""LAM"", ""MDA"", ""MEA"", ""MEX"", ""NIG"", ""RUS"", ""SKT"", ""USA""]",noce,0,historical,2019,Final energy,Electricity,1.7112106174892014,EJ/yr,plotted,"[""Final Energy|Industry|Non-Metallic Minerals|Cement|Electricity""]",1.7112106174892014,EJ/yr,,,1.0,0.0,,
baseline_noce,NDC+LTT,No CE,d,Global,Cement,2019,"[""AFE"", ""AFN"", ""AFW"", ""AFZ"", ""ANZ"", ""ASC"", ""ASE"", ""ASO"", ""BRA"", ""CAN"", ""CHL"", ""CHN"", ""ENE"", ""ENW"", ""EUE"", ""EUM"", ""EUW"", ""IDN"", ""IND"", ""JPN"", ""LAM"", ""MDA"", ""MEA"", ""MEX"", ""NIG"", ""RUS"", ""SKT"", ""USA""]",noce,0,historical,2019,Final energy,Gases,1.5175769436631676,EJ/yr,plotted,"[""Final Energy|Industry|Non-Metallic Minerals|Cement|Gases""]",1.5175769436631676,EJ/yr,,,1.0,0.0,,
baseline_noce,NDC+LTT,No CE,d,Global,Cement,2019,"[""AFE"", ""AFN"", ""AFW"", ""AFZ"", ""ANZ"", ""ASC"", ""ASE"", ""ASO"", ""BRA"", ""CAN"", ""CHL"", ""CHN"", ""ENE"", ""ENW"", ""EUE"", ""EUM"", ""EUW"", ""IDN"", ""IND"", ""JPN"", ""LAM"", ""MDA"", ""MEA"", ""MEX"", ""NIG"", ""RUS"", ""SKT"", ""USA""]",noce,0,historical,2019,Final energy,Liquids,1.3209977760460607,EJ/yr,plotted,"[""Final Energy|Industry|Non-Metallic Minerals|Cement|Liquids""]",1.3209977760460607,EJ/yr,,,1.0,0.0,,
baseline_noce,NDC+LTT,No CE,d,Global,Cement,2019,"[""AFE"", ""AFN"", ""AFW"", ""AFZ"", ""ANZ"", ""ASC"", ""ASE"", ""ASO"", ""BRA"", ""CAN"", ""CHL"", ""CHN"", ""ENE"", ""ENW"", ""EUE"", ""EUM"", ""EUW"", ""IDN"", ""IND"", ""JPN"", ""LAM"", ""MDA"", ""MEA"", ""MEX"", ""NIG"", ""RUS"", ""SKT"", ""USA""]",noce,0,historical,2019,Final energy,Solids,7.657858569560997,EJ/yr,plotted,"[""Final Energy|Industry|Non-Metallic Minerals|Cement|Solids""]",7.657858569560997,EJ/yr,,,1.0,0.0,,
baseline_noce,NDC+LTT,No CE,d,Global,Cement,2019,"[""AFE"", ""AFN"", ""AFW"", ""AFZ"", ""ANZ"", ""ASC"", ""ASE"", ""ASO"", ""BRA"", ""CAN"", ""CHL"", ""CHN"", ""ENE"", ""ENW"", ""EUE"", ""EUM"", ""EUW"", ""IDN"", ""IND"", ""JPN"", ""LAM"", ""MDA"", ""MEA"", ""MEX"", ""NIG"", ""RUS"", ""SKT"", ""USA""]",noce,0,historical,2019,Final energy,Total,12.207643906759426,EJ/yr,context,"[""Final Energy|Industry|Non-Metallic Minerals|Cement|Electricity"", ""Final Energy|Industry|Non-Metallic Minerals|Cement|Gases"", ""Final Energy|Industry|Non-Metallic Minerals|Cement|Liquids"", ""Final Energy|Industry|Non-Metallic Minerals|Cement|Solids""]",12.207643906759426,EJ/yr,,,1.0,0.0,,
baseline_noce,NDC+LTT,No CE,d,Global,Cement,2050,"[""AFE"", ""AFN"", ""AFW"", ""AFZ"", ""ANZ"", ""ASC"", ""ASE"", ""ASO"", ""BRA"", ""CAN"", ""CHL"", ""CHN"", ""ENE"", ""ENW"", ""EUE"", ""EUM"", ""EUW"", ""IDN"", ""IND"", ""JPN"", ""LAM"", ""MDA"", ""MEA"", ""MEX"", ""NIG"", ""RUS"", ""SKT"", ""USA""]",noce,1,future,No CE,Final energy,Electricity,2.189085799409761,EJ/yr,plotted,"[""Final Energy|Industry|Non-Metallic Minerals|Cement|Electricity""]",2.189085799409761,EJ/yr,,,1.0,0.0,,
baseline_noce,NDC+LTT,No CE,d,Global,Cement,2050,"[""AFE"", ""AFN"", ""AFW"", ""AFZ"", ""ANZ"", ""ASC"", ""ASE"", ""ASO"", ""BRA"", ""CAN"", ""CHL"", ""CHN"", ""ENE"", ""ENW"", ""EUE"", ""EUM"", ""EUW"", ""IDN"", ""IND"", ""JPN"", ""LAM"", ""MDA"", ""MEA"", ""MEX"", ""NIG"", ""RUS"", ""SKT"", ""USA""]",noce,1,future,No CE,Final energy,Gases,1.4045064239806693,EJ/yr,plotted,"[""Final Energy|Industry|Non-Metallic Minerals|Cement|Gases""]",1.4045064239806693,EJ/yr,,,1.0,0.0,,
baseline_noce,NDC+LTT,No CE,d,Global,Cement,2050,"[""AFE"", ""AFN"", ""AFW"", ""AFZ"", ""ANZ"", ""ASC"", ""ASE"", ""ASO"", ""BRA"", ""CAN"", ""CHL"", ""CHN"", ""ENE"", ""ENW"", ""EUE"", ""EUM"", ""EUW"", ""IDN"", ""IND"", ""JPN"", ""LAM"", ""MDA"", ""MEA"", ""MEX"", ""NIG"", ""RUS"", ""SKT"", ""USA""]",noce,1,future,No CE,Final energy,Liquids,0.8942463104980527,EJ/yr,plotted,"[""Final Energy|Industry|Non-Metallic Minerals|Cement|Liquids""]",0.8942463104980527,EJ/yr,,,1.0,0.0,,
baseline_noce,NDC+LTT,No CE,d,Global,Cement,2050,"[""AFE"", ""AFN"", ""AFW"", ""AFZ"", ""ANZ"", ""ASC"", ""ASE"", ""ASO"", ""BRA"", ""CAN"", ""CHL"", ""CHN"", ""ENE"", ""ENW"", ""EUE"", ""EUM"", ""EUW"", ""IDN"", ""IND"", ""JPN"", ""LAM"", ""MDA"", ""MEA"", ""MEX"", ""NIG"", ""RUS"", ""SKT"", ""USA""]",noce,1,future,No CE,Final energy,Solids,5.706391063400986,EJ/yr,plotted,"[""Final Energy|Industry|Non-Metallic Minerals|Cement|Solids""]",5.706391063400986,EJ/yr,,,1.0,0.0,,
baseline_noce,NDC+LTT,No CE,d,Global,Cement,2050,"[""AFE"", ""AFN"", ""AFW"", ""AFZ"", ""ANZ"", ""ASC"", ""ASE"", ""ASO"", ""BRA"", ""CAN"", ""CHL"", ""CHN"", ""ENE"", ""ENW"", ""EUE"", ""EUM"", ""EUW"", ""IDN"", ""IND"", ""JPN"", ""LAM"", ""MDA"", ""MEA"", ""MEX"", ""NIG"", ""RUS"", ""SKT"", ""USA""]",noce,1,future,No CE,Final energy,Total,10.194229597289468,EJ/yr,context,"[""Final Energy|Industry|Non-Metallic Minerals|Cement|Electricity"", ""Final Energy|Industry|Non-Metallic Minerals|Cement|Gases"", ""Final Energy|Industry|Non-Metallic Minerals|Cement|Liquids"", ""Final Energy|Industry|Non-Metallic Minerals|Cement|Solids""]",10.194229597289468,EJ/yr,,,1.0,0.0,,
baseline_noce,NDC+LTT,No CE,d,Global,Cement,2050,"[""AFE"", ""AFN"", ""AFW"", ""AFZ"", ""ANZ"", ""ASC"", ""ASE"", ""ASO"", ""BRA"", ""CAN"", ""CHL"", ""CHN"", ""ENE"", ""ENW"", ""EUE"", ""EUM"", ""EUW"", ""IDN"", ""IND"", ""JPN"", ""LAM"", ""MDA"", ""MEA"", ""MEX"", ""NIG"", ""RUS"", ""SKT"", ""USA""]",noce,1,future,No CE,Final energy change from no CE,Total,0.0,%,context,"[""Final Energy|Industry|Non-Metallic Minerals|Cement|Electricity"", ""Final Energy|Industry|Non-Metallic Minerals|Cement|Gases"", ""Final Energy|Industry|Non-Metallic Minerals|Cement|Liquids"", ""Final Energy|Industry|Non-Metallic Minerals|Cement|Solids""]",10.194229597289468,EJ/yr,10.194229597289468,EJ/yr,100.0,-100.0,baseline_noce,2050.0
baseline_medce_eu,NDC+LTT,"Medium CE, EU",d,Global,Cement,2050,"[""AFE"", ""AFN"", ""AFW"", ""AFZ"", ""ANZ"", ""ASC"", ""ASE"", ""ASO"", ""BRA"", ""CAN"", ""CHL"", ""CHN"", ""ENE"", ""ENW"", ""EUE"", ""EUM"", ""EUW"", ""IDN"", ""IND"", ""JPN"", ""LAM"", ""MDA"", ""MEA"", ""MEX"", ""NIG"", ""RUS"", ""SKT"", ""USA""]",medce_eu,2,future,M–EU,Final energy,Electricity,2.211581034864539,EJ/yr,plotted,"[""Final Energy|Industry|Non-Metallic Minerals|Cement|Electricity""]",2.211581034864539,EJ/yr,,,1.0,0.0,,
baseline_medce_eu,NDC+LTT,"Medium CE, EU",d,Global,Cement,2050,"[""AFE"", ""AFN"", ""AFW"", ""AFZ"", ""ANZ"", ""ASC"", ""ASE"", ""ASO"", ""BRA"", ""CAN"", ""CHL"", ""CHN"", ""ENE"", ""ENW"", ""EUE"", ""EUM"", ""EUW"", ""IDN"", ""IND"", ""JPN"", ""LAM"", ""MDA"", ""MEA"", ""MEX"", ""NIG"", ""RUS"", ""SKT"", ""USA""]",medce_eu,2,future,M–EU,Final energy,Gases,1.4291762724613584,EJ/yr,plotted,"[""Final Energy|Industry|Non-Metallic Minerals|Cement|Gases""]",1.4291762724613584,EJ/yr,,,1.0,0.0,,
baseline_medce_eu,NDC+LTT,"Medium CE, EU",d,Global,Cement,2050,"[""AFE"", ""AFN"", ""AFW"", ""AFZ"", ""ANZ"", ""ASC"", ""ASE"", ""ASO"", ""BRA"", ""CAN"", ""CHL"", ""CHN"", ""ENE"", ""ENW"", ""EUE"", ""EUM"", ""EUW"", ""IDN"", ""IND"", ""JPN"", ""LAM"", ""MDA"", ""MEA"", ""MEX"", ""NIG"", ""RUS"", ""SKT"", ""USA""]",medce_eu,2,future,M–EU,Final energy,Liquids,0.8997331616426586,EJ/yr,plotted,"[""Final Energy|Industry|Non-Metallic Minerals|Cement|Liquids""]",0.8997331616426586,EJ/yr,,,1.0,0.0,,
baseline_medce_eu,NDC+LTT,"Medium CE, EU",d,Global,Cement,2050,"[""AFE"", ""AFN"", ""AFW"", ""AFZ"", ""ANZ"", ""ASC"", ""ASE"", ""ASO"", ""BRA"", ""CAN"", ""CHL"", ""CHN"", ""ENE"", ""ENW"", ""EUE"", ""EUM"", ""EUW"", ""IDN"", ""IND"", ""JPN"", ""LAM"", ""MDA"", ""MEA"", ""MEX"", ""NIG"", ""RUS"", ""SKT"", ""USA""]",medce_eu,2,future,M–EU,Final energy,Solids,5.725152627531196,EJ/yr,plotted,"[""Final Energy|Industry|Non-Metallic Minerals|Cement|Solids""]",5.725152627531196,EJ/yr,,,1.0,0.0,,
baseline_medce_eu,NDC+LTT,"Medium CE, EU",d,Global,Cement,2050,"[""AFE"", ""AFN"", ""AFW"", ""AFZ"", ""ANZ"", ""ASC"", ""ASE"", ""ASO"", ""BRA"", ""CAN"", ""CHL"", ""CHN"", ""ENE"", ""ENW"", ""EUE"", ""EUM"", ""EUW"", ""IDN"", ""IND"", ""JPN"", ""LAM"", ""MDA"", ""MEA"", ""MEX"", ""NIG"", ""RUS"", ""SKT"", ""USA""]",medce_eu,2,future,M–EU,Final energy,Total,10.265643096499751,EJ/yr,context,"[""Final Energy|Industry|Non-Metallic Minerals|Cement|Electricity"", ""Final Energy|Industry|Non-Metallic Minerals|Cement|Gases"", ""Final Energy|Industry|Non-Metallic Minerals|Cement|Liquids"", ""Final Energy|Industry|Non-Metallic Minerals|Cement|Solids""]",10.265643096499751,EJ/yr,,,1.0,0.0,,
baseline_medce_eu,NDC+LTT,"Medium CE, EU",d,Global,Cement,2050,"[""AFE"", ""AFN"", ""AFW"", ""AFZ"", ""ANZ"", ""ASC"", ""ASE"", ""ASO"", ""BRA"", ""CAN"", ""CHL"", ""CHN"", ""ENE"", ""ENW"", ""EUE"", ""EUM"", ""EUW"", ""IDN"", ""IND"", ""JPN"", ""LAM"", ""MDA"", ""MEA"", ""MEX"", ""NIG"", ""RUS"", ""SKT"", ""USA""]",medce_eu,2,future,M–EU,Final energy change from no CE,Total,0.7005286523002212,%,context,"[""Final Energy|Industry|Non-Metallic Minerals|Cement|Electricity"", ""Final Energy|Industry|Non-Metallic Minerals|Cement|Gases"", ""Final Energy|Industry|Non-Metallic Minerals|Cement|Liquids"", ""Final Energy|Industry|Non-Metallic Minerals|Cement|Solids""]",10.265643096499751,EJ/yr,10.194229597289468,EJ/yr,100.0,-100.0,baseline_noce,2050.0
baseline_highce_eu,NDC+LTT,"High CE, EU",d,Global,Cement,2050,"[""AFE"", ""AFN"", ""AFW"", ""AFZ"", ""ANZ"", ""ASC"", ""ASE"", ""ASO"", ""BRA"", ""CAN"", ""CHL"", ""CHN"", ""ENE"", ""ENW"", ""EUE"", ""EUM"", ""EUW"", ""IDN"", ""IND"", ""JPN"", ""LAM"", ""MDA"", ""MEA"", ""MEX"", ""NIG"", ""RUS"", ""SKT"", ""USA""]",highce_eu,3,future,H–EU,Final energy,Electricity,2.204220003940835,EJ/yr,plotted,"[""Final Energy|Industry|Non-Metallic Minerals|Cement|Electricity""]",2.204220003940835,EJ/yr,,,1.0,0.0,,
baseline_highce_eu,NDC+LTT,"High CE, EU",d,Global,Cement,2050,"[""AFE"", ""AFN"", ""AFW"", ""AFZ"", ""ANZ"", ""ASC"", ""ASE"", ""ASO"", ""BRA"", ""CAN"", ""CHL"", ""CHN"", ""ENE"", ""ENW"", ""EUE"", ""EUM"", ""EUW"", ""IDN"", ""IND"", ""JPN"", ""LAM"", ""MDA"", ""MEA"", ""MEX"", ""NIG"", ""RUS"", ""SKT"", ""USA""]",highce_eu,3,future,H–EU,Final energy,Gases,1.4289537880967662,EJ/yr,plotted,"[""Final Energy|Industry|Non-Metallic Minerals|Cement|Gases""]",1.4289537880967662,EJ/yr,,,1.0,0.0,,
baseline_highce_eu,NDC+LTT,"High CE, EU",d,Global,Cement,2050,"[""AFE"", ""AFN"", ""AFW"", ""AFZ"", ""ANZ"", ""ASC"", ""ASE"", ""ASO"", ""BRA"", ""CAN"", ""CHL"", ""CHN"", ""ENE"", ""ENW"", ""EUE"", ""EUM"", ""EUW"", ""IDN"", ""IND"", ""JPN"", ""LAM"", ""MDA"", ""MEA"", ""MEX"", ""NIG"", ""RUS"", ""SKT"", ""USA""]",highce_eu,3,future,H–EU,Final energy,Liquids,0.8957705077484214,EJ/yr,plotted,"[""Final Energy|Industry|Non-Metallic Minerals|Cement|Liquids""]",0.8957705077484214,EJ/yr,,,1.0,0.0,,
baseline_highce_eu,NDC+LTT,"High CE, EU",d,Global,Cement,2050,"[""AFE"", ""AFN"", ""AFW"", ""AFZ"", ""ANZ"", ""ASC"", ""ASE"", ""ASO"", ""BRA"", ""CAN"", ""CHL"", ""CHN"", ""ENE"", ""ENW"", ""EUE"", ""EUM"", ""EUW"", ""IDN"", ""IND"", ""JPN"", ""LAM"", ""MDA"", ""MEA"", ""MEX"", ""NIG"", ""RUS"", ""SKT"", ""USA""]",highce_eu,3,future,H–EU,Final energy,Solids,5.693730077809877,EJ/yr,plotted,"[""Final Energy|Industry|Non-Metallic Minerals|Cement|Solids""]",5.693730077809877,EJ/yr,,,1.0,0.0,,
baseline_highce_eu,NDC+LTT,"High CE, EU",d,Global,Cement,2050,"[""AFE"", ""AFN"", ""AFW"", ""AFZ"", ""ANZ"", ""ASC"", ""ASE"", ""ASO"", ""BRA"", ""CAN"", ""CHL"", ""CHN"", ""ENE"", ""ENW"", ""EUE"", ""EUM"", ""EUW"", ""IDN"", ""IND"", ""JPN"", ""LAM"", ""MDA"", ""MEA"", ""MEX"", ""NIG"", ""RUS"", ""SKT"", ""USA""]",highce_eu,3,future,H–EU,Final energy,Total,10.2226743775959,EJ/yr,context,"[""Final Energy|Industry|Non-Metallic Minerals|Cement|Electricity"", ""Final Energy|Industry|Non-Metallic Minerals|Cement|Gases"", ""Final Energy|Industry|Non-Metallic Minerals|Cement|Liquids"", ""Final Energy|Industry|Non-Metallic Minerals|Cement|Solids""]",10.2226743775959,EJ/yr,,,1.0,0.0,,
baseline_highce_eu,NDC+LTT,"High CE, EU",d,Global,Cement,2050,"[""AFE"", ""AFN"", ""AFW"", ""AFZ"", ""ANZ"", ""ASC"", ""ASE"", ""ASO"", ""BRA"", ""CAN"", ""CHL"", ""CHN"", ""ENE"", ""ENW"", ""EUE"", ""EUM"", ""EUW"", ""IDN"", ""IND"", ""JPN"", ""LAM"", ""MDA"", ""MEA"", ""MEX"", ""NIG"", ""RUS"", ""SKT"", ""USA""]",highce_eu,3,future,H–EU,Final energy change from no CE,Total,0.2790282486279949,%,context,"[""Final Energy|Industry|Non-Metallic Minerals|Cement|Electricity"", ""Final Energy|Industry|Non-Metallic Minerals|Cement|Gases"", ""Final Energy|Industry|Non-Metallic Minerals|Cement|Liquids"", ""Final Energy|Industry|Non-Metallic Minerals|Cement|Solids""]",10.2226743775959,EJ/yr,10.194229597289468,EJ/yr,100.0,-100.0,baseline_noce,2050.0
baseline_medce_gbl,NDC+LTT,"Medium CE, EU + partners",d,Global,Cement,2050,"[""AFE"", ""AFN"", ""AFW"", ""AFZ"", ""ANZ"", ""ASC"", ""ASE"", ""ASO"", ""BRA"", ""CAN"", ""CHL"", ""CHN"", ""ENE"", ""ENW"", ""EUE"", ""EUM"", ""EUW"", ""IDN"", ""IND"", ""JPN"", ""LAM"", ""MDA"", ""MEA"", ""MEX"", ""NIG"", ""RUS"", ""SKT"", ""USA""]",medce_gbl,4,future,M–EU+,Final energy,Electricity,2.0001411195551295,EJ/yr,plotted,"[""Final Energy|Industry|Non-Metallic Minerals|Cement|Electricity""]",2.0001411195551295,EJ/yr,,,1.0,0.0,,
baseline_medce_gbl,NDC+LTT,"Medium CE, EU + partners",d,Global,Cement,2050,"[""AFE"", ""AFN"", ""AFW"", ""AFZ"", ""ANZ"", ""ASC"", ""ASE"", ""ASO"", ""BRA"", ""CAN"", ""CHL"", ""CHN"", ""ENE"", ""ENW"", ""EUE"", ""EUM"", ""EUW"", ""IDN"", ""IND"", ""JPN"", ""LAM"", ""MDA"", ""MEA"", ""MEX"", ""NIG"", ""RUS"", ""SKT"", ""USA""]",medce_gbl,4,future,M–EU+,Final energy,Gases,1.2112376856636213,EJ/yr,plotted,"[""Final Energy|Industry|Non-Metallic Minerals|Cement|Gases""]",1.2112376856636213,EJ/yr,,,1.0,0.0,,
baseline_medce_gbl,NDC+LTT,"Medium CE, EU + partners",d,Global,Cement,2050,"[""AFE"", ""AFN"", ""AFW"", ""AFZ"", ""ANZ"", ""ASC"", ""ASE"", ""ASO"", ""BRA"", ""CAN"", ""CHL"", ""CHN"", ""ENE"", ""ENW"", ""EUE"", ""EUM"", ""EUW"", ""IDN"", ""IND"", ""JPN"", ""LAM"", ""MDA"", ""MEA"", ""MEX"", ""NIG"", ""RUS"", ""SKT"", ""USA""]",medce_gbl,4,future,M–EU+,Final energy,Liquids,0.7800943061429781,EJ/yr,plotted,"[""Final Energy|Industry|Non-Metallic Minerals|Cement|Liquids""]",0.7800943061429781,EJ/yr,,,1.0,0.0,,
baseline_medce_gbl,NDC+LTT,"Medium CE, EU + partners",d,Global,Cement,2050,"[""AFE"", ""AFN"", ""AFW"", ""AFZ"", ""ANZ"", ""ASC"", ""ASE"", ""ASO"", ""BRA"", ""CAN"", ""CHL"", ""CHN"", ""ENE"", ""ENW"", ""EUE"", ""EUM"", ""EUW"", ""IDN"", ""IND"", ""JPN"", ""LAM"", ""MDA"", ""MEA"", ""MEX"", ""NIG"", ""RUS"", ""SKT"", ""USA""]",medce_gbl,4,future,M–EU+,Final energy,Solids,4.9896907917945486,EJ/yr,plotted,"[""Final Energy|Industry|Non-Metallic Minerals|Cement|Solids""]",4.9896907917945486,EJ/yr,,,1.0,0.0,,
baseline_medce_gbl,NDC+LTT,"Medium CE, EU + partners",d,Global,Cement,2050,"[""AFE"", ""AFN"", ""AFW"", ""AFZ"", ""ANZ"", ""ASC"", ""ASE"", ""ASO"", ""BRA"", ""CAN"", ""CHL"", ""CHN"", ""ENE"", ""ENW"", ""EUE"", ""EUM"", ""EUW"", ""IDN"", ""IND"", ""JPN"", ""LAM"", ""MDA"", ""MEA"", ""MEX"", ""NIG"", ""RUS"", ""SKT"", ""USA""]",medce_gbl,4,future,M–EU+,Final energy,Total,8.981163903156277,EJ/yr,context,"[""Final Energy|Industry|Non-Metallic Minerals|Cement|Electricity"", ""Final Energy|Industry|Non-Metallic Minerals|Cement|Gases"", ""Final Energy|Industry|Non-Metallic Minerals|Cement|Liquids"", ""Final Energy|Industry|Non-Metallic Minerals|Cement|Solids""]",8.981163903156277,EJ/yr,,,1.0,0.0,,
baseline_medce_gbl,NDC+LTT,"Medium CE, EU + partners",d,Global,Cement,2050,"[""AFE"", ""AFN"", ""AFW"", ""AFZ"", ""ANZ"", ""ASC"", ""ASE"", ""ASO"", ""BRA"", ""CAN"", ""CHL"", ""CHN"", ""ENE"", ""ENW"", ""EUE"", ""EUM"", ""EUW"", ""IDN"", ""IND"", ""JPN"", ""LAM"", ""MDA"", ""MEA"", ""MEX"", ""NIG"", ""RUS"", ""SKT"", ""USA""]",medce_gbl,4,future,M–EU+,Final energy change from no CE,Total,-11.899532795060168,%,context,"[""Final Energy|Industry|Non-Metallic Minerals|Cement|Electricity"", ""Final Energy|Industry|Non-Metallic Minerals|Cement|Gases"", ""Final Energy|Industry|Non-Metallic Minerals|Cement|Liquids"", ""Final Energy|Industry|Non-Metallic Minerals|Cement|Solids""]",8.981163903156277,EJ/yr,10.194229597289468,EJ/yr,100.0,-100.0,baseline_noce,2050.0
baseline_highce_gbl,NDC+LTT,"High CE, EU + partners",d,Global,Cement,2050,"[""AFE"", ""AFN"", ""AFW"", ""AFZ"", ""ANZ"", ""ASC"", ""ASE"", ""ASO"", ""BRA"", ""CAN"", ""CHL"", ""CHN"", ""ENE"", ""ENW"", ""EUE"", ""EUM"", ""EUW"", ""IDN"", ""IND"", ""JPN"", ""LAM"", ""MDA"", ""MEA"", ""MEX"", ""NIG"", ""RUS"", ""SKT"", ""USA""]",highce_gbl,5,future,H–EU+,Final energy,Electricity,1.8280911345247295,EJ/yr,plotted,"[""Final Energy|Industry|Non-Metallic Minerals|Cement|Electricity""]",1.8280911345247295,EJ/yr,,,1.0,0.0,,
baseline_highce_gbl,NDC+LTT,"High CE, EU + partners",d,Global,Cement,2050,"[""AFE"", ""AFN"", ""AFW"", ""AFZ"", ""ANZ"", ""ASC"", ""ASE"", ""ASO"", ""BRA"", ""CAN"", ""CHL"", ""CHN"", ""ENE"", ""ENW"", ""EUE"", ""EUM"", ""EUW"", ""IDN"", ""IND"", ""JPN"", ""LAM"", ""MDA"", ""MEA"", ""MEX"", ""NIG"", ""RUS"", ""SKT"", ""USA""]",highce_gbl,5,future,H–EU+,Final energy,Gases,1.063156240319976,EJ/yr,plotted,"[""Final Energy|Industry|Non-Metallic Minerals|Cement|Gases""]",1.063156240319976,EJ/yr,,,1.0,0.0,,
baseline_highce_gbl,NDC+LTT,"High CE, EU + partners",d,Global,Cement,2050,"[""AFE"", ""AFN"", ""AFW"", ""AFZ"", ""ANZ"", ""ASC"", ""ASE"", ""ASO"", ""BRA"", ""CAN"", ""CHL"", ""CHN"", ""ENE"", ""ENW"", ""EUE"", ""EUM"", ""EUW"", ""IDN"", ""IND"", ""JPN"", ""LAM"", ""MDA"", ""MEA"", ""MEX"", ""NIG"", ""RUS"", ""SKT"", ""USA""]",highce_gbl,5,future,H–EU+,Final energy,Liquids,0.6982177157471451,EJ/yr,plotted,"[""Final Energy|Industry|Non-Metallic Minerals|Cement|Liquids""]",0.6982177157471451,EJ/yr,,,1.0,0.0,,
baseline_highce_gbl,NDC+LTT,"High CE, EU + partners",d,Global,Cement,2050,"[""AFE"", ""AFN"", ""AFW"", ""AFZ"", ""ANZ"", ""ASC"", ""ASE"", ""ASO"", ""BRA"", ""CAN"", ""CHL"", ""CHN"", ""ENE"", ""ENW"", ""EUE"", ""EUM"", ""EUW"", ""IDN"", ""IND"", ""JPN"", ""LAM"", ""MDA"", ""MEA"", ""MEX"", ""NIG"", ""RUS"", ""SKT"", ""USA""]",highce_gbl,5,future,H–EU+,Final energy,Solids,4.484444971892202,EJ/yr,plotted,"[""Final Energy|Industry|Non-Metallic Minerals|Cement|Solids""]",4.484444971892202,EJ/yr,,,1.0,0.0,,
baseline_highce_gbl,NDC+LTT,"High CE, EU + partners",d,Global,Cement,2050,"[""AFE"", ""AFN"", ""AFW"", ""AFZ"", ""ANZ"", ""ASC"", ""ASE"", ""ASO"", ""BRA"", ""CAN"", ""CHL"", ""CHN"", ""ENE"", ""ENW"", ""EUE"", ""EUM"", ""EUW"", ""IDN"", ""IND"", ""JPN"", ""LAM"", ""MDA"", ""MEA"", ""MEX"", ""NIG"", ""RUS"", ""SKT"", ""USA""]",highce_gbl,5,future,H–EU+,Final energy,Total,8.073910062484053,EJ/yr,context,"[""Final Energy|Industry|Non-Metallic Minerals|Cement|Electricity"", ""Final Energy|Industry|Non-Metallic Minerals|Cement|Gases"", ""Final Energy|Industry|Non-Metallic Minerals|Cement|Liquids"", ""Final Energy|Industry|Non-Metallic Minerals|Cement|Solids""]",8.073910062484053,EJ/yr,,,1.0,0.0,,
baseline_highce_gbl,NDC+LTT,"High CE, EU + partners",d,Global,Cement,2050,"[""AFE"", ""AFN"", ""AFW"", ""AFZ"", ""ANZ"", ""ASC"", ""ASE"", ""ASO"", ""BRA"", ""CAN"", ""CHL"", ""CHN"", ""ENE"", ""ENW"", ""EUE"", ""EUM"", ""EUW"", ""IDN"", ""IND"", ""JPN"", ""LAM"", ""MDA"", ""MEA"", ""MEX"", ""NIG"", ""RUS"", ""SKT"", ""USA""]",highce_gbl,5,future,H–EU+,Final energy change from no CE,Total,-20.799213070197908,%,context,"[""Final Energy|Industry|Non-Metallic Minerals|Cement|Electricity"", ""Final Energy|Industry|Non-Metallic Minerals|Cement|Gases"", ""Final Energy|Industry|Non-Metallic Minerals|Cement|Liquids"", ""Final Energy|Industry|Non-Metallic Minerals|Cement|Solids""]",8.073910062484053,EJ/yr,10.194229597289468,EJ/yr,100.0,-100.0,baseline_noce,2050.0
baseline_noce,NDC+LTT,No CE,e,Global,Iron and steel,2019,"[""AFE"", ""AFN"", ""AFW"", ""AFZ"", ""ANZ"", ""ASC"", ""ASE"", ""ASO"", ""BRA"", ""CAN"", ""CHL"", ""CHN"", ""ENE"", ""ENW"", ""EUE"", ""EUM"", ""EUW"", ""IDN"", ""IND"", ""JPN"", ""LAM"", ""MDA"", ""MEA"", ""MEX"", ""NIG"", ""RUS"", ""SKT"", ""USA""]",noce,0,historical,2019,Final energy,Electricity,4.450102658833501,EJ/yr,plotted,"[""Final Energy|Industry|Iron and Steel|Electricity""]",4.450102658833501,EJ/yr,,,1.0,0.0,,
baseline_noce,NDC+LTT,No CE,e,Global,Iron and steel,2019,"[""AFE"", ""AFN"", ""AFW"", ""AFZ"", ""ANZ"", ""ASC"", ""ASE"", ""ASO"", ""BRA"", ""CAN"", ""CHL"", ""CHN"", ""ENE"", ""ENW"", ""EUE"", ""EUM"", ""EUW"", ""IDN"", ""IND"", ""JPN"", ""LAM"", ""MDA"", ""MEA"", ""MEX"", ""NIG"", ""RUS"", ""SKT"", ""USA""]",noce,0,historical,2019,Final energy,Gases,2.5956495325091713,EJ/yr,plotted,"[""Final Energy|Industry|Iron and Steel|Gases""]",2.5956495325091713,EJ/yr,,,1.0,0.0,,
baseline_noce,NDC+LTT,No CE,e,Global,Iron and steel,2019,"[""AFE"", ""AFN"", ""AFW"", ""AFZ"", ""ANZ"", ""ASC"", ""ASE"", ""ASO"", ""BRA"", ""CAN"", ""CHL"", ""CHN"", ""ENE"", ""ENW"", ""EUE"", ""EUM"", ""EUW"", ""IDN"", ""IND"", ""JPN"", ""LAM"", ""MDA"", ""MEA"", ""MEX"", ""NIG"", ""RUS"", ""SKT"", ""USA""]",noce,0,historical,2019,Final energy,Hydrogen,0.0,EJ/yr,plotted,"[""Final Energy|Industry|Iron and Steel|Hydrogen""]",0.0,EJ/yr,,,1.0,0.0,,
baseline_noce,NDC+LTT,No CE,e,Global,Iron and steel,2019,"[""AFE"", ""AFN"", ""AFW"", ""AFZ"", ""ANZ"", ""ASC"", ""ASE"", ""ASO"", ""BRA"", ""CAN"", ""CHL"", ""CHN"", ""ENE"", ""ENW"", ""EUE"", ""EUM"", ""EUW"", ""IDN"", ""IND"", ""JPN"", ""LAM"", ""MDA"", ""MEA"", ""MEX"", ""NIG"", ""RUS"", ""SKT"", ""USA""]",noce,0,historical,2019,Final energy,Liquids,0.2912064779786795,EJ/yr,plotted,"[""Final Energy|Industry|Iron and Steel|Liquids""]",0.2912064779786795,EJ/yr,,,1.0,0.0,,
baseline_noce,NDC+LTT,No CE,e,Global,Iron and steel,2019,"[""AFE"", ""AFN"", ""AFW"", ""AFZ"", ""ANZ"", ""ASC"", ""ASE"", ""ASO"", ""BRA"", ""CAN"", ""CHL"", ""CHN"", ""ENE"", ""ENW"", ""EUE"", ""EUM"", ""EUW"", ""IDN"", ""IND"", ""JPN"", ""LAM"", ""MDA"", ""MEA"", ""MEX"", ""NIG"", ""RUS"", ""SKT"", ""USA""]",noce,0,historical,2019,Final energy,Solids,22.90554446435401,EJ/yr,plotted,"[""Final Energy|Industry|Iron and Steel|Solids""]",22.90554446435401,EJ/yr,,,1.0,0.0,,
baseline_noce,NDC+LTT,No CE,e,Global,Iron and steel,2019,"[""AFE"", ""AFN"", ""AFW"", ""AFZ"", ""ANZ"", ""ASC"", ""ASE"", ""ASO"", ""BRA"", ""CAN"", ""CHL"", ""CHN"", ""ENE"", ""ENW"", ""EUE"", ""EUM"", ""EUW"", ""IDN"", ""IND"", ""JPN"", ""LAM"", ""MDA"", ""MEA"", ""MEX"", ""NIG"", ""RUS"", ""SKT"", ""USA""]",noce,0,historical,2019,Final energy,Total,30.24250313367536,EJ/yr,context,"[""Final Energy|Industry|Iron and Steel|Electricity"", ""Final Energy|Industry|Iron and Steel|Gases"", ""Final Energy|Industry|Iron and Steel|Hydrogen"", ""Final Energy|Industry|Iron and Steel|Liquids"", ""Final Energy|Industry|Iron and Steel|Solids""]",30.24250313367536,EJ/yr,,,1.0,0.0,,
baseline_noce,NDC+LTT,No CE,e,Global,Iron and steel,2050,"[""AFE"", ""AFN"", ""AFW"", ""AFZ"", ""ANZ"", ""ASC"", ""ASE"", ""ASO"", ""BRA"", ""CAN"", ""CHL"", ""CHN"", ""ENE"", ""ENW"", ""EUE"", ""EUM"", ""EUW"", ""IDN"", ""IND"", ""JPN"", ""LAM"", ""MDA"", ""MEA"", ""MEX"", ""NIG"", ""RUS"", ""SKT"", ""USA""]",noce,1,future,No CE,Final energy,Electricity,8.53883974932105,EJ/yr,plotted,"[""Final Energy|Industry|Iron and Steel|Electricity""]",8.53883974932105,EJ/yr,,,1.0,0.0,,
baseline_noce,NDC+LTT,No CE,e,Global,Iron and steel,2050,"[""AFE"", ""AFN"", ""AFW"", ""AFZ"", ""ANZ"", ""ASC"", ""ASE"", ""ASO"", ""BRA"", ""CAN"", ""CHL"", ""CHN"", ""ENE"", ""ENW"", ""EUE"", ""EUM"", ""EUW"", ""IDN"", ""IND"", ""JPN"", ""LAM"", ""MDA"", ""MEA"", ""MEX"", ""NIG"", ""RUS"", ""SKT"", ""USA""]",noce,1,future,No CE,Final energy,Gases,4.092643563447301,EJ/yr,plotted,"[""Final Energy|Industry|Iron and Steel|Gases""]",4.092643563447301,EJ/yr,,,1.0,0.0,,
baseline_noce,NDC+LTT,No CE,e,Global,Iron and steel,2050,"[""AFE"", ""AFN"", ""AFW"", ""AFZ"", ""ANZ"", ""ASC"", ""ASE"", ""ASO"", ""BRA"", ""CAN"", ""CHL"", ""CHN"", ""ENE"", ""ENW"", ""EUE"", ""EUM"", ""EUW"", ""IDN"", ""IND"", ""JPN"", ""LAM"", ""MDA"", ""MEA"", ""MEX"", ""NIG"", ""RUS"", ""SKT"", ""USA""]",noce,1,future,No CE,Final energy,Hydrogen,1.4592124417736076,EJ/yr,plotted,"[""Final Energy|Industry|Iron and Steel|Hydrogen""]",1.4592124417736076,EJ/yr,,,1.0,0.0,,
baseline_noce,NDC+LTT,No CE,e,Global,Iron and steel,2050,"[""AFE"", ""AFN"", ""AFW"", ""AFZ"", ""ANZ"", ""ASC"", ""ASE"", ""ASO"", ""BRA"", ""CAN"", ""CHL"", ""CHN"", ""ENE"", ""ENW"", ""EUE"", ""EUM"", ""EUW"", ""IDN"", ""IND"", ""JPN"", ""LAM"", ""MDA"", ""MEA"", ""MEX"", ""NIG"", ""RUS"", ""SKT"", ""USA""]",noce,1,future,No CE,Final energy,Liquids,0.0,EJ/yr,plotted,"[""Final Energy|Industry|Iron and Steel|Liquids""]",0.0,EJ/yr,,,1.0,0.0,,
baseline_noce,NDC+LTT,No CE,e,Global,Iron and steel,2050,"[""AFE"", ""AFN"", ""AFW"", ""AFZ"", ""ANZ"", ""ASC"", ""ASE"", ""ASO"", ""BRA"", ""CAN"", ""CHL"", ""CHN"", ""ENE"", ""ENW"", ""EUE"", ""EUM"", ""EUW"", ""IDN"", ""IND"", ""JPN"", ""LAM"", ""MDA"", ""MEA"", ""MEX"", ""NIG"", ""RUS"", ""SKT"", ""USA""]",noce,1,future,No CE,Final energy,Solids,0.6229008840848583,EJ/yr,plotted,"[""Final Energy|Industry|Iron and Steel|Solids""]",0.6229008840848583,EJ/yr,,,1.0,0.0,,
baseline_noce,NDC+LTT,No CE,e,Global,Iron and steel,2050,"[""AFE"", ""AFN"", ""AFW"", ""AFZ"", ""ANZ"", ""ASC"", ""ASE"", ""ASO"", ""BRA"", ""CAN"", ""CHL"", ""CHN"", ""ENE"", ""ENW"", ""EUE"", ""EUM"", ""EUW"", ""IDN"", ""IND"", ""JPN"", ""LAM"", ""MDA"", ""MEA"", ""MEX"", ""NIG"", ""RUS"", ""SKT"", ""USA""]",noce,1,future,No CE,Final energy,Total,14.713596638626818,EJ/yr,context,"[""Final Energy|Industry|Iron and Steel|Electricity"", ""Final Energy|Industry|Iron and Steel|Gases"", ""Final Energy|Industry|Iron and Steel|Hydrogen"", ""Final Energy|Industry|Iron and Steel|Liquids"", ""Final Energy|Industry|Iron and Steel|Solids""]",14.713596638626818,EJ/yr,,,1.0,0.0,,
baseline_noce,NDC+LTT,No CE,e,Global,Iron and steel,2050,"[""AFE"", ""AFN"", ""AFW"", ""AFZ"", ""ANZ"", ""ASC"", ""ASE"", ""ASO"", ""BRA"", ""CAN"", ""CHL"", ""CHN"", ""ENE"", ""ENW"", ""EUE"", ""EUM"", ""EUW"", ""IDN"", ""IND"", ""JPN"", ""LAM"", ""MDA"", ""MEA"", ""MEX"", ""NIG"", ""RUS"", ""SKT"", ""USA""]",noce,1,future,No CE,Final energy change from no CE,Total,0.0,%,context,"[""Final Energy|Industry|Iron and Steel|Electricity"", ""Final Energy|Industry|Iron and Steel|Gases"", ""Final Energy|Industry|Iron and Steel|Hydrogen"", ""Final Energy|Industry|Iron and Steel|Liquids"", ""Final Energy|Industry|Iron and Steel|Solids""]",14.713596638626818,EJ/yr,14.713596638626818,EJ/yr,100.0,-100.0,baseline_noce,2050.0
baseline_medce_eu,NDC+LTT,"Medium CE, EU",e,Global,Iron and steel,2050,"[""AFE"", ""AFN"", ""AFW"", ""AFZ"", ""ANZ"", ""ASC"", ""ASE"", ""ASO"", ""BRA"", ""CAN"", ""CHL"", ""CHN"", ""ENE"", ""ENW"", ""EUE"", ""EUM"", ""EUW"", ""IDN"", ""IND"", ""JPN"", ""LAM"", ""MDA"", ""MEA"", ""MEX"", ""NIG"", ""RUS"", ""SKT"", ""USA""]",medce_eu,2,future,M–EU,Final energy,Electricity,8.065303372976697,EJ/yr,plotted,"[""Final Energy|Industry|Iron and Steel|Electricity""]",8.065303372976697,EJ/yr,,,1.0,0.0,,
baseline_medce_eu,NDC+LTT,"Medium CE, EU",e,Global,Iron and steel,2050,"[""AFE"", ""AFN"", ""AFW"", ""AFZ"", ""ANZ"", ""ASC"", ""ASE"", ""ASO"", ""BRA"", ""CAN"", ""CHL"", ""CHN"", ""ENE"", ""ENW"", ""EUE"", ""EUM"", ""EUW"", ""IDN"", ""IND"", ""JPN"", ""LAM"", ""MDA"", ""MEA"", ""MEX"", ""NIG"", ""RUS"", ""SKT"", ""USA""]",medce_eu,2,future,M–EU,Final energy,Gases,3.1757704987224784,EJ/yr,plotted,"[""Final Energy|Industry|Iron and Steel|Gases""]",3.1757704987224784,EJ/yr,,,1.0,0.0,,
baseline_medce_eu,NDC+LTT,"Medium CE, EU",e,Global,Iron and steel,2050,"[""AFE"", ""AFN"", ""AFW"", ""AFZ"", ""ANZ"", ""ASC"", ""ASE"", ""ASO"", ""BRA"", ""CAN"", ""CHL"", ""CHN"", ""ENE"", ""ENW"", ""EUE"", ""EUM"", ""EUW"", ""IDN"", ""IND"", ""JPN"", ""LAM"", ""MDA"", ""MEA"", ""MEX"", ""NIG"", ""RUS"", ""SKT"", ""USA""]",medce_eu,2,future,M–EU,Final energy,Hydrogen,1.4395332409014008,EJ/yr,plotted,"[""Final Energy|Industry|Iron and Steel|Hydrogen""]",1.4395332409014008,EJ/yr,,,1.0,0.0,,
baseline_medce_eu,NDC+LTT,"Medium CE, EU",e,Global,Iron and steel,2050,"[""AFE"", ""AFN"", ""AFW"", ""AFZ"", ""ANZ"", ""ASC"", ""ASE"", ""ASO"", ""BRA"", ""CAN"", ""CHL"", ""CHN"", ""ENE"", ""ENW"", ""EUE"", ""EUM"", ""EUW"", ""IDN"", ""IND"", ""JPN"", ""LAM"", ""MDA"", ""MEA"", ""MEX"", ""NIG"", ""RUS"", ""SKT"", ""USA""]",medce_eu,2,future,M–EU,Final energy,Liquids,0.0,EJ/yr,plotted,"[""Final Energy|Industry|Iron and Steel|Liquids""]",0.0,EJ/yr,,,1.0,0.0,,
baseline_medce_eu,NDC+LTT,"Medium CE, EU",e,Global,Iron and steel,2050,"[""AFE"", ""AFN"", ""AFW"", ""AFZ"", ""ANZ"", ""ASC"", ""ASE"", ""ASO"", ""BRA"", ""CAN"", ""CHL"", ""CHN"", ""ENE"", ""ENW"", ""EUE"", ""EUM"", ""EUW"", ""IDN"", ""IND"", ""JPN"", ""LAM"", ""MDA"", ""MEA"", ""MEX"", ""NIG"", ""RUS"", ""SKT"", ""USA""]",medce_eu,2,future,M–EU,Final energy,Solids,1.4919811091548574,EJ/yr,plotted,"[""Final Energy|Industry|Iron and Steel|Solids""]",1.4919811091548574,EJ/yr,,,1.0,0.0,,
baseline_medce_eu,NDC+LTT,"Medium CE, EU",e,Global,Iron and steel,2050,"[""AFE"", ""AFN"", ""AFW"", ""AFZ"", ""ANZ"", ""ASC"", ""ASE"", ""ASO"", ""BRA"", ""CAN"", ""CHL"", ""CHN"", ""ENE"", ""ENW"", ""EUE"", ""EUM"", ""EUW"", ""IDN"", ""IND"", ""JPN"", ""LAM"", ""MDA"", ""MEA"", ""MEX"", ""NIG"", ""RUS"", ""SKT"", ""USA""]",medce_eu,2,future,M–EU,Final energy,Total,14.172588221755433,EJ/yr,context,"[""Final Energy|Industry|Iron and Steel|Electricity"", ""Final Energy|Industry|Iron and Steel|Gases"", ""Final Energy|Industry|Iron and Steel|Hydrogen"", ""Final Energy|Industry|Iron and Steel|Liquids"", ""Final Energy|Industry|Iron and Steel|Solids""]",14.172588221755433,EJ/yr,,,1.0,0.0,,
baseline_medce_eu,NDC+LTT,"Medium CE, EU",e,Global,Iron and steel,2050,"[""AFE"", ""AFN"", ""AFW"", ""AFZ"", ""ANZ"", ""ASC"", ""ASE"", ""ASO"", ""BRA"", ""CAN"", ""CHL"", ""CHN"", ""ENE"", ""ENW"", ""EUE"", ""EUM"", ""EUW"", ""IDN"", ""IND"", ""JPN"", ""LAM"", ""MDA"", ""MEA"", ""MEX"", ""NIG"", ""RUS"", ""SKT"", ""USA""]",medce_eu,2,future,M–EU,Final energy change from no CE,Total,-3.676928423136914,%,context,"[""Final Energy|Industry|Iron and Steel|Electricity"", ""Final Energy|Industry|Iron and Steel|Gases"", ""Final Energy|Industry|Iron and Steel|Hydrogen"", ""Final Energy|Industry|Iron and Steel|Liquids"", ""Final Energy|Industry|Iron and Steel|Solids""]",14.172588221755433,EJ/yr,14.713596638626818,EJ/yr,100.0,-100.0,baseline_noce,2050.0
baseline_highce_eu,NDC+LTT,"High CE, EU",e,Global,Iron and steel,2050,"[""AFE"", ""AFN"", ""AFW"", ""AFZ"", ""ANZ"", ""ASC"", ""ASE"", ""ASO"", ""BRA"", ""CAN"", ""CHL"", ""CHN"", ""ENE"", ""ENW"", ""EUE"", ""EUM"", ""EUW"", ""IDN"", ""IND"", ""JPN"", ""LAM"", ""MDA"", ""MEA"", ""MEX"", ""NIG"", ""RUS"", ""SKT"", ""USA""]",highce_eu,3,future,H–EU,Final energy,Electricity,8.064651893751016,EJ/yr,plotted,"[""Final Energy|Industry|Iron and Steel|Electricity""]",8.064651893751016,EJ/yr,,,1.0,0.0,,
baseline_highce_eu,NDC+LTT,"High CE, EU",e,Global,Iron and steel,2050,"[""AFE"", ""AFN"", ""AFW"", ""AFZ"", ""ANZ"", ""ASC"", ""ASE"", ""ASO"", ""BRA"", ""CAN"", ""CHL"", ""CHN"", ""ENE"", ""ENW"", ""EUE"", ""EUM"", ""EUW"", ""IDN"", ""IND"", ""JPN"", ""LAM"", ""MDA"", ""MEA"", ""MEX"", ""NIG"", ""RUS"", ""SKT"", ""USA""]",highce_eu,3,future,H–EU,Final energy,Gases,3.1677508642943537,EJ/yr,plotted,"[""Final Energy|Industry|Iron and Steel|Gases""]",3.1677508642943537,EJ/yr,,,1.0,0.0,,
baseline_highce_eu,NDC+LTT,"High CE, EU",e,Global,Iron and steel,2050,"[""AFE"", ""AFN"", ""AFW"", ""AFZ"", ""ANZ"", ""ASC"", ""ASE"", ""ASO"", ""BRA"", ""CAN"", ""CHL"", ""CHN"", ""ENE"", ""ENW"", ""EUE"", ""EUM"", ""EUW"", ""IDN"", ""IND"", ""JPN"", ""LAM"", ""MDA"", ""MEA"", ""MEX"", ""NIG"", ""RUS"", ""SKT"", ""USA""]",highce_eu,3,future,H–EU,Final energy,Hydrogen,1.4392677286442386,EJ/yr,plotted,"[""Final Energy|Industry|Iron and Steel|Hydrogen""]",1.4392677286442386,EJ/yr,,,1.0,0.0,,
baseline_highce_eu,NDC+LTT,"High CE, EU",e,Global,Iron and steel,2050,"[""AFE"", ""AFN"", ""AFW"", ""AFZ"", ""ANZ"", ""ASC"", ""ASE"", ""ASO"", ""BRA"", ""CAN"", ""CHL"", ""CHN"", ""ENE"", ""ENW"", ""EUE"", ""EUM"", ""EUW"", ""IDN"", ""IND"", ""JPN"", ""LAM"", ""MDA"", ""MEA"", ""MEX"", ""NIG"", ""RUS"", ""SKT"", ""USA""]",highce_eu,3,future,H–EU,Final energy,Liquids,0.0,EJ/yr,plotted,"[""Final Energy|Industry|Iron and Steel|Liquids""]",0.0,EJ/yr,,,1.0,0.0,,
baseline_highce_eu,NDC+LTT,"High CE, EU",e,Global,Iron and steel,2050,"[""AFE"", ""AFN"", ""AFW"", ""AFZ"", ""ANZ"", ""ASC"", ""ASE"", ""ASO"", ""BRA"", ""CAN"", ""CHL"", ""CHN"", ""ENE"", ""ENW"", ""EUE"", ""EUM"", ""EUW"", ""IDN"", ""IND"", ""JPN"", ""LAM"", ""MDA"", ""MEA"", ""MEX"", ""NIG"", ""RUS"", ""SKT"", ""USA""]",highce_eu,3,future,H–EU,Final energy,Solids,1.5012110822467362,EJ/yr,plotted,"[""Final Energy|Industry|Iron and Steel|Solids""]",1.5012110822467362,EJ/yr,,,1.0,0.0,,
baseline_highce_eu,NDC+LTT,"High CE, EU",e,Global,Iron and steel,2050,"[""AFE"", ""AFN"", ""AFW"", ""AFZ"", ""ANZ"", ""ASC"", ""ASE"", ""ASO"", ""BRA"", ""CAN"", ""CHL"", ""CHN"", ""ENE"", ""ENW"", ""EUE"", ""EUM"", ""EUW"", ""IDN"", ""IND"", ""JPN"", ""LAM"", ""MDA"", ""MEA"", ""MEX"", ""NIG"", ""RUS"", ""SKT"", ""USA""]",highce_eu,3,future,H–EU,Final energy,Total,14.172881568936344,EJ/yr,context,"[""Final Energy|Industry|Iron and Steel|Electricity"", ""Final Energy|Industry|Iron and Steel|Gases"", ""Final Energy|Industry|Iron and Steel|Hydrogen"", ""Final Energy|Industry|Iron and Steel|Liquids"", ""Final Energy|Industry|Iron and Steel|Solids""]",14.172881568936344,EJ/yr,,,1.0,0.0,,
baseline_highce_eu,NDC+LTT,"High CE, EU",e,Global,Iron and steel,2050,"[""AFE"", ""AFN"", ""AFW"", ""AFZ"", ""ANZ"", ""ASC"", ""ASE"", ""ASO"", ""BRA"", ""CAN"", ""CHL"", ""CHN"", ""ENE"", ""ENW"", ""EUE"", ""EUM"", ""EUW"", ""IDN"", ""IND"", ""JPN"", ""LAM"", ""MDA"", ""MEA"", ""MEX"", ""NIG"", ""RUS"", ""SKT"", ""USA""]",highce_eu,3,future,H–EU,Final energy change from no CE,Total,-3.6749347081526196,%,context,"[""Final Energy|Industry|Iron and Steel|Electricity"", ""Final Energy|Industry|Iron and Steel|Gases"", ""Final Energy|Industry|Iron and Steel|Hydrogen"", ""Final Energy|Industry|Iron and Steel|Liquids"", ""Final Energy|Industry|Iron and Steel|Solids""]",14.172881568936344,EJ/yr,14.713596638626818,EJ/yr,100.0,-100.0,baseline_noce,2050.0
baseline_medce_gbl,NDC+LTT,"Medium CE, EU + partners",e,Global,Iron and steel,2050,"[""AFE"", ""AFN"", ""AFW"", ""AFZ"", ""ANZ"", ""ASC"", ""ASE"", ""ASO"", ""BRA"", ""CAN"", ""CHL"", ""CHN"", ""ENE"", ""ENW"", ""EUE"", ""EUM"", ""EUW"", ""IDN"", ""IND"", ""JPN"", ""LAM"", ""MDA"", ""MEA"", ""MEX"", ""NIG"", ""RUS"", ""SKT"", ""USA""]",medce_gbl,4,future,M–EU+,Final energy,Electricity,6.76645622362903,EJ/yr,plotted,"[""Final Energy|Industry|Iron and Steel|Electricity""]",6.76645622362903,EJ/yr,,,1.0,0.0,,
baseline_medce_gbl,NDC+LTT,"Medium CE, EU + partners",e,Global,Iron and steel,2050,"[""AFE"", ""AFN"", ""AFW"", ""AFZ"", ""ANZ"", ""ASC"", ""ASE"", ""ASO"", ""BRA"", ""CAN"", ""CHL"", ""CHN"", ""ENE"", ""ENW"", ""EUE"", ""EUM"", ""EUW"", ""IDN"", ""IND"", ""JPN"", ""LAM"", ""MDA"", ""MEA"", ""MEX"", ""NIG"", ""RUS"", ""SKT"", ""USA""]",medce_gbl,4,future,M–EU+,Final energy,Gases,0.6886396165073077,EJ/yr,plotted,"[""Final Energy|Industry|Iron and Steel|Gases""]",0.6886396165073077,EJ/yr,,,1.0,0.0,,
baseline_medce_gbl,NDC+LTT,"Medium CE, EU + partners",e,Global,Iron and steel,2050,"[""AFE"", ""AFN"", ""AFW"", ""AFZ"", ""ANZ"", ""ASC"", ""ASE"", ""ASO"", ""BRA"", ""CAN"", ""CHL"", ""CHN"", ""ENE"", ""ENW"", ""EUE"", ""EUM"", ""EUW"", ""IDN"", ""IND"", ""JPN"", ""LAM"", ""MDA"", ""MEA"", ""MEX"", ""NIG"", ""RUS"", ""SKT"", ""USA""]",medce_gbl,4,future,M–EU+,Final energy,Hydrogen,1.426437945865486,EJ/yr,plotted,"[""Final Energy|Industry|Iron and Steel|Hydrogen""]",1.426437945865486,EJ/yr,,,1.0,0.0,,
baseline_medce_gbl,NDC+LTT,"Medium CE, EU + partners",e,Global,Iron and steel,2050,"[""AFE"", ""AFN"", ""AFW"", ""AFZ"", ""ANZ"", ""ASC"", ""ASE"", ""ASO"", ""BRA"", ""CAN"", ""CHL"", ""CHN"", ""ENE"", ""ENW"", ""EUE"", ""EUM"", ""EUW"", ""IDN"", ""IND"", ""JPN"", ""LAM"", ""MDA"", ""MEA"", ""MEX"", ""NIG"", ""RUS"", ""SKT"", ""USA""]",medce_gbl,4,future,M–EU+,Final energy,Liquids,0.0,EJ/yr,plotted,"[""Final Energy|Industry|Iron and Steel|Liquids""]",0.0,EJ/yr,,,1.0,0.0,,
baseline_medce_gbl,NDC+LTT,"Medium CE, EU + partners",e,Global,Iron and steel,2050,"[""AFE"", ""AFN"", ""AFW"", ""AFZ"", ""ANZ"", ""ASC"", ""ASE"", ""ASO"", ""BRA"", ""CAN"", ""CHL"", ""CHN"", ""ENE"", ""ENW"", ""EUE"", ""EUM"", ""EUW"", ""IDN"", ""IND"", ""JPN"", ""LAM"", ""MDA"", ""MEA"", ""MEX"", ""NIG"", ""RUS"", ""SKT"", ""USA""]",medce_gbl,4,future,M–EU+,Final energy,Solids,1.4043854716779127,EJ/yr,plotted,"[""Final Energy|Industry|Iron and Steel|Solids""]",1.4043854716779127,EJ/yr,,,1.0,0.0,,
baseline_medce_gbl,NDC+LTT,"Medium CE, EU + partners",e,Global,Iron and steel,2050,"[""AFE"", ""AFN"", ""AFW"", ""AFZ"", ""ANZ"", ""ASC"", ""ASE"", ""ASO"", ""BRA"", ""CAN"", ""CHL"", ""CHN"", ""ENE"", ""ENW"", ""EUE"", ""EUM"", ""EUW"", ""IDN"", ""IND"", ""JPN"", ""LAM"", ""MDA"", ""MEA"", ""MEX"", ""NIG"", ""RUS"", ""SKT"", ""USA""]",medce_gbl,4,future,M–EU+,Final energy,Total,10.285919257679735,EJ/yr,context,"[""Final Energy|Industry|Iron and Steel|Electricity"", ""Final Energy|Industry|Iron and Steel|Gases"", ""Final Energy|Industry|Iron and Steel|Hydrogen"", ""Final Energy|Industry|Iron and Steel|Liquids"", ""Final Energy|Industry|Iron and Steel|Solids""]",10.285919257679735,EJ/yr,,,1.0,0.0,,
baseline_medce_gbl,NDC+LTT,"Medium CE, EU + partners",e,Global,Iron and steel,2050,"[""AFE"", ""AFN"", ""AFW"", ""AFZ"", ""ANZ"", ""ASC"", ""ASE"", ""ASO"", ""BRA"", ""CAN"", ""CHL"", ""CHN"", ""ENE"", ""ENW"", ""EUE"", ""EUM"", ""EUW"", ""IDN"", ""IND"", ""JPN"", ""LAM"", ""MDA"", ""MEA"", ""MEX"", ""NIG"", ""RUS"", ""SKT"", ""USA""]",medce_gbl,4,future,M–EU+,Final energy change from no CE,Total,-30.09242056645307,%,context,"[""Final Energy|Industry|Iron and Steel|Electricity"", ""Final Energy|Industry|Iron and Steel|Gases"", ""Final Energy|Industry|Iron and Steel|Hydrogen"", ""Final Energy|Industry|Iron and Steel|Liquids"", ""Final Energy|Industry|Iron and Steel|Solids""]",10.285919257679735,EJ/yr,14.713596638626818,EJ/yr,100.0,-100.0,baseline_noce,2050.0
baseline_highce_gbl,NDC+LTT,"High CE, EU + partners",e,Global,Iron and steel,2050,"[""AFE"", ""AFN"", ""AFW"", ""AFZ"", ""ANZ"", ""ASC"", ""ASE"", ""ASO"", ""BRA"", ""CAN"", ""CHL"", ""CHN"", ""ENE"", ""ENW"", ""EUE"", ""EUM"", ""EUW"", ""IDN"", ""IND"", ""JPN"", ""LAM"", ""MDA"", ""MEA"", ""MEX"", ""NIG"", ""RUS"", ""SKT"", ""USA""]",highce_gbl,5,future,H–EU+,Final energy,Electricity,5.941673317827841,EJ/yr,plotted,"[""Final Energy|Industry|Iron and Steel|Electricity""]",5.941673317827841,EJ/yr,,,1.0,0.0,,
baseline_highce_gbl,NDC+LTT,"High CE, EU + partners",e,Global,Iron and steel,2050,"[""AFE"", ""AFN"", ""AFW"", ""AFZ"", ""ANZ"", ""ASC"", ""ASE"", ""ASO"", ""BRA"", ""CAN"", ""CHL"", ""CHN"", ""ENE"", ""ENW"", ""EUE"", ""EUM"", ""EUW"", ""IDN"", ""IND"", ""JPN"", ""LAM"", ""MDA"", ""MEA"", ""MEX"", ""NIG"", ""RUS"", ""SKT"", ""USA""]",highce_gbl,5,future,H–EU+,Final energy,Gases,0.18338821725555085,EJ/yr,plotted,"[""Final Energy|Industry|Iron and Steel|Gases""]",0.18338821725555085,EJ/yr,,,1.0,0.0,,
baseline_highce_gbl,NDC+LTT,"High CE, EU + partners",e,Global,Iron and steel,2050,"[""AFE"", ""AFN"", ""AFW"", ""AFZ"", ""ANZ"", ""ASC"", ""ASE"", ""ASO"", ""BRA"", ""CAN"", ""CHL"", ""CHN"", ""ENE"", ""ENW"", ""EUE"", ""EUM"", ""EUW"", ""IDN"", ""IND"", ""JPN"", ""LAM"", ""MDA"", ""MEA"", ""MEX"", ""NIG"", ""RUS"", ""SKT"", ""USA""]",highce_gbl,5,future,H–EU+,Final energy,Hydrogen,0.9204594576478771,EJ/yr,plotted,"[""Final Energy|Industry|Iron and Steel|Hydrogen""]",0.9204594576478771,EJ/yr,,,1.0,0.0,,
baseline_highce_gbl,NDC+LTT,"High CE, EU + partners",e,Global,Iron and steel,2050,"[""AFE"", ""AFN"", ""AFW"", ""AFZ"", ""ANZ"", ""ASC"", ""ASE"", ""ASO"", ""BRA"", ""CAN"", ""CHL"", ""CHN"", ""ENE"", ""ENW"", ""EUE"", ""EUM"", ""EUW"", ""IDN"", ""IND"", ""JPN"", ""LAM"", ""MDA"", ""MEA"", ""MEX"", ""NIG"", ""RUS"", ""SKT"", ""USA""]",highce_gbl,5,future,H–EU+,Final energy,Liquids,0.0,EJ/yr,plotted,"[""Final Energy|Industry|Iron and Steel|Liquids""]",0.0,EJ/yr,,,1.0,0.0,,
baseline_highce_gbl,NDC+LTT,"High CE, EU + partners",e,Global,Iron and steel,2050,"[""AFE"", ""AFN"", ""AFW"", ""AFZ"", ""ANZ"", ""ASC"", ""ASE"", ""ASO"", ""BRA"", ""CAN"", ""CHL"", ""CHN"", ""ENE"", ""ENW"", ""EUE"", ""EUM"", ""EUW"", ""IDN"", ""IND"", ""JPN"", ""LAM"", ""MDA"", ""MEA"", ""MEX"", ""NIG"", ""RUS"", ""SKT"", ""USA""]",highce_gbl,5,future,H–EU+,Final energy,Solids,0.20320311458472304,EJ/yr,plotted,"[""Final Energy|Industry|Iron and Steel|Solids""]",0.20320311458472304,EJ/yr,,,1.0,0.0,,
baseline_highce_gbl,NDC+LTT,"High CE, EU + partners",e,Global,Iron and steel,2050,"[""AFE"", ""AFN"", ""AFW"", ""AFZ"", ""ANZ"", ""ASC"", ""ASE"", ""ASO"", ""BRA"", ""CAN"", ""CHL"", ""CHN"", ""ENE"", ""ENW"", ""EUE"", ""EUM"", ""EUW"", ""IDN"", ""IND"", ""JPN"", ""LAM"", ""MDA"", ""MEA"", ""MEX"", ""NIG"", ""RUS"", ""SKT"", ""USA""]",highce_gbl,5,future,H–EU+,Final energy,Total,7.248724107315993,EJ/yr,context,"[""Final Energy|Industry|Iron and Steel|Electricity"", ""Final Energy|Industry|Iron and Steel|Gases"", ""Final Energy|Industry|Iron and Steel|Hydrogen"", ""Final Energy|Industry|Iron and Steel|Liquids"", ""Final Energy|Industry|Iron and Steel|Solids""]",7.248724107315993,EJ/yr,,,1.0,0.0,,
baseline_highce_gbl,NDC+LTT,"High CE, EU + partners",e,Global,Iron and steel,2050,"[""AFE"", ""AFN"", ""AFW"", ""AFZ"", ""ANZ"", ""ASC"", ""ASE"", ""ASO"", ""BRA"", ""CAN"", ""CHL"", ""CHN"", ""ENE"", ""ENW"", ""EUE"", ""EUM"", ""EUW"", ""IDN"", ""IND"", ""JPN"", ""LAM"", ""MDA"", ""MEA"", ""MEX"", ""NIG"", ""RUS"", ""SKT"", ""USA""]",highce_gbl,5,future,H–EU+,Final energy change from no CE,Total,-50.734519333727654,%,context,"[""Final Energy|Industry|Iron and Steel|Electricity"", ""Final Energy|Industry|Iron and Steel|Gases"", ""Final Energy|Industry|Iron and Steel|Hydrogen"", ""Final Energy|Industry|Iron and Steel|Liquids"", ""Final Energy|Industry|Iron and Steel|Solids""]",7.248724107315993,EJ/yr,14.713596638626818,EJ/yr,100.0,-100.0,baseline_noce,2050.0
baseline_noce,NDC+LTT,No CE,f,Global,Aluminium,2019,"[""AFE"", ""AFN"", ""AFW"", ""AFZ"", ""ANZ"", ""ASC"", ""ASE"", ""ASO"", ""BRA"", ""CAN"", ""CHL"", ""CHN"", ""ENE"", ""ENW"", ""EUE"", ""EUM"", ""EUW"", ""IDN"", ""IND"", ""JPN"", ""LAM"", ""MDA"", ""MEA"", ""MEX"", ""NIG"", ""RUS"", ""SKT"", ""USA""]",noce,0,historical,2019,Final energy,Electricity,3.4030921983279416,EJ/yr,plotted,"[""Final Energy|Industry|Non-Ferrous Metals|Aluminum|Electricity""]",3.4030921983279416,EJ/yr,,,1.0,0.0,,
baseline_noce,NDC+LTT,No CE,f,Global,Aluminium,2019,"[""AFE"", ""AFN"", ""AFW"", ""AFZ"", ""ANZ"", ""ASC"", ""ASE"", ""ASO"", ""BRA"", ""CAN"", ""CHL"", ""CHN"", ""ENE"", ""ENW"", ""EUE"", ""EUM"", ""EUW"", ""IDN"", ""IND"", ""JPN"", ""LAM"", ""MDA"", ""MEA"", ""MEX"", ""NIG"", ""RUS"", ""SKT"", ""USA""]",noce,0,historical,2019,Final energy,Gases,0.49666926405350864,EJ/yr,plotted,"[""Final Energy|Industry|Non-Ferrous Metals|Aluminum|Gases""]",0.49666926405350864,EJ/yr,,,1.0,0.0,,
baseline_noce,NDC+LTT,No CE,f,Global,Aluminium,2019,"[""AFE"", ""AFN"", ""AFW"", ""AFZ"", ""ANZ"", ""ASC"", ""ASE"", ""ASO"", ""BRA"", ""CAN"", ""CHL"", ""CHN"", ""ENE"", ""ENW"", ""EUE"", ""EUM"", ""EUW"", ""IDN"", ""IND"", ""JPN"", ""LAM"", ""MDA"", ""MEA"", ""MEX"", ""NIG"", ""RUS"", ""SKT"", ""USA""]",noce,0,historical,2019,Final energy,Hydrogen,0.0,EJ/yr,plotted,"[""Final Energy|Industry|Non-Ferrous Metals|Aluminum|Hydrogen""]",0.0,EJ/yr,,,1.0,0.0,,
baseline_noce,NDC+LTT,No CE,f,Global,Aluminium,2019,"[""AFE"", ""AFN"", ""AFW"", ""AFZ"", ""ANZ"", ""ASC"", ""ASE"", ""ASO"", ""BRA"", ""CAN"", ""CHL"", ""CHN"", ""ENE"", ""ENW"", ""EUE"", ""EUM"", ""EUW"", ""IDN"", ""IND"", ""JPN"", ""LAM"", ""MDA"", ""MEA"", ""MEX"", ""NIG"", ""RUS"", ""SKT"", ""USA""]",noce,0,historical,2019,Final energy,Liquids,0.08640766076555549,EJ/yr,plotted,"[""Final Energy|Industry|Non-Ferrous Metals|Aluminum|Liquids""]",0.08640766076555549,EJ/yr,,,1.0,0.0,,
baseline_noce,NDC+LTT,No CE,f,Global,Aluminium,2019,"[""AFE"", ""AFN"", ""AFW"", ""AFZ"", ""ANZ"", ""ASC"", ""ASE"", ""ASO"", ""BRA"", ""CAN"", ""CHL"", ""CHN"", ""ENE"", ""ENW"", ""EUE"", ""EUM"", ""EUW"", ""IDN"", ""IND"", ""JPN"", ""LAM"", ""MDA"", ""MEA"", ""MEX"", ""NIG"", ""RUS"", ""SKT"", ""USA""]",noce,0,historical,2019,Final energy,Solids,0.6947787453102924,EJ/yr,plotted,"[""Final Energy|Industry|Non-Ferrous Metals|Aluminum|Solids""]",0.6947787453102924,EJ/yr,,,1.0,0.0,,
baseline_noce,NDC+LTT,No CE,f,Global,Aluminium,2019,"[""AFE"", ""AFN"", ""AFW"", ""AFZ"", ""ANZ"", ""ASC"", ""ASE"", ""ASO"", ""BRA"", ""CAN"", ""CHL"", ""CHN"", ""ENE"", ""ENW"", ""EUE"", ""EUM"", ""EUW"", ""IDN"", ""IND"", ""JPN"", ""LAM"", ""MDA"", ""MEA"", ""MEX"", ""NIG"", ""RUS"", ""SKT"", ""USA""]",noce,0,historical,2019,Final energy,Total,4.680947868457298,EJ/yr,context,"[""Final Energy|Industry|Non-Ferrous Metals|Aluminum|Electricity"", ""Final Energy|Industry|Non-Ferrous Metals|Aluminum|Gases"", ""Final Energy|Industry|Non-Ferrous Metals|Aluminum|Hydrogen"", ""Final Energy|Industry|Non-Ferrous Metals|Aluminum|Liquids"", ""Final Energy|Industry|Non-Ferrous Metals|Aluminum|Solids""]",4.680947868457298,EJ/yr,,,1.0,0.0,,
baseline_noce,NDC+LTT,No CE,f,Global,Aluminium,2050,"[""AFE"", ""AFN"", ""AFW"", ""AFZ"", ""ANZ"", ""ASC"", ""ASE"", ""ASO"", ""BRA"", ""CAN"", ""CHL"", ""CHN"", ""ENE"", ""ENW"", ""EUE"", ""EUM"", ""EUW"", ""IDN"", ""IND"", ""JPN"", ""LAM"", ""MDA"", ""MEA"", ""MEX"", ""NIG"", ""RUS"", ""SKT"", ""USA""]",noce,1,future,No CE,Final energy,Electricity,4.386633712430457,EJ/yr,plotted,"[""Final Energy|Industry|Non-Ferrous Metals|Aluminum|Electricity""]",4.386633712430457,EJ/yr,,,1.0,0.0,,
baseline_noce,NDC+LTT,No CE,f,Global,Aluminium,2050,"[""AFE"", ""AFN"", ""AFW"", ""AFZ"", ""ANZ"", ""ASC"", ""ASE"", ""ASO"", ""BRA"", ""CAN"", ""CHL"", ""CHN"", ""ENE"", ""ENW"", ""EUE"", ""EUM"", ""EUW"", ""IDN"", ""IND"", ""JPN"", ""LAM"", ""MDA"", ""MEA"", ""MEX"", ""NIG"", ""RUS"", ""SKT"", ""USA""]",noce,1,future,No CE,Final energy,Gases,0.4626941687174066,EJ/yr,plotted,"[""Final Energy|Industry|Non-Ferrous Metals|Aluminum|Gases""]",0.4626941687174066,EJ/yr,,,1.0,0.0,,
baseline_noce,NDC+LTT,No CE,f,Global,Aluminium,2050,"[""AFE"", ""AFN"", ""AFW"", ""AFZ"", ""ANZ"", ""ASC"", ""ASE"", ""ASO"", ""BRA"", ""CAN"", ""CHL"", ""CHN"", ""ENE"", ""ENW"", ""EUE"", ""EUM"", ""EUW"", ""IDN"", ""IND"", ""JPN"", ""LAM"", ""MDA"", ""MEA"", ""MEX"", ""NIG"", ""RUS"", ""SKT"", ""USA""]",noce,1,future,No CE,Final energy,Hydrogen,0.29749364827974933,EJ/yr,plotted,"[""Final Energy|Industry|Non-Ferrous Metals|Aluminum|Hydrogen""]",0.29749364827974933,EJ/yr,,,1.0,0.0,,
baseline_noce,NDC+LTT,No CE,f,Global,Aluminium,2050,"[""AFE"", ""AFN"", ""AFW"", ""AFZ"", ""ANZ"", ""ASC"", ""ASE"", ""ASO"", ""BRA"", ""CAN"", ""CHL"", ""CHN"", ""ENE"", ""ENW"", ""EUE"", ""EUM"", ""EUW"", ""IDN"", ""IND"", ""JPN"", ""LAM"", ""MDA"", ""MEA"", ""MEX"", ""NIG"", ""RUS"", ""SKT"", ""USA""]",noce,1,future,No CE,Final energy,Liquids,0.0,EJ/yr,plotted,"[""Final Energy|Industry|Non-Ferrous Metals|Aluminum|Liquids""]",0.0,EJ/yr,,,1.0,0.0,,
baseline_noce,NDC+LTT,No CE,f,Global,Aluminium,2050,"[""AFE"", ""AFN"", ""AFW"", ""AFZ"", ""ANZ"", ""ASC"", ""ASE"", ""ASO"", ""BRA"", ""CAN"", ""CHL"", ""CHN"", ""ENE"", ""ENW"", ""EUE"", ""EUM"", ""EUW"", ""IDN"", ""IND"", ""JPN"", ""LAM"", ""MDA"", ""MEA"", ""MEX"", ""NIG"", ""RUS"", ""SKT"", ""USA""]",noce,1,future,No CE,Final energy,Solids,0.0,EJ/yr,plotted,"[""Final Energy|Industry|Non-Ferrous Metals|Aluminum|Solids""]",0.0,EJ/yr,,,1.0,0.0,,
baseline_noce,NDC+LTT,No CE,f,Global,Aluminium,2050,"[""AFE"", ""AFN"", ""AFW"", ""AFZ"", ""ANZ"", ""ASC"", ""ASE"", ""ASO"", ""BRA"", ""CAN"", ""CHL"", ""CHN"", ""ENE"", ""ENW"", ""EUE"", ""EUM"", ""EUW"", ""IDN"", ""IND"", ""JPN"", ""LAM"", ""MDA"", ""MEA"", ""MEX"", ""NIG"", ""RUS"", ""SKT"", ""USA""]",noce,1,future,No CE,Final energy,Total,5.146821529427612,EJ/yr,context,"[""Final Energy|Industry|Non-Ferrous Metals|Aluminum|Electricity"", ""Final Energy|Industry|Non-Ferrous Metals|Aluminum|Gases"", ""Final Energy|Industry|Non-Ferrous Metals|Aluminum|Hydrogen"", ""Final Energy|Industry|Non-Ferrous Metals|Aluminum|Liquids"", ""Final Energy|Industry|Non-Ferrous Metals|Aluminum|Solids""]",5.146821529427612,EJ/yr,,,1.0,0.0,,
baseline_noce,NDC+LTT,No CE,f,Global,Aluminium,2050,"[""AFE"", ""AFN"", ""AFW"", ""AFZ"", ""ANZ"", ""ASC"", ""ASE"", ""ASO"", ""BRA"", ""CAN"", ""CHL"", ""CHN"", ""ENE"", ""ENW"", ""EUE"", ""EUM"", ""EUW"", ""IDN"", ""IND"", ""JPN"", ""LAM"", ""MDA"", ""MEA"", ""MEX"", ""NIG"", ""RUS"", ""SKT"", ""USA""]",noce,1,future,No CE,Final energy change from no CE,Total,-1.4210854715202004e-14,%,context,"[""Final Energy|Industry|Non-Ferrous Metals|Aluminum|Electricity"", ""Final Energy|Industry|Non-Ferrous Metals|Aluminum|Gases"", ""Final Energy|Industry|Non-Ferrous Metals|Aluminum|Hydrogen"", ""Final Energy|Industry|Non-Ferrous Metals|Aluminum|Liquids"", ""Final Energy|Industry|Non-Ferrous Metals|Aluminum|Solids""]",5.146821529427612,EJ/yr,5.146821529427612,EJ/yr,100.0,-100.0,baseline_noce,2050.0
baseline_medce_eu,NDC+LTT,"Medium CE, EU",f,Global,Aluminium,2050,"[""AFE"", ""AFN"", ""AFW"", ""AFZ"", ""ANZ"", ""ASC"", ""ASE"", ""ASO"", ""BRA"", ""CAN"", ""CHL"", ""CHN"", ""ENE"", ""ENW"", ""EUE"", ""EUM"", ""EUW"", ""IDN"", ""IND"", ""JPN"", ""LAM"", ""MDA"", ""MEA"", ""MEX"", ""NIG"", ""RUS"", ""SKT"", ""USA""]",medce_eu,2,future,M–EU,Final energy,Electricity,4.278703280264976,EJ/yr,plotted,"[""Final Energy|Industry|Non-Ferrous Metals|Aluminum|Electricity""]",4.278703280264976,EJ/yr,,,1.0,0.0,,
baseline_medce_eu,NDC+LTT,"Medium CE, EU",f,Global,Aluminium,2050,"[""AFE"", ""AFN"", ""AFW"", ""AFZ"", ""ANZ"", ""ASC"", ""ASE"", ""ASO"", ""BRA"", ""CAN"", ""CHL"", ""CHN"", ""ENE"", ""ENW"", ""EUE"", ""EUM"", ""EUW"", ""IDN"", ""IND"", ""JPN"", ""LAM"", ""MDA"", ""MEA"", ""MEX"", ""NIG"", ""RUS"", ""SKT"", ""USA""]",medce_eu,2,future,M–EU,Final energy,Gases,0.5068184092654378,EJ/yr,plotted,"[""Final Energy|Industry|Non-Ferrous Metals|Aluminum|Gases""]",0.5068184092654378,EJ/yr,,,1.0,0.0,,
baseline_medce_eu,NDC+LTT,"Medium CE, EU",f,Global,Aluminium,2050,"[""AFE"", ""AFN"", ""AFW"", ""AFZ"", ""ANZ"", ""ASC"", ""ASE"", ""ASO"", ""BRA"", ""CAN"", ""CHL"", ""CHN"", ""ENE"", ""ENW"", ""EUE"", ""EUM"", ""EUW"", ""IDN"", ""IND"", ""JPN"", ""LAM"", ""MDA"", ""MEA"", ""MEX"", ""NIG"", ""RUS"", ""SKT"", ""USA""]",medce_eu,2,future,M–EU,Final energy,Hydrogen,0.31672949812079243,EJ/yr,plotted,"[""Final Energy|Industry|Non-Ferrous Metals|Aluminum|Hydrogen""]",0.31672949812079243,EJ/yr,,,1.0,0.0,,
baseline_medce_eu,NDC+LTT,"Medium CE, EU",f,Global,Aluminium,2050,"[""AFE"", ""AFN"", ""AFW"", ""AFZ"", ""ANZ"", ""ASC"", ""ASE"", ""ASO"", ""BRA"", ""CAN"", ""CHL"", ""CHN"", ""ENE"", ""ENW"", ""EUE"", ""EUM"", ""EUW"", ""IDN"", ""IND"", ""JPN"", ""LAM"", ""MDA"", ""MEA"", ""MEX"", ""NIG"", ""RUS"", ""SKT"", ""USA""]",medce_eu,2,future,M–EU,Final energy,Liquids,0.0,EJ/yr,plotted,"[""Final Energy|Industry|Non-Ferrous Metals|Aluminum|Liquids""]",0.0,EJ/yr,,,1.0,0.0,,
baseline_medce_eu,NDC+LTT,"Medium CE, EU",f,Global,Aluminium,2050,"[""AFE"", ""AFN"", ""AFW"", ""AFZ"", ""ANZ"", ""ASC"", ""ASE"", ""ASO"", ""BRA"", ""CAN"", ""CHL"", ""CHN"", ""ENE"", ""ENW"", ""EUE"", ""EUM"", ""EUW"", ""IDN"", ""IND"", ""JPN"", ""LAM"", ""MDA"", ""MEA"", ""MEX"", ""NIG"", ""RUS"", ""SKT"", ""USA""]",medce_eu,2,future,M–EU,Final energy,Solids,0.0,EJ/yr,plotted,"[""Final Energy|Industry|Non-Ferrous Metals|Aluminum|Solids""]",0.0,EJ/yr,,,1.0,0.0,,
baseline_medce_eu,NDC+LTT,"Medium CE, EU",f,Global,Aluminium,2050,"[""AFE"", ""AFN"", ""AFW"", ""AFZ"", ""ANZ"", ""ASC"", ""ASE"", ""ASO"", ""BRA"", ""CAN"", ""CHL"", ""CHN"", ""ENE"", ""ENW"", ""EUE"", ""EUM"", ""EUW"", ""IDN"", ""IND"", ""JPN"", ""LAM"", ""MDA"", ""MEA"", ""MEX"", ""NIG"", ""RUS"", ""SKT"", ""USA""]",medce_eu,2,future,M–EU,Final energy,Total,5.1022511876512056,EJ/yr,context,"[""Final Energy|Industry|Non-Ferrous Metals|Aluminum|Electricity"", ""Final Energy|Industry|Non-Ferrous Metals|Aluminum|Gases"", ""Final Energy|Industry|Non-Ferrous Metals|Aluminum|Hydrogen"", ""Final Energy|Industry|Non-Ferrous Metals|Aluminum|Liquids"", ""Final Energy|Industry|Non-Ferrous Metals|Aluminum|Solids""]",5.1022511876512056,EJ/yr,,,1.0,0.0,,
baseline_medce_eu,NDC+LTT,"Medium CE, EU",f,Global,Aluminium,2050,"[""AFE"", ""AFN"", ""AFW"", ""AFZ"", ""ANZ"", ""ASC"", ""ASE"", ""ASO"", ""BRA"", ""CAN"", ""CHL"", ""CHN"", ""ENE"", ""ENW"", ""EUE"", ""EUM"", ""EUW"", ""IDN"", ""IND"", ""JPN"", ""LAM"", ""MDA"", ""MEA"", ""MEX"", ""NIG"", ""RUS"", ""SKT"", ""USA""]",medce_eu,2,future,M–EU,Final energy change from no CE,Total,-0.8659779928557754,%,context,"[""Final Energy|Industry|Non-Ferrous Metals|Aluminum|Electricity"", ""Final Energy|Industry|Non-Ferrous Metals|Aluminum|Gases"", ""Final Energy|Industry|Non-Ferrous Metals|Aluminum|Hydrogen"", ""Final Energy|Industry|Non-Ferrous Metals|Aluminum|Liquids"", ""Final Energy|Industry|Non-Ferrous Metals|Aluminum|Solids""]",5.1022511876512056,EJ/yr,5.146821529427612,EJ/yr,100.0,-100.0,baseline_noce,2050.0
baseline_highce_eu,NDC+LTT,"High CE, EU",f,Global,Aluminium,2050,"[""AFE"", ""AFN"", ""AFW"", ""AFZ"", ""ANZ"", ""ASC"", ""ASE"", ""ASO"", ""BRA"", ""CAN"", ""CHL"", ""CHN"", ""ENE"", ""ENW"", ""EUE"", ""EUM"", ""EUW"", ""IDN"", ""IND"", ""JPN"", ""LAM"", ""MDA"", ""MEA"", ""MEX"", ""NIG"", ""RUS"", ""SKT"", ""USA""]",highce_eu,3,future,H–EU,Final energy,Electricity,4.193318498378529,EJ/yr,plotted,"[""Final Energy|Industry|Non-Ferrous Metals|Aluminum|Electricity""]",4.193318498378529,EJ/yr,,,1.0,0.0,,
baseline_highce_eu,NDC+LTT,"High CE, EU",f,Global,Aluminium,2050,"[""AFE"", ""AFN"", ""AFW"", ""AFZ"", ""ANZ"", ""ASC"", ""ASE"", ""ASO"", ""BRA"", ""CAN"", ""CHL"", ""CHN"", ""ENE"", ""ENW"", ""EUE"", ""EUM"", ""EUW"", ""IDN"", ""IND"", ""JPN"", ""LAM"", ""MDA"", ""MEA"", ""MEX"", ""NIG"", ""RUS"", ""SKT"", ""USA""]",highce_eu,3,future,H–EU,Final energy,Gases,0.50579860699857,EJ/yr,plotted,"[""Final Energy|Industry|Non-Ferrous Metals|Aluminum|Gases""]",0.50579860699857,EJ/yr,,,1.0,0.0,,
baseline_highce_eu,NDC+LTT,"High CE, EU",f,Global,Aluminium,2050,"[""AFE"", ""AFN"", ""AFW"", ""AFZ"", ""ANZ"", ""ASC"", ""ASE"", ""ASO"", ""BRA"", ""CAN"", ""CHL"", ""CHN"", ""ENE"", ""ENW"", ""EUE"", ""EUM"", ""EUW"", ""IDN"", ""IND"", ""JPN"", ""LAM"", ""MDA"", ""MEA"", ""MEX"", ""NIG"", ""RUS"", ""SKT"", ""USA""]",highce_eu,3,future,H–EU,Final energy,Hydrogen,0.3152461349102425,EJ/yr,plotted,"[""Final Energy|Industry|Non-Ferrous Metals|Aluminum|Hydrogen""]",0.3152461349102425,EJ/yr,,,1.0,0.0,,
baseline_highce_eu,NDC+LTT,"High CE, EU",f,Global,Aluminium,2050,"[""AFE"", ""AFN"", ""AFW"", ""AFZ"", ""ANZ"", ""ASC"", ""ASE"", ""ASO"", ""BRA"", ""CAN"", ""CHL"", ""CHN"", ""ENE"", ""ENW"", ""EUE"", ""EUM"", ""EUW"", ""IDN"", ""IND"", ""JPN"", ""LAM"", ""MDA"", ""MEA"", ""MEX"", ""NIG"", ""RUS"", ""SKT"", ""USA""]",highce_eu,3,future,H–EU,Final energy,Liquids,0.0,EJ/yr,plotted,"[""Final Energy|Industry|Non-Ferrous Metals|Aluminum|Liquids""]",0.0,EJ/yr,,,1.0,0.0,,
baseline_highce_eu,NDC+LTT,"High CE, EU",f,Global,Aluminium,2050,"[""AFE"", ""AFN"", ""AFW"", ""AFZ"", ""ANZ"", ""ASC"", ""ASE"", ""ASO"", ""BRA"", ""CAN"", ""CHL"", ""CHN"", ""ENE"", ""ENW"", ""EUE"", ""EUM"", ""EUW"", ""IDN"", ""IND"", ""JPN"", ""LAM"", ""MDA"", ""MEA"", ""MEX"", ""NIG"", ""RUS"", ""SKT"", ""USA""]",highce_eu,3,future,H–EU,Final energy,Solids,0.0,EJ/yr,plotted,"[""Final Energy|Industry|Non-Ferrous Metals|Aluminum|Solids""]",0.0,EJ/yr,,,1.0,0.0,,
baseline_highce_eu,NDC+LTT,"High CE, EU",f,Global,Aluminium,2050,"[""AFE"", ""AFN"", ""AFW"", ""AFZ"", ""ANZ"", ""ASC"", ""ASE"", ""ASO"", ""BRA"", ""CAN"", ""CHL"", ""CHN"", ""ENE"", ""ENW"", ""EUE"", ""EUM"", ""EUW"", ""IDN"", ""IND"", ""JPN"", ""LAM"", ""MDA"", ""MEA"", ""MEX"", ""NIG"", ""RUS"", ""SKT"", ""USA""]",highce_eu,3,future,H–EU,Final energy,Total,5.0143632402873415,EJ/yr,context,"[""Final Energy|Industry|Non-Ferrous Metals|Aluminum|Electricity"", ""Final Energy|Industry|Non-Ferrous Metals|Aluminum|Gases"", ""Final Energy|Industry|Non-Ferrous Metals|Aluminum|Hydrogen"", ""Final Energy|Industry|Non-Ferrous Metals|Aluminum|Liquids"", ""Final Energy|Industry|Non-Ferrous Metals|Aluminum|Solids""]",5.0143632402873415,EJ/yr,,,1.0,0.0,,
baseline_highce_eu,NDC+LTT,"High CE, EU",f,Global,Aluminium,2050,"[""AFE"", ""AFN"", ""AFW"", ""AFZ"", ""ANZ"", ""ASC"", ""ASE"", ""ASO"", ""BRA"", ""CAN"", ""CHL"", ""CHN"", ""ENE"", ""ENW"", ""EUE"", ""EUM"", ""EUW"", ""IDN"", ""IND"", ""JPN"", ""LAM"", ""MDA"", ""MEA"", ""MEX"", ""NIG"", ""RUS"", ""SKT"", ""USA""]",highce_eu,3,future,H–EU,Final energy change from no CE,Total,-2.5735939818958826,%,context,"[""Final Energy|Industry|Non-Ferrous Metals|Aluminum|Electricity"", ""Final Energy|Industry|Non-Ferrous Metals|Aluminum|Gases"", ""Final Energy|Industry|Non-Ferrous Metals|Aluminum|Hydrogen"", ""Final Energy|Industry|Non-Ferrous Metals|Aluminum|Liquids"", ""Final Energy|Industry|Non-Ferrous Metals|Aluminum|Solids""]",5.0143632402873415,EJ/yr,5.146821529427612,EJ/yr,100.0,-100.0,baseline_noce,2050.0
baseline_medce_gbl,NDC+LTT,"Medium CE, EU + partners",f,Global,Aluminium,2050,"[""AFE"", ""AFN"", ""AFW"", ""AFZ"", ""ANZ"", ""ASC"", ""ASE"", ""ASO"", ""BRA"", ""CAN"", ""CHL"", ""CHN"", ""ENE"", ""ENW"", ""EUE"", ""EUM"", ""EUW"", ""IDN"", ""IND"", ""JPN"", ""LAM"", ""MDA"", ""MEA"", ""MEX"", ""NIG"", ""RUS"", ""SKT"", ""USA""]",medce_gbl,4,future,M–EU+,Final energy,Electricity,3.485635606254091,EJ/yr,plotted,"[""Final Energy|Industry|Non-Ferrous Metals|Aluminum|Electricity""]",3.485635606254091,EJ/yr,,,1.0,0.0,,
baseline_medce_gbl,NDC+LTT,"Medium CE, EU + partners",f,Global,Aluminium,2050,"[""AFE"", ""AFN"", ""AFW"", ""AFZ"", ""ANZ"", ""ASC"", ""ASE"", ""ASO"", ""BRA"", ""CAN"", ""CHL"", ""CHN"", ""ENE"", ""ENW"", ""EUE"", ""EUM"", ""EUW"", ""IDN"", ""IND"", ""JPN"", ""LAM"", ""MDA"", ""MEA"", ""MEX"", ""NIG"", ""RUS"", ""SKT"", ""USA""]",medce_gbl,4,future,M–EU+,Final energy,Gases,0.4236173970211182,EJ/yr,plotted,"[""Final Energy|Industry|Non-Ferrous Metals|Aluminum|Gases""]",0.4236173970211182,EJ/yr,,,1.0,0.0,,
baseline_medce_gbl,NDC+LTT,"Medium CE, EU + partners",f,Global,Aluminium,2050,"[""AFE"", ""AFN"", ""AFW"", ""AFZ"", ""ANZ"", ""ASC"", ""ASE"", ""ASO"", ""BRA"", ""CAN"", ""CHL"", ""CHN"", ""ENE"", ""ENW"", ""EUE"", ""EUM"", ""EUW"", ""IDN"", ""IND"", ""JPN"", ""LAM"", ""MDA"", ""MEA"", ""MEX"", ""NIG"", ""RUS"", ""SKT"", ""USA""]",medce_gbl,4,future,M–EU+,Final energy,Hydrogen,0.2655281857706814,EJ/yr,plotted,"[""Final Energy|Industry|Non-Ferrous Metals|Aluminum|Hydrogen""]",0.2655281857706814,EJ/yr,,,1.0,0.0,,
baseline_medce_gbl,NDC+LTT,"Medium CE, EU + partners",f,Global,Aluminium,2050,"[""AFE"", ""AFN"", ""AFW"", ""AFZ"", ""ANZ"", ""ASC"", ""ASE"", ""ASO"", ""BRA"", ""CAN"", ""CHL"", ""CHN"", ""ENE"", ""ENW"", ""EUE"", ""EUM"", ""EUW"", ""IDN"", ""IND"", ""JPN"", ""LAM"", ""MDA"", ""MEA"", ""MEX"", ""NIG"", ""RUS"", ""SKT"", ""USA""]",medce_gbl,4,future,M–EU+,Final energy,Liquids,0.0,EJ/yr,plotted,"[""Final Energy|Industry|Non-Ferrous Metals|Aluminum|Liquids""]",0.0,EJ/yr,,,1.0,0.0,,
baseline_medce_gbl,NDC+LTT,"Medium CE, EU + partners",f,Global,Aluminium,2050,"[""AFE"", ""AFN"", ""AFW"", ""AFZ"", ""ANZ"", ""ASC"", ""ASE"", ""ASO"", ""BRA"", ""CAN"", ""CHL"", ""CHN"", ""ENE"", ""ENW"", ""EUE"", ""EUM"", ""EUW"", ""IDN"", ""IND"", ""JPN"", ""LAM"", ""MDA"", ""MEA"", ""MEX"", ""NIG"", ""RUS"", ""SKT"", ""USA""]",medce_gbl,4,future,M–EU+,Final energy,Solids,0.0,EJ/yr,plotted,"[""Final Energy|Industry|Non-Ferrous Metals|Aluminum|Solids""]",0.0,EJ/yr,,,1.0,0.0,,
baseline_medce_gbl,NDC+LTT,"Medium CE, EU + partners",f,Global,Aluminium,2050,"[""AFE"", ""AFN"", ""AFW"", ""AFZ"", ""ANZ"", ""ASC"", ""ASE"", ""ASO"", ""BRA"", ""CAN"", ""CHL"", ""CHN"", ""ENE"", ""ENW"", ""EUE"", ""EUM"", ""EUW"", ""IDN"", ""IND"", ""JPN"", ""LAM"", ""MDA"", ""MEA"", ""MEX"", ""NIG"", ""RUS"", ""SKT"", ""USA""]",medce_gbl,4,future,M–EU+,Final energy,Total,4.174781189045891,EJ/yr,context,"[""Final Energy|Industry|Non-Ferrous Metals|Aluminum|Electricity"", ""Final Energy|Industry|Non-Ferrous Metals|Aluminum|Gases"", ""Final Energy|Industry|Non-Ferrous Metals|Aluminum|Hydrogen"", ""Final Energy|Industry|Non-Ferrous Metals|Aluminum|Liquids"", ""Final Energy|Industry|Non-Ferrous Metals|Aluminum|Solids""]",4.174781189045891,EJ/yr,,,1.0,0.0,,
baseline_medce_gbl,NDC+LTT,"Medium CE, EU + partners",f,Global,Aluminium,2050,"[""AFE"", ""AFN"", ""AFW"", ""AFZ"", ""ANZ"", ""ASC"", ""ASE"", ""ASO"", ""BRA"", ""CAN"", ""CHL"", ""CHN"", ""ENE"", ""ENW"", ""EUE"", ""EUM"", ""EUW"", ""IDN"", ""IND"", ""JPN"", ""LAM"", ""MDA"", ""MEA"", ""MEX"", ""NIG"", ""RUS"", ""SKT"", ""USA""]",medce_gbl,4,future,M–EU+,Final energy change from no CE,Total,-18.88622589347534,%,context,"[""Final Energy|Industry|Non-Ferrous Metals|Aluminum|Electricity"", ""Final Energy|Industry|Non-Ferrous Metals|Aluminum|Gases"", ""Final Energy|Industry|Non-Ferrous Metals|Aluminum|Hydrogen"", ""Final Energy|Industry|Non-Ferrous Metals|Aluminum|Liquids"", ""Final Energy|Industry|Non-Ferrous Metals|Aluminum|Solids""]",4.174781189045891,EJ/yr,5.146821529427612,EJ/yr,100.0,-100.0,baseline_noce,2050.0
baseline_highce_gbl,NDC+LTT,"High CE, EU + partners",f,Global,Aluminium,2050,"[""AFE"", ""AFN"", ""AFW"", ""AFZ"", ""ANZ"", ""ASC"", ""ASE"", ""ASO"", ""BRA"", ""CAN"", ""CHL"", ""CHN"", ""ENE"", ""ENW"", ""EUE"", ""EUM"", ""EUW"", ""IDN"", ""IND"", ""JPN"", ""LAM"", ""MDA"", ""MEA"", ""MEX"", ""NIG"", ""RUS"", ""SKT"", ""USA""]",highce_gbl,5,future,H–EU+,Final energy,Electricity,2.573504063412131,EJ/yr,plotted,"[""Final Energy|Industry|Non-Ferrous Metals|Aluminum|Electricity""]",2.573504063412131,EJ/yr,,,1.0,0.0,,
baseline_highce_gbl,NDC+LTT,"High CE, EU + partners",f,Global,Aluminium,2050,"[""AFE"", ""AFN"", ""AFW"", ""AFZ"", ""ANZ"", ""ASC"", ""ASE"", ""ASO"", ""BRA"", ""CAN"", ""CHL"", ""CHN"", ""ENE"", ""ENW"", ""EUE"", ""EUM"", ""EUW"", ""IDN"", ""IND"", ""JPN"", ""LAM"", ""MDA"", ""MEA"", ""MEX"", ""NIG"", ""RUS"", ""SKT"", ""USA""]",highce_gbl,5,future,H–EU+,Final energy,Gases,0.41236035805463084,EJ/yr,plotted,"[""Final Energy|Industry|Non-Ferrous Metals|Aluminum|Gases""]",0.41236035805463084,EJ/yr,,,1.0,0.0,,
baseline_highce_gbl,NDC+LTT,"High CE, EU + partners",f,Global,Aluminium,2050,"[""AFE"", ""AFN"", ""AFW"", ""AFZ"", ""ANZ"", ""ASC"", ""ASE"", ""ASO"", ""BRA"", ""CAN"", ""CHL"", ""CHN"", ""ENE"", ""ENW"", ""EUE"", ""EUM"", ""EUW"", ""IDN"", ""IND"", ""JPN"", ""LAM"", ""MDA"", ""MEA"", ""MEX"", ""NIG"", ""RUS"", ""SKT"", ""USA""]",highce_gbl,5,future,H–EU+,Final energy,Hydrogen,0.21750315724099578,EJ/yr,plotted,"[""Final Energy|Industry|Non-Ferrous Metals|Aluminum|Hydrogen""]",0.21750315724099578,EJ/yr,,,1.0,0.0,,
baseline_highce_gbl,NDC+LTT,"High CE, EU + partners",f,Global,Aluminium,2050,"[""AFE"", ""AFN"", ""AFW"", ""AFZ"", ""ANZ"", ""ASC"", ""ASE"", ""ASO"", ""BRA"", ""CAN"", ""CHL"", ""CHN"", ""ENE"", ""ENW"", ""EUE"", ""EUM"", ""EUW"", ""IDN"", ""IND"", ""JPN"", ""LAM"", ""MDA"", ""MEA"", ""MEX"", ""NIG"", ""RUS"", ""SKT"", ""USA""]",highce_gbl,5,future,H–EU+,Final energy,Liquids,0.0,EJ/yr,plotted,"[""Final Energy|Industry|Non-Ferrous Metals|Aluminum|Liquids""]",0.0,EJ/yr,,,1.0,0.0,,
baseline_highce_gbl,NDC+LTT,"High CE, EU + partners",f,Global,Aluminium,2050,"[""AFE"", ""AFN"", ""AFW"", ""AFZ"", ""ANZ"", ""ASC"", ""ASE"", ""ASO"", ""BRA"", ""CAN"", ""CHL"", ""CHN"", ""ENE"", ""ENW"", ""EUE"", ""EUM"", ""EUW"", ""IDN"", ""IND"", ""JPN"", ""LAM"", ""MDA"", ""MEA"", ""MEX"", ""NIG"", ""RUS"", ""SKT"", ""USA""]",highce_gbl,5,future,H–EU+,Final energy,Solids,0.0,EJ/yr,plotted,"[""Final Energy|Industry|Non-Ferrous Metals|Aluminum|Solids""]",0.0,EJ/yr,,,1.0,0.0,,
baseline_highce_gbl,NDC+LTT,"High CE, EU + partners",f,Global,Aluminium,2050,"[""AFE"", ""AFN"", ""AFW"", ""AFZ"", ""ANZ"", ""ASC"", ""ASE"", ""ASO"", ""BRA"", ""CAN"", ""CHL"", ""CHN"", ""ENE"", ""ENW"", ""EUE"", ""EUM"", ""EUW"", ""IDN"", ""IND"", ""JPN"", ""LAM"", ""MDA"", ""MEA"", ""MEX"", ""NIG"", ""RUS"", ""SKT"", ""USA""]",highce_gbl,5,future,H–EU+,Final energy,Total,3.2033675787077573,EJ/yr,context,"[""Final Energy|Industry|Non-Ferrous Metals|Aluminum|Electricity"", ""Final Energy|Industry|Non-Ferrous Metals|Aluminum|Gases"", ""Final Energy|Industry|Non-Ferrous Metals|Aluminum|Hydrogen"", ""Final Energy|Industry|Non-Ferrous Metals|Aluminum|Liquids"", ""Final Energy|Industry|Non-Ferrous Metals|Aluminum|Solids""]",3.2033675787077573,EJ/yr,,,1.0,0.0,,
baseline_highce_gbl,NDC+LTT,"High CE, EU + partners",f,Global,Aluminium,2050,"[""AFE"", ""AFN"", ""AFW"", ""AFZ"", ""ANZ"", ""ASC"", ""ASE"", ""ASO"", ""BRA"", ""CAN"", ""CHL"", ""CHN"", ""ENE"", ""ENW"", ""EUE"", ""EUM"", ""EUW"", ""IDN"", ""IND"", ""JPN"", ""LAM"", ""MDA"", ""MEA"", ""MEX"", ""NIG"", ""RUS"", ""SKT"", ""USA""]",highce_gbl,5,future,H–EU+,Final energy change from no CE,Total,-37.76027475613653,%,context,"[""Final Energy|Industry|Non-Ferrous Metals|Aluminum|Electricity"", ""Final Energy|Industry|Non-Ferrous Metals|Aluminum|Gases"", ""Final Energy|Industry|Non-Ferrous Metals|Aluminum|Hydrogen"", ""Final Energy|Industry|Non-Ferrous Metals|Aluminum|Liquids"", ""Final Energy|Industry|Non-Ferrous Metals|Aluminum|Solids""]",3.2033675787077573,EJ/yr,5.146821529427612,EJ/yr,100.0,-100.0,baseline_noce,2050.0
