Scenario,ClimatePathway,CE,Panel,Scope,Sector,Series,Metric,Policy,Year,Value,Unit,Role,SourceRegions,SourceVariables,Numerator,NumeratorUnit,Denominator,DenominatorUnit,ConversionFactor,Offset,ScenarioCost,ReferenceCost,ReferenceScenario,ReferenceYear
ndc_noce,NDC,No CE,a,Global,Cement,Cement,Annualised sector-cost change,noce,2019,0.0,%,context,"[""AFE"", ""AFN"", ""AFW"", ""AFZ"", ""ANZ"", ""ASC"", ""ASE"", ""ASO"", ""BRA"", ""CAN"", ""CHL"", ""CHN"", ""ENE"", ""ENW"", ""EUE"", ""EUM"", ""EUW"", ""IDN"", ""IND"", ""JPN"", ""LAM"", ""MDA"", ""MEA"", ""MEX"", ""NIG"", ""RUS"", ""SKT"", ""USA""]","[""Total Annualised Cost|Industry|Non-Metallic Minerals|Cement""]",104605.06988172908,Millions USD_2010/yr,104605.06988172908,Millions USD_2010/yr,100.0,-100.0,104605.06988172908,104605.06988172908,ndc_noce,2019
ndc_noce,NDC,No CE,a,Global,Cement,Cement,Annualised sector-cost change,noce,2024,0.0,%,plotted,"[""AFE"", ""AFN"", ""AFW"", ""AFZ"", ""ANZ"", ""ASC"", ""ASE"", ""ASO"", ""BRA"", ""CAN"", ""CHL"", ""CHN"", ""ENE"", ""ENW"", ""EUE"", ""EUM"", ""EUW"", ""IDN"", ""IND"", ""JPN"", ""LAM"", ""MDA"", ""MEA"", ""MEX"", ""NIG"", ""RUS"", ""SKT"", ""USA""]","[""Total Annualised Cost|Industry|Non-Metallic Minerals|Cement""]",178886.34915972987,Millions USD_2010/yr,178886.34915972987,Millions USD_2010/yr,100.0,-100.0,178886.34915972987,178886.34915972987,ndc_noce,2024
ndc_noce,NDC,No CE,a,Global,Cement,Cement,Annualised sector-cost change,noce,2030,0.0,%,plotted,"[""AFE"", ""AFN"", ""AFW"", ""AFZ"", ""ANZ"", ""ASC"", ""ASE"", ""ASO"", ""BRA"", ""CAN"", ""CHL"", ""CHN"", ""ENE"", ""ENW"", ""EUE"", ""EUM"", ""EUW"", ""IDN"", ""IND"", ""JPN"", ""LAM"", ""MDA"", ""MEA"", ""MEX"", ""NIG"", ""RUS"", ""SKT"", ""USA""]","[""Total Annualised Cost|Industry|Non-Metallic Minerals|Cement""]",336613.91294805164,Millions USD_2010/yr,336613.91294805164,Millions USD_2010/yr,100.0,-100.0,336613.91294805164,336613.91294805164,ndc_noce,2030
ndc_noce,NDC,No CE,a,Global,Cement,Cement,Annualised sector-cost change,noce,2035,0.0,%,plotted,"[""AFE"", ""AFN"", ""AFW"", ""AFZ"", ""ANZ"", ""ASC"", ""ASE"", ""ASO"", ""BRA"", ""CAN"", ""CHL"", ""CHN"", ""ENE"", ""ENW"", ""EUE"", ""EUM"", ""EUW"", ""IDN"", ""IND"", ""JPN"", ""LAM"", ""MDA"", ""MEA"", ""MEX"", ""NIG"", ""RUS"", ""SKT"", ""USA""]","[""Total Annualised Cost|Industry|Non-Metallic Minerals|Cement""]",413816.35511015635,Millions USD_2010/yr,413816.35511015635,Millions USD_2010/yr,100.0,-100.0,413816.35511015635,413816.35511015635,ndc_noce,2035
ndc_noce,NDC,No CE,a,Global,Cement,Cement,Annualised sector-cost change,noce,2040,0.0,%,plotted,"[""AFE"", ""AFN"", ""AFW"", ""AFZ"", ""ANZ"", ""ASC"", ""ASE"", ""ASO"", ""BRA"", ""CAN"", ""CHL"", ""CHN"", ""ENE"", ""ENW"", ""EUE"", ""EUM"", ""EUW"", ""IDN"", ""IND"", ""JPN"", ""LAM"", ""MDA"", ""MEA"", ""MEX"", ""NIG"", ""RUS"", ""SKT"", ""USA""]","[""Total Annualised Cost|Industry|Non-Metallic Minerals|Cement""]",544314.6726880135,Millions USD_2010/yr,544314.6726880135,Millions USD_2010/yr,100.0,-100.0,544314.6726880135,544314.6726880135,ndc_noce,2040
ndc_noce,NDC,No CE,a,Global,Cement,Cement,Annualised sector-cost change,noce,2050,0.0,%,plotted,"[""AFE"", ""AFN"", ""AFW"", ""AFZ"", ""ANZ"", ""ASC"", ""ASE"", ""ASO"", ""BRA"", ""CAN"", ""CHL"", ""CHN"", ""ENE"", ""ENW"", ""EUE"", ""EUM"", ""EUW"", ""IDN"", ""IND"", ""JPN"", ""LAM"", ""MDA"", ""MEA"", ""MEX"", ""NIG"", ""RUS"", ""SKT"", ""USA""]","[""Total Annualised Cost|Industry|Non-Metallic Minerals|Cement""]",730664.7060288142,Millions USD_2010/yr,730664.7060288142,Millions USD_2010/yr,100.0,-100.0,730664.7060288142,730664.7060288142,ndc_noce,2050
ndc_medce_eu,NDC,"Medium CE, EU",a,Global,Cement,Cement,Annualised sector-cost change,medce_eu,2019,0.0,%,context,"[""AFE"", ""AFN"", ""AFW"", ""AFZ"", ""ANZ"", ""ASC"", ""ASE"", ""ASO"", ""BRA"", ""CAN"", ""CHL"", ""CHN"", ""ENE"", ""ENW"", ""EUE"", ""EUM"", ""EUW"", ""IDN"", ""IND"", ""JPN"", ""LAM"", ""MDA"", ""MEA"", ""MEX"", ""NIG"", ""RUS"", ""SKT"", ""USA""]","[""Total Annualised Cost|Industry|Non-Metallic Minerals|Cement""]",104605.06988172908,Millions USD_2010/yr,104605.06988172908,Millions USD_2010/yr,100.0,-100.0,104605.06988172908,104605.06988172908,ndc_noce,2019
ndc_medce_eu,NDC,"Medium CE, EU",a,Global,Cement,Cement,Annualised sector-cost change,medce_eu,2024,0.0,%,plotted,"[""AFE"", ""AFN"", ""AFW"", ""AFZ"", ""ANZ"", ""ASC"", ""ASE"", ""ASO"", ""BRA"", ""CAN"", ""CHL"", ""CHN"", ""ENE"", ""ENW"", ""EUE"", ""EUM"", ""EUW"", ""IDN"", ""IND"", ""JPN"", ""LAM"", ""MDA"", ""MEA"", ""MEX"", ""NIG"", ""RUS"", ""SKT"", ""USA""]","[""Total Annualised Cost|Industry|Non-Metallic Minerals|Cement""]",178886.34915972987,Millions USD_2010/yr,178886.34915972987,Millions USD_2010/yr,100.0,-100.0,178886.34915972987,178886.34915972987,ndc_noce,2024
ndc_medce_eu,NDC,"Medium CE, EU",a,Global,Cement,Cement,Annualised sector-cost change,medce_eu,2030,1.8704461289645227,%,plotted,"[""AFE"", ""AFN"", ""AFW"", ""AFZ"", ""ANZ"", ""ASC"", ""ASE"", ""ASO"", ""BRA"", ""CAN"", ""CHL"", ""CHN"", ""ENE"", ""ENW"", ""EUE"", ""EUM"", ""EUW"", ""IDN"", ""IND"", ""JPN"", ""LAM"", ""MDA"", ""MEA"", ""MEX"", ""NIG"", ""RUS"", ""SKT"", ""USA""]","[""Total Annualised Cost|Industry|Non-Metallic Minerals|Cement""]",342910.0948523445,Millions USD_2010/yr,336613.91294805164,Millions USD_2010/yr,100.0,-100.0,342910.0948523445,336613.91294805164,ndc_noce,2030
ndc_medce_eu,NDC,"Medium CE, EU",a,Global,Cement,Cement,Annualised sector-cost change,medce_eu,2035,1.6460014484680863,%,plotted,"[""AFE"", ""AFN"", ""AFW"", ""AFZ"", ""ANZ"", ""ASC"", ""ASE"", ""ASO"", ""BRA"", ""CAN"", ""CHL"", ""CHN"", ""ENE"", ""ENW"", ""EUE"", ""EUM"", ""EUW"", ""IDN"", ""IND"", ""JPN"", ""LAM"", ""MDA"", ""MEA"", ""MEX"", ""NIG"", ""RUS"", ""SKT"", ""USA""]","[""Total Annualised Cost|Industry|Non-Metallic Minerals|Cement""]",420627.77830926736,Millions USD_2010/yr,413816.35511015635,Millions USD_2010/yr,100.0,-100.0,420627.77830926736,413816.35511015635,ndc_noce,2035
ndc_medce_eu,NDC,"Medium CE, EU",a,Global,Cement,Cement,Annualised sector-cost change,medce_eu,2040,1.600238720504688,%,plotted,"[""AFE"", ""AFN"", ""AFW"", ""AFZ"", ""ANZ"", ""ASC"", ""ASE"", ""ASO"", ""BRA"", ""CAN"", ""CHL"", ""CHN"", ""ENE"", ""ENW"", ""EUE"", ""EUM"", ""EUW"", ""IDN"", ""IND"", ""JPN"", ""LAM"", ""MDA"", ""MEA"", ""MEX"", ""NIG"", ""RUS"", ""SKT"", ""USA""]","[""Total Annualised Cost|Industry|Non-Metallic Minerals|Cement""]",553025.0068417555,Millions USD_2010/yr,544314.6726880135,Millions USD_2010/yr,100.0,-100.0,553025.0068417555,544314.6726880135,ndc_noce,2040
ndc_medce_eu,NDC,"Medium CE, EU",a,Global,Cement,Cement,Annualised sector-cost change,medce_eu,2050,0.8421181614638942,%,plotted,"[""AFE"", ""AFN"", ""AFW"", ""AFZ"", ""ANZ"", ""ASC"", ""ASE"", ""ASO"", ""BRA"", ""CAN"", ""CHL"", ""CHN"", ""ENE"", ""ENW"", ""EUE"", ""EUM"", ""EUW"", ""IDN"", ""IND"", ""JPN"", ""LAM"", ""MDA"", ""MEA"", ""MEX"", ""NIG"", ""RUS"", ""SKT"", ""USA""]","[""Total Annualised Cost|Industry|Non-Metallic Minerals|Cement""]",736817.7662176896,Millions USD_2010/yr,730664.7060288142,Millions USD_2010/yr,100.0,-100.0,736817.7662176896,730664.7060288142,ndc_noce,2050
ndc_highce_eu,NDC,"High CE, EU",a,Global,Cement,Cement,Annualised sector-cost change,highce_eu,2019,0.0,%,context,"[""AFE"", ""AFN"", ""AFW"", ""AFZ"", ""ANZ"", ""ASC"", ""ASE"", ""ASO"", ""BRA"", ""CAN"", ""CHL"", ""CHN"", ""ENE"", ""ENW"", ""EUE"", ""EUM"", ""EUW"", ""IDN"", ""IND"", ""JPN"", ""LAM"", ""MDA"", ""MEA"", ""MEX"", ""NIG"", ""RUS"", ""SKT"", ""USA""]","[""Total Annualised Cost|Industry|Non-Metallic Minerals|Cement""]",104605.06988172908,Millions USD_2010/yr,104605.06988172908,Millions USD_2010/yr,100.0,-100.0,104605.06988172908,104605.06988172908,ndc_noce,2019
ndc_highce_eu,NDC,"High CE, EU",a,Global,Cement,Cement,Annualised sector-cost change,highce_eu,2024,0.0,%,plotted,"[""AFE"", ""AFN"", ""AFW"", ""AFZ"", ""ANZ"", ""ASC"", ""ASE"", ""ASO"", ""BRA"", ""CAN"", ""CHL"", ""CHN"", ""ENE"", ""ENW"", ""EUE"", ""EUM"", ""EUW"", ""IDN"", ""IND"", ""JPN"", ""LAM"", ""MDA"", ""MEA"", ""MEX"", ""NIG"", ""RUS"", ""SKT"", ""USA""]","[""Total Annualised Cost|Industry|Non-Metallic Minerals|Cement""]",178886.34915972987,Millions USD_2010/yr,178886.34915972987,Millions USD_2010/yr,100.0,-100.0,178886.34915972987,178886.34915972987,ndc_noce,2024
ndc_highce_eu,NDC,"High CE, EU",a,Global,Cement,Cement,Annualised sector-cost change,highce_eu,2030,1.6056686717694617,%,plotted,"[""AFE"", ""AFN"", ""AFW"", ""AFZ"", ""ANZ"", ""ASC"", ""ASE"", ""ASO"", ""BRA"", ""CAN"", ""CHL"", ""CHN"", ""ENE"", ""ENW"", ""EUE"", ""EUM"", ""EUW"", ""IDN"", ""IND"", ""JPN"", ""LAM"", ""MDA"", ""MEA"", ""MEX"", ""NIG"", ""RUS"", ""SKT"", ""USA""]","[""Total Annualised Cost|Industry|Non-Metallic Minerals|Cement""]",342018.81709307584,Millions USD_2010/yr,336613.91294805164,Millions USD_2010/yr,100.0,-100.0,342018.81709307584,336613.91294805164,ndc_noce,2030
ndc_highce_eu,NDC,"High CE, EU",a,Global,Cement,Cement,Annualised sector-cost change,highce_eu,2035,1.3122483483957679,%,plotted,"[""AFE"", ""AFN"", ""AFW"", ""AFZ"", ""ANZ"", ""ASC"", ""ASE"", ""ASO"", ""BRA"", ""CAN"", ""CHL"", ""CHN"", ""ENE"", ""ENW"", ""EUE"", ""EUM"", ""EUW"", ""IDN"", ""IND"", ""JPN"", ""LAM"", ""MDA"", ""MEA"", ""MEX"", ""NIG"", ""RUS"", ""SKT"", ""USA""]","[""Total Annualised Cost|Industry|Non-Metallic Minerals|Cement""]",419246.65339548094,Millions USD_2010/yr,413816.35511015635,Millions USD_2010/yr,100.0,-100.0,419246.65339548094,413816.35511015635,ndc_noce,2035
ndc_highce_eu,NDC,"High CE, EU",a,Global,Cement,Cement,Annualised sector-cost change,highce_eu,2040,1.2780603439029303,%,plotted,"[""AFE"", ""AFN"", ""AFW"", ""AFZ"", ""ANZ"", ""ASC"", ""ASE"", ""ASO"", ""BRA"", ""CAN"", ""CHL"", ""CHN"", ""ENE"", ""ENW"", ""EUE"", ""EUM"", ""EUW"", ""IDN"", ""IND"", ""JPN"", ""LAM"", ""MDA"", ""MEA"", ""MEX"", ""NIG"", ""RUS"", ""SKT"", ""USA""]","[""Total Annualised Cost|Industry|Non-Metallic Minerals|Cement""]",551271.3426656841,Millions USD_2010/yr,544314.6726880135,Millions USD_2010/yr,100.0,-100.0,551271.3426656841,544314.6726880135,ndc_noce,2040
ndc_highce_eu,NDC,"High CE, EU",a,Global,Cement,Cement,Annualised sector-cost change,highce_eu,2050,0.47823374730917606,%,plotted,"[""AFE"", ""AFN"", ""AFW"", ""AFZ"", ""ANZ"", ""ASC"", ""ASE"", ""ASO"", ""BRA"", ""CAN"", ""CHL"", ""CHN"", ""ENE"", ""ENW"", ""EUE"", ""EUM"", ""EUW"", ""IDN"", ""IND"", ""JPN"", ""LAM"", ""MDA"", ""MEA"", ""MEX"", ""NIG"", ""RUS"", ""SKT"", ""USA""]","[""Total Annualised Cost|Industry|Non-Metallic Minerals|Cement""]",734158.9912327214,Millions USD_2010/yr,730664.7060288142,Millions USD_2010/yr,100.0,-100.0,734158.9912327214,730664.7060288142,ndc_noce,2050
ndc_medce_gbl,NDC,"Medium CE, EU + partners",a,Global,Cement,Cement,Annualised sector-cost change,medce_gbl,2019,0.0,%,context,"[""AFE"", ""AFN"", ""AFW"", ""AFZ"", ""ANZ"", ""ASC"", ""ASE"", ""ASO"", ""BRA"", ""CAN"", ""CHL"", ""CHN"", ""ENE"", ""ENW"", ""EUE"", ""EUM"", ""EUW"", ""IDN"", ""IND"", ""JPN"", ""LAM"", ""MDA"", ""MEA"", ""MEX"", ""NIG"", ""RUS"", ""SKT"", ""USA""]","[""Total Annualised Cost|Industry|Non-Metallic Minerals|Cement""]",104605.06988172908,Millions USD_2010/yr,104605.06988172908,Millions USD_2010/yr,100.0,-100.0,104605.06988172908,104605.06988172908,ndc_noce,2019
ndc_medce_gbl,NDC,"Medium CE, EU + partners",a,Global,Cement,Cement,Annualised sector-cost change,medce_gbl,2024,0.0,%,plotted,"[""AFE"", ""AFN"", ""AFW"", ""AFZ"", ""ANZ"", ""ASC"", ""ASE"", ""ASO"", ""BRA"", ""CAN"", ""CHL"", ""CHN"", ""ENE"", ""ENW"", ""EUE"", ""EUM"", ""EUW"", ""IDN"", ""IND"", ""JPN"", ""LAM"", ""MDA"", ""MEA"", ""MEX"", ""NIG"", ""RUS"", ""SKT"", ""USA""]","[""Total Annualised Cost|Industry|Non-Metallic Minerals|Cement""]",178886.34915972987,Millions USD_2010/yr,178886.34915972987,Millions USD_2010/yr,100.0,-100.0,178886.34915972987,178886.34915972987,ndc_noce,2024
ndc_medce_gbl,NDC,"Medium CE, EU + partners",a,Global,Cement,Cement,Annualised sector-cost change,medce_gbl,2030,-7.127391933685044,%,plotted,"[""AFE"", ""AFN"", ""AFW"", ""AFZ"", ""ANZ"", ""ASC"", ""ASE"", ""ASO"", ""BRA"", ""CAN"", ""CHL"", ""CHN"", ""ENE"", ""ENW"", ""EUE"", ""EUM"", ""EUW"", ""IDN"", ""IND"", ""JPN"", ""LAM"", ""MDA"", ""MEA"", ""MEX"", ""NIG"", ""RUS"", ""SKT"", ""USA""]","[""Total Annualised Cost|Industry|Non-Metallic Minerals|Cement""]",312622.1200689306,Millions USD_2010/yr,336613.91294805164,Millions USD_2010/yr,100.0,-100.0,312622.1200689306,336613.91294805164,ndc_noce,2030
ndc_medce_gbl,NDC,"Medium CE, EU + partners",a,Global,Cement,Cement,Annualised sector-cost change,medce_gbl,2035,-7.682185094373284,%,plotted,"[""AFE"", ""AFN"", ""AFW"", ""AFZ"", ""ANZ"", ""ASC"", ""ASE"", ""ASO"", ""BRA"", ""CAN"", ""CHL"", ""CHN"", ""ENE"", ""ENW"", ""EUE"", ""EUM"", ""EUW"", ""IDN"", ""IND"", ""JPN"", ""LAM"", ""MDA"", ""MEA"", ""MEX"", ""NIG"", ""RUS"", ""SKT"", ""USA""]","[""Total Annualised Cost|Industry|Non-Metallic Minerals|Cement""]",382026.2167598051,Millions USD_2010/yr,413816.35511015635,Millions USD_2010/yr,100.0,-100.0,382026.2167598051,413816.35511015635,ndc_noce,2035
ndc_medce_gbl,NDC,"Medium CE, EU + partners",a,Global,Cement,Cement,Annualised sector-cost change,medce_gbl,2040,-9.217212599575495,%,plotted,"[""AFE"", ""AFN"", ""AFW"", ""AFZ"", ""ANZ"", ""ASC"", ""ASE"", ""ASO"", ""BRA"", ""CAN"", ""CHL"", ""CHN"", ""ENE"", ""ENW"", ""EUE"", ""EUM"", ""EUW"", ""IDN"", ""IND"", ""JPN"", ""LAM"", ""MDA"", ""MEA"", ""MEX"", ""NIG"", ""RUS"", ""SKT"", ""USA""]","[""Total Annualised Cost|Industry|Non-Metallic Minerals|Cement""]",494144.0320956758,Millions USD_2010/yr,544314.6726880135,Millions USD_2010/yr,100.0,-100.0,494144.0320956758,544314.6726880135,ndc_noce,2040
ndc_medce_gbl,NDC,"Medium CE, EU + partners",a,Global,Cement,Cement,Annualised sector-cost change,medce_gbl,2050,-9.750247411711992,%,plotted,"[""AFE"", ""AFN"", ""AFW"", ""AFZ"", ""ANZ"", ""ASC"", ""ASE"", ""ASO"", ""BRA"", ""CAN"", ""CHL"", ""CHN"", ""ENE"", ""ENW"", ""EUE"", ""EUM"", ""EUW"", ""IDN"", ""IND"", ""JPN"", ""LAM"", ""MDA"", ""MEA"", ""MEX"", ""NIG"", ""RUS"", ""SKT"", ""USA""]","[""Total Annualised Cost|Industry|Non-Metallic Minerals|Cement""]",659423.0894409467,Millions USD_2010/yr,730664.7060288142,Millions USD_2010/yr,100.0,-100.0,659423.0894409467,730664.7060288142,ndc_noce,2050
ndc_highce_gbl,NDC,"High CE, EU + partners",a,Global,Cement,Cement,Annualised sector-cost change,highce_gbl,2019,0.0,%,context,"[""AFE"", ""AFN"", ""AFW"", ""AFZ"", ""ANZ"", ""ASC"", ""ASE"", ""ASO"", ""BRA"", ""CAN"", ""CHL"", ""CHN"", ""ENE"", ""ENW"", ""EUE"", ""EUM"", ""EUW"", ""IDN"", ""IND"", ""JPN"", ""LAM"", ""MDA"", ""MEA"", ""MEX"", ""NIG"", ""RUS"", ""SKT"", ""USA""]","[""Total Annualised Cost|Industry|Non-Metallic Minerals|Cement""]",104605.06988172908,Millions USD_2010/yr,104605.06988172908,Millions USD_2010/yr,100.0,-100.0,104605.06988172908,104605.06988172908,ndc_noce,2019
ndc_highce_gbl,NDC,"High CE, EU + partners",a,Global,Cement,Cement,Annualised sector-cost change,highce_gbl,2024,0.0,%,plotted,"[""AFE"", ""AFN"", ""AFW"", ""AFZ"", ""ANZ"", ""ASC"", ""ASE"", ""ASO"", ""BRA"", ""CAN"", ""CHL"", ""CHN"", ""ENE"", ""ENW"", ""EUE"", ""EUM"", ""EUW"", ""IDN"", ""IND"", ""JPN"", ""LAM"", ""MDA"", ""MEA"", ""MEX"", ""NIG"", ""RUS"", ""SKT"", ""USA""]","[""Total Annualised Cost|Industry|Non-Metallic Minerals|Cement""]",178886.34915972987,Millions USD_2010/yr,178886.34915972987,Millions USD_2010/yr,100.0,-100.0,178886.34915972987,178886.34915972987,ndc_noce,2024
ndc_highce_gbl,NDC,"High CE, EU + partners",a,Global,Cement,Cement,Annualised sector-cost change,highce_gbl,2030,-10.643043706581436,%,plotted,"[""AFE"", ""AFN"", ""AFW"", ""AFZ"", ""ANZ"", ""ASC"", ""ASE"", ""ASO"", ""BRA"", ""CAN"", ""CHL"", ""CHN"", ""ENE"", ""ENW"", ""EUE"", ""EUM"", ""EUW"", ""IDN"", ""IND"", ""JPN"", ""LAM"", ""MDA"", ""MEA"", ""MEX"", ""NIG"", ""RUS"", ""SKT"", ""USA""]","[""Total Annualised Cost|Industry|Non-Metallic Minerals|Cement""]",300787.9470705565,Millions USD_2010/yr,336613.91294805164,Millions USD_2010/yr,100.0,-100.0,300787.9470705565,336613.91294805164,ndc_noce,2030
ndc_highce_gbl,NDC,"High CE, EU + partners",a,Global,Cement,Cement,Annualised sector-cost change,highce_gbl,2035,-11.892658741746878,%,plotted,"[""AFE"", ""AFN"", ""AFW"", ""AFZ"", ""ANZ"", ""ASC"", ""ASE"", ""ASO"", ""BRA"", ""CAN"", ""CHL"", ""CHN"", ""ENE"", ""ENW"", ""EUE"", ""EUM"", ""EUW"", ""IDN"", ""IND"", ""JPN"", ""LAM"", ""MDA"", ""MEA"", ""MEX"", ""NIG"", ""RUS"", ""SKT"", ""USA""]","[""Total Annualised Cost|Industry|Non-Metallic Minerals|Cement""]",364602.58817937004,Millions USD_2010/yr,413816.35511015635,Millions USD_2010/yr,100.0,-100.0,364602.58817937004,413816.35511015635,ndc_noce,2035
ndc_highce_gbl,NDC,"High CE, EU + partners",a,Global,Cement,Cement,Annualised sector-cost change,highce_gbl,2040,-16.629573493724823,%,plotted,"[""AFE"", ""AFN"", ""AFW"", ""AFZ"", ""ANZ"", ""ASC"", ""ASE"", ""ASO"", ""BRA"", ""CAN"", ""CHL"", ""CHN"", ""ENE"", ""ENW"", ""EUE"", ""EUM"", ""EUW"", ""IDN"", ""IND"", ""JPN"", ""LAM"", ""MDA"", ""MEA"", ""MEX"", ""NIG"", ""RUS"", ""SKT"", ""USA""]","[""Total Annualised Cost|Industry|Non-Metallic Minerals|Cement""]",453797.4641562326,Millions USD_2010/yr,544314.6726880135,Millions USD_2010/yr,100.0,-100.0,453797.4641562326,544314.6726880135,ndc_noce,2040
ndc_highce_gbl,NDC,"High CE, EU + partners",a,Global,Cement,Cement,Annualised sector-cost change,highce_gbl,2050,-18.23290913016197,%,plotted,"[""AFE"", ""AFN"", ""AFW"", ""AFZ"", ""ANZ"", ""ASC"", ""ASE"", ""ASO"", ""BRA"", ""CAN"", ""CHL"", ""CHN"", ""ENE"", ""ENW"", ""EUE"", ""EUM"", ""EUW"", ""IDN"", ""IND"", ""JPN"", ""LAM"", ""MDA"", ""MEA"", ""MEX"", ""NIG"", ""RUS"", ""SKT"", ""USA""]","[""Total Annualised Cost|Industry|Non-Metallic Minerals|Cement""]",597443.2741324154,Millions USD_2010/yr,730664.7060288142,Millions USD_2010/yr,100.0,-100.0,597443.2741324154,730664.7060288142,ndc_noce,2050
ndc_noce,NDC,No CE,b,Global,Iron and steel,Iron and steel,Annualised sector-cost change,noce,2019,0.0,%,context,"[""AFE"", ""AFN"", ""AFW"", ""AFZ"", ""ANZ"", ""ASC"", ""ASE"", ""ASO"", ""BRA"", ""CAN"", ""CHL"", ""CHN"", ""ENE"", ""ENW"", ""EUE"", ""EUM"", ""EUW"", ""IDN"", ""IND"", ""JPN"", ""LAM"", ""MDA"", ""MEA"", ""MEX"", ""NIG"", ""RUS"", ""SKT"", ""USA""]","[""Total Annualised Cost|Industry|Iron and Steel""]",4959455.128965229,Millions USD_2010/yr,4959455.128965229,Millions USD_2010/yr,100.0,-100.0,4959455.128965229,4959455.128965229,ndc_noce,2019
ndc_noce,NDC,No CE,b,Global,Iron and steel,Iron and steel,Annualised sector-cost change,noce,2024,0.0,%,plotted,"[""AFE"", ""AFN"", ""AFW"", ""AFZ"", ""ANZ"", ""ASC"", ""ASE"", ""ASO"", ""BRA"", ""CAN"", ""CHL"", ""CHN"", ""ENE"", ""ENW"", ""EUE"", ""EUM"", ""EUW"", ""IDN"", ""IND"", ""JPN"", ""LAM"", ""MDA"", ""MEA"", ""MEX"", ""NIG"", ""RUS"", ""SKT"", ""USA""]","[""Total Annualised Cost|Industry|Iron and Steel""]",201938.09721133878,Millions USD_2010/yr,201938.09721133878,Millions USD_2010/yr,100.0,-100.0,201938.09721133878,201938.09721133878,ndc_noce,2024
ndc_noce,NDC,No CE,b,Global,Iron and steel,Iron and steel,Annualised sector-cost change,noce,2030,0.0,%,plotted,"[""AFE"", ""AFN"", ""AFW"", ""AFZ"", ""ANZ"", ""ASC"", ""ASE"", ""ASO"", ""BRA"", ""CAN"", ""CHL"", ""CHN"", ""ENE"", ""ENW"", ""EUE"", ""EUM"", ""EUW"", ""IDN"", ""IND"", ""JPN"", ""LAM"", ""MDA"", ""MEA"", ""MEX"", ""NIG"", ""RUS"", ""SKT"", ""USA""]","[""Total Annualised Cost|Industry|Iron and Steel""]",313008.43114290875,Millions USD_2010/yr,313008.43114290875,Millions USD_2010/yr,100.0,-100.0,313008.43114290875,313008.43114290875,ndc_noce,2030
ndc_noce,NDC,No CE,b,Global,Iron and steel,Iron and steel,Annualised sector-cost change,noce,2035,0.0,%,plotted,"[""AFE"", ""AFN"", ""AFW"", ""AFZ"", ""ANZ"", ""ASC"", ""ASE"", ""ASO"", ""BRA"", ""CAN"", ""CHL"", ""CHN"", ""ENE"", ""ENW"", ""EUE"", ""EUM"", ""EUW"", ""IDN"", ""IND"", ""JPN"", ""LAM"", ""MDA"", ""MEA"", ""MEX"", ""NIG"", ""RUS"", ""SKT"", ""USA""]","[""Total Annualised Cost|Industry|Iron and Steel""]",309024.3316400723,Millions USD_2010/yr,309024.3316400723,Millions USD_2010/yr,100.0,-100.0,309024.3316400723,309024.3316400723,ndc_noce,2035
ndc_noce,NDC,No CE,b,Global,Iron and steel,Iron and steel,Annualised sector-cost change,noce,2040,0.0,%,plotted,"[""AFE"", ""AFN"", ""AFW"", ""AFZ"", ""ANZ"", ""ASC"", ""ASE"", ""ASO"", ""BRA"", ""CAN"", ""CHL"", ""CHN"", ""ENE"", ""ENW"", ""EUE"", ""EUM"", ""EUW"", ""IDN"", ""IND"", ""JPN"", ""LAM"", ""MDA"", ""MEA"", ""MEX"", ""NIG"", ""RUS"", ""SKT"", ""USA""]","[""Total Annualised Cost|Industry|Iron and Steel""]",378692.134370259,Millions USD_2010/yr,378692.134370259,Millions USD_2010/yr,100.0,-100.0,378692.134370259,378692.134370259,ndc_noce,2040
ndc_noce,NDC,No CE,b,Global,Iron and steel,Iron and steel,Annualised sector-cost change,noce,2050,0.0,%,plotted,"[""AFE"", ""AFN"", ""AFW"", ""AFZ"", ""ANZ"", ""ASC"", ""ASE"", ""ASO"", ""BRA"", ""CAN"", ""CHL"", ""CHN"", ""ENE"", ""ENW"", ""EUE"", ""EUM"", ""EUW"", ""IDN"", ""IND"", ""JPN"", ""LAM"", ""MDA"", ""MEA"", ""MEX"", ""NIG"", ""RUS"", ""SKT"", ""USA""]","[""Total Annualised Cost|Industry|Iron and Steel""]",525384.2355289025,Millions USD_2010/yr,525384.2355289025,Millions USD_2010/yr,100.0,-100.0,525384.2355289025,525384.2355289025,ndc_noce,2050
ndc_medce_eu,NDC,"Medium CE, EU",b,Global,Iron and steel,Iron and steel,Annualised sector-cost change,medce_eu,2019,0.0,%,context,"[""AFE"", ""AFN"", ""AFW"", ""AFZ"", ""ANZ"", ""ASC"", ""ASE"", ""ASO"", ""BRA"", ""CAN"", ""CHL"", ""CHN"", ""ENE"", ""ENW"", ""EUE"", ""EUM"", ""EUW"", ""IDN"", ""IND"", ""JPN"", ""LAM"", ""MDA"", ""MEA"", ""MEX"", ""NIG"", ""RUS"", ""SKT"", ""USA""]","[""Total Annualised Cost|Industry|Iron and Steel""]",4959455.128965229,Millions USD_2010/yr,4959455.128965229,Millions USD_2010/yr,100.0,-100.0,4959455.128965229,4959455.128965229,ndc_noce,2019
ndc_medce_eu,NDC,"Medium CE, EU",b,Global,Iron and steel,Iron and steel,Annualised sector-cost change,medce_eu,2024,0.0,%,plotted,"[""AFE"", ""AFN"", ""AFW"", ""AFZ"", ""ANZ"", ""ASC"", ""ASE"", ""ASO"", ""BRA"", ""CAN"", ""CHL"", ""CHN"", ""ENE"", ""ENW"", ""EUE"", ""EUM"", ""EUW"", ""IDN"", ""IND"", ""JPN"", ""LAM"", ""MDA"", ""MEA"", ""MEX"", ""NIG"", ""RUS"", ""SKT"", ""USA""]","[""Total Annualised Cost|Industry|Iron and Steel""]",201938.09721133878,Millions USD_2010/yr,201938.09721133878,Millions USD_2010/yr,100.0,-100.0,201938.09721133878,201938.09721133878,ndc_noce,2024
ndc_medce_eu,NDC,"Medium CE, EU",b,Global,Iron and steel,Iron and steel,Annualised sector-cost change,medce_eu,2030,-3.1081483568208257,%,plotted,"[""AFE"", ""AFN"", ""AFW"", ""AFZ"", ""ANZ"", ""ASC"", ""ASE"", ""ASO"", ""BRA"", ""CAN"", ""CHL"", ""CHN"", ""ENE"", ""ENW"", ""EUE"", ""EUM"", ""EUW"", ""IDN"", ""IND"", ""JPN"", ""LAM"", ""MDA"", ""MEA"", ""MEX"", ""NIG"", ""RUS"", ""SKT"", ""USA""]","[""Total Annualised Cost|Industry|Iron and Steel""]",303279.6647336298,Millions USD_2010/yr,313008.43114290875,Millions USD_2010/yr,100.0,-100.0,303279.6647336298,313008.43114290875,ndc_noce,2030
ndc_medce_eu,NDC,"Medium CE, EU",b,Global,Iron and steel,Iron and steel,Annualised sector-cost change,medce_eu,2035,-4.697891459741238,%,plotted,"[""AFE"", ""AFN"", ""AFW"", ""AFZ"", ""ANZ"", ""ASC"", ""ASE"", ""ASO"", ""BRA"", ""CAN"", ""CHL"", ""CHN"", ""ENE"", ""ENW"", ""EUE"", ""EUM"", ""EUW"", ""IDN"", ""IND"", ""JPN"", ""LAM"", ""MDA"", ""MEA"", ""MEX"", ""NIG"", ""RUS"", ""SKT"", ""USA""]","[""Total Annualised Cost|Industry|Iron and Steel""]",294506.7039554309,Millions USD_2010/yr,309024.3316400723,Millions USD_2010/yr,100.0,-100.0,294506.7039554309,309024.3316400723,ndc_noce,2035
ndc_medce_eu,NDC,"Medium CE, EU",b,Global,Iron and steel,Iron and steel,Annualised sector-cost change,medce_eu,2040,-3.5541582065009134,%,plotted,"[""AFE"", ""AFN"", ""AFW"", ""AFZ"", ""ANZ"", ""ASC"", ""ASE"", ""ASO"", ""BRA"", ""CAN"", ""CHL"", ""CHN"", ""ENE"", ""ENW"", ""EUE"", ""EUM"", ""EUW"", ""IDN"", ""IND"", ""JPN"", ""LAM"", ""MDA"", ""MEA"", ""MEX"", ""NIG"", ""RUS"", ""SKT"", ""USA""]","[""Total Annualised Cost|Industry|Iron and Steel""]",365232.816799165,Millions USD_2010/yr,378692.134370259,Millions USD_2010/yr,100.0,-100.0,365232.816799165,378692.134370259,ndc_noce,2040
ndc_medce_eu,NDC,"Medium CE, EU",b,Global,Iron and steel,Iron and steel,Annualised sector-cost change,medce_eu,2050,-5.911019964225112,%,plotted,"[""AFE"", ""AFN"", ""AFW"", ""AFZ"", ""ANZ"", ""ASC"", ""ASE"", ""ASO"", ""BRA"", ""CAN"", ""CHL"", ""CHN"", ""ENE"", ""ENW"", ""EUE"", ""EUM"", ""EUW"", ""IDN"", ""IND"", ""JPN"", ""LAM"", ""MDA"", ""MEA"", ""MEX"", ""NIG"", ""RUS"", ""SKT"", ""USA""]","[""Total Annualised Cost|Industry|Iron and Steel""]",494328.6684778976,Millions USD_2010/yr,525384.2355289025,Millions USD_2010/yr,100.0,-100.0,494328.6684778976,525384.2355289025,ndc_noce,2050
ndc_highce_eu,NDC,"High CE, EU",b,Global,Iron and steel,Iron and steel,Annualised sector-cost change,highce_eu,2019,0.0,%,context,"[""AFE"", ""AFN"", ""AFW"", ""AFZ"", ""ANZ"", ""ASC"", ""ASE"", ""ASO"", ""BRA"", ""CAN"", ""CHL"", ""CHN"", ""ENE"", ""ENW"", ""EUE"", ""EUM"", ""EUW"", ""IDN"", ""IND"", ""JPN"", ""LAM"", ""MDA"", ""MEA"", ""MEX"", ""NIG"", ""RUS"", ""SKT"", ""USA""]","[""Total Annualised Cost|Industry|Iron and Steel""]",4959455.128965229,Millions USD_2010/yr,4959455.128965229,Millions USD_2010/yr,100.0,-100.0,4959455.128965229,4959455.128965229,ndc_noce,2019
ndc_highce_eu,NDC,"High CE, EU",b,Global,Iron and steel,Iron and steel,Annualised sector-cost change,highce_eu,2024,0.0,%,plotted,"[""AFE"", ""AFN"", ""AFW"", ""AFZ"", ""ANZ"", ""ASC"", ""ASE"", ""ASO"", ""BRA"", ""CAN"", ""CHL"", ""CHN"", ""ENE"", ""ENW"", ""EUE"", ""EUM"", ""EUW"", ""IDN"", ""IND"", ""JPN"", ""LAM"", ""MDA"", ""MEA"", ""MEX"", ""NIG"", ""RUS"", ""SKT"", ""USA""]","[""Total Annualised Cost|Industry|Iron and Steel""]",201938.09721133878,Millions USD_2010/yr,201938.09721133878,Millions USD_2010/yr,100.0,-100.0,201938.09721133878,201938.09721133878,ndc_noce,2024
ndc_highce_eu,NDC,"High CE, EU",b,Global,Iron and steel,Iron and steel,Annualised sector-cost change,highce_eu,2030,-3.183037473499986,%,plotted,"[""AFE"", ""AFN"", ""AFW"", ""AFZ"", ""ANZ"", ""ASC"", ""ASE"", ""ASO"", ""BRA"", ""CAN"", ""CHL"", ""CHN"", ""ENE"", ""ENW"", ""EUE"", ""EUM"", ""EUW"", ""IDN"", ""IND"", ""JPN"", ""LAM"", ""MDA"", ""MEA"", ""MEX"", ""NIG"", ""RUS"", ""SKT"", ""USA""]","[""Total Annualised Cost|Industry|Iron and Steel""]",303045.25548441557,Millions USD_2010/yr,313008.43114290875,Millions USD_2010/yr,100.0,-100.0,303045.25548441557,313008.43114290875,ndc_noce,2030
ndc_highce_eu,NDC,"High CE, EU",b,Global,Iron and steel,Iron and steel,Annualised sector-cost change,highce_eu,2035,-4.738788665386947,%,plotted,"[""AFE"", ""AFN"", ""AFW"", ""AFZ"", ""ANZ"", ""ASC"", ""ASE"", ""ASO"", ""BRA"", ""CAN"", ""CHL"", ""CHN"", ""ENE"", ""ENW"", ""EUE"", ""EUM"", ""EUW"", ""IDN"", ""IND"", ""JPN"", ""LAM"", ""MDA"", ""MEA"", ""MEX"", ""NIG"", ""RUS"", ""SKT"", ""USA""]","[""Total Annualised Cost|Industry|Iron and Steel""]",294380.32163902477,Millions USD_2010/yr,309024.3316400723,Millions USD_2010/yr,100.0,-100.0,294380.32163902477,309024.3316400723,ndc_noce,2035
ndc_highce_eu,NDC,"High CE, EU",b,Global,Iron and steel,Iron and steel,Annualised sector-cost change,highce_eu,2040,-3.5547420683079802,%,plotted,"[""AFE"", ""AFN"", ""AFW"", ""AFZ"", ""ANZ"", ""ASC"", ""ASE"", ""ASO"", ""BRA"", ""CAN"", ""CHL"", ""CHN"", ""ENE"", ""ENW"", ""EUE"", ""EUM"", ""EUW"", ""IDN"", ""IND"", ""JPN"", ""LAM"", ""MDA"", ""MEA"", ""MEX"", ""NIG"", ""RUS"", ""SKT"", ""USA""]","[""Total Annualised Cost|Industry|Iron and Steel""]",365230.605760426,Millions USD_2010/yr,378692.134370259,Millions USD_2010/yr,100.0,-100.0,365230.605760426,378692.134370259,ndc_noce,2040
ndc_highce_eu,NDC,"High CE, EU",b,Global,Iron and steel,Iron and steel,Annualised sector-cost change,highce_eu,2050,-5.912048626760601,%,plotted,"[""AFE"", ""AFN"", ""AFW"", ""AFZ"", ""ANZ"", ""ASC"", ""ASE"", ""ASO"", ""BRA"", ""CAN"", ""CHL"", ""CHN"", ""ENE"", ""ENW"", ""EUE"", ""EUM"", ""EUW"", ""IDN"", ""IND"", ""JPN"", ""LAM"", ""MDA"", ""MEA"", ""MEX"", ""NIG"", ""RUS"", ""SKT"", ""USA""]","[""Total Annualised Cost|Industry|Iron and Steel""]",494323.26404709934,Millions USD_2010/yr,525384.2355289025,Millions USD_2010/yr,100.0,-100.0,494323.26404709934,525384.2355289025,ndc_noce,2050
ndc_medce_gbl,NDC,"Medium CE, EU + partners",b,Global,Iron and steel,Iron and steel,Annualised sector-cost change,medce_gbl,2019,0.0,%,context,"[""AFE"", ""AFN"", ""AFW"", ""AFZ"", ""ANZ"", ""ASC"", ""ASE"", ""ASO"", ""BRA"", ""CAN"", ""CHL"", ""CHN"", ""ENE"", ""ENW"", ""EUE"", ""EUM"", ""EUW"", ""IDN"", ""IND"", ""JPN"", ""LAM"", ""MDA"", ""MEA"", ""MEX"", ""NIG"", ""RUS"", ""SKT"", ""USA""]","[""Total Annualised Cost|Industry|Iron and Steel""]",4959455.128965229,Millions USD_2010/yr,4959455.128965229,Millions USD_2010/yr,100.0,-100.0,4959455.128965229,4959455.128965229,ndc_noce,2019
ndc_medce_gbl,NDC,"Medium CE, EU + partners",b,Global,Iron and steel,Iron and steel,Annualised sector-cost change,medce_gbl,2024,0.0,%,plotted,"[""AFE"", ""AFN"", ""AFW"", ""AFZ"", ""ANZ"", ""ASC"", ""ASE"", ""ASO"", ""BRA"", ""CAN"", ""CHL"", ""CHN"", ""ENE"", ""ENW"", ""EUE"", ""EUM"", ""EUW"", ""IDN"", ""IND"", ""JPN"", ""LAM"", ""MDA"", ""MEA"", ""MEX"", ""NIG"", ""RUS"", ""SKT"", ""USA""]","[""Total Annualised Cost|Industry|Iron and Steel""]",201938.09721133878,Millions USD_2010/yr,201938.09721133878,Millions USD_2010/yr,100.0,-100.0,201938.09721133878,201938.09721133878,ndc_noce,2024
ndc_medce_gbl,NDC,"Medium CE, EU + partners",b,Global,Iron and steel,Iron and steel,Annualised sector-cost change,medce_gbl,2030,-24.30521973753748,%,plotted,"[""AFE"", ""AFN"", ""AFW"", ""AFZ"", ""ANZ"", ""ASC"", ""ASE"", ""ASO"", ""BRA"", ""CAN"", ""CHL"", ""CHN"", ""ENE"", ""ENW"", ""EUE"", ""EUM"", ""EUW"", ""IDN"", ""IND"", ""JPN"", ""LAM"", ""MDA"", ""MEA"", ""MEX"", ""NIG"", ""RUS"", ""SKT"", ""USA""]","[""Total Annualised Cost|Industry|Iron and Steel""]",236931.04415660608,Millions USD_2010/yr,313008.43114290875,Millions USD_2010/yr,100.0,-100.0,236931.04415660608,313008.43114290875,ndc_noce,2030
ndc_medce_gbl,NDC,"Medium CE, EU + partners",b,Global,Iron and steel,Iron and steel,Annualised sector-cost change,medce_gbl,2035,-23.699190507570194,%,plotted,"[""AFE"", ""AFN"", ""AFW"", ""AFZ"", ""ANZ"", ""ASC"", ""ASE"", ""ASO"", ""BRA"", ""CAN"", ""CHL"", ""CHN"", ""ENE"", ""ENW"", ""EUE"", ""EUM"", ""EUW"", ""IDN"", ""IND"", ""JPN"", ""LAM"", ""MDA"", ""MEA"", ""MEX"", ""NIG"", ""RUS"", ""SKT"", ""USA""]","[""Total Annualised Cost|Industry|Iron and Steel""]",235788.06656994604,Millions USD_2010/yr,309024.3316400723,Millions USD_2010/yr,100.0,-100.0,235788.06656994604,309024.3316400723,ndc_noce,2035
ndc_medce_gbl,NDC,"Medium CE, EU + partners",b,Global,Iron and steel,Iron and steel,Annualised sector-cost change,medce_gbl,2040,-24.0371911605665,%,plotted,"[""AFE"", ""AFN"", ""AFW"", ""AFZ"", ""ANZ"", ""ASC"", ""ASE"", ""ASO"", ""BRA"", ""CAN"", ""CHL"", ""CHN"", ""ENE"", ""ENW"", ""EUE"", ""EUM"", ""EUW"", ""IDN"", ""IND"", ""JPN"", ""LAM"", ""MDA"", ""MEA"", ""MEX"", ""NIG"", ""RUS"", ""SKT"", ""USA""]","[""Total Annualised Cost|Industry|Iron and Steel""]",287665.1821216505,Millions USD_2010/yr,378692.134370259,Millions USD_2010/yr,100.0,-100.0,287665.1821216505,378692.134370259,ndc_noce,2040
ndc_medce_gbl,NDC,"Medium CE, EU + partners",b,Global,Iron and steel,Iron and steel,Annualised sector-cost change,medce_gbl,2050,-33.198476884040936,%,plotted,"[""AFE"", ""AFN"", ""AFW"", ""AFZ"", ""ANZ"", ""ASC"", ""ASE"", ""ASO"", ""BRA"", ""CAN"", ""CHL"", ""CHN"", ""ENE"", ""ENW"", ""EUE"", ""EUM"", ""EUW"", ""IDN"", ""IND"", ""JPN"", ""LAM"", ""MDA"", ""MEA"", ""MEX"", ""NIG"", ""RUS"", ""SKT"", ""USA""]","[""Total Annualised Cost|Industry|Iron and Steel""]",350964.67154444463,Millions USD_2010/yr,525384.2355289025,Millions USD_2010/yr,100.0,-100.0,350964.67154444463,525384.2355289025,ndc_noce,2050
ndc_highce_gbl,NDC,"High CE, EU + partners",b,Global,Iron and steel,Iron and steel,Annualised sector-cost change,highce_gbl,2019,0.0,%,context,"[""AFE"", ""AFN"", ""AFW"", ""AFZ"", ""ANZ"", ""ASC"", ""ASE"", ""ASO"", ""BRA"", ""CAN"", ""CHL"", ""CHN"", ""ENE"", ""ENW"", ""EUE"", ""EUM"", ""EUW"", ""IDN"", ""IND"", ""JPN"", ""LAM"", ""MDA"", ""MEA"", ""MEX"", ""NIG"", ""RUS"", ""SKT"", ""USA""]","[""Total Annualised Cost|Industry|Iron and Steel""]",4959455.128965229,Millions USD_2010/yr,4959455.128965229,Millions USD_2010/yr,100.0,-100.0,4959455.128965229,4959455.128965229,ndc_noce,2019
ndc_highce_gbl,NDC,"High CE, EU + partners",b,Global,Iron and steel,Iron and steel,Annualised sector-cost change,highce_gbl,2024,0.0,%,plotted,"[""AFE"", ""AFN"", ""AFW"", ""AFZ"", ""ANZ"", ""ASC"", ""ASE"", ""ASO"", ""BRA"", ""CAN"", ""CHL"", ""CHN"", ""ENE"", ""ENW"", ""EUE"", ""EUM"", ""EUW"", ""IDN"", ""IND"", ""JPN"", ""LAM"", ""MDA"", ""MEA"", ""MEX"", ""NIG"", ""RUS"", ""SKT"", ""USA""]","[""Total Annualised Cost|Industry|Iron and Steel""]",201938.09721133878,Millions USD_2010/yr,201938.09721133878,Millions USD_2010/yr,100.0,-100.0,201938.09721133878,201938.09721133878,ndc_noce,2024
ndc_highce_gbl,NDC,"High CE, EU + partners",b,Global,Iron and steel,Iron and steel,Annualised sector-cost change,highce_gbl,2030,-26.18181026856177,%,plotted,"[""AFE"", ""AFN"", ""AFW"", ""AFZ"", ""ANZ"", ""ASC"", ""ASE"", ""ASO"", ""BRA"", ""CAN"", ""CHL"", ""CHN"", ""ENE"", ""ENW"", ""EUE"", ""EUM"", ""EUW"", ""IDN"", ""IND"", ""JPN"", ""LAM"", ""MDA"", ""MEA"", ""MEX"", ""NIG"", ""RUS"", ""SKT"", ""USA""]","[""Total Annualised Cost|Industry|Iron and Steel""]",231057.15757647058,Millions USD_2010/yr,313008.43114290875,Millions USD_2010/yr,100.0,-100.0,231057.15757647058,313008.43114290875,ndc_noce,2030
ndc_highce_gbl,NDC,"High CE, EU + partners",b,Global,Iron and steel,Iron and steel,Annualised sector-cost change,highce_gbl,2035,-25.513727463649357,%,plotted,"[""AFE"", ""AFN"", ""AFW"", ""AFZ"", ""ANZ"", ""ASC"", ""ASE"", ""ASO"", ""BRA"", ""CAN"", ""CHL"", ""CHN"", ""ENE"", ""ENW"", ""EUE"", ""EUM"", ""EUW"", ""IDN"", ""IND"", ""JPN"", ""LAM"", ""MDA"", ""MEA"", ""MEX"", ""NIG"", ""RUS"", ""SKT"", ""USA""]","[""Total Annualised Cost|Industry|Iron and Steel""]",230180.7058690603,Millions USD_2010/yr,309024.3316400723,Millions USD_2010/yr,100.0,-100.0,230180.7058690603,309024.3316400723,ndc_noce,2035
ndc_highce_gbl,NDC,"High CE, EU + partners",b,Global,Iron and steel,Iron and steel,Annualised sector-cost change,highce_gbl,2040,-31.36062594905909,%,plotted,"[""AFE"", ""AFN"", ""AFW"", ""AFZ"", ""ANZ"", ""ASC"", ""ASE"", ""ASO"", ""BRA"", ""CAN"", ""CHL"", ""CHN"", ""ENE"", ""ENW"", ""EUE"", ""EUM"", ""EUW"", ""IDN"", ""IND"", ""JPN"", ""LAM"", ""MDA"", ""MEA"", ""MEX"", ""NIG"", ""RUS"", ""SKT"", ""USA""]","[""Total Annualised Cost|Industry|Iron and Steel""]",259931.91061189384,Millions USD_2010/yr,378692.134370259,Millions USD_2010/yr,100.0,-100.0,259931.91061189384,378692.134370259,ndc_noce,2040
ndc_highce_gbl,NDC,"High CE, EU + partners",b,Global,Iron and steel,Iron and steel,Annualised sector-cost change,highce_gbl,2050,-46.35697799012512,%,plotted,"[""AFE"", ""AFN"", ""AFW"", ""AFZ"", ""ANZ"", ""ASC"", ""ASE"", ""ASO"", ""BRA"", ""CAN"", ""CHL"", ""CHN"", ""ENE"", ""ENW"", ""EUE"", ""EUM"", ""EUW"", ""IDN"", ""IND"", ""JPN"", ""LAM"", ""MDA"", ""MEA"", ""MEX"", ""NIG"", ""RUS"", ""SKT"", ""USA""]","[""Total Annualised Cost|Industry|Iron and Steel""]",281831.98110118206,Millions USD_2010/yr,525384.2355289025,Millions USD_2010/yr,100.0,-100.0,281831.98110118206,525384.2355289025,ndc_noce,2050
ndc_noce,NDC,No CE,c,Global,Aluminium,Aluminium,Annualised sector-cost change,noce,2019,0.0,%,context,"[""AFE"", ""AFN"", ""AFW"", ""AFZ"", ""ANZ"", ""ASC"", ""ASE"", ""ASO"", ""BRA"", ""CAN"", ""CHL"", ""CHN"", ""ENE"", ""ENW"", ""EUE"", ""EUM"", ""EUW"", ""IDN"", ""IND"", ""JPN"", ""LAM"", ""MDA"", ""MEA"", ""MEX"", ""NIG"", ""RUS"", ""SKT"", ""USA""]","[""Total Annualised Cost|Industry|Non-Ferrous Metals|Aluminum""]",25017.308460003063,Millions USD_2010/yr,25017.308460003063,Millions USD_2010/yr,100.0,-100.0,25017.308460003063,25017.308460003063,ndc_noce,2019
ndc_noce,NDC,No CE,c,Global,Aluminium,Aluminium,Annualised sector-cost change,noce,2024,0.0,%,plotted,"[""AFE"", ""AFN"", ""AFW"", ""AFZ"", ""ANZ"", ""ASC"", ""ASE"", ""ASO"", ""BRA"", ""CAN"", ""CHL"", ""CHN"", ""ENE"", ""ENW"", ""EUE"", ""EUM"", ""EUW"", ""IDN"", ""IND"", ""JPN"", ""LAM"", ""MDA"", ""MEA"", ""MEX"", ""NIG"", ""RUS"", ""SKT"", ""USA""]","[""Total Annualised Cost|Industry|Non-Ferrous Metals|Aluminum""]",98177.01756529351,Millions USD_2010/yr,98177.01756529351,Millions USD_2010/yr,100.0,-100.0,98177.01756529351,98177.01756529351,ndc_noce,2024
ndc_noce,NDC,No CE,c,Global,Aluminium,Aluminium,Annualised sector-cost change,noce,2030,0.0,%,plotted,"[""AFE"", ""AFN"", ""AFW"", ""AFZ"", ""ANZ"", ""ASC"", ""ASE"", ""ASO"", ""BRA"", ""CAN"", ""CHL"", ""CHN"", ""ENE"", ""ENW"", ""EUE"", ""EUM"", ""EUW"", ""IDN"", ""IND"", ""JPN"", ""LAM"", ""MDA"", ""MEA"", ""MEX"", ""NIG"", ""RUS"", ""SKT"", ""USA""]","[""Total Annualised Cost|Industry|Non-Ferrous Metals|Aluminum""]",189050.12343896012,Millions USD_2010/yr,189050.12343896012,Millions USD_2010/yr,100.0,-100.0,189050.12343896012,189050.12343896012,ndc_noce,2030
ndc_noce,NDC,No CE,c,Global,Aluminium,Aluminium,Annualised sector-cost change,noce,2035,0.0,%,plotted,"[""AFE"", ""AFN"", ""AFW"", ""AFZ"", ""ANZ"", ""ASC"", ""ASE"", ""ASO"", ""BRA"", ""CAN"", ""CHL"", ""CHN"", ""ENE"", ""ENW"", ""EUE"", ""EUM"", ""EUW"", ""IDN"", ""IND"", ""JPN"", ""LAM"", ""MDA"", ""MEA"", ""MEX"", ""NIG"", ""RUS"", ""SKT"", ""USA""]","[""Total Annualised Cost|Industry|Non-Ferrous Metals|Aluminum""]",143833.6374745029,Millions USD_2010/yr,143833.6374745029,Millions USD_2010/yr,100.0,-100.0,143833.6374745029,143833.6374745029,ndc_noce,2035
ndc_noce,NDC,No CE,c,Global,Aluminium,Aluminium,Annualised sector-cost change,noce,2040,0.0,%,plotted,"[""AFE"", ""AFN"", ""AFW"", ""AFZ"", ""ANZ"", ""ASC"", ""ASE"", ""ASO"", ""BRA"", ""CAN"", ""CHL"", ""CHN"", ""ENE"", ""ENW"", ""EUE"", ""EUM"", ""EUW"", ""IDN"", ""IND"", ""JPN"", ""LAM"", ""MDA"", ""MEA"", ""MEX"", ""NIG"", ""RUS"", ""SKT"", ""USA""]","[""Total Annualised Cost|Industry|Non-Ferrous Metals|Aluminum""]",164123.9053628405,Millions USD_2010/yr,164123.9053628405,Millions USD_2010/yr,100.0,-100.0,164123.9053628405,164123.9053628405,ndc_noce,2040
ndc_noce,NDC,No CE,c,Global,Aluminium,Aluminium,Annualised sector-cost change,noce,2050,0.0,%,plotted,"[""AFE"", ""AFN"", ""AFW"", ""AFZ"", ""ANZ"", ""ASC"", ""ASE"", ""ASO"", ""BRA"", ""CAN"", ""CHL"", ""CHN"", ""ENE"", ""ENW"", ""EUE"", ""EUM"", ""EUW"", ""IDN"", ""IND"", ""JPN"", ""LAM"", ""MDA"", ""MEA"", ""MEX"", ""NIG"", ""RUS"", ""SKT"", ""USA""]","[""Total Annualised Cost|Industry|Non-Ferrous Metals|Aluminum""]",151442.6773772102,Millions USD_2010/yr,151442.6773772102,Millions USD_2010/yr,100.0,-100.0,151442.6773772102,151442.6773772102,ndc_noce,2050
ndc_medce_eu,NDC,"Medium CE, EU",c,Global,Aluminium,Aluminium,Annualised sector-cost change,medce_eu,2019,0.0,%,context,"[""AFE"", ""AFN"", ""AFW"", ""AFZ"", ""ANZ"", ""ASC"", ""ASE"", ""ASO"", ""BRA"", ""CAN"", ""CHL"", ""CHN"", ""ENE"", ""ENW"", ""EUE"", ""EUM"", ""EUW"", ""IDN"", ""IND"", ""JPN"", ""LAM"", ""MDA"", ""MEA"", ""MEX"", ""NIG"", ""RUS"", ""SKT"", ""USA""]","[""Total Annualised Cost|Industry|Non-Ferrous Metals|Aluminum""]",25017.308460003063,Millions USD_2010/yr,25017.308460003063,Millions USD_2010/yr,100.0,-100.0,25017.308460003063,25017.308460003063,ndc_noce,2019
ndc_medce_eu,NDC,"Medium CE, EU",c,Global,Aluminium,Aluminium,Annualised sector-cost change,medce_eu,2024,0.0,%,plotted,"[""AFE"", ""AFN"", ""AFW"", ""AFZ"", ""ANZ"", ""ASC"", ""ASE"", ""ASO"", ""BRA"", ""CAN"", ""CHL"", ""CHN"", ""ENE"", ""ENW"", ""EUE"", ""EUM"", ""EUW"", ""IDN"", ""IND"", ""JPN"", ""LAM"", ""MDA"", ""MEA"", ""MEX"", ""NIG"", ""RUS"", ""SKT"", ""USA""]","[""Total Annualised Cost|Industry|Non-Ferrous Metals|Aluminum""]",98177.01756529351,Millions USD_2010/yr,98177.01756529351,Millions USD_2010/yr,100.0,-100.0,98177.01756529351,98177.01756529351,ndc_noce,2024
ndc_medce_eu,NDC,"Medium CE, EU",c,Global,Aluminium,Aluminium,Annualised sector-cost change,medce_eu,2030,0.2699567298112714,%,plotted,"[""AFE"", ""AFN"", ""AFW"", ""AFZ"", ""ANZ"", ""ASC"", ""ASE"", ""ASO"", ""BRA"", ""CAN"", ""CHL"", ""CHN"", ""ENE"", ""ENW"", ""EUE"", ""EUM"", ""EUW"", ""IDN"", ""IND"", ""JPN"", ""LAM"", ""MDA"", ""MEA"", ""MEX"", ""NIG"", ""RUS"", ""SKT"", ""USA""]","[""Total Annualised Cost|Industry|Non-Ferrous Metals|Aluminum""]",189560.4769699001,Millions USD_2010/yr,189050.12343896012,Millions USD_2010/yr,100.0,-100.0,189560.4769699001,189050.12343896012,ndc_noce,2030
ndc_medce_eu,NDC,"Medium CE, EU",c,Global,Aluminium,Aluminium,Annualised sector-cost change,medce_eu,2035,0.38814248894036846,%,plotted,"[""AFE"", ""AFN"", ""AFW"", ""AFZ"", ""ANZ"", ""ASC"", ""ASE"", ""ASO"", ""BRA"", ""CAN"", ""CHL"", ""CHN"", ""ENE"", ""ENW"", ""EUE"", ""EUM"", ""EUW"", ""IDN"", ""IND"", ""JPN"", ""LAM"", ""MDA"", ""MEA"", ""MEX"", ""NIG"", ""RUS"", ""SKT"", ""USA""]","[""Total Annualised Cost|Industry|Non-Ferrous Metals|Aluminum""]",144391.9169349299,Millions USD_2010/yr,143833.6374745029,Millions USD_2010/yr,100.0,-100.0,144391.9169349299,143833.6374745029,ndc_noce,2035
ndc_medce_eu,NDC,"Medium CE, EU",c,Global,Aluminium,Aluminium,Annualised sector-cost change,medce_eu,2040,0.8687194751982705,%,plotted,"[""AFE"", ""AFN"", ""AFW"", ""AFZ"", ""ANZ"", ""ASC"", ""ASE"", ""ASO"", ""BRA"", ""CAN"", ""CHL"", ""CHN"", ""ENE"", ""ENW"", ""EUE"", ""EUM"", ""EUW"", ""IDN"", ""IND"", ""JPN"", ""LAM"", ""MDA"", ""MEA"", ""MEX"", ""NIG"", ""RUS"", ""SKT"", ""USA""]","[""Total Annualised Cost|Industry|Non-Ferrous Metals|Aluminum""]",165549.68169218348,Millions USD_2010/yr,164123.9053628405,Millions USD_2010/yr,100.0,-100.0,165549.68169218348,164123.9053628405,ndc_noce,2040
ndc_medce_eu,NDC,"Medium CE, EU",c,Global,Aluminium,Aluminium,Annualised sector-cost change,medce_eu,2050,-0.8585605439015355,%,plotted,"[""AFE"", ""AFN"", ""AFW"", ""AFZ"", ""ANZ"", ""ASC"", ""ASE"", ""ASO"", ""BRA"", ""CAN"", ""CHL"", ""CHN"", ""ENE"", ""ENW"", ""EUE"", ""EUM"", ""EUW"", ""IDN"", ""IND"", ""JPN"", ""LAM"", ""MDA"", ""MEA"", ""MEX"", ""NIG"", ""RUS"", ""SKT"", ""USA""]","[""Total Annualised Cost|Industry|Non-Ferrous Metals|Aluminum""]",150142.45030262138,Millions USD_2010/yr,151442.6773772102,Millions USD_2010/yr,100.0,-100.0,150142.45030262138,151442.6773772102,ndc_noce,2050
ndc_highce_eu,NDC,"High CE, EU",c,Global,Aluminium,Aluminium,Annualised sector-cost change,highce_eu,2019,0.0,%,context,"[""AFE"", ""AFN"", ""AFW"", ""AFZ"", ""ANZ"", ""ASC"", ""ASE"", ""ASO"", ""BRA"", ""CAN"", ""CHL"", ""CHN"", ""ENE"", ""ENW"", ""EUE"", ""EUM"", ""EUW"", ""IDN"", ""IND"", ""JPN"", ""LAM"", ""MDA"", ""MEA"", ""MEX"", ""NIG"", ""RUS"", ""SKT"", ""USA""]","[""Total Annualised Cost|Industry|Non-Ferrous Metals|Aluminum""]",25017.308460003063,Millions USD_2010/yr,25017.308460003063,Millions USD_2010/yr,100.0,-100.0,25017.308460003063,25017.308460003063,ndc_noce,2019
ndc_highce_eu,NDC,"High CE, EU",c,Global,Aluminium,Aluminium,Annualised sector-cost change,highce_eu,2024,0.0,%,plotted,"[""AFE"", ""AFN"", ""AFW"", ""AFZ"", ""ANZ"", ""ASC"", ""ASE"", ""ASO"", ""BRA"", ""CAN"", ""CHL"", ""CHN"", ""ENE"", ""ENW"", ""EUE"", ""EUM"", ""EUW"", ""IDN"", ""IND"", ""JPN"", ""LAM"", ""MDA"", ""MEA"", ""MEX"", ""NIG"", ""RUS"", ""SKT"", ""USA""]","[""Total Annualised Cost|Industry|Non-Ferrous Metals|Aluminum""]",98177.01756529351,Millions USD_2010/yr,98177.01756529351,Millions USD_2010/yr,100.0,-100.0,98177.01756529351,98177.01756529351,ndc_noce,2024
ndc_highce_eu,NDC,"High CE, EU",c,Global,Aluminium,Aluminium,Annualised sector-cost change,highce_eu,2030,-0.7950170053779823,%,plotted,"[""AFE"", ""AFN"", ""AFW"", ""AFZ"", ""ANZ"", ""ASC"", ""ASE"", ""ASO"", ""BRA"", ""CAN"", ""CHL"", ""CHN"", ""ENE"", ""ENW"", ""EUE"", ""EUM"", ""EUW"", ""IDN"", ""IND"", ""JPN"", ""LAM"", ""MDA"", ""MEA"", ""MEX"", ""NIG"", ""RUS"", ""SKT"", ""USA""]","[""Total Annualised Cost|Industry|Non-Ferrous Metals|Aluminum""]",187547.14280893232,Millions USD_2010/yr,189050.12343896012,Millions USD_2010/yr,100.0,-100.0,187547.14280893232,189050.12343896012,ndc_noce,2030
ndc_highce_eu,NDC,"High CE, EU",c,Global,Aluminium,Aluminium,Annualised sector-cost change,highce_eu,2035,-1.010754901110331,%,plotted,"[""AFE"", ""AFN"", ""AFW"", ""AFZ"", ""ANZ"", ""ASC"", ""ASE"", ""ASO"", ""BRA"", ""CAN"", ""CHL"", ""CHN"", ""ENE"", ""ENW"", ""EUE"", ""EUM"", ""EUW"", ""IDN"", ""IND"", ""JPN"", ""LAM"", ""MDA"", ""MEA"", ""MEX"", ""NIG"", ""RUS"", ""SKT"", ""USA""]","[""Total Annualised Cost|Industry|Non-Ferrous Metals|Aluminum""]",142379.8319342841,Millions USD_2010/yr,143833.6374745029,Millions USD_2010/yr,100.0,-100.0,142379.8319342841,143833.6374745029,ndc_noce,2035
ndc_highce_eu,NDC,"High CE, EU",c,Global,Aluminium,Aluminium,Annualised sector-cost change,highce_eu,2040,-0.5855684376555292,%,plotted,"[""AFE"", ""AFN"", ""AFW"", ""AFZ"", ""ANZ"", ""ASC"", ""ASE"", ""ASO"", ""BRA"", ""CAN"", ""CHL"", ""CHN"", ""ENE"", ""ENW"", ""EUE"", ""EUM"", ""EUW"", ""IDN"", ""IND"", ""JPN"", ""LAM"", ""MDA"", ""MEA"", ""MEX"", ""NIG"", ""RUS"", ""SKT"", ""USA""]","[""Total Annualised Cost|Industry|Non-Ferrous Metals|Aluminum""]",163162.84757438808,Millions USD_2010/yr,164123.9053628405,Millions USD_2010/yr,100.0,-100.0,163162.84757438808,164123.9053628405,ndc_noce,2040
ndc_highce_eu,NDC,"High CE, EU",c,Global,Aluminium,Aluminium,Annualised sector-cost change,highce_eu,2050,-2.6156838822901025,%,plotted,"[""AFE"", ""AFN"", ""AFW"", ""AFZ"", ""ANZ"", ""ASC"", ""ASE"", ""ASO"", ""BRA"", ""CAN"", ""CHL"", ""CHN"", ""ENE"", ""ENW"", ""EUE"", ""EUM"", ""EUW"", ""IDN"", ""IND"", ""JPN"", ""LAM"", ""MDA"", ""MEA"", ""MEX"", ""NIG"", ""RUS"", ""SKT"", ""USA""]","[""Total Annualised Cost|Industry|Non-Ferrous Metals|Aluminum""]",147481.41567414592,Millions USD_2010/yr,151442.6773772102,Millions USD_2010/yr,100.0,-100.0,147481.41567414592,151442.6773772102,ndc_noce,2050
ndc_medce_gbl,NDC,"Medium CE, EU + partners",c,Global,Aluminium,Aluminium,Annualised sector-cost change,medce_gbl,2019,0.0,%,context,"[""AFE"", ""AFN"", ""AFW"", ""AFZ"", ""ANZ"", ""ASC"", ""ASE"", ""ASO"", ""BRA"", ""CAN"", ""CHL"", ""CHN"", ""ENE"", ""ENW"", ""EUE"", ""EUM"", ""EUW"", ""IDN"", ""IND"", ""JPN"", ""LAM"", ""MDA"", ""MEA"", ""MEX"", ""NIG"", ""RUS"", ""SKT"", ""USA""]","[""Total Annualised Cost|Industry|Non-Ferrous Metals|Aluminum""]",25017.308460003063,Millions USD_2010/yr,25017.308460003063,Millions USD_2010/yr,100.0,-100.0,25017.308460003063,25017.308460003063,ndc_noce,2019
ndc_medce_gbl,NDC,"Medium CE, EU + partners",c,Global,Aluminium,Aluminium,Annualised sector-cost change,medce_gbl,2024,0.0,%,plotted,"[""AFE"", ""AFN"", ""AFW"", ""AFZ"", ""ANZ"", ""ASC"", ""ASE"", ""ASO"", ""BRA"", ""CAN"", ""CHL"", ""CHN"", ""ENE"", ""ENW"", ""EUE"", ""EUM"", ""EUW"", ""IDN"", ""IND"", ""JPN"", ""LAM"", ""MDA"", ""MEA"", ""MEX"", ""NIG"", ""RUS"", ""SKT"", ""USA""]","[""Total Annualised Cost|Industry|Non-Ferrous Metals|Aluminum""]",98177.01756529351,Millions USD_2010/yr,98177.01756529351,Millions USD_2010/yr,100.0,-100.0,98177.01756529351,98177.01756529351,ndc_noce,2024
ndc_medce_gbl,NDC,"Medium CE, EU + partners",c,Global,Aluminium,Aluminium,Annualised sector-cost change,medce_gbl,2030,-19.063274922541986,%,plotted,"[""AFE"", ""AFN"", ""AFW"", ""AFZ"", ""ANZ"", ""ASC"", ""ASE"", ""ASO"", ""BRA"", ""CAN"", ""CHL"", ""CHN"", ""ENE"", ""ENW"", ""EUE"", ""EUM"", ""EUW"", ""IDN"", ""IND"", ""JPN"", ""LAM"", ""MDA"", ""MEA"", ""MEX"", ""NIG"", ""RUS"", ""SKT"", ""USA""]","[""Total Annualised Cost|Industry|Non-Ferrous Metals|Aluminum""]",153010.97866638616,Millions USD_2010/yr,189050.12343896012,Millions USD_2010/yr,100.0,-100.0,153010.97866638616,189050.12343896012,ndc_noce,2030
ndc_medce_gbl,NDC,"Medium CE, EU + partners",c,Global,Aluminium,Aluminium,Annualised sector-cost change,medce_gbl,2035,-13.884433356581347,%,plotted,"[""AFE"", ""AFN"", ""AFW"", ""AFZ"", ""ANZ"", ""ASC"", ""ASE"", ""ASO"", ""BRA"", ""CAN"", ""CHL"", ""CHN"", ""ENE"", ""ENW"", ""EUE"", ""EUM"", ""EUW"", ""IDN"", ""IND"", ""JPN"", ""LAM"", ""MDA"", ""MEA"", ""MEX"", ""NIG"", ""RUS"", ""SKT"", ""USA""]","[""Total Annualised Cost|Industry|Non-Ferrous Metals|Aluminum""]",123863.15193500873,Millions USD_2010/yr,143833.6374745029,Millions USD_2010/yr,100.0,-100.0,123863.15193500873,143833.6374745029,ndc_noce,2035
ndc_medce_gbl,NDC,"Medium CE, EU + partners",c,Global,Aluminium,Aluminium,Annualised sector-cost change,medce_gbl,2040,-16.91810684902501,%,plotted,"[""AFE"", ""AFN"", ""AFW"", ""AFZ"", ""ANZ"", ""ASC"", ""ASE"", ""ASO"", ""BRA"", ""CAN"", ""CHL"", ""CHN"", ""ENE"", ""ENW"", ""EUE"", ""EUM"", ""EUW"", ""IDN"", ""IND"", ""JPN"", ""LAM"", ""MDA"", ""MEA"", ""MEX"", ""NIG"", ""RUS"", ""SKT"", ""USA""]","[""Total Annualised Cost|Industry|Non-Ferrous Metals|Aluminum""]",136357.24768876247,Millions USD_2010/yr,164123.9053628405,Millions USD_2010/yr,100.0,-100.0,136357.24768876247,164123.9053628405,ndc_noce,2040
ndc_medce_gbl,NDC,"Medium CE, EU + partners",c,Global,Aluminium,Aluminium,Annualised sector-cost change,medce_gbl,2050,-23.04087916414241,%,plotted,"[""AFE"", ""AFN"", ""AFW"", ""AFZ"", ""ANZ"", ""ASC"", ""ASE"", ""ASO"", ""BRA"", ""CAN"", ""CHL"", ""CHN"", ""ENE"", ""ENW"", ""EUE"", ""EUM"", ""EUW"", ""IDN"", ""IND"", ""JPN"", ""LAM"", ""MDA"", ""MEA"", ""MEX"", ""NIG"", ""RUS"", ""SKT"", ""USA""]","[""Total Annualised Cost|Industry|Non-Ferrous Metals|Aluminum""]",116548.95307978516,Millions USD_2010/yr,151442.6773772102,Millions USD_2010/yr,100.0,-100.0,116548.95307978516,151442.6773772102,ndc_noce,2050
ndc_highce_gbl,NDC,"High CE, EU + partners",c,Global,Aluminium,Aluminium,Annualised sector-cost change,highce_gbl,2019,0.0,%,context,"[""AFE"", ""AFN"", ""AFW"", ""AFZ"", ""ANZ"", ""ASC"", ""ASE"", ""ASO"", ""BRA"", ""CAN"", ""CHL"", ""CHN"", ""ENE"", ""ENW"", ""EUE"", ""EUM"", ""EUW"", ""IDN"", ""IND"", ""JPN"", ""LAM"", ""MDA"", ""MEA"", ""MEX"", ""NIG"", ""RUS"", ""SKT"", ""USA""]","[""Total Annualised Cost|Industry|Non-Ferrous Metals|Aluminum""]",25017.308460003063,Millions USD_2010/yr,25017.308460003063,Millions USD_2010/yr,100.0,-100.0,25017.308460003063,25017.308460003063,ndc_noce,2019
ndc_highce_gbl,NDC,"High CE, EU + partners",c,Global,Aluminium,Aluminium,Annualised sector-cost change,highce_gbl,2024,0.0,%,plotted,"[""AFE"", ""AFN"", ""AFW"", ""AFZ"", ""ANZ"", ""ASC"", ""ASE"", ""ASO"", ""BRA"", ""CAN"", ""CHL"", ""CHN"", ""ENE"", ""ENW"", ""EUE"", ""EUM"", ""EUW"", ""IDN"", ""IND"", ""JPN"", ""LAM"", ""MDA"", ""MEA"", ""MEX"", ""NIG"", ""RUS"", ""SKT"", ""USA""]","[""Total Annualised Cost|Industry|Non-Ferrous Metals|Aluminum""]",98177.01756529351,Millions USD_2010/yr,98177.01756529351,Millions USD_2010/yr,100.0,-100.0,98177.01756529351,98177.01756529351,ndc_noce,2024
ndc_highce_gbl,NDC,"High CE, EU + partners",c,Global,Aluminium,Aluminium,Annualised sector-cost change,highce_gbl,2030,-28.290856076268923,%,plotted,"[""AFE"", ""AFN"", ""AFW"", ""AFZ"", ""ANZ"", ""ASC"", ""ASE"", ""ASO"", ""BRA"", ""CAN"", ""CHL"", ""CHN"", ""ENE"", ""ENW"", ""EUE"", ""EUM"", ""EUW"", ""IDN"", ""IND"", ""JPN"", ""LAM"", ""MDA"", ""MEA"", ""MEX"", ""NIG"", ""RUS"", ""SKT"", ""USA""]","[""Total Annualised Cost|Industry|Non-Ferrous Metals|Aluminum""]",135566.22510483518,Millions USD_2010/yr,189050.12343896012,Millions USD_2010/yr,100.0,-100.0,135566.22510483518,189050.12343896012,ndc_noce,2030
ndc_highce_gbl,NDC,"High CE, EU + partners",c,Global,Aluminium,Aluminium,Annualised sector-cost change,highce_gbl,2035,-26.309949895262925,%,plotted,"[""AFE"", ""AFN"", ""AFW"", ""AFZ"", ""ANZ"", ""ASC"", ""ASE"", ""ASO"", ""BRA"", ""CAN"", ""CHL"", ""CHN"", ""ENE"", ""ENW"", ""EUE"", ""EUM"", ""EUW"", ""IDN"", ""IND"", ""JPN"", ""LAM"", ""MDA"", ""MEA"", ""MEX"", ""NIG"", ""RUS"", ""SKT"", ""USA""]","[""Total Annualised Cost|Industry|Non-Ferrous Metals|Aluminum""]",105991.07952242707,Millions USD_2010/yr,143833.6374745029,Millions USD_2010/yr,100.0,-100.0,105991.07952242707,143833.6374745029,ndc_noce,2035
ndc_highce_gbl,NDC,"High CE, EU + partners",c,Global,Aluminium,Aluminium,Annualised sector-cost change,highce_gbl,2040,-34.18123155272676,%,plotted,"[""AFE"", ""AFN"", ""AFW"", ""AFZ"", ""ANZ"", ""ASC"", ""ASE"", ""ASO"", ""BRA"", ""CAN"", ""CHL"", ""CHN"", ""ENE"", ""ENW"", ""EUE"", ""EUM"", ""EUW"", ""IDN"", ""IND"", ""JPN"", ""LAM"", ""MDA"", ""MEA"", ""MEX"", ""NIG"", ""RUS"", ""SKT"", ""USA""]","[""Total Annualised Cost|Industry|Non-Ferrous Metals|Aluminum""]",108024.33323738986,Millions USD_2010/yr,164123.9053628405,Millions USD_2010/yr,100.0,-100.0,108024.33323738986,164123.9053628405,ndc_noce,2040
ndc_highce_gbl,NDC,"High CE, EU + partners",c,Global,Aluminium,Aluminium,Annualised sector-cost change,highce_gbl,2050,-44.520576978179356,%,plotted,"[""AFE"", ""AFN"", ""AFW"", ""AFZ"", ""ANZ"", ""ASC"", ""ASE"", ""ASO"", ""BRA"", ""CAN"", ""CHL"", ""CHN"", ""ENE"", ""ENW"", ""EUE"", ""EUM"", ""EUW"", ""IDN"", ""IND"", ""JPN"", ""LAM"", ""MDA"", ""MEA"", ""MEX"", ""NIG"", ""RUS"", ""SKT"", ""USA""]","[""Total Annualised Cost|Industry|Non-Ferrous Metals|Aluminum""]",84019.52361767352,Millions USD_2010/yr,151442.6773772102,Millions USD_2010/yr,100.0,-100.0,84019.52361767352,151442.6773772102,ndc_noce,2050
baseline_noce,NDC+LTT,No CE,d,Global,Cement,Cement,Annualised sector-cost change,noce,2019,0.0,%,context,"[""AFE"", ""AFN"", ""AFW"", ""AFZ"", ""ANZ"", ""ASC"", ""ASE"", ""ASO"", ""BRA"", ""CAN"", ""CHL"", ""CHN"", ""ENE"", ""ENW"", ""EUE"", ""EUM"", ""EUW"", ""IDN"", ""IND"", ""JPN"", ""LAM"", ""MDA"", ""MEA"", ""MEX"", ""NIG"", ""RUS"", ""SKT"", ""USA""]","[""Total Annualised Cost|Industry|Non-Metallic Minerals|Cement""]",104605.06988172908,Millions USD_2010/yr,104605.06988172908,Millions USD_2010/yr,100.0,-100.0,104605.06988172908,104605.06988172908,baseline_noce,2019
baseline_noce,NDC+LTT,No CE,d,Global,Cement,Cement,Annualised sector-cost change,noce,2024,0.0,%,plotted,"[""AFE"", ""AFN"", ""AFW"", ""AFZ"", ""ANZ"", ""ASC"", ""ASE"", ""ASO"", ""BRA"", ""CAN"", ""CHL"", ""CHN"", ""ENE"", ""ENW"", ""EUE"", ""EUM"", ""EUW"", ""IDN"", ""IND"", ""JPN"", ""LAM"", ""MDA"", ""MEA"", ""MEX"", ""NIG"", ""RUS"", ""SKT"", ""USA""]","[""Total Annualised Cost|Industry|Non-Metallic Minerals|Cement""]",178886.34915972987,Millions USD_2010/yr,178886.34915972987,Millions USD_2010/yr,100.0,-100.0,178886.34915972987,178886.34915972987,baseline_noce,2024
baseline_noce,NDC+LTT,No CE,d,Global,Cement,Cement,Annualised sector-cost change,noce,2030,0.0,%,plotted,"[""AFE"", ""AFN"", ""AFW"", ""AFZ"", ""ANZ"", ""ASC"", ""ASE"", ""ASO"", ""BRA"", ""CAN"", ""CHL"", ""CHN"", ""ENE"", ""ENW"", ""EUE"", ""EUM"", ""EUW"", ""IDN"", ""IND"", ""JPN"", ""LAM"", ""MDA"", ""MEA"", ""MEX"", ""NIG"", ""RUS"", ""SKT"", ""USA""]","[""Total Annualised Cost|Industry|Non-Metallic Minerals|Cement""]",331093.89253432816,Millions USD_2010/yr,331093.89253432816,Millions USD_2010/yr,100.0,-100.0,331093.89253432816,331093.89253432816,baseline_noce,2030
baseline_noce,NDC+LTT,No CE,d,Global,Cement,Cement,Annualised sector-cost change,noce,2035,0.0,%,plotted,"[""AFE"", ""AFN"", ""AFW"", ""AFZ"", ""ANZ"", ""ASC"", ""ASE"", ""ASO"", ""BRA"", ""CAN"", ""CHL"", ""CHN"", ""ENE"", ""ENW"", ""EUE"", ""EUM"", ""EUW"", ""IDN"", ""IND"", ""JPN"", ""LAM"", ""MDA"", ""MEA"", ""MEX"", ""NIG"", ""RUS"", ""SKT"", ""USA""]","[""Total Annualised Cost|Industry|Non-Metallic Minerals|Cement""]",422932.6031034711,Millions USD_2010/yr,422932.6031034711,Millions USD_2010/yr,100.0,-100.0,422932.6031034711,422932.6031034711,baseline_noce,2035
baseline_noce,NDC+LTT,No CE,d,Global,Cement,Cement,Annualised sector-cost change,noce,2040,0.0,%,plotted,"[""AFE"", ""AFN"", ""AFW"", ""AFZ"", ""ANZ"", ""ASC"", ""ASE"", ""ASO"", ""BRA"", ""CAN"", ""CHL"", ""CHN"", ""ENE"", ""ENW"", ""EUE"", ""EUM"", ""EUW"", ""IDN"", ""IND"", ""JPN"", ""LAM"", ""MDA"", ""MEA"", ""MEX"", ""NIG"", ""RUS"", ""SKT"", ""USA""]","[""Total Annualised Cost|Industry|Non-Metallic Minerals|Cement""]",584114.6752148796,Millions USD_2010/yr,584114.6752148796,Millions USD_2010/yr,100.0,-100.0,584114.6752148796,584114.6752148796,baseline_noce,2040
baseline_noce,NDC+LTT,No CE,d,Global,Cement,Cement,Annualised sector-cost change,noce,2050,0.0,%,plotted,"[""AFE"", ""AFN"", ""AFW"", ""AFZ"", ""ANZ"", ""ASC"", ""ASE"", ""ASO"", ""BRA"", ""CAN"", ""CHL"", ""CHN"", ""ENE"", ""ENW"", ""EUE"", ""EUM"", ""EUW"", ""IDN"", ""IND"", ""JPN"", ""LAM"", ""MDA"", ""MEA"", ""MEX"", ""NIG"", ""RUS"", ""SKT"", ""USA""]","[""Total Annualised Cost|Industry|Non-Metallic Minerals|Cement""]",777142.3333003592,Millions USD_2010/yr,777142.3333003592,Millions USD_2010/yr,100.0,-100.0,777142.3333003592,777142.3333003592,baseline_noce,2050
baseline_medce_eu,NDC+LTT,"Medium CE, EU",d,Global,Cement,Cement,Annualised sector-cost change,medce_eu,2019,0.0,%,context,"[""AFE"", ""AFN"", ""AFW"", ""AFZ"", ""ANZ"", ""ASC"", ""ASE"", ""ASO"", ""BRA"", ""CAN"", ""CHL"", ""CHN"", ""ENE"", ""ENW"", ""EUE"", ""EUM"", ""EUW"", ""IDN"", ""IND"", ""JPN"", ""LAM"", ""MDA"", ""MEA"", ""MEX"", ""NIG"", ""RUS"", ""SKT"", ""USA""]","[""Total Annualised Cost|Industry|Non-Metallic Minerals|Cement""]",104605.06988172908,Millions USD_2010/yr,104605.06988172908,Millions USD_2010/yr,100.0,-100.0,104605.06988172908,104605.06988172908,baseline_noce,2019
baseline_medce_eu,NDC+LTT,"Medium CE, EU",d,Global,Cement,Cement,Annualised sector-cost change,medce_eu,2024,0.0,%,plotted,"[""AFE"", ""AFN"", ""AFW"", ""AFZ"", ""ANZ"", ""ASC"", ""ASE"", ""ASO"", ""BRA"", ""CAN"", ""CHL"", ""CHN"", ""ENE"", ""ENW"", ""EUE"", ""EUM"", ""EUW"", ""IDN"", ""IND"", ""JPN"", ""LAM"", ""MDA"", ""MEA"", ""MEX"", ""NIG"", ""RUS"", ""SKT"", ""USA""]","[""Total Annualised Cost|Industry|Non-Metallic Minerals|Cement""]",178886.34915972987,Millions USD_2010/yr,178886.34915972987,Millions USD_2010/yr,100.0,-100.0,178886.34915972987,178886.34915972987,baseline_noce,2024
baseline_medce_eu,NDC+LTT,"Medium CE, EU",d,Global,Cement,Cement,Annualised sector-cost change,medce_eu,2030,1.802631860011614,%,plotted,"[""AFE"", ""AFN"", ""AFW"", ""AFZ"", ""ANZ"", ""ASC"", ""ASE"", ""ASO"", ""BRA"", ""CAN"", ""CHL"", ""CHN"", ""ENE"", ""ENW"", ""EUE"", ""EUM"", ""EUW"", ""IDN"", ""IND"", ""JPN"", ""LAM"", ""MDA"", ""MEA"", ""MEX"", ""NIG"", ""RUS"", ""SKT"", ""USA""]","[""Total Annualised Cost|Industry|Non-Metallic Minerals|Cement""]",337062.2965277046,Millions USD_2010/yr,331093.89253432816,Millions USD_2010/yr,100.0,-100.0,337062.2965277046,331093.89253432816,baseline_noce,2030
baseline_medce_eu,NDC+LTT,"Medium CE, EU",d,Global,Cement,Cement,Annualised sector-cost change,medce_eu,2035,1.7688159828592436,%,plotted,"[""AFE"", ""AFN"", ""AFW"", ""AFZ"", ""ANZ"", ""ASC"", ""ASE"", ""ASO"", ""BRA"", ""CAN"", ""CHL"", ""CHN"", ""ENE"", ""ENW"", ""EUE"", ""EUM"", ""EUW"", ""IDN"", ""IND"", ""JPN"", ""LAM"", ""MDA"", ""MEA"", ""MEX"", ""NIG"", ""RUS"", ""SKT"", ""USA""]","[""Total Annualised Cost|Industry|Non-Metallic Minerals|Cement""]",430413.50258388795,Millions USD_2010/yr,422932.6031034711,Millions USD_2010/yr,100.0,-100.0,430413.50258388795,422932.6031034711,baseline_noce,2035
baseline_medce_eu,NDC+LTT,"Medium CE, EU",d,Global,Cement,Cement,Annualised sector-cost change,medce_eu,2040,1.4216007823849652,%,plotted,"[""AFE"", ""AFN"", ""AFW"", ""AFZ"", ""ANZ"", ""ASC"", ""ASE"", ""ASO"", ""BRA"", ""CAN"", ""CHL"", ""CHN"", ""ENE"", ""ENW"", ""EUE"", ""EUM"", ""EUW"", ""IDN"", ""IND"", ""JPN"", ""LAM"", ""MDA"", ""MEA"", ""MEX"", ""NIG"", ""RUS"", ""SKT"", ""USA""]","[""Total Annualised Cost|Industry|Non-Metallic Minerals|Cement""]",592418.4540077597,Millions USD_2010/yr,584114.6752148796,Millions USD_2010/yr,100.0,-100.0,592418.4540077597,584114.6752148796,baseline_noce,2040
baseline_medce_eu,NDC+LTT,"Medium CE, EU",d,Global,Cement,Cement,Annualised sector-cost change,medce_eu,2050,1.0280219415002572,%,plotted,"[""AFE"", ""AFN"", ""AFW"", ""AFZ"", ""ANZ"", ""ASC"", ""ASE"", ""ASO"", ""BRA"", ""CAN"", ""CHL"", ""CHN"", ""ENE"", ""ENW"", ""EUE"", ""EUM"", ""EUW"", ""IDN"", ""IND"", ""JPN"", ""LAM"", ""MDA"", ""MEA"", ""MEX"", ""NIG"", ""RUS"", ""SKT"", ""USA""]","[""Total Annualised Cost|Industry|Non-Metallic Minerals|Cement""]",785131.527003374,Millions USD_2010/yr,777142.3333003592,Millions USD_2010/yr,100.0,-100.0,785131.527003374,777142.3333003592,baseline_noce,2050
baseline_highce_eu,NDC+LTT,"High CE, EU",d,Global,Cement,Cement,Annualised sector-cost change,highce_eu,2019,0.0,%,context,"[""AFE"", ""AFN"", ""AFW"", ""AFZ"", ""ANZ"", ""ASC"", ""ASE"", ""ASO"", ""BRA"", ""CAN"", ""CHL"", ""CHN"", ""ENE"", ""ENW"", ""EUE"", ""EUM"", ""EUW"", ""IDN"", ""IND"", ""JPN"", ""LAM"", ""MDA"", ""MEA"", ""MEX"", ""NIG"", ""RUS"", ""SKT"", ""USA""]","[""Total Annualised Cost|Industry|Non-Metallic Minerals|Cement""]",104605.06988172908,Millions USD_2010/yr,104605.06988172908,Millions USD_2010/yr,100.0,-100.0,104605.06988172908,104605.06988172908,baseline_noce,2019
baseline_highce_eu,NDC+LTT,"High CE, EU",d,Global,Cement,Cement,Annualised sector-cost change,highce_eu,2024,0.0,%,plotted,"[""AFE"", ""AFN"", ""AFW"", ""AFZ"", ""ANZ"", ""ASC"", ""ASE"", ""ASO"", ""BRA"", ""CAN"", ""CHL"", ""CHN"", ""ENE"", ""ENW"", ""EUE"", ""EUM"", ""EUW"", ""IDN"", ""IND"", ""JPN"", ""LAM"", ""MDA"", ""MEA"", ""MEX"", ""NIG"", ""RUS"", ""SKT"", ""USA""]","[""Total Annualised Cost|Industry|Non-Metallic Minerals|Cement""]",178886.34915972987,Millions USD_2010/yr,178886.34915972987,Millions USD_2010/yr,100.0,-100.0,178886.34915972987,178886.34915972987,baseline_noce,2024
baseline_highce_eu,NDC+LTT,"High CE, EU",d,Global,Cement,Cement,Annualised sector-cost change,highce_eu,2030,1.5664866012059318,%,plotted,"[""AFE"", ""AFN"", ""AFW"", ""AFZ"", ""ANZ"", ""ASC"", ""ASE"", ""ASO"", ""BRA"", ""CAN"", ""CHL"", ""CHN"", ""ENE"", ""ENW"", ""EUE"", ""EUM"", ""EUW"", ""IDN"", ""IND"", ""JPN"", ""LAM"", ""MDA"", ""MEA"", ""MEX"", ""NIG"", ""RUS"", ""SKT"", ""USA""]","[""Total Annualised Cost|Industry|Non-Metallic Minerals|Cement""]",336280.4339982896,Millions USD_2010/yr,331093.89253432816,Millions USD_2010/yr,100.0,-100.0,336280.4339982896,331093.89253432816,baseline_noce,2030
baseline_highce_eu,NDC+LTT,"High CE, EU",d,Global,Cement,Cement,Annualised sector-cost change,highce_eu,2035,1.4375780510682192,%,plotted,"[""AFE"", ""AFN"", ""AFW"", ""AFZ"", ""ANZ"", ""ASC"", ""ASE"", ""ASO"", ""BRA"", ""CAN"", ""CHL"", ""CHN"", ""ENE"", ""ENW"", ""EUE"", ""EUM"", ""EUW"", ""IDN"", ""IND"", ""JPN"", ""LAM"", ""MDA"", ""MEA"", ""MEX"", ""NIG"", ""RUS"", ""SKT"", ""USA""]","[""Total Annualised Cost|Industry|Non-Metallic Minerals|Cement""]",429012.5893764981,Millions USD_2010/yr,422932.6031034711,Millions USD_2010/yr,100.0,-100.0,429012.5893764981,422932.6031034711,baseline_noce,2035
baseline_highce_eu,NDC+LTT,"High CE, EU",d,Global,Cement,Cement,Annualised sector-cost change,highce_eu,2040,1.089601075926703,%,plotted,"[""AFE"", ""AFN"", ""AFW"", ""AFZ"", ""ANZ"", ""ASC"", ""ASE"", ""ASO"", ""BRA"", ""CAN"", ""CHL"", ""CHN"", ""ENE"", ""ENW"", ""EUE"", ""EUM"", ""EUW"", ""IDN"", ""IND"", ""JPN"", ""LAM"", ""MDA"", ""MEA"", ""MEX"", ""NIG"", ""RUS"", ""SKT"", ""USA""]","[""Total Annualised Cost|Industry|Non-Metallic Minerals|Cement""]",590479.1950006667,Millions USD_2010/yr,584114.6752148796,Millions USD_2010/yr,100.0,-100.0,590479.1950006667,584114.6752148796,baseline_noce,2040
baseline_highce_eu,NDC+LTT,"High CE, EU",d,Global,Cement,Cement,Annualised sector-cost change,highce_eu,2050,0.688214509618209,%,plotted,"[""AFE"", ""AFN"", ""AFW"", ""AFZ"", ""ANZ"", ""ASC"", ""ASE"", ""ASO"", ""BRA"", ""CAN"", ""CHL"", ""CHN"", ""ENE"", ""ENW"", ""EUE"", ""EUM"", ""EUW"", ""IDN"", ""IND"", ""JPN"", ""LAM"", ""MDA"", ""MEA"", ""MEX"", ""NIG"", ""RUS"", ""SKT"", ""USA""]","[""Total Annualised Cost|Industry|Non-Metallic Minerals|Cement""]",782490.7395985178,Millions USD_2010/yr,777142.3333003592,Millions USD_2010/yr,100.0,-100.0,782490.7395985178,777142.3333003592,baseline_noce,2050
baseline_medce_gbl,NDC+LTT,"Medium CE, EU + partners",d,Global,Cement,Cement,Annualised sector-cost change,medce_gbl,2019,0.0,%,context,"[""AFE"", ""AFN"", ""AFW"", ""AFZ"", ""ANZ"", ""ASC"", ""ASE"", ""ASO"", ""BRA"", ""CAN"", ""CHL"", ""CHN"", ""ENE"", ""ENW"", ""EUE"", ""EUM"", ""EUW"", ""IDN"", ""IND"", ""JPN"", ""LAM"", ""MDA"", ""MEA"", ""MEX"", ""NIG"", ""RUS"", ""SKT"", ""USA""]","[""Total Annualised Cost|Industry|Non-Metallic Minerals|Cement""]",104605.06988172908,Millions USD_2010/yr,104605.06988172908,Millions USD_2010/yr,100.0,-100.0,104605.06988172908,104605.06988172908,baseline_noce,2019
baseline_medce_gbl,NDC+LTT,"Medium CE, EU + partners",d,Global,Cement,Cement,Annualised sector-cost change,medce_gbl,2024,0.0,%,plotted,"[""AFE"", ""AFN"", ""AFW"", ""AFZ"", ""ANZ"", ""ASC"", ""ASE"", ""ASO"", ""BRA"", ""CAN"", ""CHL"", ""CHN"", ""ENE"", ""ENW"", ""EUE"", ""EUM"", ""EUW"", ""IDN"", ""IND"", ""JPN"", ""LAM"", ""MDA"", ""MEA"", ""MEX"", ""NIG"", ""RUS"", ""SKT"", ""USA""]","[""Total Annualised Cost|Industry|Non-Metallic Minerals|Cement""]",178886.34915972987,Millions USD_2010/yr,178886.34915972987,Millions USD_2010/yr,100.0,-100.0,178886.34915972987,178886.34915972987,baseline_noce,2024
baseline_medce_gbl,NDC+LTT,"Medium CE, EU + partners",d,Global,Cement,Cement,Annualised sector-cost change,medce_gbl,2030,-6.188717053710407,%,plotted,"[""AFE"", ""AFN"", ""AFW"", ""AFZ"", ""ANZ"", ""ASC"", ""ASE"", ""ASO"", ""BRA"", ""CAN"", ""CHL"", ""CHN"", ""ENE"", ""ENW"", ""EUE"", ""EUM"", ""EUW"", ""IDN"", ""IND"", ""JPN"", ""LAM"", ""MDA"", ""MEA"", ""MEX"", ""NIG"", ""RUS"", ""SKT"", ""USA""]","[""Total Annualised Cost|Industry|Non-Metallic Minerals|Cement""]",310603.4283432626,Millions USD_2010/yr,331093.89253432816,Millions USD_2010/yr,100.0,-100.0,310603.4283432626,331093.89253432816,baseline_noce,2030
baseline_medce_gbl,NDC+LTT,"Medium CE, EU + partners",d,Global,Cement,Cement,Annualised sector-cost change,medce_gbl,2035,-7.918486386330835,%,plotted,"[""AFE"", ""AFN"", ""AFW"", ""AFZ"", ""ANZ"", ""ASC"", ""ASE"", ""ASO"", ""BRA"", ""CAN"", ""CHL"", ""CHN"", ""ENE"", ""ENW"", ""EUE"", ""EUM"", ""EUW"", ""IDN"", ""IND"", ""JPN"", ""LAM"", ""MDA"", ""MEA"", ""MEX"", ""NIG"", ""RUS"", ""SKT"", ""USA""]","[""Total Annualised Cost|Industry|Non-Metallic Minerals|Cement""]",389442.7425033681,Millions USD_2010/yr,422932.6031034711,Millions USD_2010/yr,100.0,-100.0,389442.7425033681,422932.6031034711,baseline_noce,2035
baseline_medce_gbl,NDC+LTT,"Medium CE, EU + partners",d,Global,Cement,Cement,Annualised sector-cost change,medce_gbl,2040,-8.809804987180634,%,plotted,"[""AFE"", ""AFN"", ""AFW"", ""AFZ"", ""ANZ"", ""ASC"", ""ASE"", ""ASO"", ""BRA"", ""CAN"", ""CHL"", ""CHN"", ""ENE"", ""ENW"", ""EUE"", ""EUM"", ""EUW"", ""IDN"", ""IND"", ""JPN"", ""LAM"", ""MDA"", ""MEA"", ""MEX"", ""NIG"", ""RUS"", ""SKT"", ""USA""]","[""Total Annualised Cost|Industry|Non-Metallic Minerals|Cement""]",532655.3114269451,Millions USD_2010/yr,584114.6752148796,Millions USD_2010/yr,100.0,-100.0,532655.3114269451,584114.6752148796,baseline_noce,2040
baseline_medce_gbl,NDC+LTT,"Medium CE, EU + partners",d,Global,Cement,Cement,Annualised sector-cost change,medce_gbl,2050,-10.027877115264705,%,plotted,"[""AFE"", ""AFN"", ""AFW"", ""AFZ"", ""ANZ"", ""ASC"", ""ASE"", ""ASO"", ""BRA"", ""CAN"", ""CHL"", ""CHN"", ""ENE"", ""ENW"", ""EUE"", ""EUM"", ""EUW"", ""IDN"", ""IND"", ""JPN"", ""LAM"", ""MDA"", ""MEA"", ""MEX"", ""NIG"", ""RUS"", ""SKT"", ""USA""]","[""Total Annualised Cost|Industry|Non-Metallic Minerals|Cement""]",699211.4551062983,Millions USD_2010/yr,777142.3333003592,Millions USD_2010/yr,100.0,-100.0,699211.4551062983,777142.3333003592,baseline_noce,2050
baseline_highce_gbl,NDC+LTT,"High CE, EU + partners",d,Global,Cement,Cement,Annualised sector-cost change,highce_gbl,2019,0.0,%,context,"[""AFE"", ""AFN"", ""AFW"", ""AFZ"", ""ANZ"", ""ASC"", ""ASE"", ""ASO"", ""BRA"", ""CAN"", ""CHL"", ""CHN"", ""ENE"", ""ENW"", ""EUE"", ""EUM"", ""EUW"", ""IDN"", ""IND"", ""JPN"", ""LAM"", ""MDA"", ""MEA"", ""MEX"", ""NIG"", ""RUS"", ""SKT"", ""USA""]","[""Total Annualised Cost|Industry|Non-Metallic Minerals|Cement""]",104605.06988172908,Millions USD_2010/yr,104605.06988172908,Millions USD_2010/yr,100.0,-100.0,104605.06988172908,104605.06988172908,baseline_noce,2019
baseline_highce_gbl,NDC+LTT,"High CE, EU + partners",d,Global,Cement,Cement,Annualised sector-cost change,highce_gbl,2024,0.0,%,plotted,"[""AFE"", ""AFN"", ""AFW"", ""AFZ"", ""ANZ"", ""ASC"", ""ASE"", ""ASO"", ""BRA"", ""CAN"", ""CHL"", ""CHN"", ""ENE"", ""ENW"", ""EUE"", ""EUM"", ""EUW"", ""IDN"", ""IND"", ""JPN"", ""LAM"", ""MDA"", ""MEA"", ""MEX"", ""NIG"", ""RUS"", ""SKT"", ""USA""]","[""Total Annualised Cost|Industry|Non-Metallic Minerals|Cement""]",178886.34915972987,Millions USD_2010/yr,178886.34915972987,Millions USD_2010/yr,100.0,-100.0,178886.34915972987,178886.34915972987,baseline_noce,2024
baseline_highce_gbl,NDC+LTT,"High CE, EU + partners",d,Global,Cement,Cement,Annualised sector-cost change,highce_gbl,2030,-9.2293792241953,%,plotted,"[""AFE"", ""AFN"", ""AFW"", ""AFZ"", ""ANZ"", ""ASC"", ""ASE"", ""ASO"", ""BRA"", ""CAN"", ""CHL"", ""CHN"", ""ENE"", ""ENW"", ""EUE"", ""EUM"", ""EUW"", ""IDN"", ""IND"", ""JPN"", ""LAM"", ""MDA"", ""MEA"", ""MEX"", ""NIG"", ""RUS"", ""SKT"", ""USA""]","[""Total Annualised Cost|Industry|Non-Metallic Minerals|Cement""]",300535.98160418536,Millions USD_2010/yr,331093.89253432816,Millions USD_2010/yr,100.0,-100.0,300535.98160418536,331093.89253432816,baseline_noce,2030
baseline_highce_gbl,NDC+LTT,"High CE, EU + partners",d,Global,Cement,Cement,Annualised sector-cost change,highce_gbl,2035,-12.329731733120719,%,plotted,"[""AFE"", ""AFN"", ""AFW"", ""AFZ"", ""ANZ"", ""ASC"", ""ASE"", ""ASO"", ""BRA"", ""CAN"", ""CHL"", ""CHN"", ""ENE"", ""ENW"", ""EUE"", ""EUM"", ""EUW"", ""IDN"", ""IND"", ""JPN"", ""LAM"", ""MDA"", ""MEA"", ""MEX"", ""NIG"", ""RUS"", ""SKT"", ""USA""]","[""Total Annualised Cost|Industry|Non-Metallic Minerals|Cement""]",370786.1477289089,Millions USD_2010/yr,422932.6031034711,Millions USD_2010/yr,100.0,-100.0,370786.1477289089,422932.6031034711,baseline_noce,2035
baseline_highce_gbl,NDC+LTT,"High CE, EU + partners",d,Global,Cement,Cement,Annualised sector-cost change,highce_gbl,2040,-16.168094816475314,%,plotted,"[""AFE"", ""AFN"", ""AFW"", ""AFZ"", ""ANZ"", ""ASC"", ""ASE"", ""ASO"", ""BRA"", ""CAN"", ""CHL"", ""CHN"", ""ENE"", ""ENW"", ""EUE"", ""EUM"", ""EUW"", ""IDN"", ""IND"", ""JPN"", ""LAM"", ""MDA"", ""MEA"", ""MEX"", ""NIG"", ""RUS"", ""SKT"", ""USA""]","[""Total Annualised Cost|Industry|Non-Metallic Minerals|Cement""]",489674.460689191,Millions USD_2010/yr,584114.6752148796,Millions USD_2010/yr,100.0,-100.0,489674.460689191,584114.6752148796,baseline_noce,2040
baseline_highce_gbl,NDC+LTT,"High CE, EU + partners",d,Global,Cement,Cement,Annualised sector-cost change,highce_gbl,2050,-18.42187611093557,%,plotted,"[""AFE"", ""AFN"", ""AFW"", ""AFZ"", ""ANZ"", ""ASC"", ""ASE"", ""ASO"", ""BRA"", ""CAN"", ""CHL"", ""CHN"", ""ENE"", ""ENW"", ""EUE"", ""EUM"", ""EUW"", ""IDN"", ""IND"", ""JPN"", ""LAM"", ""MDA"", ""MEA"", ""MEX"", ""NIG"", ""RUS"", ""SKT"", ""USA""]","[""Total Annualised Cost|Industry|Non-Metallic Minerals|Cement""]",633978.135454133,Millions USD_2010/yr,777142.3333003592,Millions USD_2010/yr,100.0,-100.0,633978.135454133,777142.3333003592,baseline_noce,2050
baseline_noce,NDC+LTT,No CE,e,Global,Iron and steel,Iron and steel,Annualised sector-cost change,noce,2019,0.0,%,context,"[""AFE"", ""AFN"", ""AFW"", ""AFZ"", ""ANZ"", ""ASC"", ""ASE"", ""ASO"", ""BRA"", ""CAN"", ""CHL"", ""CHN"", ""ENE"", ""ENW"", ""EUE"", ""EUM"", ""EUW"", ""IDN"", ""IND"", ""JPN"", ""LAM"", ""MDA"", ""MEA"", ""MEX"", ""NIG"", ""RUS"", ""SKT"", ""USA""]","[""Total Annualised Cost|Industry|Iron and Steel""]",4959455.128965229,Millions USD_2010/yr,4959455.128965229,Millions USD_2010/yr,100.0,-100.0,4959455.128965229,4959455.128965229,baseline_noce,2019
baseline_noce,NDC+LTT,No CE,e,Global,Iron and steel,Iron and steel,Annualised sector-cost change,noce,2024,0.0,%,plotted,"[""AFE"", ""AFN"", ""AFW"", ""AFZ"", ""ANZ"", ""ASC"", ""ASE"", ""ASO"", ""BRA"", ""CAN"", ""CHL"", ""CHN"", ""ENE"", ""ENW"", ""EUE"", ""EUM"", ""EUW"", ""IDN"", ""IND"", ""JPN"", ""LAM"", ""MDA"", ""MEA"", ""MEX"", ""NIG"", ""RUS"", ""SKT"", ""USA""]","[""Total Annualised Cost|Industry|Iron and Steel""]",201938.09721133878,Millions USD_2010/yr,201938.09721133878,Millions USD_2010/yr,100.0,-100.0,201938.09721133878,201938.09721133878,baseline_noce,2024
baseline_noce,NDC+LTT,No CE,e,Global,Iron and steel,Iron and steel,Annualised sector-cost change,noce,2030,0.0,%,plotted,"[""AFE"", ""AFN"", ""AFW"", ""AFZ"", ""ANZ"", ""ASC"", ""ASE"", ""ASO"", ""BRA"", ""CAN"", ""CHL"", ""CHN"", ""ENE"", ""ENW"", ""EUE"", ""EUM"", ""EUW"", ""IDN"", ""IND"", ""JPN"", ""LAM"", ""MDA"", ""MEA"", ""MEX"", ""NIG"", ""RUS"", ""SKT"", ""USA""]","[""Total Annualised Cost|Industry|Iron and Steel""]",295982.7557650916,Millions USD_2010/yr,295982.7557650916,Millions USD_2010/yr,100.0,-100.0,295982.7557650916,295982.7557650916,baseline_noce,2030
baseline_noce,NDC+LTT,No CE,e,Global,Iron and steel,Iron and steel,Annualised sector-cost change,noce,2035,0.0,%,plotted,"[""AFE"", ""AFN"", ""AFW"", ""AFZ"", ""ANZ"", ""ASC"", ""ASE"", ""ASO"", ""BRA"", ""CAN"", ""CHL"", ""CHN"", ""ENE"", ""ENW"", ""EUE"", ""EUM"", ""EUW"", ""IDN"", ""IND"", ""JPN"", ""LAM"", ""MDA"", ""MEA"", ""MEX"", ""NIG"", ""RUS"", ""SKT"", ""USA""]","[""Total Annualised Cost|Industry|Iron and Steel""]",319762.7455424265,Millions USD_2010/yr,319762.7455424265,Millions USD_2010/yr,100.0,-100.0,319762.7455424265,319762.7455424265,baseline_noce,2035
baseline_noce,NDC+LTT,No CE,e,Global,Iron and steel,Iron and steel,Annualised sector-cost change,noce,2040,0.0,%,plotted,"[""AFE"", ""AFN"", ""AFW"", ""AFZ"", ""ANZ"", ""ASC"", ""ASE"", ""ASO"", ""BRA"", ""CAN"", ""CHL"", ""CHN"", ""ENE"", ""ENW"", ""EUE"", ""EUM"", ""EUW"", ""IDN"", ""IND"", ""JPN"", ""LAM"", ""MDA"", ""MEA"", ""MEX"", ""NIG"", ""RUS"", ""SKT"", ""USA""]","[""Total Annualised Cost|Industry|Iron and Steel""]",511224.19724813633,Millions USD_2010/yr,511224.19724813633,Millions USD_2010/yr,100.0,-100.0,511224.19724813633,511224.19724813633,baseline_noce,2040
baseline_noce,NDC+LTT,No CE,e,Global,Iron and steel,Iron and steel,Annualised sector-cost change,noce,2050,0.0,%,plotted,"[""AFE"", ""AFN"", ""AFW"", ""AFZ"", ""ANZ"", ""ASC"", ""ASE"", ""ASO"", ""BRA"", ""CAN"", ""CHL"", ""CHN"", ""ENE"", ""ENW"", ""EUE"", ""EUM"", ""EUW"", ""IDN"", ""IND"", ""JPN"", ""LAM"", ""MDA"", ""MEA"", ""MEX"", ""NIG"", ""RUS"", ""SKT"", ""USA""]","[""Total Annualised Cost|Industry|Iron and Steel""]",709327.2214321663,Millions USD_2010/yr,709327.2214321663,Millions USD_2010/yr,100.0,-100.0,709327.2214321663,709327.2214321663,baseline_noce,2050
baseline_medce_eu,NDC+LTT,"Medium CE, EU",e,Global,Iron and steel,Iron and steel,Annualised sector-cost change,medce_eu,2019,0.0,%,context,"[""AFE"", ""AFN"", ""AFW"", ""AFZ"", ""ANZ"", ""ASC"", ""ASE"", ""ASO"", ""BRA"", ""CAN"", ""CHL"", ""CHN"", ""ENE"", ""ENW"", ""EUE"", ""EUM"", ""EUW"", ""IDN"", ""IND"", ""JPN"", ""LAM"", ""MDA"", ""MEA"", ""MEX"", ""NIG"", ""RUS"", ""SKT"", ""USA""]","[""Total Annualised Cost|Industry|Iron and Steel""]",4959455.128965229,Millions USD_2010/yr,4959455.128965229,Millions USD_2010/yr,100.0,-100.0,4959455.128965229,4959455.128965229,baseline_noce,2019
baseline_medce_eu,NDC+LTT,"Medium CE, EU",e,Global,Iron and steel,Iron and steel,Annualised sector-cost change,medce_eu,2024,0.0,%,plotted,"[""AFE"", ""AFN"", ""AFW"", ""AFZ"", ""ANZ"", ""ASC"", ""ASE"", ""ASO"", ""BRA"", ""CAN"", ""CHL"", ""CHN"", ""ENE"", ""ENW"", ""EUE"", ""EUM"", ""EUW"", ""IDN"", ""IND"", ""JPN"", ""LAM"", ""MDA"", ""MEA"", ""MEX"", ""NIG"", ""RUS"", ""SKT"", ""USA""]","[""Total Annualised Cost|Industry|Iron and Steel""]",201938.09721133878,Millions USD_2010/yr,201938.09721133878,Millions USD_2010/yr,100.0,-100.0,201938.09721133878,201938.09721133878,baseline_noce,2024
baseline_medce_eu,NDC+LTT,"Medium CE, EU",e,Global,Iron and steel,Iron and steel,Annualised sector-cost change,medce_eu,2030,-3.1436010778623484,%,plotted,"[""AFE"", ""AFN"", ""AFW"", ""AFZ"", ""ANZ"", ""ASC"", ""ASE"", ""ASO"", ""BRA"", ""CAN"", ""CHL"", ""CHN"", ""ENE"", ""ENW"", ""EUE"", ""EUM"", ""EUW"", ""IDN"", ""IND"", ""JPN"", ""LAM"", ""MDA"", ""MEA"", ""MEX"", ""NIG"", ""RUS"", ""SKT"", ""USA""]","[""Total Annualised Cost|Industry|Iron and Steel""]",286678.2386645735,Millions USD_2010/yr,295982.7557650916,Millions USD_2010/yr,100.0,-100.0,286678.2386645735,295982.7557650916,baseline_noce,2030
baseline_medce_eu,NDC+LTT,"Medium CE, EU",e,Global,Iron and steel,Iron and steel,Annualised sector-cost change,medce_eu,2035,-1.9092633570275415,%,plotted,"[""AFE"", ""AFN"", ""AFW"", ""AFZ"", ""ANZ"", ""ASC"", ""ASE"", ""ASO"", ""BRA"", ""CAN"", ""CHL"", ""CHN"", ""ENE"", ""ENW"", ""EUE"", ""EUM"", ""EUW"", ""IDN"", ""IND"", ""JPN"", ""LAM"", ""MDA"", ""MEA"", ""MEX"", ""NIG"", ""RUS"", ""SKT"", ""USA""]","[""Total Annualised Cost|Industry|Iron and Steel""]",313657.6326123597,Millions USD_2010/yr,319762.7455424265,Millions USD_2010/yr,100.0,-100.0,313657.6326123597,319762.7455424265,baseline_noce,2035
baseline_medce_eu,NDC+LTT,"Medium CE, EU",e,Global,Iron and steel,Iron and steel,Annualised sector-cost change,medce_eu,2040,-3.8906562491802887,%,plotted,"[""AFE"", ""AFN"", ""AFW"", ""AFZ"", ""ANZ"", ""ASC"", ""ASE"", ""ASO"", ""BRA"", ""CAN"", ""CHL"", ""CHN"", ""ENE"", ""ENW"", ""EUE"", ""EUM"", ""EUW"", ""IDN"", ""IND"", ""JPN"", ""LAM"", ""MDA"", ""MEA"", ""MEX"", ""NIG"", ""RUS"", ""SKT"", ""USA""]","[""Total Annualised Cost|Industry|Iron and Steel""]",491334.22107057995,Millions USD_2010/yr,511224.19724813633,Millions USD_2010/yr,100.0,-100.0,491334.22107057995,511224.19724813633,baseline_noce,2040
baseline_medce_eu,NDC+LTT,"Medium CE, EU",e,Global,Iron and steel,Iron and steel,Annualised sector-cost change,medce_eu,2050,-9.528160598261461,%,plotted,"[""AFE"", ""AFN"", ""AFW"", ""AFZ"", ""ANZ"", ""ASC"", ""ASE"", ""ASO"", ""BRA"", ""CAN"", ""CHL"", ""CHN"", ""ENE"", ""ENW"", ""EUE"", ""EUM"", ""EUW"", ""IDN"", ""IND"", ""JPN"", ""LAM"", ""MDA"", ""MEA"", ""MEX"", ""NIG"", ""RUS"", ""SKT"", ""USA""]","[""Total Annualised Cost|Industry|Iron and Steel""]",641741.3846069238,Millions USD_2010/yr,709327.2214321663,Millions USD_2010/yr,100.0,-100.0,641741.3846069238,709327.2214321663,baseline_noce,2050
baseline_highce_eu,NDC+LTT,"High CE, EU",e,Global,Iron and steel,Iron and steel,Annualised sector-cost change,highce_eu,2019,0.0,%,context,"[""AFE"", ""AFN"", ""AFW"", ""AFZ"", ""ANZ"", ""ASC"", ""ASE"", ""ASO"", ""BRA"", ""CAN"", ""CHL"", ""CHN"", ""ENE"", ""ENW"", ""EUE"", ""EUM"", ""EUW"", ""IDN"", ""IND"", ""JPN"", ""LAM"", ""MDA"", ""MEA"", ""MEX"", ""NIG"", ""RUS"", ""SKT"", ""USA""]","[""Total Annualised Cost|Industry|Iron and Steel""]",4959455.128965229,Millions USD_2010/yr,4959455.128965229,Millions USD_2010/yr,100.0,-100.0,4959455.128965229,4959455.128965229,baseline_noce,2019
baseline_highce_eu,NDC+LTT,"High CE, EU",e,Global,Iron and steel,Iron and steel,Annualised sector-cost change,highce_eu,2024,0.0,%,plotted,"[""AFE"", ""AFN"", ""AFW"", ""AFZ"", ""ANZ"", ""ASC"", ""ASE"", ""ASO"", ""BRA"", ""CAN"", ""CHL"", ""CHN"", ""ENE"", ""ENW"", ""EUE"", ""EUM"", ""EUW"", ""IDN"", ""IND"", ""JPN"", ""LAM"", ""MDA"", ""MEA"", ""MEX"", ""NIG"", ""RUS"", ""SKT"", ""USA""]","[""Total Annualised Cost|Industry|Iron and Steel""]",201938.09721133878,Millions USD_2010/yr,201938.09721133878,Millions USD_2010/yr,100.0,-100.0,201938.09721133878,201938.09721133878,baseline_noce,2024
baseline_highce_eu,NDC+LTT,"High CE, EU",e,Global,Iron and steel,Iron and steel,Annualised sector-cost change,highce_eu,2030,-3.145475472394912,%,plotted,"[""AFE"", ""AFN"", ""AFW"", ""AFZ"", ""ANZ"", ""ASC"", ""ASE"", ""ASO"", ""BRA"", ""CAN"", ""CHL"", ""CHN"", ""ENE"", ""ENW"", ""EUE"", ""EUM"", ""EUW"", ""IDN"", ""IND"", ""JPN"", ""LAM"", ""MDA"", ""MEA"", ""MEX"", ""NIG"", ""RUS"", ""SKT"", ""USA""]","[""Total Annualised Cost|Industry|Iron and Steel""]",286672.69077998213,Millions USD_2010/yr,295982.7557650916,Millions USD_2010/yr,100.0,-100.0,286672.69077998213,295982.7557650916,baseline_noce,2030
baseline_highce_eu,NDC+LTT,"High CE, EU",e,Global,Iron and steel,Iron and steel,Annualised sector-cost change,highce_eu,2035,-1.8897100157602764,%,plotted,"[""AFE"", ""AFN"", ""AFW"", ""AFZ"", ""ANZ"", ""ASC"", ""ASE"", ""ASO"", ""BRA"", ""CAN"", ""CHL"", ""CHN"", ""ENE"", ""ENW"", ""EUE"", ""EUM"", ""EUW"", ""IDN"", ""IND"", ""JPN"", ""LAM"", ""MDA"", ""MEA"", ""MEX"", ""NIG"", ""RUS"", ""SKT"", ""USA""]","[""Total Annualised Cost|Industry|Iron and Steel""]",313720.1569132412,Millions USD_2010/yr,319762.7455424265,Millions USD_2010/yr,100.0,-100.0,313720.1569132412,319762.7455424265,baseline_noce,2035
baseline_highce_eu,NDC+LTT,"High CE, EU",e,Global,Iron and steel,Iron and steel,Annualised sector-cost change,highce_eu,2040,-3.931611975615338,%,plotted,"[""AFE"", ""AFN"", ""AFW"", ""AFZ"", ""ANZ"", ""ASC"", ""ASE"", ""ASO"", ""BRA"", ""CAN"", ""CHL"", ""CHN"", ""ENE"", ""ENW"", ""EUE"", ""EUM"", ""EUW"", ""IDN"", ""IND"", ""JPN"", ""LAM"", ""MDA"", ""MEA"", ""MEX"", ""NIG"", ""RUS"", ""SKT"", ""USA""]","[""Total Annualised Cost|Industry|Iron and Steel""]",491124.8454868852,Millions USD_2010/yr,511224.19724813633,Millions USD_2010/yr,100.0,-100.0,491124.8454868852,511224.19724813633,baseline_noce,2040
baseline_highce_eu,NDC+LTT,"High CE, EU",e,Global,Iron and steel,Iron and steel,Annualised sector-cost change,highce_eu,2050,-9.639966907471436,%,plotted,"[""AFE"", ""AFN"", ""AFW"", ""AFZ"", ""ANZ"", ""ASC"", ""ASE"", ""ASO"", ""BRA"", ""CAN"", ""CHL"", ""CHN"", ""ENE"", ""ENW"", ""EUE"", ""EUM"", ""EUW"", ""IDN"", ""IND"", ""JPN"", ""LAM"", ""MDA"", ""MEA"", ""MEX"", ""NIG"", ""RUS"", ""SKT"", ""USA""]","[""Total Annualised Cost|Industry|Iron and Steel""]",640948.3120204188,Millions USD_2010/yr,709327.2214321663,Millions USD_2010/yr,100.0,-100.0,640948.3120204188,709327.2214321663,baseline_noce,2050
baseline_medce_gbl,NDC+LTT,"Medium CE, EU + partners",e,Global,Iron and steel,Iron and steel,Annualised sector-cost change,medce_gbl,2019,0.0,%,context,"[""AFE"", ""AFN"", ""AFW"", ""AFZ"", ""ANZ"", ""ASC"", ""ASE"", ""ASO"", ""BRA"", ""CAN"", ""CHL"", ""CHN"", ""ENE"", ""ENW"", ""EUE"", ""EUM"", ""EUW"", ""IDN"", ""IND"", ""JPN"", ""LAM"", ""MDA"", ""MEA"", ""MEX"", ""NIG"", ""RUS"", ""SKT"", ""USA""]","[""Total Annualised Cost|Industry|Iron and Steel""]",4959455.128965229,Millions USD_2010/yr,4959455.128965229,Millions USD_2010/yr,100.0,-100.0,4959455.128965229,4959455.128965229,baseline_noce,2019
baseline_medce_gbl,NDC+LTT,"Medium CE, EU + partners",e,Global,Iron and steel,Iron and steel,Annualised sector-cost change,medce_gbl,2024,0.0,%,plotted,"[""AFE"", ""AFN"", ""AFW"", ""AFZ"", ""ANZ"", ""ASC"", ""ASE"", ""ASO"", ""BRA"", ""CAN"", ""CHL"", ""CHN"", ""ENE"", ""ENW"", ""EUE"", ""EUM"", ""EUW"", ""IDN"", ""IND"", ""JPN"", ""LAM"", ""MDA"", ""MEA"", ""MEX"", ""NIG"", ""RUS"", ""SKT"", ""USA""]","[""Total Annualised Cost|Industry|Iron and Steel""]",201938.09721133878,Millions USD_2010/yr,201938.09721133878,Millions USD_2010/yr,100.0,-100.0,201938.09721133878,201938.09721133878,baseline_noce,2024
baseline_medce_gbl,NDC+LTT,"Medium CE, EU + partners",e,Global,Iron and steel,Iron and steel,Annualised sector-cost change,medce_gbl,2030,-22.178231859571113,%,plotted,"[""AFE"", ""AFN"", ""AFW"", ""AFZ"", ""ANZ"", ""ASC"", ""ASE"", ""ASO"", ""BRA"", ""CAN"", ""CHL"", ""CHN"", ""ENE"", ""ENW"", ""EUE"", ""EUM"", ""EUW"", ""IDN"", ""IND"", ""JPN"", ""LAM"", ""MDA"", ""MEA"", ""MEX"", ""NIG"", ""RUS"", ""SKT"", ""USA""]","[""Total Annualised Cost|Industry|Iron and Steel""]",230339.01392716152,Millions USD_2010/yr,295982.7557650916,Millions USD_2010/yr,100.0,-100.0,230339.01392716152,295982.7557650916,baseline_noce,2030
baseline_medce_gbl,NDC+LTT,"Medium CE, EU + partners",e,Global,Iron and steel,Iron and steel,Annualised sector-cost change,medce_gbl,2035,-19.746985605028435,%,plotted,"[""AFE"", ""AFN"", ""AFW"", ""AFZ"", ""ANZ"", ""ASC"", ""ASE"", ""ASO"", ""BRA"", ""CAN"", ""CHL"", ""CHN"", ""ENE"", ""ENW"", ""EUE"", ""EUM"", ""EUW"", ""IDN"", ""IND"", ""JPN"", ""LAM"", ""MDA"", ""MEA"", ""MEX"", ""NIG"", ""RUS"", ""SKT"", ""USA""]","[""Total Annualised Cost|Industry|Iron and Steel""]",256619.24220991982,Millions USD_2010/yr,319762.7455424265,Millions USD_2010/yr,100.0,-100.0,256619.24220991982,319762.7455424265,baseline_noce,2035
baseline_medce_gbl,NDC+LTT,"Medium CE, EU + partners",e,Global,Iron and steel,Iron and steel,Annualised sector-cost change,medce_gbl,2040,-25.410377536005026,%,plotted,"[""AFE"", ""AFN"", ""AFW"", ""AFZ"", ""ANZ"", ""ASC"", ""ASE"", ""ASO"", ""BRA"", ""CAN"", ""CHL"", ""CHN"", ""ENE"", ""ENW"", ""EUE"", ""EUM"", ""EUW"", ""IDN"", ""IND"", ""JPN"", ""LAM"", ""MDA"", ""MEA"", ""MEX"", ""NIG"", ""RUS"", ""SKT"", ""USA""]","[""Total Annualised Cost|Industry|Iron and Steel""]",381320.1986719739,Millions USD_2010/yr,511224.19724813633,Millions USD_2010/yr,100.0,-100.0,381320.1986719739,511224.19724813633,baseline_noce,2040
baseline_medce_gbl,NDC+LTT,"Medium CE, EU + partners",e,Global,Iron and steel,Iron and steel,Annualised sector-cost change,medce_gbl,2050,-28.490169447447183,%,plotted,"[""AFE"", ""AFN"", ""AFW"", ""AFZ"", ""ANZ"", ""ASC"", ""ASE"", ""ASO"", ""BRA"", ""CAN"", ""CHL"", ""CHN"", ""ENE"", ""ENW"", ""EUE"", ""EUM"", ""EUW"", ""IDN"", ""IND"", ""JPN"", ""LAM"", ""MDA"", ""MEA"", ""MEX"", ""NIG"", ""RUS"", ""SKT"", ""USA""]","[""Total Annualised Cost|Industry|Iron and Steel""]",507238.6941092732,Millions USD_2010/yr,709327.2214321663,Millions USD_2010/yr,100.0,-100.0,507238.6941092732,709327.2214321663,baseline_noce,2050
baseline_highce_gbl,NDC+LTT,"High CE, EU + partners",e,Global,Iron and steel,Iron and steel,Annualised sector-cost change,highce_gbl,2019,0.0,%,context,"[""AFE"", ""AFN"", ""AFW"", ""AFZ"", ""ANZ"", ""ASC"", ""ASE"", ""ASO"", ""BRA"", ""CAN"", ""CHL"", ""CHN"", ""ENE"", ""ENW"", ""EUE"", ""EUM"", ""EUW"", ""IDN"", ""IND"", ""JPN"", ""LAM"", ""MDA"", ""MEA"", ""MEX"", ""NIG"", ""RUS"", ""SKT"", ""USA""]","[""Total Annualised Cost|Industry|Iron and Steel""]",4959455.128965229,Millions USD_2010/yr,4959455.128965229,Millions USD_2010/yr,100.0,-100.0,4959455.128965229,4959455.128965229,baseline_noce,2019
baseline_highce_gbl,NDC+LTT,"High CE, EU + partners",e,Global,Iron and steel,Iron and steel,Annualised sector-cost change,highce_gbl,2024,1.441225348690645e-14,%,plotted,"[""AFE"", ""AFN"", ""AFW"", ""AFZ"", ""ANZ"", ""ASC"", ""ASE"", ""ASO"", ""BRA"", ""CAN"", ""CHL"", ""CHN"", ""ENE"", ""ENW"", ""EUE"", ""EUM"", ""EUW"", ""IDN"", ""IND"", ""JPN"", ""LAM"", ""MDA"", ""MEA"", ""MEX"", ""NIG"", ""RUS"", ""SKT"", ""USA""]","[""Total Annualised Cost|Industry|Iron and Steel""]",201938.0972113388,Millions USD_2010/yr,201938.09721133878,Millions USD_2010/yr,100.0,-100.0,201938.0972113388,201938.09721133878,baseline_noce,2024
baseline_highce_gbl,NDC+LTT,"High CE, EU + partners",e,Global,Iron and steel,Iron and steel,Annualised sector-cost change,highce_gbl,2030,-23.952921507819454,%,plotted,"[""AFE"", ""AFN"", ""AFW"", ""AFZ"", ""ANZ"", ""ASC"", ""ASE"", ""ASO"", ""BRA"", ""CAN"", ""CHL"", ""CHN"", ""ENE"", ""ENW"", ""EUE"", ""EUM"", ""EUW"", ""IDN"", ""IND"", ""JPN"", ""LAM"", ""MDA"", ""MEA"", ""MEX"", ""NIG"", ""RUS"", ""SKT"", ""USA""]","[""Total Annualised Cost|Industry|Iron and Steel""]",225086.23859999827,Millions USD_2010/yr,295982.7557650916,Millions USD_2010/yr,100.0,-100.0,225086.23859999827,295982.7557650916,baseline_noce,2030
baseline_highce_gbl,NDC+LTT,"High CE, EU + partners",e,Global,Iron and steel,Iron and steel,Annualised sector-cost change,highce_gbl,2035,-22.267617796913587,%,plotted,"[""AFE"", ""AFN"", ""AFW"", ""AFZ"", ""ANZ"", ""ASC"", ""ASE"", ""ASO"", ""BRA"", ""CAN"", ""CHL"", ""CHN"", ""ENE"", ""ENW"", ""EUE"", ""EUM"", ""EUW"", ""IDN"", ""IND"", ""JPN"", ""LAM"", ""MDA"", ""MEA"", ""MEX"", ""NIG"", ""RUS"", ""SKT"", ""USA""]","[""Total Annualised Cost|Industry|Iron and Steel""]",248559.19950812162,Millions USD_2010/yr,319762.7455424265,Millions USD_2010/yr,100.0,-100.0,248559.19950812162,319762.7455424265,baseline_noce,2035
baseline_highce_gbl,NDC+LTT,"High CE, EU + partners",e,Global,Iron and steel,Iron and steel,Annualised sector-cost change,highce_gbl,2040,-32.15302333063539,%,plotted,"[""AFE"", ""AFN"", ""AFW"", ""AFZ"", ""ANZ"", ""ASC"", ""ASE"", ""ASO"", ""BRA"", ""CAN"", ""CHL"", ""CHN"", ""ENE"", ""ENW"", ""EUE"", ""EUM"", ""EUW"", ""IDN"", ""IND"", ""JPN"", ""LAM"", ""MDA"", ""MEA"", ""MEX"", ""NIG"", ""RUS"", ""SKT"", ""USA""]","[""Total Annualised Cost|Industry|Iron and Steel""]",346850.16183508956,Millions USD_2010/yr,511224.19724813633,Millions USD_2010/yr,100.0,-100.0,346850.16183508956,511224.19724813633,baseline_noce,2040
baseline_highce_gbl,NDC+LTT,"High CE, EU + partners",e,Global,Iron and steel,Iron and steel,Annualised sector-cost change,highce_gbl,2050,-41.52082575669176,%,plotted,"[""AFE"", ""AFN"", ""AFW"", ""AFZ"", ""ANZ"", ""ASC"", ""ASE"", ""ASO"", ""BRA"", ""CAN"", ""CHL"", ""CHN"", ""ENE"", ""ENW"", ""EUE"", ""EUM"", ""EUW"", ""IDN"", ""IND"", ""JPN"", ""LAM"", ""MDA"", ""MEA"", ""MEX"", ""NIG"", ""RUS"", ""SKT"", ""USA""]","[""Total Annualised Cost|Industry|Iron and Steel""]",414808.7017765334,Millions USD_2010/yr,709327.2214321663,Millions USD_2010/yr,100.0,-100.0,414808.7017765334,709327.2214321663,baseline_noce,2050
baseline_noce,NDC+LTT,No CE,f,Global,Aluminium,Aluminium,Annualised sector-cost change,noce,2019,0.0,%,context,"[""AFE"", ""AFN"", ""AFW"", ""AFZ"", ""ANZ"", ""ASC"", ""ASE"", ""ASO"", ""BRA"", ""CAN"", ""CHL"", ""CHN"", ""ENE"", ""ENW"", ""EUE"", ""EUM"", ""EUW"", ""IDN"", ""IND"", ""JPN"", ""LAM"", ""MDA"", ""MEA"", ""MEX"", ""NIG"", ""RUS"", ""SKT"", ""USA""]","[""Total Annualised Cost|Industry|Non-Ferrous Metals|Aluminum""]",25017.308460003063,Millions USD_2010/yr,25017.308460003063,Millions USD_2010/yr,100.0,-100.0,25017.308460003063,25017.308460003063,baseline_noce,2019
baseline_noce,NDC+LTT,No CE,f,Global,Aluminium,Aluminium,Annualised sector-cost change,noce,2024,0.0,%,plotted,"[""AFE"", ""AFN"", ""AFW"", ""AFZ"", ""ANZ"", ""ASC"", ""ASE"", ""ASO"", ""BRA"", ""CAN"", ""CHL"", ""CHN"", ""ENE"", ""ENW"", ""EUE"", ""EUM"", ""EUW"", ""IDN"", ""IND"", ""JPN"", ""LAM"", ""MDA"", ""MEA"", ""MEX"", ""NIG"", ""RUS"", ""SKT"", ""USA""]","[""Total Annualised Cost|Industry|Non-Ferrous Metals|Aluminum""]",98177.01756529351,Millions USD_2010/yr,98177.01756529351,Millions USD_2010/yr,100.0,-100.0,98177.01756529351,98177.01756529351,baseline_noce,2024
baseline_noce,NDC+LTT,No CE,f,Global,Aluminium,Aluminium,Annualised sector-cost change,noce,2030,0.0,%,plotted,"[""AFE"", ""AFN"", ""AFW"", ""AFZ"", ""ANZ"", ""ASC"", ""ASE"", ""ASO"", ""BRA"", ""CAN"", ""CHL"", ""CHN"", ""ENE"", ""ENW"", ""EUE"", ""EUM"", ""EUW"", ""IDN"", ""IND"", ""JPN"", ""LAM"", ""MDA"", ""MEA"", ""MEX"", ""NIG"", ""RUS"", ""SKT"", ""USA""]","[""Total Annualised Cost|Industry|Non-Ferrous Metals|Aluminum""]",188408.86133137334,Millions USD_2010/yr,188408.86133137334,Millions USD_2010/yr,100.0,-100.0,188408.86133137334,188408.86133137334,baseline_noce,2030
baseline_noce,NDC+LTT,No CE,f,Global,Aluminium,Aluminium,Annualised sector-cost change,noce,2035,0.0,%,plotted,"[""AFE"", ""AFN"", ""AFW"", ""AFZ"", ""ANZ"", ""ASC"", ""ASE"", ""ASO"", ""BRA"", ""CAN"", ""CHL"", ""CHN"", ""ENE"", ""ENW"", ""EUE"", ""EUM"", ""EUW"", ""IDN"", ""IND"", ""JPN"", ""LAM"", ""MDA"", ""MEA"", ""MEX"", ""NIG"", ""RUS"", ""SKT"", ""USA""]","[""Total Annualised Cost|Industry|Non-Ferrous Metals|Aluminum""]",161632.351600966,Millions USD_2010/yr,161632.351600966,Millions USD_2010/yr,100.0,-100.0,161632.351600966,161632.351600966,baseline_noce,2035
baseline_noce,NDC+LTT,No CE,f,Global,Aluminium,Aluminium,Annualised sector-cost change,noce,2040,0.0,%,plotted,"[""AFE"", ""AFN"", ""AFW"", ""AFZ"", ""ANZ"", ""ASC"", ""ASE"", ""ASO"", ""BRA"", ""CAN"", ""CHL"", ""CHN"", ""ENE"", ""ENW"", ""EUE"", ""EUM"", ""EUW"", ""IDN"", ""IND"", ""JPN"", ""LAM"", ""MDA"", ""MEA"", ""MEX"", ""NIG"", ""RUS"", ""SKT"", ""USA""]","[""Total Annualised Cost|Industry|Non-Ferrous Metals|Aluminum""]",229566.1253353859,Millions USD_2010/yr,229566.1253353859,Millions USD_2010/yr,100.0,-100.0,229566.1253353859,229566.1253353859,baseline_noce,2040
baseline_noce,NDC+LTT,No CE,f,Global,Aluminium,Aluminium,Annualised sector-cost change,noce,2050,0.0,%,plotted,"[""AFE"", ""AFN"", ""AFW"", ""AFZ"", ""ANZ"", ""ASC"", ""ASE"", ""ASO"", ""BRA"", ""CAN"", ""CHL"", ""CHN"", ""ENE"", ""ENW"", ""EUE"", ""EUM"", ""EUW"", ""IDN"", ""IND"", ""JPN"", ""LAM"", ""MDA"", ""MEA"", ""MEX"", ""NIG"", ""RUS"", ""SKT"", ""USA""]","[""Total Annualised Cost|Industry|Non-Ferrous Metals|Aluminum""]",184475.09579221476,Millions USD_2010/yr,184475.09579221476,Millions USD_2010/yr,100.0,-100.0,184475.09579221476,184475.09579221476,baseline_noce,2050
baseline_medce_eu,NDC+LTT,"Medium CE, EU",f,Global,Aluminium,Aluminium,Annualised sector-cost change,medce_eu,2019,0.0,%,context,"[""AFE"", ""AFN"", ""AFW"", ""AFZ"", ""ANZ"", ""ASC"", ""ASE"", ""ASO"", ""BRA"", ""CAN"", ""CHL"", ""CHN"", ""ENE"", ""ENW"", ""EUE"", ""EUM"", ""EUW"", ""IDN"", ""IND"", ""JPN"", ""LAM"", ""MDA"", ""MEA"", ""MEX"", ""NIG"", ""RUS"", ""SKT"", ""USA""]","[""Total Annualised Cost|Industry|Non-Ferrous Metals|Aluminum""]",25017.308460003063,Millions USD_2010/yr,25017.308460003063,Millions USD_2010/yr,100.0,-100.0,25017.308460003063,25017.308460003063,baseline_noce,2019
baseline_medce_eu,NDC+LTT,"Medium CE, EU",f,Global,Aluminium,Aluminium,Annualised sector-cost change,medce_eu,2024,0.0,%,plotted,"[""AFE"", ""AFN"", ""AFW"", ""AFZ"", ""ANZ"", ""ASC"", ""ASE"", ""ASO"", ""BRA"", ""CAN"", ""CHL"", ""CHN"", ""ENE"", ""ENW"", ""EUE"", ""EUM"", ""EUW"", ""IDN"", ""IND"", ""JPN"", ""LAM"", ""MDA"", ""MEA"", ""MEX"", ""NIG"", ""RUS"", ""SKT"", ""USA""]","[""Total Annualised Cost|Industry|Non-Ferrous Metals|Aluminum""]",98177.01756529351,Millions USD_2010/yr,98177.01756529351,Millions USD_2010/yr,100.0,-100.0,98177.01756529351,98177.01756529351,baseline_noce,2024
baseline_medce_eu,NDC+LTT,"Medium CE, EU",f,Global,Aluminium,Aluminium,Annualised sector-cost change,medce_eu,2030,0.03853930858212929,%,plotted,"[""AFE"", ""AFN"", ""AFW"", ""AFZ"", ""ANZ"", ""ASC"", ""ASE"", ""ASO"", ""BRA"", ""CAN"", ""CHL"", ""CHN"", ""ENE"", ""ENW"", ""EUE"", ""EUM"", ""EUW"", ""IDN"", ""IND"", ""JPN"", ""LAM"", ""MDA"", ""MEA"", ""MEX"", ""NIG"", ""RUS"", ""SKT"", ""USA""]","[""Total Annualised Cost|Industry|Non-Ferrous Metals|Aluminum""]",188481.4728038379,Millions USD_2010/yr,188408.86133137334,Millions USD_2010/yr,100.0,-100.0,188481.4728038379,188408.86133137334,baseline_noce,2030
baseline_medce_eu,NDC+LTT,"Medium CE, EU",f,Global,Aluminium,Aluminium,Annualised sector-cost change,medce_eu,2035,1.0661168855989442,%,plotted,"[""AFE"", ""AFN"", ""AFW"", ""AFZ"", ""ANZ"", ""ASC"", ""ASE"", ""ASO"", ""BRA"", ""CAN"", ""CHL"", ""CHN"", ""ENE"", ""ENW"", ""EUE"", ""EUM"", ""EUW"", ""IDN"", ""IND"", ""JPN"", ""LAM"", ""MDA"", ""MEA"", ""MEX"", ""NIG"", ""RUS"", ""SKT"", ""USA""]","[""Total Annualised Cost|Industry|Non-Ferrous Metals|Aluminum""]",163355.54139397456,Millions USD_2010/yr,161632.351600966,Millions USD_2010/yr,100.0,-100.0,163355.54139397456,161632.351600966,baseline_noce,2035
baseline_medce_eu,NDC+LTT,"Medium CE, EU",f,Global,Aluminium,Aluminium,Annualised sector-cost change,medce_eu,2040,-0.005001090253354549,%,plotted,"[""AFE"", ""AFN"", ""AFW"", ""AFZ"", ""ANZ"", ""ASC"", ""ASE"", ""ASO"", ""BRA"", ""CAN"", ""CHL"", ""CHN"", ""ENE"", ""ENW"", ""EUE"", ""EUM"", ""EUW"", ""IDN"", ""IND"", ""JPN"", ""LAM"", ""MDA"", ""MEA"", ""MEX"", ""NIG"", ""RUS"", ""SKT"", ""USA""]","[""Total Annualised Cost|Industry|Non-Ferrous Metals|Aluminum""]",229554.64452626675,Millions USD_2010/yr,229566.1253353859,Millions USD_2010/yr,100.0,-100.0,229554.64452626675,229566.1253353859,baseline_noce,2040
baseline_medce_eu,NDC+LTT,"Medium CE, EU",f,Global,Aluminium,Aluminium,Annualised sector-cost change,medce_eu,2050,-1.1659778580205218,%,plotted,"[""AFE"", ""AFN"", ""AFW"", ""AFZ"", ""ANZ"", ""ASC"", ""ASE"", ""ASO"", ""BRA"", ""CAN"", ""CHL"", ""CHN"", ""ENE"", ""ENW"", ""EUE"", ""EUM"", ""EUW"", ""IDN"", ""IND"", ""JPN"", ""LAM"", ""MDA"", ""MEA"", ""MEX"", ""NIG"", ""RUS"", ""SKT"", ""USA""]","[""Total Annualised Cost|Industry|Non-Ferrous Metals|Aluminum""]",182324.1570217154,Millions USD_2010/yr,184475.09579221476,Millions USD_2010/yr,100.0,-100.0,182324.1570217154,184475.09579221476,baseline_noce,2050
baseline_highce_eu,NDC+LTT,"High CE, EU",f,Global,Aluminium,Aluminium,Annualised sector-cost change,highce_eu,2019,0.0,%,context,"[""AFE"", ""AFN"", ""AFW"", ""AFZ"", ""ANZ"", ""ASC"", ""ASE"", ""ASO"", ""BRA"", ""CAN"", ""CHL"", ""CHN"", ""ENE"", ""ENW"", ""EUE"", ""EUM"", ""EUW"", ""IDN"", ""IND"", ""JPN"", ""LAM"", ""MDA"", ""MEA"", ""MEX"", ""NIG"", ""RUS"", ""SKT"", ""USA""]","[""Total Annualised Cost|Industry|Non-Ferrous Metals|Aluminum""]",25017.308460003063,Millions USD_2010/yr,25017.308460003063,Millions USD_2010/yr,100.0,-100.0,25017.308460003063,25017.308460003063,baseline_noce,2019
baseline_highce_eu,NDC+LTT,"High CE, EU",f,Global,Aluminium,Aluminium,Annualised sector-cost change,highce_eu,2024,0.0,%,plotted,"[""AFE"", ""AFN"", ""AFW"", ""AFZ"", ""ANZ"", ""ASC"", ""ASE"", ""ASO"", ""BRA"", ""CAN"", ""CHL"", ""CHN"", ""ENE"", ""ENW"", ""EUE"", ""EUM"", ""EUW"", ""IDN"", ""IND"", ""JPN"", ""LAM"", ""MDA"", ""MEA"", ""MEX"", ""NIG"", ""RUS"", ""SKT"", ""USA""]","[""Total Annualised Cost|Industry|Non-Ferrous Metals|Aluminum""]",98177.01756529351,Millions USD_2010/yr,98177.01756529351,Millions USD_2010/yr,100.0,-100.0,98177.01756529351,98177.01756529351,baseline_noce,2024
baseline_highce_eu,NDC+LTT,"High CE, EU",f,Global,Aluminium,Aluminium,Annualised sector-cost change,highce_eu,2030,-1.0074197339392952,%,plotted,"[""AFE"", ""AFN"", ""AFW"", ""AFZ"", ""ANZ"", ""ASC"", ""ASE"", ""ASO"", ""BRA"", ""CAN"", ""CHL"", ""CHN"", ""ENE"", ""ENW"", ""EUE"", ""EUM"", ""EUW"", ""IDN"", ""IND"", ""JPN"", ""LAM"", ""MDA"", ""MEA"", ""MEX"", ""NIG"", ""RUS"", ""SKT"", ""USA""]","[""Total Annualised Cost|Industry|Non-Ferrous Metals|Aluminum""]",186510.79328183076,Millions USD_2010/yr,188408.86133137334,Millions USD_2010/yr,100.0,-100.0,186510.79328183076,188408.86133137334,baseline_noce,2030
baseline_highce_eu,NDC+LTT,"High CE, EU",f,Global,Aluminium,Aluminium,Annualised sector-cost change,highce_eu,2035,-0.1324921853035113,%,plotted,"[""AFE"", ""AFN"", ""AFW"", ""AFZ"", ""ANZ"", ""ASC"", ""ASE"", ""ASO"", ""BRA"", ""CAN"", ""CHL"", ""CHN"", ""ENE"", ""ENW"", ""EUE"", ""EUM"", ""EUW"", ""IDN"", ""IND"", ""JPN"", ""LAM"", ""MDA"", ""MEA"", ""MEX"", ""NIG"", ""RUS"", ""SKT"", ""USA""]","[""Total Annualised Cost|Industry|Non-Ferrous Metals|Aluminum""]",161418.20136617243,Millions USD_2010/yr,161632.351600966,Millions USD_2010/yr,100.0,-100.0,161418.20136617243,161632.351600966,baseline_noce,2035
baseline_highce_eu,NDC+LTT,"High CE, EU",f,Global,Aluminium,Aluminium,Annualised sector-cost change,highce_eu,2040,-1.0703232522495252,%,plotted,"[""AFE"", ""AFN"", ""AFW"", ""AFZ"", ""ANZ"", ""ASC"", ""ASE"", ""ASO"", ""BRA"", ""CAN"", ""CHL"", ""CHN"", ""ENE"", ""ENW"", ""EUE"", ""EUM"", ""EUW"", ""IDN"", ""IND"", ""JPN"", ""LAM"", ""MDA"", ""MEA"", ""MEX"", ""NIG"", ""RUS"", ""SKT"", ""USA""]","[""Total Annualised Cost|Industry|Non-Ferrous Metals|Aluminum""]",227109.02571663298,Millions USD_2010/yr,229566.1253353859,Millions USD_2010/yr,100.0,-100.0,227109.02571663298,229566.1253353859,baseline_noce,2040
baseline_highce_eu,NDC+LTT,"High CE, EU",f,Global,Aluminium,Aluminium,Annualised sector-cost change,highce_eu,2050,-2.8676669562777124,%,plotted,"[""AFE"", ""AFN"", ""AFW"", ""AFZ"", ""ANZ"", ""ASC"", ""ASE"", ""ASO"", ""BRA"", ""CAN"", ""CHL"", ""CHN"", ""ENE"", ""ENW"", ""EUE"", ""EUM"", ""EUW"", ""IDN"", ""IND"", ""JPN"", ""LAM"", ""MDA"", ""MEA"", ""MEX"", ""NIG"", ""RUS"", ""SKT"", ""USA""]","[""Total Annualised Cost|Industry|Non-Ferrous Metals|Aluminum""]",179184.96442761977,Millions USD_2010/yr,184475.09579221476,Millions USD_2010/yr,100.0,-100.0,179184.96442761977,184475.09579221476,baseline_noce,2050
baseline_medce_gbl,NDC+LTT,"Medium CE, EU + partners",f,Global,Aluminium,Aluminium,Annualised sector-cost change,medce_gbl,2019,0.0,%,context,"[""AFE"", ""AFN"", ""AFW"", ""AFZ"", ""ANZ"", ""ASC"", ""ASE"", ""ASO"", ""BRA"", ""CAN"", ""CHL"", ""CHN"", ""ENE"", ""ENW"", ""EUE"", ""EUM"", ""EUW"", ""IDN"", ""IND"", ""JPN"", ""LAM"", ""MDA"", ""MEA"", ""MEX"", ""NIG"", ""RUS"", ""SKT"", ""USA""]","[""Total Annualised Cost|Industry|Non-Ferrous Metals|Aluminum""]",25017.308460003063,Millions USD_2010/yr,25017.308460003063,Millions USD_2010/yr,100.0,-100.0,25017.308460003063,25017.308460003063,baseline_noce,2019
baseline_medce_gbl,NDC+LTT,"Medium CE, EU + partners",f,Global,Aluminium,Aluminium,Annualised sector-cost change,medce_gbl,2024,0.0,%,plotted,"[""AFE"", ""AFN"", ""AFW"", ""AFZ"", ""ANZ"", ""ASC"", ""ASE"", ""ASO"", ""BRA"", ""CAN"", ""CHL"", ""CHN"", ""ENE"", ""ENW"", ""EUE"", ""EUM"", ""EUW"", ""IDN"", ""IND"", ""JPN"", ""LAM"", ""MDA"", ""MEA"", ""MEX"", ""NIG"", ""RUS"", ""SKT"", ""USA""]","[""Total Annualised Cost|Industry|Non-Ferrous Metals|Aluminum""]",98177.01756529351,Millions USD_2010/yr,98177.01756529351,Millions USD_2010/yr,100.0,-100.0,98177.01756529351,98177.01756529351,baseline_noce,2024
baseline_medce_gbl,NDC+LTT,"Medium CE, EU + partners",f,Global,Aluminium,Aluminium,Annualised sector-cost change,medce_gbl,2030,-15.856800051330985,%,plotted,"[""AFE"", ""AFN"", ""AFW"", ""AFZ"", ""ANZ"", ""ASC"", ""ASE"", ""ASO"", ""BRA"", ""CAN"", ""CHL"", ""CHN"", ""ENE"", ""ENW"", ""EUE"", ""EUM"", ""EUW"", ""IDN"", ""IND"", ""JPN"", ""LAM"", ""MDA"", ""MEA"", ""MEX"", ""NIG"", ""RUS"", ""SKT"", ""USA""]","[""Total Annualised Cost|Industry|Non-Ferrous Metals|Aluminum""]",158533.244911068,Millions USD_2010/yr,188408.86133137334,Millions USD_2010/yr,100.0,-100.0,158533.244911068,188408.86133137334,baseline_noce,2030
baseline_medce_gbl,NDC+LTT,"Medium CE, EU + partners",f,Global,Aluminium,Aluminium,Annualised sector-cost change,medce_gbl,2035,-14.163923014477831,%,plotted,"[""AFE"", ""AFN"", ""AFW"", ""AFZ"", ""ANZ"", ""ASC"", ""ASE"", ""ASO"", ""BRA"", ""CAN"", ""CHL"", ""CHN"", ""ENE"", ""ENW"", ""EUE"", ""EUM"", ""EUW"", ""IDN"", ""IND"", ""JPN"", ""LAM"", ""MDA"", ""MEA"", ""MEX"", ""NIG"", ""RUS"", ""SKT"", ""USA""]","[""Total Annualised Cost|Industry|Non-Ferrous Metals|Aluminum""]",138738.86975371506,Millions USD_2010/yr,161632.351600966,Millions USD_2010/yr,100.0,-100.0,138738.86975371506,161632.351600966,baseline_noce,2035
baseline_medce_gbl,NDC+LTT,"Medium CE, EU + partners",f,Global,Aluminium,Aluminium,Annualised sector-cost change,medce_gbl,2040,-19.473339622085664,%,plotted,"[""AFE"", ""AFN"", ""AFW"", ""AFZ"", ""ANZ"", ""ASC"", ""ASE"", ""ASO"", ""BRA"", ""CAN"", ""CHL"", ""CHN"", ""ENE"", ""ENW"", ""EUE"", ""EUM"", ""EUW"", ""IDN"", ""IND"", ""JPN"", ""LAM"", ""MDA"", ""MEA"", ""MEX"", ""NIG"", ""RUS"", ""SKT"", ""USA""]","[""Total Annualised Cost|Industry|Non-Ferrous Metals|Aluminum""]",184861.93409156337,Millions USD_2010/yr,229566.1253353859,Millions USD_2010/yr,100.0,-100.0,184861.93409156337,229566.1253353859,baseline_noce,2040
baseline_medce_gbl,NDC+LTT,"Medium CE, EU + partners",f,Global,Aluminium,Aluminium,Annualised sector-cost change,medce_gbl,2050,-20.52943804553783,%,plotted,"[""AFE"", ""AFN"", ""AFW"", ""AFZ"", ""ANZ"", ""ASC"", ""ASE"", ""ASO"", ""BRA"", ""CAN"", ""CHL"", ""CHN"", ""ENE"", ""ENW"", ""EUE"", ""EUM"", ""EUW"", ""IDN"", ""IND"", ""JPN"", ""LAM"", ""MDA"", ""MEA"", ""MEX"", ""NIG"", ""RUS"", ""SKT"", ""USA""]","[""Total Annualised Cost|Industry|Non-Ferrous Metals|Aluminum""]",146603.39529210547,Millions USD_2010/yr,184475.09579221476,Millions USD_2010/yr,100.0,-100.0,146603.39529210547,184475.09579221476,baseline_noce,2050
baseline_highce_gbl,NDC+LTT,"High CE, EU + partners",f,Global,Aluminium,Aluminium,Annualised sector-cost change,highce_gbl,2019,0.0,%,context,"[""AFE"", ""AFN"", ""AFW"", ""AFZ"", ""ANZ"", ""ASC"", ""ASE"", ""ASO"", ""BRA"", ""CAN"", ""CHL"", ""CHN"", ""ENE"", ""ENW"", ""EUE"", ""EUM"", ""EUW"", ""IDN"", ""IND"", ""JPN"", ""LAM"", ""MDA"", ""MEA"", ""MEX"", ""NIG"", ""RUS"", ""SKT"", ""USA""]","[""Total Annualised Cost|Industry|Non-Ferrous Metals|Aluminum""]",25017.308460003063,Millions USD_2010/yr,25017.308460003063,Millions USD_2010/yr,100.0,-100.0,25017.308460003063,25017.308460003063,baseline_noce,2019
baseline_highce_gbl,NDC+LTT,"High CE, EU + partners",f,Global,Aluminium,Aluminium,Annualised sector-cost change,highce_gbl,2024,0.0,%,plotted,"[""AFE"", ""AFN"", ""AFW"", ""AFZ"", ""ANZ"", ""ASC"", ""ASE"", ""ASO"", ""BRA"", ""CAN"", ""CHL"", ""CHN"", ""ENE"", ""ENW"", ""EUE"", ""EUM"", ""EUW"", ""IDN"", ""IND"", ""JPN"", ""LAM"", ""MDA"", ""MEA"", ""MEX"", ""NIG"", ""RUS"", ""SKT"", ""USA""]","[""Total Annualised Cost|Industry|Non-Ferrous Metals|Aluminum""]",98177.01756529351,Millions USD_2010/yr,98177.01756529351,Millions USD_2010/yr,100.0,-100.0,98177.01756529351,98177.01756529351,baseline_noce,2024
baseline_highce_gbl,NDC+LTT,"High CE, EU + partners",f,Global,Aluminium,Aluminium,Annualised sector-cost change,highce_gbl,2030,-24.231710156626,%,plotted,"[""AFE"", ""AFN"", ""AFW"", ""AFZ"", ""ANZ"", ""ASC"", ""ASE"", ""ASO"", ""BRA"", ""CAN"", ""CHL"", ""CHN"", ""ENE"", ""ENW"", ""EUE"", ""EUM"", ""EUW"", ""IDN"", ""IND"", ""JPN"", ""LAM"", ""MDA"", ""MEA"", ""MEX"", ""NIG"", ""RUS"", ""SKT"", ""USA""]","[""Total Annualised Cost|Industry|Non-Ferrous Metals|Aluminum""]",142754.17214415554,Millions USD_2010/yr,188408.86133137334,Millions USD_2010/yr,100.0,-100.0,142754.17214415554,188408.86133137334,baseline_noce,2030
baseline_highce_gbl,NDC+LTT,"High CE, EU + partners",f,Global,Aluminium,Aluminium,Annualised sector-cost change,highce_gbl,2035,-26.128059050053736,%,plotted,"[""AFE"", ""AFN"", ""AFW"", ""AFZ"", ""ANZ"", ""ASC"", ""ASE"", ""ASO"", ""BRA"", ""CAN"", ""CHL"", ""CHN"", ""ENE"", ""ENW"", ""EUE"", ""EUM"", ""EUW"", ""IDN"", ""IND"", ""JPN"", ""LAM"", ""MDA"", ""MEA"", ""MEX"", ""NIG"", ""RUS"", ""SKT"", ""USA""]","[""Total Annualised Cost|Industry|Non-Ferrous Metals|Aluminum""]",119400.95533067513,Millions USD_2010/yr,161632.351600966,Millions USD_2010/yr,100.0,-100.0,119400.95533067513,161632.351600966,baseline_noce,2035
baseline_highce_gbl,NDC+LTT,"High CE, EU + partners",f,Global,Aluminium,Aluminium,Annualised sector-cost change,highce_gbl,2040,-34.53561204080609,%,plotted,"[""AFE"", ""AFN"", ""AFW"", ""AFZ"", ""ANZ"", ""ASC"", ""ASE"", ""ASO"", ""BRA"", ""CAN"", ""CHL"", ""CHN"", ""ENE"", ""ENW"", ""EUE"", ""EUM"", ""EUW"", ""IDN"", ""IND"", ""JPN"", ""LAM"", ""MDA"", ""MEA"", ""MEX"", ""NIG"", ""RUS"", ""SKT"", ""USA""]","[""Total Annualised Cost|Industry|Non-Ferrous Metals|Aluminum""]",150284.05891244637,Millions USD_2010/yr,229566.1253353859,Millions USD_2010/yr,100.0,-100.0,150284.05891244637,229566.1253353859,baseline_noce,2040
baseline_highce_gbl,NDC+LTT,"High CE, EU + partners",f,Global,Aluminium,Aluminium,Annualised sector-cost change,highce_gbl,2050,-40.83080782046333,%,plotted,"[""AFE"", ""AFN"", ""AFW"", ""AFZ"", ""ANZ"", ""ASC"", ""ASE"", ""ASO"", ""BRA"", ""CAN"", ""CHL"", ""CHN"", ""ENE"", ""ENW"", ""EUE"", ""EUM"", ""EUW"", ""IDN"", ""IND"", ""JPN"", ""LAM"", ""MDA"", ""MEA"", ""MEX"", ""NIG"", ""RUS"", ""SKT"", ""USA""]","[""Total Annualised Cost|Industry|Non-Ferrous Metals|Aluminum""]",109152.42395267992,Millions USD_2010/yr,184475.09579221476,Millions USD_2010/yr,100.0,-100.0,109152.42395267992,184475.09579221476,baseline_noce,2050
