Scenario,Region,Variable,Unit,Year,Issue,Treatment
baseline_noce,ASO,Production|Iron and Steel|Primary,Mt/yr,2030,blank cell,zero
baseline_noce,NIG,Production|Iron and Steel|Primary,Mt/yr,2030,blank cell,zero
baseline_noce,ANZ,Production|Iron and Steel|Secondary,Mt/yr,2050,blank cell,zero
baseline_noce,CAN,Production|Iron and Steel|Secondary,Mt/yr,2050,blank cell,zero
baseline_noce,ENW,Production|Iron and Steel|Secondary,Mt/yr,2050,blank cell,zero
baseline_noce,EUE,Production|Iron and Steel|Secondary,Mt/yr,2050,blank cell,zero
baseline_noce,EUM,Production|Iron and Steel|Secondary,Mt/yr,2050,blank cell,zero
baseline_noce,EUW,Production|Iron and Steel|Secondary,Mt/yr,2050,blank cell,zero
baseline_noce,SKT,Production|Iron and Steel|Secondary,Mt/yr,2050,blank cell,zero
baseline_noce,USA,Production|Iron and Steel|Secondary,Mt/yr,2050,blank cell,zero
baseline_noce,AFE,Production|Non-Ferrous Metals|Aluminum|Primary,Mt/yr,2019,absent row,zero
baseline_noce,AFE,Production|Non-Ferrous Metals|Aluminum|Primary,Mt/yr,2024,absent row,zero
baseline_noce,AFE,Production|Non-Ferrous Metals|Aluminum|Primary,Mt/yr,2030,absent row,zero
baseline_noce,AFE,Production|Non-Ferrous Metals|Aluminum|Primary,Mt/yr,2035,absent row,zero
baseline_noce,AFE,Production|Non-Ferrous Metals|Aluminum|Primary,Mt/yr,2040,absent row,zero
baseline_noce,AFE,Production|Non-Ferrous Metals|Aluminum|Primary,Mt/yr,2050,absent row,zero
baseline_noce,ASO,Production|Non-Ferrous Metals|Aluminum|Primary,Mt/yr,2019,absent row,zero
baseline_noce,ASO,Production|Non-Ferrous Metals|Aluminum|Primary,Mt/yr,2024,absent row,zero
baseline_noce,ASO,Production|Non-Ferrous Metals|Aluminum|Primary,Mt/yr,2030,absent row,zero
baseline_noce,ASO,Production|Non-Ferrous Metals|Aluminum|Primary,Mt/yr,2035,absent row,zero
baseline_noce,ASO,Production|Non-Ferrous Metals|Aluminum|Primary,Mt/yr,2040,absent row,zero
baseline_noce,ASO,Production|Non-Ferrous Metals|Aluminum|Primary,Mt/yr,2050,absent row,zero
baseline_noce,CHL,Production|Non-Ferrous Metals|Aluminum|Primary,Mt/yr,2019,absent row,zero
baseline_noce,CHL,Production|Non-Ferrous Metals|Aluminum|Primary,Mt/yr,2024,absent row,zero
baseline_noce,CHL,Production|Non-Ferrous Metals|Aluminum|Primary,Mt/yr,2030,absent row,zero
baseline_noce,CHL,Production|Non-Ferrous Metals|Aluminum|Primary,Mt/yr,2035,absent row,zero
baseline_noce,CHL,Production|Non-Ferrous Metals|Aluminum|Primary,Mt/yr,2040,absent row,zero
baseline_noce,CHL,Production|Non-Ferrous Metals|Aluminum|Primary,Mt/yr,2050,absent row,zero
baseline_noce,JPN,Production|Non-Ferrous Metals|Aluminum|Primary,Mt/yr,2019,blank cell,zero
baseline_noce,JPN,Production|Non-Ferrous Metals|Aluminum|Primary,Mt/yr,2030,blank cell,zero
baseline_noce,JPN,Production|Non-Ferrous Metals|Aluminum|Primary,Mt/yr,2035,blank cell,zero
baseline_noce,JPN,Production|Non-Ferrous Metals|Aluminum|Primary,Mt/yr,2040,blank cell,zero
baseline_noce,JPN,Production|Non-Ferrous Metals|Aluminum|Primary,Mt/yr,2050,blank cell,zero
baseline_noce,MEX,Production|Non-Ferrous Metals|Aluminum|Primary,Mt/yr,2019,blank cell,zero
baseline_noce,MEX,Production|Non-Ferrous Metals|Aluminum|Primary,Mt/yr,2030,blank cell,zero
baseline_noce,MEX,Production|Non-Ferrous Metals|Aluminum|Primary,Mt/yr,2035,blank cell,zero
baseline_noce,MEX,Production|Non-Ferrous Metals|Aluminum|Primary,Mt/yr,2040,blank cell,zero
baseline_noce,NIG,Production|Non-Ferrous Metals|Aluminum|Primary,Mt/yr,2019,absent row,zero
baseline_noce,NIG,Production|Non-Ferrous Metals|Aluminum|Primary,Mt/yr,2024,absent row,zero
baseline_noce,NIG,Production|Non-Ferrous Metals|Aluminum|Primary,Mt/yr,2030,absent row,zero
baseline_noce,NIG,Production|Non-Ferrous Metals|Aluminum|Primary,Mt/yr,2035,absent row,zero
baseline_noce,NIG,Production|Non-Ferrous Metals|Aluminum|Primary,Mt/yr,2040,absent row,zero
baseline_noce,NIG,Production|Non-Ferrous Metals|Aluminum|Primary,Mt/yr,2050,absent row,zero
baseline_noce,SKT,Production|Non-Ferrous Metals|Aluminum|Primary,Mt/yr,2019,blank cell,zero
baseline_noce,SKT,Production|Non-Ferrous Metals|Aluminum|Primary,Mt/yr,2030,blank cell,zero
baseline_noce,SKT,Production|Non-Ferrous Metals|Aluminum|Primary,Mt/yr,2035,blank cell,zero
baseline_noce,SKT,Production|Non-Ferrous Metals|Aluminum|Primary,Mt/yr,2040,blank cell,zero
baseline_noce,SKT,Production|Non-Ferrous Metals|Aluminum|Primary,Mt/yr,2050,blank cell,zero
baseline_noce,AFE,Production|Non-Ferrous Metals|Aluminum|Secondary,Mt/yr,2019,absent row,zero
baseline_noce,AFE,Production|Non-Ferrous Metals|Aluminum|Secondary,Mt/yr,2024,absent row,zero
baseline_noce,AFE,Production|Non-Ferrous Metals|Aluminum|Secondary,Mt/yr,2030,absent row,zero
baseline_noce,AFE,Production|Non-Ferrous Metals|Aluminum|Secondary,Mt/yr,2035,absent row,zero
baseline_noce,AFE,Production|Non-Ferrous Metals|Aluminum|Secondary,Mt/yr,2040,absent row,zero
baseline_noce,AFE,Production|Non-Ferrous Metals|Aluminum|Secondary,Mt/yr,2050,absent row,zero
baseline_noce,AFN,Production|Non-Ferrous Metals|Aluminum|Secondary,Mt/yr,2050,blank cell,zero
baseline_noce,ANZ,Production|Non-Ferrous Metals|Aluminum|Secondary,Mt/yr,2040,blank cell,zero
baseline_noce,ANZ,Production|Non-Ferrous Metals|Aluminum|Secondary,Mt/yr,2050,blank cell,zero
baseline_noce,ASO,Production|Non-Ferrous Metals|Aluminum|Secondary,Mt/yr,2019,absent row,zero
baseline_noce,ASO,Production|Non-Ferrous Metals|Aluminum|Secondary,Mt/yr,2024,absent row,zero
baseline_noce,ASO,Production|Non-Ferrous Metals|Aluminum|Secondary,Mt/yr,2030,absent row,zero
baseline_noce,ASO,Production|Non-Ferrous Metals|Aluminum|Secondary,Mt/yr,2035,absent row,zero
baseline_noce,ASO,Production|Non-Ferrous Metals|Aluminum|Secondary,Mt/yr,2040,absent row,zero
baseline_noce,ASO,Production|Non-Ferrous Metals|Aluminum|Secondary,Mt/yr,2050,absent row,zero
baseline_noce,BRA,Production|Non-Ferrous Metals|Aluminum|Secondary,Mt/yr,2050,blank cell,zero
baseline_noce,CAN,Production|Non-Ferrous Metals|Aluminum|Secondary,Mt/yr,2035,blank cell,zero
baseline_noce,CAN,Production|Non-Ferrous Metals|Aluminum|Secondary,Mt/yr,2050,blank cell,zero
baseline_noce,CHL,Production|Non-Ferrous Metals|Aluminum|Secondary,Mt/yr,2019,absent row,zero
baseline_noce,CHL,Production|Non-Ferrous Metals|Aluminum|Secondary,Mt/yr,2024,absent row,zero
baseline_noce,CHL,Production|Non-Ferrous Metals|Aluminum|Secondary,Mt/yr,2030,absent row,zero
baseline_noce,CHL,Production|Non-Ferrous Metals|Aluminum|Secondary,Mt/yr,2035,absent row,zero
baseline_noce,CHL,Production|Non-Ferrous Metals|Aluminum|Secondary,Mt/yr,2040,absent row,zero
baseline_noce,CHL,Production|Non-Ferrous Metals|Aluminum|Secondary,Mt/yr,2050,absent row,zero
baseline_noce,ENW,Production|Non-Ferrous Metals|Aluminum|Secondary,Mt/yr,2050,blank cell,zero
baseline_noce,EUM,Production|Non-Ferrous Metals|Aluminum|Secondary,Mt/yr,2050,blank cell,zero
baseline_noce,LAM,Production|Non-Ferrous Metals|Aluminum|Secondary,Mt/yr,2050,blank cell,zero
baseline_noce,MDA,Production|Non-Ferrous Metals|Aluminum|Secondary,Mt/yr,2050,blank cell,zero
baseline_noce,NIG,Production|Non-Ferrous Metals|Aluminum|Secondary,Mt/yr,2019,absent row,zero
baseline_noce,NIG,Production|Non-Ferrous Metals|Aluminum|Secondary,Mt/yr,2024,absent row,zero
baseline_noce,NIG,Production|Non-Ferrous Metals|Aluminum|Secondary,Mt/yr,2030,absent row,zero
baseline_noce,NIG,Production|Non-Ferrous Metals|Aluminum|Secondary,Mt/yr,2035,absent row,zero
baseline_noce,NIG,Production|Non-Ferrous Metals|Aluminum|Secondary,Mt/yr,2040,absent row,zero
baseline_noce,NIG,Production|Non-Ferrous Metals|Aluminum|Secondary,Mt/yr,2050,absent row,zero
baseline_noce,RUS,Production|Non-Ferrous Metals|Aluminum|Secondary,Mt/yr,2050,blank cell,zero
baseline_noce,USA,Production|Non-Ferrous Metals|Aluminum|Secondary,Mt/yr,2050,blank cell,zero
baseline_noce,AFW,Final Energy|Industry|Non-Metallic Minerals|Cement|Gases,EJ/yr,2019,blank cell,zero
baseline_noce,ASO,Final Energy|Industry|Non-Metallic Minerals|Cement|Gases,EJ/yr,2019,blank cell,zero
baseline_noce,CHN,Final Energy|Industry|Non-Metallic Minerals|Cement|Gases,EJ/yr,2019,blank cell,zero
baseline_noce,IND,Final Energy|Industry|Non-Metallic Minerals|Cement|Gases,EJ/yr,2019,blank cell,zero
baseline_noce,MEA,Final Energy|Industry|Non-Metallic Minerals|Cement|Liquids,EJ/yr,2019,blank cell,zero
baseline_noce,AFW,Final Energy|Industry|Iron and Steel|Gases,EJ/yr,2050,blank cell,zero
baseline_noce,ASO,Final Energy|Industry|Iron and Steel|Gases,EJ/yr,2030,blank cell,zero
baseline_noce,ASO,Final Energy|Industry|Iron and Steel|Gases,EJ/yr,2035,blank cell,zero
baseline_noce,ASO,Final Energy|Industry|Iron and Steel|Gases,EJ/yr,2040,blank cell,zero
baseline_noce,BRA,Final Energy|Industry|Iron and Steel|Gases,EJ/yr,2050,blank cell,zero
baseline_noce,CAN,Final Energy|Industry|Iron and Steel|Gases,EJ/yr,2030,blank cell,zero
baseline_noce,CAN,Final Energy|Industry|Iron and Steel|Gases,EJ/yr,2040,blank cell,zero
baseline_noce,CAN,Final Energy|Industry|Iron and Steel|Gases,EJ/yr,2050,blank cell,zero
baseline_noce,MEX,Final Energy|Industry|Iron and Steel|Gases,EJ/yr,2040,blank cell,zero
baseline_noce,NIG,Final Energy|Industry|Iron and Steel|Gases,EJ/yr,2030,blank cell,zero
baseline_noce,NIG,Final Energy|Industry|Iron and Steel|Gases,EJ/yr,2040,blank cell,zero
baseline_noce,NIG,Final Energy|Industry|Iron and Steel|Gases,EJ/yr,2050,blank cell,zero
baseline_noce,USA,Final Energy|Industry|Iron and Steel|Gases,EJ/yr,2050,blank cell,zero
baseline_noce,AFE,Final Energy|Industry|Iron and Steel|Hydrogen,EJ/yr,2019,blank cell,zero
baseline_noce,AFE,Final Energy|Industry|Iron and Steel|Hydrogen,EJ/yr,2024,blank cell,zero
baseline_noce,AFN,Final Energy|Industry|Iron and Steel|Hydrogen,EJ/yr,2019,blank cell,zero
baseline_noce,AFN,Final Energy|Industry|Iron and Steel|Hydrogen,EJ/yr,2024,blank cell,zero
baseline_noce,AFN,Final Energy|Industry|Iron and Steel|Hydrogen,EJ/yr,2030,blank cell,zero
baseline_noce,AFW,Final Energy|Industry|Iron and Steel|Hydrogen,EJ/yr,2019,blank cell,zero
baseline_noce,AFW,Final Energy|Industry|Iron and Steel|Hydrogen,EJ/yr,2024,blank cell,zero
baseline_noce,AFW,Final Energy|Industry|Iron and Steel|Hydrogen,EJ/yr,2030,blank cell,zero
baseline_noce,AFZ,Final Energy|Industry|Iron and Steel|Hydrogen,EJ/yr,2019,blank cell,zero
baseline_noce,AFZ,Final Energy|Industry|Iron and Steel|Hydrogen,EJ/yr,2024,blank cell,zero
baseline_noce,AFZ,Final Energy|Industry|Iron and Steel|Hydrogen,EJ/yr,2030,blank cell,zero
baseline_noce,ANZ,Final Energy|Industry|Iron and Steel|Hydrogen,EJ/yr,2019,blank cell,zero
baseline_noce,ANZ,Final Energy|Industry|Iron and Steel|Hydrogen,EJ/yr,2024,blank cell,zero
baseline_noce,ANZ,Final Energy|Industry|Iron and Steel|Hydrogen,EJ/yr,2030,blank cell,zero
baseline_noce,ANZ,Final Energy|Industry|Iron and Steel|Hydrogen,EJ/yr,2050,blank cell,zero
baseline_noce,ASC,Final Energy|Industry|Iron and Steel|Hydrogen,EJ/yr,2019,blank cell,zero
baseline_noce,ASC,Final Energy|Industry|Iron and Steel|Hydrogen,EJ/yr,2024,blank cell,zero
baseline_noce,ASE,Final Energy|Industry|Iron and Steel|Hydrogen,EJ/yr,2019,absent row,zero
baseline_noce,ASE,Final Energy|Industry|Iron and Steel|Hydrogen,EJ/yr,2024,absent row,zero
baseline_noce,ASE,Final Energy|Industry|Iron and Steel|Hydrogen,EJ/yr,2030,absent row,zero
baseline_noce,ASE,Final Energy|Industry|Iron and Steel|Hydrogen,EJ/yr,2035,absent row,zero
baseline_noce,ASE,Final Energy|Industry|Iron and Steel|Hydrogen,EJ/yr,2040,absent row,zero
baseline_noce,ASE,Final Energy|Industry|Iron and Steel|Hydrogen,EJ/yr,2050,absent row,zero
baseline_noce,ASO,Final Energy|Industry|Iron and Steel|Hydrogen,EJ/yr,2019,blank cell,zero
baseline_noce,ASO,Final Energy|Industry|Iron and Steel|Hydrogen,EJ/yr,2024,blank cell,zero
baseline_noce,ASO,Final Energy|Industry|Iron and Steel|Hydrogen,EJ/yr,2030,blank cell,zero
baseline_noce,ASO,Final Energy|Industry|Iron and Steel|Hydrogen,EJ/yr,2035,blank cell,zero
baseline_noce,ASO,Final Energy|Industry|Iron and Steel|Hydrogen,EJ/yr,2040,blank cell,zero
baseline_noce,BRA,Final Energy|Industry|Iron and Steel|Hydrogen,EJ/yr,2019,blank cell,zero
baseline_noce,BRA,Final Energy|Industry|Iron and Steel|Hydrogen,EJ/yr,2024,blank cell,zero
baseline_noce,CAN,Final Energy|Industry|Iron and Steel|Hydrogen,EJ/yr,2019,blank cell,zero
baseline_noce,CAN,Final Energy|Industry|Iron and Steel|Hydrogen,EJ/yr,2024,blank cell,zero
baseline_noce,CAN,Final Energy|Industry|Iron and Steel|Hydrogen,EJ/yr,2050,blank cell,zero
baseline_noce,CHL,Final Energy|Industry|Iron and Steel|Hydrogen,EJ/yr,2019,blank cell,zero
baseline_noce,CHL,Final Energy|Industry|Iron and Steel|Hydrogen,EJ/yr,2024,blank cell,zero
baseline_noce,CHL,Final Energy|Industry|Iron and Steel|Hydrogen,EJ/yr,2030,blank cell,zero
baseline_noce,CHL,Final Energy|Industry|Iron and Steel|Hydrogen,EJ/yr,2050,blank cell,zero
baseline_noce,CHN,Final Energy|Industry|Iron and Steel|Hydrogen,EJ/yr,2019,blank cell,zero
baseline_noce,CHN,Final Energy|Industry|Iron and Steel|Hydrogen,EJ/yr,2024,blank cell,zero
baseline_noce,CHN,Final Energy|Industry|Iron and Steel|Hydrogen,EJ/yr,2030,blank cell,zero
baseline_noce,ENE,Final Energy|Industry|Iron and Steel|Hydrogen,EJ/yr,2019,blank cell,zero
baseline_noce,ENE,Final Energy|Industry|Iron and Steel|Hydrogen,EJ/yr,2024,blank cell,zero
baseline_noce,ENE,Final Energy|Industry|Iron and Steel|Hydrogen,EJ/yr,2030,blank cell,zero
baseline_noce,ENW,Final Energy|Industry|Iron and Steel|Hydrogen,EJ/yr,2019,absent row,zero
baseline_noce,ENW,Final Energy|Industry|Iron and Steel|Hydrogen,EJ/yr,2024,absent row,zero
baseline_noce,ENW,Final Energy|Industry|Iron and Steel|Hydrogen,EJ/yr,2030,absent row,zero
baseline_noce,ENW,Final Energy|Industry|Iron and Steel|Hydrogen,EJ/yr,2035,absent row,zero
baseline_noce,ENW,Final Energy|Industry|Iron and Steel|Hydrogen,EJ/yr,2040,absent row,zero
baseline_noce,ENW,Final Energy|Industry|Iron and Steel|Hydrogen,EJ/yr,2050,absent row,zero
baseline_noce,EUE,Final Energy|Industry|Iron and Steel|Hydrogen,EJ/yr,2019,absent row,zero
baseline_noce,EUE,Final Energy|Industry|Iron and Steel|Hydrogen,EJ/yr,2024,absent row,zero
baseline_noce,EUE,Final Energy|Industry|Iron and Steel|Hydrogen,EJ/yr,2030,absent row,zero
baseline_noce,EUE,Final Energy|Industry|Iron and Steel|Hydrogen,EJ/yr,2035,absent row,zero
baseline_noce,EUE,Final Energy|Industry|Iron and Steel|Hydrogen,EJ/yr,2040,absent row,zero
baseline_noce,EUE,Final Energy|Industry|Iron and Steel|Hydrogen,EJ/yr,2050,absent row,zero
baseline_noce,EUM,Final Energy|Industry|Iron and Steel|Hydrogen,EJ/yr,2019,blank cell,zero
baseline_noce,EUM,Final Energy|Industry|Iron and Steel|Hydrogen,EJ/yr,2024,blank cell,zero
baseline_noce,EUM,Final Energy|Industry|Iron and Steel|Hydrogen,EJ/yr,2040,blank cell,zero
baseline_noce,EUM,Final Energy|Industry|Iron and Steel|Hydrogen,EJ/yr,2050,blank cell,zero
baseline_noce,EUW,Final Energy|Industry|Iron and Steel|Hydrogen,EJ/yr,2019,blank cell,zero
baseline_noce,EUW,Final Energy|Industry|Iron and Steel|Hydrogen,EJ/yr,2024,blank cell,zero
baseline_noce,EUW,Final Energy|Industry|Iron and Steel|Hydrogen,EJ/yr,2050,blank cell,zero
baseline_noce,IDN,Final Energy|Industry|Iron and Steel|Hydrogen,EJ/yr,2019,blank cell,zero
baseline_noce,IDN,Final Energy|Industry|Iron and Steel|Hydrogen,EJ/yr,2024,blank cell,zero
baseline_noce,IDN,Final Energy|Industry|Iron and Steel|Hydrogen,EJ/yr,2030,blank cell,zero
baseline_noce,IND,Final Energy|Industry|Iron and Steel|Hydrogen,EJ/yr,2019,blank cell,zero
baseline_noce,IND,Final Energy|Industry|Iron and Steel|Hydrogen,EJ/yr,2024,blank cell,zero
baseline_noce,JPN,Final Energy|Industry|Iron and Steel|Hydrogen,EJ/yr,2019,blank cell,zero
baseline_noce,JPN,Final Energy|Industry|Iron and Steel|Hydrogen,EJ/yr,2024,blank cell,zero
baseline_noce,JPN,Final Energy|Industry|Iron and Steel|Hydrogen,EJ/yr,2050,blank cell,zero
baseline_noce,LAM,Final Energy|Industry|Iron and Steel|Hydrogen,EJ/yr,2019,blank cell,zero
baseline_noce,LAM,Final Energy|Industry|Iron and Steel|Hydrogen,EJ/yr,2024,blank cell,zero
baseline_noce,LAM,Final Energy|Industry|Iron and Steel|Hydrogen,EJ/yr,2030,blank cell,zero
baseline_noce,LAM,Final Energy|Industry|Iron and Steel|Hydrogen,EJ/yr,2040,blank cell,zero
baseline_noce,MDA,Final Energy|Industry|Iron and Steel|Hydrogen,EJ/yr,2019,blank cell,zero
baseline_noce,MDA,Final Energy|Industry|Iron and Steel|Hydrogen,EJ/yr,2024,blank cell,zero
baseline_noce,MEA,Final Energy|Industry|Iron and Steel|Hydrogen,EJ/yr,2019,blank cell,zero
baseline_noce,MEA,Final Energy|Industry|Iron and Steel|Hydrogen,EJ/yr,2024,blank cell,zero
baseline_noce,MEX,Final Energy|Industry|Iron and Steel|Hydrogen,EJ/yr,2019,blank cell,zero
baseline_noce,MEX,Final Energy|Industry|Iron and Steel|Hydrogen,EJ/yr,2024,blank cell,zero
baseline_noce,NIG,Final Energy|Industry|Iron and Steel|Hydrogen,EJ/yr,2019,blank cell,zero
baseline_noce,NIG,Final Energy|Industry|Iron and Steel|Hydrogen,EJ/yr,2024,blank cell,zero
baseline_noce,NIG,Final Energy|Industry|Iron and Steel|Hydrogen,EJ/yr,2030,blank cell,zero
baseline_noce,NIG,Final Energy|Industry|Iron and Steel|Hydrogen,EJ/yr,2035,blank cell,zero
baseline_noce,RUS,Final Energy|Industry|Iron and Steel|Hydrogen,EJ/yr,2019,blank cell,zero
baseline_noce,RUS,Final Energy|Industry|Iron and Steel|Hydrogen,EJ/yr,2024,blank cell,zero
baseline_noce,SKT,Final Energy|Industry|Iron and Steel|Hydrogen,EJ/yr,2019,blank cell,zero
baseline_noce,SKT,Final Energy|Industry|Iron and Steel|Hydrogen,EJ/yr,2024,blank cell,zero
baseline_noce,SKT,Final Energy|Industry|Iron and Steel|Hydrogen,EJ/yr,2050,blank cell,zero
baseline_noce,USA,Final Energy|Industry|Iron and Steel|Hydrogen,EJ/yr,2019,blank cell,zero
baseline_noce,USA,Final Energy|Industry|Iron and Steel|Hydrogen,EJ/yr,2024,blank cell,zero
baseline_noce,USA,Final Energy|Industry|Iron and Steel|Hydrogen,EJ/yr,2050,blank cell,zero
baseline_noce,AFE,Final Energy|Industry|Iron and Steel|Liquids,EJ/yr,2019,absent row,zero
baseline_noce,AFE,Final Energy|Industry|Iron and Steel|Liquids,EJ/yr,2024,absent row,zero
baseline_noce,AFE,Final Energy|Industry|Iron and Steel|Liquids,EJ/yr,2030,absent row,zero
baseline_noce,AFE,Final Energy|Industry|Iron and Steel|Liquids,EJ/yr,2035,absent row,zero
baseline_noce,AFE,Final Energy|Industry|Iron and Steel|Liquids,EJ/yr,2040,absent row,zero
baseline_noce,AFE,Final Energy|Industry|Iron and Steel|Liquids,EJ/yr,2050,absent row,zero
baseline_noce,AFN,Final Energy|Industry|Iron and Steel|Liquids,EJ/yr,2040,blank cell,zero
baseline_noce,AFN,Final Energy|Industry|Iron and Steel|Liquids,EJ/yr,2050,blank cell,zero
baseline_noce,AFW,Final Energy|Industry|Iron and Steel|Liquids,EJ/yr,2019,absent row,zero
baseline_noce,AFW,Final Energy|Industry|Iron and Steel|Liquids,EJ/yr,2024,absent row,zero
baseline_noce,AFW,Final Energy|Industry|Iron and Steel|Liquids,EJ/yr,2030,absent row,zero
baseline_noce,AFW,Final Energy|Industry|Iron and Steel|Liquids,EJ/yr,2035,absent row,zero
baseline_noce,AFW,Final Energy|Industry|Iron and Steel|Liquids,EJ/yr,2040,absent row,zero
baseline_noce,AFW,Final Energy|Industry|Iron and Steel|Liquids,EJ/yr,2050,absent row,zero
baseline_noce,AFZ,Final Energy|Industry|Iron and Steel|Liquids,EJ/yr,2030,blank cell,zero
baseline_noce,AFZ,Final Energy|Industry|Iron and Steel|Liquids,EJ/yr,2040,blank cell,zero
baseline_noce,AFZ,Final Energy|Industry|Iron and Steel|Liquids,EJ/yr,2050,blank cell,zero
baseline_noce,ANZ,Final Energy|Industry|Iron and Steel|Liquids,EJ/yr,2050,blank cell,zero
baseline_noce,ASC,Final Energy|Industry|Iron and Steel|Liquids,EJ/yr,2050,blank cell,zero
baseline_noce,ASE,Final Energy|Industry|Iron and Steel|Liquids,EJ/yr,2030,blank cell,zero
baseline_noce,ASE,Final Energy|Industry|Iron and Steel|Liquids,EJ/yr,2035,blank cell,zero
baseline_noce,ASE,Final Energy|Industry|Iron and Steel|Liquids,EJ/yr,2040,blank cell,zero
baseline_noce,ASE,Final Energy|Industry|Iron and Steel|Liquids,EJ/yr,2050,blank cell,zero
baseline_noce,ASO,Final Energy|Industry|Iron and Steel|Liquids,EJ/yr,2019,absent row,zero
baseline_noce,ASO,Final Energy|Industry|Iron and Steel|Liquids,EJ/yr,2024,absent row,zero
baseline_noce,ASO,Final Energy|Industry|Iron and Steel|Liquids,EJ/yr,2030,absent row,zero
baseline_noce,ASO,Final Energy|Industry|Iron and Steel|Liquids,EJ/yr,2035,absent row,zero
baseline_noce,ASO,Final Energy|Industry|Iron and Steel|Liquids,EJ/yr,2040,absent row,zero
baseline_noce,ASO,Final Energy|Industry|Iron and Steel|Liquids,EJ/yr,2050,absent row,zero
baseline_noce,BRA,Final Energy|Industry|Iron and Steel|Liquids,EJ/yr,2040,blank cell,zero
baseline_noce,BRA,Final Energy|Industry|Iron and Steel|Liquids,EJ/yr,2050,blank cell,zero
baseline_noce,CAN,Final Energy|Industry|Iron and Steel|Liquids,EJ/yr,2030,blank cell,zero
baseline_noce,CAN,Final Energy|Industry|Iron and Steel|Liquids,EJ/yr,2040,blank cell,zero
baseline_noce,CAN,Final Energy|Industry|Iron and Steel|Liquids,EJ/yr,2050,blank cell,zero
baseline_noce,CHL,Final Energy|Industry|Iron and Steel|Liquids,EJ/yr,2050,blank cell,zero
baseline_noce,CHN,Final Energy|Industry|Iron and Steel|Liquids,EJ/yr,2050,blank cell,zero
baseline_noce,ENE,Final Energy|Industry|Iron and Steel|Liquids,EJ/yr,2050,blank cell,zero
baseline_noce,ENW,Final Energy|Industry|Iron and Steel|Liquids,EJ/yr,2050,blank cell,zero
baseline_noce,EUE,Final Energy|Industry|Iron and Steel|Liquids,EJ/yr,2050,blank cell,zero
baseline_noce,EUM,Final Energy|Industry|Iron and Steel|Liquids,EJ/yr,2050,blank cell,zero
baseline_noce,EUW,Final Energy|Industry|Iron and Steel|Liquids,EJ/yr,2050,blank cell,zero
baseline_noce,IDN,Final Energy|Industry|Iron and Steel|Liquids,EJ/yr,2050,blank cell,zero
baseline_noce,IND,Final Energy|Industry|Iron and Steel|Liquids,EJ/yr,2030,blank cell,zero
baseline_noce,IND,Final Energy|Industry|Iron and Steel|Liquids,EJ/yr,2035,blank cell,zero
baseline_noce,IND,Final Energy|Industry|Iron and Steel|Liquids,EJ/yr,2040,blank cell,zero
baseline_noce,IND,Final Energy|Industry|Iron and Steel|Liquids,EJ/yr,2050,blank cell,zero
baseline_noce,JPN,Final Energy|Industry|Iron and Steel|Liquids,EJ/yr,2050,blank cell,zero
baseline_noce,LAM,Final Energy|Industry|Iron and Steel|Liquids,EJ/yr,2050,blank cell,zero
baseline_noce,MDA,Final Energy|Industry|Iron and Steel|Liquids,EJ/yr,2050,blank cell,zero
baseline_noce,MEA,Final Energy|Industry|Iron and Steel|Liquids,EJ/yr,2050,blank cell,zero
baseline_noce,MEX,Final Energy|Industry|Iron and Steel|Liquids,EJ/yr,2040,blank cell,zero
baseline_noce,MEX,Final Energy|Industry|Iron and Steel|Liquids,EJ/yr,2050,blank cell,zero
baseline_noce,NIG,Final Energy|Industry|Iron and Steel|Liquids,EJ/yr,2019,absent row,zero
baseline_noce,NIG,Final Energy|Industry|Iron and Steel|Liquids,EJ/yr,2024,absent row,zero
baseline_noce,NIG,Final Energy|Industry|Iron and Steel|Liquids,EJ/yr,2030,absent row,zero
baseline_noce,NIG,Final Energy|Industry|Iron and Steel|Liquids,EJ/yr,2035,absent row,zero
baseline_noce,NIG,Final Energy|Industry|Iron and Steel|Liquids,EJ/yr,2040,absent row,zero
baseline_noce,NIG,Final Energy|Industry|Iron and Steel|Liquids,EJ/yr,2050,absent row,zero
baseline_noce,RUS,Final Energy|Industry|Iron and Steel|Liquids,EJ/yr,2035,blank cell,zero
baseline_noce,RUS,Final Energy|Industry|Iron and Steel|Liquids,EJ/yr,2040,blank cell,zero
baseline_noce,RUS,Final Energy|Industry|Iron and Steel|Liquids,EJ/yr,2050,blank cell,zero
baseline_noce,SKT,Final Energy|Industry|Iron and Steel|Liquids,EJ/yr,2050,blank cell,zero
baseline_noce,USA,Final Energy|Industry|Iron and Steel|Liquids,EJ/yr,2050,blank cell,zero
baseline_noce,AFE,Final Energy|Industry|Iron and Steel|Solids,EJ/yr,2019,blank cell,zero
baseline_noce,AFW,Final Energy|Industry|Iron and Steel|Solids,EJ/yr,2019,blank cell,zero
baseline_noce,AFW,Final Energy|Industry|Iron and Steel|Solids,EJ/yr,2050,blank cell,zero
baseline_noce,ASO,Final Energy|Industry|Iron and Steel|Solids,EJ/yr,2019,blank cell,zero
baseline_noce,ASO,Final Energy|Industry|Iron and Steel|Solids,EJ/yr,2030,blank cell,zero
baseline_noce,BRA,Final Energy|Industry|Iron and Steel|Solids,EJ/yr,2050,blank cell,zero
baseline_noce,CAN,Final Energy|Industry|Iron and Steel|Solids,EJ/yr,2030,blank cell,zero
baseline_noce,CAN,Final Energy|Industry|Iron and Steel|Solids,EJ/yr,2040,blank cell,zero
baseline_noce,CAN,Final Energy|Industry|Iron and Steel|Solids,EJ/yr,2050,blank cell,zero
baseline_noce,MEX,Final Energy|Industry|Iron and Steel|Solids,EJ/yr,2040,blank cell,zero
baseline_noce,NIG,Final Energy|Industry|Iron and Steel|Solids,EJ/yr,2019,blank cell,zero
baseline_noce,NIG,Final Energy|Industry|Iron and Steel|Solids,EJ/yr,2030,blank cell,zero
baseline_noce,NIG,Final Energy|Industry|Iron and Steel|Solids,EJ/yr,2035,blank cell,zero
baseline_noce,NIG,Final Energy|Industry|Iron and Steel|Solids,EJ/yr,2040,blank cell,zero
baseline_noce,NIG,Final Energy|Industry|Iron and Steel|Solids,EJ/yr,2050,blank cell,zero
baseline_noce,USA,Final Energy|Industry|Iron and Steel|Solids,EJ/yr,2050,blank cell,zero
baseline_noce,AFE,Final Energy|Industry|Non-Ferrous Metals|Aluminum|Electricity,EJ/yr,2019,absent row,zero
baseline_noce,AFE,Final Energy|Industry|Non-Ferrous Metals|Aluminum|Electricity,EJ/yr,2024,absent row,zero
baseline_noce,AFE,Final Energy|Industry|Non-Ferrous Metals|Aluminum|Electricity,EJ/yr,2030,absent row,zero
baseline_noce,AFE,Final Energy|Industry|Non-Ferrous Metals|Aluminum|Electricity,EJ/yr,2035,absent row,zero
baseline_noce,AFE,Final Energy|Industry|Non-Ferrous Metals|Aluminum|Electricity,EJ/yr,2040,absent row,zero
baseline_noce,AFE,Final Energy|Industry|Non-Ferrous Metals|Aluminum|Electricity,EJ/yr,2050,absent row,zero
baseline_noce,ASO,Final Energy|Industry|Non-Ferrous Metals|Aluminum|Electricity,EJ/yr,2019,absent row,zero
baseline_noce,ASO,Final Energy|Industry|Non-Ferrous Metals|Aluminum|Electricity,EJ/yr,2024,absent row,zero
baseline_noce,ASO,Final Energy|Industry|Non-Ferrous Metals|Aluminum|Electricity,EJ/yr,2030,absent row,zero
baseline_noce,ASO,Final Energy|Industry|Non-Ferrous Metals|Aluminum|Electricity,EJ/yr,2035,absent row,zero
baseline_noce,ASO,Final Energy|Industry|Non-Ferrous Metals|Aluminum|Electricity,EJ/yr,2040,absent row,zero
baseline_noce,ASO,Final Energy|Industry|Non-Ferrous Metals|Aluminum|Electricity,EJ/yr,2050,absent row,zero
baseline_noce,CHL,Final Energy|Industry|Non-Ferrous Metals|Aluminum|Electricity,EJ/yr,2019,absent row,zero
baseline_noce,CHL,Final Energy|Industry|Non-Ferrous Metals|Aluminum|Electricity,EJ/yr,2024,absent row,zero
baseline_noce,CHL,Final Energy|Industry|Non-Ferrous Metals|Aluminum|Electricity,EJ/yr,2030,absent row,zero
baseline_noce,CHL,Final Energy|Industry|Non-Ferrous Metals|Aluminum|Electricity,EJ/yr,2035,absent row,zero
baseline_noce,CHL,Final Energy|Industry|Non-Ferrous Metals|Aluminum|Electricity,EJ/yr,2040,absent row,zero
baseline_noce,CHL,Final Energy|Industry|Non-Ferrous Metals|Aluminum|Electricity,EJ/yr,2050,absent row,zero
baseline_noce,NIG,Final Energy|Industry|Non-Ferrous Metals|Aluminum|Electricity,EJ/yr,2019,absent row,zero
baseline_noce,NIG,Final Energy|Industry|Non-Ferrous Metals|Aluminum|Electricity,EJ/yr,2024,absent row,zero
baseline_noce,NIG,Final Energy|Industry|Non-Ferrous Metals|Aluminum|Electricity,EJ/yr,2030,absent row,zero
baseline_noce,NIG,Final Energy|Industry|Non-Ferrous Metals|Aluminum|Electricity,EJ/yr,2035,absent row,zero
baseline_noce,NIG,Final Energy|Industry|Non-Ferrous Metals|Aluminum|Electricity,EJ/yr,2040,absent row,zero
baseline_noce,NIG,Final Energy|Industry|Non-Ferrous Metals|Aluminum|Electricity,EJ/yr,2050,absent row,zero
baseline_noce,AFE,Final Energy|Industry|Non-Ferrous Metals|Aluminum|Gases,EJ/yr,2019,absent row,zero
baseline_noce,AFE,Final Energy|Industry|Non-Ferrous Metals|Aluminum|Gases,EJ/yr,2024,absent row,zero
baseline_noce,AFE,Final Energy|Industry|Non-Ferrous Metals|Aluminum|Gases,EJ/yr,2030,absent row,zero
baseline_noce,AFE,Final Energy|Industry|Non-Ferrous Metals|Aluminum|Gases,EJ/yr,2035,absent row,zero
baseline_noce,AFE,Final Energy|Industry|Non-Ferrous Metals|Aluminum|Gases,EJ/yr,2040,absent row,zero
baseline_noce,AFE,Final Energy|Industry|Non-Ferrous Metals|Aluminum|Gases,EJ/yr,2050,absent row,zero
baseline_noce,ANZ,Final Energy|Industry|Non-Ferrous Metals|Aluminum|Gases,EJ/yr,2040,blank cell,zero
baseline_noce,ANZ,Final Energy|Industry|Non-Ferrous Metals|Aluminum|Gases,EJ/yr,2050,blank cell,zero
baseline_noce,ASO,Final Energy|Industry|Non-Ferrous Metals|Aluminum|Gases,EJ/yr,2019,absent row,zero
baseline_noce,ASO,Final Energy|Industry|Non-Ferrous Metals|Aluminum|Gases,EJ/yr,2024,absent row,zero
baseline_noce,ASO,Final Energy|Industry|Non-Ferrous Metals|Aluminum|Gases,EJ/yr,2030,absent row,zero
baseline_noce,ASO,Final Energy|Industry|Non-Ferrous Metals|Aluminum|Gases,EJ/yr,2035,absent row,zero
baseline_noce,ASO,Final Energy|Industry|Non-Ferrous Metals|Aluminum|Gases,EJ/yr,2040,absent row,zero
baseline_noce,ASO,Final Energy|Industry|Non-Ferrous Metals|Aluminum|Gases,EJ/yr,2050,absent row,zero
baseline_noce,BRA,Final Energy|Industry|Non-Ferrous Metals|Aluminum|Gases,EJ/yr,2050,blank cell,zero
baseline_noce,CAN,Final Energy|Industry|Non-Ferrous Metals|Aluminum|Gases,EJ/yr,2050,blank cell,zero
baseline_noce,CHL,Final Energy|Industry|Non-Ferrous Metals|Aluminum|Gases,EJ/yr,2019,absent row,zero
baseline_noce,CHL,Final Energy|Industry|Non-Ferrous Metals|Aluminum|Gases,EJ/yr,2024,absent row,zero
baseline_noce,CHL,Final Energy|Industry|Non-Ferrous Metals|Aluminum|Gases,EJ/yr,2030,absent row,zero
baseline_noce,CHL,Final Energy|Industry|Non-Ferrous Metals|Aluminum|Gases,EJ/yr,2035,absent row,zero
baseline_noce,CHL,Final Energy|Industry|Non-Ferrous Metals|Aluminum|Gases,EJ/yr,2040,absent row,zero
baseline_noce,CHL,Final Energy|Industry|Non-Ferrous Metals|Aluminum|Gases,EJ/yr,2050,absent row,zero
baseline_noce,ENW,Final Energy|Industry|Non-Ferrous Metals|Aluminum|Gases,EJ/yr,2040,blank cell,zero
baseline_noce,ENW,Final Energy|Industry|Non-Ferrous Metals|Aluminum|Gases,EJ/yr,2050,blank cell,zero
baseline_noce,EUE,Final Energy|Industry|Non-Ferrous Metals|Aluminum|Gases,EJ/yr,2050,blank cell,zero
baseline_noce,EUM,Final Energy|Industry|Non-Ferrous Metals|Aluminum|Gases,EJ/yr,2040,blank cell,zero
baseline_noce,EUM,Final Energy|Industry|Non-Ferrous Metals|Aluminum|Gases,EJ/yr,2050,blank cell,zero
baseline_noce,EUW,Final Energy|Industry|Non-Ferrous Metals|Aluminum|Gases,EJ/yr,2050,blank cell,zero
baseline_noce,JPN,Final Energy|Industry|Non-Ferrous Metals|Aluminum|Gases,EJ/yr,2050,blank cell,zero
baseline_noce,MDA,Final Energy|Industry|Non-Ferrous Metals|Aluminum|Gases,EJ/yr,2050,blank cell,zero
baseline_noce,NIG,Final Energy|Industry|Non-Ferrous Metals|Aluminum|Gases,EJ/yr,2019,absent row,zero
baseline_noce,NIG,Final Energy|Industry|Non-Ferrous Metals|Aluminum|Gases,EJ/yr,2024,absent row,zero
baseline_noce,NIG,Final Energy|Industry|Non-Ferrous Metals|Aluminum|Gases,EJ/yr,2030,absent row,zero
baseline_noce,NIG,Final Energy|Industry|Non-Ferrous Metals|Aluminum|Gases,EJ/yr,2035,absent row,zero
baseline_noce,NIG,Final Energy|Industry|Non-Ferrous Metals|Aluminum|Gases,EJ/yr,2040,absent row,zero
baseline_noce,NIG,Final Energy|Industry|Non-Ferrous Metals|Aluminum|Gases,EJ/yr,2050,absent row,zero
baseline_noce,SKT,Final Energy|Industry|Non-Ferrous Metals|Aluminum|Gases,EJ/yr,2050,blank cell,zero
baseline_noce,USA,Final Energy|Industry|Non-Ferrous Metals|Aluminum|Gases,EJ/yr,2050,blank cell,zero
baseline_noce,AFE,Final Energy|Industry|Non-Ferrous Metals|Aluminum|Hydrogen,EJ/yr,2019,absent row,zero
baseline_noce,AFE,Final Energy|Industry|Non-Ferrous Metals|Aluminum|Hydrogen,EJ/yr,2024,absent row,zero
baseline_noce,AFE,Final Energy|Industry|Non-Ferrous Metals|Aluminum|Hydrogen,EJ/yr,2030,absent row,zero
baseline_noce,AFE,Final Energy|Industry|Non-Ferrous Metals|Aluminum|Hydrogen,EJ/yr,2035,absent row,zero
baseline_noce,AFE,Final Energy|Industry|Non-Ferrous Metals|Aluminum|Hydrogen,EJ/yr,2040,absent row,zero
baseline_noce,AFE,Final Energy|Industry|Non-Ferrous Metals|Aluminum|Hydrogen,EJ/yr,2050,absent row,zero
baseline_noce,AFN,Final Energy|Industry|Non-Ferrous Metals|Aluminum|Hydrogen,EJ/yr,2019,blank cell,zero
baseline_noce,AFN,Final Energy|Industry|Non-Ferrous Metals|Aluminum|Hydrogen,EJ/yr,2024,blank cell,zero
baseline_noce,AFN,Final Energy|Industry|Non-Ferrous Metals|Aluminum|Hydrogen,EJ/yr,2030,blank cell,zero
baseline_noce,AFW,Final Energy|Industry|Non-Ferrous Metals|Aluminum|Hydrogen,EJ/yr,2019,blank cell,zero
baseline_noce,AFW,Final Energy|Industry|Non-Ferrous Metals|Aluminum|Hydrogen,EJ/yr,2024,blank cell,zero
baseline_noce,AFW,Final Energy|Industry|Non-Ferrous Metals|Aluminum|Hydrogen,EJ/yr,2030,blank cell,zero
baseline_noce,AFZ,Final Energy|Industry|Non-Ferrous Metals|Aluminum|Hydrogen,EJ/yr,2019,blank cell,zero
baseline_noce,AFZ,Final Energy|Industry|Non-Ferrous Metals|Aluminum|Hydrogen,EJ/yr,2024,blank cell,zero
baseline_noce,AFZ,Final Energy|Industry|Non-Ferrous Metals|Aluminum|Hydrogen,EJ/yr,2030,blank cell,zero
baseline_noce,ANZ,Final Energy|Industry|Non-Ferrous Metals|Aluminum|Hydrogen,EJ/yr,2019,blank cell,zero
baseline_noce,ANZ,Final Energy|Industry|Non-Ferrous Metals|Aluminum|Hydrogen,EJ/yr,2024,blank cell,zero
baseline_noce,ANZ,Final Energy|Industry|Non-Ferrous Metals|Aluminum|Hydrogen,EJ/yr,2030,blank cell,zero
baseline_noce,ASC,Final Energy|Industry|Non-Ferrous Metals|Aluminum|Hydrogen,EJ/yr,2019,blank cell,zero
baseline_noce,ASC,Final Energy|Industry|Non-Ferrous Metals|Aluminum|Hydrogen,EJ/yr,2024,blank cell,zero
baseline_noce,ASC,Final Energy|Industry|Non-Ferrous Metals|Aluminum|Hydrogen,EJ/yr,2030,blank cell,zero
baseline_noce,ASC,Final Energy|Industry|Non-Ferrous Metals|Aluminum|Hydrogen,EJ/yr,2035,blank cell,zero
baseline_noce,ASE,Final Energy|Industry|Non-Ferrous Metals|Aluminum|Hydrogen,EJ/yr,2019,blank cell,zero
baseline_noce,ASE,Final Energy|Industry|Non-Ferrous Metals|Aluminum|Hydrogen,EJ/yr,2024,blank cell,zero
baseline_noce,ASO,Final Energy|Industry|Non-Ferrous Metals|Aluminum|Hydrogen,EJ/yr,2019,absent row,zero
baseline_noce,ASO,Final Energy|Industry|Non-Ferrous Metals|Aluminum|Hydrogen,EJ/yr,2024,absent row,zero
baseline_noce,ASO,Final Energy|Industry|Non-Ferrous Metals|Aluminum|Hydrogen,EJ/yr,2030,absent row,zero
baseline_noce,ASO,Final Energy|Industry|Non-Ferrous Metals|Aluminum|Hydrogen,EJ/yr,2035,absent row,zero
baseline_noce,ASO,Final Energy|Industry|Non-Ferrous Metals|Aluminum|Hydrogen,EJ/yr,2040,absent row,zero
baseline_noce,ASO,Final Energy|Industry|Non-Ferrous Metals|Aluminum|Hydrogen,EJ/yr,2050,absent row,zero
baseline_noce,BRA,Final Energy|Industry|Non-Ferrous Metals|Aluminum|Hydrogen,EJ/yr,2019,blank cell,zero
baseline_noce,BRA,Final Energy|Industry|Non-Ferrous Metals|Aluminum|Hydrogen,EJ/yr,2024,blank cell,zero
baseline_noce,CAN,Final Energy|Industry|Non-Ferrous Metals|Aluminum|Hydrogen,EJ/yr,2019,blank cell,zero
baseline_noce,CAN,Final Energy|Industry|Non-Ferrous Metals|Aluminum|Hydrogen,EJ/yr,2024,blank cell,zero
baseline_noce,CHL,Final Energy|Industry|Non-Ferrous Metals|Aluminum|Hydrogen,EJ/yr,2019,absent row,zero
baseline_noce,CHL,Final Energy|Industry|Non-Ferrous Metals|Aluminum|Hydrogen,EJ/yr,2024,absent row,zero
baseline_noce,CHL,Final Energy|Industry|Non-Ferrous Metals|Aluminum|Hydrogen,EJ/yr,2030,absent row,zero
baseline_noce,CHL,Final Energy|Industry|Non-Ferrous Metals|Aluminum|Hydrogen,EJ/yr,2035,absent row,zero
baseline_noce,CHL,Final Energy|Industry|Non-Ferrous Metals|Aluminum|Hydrogen,EJ/yr,2040,absent row,zero
baseline_noce,CHL,Final Energy|Industry|Non-Ferrous Metals|Aluminum|Hydrogen,EJ/yr,2050,absent row,zero
baseline_noce,CHN,Final Energy|Industry|Non-Ferrous Metals|Aluminum|Hydrogen,EJ/yr,2019,blank cell,zero
baseline_noce,CHN,Final Energy|Industry|Non-Ferrous Metals|Aluminum|Hydrogen,EJ/yr,2024,blank cell,zero
baseline_noce,ENE,Final Energy|Industry|Non-Ferrous Metals|Aluminum|Hydrogen,EJ/yr,2019,blank cell,zero
baseline_noce,ENE,Final Energy|Industry|Non-Ferrous Metals|Aluminum|Hydrogen,EJ/yr,2024,blank cell,zero
baseline_noce,ENW,Final Energy|Industry|Non-Ferrous Metals|Aluminum|Hydrogen,EJ/yr,2019,blank cell,zero
baseline_noce,ENW,Final Energy|Industry|Non-Ferrous Metals|Aluminum|Hydrogen,EJ/yr,2024,blank cell,zero
baseline_noce,ENW,Final Energy|Industry|Non-Ferrous Metals|Aluminum|Hydrogen,EJ/yr,2050,blank cell,zero
baseline_noce,EUE,Final Energy|Industry|Non-Ferrous Metals|Aluminum|Hydrogen,EJ/yr,2019,blank cell,zero
baseline_noce,EUE,Final Energy|Industry|Non-Ferrous Metals|Aluminum|Hydrogen,EJ/yr,2024,blank cell,zero
baseline_noce,EUE,Final Energy|Industry|Non-Ferrous Metals|Aluminum|Hydrogen,EJ/yr,2030,blank cell,zero
baseline_noce,EUM,Final Energy|Industry|Non-Ferrous Metals|Aluminum|Hydrogen,EJ/yr,2019,blank cell,zero
baseline_noce,EUM,Final Energy|Industry|Non-Ferrous Metals|Aluminum|Hydrogen,EJ/yr,2024,blank cell,zero
baseline_noce,EUW,Final Energy|Industry|Non-Ferrous Metals|Aluminum|Hydrogen,EJ/yr,2019,blank cell,zero
baseline_noce,EUW,Final Energy|Industry|Non-Ferrous Metals|Aluminum|Hydrogen,EJ/yr,2024,blank cell,zero
baseline_noce,IDN,Final Energy|Industry|Non-Ferrous Metals|Aluminum|Hydrogen,EJ/yr,2019,blank cell,zero
baseline_noce,IDN,Final Energy|Industry|Non-Ferrous Metals|Aluminum|Hydrogen,EJ/yr,2024,blank cell,zero
baseline_noce,IND,Final Energy|Industry|Non-Ferrous Metals|Aluminum|Hydrogen,EJ/yr,2019,blank cell,zero
baseline_noce,IND,Final Energy|Industry|Non-Ferrous Metals|Aluminum|Hydrogen,EJ/yr,2024,blank cell,zero
baseline_noce,JPN,Final Energy|Industry|Non-Ferrous Metals|Aluminum|Hydrogen,EJ/yr,2019,blank cell,zero
baseline_noce,JPN,Final Energy|Industry|Non-Ferrous Metals|Aluminum|Hydrogen,EJ/yr,2024,blank cell,zero
baseline_noce,JPN,Final Energy|Industry|Non-Ferrous Metals|Aluminum|Hydrogen,EJ/yr,2030,blank cell,zero
baseline_noce,LAM,Final Energy|Industry|Non-Ferrous Metals|Aluminum|Hydrogen,EJ/yr,2019,blank cell,zero
baseline_noce,LAM,Final Energy|Industry|Non-Ferrous Metals|Aluminum|Hydrogen,EJ/yr,2024,blank cell,zero
baseline_noce,MDA,Final Energy|Industry|Non-Ferrous Metals|Aluminum|Hydrogen,EJ/yr,2019,blank cell,zero
baseline_noce,MDA,Final Energy|Industry|Non-Ferrous Metals|Aluminum|Hydrogen,EJ/yr,2024,blank cell,zero
baseline_noce,MDA,Final Energy|Industry|Non-Ferrous Metals|Aluminum|Hydrogen,EJ/yr,2030,blank cell,zero
baseline_noce,MEA,Final Energy|Industry|Non-Ferrous Metals|Aluminum|Hydrogen,EJ/yr,2019,blank cell,zero
baseline_noce,MEA,Final Energy|Industry|Non-Ferrous Metals|Aluminum|Hydrogen,EJ/yr,2024,blank cell,zero
baseline_noce,MEX,Final Energy|Industry|Non-Ferrous Metals|Aluminum|Hydrogen,EJ/yr,2019,blank cell,zero
baseline_noce,MEX,Final Energy|Industry|Non-Ferrous Metals|Aluminum|Hydrogen,EJ/yr,2024,blank cell,zero
baseline_noce,MEX,Final Energy|Industry|Non-Ferrous Metals|Aluminum|Hydrogen,EJ/yr,2030,blank cell,zero
baseline_noce,NIG,Final Energy|Industry|Non-Ferrous Metals|Aluminum|Hydrogen,EJ/yr,2019,absent row,zero
baseline_noce,NIG,Final Energy|Industry|Non-Ferrous Metals|Aluminum|Hydrogen,EJ/yr,2024,absent row,zero
baseline_noce,NIG,Final Energy|Industry|Non-Ferrous Metals|Aluminum|Hydrogen,EJ/yr,2030,absent row,zero
baseline_noce,NIG,Final Energy|Industry|Non-Ferrous Metals|Aluminum|Hydrogen,EJ/yr,2035,absent row,zero
baseline_noce,NIG,Final Energy|Industry|Non-Ferrous Metals|Aluminum|Hydrogen,EJ/yr,2040,absent row,zero
baseline_noce,NIG,Final Energy|Industry|Non-Ferrous Metals|Aluminum|Hydrogen,EJ/yr,2050,absent row,zero
baseline_noce,RUS,Final Energy|Industry|Non-Ferrous Metals|Aluminum|Hydrogen,EJ/yr,2019,blank cell,zero
baseline_noce,RUS,Final Energy|Industry|Non-Ferrous Metals|Aluminum|Hydrogen,EJ/yr,2024,blank cell,zero
baseline_noce,SKT,Final Energy|Industry|Non-Ferrous Metals|Aluminum|Hydrogen,EJ/yr,2019,blank cell,zero
baseline_noce,SKT,Final Energy|Industry|Non-Ferrous Metals|Aluminum|Hydrogen,EJ/yr,2024,blank cell,zero
baseline_noce,SKT,Final Energy|Industry|Non-Ferrous Metals|Aluminum|Hydrogen,EJ/yr,2030,blank cell,zero
baseline_noce,USA,Final Energy|Industry|Non-Ferrous Metals|Aluminum|Hydrogen,EJ/yr,2019,blank cell,zero
baseline_noce,USA,Final Energy|Industry|Non-Ferrous Metals|Aluminum|Hydrogen,EJ/yr,2024,blank cell,zero
baseline_noce,AFE,Final Energy|Industry|Non-Ferrous Metals|Aluminum|Liquids,EJ/yr,2019,absent row,zero
baseline_noce,AFE,Final Energy|Industry|Non-Ferrous Metals|Aluminum|Liquids,EJ/yr,2024,absent row,zero
baseline_noce,AFE,Final Energy|Industry|Non-Ferrous Metals|Aluminum|Liquids,EJ/yr,2030,absent row,zero
baseline_noce,AFE,Final Energy|Industry|Non-Ferrous Metals|Aluminum|Liquids,EJ/yr,2035,absent row,zero
baseline_noce,AFE,Final Energy|Industry|Non-Ferrous Metals|Aluminum|Liquids,EJ/yr,2040,absent row,zero
baseline_noce,AFE,Final Energy|Industry|Non-Ferrous Metals|Aluminum|Liquids,EJ/yr,2050,absent row,zero
baseline_noce,AFN,Final Energy|Industry|Non-Ferrous Metals|Aluminum|Liquids,EJ/yr,2019,absent row,zero
baseline_noce,AFN,Final Energy|Industry|Non-Ferrous Metals|Aluminum|Liquids,EJ/yr,2024,absent row,zero
baseline_noce,AFN,Final Energy|Industry|Non-Ferrous Metals|Aluminum|Liquids,EJ/yr,2030,absent row,zero
baseline_noce,AFN,Final Energy|Industry|Non-Ferrous Metals|Aluminum|Liquids,EJ/yr,2035,absent row,zero
baseline_noce,AFN,Final Energy|Industry|Non-Ferrous Metals|Aluminum|Liquids,EJ/yr,2040,absent row,zero
baseline_noce,AFN,Final Energy|Industry|Non-Ferrous Metals|Aluminum|Liquids,EJ/yr,2050,absent row,zero
baseline_noce,AFW,Final Energy|Industry|Non-Ferrous Metals|Aluminum|Liquids,EJ/yr,2050,blank cell,zero
baseline_noce,AFZ,Final Energy|Industry|Non-Ferrous Metals|Aluminum|Liquids,EJ/yr,2050,blank cell,zero
baseline_noce,ANZ,Final Energy|Industry|Non-Ferrous Metals|Aluminum|Liquids,EJ/yr,2019,absent row,zero
baseline_noce,ANZ,Final Energy|Industry|Non-Ferrous Metals|Aluminum|Liquids,EJ/yr,2024,absent row,zero
baseline_noce,ANZ,Final Energy|Industry|Non-Ferrous Metals|Aluminum|Liquids,EJ/yr,2030,absent row,zero
baseline_noce,ANZ,Final Energy|Industry|Non-Ferrous Metals|Aluminum|Liquids,EJ/yr,2035,absent row,zero
baseline_noce,ANZ,Final Energy|Industry|Non-Ferrous Metals|Aluminum|Liquids,EJ/yr,2040,absent row,zero
baseline_noce,ANZ,Final Energy|Industry|Non-Ferrous Metals|Aluminum|Liquids,EJ/yr,2050,absent row,zero
baseline_noce,ASC,Final Energy|Industry|Non-Ferrous Metals|Aluminum|Liquids,EJ/yr,2050,blank cell,zero
baseline_noce,ASE,Final Energy|Industry|Non-Ferrous Metals|Aluminum|Liquids,EJ/yr,2040,blank cell,zero
baseline_noce,ASE,Final Energy|Industry|Non-Ferrous Metals|Aluminum|Liquids,EJ/yr,2050,blank cell,zero
baseline_noce,ASO,Final Energy|Industry|Non-Ferrous Metals|Aluminum|Liquids,EJ/yr,2019,absent row,zero
baseline_noce,ASO,Final Energy|Industry|Non-Ferrous Metals|Aluminum|Liquids,EJ/yr,2024,absent row,zero
baseline_noce,ASO,Final Energy|Industry|Non-Ferrous Metals|Aluminum|Liquids,EJ/yr,2030,absent row,zero
baseline_noce,ASO,Final Energy|Industry|Non-Ferrous Metals|Aluminum|Liquids,EJ/yr,2035,absent row,zero
baseline_noce,ASO,Final Energy|Industry|Non-Ferrous Metals|Aluminum|Liquids,EJ/yr,2040,absent row,zero
baseline_noce,ASO,Final Energy|Industry|Non-Ferrous Metals|Aluminum|Liquids,EJ/yr,2050,absent row,zero
baseline_noce,BRA,Final Energy|Industry|Non-Ferrous Metals|Aluminum|Liquids,EJ/yr,2040,blank cell,zero
baseline_noce,BRA,Final Energy|Industry|Non-Ferrous Metals|Aluminum|Liquids,EJ/yr,2050,blank cell,zero
baseline_noce,CAN,Final Energy|Industry|Non-Ferrous Metals|Aluminum|Liquids,EJ/yr,2019,absent row,zero
baseline_noce,CAN,Final Energy|Industry|Non-Ferrous Metals|Aluminum|Liquids,EJ/yr,2024,absent row,zero
baseline_noce,CAN,Final Energy|Industry|Non-Ferrous Metals|Aluminum|Liquids,EJ/yr,2030,absent row,zero
baseline_noce,CAN,Final Energy|Industry|Non-Ferrous Metals|Aluminum|Liquids,EJ/yr,2035,absent row,zero
baseline_noce,CAN,Final Energy|Industry|Non-Ferrous Metals|Aluminum|Liquids,EJ/yr,2040,absent row,zero
baseline_noce,CAN,Final Energy|Industry|Non-Ferrous Metals|Aluminum|Liquids,EJ/yr,2050,absent row,zero
baseline_noce,CHL,Final Energy|Industry|Non-Ferrous Metals|Aluminum|Liquids,EJ/yr,2019,absent row,zero
baseline_noce,CHL,Final Energy|Industry|Non-Ferrous Metals|Aluminum|Liquids,EJ/yr,2024,absent row,zero
baseline_noce,CHL,Final Energy|Industry|Non-Ferrous Metals|Aluminum|Liquids,EJ/yr,2030,absent row,zero
baseline_noce,CHL,Final Energy|Industry|Non-Ferrous Metals|Aluminum|Liquids,EJ/yr,2035,absent row,zero
baseline_noce,CHL,Final Energy|Industry|Non-Ferrous Metals|Aluminum|Liquids,EJ/yr,2040,absent row,zero
baseline_noce,CHL,Final Energy|Industry|Non-Ferrous Metals|Aluminum|Liquids,EJ/yr,2050,absent row,zero
baseline_noce,CHN,Final Energy|Industry|Non-Ferrous Metals|Aluminum|Liquids,EJ/yr,2050,blank cell,zero
baseline_noce,ENE,Final Energy|Industry|Non-Ferrous Metals|Aluminum|Liquids,EJ/yr,2019,absent row,zero
baseline_noce,ENE,Final Energy|Industry|Non-Ferrous Metals|Aluminum|Liquids,EJ/yr,2024,absent row,zero
baseline_noce,ENE,Final Energy|Industry|Non-Ferrous Metals|Aluminum|Liquids,EJ/yr,2030,absent row,zero
baseline_noce,ENE,Final Energy|Industry|Non-Ferrous Metals|Aluminum|Liquids,EJ/yr,2035,absent row,zero
baseline_noce,ENE,Final Energy|Industry|Non-Ferrous Metals|Aluminum|Liquids,EJ/yr,2040,absent row,zero
baseline_noce,ENE,Final Energy|Industry|Non-Ferrous Metals|Aluminum|Liquids,EJ/yr,2050,absent row,zero
baseline_noce,ENW,Final Energy|Industry|Non-Ferrous Metals|Aluminum|Liquids,EJ/yr,2019,absent row,zero
baseline_noce,ENW,Final Energy|Industry|Non-Ferrous Metals|Aluminum|Liquids,EJ/yr,2024,absent row,zero
baseline_noce,ENW,Final Energy|Industry|Non-Ferrous Metals|Aluminum|Liquids,EJ/yr,2030,absent row,zero
baseline_noce,ENW,Final Energy|Industry|Non-Ferrous Metals|Aluminum|Liquids,EJ/yr,2035,absent row,zero
baseline_noce,ENW,Final Energy|Industry|Non-Ferrous Metals|Aluminum|Liquids,EJ/yr,2040,absent row,zero
baseline_noce,ENW,Final Energy|Industry|Non-Ferrous Metals|Aluminum|Liquids,EJ/yr,2050,absent row,zero
baseline_noce,EUE,Final Energy|Industry|Non-Ferrous Metals|Aluminum|Liquids,EJ/yr,2019,absent row,zero
baseline_noce,EUE,Final Energy|Industry|Non-Ferrous Metals|Aluminum|Liquids,EJ/yr,2024,absent row,zero
baseline_noce,EUE,Final Energy|Industry|Non-Ferrous Metals|Aluminum|Liquids,EJ/yr,2030,absent row,zero
baseline_noce,EUE,Final Energy|Industry|Non-Ferrous Metals|Aluminum|Liquids,EJ/yr,2035,absent row,zero
baseline_noce,EUE,Final Energy|Industry|Non-Ferrous Metals|Aluminum|Liquids,EJ/yr,2040,absent row,zero
baseline_noce,EUE,Final Energy|Industry|Non-Ferrous Metals|Aluminum|Liquids,EJ/yr,2050,absent row,zero
baseline_noce,EUM,Final Energy|Industry|Non-Ferrous Metals|Aluminum|Liquids,EJ/yr,2019,absent row,zero
baseline_noce,EUM,Final Energy|Industry|Non-Ferrous Metals|Aluminum|Liquids,EJ/yr,2024,absent row,zero
baseline_noce,EUM,Final Energy|Industry|Non-Ferrous Metals|Aluminum|Liquids,EJ/yr,2030,absent row,zero
baseline_noce,EUM,Final Energy|Industry|Non-Ferrous Metals|Aluminum|Liquids,EJ/yr,2035,absent row,zero
baseline_noce,EUM,Final Energy|Industry|Non-Ferrous Metals|Aluminum|Liquids,EJ/yr,2040,absent row,zero
baseline_noce,EUM,Final Energy|Industry|Non-Ferrous Metals|Aluminum|Liquids,EJ/yr,2050,absent row,zero
baseline_noce,EUW,Final Energy|Industry|Non-Ferrous Metals|Aluminum|Liquids,EJ/yr,2019,absent row,zero
baseline_noce,EUW,Final Energy|Industry|Non-Ferrous Metals|Aluminum|Liquids,EJ/yr,2024,absent row,zero
baseline_noce,EUW,Final Energy|Industry|Non-Ferrous Metals|Aluminum|Liquids,EJ/yr,2030,absent row,zero
baseline_noce,EUW,Final Energy|Industry|Non-Ferrous Metals|Aluminum|Liquids,EJ/yr,2035,absent row,zero
baseline_noce,EUW,Final Energy|Industry|Non-Ferrous Metals|Aluminum|Liquids,EJ/yr,2040,absent row,zero
baseline_noce,EUW,Final Energy|Industry|Non-Ferrous Metals|Aluminum|Liquids,EJ/yr,2050,absent row,zero
baseline_noce,IDN,Final Energy|Industry|Non-Ferrous Metals|Aluminum|Liquids,EJ/yr,2050,blank cell,zero
baseline_noce,IND,Final Energy|Industry|Non-Ferrous Metals|Aluminum|Liquids,EJ/yr,2050,blank cell,zero
baseline_noce,JPN,Final Energy|Industry|Non-Ferrous Metals|Aluminum|Liquids,EJ/yr,2019,absent row,zero
baseline_noce,JPN,Final Energy|Industry|Non-Ferrous Metals|Aluminum|Liquids,EJ/yr,2024,absent row,zero
baseline_noce,JPN,Final Energy|Industry|Non-Ferrous Metals|Aluminum|Liquids,EJ/yr,2030,absent row,zero
baseline_noce,JPN,Final Energy|Industry|Non-Ferrous Metals|Aluminum|Liquids,EJ/yr,2035,absent row,zero
baseline_noce,JPN,Final Energy|Industry|Non-Ferrous Metals|Aluminum|Liquids,EJ/yr,2040,absent row,zero
baseline_noce,JPN,Final Energy|Industry|Non-Ferrous Metals|Aluminum|Liquids,EJ/yr,2050,absent row,zero
baseline_noce,LAM,Final Energy|Industry|Non-Ferrous Metals|Aluminum|Liquids,EJ/yr,2050,blank cell,zero
baseline_noce,MDA,Final Energy|Industry|Non-Ferrous Metals|Aluminum|Liquids,EJ/yr,2050,blank cell,zero
baseline_noce,MEA,Final Energy|Industry|Non-Ferrous Metals|Aluminum|Liquids,EJ/yr,2019,absent row,zero
baseline_noce,MEA,Final Energy|Industry|Non-Ferrous Metals|Aluminum|Liquids,EJ/yr,2024,absent row,zero
baseline_noce,MEA,Final Energy|Industry|Non-Ferrous Metals|Aluminum|Liquids,EJ/yr,2030,absent row,zero
baseline_noce,MEA,Final Energy|Industry|Non-Ferrous Metals|Aluminum|Liquids,EJ/yr,2035,absent row,zero
baseline_noce,MEA,Final Energy|Industry|Non-Ferrous Metals|Aluminum|Liquids,EJ/yr,2040,absent row,zero
baseline_noce,MEA,Final Energy|Industry|Non-Ferrous Metals|Aluminum|Liquids,EJ/yr,2050,absent row,zero
baseline_noce,MEX,Final Energy|Industry|Non-Ferrous Metals|Aluminum|Liquids,EJ/yr,2019,absent row,zero
baseline_noce,MEX,Final Energy|Industry|Non-Ferrous Metals|Aluminum|Liquids,EJ/yr,2024,absent row,zero
baseline_noce,MEX,Final Energy|Industry|Non-Ferrous Metals|Aluminum|Liquids,EJ/yr,2030,absent row,zero
baseline_noce,MEX,Final Energy|Industry|Non-Ferrous Metals|Aluminum|Liquids,EJ/yr,2035,absent row,zero
baseline_noce,MEX,Final Energy|Industry|Non-Ferrous Metals|Aluminum|Liquids,EJ/yr,2040,absent row,zero
baseline_noce,MEX,Final Energy|Industry|Non-Ferrous Metals|Aluminum|Liquids,EJ/yr,2050,absent row,zero
baseline_noce,NIG,Final Energy|Industry|Non-Ferrous Metals|Aluminum|Liquids,EJ/yr,2019,absent row,zero
baseline_noce,NIG,Final Energy|Industry|Non-Ferrous Metals|Aluminum|Liquids,EJ/yr,2024,absent row,zero
baseline_noce,NIG,Final Energy|Industry|Non-Ferrous Metals|Aluminum|Liquids,EJ/yr,2030,absent row,zero
baseline_noce,NIG,Final Energy|Industry|Non-Ferrous Metals|Aluminum|Liquids,EJ/yr,2035,absent row,zero
baseline_noce,NIG,Final Energy|Industry|Non-Ferrous Metals|Aluminum|Liquids,EJ/yr,2040,absent row,zero
baseline_noce,NIG,Final Energy|Industry|Non-Ferrous Metals|Aluminum|Liquids,EJ/yr,2050,absent row,zero
baseline_noce,RUS,Final Energy|Industry|Non-Ferrous Metals|Aluminum|Liquids,EJ/yr,2019,absent row,zero
baseline_noce,RUS,Final Energy|Industry|Non-Ferrous Metals|Aluminum|Liquids,EJ/yr,2024,absent row,zero
baseline_noce,RUS,Final Energy|Industry|Non-Ferrous Metals|Aluminum|Liquids,EJ/yr,2030,absent row,zero
baseline_noce,RUS,Final Energy|Industry|Non-Ferrous Metals|Aluminum|Liquids,EJ/yr,2035,absent row,zero
baseline_noce,RUS,Final Energy|Industry|Non-Ferrous Metals|Aluminum|Liquids,EJ/yr,2040,absent row,zero
baseline_noce,RUS,Final Energy|Industry|Non-Ferrous Metals|Aluminum|Liquids,EJ/yr,2050,absent row,zero
baseline_noce,SKT,Final Energy|Industry|Non-Ferrous Metals|Aluminum|Liquids,EJ/yr,2019,absent row,zero
baseline_noce,SKT,Final Energy|Industry|Non-Ferrous Metals|Aluminum|Liquids,EJ/yr,2024,absent row,zero
baseline_noce,SKT,Final Energy|Industry|Non-Ferrous Metals|Aluminum|Liquids,EJ/yr,2030,absent row,zero
baseline_noce,SKT,Final Energy|Industry|Non-Ferrous Metals|Aluminum|Liquids,EJ/yr,2035,absent row,zero
baseline_noce,SKT,Final Energy|Industry|Non-Ferrous Metals|Aluminum|Liquids,EJ/yr,2040,absent row,zero
baseline_noce,SKT,Final Energy|Industry|Non-Ferrous Metals|Aluminum|Liquids,EJ/yr,2050,absent row,zero
baseline_noce,USA,Final Energy|Industry|Non-Ferrous Metals|Aluminum|Liquids,EJ/yr,2019,absent row,zero
baseline_noce,USA,Final Energy|Industry|Non-Ferrous Metals|Aluminum|Liquids,EJ/yr,2024,absent row,zero
baseline_noce,USA,Final Energy|Industry|Non-Ferrous Metals|Aluminum|Liquids,EJ/yr,2030,absent row,zero
baseline_noce,USA,Final Energy|Industry|Non-Ferrous Metals|Aluminum|Liquids,EJ/yr,2035,absent row,zero
baseline_noce,USA,Final Energy|Industry|Non-Ferrous Metals|Aluminum|Liquids,EJ/yr,2040,absent row,zero
baseline_noce,USA,Final Energy|Industry|Non-Ferrous Metals|Aluminum|Liquids,EJ/yr,2050,absent row,zero
baseline_noce,AFE,Final Energy|Industry|Non-Ferrous Metals|Aluminum|Solids,EJ/yr,2019,absent row,zero
baseline_noce,AFE,Final Energy|Industry|Non-Ferrous Metals|Aluminum|Solids,EJ/yr,2024,absent row,zero
baseline_noce,AFE,Final Energy|Industry|Non-Ferrous Metals|Aluminum|Solids,EJ/yr,2030,absent row,zero
baseline_noce,AFE,Final Energy|Industry|Non-Ferrous Metals|Aluminum|Solids,EJ/yr,2035,absent row,zero
baseline_noce,AFE,Final Energy|Industry|Non-Ferrous Metals|Aluminum|Solids,EJ/yr,2040,absent row,zero
baseline_noce,AFE,Final Energy|Industry|Non-Ferrous Metals|Aluminum|Solids,EJ/yr,2050,absent row,zero
baseline_noce,AFN,Final Energy|Industry|Non-Ferrous Metals|Aluminum|Solids,EJ/yr,2019,absent row,zero
baseline_noce,AFN,Final Energy|Industry|Non-Ferrous Metals|Aluminum|Solids,EJ/yr,2024,absent row,zero
baseline_noce,AFN,Final Energy|Industry|Non-Ferrous Metals|Aluminum|Solids,EJ/yr,2030,absent row,zero
baseline_noce,AFN,Final Energy|Industry|Non-Ferrous Metals|Aluminum|Solids,EJ/yr,2035,absent row,zero
baseline_noce,AFN,Final Energy|Industry|Non-Ferrous Metals|Aluminum|Solids,EJ/yr,2040,absent row,zero
baseline_noce,AFN,Final Energy|Industry|Non-Ferrous Metals|Aluminum|Solids,EJ/yr,2050,absent row,zero
baseline_noce,AFW,Final Energy|Industry|Non-Ferrous Metals|Aluminum|Solids,EJ/yr,2050,blank cell,zero
baseline_noce,AFZ,Final Energy|Industry|Non-Ferrous Metals|Aluminum|Solids,EJ/yr,2050,blank cell,zero
baseline_noce,ANZ,Final Energy|Industry|Non-Ferrous Metals|Aluminum|Solids,EJ/yr,2040,blank cell,zero
baseline_noce,ANZ,Final Energy|Industry|Non-Ferrous Metals|Aluminum|Solids,EJ/yr,2050,blank cell,zero
baseline_noce,ASC,Final Energy|Industry|Non-Ferrous Metals|Aluminum|Solids,EJ/yr,2050,blank cell,zero
baseline_noce,ASE,Final Energy|Industry|Non-Ferrous Metals|Aluminum|Solids,EJ/yr,2040,blank cell,zero
baseline_noce,ASE,Final Energy|Industry|Non-Ferrous Metals|Aluminum|Solids,EJ/yr,2050,blank cell,zero
baseline_noce,ASO,Final Energy|Industry|Non-Ferrous Metals|Aluminum|Solids,EJ/yr,2019,absent row,zero
baseline_noce,ASO,Final Energy|Industry|Non-Ferrous Metals|Aluminum|Solids,EJ/yr,2024,absent row,zero
baseline_noce,ASO,Final Energy|Industry|Non-Ferrous Metals|Aluminum|Solids,EJ/yr,2030,absent row,zero
baseline_noce,ASO,Final Energy|Industry|Non-Ferrous Metals|Aluminum|Solids,EJ/yr,2035,absent row,zero
baseline_noce,ASO,Final Energy|Industry|Non-Ferrous Metals|Aluminum|Solids,EJ/yr,2040,absent row,zero
baseline_noce,ASO,Final Energy|Industry|Non-Ferrous Metals|Aluminum|Solids,EJ/yr,2050,absent row,zero
baseline_noce,BRA,Final Energy|Industry|Non-Ferrous Metals|Aluminum|Solids,EJ/yr,2040,blank cell,zero
baseline_noce,BRA,Final Energy|Industry|Non-Ferrous Metals|Aluminum|Solids,EJ/yr,2050,blank cell,zero
baseline_noce,CAN,Final Energy|Industry|Non-Ferrous Metals|Aluminum|Solids,EJ/yr,2019,absent row,zero
baseline_noce,CAN,Final Energy|Industry|Non-Ferrous Metals|Aluminum|Solids,EJ/yr,2024,absent row,zero
baseline_noce,CAN,Final Energy|Industry|Non-Ferrous Metals|Aluminum|Solids,EJ/yr,2030,absent row,zero
baseline_noce,CAN,Final Energy|Industry|Non-Ferrous Metals|Aluminum|Solids,EJ/yr,2035,absent row,zero
baseline_noce,CAN,Final Energy|Industry|Non-Ferrous Metals|Aluminum|Solids,EJ/yr,2040,absent row,zero
baseline_noce,CAN,Final Energy|Industry|Non-Ferrous Metals|Aluminum|Solids,EJ/yr,2050,absent row,zero
baseline_noce,CHL,Final Energy|Industry|Non-Ferrous Metals|Aluminum|Solids,EJ/yr,2019,absent row,zero
baseline_noce,CHL,Final Energy|Industry|Non-Ferrous Metals|Aluminum|Solids,EJ/yr,2024,absent row,zero
baseline_noce,CHL,Final Energy|Industry|Non-Ferrous Metals|Aluminum|Solids,EJ/yr,2030,absent row,zero
baseline_noce,CHL,Final Energy|Industry|Non-Ferrous Metals|Aluminum|Solids,EJ/yr,2035,absent row,zero
baseline_noce,CHL,Final Energy|Industry|Non-Ferrous Metals|Aluminum|Solids,EJ/yr,2040,absent row,zero
baseline_noce,CHL,Final Energy|Industry|Non-Ferrous Metals|Aluminum|Solids,EJ/yr,2050,absent row,zero
baseline_noce,CHN,Final Energy|Industry|Non-Ferrous Metals|Aluminum|Solids,EJ/yr,2050,blank cell,zero
baseline_noce,ENE,Final Energy|Industry|Non-Ferrous Metals|Aluminum|Solids,EJ/yr,2019,absent row,zero
baseline_noce,ENE,Final Energy|Industry|Non-Ferrous Metals|Aluminum|Solids,EJ/yr,2024,absent row,zero
baseline_noce,ENE,Final Energy|Industry|Non-Ferrous Metals|Aluminum|Solids,EJ/yr,2030,absent row,zero
baseline_noce,ENE,Final Energy|Industry|Non-Ferrous Metals|Aluminum|Solids,EJ/yr,2035,absent row,zero
baseline_noce,ENE,Final Energy|Industry|Non-Ferrous Metals|Aluminum|Solids,EJ/yr,2040,absent row,zero
baseline_noce,ENE,Final Energy|Industry|Non-Ferrous Metals|Aluminum|Solids,EJ/yr,2050,absent row,zero
baseline_noce,ENW,Final Energy|Industry|Non-Ferrous Metals|Aluminum|Solids,EJ/yr,2019,absent row,zero
baseline_noce,ENW,Final Energy|Industry|Non-Ferrous Metals|Aluminum|Solids,EJ/yr,2024,absent row,zero
baseline_noce,ENW,Final Energy|Industry|Non-Ferrous Metals|Aluminum|Solids,EJ/yr,2030,absent row,zero
baseline_noce,ENW,Final Energy|Industry|Non-Ferrous Metals|Aluminum|Solids,EJ/yr,2035,absent row,zero
baseline_noce,ENW,Final Energy|Industry|Non-Ferrous Metals|Aluminum|Solids,EJ/yr,2040,absent row,zero
baseline_noce,ENW,Final Energy|Industry|Non-Ferrous Metals|Aluminum|Solids,EJ/yr,2050,absent row,zero
baseline_noce,EUE,Final Energy|Industry|Non-Ferrous Metals|Aluminum|Solids,EJ/yr,2019,absent row,zero
baseline_noce,EUE,Final Energy|Industry|Non-Ferrous Metals|Aluminum|Solids,EJ/yr,2024,absent row,zero
baseline_noce,EUE,Final Energy|Industry|Non-Ferrous Metals|Aluminum|Solids,EJ/yr,2030,absent row,zero
baseline_noce,EUE,Final Energy|Industry|Non-Ferrous Metals|Aluminum|Solids,EJ/yr,2035,absent row,zero
baseline_noce,EUE,Final Energy|Industry|Non-Ferrous Metals|Aluminum|Solids,EJ/yr,2040,absent row,zero
baseline_noce,EUE,Final Energy|Industry|Non-Ferrous Metals|Aluminum|Solids,EJ/yr,2050,absent row,zero
baseline_noce,EUM,Final Energy|Industry|Non-Ferrous Metals|Aluminum|Solids,EJ/yr,2019,absent row,zero
baseline_noce,EUM,Final Energy|Industry|Non-Ferrous Metals|Aluminum|Solids,EJ/yr,2024,absent row,zero
baseline_noce,EUM,Final Energy|Industry|Non-Ferrous Metals|Aluminum|Solids,EJ/yr,2030,absent row,zero
baseline_noce,EUM,Final Energy|Industry|Non-Ferrous Metals|Aluminum|Solids,EJ/yr,2035,absent row,zero
baseline_noce,EUM,Final Energy|Industry|Non-Ferrous Metals|Aluminum|Solids,EJ/yr,2040,absent row,zero
baseline_noce,EUM,Final Energy|Industry|Non-Ferrous Metals|Aluminum|Solids,EJ/yr,2050,absent row,zero
baseline_noce,EUW,Final Energy|Industry|Non-Ferrous Metals|Aluminum|Solids,EJ/yr,2019,absent row,zero
baseline_noce,EUW,Final Energy|Industry|Non-Ferrous Metals|Aluminum|Solids,EJ/yr,2024,absent row,zero
baseline_noce,EUW,Final Energy|Industry|Non-Ferrous Metals|Aluminum|Solids,EJ/yr,2030,absent row,zero
baseline_noce,EUW,Final Energy|Industry|Non-Ferrous Metals|Aluminum|Solids,EJ/yr,2035,absent row,zero
baseline_noce,EUW,Final Energy|Industry|Non-Ferrous Metals|Aluminum|Solids,EJ/yr,2040,absent row,zero
baseline_noce,EUW,Final Energy|Industry|Non-Ferrous Metals|Aluminum|Solids,EJ/yr,2050,absent row,zero
baseline_noce,IDN,Final Energy|Industry|Non-Ferrous Metals|Aluminum|Solids,EJ/yr,2050,blank cell,zero
baseline_noce,IND,Final Energy|Industry|Non-Ferrous Metals|Aluminum|Solids,EJ/yr,2050,blank cell,zero
baseline_noce,JPN,Final Energy|Industry|Non-Ferrous Metals|Aluminum|Solids,EJ/yr,2019,absent row,zero
baseline_noce,JPN,Final Energy|Industry|Non-Ferrous Metals|Aluminum|Solids,EJ/yr,2024,absent row,zero
baseline_noce,JPN,Final Energy|Industry|Non-Ferrous Metals|Aluminum|Solids,EJ/yr,2030,absent row,zero
baseline_noce,JPN,Final Energy|Industry|Non-Ferrous Metals|Aluminum|Solids,EJ/yr,2035,absent row,zero
baseline_noce,JPN,Final Energy|Industry|Non-Ferrous Metals|Aluminum|Solids,EJ/yr,2040,absent row,zero
baseline_noce,JPN,Final Energy|Industry|Non-Ferrous Metals|Aluminum|Solids,EJ/yr,2050,absent row,zero
baseline_noce,LAM,Final Energy|Industry|Non-Ferrous Metals|Aluminum|Solids,EJ/yr,2050,blank cell,zero
baseline_noce,MDA,Final Energy|Industry|Non-Ferrous Metals|Aluminum|Solids,EJ/yr,2050,blank cell,zero
baseline_noce,MEA,Final Energy|Industry|Non-Ferrous Metals|Aluminum|Solids,EJ/yr,2019,absent row,zero
baseline_noce,MEA,Final Energy|Industry|Non-Ferrous Metals|Aluminum|Solids,EJ/yr,2024,absent row,zero
baseline_noce,MEA,Final Energy|Industry|Non-Ferrous Metals|Aluminum|Solids,EJ/yr,2030,absent row,zero
baseline_noce,MEA,Final Energy|Industry|Non-Ferrous Metals|Aluminum|Solids,EJ/yr,2035,absent row,zero
baseline_noce,MEA,Final Energy|Industry|Non-Ferrous Metals|Aluminum|Solids,EJ/yr,2040,absent row,zero
baseline_noce,MEA,Final Energy|Industry|Non-Ferrous Metals|Aluminum|Solids,EJ/yr,2050,absent row,zero
baseline_noce,MEX,Final Energy|Industry|Non-Ferrous Metals|Aluminum|Solids,EJ/yr,2019,absent row,zero
baseline_noce,MEX,Final Energy|Industry|Non-Ferrous Metals|Aluminum|Solids,EJ/yr,2024,absent row,zero
baseline_noce,MEX,Final Energy|Industry|Non-Ferrous Metals|Aluminum|Solids,EJ/yr,2030,absent row,zero
baseline_noce,MEX,Final Energy|Industry|Non-Ferrous Metals|Aluminum|Solids,EJ/yr,2035,absent row,zero
baseline_noce,MEX,Final Energy|Industry|Non-Ferrous Metals|Aluminum|Solids,EJ/yr,2040,absent row,zero
baseline_noce,MEX,Final Energy|Industry|Non-Ferrous Metals|Aluminum|Solids,EJ/yr,2050,absent row,zero
baseline_noce,NIG,Final Energy|Industry|Non-Ferrous Metals|Aluminum|Solids,EJ/yr,2019,absent row,zero
baseline_noce,NIG,Final Energy|Industry|Non-Ferrous Metals|Aluminum|Solids,EJ/yr,2024,absent row,zero
baseline_noce,NIG,Final Energy|Industry|Non-Ferrous Metals|Aluminum|Solids,EJ/yr,2030,absent row,zero
baseline_noce,NIG,Final Energy|Industry|Non-Ferrous Metals|Aluminum|Solids,EJ/yr,2035,absent row,zero
baseline_noce,NIG,Final Energy|Industry|Non-Ferrous Metals|Aluminum|Solids,EJ/yr,2040,absent row,zero
baseline_noce,NIG,Final Energy|Industry|Non-Ferrous Metals|Aluminum|Solids,EJ/yr,2050,absent row,zero
baseline_noce,RUS,Final Energy|Industry|Non-Ferrous Metals|Aluminum|Solids,EJ/yr,2019,absent row,zero
baseline_noce,RUS,Final Energy|Industry|Non-Ferrous Metals|Aluminum|Solids,EJ/yr,2024,absent row,zero
baseline_noce,RUS,Final Energy|Industry|Non-Ferrous Metals|Aluminum|Solids,EJ/yr,2030,absent row,zero
baseline_noce,RUS,Final Energy|Industry|Non-Ferrous Metals|Aluminum|Solids,EJ/yr,2035,absent row,zero
baseline_noce,RUS,Final Energy|Industry|Non-Ferrous Metals|Aluminum|Solids,EJ/yr,2040,absent row,zero
baseline_noce,RUS,Final Energy|Industry|Non-Ferrous Metals|Aluminum|Solids,EJ/yr,2050,absent row,zero
baseline_noce,SKT,Final Energy|Industry|Non-Ferrous Metals|Aluminum|Solids,EJ/yr,2019,absent row,zero
baseline_noce,SKT,Final Energy|Industry|Non-Ferrous Metals|Aluminum|Solids,EJ/yr,2024,absent row,zero
baseline_noce,SKT,Final Energy|Industry|Non-Ferrous Metals|Aluminum|Solids,EJ/yr,2030,absent row,zero
baseline_noce,SKT,Final Energy|Industry|Non-Ferrous Metals|Aluminum|Solids,EJ/yr,2035,absent row,zero
baseline_noce,SKT,Final Energy|Industry|Non-Ferrous Metals|Aluminum|Solids,EJ/yr,2040,absent row,zero
baseline_noce,SKT,Final Energy|Industry|Non-Ferrous Metals|Aluminum|Solids,EJ/yr,2050,absent row,zero
baseline_noce,USA,Final Energy|Industry|Non-Ferrous Metals|Aluminum|Solids,EJ/yr,2019,absent row,zero
baseline_noce,USA,Final Energy|Industry|Non-Ferrous Metals|Aluminum|Solids,EJ/yr,2024,absent row,zero
baseline_noce,USA,Final Energy|Industry|Non-Ferrous Metals|Aluminum|Solids,EJ/yr,2030,absent row,zero
baseline_noce,USA,Final Energy|Industry|Non-Ferrous Metals|Aluminum|Solids,EJ/yr,2035,absent row,zero
baseline_noce,USA,Final Energy|Industry|Non-Ferrous Metals|Aluminum|Solids,EJ/yr,2040,absent row,zero
baseline_noce,USA,Final Energy|Industry|Non-Ferrous Metals|Aluminum|Solids,EJ/yr,2050,absent row,zero
baseline_noce,AFE,Carbon Capture|Industry|Non-Metallic Minerals|Cement,MtCO2/yr,2019,absent row,zero
baseline_noce,AFE,Carbon Capture|Industry|Non-Metallic Minerals|Cement,MtCO2/yr,2024,absent row,zero
baseline_noce,AFE,Carbon Capture|Industry|Non-Metallic Minerals|Cement,MtCO2/yr,2030,absent row,zero
baseline_noce,AFE,Carbon Capture|Industry|Non-Metallic Minerals|Cement,MtCO2/yr,2035,absent row,zero
baseline_noce,AFE,Carbon Capture|Industry|Non-Metallic Minerals|Cement,MtCO2/yr,2040,absent row,zero
baseline_noce,AFE,Carbon Capture|Industry|Non-Metallic Minerals|Cement,MtCO2/yr,2050,absent row,zero
baseline_noce,AFN,Carbon Capture|Industry|Non-Metallic Minerals|Cement,MtCO2/yr,2019,blank cell,zero
baseline_noce,AFN,Carbon Capture|Industry|Non-Metallic Minerals|Cement,MtCO2/yr,2024,blank cell,zero
baseline_noce,AFW,Carbon Capture|Industry|Non-Metallic Minerals|Cement,MtCO2/yr,2019,absent row,zero
baseline_noce,AFW,Carbon Capture|Industry|Non-Metallic Minerals|Cement,MtCO2/yr,2024,absent row,zero
baseline_noce,AFW,Carbon Capture|Industry|Non-Metallic Minerals|Cement,MtCO2/yr,2030,absent row,zero
baseline_noce,AFW,Carbon Capture|Industry|Non-Metallic Minerals|Cement,MtCO2/yr,2035,absent row,zero
baseline_noce,AFW,Carbon Capture|Industry|Non-Metallic Minerals|Cement,MtCO2/yr,2040,absent row,zero
baseline_noce,AFW,Carbon Capture|Industry|Non-Metallic Minerals|Cement,MtCO2/yr,2050,absent row,zero
baseline_noce,AFZ,Carbon Capture|Industry|Non-Metallic Minerals|Cement,MtCO2/yr,2019,blank cell,zero
baseline_noce,AFZ,Carbon Capture|Industry|Non-Metallic Minerals|Cement,MtCO2/yr,2024,blank cell,zero
baseline_noce,ANZ,Carbon Capture|Industry|Non-Metallic Minerals|Cement,MtCO2/yr,2019,blank cell,zero
baseline_noce,ANZ,Carbon Capture|Industry|Non-Metallic Minerals|Cement,MtCO2/yr,2024,blank cell,zero
baseline_noce,ASC,Carbon Capture|Industry|Non-Metallic Minerals|Cement,MtCO2/yr,2019,absent row,zero
baseline_noce,ASC,Carbon Capture|Industry|Non-Metallic Minerals|Cement,MtCO2/yr,2024,absent row,zero
baseline_noce,ASC,Carbon Capture|Industry|Non-Metallic Minerals|Cement,MtCO2/yr,2030,absent row,zero
baseline_noce,ASC,Carbon Capture|Industry|Non-Metallic Minerals|Cement,MtCO2/yr,2035,absent row,zero
baseline_noce,ASC,Carbon Capture|Industry|Non-Metallic Minerals|Cement,MtCO2/yr,2040,absent row,zero
baseline_noce,ASC,Carbon Capture|Industry|Non-Metallic Minerals|Cement,MtCO2/yr,2050,absent row,zero
baseline_noce,ASE,Carbon Capture|Industry|Non-Metallic Minerals|Cement,MtCO2/yr,2019,blank cell,zero
baseline_noce,ASE,Carbon Capture|Industry|Non-Metallic Minerals|Cement,MtCO2/yr,2024,blank cell,zero
baseline_noce,ASO,Carbon Capture|Industry|Non-Metallic Minerals|Cement,MtCO2/yr,2019,blank cell,zero
baseline_noce,ASO,Carbon Capture|Industry|Non-Metallic Minerals|Cement,MtCO2/yr,2024,blank cell,zero
baseline_noce,BRA,Carbon Capture|Industry|Non-Metallic Minerals|Cement,MtCO2/yr,2019,blank cell,zero
baseline_noce,BRA,Carbon Capture|Industry|Non-Metallic Minerals|Cement,MtCO2/yr,2024,blank cell,zero
baseline_noce,CAN,Carbon Capture|Industry|Non-Metallic Minerals|Cement,MtCO2/yr,2019,blank cell,zero
baseline_noce,CAN,Carbon Capture|Industry|Non-Metallic Minerals|Cement,MtCO2/yr,2024,blank cell,zero
baseline_noce,CHL,Carbon Capture|Industry|Non-Metallic Minerals|Cement,MtCO2/yr,2019,blank cell,zero
baseline_noce,CHL,Carbon Capture|Industry|Non-Metallic Minerals|Cement,MtCO2/yr,2024,blank cell,zero
baseline_noce,CHN,Carbon Capture|Industry|Non-Metallic Minerals|Cement,MtCO2/yr,2019,blank cell,zero
baseline_noce,CHN,Carbon Capture|Industry|Non-Metallic Minerals|Cement,MtCO2/yr,2024,blank cell,zero
baseline_noce,ENE,Carbon Capture|Industry|Non-Metallic Minerals|Cement,MtCO2/yr,2019,blank cell,zero
baseline_noce,ENE,Carbon Capture|Industry|Non-Metallic Minerals|Cement,MtCO2/yr,2024,blank cell,zero
baseline_noce,ENW,Carbon Capture|Industry|Non-Metallic Minerals|Cement,MtCO2/yr,2019,absent row,zero
baseline_noce,ENW,Carbon Capture|Industry|Non-Metallic Minerals|Cement,MtCO2/yr,2024,absent row,zero
baseline_noce,ENW,Carbon Capture|Industry|Non-Metallic Minerals|Cement,MtCO2/yr,2030,absent row,zero
baseline_noce,ENW,Carbon Capture|Industry|Non-Metallic Minerals|Cement,MtCO2/yr,2035,absent row,zero
baseline_noce,ENW,Carbon Capture|Industry|Non-Metallic Minerals|Cement,MtCO2/yr,2040,absent row,zero
baseline_noce,ENW,Carbon Capture|Industry|Non-Metallic Minerals|Cement,MtCO2/yr,2050,absent row,zero
baseline_noce,EUE,Carbon Capture|Industry|Non-Metallic Minerals|Cement,MtCO2/yr,2019,blank cell,zero
baseline_noce,EUE,Carbon Capture|Industry|Non-Metallic Minerals|Cement,MtCO2/yr,2024,blank cell,zero
baseline_noce,EUM,Carbon Capture|Industry|Non-Metallic Minerals|Cement,MtCO2/yr,2019,absent row,zero
baseline_noce,EUM,Carbon Capture|Industry|Non-Metallic Minerals|Cement,MtCO2/yr,2024,absent row,zero
baseline_noce,EUM,Carbon Capture|Industry|Non-Metallic Minerals|Cement,MtCO2/yr,2030,absent row,zero
baseline_noce,EUM,Carbon Capture|Industry|Non-Metallic Minerals|Cement,MtCO2/yr,2035,absent row,zero
baseline_noce,EUM,Carbon Capture|Industry|Non-Metallic Minerals|Cement,MtCO2/yr,2040,absent row,zero
baseline_noce,EUM,Carbon Capture|Industry|Non-Metallic Minerals|Cement,MtCO2/yr,2050,absent row,zero
baseline_noce,EUW,Carbon Capture|Industry|Non-Metallic Minerals|Cement,MtCO2/yr,2019,blank cell,zero
baseline_noce,EUW,Carbon Capture|Industry|Non-Metallic Minerals|Cement,MtCO2/yr,2024,blank cell,zero
baseline_noce,IDN,Carbon Capture|Industry|Non-Metallic Minerals|Cement,MtCO2/yr,2019,blank cell,zero
baseline_noce,IDN,Carbon Capture|Industry|Non-Metallic Minerals|Cement,MtCO2/yr,2024,blank cell,zero
baseline_noce,IND,Carbon Capture|Industry|Non-Metallic Minerals|Cement,MtCO2/yr,2019,blank cell,zero
baseline_noce,IND,Carbon Capture|Industry|Non-Metallic Minerals|Cement,MtCO2/yr,2024,blank cell,zero
baseline_noce,JPN,Carbon Capture|Industry|Non-Metallic Minerals|Cement,MtCO2/yr,2019,blank cell,zero
baseline_noce,JPN,Carbon Capture|Industry|Non-Metallic Minerals|Cement,MtCO2/yr,2024,blank cell,zero
baseline_noce,LAM,Carbon Capture|Industry|Non-Metallic Minerals|Cement,MtCO2/yr,2019,absent row,zero
baseline_noce,LAM,Carbon Capture|Industry|Non-Metallic Minerals|Cement,MtCO2/yr,2024,absent row,zero
baseline_noce,LAM,Carbon Capture|Industry|Non-Metallic Minerals|Cement,MtCO2/yr,2030,absent row,zero
baseline_noce,LAM,Carbon Capture|Industry|Non-Metallic Minerals|Cement,MtCO2/yr,2035,absent row,zero
baseline_noce,LAM,Carbon Capture|Industry|Non-Metallic Minerals|Cement,MtCO2/yr,2040,absent row,zero
baseline_noce,LAM,Carbon Capture|Industry|Non-Metallic Minerals|Cement,MtCO2/yr,2050,absent row,zero
baseline_noce,MDA,Carbon Capture|Industry|Non-Metallic Minerals|Cement,MtCO2/yr,2019,blank cell,zero
baseline_noce,MDA,Carbon Capture|Industry|Non-Metallic Minerals|Cement,MtCO2/yr,2024,blank cell,zero
baseline_noce,MEA,Carbon Capture|Industry|Non-Metallic Minerals|Cement,MtCO2/yr,2019,blank cell,zero
baseline_noce,MEA,Carbon Capture|Industry|Non-Metallic Minerals|Cement,MtCO2/yr,2024,blank cell,zero
baseline_noce,MEX,Carbon Capture|Industry|Non-Metallic Minerals|Cement,MtCO2/yr,2019,absent row,zero
baseline_noce,MEX,Carbon Capture|Industry|Non-Metallic Minerals|Cement,MtCO2/yr,2024,absent row,zero
baseline_noce,MEX,Carbon Capture|Industry|Non-Metallic Minerals|Cement,MtCO2/yr,2030,absent row,zero
baseline_noce,MEX,Carbon Capture|Industry|Non-Metallic Minerals|Cement,MtCO2/yr,2035,absent row,zero
baseline_noce,MEX,Carbon Capture|Industry|Non-Metallic Minerals|Cement,MtCO2/yr,2040,absent row,zero
baseline_noce,MEX,Carbon Capture|Industry|Non-Metallic Minerals|Cement,MtCO2/yr,2050,absent row,zero
baseline_noce,NIG,Carbon Capture|Industry|Non-Metallic Minerals|Cement,MtCO2/yr,2019,blank cell,zero
baseline_noce,NIG,Carbon Capture|Industry|Non-Metallic Minerals|Cement,MtCO2/yr,2024,blank cell,zero
baseline_noce,RUS,Carbon Capture|Industry|Non-Metallic Minerals|Cement,MtCO2/yr,2019,blank cell,zero
baseline_noce,RUS,Carbon Capture|Industry|Non-Metallic Minerals|Cement,MtCO2/yr,2024,blank cell,zero
baseline_noce,SKT,Carbon Capture|Industry|Non-Metallic Minerals|Cement,MtCO2/yr,2019,blank cell,zero
baseline_noce,SKT,Carbon Capture|Industry|Non-Metallic Minerals|Cement,MtCO2/yr,2024,blank cell,zero
baseline_noce,USA,Carbon Capture|Industry|Non-Metallic Minerals|Cement,MtCO2/yr,2019,blank cell,zero
baseline_noce,USA,Carbon Capture|Industry|Non-Metallic Minerals|Cement,MtCO2/yr,2024,blank cell,zero
baseline_noce,CAN,Emissions|GHG|Industry|Iron and Steel,MtCO2e/yr,2050,blank cell,zero
baseline_noce,USA,Emissions|GHG|Industry|Iron and Steel,MtCO2e/yr,2050,blank cell,zero
baseline_noce,AFE,Carbon Capture|Industry|Iron and Steel,MtCO2/yr,2019,absent row,zero
baseline_noce,AFE,Carbon Capture|Industry|Iron and Steel,MtCO2/yr,2024,absent row,zero
baseline_noce,AFE,Carbon Capture|Industry|Iron and Steel,MtCO2/yr,2030,absent row,zero
baseline_noce,AFE,Carbon Capture|Industry|Iron and Steel,MtCO2/yr,2035,absent row,zero
baseline_noce,AFE,Carbon Capture|Industry|Iron and Steel,MtCO2/yr,2040,absent row,zero
baseline_noce,AFE,Carbon Capture|Industry|Iron and Steel,MtCO2/yr,2050,absent row,zero
baseline_noce,AFN,Carbon Capture|Industry|Iron and Steel,MtCO2/yr,2019,blank cell,zero
baseline_noce,AFN,Carbon Capture|Industry|Iron and Steel,MtCO2/yr,2024,blank cell,zero
baseline_noce,AFW,Carbon Capture|Industry|Iron and Steel,MtCO2/yr,2019,absent row,zero
baseline_noce,AFW,Carbon Capture|Industry|Iron and Steel,MtCO2/yr,2024,absent row,zero
baseline_noce,AFW,Carbon Capture|Industry|Iron and Steel,MtCO2/yr,2030,absent row,zero
baseline_noce,AFW,Carbon Capture|Industry|Iron and Steel,MtCO2/yr,2035,absent row,zero
baseline_noce,AFW,Carbon Capture|Industry|Iron and Steel,MtCO2/yr,2040,absent row,zero
baseline_noce,AFW,Carbon Capture|Industry|Iron and Steel,MtCO2/yr,2050,absent row,zero
baseline_noce,AFZ,Carbon Capture|Industry|Iron and Steel,MtCO2/yr,2019,blank cell,zero
baseline_noce,AFZ,Carbon Capture|Industry|Iron and Steel,MtCO2/yr,2024,blank cell,zero
baseline_noce,ANZ,Carbon Capture|Industry|Iron and Steel,MtCO2/yr,2019,blank cell,zero
baseline_noce,ANZ,Carbon Capture|Industry|Iron and Steel,MtCO2/yr,2024,blank cell,zero
baseline_noce,ASC,Carbon Capture|Industry|Iron and Steel,MtCO2/yr,2019,absent row,zero
baseline_noce,ASC,Carbon Capture|Industry|Iron and Steel,MtCO2/yr,2024,absent row,zero
baseline_noce,ASC,Carbon Capture|Industry|Iron and Steel,MtCO2/yr,2030,absent row,zero
baseline_noce,ASC,Carbon Capture|Industry|Iron and Steel,MtCO2/yr,2035,absent row,zero
baseline_noce,ASC,Carbon Capture|Industry|Iron and Steel,MtCO2/yr,2040,absent row,zero
baseline_noce,ASC,Carbon Capture|Industry|Iron and Steel,MtCO2/yr,2050,absent row,zero
baseline_noce,ASE,Carbon Capture|Industry|Iron and Steel,MtCO2/yr,2019,absent row,zero
baseline_noce,ASE,Carbon Capture|Industry|Iron and Steel,MtCO2/yr,2024,absent row,zero
baseline_noce,ASE,Carbon Capture|Industry|Iron and Steel,MtCO2/yr,2030,absent row,zero
baseline_noce,ASE,Carbon Capture|Industry|Iron and Steel,MtCO2/yr,2035,absent row,zero
baseline_noce,ASE,Carbon Capture|Industry|Iron and Steel,MtCO2/yr,2040,absent row,zero
baseline_noce,ASE,Carbon Capture|Industry|Iron and Steel,MtCO2/yr,2050,absent row,zero
baseline_noce,ASO,Carbon Capture|Industry|Iron and Steel,MtCO2/yr,2019,absent row,zero
baseline_noce,ASO,Carbon Capture|Industry|Iron and Steel,MtCO2/yr,2024,absent row,zero
baseline_noce,ASO,Carbon Capture|Industry|Iron and Steel,MtCO2/yr,2030,absent row,zero
baseline_noce,ASO,Carbon Capture|Industry|Iron and Steel,MtCO2/yr,2035,absent row,zero
baseline_noce,ASO,Carbon Capture|Industry|Iron and Steel,MtCO2/yr,2040,absent row,zero
baseline_noce,ASO,Carbon Capture|Industry|Iron and Steel,MtCO2/yr,2050,absent row,zero
baseline_noce,BRA,Carbon Capture|Industry|Iron and Steel,MtCO2/yr,2019,blank cell,zero
baseline_noce,BRA,Carbon Capture|Industry|Iron and Steel,MtCO2/yr,2024,blank cell,zero
baseline_noce,CAN,Carbon Capture|Industry|Iron and Steel,MtCO2/yr,2019,blank cell,zero
baseline_noce,CAN,Carbon Capture|Industry|Iron and Steel,MtCO2/yr,2024,blank cell,zero
baseline_noce,CHL,Carbon Capture|Industry|Iron and Steel,MtCO2/yr,2019,blank cell,zero
baseline_noce,CHL,Carbon Capture|Industry|Iron and Steel,MtCO2/yr,2024,blank cell,zero
baseline_noce,CHN,Carbon Capture|Industry|Iron and Steel,MtCO2/yr,2019,blank cell,zero
baseline_noce,CHN,Carbon Capture|Industry|Iron and Steel,MtCO2/yr,2024,blank cell,zero
baseline_noce,ENE,Carbon Capture|Industry|Iron and Steel,MtCO2/yr,2019,blank cell,zero
baseline_noce,ENE,Carbon Capture|Industry|Iron and Steel,MtCO2/yr,2024,blank cell,zero
baseline_noce,ENW,Carbon Capture|Industry|Iron and Steel,MtCO2/yr,2019,absent row,zero
baseline_noce,ENW,Carbon Capture|Industry|Iron and Steel,MtCO2/yr,2024,absent row,zero
baseline_noce,ENW,Carbon Capture|Industry|Iron and Steel,MtCO2/yr,2030,absent row,zero
baseline_noce,ENW,Carbon Capture|Industry|Iron and Steel,MtCO2/yr,2035,absent row,zero
baseline_noce,ENW,Carbon Capture|Industry|Iron and Steel,MtCO2/yr,2040,absent row,zero
baseline_noce,ENW,Carbon Capture|Industry|Iron and Steel,MtCO2/yr,2050,absent row,zero
baseline_noce,EUE,Carbon Capture|Industry|Iron and Steel,MtCO2/yr,2019,blank cell,zero
baseline_noce,EUE,Carbon Capture|Industry|Iron and Steel,MtCO2/yr,2024,blank cell,zero
baseline_noce,EUM,Carbon Capture|Industry|Iron and Steel,MtCO2/yr,2019,absent row,zero
baseline_noce,EUM,Carbon Capture|Industry|Iron and Steel,MtCO2/yr,2024,absent row,zero
baseline_noce,EUM,Carbon Capture|Industry|Iron and Steel,MtCO2/yr,2030,absent row,zero
baseline_noce,EUM,Carbon Capture|Industry|Iron and Steel,MtCO2/yr,2035,absent row,zero
baseline_noce,EUM,Carbon Capture|Industry|Iron and Steel,MtCO2/yr,2040,absent row,zero
baseline_noce,EUM,Carbon Capture|Industry|Iron and Steel,MtCO2/yr,2050,absent row,zero
baseline_noce,EUW,Carbon Capture|Industry|Iron and Steel,MtCO2/yr,2019,blank cell,zero
baseline_noce,EUW,Carbon Capture|Industry|Iron and Steel,MtCO2/yr,2024,blank cell,zero
baseline_noce,IDN,Carbon Capture|Industry|Iron and Steel,MtCO2/yr,2019,blank cell,zero
baseline_noce,IDN,Carbon Capture|Industry|Iron and Steel,MtCO2/yr,2024,blank cell,zero
baseline_noce,IND,Carbon Capture|Industry|Iron and Steel,MtCO2/yr,2019,blank cell,zero
baseline_noce,IND,Carbon Capture|Industry|Iron and Steel,MtCO2/yr,2024,blank cell,zero
baseline_noce,JPN,Carbon Capture|Industry|Iron and Steel,MtCO2/yr,2019,blank cell,zero
baseline_noce,JPN,Carbon Capture|Industry|Iron and Steel,MtCO2/yr,2024,blank cell,zero
baseline_noce,LAM,Carbon Capture|Industry|Iron and Steel,MtCO2/yr,2019,absent row,zero
baseline_noce,LAM,Carbon Capture|Industry|Iron and Steel,MtCO2/yr,2024,absent row,zero
baseline_noce,LAM,Carbon Capture|Industry|Iron and Steel,MtCO2/yr,2030,absent row,zero
baseline_noce,LAM,Carbon Capture|Industry|Iron and Steel,MtCO2/yr,2035,absent row,zero
baseline_noce,LAM,Carbon Capture|Industry|Iron and Steel,MtCO2/yr,2040,absent row,zero
baseline_noce,LAM,Carbon Capture|Industry|Iron and Steel,MtCO2/yr,2050,absent row,zero
baseline_noce,MDA,Carbon Capture|Industry|Iron and Steel,MtCO2/yr,2019,blank cell,zero
baseline_noce,MDA,Carbon Capture|Industry|Iron and Steel,MtCO2/yr,2024,blank cell,zero
baseline_noce,MEA,Carbon Capture|Industry|Iron and Steel,MtCO2/yr,2019,blank cell,zero
baseline_noce,MEA,Carbon Capture|Industry|Iron and Steel,MtCO2/yr,2024,blank cell,zero
baseline_noce,MEX,Carbon Capture|Industry|Iron and Steel,MtCO2/yr,2019,absent row,zero
baseline_noce,MEX,Carbon Capture|Industry|Iron and Steel,MtCO2/yr,2024,absent row,zero
baseline_noce,MEX,Carbon Capture|Industry|Iron and Steel,MtCO2/yr,2030,absent row,zero
baseline_noce,MEX,Carbon Capture|Industry|Iron and Steel,MtCO2/yr,2035,absent row,zero
baseline_noce,MEX,Carbon Capture|Industry|Iron and Steel,MtCO2/yr,2040,absent row,zero
baseline_noce,MEX,Carbon Capture|Industry|Iron and Steel,MtCO2/yr,2050,absent row,zero
baseline_noce,NIG,Carbon Capture|Industry|Iron and Steel,MtCO2/yr,2019,blank cell,zero
baseline_noce,NIG,Carbon Capture|Industry|Iron and Steel,MtCO2/yr,2024,blank cell,zero
baseline_noce,RUS,Carbon Capture|Industry|Iron and Steel,MtCO2/yr,2019,blank cell,zero
baseline_noce,RUS,Carbon Capture|Industry|Iron and Steel,MtCO2/yr,2024,blank cell,zero
baseline_noce,SKT,Carbon Capture|Industry|Iron and Steel,MtCO2/yr,2019,blank cell,zero
baseline_noce,SKT,Carbon Capture|Industry|Iron and Steel,MtCO2/yr,2024,blank cell,zero
baseline_noce,USA,Carbon Capture|Industry|Iron and Steel,MtCO2/yr,2019,blank cell,zero
baseline_noce,USA,Carbon Capture|Industry|Iron and Steel,MtCO2/yr,2024,blank cell,zero
baseline_noce,AFE,Emissions|GHG|Industry|Non-Ferrous Metals|Aluminum,MtCO2e/yr,2019,absent row,zero
baseline_noce,AFE,Emissions|GHG|Industry|Non-Ferrous Metals|Aluminum,MtCO2e/yr,2024,absent row,zero
baseline_noce,AFE,Emissions|GHG|Industry|Non-Ferrous Metals|Aluminum,MtCO2e/yr,2030,absent row,zero
baseline_noce,AFE,Emissions|GHG|Industry|Non-Ferrous Metals|Aluminum,MtCO2e/yr,2035,absent row,zero
baseline_noce,AFE,Emissions|GHG|Industry|Non-Ferrous Metals|Aluminum,MtCO2e/yr,2040,absent row,zero
baseline_noce,AFE,Emissions|GHG|Industry|Non-Ferrous Metals|Aluminum,MtCO2e/yr,2050,absent row,zero
baseline_noce,ANZ,Emissions|GHG|Industry|Non-Ferrous Metals|Aluminum,MtCO2e/yr,2040,blank cell,zero
baseline_noce,ANZ,Emissions|GHG|Industry|Non-Ferrous Metals|Aluminum,MtCO2e/yr,2050,blank cell,zero
baseline_noce,ASO,Emissions|GHG|Industry|Non-Ferrous Metals|Aluminum,MtCO2e/yr,2019,absent row,zero
baseline_noce,ASO,Emissions|GHG|Industry|Non-Ferrous Metals|Aluminum,MtCO2e/yr,2024,absent row,zero
baseline_noce,ASO,Emissions|GHG|Industry|Non-Ferrous Metals|Aluminum,MtCO2e/yr,2030,absent row,zero
baseline_noce,ASO,Emissions|GHG|Industry|Non-Ferrous Metals|Aluminum,MtCO2e/yr,2035,absent row,zero
baseline_noce,ASO,Emissions|GHG|Industry|Non-Ferrous Metals|Aluminum,MtCO2e/yr,2040,absent row,zero
baseline_noce,ASO,Emissions|GHG|Industry|Non-Ferrous Metals|Aluminum,MtCO2e/yr,2050,absent row,zero
baseline_noce,BRA,Emissions|GHG|Industry|Non-Ferrous Metals|Aluminum,MtCO2e/yr,2050,blank cell,zero
baseline_noce,CAN,Emissions|GHG|Industry|Non-Ferrous Metals|Aluminum,MtCO2e/yr,2050,blank cell,zero
baseline_noce,CHL,Emissions|GHG|Industry|Non-Ferrous Metals|Aluminum,MtCO2e/yr,2019,absent row,zero
baseline_noce,CHL,Emissions|GHG|Industry|Non-Ferrous Metals|Aluminum,MtCO2e/yr,2024,absent row,zero
baseline_noce,CHL,Emissions|GHG|Industry|Non-Ferrous Metals|Aluminum,MtCO2e/yr,2030,absent row,zero
baseline_noce,CHL,Emissions|GHG|Industry|Non-Ferrous Metals|Aluminum,MtCO2e/yr,2035,absent row,zero
baseline_noce,CHL,Emissions|GHG|Industry|Non-Ferrous Metals|Aluminum,MtCO2e/yr,2040,absent row,zero
baseline_noce,CHL,Emissions|GHG|Industry|Non-Ferrous Metals|Aluminum,MtCO2e/yr,2050,absent row,zero
baseline_noce,ENW,Emissions|GHG|Industry|Non-Ferrous Metals|Aluminum,MtCO2e/yr,2040,blank cell,zero
baseline_noce,ENW,Emissions|GHG|Industry|Non-Ferrous Metals|Aluminum,MtCO2e/yr,2050,blank cell,zero
baseline_noce,EUE,Emissions|GHG|Industry|Non-Ferrous Metals|Aluminum,MtCO2e/yr,2050,blank cell,zero
baseline_noce,EUM,Emissions|GHG|Industry|Non-Ferrous Metals|Aluminum,MtCO2e/yr,2040,blank cell,zero
baseline_noce,EUM,Emissions|GHG|Industry|Non-Ferrous Metals|Aluminum,MtCO2e/yr,2050,blank cell,zero
baseline_noce,EUW,Emissions|GHG|Industry|Non-Ferrous Metals|Aluminum,MtCO2e/yr,2050,blank cell,zero
baseline_noce,JPN,Emissions|GHG|Industry|Non-Ferrous Metals|Aluminum,MtCO2e/yr,2050,blank cell,zero
baseline_noce,MDA,Emissions|GHG|Industry|Non-Ferrous Metals|Aluminum,MtCO2e/yr,2050,blank cell,zero
baseline_noce,NIG,Emissions|GHG|Industry|Non-Ferrous Metals|Aluminum,MtCO2e/yr,2019,absent row,zero
baseline_noce,NIG,Emissions|GHG|Industry|Non-Ferrous Metals|Aluminum,MtCO2e/yr,2024,absent row,zero
baseline_noce,NIG,Emissions|GHG|Industry|Non-Ferrous Metals|Aluminum,MtCO2e/yr,2030,absent row,zero
baseline_noce,NIG,Emissions|GHG|Industry|Non-Ferrous Metals|Aluminum,MtCO2e/yr,2035,absent row,zero
baseline_noce,NIG,Emissions|GHG|Industry|Non-Ferrous Metals|Aluminum,MtCO2e/yr,2040,absent row,zero
baseline_noce,NIG,Emissions|GHG|Industry|Non-Ferrous Metals|Aluminum,MtCO2e/yr,2050,absent row,zero
baseline_noce,SKT,Emissions|GHG|Industry|Non-Ferrous Metals|Aluminum,MtCO2e/yr,2050,blank cell,zero
baseline_noce,USA,Emissions|GHG|Industry|Non-Ferrous Metals|Aluminum,MtCO2e/yr,2050,blank cell,zero
baseline_noce,AFE,Carbon Capture|Industry|Non-Ferrous Metals|Aluminum,MtCO2/yr,2019,absent row,zero
baseline_noce,AFE,Carbon Capture|Industry|Non-Ferrous Metals|Aluminum,MtCO2/yr,2024,absent row,zero
baseline_noce,AFE,Carbon Capture|Industry|Non-Ferrous Metals|Aluminum,MtCO2/yr,2030,absent row,zero
baseline_noce,AFE,Carbon Capture|Industry|Non-Ferrous Metals|Aluminum,MtCO2/yr,2035,absent row,zero
baseline_noce,AFE,Carbon Capture|Industry|Non-Ferrous Metals|Aluminum,MtCO2/yr,2040,absent row,zero
baseline_noce,AFE,Carbon Capture|Industry|Non-Ferrous Metals|Aluminum,MtCO2/yr,2050,absent row,zero
baseline_noce,AFN,Carbon Capture|Industry|Non-Ferrous Metals|Aluminum,MtCO2/yr,2019,blank cell,zero
baseline_noce,AFN,Carbon Capture|Industry|Non-Ferrous Metals|Aluminum,MtCO2/yr,2024,blank cell,zero
baseline_noce,AFW,Carbon Capture|Industry|Non-Ferrous Metals|Aluminum,MtCO2/yr,2019,absent row,zero
baseline_noce,AFW,Carbon Capture|Industry|Non-Ferrous Metals|Aluminum,MtCO2/yr,2024,absent row,zero
baseline_noce,AFW,Carbon Capture|Industry|Non-Ferrous Metals|Aluminum,MtCO2/yr,2030,absent row,zero
baseline_noce,AFW,Carbon Capture|Industry|Non-Ferrous Metals|Aluminum,MtCO2/yr,2035,absent row,zero
baseline_noce,AFW,Carbon Capture|Industry|Non-Ferrous Metals|Aluminum,MtCO2/yr,2040,absent row,zero
baseline_noce,AFW,Carbon Capture|Industry|Non-Ferrous Metals|Aluminum,MtCO2/yr,2050,absent row,zero
baseline_noce,AFZ,Carbon Capture|Industry|Non-Ferrous Metals|Aluminum,MtCO2/yr,2019,blank cell,zero
baseline_noce,AFZ,Carbon Capture|Industry|Non-Ferrous Metals|Aluminum,MtCO2/yr,2024,blank cell,zero
baseline_noce,ANZ,Carbon Capture|Industry|Non-Ferrous Metals|Aluminum,MtCO2/yr,2019,absent row,zero
baseline_noce,ANZ,Carbon Capture|Industry|Non-Ferrous Metals|Aluminum,MtCO2/yr,2024,absent row,zero
baseline_noce,ANZ,Carbon Capture|Industry|Non-Ferrous Metals|Aluminum,MtCO2/yr,2030,absent row,zero
baseline_noce,ANZ,Carbon Capture|Industry|Non-Ferrous Metals|Aluminum,MtCO2/yr,2035,absent row,zero
baseline_noce,ANZ,Carbon Capture|Industry|Non-Ferrous Metals|Aluminum,MtCO2/yr,2040,absent row,zero
baseline_noce,ANZ,Carbon Capture|Industry|Non-Ferrous Metals|Aluminum,MtCO2/yr,2050,absent row,zero
baseline_noce,ASC,Carbon Capture|Industry|Non-Ferrous Metals|Aluminum,MtCO2/yr,2019,absent row,zero
baseline_noce,ASC,Carbon Capture|Industry|Non-Ferrous Metals|Aluminum,MtCO2/yr,2024,absent row,zero
baseline_noce,ASC,Carbon Capture|Industry|Non-Ferrous Metals|Aluminum,MtCO2/yr,2030,absent row,zero
baseline_noce,ASC,Carbon Capture|Industry|Non-Ferrous Metals|Aluminum,MtCO2/yr,2035,absent row,zero
baseline_noce,ASC,Carbon Capture|Industry|Non-Ferrous Metals|Aluminum,MtCO2/yr,2040,absent row,zero
baseline_noce,ASC,Carbon Capture|Industry|Non-Ferrous Metals|Aluminum,MtCO2/yr,2050,absent row,zero
baseline_noce,ASE,Carbon Capture|Industry|Non-Ferrous Metals|Aluminum,MtCO2/yr,2019,absent row,zero
baseline_noce,ASE,Carbon Capture|Industry|Non-Ferrous Metals|Aluminum,MtCO2/yr,2024,absent row,zero
baseline_noce,ASE,Carbon Capture|Industry|Non-Ferrous Metals|Aluminum,MtCO2/yr,2030,absent row,zero
baseline_noce,ASE,Carbon Capture|Industry|Non-Ferrous Metals|Aluminum,MtCO2/yr,2035,absent row,zero
baseline_noce,ASE,Carbon Capture|Industry|Non-Ferrous Metals|Aluminum,MtCO2/yr,2040,absent row,zero
baseline_noce,ASE,Carbon Capture|Industry|Non-Ferrous Metals|Aluminum,MtCO2/yr,2050,absent row,zero
baseline_noce,ASO,Carbon Capture|Industry|Non-Ferrous Metals|Aluminum,MtCO2/yr,2019,absent row,zero
baseline_noce,ASO,Carbon Capture|Industry|Non-Ferrous Metals|Aluminum,MtCO2/yr,2024,absent row,zero
baseline_noce,ASO,Carbon Capture|Industry|Non-Ferrous Metals|Aluminum,MtCO2/yr,2030,absent row,zero
baseline_noce,ASO,Carbon Capture|Industry|Non-Ferrous Metals|Aluminum,MtCO2/yr,2035,absent row,zero
baseline_noce,ASO,Carbon Capture|Industry|Non-Ferrous Metals|Aluminum,MtCO2/yr,2040,absent row,zero
baseline_noce,ASO,Carbon Capture|Industry|Non-Ferrous Metals|Aluminum,MtCO2/yr,2050,absent row,zero
baseline_noce,BRA,Carbon Capture|Industry|Non-Ferrous Metals|Aluminum,MtCO2/yr,2019,absent row,zero
baseline_noce,BRA,Carbon Capture|Industry|Non-Ferrous Metals|Aluminum,MtCO2/yr,2024,absent row,zero
baseline_noce,BRA,Carbon Capture|Industry|Non-Ferrous Metals|Aluminum,MtCO2/yr,2030,absent row,zero
baseline_noce,BRA,Carbon Capture|Industry|Non-Ferrous Metals|Aluminum,MtCO2/yr,2035,absent row,zero
baseline_noce,BRA,Carbon Capture|Industry|Non-Ferrous Metals|Aluminum,MtCO2/yr,2040,absent row,zero
baseline_noce,BRA,Carbon Capture|Industry|Non-Ferrous Metals|Aluminum,MtCO2/yr,2050,absent row,zero
baseline_noce,CAN,Carbon Capture|Industry|Non-Ferrous Metals|Aluminum,MtCO2/yr,2019,absent row,zero
baseline_noce,CAN,Carbon Capture|Industry|Non-Ferrous Metals|Aluminum,MtCO2/yr,2024,absent row,zero
baseline_noce,CAN,Carbon Capture|Industry|Non-Ferrous Metals|Aluminum,MtCO2/yr,2030,absent row,zero
baseline_noce,CAN,Carbon Capture|Industry|Non-Ferrous Metals|Aluminum,MtCO2/yr,2035,absent row,zero
baseline_noce,CAN,Carbon Capture|Industry|Non-Ferrous Metals|Aluminum,MtCO2/yr,2040,absent row,zero
baseline_noce,CAN,Carbon Capture|Industry|Non-Ferrous Metals|Aluminum,MtCO2/yr,2050,absent row,zero
baseline_noce,CHL,Carbon Capture|Industry|Non-Ferrous Metals|Aluminum,MtCO2/yr,2019,absent row,zero
baseline_noce,CHL,Carbon Capture|Industry|Non-Ferrous Metals|Aluminum,MtCO2/yr,2024,absent row,zero
baseline_noce,CHL,Carbon Capture|Industry|Non-Ferrous Metals|Aluminum,MtCO2/yr,2030,absent row,zero
baseline_noce,CHL,Carbon Capture|Industry|Non-Ferrous Metals|Aluminum,MtCO2/yr,2035,absent row,zero
baseline_noce,CHL,Carbon Capture|Industry|Non-Ferrous Metals|Aluminum,MtCO2/yr,2040,absent row,zero
baseline_noce,CHL,Carbon Capture|Industry|Non-Ferrous Metals|Aluminum,MtCO2/yr,2050,absent row,zero
baseline_noce,CHN,Carbon Capture|Industry|Non-Ferrous Metals|Aluminum,MtCO2/yr,2019,absent row,zero
baseline_noce,CHN,Carbon Capture|Industry|Non-Ferrous Metals|Aluminum,MtCO2/yr,2024,absent row,zero
baseline_noce,CHN,Carbon Capture|Industry|Non-Ferrous Metals|Aluminum,MtCO2/yr,2030,absent row,zero
baseline_noce,CHN,Carbon Capture|Industry|Non-Ferrous Metals|Aluminum,MtCO2/yr,2035,absent row,zero
baseline_noce,CHN,Carbon Capture|Industry|Non-Ferrous Metals|Aluminum,MtCO2/yr,2040,absent row,zero
baseline_noce,CHN,Carbon Capture|Industry|Non-Ferrous Metals|Aluminum,MtCO2/yr,2050,absent row,zero
baseline_noce,ENE,Carbon Capture|Industry|Non-Ferrous Metals|Aluminum,MtCO2/yr,2019,absent row,zero
baseline_noce,ENE,Carbon Capture|Industry|Non-Ferrous Metals|Aluminum,MtCO2/yr,2024,absent row,zero
baseline_noce,ENE,Carbon Capture|Industry|Non-Ferrous Metals|Aluminum,MtCO2/yr,2030,absent row,zero
baseline_noce,ENE,Carbon Capture|Industry|Non-Ferrous Metals|Aluminum,MtCO2/yr,2035,absent row,zero
baseline_noce,ENE,Carbon Capture|Industry|Non-Ferrous Metals|Aluminum,MtCO2/yr,2040,absent row,zero
baseline_noce,ENE,Carbon Capture|Industry|Non-Ferrous Metals|Aluminum,MtCO2/yr,2050,absent row,zero
baseline_noce,ENW,Carbon Capture|Industry|Non-Ferrous Metals|Aluminum,MtCO2/yr,2019,absent row,zero
baseline_noce,ENW,Carbon Capture|Industry|Non-Ferrous Metals|Aluminum,MtCO2/yr,2024,absent row,zero
baseline_noce,ENW,Carbon Capture|Industry|Non-Ferrous Metals|Aluminum,MtCO2/yr,2030,absent row,zero
baseline_noce,ENW,Carbon Capture|Industry|Non-Ferrous Metals|Aluminum,MtCO2/yr,2035,absent row,zero
baseline_noce,ENW,Carbon Capture|Industry|Non-Ferrous Metals|Aluminum,MtCO2/yr,2040,absent row,zero
baseline_noce,ENW,Carbon Capture|Industry|Non-Ferrous Metals|Aluminum,MtCO2/yr,2050,absent row,zero
baseline_noce,EUE,Carbon Capture|Industry|Non-Ferrous Metals|Aluminum,MtCO2/yr,2019,absent row,zero
baseline_noce,EUE,Carbon Capture|Industry|Non-Ferrous Metals|Aluminum,MtCO2/yr,2024,absent row,zero
baseline_noce,EUE,Carbon Capture|Industry|Non-Ferrous Metals|Aluminum,MtCO2/yr,2030,absent row,zero
baseline_noce,EUE,Carbon Capture|Industry|Non-Ferrous Metals|Aluminum,MtCO2/yr,2035,absent row,zero
baseline_noce,EUE,Carbon Capture|Industry|Non-Ferrous Metals|Aluminum,MtCO2/yr,2040,absent row,zero
baseline_noce,EUE,Carbon Capture|Industry|Non-Ferrous Metals|Aluminum,MtCO2/yr,2050,absent row,zero
baseline_noce,EUM,Carbon Capture|Industry|Non-Ferrous Metals|Aluminum,MtCO2/yr,2019,absent row,zero
baseline_noce,EUM,Carbon Capture|Industry|Non-Ferrous Metals|Aluminum,MtCO2/yr,2024,absent row,zero
baseline_noce,EUM,Carbon Capture|Industry|Non-Ferrous Metals|Aluminum,MtCO2/yr,2030,absent row,zero
baseline_noce,EUM,Carbon Capture|Industry|Non-Ferrous Metals|Aluminum,MtCO2/yr,2035,absent row,zero
baseline_noce,EUM,Carbon Capture|Industry|Non-Ferrous Metals|Aluminum,MtCO2/yr,2040,absent row,zero
baseline_noce,EUM,Carbon Capture|Industry|Non-Ferrous Metals|Aluminum,MtCO2/yr,2050,absent row,zero
baseline_noce,EUW,Carbon Capture|Industry|Non-Ferrous Metals|Aluminum,MtCO2/yr,2019,absent row,zero
baseline_noce,EUW,Carbon Capture|Industry|Non-Ferrous Metals|Aluminum,MtCO2/yr,2024,absent row,zero
baseline_noce,EUW,Carbon Capture|Industry|Non-Ferrous Metals|Aluminum,MtCO2/yr,2030,absent row,zero
baseline_noce,EUW,Carbon Capture|Industry|Non-Ferrous Metals|Aluminum,MtCO2/yr,2035,absent row,zero
baseline_noce,EUW,Carbon Capture|Industry|Non-Ferrous Metals|Aluminum,MtCO2/yr,2040,absent row,zero
baseline_noce,EUW,Carbon Capture|Industry|Non-Ferrous Metals|Aluminum,MtCO2/yr,2050,absent row,zero
baseline_noce,IDN,Carbon Capture|Industry|Non-Ferrous Metals|Aluminum,MtCO2/yr,2019,absent row,zero
baseline_noce,IDN,Carbon Capture|Industry|Non-Ferrous Metals|Aluminum,MtCO2/yr,2024,absent row,zero
baseline_noce,IDN,Carbon Capture|Industry|Non-Ferrous Metals|Aluminum,MtCO2/yr,2030,absent row,zero
baseline_noce,IDN,Carbon Capture|Industry|Non-Ferrous Metals|Aluminum,MtCO2/yr,2035,absent row,zero
baseline_noce,IDN,Carbon Capture|Industry|Non-Ferrous Metals|Aluminum,MtCO2/yr,2040,absent row,zero
baseline_noce,IDN,Carbon Capture|Industry|Non-Ferrous Metals|Aluminum,MtCO2/yr,2050,absent row,zero
baseline_noce,IND,Carbon Capture|Industry|Non-Ferrous Metals|Aluminum,MtCO2/yr,2019,blank cell,zero
baseline_noce,IND,Carbon Capture|Industry|Non-Ferrous Metals|Aluminum,MtCO2/yr,2024,blank cell,zero
baseline_noce,JPN,Carbon Capture|Industry|Non-Ferrous Metals|Aluminum,MtCO2/yr,2019,absent row,zero
baseline_noce,JPN,Carbon Capture|Industry|Non-Ferrous Metals|Aluminum,MtCO2/yr,2024,absent row,zero
baseline_noce,JPN,Carbon Capture|Industry|Non-Ferrous Metals|Aluminum,MtCO2/yr,2030,absent row,zero
baseline_noce,JPN,Carbon Capture|Industry|Non-Ferrous Metals|Aluminum,MtCO2/yr,2035,absent row,zero
baseline_noce,JPN,Carbon Capture|Industry|Non-Ferrous Metals|Aluminum,MtCO2/yr,2040,absent row,zero
baseline_noce,JPN,Carbon Capture|Industry|Non-Ferrous Metals|Aluminum,MtCO2/yr,2050,absent row,zero
baseline_noce,LAM,Carbon Capture|Industry|Non-Ferrous Metals|Aluminum,MtCO2/yr,2019,absent row,zero
baseline_noce,LAM,Carbon Capture|Industry|Non-Ferrous Metals|Aluminum,MtCO2/yr,2024,absent row,zero
baseline_noce,LAM,Carbon Capture|Industry|Non-Ferrous Metals|Aluminum,MtCO2/yr,2030,absent row,zero
baseline_noce,LAM,Carbon Capture|Industry|Non-Ferrous Metals|Aluminum,MtCO2/yr,2035,absent row,zero
baseline_noce,LAM,Carbon Capture|Industry|Non-Ferrous Metals|Aluminum,MtCO2/yr,2040,absent row,zero
baseline_noce,LAM,Carbon Capture|Industry|Non-Ferrous Metals|Aluminum,MtCO2/yr,2050,absent row,zero
baseline_noce,MDA,Carbon Capture|Industry|Non-Ferrous Metals|Aluminum,MtCO2/yr,2019,absent row,zero
baseline_noce,MDA,Carbon Capture|Industry|Non-Ferrous Metals|Aluminum,MtCO2/yr,2024,absent row,zero
baseline_noce,MDA,Carbon Capture|Industry|Non-Ferrous Metals|Aluminum,MtCO2/yr,2030,absent row,zero
baseline_noce,MDA,Carbon Capture|Industry|Non-Ferrous Metals|Aluminum,MtCO2/yr,2035,absent row,zero
baseline_noce,MDA,Carbon Capture|Industry|Non-Ferrous Metals|Aluminum,MtCO2/yr,2040,absent row,zero
baseline_noce,MDA,Carbon Capture|Industry|Non-Ferrous Metals|Aluminum,MtCO2/yr,2050,absent row,zero
baseline_noce,MEA,Carbon Capture|Industry|Non-Ferrous Metals|Aluminum,MtCO2/yr,2019,absent row,zero
baseline_noce,MEA,Carbon Capture|Industry|Non-Ferrous Metals|Aluminum,MtCO2/yr,2024,absent row,zero
baseline_noce,MEA,Carbon Capture|Industry|Non-Ferrous Metals|Aluminum,MtCO2/yr,2030,absent row,zero
baseline_noce,MEA,Carbon Capture|Industry|Non-Ferrous Metals|Aluminum,MtCO2/yr,2035,absent row,zero
baseline_noce,MEA,Carbon Capture|Industry|Non-Ferrous Metals|Aluminum,MtCO2/yr,2040,absent row,zero
baseline_noce,MEA,Carbon Capture|Industry|Non-Ferrous Metals|Aluminum,MtCO2/yr,2050,absent row,zero
baseline_noce,MEX,Carbon Capture|Industry|Non-Ferrous Metals|Aluminum,MtCO2/yr,2019,absent row,zero
baseline_noce,MEX,Carbon Capture|Industry|Non-Ferrous Metals|Aluminum,MtCO2/yr,2024,absent row,zero
baseline_noce,MEX,Carbon Capture|Industry|Non-Ferrous Metals|Aluminum,MtCO2/yr,2030,absent row,zero
baseline_noce,MEX,Carbon Capture|Industry|Non-Ferrous Metals|Aluminum,MtCO2/yr,2035,absent row,zero
baseline_noce,MEX,Carbon Capture|Industry|Non-Ferrous Metals|Aluminum,MtCO2/yr,2040,absent row,zero
baseline_noce,MEX,Carbon Capture|Industry|Non-Ferrous Metals|Aluminum,MtCO2/yr,2050,absent row,zero
baseline_noce,NIG,Carbon Capture|Industry|Non-Ferrous Metals|Aluminum,MtCO2/yr,2019,absent row,zero
baseline_noce,NIG,Carbon Capture|Industry|Non-Ferrous Metals|Aluminum,MtCO2/yr,2024,absent row,zero
baseline_noce,NIG,Carbon Capture|Industry|Non-Ferrous Metals|Aluminum,MtCO2/yr,2030,absent row,zero
baseline_noce,NIG,Carbon Capture|Industry|Non-Ferrous Metals|Aluminum,MtCO2/yr,2035,absent row,zero
baseline_noce,NIG,Carbon Capture|Industry|Non-Ferrous Metals|Aluminum,MtCO2/yr,2040,absent row,zero
baseline_noce,NIG,Carbon Capture|Industry|Non-Ferrous Metals|Aluminum,MtCO2/yr,2050,absent row,zero
baseline_noce,RUS,Carbon Capture|Industry|Non-Ferrous Metals|Aluminum,MtCO2/yr,2019,absent row,zero
baseline_noce,RUS,Carbon Capture|Industry|Non-Ferrous Metals|Aluminum,MtCO2/yr,2024,absent row,zero
baseline_noce,RUS,Carbon Capture|Industry|Non-Ferrous Metals|Aluminum,MtCO2/yr,2030,absent row,zero
baseline_noce,RUS,Carbon Capture|Industry|Non-Ferrous Metals|Aluminum,MtCO2/yr,2035,absent row,zero
baseline_noce,RUS,Carbon Capture|Industry|Non-Ferrous Metals|Aluminum,MtCO2/yr,2040,absent row,zero
baseline_noce,RUS,Carbon Capture|Industry|Non-Ferrous Metals|Aluminum,MtCO2/yr,2050,absent row,zero
baseline_noce,SKT,Carbon Capture|Industry|Non-Ferrous Metals|Aluminum,MtCO2/yr,2019,absent row,zero
baseline_noce,SKT,Carbon Capture|Industry|Non-Ferrous Metals|Aluminum,MtCO2/yr,2024,absent row,zero
baseline_noce,SKT,Carbon Capture|Industry|Non-Ferrous Metals|Aluminum,MtCO2/yr,2030,absent row,zero
baseline_noce,SKT,Carbon Capture|Industry|Non-Ferrous Metals|Aluminum,MtCO2/yr,2035,absent row,zero
baseline_noce,SKT,Carbon Capture|Industry|Non-Ferrous Metals|Aluminum,MtCO2/yr,2040,absent row,zero
baseline_noce,SKT,Carbon Capture|Industry|Non-Ferrous Metals|Aluminum,MtCO2/yr,2050,absent row,zero
baseline_noce,USA,Carbon Capture|Industry|Non-Ferrous Metals|Aluminum,MtCO2/yr,2019,absent row,zero
baseline_noce,USA,Carbon Capture|Industry|Non-Ferrous Metals|Aluminum,MtCO2/yr,2024,absent row,zero
baseline_noce,USA,Carbon Capture|Industry|Non-Ferrous Metals|Aluminum,MtCO2/yr,2030,absent row,zero
baseline_noce,USA,Carbon Capture|Industry|Non-Ferrous Metals|Aluminum,MtCO2/yr,2035,absent row,zero
baseline_noce,USA,Carbon Capture|Industry|Non-Ferrous Metals|Aluminum,MtCO2/yr,2040,absent row,zero
baseline_noce,USA,Carbon Capture|Industry|Non-Ferrous Metals|Aluminum,MtCO2/yr,2050,absent row,zero
baseline_medce_eu,ASO,Production|Iron and Steel|Primary,Mt/yr,2030,blank cell,zero
baseline_medce_eu,ASO,Production|Iron and Steel|Primary,Mt/yr,2040,blank cell,zero
baseline_medce_eu,NIG,Production|Iron and Steel|Primary,Mt/yr,2030,blank cell,zero
baseline_medce_eu,ANZ,Production|Iron and Steel|Secondary,Mt/yr,2050,blank cell,zero
baseline_medce_eu,CAN,Production|Iron and Steel|Secondary,Mt/yr,2050,blank cell,zero
baseline_medce_eu,ENW,Production|Iron and Steel|Secondary,Mt/yr,2050,blank cell,zero
baseline_medce_eu,EUE,Production|Iron and Steel|Secondary,Mt/yr,2050,blank cell,zero
baseline_medce_eu,EUM,Production|Iron and Steel|Secondary,Mt/yr,2050,blank cell,zero
baseline_medce_eu,EUW,Production|Iron and Steel|Secondary,Mt/yr,2050,blank cell,zero
baseline_medce_eu,SKT,Production|Iron and Steel|Secondary,Mt/yr,2050,blank cell,zero
baseline_medce_eu,USA,Production|Iron and Steel|Secondary,Mt/yr,2050,blank cell,zero
baseline_medce_eu,AFE,Production|Non-Ferrous Metals|Aluminum|Primary,Mt/yr,2019,absent row,zero
baseline_medce_eu,AFE,Production|Non-Ferrous Metals|Aluminum|Primary,Mt/yr,2024,absent row,zero
baseline_medce_eu,AFE,Production|Non-Ferrous Metals|Aluminum|Primary,Mt/yr,2030,absent row,zero
baseline_medce_eu,AFE,Production|Non-Ferrous Metals|Aluminum|Primary,Mt/yr,2035,absent row,zero
baseline_medce_eu,AFE,Production|Non-Ferrous Metals|Aluminum|Primary,Mt/yr,2040,absent row,zero
baseline_medce_eu,AFE,Production|Non-Ferrous Metals|Aluminum|Primary,Mt/yr,2050,absent row,zero
baseline_medce_eu,ASO,Production|Non-Ferrous Metals|Aluminum|Primary,Mt/yr,2019,absent row,zero
baseline_medce_eu,ASO,Production|Non-Ferrous Metals|Aluminum|Primary,Mt/yr,2024,absent row,zero
baseline_medce_eu,ASO,Production|Non-Ferrous Metals|Aluminum|Primary,Mt/yr,2030,absent row,zero
baseline_medce_eu,ASO,Production|Non-Ferrous Metals|Aluminum|Primary,Mt/yr,2035,absent row,zero
baseline_medce_eu,ASO,Production|Non-Ferrous Metals|Aluminum|Primary,Mt/yr,2040,absent row,zero
baseline_medce_eu,ASO,Production|Non-Ferrous Metals|Aluminum|Primary,Mt/yr,2050,absent row,zero
baseline_medce_eu,CHL,Production|Non-Ferrous Metals|Aluminum|Primary,Mt/yr,2019,absent row,zero
baseline_medce_eu,CHL,Production|Non-Ferrous Metals|Aluminum|Primary,Mt/yr,2024,absent row,zero
baseline_medce_eu,CHL,Production|Non-Ferrous Metals|Aluminum|Primary,Mt/yr,2030,absent row,zero
baseline_medce_eu,CHL,Production|Non-Ferrous Metals|Aluminum|Primary,Mt/yr,2035,absent row,zero
baseline_medce_eu,CHL,Production|Non-Ferrous Metals|Aluminum|Primary,Mt/yr,2040,absent row,zero
baseline_medce_eu,CHL,Production|Non-Ferrous Metals|Aluminum|Primary,Mt/yr,2050,absent row,zero
baseline_medce_eu,JPN,Production|Non-Ferrous Metals|Aluminum|Primary,Mt/yr,2019,blank cell,zero
baseline_medce_eu,JPN,Production|Non-Ferrous Metals|Aluminum|Primary,Mt/yr,2030,blank cell,zero
baseline_medce_eu,JPN,Production|Non-Ferrous Metals|Aluminum|Primary,Mt/yr,2035,blank cell,zero
baseline_medce_eu,JPN,Production|Non-Ferrous Metals|Aluminum|Primary,Mt/yr,2040,blank cell,zero
baseline_medce_eu,JPN,Production|Non-Ferrous Metals|Aluminum|Primary,Mt/yr,2050,blank cell,zero
baseline_medce_eu,MEX,Production|Non-Ferrous Metals|Aluminum|Primary,Mt/yr,2019,blank cell,zero
baseline_medce_eu,NIG,Production|Non-Ferrous Metals|Aluminum|Primary,Mt/yr,2019,absent row,zero
baseline_medce_eu,NIG,Production|Non-Ferrous Metals|Aluminum|Primary,Mt/yr,2024,absent row,zero
baseline_medce_eu,NIG,Production|Non-Ferrous Metals|Aluminum|Primary,Mt/yr,2030,absent row,zero
baseline_medce_eu,NIG,Production|Non-Ferrous Metals|Aluminum|Primary,Mt/yr,2035,absent row,zero
baseline_medce_eu,NIG,Production|Non-Ferrous Metals|Aluminum|Primary,Mt/yr,2040,absent row,zero
baseline_medce_eu,NIG,Production|Non-Ferrous Metals|Aluminum|Primary,Mt/yr,2050,absent row,zero
baseline_medce_eu,SKT,Production|Non-Ferrous Metals|Aluminum|Primary,Mt/yr,2019,blank cell,zero
baseline_medce_eu,SKT,Production|Non-Ferrous Metals|Aluminum|Primary,Mt/yr,2030,blank cell,zero
baseline_medce_eu,SKT,Production|Non-Ferrous Metals|Aluminum|Primary,Mt/yr,2035,blank cell,zero
baseline_medce_eu,SKT,Production|Non-Ferrous Metals|Aluminum|Primary,Mt/yr,2040,blank cell,zero
baseline_medce_eu,SKT,Production|Non-Ferrous Metals|Aluminum|Primary,Mt/yr,2050,blank cell,zero
baseline_medce_eu,AFE,Production|Non-Ferrous Metals|Aluminum|Secondary,Mt/yr,2019,absent row,zero
baseline_medce_eu,AFE,Production|Non-Ferrous Metals|Aluminum|Secondary,Mt/yr,2024,absent row,zero
baseline_medce_eu,AFE,Production|Non-Ferrous Metals|Aluminum|Secondary,Mt/yr,2030,absent row,zero
baseline_medce_eu,AFE,Production|Non-Ferrous Metals|Aluminum|Secondary,Mt/yr,2035,absent row,zero
baseline_medce_eu,AFE,Production|Non-Ferrous Metals|Aluminum|Secondary,Mt/yr,2040,absent row,zero
baseline_medce_eu,AFE,Production|Non-Ferrous Metals|Aluminum|Secondary,Mt/yr,2050,absent row,zero
baseline_medce_eu,AFN,Production|Non-Ferrous Metals|Aluminum|Secondary,Mt/yr,2050,blank cell,zero
baseline_medce_eu,ANZ,Production|Non-Ferrous Metals|Aluminum|Secondary,Mt/yr,2040,blank cell,zero
baseline_medce_eu,ANZ,Production|Non-Ferrous Metals|Aluminum|Secondary,Mt/yr,2050,blank cell,zero
baseline_medce_eu,ASO,Production|Non-Ferrous Metals|Aluminum|Secondary,Mt/yr,2019,absent row,zero
baseline_medce_eu,ASO,Production|Non-Ferrous Metals|Aluminum|Secondary,Mt/yr,2024,absent row,zero
baseline_medce_eu,ASO,Production|Non-Ferrous Metals|Aluminum|Secondary,Mt/yr,2030,absent row,zero
baseline_medce_eu,ASO,Production|Non-Ferrous Metals|Aluminum|Secondary,Mt/yr,2035,absent row,zero
baseline_medce_eu,ASO,Production|Non-Ferrous Metals|Aluminum|Secondary,Mt/yr,2040,absent row,zero
baseline_medce_eu,ASO,Production|Non-Ferrous Metals|Aluminum|Secondary,Mt/yr,2050,absent row,zero
baseline_medce_eu,BRA,Production|Non-Ferrous Metals|Aluminum|Secondary,Mt/yr,2050,blank cell,zero
baseline_medce_eu,CAN,Production|Non-Ferrous Metals|Aluminum|Secondary,Mt/yr,2035,blank cell,zero
baseline_medce_eu,CAN,Production|Non-Ferrous Metals|Aluminum|Secondary,Mt/yr,2050,blank cell,zero
baseline_medce_eu,CHL,Production|Non-Ferrous Metals|Aluminum|Secondary,Mt/yr,2019,absent row,zero
baseline_medce_eu,CHL,Production|Non-Ferrous Metals|Aluminum|Secondary,Mt/yr,2024,absent row,zero
baseline_medce_eu,CHL,Production|Non-Ferrous Metals|Aluminum|Secondary,Mt/yr,2030,absent row,zero
baseline_medce_eu,CHL,Production|Non-Ferrous Metals|Aluminum|Secondary,Mt/yr,2035,absent row,zero
baseline_medce_eu,CHL,Production|Non-Ferrous Metals|Aluminum|Secondary,Mt/yr,2040,absent row,zero
baseline_medce_eu,CHL,Production|Non-Ferrous Metals|Aluminum|Secondary,Mt/yr,2050,absent row,zero
baseline_medce_eu,ENW,Production|Non-Ferrous Metals|Aluminum|Secondary,Mt/yr,2050,blank cell,zero
baseline_medce_eu,EUM,Production|Non-Ferrous Metals|Aluminum|Secondary,Mt/yr,2040,blank cell,zero
baseline_medce_eu,LAM,Production|Non-Ferrous Metals|Aluminum|Secondary,Mt/yr,2050,blank cell,zero
baseline_medce_eu,MDA,Production|Non-Ferrous Metals|Aluminum|Secondary,Mt/yr,2050,blank cell,zero
baseline_medce_eu,NIG,Production|Non-Ferrous Metals|Aluminum|Secondary,Mt/yr,2019,absent row,zero
baseline_medce_eu,NIG,Production|Non-Ferrous Metals|Aluminum|Secondary,Mt/yr,2024,absent row,zero
baseline_medce_eu,NIG,Production|Non-Ferrous Metals|Aluminum|Secondary,Mt/yr,2030,absent row,zero
baseline_medce_eu,NIG,Production|Non-Ferrous Metals|Aluminum|Secondary,Mt/yr,2035,absent row,zero
baseline_medce_eu,NIG,Production|Non-Ferrous Metals|Aluminum|Secondary,Mt/yr,2040,absent row,zero
baseline_medce_eu,NIG,Production|Non-Ferrous Metals|Aluminum|Secondary,Mt/yr,2050,absent row,zero
baseline_medce_eu,RUS,Production|Non-Ferrous Metals|Aluminum|Secondary,Mt/yr,2050,blank cell,zero
baseline_medce_eu,USA,Production|Non-Ferrous Metals|Aluminum|Secondary,Mt/yr,2050,blank cell,zero
baseline_medce_eu,AFW,Final Energy|Industry|Non-Metallic Minerals|Cement|Gases,EJ/yr,2019,blank cell,zero
baseline_medce_eu,ASO,Final Energy|Industry|Non-Metallic Minerals|Cement|Gases,EJ/yr,2019,blank cell,zero
baseline_medce_eu,CHN,Final Energy|Industry|Non-Metallic Minerals|Cement|Gases,EJ/yr,2019,blank cell,zero
baseline_medce_eu,IND,Final Energy|Industry|Non-Metallic Minerals|Cement|Gases,EJ/yr,2019,blank cell,zero
baseline_medce_eu,MEA,Final Energy|Industry|Non-Metallic Minerals|Cement|Liquids,EJ/yr,2019,blank cell,zero
baseline_medce_eu,AFW,Final Energy|Industry|Iron and Steel|Gases,EJ/yr,2050,blank cell,zero
baseline_medce_eu,ASO,Final Energy|Industry|Iron and Steel|Gases,EJ/yr,2030,blank cell,zero
baseline_medce_eu,ASO,Final Energy|Industry|Iron and Steel|Gases,EJ/yr,2035,blank cell,zero
baseline_medce_eu,ASO,Final Energy|Industry|Iron and Steel|Gases,EJ/yr,2040,blank cell,zero
baseline_medce_eu,BRA,Final Energy|Industry|Iron and Steel|Gases,EJ/yr,2050,blank cell,zero
baseline_medce_eu,CAN,Final Energy|Industry|Iron and Steel|Gases,EJ/yr,2030,blank cell,zero
baseline_medce_eu,CAN,Final Energy|Industry|Iron and Steel|Gases,EJ/yr,2040,blank cell,zero
baseline_medce_eu,CAN,Final Energy|Industry|Iron and Steel|Gases,EJ/yr,2050,blank cell,zero
baseline_medce_eu,MEX,Final Energy|Industry|Iron and Steel|Gases,EJ/yr,2040,blank cell,zero
baseline_medce_eu,NIG,Final Energy|Industry|Iron and Steel|Gases,EJ/yr,2030,blank cell,zero
baseline_medce_eu,NIG,Final Energy|Industry|Iron and Steel|Gases,EJ/yr,2040,blank cell,zero
baseline_medce_eu,USA,Final Energy|Industry|Iron and Steel|Gases,EJ/yr,2050,blank cell,zero
baseline_medce_eu,AFE,Final Energy|Industry|Iron and Steel|Hydrogen,EJ/yr,2019,blank cell,zero
baseline_medce_eu,AFE,Final Energy|Industry|Iron and Steel|Hydrogen,EJ/yr,2024,blank cell,zero
baseline_medce_eu,AFN,Final Energy|Industry|Iron and Steel|Hydrogen,EJ/yr,2019,blank cell,zero
baseline_medce_eu,AFN,Final Energy|Industry|Iron and Steel|Hydrogen,EJ/yr,2024,blank cell,zero
baseline_medce_eu,AFN,Final Energy|Industry|Iron and Steel|Hydrogen,EJ/yr,2030,blank cell,zero
baseline_medce_eu,AFW,Final Energy|Industry|Iron and Steel|Hydrogen,EJ/yr,2019,blank cell,zero
baseline_medce_eu,AFW,Final Energy|Industry|Iron and Steel|Hydrogen,EJ/yr,2024,blank cell,zero
baseline_medce_eu,AFW,Final Energy|Industry|Iron and Steel|Hydrogen,EJ/yr,2030,blank cell,zero
baseline_medce_eu,AFZ,Final Energy|Industry|Iron and Steel|Hydrogen,EJ/yr,2019,blank cell,zero
baseline_medce_eu,AFZ,Final Energy|Industry|Iron and Steel|Hydrogen,EJ/yr,2024,blank cell,zero
baseline_medce_eu,AFZ,Final Energy|Industry|Iron and Steel|Hydrogen,EJ/yr,2030,blank cell,zero
baseline_medce_eu,ANZ,Final Energy|Industry|Iron and Steel|Hydrogen,EJ/yr,2019,blank cell,zero
baseline_medce_eu,ANZ,Final Energy|Industry|Iron and Steel|Hydrogen,EJ/yr,2024,blank cell,zero
baseline_medce_eu,ANZ,Final Energy|Industry|Iron and Steel|Hydrogen,EJ/yr,2030,blank cell,zero
baseline_medce_eu,ANZ,Final Energy|Industry|Iron and Steel|Hydrogen,EJ/yr,2035,blank cell,zero
baseline_medce_eu,ANZ,Final Energy|Industry|Iron and Steel|Hydrogen,EJ/yr,2050,blank cell,zero
baseline_medce_eu,ASC,Final Energy|Industry|Iron and Steel|Hydrogen,EJ/yr,2019,blank cell,zero
baseline_medce_eu,ASC,Final Energy|Industry|Iron and Steel|Hydrogen,EJ/yr,2024,blank cell,zero
baseline_medce_eu,ASE,Final Energy|Industry|Iron and Steel|Hydrogen,EJ/yr,2019,blank cell,zero
baseline_medce_eu,ASE,Final Energy|Industry|Iron and Steel|Hydrogen,EJ/yr,2024,blank cell,zero
baseline_medce_eu,ASE,Final Energy|Industry|Iron and Steel|Hydrogen,EJ/yr,2030,blank cell,zero
baseline_medce_eu,ASE,Final Energy|Industry|Iron and Steel|Hydrogen,EJ/yr,2035,blank cell,zero
baseline_medce_eu,ASE,Final Energy|Industry|Iron and Steel|Hydrogen,EJ/yr,2040,blank cell,zero
baseline_medce_eu,ASO,Final Energy|Industry|Iron and Steel|Hydrogen,EJ/yr,2019,blank cell,zero
baseline_medce_eu,ASO,Final Energy|Industry|Iron and Steel|Hydrogen,EJ/yr,2024,blank cell,zero
baseline_medce_eu,ASO,Final Energy|Industry|Iron and Steel|Hydrogen,EJ/yr,2030,blank cell,zero
baseline_medce_eu,ASO,Final Energy|Industry|Iron and Steel|Hydrogen,EJ/yr,2035,blank cell,zero
baseline_medce_eu,ASO,Final Energy|Industry|Iron and Steel|Hydrogen,EJ/yr,2040,blank cell,zero
baseline_medce_eu,BRA,Final Energy|Industry|Iron and Steel|Hydrogen,EJ/yr,2019,blank cell,zero
baseline_medce_eu,BRA,Final Energy|Industry|Iron and Steel|Hydrogen,EJ/yr,2024,blank cell,zero
baseline_medce_eu,CAN,Final Energy|Industry|Iron and Steel|Hydrogen,EJ/yr,2019,blank cell,zero
baseline_medce_eu,CAN,Final Energy|Industry|Iron and Steel|Hydrogen,EJ/yr,2024,blank cell,zero
baseline_medce_eu,CAN,Final Energy|Industry|Iron and Steel|Hydrogen,EJ/yr,2040,blank cell,zero
baseline_medce_eu,CAN,Final Energy|Industry|Iron and Steel|Hydrogen,EJ/yr,2050,blank cell,zero
baseline_medce_eu,CHL,Final Energy|Industry|Iron and Steel|Hydrogen,EJ/yr,2019,blank cell,zero
baseline_medce_eu,CHL,Final Energy|Industry|Iron and Steel|Hydrogen,EJ/yr,2024,blank cell,zero
baseline_medce_eu,CHL,Final Energy|Industry|Iron and Steel|Hydrogen,EJ/yr,2030,blank cell,zero
baseline_medce_eu,CHL,Final Energy|Industry|Iron and Steel|Hydrogen,EJ/yr,2050,blank cell,zero
baseline_medce_eu,CHN,Final Energy|Industry|Iron and Steel|Hydrogen,EJ/yr,2019,blank cell,zero
baseline_medce_eu,CHN,Final Energy|Industry|Iron and Steel|Hydrogen,EJ/yr,2024,blank cell,zero
baseline_medce_eu,CHN,Final Energy|Industry|Iron and Steel|Hydrogen,EJ/yr,2030,blank cell,zero
baseline_medce_eu,ENE,Final Energy|Industry|Iron and Steel|Hydrogen,EJ/yr,2019,blank cell,zero
baseline_medce_eu,ENE,Final Energy|Industry|Iron and Steel|Hydrogen,EJ/yr,2024,blank cell,zero
baseline_medce_eu,ENE,Final Energy|Industry|Iron and Steel|Hydrogen,EJ/yr,2030,blank cell,zero
baseline_medce_eu,ENW,Final Energy|Industry|Iron and Steel|Hydrogen,EJ/yr,2019,absent row,zero
baseline_medce_eu,ENW,Final Energy|Industry|Iron and Steel|Hydrogen,EJ/yr,2024,absent row,zero
baseline_medce_eu,ENW,Final Energy|Industry|Iron and Steel|Hydrogen,EJ/yr,2030,absent row,zero
baseline_medce_eu,ENW,Final Energy|Industry|Iron and Steel|Hydrogen,EJ/yr,2035,absent row,zero
baseline_medce_eu,ENW,Final Energy|Industry|Iron and Steel|Hydrogen,EJ/yr,2040,absent row,zero
baseline_medce_eu,ENW,Final Energy|Industry|Iron and Steel|Hydrogen,EJ/yr,2050,absent row,zero
baseline_medce_eu,EUE,Final Energy|Industry|Iron and Steel|Hydrogen,EJ/yr,2019,absent row,zero
baseline_medce_eu,EUE,Final Energy|Industry|Iron and Steel|Hydrogen,EJ/yr,2024,absent row,zero
baseline_medce_eu,EUE,Final Energy|Industry|Iron and Steel|Hydrogen,EJ/yr,2030,absent row,zero
baseline_medce_eu,EUE,Final Energy|Industry|Iron and Steel|Hydrogen,EJ/yr,2035,absent row,zero
baseline_medce_eu,EUE,Final Energy|Industry|Iron and Steel|Hydrogen,EJ/yr,2040,absent row,zero
baseline_medce_eu,EUE,Final Energy|Industry|Iron and Steel|Hydrogen,EJ/yr,2050,absent row,zero
baseline_medce_eu,EUM,Final Energy|Industry|Iron and Steel|Hydrogen,EJ/yr,2019,absent row,zero
baseline_medce_eu,EUM,Final Energy|Industry|Iron and Steel|Hydrogen,EJ/yr,2024,absent row,zero
baseline_medce_eu,EUM,Final Energy|Industry|Iron and Steel|Hydrogen,EJ/yr,2030,absent row,zero
baseline_medce_eu,EUM,Final Energy|Industry|Iron and Steel|Hydrogen,EJ/yr,2035,absent row,zero
baseline_medce_eu,EUM,Final Energy|Industry|Iron and Steel|Hydrogen,EJ/yr,2040,absent row,zero
baseline_medce_eu,EUM,Final Energy|Industry|Iron and Steel|Hydrogen,EJ/yr,2050,absent row,zero
baseline_medce_eu,EUW,Final Energy|Industry|Iron and Steel|Hydrogen,EJ/yr,2019,absent row,zero
baseline_medce_eu,EUW,Final Energy|Industry|Iron and Steel|Hydrogen,EJ/yr,2024,absent row,zero
baseline_medce_eu,EUW,Final Energy|Industry|Iron and Steel|Hydrogen,EJ/yr,2030,absent row,zero
baseline_medce_eu,EUW,Final Energy|Industry|Iron and Steel|Hydrogen,EJ/yr,2035,absent row,zero
baseline_medce_eu,EUW,Final Energy|Industry|Iron and Steel|Hydrogen,EJ/yr,2040,absent row,zero
baseline_medce_eu,EUW,Final Energy|Industry|Iron and Steel|Hydrogen,EJ/yr,2050,absent row,zero
baseline_medce_eu,IDN,Final Energy|Industry|Iron and Steel|Hydrogen,EJ/yr,2019,blank cell,zero
baseline_medce_eu,IDN,Final Energy|Industry|Iron and Steel|Hydrogen,EJ/yr,2024,blank cell,zero
baseline_medce_eu,IDN,Final Energy|Industry|Iron and Steel|Hydrogen,EJ/yr,2030,blank cell,zero
baseline_medce_eu,IND,Final Energy|Industry|Iron and Steel|Hydrogen,EJ/yr,2019,blank cell,zero
baseline_medce_eu,IND,Final Energy|Industry|Iron and Steel|Hydrogen,EJ/yr,2024,blank cell,zero
baseline_medce_eu,JPN,Final Energy|Industry|Iron and Steel|Hydrogen,EJ/yr,2019,blank cell,zero
baseline_medce_eu,JPN,Final Energy|Industry|Iron and Steel|Hydrogen,EJ/yr,2024,blank cell,zero
baseline_medce_eu,JPN,Final Energy|Industry|Iron and Steel|Hydrogen,EJ/yr,2050,blank cell,zero
baseline_medce_eu,LAM,Final Energy|Industry|Iron and Steel|Hydrogen,EJ/yr,2019,blank cell,zero
baseline_medce_eu,LAM,Final Energy|Industry|Iron and Steel|Hydrogen,EJ/yr,2024,blank cell,zero
baseline_medce_eu,LAM,Final Energy|Industry|Iron and Steel|Hydrogen,EJ/yr,2030,blank cell,zero
baseline_medce_eu,LAM,Final Energy|Industry|Iron and Steel|Hydrogen,EJ/yr,2035,blank cell,zero
baseline_medce_eu,LAM,Final Energy|Industry|Iron and Steel|Hydrogen,EJ/yr,2040,blank cell,zero
baseline_medce_eu,MDA,Final Energy|Industry|Iron and Steel|Hydrogen,EJ/yr,2019,blank cell,zero
baseline_medce_eu,MDA,Final Energy|Industry|Iron and Steel|Hydrogen,EJ/yr,2024,blank cell,zero
baseline_medce_eu,MDA,Final Energy|Industry|Iron and Steel|Hydrogen,EJ/yr,2050,blank cell,zero
baseline_medce_eu,MEA,Final Energy|Industry|Iron and Steel|Hydrogen,EJ/yr,2019,blank cell,zero
baseline_medce_eu,MEA,Final Energy|Industry|Iron and Steel|Hydrogen,EJ/yr,2024,blank cell,zero
baseline_medce_eu,MEX,Final Energy|Industry|Iron and Steel|Hydrogen,EJ/yr,2019,blank cell,zero
baseline_medce_eu,MEX,Final Energy|Industry|Iron and Steel|Hydrogen,EJ/yr,2024,blank cell,zero
baseline_medce_eu,NIG,Final Energy|Industry|Iron and Steel|Hydrogen,EJ/yr,2019,blank cell,zero
baseline_medce_eu,NIG,Final Energy|Industry|Iron and Steel|Hydrogen,EJ/yr,2024,blank cell,zero
baseline_medce_eu,NIG,Final Energy|Industry|Iron and Steel|Hydrogen,EJ/yr,2030,blank cell,zero
baseline_medce_eu,NIG,Final Energy|Industry|Iron and Steel|Hydrogen,EJ/yr,2035,blank cell,zero
baseline_medce_eu,NIG,Final Energy|Industry|Iron and Steel|Hydrogen,EJ/yr,2040,blank cell,zero
baseline_medce_eu,RUS,Final Energy|Industry|Iron and Steel|Hydrogen,EJ/yr,2019,blank cell,zero
baseline_medce_eu,RUS,Final Energy|Industry|Iron and Steel|Hydrogen,EJ/yr,2024,blank cell,zero
baseline_medce_eu,SKT,Final Energy|Industry|Iron and Steel|Hydrogen,EJ/yr,2019,blank cell,zero
baseline_medce_eu,SKT,Final Energy|Industry|Iron and Steel|Hydrogen,EJ/yr,2024,blank cell,zero
baseline_medce_eu,SKT,Final Energy|Industry|Iron and Steel|Hydrogen,EJ/yr,2050,blank cell,zero
baseline_medce_eu,USA,Final Energy|Industry|Iron and Steel|Hydrogen,EJ/yr,2019,blank cell,zero
baseline_medce_eu,USA,Final Energy|Industry|Iron and Steel|Hydrogen,EJ/yr,2024,blank cell,zero
baseline_medce_eu,USA,Final Energy|Industry|Iron and Steel|Hydrogen,EJ/yr,2050,blank cell,zero
baseline_medce_eu,AFE,Final Energy|Industry|Iron and Steel|Liquids,EJ/yr,2019,absent row,zero
baseline_medce_eu,AFE,Final Energy|Industry|Iron and Steel|Liquids,EJ/yr,2024,absent row,zero
baseline_medce_eu,AFE,Final Energy|Industry|Iron and Steel|Liquids,EJ/yr,2030,absent row,zero
baseline_medce_eu,AFE,Final Energy|Industry|Iron and Steel|Liquids,EJ/yr,2035,absent row,zero
baseline_medce_eu,AFE,Final Energy|Industry|Iron and Steel|Liquids,EJ/yr,2040,absent row,zero
baseline_medce_eu,AFE,Final Energy|Industry|Iron and Steel|Liquids,EJ/yr,2050,absent row,zero
baseline_medce_eu,AFN,Final Energy|Industry|Iron and Steel|Liquids,EJ/yr,2040,blank cell,zero
baseline_medce_eu,AFN,Final Energy|Industry|Iron and Steel|Liquids,EJ/yr,2050,blank cell,zero
baseline_medce_eu,AFW,Final Energy|Industry|Iron and Steel|Liquids,EJ/yr,2019,absent row,zero
baseline_medce_eu,AFW,Final Energy|Industry|Iron and Steel|Liquids,EJ/yr,2024,absent row,zero
baseline_medce_eu,AFW,Final Energy|Industry|Iron and Steel|Liquids,EJ/yr,2030,absent row,zero
baseline_medce_eu,AFW,Final Energy|Industry|Iron and Steel|Liquids,EJ/yr,2035,absent row,zero
baseline_medce_eu,AFW,Final Energy|Industry|Iron and Steel|Liquids,EJ/yr,2040,absent row,zero
baseline_medce_eu,AFW,Final Energy|Industry|Iron and Steel|Liquids,EJ/yr,2050,absent row,zero
baseline_medce_eu,AFZ,Final Energy|Industry|Iron and Steel|Liquids,EJ/yr,2030,blank cell,zero
baseline_medce_eu,AFZ,Final Energy|Industry|Iron and Steel|Liquids,EJ/yr,2040,blank cell,zero
baseline_medce_eu,AFZ,Final Energy|Industry|Iron and Steel|Liquids,EJ/yr,2050,blank cell,zero
baseline_medce_eu,ANZ,Final Energy|Industry|Iron and Steel|Liquids,EJ/yr,2050,blank cell,zero
baseline_medce_eu,ASC,Final Energy|Industry|Iron and Steel|Liquids,EJ/yr,2050,blank cell,zero
baseline_medce_eu,ASE,Final Energy|Industry|Iron and Steel|Liquids,EJ/yr,2030,blank cell,zero
baseline_medce_eu,ASE,Final Energy|Industry|Iron and Steel|Liquids,EJ/yr,2035,blank cell,zero
baseline_medce_eu,ASE,Final Energy|Industry|Iron and Steel|Liquids,EJ/yr,2040,blank cell,zero
baseline_medce_eu,ASE,Final Energy|Industry|Iron and Steel|Liquids,EJ/yr,2050,blank cell,zero
baseline_medce_eu,ASO,Final Energy|Industry|Iron and Steel|Liquids,EJ/yr,2019,absent row,zero
baseline_medce_eu,ASO,Final Energy|Industry|Iron and Steel|Liquids,EJ/yr,2024,absent row,zero
baseline_medce_eu,ASO,Final Energy|Industry|Iron and Steel|Liquids,EJ/yr,2030,absent row,zero
baseline_medce_eu,ASO,Final Energy|Industry|Iron and Steel|Liquids,EJ/yr,2035,absent row,zero
baseline_medce_eu,ASO,Final Energy|Industry|Iron and Steel|Liquids,EJ/yr,2040,absent row,zero
baseline_medce_eu,ASO,Final Energy|Industry|Iron and Steel|Liquids,EJ/yr,2050,absent row,zero
baseline_medce_eu,BRA,Final Energy|Industry|Iron and Steel|Liquids,EJ/yr,2040,blank cell,zero
baseline_medce_eu,BRA,Final Energy|Industry|Iron and Steel|Liquids,EJ/yr,2050,blank cell,zero
baseline_medce_eu,CAN,Final Energy|Industry|Iron and Steel|Liquids,EJ/yr,2030,blank cell,zero
baseline_medce_eu,CAN,Final Energy|Industry|Iron and Steel|Liquids,EJ/yr,2040,blank cell,zero
baseline_medce_eu,CAN,Final Energy|Industry|Iron and Steel|Liquids,EJ/yr,2050,blank cell,zero
baseline_medce_eu,CHL,Final Energy|Industry|Iron and Steel|Liquids,EJ/yr,2050,blank cell,zero
baseline_medce_eu,CHN,Final Energy|Industry|Iron and Steel|Liquids,EJ/yr,2050,blank cell,zero
baseline_medce_eu,ENE,Final Energy|Industry|Iron and Steel|Liquids,EJ/yr,2050,blank cell,zero
baseline_medce_eu,ENW,Final Energy|Industry|Iron and Steel|Liquids,EJ/yr,2050,blank cell,zero
baseline_medce_eu,EUE,Final Energy|Industry|Iron and Steel|Liquids,EJ/yr,2050,blank cell,zero
baseline_medce_eu,EUM,Final Energy|Industry|Iron and Steel|Liquids,EJ/yr,2050,blank cell,zero
baseline_medce_eu,EUW,Final Energy|Industry|Iron and Steel|Liquids,EJ/yr,2050,blank cell,zero
baseline_medce_eu,IDN,Final Energy|Industry|Iron and Steel|Liquids,EJ/yr,2050,blank cell,zero
baseline_medce_eu,IND,Final Energy|Industry|Iron and Steel|Liquids,EJ/yr,2030,blank cell,zero
baseline_medce_eu,IND,Final Energy|Industry|Iron and Steel|Liquids,EJ/yr,2035,blank cell,zero
baseline_medce_eu,IND,Final Energy|Industry|Iron and Steel|Liquids,EJ/yr,2040,blank cell,zero
baseline_medce_eu,IND,Final Energy|Industry|Iron and Steel|Liquids,EJ/yr,2050,blank cell,zero
baseline_medce_eu,JPN,Final Energy|Industry|Iron and Steel|Liquids,EJ/yr,2050,blank cell,zero
baseline_medce_eu,LAM,Final Energy|Industry|Iron and Steel|Liquids,EJ/yr,2050,blank cell,zero
baseline_medce_eu,MDA,Final Energy|Industry|Iron and Steel|Liquids,EJ/yr,2050,blank cell,zero
baseline_medce_eu,MEA,Final Energy|Industry|Iron and Steel|Liquids,EJ/yr,2050,blank cell,zero
baseline_medce_eu,MEX,Final Energy|Industry|Iron and Steel|Liquids,EJ/yr,2040,blank cell,zero
baseline_medce_eu,MEX,Final Energy|Industry|Iron and Steel|Liquids,EJ/yr,2050,blank cell,zero
baseline_medce_eu,NIG,Final Energy|Industry|Iron and Steel|Liquids,EJ/yr,2019,absent row,zero
baseline_medce_eu,NIG,Final Energy|Industry|Iron and Steel|Liquids,EJ/yr,2024,absent row,zero
baseline_medce_eu,NIG,Final Energy|Industry|Iron and Steel|Liquids,EJ/yr,2030,absent row,zero
baseline_medce_eu,NIG,Final Energy|Industry|Iron and Steel|Liquids,EJ/yr,2035,absent row,zero
baseline_medce_eu,NIG,Final Energy|Industry|Iron and Steel|Liquids,EJ/yr,2040,absent row,zero
baseline_medce_eu,NIG,Final Energy|Industry|Iron and Steel|Liquids,EJ/yr,2050,absent row,zero
baseline_medce_eu,RUS,Final Energy|Industry|Iron and Steel|Liquids,EJ/yr,2035,blank cell,zero
baseline_medce_eu,RUS,Final Energy|Industry|Iron and Steel|Liquids,EJ/yr,2040,blank cell,zero
baseline_medce_eu,RUS,Final Energy|Industry|Iron and Steel|Liquids,EJ/yr,2050,blank cell,zero
baseline_medce_eu,SKT,Final Energy|Industry|Iron and Steel|Liquids,EJ/yr,2050,blank cell,zero
baseline_medce_eu,USA,Final Energy|Industry|Iron and Steel|Liquids,EJ/yr,2050,blank cell,zero
baseline_medce_eu,AFE,Final Energy|Industry|Iron and Steel|Solids,EJ/yr,2019,blank cell,zero
baseline_medce_eu,AFW,Final Energy|Industry|Iron and Steel|Solids,EJ/yr,2019,blank cell,zero
baseline_medce_eu,AFW,Final Energy|Industry|Iron and Steel|Solids,EJ/yr,2050,blank cell,zero
baseline_medce_eu,ASO,Final Energy|Industry|Iron and Steel|Solids,EJ/yr,2019,blank cell,zero
baseline_medce_eu,ASO,Final Energy|Industry|Iron and Steel|Solids,EJ/yr,2030,blank cell,zero
baseline_medce_eu,ASO,Final Energy|Industry|Iron and Steel|Solids,EJ/yr,2040,blank cell,zero
baseline_medce_eu,BRA,Final Energy|Industry|Iron and Steel|Solids,EJ/yr,2050,blank cell,zero
baseline_medce_eu,CAN,Final Energy|Industry|Iron and Steel|Solids,EJ/yr,2030,blank cell,zero
baseline_medce_eu,CAN,Final Energy|Industry|Iron and Steel|Solids,EJ/yr,2040,blank cell,zero
baseline_medce_eu,CAN,Final Energy|Industry|Iron and Steel|Solids,EJ/yr,2050,blank cell,zero
baseline_medce_eu,MEX,Final Energy|Industry|Iron and Steel|Solids,EJ/yr,2040,blank cell,zero
baseline_medce_eu,NIG,Final Energy|Industry|Iron and Steel|Solids,EJ/yr,2019,blank cell,zero
baseline_medce_eu,NIG,Final Energy|Industry|Iron and Steel|Solids,EJ/yr,2030,blank cell,zero
baseline_medce_eu,NIG,Final Energy|Industry|Iron and Steel|Solids,EJ/yr,2035,blank cell,zero
baseline_medce_eu,NIG,Final Energy|Industry|Iron and Steel|Solids,EJ/yr,2040,blank cell,zero
baseline_medce_eu,NIG,Final Energy|Industry|Iron and Steel|Solids,EJ/yr,2050,blank cell,zero
baseline_medce_eu,USA,Final Energy|Industry|Iron and Steel|Solids,EJ/yr,2050,blank cell,zero
baseline_medce_eu,AFE,Final Energy|Industry|Non-Ferrous Metals|Aluminum|Electricity,EJ/yr,2019,absent row,zero
baseline_medce_eu,AFE,Final Energy|Industry|Non-Ferrous Metals|Aluminum|Electricity,EJ/yr,2024,absent row,zero
baseline_medce_eu,AFE,Final Energy|Industry|Non-Ferrous Metals|Aluminum|Electricity,EJ/yr,2030,absent row,zero
baseline_medce_eu,AFE,Final Energy|Industry|Non-Ferrous Metals|Aluminum|Electricity,EJ/yr,2035,absent row,zero
baseline_medce_eu,AFE,Final Energy|Industry|Non-Ferrous Metals|Aluminum|Electricity,EJ/yr,2040,absent row,zero
baseline_medce_eu,AFE,Final Energy|Industry|Non-Ferrous Metals|Aluminum|Electricity,EJ/yr,2050,absent row,zero
baseline_medce_eu,ASO,Final Energy|Industry|Non-Ferrous Metals|Aluminum|Electricity,EJ/yr,2019,absent row,zero
baseline_medce_eu,ASO,Final Energy|Industry|Non-Ferrous Metals|Aluminum|Electricity,EJ/yr,2024,absent row,zero
baseline_medce_eu,ASO,Final Energy|Industry|Non-Ferrous Metals|Aluminum|Electricity,EJ/yr,2030,absent row,zero
baseline_medce_eu,ASO,Final Energy|Industry|Non-Ferrous Metals|Aluminum|Electricity,EJ/yr,2035,absent row,zero
baseline_medce_eu,ASO,Final Energy|Industry|Non-Ferrous Metals|Aluminum|Electricity,EJ/yr,2040,absent row,zero
baseline_medce_eu,ASO,Final Energy|Industry|Non-Ferrous Metals|Aluminum|Electricity,EJ/yr,2050,absent row,zero
baseline_medce_eu,CHL,Final Energy|Industry|Non-Ferrous Metals|Aluminum|Electricity,EJ/yr,2019,absent row,zero
baseline_medce_eu,CHL,Final Energy|Industry|Non-Ferrous Metals|Aluminum|Electricity,EJ/yr,2024,absent row,zero
baseline_medce_eu,CHL,Final Energy|Industry|Non-Ferrous Metals|Aluminum|Electricity,EJ/yr,2030,absent row,zero
baseline_medce_eu,CHL,Final Energy|Industry|Non-Ferrous Metals|Aluminum|Electricity,EJ/yr,2035,absent row,zero
baseline_medce_eu,CHL,Final Energy|Industry|Non-Ferrous Metals|Aluminum|Electricity,EJ/yr,2040,absent row,zero
baseline_medce_eu,CHL,Final Energy|Industry|Non-Ferrous Metals|Aluminum|Electricity,EJ/yr,2050,absent row,zero
baseline_medce_eu,NIG,Final Energy|Industry|Non-Ferrous Metals|Aluminum|Electricity,EJ/yr,2019,absent row,zero
baseline_medce_eu,NIG,Final Energy|Industry|Non-Ferrous Metals|Aluminum|Electricity,EJ/yr,2024,absent row,zero
baseline_medce_eu,NIG,Final Energy|Industry|Non-Ferrous Metals|Aluminum|Electricity,EJ/yr,2030,absent row,zero
baseline_medce_eu,NIG,Final Energy|Industry|Non-Ferrous Metals|Aluminum|Electricity,EJ/yr,2035,absent row,zero
baseline_medce_eu,NIG,Final Energy|Industry|Non-Ferrous Metals|Aluminum|Electricity,EJ/yr,2040,absent row,zero
baseline_medce_eu,NIG,Final Energy|Industry|Non-Ferrous Metals|Aluminum|Electricity,EJ/yr,2050,absent row,zero
baseline_medce_eu,AFE,Final Energy|Industry|Non-Ferrous Metals|Aluminum|Gases,EJ/yr,2019,absent row,zero
baseline_medce_eu,AFE,Final Energy|Industry|Non-Ferrous Metals|Aluminum|Gases,EJ/yr,2024,absent row,zero
baseline_medce_eu,AFE,Final Energy|Industry|Non-Ferrous Metals|Aluminum|Gases,EJ/yr,2030,absent row,zero
baseline_medce_eu,AFE,Final Energy|Industry|Non-Ferrous Metals|Aluminum|Gases,EJ/yr,2035,absent row,zero
baseline_medce_eu,AFE,Final Energy|Industry|Non-Ferrous Metals|Aluminum|Gases,EJ/yr,2040,absent row,zero
baseline_medce_eu,AFE,Final Energy|Industry|Non-Ferrous Metals|Aluminum|Gases,EJ/yr,2050,absent row,zero
baseline_medce_eu,ANZ,Final Energy|Industry|Non-Ferrous Metals|Aluminum|Gases,EJ/yr,2040,blank cell,zero
baseline_medce_eu,ANZ,Final Energy|Industry|Non-Ferrous Metals|Aluminum|Gases,EJ/yr,2050,blank cell,zero
baseline_medce_eu,ASO,Final Energy|Industry|Non-Ferrous Metals|Aluminum|Gases,EJ/yr,2019,absent row,zero
baseline_medce_eu,ASO,Final Energy|Industry|Non-Ferrous Metals|Aluminum|Gases,EJ/yr,2024,absent row,zero
baseline_medce_eu,ASO,Final Energy|Industry|Non-Ferrous Metals|Aluminum|Gases,EJ/yr,2030,absent row,zero
baseline_medce_eu,ASO,Final Energy|Industry|Non-Ferrous Metals|Aluminum|Gases,EJ/yr,2035,absent row,zero
baseline_medce_eu,ASO,Final Energy|Industry|Non-Ferrous Metals|Aluminum|Gases,EJ/yr,2040,absent row,zero
baseline_medce_eu,ASO,Final Energy|Industry|Non-Ferrous Metals|Aluminum|Gases,EJ/yr,2050,absent row,zero
baseline_medce_eu,BRA,Final Energy|Industry|Non-Ferrous Metals|Aluminum|Gases,EJ/yr,2050,blank cell,zero
baseline_medce_eu,CAN,Final Energy|Industry|Non-Ferrous Metals|Aluminum|Gases,EJ/yr,2050,blank cell,zero
baseline_medce_eu,CHL,Final Energy|Industry|Non-Ferrous Metals|Aluminum|Gases,EJ/yr,2019,absent row,zero
baseline_medce_eu,CHL,Final Energy|Industry|Non-Ferrous Metals|Aluminum|Gases,EJ/yr,2024,absent row,zero
baseline_medce_eu,CHL,Final Energy|Industry|Non-Ferrous Metals|Aluminum|Gases,EJ/yr,2030,absent row,zero
baseline_medce_eu,CHL,Final Energy|Industry|Non-Ferrous Metals|Aluminum|Gases,EJ/yr,2035,absent row,zero
baseline_medce_eu,CHL,Final Energy|Industry|Non-Ferrous Metals|Aluminum|Gases,EJ/yr,2040,absent row,zero
baseline_medce_eu,CHL,Final Energy|Industry|Non-Ferrous Metals|Aluminum|Gases,EJ/yr,2050,absent row,zero
baseline_medce_eu,ENW,Final Energy|Industry|Non-Ferrous Metals|Aluminum|Gases,EJ/yr,2040,blank cell,zero
baseline_medce_eu,ENW,Final Energy|Industry|Non-Ferrous Metals|Aluminum|Gases,EJ/yr,2050,blank cell,zero
baseline_medce_eu,EUE,Final Energy|Industry|Non-Ferrous Metals|Aluminum|Gases,EJ/yr,2050,blank cell,zero
baseline_medce_eu,EUM,Final Energy|Industry|Non-Ferrous Metals|Aluminum|Gases,EJ/yr,2040,blank cell,zero
baseline_medce_eu,EUM,Final Energy|Industry|Non-Ferrous Metals|Aluminum|Gases,EJ/yr,2050,blank cell,zero
baseline_medce_eu,EUW,Final Energy|Industry|Non-Ferrous Metals|Aluminum|Gases,EJ/yr,2050,blank cell,zero
baseline_medce_eu,JPN,Final Energy|Industry|Non-Ferrous Metals|Aluminum|Gases,EJ/yr,2050,blank cell,zero
baseline_medce_eu,MDA,Final Energy|Industry|Non-Ferrous Metals|Aluminum|Gases,EJ/yr,2050,blank cell,zero
baseline_medce_eu,NIG,Final Energy|Industry|Non-Ferrous Metals|Aluminum|Gases,EJ/yr,2019,absent row,zero
baseline_medce_eu,NIG,Final Energy|Industry|Non-Ferrous Metals|Aluminum|Gases,EJ/yr,2024,absent row,zero
baseline_medce_eu,NIG,Final Energy|Industry|Non-Ferrous Metals|Aluminum|Gases,EJ/yr,2030,absent row,zero
baseline_medce_eu,NIG,Final Energy|Industry|Non-Ferrous Metals|Aluminum|Gases,EJ/yr,2035,absent row,zero
baseline_medce_eu,NIG,Final Energy|Industry|Non-Ferrous Metals|Aluminum|Gases,EJ/yr,2040,absent row,zero
baseline_medce_eu,NIG,Final Energy|Industry|Non-Ferrous Metals|Aluminum|Gases,EJ/yr,2050,absent row,zero
baseline_medce_eu,SKT,Final Energy|Industry|Non-Ferrous Metals|Aluminum|Gases,EJ/yr,2050,blank cell,zero
baseline_medce_eu,USA,Final Energy|Industry|Non-Ferrous Metals|Aluminum|Gases,EJ/yr,2050,blank cell,zero
baseline_medce_eu,AFE,Final Energy|Industry|Non-Ferrous Metals|Aluminum|Hydrogen,EJ/yr,2019,absent row,zero
baseline_medce_eu,AFE,Final Energy|Industry|Non-Ferrous Metals|Aluminum|Hydrogen,EJ/yr,2024,absent row,zero
baseline_medce_eu,AFE,Final Energy|Industry|Non-Ferrous Metals|Aluminum|Hydrogen,EJ/yr,2030,absent row,zero
baseline_medce_eu,AFE,Final Energy|Industry|Non-Ferrous Metals|Aluminum|Hydrogen,EJ/yr,2035,absent row,zero
baseline_medce_eu,AFE,Final Energy|Industry|Non-Ferrous Metals|Aluminum|Hydrogen,EJ/yr,2040,absent row,zero
baseline_medce_eu,AFE,Final Energy|Industry|Non-Ferrous Metals|Aluminum|Hydrogen,EJ/yr,2050,absent row,zero
baseline_medce_eu,AFN,Final Energy|Industry|Non-Ferrous Metals|Aluminum|Hydrogen,EJ/yr,2019,blank cell,zero
baseline_medce_eu,AFN,Final Energy|Industry|Non-Ferrous Metals|Aluminum|Hydrogen,EJ/yr,2024,blank cell,zero
baseline_medce_eu,AFN,Final Energy|Industry|Non-Ferrous Metals|Aluminum|Hydrogen,EJ/yr,2030,blank cell,zero
baseline_medce_eu,AFW,Final Energy|Industry|Non-Ferrous Metals|Aluminum|Hydrogen,EJ/yr,2019,blank cell,zero
baseline_medce_eu,AFW,Final Energy|Industry|Non-Ferrous Metals|Aluminum|Hydrogen,EJ/yr,2024,blank cell,zero
baseline_medce_eu,AFW,Final Energy|Industry|Non-Ferrous Metals|Aluminum|Hydrogen,EJ/yr,2030,blank cell,zero
baseline_medce_eu,AFZ,Final Energy|Industry|Non-Ferrous Metals|Aluminum|Hydrogen,EJ/yr,2019,blank cell,zero
baseline_medce_eu,AFZ,Final Energy|Industry|Non-Ferrous Metals|Aluminum|Hydrogen,EJ/yr,2024,blank cell,zero
baseline_medce_eu,AFZ,Final Energy|Industry|Non-Ferrous Metals|Aluminum|Hydrogen,EJ/yr,2030,blank cell,zero
baseline_medce_eu,ANZ,Final Energy|Industry|Non-Ferrous Metals|Aluminum|Hydrogen,EJ/yr,2019,blank cell,zero
baseline_medce_eu,ANZ,Final Energy|Industry|Non-Ferrous Metals|Aluminum|Hydrogen,EJ/yr,2024,blank cell,zero
baseline_medce_eu,ANZ,Final Energy|Industry|Non-Ferrous Metals|Aluminum|Hydrogen,EJ/yr,2030,blank cell,zero
baseline_medce_eu,ASC,Final Energy|Industry|Non-Ferrous Metals|Aluminum|Hydrogen,EJ/yr,2019,blank cell,zero
baseline_medce_eu,ASC,Final Energy|Industry|Non-Ferrous Metals|Aluminum|Hydrogen,EJ/yr,2024,blank cell,zero
baseline_medce_eu,ASC,Final Energy|Industry|Non-Ferrous Metals|Aluminum|Hydrogen,EJ/yr,2030,blank cell,zero
baseline_medce_eu,ASC,Final Energy|Industry|Non-Ferrous Metals|Aluminum|Hydrogen,EJ/yr,2035,blank cell,zero
baseline_medce_eu,ASE,Final Energy|Industry|Non-Ferrous Metals|Aluminum|Hydrogen,EJ/yr,2019,blank cell,zero
baseline_medce_eu,ASE,Final Energy|Industry|Non-Ferrous Metals|Aluminum|Hydrogen,EJ/yr,2024,blank cell,zero
baseline_medce_eu,ASO,Final Energy|Industry|Non-Ferrous Metals|Aluminum|Hydrogen,EJ/yr,2019,absent row,zero
baseline_medce_eu,ASO,Final Energy|Industry|Non-Ferrous Metals|Aluminum|Hydrogen,EJ/yr,2024,absent row,zero
baseline_medce_eu,ASO,Final Energy|Industry|Non-Ferrous Metals|Aluminum|Hydrogen,EJ/yr,2030,absent row,zero
baseline_medce_eu,ASO,Final Energy|Industry|Non-Ferrous Metals|Aluminum|Hydrogen,EJ/yr,2035,absent row,zero
baseline_medce_eu,ASO,Final Energy|Industry|Non-Ferrous Metals|Aluminum|Hydrogen,EJ/yr,2040,absent row,zero
baseline_medce_eu,ASO,Final Energy|Industry|Non-Ferrous Metals|Aluminum|Hydrogen,EJ/yr,2050,absent row,zero
baseline_medce_eu,BRA,Final Energy|Industry|Non-Ferrous Metals|Aluminum|Hydrogen,EJ/yr,2019,blank cell,zero
baseline_medce_eu,BRA,Final Energy|Industry|Non-Ferrous Metals|Aluminum|Hydrogen,EJ/yr,2024,blank cell,zero
baseline_medce_eu,CAN,Final Energy|Industry|Non-Ferrous Metals|Aluminum|Hydrogen,EJ/yr,2019,blank cell,zero
baseline_medce_eu,CAN,Final Energy|Industry|Non-Ferrous Metals|Aluminum|Hydrogen,EJ/yr,2024,blank cell,zero
baseline_medce_eu,CHL,Final Energy|Industry|Non-Ferrous Metals|Aluminum|Hydrogen,EJ/yr,2019,absent row,zero
baseline_medce_eu,CHL,Final Energy|Industry|Non-Ferrous Metals|Aluminum|Hydrogen,EJ/yr,2024,absent row,zero
baseline_medce_eu,CHL,Final Energy|Industry|Non-Ferrous Metals|Aluminum|Hydrogen,EJ/yr,2030,absent row,zero
baseline_medce_eu,CHL,Final Energy|Industry|Non-Ferrous Metals|Aluminum|Hydrogen,EJ/yr,2035,absent row,zero
baseline_medce_eu,CHL,Final Energy|Industry|Non-Ferrous Metals|Aluminum|Hydrogen,EJ/yr,2040,absent row,zero
baseline_medce_eu,CHL,Final Energy|Industry|Non-Ferrous Metals|Aluminum|Hydrogen,EJ/yr,2050,absent row,zero
baseline_medce_eu,CHN,Final Energy|Industry|Non-Ferrous Metals|Aluminum|Hydrogen,EJ/yr,2019,blank cell,zero
baseline_medce_eu,CHN,Final Energy|Industry|Non-Ferrous Metals|Aluminum|Hydrogen,EJ/yr,2024,blank cell,zero
baseline_medce_eu,CHN,Final Energy|Industry|Non-Ferrous Metals|Aluminum|Hydrogen,EJ/yr,2030,blank cell,zero
baseline_medce_eu,ENE,Final Energy|Industry|Non-Ferrous Metals|Aluminum|Hydrogen,EJ/yr,2019,blank cell,zero
baseline_medce_eu,ENE,Final Energy|Industry|Non-Ferrous Metals|Aluminum|Hydrogen,EJ/yr,2024,blank cell,zero
baseline_medce_eu,ENW,Final Energy|Industry|Non-Ferrous Metals|Aluminum|Hydrogen,EJ/yr,2019,blank cell,zero
baseline_medce_eu,ENW,Final Energy|Industry|Non-Ferrous Metals|Aluminum|Hydrogen,EJ/yr,2024,blank cell,zero
baseline_medce_eu,ENW,Final Energy|Industry|Non-Ferrous Metals|Aluminum|Hydrogen,EJ/yr,2050,blank cell,zero
baseline_medce_eu,EUE,Final Energy|Industry|Non-Ferrous Metals|Aluminum|Hydrogen,EJ/yr,2019,blank cell,zero
baseline_medce_eu,EUE,Final Energy|Industry|Non-Ferrous Metals|Aluminum|Hydrogen,EJ/yr,2024,blank cell,zero
baseline_medce_eu,EUM,Final Energy|Industry|Non-Ferrous Metals|Aluminum|Hydrogen,EJ/yr,2019,blank cell,zero
baseline_medce_eu,EUM,Final Energy|Industry|Non-Ferrous Metals|Aluminum|Hydrogen,EJ/yr,2024,blank cell,zero
baseline_medce_eu,EUW,Final Energy|Industry|Non-Ferrous Metals|Aluminum|Hydrogen,EJ/yr,2019,blank cell,zero
baseline_medce_eu,EUW,Final Energy|Industry|Non-Ferrous Metals|Aluminum|Hydrogen,EJ/yr,2024,blank cell,zero
baseline_medce_eu,IDN,Final Energy|Industry|Non-Ferrous Metals|Aluminum|Hydrogen,EJ/yr,2019,blank cell,zero
baseline_medce_eu,IDN,Final Energy|Industry|Non-Ferrous Metals|Aluminum|Hydrogen,EJ/yr,2024,blank cell,zero
baseline_medce_eu,IND,Final Energy|Industry|Non-Ferrous Metals|Aluminum|Hydrogen,EJ/yr,2019,blank cell,zero
baseline_medce_eu,IND,Final Energy|Industry|Non-Ferrous Metals|Aluminum|Hydrogen,EJ/yr,2024,blank cell,zero
baseline_medce_eu,JPN,Final Energy|Industry|Non-Ferrous Metals|Aluminum|Hydrogen,EJ/yr,2019,blank cell,zero
baseline_medce_eu,JPN,Final Energy|Industry|Non-Ferrous Metals|Aluminum|Hydrogen,EJ/yr,2024,blank cell,zero
baseline_medce_eu,JPN,Final Energy|Industry|Non-Ferrous Metals|Aluminum|Hydrogen,EJ/yr,2030,blank cell,zero
baseline_medce_eu,LAM,Final Energy|Industry|Non-Ferrous Metals|Aluminum|Hydrogen,EJ/yr,2019,blank cell,zero
baseline_medce_eu,LAM,Final Energy|Industry|Non-Ferrous Metals|Aluminum|Hydrogen,EJ/yr,2024,blank cell,zero
baseline_medce_eu,MDA,Final Energy|Industry|Non-Ferrous Metals|Aluminum|Hydrogen,EJ/yr,2019,blank cell,zero
baseline_medce_eu,MDA,Final Energy|Industry|Non-Ferrous Metals|Aluminum|Hydrogen,EJ/yr,2024,blank cell,zero
baseline_medce_eu,MEA,Final Energy|Industry|Non-Ferrous Metals|Aluminum|Hydrogen,EJ/yr,2019,blank cell,zero
baseline_medce_eu,MEA,Final Energy|Industry|Non-Ferrous Metals|Aluminum|Hydrogen,EJ/yr,2024,blank cell,zero
baseline_medce_eu,MEX,Final Energy|Industry|Non-Ferrous Metals|Aluminum|Hydrogen,EJ/yr,2019,blank cell,zero
baseline_medce_eu,MEX,Final Energy|Industry|Non-Ferrous Metals|Aluminum|Hydrogen,EJ/yr,2024,blank cell,zero
baseline_medce_eu,NIG,Final Energy|Industry|Non-Ferrous Metals|Aluminum|Hydrogen,EJ/yr,2019,absent row,zero
baseline_medce_eu,NIG,Final Energy|Industry|Non-Ferrous Metals|Aluminum|Hydrogen,EJ/yr,2024,absent row,zero
baseline_medce_eu,NIG,Final Energy|Industry|Non-Ferrous Metals|Aluminum|Hydrogen,EJ/yr,2030,absent row,zero
baseline_medce_eu,NIG,Final Energy|Industry|Non-Ferrous Metals|Aluminum|Hydrogen,EJ/yr,2035,absent row,zero
baseline_medce_eu,NIG,Final Energy|Industry|Non-Ferrous Metals|Aluminum|Hydrogen,EJ/yr,2040,absent row,zero
baseline_medce_eu,NIG,Final Energy|Industry|Non-Ferrous Metals|Aluminum|Hydrogen,EJ/yr,2050,absent row,zero
baseline_medce_eu,RUS,Final Energy|Industry|Non-Ferrous Metals|Aluminum|Hydrogen,EJ/yr,2019,blank cell,zero
baseline_medce_eu,RUS,Final Energy|Industry|Non-Ferrous Metals|Aluminum|Hydrogen,EJ/yr,2024,blank cell,zero
baseline_medce_eu,SKT,Final Energy|Industry|Non-Ferrous Metals|Aluminum|Hydrogen,EJ/yr,2019,blank cell,zero
baseline_medce_eu,SKT,Final Energy|Industry|Non-Ferrous Metals|Aluminum|Hydrogen,EJ/yr,2024,blank cell,zero
baseline_medce_eu,SKT,Final Energy|Industry|Non-Ferrous Metals|Aluminum|Hydrogen,EJ/yr,2030,blank cell,zero
baseline_medce_eu,USA,Final Energy|Industry|Non-Ferrous Metals|Aluminum|Hydrogen,EJ/yr,2019,blank cell,zero
baseline_medce_eu,USA,Final Energy|Industry|Non-Ferrous Metals|Aluminum|Hydrogen,EJ/yr,2024,blank cell,zero
baseline_medce_eu,AFE,Final Energy|Industry|Non-Ferrous Metals|Aluminum|Liquids,EJ/yr,2019,absent row,zero
baseline_medce_eu,AFE,Final Energy|Industry|Non-Ferrous Metals|Aluminum|Liquids,EJ/yr,2024,absent row,zero
baseline_medce_eu,AFE,Final Energy|Industry|Non-Ferrous Metals|Aluminum|Liquids,EJ/yr,2030,absent row,zero
baseline_medce_eu,AFE,Final Energy|Industry|Non-Ferrous Metals|Aluminum|Liquids,EJ/yr,2035,absent row,zero
baseline_medce_eu,AFE,Final Energy|Industry|Non-Ferrous Metals|Aluminum|Liquids,EJ/yr,2040,absent row,zero
baseline_medce_eu,AFE,Final Energy|Industry|Non-Ferrous Metals|Aluminum|Liquids,EJ/yr,2050,absent row,zero
baseline_medce_eu,AFN,Final Energy|Industry|Non-Ferrous Metals|Aluminum|Liquids,EJ/yr,2019,absent row,zero
baseline_medce_eu,AFN,Final Energy|Industry|Non-Ferrous Metals|Aluminum|Liquids,EJ/yr,2024,absent row,zero
baseline_medce_eu,AFN,Final Energy|Industry|Non-Ferrous Metals|Aluminum|Liquids,EJ/yr,2030,absent row,zero
baseline_medce_eu,AFN,Final Energy|Industry|Non-Ferrous Metals|Aluminum|Liquids,EJ/yr,2035,absent row,zero
baseline_medce_eu,AFN,Final Energy|Industry|Non-Ferrous Metals|Aluminum|Liquids,EJ/yr,2040,absent row,zero
baseline_medce_eu,AFN,Final Energy|Industry|Non-Ferrous Metals|Aluminum|Liquids,EJ/yr,2050,absent row,zero
baseline_medce_eu,AFW,Final Energy|Industry|Non-Ferrous Metals|Aluminum|Liquids,EJ/yr,2050,blank cell,zero
baseline_medce_eu,AFZ,Final Energy|Industry|Non-Ferrous Metals|Aluminum|Liquids,EJ/yr,2050,blank cell,zero
baseline_medce_eu,ANZ,Final Energy|Industry|Non-Ferrous Metals|Aluminum|Liquids,EJ/yr,2019,absent row,zero
baseline_medce_eu,ANZ,Final Energy|Industry|Non-Ferrous Metals|Aluminum|Liquids,EJ/yr,2024,absent row,zero
baseline_medce_eu,ANZ,Final Energy|Industry|Non-Ferrous Metals|Aluminum|Liquids,EJ/yr,2030,absent row,zero
baseline_medce_eu,ANZ,Final Energy|Industry|Non-Ferrous Metals|Aluminum|Liquids,EJ/yr,2035,absent row,zero
baseline_medce_eu,ANZ,Final Energy|Industry|Non-Ferrous Metals|Aluminum|Liquids,EJ/yr,2040,absent row,zero
baseline_medce_eu,ANZ,Final Energy|Industry|Non-Ferrous Metals|Aluminum|Liquids,EJ/yr,2050,absent row,zero
baseline_medce_eu,ASC,Final Energy|Industry|Non-Ferrous Metals|Aluminum|Liquids,EJ/yr,2050,blank cell,zero
baseline_medce_eu,ASE,Final Energy|Industry|Non-Ferrous Metals|Aluminum|Liquids,EJ/yr,2040,blank cell,zero
baseline_medce_eu,ASE,Final Energy|Industry|Non-Ferrous Metals|Aluminum|Liquids,EJ/yr,2050,blank cell,zero
baseline_medce_eu,ASO,Final Energy|Industry|Non-Ferrous Metals|Aluminum|Liquids,EJ/yr,2019,absent row,zero
baseline_medce_eu,ASO,Final Energy|Industry|Non-Ferrous Metals|Aluminum|Liquids,EJ/yr,2024,absent row,zero
baseline_medce_eu,ASO,Final Energy|Industry|Non-Ferrous Metals|Aluminum|Liquids,EJ/yr,2030,absent row,zero
baseline_medce_eu,ASO,Final Energy|Industry|Non-Ferrous Metals|Aluminum|Liquids,EJ/yr,2035,absent row,zero
baseline_medce_eu,ASO,Final Energy|Industry|Non-Ferrous Metals|Aluminum|Liquids,EJ/yr,2040,absent row,zero
baseline_medce_eu,ASO,Final Energy|Industry|Non-Ferrous Metals|Aluminum|Liquids,EJ/yr,2050,absent row,zero
baseline_medce_eu,BRA,Final Energy|Industry|Non-Ferrous Metals|Aluminum|Liquids,EJ/yr,2040,blank cell,zero
baseline_medce_eu,BRA,Final Energy|Industry|Non-Ferrous Metals|Aluminum|Liquids,EJ/yr,2050,blank cell,zero
baseline_medce_eu,CAN,Final Energy|Industry|Non-Ferrous Metals|Aluminum|Liquids,EJ/yr,2019,absent row,zero
baseline_medce_eu,CAN,Final Energy|Industry|Non-Ferrous Metals|Aluminum|Liquids,EJ/yr,2024,absent row,zero
baseline_medce_eu,CAN,Final Energy|Industry|Non-Ferrous Metals|Aluminum|Liquids,EJ/yr,2030,absent row,zero
baseline_medce_eu,CAN,Final Energy|Industry|Non-Ferrous Metals|Aluminum|Liquids,EJ/yr,2035,absent row,zero
baseline_medce_eu,CAN,Final Energy|Industry|Non-Ferrous Metals|Aluminum|Liquids,EJ/yr,2040,absent row,zero
baseline_medce_eu,CAN,Final Energy|Industry|Non-Ferrous Metals|Aluminum|Liquids,EJ/yr,2050,absent row,zero
baseline_medce_eu,CHL,Final Energy|Industry|Non-Ferrous Metals|Aluminum|Liquids,EJ/yr,2019,absent row,zero
baseline_medce_eu,CHL,Final Energy|Industry|Non-Ferrous Metals|Aluminum|Liquids,EJ/yr,2024,absent row,zero
baseline_medce_eu,CHL,Final Energy|Industry|Non-Ferrous Metals|Aluminum|Liquids,EJ/yr,2030,absent row,zero
baseline_medce_eu,CHL,Final Energy|Industry|Non-Ferrous Metals|Aluminum|Liquids,EJ/yr,2035,absent row,zero
baseline_medce_eu,CHL,Final Energy|Industry|Non-Ferrous Metals|Aluminum|Liquids,EJ/yr,2040,absent row,zero
baseline_medce_eu,CHL,Final Energy|Industry|Non-Ferrous Metals|Aluminum|Liquids,EJ/yr,2050,absent row,zero
baseline_medce_eu,CHN,Final Energy|Industry|Non-Ferrous Metals|Aluminum|Liquids,EJ/yr,2050,blank cell,zero
baseline_medce_eu,ENE,Final Energy|Industry|Non-Ferrous Metals|Aluminum|Liquids,EJ/yr,2019,absent row,zero
baseline_medce_eu,ENE,Final Energy|Industry|Non-Ferrous Metals|Aluminum|Liquids,EJ/yr,2024,absent row,zero
baseline_medce_eu,ENE,Final Energy|Industry|Non-Ferrous Metals|Aluminum|Liquids,EJ/yr,2030,absent row,zero
baseline_medce_eu,ENE,Final Energy|Industry|Non-Ferrous Metals|Aluminum|Liquids,EJ/yr,2035,absent row,zero
baseline_medce_eu,ENE,Final Energy|Industry|Non-Ferrous Metals|Aluminum|Liquids,EJ/yr,2040,absent row,zero
baseline_medce_eu,ENE,Final Energy|Industry|Non-Ferrous Metals|Aluminum|Liquids,EJ/yr,2050,absent row,zero
baseline_medce_eu,ENW,Final Energy|Industry|Non-Ferrous Metals|Aluminum|Liquids,EJ/yr,2019,absent row,zero
baseline_medce_eu,ENW,Final Energy|Industry|Non-Ferrous Metals|Aluminum|Liquids,EJ/yr,2024,absent row,zero
baseline_medce_eu,ENW,Final Energy|Industry|Non-Ferrous Metals|Aluminum|Liquids,EJ/yr,2030,absent row,zero
baseline_medce_eu,ENW,Final Energy|Industry|Non-Ferrous Metals|Aluminum|Liquids,EJ/yr,2035,absent row,zero
baseline_medce_eu,ENW,Final Energy|Industry|Non-Ferrous Metals|Aluminum|Liquids,EJ/yr,2040,absent row,zero
baseline_medce_eu,ENW,Final Energy|Industry|Non-Ferrous Metals|Aluminum|Liquids,EJ/yr,2050,absent row,zero
baseline_medce_eu,EUE,Final Energy|Industry|Non-Ferrous Metals|Aluminum|Liquids,EJ/yr,2019,absent row,zero
baseline_medce_eu,EUE,Final Energy|Industry|Non-Ferrous Metals|Aluminum|Liquids,EJ/yr,2024,absent row,zero
baseline_medce_eu,EUE,Final Energy|Industry|Non-Ferrous Metals|Aluminum|Liquids,EJ/yr,2030,absent row,zero
baseline_medce_eu,EUE,Final Energy|Industry|Non-Ferrous Metals|Aluminum|Liquids,EJ/yr,2035,absent row,zero
baseline_medce_eu,EUE,Final Energy|Industry|Non-Ferrous Metals|Aluminum|Liquids,EJ/yr,2040,absent row,zero
baseline_medce_eu,EUE,Final Energy|Industry|Non-Ferrous Metals|Aluminum|Liquids,EJ/yr,2050,absent row,zero
baseline_medce_eu,EUM,Final Energy|Industry|Non-Ferrous Metals|Aluminum|Liquids,EJ/yr,2019,absent row,zero
baseline_medce_eu,EUM,Final Energy|Industry|Non-Ferrous Metals|Aluminum|Liquids,EJ/yr,2024,absent row,zero
baseline_medce_eu,EUM,Final Energy|Industry|Non-Ferrous Metals|Aluminum|Liquids,EJ/yr,2030,absent row,zero
baseline_medce_eu,EUM,Final Energy|Industry|Non-Ferrous Metals|Aluminum|Liquids,EJ/yr,2035,absent row,zero
baseline_medce_eu,EUM,Final Energy|Industry|Non-Ferrous Metals|Aluminum|Liquids,EJ/yr,2040,absent row,zero
baseline_medce_eu,EUM,Final Energy|Industry|Non-Ferrous Metals|Aluminum|Liquids,EJ/yr,2050,absent row,zero
baseline_medce_eu,EUW,Final Energy|Industry|Non-Ferrous Metals|Aluminum|Liquids,EJ/yr,2019,absent row,zero
baseline_medce_eu,EUW,Final Energy|Industry|Non-Ferrous Metals|Aluminum|Liquids,EJ/yr,2024,absent row,zero
baseline_medce_eu,EUW,Final Energy|Industry|Non-Ferrous Metals|Aluminum|Liquids,EJ/yr,2030,absent row,zero
baseline_medce_eu,EUW,Final Energy|Industry|Non-Ferrous Metals|Aluminum|Liquids,EJ/yr,2035,absent row,zero
baseline_medce_eu,EUW,Final Energy|Industry|Non-Ferrous Metals|Aluminum|Liquids,EJ/yr,2040,absent row,zero
baseline_medce_eu,EUW,Final Energy|Industry|Non-Ferrous Metals|Aluminum|Liquids,EJ/yr,2050,absent row,zero
baseline_medce_eu,IDN,Final Energy|Industry|Non-Ferrous Metals|Aluminum|Liquids,EJ/yr,2050,blank cell,zero
baseline_medce_eu,IND,Final Energy|Industry|Non-Ferrous Metals|Aluminum|Liquids,EJ/yr,2050,blank cell,zero
baseline_medce_eu,JPN,Final Energy|Industry|Non-Ferrous Metals|Aluminum|Liquids,EJ/yr,2019,absent row,zero
baseline_medce_eu,JPN,Final Energy|Industry|Non-Ferrous Metals|Aluminum|Liquids,EJ/yr,2024,absent row,zero
baseline_medce_eu,JPN,Final Energy|Industry|Non-Ferrous Metals|Aluminum|Liquids,EJ/yr,2030,absent row,zero
baseline_medce_eu,JPN,Final Energy|Industry|Non-Ferrous Metals|Aluminum|Liquids,EJ/yr,2035,absent row,zero
baseline_medce_eu,JPN,Final Energy|Industry|Non-Ferrous Metals|Aluminum|Liquids,EJ/yr,2040,absent row,zero
baseline_medce_eu,JPN,Final Energy|Industry|Non-Ferrous Metals|Aluminum|Liquids,EJ/yr,2050,absent row,zero
baseline_medce_eu,LAM,Final Energy|Industry|Non-Ferrous Metals|Aluminum|Liquids,EJ/yr,2050,blank cell,zero
baseline_medce_eu,MDA,Final Energy|Industry|Non-Ferrous Metals|Aluminum|Liquids,EJ/yr,2050,blank cell,zero
baseline_medce_eu,MEA,Final Energy|Industry|Non-Ferrous Metals|Aluminum|Liquids,EJ/yr,2019,absent row,zero
baseline_medce_eu,MEA,Final Energy|Industry|Non-Ferrous Metals|Aluminum|Liquids,EJ/yr,2024,absent row,zero
baseline_medce_eu,MEA,Final Energy|Industry|Non-Ferrous Metals|Aluminum|Liquids,EJ/yr,2030,absent row,zero
baseline_medce_eu,MEA,Final Energy|Industry|Non-Ferrous Metals|Aluminum|Liquids,EJ/yr,2035,absent row,zero
baseline_medce_eu,MEA,Final Energy|Industry|Non-Ferrous Metals|Aluminum|Liquids,EJ/yr,2040,absent row,zero
baseline_medce_eu,MEA,Final Energy|Industry|Non-Ferrous Metals|Aluminum|Liquids,EJ/yr,2050,absent row,zero
baseline_medce_eu,MEX,Final Energy|Industry|Non-Ferrous Metals|Aluminum|Liquids,EJ/yr,2019,absent row,zero
baseline_medce_eu,MEX,Final Energy|Industry|Non-Ferrous Metals|Aluminum|Liquids,EJ/yr,2024,absent row,zero
baseline_medce_eu,MEX,Final Energy|Industry|Non-Ferrous Metals|Aluminum|Liquids,EJ/yr,2030,absent row,zero
baseline_medce_eu,MEX,Final Energy|Industry|Non-Ferrous Metals|Aluminum|Liquids,EJ/yr,2035,absent row,zero
baseline_medce_eu,MEX,Final Energy|Industry|Non-Ferrous Metals|Aluminum|Liquids,EJ/yr,2040,absent row,zero
baseline_medce_eu,MEX,Final Energy|Industry|Non-Ferrous Metals|Aluminum|Liquids,EJ/yr,2050,absent row,zero
baseline_medce_eu,NIG,Final Energy|Industry|Non-Ferrous Metals|Aluminum|Liquids,EJ/yr,2019,absent row,zero
baseline_medce_eu,NIG,Final Energy|Industry|Non-Ferrous Metals|Aluminum|Liquids,EJ/yr,2024,absent row,zero
baseline_medce_eu,NIG,Final Energy|Industry|Non-Ferrous Metals|Aluminum|Liquids,EJ/yr,2030,absent row,zero
baseline_medce_eu,NIG,Final Energy|Industry|Non-Ferrous Metals|Aluminum|Liquids,EJ/yr,2035,absent row,zero
baseline_medce_eu,NIG,Final Energy|Industry|Non-Ferrous Metals|Aluminum|Liquids,EJ/yr,2040,absent row,zero
baseline_medce_eu,NIG,Final Energy|Industry|Non-Ferrous Metals|Aluminum|Liquids,EJ/yr,2050,absent row,zero
baseline_medce_eu,RUS,Final Energy|Industry|Non-Ferrous Metals|Aluminum|Liquids,EJ/yr,2019,absent row,zero
baseline_medce_eu,RUS,Final Energy|Industry|Non-Ferrous Metals|Aluminum|Liquids,EJ/yr,2024,absent row,zero
baseline_medce_eu,RUS,Final Energy|Industry|Non-Ferrous Metals|Aluminum|Liquids,EJ/yr,2030,absent row,zero
baseline_medce_eu,RUS,Final Energy|Industry|Non-Ferrous Metals|Aluminum|Liquids,EJ/yr,2035,absent row,zero
baseline_medce_eu,RUS,Final Energy|Industry|Non-Ferrous Metals|Aluminum|Liquids,EJ/yr,2040,absent row,zero
baseline_medce_eu,RUS,Final Energy|Industry|Non-Ferrous Metals|Aluminum|Liquids,EJ/yr,2050,absent row,zero
baseline_medce_eu,SKT,Final Energy|Industry|Non-Ferrous Metals|Aluminum|Liquids,EJ/yr,2019,absent row,zero
baseline_medce_eu,SKT,Final Energy|Industry|Non-Ferrous Metals|Aluminum|Liquids,EJ/yr,2024,absent row,zero
baseline_medce_eu,SKT,Final Energy|Industry|Non-Ferrous Metals|Aluminum|Liquids,EJ/yr,2030,absent row,zero
baseline_medce_eu,SKT,Final Energy|Industry|Non-Ferrous Metals|Aluminum|Liquids,EJ/yr,2035,absent row,zero
baseline_medce_eu,SKT,Final Energy|Industry|Non-Ferrous Metals|Aluminum|Liquids,EJ/yr,2040,absent row,zero
baseline_medce_eu,SKT,Final Energy|Industry|Non-Ferrous Metals|Aluminum|Liquids,EJ/yr,2050,absent row,zero
baseline_medce_eu,USA,Final Energy|Industry|Non-Ferrous Metals|Aluminum|Liquids,EJ/yr,2019,absent row,zero
baseline_medce_eu,USA,Final Energy|Industry|Non-Ferrous Metals|Aluminum|Liquids,EJ/yr,2024,absent row,zero
baseline_medce_eu,USA,Final Energy|Industry|Non-Ferrous Metals|Aluminum|Liquids,EJ/yr,2030,absent row,zero
baseline_medce_eu,USA,Final Energy|Industry|Non-Ferrous Metals|Aluminum|Liquids,EJ/yr,2035,absent row,zero
baseline_medce_eu,USA,Final Energy|Industry|Non-Ferrous Metals|Aluminum|Liquids,EJ/yr,2040,absent row,zero
baseline_medce_eu,USA,Final Energy|Industry|Non-Ferrous Metals|Aluminum|Liquids,EJ/yr,2050,absent row,zero
baseline_medce_eu,AFE,Final Energy|Industry|Non-Ferrous Metals|Aluminum|Solids,EJ/yr,2019,absent row,zero
baseline_medce_eu,AFE,Final Energy|Industry|Non-Ferrous Metals|Aluminum|Solids,EJ/yr,2024,absent row,zero
baseline_medce_eu,AFE,Final Energy|Industry|Non-Ferrous Metals|Aluminum|Solids,EJ/yr,2030,absent row,zero
baseline_medce_eu,AFE,Final Energy|Industry|Non-Ferrous Metals|Aluminum|Solids,EJ/yr,2035,absent row,zero
baseline_medce_eu,AFE,Final Energy|Industry|Non-Ferrous Metals|Aluminum|Solids,EJ/yr,2040,absent row,zero
baseline_medce_eu,AFE,Final Energy|Industry|Non-Ferrous Metals|Aluminum|Solids,EJ/yr,2050,absent row,zero
baseline_medce_eu,AFN,Final Energy|Industry|Non-Ferrous Metals|Aluminum|Solids,EJ/yr,2019,absent row,zero
baseline_medce_eu,AFN,Final Energy|Industry|Non-Ferrous Metals|Aluminum|Solids,EJ/yr,2024,absent row,zero
baseline_medce_eu,AFN,Final Energy|Industry|Non-Ferrous Metals|Aluminum|Solids,EJ/yr,2030,absent row,zero
baseline_medce_eu,AFN,Final Energy|Industry|Non-Ferrous Metals|Aluminum|Solids,EJ/yr,2035,absent row,zero
baseline_medce_eu,AFN,Final Energy|Industry|Non-Ferrous Metals|Aluminum|Solids,EJ/yr,2040,absent row,zero
baseline_medce_eu,AFN,Final Energy|Industry|Non-Ferrous Metals|Aluminum|Solids,EJ/yr,2050,absent row,zero
baseline_medce_eu,AFW,Final Energy|Industry|Non-Ferrous Metals|Aluminum|Solids,EJ/yr,2050,blank cell,zero
baseline_medce_eu,AFZ,Final Energy|Industry|Non-Ferrous Metals|Aluminum|Solids,EJ/yr,2050,blank cell,zero
baseline_medce_eu,ANZ,Final Energy|Industry|Non-Ferrous Metals|Aluminum|Solids,EJ/yr,2040,blank cell,zero
baseline_medce_eu,ANZ,Final Energy|Industry|Non-Ferrous Metals|Aluminum|Solids,EJ/yr,2050,blank cell,zero
baseline_medce_eu,ASC,Final Energy|Industry|Non-Ferrous Metals|Aluminum|Solids,EJ/yr,2050,blank cell,zero
baseline_medce_eu,ASE,Final Energy|Industry|Non-Ferrous Metals|Aluminum|Solids,EJ/yr,2040,blank cell,zero
baseline_medce_eu,ASE,Final Energy|Industry|Non-Ferrous Metals|Aluminum|Solids,EJ/yr,2050,blank cell,zero
baseline_medce_eu,ASO,Final Energy|Industry|Non-Ferrous Metals|Aluminum|Solids,EJ/yr,2019,absent row,zero
baseline_medce_eu,ASO,Final Energy|Industry|Non-Ferrous Metals|Aluminum|Solids,EJ/yr,2024,absent row,zero
baseline_medce_eu,ASO,Final Energy|Industry|Non-Ferrous Metals|Aluminum|Solids,EJ/yr,2030,absent row,zero
baseline_medce_eu,ASO,Final Energy|Industry|Non-Ferrous Metals|Aluminum|Solids,EJ/yr,2035,absent row,zero
baseline_medce_eu,ASO,Final Energy|Industry|Non-Ferrous Metals|Aluminum|Solids,EJ/yr,2040,absent row,zero
baseline_medce_eu,ASO,Final Energy|Industry|Non-Ferrous Metals|Aluminum|Solids,EJ/yr,2050,absent row,zero
baseline_medce_eu,BRA,Final Energy|Industry|Non-Ferrous Metals|Aluminum|Solids,EJ/yr,2040,blank cell,zero
baseline_medce_eu,BRA,Final Energy|Industry|Non-Ferrous Metals|Aluminum|Solids,EJ/yr,2050,blank cell,zero
baseline_medce_eu,CAN,Final Energy|Industry|Non-Ferrous Metals|Aluminum|Solids,EJ/yr,2019,absent row,zero
baseline_medce_eu,CAN,Final Energy|Industry|Non-Ferrous Metals|Aluminum|Solids,EJ/yr,2024,absent row,zero
baseline_medce_eu,CAN,Final Energy|Industry|Non-Ferrous Metals|Aluminum|Solids,EJ/yr,2030,absent row,zero
baseline_medce_eu,CAN,Final Energy|Industry|Non-Ferrous Metals|Aluminum|Solids,EJ/yr,2035,absent row,zero
baseline_medce_eu,CAN,Final Energy|Industry|Non-Ferrous Metals|Aluminum|Solids,EJ/yr,2040,absent row,zero
baseline_medce_eu,CAN,Final Energy|Industry|Non-Ferrous Metals|Aluminum|Solids,EJ/yr,2050,absent row,zero
baseline_medce_eu,CHL,Final Energy|Industry|Non-Ferrous Metals|Aluminum|Solids,EJ/yr,2019,absent row,zero
baseline_medce_eu,CHL,Final Energy|Industry|Non-Ferrous Metals|Aluminum|Solids,EJ/yr,2024,absent row,zero
baseline_medce_eu,CHL,Final Energy|Industry|Non-Ferrous Metals|Aluminum|Solids,EJ/yr,2030,absent row,zero
baseline_medce_eu,CHL,Final Energy|Industry|Non-Ferrous Metals|Aluminum|Solids,EJ/yr,2035,absent row,zero
baseline_medce_eu,CHL,Final Energy|Industry|Non-Ferrous Metals|Aluminum|Solids,EJ/yr,2040,absent row,zero
baseline_medce_eu,CHL,Final Energy|Industry|Non-Ferrous Metals|Aluminum|Solids,EJ/yr,2050,absent row,zero
baseline_medce_eu,CHN,Final Energy|Industry|Non-Ferrous Metals|Aluminum|Solids,EJ/yr,2050,blank cell,zero
baseline_medce_eu,ENE,Final Energy|Industry|Non-Ferrous Metals|Aluminum|Solids,EJ/yr,2019,absent row,zero
baseline_medce_eu,ENE,Final Energy|Industry|Non-Ferrous Metals|Aluminum|Solids,EJ/yr,2024,absent row,zero
baseline_medce_eu,ENE,Final Energy|Industry|Non-Ferrous Metals|Aluminum|Solids,EJ/yr,2030,absent row,zero
baseline_medce_eu,ENE,Final Energy|Industry|Non-Ferrous Metals|Aluminum|Solids,EJ/yr,2035,absent row,zero
baseline_medce_eu,ENE,Final Energy|Industry|Non-Ferrous Metals|Aluminum|Solids,EJ/yr,2040,absent row,zero
baseline_medce_eu,ENE,Final Energy|Industry|Non-Ferrous Metals|Aluminum|Solids,EJ/yr,2050,absent row,zero
baseline_medce_eu,ENW,Final Energy|Industry|Non-Ferrous Metals|Aluminum|Solids,EJ/yr,2019,absent row,zero
baseline_medce_eu,ENW,Final Energy|Industry|Non-Ferrous Metals|Aluminum|Solids,EJ/yr,2024,absent row,zero
baseline_medce_eu,ENW,Final Energy|Industry|Non-Ferrous Metals|Aluminum|Solids,EJ/yr,2030,absent row,zero
baseline_medce_eu,ENW,Final Energy|Industry|Non-Ferrous Metals|Aluminum|Solids,EJ/yr,2035,absent row,zero
baseline_medce_eu,ENW,Final Energy|Industry|Non-Ferrous Metals|Aluminum|Solids,EJ/yr,2040,absent row,zero
baseline_medce_eu,ENW,Final Energy|Industry|Non-Ferrous Metals|Aluminum|Solids,EJ/yr,2050,absent row,zero
baseline_medce_eu,EUE,Final Energy|Industry|Non-Ferrous Metals|Aluminum|Solids,EJ/yr,2019,absent row,zero
baseline_medce_eu,EUE,Final Energy|Industry|Non-Ferrous Metals|Aluminum|Solids,EJ/yr,2024,absent row,zero
baseline_medce_eu,EUE,Final Energy|Industry|Non-Ferrous Metals|Aluminum|Solids,EJ/yr,2030,absent row,zero
baseline_medce_eu,EUE,Final Energy|Industry|Non-Ferrous Metals|Aluminum|Solids,EJ/yr,2035,absent row,zero
baseline_medce_eu,EUE,Final Energy|Industry|Non-Ferrous Metals|Aluminum|Solids,EJ/yr,2040,absent row,zero
baseline_medce_eu,EUE,Final Energy|Industry|Non-Ferrous Metals|Aluminum|Solids,EJ/yr,2050,absent row,zero
baseline_medce_eu,EUM,Final Energy|Industry|Non-Ferrous Metals|Aluminum|Solids,EJ/yr,2019,absent row,zero
baseline_medce_eu,EUM,Final Energy|Industry|Non-Ferrous Metals|Aluminum|Solids,EJ/yr,2024,absent row,zero
baseline_medce_eu,EUM,Final Energy|Industry|Non-Ferrous Metals|Aluminum|Solids,EJ/yr,2030,absent row,zero
baseline_medce_eu,EUM,Final Energy|Industry|Non-Ferrous Metals|Aluminum|Solids,EJ/yr,2035,absent row,zero
baseline_medce_eu,EUM,Final Energy|Industry|Non-Ferrous Metals|Aluminum|Solids,EJ/yr,2040,absent row,zero
baseline_medce_eu,EUM,Final Energy|Industry|Non-Ferrous Metals|Aluminum|Solids,EJ/yr,2050,absent row,zero
baseline_medce_eu,EUW,Final Energy|Industry|Non-Ferrous Metals|Aluminum|Solids,EJ/yr,2019,absent row,zero
baseline_medce_eu,EUW,Final Energy|Industry|Non-Ferrous Metals|Aluminum|Solids,EJ/yr,2024,absent row,zero
baseline_medce_eu,EUW,Final Energy|Industry|Non-Ferrous Metals|Aluminum|Solids,EJ/yr,2030,absent row,zero
baseline_medce_eu,EUW,Final Energy|Industry|Non-Ferrous Metals|Aluminum|Solids,EJ/yr,2035,absent row,zero
baseline_medce_eu,EUW,Final Energy|Industry|Non-Ferrous Metals|Aluminum|Solids,EJ/yr,2040,absent row,zero
baseline_medce_eu,EUW,Final Energy|Industry|Non-Ferrous Metals|Aluminum|Solids,EJ/yr,2050,absent row,zero
baseline_medce_eu,IDN,Final Energy|Industry|Non-Ferrous Metals|Aluminum|Solids,EJ/yr,2050,blank cell,zero
baseline_medce_eu,IND,Final Energy|Industry|Non-Ferrous Metals|Aluminum|Solids,EJ/yr,2050,blank cell,zero
baseline_medce_eu,JPN,Final Energy|Industry|Non-Ferrous Metals|Aluminum|Solids,EJ/yr,2019,absent row,zero
baseline_medce_eu,JPN,Final Energy|Industry|Non-Ferrous Metals|Aluminum|Solids,EJ/yr,2024,absent row,zero
baseline_medce_eu,JPN,Final Energy|Industry|Non-Ferrous Metals|Aluminum|Solids,EJ/yr,2030,absent row,zero
baseline_medce_eu,JPN,Final Energy|Industry|Non-Ferrous Metals|Aluminum|Solids,EJ/yr,2035,absent row,zero
baseline_medce_eu,JPN,Final Energy|Industry|Non-Ferrous Metals|Aluminum|Solids,EJ/yr,2040,absent row,zero
baseline_medce_eu,JPN,Final Energy|Industry|Non-Ferrous Metals|Aluminum|Solids,EJ/yr,2050,absent row,zero
baseline_medce_eu,LAM,Final Energy|Industry|Non-Ferrous Metals|Aluminum|Solids,EJ/yr,2050,blank cell,zero
baseline_medce_eu,MDA,Final Energy|Industry|Non-Ferrous Metals|Aluminum|Solids,EJ/yr,2050,blank cell,zero
baseline_medce_eu,MEA,Final Energy|Industry|Non-Ferrous Metals|Aluminum|Solids,EJ/yr,2019,absent row,zero
baseline_medce_eu,MEA,Final Energy|Industry|Non-Ferrous Metals|Aluminum|Solids,EJ/yr,2024,absent row,zero
baseline_medce_eu,MEA,Final Energy|Industry|Non-Ferrous Metals|Aluminum|Solids,EJ/yr,2030,absent row,zero
baseline_medce_eu,MEA,Final Energy|Industry|Non-Ferrous Metals|Aluminum|Solids,EJ/yr,2035,absent row,zero
baseline_medce_eu,MEA,Final Energy|Industry|Non-Ferrous Metals|Aluminum|Solids,EJ/yr,2040,absent row,zero
baseline_medce_eu,MEA,Final Energy|Industry|Non-Ferrous Metals|Aluminum|Solids,EJ/yr,2050,absent row,zero
baseline_medce_eu,MEX,Final Energy|Industry|Non-Ferrous Metals|Aluminum|Solids,EJ/yr,2019,absent row,zero
baseline_medce_eu,MEX,Final Energy|Industry|Non-Ferrous Metals|Aluminum|Solids,EJ/yr,2024,absent row,zero
baseline_medce_eu,MEX,Final Energy|Industry|Non-Ferrous Metals|Aluminum|Solids,EJ/yr,2030,absent row,zero
baseline_medce_eu,MEX,Final Energy|Industry|Non-Ferrous Metals|Aluminum|Solids,EJ/yr,2035,absent row,zero
baseline_medce_eu,MEX,Final Energy|Industry|Non-Ferrous Metals|Aluminum|Solids,EJ/yr,2040,absent row,zero
baseline_medce_eu,MEX,Final Energy|Industry|Non-Ferrous Metals|Aluminum|Solids,EJ/yr,2050,absent row,zero
baseline_medce_eu,NIG,Final Energy|Industry|Non-Ferrous Metals|Aluminum|Solids,EJ/yr,2019,absent row,zero
baseline_medce_eu,NIG,Final Energy|Industry|Non-Ferrous Metals|Aluminum|Solids,EJ/yr,2024,absent row,zero
baseline_medce_eu,NIG,Final Energy|Industry|Non-Ferrous Metals|Aluminum|Solids,EJ/yr,2030,absent row,zero
baseline_medce_eu,NIG,Final Energy|Industry|Non-Ferrous Metals|Aluminum|Solids,EJ/yr,2035,absent row,zero
baseline_medce_eu,NIG,Final Energy|Industry|Non-Ferrous Metals|Aluminum|Solids,EJ/yr,2040,absent row,zero
baseline_medce_eu,NIG,Final Energy|Industry|Non-Ferrous Metals|Aluminum|Solids,EJ/yr,2050,absent row,zero
baseline_medce_eu,RUS,Final Energy|Industry|Non-Ferrous Metals|Aluminum|Solids,EJ/yr,2019,absent row,zero
baseline_medce_eu,RUS,Final Energy|Industry|Non-Ferrous Metals|Aluminum|Solids,EJ/yr,2024,absent row,zero
baseline_medce_eu,RUS,Final Energy|Industry|Non-Ferrous Metals|Aluminum|Solids,EJ/yr,2030,absent row,zero
baseline_medce_eu,RUS,Final Energy|Industry|Non-Ferrous Metals|Aluminum|Solids,EJ/yr,2035,absent row,zero
baseline_medce_eu,RUS,Final Energy|Industry|Non-Ferrous Metals|Aluminum|Solids,EJ/yr,2040,absent row,zero
baseline_medce_eu,RUS,Final Energy|Industry|Non-Ferrous Metals|Aluminum|Solids,EJ/yr,2050,absent row,zero
baseline_medce_eu,SKT,Final Energy|Industry|Non-Ferrous Metals|Aluminum|Solids,EJ/yr,2019,absent row,zero
baseline_medce_eu,SKT,Final Energy|Industry|Non-Ferrous Metals|Aluminum|Solids,EJ/yr,2024,absent row,zero
baseline_medce_eu,SKT,Final Energy|Industry|Non-Ferrous Metals|Aluminum|Solids,EJ/yr,2030,absent row,zero
baseline_medce_eu,SKT,Final Energy|Industry|Non-Ferrous Metals|Aluminum|Solids,EJ/yr,2035,absent row,zero
baseline_medce_eu,SKT,Final Energy|Industry|Non-Ferrous Metals|Aluminum|Solids,EJ/yr,2040,absent row,zero
baseline_medce_eu,SKT,Final Energy|Industry|Non-Ferrous Metals|Aluminum|Solids,EJ/yr,2050,absent row,zero
baseline_medce_eu,USA,Final Energy|Industry|Non-Ferrous Metals|Aluminum|Solids,EJ/yr,2019,absent row,zero
baseline_medce_eu,USA,Final Energy|Industry|Non-Ferrous Metals|Aluminum|Solids,EJ/yr,2024,absent row,zero
baseline_medce_eu,USA,Final Energy|Industry|Non-Ferrous Metals|Aluminum|Solids,EJ/yr,2030,absent row,zero
baseline_medce_eu,USA,Final Energy|Industry|Non-Ferrous Metals|Aluminum|Solids,EJ/yr,2035,absent row,zero
baseline_medce_eu,USA,Final Energy|Industry|Non-Ferrous Metals|Aluminum|Solids,EJ/yr,2040,absent row,zero
baseline_medce_eu,USA,Final Energy|Industry|Non-Ferrous Metals|Aluminum|Solids,EJ/yr,2050,absent row,zero
baseline_medce_eu,CAN,Emissions|GHG|Industry|Iron and Steel,MtCO2e/yr,2050,blank cell,zero
baseline_medce_eu,USA,Emissions|GHG|Industry|Iron and Steel,MtCO2e/yr,2050,blank cell,zero
baseline_medce_eu,AFE,Emissions|GHG|Industry|Non-Ferrous Metals|Aluminum,MtCO2e/yr,2019,absent row,zero
baseline_medce_eu,AFE,Emissions|GHG|Industry|Non-Ferrous Metals|Aluminum,MtCO2e/yr,2024,absent row,zero
baseline_medce_eu,AFE,Emissions|GHG|Industry|Non-Ferrous Metals|Aluminum,MtCO2e/yr,2030,absent row,zero
baseline_medce_eu,AFE,Emissions|GHG|Industry|Non-Ferrous Metals|Aluminum,MtCO2e/yr,2035,absent row,zero
baseline_medce_eu,AFE,Emissions|GHG|Industry|Non-Ferrous Metals|Aluminum,MtCO2e/yr,2040,absent row,zero
baseline_medce_eu,AFE,Emissions|GHG|Industry|Non-Ferrous Metals|Aluminum,MtCO2e/yr,2050,absent row,zero
baseline_medce_eu,ANZ,Emissions|GHG|Industry|Non-Ferrous Metals|Aluminum,MtCO2e/yr,2040,blank cell,zero
baseline_medce_eu,ANZ,Emissions|GHG|Industry|Non-Ferrous Metals|Aluminum,MtCO2e/yr,2050,blank cell,zero
baseline_medce_eu,ASO,Emissions|GHG|Industry|Non-Ferrous Metals|Aluminum,MtCO2e/yr,2019,absent row,zero
baseline_medce_eu,ASO,Emissions|GHG|Industry|Non-Ferrous Metals|Aluminum,MtCO2e/yr,2024,absent row,zero
baseline_medce_eu,ASO,Emissions|GHG|Industry|Non-Ferrous Metals|Aluminum,MtCO2e/yr,2030,absent row,zero
baseline_medce_eu,ASO,Emissions|GHG|Industry|Non-Ferrous Metals|Aluminum,MtCO2e/yr,2035,absent row,zero
baseline_medce_eu,ASO,Emissions|GHG|Industry|Non-Ferrous Metals|Aluminum,MtCO2e/yr,2040,absent row,zero
baseline_medce_eu,ASO,Emissions|GHG|Industry|Non-Ferrous Metals|Aluminum,MtCO2e/yr,2050,absent row,zero
baseline_medce_eu,BRA,Emissions|GHG|Industry|Non-Ferrous Metals|Aluminum,MtCO2e/yr,2050,blank cell,zero
baseline_medce_eu,CAN,Emissions|GHG|Industry|Non-Ferrous Metals|Aluminum,MtCO2e/yr,2050,blank cell,zero
baseline_medce_eu,CHL,Emissions|GHG|Industry|Non-Ferrous Metals|Aluminum,MtCO2e/yr,2019,absent row,zero
baseline_medce_eu,CHL,Emissions|GHG|Industry|Non-Ferrous Metals|Aluminum,MtCO2e/yr,2024,absent row,zero
baseline_medce_eu,CHL,Emissions|GHG|Industry|Non-Ferrous Metals|Aluminum,MtCO2e/yr,2030,absent row,zero
baseline_medce_eu,CHL,Emissions|GHG|Industry|Non-Ferrous Metals|Aluminum,MtCO2e/yr,2035,absent row,zero
baseline_medce_eu,CHL,Emissions|GHG|Industry|Non-Ferrous Metals|Aluminum,MtCO2e/yr,2040,absent row,zero
baseline_medce_eu,CHL,Emissions|GHG|Industry|Non-Ferrous Metals|Aluminum,MtCO2e/yr,2050,absent row,zero
baseline_medce_eu,ENW,Emissions|GHG|Industry|Non-Ferrous Metals|Aluminum,MtCO2e/yr,2040,blank cell,zero
baseline_medce_eu,ENW,Emissions|GHG|Industry|Non-Ferrous Metals|Aluminum,MtCO2e/yr,2050,blank cell,zero
baseline_medce_eu,EUE,Emissions|GHG|Industry|Non-Ferrous Metals|Aluminum,MtCO2e/yr,2050,blank cell,zero
baseline_medce_eu,EUM,Emissions|GHG|Industry|Non-Ferrous Metals|Aluminum,MtCO2e/yr,2040,blank cell,zero
baseline_medce_eu,EUM,Emissions|GHG|Industry|Non-Ferrous Metals|Aluminum,MtCO2e/yr,2050,blank cell,zero
baseline_medce_eu,EUW,Emissions|GHG|Industry|Non-Ferrous Metals|Aluminum,MtCO2e/yr,2050,blank cell,zero
baseline_medce_eu,JPN,Emissions|GHG|Industry|Non-Ferrous Metals|Aluminum,MtCO2e/yr,2050,blank cell,zero
baseline_medce_eu,MDA,Emissions|GHG|Industry|Non-Ferrous Metals|Aluminum,MtCO2e/yr,2050,blank cell,zero
baseline_medce_eu,NIG,Emissions|GHG|Industry|Non-Ferrous Metals|Aluminum,MtCO2e/yr,2019,absent row,zero
baseline_medce_eu,NIG,Emissions|GHG|Industry|Non-Ferrous Metals|Aluminum,MtCO2e/yr,2024,absent row,zero
baseline_medce_eu,NIG,Emissions|GHG|Industry|Non-Ferrous Metals|Aluminum,MtCO2e/yr,2030,absent row,zero
baseline_medce_eu,NIG,Emissions|GHG|Industry|Non-Ferrous Metals|Aluminum,MtCO2e/yr,2035,absent row,zero
baseline_medce_eu,NIG,Emissions|GHG|Industry|Non-Ferrous Metals|Aluminum,MtCO2e/yr,2040,absent row,zero
baseline_medce_eu,NIG,Emissions|GHG|Industry|Non-Ferrous Metals|Aluminum,MtCO2e/yr,2050,absent row,zero
baseline_medce_eu,SKT,Emissions|GHG|Industry|Non-Ferrous Metals|Aluminum,MtCO2e/yr,2050,blank cell,zero
baseline_medce_eu,USA,Emissions|GHG|Industry|Non-Ferrous Metals|Aluminum,MtCO2e/yr,2050,blank cell,zero
baseline_highce_eu,ASO,Production|Iron and Steel|Primary,Mt/yr,2030,blank cell,zero
baseline_highce_eu,ASO,Production|Iron and Steel|Primary,Mt/yr,2040,blank cell,zero
baseline_highce_eu,NIG,Production|Iron and Steel|Primary,Mt/yr,2030,blank cell,zero
baseline_highce_eu,ANZ,Production|Iron and Steel|Secondary,Mt/yr,2050,blank cell,zero
baseline_highce_eu,CAN,Production|Iron and Steel|Secondary,Mt/yr,2050,blank cell,zero
baseline_highce_eu,ENW,Production|Iron and Steel|Secondary,Mt/yr,2050,blank cell,zero
baseline_highce_eu,EUE,Production|Iron and Steel|Secondary,Mt/yr,2050,blank cell,zero
baseline_highce_eu,EUM,Production|Iron and Steel|Secondary,Mt/yr,2050,blank cell,zero
baseline_highce_eu,EUW,Production|Iron and Steel|Secondary,Mt/yr,2050,blank cell,zero
baseline_highce_eu,SKT,Production|Iron and Steel|Secondary,Mt/yr,2050,blank cell,zero
baseline_highce_eu,USA,Production|Iron and Steel|Secondary,Mt/yr,2050,blank cell,zero
baseline_highce_eu,AFE,Production|Non-Ferrous Metals|Aluminum|Primary,Mt/yr,2019,absent row,zero
baseline_highce_eu,AFE,Production|Non-Ferrous Metals|Aluminum|Primary,Mt/yr,2024,absent row,zero
baseline_highce_eu,AFE,Production|Non-Ferrous Metals|Aluminum|Primary,Mt/yr,2030,absent row,zero
baseline_highce_eu,AFE,Production|Non-Ferrous Metals|Aluminum|Primary,Mt/yr,2035,absent row,zero
baseline_highce_eu,AFE,Production|Non-Ferrous Metals|Aluminum|Primary,Mt/yr,2040,absent row,zero
baseline_highce_eu,AFE,Production|Non-Ferrous Metals|Aluminum|Primary,Mt/yr,2050,absent row,zero
baseline_highce_eu,ASO,Production|Non-Ferrous Metals|Aluminum|Primary,Mt/yr,2019,absent row,zero
baseline_highce_eu,ASO,Production|Non-Ferrous Metals|Aluminum|Primary,Mt/yr,2024,absent row,zero
baseline_highce_eu,ASO,Production|Non-Ferrous Metals|Aluminum|Primary,Mt/yr,2030,absent row,zero
baseline_highce_eu,ASO,Production|Non-Ferrous Metals|Aluminum|Primary,Mt/yr,2035,absent row,zero
baseline_highce_eu,ASO,Production|Non-Ferrous Metals|Aluminum|Primary,Mt/yr,2040,absent row,zero
baseline_highce_eu,ASO,Production|Non-Ferrous Metals|Aluminum|Primary,Mt/yr,2050,absent row,zero
baseline_highce_eu,CHL,Production|Non-Ferrous Metals|Aluminum|Primary,Mt/yr,2019,absent row,zero
baseline_highce_eu,CHL,Production|Non-Ferrous Metals|Aluminum|Primary,Mt/yr,2024,absent row,zero
baseline_highce_eu,CHL,Production|Non-Ferrous Metals|Aluminum|Primary,Mt/yr,2030,absent row,zero
baseline_highce_eu,CHL,Production|Non-Ferrous Metals|Aluminum|Primary,Mt/yr,2035,absent row,zero
baseline_highce_eu,CHL,Production|Non-Ferrous Metals|Aluminum|Primary,Mt/yr,2040,absent row,zero
baseline_highce_eu,CHL,Production|Non-Ferrous Metals|Aluminum|Primary,Mt/yr,2050,absent row,zero
baseline_highce_eu,EUE,Production|Non-Ferrous Metals|Aluminum|Primary,Mt/yr,2040,blank cell,zero
baseline_highce_eu,JPN,Production|Non-Ferrous Metals|Aluminum|Primary,Mt/yr,2019,blank cell,zero
baseline_highce_eu,JPN,Production|Non-Ferrous Metals|Aluminum|Primary,Mt/yr,2030,blank cell,zero
baseline_highce_eu,JPN,Production|Non-Ferrous Metals|Aluminum|Primary,Mt/yr,2035,blank cell,zero
baseline_highce_eu,JPN,Production|Non-Ferrous Metals|Aluminum|Primary,Mt/yr,2040,blank cell,zero
baseline_highce_eu,JPN,Production|Non-Ferrous Metals|Aluminum|Primary,Mt/yr,2050,blank cell,zero
baseline_highce_eu,MEX,Production|Non-Ferrous Metals|Aluminum|Primary,Mt/yr,2019,blank cell,zero
baseline_highce_eu,MEX,Production|Non-Ferrous Metals|Aluminum|Primary,Mt/yr,2030,blank cell,zero
baseline_highce_eu,NIG,Production|Non-Ferrous Metals|Aluminum|Primary,Mt/yr,2019,absent row,zero
baseline_highce_eu,NIG,Production|Non-Ferrous Metals|Aluminum|Primary,Mt/yr,2024,absent row,zero
baseline_highce_eu,NIG,Production|Non-Ferrous Metals|Aluminum|Primary,Mt/yr,2030,absent row,zero
baseline_highce_eu,NIG,Production|Non-Ferrous Metals|Aluminum|Primary,Mt/yr,2035,absent row,zero
baseline_highce_eu,NIG,Production|Non-Ferrous Metals|Aluminum|Primary,Mt/yr,2040,absent row,zero
baseline_highce_eu,NIG,Production|Non-Ferrous Metals|Aluminum|Primary,Mt/yr,2050,absent row,zero
baseline_highce_eu,SKT,Production|Non-Ferrous Metals|Aluminum|Primary,Mt/yr,2019,blank cell,zero
baseline_highce_eu,SKT,Production|Non-Ferrous Metals|Aluminum|Primary,Mt/yr,2030,blank cell,zero
baseline_highce_eu,SKT,Production|Non-Ferrous Metals|Aluminum|Primary,Mt/yr,2035,blank cell,zero
baseline_highce_eu,SKT,Production|Non-Ferrous Metals|Aluminum|Primary,Mt/yr,2040,blank cell,zero
baseline_highce_eu,SKT,Production|Non-Ferrous Metals|Aluminum|Primary,Mt/yr,2050,blank cell,zero
baseline_highce_eu,AFE,Production|Non-Ferrous Metals|Aluminum|Secondary,Mt/yr,2019,absent row,zero
baseline_highce_eu,AFE,Production|Non-Ferrous Metals|Aluminum|Secondary,Mt/yr,2024,absent row,zero
baseline_highce_eu,AFE,Production|Non-Ferrous Metals|Aluminum|Secondary,Mt/yr,2030,absent row,zero
baseline_highce_eu,AFE,Production|Non-Ferrous Metals|Aluminum|Secondary,Mt/yr,2035,absent row,zero
baseline_highce_eu,AFE,Production|Non-Ferrous Metals|Aluminum|Secondary,Mt/yr,2040,absent row,zero
baseline_highce_eu,AFE,Production|Non-Ferrous Metals|Aluminum|Secondary,Mt/yr,2050,absent row,zero
baseline_highce_eu,AFN,Production|Non-Ferrous Metals|Aluminum|Secondary,Mt/yr,2050,blank cell,zero
baseline_highce_eu,ANZ,Production|Non-Ferrous Metals|Aluminum|Secondary,Mt/yr,2040,blank cell,zero
baseline_highce_eu,ANZ,Production|Non-Ferrous Metals|Aluminum|Secondary,Mt/yr,2050,blank cell,zero
baseline_highce_eu,ASO,Production|Non-Ferrous Metals|Aluminum|Secondary,Mt/yr,2019,absent row,zero
baseline_highce_eu,ASO,Production|Non-Ferrous Metals|Aluminum|Secondary,Mt/yr,2024,absent row,zero
baseline_highce_eu,ASO,Production|Non-Ferrous Metals|Aluminum|Secondary,Mt/yr,2030,absent row,zero
baseline_highce_eu,ASO,Production|Non-Ferrous Metals|Aluminum|Secondary,Mt/yr,2035,absent row,zero
baseline_highce_eu,ASO,Production|Non-Ferrous Metals|Aluminum|Secondary,Mt/yr,2040,absent row,zero
baseline_highce_eu,ASO,Production|Non-Ferrous Metals|Aluminum|Secondary,Mt/yr,2050,absent row,zero
baseline_highce_eu,BRA,Production|Non-Ferrous Metals|Aluminum|Secondary,Mt/yr,2050,blank cell,zero
baseline_highce_eu,CAN,Production|Non-Ferrous Metals|Aluminum|Secondary,Mt/yr,2035,blank cell,zero
baseline_highce_eu,CAN,Production|Non-Ferrous Metals|Aluminum|Secondary,Mt/yr,2050,blank cell,zero
baseline_highce_eu,CHL,Production|Non-Ferrous Metals|Aluminum|Secondary,Mt/yr,2019,absent row,zero
baseline_highce_eu,CHL,Production|Non-Ferrous Metals|Aluminum|Secondary,Mt/yr,2024,absent row,zero
baseline_highce_eu,CHL,Production|Non-Ferrous Metals|Aluminum|Secondary,Mt/yr,2030,absent row,zero
baseline_highce_eu,CHL,Production|Non-Ferrous Metals|Aluminum|Secondary,Mt/yr,2035,absent row,zero
baseline_highce_eu,CHL,Production|Non-Ferrous Metals|Aluminum|Secondary,Mt/yr,2040,absent row,zero
baseline_highce_eu,CHL,Production|Non-Ferrous Metals|Aluminum|Secondary,Mt/yr,2050,absent row,zero
baseline_highce_eu,ENW,Production|Non-Ferrous Metals|Aluminum|Secondary,Mt/yr,2050,blank cell,zero
baseline_highce_eu,LAM,Production|Non-Ferrous Metals|Aluminum|Secondary,Mt/yr,2050,blank cell,zero
baseline_highce_eu,MDA,Production|Non-Ferrous Metals|Aluminum|Secondary,Mt/yr,2050,blank cell,zero
baseline_highce_eu,NIG,Production|Non-Ferrous Metals|Aluminum|Secondary,Mt/yr,2019,absent row,zero
baseline_highce_eu,NIG,Production|Non-Ferrous Metals|Aluminum|Secondary,Mt/yr,2024,absent row,zero
baseline_highce_eu,NIG,Production|Non-Ferrous Metals|Aluminum|Secondary,Mt/yr,2030,absent row,zero
baseline_highce_eu,NIG,Production|Non-Ferrous Metals|Aluminum|Secondary,Mt/yr,2035,absent row,zero
baseline_highce_eu,NIG,Production|Non-Ferrous Metals|Aluminum|Secondary,Mt/yr,2040,absent row,zero
baseline_highce_eu,NIG,Production|Non-Ferrous Metals|Aluminum|Secondary,Mt/yr,2050,absent row,zero
baseline_highce_eu,RUS,Production|Non-Ferrous Metals|Aluminum|Secondary,Mt/yr,2050,blank cell,zero
baseline_highce_eu,USA,Production|Non-Ferrous Metals|Aluminum|Secondary,Mt/yr,2050,blank cell,zero
baseline_highce_eu,AFW,Final Energy|Industry|Non-Metallic Minerals|Cement|Gases,EJ/yr,2019,blank cell,zero
baseline_highce_eu,ASO,Final Energy|Industry|Non-Metallic Minerals|Cement|Gases,EJ/yr,2019,blank cell,zero
baseline_highce_eu,CHN,Final Energy|Industry|Non-Metallic Minerals|Cement|Gases,EJ/yr,2019,blank cell,zero
baseline_highce_eu,IND,Final Energy|Industry|Non-Metallic Minerals|Cement|Gases,EJ/yr,2019,blank cell,zero
baseline_highce_eu,MEA,Final Energy|Industry|Non-Metallic Minerals|Cement|Liquids,EJ/yr,2019,blank cell,zero
baseline_highce_eu,AFW,Final Energy|Industry|Iron and Steel|Gases,EJ/yr,2050,blank cell,zero
baseline_highce_eu,ASO,Final Energy|Industry|Iron and Steel|Gases,EJ/yr,2030,blank cell,zero
baseline_highce_eu,ASO,Final Energy|Industry|Iron and Steel|Gases,EJ/yr,2035,blank cell,zero
baseline_highce_eu,ASO,Final Energy|Industry|Iron and Steel|Gases,EJ/yr,2040,blank cell,zero
baseline_highce_eu,BRA,Final Energy|Industry|Iron and Steel|Gases,EJ/yr,2050,blank cell,zero
baseline_highce_eu,CAN,Final Energy|Industry|Iron and Steel|Gases,EJ/yr,2030,blank cell,zero
baseline_highce_eu,CAN,Final Energy|Industry|Iron and Steel|Gases,EJ/yr,2035,blank cell,zero
baseline_highce_eu,CAN,Final Energy|Industry|Iron and Steel|Gases,EJ/yr,2040,blank cell,zero
baseline_highce_eu,CAN,Final Energy|Industry|Iron and Steel|Gases,EJ/yr,2050,blank cell,zero
baseline_highce_eu,MEX,Final Energy|Industry|Iron and Steel|Gases,EJ/yr,2040,blank cell,zero
baseline_highce_eu,NIG,Final Energy|Industry|Iron and Steel|Gases,EJ/yr,2030,blank cell,zero
baseline_highce_eu,NIG,Final Energy|Industry|Iron and Steel|Gases,EJ/yr,2035,blank cell,zero
baseline_highce_eu,NIG,Final Energy|Industry|Iron and Steel|Gases,EJ/yr,2040,blank cell,zero
baseline_highce_eu,NIG,Final Energy|Industry|Iron and Steel|Gases,EJ/yr,2050,blank cell,zero
baseline_highce_eu,USA,Final Energy|Industry|Iron and Steel|Gases,EJ/yr,2050,blank cell,zero
baseline_highce_eu,AFE,Final Energy|Industry|Iron and Steel|Hydrogen,EJ/yr,2019,blank cell,zero
baseline_highce_eu,AFE,Final Energy|Industry|Iron and Steel|Hydrogen,EJ/yr,2024,blank cell,zero
baseline_highce_eu,AFN,Final Energy|Industry|Iron and Steel|Hydrogen,EJ/yr,2019,blank cell,zero
baseline_highce_eu,AFN,Final Energy|Industry|Iron and Steel|Hydrogen,EJ/yr,2024,blank cell,zero
baseline_highce_eu,AFN,Final Energy|Industry|Iron and Steel|Hydrogen,EJ/yr,2030,blank cell,zero
baseline_highce_eu,AFW,Final Energy|Industry|Iron and Steel|Hydrogen,EJ/yr,2019,blank cell,zero
baseline_highce_eu,AFW,Final Energy|Industry|Iron and Steel|Hydrogen,EJ/yr,2024,blank cell,zero
baseline_highce_eu,AFW,Final Energy|Industry|Iron and Steel|Hydrogen,EJ/yr,2030,blank cell,zero
baseline_highce_eu,AFZ,Final Energy|Industry|Iron and Steel|Hydrogen,EJ/yr,2019,blank cell,zero
baseline_highce_eu,AFZ,Final Energy|Industry|Iron and Steel|Hydrogen,EJ/yr,2024,blank cell,zero
baseline_highce_eu,AFZ,Final Energy|Industry|Iron and Steel|Hydrogen,EJ/yr,2030,blank cell,zero
baseline_highce_eu,ANZ,Final Energy|Industry|Iron and Steel|Hydrogen,EJ/yr,2019,absent row,zero
baseline_highce_eu,ANZ,Final Energy|Industry|Iron and Steel|Hydrogen,EJ/yr,2024,absent row,zero
baseline_highce_eu,ANZ,Final Energy|Industry|Iron and Steel|Hydrogen,EJ/yr,2030,absent row,zero
baseline_highce_eu,ANZ,Final Energy|Industry|Iron and Steel|Hydrogen,EJ/yr,2035,absent row,zero
baseline_highce_eu,ANZ,Final Energy|Industry|Iron and Steel|Hydrogen,EJ/yr,2040,absent row,zero
baseline_highce_eu,ANZ,Final Energy|Industry|Iron and Steel|Hydrogen,EJ/yr,2050,absent row,zero
baseline_highce_eu,ASC,Final Energy|Industry|Iron and Steel|Hydrogen,EJ/yr,2019,blank cell,zero
baseline_highce_eu,ASC,Final Energy|Industry|Iron and Steel|Hydrogen,EJ/yr,2024,blank cell,zero
baseline_highce_eu,ASE,Final Energy|Industry|Iron and Steel|Hydrogen,EJ/yr,2019,absent row,zero
baseline_highce_eu,ASE,Final Energy|Industry|Iron and Steel|Hydrogen,EJ/yr,2024,absent row,zero
baseline_highce_eu,ASE,Final Energy|Industry|Iron and Steel|Hydrogen,EJ/yr,2030,absent row,zero
baseline_highce_eu,ASE,Final Energy|Industry|Iron and Steel|Hydrogen,EJ/yr,2035,absent row,zero
baseline_highce_eu,ASE,Final Energy|Industry|Iron and Steel|Hydrogen,EJ/yr,2040,absent row,zero
baseline_highce_eu,ASE,Final Energy|Industry|Iron and Steel|Hydrogen,EJ/yr,2050,absent row,zero
baseline_highce_eu,ASO,Final Energy|Industry|Iron and Steel|Hydrogen,EJ/yr,2019,blank cell,zero
baseline_highce_eu,ASO,Final Energy|Industry|Iron and Steel|Hydrogen,EJ/yr,2024,blank cell,zero
baseline_highce_eu,ASO,Final Energy|Industry|Iron and Steel|Hydrogen,EJ/yr,2030,blank cell,zero
baseline_highce_eu,ASO,Final Energy|Industry|Iron and Steel|Hydrogen,EJ/yr,2035,blank cell,zero
baseline_highce_eu,ASO,Final Energy|Industry|Iron and Steel|Hydrogen,EJ/yr,2040,blank cell,zero
baseline_highce_eu,BRA,Final Energy|Industry|Iron and Steel|Hydrogen,EJ/yr,2019,blank cell,zero
baseline_highce_eu,BRA,Final Energy|Industry|Iron and Steel|Hydrogen,EJ/yr,2024,blank cell,zero
baseline_highce_eu,CAN,Final Energy|Industry|Iron and Steel|Hydrogen,EJ/yr,2019,blank cell,zero
baseline_highce_eu,CAN,Final Energy|Industry|Iron and Steel|Hydrogen,EJ/yr,2024,blank cell,zero
baseline_highce_eu,CAN,Final Energy|Industry|Iron and Steel|Hydrogen,EJ/yr,2040,blank cell,zero
baseline_highce_eu,CAN,Final Energy|Industry|Iron and Steel|Hydrogen,EJ/yr,2050,blank cell,zero
baseline_highce_eu,CHL,Final Energy|Industry|Iron and Steel|Hydrogen,EJ/yr,2019,blank cell,zero
baseline_highce_eu,CHL,Final Energy|Industry|Iron and Steel|Hydrogen,EJ/yr,2024,blank cell,zero
baseline_highce_eu,CHL,Final Energy|Industry|Iron and Steel|Hydrogen,EJ/yr,2030,blank cell,zero
baseline_highce_eu,CHL,Final Energy|Industry|Iron and Steel|Hydrogen,EJ/yr,2035,blank cell,zero
baseline_highce_eu,CHL,Final Energy|Industry|Iron and Steel|Hydrogen,EJ/yr,2050,blank cell,zero
baseline_highce_eu,CHN,Final Energy|Industry|Iron and Steel|Hydrogen,EJ/yr,2019,blank cell,zero
baseline_highce_eu,CHN,Final Energy|Industry|Iron and Steel|Hydrogen,EJ/yr,2024,blank cell,zero
baseline_highce_eu,CHN,Final Energy|Industry|Iron and Steel|Hydrogen,EJ/yr,2030,blank cell,zero
baseline_highce_eu,ENE,Final Energy|Industry|Iron and Steel|Hydrogen,EJ/yr,2019,blank cell,zero
baseline_highce_eu,ENE,Final Energy|Industry|Iron and Steel|Hydrogen,EJ/yr,2024,blank cell,zero
baseline_highce_eu,ENE,Final Energy|Industry|Iron and Steel|Hydrogen,EJ/yr,2030,blank cell,zero
baseline_highce_eu,ENW,Final Energy|Industry|Iron and Steel|Hydrogen,EJ/yr,2019,absent row,zero
baseline_highce_eu,ENW,Final Energy|Industry|Iron and Steel|Hydrogen,EJ/yr,2024,absent row,zero
baseline_highce_eu,ENW,Final Energy|Industry|Iron and Steel|Hydrogen,EJ/yr,2030,absent row,zero
baseline_highce_eu,ENW,Final Energy|Industry|Iron and Steel|Hydrogen,EJ/yr,2035,absent row,zero
baseline_highce_eu,ENW,Final Energy|Industry|Iron and Steel|Hydrogen,EJ/yr,2040,absent row,zero
baseline_highce_eu,ENW,Final Energy|Industry|Iron and Steel|Hydrogen,EJ/yr,2050,absent row,zero
baseline_highce_eu,EUE,Final Energy|Industry|Iron and Steel|Hydrogen,EJ/yr,2019,absent row,zero
baseline_highce_eu,EUE,Final Energy|Industry|Iron and Steel|Hydrogen,EJ/yr,2024,absent row,zero
baseline_highce_eu,EUE,Final Energy|Industry|Iron and Steel|Hydrogen,EJ/yr,2030,absent row,zero
baseline_highce_eu,EUE,Final Energy|Industry|Iron and Steel|Hydrogen,EJ/yr,2035,absent row,zero
baseline_highce_eu,EUE,Final Energy|Industry|Iron and Steel|Hydrogen,EJ/yr,2040,absent row,zero
baseline_highce_eu,EUE,Final Energy|Industry|Iron and Steel|Hydrogen,EJ/yr,2050,absent row,zero
baseline_highce_eu,EUM,Final Energy|Industry|Iron and Steel|Hydrogen,EJ/yr,2019,absent row,zero
baseline_highce_eu,EUM,Final Energy|Industry|Iron and Steel|Hydrogen,EJ/yr,2024,absent row,zero
baseline_highce_eu,EUM,Final Energy|Industry|Iron and Steel|Hydrogen,EJ/yr,2030,absent row,zero
baseline_highce_eu,EUM,Final Energy|Industry|Iron and Steel|Hydrogen,EJ/yr,2035,absent row,zero
baseline_highce_eu,EUM,Final Energy|Industry|Iron and Steel|Hydrogen,EJ/yr,2040,absent row,zero
baseline_highce_eu,EUM,Final Energy|Industry|Iron and Steel|Hydrogen,EJ/yr,2050,absent row,zero
baseline_highce_eu,EUW,Final Energy|Industry|Iron and Steel|Hydrogen,EJ/yr,2019,absent row,zero
baseline_highce_eu,EUW,Final Energy|Industry|Iron and Steel|Hydrogen,EJ/yr,2024,absent row,zero
baseline_highce_eu,EUW,Final Energy|Industry|Iron and Steel|Hydrogen,EJ/yr,2030,absent row,zero
baseline_highce_eu,EUW,Final Energy|Industry|Iron and Steel|Hydrogen,EJ/yr,2035,absent row,zero
baseline_highce_eu,EUW,Final Energy|Industry|Iron and Steel|Hydrogen,EJ/yr,2040,absent row,zero
baseline_highce_eu,EUW,Final Energy|Industry|Iron and Steel|Hydrogen,EJ/yr,2050,absent row,zero
baseline_highce_eu,IDN,Final Energy|Industry|Iron and Steel|Hydrogen,EJ/yr,2019,blank cell,zero
baseline_highce_eu,IDN,Final Energy|Industry|Iron and Steel|Hydrogen,EJ/yr,2024,blank cell,zero
baseline_highce_eu,IDN,Final Energy|Industry|Iron and Steel|Hydrogen,EJ/yr,2030,blank cell,zero
baseline_highce_eu,IND,Final Energy|Industry|Iron and Steel|Hydrogen,EJ/yr,2019,blank cell,zero
baseline_highce_eu,IND,Final Energy|Industry|Iron and Steel|Hydrogen,EJ/yr,2024,blank cell,zero
baseline_highce_eu,JPN,Final Energy|Industry|Iron and Steel|Hydrogen,EJ/yr,2019,blank cell,zero
baseline_highce_eu,JPN,Final Energy|Industry|Iron and Steel|Hydrogen,EJ/yr,2024,blank cell,zero
baseline_highce_eu,JPN,Final Energy|Industry|Iron and Steel|Hydrogen,EJ/yr,2050,blank cell,zero
baseline_highce_eu,LAM,Final Energy|Industry|Iron and Steel|Hydrogen,EJ/yr,2019,blank cell,zero
baseline_highce_eu,LAM,Final Energy|Industry|Iron and Steel|Hydrogen,EJ/yr,2024,blank cell,zero
baseline_highce_eu,LAM,Final Energy|Industry|Iron and Steel|Hydrogen,EJ/yr,2030,blank cell,zero
baseline_highce_eu,LAM,Final Energy|Industry|Iron and Steel|Hydrogen,EJ/yr,2035,blank cell,zero
baseline_highce_eu,LAM,Final Energy|Industry|Iron and Steel|Hydrogen,EJ/yr,2040,blank cell,zero
baseline_highce_eu,MDA,Final Energy|Industry|Iron and Steel|Hydrogen,EJ/yr,2019,blank cell,zero
baseline_highce_eu,MDA,Final Energy|Industry|Iron and Steel|Hydrogen,EJ/yr,2024,blank cell,zero
baseline_highce_eu,MDA,Final Energy|Industry|Iron and Steel|Hydrogen,EJ/yr,2050,blank cell,zero
baseline_highce_eu,MEA,Final Energy|Industry|Iron and Steel|Hydrogen,EJ/yr,2019,blank cell,zero
baseline_highce_eu,MEA,Final Energy|Industry|Iron and Steel|Hydrogen,EJ/yr,2024,blank cell,zero
baseline_highce_eu,MEX,Final Energy|Industry|Iron and Steel|Hydrogen,EJ/yr,2019,blank cell,zero
baseline_highce_eu,MEX,Final Energy|Industry|Iron and Steel|Hydrogen,EJ/yr,2024,blank cell,zero
baseline_highce_eu,NIG,Final Energy|Industry|Iron and Steel|Hydrogen,EJ/yr,2019,blank cell,zero
baseline_highce_eu,NIG,Final Energy|Industry|Iron and Steel|Hydrogen,EJ/yr,2024,blank cell,zero
baseline_highce_eu,NIG,Final Energy|Industry|Iron and Steel|Hydrogen,EJ/yr,2030,blank cell,zero
baseline_highce_eu,NIG,Final Energy|Industry|Iron and Steel|Hydrogen,EJ/yr,2035,blank cell,zero
baseline_highce_eu,NIG,Final Energy|Industry|Iron and Steel|Hydrogen,EJ/yr,2040,blank cell,zero
baseline_highce_eu,RUS,Final Energy|Industry|Iron and Steel|Hydrogen,EJ/yr,2019,blank cell,zero
baseline_highce_eu,RUS,Final Energy|Industry|Iron and Steel|Hydrogen,EJ/yr,2024,blank cell,zero
baseline_highce_eu,SKT,Final Energy|Industry|Iron and Steel|Hydrogen,EJ/yr,2019,blank cell,zero
baseline_highce_eu,SKT,Final Energy|Industry|Iron and Steel|Hydrogen,EJ/yr,2024,blank cell,zero
baseline_highce_eu,SKT,Final Energy|Industry|Iron and Steel|Hydrogen,EJ/yr,2050,blank cell,zero
baseline_highce_eu,USA,Final Energy|Industry|Iron and Steel|Hydrogen,EJ/yr,2019,blank cell,zero
baseline_highce_eu,USA,Final Energy|Industry|Iron and Steel|Hydrogen,EJ/yr,2024,blank cell,zero
baseline_highce_eu,USA,Final Energy|Industry|Iron and Steel|Hydrogen,EJ/yr,2050,blank cell,zero
baseline_highce_eu,AFE,Final Energy|Industry|Iron and Steel|Liquids,EJ/yr,2019,absent row,zero
baseline_highce_eu,AFE,Final Energy|Industry|Iron and Steel|Liquids,EJ/yr,2024,absent row,zero
baseline_highce_eu,AFE,Final Energy|Industry|Iron and Steel|Liquids,EJ/yr,2030,absent row,zero
baseline_highce_eu,AFE,Final Energy|Industry|Iron and Steel|Liquids,EJ/yr,2035,absent row,zero
baseline_highce_eu,AFE,Final Energy|Industry|Iron and Steel|Liquids,EJ/yr,2040,absent row,zero
baseline_highce_eu,AFE,Final Energy|Industry|Iron and Steel|Liquids,EJ/yr,2050,absent row,zero
baseline_highce_eu,AFN,Final Energy|Industry|Iron and Steel|Liquids,EJ/yr,2040,blank cell,zero
baseline_highce_eu,AFN,Final Energy|Industry|Iron and Steel|Liquids,EJ/yr,2050,blank cell,zero
baseline_highce_eu,AFW,Final Energy|Industry|Iron and Steel|Liquids,EJ/yr,2019,absent row,zero
baseline_highce_eu,AFW,Final Energy|Industry|Iron and Steel|Liquids,EJ/yr,2024,absent row,zero
baseline_highce_eu,AFW,Final Energy|Industry|Iron and Steel|Liquids,EJ/yr,2030,absent row,zero
baseline_highce_eu,AFW,Final Energy|Industry|Iron and Steel|Liquids,EJ/yr,2035,absent row,zero
baseline_highce_eu,AFW,Final Energy|Industry|Iron and Steel|Liquids,EJ/yr,2040,absent row,zero
baseline_highce_eu,AFW,Final Energy|Industry|Iron and Steel|Liquids,EJ/yr,2050,absent row,zero
baseline_highce_eu,AFZ,Final Energy|Industry|Iron and Steel|Liquids,EJ/yr,2030,blank cell,zero
baseline_highce_eu,AFZ,Final Energy|Industry|Iron and Steel|Liquids,EJ/yr,2040,blank cell,zero
baseline_highce_eu,AFZ,Final Energy|Industry|Iron and Steel|Liquids,EJ/yr,2050,blank cell,zero
baseline_highce_eu,ANZ,Final Energy|Industry|Iron and Steel|Liquids,EJ/yr,2050,blank cell,zero
baseline_highce_eu,ASC,Final Energy|Industry|Iron and Steel|Liquids,EJ/yr,2050,blank cell,zero
baseline_highce_eu,ASE,Final Energy|Industry|Iron and Steel|Liquids,EJ/yr,2030,blank cell,zero
baseline_highce_eu,ASE,Final Energy|Industry|Iron and Steel|Liquids,EJ/yr,2035,blank cell,zero
baseline_highce_eu,ASE,Final Energy|Industry|Iron and Steel|Liquids,EJ/yr,2040,blank cell,zero
baseline_highce_eu,ASE,Final Energy|Industry|Iron and Steel|Liquids,EJ/yr,2050,blank cell,zero
baseline_highce_eu,ASO,Final Energy|Industry|Iron and Steel|Liquids,EJ/yr,2019,absent row,zero
baseline_highce_eu,ASO,Final Energy|Industry|Iron and Steel|Liquids,EJ/yr,2024,absent row,zero
baseline_highce_eu,ASO,Final Energy|Industry|Iron and Steel|Liquids,EJ/yr,2030,absent row,zero
baseline_highce_eu,ASO,Final Energy|Industry|Iron and Steel|Liquids,EJ/yr,2035,absent row,zero
baseline_highce_eu,ASO,Final Energy|Industry|Iron and Steel|Liquids,EJ/yr,2040,absent row,zero
baseline_highce_eu,ASO,Final Energy|Industry|Iron and Steel|Liquids,EJ/yr,2050,absent row,zero
baseline_highce_eu,BRA,Final Energy|Industry|Iron and Steel|Liquids,EJ/yr,2040,blank cell,zero
baseline_highce_eu,BRA,Final Energy|Industry|Iron and Steel|Liquids,EJ/yr,2050,blank cell,zero
baseline_highce_eu,CAN,Final Energy|Industry|Iron and Steel|Liquids,EJ/yr,2030,blank cell,zero
baseline_highce_eu,CAN,Final Energy|Industry|Iron and Steel|Liquids,EJ/yr,2035,blank cell,zero
baseline_highce_eu,CAN,Final Energy|Industry|Iron and Steel|Liquids,EJ/yr,2040,blank cell,zero
baseline_highce_eu,CAN,Final Energy|Industry|Iron and Steel|Liquids,EJ/yr,2050,blank cell,zero
baseline_highce_eu,CHL,Final Energy|Industry|Iron and Steel|Liquids,EJ/yr,2050,blank cell,zero
baseline_highce_eu,CHN,Final Energy|Industry|Iron and Steel|Liquids,EJ/yr,2050,blank cell,zero
baseline_highce_eu,ENE,Final Energy|Industry|Iron and Steel|Liquids,EJ/yr,2050,blank cell,zero
baseline_highce_eu,ENW,Final Energy|Industry|Iron and Steel|Liquids,EJ/yr,2050,blank cell,zero
baseline_highce_eu,EUE,Final Energy|Industry|Iron and Steel|Liquids,EJ/yr,2050,blank cell,zero
baseline_highce_eu,EUM,Final Energy|Industry|Iron and Steel|Liquids,EJ/yr,2050,blank cell,zero
baseline_highce_eu,EUW,Final Energy|Industry|Iron and Steel|Liquids,EJ/yr,2050,blank cell,zero
baseline_highce_eu,IDN,Final Energy|Industry|Iron and Steel|Liquids,EJ/yr,2050,blank cell,zero
baseline_highce_eu,IND,Final Energy|Industry|Iron and Steel|Liquids,EJ/yr,2030,blank cell,zero
baseline_highce_eu,IND,Final Energy|Industry|Iron and Steel|Liquids,EJ/yr,2035,blank cell,zero
baseline_highce_eu,IND,Final Energy|Industry|Iron and Steel|Liquids,EJ/yr,2040,blank cell,zero
baseline_highce_eu,IND,Final Energy|Industry|Iron and Steel|Liquids,EJ/yr,2050,blank cell,zero
baseline_highce_eu,JPN,Final Energy|Industry|Iron and Steel|Liquids,EJ/yr,2050,blank cell,zero
baseline_highce_eu,LAM,Final Energy|Industry|Iron and Steel|Liquids,EJ/yr,2050,blank cell,zero
baseline_highce_eu,MDA,Final Energy|Industry|Iron and Steel|Liquids,EJ/yr,2050,blank cell,zero
baseline_highce_eu,MEA,Final Energy|Industry|Iron and Steel|Liquids,EJ/yr,2050,blank cell,zero
baseline_highce_eu,MEX,Final Energy|Industry|Iron and Steel|Liquids,EJ/yr,2040,blank cell,zero
baseline_highce_eu,MEX,Final Energy|Industry|Iron and Steel|Liquids,EJ/yr,2050,blank cell,zero
baseline_highce_eu,NIG,Final Energy|Industry|Iron and Steel|Liquids,EJ/yr,2019,absent row,zero
baseline_highce_eu,NIG,Final Energy|Industry|Iron and Steel|Liquids,EJ/yr,2024,absent row,zero
baseline_highce_eu,NIG,Final Energy|Industry|Iron and Steel|Liquids,EJ/yr,2030,absent row,zero
baseline_highce_eu,NIG,Final Energy|Industry|Iron and Steel|Liquids,EJ/yr,2035,absent row,zero
baseline_highce_eu,NIG,Final Energy|Industry|Iron and Steel|Liquids,EJ/yr,2040,absent row,zero
baseline_highce_eu,NIG,Final Energy|Industry|Iron and Steel|Liquids,EJ/yr,2050,absent row,zero
baseline_highce_eu,RUS,Final Energy|Industry|Iron and Steel|Liquids,EJ/yr,2035,blank cell,zero
baseline_highce_eu,RUS,Final Energy|Industry|Iron and Steel|Liquids,EJ/yr,2040,blank cell,zero
baseline_highce_eu,RUS,Final Energy|Industry|Iron and Steel|Liquids,EJ/yr,2050,blank cell,zero
baseline_highce_eu,SKT,Final Energy|Industry|Iron and Steel|Liquids,EJ/yr,2050,blank cell,zero
baseline_highce_eu,USA,Final Energy|Industry|Iron and Steel|Liquids,EJ/yr,2050,blank cell,zero
baseline_highce_eu,AFE,Final Energy|Industry|Iron and Steel|Solids,EJ/yr,2019,blank cell,zero
baseline_highce_eu,AFN,Final Energy|Industry|Iron and Steel|Solids,EJ/yr,2040,blank cell,zero
baseline_highce_eu,AFW,Final Energy|Industry|Iron and Steel|Solids,EJ/yr,2019,blank cell,zero
baseline_highce_eu,AFW,Final Energy|Industry|Iron and Steel|Solids,EJ/yr,2050,blank cell,zero
baseline_highce_eu,ASO,Final Energy|Industry|Iron and Steel|Solids,EJ/yr,2019,blank cell,zero
baseline_highce_eu,ASO,Final Energy|Industry|Iron and Steel|Solids,EJ/yr,2030,blank cell,zero
baseline_highce_eu,ASO,Final Energy|Industry|Iron and Steel|Solids,EJ/yr,2040,blank cell,zero
baseline_highce_eu,BRA,Final Energy|Industry|Iron and Steel|Solids,EJ/yr,2050,blank cell,zero
baseline_highce_eu,CAN,Final Energy|Industry|Iron and Steel|Solids,EJ/yr,2030,blank cell,zero
baseline_highce_eu,CAN,Final Energy|Industry|Iron and Steel|Solids,EJ/yr,2035,blank cell,zero
baseline_highce_eu,CAN,Final Energy|Industry|Iron and Steel|Solids,EJ/yr,2040,blank cell,zero
baseline_highce_eu,CAN,Final Energy|Industry|Iron and Steel|Solids,EJ/yr,2050,blank cell,zero
baseline_highce_eu,IDN,Final Energy|Industry|Iron and Steel|Solids,EJ/yr,2050,blank cell,zero
baseline_highce_eu,MEX,Final Energy|Industry|Iron and Steel|Solids,EJ/yr,2040,blank cell,zero
baseline_highce_eu,NIG,Final Energy|Industry|Iron and Steel|Solids,EJ/yr,2019,blank cell,zero
baseline_highce_eu,NIG,Final Energy|Industry|Iron and Steel|Solids,EJ/yr,2030,blank cell,zero
baseline_highce_eu,NIG,Final Energy|Industry|Iron and Steel|Solids,EJ/yr,2035,blank cell,zero
baseline_highce_eu,NIG,Final Energy|Industry|Iron and Steel|Solids,EJ/yr,2040,blank cell,zero
baseline_highce_eu,NIG,Final Energy|Industry|Iron and Steel|Solids,EJ/yr,2050,blank cell,zero
baseline_highce_eu,USA,Final Energy|Industry|Iron and Steel|Solids,EJ/yr,2050,blank cell,zero
baseline_highce_eu,AFE,Final Energy|Industry|Non-Ferrous Metals|Aluminum|Electricity,EJ/yr,2019,absent row,zero
baseline_highce_eu,AFE,Final Energy|Industry|Non-Ferrous Metals|Aluminum|Electricity,EJ/yr,2024,absent row,zero
baseline_highce_eu,AFE,Final Energy|Industry|Non-Ferrous Metals|Aluminum|Electricity,EJ/yr,2030,absent row,zero
baseline_highce_eu,AFE,Final Energy|Industry|Non-Ferrous Metals|Aluminum|Electricity,EJ/yr,2035,absent row,zero
baseline_highce_eu,AFE,Final Energy|Industry|Non-Ferrous Metals|Aluminum|Electricity,EJ/yr,2040,absent row,zero
baseline_highce_eu,AFE,Final Energy|Industry|Non-Ferrous Metals|Aluminum|Electricity,EJ/yr,2050,absent row,zero
baseline_highce_eu,ASO,Final Energy|Industry|Non-Ferrous Metals|Aluminum|Electricity,EJ/yr,2019,absent row,zero
baseline_highce_eu,ASO,Final Energy|Industry|Non-Ferrous Metals|Aluminum|Electricity,EJ/yr,2024,absent row,zero
baseline_highce_eu,ASO,Final Energy|Industry|Non-Ferrous Metals|Aluminum|Electricity,EJ/yr,2030,absent row,zero
baseline_highce_eu,ASO,Final Energy|Industry|Non-Ferrous Metals|Aluminum|Electricity,EJ/yr,2035,absent row,zero
baseline_highce_eu,ASO,Final Energy|Industry|Non-Ferrous Metals|Aluminum|Electricity,EJ/yr,2040,absent row,zero
baseline_highce_eu,ASO,Final Energy|Industry|Non-Ferrous Metals|Aluminum|Electricity,EJ/yr,2050,absent row,zero
baseline_highce_eu,CHL,Final Energy|Industry|Non-Ferrous Metals|Aluminum|Electricity,EJ/yr,2019,absent row,zero
baseline_highce_eu,CHL,Final Energy|Industry|Non-Ferrous Metals|Aluminum|Electricity,EJ/yr,2024,absent row,zero
baseline_highce_eu,CHL,Final Energy|Industry|Non-Ferrous Metals|Aluminum|Electricity,EJ/yr,2030,absent row,zero
baseline_highce_eu,CHL,Final Energy|Industry|Non-Ferrous Metals|Aluminum|Electricity,EJ/yr,2035,absent row,zero
baseline_highce_eu,CHL,Final Energy|Industry|Non-Ferrous Metals|Aluminum|Electricity,EJ/yr,2040,absent row,zero
baseline_highce_eu,CHL,Final Energy|Industry|Non-Ferrous Metals|Aluminum|Electricity,EJ/yr,2050,absent row,zero
baseline_highce_eu,NIG,Final Energy|Industry|Non-Ferrous Metals|Aluminum|Electricity,EJ/yr,2019,absent row,zero
baseline_highce_eu,NIG,Final Energy|Industry|Non-Ferrous Metals|Aluminum|Electricity,EJ/yr,2024,absent row,zero
baseline_highce_eu,NIG,Final Energy|Industry|Non-Ferrous Metals|Aluminum|Electricity,EJ/yr,2030,absent row,zero
baseline_highce_eu,NIG,Final Energy|Industry|Non-Ferrous Metals|Aluminum|Electricity,EJ/yr,2035,absent row,zero
baseline_highce_eu,NIG,Final Energy|Industry|Non-Ferrous Metals|Aluminum|Electricity,EJ/yr,2040,absent row,zero
baseline_highce_eu,NIG,Final Energy|Industry|Non-Ferrous Metals|Aluminum|Electricity,EJ/yr,2050,absent row,zero
baseline_highce_eu,AFE,Final Energy|Industry|Non-Ferrous Metals|Aluminum|Gases,EJ/yr,2019,absent row,zero
baseline_highce_eu,AFE,Final Energy|Industry|Non-Ferrous Metals|Aluminum|Gases,EJ/yr,2024,absent row,zero
baseline_highce_eu,AFE,Final Energy|Industry|Non-Ferrous Metals|Aluminum|Gases,EJ/yr,2030,absent row,zero
baseline_highce_eu,AFE,Final Energy|Industry|Non-Ferrous Metals|Aluminum|Gases,EJ/yr,2035,absent row,zero
baseline_highce_eu,AFE,Final Energy|Industry|Non-Ferrous Metals|Aluminum|Gases,EJ/yr,2040,absent row,zero
baseline_highce_eu,AFE,Final Energy|Industry|Non-Ferrous Metals|Aluminum|Gases,EJ/yr,2050,absent row,zero
baseline_highce_eu,ANZ,Final Energy|Industry|Non-Ferrous Metals|Aluminum|Gases,EJ/yr,2040,blank cell,zero
baseline_highce_eu,ANZ,Final Energy|Industry|Non-Ferrous Metals|Aluminum|Gases,EJ/yr,2050,blank cell,zero
baseline_highce_eu,ASO,Final Energy|Industry|Non-Ferrous Metals|Aluminum|Gases,EJ/yr,2019,absent row,zero
baseline_highce_eu,ASO,Final Energy|Industry|Non-Ferrous Metals|Aluminum|Gases,EJ/yr,2024,absent row,zero
baseline_highce_eu,ASO,Final Energy|Industry|Non-Ferrous Metals|Aluminum|Gases,EJ/yr,2030,absent row,zero
baseline_highce_eu,ASO,Final Energy|Industry|Non-Ferrous Metals|Aluminum|Gases,EJ/yr,2035,absent row,zero
baseline_highce_eu,ASO,Final Energy|Industry|Non-Ferrous Metals|Aluminum|Gases,EJ/yr,2040,absent row,zero
baseline_highce_eu,ASO,Final Energy|Industry|Non-Ferrous Metals|Aluminum|Gases,EJ/yr,2050,absent row,zero
baseline_highce_eu,BRA,Final Energy|Industry|Non-Ferrous Metals|Aluminum|Gases,EJ/yr,2050,blank cell,zero
baseline_highce_eu,CAN,Final Energy|Industry|Non-Ferrous Metals|Aluminum|Gases,EJ/yr,2050,blank cell,zero
baseline_highce_eu,CHL,Final Energy|Industry|Non-Ferrous Metals|Aluminum|Gases,EJ/yr,2019,absent row,zero
baseline_highce_eu,CHL,Final Energy|Industry|Non-Ferrous Metals|Aluminum|Gases,EJ/yr,2024,absent row,zero
baseline_highce_eu,CHL,Final Energy|Industry|Non-Ferrous Metals|Aluminum|Gases,EJ/yr,2030,absent row,zero
baseline_highce_eu,CHL,Final Energy|Industry|Non-Ferrous Metals|Aluminum|Gases,EJ/yr,2035,absent row,zero
baseline_highce_eu,CHL,Final Energy|Industry|Non-Ferrous Metals|Aluminum|Gases,EJ/yr,2040,absent row,zero
baseline_highce_eu,CHL,Final Energy|Industry|Non-Ferrous Metals|Aluminum|Gases,EJ/yr,2050,absent row,zero
baseline_highce_eu,ENW,Final Energy|Industry|Non-Ferrous Metals|Aluminum|Gases,EJ/yr,2040,blank cell,zero
baseline_highce_eu,ENW,Final Energy|Industry|Non-Ferrous Metals|Aluminum|Gases,EJ/yr,2050,blank cell,zero
baseline_highce_eu,EUE,Final Energy|Industry|Non-Ferrous Metals|Aluminum|Gases,EJ/yr,2050,blank cell,zero
baseline_highce_eu,EUM,Final Energy|Industry|Non-Ferrous Metals|Aluminum|Gases,EJ/yr,2040,blank cell,zero
baseline_highce_eu,EUM,Final Energy|Industry|Non-Ferrous Metals|Aluminum|Gases,EJ/yr,2050,blank cell,zero
baseline_highce_eu,EUW,Final Energy|Industry|Non-Ferrous Metals|Aluminum|Gases,EJ/yr,2050,blank cell,zero
baseline_highce_eu,JPN,Final Energy|Industry|Non-Ferrous Metals|Aluminum|Gases,EJ/yr,2050,blank cell,zero
baseline_highce_eu,MDA,Final Energy|Industry|Non-Ferrous Metals|Aluminum|Gases,EJ/yr,2050,blank cell,zero
baseline_highce_eu,NIG,Final Energy|Industry|Non-Ferrous Metals|Aluminum|Gases,EJ/yr,2019,absent row,zero
baseline_highce_eu,NIG,Final Energy|Industry|Non-Ferrous Metals|Aluminum|Gases,EJ/yr,2024,absent row,zero
baseline_highce_eu,NIG,Final Energy|Industry|Non-Ferrous Metals|Aluminum|Gases,EJ/yr,2030,absent row,zero
baseline_highce_eu,NIG,Final Energy|Industry|Non-Ferrous Metals|Aluminum|Gases,EJ/yr,2035,absent row,zero
baseline_highce_eu,NIG,Final Energy|Industry|Non-Ferrous Metals|Aluminum|Gases,EJ/yr,2040,absent row,zero
baseline_highce_eu,NIG,Final Energy|Industry|Non-Ferrous Metals|Aluminum|Gases,EJ/yr,2050,absent row,zero
baseline_highce_eu,SKT,Final Energy|Industry|Non-Ferrous Metals|Aluminum|Gases,EJ/yr,2050,blank cell,zero
baseline_highce_eu,USA,Final Energy|Industry|Non-Ferrous Metals|Aluminum|Gases,EJ/yr,2050,blank cell,zero
baseline_highce_eu,AFE,Final Energy|Industry|Non-Ferrous Metals|Aluminum|Hydrogen,EJ/yr,2019,absent row,zero
baseline_highce_eu,AFE,Final Energy|Industry|Non-Ferrous Metals|Aluminum|Hydrogen,EJ/yr,2024,absent row,zero
baseline_highce_eu,AFE,Final Energy|Industry|Non-Ferrous Metals|Aluminum|Hydrogen,EJ/yr,2030,absent row,zero
baseline_highce_eu,AFE,Final Energy|Industry|Non-Ferrous Metals|Aluminum|Hydrogen,EJ/yr,2035,absent row,zero
baseline_highce_eu,AFE,Final Energy|Industry|Non-Ferrous Metals|Aluminum|Hydrogen,EJ/yr,2040,absent row,zero
baseline_highce_eu,AFE,Final Energy|Industry|Non-Ferrous Metals|Aluminum|Hydrogen,EJ/yr,2050,absent row,zero
baseline_highce_eu,AFN,Final Energy|Industry|Non-Ferrous Metals|Aluminum|Hydrogen,EJ/yr,2019,blank cell,zero
baseline_highce_eu,AFN,Final Energy|Industry|Non-Ferrous Metals|Aluminum|Hydrogen,EJ/yr,2024,blank cell,zero
baseline_highce_eu,AFN,Final Energy|Industry|Non-Ferrous Metals|Aluminum|Hydrogen,EJ/yr,2030,blank cell,zero
baseline_highce_eu,AFW,Final Energy|Industry|Non-Ferrous Metals|Aluminum|Hydrogen,EJ/yr,2019,blank cell,zero
baseline_highce_eu,AFW,Final Energy|Industry|Non-Ferrous Metals|Aluminum|Hydrogen,EJ/yr,2024,blank cell,zero
baseline_highce_eu,AFW,Final Energy|Industry|Non-Ferrous Metals|Aluminum|Hydrogen,EJ/yr,2030,blank cell,zero
baseline_highce_eu,AFZ,Final Energy|Industry|Non-Ferrous Metals|Aluminum|Hydrogen,EJ/yr,2019,blank cell,zero
baseline_highce_eu,AFZ,Final Energy|Industry|Non-Ferrous Metals|Aluminum|Hydrogen,EJ/yr,2024,blank cell,zero
baseline_highce_eu,AFZ,Final Energy|Industry|Non-Ferrous Metals|Aluminum|Hydrogen,EJ/yr,2030,blank cell,zero
baseline_highce_eu,ANZ,Final Energy|Industry|Non-Ferrous Metals|Aluminum|Hydrogen,EJ/yr,2019,blank cell,zero
baseline_highce_eu,ANZ,Final Energy|Industry|Non-Ferrous Metals|Aluminum|Hydrogen,EJ/yr,2024,blank cell,zero
baseline_highce_eu,ANZ,Final Energy|Industry|Non-Ferrous Metals|Aluminum|Hydrogen,EJ/yr,2030,blank cell,zero
baseline_highce_eu,ASC,Final Energy|Industry|Non-Ferrous Metals|Aluminum|Hydrogen,EJ/yr,2019,blank cell,zero
baseline_highce_eu,ASC,Final Energy|Industry|Non-Ferrous Metals|Aluminum|Hydrogen,EJ/yr,2024,blank cell,zero
baseline_highce_eu,ASC,Final Energy|Industry|Non-Ferrous Metals|Aluminum|Hydrogen,EJ/yr,2030,blank cell,zero
baseline_highce_eu,ASC,Final Energy|Industry|Non-Ferrous Metals|Aluminum|Hydrogen,EJ/yr,2035,blank cell,zero
baseline_highce_eu,ASE,Final Energy|Industry|Non-Ferrous Metals|Aluminum|Hydrogen,EJ/yr,2019,blank cell,zero
baseline_highce_eu,ASE,Final Energy|Industry|Non-Ferrous Metals|Aluminum|Hydrogen,EJ/yr,2024,blank cell,zero
baseline_highce_eu,ASO,Final Energy|Industry|Non-Ferrous Metals|Aluminum|Hydrogen,EJ/yr,2019,absent row,zero
baseline_highce_eu,ASO,Final Energy|Industry|Non-Ferrous Metals|Aluminum|Hydrogen,EJ/yr,2024,absent row,zero
baseline_highce_eu,ASO,Final Energy|Industry|Non-Ferrous Metals|Aluminum|Hydrogen,EJ/yr,2030,absent row,zero
baseline_highce_eu,ASO,Final Energy|Industry|Non-Ferrous Metals|Aluminum|Hydrogen,EJ/yr,2035,absent row,zero
baseline_highce_eu,ASO,Final Energy|Industry|Non-Ferrous Metals|Aluminum|Hydrogen,EJ/yr,2040,absent row,zero
baseline_highce_eu,ASO,Final Energy|Industry|Non-Ferrous Metals|Aluminum|Hydrogen,EJ/yr,2050,absent row,zero
baseline_highce_eu,BRA,Final Energy|Industry|Non-Ferrous Metals|Aluminum|Hydrogen,EJ/yr,2019,blank cell,zero
baseline_highce_eu,BRA,Final Energy|Industry|Non-Ferrous Metals|Aluminum|Hydrogen,EJ/yr,2024,blank cell,zero
baseline_highce_eu,CAN,Final Energy|Industry|Non-Ferrous Metals|Aluminum|Hydrogen,EJ/yr,2019,blank cell,zero
baseline_highce_eu,CAN,Final Energy|Industry|Non-Ferrous Metals|Aluminum|Hydrogen,EJ/yr,2024,blank cell,zero
baseline_highce_eu,CHL,Final Energy|Industry|Non-Ferrous Metals|Aluminum|Hydrogen,EJ/yr,2019,absent row,zero
baseline_highce_eu,CHL,Final Energy|Industry|Non-Ferrous Metals|Aluminum|Hydrogen,EJ/yr,2024,absent row,zero
baseline_highce_eu,CHL,Final Energy|Industry|Non-Ferrous Metals|Aluminum|Hydrogen,EJ/yr,2030,absent row,zero
baseline_highce_eu,CHL,Final Energy|Industry|Non-Ferrous Metals|Aluminum|Hydrogen,EJ/yr,2035,absent row,zero
baseline_highce_eu,CHL,Final Energy|Industry|Non-Ferrous Metals|Aluminum|Hydrogen,EJ/yr,2040,absent row,zero
baseline_highce_eu,CHL,Final Energy|Industry|Non-Ferrous Metals|Aluminum|Hydrogen,EJ/yr,2050,absent row,zero
baseline_highce_eu,CHN,Final Energy|Industry|Non-Ferrous Metals|Aluminum|Hydrogen,EJ/yr,2019,blank cell,zero
baseline_highce_eu,CHN,Final Energy|Industry|Non-Ferrous Metals|Aluminum|Hydrogen,EJ/yr,2024,blank cell,zero
baseline_highce_eu,CHN,Final Energy|Industry|Non-Ferrous Metals|Aluminum|Hydrogen,EJ/yr,2030,blank cell,zero
baseline_highce_eu,ENE,Final Energy|Industry|Non-Ferrous Metals|Aluminum|Hydrogen,EJ/yr,2019,blank cell,zero
baseline_highce_eu,ENE,Final Energy|Industry|Non-Ferrous Metals|Aluminum|Hydrogen,EJ/yr,2024,blank cell,zero
baseline_highce_eu,ENW,Final Energy|Industry|Non-Ferrous Metals|Aluminum|Hydrogen,EJ/yr,2019,blank cell,zero
baseline_highce_eu,ENW,Final Energy|Industry|Non-Ferrous Metals|Aluminum|Hydrogen,EJ/yr,2024,blank cell,zero
baseline_highce_eu,ENW,Final Energy|Industry|Non-Ferrous Metals|Aluminum|Hydrogen,EJ/yr,2050,blank cell,zero
baseline_highce_eu,EUE,Final Energy|Industry|Non-Ferrous Metals|Aluminum|Hydrogen,EJ/yr,2019,blank cell,zero
baseline_highce_eu,EUE,Final Energy|Industry|Non-Ferrous Metals|Aluminum|Hydrogen,EJ/yr,2024,blank cell,zero
baseline_highce_eu,EUM,Final Energy|Industry|Non-Ferrous Metals|Aluminum|Hydrogen,EJ/yr,2019,blank cell,zero
baseline_highce_eu,EUM,Final Energy|Industry|Non-Ferrous Metals|Aluminum|Hydrogen,EJ/yr,2024,blank cell,zero
baseline_highce_eu,EUW,Final Energy|Industry|Non-Ferrous Metals|Aluminum|Hydrogen,EJ/yr,2019,blank cell,zero
baseline_highce_eu,EUW,Final Energy|Industry|Non-Ferrous Metals|Aluminum|Hydrogen,EJ/yr,2024,blank cell,zero
baseline_highce_eu,IDN,Final Energy|Industry|Non-Ferrous Metals|Aluminum|Hydrogen,EJ/yr,2019,blank cell,zero
baseline_highce_eu,IDN,Final Energy|Industry|Non-Ferrous Metals|Aluminum|Hydrogen,EJ/yr,2024,blank cell,zero
baseline_highce_eu,IND,Final Energy|Industry|Non-Ferrous Metals|Aluminum|Hydrogen,EJ/yr,2019,blank cell,zero
baseline_highce_eu,IND,Final Energy|Industry|Non-Ferrous Metals|Aluminum|Hydrogen,EJ/yr,2024,blank cell,zero
baseline_highce_eu,JPN,Final Energy|Industry|Non-Ferrous Metals|Aluminum|Hydrogen,EJ/yr,2019,blank cell,zero
baseline_highce_eu,JPN,Final Energy|Industry|Non-Ferrous Metals|Aluminum|Hydrogen,EJ/yr,2024,blank cell,zero
baseline_highce_eu,JPN,Final Energy|Industry|Non-Ferrous Metals|Aluminum|Hydrogen,EJ/yr,2030,blank cell,zero
baseline_highce_eu,LAM,Final Energy|Industry|Non-Ferrous Metals|Aluminum|Hydrogen,EJ/yr,2019,blank cell,zero
baseline_highce_eu,LAM,Final Energy|Industry|Non-Ferrous Metals|Aluminum|Hydrogen,EJ/yr,2024,blank cell,zero
baseline_highce_eu,MDA,Final Energy|Industry|Non-Ferrous Metals|Aluminum|Hydrogen,EJ/yr,2019,blank cell,zero
baseline_highce_eu,MDA,Final Energy|Industry|Non-Ferrous Metals|Aluminum|Hydrogen,EJ/yr,2024,blank cell,zero
baseline_highce_eu,MEA,Final Energy|Industry|Non-Ferrous Metals|Aluminum|Hydrogen,EJ/yr,2019,blank cell,zero
baseline_highce_eu,MEA,Final Energy|Industry|Non-Ferrous Metals|Aluminum|Hydrogen,EJ/yr,2024,blank cell,zero
baseline_highce_eu,MEX,Final Energy|Industry|Non-Ferrous Metals|Aluminum|Hydrogen,EJ/yr,2019,blank cell,zero
baseline_highce_eu,MEX,Final Energy|Industry|Non-Ferrous Metals|Aluminum|Hydrogen,EJ/yr,2024,blank cell,zero
baseline_highce_eu,MEX,Final Energy|Industry|Non-Ferrous Metals|Aluminum|Hydrogen,EJ/yr,2030,blank cell,zero
baseline_highce_eu,NIG,Final Energy|Industry|Non-Ferrous Metals|Aluminum|Hydrogen,EJ/yr,2019,absent row,zero
baseline_highce_eu,NIG,Final Energy|Industry|Non-Ferrous Metals|Aluminum|Hydrogen,EJ/yr,2024,absent row,zero
baseline_highce_eu,NIG,Final Energy|Industry|Non-Ferrous Metals|Aluminum|Hydrogen,EJ/yr,2030,absent row,zero
baseline_highce_eu,NIG,Final Energy|Industry|Non-Ferrous Metals|Aluminum|Hydrogen,EJ/yr,2035,absent row,zero
baseline_highce_eu,NIG,Final Energy|Industry|Non-Ferrous Metals|Aluminum|Hydrogen,EJ/yr,2040,absent row,zero
baseline_highce_eu,NIG,Final Energy|Industry|Non-Ferrous Metals|Aluminum|Hydrogen,EJ/yr,2050,absent row,zero
baseline_highce_eu,RUS,Final Energy|Industry|Non-Ferrous Metals|Aluminum|Hydrogen,EJ/yr,2019,blank cell,zero
baseline_highce_eu,RUS,Final Energy|Industry|Non-Ferrous Metals|Aluminum|Hydrogen,EJ/yr,2024,blank cell,zero
baseline_highce_eu,SKT,Final Energy|Industry|Non-Ferrous Metals|Aluminum|Hydrogen,EJ/yr,2019,blank cell,zero
baseline_highce_eu,SKT,Final Energy|Industry|Non-Ferrous Metals|Aluminum|Hydrogen,EJ/yr,2024,blank cell,zero
baseline_highce_eu,SKT,Final Energy|Industry|Non-Ferrous Metals|Aluminum|Hydrogen,EJ/yr,2030,blank cell,zero
baseline_highce_eu,USA,Final Energy|Industry|Non-Ferrous Metals|Aluminum|Hydrogen,EJ/yr,2019,blank cell,zero
baseline_highce_eu,USA,Final Energy|Industry|Non-Ferrous Metals|Aluminum|Hydrogen,EJ/yr,2024,blank cell,zero
baseline_highce_eu,AFE,Final Energy|Industry|Non-Ferrous Metals|Aluminum|Liquids,EJ/yr,2019,absent row,zero
baseline_highce_eu,AFE,Final Energy|Industry|Non-Ferrous Metals|Aluminum|Liquids,EJ/yr,2024,absent row,zero
baseline_highce_eu,AFE,Final Energy|Industry|Non-Ferrous Metals|Aluminum|Liquids,EJ/yr,2030,absent row,zero
baseline_highce_eu,AFE,Final Energy|Industry|Non-Ferrous Metals|Aluminum|Liquids,EJ/yr,2035,absent row,zero
baseline_highce_eu,AFE,Final Energy|Industry|Non-Ferrous Metals|Aluminum|Liquids,EJ/yr,2040,absent row,zero
baseline_highce_eu,AFE,Final Energy|Industry|Non-Ferrous Metals|Aluminum|Liquids,EJ/yr,2050,absent row,zero
baseline_highce_eu,AFN,Final Energy|Industry|Non-Ferrous Metals|Aluminum|Liquids,EJ/yr,2019,absent row,zero
baseline_highce_eu,AFN,Final Energy|Industry|Non-Ferrous Metals|Aluminum|Liquids,EJ/yr,2024,absent row,zero
baseline_highce_eu,AFN,Final Energy|Industry|Non-Ferrous Metals|Aluminum|Liquids,EJ/yr,2030,absent row,zero
baseline_highce_eu,AFN,Final Energy|Industry|Non-Ferrous Metals|Aluminum|Liquids,EJ/yr,2035,absent row,zero
baseline_highce_eu,AFN,Final Energy|Industry|Non-Ferrous Metals|Aluminum|Liquids,EJ/yr,2040,absent row,zero
baseline_highce_eu,AFN,Final Energy|Industry|Non-Ferrous Metals|Aluminum|Liquids,EJ/yr,2050,absent row,zero
baseline_highce_eu,AFW,Final Energy|Industry|Non-Ferrous Metals|Aluminum|Liquids,EJ/yr,2050,blank cell,zero
baseline_highce_eu,AFZ,Final Energy|Industry|Non-Ferrous Metals|Aluminum|Liquids,EJ/yr,2050,blank cell,zero
baseline_highce_eu,ANZ,Final Energy|Industry|Non-Ferrous Metals|Aluminum|Liquids,EJ/yr,2019,absent row,zero
baseline_highce_eu,ANZ,Final Energy|Industry|Non-Ferrous Metals|Aluminum|Liquids,EJ/yr,2024,absent row,zero
baseline_highce_eu,ANZ,Final Energy|Industry|Non-Ferrous Metals|Aluminum|Liquids,EJ/yr,2030,absent row,zero
baseline_highce_eu,ANZ,Final Energy|Industry|Non-Ferrous Metals|Aluminum|Liquids,EJ/yr,2035,absent row,zero
baseline_highce_eu,ANZ,Final Energy|Industry|Non-Ferrous Metals|Aluminum|Liquids,EJ/yr,2040,absent row,zero
baseline_highce_eu,ANZ,Final Energy|Industry|Non-Ferrous Metals|Aluminum|Liquids,EJ/yr,2050,absent row,zero
baseline_highce_eu,ASC,Final Energy|Industry|Non-Ferrous Metals|Aluminum|Liquids,EJ/yr,2050,blank cell,zero
baseline_highce_eu,ASE,Final Energy|Industry|Non-Ferrous Metals|Aluminum|Liquids,EJ/yr,2040,blank cell,zero
baseline_highce_eu,ASE,Final Energy|Industry|Non-Ferrous Metals|Aluminum|Liquids,EJ/yr,2050,blank cell,zero
baseline_highce_eu,ASO,Final Energy|Industry|Non-Ferrous Metals|Aluminum|Liquids,EJ/yr,2019,absent row,zero
baseline_highce_eu,ASO,Final Energy|Industry|Non-Ferrous Metals|Aluminum|Liquids,EJ/yr,2024,absent row,zero
baseline_highce_eu,ASO,Final Energy|Industry|Non-Ferrous Metals|Aluminum|Liquids,EJ/yr,2030,absent row,zero
baseline_highce_eu,ASO,Final Energy|Industry|Non-Ferrous Metals|Aluminum|Liquids,EJ/yr,2035,absent row,zero
baseline_highce_eu,ASO,Final Energy|Industry|Non-Ferrous Metals|Aluminum|Liquids,EJ/yr,2040,absent row,zero
baseline_highce_eu,ASO,Final Energy|Industry|Non-Ferrous Metals|Aluminum|Liquids,EJ/yr,2050,absent row,zero
baseline_highce_eu,BRA,Final Energy|Industry|Non-Ferrous Metals|Aluminum|Liquids,EJ/yr,2040,blank cell,zero
baseline_highce_eu,BRA,Final Energy|Industry|Non-Ferrous Metals|Aluminum|Liquids,EJ/yr,2050,blank cell,zero
baseline_highce_eu,CAN,Final Energy|Industry|Non-Ferrous Metals|Aluminum|Liquids,EJ/yr,2019,absent row,zero
baseline_highce_eu,CAN,Final Energy|Industry|Non-Ferrous Metals|Aluminum|Liquids,EJ/yr,2024,absent row,zero
baseline_highce_eu,CAN,Final Energy|Industry|Non-Ferrous Metals|Aluminum|Liquids,EJ/yr,2030,absent row,zero
baseline_highce_eu,CAN,Final Energy|Industry|Non-Ferrous Metals|Aluminum|Liquids,EJ/yr,2035,absent row,zero
baseline_highce_eu,CAN,Final Energy|Industry|Non-Ferrous Metals|Aluminum|Liquids,EJ/yr,2040,absent row,zero
baseline_highce_eu,CAN,Final Energy|Industry|Non-Ferrous Metals|Aluminum|Liquids,EJ/yr,2050,absent row,zero
baseline_highce_eu,CHL,Final Energy|Industry|Non-Ferrous Metals|Aluminum|Liquids,EJ/yr,2019,absent row,zero
baseline_highce_eu,CHL,Final Energy|Industry|Non-Ferrous Metals|Aluminum|Liquids,EJ/yr,2024,absent row,zero
baseline_highce_eu,CHL,Final Energy|Industry|Non-Ferrous Metals|Aluminum|Liquids,EJ/yr,2030,absent row,zero
baseline_highce_eu,CHL,Final Energy|Industry|Non-Ferrous Metals|Aluminum|Liquids,EJ/yr,2035,absent row,zero
baseline_highce_eu,CHL,Final Energy|Industry|Non-Ferrous Metals|Aluminum|Liquids,EJ/yr,2040,absent row,zero
baseline_highce_eu,CHL,Final Energy|Industry|Non-Ferrous Metals|Aluminum|Liquids,EJ/yr,2050,absent row,zero
baseline_highce_eu,CHN,Final Energy|Industry|Non-Ferrous Metals|Aluminum|Liquids,EJ/yr,2050,blank cell,zero
baseline_highce_eu,ENE,Final Energy|Industry|Non-Ferrous Metals|Aluminum|Liquids,EJ/yr,2019,absent row,zero
baseline_highce_eu,ENE,Final Energy|Industry|Non-Ferrous Metals|Aluminum|Liquids,EJ/yr,2024,absent row,zero
baseline_highce_eu,ENE,Final Energy|Industry|Non-Ferrous Metals|Aluminum|Liquids,EJ/yr,2030,absent row,zero
baseline_highce_eu,ENE,Final Energy|Industry|Non-Ferrous Metals|Aluminum|Liquids,EJ/yr,2035,absent row,zero
baseline_highce_eu,ENE,Final Energy|Industry|Non-Ferrous Metals|Aluminum|Liquids,EJ/yr,2040,absent row,zero
baseline_highce_eu,ENE,Final Energy|Industry|Non-Ferrous Metals|Aluminum|Liquids,EJ/yr,2050,absent row,zero
baseline_highce_eu,ENW,Final Energy|Industry|Non-Ferrous Metals|Aluminum|Liquids,EJ/yr,2019,absent row,zero
baseline_highce_eu,ENW,Final Energy|Industry|Non-Ferrous Metals|Aluminum|Liquids,EJ/yr,2024,absent row,zero
baseline_highce_eu,ENW,Final Energy|Industry|Non-Ferrous Metals|Aluminum|Liquids,EJ/yr,2030,absent row,zero
baseline_highce_eu,ENW,Final Energy|Industry|Non-Ferrous Metals|Aluminum|Liquids,EJ/yr,2035,absent row,zero
baseline_highce_eu,ENW,Final Energy|Industry|Non-Ferrous Metals|Aluminum|Liquids,EJ/yr,2040,absent row,zero
baseline_highce_eu,ENW,Final Energy|Industry|Non-Ferrous Metals|Aluminum|Liquids,EJ/yr,2050,absent row,zero
baseline_highce_eu,EUE,Final Energy|Industry|Non-Ferrous Metals|Aluminum|Liquids,EJ/yr,2019,absent row,zero
baseline_highce_eu,EUE,Final Energy|Industry|Non-Ferrous Metals|Aluminum|Liquids,EJ/yr,2024,absent row,zero
baseline_highce_eu,EUE,Final Energy|Industry|Non-Ferrous Metals|Aluminum|Liquids,EJ/yr,2030,absent row,zero
baseline_highce_eu,EUE,Final Energy|Industry|Non-Ferrous Metals|Aluminum|Liquids,EJ/yr,2035,absent row,zero
baseline_highce_eu,EUE,Final Energy|Industry|Non-Ferrous Metals|Aluminum|Liquids,EJ/yr,2040,absent row,zero
baseline_highce_eu,EUE,Final Energy|Industry|Non-Ferrous Metals|Aluminum|Liquids,EJ/yr,2050,absent row,zero
baseline_highce_eu,EUM,Final Energy|Industry|Non-Ferrous Metals|Aluminum|Liquids,EJ/yr,2019,absent row,zero
baseline_highce_eu,EUM,Final Energy|Industry|Non-Ferrous Metals|Aluminum|Liquids,EJ/yr,2024,absent row,zero
baseline_highce_eu,EUM,Final Energy|Industry|Non-Ferrous Metals|Aluminum|Liquids,EJ/yr,2030,absent row,zero
baseline_highce_eu,EUM,Final Energy|Industry|Non-Ferrous Metals|Aluminum|Liquids,EJ/yr,2035,absent row,zero
baseline_highce_eu,EUM,Final Energy|Industry|Non-Ferrous Metals|Aluminum|Liquids,EJ/yr,2040,absent row,zero
baseline_highce_eu,EUM,Final Energy|Industry|Non-Ferrous Metals|Aluminum|Liquids,EJ/yr,2050,absent row,zero
baseline_highce_eu,EUW,Final Energy|Industry|Non-Ferrous Metals|Aluminum|Liquids,EJ/yr,2019,absent row,zero
baseline_highce_eu,EUW,Final Energy|Industry|Non-Ferrous Metals|Aluminum|Liquids,EJ/yr,2024,absent row,zero
baseline_highce_eu,EUW,Final Energy|Industry|Non-Ferrous Metals|Aluminum|Liquids,EJ/yr,2030,absent row,zero
baseline_highce_eu,EUW,Final Energy|Industry|Non-Ferrous Metals|Aluminum|Liquids,EJ/yr,2035,absent row,zero
baseline_highce_eu,EUW,Final Energy|Industry|Non-Ferrous Metals|Aluminum|Liquids,EJ/yr,2040,absent row,zero
baseline_highce_eu,EUW,Final Energy|Industry|Non-Ferrous Metals|Aluminum|Liquids,EJ/yr,2050,absent row,zero
baseline_highce_eu,IDN,Final Energy|Industry|Non-Ferrous Metals|Aluminum|Liquids,EJ/yr,2050,blank cell,zero
baseline_highce_eu,IND,Final Energy|Industry|Non-Ferrous Metals|Aluminum|Liquids,EJ/yr,2050,blank cell,zero
baseline_highce_eu,JPN,Final Energy|Industry|Non-Ferrous Metals|Aluminum|Liquids,EJ/yr,2019,absent row,zero
baseline_highce_eu,JPN,Final Energy|Industry|Non-Ferrous Metals|Aluminum|Liquids,EJ/yr,2024,absent row,zero
baseline_highce_eu,JPN,Final Energy|Industry|Non-Ferrous Metals|Aluminum|Liquids,EJ/yr,2030,absent row,zero
baseline_highce_eu,JPN,Final Energy|Industry|Non-Ferrous Metals|Aluminum|Liquids,EJ/yr,2035,absent row,zero
baseline_highce_eu,JPN,Final Energy|Industry|Non-Ferrous Metals|Aluminum|Liquids,EJ/yr,2040,absent row,zero
baseline_highce_eu,JPN,Final Energy|Industry|Non-Ferrous Metals|Aluminum|Liquids,EJ/yr,2050,absent row,zero
baseline_highce_eu,LAM,Final Energy|Industry|Non-Ferrous Metals|Aluminum|Liquids,EJ/yr,2050,blank cell,zero
baseline_highce_eu,MDA,Final Energy|Industry|Non-Ferrous Metals|Aluminum|Liquids,EJ/yr,2050,blank cell,zero
baseline_highce_eu,MEA,Final Energy|Industry|Non-Ferrous Metals|Aluminum|Liquids,EJ/yr,2019,absent row,zero
baseline_highce_eu,MEA,Final Energy|Industry|Non-Ferrous Metals|Aluminum|Liquids,EJ/yr,2024,absent row,zero
baseline_highce_eu,MEA,Final Energy|Industry|Non-Ferrous Metals|Aluminum|Liquids,EJ/yr,2030,absent row,zero
baseline_highce_eu,MEA,Final Energy|Industry|Non-Ferrous Metals|Aluminum|Liquids,EJ/yr,2035,absent row,zero
baseline_highce_eu,MEA,Final Energy|Industry|Non-Ferrous Metals|Aluminum|Liquids,EJ/yr,2040,absent row,zero
baseline_highce_eu,MEA,Final Energy|Industry|Non-Ferrous Metals|Aluminum|Liquids,EJ/yr,2050,absent row,zero
baseline_highce_eu,MEX,Final Energy|Industry|Non-Ferrous Metals|Aluminum|Liquids,EJ/yr,2019,absent row,zero
baseline_highce_eu,MEX,Final Energy|Industry|Non-Ferrous Metals|Aluminum|Liquids,EJ/yr,2024,absent row,zero
baseline_highce_eu,MEX,Final Energy|Industry|Non-Ferrous Metals|Aluminum|Liquids,EJ/yr,2030,absent row,zero
baseline_highce_eu,MEX,Final Energy|Industry|Non-Ferrous Metals|Aluminum|Liquids,EJ/yr,2035,absent row,zero
baseline_highce_eu,MEX,Final Energy|Industry|Non-Ferrous Metals|Aluminum|Liquids,EJ/yr,2040,absent row,zero
baseline_highce_eu,MEX,Final Energy|Industry|Non-Ferrous Metals|Aluminum|Liquids,EJ/yr,2050,absent row,zero
baseline_highce_eu,NIG,Final Energy|Industry|Non-Ferrous Metals|Aluminum|Liquids,EJ/yr,2019,absent row,zero
baseline_highce_eu,NIG,Final Energy|Industry|Non-Ferrous Metals|Aluminum|Liquids,EJ/yr,2024,absent row,zero
baseline_highce_eu,NIG,Final Energy|Industry|Non-Ferrous Metals|Aluminum|Liquids,EJ/yr,2030,absent row,zero
baseline_highce_eu,NIG,Final Energy|Industry|Non-Ferrous Metals|Aluminum|Liquids,EJ/yr,2035,absent row,zero
baseline_highce_eu,NIG,Final Energy|Industry|Non-Ferrous Metals|Aluminum|Liquids,EJ/yr,2040,absent row,zero
baseline_highce_eu,NIG,Final Energy|Industry|Non-Ferrous Metals|Aluminum|Liquids,EJ/yr,2050,absent row,zero
baseline_highce_eu,RUS,Final Energy|Industry|Non-Ferrous Metals|Aluminum|Liquids,EJ/yr,2019,absent row,zero
baseline_highce_eu,RUS,Final Energy|Industry|Non-Ferrous Metals|Aluminum|Liquids,EJ/yr,2024,absent row,zero
baseline_highce_eu,RUS,Final Energy|Industry|Non-Ferrous Metals|Aluminum|Liquids,EJ/yr,2030,absent row,zero
baseline_highce_eu,RUS,Final Energy|Industry|Non-Ferrous Metals|Aluminum|Liquids,EJ/yr,2035,absent row,zero
baseline_highce_eu,RUS,Final Energy|Industry|Non-Ferrous Metals|Aluminum|Liquids,EJ/yr,2040,absent row,zero
baseline_highce_eu,RUS,Final Energy|Industry|Non-Ferrous Metals|Aluminum|Liquids,EJ/yr,2050,absent row,zero
baseline_highce_eu,SKT,Final Energy|Industry|Non-Ferrous Metals|Aluminum|Liquids,EJ/yr,2019,absent row,zero
baseline_highce_eu,SKT,Final Energy|Industry|Non-Ferrous Metals|Aluminum|Liquids,EJ/yr,2024,absent row,zero
baseline_highce_eu,SKT,Final Energy|Industry|Non-Ferrous Metals|Aluminum|Liquids,EJ/yr,2030,absent row,zero
baseline_highce_eu,SKT,Final Energy|Industry|Non-Ferrous Metals|Aluminum|Liquids,EJ/yr,2035,absent row,zero
baseline_highce_eu,SKT,Final Energy|Industry|Non-Ferrous Metals|Aluminum|Liquids,EJ/yr,2040,absent row,zero
baseline_highce_eu,SKT,Final Energy|Industry|Non-Ferrous Metals|Aluminum|Liquids,EJ/yr,2050,absent row,zero
baseline_highce_eu,USA,Final Energy|Industry|Non-Ferrous Metals|Aluminum|Liquids,EJ/yr,2019,absent row,zero
baseline_highce_eu,USA,Final Energy|Industry|Non-Ferrous Metals|Aluminum|Liquids,EJ/yr,2024,absent row,zero
baseline_highce_eu,USA,Final Energy|Industry|Non-Ferrous Metals|Aluminum|Liquids,EJ/yr,2030,absent row,zero
baseline_highce_eu,USA,Final Energy|Industry|Non-Ferrous Metals|Aluminum|Liquids,EJ/yr,2035,absent row,zero
baseline_highce_eu,USA,Final Energy|Industry|Non-Ferrous Metals|Aluminum|Liquids,EJ/yr,2040,absent row,zero
baseline_highce_eu,USA,Final Energy|Industry|Non-Ferrous Metals|Aluminum|Liquids,EJ/yr,2050,absent row,zero
baseline_highce_eu,AFE,Final Energy|Industry|Non-Ferrous Metals|Aluminum|Solids,EJ/yr,2019,absent row,zero
baseline_highce_eu,AFE,Final Energy|Industry|Non-Ferrous Metals|Aluminum|Solids,EJ/yr,2024,absent row,zero
baseline_highce_eu,AFE,Final Energy|Industry|Non-Ferrous Metals|Aluminum|Solids,EJ/yr,2030,absent row,zero
baseline_highce_eu,AFE,Final Energy|Industry|Non-Ferrous Metals|Aluminum|Solids,EJ/yr,2035,absent row,zero
baseline_highce_eu,AFE,Final Energy|Industry|Non-Ferrous Metals|Aluminum|Solids,EJ/yr,2040,absent row,zero
baseline_highce_eu,AFE,Final Energy|Industry|Non-Ferrous Metals|Aluminum|Solids,EJ/yr,2050,absent row,zero
baseline_highce_eu,AFN,Final Energy|Industry|Non-Ferrous Metals|Aluminum|Solids,EJ/yr,2019,absent row,zero
baseline_highce_eu,AFN,Final Energy|Industry|Non-Ferrous Metals|Aluminum|Solids,EJ/yr,2024,absent row,zero
baseline_highce_eu,AFN,Final Energy|Industry|Non-Ferrous Metals|Aluminum|Solids,EJ/yr,2030,absent row,zero
baseline_highce_eu,AFN,Final Energy|Industry|Non-Ferrous Metals|Aluminum|Solids,EJ/yr,2035,absent row,zero
baseline_highce_eu,AFN,Final Energy|Industry|Non-Ferrous Metals|Aluminum|Solids,EJ/yr,2040,absent row,zero
baseline_highce_eu,AFN,Final Energy|Industry|Non-Ferrous Metals|Aluminum|Solids,EJ/yr,2050,absent row,zero
baseline_highce_eu,AFW,Final Energy|Industry|Non-Ferrous Metals|Aluminum|Solids,EJ/yr,2050,blank cell,zero
baseline_highce_eu,AFZ,Final Energy|Industry|Non-Ferrous Metals|Aluminum|Solids,EJ/yr,2050,blank cell,zero
baseline_highce_eu,ANZ,Final Energy|Industry|Non-Ferrous Metals|Aluminum|Solids,EJ/yr,2040,blank cell,zero
baseline_highce_eu,ANZ,Final Energy|Industry|Non-Ferrous Metals|Aluminum|Solids,EJ/yr,2050,blank cell,zero
baseline_highce_eu,ASC,Final Energy|Industry|Non-Ferrous Metals|Aluminum|Solids,EJ/yr,2050,blank cell,zero
baseline_highce_eu,ASE,Final Energy|Industry|Non-Ferrous Metals|Aluminum|Solids,EJ/yr,2040,blank cell,zero
baseline_highce_eu,ASE,Final Energy|Industry|Non-Ferrous Metals|Aluminum|Solids,EJ/yr,2050,blank cell,zero
baseline_highce_eu,ASO,Final Energy|Industry|Non-Ferrous Metals|Aluminum|Solids,EJ/yr,2019,absent row,zero
baseline_highce_eu,ASO,Final Energy|Industry|Non-Ferrous Metals|Aluminum|Solids,EJ/yr,2024,absent row,zero
baseline_highce_eu,ASO,Final Energy|Industry|Non-Ferrous Metals|Aluminum|Solids,EJ/yr,2030,absent row,zero
baseline_highce_eu,ASO,Final Energy|Industry|Non-Ferrous Metals|Aluminum|Solids,EJ/yr,2035,absent row,zero
baseline_highce_eu,ASO,Final Energy|Industry|Non-Ferrous Metals|Aluminum|Solids,EJ/yr,2040,absent row,zero
baseline_highce_eu,ASO,Final Energy|Industry|Non-Ferrous Metals|Aluminum|Solids,EJ/yr,2050,absent row,zero
baseline_highce_eu,BRA,Final Energy|Industry|Non-Ferrous Metals|Aluminum|Solids,EJ/yr,2040,blank cell,zero
baseline_highce_eu,BRA,Final Energy|Industry|Non-Ferrous Metals|Aluminum|Solids,EJ/yr,2050,blank cell,zero
baseline_highce_eu,CAN,Final Energy|Industry|Non-Ferrous Metals|Aluminum|Solids,EJ/yr,2019,absent row,zero
baseline_highce_eu,CAN,Final Energy|Industry|Non-Ferrous Metals|Aluminum|Solids,EJ/yr,2024,absent row,zero
baseline_highce_eu,CAN,Final Energy|Industry|Non-Ferrous Metals|Aluminum|Solids,EJ/yr,2030,absent row,zero
baseline_highce_eu,CAN,Final Energy|Industry|Non-Ferrous Metals|Aluminum|Solids,EJ/yr,2035,absent row,zero
baseline_highce_eu,CAN,Final Energy|Industry|Non-Ferrous Metals|Aluminum|Solids,EJ/yr,2040,absent row,zero
baseline_highce_eu,CAN,Final Energy|Industry|Non-Ferrous Metals|Aluminum|Solids,EJ/yr,2050,absent row,zero
baseline_highce_eu,CHL,Final Energy|Industry|Non-Ferrous Metals|Aluminum|Solids,EJ/yr,2019,absent row,zero
baseline_highce_eu,CHL,Final Energy|Industry|Non-Ferrous Metals|Aluminum|Solids,EJ/yr,2024,absent row,zero
baseline_highce_eu,CHL,Final Energy|Industry|Non-Ferrous Metals|Aluminum|Solids,EJ/yr,2030,absent row,zero
baseline_highce_eu,CHL,Final Energy|Industry|Non-Ferrous Metals|Aluminum|Solids,EJ/yr,2035,absent row,zero
baseline_highce_eu,CHL,Final Energy|Industry|Non-Ferrous Metals|Aluminum|Solids,EJ/yr,2040,absent row,zero
baseline_highce_eu,CHL,Final Energy|Industry|Non-Ferrous Metals|Aluminum|Solids,EJ/yr,2050,absent row,zero
baseline_highce_eu,CHN,Final Energy|Industry|Non-Ferrous Metals|Aluminum|Solids,EJ/yr,2050,blank cell,zero
baseline_highce_eu,ENE,Final Energy|Industry|Non-Ferrous Metals|Aluminum|Solids,EJ/yr,2019,absent row,zero
baseline_highce_eu,ENE,Final Energy|Industry|Non-Ferrous Metals|Aluminum|Solids,EJ/yr,2024,absent row,zero
baseline_highce_eu,ENE,Final Energy|Industry|Non-Ferrous Metals|Aluminum|Solids,EJ/yr,2030,absent row,zero
baseline_highce_eu,ENE,Final Energy|Industry|Non-Ferrous Metals|Aluminum|Solids,EJ/yr,2035,absent row,zero
baseline_highce_eu,ENE,Final Energy|Industry|Non-Ferrous Metals|Aluminum|Solids,EJ/yr,2040,absent row,zero
baseline_highce_eu,ENE,Final Energy|Industry|Non-Ferrous Metals|Aluminum|Solids,EJ/yr,2050,absent row,zero
baseline_highce_eu,ENW,Final Energy|Industry|Non-Ferrous Metals|Aluminum|Solids,EJ/yr,2019,absent row,zero
baseline_highce_eu,ENW,Final Energy|Industry|Non-Ferrous Metals|Aluminum|Solids,EJ/yr,2024,absent row,zero
baseline_highce_eu,ENW,Final Energy|Industry|Non-Ferrous Metals|Aluminum|Solids,EJ/yr,2030,absent row,zero
baseline_highce_eu,ENW,Final Energy|Industry|Non-Ferrous Metals|Aluminum|Solids,EJ/yr,2035,absent row,zero
baseline_highce_eu,ENW,Final Energy|Industry|Non-Ferrous Metals|Aluminum|Solids,EJ/yr,2040,absent row,zero
baseline_highce_eu,ENW,Final Energy|Industry|Non-Ferrous Metals|Aluminum|Solids,EJ/yr,2050,absent row,zero
baseline_highce_eu,EUE,Final Energy|Industry|Non-Ferrous Metals|Aluminum|Solids,EJ/yr,2019,absent row,zero
baseline_highce_eu,EUE,Final Energy|Industry|Non-Ferrous Metals|Aluminum|Solids,EJ/yr,2024,absent row,zero
baseline_highce_eu,EUE,Final Energy|Industry|Non-Ferrous Metals|Aluminum|Solids,EJ/yr,2030,absent row,zero
baseline_highce_eu,EUE,Final Energy|Industry|Non-Ferrous Metals|Aluminum|Solids,EJ/yr,2035,absent row,zero
baseline_highce_eu,EUE,Final Energy|Industry|Non-Ferrous Metals|Aluminum|Solids,EJ/yr,2040,absent row,zero
baseline_highce_eu,EUE,Final Energy|Industry|Non-Ferrous Metals|Aluminum|Solids,EJ/yr,2050,absent row,zero
baseline_highce_eu,EUM,Final Energy|Industry|Non-Ferrous Metals|Aluminum|Solids,EJ/yr,2019,absent row,zero
baseline_highce_eu,EUM,Final Energy|Industry|Non-Ferrous Metals|Aluminum|Solids,EJ/yr,2024,absent row,zero
baseline_highce_eu,EUM,Final Energy|Industry|Non-Ferrous Metals|Aluminum|Solids,EJ/yr,2030,absent row,zero
baseline_highce_eu,EUM,Final Energy|Industry|Non-Ferrous Metals|Aluminum|Solids,EJ/yr,2035,absent row,zero
baseline_highce_eu,EUM,Final Energy|Industry|Non-Ferrous Metals|Aluminum|Solids,EJ/yr,2040,absent row,zero
baseline_highce_eu,EUM,Final Energy|Industry|Non-Ferrous Metals|Aluminum|Solids,EJ/yr,2050,absent row,zero
baseline_highce_eu,EUW,Final Energy|Industry|Non-Ferrous Metals|Aluminum|Solids,EJ/yr,2019,absent row,zero
baseline_highce_eu,EUW,Final Energy|Industry|Non-Ferrous Metals|Aluminum|Solids,EJ/yr,2024,absent row,zero
baseline_highce_eu,EUW,Final Energy|Industry|Non-Ferrous Metals|Aluminum|Solids,EJ/yr,2030,absent row,zero
baseline_highce_eu,EUW,Final Energy|Industry|Non-Ferrous Metals|Aluminum|Solids,EJ/yr,2035,absent row,zero
baseline_highce_eu,EUW,Final Energy|Industry|Non-Ferrous Metals|Aluminum|Solids,EJ/yr,2040,absent row,zero
baseline_highce_eu,EUW,Final Energy|Industry|Non-Ferrous Metals|Aluminum|Solids,EJ/yr,2050,absent row,zero
baseline_highce_eu,IDN,Final Energy|Industry|Non-Ferrous Metals|Aluminum|Solids,EJ/yr,2050,blank cell,zero
baseline_highce_eu,IND,Final Energy|Industry|Non-Ferrous Metals|Aluminum|Solids,EJ/yr,2050,blank cell,zero
baseline_highce_eu,JPN,Final Energy|Industry|Non-Ferrous Metals|Aluminum|Solids,EJ/yr,2019,absent row,zero
baseline_highce_eu,JPN,Final Energy|Industry|Non-Ferrous Metals|Aluminum|Solids,EJ/yr,2024,absent row,zero
baseline_highce_eu,JPN,Final Energy|Industry|Non-Ferrous Metals|Aluminum|Solids,EJ/yr,2030,absent row,zero
baseline_highce_eu,JPN,Final Energy|Industry|Non-Ferrous Metals|Aluminum|Solids,EJ/yr,2035,absent row,zero
baseline_highce_eu,JPN,Final Energy|Industry|Non-Ferrous Metals|Aluminum|Solids,EJ/yr,2040,absent row,zero
baseline_highce_eu,JPN,Final Energy|Industry|Non-Ferrous Metals|Aluminum|Solids,EJ/yr,2050,absent row,zero
baseline_highce_eu,LAM,Final Energy|Industry|Non-Ferrous Metals|Aluminum|Solids,EJ/yr,2050,blank cell,zero
baseline_highce_eu,MDA,Final Energy|Industry|Non-Ferrous Metals|Aluminum|Solids,EJ/yr,2050,blank cell,zero
baseline_highce_eu,MEA,Final Energy|Industry|Non-Ferrous Metals|Aluminum|Solids,EJ/yr,2019,absent row,zero
baseline_highce_eu,MEA,Final Energy|Industry|Non-Ferrous Metals|Aluminum|Solids,EJ/yr,2024,absent row,zero
baseline_highce_eu,MEA,Final Energy|Industry|Non-Ferrous Metals|Aluminum|Solids,EJ/yr,2030,absent row,zero
baseline_highce_eu,MEA,Final Energy|Industry|Non-Ferrous Metals|Aluminum|Solids,EJ/yr,2035,absent row,zero
baseline_highce_eu,MEA,Final Energy|Industry|Non-Ferrous Metals|Aluminum|Solids,EJ/yr,2040,absent row,zero
baseline_highce_eu,MEA,Final Energy|Industry|Non-Ferrous Metals|Aluminum|Solids,EJ/yr,2050,absent row,zero
baseline_highce_eu,MEX,Final Energy|Industry|Non-Ferrous Metals|Aluminum|Solids,EJ/yr,2019,absent row,zero
baseline_highce_eu,MEX,Final Energy|Industry|Non-Ferrous Metals|Aluminum|Solids,EJ/yr,2024,absent row,zero
baseline_highce_eu,MEX,Final Energy|Industry|Non-Ferrous Metals|Aluminum|Solids,EJ/yr,2030,absent row,zero
baseline_highce_eu,MEX,Final Energy|Industry|Non-Ferrous Metals|Aluminum|Solids,EJ/yr,2035,absent row,zero
baseline_highce_eu,MEX,Final Energy|Industry|Non-Ferrous Metals|Aluminum|Solids,EJ/yr,2040,absent row,zero
baseline_highce_eu,MEX,Final Energy|Industry|Non-Ferrous Metals|Aluminum|Solids,EJ/yr,2050,absent row,zero
baseline_highce_eu,NIG,Final Energy|Industry|Non-Ferrous Metals|Aluminum|Solids,EJ/yr,2019,absent row,zero
baseline_highce_eu,NIG,Final Energy|Industry|Non-Ferrous Metals|Aluminum|Solids,EJ/yr,2024,absent row,zero
baseline_highce_eu,NIG,Final Energy|Industry|Non-Ferrous Metals|Aluminum|Solids,EJ/yr,2030,absent row,zero
baseline_highce_eu,NIG,Final Energy|Industry|Non-Ferrous Metals|Aluminum|Solids,EJ/yr,2035,absent row,zero
baseline_highce_eu,NIG,Final Energy|Industry|Non-Ferrous Metals|Aluminum|Solids,EJ/yr,2040,absent row,zero
baseline_highce_eu,NIG,Final Energy|Industry|Non-Ferrous Metals|Aluminum|Solids,EJ/yr,2050,absent row,zero
baseline_highce_eu,RUS,Final Energy|Industry|Non-Ferrous Metals|Aluminum|Solids,EJ/yr,2019,absent row,zero
baseline_highce_eu,RUS,Final Energy|Industry|Non-Ferrous Metals|Aluminum|Solids,EJ/yr,2024,absent row,zero
baseline_highce_eu,RUS,Final Energy|Industry|Non-Ferrous Metals|Aluminum|Solids,EJ/yr,2030,absent row,zero
baseline_highce_eu,RUS,Final Energy|Industry|Non-Ferrous Metals|Aluminum|Solids,EJ/yr,2035,absent row,zero
baseline_highce_eu,RUS,Final Energy|Industry|Non-Ferrous Metals|Aluminum|Solids,EJ/yr,2040,absent row,zero
baseline_highce_eu,RUS,Final Energy|Industry|Non-Ferrous Metals|Aluminum|Solids,EJ/yr,2050,absent row,zero
baseline_highce_eu,SKT,Final Energy|Industry|Non-Ferrous Metals|Aluminum|Solids,EJ/yr,2019,absent row,zero
baseline_highce_eu,SKT,Final Energy|Industry|Non-Ferrous Metals|Aluminum|Solids,EJ/yr,2024,absent row,zero
baseline_highce_eu,SKT,Final Energy|Industry|Non-Ferrous Metals|Aluminum|Solids,EJ/yr,2030,absent row,zero
baseline_highce_eu,SKT,Final Energy|Industry|Non-Ferrous Metals|Aluminum|Solids,EJ/yr,2035,absent row,zero
baseline_highce_eu,SKT,Final Energy|Industry|Non-Ferrous Metals|Aluminum|Solids,EJ/yr,2040,absent row,zero
baseline_highce_eu,SKT,Final Energy|Industry|Non-Ferrous Metals|Aluminum|Solids,EJ/yr,2050,absent row,zero
baseline_highce_eu,USA,Final Energy|Industry|Non-Ferrous Metals|Aluminum|Solids,EJ/yr,2019,absent row,zero
baseline_highce_eu,USA,Final Energy|Industry|Non-Ferrous Metals|Aluminum|Solids,EJ/yr,2024,absent row,zero
baseline_highce_eu,USA,Final Energy|Industry|Non-Ferrous Metals|Aluminum|Solids,EJ/yr,2030,absent row,zero
baseline_highce_eu,USA,Final Energy|Industry|Non-Ferrous Metals|Aluminum|Solids,EJ/yr,2035,absent row,zero
baseline_highce_eu,USA,Final Energy|Industry|Non-Ferrous Metals|Aluminum|Solids,EJ/yr,2040,absent row,zero
baseline_highce_eu,USA,Final Energy|Industry|Non-Ferrous Metals|Aluminum|Solids,EJ/yr,2050,absent row,zero
baseline_highce_eu,CAN,Emissions|GHG|Industry|Iron and Steel,MtCO2e/yr,2050,blank cell,zero
baseline_highce_eu,USA,Emissions|GHG|Industry|Iron and Steel,MtCO2e/yr,2050,blank cell,zero
baseline_highce_eu,AFE,Emissions|GHG|Industry|Non-Ferrous Metals|Aluminum,MtCO2e/yr,2019,absent row,zero
baseline_highce_eu,AFE,Emissions|GHG|Industry|Non-Ferrous Metals|Aluminum,MtCO2e/yr,2024,absent row,zero
baseline_highce_eu,AFE,Emissions|GHG|Industry|Non-Ferrous Metals|Aluminum,MtCO2e/yr,2030,absent row,zero
baseline_highce_eu,AFE,Emissions|GHG|Industry|Non-Ferrous Metals|Aluminum,MtCO2e/yr,2035,absent row,zero
baseline_highce_eu,AFE,Emissions|GHG|Industry|Non-Ferrous Metals|Aluminum,MtCO2e/yr,2040,absent row,zero
baseline_highce_eu,AFE,Emissions|GHG|Industry|Non-Ferrous Metals|Aluminum,MtCO2e/yr,2050,absent row,zero
baseline_highce_eu,ANZ,Emissions|GHG|Industry|Non-Ferrous Metals|Aluminum,MtCO2e/yr,2040,blank cell,zero
baseline_highce_eu,ANZ,Emissions|GHG|Industry|Non-Ferrous Metals|Aluminum,MtCO2e/yr,2050,blank cell,zero
baseline_highce_eu,ASO,Emissions|GHG|Industry|Non-Ferrous Metals|Aluminum,MtCO2e/yr,2019,absent row,zero
baseline_highce_eu,ASO,Emissions|GHG|Industry|Non-Ferrous Metals|Aluminum,MtCO2e/yr,2024,absent row,zero
baseline_highce_eu,ASO,Emissions|GHG|Industry|Non-Ferrous Metals|Aluminum,MtCO2e/yr,2030,absent row,zero
baseline_highce_eu,ASO,Emissions|GHG|Industry|Non-Ferrous Metals|Aluminum,MtCO2e/yr,2035,absent row,zero
baseline_highce_eu,ASO,Emissions|GHG|Industry|Non-Ferrous Metals|Aluminum,MtCO2e/yr,2040,absent row,zero
baseline_highce_eu,ASO,Emissions|GHG|Industry|Non-Ferrous Metals|Aluminum,MtCO2e/yr,2050,absent row,zero
baseline_highce_eu,BRA,Emissions|GHG|Industry|Non-Ferrous Metals|Aluminum,MtCO2e/yr,2050,blank cell,zero
baseline_highce_eu,CAN,Emissions|GHG|Industry|Non-Ferrous Metals|Aluminum,MtCO2e/yr,2050,blank cell,zero
baseline_highce_eu,CHL,Emissions|GHG|Industry|Non-Ferrous Metals|Aluminum,MtCO2e/yr,2019,absent row,zero
baseline_highce_eu,CHL,Emissions|GHG|Industry|Non-Ferrous Metals|Aluminum,MtCO2e/yr,2024,absent row,zero
baseline_highce_eu,CHL,Emissions|GHG|Industry|Non-Ferrous Metals|Aluminum,MtCO2e/yr,2030,absent row,zero
baseline_highce_eu,CHL,Emissions|GHG|Industry|Non-Ferrous Metals|Aluminum,MtCO2e/yr,2035,absent row,zero
baseline_highce_eu,CHL,Emissions|GHG|Industry|Non-Ferrous Metals|Aluminum,MtCO2e/yr,2040,absent row,zero
baseline_highce_eu,CHL,Emissions|GHG|Industry|Non-Ferrous Metals|Aluminum,MtCO2e/yr,2050,absent row,zero
baseline_highce_eu,ENW,Emissions|GHG|Industry|Non-Ferrous Metals|Aluminum,MtCO2e/yr,2040,blank cell,zero
baseline_highce_eu,ENW,Emissions|GHG|Industry|Non-Ferrous Metals|Aluminum,MtCO2e/yr,2050,blank cell,zero
baseline_highce_eu,EUE,Emissions|GHG|Industry|Non-Ferrous Metals|Aluminum,MtCO2e/yr,2050,blank cell,zero
baseline_highce_eu,EUM,Emissions|GHG|Industry|Non-Ferrous Metals|Aluminum,MtCO2e/yr,2040,blank cell,zero
baseline_highce_eu,EUM,Emissions|GHG|Industry|Non-Ferrous Metals|Aluminum,MtCO2e/yr,2050,blank cell,zero
baseline_highce_eu,EUW,Emissions|GHG|Industry|Non-Ferrous Metals|Aluminum,MtCO2e/yr,2050,blank cell,zero
baseline_highce_eu,JPN,Emissions|GHG|Industry|Non-Ferrous Metals|Aluminum,MtCO2e/yr,2050,blank cell,zero
baseline_highce_eu,MDA,Emissions|GHG|Industry|Non-Ferrous Metals|Aluminum,MtCO2e/yr,2050,blank cell,zero
baseline_highce_eu,NIG,Emissions|GHG|Industry|Non-Ferrous Metals|Aluminum,MtCO2e/yr,2019,absent row,zero
baseline_highce_eu,NIG,Emissions|GHG|Industry|Non-Ferrous Metals|Aluminum,MtCO2e/yr,2024,absent row,zero
baseline_highce_eu,NIG,Emissions|GHG|Industry|Non-Ferrous Metals|Aluminum,MtCO2e/yr,2030,absent row,zero
baseline_highce_eu,NIG,Emissions|GHG|Industry|Non-Ferrous Metals|Aluminum,MtCO2e/yr,2035,absent row,zero
baseline_highce_eu,NIG,Emissions|GHG|Industry|Non-Ferrous Metals|Aluminum,MtCO2e/yr,2040,absent row,zero
baseline_highce_eu,NIG,Emissions|GHG|Industry|Non-Ferrous Metals|Aluminum,MtCO2e/yr,2050,absent row,zero
baseline_highce_eu,SKT,Emissions|GHG|Industry|Non-Ferrous Metals|Aluminum,MtCO2e/yr,2050,blank cell,zero
baseline_highce_eu,USA,Emissions|GHG|Industry|Non-Ferrous Metals|Aluminum,MtCO2e/yr,2050,blank cell,zero
baseline_medce_gbl,ASO,Production|Iron and Steel|Primary,Mt/yr,2030,blank cell,zero
baseline_medce_gbl,ASO,Production|Iron and Steel|Primary,Mt/yr,2035,blank cell,zero
baseline_medce_gbl,ASO,Production|Iron and Steel|Primary,Mt/yr,2040,blank cell,zero
baseline_medce_gbl,CAN,Production|Iron and Steel|Primary,Mt/yr,2030,blank cell,zero
baseline_medce_gbl,MEX,Production|Iron and Steel|Primary,Mt/yr,2035,blank cell,zero
baseline_medce_gbl,NIG,Production|Iron and Steel|Primary,Mt/yr,2030,blank cell,zero
baseline_medce_gbl,ANZ,Production|Iron and Steel|Secondary,Mt/yr,2050,blank cell,zero
baseline_medce_gbl,CAN,Production|Iron and Steel|Secondary,Mt/yr,2050,blank cell,zero
baseline_medce_gbl,ENW,Production|Iron and Steel|Secondary,Mt/yr,2050,blank cell,zero
baseline_medce_gbl,EUE,Production|Iron and Steel|Secondary,Mt/yr,2050,blank cell,zero
baseline_medce_gbl,EUM,Production|Iron and Steel|Secondary,Mt/yr,2050,blank cell,zero
baseline_medce_gbl,EUW,Production|Iron and Steel|Secondary,Mt/yr,2050,blank cell,zero
baseline_medce_gbl,SKT,Production|Iron and Steel|Secondary,Mt/yr,2050,blank cell,zero
baseline_medce_gbl,USA,Production|Iron and Steel|Secondary,Mt/yr,2050,blank cell,zero
baseline_medce_gbl,AFE,Production|Non-Ferrous Metals|Aluminum|Primary,Mt/yr,2019,absent row,zero
baseline_medce_gbl,AFE,Production|Non-Ferrous Metals|Aluminum|Primary,Mt/yr,2024,absent row,zero
baseline_medce_gbl,AFE,Production|Non-Ferrous Metals|Aluminum|Primary,Mt/yr,2030,absent row,zero
baseline_medce_gbl,AFE,Production|Non-Ferrous Metals|Aluminum|Primary,Mt/yr,2035,absent row,zero
baseline_medce_gbl,AFE,Production|Non-Ferrous Metals|Aluminum|Primary,Mt/yr,2040,absent row,zero
baseline_medce_gbl,AFE,Production|Non-Ferrous Metals|Aluminum|Primary,Mt/yr,2050,absent row,zero
baseline_medce_gbl,ASO,Production|Non-Ferrous Metals|Aluminum|Primary,Mt/yr,2019,absent row,zero
baseline_medce_gbl,ASO,Production|Non-Ferrous Metals|Aluminum|Primary,Mt/yr,2024,absent row,zero
baseline_medce_gbl,ASO,Production|Non-Ferrous Metals|Aluminum|Primary,Mt/yr,2030,absent row,zero
baseline_medce_gbl,ASO,Production|Non-Ferrous Metals|Aluminum|Primary,Mt/yr,2035,absent row,zero
baseline_medce_gbl,ASO,Production|Non-Ferrous Metals|Aluminum|Primary,Mt/yr,2040,absent row,zero
baseline_medce_gbl,ASO,Production|Non-Ferrous Metals|Aluminum|Primary,Mt/yr,2050,absent row,zero
baseline_medce_gbl,CHL,Production|Non-Ferrous Metals|Aluminum|Primary,Mt/yr,2019,absent row,zero
baseline_medce_gbl,CHL,Production|Non-Ferrous Metals|Aluminum|Primary,Mt/yr,2024,absent row,zero
baseline_medce_gbl,CHL,Production|Non-Ferrous Metals|Aluminum|Primary,Mt/yr,2030,absent row,zero
baseline_medce_gbl,CHL,Production|Non-Ferrous Metals|Aluminum|Primary,Mt/yr,2035,absent row,zero
baseline_medce_gbl,CHL,Production|Non-Ferrous Metals|Aluminum|Primary,Mt/yr,2040,absent row,zero
baseline_medce_gbl,CHL,Production|Non-Ferrous Metals|Aluminum|Primary,Mt/yr,2050,absent row,zero
baseline_medce_gbl,JPN,Production|Non-Ferrous Metals|Aluminum|Primary,Mt/yr,2019,blank cell,zero
baseline_medce_gbl,JPN,Production|Non-Ferrous Metals|Aluminum|Primary,Mt/yr,2030,blank cell,zero
baseline_medce_gbl,JPN,Production|Non-Ferrous Metals|Aluminum|Primary,Mt/yr,2035,blank cell,zero
baseline_medce_gbl,JPN,Production|Non-Ferrous Metals|Aluminum|Primary,Mt/yr,2040,blank cell,zero
baseline_medce_gbl,JPN,Production|Non-Ferrous Metals|Aluminum|Primary,Mt/yr,2050,blank cell,zero
baseline_medce_gbl,MEX,Production|Non-Ferrous Metals|Aluminum|Primary,Mt/yr,2019,blank cell,zero
baseline_medce_gbl,MEX,Production|Non-Ferrous Metals|Aluminum|Primary,Mt/yr,2030,blank cell,zero
baseline_medce_gbl,MEX,Production|Non-Ferrous Metals|Aluminum|Primary,Mt/yr,2035,blank cell,zero
baseline_medce_gbl,MEX,Production|Non-Ferrous Metals|Aluminum|Primary,Mt/yr,2040,blank cell,zero
baseline_medce_gbl,NIG,Production|Non-Ferrous Metals|Aluminum|Primary,Mt/yr,2019,absent row,zero
baseline_medce_gbl,NIG,Production|Non-Ferrous Metals|Aluminum|Primary,Mt/yr,2024,absent row,zero
baseline_medce_gbl,NIG,Production|Non-Ferrous Metals|Aluminum|Primary,Mt/yr,2030,absent row,zero
baseline_medce_gbl,NIG,Production|Non-Ferrous Metals|Aluminum|Primary,Mt/yr,2035,absent row,zero
baseline_medce_gbl,NIG,Production|Non-Ferrous Metals|Aluminum|Primary,Mt/yr,2040,absent row,zero
baseline_medce_gbl,NIG,Production|Non-Ferrous Metals|Aluminum|Primary,Mt/yr,2050,absent row,zero
baseline_medce_gbl,SKT,Production|Non-Ferrous Metals|Aluminum|Primary,Mt/yr,2019,blank cell,zero
baseline_medce_gbl,SKT,Production|Non-Ferrous Metals|Aluminum|Primary,Mt/yr,2030,blank cell,zero
baseline_medce_gbl,SKT,Production|Non-Ferrous Metals|Aluminum|Primary,Mt/yr,2035,blank cell,zero
baseline_medce_gbl,SKT,Production|Non-Ferrous Metals|Aluminum|Primary,Mt/yr,2040,blank cell,zero
baseline_medce_gbl,SKT,Production|Non-Ferrous Metals|Aluminum|Primary,Mt/yr,2050,blank cell,zero
baseline_medce_gbl,AFE,Production|Non-Ferrous Metals|Aluminum|Secondary,Mt/yr,2019,absent row,zero
baseline_medce_gbl,AFE,Production|Non-Ferrous Metals|Aluminum|Secondary,Mt/yr,2024,absent row,zero
baseline_medce_gbl,AFE,Production|Non-Ferrous Metals|Aluminum|Secondary,Mt/yr,2030,absent row,zero
baseline_medce_gbl,AFE,Production|Non-Ferrous Metals|Aluminum|Secondary,Mt/yr,2035,absent row,zero
baseline_medce_gbl,AFE,Production|Non-Ferrous Metals|Aluminum|Secondary,Mt/yr,2040,absent row,zero
baseline_medce_gbl,AFE,Production|Non-Ferrous Metals|Aluminum|Secondary,Mt/yr,2050,absent row,zero
baseline_medce_gbl,AFN,Production|Non-Ferrous Metals|Aluminum|Secondary,Mt/yr,2050,blank cell,zero
baseline_medce_gbl,ANZ,Production|Non-Ferrous Metals|Aluminum|Secondary,Mt/yr,2040,blank cell,zero
baseline_medce_gbl,ANZ,Production|Non-Ferrous Metals|Aluminum|Secondary,Mt/yr,2050,blank cell,zero
baseline_medce_gbl,ASO,Production|Non-Ferrous Metals|Aluminum|Secondary,Mt/yr,2019,absent row,zero
baseline_medce_gbl,ASO,Production|Non-Ferrous Metals|Aluminum|Secondary,Mt/yr,2024,absent row,zero
baseline_medce_gbl,ASO,Production|Non-Ferrous Metals|Aluminum|Secondary,Mt/yr,2030,absent row,zero
baseline_medce_gbl,ASO,Production|Non-Ferrous Metals|Aluminum|Secondary,Mt/yr,2035,absent row,zero
baseline_medce_gbl,ASO,Production|Non-Ferrous Metals|Aluminum|Secondary,Mt/yr,2040,absent row,zero
baseline_medce_gbl,ASO,Production|Non-Ferrous Metals|Aluminum|Secondary,Mt/yr,2050,absent row,zero
baseline_medce_gbl,BRA,Production|Non-Ferrous Metals|Aluminum|Secondary,Mt/yr,2050,blank cell,zero
baseline_medce_gbl,CAN,Production|Non-Ferrous Metals|Aluminum|Secondary,Mt/yr,2035,blank cell,zero
baseline_medce_gbl,CAN,Production|Non-Ferrous Metals|Aluminum|Secondary,Mt/yr,2050,blank cell,zero
baseline_medce_gbl,CHL,Production|Non-Ferrous Metals|Aluminum|Secondary,Mt/yr,2019,absent row,zero
baseline_medce_gbl,CHL,Production|Non-Ferrous Metals|Aluminum|Secondary,Mt/yr,2024,absent row,zero
baseline_medce_gbl,CHL,Production|Non-Ferrous Metals|Aluminum|Secondary,Mt/yr,2030,absent row,zero
baseline_medce_gbl,CHL,Production|Non-Ferrous Metals|Aluminum|Secondary,Mt/yr,2035,absent row,zero
baseline_medce_gbl,CHL,Production|Non-Ferrous Metals|Aluminum|Secondary,Mt/yr,2040,absent row,zero
baseline_medce_gbl,CHL,Production|Non-Ferrous Metals|Aluminum|Secondary,Mt/yr,2050,absent row,zero
baseline_medce_gbl,ENW,Production|Non-Ferrous Metals|Aluminum|Secondary,Mt/yr,2050,blank cell,zero
baseline_medce_gbl,NIG,Production|Non-Ferrous Metals|Aluminum|Secondary,Mt/yr,2019,absent row,zero
baseline_medce_gbl,NIG,Production|Non-Ferrous Metals|Aluminum|Secondary,Mt/yr,2024,absent row,zero
baseline_medce_gbl,NIG,Production|Non-Ferrous Metals|Aluminum|Secondary,Mt/yr,2030,absent row,zero
baseline_medce_gbl,NIG,Production|Non-Ferrous Metals|Aluminum|Secondary,Mt/yr,2035,absent row,zero
baseline_medce_gbl,NIG,Production|Non-Ferrous Metals|Aluminum|Secondary,Mt/yr,2040,absent row,zero
baseline_medce_gbl,NIG,Production|Non-Ferrous Metals|Aluminum|Secondary,Mt/yr,2050,absent row,zero
baseline_medce_gbl,RUS,Production|Non-Ferrous Metals|Aluminum|Secondary,Mt/yr,2050,blank cell,zero
baseline_medce_gbl,USA,Production|Non-Ferrous Metals|Aluminum|Secondary,Mt/yr,2050,blank cell,zero
baseline_medce_gbl,AFW,Final Energy|Industry|Non-Metallic Minerals|Cement|Gases,EJ/yr,2019,blank cell,zero
baseline_medce_gbl,ASO,Final Energy|Industry|Non-Metallic Minerals|Cement|Gases,EJ/yr,2019,blank cell,zero
baseline_medce_gbl,CHN,Final Energy|Industry|Non-Metallic Minerals|Cement|Gases,EJ/yr,2019,blank cell,zero
baseline_medce_gbl,IND,Final Energy|Industry|Non-Metallic Minerals|Cement|Gases,EJ/yr,2019,blank cell,zero
baseline_medce_gbl,MEA,Final Energy|Industry|Non-Metallic Minerals|Cement|Liquids,EJ/yr,2019,blank cell,zero
baseline_medce_gbl,ASO,Final Energy|Industry|Iron and Steel|Gases,EJ/yr,2030,blank cell,zero
baseline_medce_gbl,ASO,Final Energy|Industry|Iron and Steel|Gases,EJ/yr,2035,blank cell,zero
baseline_medce_gbl,ASO,Final Energy|Industry|Iron and Steel|Gases,EJ/yr,2040,blank cell,zero
baseline_medce_gbl,BRA,Final Energy|Industry|Iron and Steel|Gases,EJ/yr,2050,blank cell,zero
baseline_medce_gbl,CAN,Final Energy|Industry|Iron and Steel|Gases,EJ/yr,2030,blank cell,zero
baseline_medce_gbl,CAN,Final Energy|Industry|Iron and Steel|Gases,EJ/yr,2050,blank cell,zero
baseline_medce_gbl,MEX,Final Energy|Industry|Iron and Steel|Gases,EJ/yr,2035,blank cell,zero
baseline_medce_gbl,MEX,Final Energy|Industry|Iron and Steel|Gases,EJ/yr,2040,blank cell,zero
baseline_medce_gbl,NIG,Final Energy|Industry|Iron and Steel|Gases,EJ/yr,2030,blank cell,zero
baseline_medce_gbl,NIG,Final Energy|Industry|Iron and Steel|Gases,EJ/yr,2035,blank cell,zero
baseline_medce_gbl,NIG,Final Energy|Industry|Iron and Steel|Gases,EJ/yr,2040,blank cell,zero
baseline_medce_gbl,USA,Final Energy|Industry|Iron and Steel|Gases,EJ/yr,2050,blank cell,zero
baseline_medce_gbl,AFE,Final Energy|Industry|Iron and Steel|Hydrogen,EJ/yr,2019,blank cell,zero
baseline_medce_gbl,AFE,Final Energy|Industry|Iron and Steel|Hydrogen,EJ/yr,2024,blank cell,zero
baseline_medce_gbl,AFN,Final Energy|Industry|Iron and Steel|Hydrogen,EJ/yr,2019,blank cell,zero
baseline_medce_gbl,AFN,Final Energy|Industry|Iron and Steel|Hydrogen,EJ/yr,2024,blank cell,zero
baseline_medce_gbl,AFN,Final Energy|Industry|Iron and Steel|Hydrogen,EJ/yr,2030,blank cell,zero
baseline_medce_gbl,AFW,Final Energy|Industry|Iron and Steel|Hydrogen,EJ/yr,2019,blank cell,zero
baseline_medce_gbl,AFW,Final Energy|Industry|Iron and Steel|Hydrogen,EJ/yr,2024,blank cell,zero
baseline_medce_gbl,AFW,Final Energy|Industry|Iron and Steel|Hydrogen,EJ/yr,2030,blank cell,zero
baseline_medce_gbl,AFZ,Final Energy|Industry|Iron and Steel|Hydrogen,EJ/yr,2019,blank cell,zero
baseline_medce_gbl,AFZ,Final Energy|Industry|Iron and Steel|Hydrogen,EJ/yr,2024,blank cell,zero
baseline_medce_gbl,AFZ,Final Energy|Industry|Iron and Steel|Hydrogen,EJ/yr,2030,blank cell,zero
baseline_medce_gbl,ANZ,Final Energy|Industry|Iron and Steel|Hydrogen,EJ/yr,2019,blank cell,zero
baseline_medce_gbl,ANZ,Final Energy|Industry|Iron and Steel|Hydrogen,EJ/yr,2024,blank cell,zero
baseline_medce_gbl,ANZ,Final Energy|Industry|Iron and Steel|Hydrogen,EJ/yr,2030,blank cell,zero
baseline_medce_gbl,ANZ,Final Energy|Industry|Iron and Steel|Hydrogen,EJ/yr,2035,blank cell,zero
baseline_medce_gbl,ANZ,Final Energy|Industry|Iron and Steel|Hydrogen,EJ/yr,2050,blank cell,zero
baseline_medce_gbl,ASC,Final Energy|Industry|Iron and Steel|Hydrogen,EJ/yr,2019,blank cell,zero
baseline_medce_gbl,ASC,Final Energy|Industry|Iron and Steel|Hydrogen,EJ/yr,2024,blank cell,zero
baseline_medce_gbl,ASE,Final Energy|Industry|Iron and Steel|Hydrogen,EJ/yr,2019,blank cell,zero
baseline_medce_gbl,ASE,Final Energy|Industry|Iron and Steel|Hydrogen,EJ/yr,2024,blank cell,zero
baseline_medce_gbl,ASE,Final Energy|Industry|Iron and Steel|Hydrogen,EJ/yr,2030,blank cell,zero
baseline_medce_gbl,ASE,Final Energy|Industry|Iron and Steel|Hydrogen,EJ/yr,2035,blank cell,zero
baseline_medce_gbl,ASE,Final Energy|Industry|Iron and Steel|Hydrogen,EJ/yr,2040,blank cell,zero
baseline_medce_gbl,ASO,Final Energy|Industry|Iron and Steel|Hydrogen,EJ/yr,2019,blank cell,zero
baseline_medce_gbl,ASO,Final Energy|Industry|Iron and Steel|Hydrogen,EJ/yr,2024,blank cell,zero
baseline_medce_gbl,ASO,Final Energy|Industry|Iron and Steel|Hydrogen,EJ/yr,2030,blank cell,zero
baseline_medce_gbl,ASO,Final Energy|Industry|Iron and Steel|Hydrogen,EJ/yr,2035,blank cell,zero
baseline_medce_gbl,ASO,Final Energy|Industry|Iron and Steel|Hydrogen,EJ/yr,2040,blank cell,zero
baseline_medce_gbl,BRA,Final Energy|Industry|Iron and Steel|Hydrogen,EJ/yr,2019,blank cell,zero
baseline_medce_gbl,BRA,Final Energy|Industry|Iron and Steel|Hydrogen,EJ/yr,2024,blank cell,zero
baseline_medce_gbl,CAN,Final Energy|Industry|Iron and Steel|Hydrogen,EJ/yr,2019,absent row,zero
baseline_medce_gbl,CAN,Final Energy|Industry|Iron and Steel|Hydrogen,EJ/yr,2024,absent row,zero
baseline_medce_gbl,CAN,Final Energy|Industry|Iron and Steel|Hydrogen,EJ/yr,2030,absent row,zero
baseline_medce_gbl,CAN,Final Energy|Industry|Iron and Steel|Hydrogen,EJ/yr,2035,absent row,zero
baseline_medce_gbl,CAN,Final Energy|Industry|Iron and Steel|Hydrogen,EJ/yr,2040,absent row,zero
baseline_medce_gbl,CAN,Final Energy|Industry|Iron and Steel|Hydrogen,EJ/yr,2050,absent row,zero
baseline_medce_gbl,CHL,Final Energy|Industry|Iron and Steel|Hydrogen,EJ/yr,2019,blank cell,zero
baseline_medce_gbl,CHL,Final Energy|Industry|Iron and Steel|Hydrogen,EJ/yr,2024,blank cell,zero
baseline_medce_gbl,CHL,Final Energy|Industry|Iron and Steel|Hydrogen,EJ/yr,2030,blank cell,zero
baseline_medce_gbl,CHL,Final Energy|Industry|Iron and Steel|Hydrogen,EJ/yr,2035,blank cell,zero
baseline_medce_gbl,CHL,Final Energy|Industry|Iron and Steel|Hydrogen,EJ/yr,2050,blank cell,zero
baseline_medce_gbl,CHN,Final Energy|Industry|Iron and Steel|Hydrogen,EJ/yr,2019,blank cell,zero
baseline_medce_gbl,CHN,Final Energy|Industry|Iron and Steel|Hydrogen,EJ/yr,2024,blank cell,zero
baseline_medce_gbl,CHN,Final Energy|Industry|Iron and Steel|Hydrogen,EJ/yr,2030,blank cell,zero
baseline_medce_gbl,ENE,Final Energy|Industry|Iron and Steel|Hydrogen,EJ/yr,2019,blank cell,zero
baseline_medce_gbl,ENE,Final Energy|Industry|Iron and Steel|Hydrogen,EJ/yr,2024,blank cell,zero
baseline_medce_gbl,ENE,Final Energy|Industry|Iron and Steel|Hydrogen,EJ/yr,2030,blank cell,zero
baseline_medce_gbl,ENW,Final Energy|Industry|Iron and Steel|Hydrogen,EJ/yr,2019,absent row,zero
baseline_medce_gbl,ENW,Final Energy|Industry|Iron and Steel|Hydrogen,EJ/yr,2024,absent row,zero
baseline_medce_gbl,ENW,Final Energy|Industry|Iron and Steel|Hydrogen,EJ/yr,2030,absent row,zero
baseline_medce_gbl,ENW,Final Energy|Industry|Iron and Steel|Hydrogen,EJ/yr,2035,absent row,zero
baseline_medce_gbl,ENW,Final Energy|Industry|Iron and Steel|Hydrogen,EJ/yr,2040,absent row,zero
baseline_medce_gbl,ENW,Final Energy|Industry|Iron and Steel|Hydrogen,EJ/yr,2050,absent row,zero
baseline_medce_gbl,EUE,Final Energy|Industry|Iron and Steel|Hydrogen,EJ/yr,2019,absent row,zero
baseline_medce_gbl,EUE,Final Energy|Industry|Iron and Steel|Hydrogen,EJ/yr,2024,absent row,zero
baseline_medce_gbl,EUE,Final Energy|Industry|Iron and Steel|Hydrogen,EJ/yr,2030,absent row,zero
baseline_medce_gbl,EUE,Final Energy|Industry|Iron and Steel|Hydrogen,EJ/yr,2035,absent row,zero
baseline_medce_gbl,EUE,Final Energy|Industry|Iron and Steel|Hydrogen,EJ/yr,2040,absent row,zero
baseline_medce_gbl,EUE,Final Energy|Industry|Iron and Steel|Hydrogen,EJ/yr,2050,absent row,zero
baseline_medce_gbl,EUM,Final Energy|Industry|Iron and Steel|Hydrogen,EJ/yr,2019,absent row,zero
baseline_medce_gbl,EUM,Final Energy|Industry|Iron and Steel|Hydrogen,EJ/yr,2024,absent row,zero
baseline_medce_gbl,EUM,Final Energy|Industry|Iron and Steel|Hydrogen,EJ/yr,2030,absent row,zero
baseline_medce_gbl,EUM,Final Energy|Industry|Iron and Steel|Hydrogen,EJ/yr,2035,absent row,zero
baseline_medce_gbl,EUM,Final Energy|Industry|Iron and Steel|Hydrogen,EJ/yr,2040,absent row,zero
baseline_medce_gbl,EUM,Final Energy|Industry|Iron and Steel|Hydrogen,EJ/yr,2050,absent row,zero
baseline_medce_gbl,EUW,Final Energy|Industry|Iron and Steel|Hydrogen,EJ/yr,2019,absent row,zero
baseline_medce_gbl,EUW,Final Energy|Industry|Iron and Steel|Hydrogen,EJ/yr,2024,absent row,zero
baseline_medce_gbl,EUW,Final Energy|Industry|Iron and Steel|Hydrogen,EJ/yr,2030,absent row,zero
baseline_medce_gbl,EUW,Final Energy|Industry|Iron and Steel|Hydrogen,EJ/yr,2035,absent row,zero
baseline_medce_gbl,EUW,Final Energy|Industry|Iron and Steel|Hydrogen,EJ/yr,2040,absent row,zero
baseline_medce_gbl,EUW,Final Energy|Industry|Iron and Steel|Hydrogen,EJ/yr,2050,absent row,zero
baseline_medce_gbl,IDN,Final Energy|Industry|Iron and Steel|Hydrogen,EJ/yr,2019,blank cell,zero
baseline_medce_gbl,IDN,Final Energy|Industry|Iron and Steel|Hydrogen,EJ/yr,2024,blank cell,zero
baseline_medce_gbl,IDN,Final Energy|Industry|Iron and Steel|Hydrogen,EJ/yr,2030,blank cell,zero
baseline_medce_gbl,IND,Final Energy|Industry|Iron and Steel|Hydrogen,EJ/yr,2019,blank cell,zero
baseline_medce_gbl,IND,Final Energy|Industry|Iron and Steel|Hydrogen,EJ/yr,2024,blank cell,zero
baseline_medce_gbl,JPN,Final Energy|Industry|Iron and Steel|Hydrogen,EJ/yr,2019,blank cell,zero
baseline_medce_gbl,JPN,Final Energy|Industry|Iron and Steel|Hydrogen,EJ/yr,2024,blank cell,zero
baseline_medce_gbl,JPN,Final Energy|Industry|Iron and Steel|Hydrogen,EJ/yr,2050,blank cell,zero
baseline_medce_gbl,LAM,Final Energy|Industry|Iron and Steel|Hydrogen,EJ/yr,2019,blank cell,zero
baseline_medce_gbl,LAM,Final Energy|Industry|Iron and Steel|Hydrogen,EJ/yr,2024,blank cell,zero
baseline_medce_gbl,LAM,Final Energy|Industry|Iron and Steel|Hydrogen,EJ/yr,2030,blank cell,zero
baseline_medce_gbl,LAM,Final Energy|Industry|Iron and Steel|Hydrogen,EJ/yr,2035,blank cell,zero
baseline_medce_gbl,LAM,Final Energy|Industry|Iron and Steel|Hydrogen,EJ/yr,2040,blank cell,zero
baseline_medce_gbl,MDA,Final Energy|Industry|Iron and Steel|Hydrogen,EJ/yr,2019,blank cell,zero
baseline_medce_gbl,MDA,Final Energy|Industry|Iron and Steel|Hydrogen,EJ/yr,2024,blank cell,zero
baseline_medce_gbl,MEA,Final Energy|Industry|Iron and Steel|Hydrogen,EJ/yr,2019,blank cell,zero
baseline_medce_gbl,MEA,Final Energy|Industry|Iron and Steel|Hydrogen,EJ/yr,2024,blank cell,zero
baseline_medce_gbl,MEX,Final Energy|Industry|Iron and Steel|Hydrogen,EJ/yr,2019,blank cell,zero
baseline_medce_gbl,MEX,Final Energy|Industry|Iron and Steel|Hydrogen,EJ/yr,2024,blank cell,zero
baseline_medce_gbl,MEX,Final Energy|Industry|Iron and Steel|Hydrogen,EJ/yr,2030,blank cell,zero
baseline_medce_gbl,MEX,Final Energy|Industry|Iron and Steel|Hydrogen,EJ/yr,2035,blank cell,zero
baseline_medce_gbl,MEX,Final Energy|Industry|Iron and Steel|Hydrogen,EJ/yr,2040,blank cell,zero
baseline_medce_gbl,NIG,Final Energy|Industry|Iron and Steel|Hydrogen,EJ/yr,2019,blank cell,zero
baseline_medce_gbl,NIG,Final Energy|Industry|Iron and Steel|Hydrogen,EJ/yr,2024,blank cell,zero
baseline_medce_gbl,NIG,Final Energy|Industry|Iron and Steel|Hydrogen,EJ/yr,2030,blank cell,zero
baseline_medce_gbl,NIG,Final Energy|Industry|Iron and Steel|Hydrogen,EJ/yr,2035,blank cell,zero
baseline_medce_gbl,NIG,Final Energy|Industry|Iron and Steel|Hydrogen,EJ/yr,2040,blank cell,zero
baseline_medce_gbl,RUS,Final Energy|Industry|Iron and Steel|Hydrogen,EJ/yr,2019,blank cell,zero
baseline_medce_gbl,RUS,Final Energy|Industry|Iron and Steel|Hydrogen,EJ/yr,2024,blank cell,zero
baseline_medce_gbl,SKT,Final Energy|Industry|Iron and Steel|Hydrogen,EJ/yr,2019,blank cell,zero
baseline_medce_gbl,SKT,Final Energy|Industry|Iron and Steel|Hydrogen,EJ/yr,2024,blank cell,zero
baseline_medce_gbl,SKT,Final Energy|Industry|Iron and Steel|Hydrogen,EJ/yr,2030,blank cell,zero
baseline_medce_gbl,SKT,Final Energy|Industry|Iron and Steel|Hydrogen,EJ/yr,2050,blank cell,zero
baseline_medce_gbl,USA,Final Energy|Industry|Iron and Steel|Hydrogen,EJ/yr,2019,blank cell,zero
baseline_medce_gbl,USA,Final Energy|Industry|Iron and Steel|Hydrogen,EJ/yr,2024,blank cell,zero
baseline_medce_gbl,USA,Final Energy|Industry|Iron and Steel|Hydrogen,EJ/yr,2030,blank cell,zero
baseline_medce_gbl,USA,Final Energy|Industry|Iron and Steel|Hydrogen,EJ/yr,2035,blank cell,zero
baseline_medce_gbl,USA,Final Energy|Industry|Iron and Steel|Hydrogen,EJ/yr,2050,blank cell,zero
baseline_medce_gbl,AFE,Final Energy|Industry|Iron and Steel|Liquids,EJ/yr,2019,absent row,zero
baseline_medce_gbl,AFE,Final Energy|Industry|Iron and Steel|Liquids,EJ/yr,2024,absent row,zero
baseline_medce_gbl,AFE,Final Energy|Industry|Iron and Steel|Liquids,EJ/yr,2030,absent row,zero
baseline_medce_gbl,AFE,Final Energy|Industry|Iron and Steel|Liquids,EJ/yr,2035,absent row,zero
baseline_medce_gbl,AFE,Final Energy|Industry|Iron and Steel|Liquids,EJ/yr,2040,absent row,zero
baseline_medce_gbl,AFE,Final Energy|Industry|Iron and Steel|Liquids,EJ/yr,2050,absent row,zero
baseline_medce_gbl,AFN,Final Energy|Industry|Iron and Steel|Liquids,EJ/yr,2040,blank cell,zero
baseline_medce_gbl,AFN,Final Energy|Industry|Iron and Steel|Liquids,EJ/yr,2050,blank cell,zero
baseline_medce_gbl,AFW,Final Energy|Industry|Iron and Steel|Liquids,EJ/yr,2019,absent row,zero
baseline_medce_gbl,AFW,Final Energy|Industry|Iron and Steel|Liquids,EJ/yr,2024,absent row,zero
baseline_medce_gbl,AFW,Final Energy|Industry|Iron and Steel|Liquids,EJ/yr,2030,absent row,zero
baseline_medce_gbl,AFW,Final Energy|Industry|Iron and Steel|Liquids,EJ/yr,2035,absent row,zero
baseline_medce_gbl,AFW,Final Energy|Industry|Iron and Steel|Liquids,EJ/yr,2040,absent row,zero
baseline_medce_gbl,AFW,Final Energy|Industry|Iron and Steel|Liquids,EJ/yr,2050,absent row,zero
baseline_medce_gbl,AFZ,Final Energy|Industry|Iron and Steel|Liquids,EJ/yr,2030,blank cell,zero
baseline_medce_gbl,AFZ,Final Energy|Industry|Iron and Steel|Liquids,EJ/yr,2040,blank cell,zero
baseline_medce_gbl,AFZ,Final Energy|Industry|Iron and Steel|Liquids,EJ/yr,2050,blank cell,zero
baseline_medce_gbl,ANZ,Final Energy|Industry|Iron and Steel|Liquids,EJ/yr,2050,blank cell,zero
baseline_medce_gbl,ASC,Final Energy|Industry|Iron and Steel|Liquids,EJ/yr,2050,blank cell,zero
baseline_medce_gbl,ASE,Final Energy|Industry|Iron and Steel|Liquids,EJ/yr,2030,blank cell,zero
baseline_medce_gbl,ASE,Final Energy|Industry|Iron and Steel|Liquids,EJ/yr,2035,blank cell,zero
baseline_medce_gbl,ASE,Final Energy|Industry|Iron and Steel|Liquids,EJ/yr,2040,blank cell,zero
baseline_medce_gbl,ASE,Final Energy|Industry|Iron and Steel|Liquids,EJ/yr,2050,blank cell,zero
baseline_medce_gbl,ASO,Final Energy|Industry|Iron and Steel|Liquids,EJ/yr,2019,absent row,zero
baseline_medce_gbl,ASO,Final Energy|Industry|Iron and Steel|Liquids,EJ/yr,2024,absent row,zero
baseline_medce_gbl,ASO,Final Energy|Industry|Iron and Steel|Liquids,EJ/yr,2030,absent row,zero
baseline_medce_gbl,ASO,Final Energy|Industry|Iron and Steel|Liquids,EJ/yr,2035,absent row,zero
baseline_medce_gbl,ASO,Final Energy|Industry|Iron and Steel|Liquids,EJ/yr,2040,absent row,zero
baseline_medce_gbl,ASO,Final Energy|Industry|Iron and Steel|Liquids,EJ/yr,2050,absent row,zero
baseline_medce_gbl,BRA,Final Energy|Industry|Iron and Steel|Liquids,EJ/yr,2040,blank cell,zero
baseline_medce_gbl,BRA,Final Energy|Industry|Iron and Steel|Liquids,EJ/yr,2050,blank cell,zero
baseline_medce_gbl,CAN,Final Energy|Industry|Iron and Steel|Liquids,EJ/yr,2030,blank cell,zero
baseline_medce_gbl,CAN,Final Energy|Industry|Iron and Steel|Liquids,EJ/yr,2035,blank cell,zero
baseline_medce_gbl,CAN,Final Energy|Industry|Iron and Steel|Liquids,EJ/yr,2040,blank cell,zero
baseline_medce_gbl,CAN,Final Energy|Industry|Iron and Steel|Liquids,EJ/yr,2050,blank cell,zero
baseline_medce_gbl,CHL,Final Energy|Industry|Iron and Steel|Liquids,EJ/yr,2050,blank cell,zero
baseline_medce_gbl,CHN,Final Energy|Industry|Iron and Steel|Liquids,EJ/yr,2050,blank cell,zero
baseline_medce_gbl,ENE,Final Energy|Industry|Iron and Steel|Liquids,EJ/yr,2050,blank cell,zero
baseline_medce_gbl,ENW,Final Energy|Industry|Iron and Steel|Liquids,EJ/yr,2050,blank cell,zero
baseline_medce_gbl,EUE,Final Energy|Industry|Iron and Steel|Liquids,EJ/yr,2050,blank cell,zero
baseline_medce_gbl,EUM,Final Energy|Industry|Iron and Steel|Liquids,EJ/yr,2050,blank cell,zero
baseline_medce_gbl,EUW,Final Energy|Industry|Iron and Steel|Liquids,EJ/yr,2050,blank cell,zero
baseline_medce_gbl,IDN,Final Energy|Industry|Iron and Steel|Liquids,EJ/yr,2050,blank cell,zero
baseline_medce_gbl,IND,Final Energy|Industry|Iron and Steel|Liquids,EJ/yr,2030,blank cell,zero
baseline_medce_gbl,IND,Final Energy|Industry|Iron and Steel|Liquids,EJ/yr,2035,blank cell,zero
baseline_medce_gbl,IND,Final Energy|Industry|Iron and Steel|Liquids,EJ/yr,2040,blank cell,zero
baseline_medce_gbl,IND,Final Energy|Industry|Iron and Steel|Liquids,EJ/yr,2050,blank cell,zero
baseline_medce_gbl,JPN,Final Energy|Industry|Iron and Steel|Liquids,EJ/yr,2050,blank cell,zero
baseline_medce_gbl,LAM,Final Energy|Industry|Iron and Steel|Liquids,EJ/yr,2050,blank cell,zero
baseline_medce_gbl,MDA,Final Energy|Industry|Iron and Steel|Liquids,EJ/yr,2050,blank cell,zero
baseline_medce_gbl,MEA,Final Energy|Industry|Iron and Steel|Liquids,EJ/yr,2050,blank cell,zero
baseline_medce_gbl,MEX,Final Energy|Industry|Iron and Steel|Liquids,EJ/yr,2035,blank cell,zero
baseline_medce_gbl,MEX,Final Energy|Industry|Iron and Steel|Liquids,EJ/yr,2040,blank cell,zero
baseline_medce_gbl,MEX,Final Energy|Industry|Iron and Steel|Liquids,EJ/yr,2050,blank cell,zero
baseline_medce_gbl,NIG,Final Energy|Industry|Iron and Steel|Liquids,EJ/yr,2019,absent row,zero
baseline_medce_gbl,NIG,Final Energy|Industry|Iron and Steel|Liquids,EJ/yr,2024,absent row,zero
baseline_medce_gbl,NIG,Final Energy|Industry|Iron and Steel|Liquids,EJ/yr,2030,absent row,zero
baseline_medce_gbl,NIG,Final Energy|Industry|Iron and Steel|Liquids,EJ/yr,2035,absent row,zero
baseline_medce_gbl,NIG,Final Energy|Industry|Iron and Steel|Liquids,EJ/yr,2040,absent row,zero
baseline_medce_gbl,NIG,Final Energy|Industry|Iron and Steel|Liquids,EJ/yr,2050,absent row,zero
baseline_medce_gbl,RUS,Final Energy|Industry|Iron and Steel|Liquids,EJ/yr,2035,blank cell,zero
baseline_medce_gbl,RUS,Final Energy|Industry|Iron and Steel|Liquids,EJ/yr,2040,blank cell,zero
baseline_medce_gbl,RUS,Final Energy|Industry|Iron and Steel|Liquids,EJ/yr,2050,blank cell,zero
baseline_medce_gbl,SKT,Final Energy|Industry|Iron and Steel|Liquids,EJ/yr,2050,blank cell,zero
baseline_medce_gbl,USA,Final Energy|Industry|Iron and Steel|Liquids,EJ/yr,2050,blank cell,zero
baseline_medce_gbl,AFE,Final Energy|Industry|Iron and Steel|Solids,EJ/yr,2019,blank cell,zero
baseline_medce_gbl,AFW,Final Energy|Industry|Iron and Steel|Solids,EJ/yr,2019,blank cell,zero
baseline_medce_gbl,AFW,Final Energy|Industry|Iron and Steel|Solids,EJ/yr,2030,blank cell,zero
baseline_medce_gbl,AFW,Final Energy|Industry|Iron and Steel|Solids,EJ/yr,2050,blank cell,zero
baseline_medce_gbl,ASO,Final Energy|Industry|Iron and Steel|Solids,EJ/yr,2019,blank cell,zero
baseline_medce_gbl,ASO,Final Energy|Industry|Iron and Steel|Solids,EJ/yr,2030,blank cell,zero
baseline_medce_gbl,ASO,Final Energy|Industry|Iron and Steel|Solids,EJ/yr,2035,blank cell,zero
baseline_medce_gbl,ASO,Final Energy|Industry|Iron and Steel|Solids,EJ/yr,2040,blank cell,zero
baseline_medce_gbl,BRA,Final Energy|Industry|Iron and Steel|Solids,EJ/yr,2050,blank cell,zero
baseline_medce_gbl,CAN,Final Energy|Industry|Iron and Steel|Solids,EJ/yr,2030,blank cell,zero
baseline_medce_gbl,CAN,Final Energy|Industry|Iron and Steel|Solids,EJ/yr,2040,blank cell,zero
baseline_medce_gbl,CAN,Final Energy|Industry|Iron and Steel|Solids,EJ/yr,2050,blank cell,zero
baseline_medce_gbl,MEX,Final Energy|Industry|Iron and Steel|Solids,EJ/yr,2035,blank cell,zero
baseline_medce_gbl,MEX,Final Energy|Industry|Iron and Steel|Solids,EJ/yr,2040,blank cell,zero
baseline_medce_gbl,NIG,Final Energy|Industry|Iron and Steel|Solids,EJ/yr,2019,blank cell,zero
baseline_medce_gbl,NIG,Final Energy|Industry|Iron and Steel|Solids,EJ/yr,2030,blank cell,zero
baseline_medce_gbl,NIG,Final Energy|Industry|Iron and Steel|Solids,EJ/yr,2035,blank cell,zero
baseline_medce_gbl,NIG,Final Energy|Industry|Iron and Steel|Solids,EJ/yr,2040,blank cell,zero
baseline_medce_gbl,NIG,Final Energy|Industry|Iron and Steel|Solids,EJ/yr,2050,blank cell,zero
baseline_medce_gbl,USA,Final Energy|Industry|Iron and Steel|Solids,EJ/yr,2050,blank cell,zero
baseline_medce_gbl,AFE,Final Energy|Industry|Non-Ferrous Metals|Aluminum|Electricity,EJ/yr,2019,absent row,zero
baseline_medce_gbl,AFE,Final Energy|Industry|Non-Ferrous Metals|Aluminum|Electricity,EJ/yr,2024,absent row,zero
baseline_medce_gbl,AFE,Final Energy|Industry|Non-Ferrous Metals|Aluminum|Electricity,EJ/yr,2030,absent row,zero
baseline_medce_gbl,AFE,Final Energy|Industry|Non-Ferrous Metals|Aluminum|Electricity,EJ/yr,2035,absent row,zero
baseline_medce_gbl,AFE,Final Energy|Industry|Non-Ferrous Metals|Aluminum|Electricity,EJ/yr,2040,absent row,zero
baseline_medce_gbl,AFE,Final Energy|Industry|Non-Ferrous Metals|Aluminum|Electricity,EJ/yr,2050,absent row,zero
baseline_medce_gbl,ASO,Final Energy|Industry|Non-Ferrous Metals|Aluminum|Electricity,EJ/yr,2019,absent row,zero
baseline_medce_gbl,ASO,Final Energy|Industry|Non-Ferrous Metals|Aluminum|Electricity,EJ/yr,2024,absent row,zero
baseline_medce_gbl,ASO,Final Energy|Industry|Non-Ferrous Metals|Aluminum|Electricity,EJ/yr,2030,absent row,zero
baseline_medce_gbl,ASO,Final Energy|Industry|Non-Ferrous Metals|Aluminum|Electricity,EJ/yr,2035,absent row,zero
baseline_medce_gbl,ASO,Final Energy|Industry|Non-Ferrous Metals|Aluminum|Electricity,EJ/yr,2040,absent row,zero
baseline_medce_gbl,ASO,Final Energy|Industry|Non-Ferrous Metals|Aluminum|Electricity,EJ/yr,2050,absent row,zero
baseline_medce_gbl,CHL,Final Energy|Industry|Non-Ferrous Metals|Aluminum|Electricity,EJ/yr,2019,absent row,zero
baseline_medce_gbl,CHL,Final Energy|Industry|Non-Ferrous Metals|Aluminum|Electricity,EJ/yr,2024,absent row,zero
baseline_medce_gbl,CHL,Final Energy|Industry|Non-Ferrous Metals|Aluminum|Electricity,EJ/yr,2030,absent row,zero
baseline_medce_gbl,CHL,Final Energy|Industry|Non-Ferrous Metals|Aluminum|Electricity,EJ/yr,2035,absent row,zero
baseline_medce_gbl,CHL,Final Energy|Industry|Non-Ferrous Metals|Aluminum|Electricity,EJ/yr,2040,absent row,zero
baseline_medce_gbl,CHL,Final Energy|Industry|Non-Ferrous Metals|Aluminum|Electricity,EJ/yr,2050,absent row,zero
baseline_medce_gbl,NIG,Final Energy|Industry|Non-Ferrous Metals|Aluminum|Electricity,EJ/yr,2019,absent row,zero
baseline_medce_gbl,NIG,Final Energy|Industry|Non-Ferrous Metals|Aluminum|Electricity,EJ/yr,2024,absent row,zero
baseline_medce_gbl,NIG,Final Energy|Industry|Non-Ferrous Metals|Aluminum|Electricity,EJ/yr,2030,absent row,zero
baseline_medce_gbl,NIG,Final Energy|Industry|Non-Ferrous Metals|Aluminum|Electricity,EJ/yr,2035,absent row,zero
baseline_medce_gbl,NIG,Final Energy|Industry|Non-Ferrous Metals|Aluminum|Electricity,EJ/yr,2040,absent row,zero
baseline_medce_gbl,NIG,Final Energy|Industry|Non-Ferrous Metals|Aluminum|Electricity,EJ/yr,2050,absent row,zero
baseline_medce_gbl,AFE,Final Energy|Industry|Non-Ferrous Metals|Aluminum|Gases,EJ/yr,2019,absent row,zero
baseline_medce_gbl,AFE,Final Energy|Industry|Non-Ferrous Metals|Aluminum|Gases,EJ/yr,2024,absent row,zero
baseline_medce_gbl,AFE,Final Energy|Industry|Non-Ferrous Metals|Aluminum|Gases,EJ/yr,2030,absent row,zero
baseline_medce_gbl,AFE,Final Energy|Industry|Non-Ferrous Metals|Aluminum|Gases,EJ/yr,2035,absent row,zero
baseline_medce_gbl,AFE,Final Energy|Industry|Non-Ferrous Metals|Aluminum|Gases,EJ/yr,2040,absent row,zero
baseline_medce_gbl,AFE,Final Energy|Industry|Non-Ferrous Metals|Aluminum|Gases,EJ/yr,2050,absent row,zero
baseline_medce_gbl,ANZ,Final Energy|Industry|Non-Ferrous Metals|Aluminum|Gases,EJ/yr,2040,blank cell,zero
baseline_medce_gbl,ANZ,Final Energy|Industry|Non-Ferrous Metals|Aluminum|Gases,EJ/yr,2050,blank cell,zero
baseline_medce_gbl,ASO,Final Energy|Industry|Non-Ferrous Metals|Aluminum|Gases,EJ/yr,2019,absent row,zero
baseline_medce_gbl,ASO,Final Energy|Industry|Non-Ferrous Metals|Aluminum|Gases,EJ/yr,2024,absent row,zero
baseline_medce_gbl,ASO,Final Energy|Industry|Non-Ferrous Metals|Aluminum|Gases,EJ/yr,2030,absent row,zero
baseline_medce_gbl,ASO,Final Energy|Industry|Non-Ferrous Metals|Aluminum|Gases,EJ/yr,2035,absent row,zero
baseline_medce_gbl,ASO,Final Energy|Industry|Non-Ferrous Metals|Aluminum|Gases,EJ/yr,2040,absent row,zero
baseline_medce_gbl,ASO,Final Energy|Industry|Non-Ferrous Metals|Aluminum|Gases,EJ/yr,2050,absent row,zero
baseline_medce_gbl,BRA,Final Energy|Industry|Non-Ferrous Metals|Aluminum|Gases,EJ/yr,2050,blank cell,zero
baseline_medce_gbl,CAN,Final Energy|Industry|Non-Ferrous Metals|Aluminum|Gases,EJ/yr,2050,blank cell,zero
baseline_medce_gbl,CHL,Final Energy|Industry|Non-Ferrous Metals|Aluminum|Gases,EJ/yr,2019,absent row,zero
baseline_medce_gbl,CHL,Final Energy|Industry|Non-Ferrous Metals|Aluminum|Gases,EJ/yr,2024,absent row,zero
baseline_medce_gbl,CHL,Final Energy|Industry|Non-Ferrous Metals|Aluminum|Gases,EJ/yr,2030,absent row,zero
baseline_medce_gbl,CHL,Final Energy|Industry|Non-Ferrous Metals|Aluminum|Gases,EJ/yr,2035,absent row,zero
baseline_medce_gbl,CHL,Final Energy|Industry|Non-Ferrous Metals|Aluminum|Gases,EJ/yr,2040,absent row,zero
baseline_medce_gbl,CHL,Final Energy|Industry|Non-Ferrous Metals|Aluminum|Gases,EJ/yr,2050,absent row,zero
baseline_medce_gbl,ENW,Final Energy|Industry|Non-Ferrous Metals|Aluminum|Gases,EJ/yr,2040,blank cell,zero
baseline_medce_gbl,ENW,Final Energy|Industry|Non-Ferrous Metals|Aluminum|Gases,EJ/yr,2050,blank cell,zero
baseline_medce_gbl,EUE,Final Energy|Industry|Non-Ferrous Metals|Aluminum|Gases,EJ/yr,2050,blank cell,zero
baseline_medce_gbl,EUM,Final Energy|Industry|Non-Ferrous Metals|Aluminum|Gases,EJ/yr,2050,blank cell,zero
baseline_medce_gbl,EUW,Final Energy|Industry|Non-Ferrous Metals|Aluminum|Gases,EJ/yr,2050,blank cell,zero
baseline_medce_gbl,JPN,Final Energy|Industry|Non-Ferrous Metals|Aluminum|Gases,EJ/yr,2050,blank cell,zero
baseline_medce_gbl,NIG,Final Energy|Industry|Non-Ferrous Metals|Aluminum|Gases,EJ/yr,2019,absent row,zero
baseline_medce_gbl,NIG,Final Energy|Industry|Non-Ferrous Metals|Aluminum|Gases,EJ/yr,2024,absent row,zero
baseline_medce_gbl,NIG,Final Energy|Industry|Non-Ferrous Metals|Aluminum|Gases,EJ/yr,2030,absent row,zero
baseline_medce_gbl,NIG,Final Energy|Industry|Non-Ferrous Metals|Aluminum|Gases,EJ/yr,2035,absent row,zero
baseline_medce_gbl,NIG,Final Energy|Industry|Non-Ferrous Metals|Aluminum|Gases,EJ/yr,2040,absent row,zero
baseline_medce_gbl,NIG,Final Energy|Industry|Non-Ferrous Metals|Aluminum|Gases,EJ/yr,2050,absent row,zero
baseline_medce_gbl,SKT,Final Energy|Industry|Non-Ferrous Metals|Aluminum|Gases,EJ/yr,2050,blank cell,zero
baseline_medce_gbl,USA,Final Energy|Industry|Non-Ferrous Metals|Aluminum|Gases,EJ/yr,2050,blank cell,zero
baseline_medce_gbl,AFE,Final Energy|Industry|Non-Ferrous Metals|Aluminum|Hydrogen,EJ/yr,2019,absent row,zero
baseline_medce_gbl,AFE,Final Energy|Industry|Non-Ferrous Metals|Aluminum|Hydrogen,EJ/yr,2024,absent row,zero
baseline_medce_gbl,AFE,Final Energy|Industry|Non-Ferrous Metals|Aluminum|Hydrogen,EJ/yr,2030,absent row,zero
baseline_medce_gbl,AFE,Final Energy|Industry|Non-Ferrous Metals|Aluminum|Hydrogen,EJ/yr,2035,absent row,zero
baseline_medce_gbl,AFE,Final Energy|Industry|Non-Ferrous Metals|Aluminum|Hydrogen,EJ/yr,2040,absent row,zero
baseline_medce_gbl,AFE,Final Energy|Industry|Non-Ferrous Metals|Aluminum|Hydrogen,EJ/yr,2050,absent row,zero
baseline_medce_gbl,AFN,Final Energy|Industry|Non-Ferrous Metals|Aluminum|Hydrogen,EJ/yr,2019,blank cell,zero
baseline_medce_gbl,AFN,Final Energy|Industry|Non-Ferrous Metals|Aluminum|Hydrogen,EJ/yr,2024,blank cell,zero
baseline_medce_gbl,AFN,Final Energy|Industry|Non-Ferrous Metals|Aluminum|Hydrogen,EJ/yr,2030,blank cell,zero
baseline_medce_gbl,AFW,Final Energy|Industry|Non-Ferrous Metals|Aluminum|Hydrogen,EJ/yr,2019,blank cell,zero
baseline_medce_gbl,AFW,Final Energy|Industry|Non-Ferrous Metals|Aluminum|Hydrogen,EJ/yr,2024,blank cell,zero
baseline_medce_gbl,AFW,Final Energy|Industry|Non-Ferrous Metals|Aluminum|Hydrogen,EJ/yr,2030,blank cell,zero
baseline_medce_gbl,AFZ,Final Energy|Industry|Non-Ferrous Metals|Aluminum|Hydrogen,EJ/yr,2019,blank cell,zero
baseline_medce_gbl,AFZ,Final Energy|Industry|Non-Ferrous Metals|Aluminum|Hydrogen,EJ/yr,2024,blank cell,zero
baseline_medce_gbl,AFZ,Final Energy|Industry|Non-Ferrous Metals|Aluminum|Hydrogen,EJ/yr,2030,blank cell,zero
baseline_medce_gbl,ANZ,Final Energy|Industry|Non-Ferrous Metals|Aluminum|Hydrogen,EJ/yr,2019,blank cell,zero
baseline_medce_gbl,ANZ,Final Energy|Industry|Non-Ferrous Metals|Aluminum|Hydrogen,EJ/yr,2024,blank cell,zero
baseline_medce_gbl,ANZ,Final Energy|Industry|Non-Ferrous Metals|Aluminum|Hydrogen,EJ/yr,2030,blank cell,zero
baseline_medce_gbl,ASC,Final Energy|Industry|Non-Ferrous Metals|Aluminum|Hydrogen,EJ/yr,2019,blank cell,zero
baseline_medce_gbl,ASC,Final Energy|Industry|Non-Ferrous Metals|Aluminum|Hydrogen,EJ/yr,2024,blank cell,zero
baseline_medce_gbl,ASC,Final Energy|Industry|Non-Ferrous Metals|Aluminum|Hydrogen,EJ/yr,2030,blank cell,zero
baseline_medce_gbl,ASE,Final Energy|Industry|Non-Ferrous Metals|Aluminum|Hydrogen,EJ/yr,2019,blank cell,zero
baseline_medce_gbl,ASE,Final Energy|Industry|Non-Ferrous Metals|Aluminum|Hydrogen,EJ/yr,2024,blank cell,zero
baseline_medce_gbl,ASO,Final Energy|Industry|Non-Ferrous Metals|Aluminum|Hydrogen,EJ/yr,2019,absent row,zero
baseline_medce_gbl,ASO,Final Energy|Industry|Non-Ferrous Metals|Aluminum|Hydrogen,EJ/yr,2024,absent row,zero
baseline_medce_gbl,ASO,Final Energy|Industry|Non-Ferrous Metals|Aluminum|Hydrogen,EJ/yr,2030,absent row,zero
baseline_medce_gbl,ASO,Final Energy|Industry|Non-Ferrous Metals|Aluminum|Hydrogen,EJ/yr,2035,absent row,zero
baseline_medce_gbl,ASO,Final Energy|Industry|Non-Ferrous Metals|Aluminum|Hydrogen,EJ/yr,2040,absent row,zero
baseline_medce_gbl,ASO,Final Energy|Industry|Non-Ferrous Metals|Aluminum|Hydrogen,EJ/yr,2050,absent row,zero
baseline_medce_gbl,BRA,Final Energy|Industry|Non-Ferrous Metals|Aluminum|Hydrogen,EJ/yr,2019,blank cell,zero
baseline_medce_gbl,BRA,Final Energy|Industry|Non-Ferrous Metals|Aluminum|Hydrogen,EJ/yr,2024,blank cell,zero
baseline_medce_gbl,BRA,Final Energy|Industry|Non-Ferrous Metals|Aluminum|Hydrogen,EJ/yr,2030,blank cell,zero
baseline_medce_gbl,CAN,Final Energy|Industry|Non-Ferrous Metals|Aluminum|Hydrogen,EJ/yr,2019,blank cell,zero
baseline_medce_gbl,CAN,Final Energy|Industry|Non-Ferrous Metals|Aluminum|Hydrogen,EJ/yr,2024,blank cell,zero
baseline_medce_gbl,CHL,Final Energy|Industry|Non-Ferrous Metals|Aluminum|Hydrogen,EJ/yr,2019,absent row,zero
baseline_medce_gbl,CHL,Final Energy|Industry|Non-Ferrous Metals|Aluminum|Hydrogen,EJ/yr,2024,absent row,zero
baseline_medce_gbl,CHL,Final Energy|Industry|Non-Ferrous Metals|Aluminum|Hydrogen,EJ/yr,2030,absent row,zero
baseline_medce_gbl,CHL,Final Energy|Industry|Non-Ferrous Metals|Aluminum|Hydrogen,EJ/yr,2035,absent row,zero
baseline_medce_gbl,CHL,Final Energy|Industry|Non-Ferrous Metals|Aluminum|Hydrogen,EJ/yr,2040,absent row,zero
baseline_medce_gbl,CHL,Final Energy|Industry|Non-Ferrous Metals|Aluminum|Hydrogen,EJ/yr,2050,absent row,zero
baseline_medce_gbl,CHN,Final Energy|Industry|Non-Ferrous Metals|Aluminum|Hydrogen,EJ/yr,2019,blank cell,zero
baseline_medce_gbl,CHN,Final Energy|Industry|Non-Ferrous Metals|Aluminum|Hydrogen,EJ/yr,2024,blank cell,zero
baseline_medce_gbl,CHN,Final Energy|Industry|Non-Ferrous Metals|Aluminum|Hydrogen,EJ/yr,2030,blank cell,zero
baseline_medce_gbl,ENE,Final Energy|Industry|Non-Ferrous Metals|Aluminum|Hydrogen,EJ/yr,2019,blank cell,zero
baseline_medce_gbl,ENE,Final Energy|Industry|Non-Ferrous Metals|Aluminum|Hydrogen,EJ/yr,2024,blank cell,zero
baseline_medce_gbl,ENE,Final Energy|Industry|Non-Ferrous Metals|Aluminum|Hydrogen,EJ/yr,2030,blank cell,zero
baseline_medce_gbl,ENW,Final Energy|Industry|Non-Ferrous Metals|Aluminum|Hydrogen,EJ/yr,2019,blank cell,zero
baseline_medce_gbl,ENW,Final Energy|Industry|Non-Ferrous Metals|Aluminum|Hydrogen,EJ/yr,2024,blank cell,zero
baseline_medce_gbl,ENW,Final Energy|Industry|Non-Ferrous Metals|Aluminum|Hydrogen,EJ/yr,2050,blank cell,zero
baseline_medce_gbl,EUE,Final Energy|Industry|Non-Ferrous Metals|Aluminum|Hydrogen,EJ/yr,2019,blank cell,zero
baseline_medce_gbl,EUE,Final Energy|Industry|Non-Ferrous Metals|Aluminum|Hydrogen,EJ/yr,2024,blank cell,zero
baseline_medce_gbl,EUE,Final Energy|Industry|Non-Ferrous Metals|Aluminum|Hydrogen,EJ/yr,2030,blank cell,zero
baseline_medce_gbl,EUM,Final Energy|Industry|Non-Ferrous Metals|Aluminum|Hydrogen,EJ/yr,2019,blank cell,zero
baseline_medce_gbl,EUM,Final Energy|Industry|Non-Ferrous Metals|Aluminum|Hydrogen,EJ/yr,2024,blank cell,zero
baseline_medce_gbl,EUW,Final Energy|Industry|Non-Ferrous Metals|Aluminum|Hydrogen,EJ/yr,2019,blank cell,zero
baseline_medce_gbl,EUW,Final Energy|Industry|Non-Ferrous Metals|Aluminum|Hydrogen,EJ/yr,2024,blank cell,zero
baseline_medce_gbl,EUW,Final Energy|Industry|Non-Ferrous Metals|Aluminum|Hydrogen,EJ/yr,2030,blank cell,zero
baseline_medce_gbl,IDN,Final Energy|Industry|Non-Ferrous Metals|Aluminum|Hydrogen,EJ/yr,2019,blank cell,zero
baseline_medce_gbl,IDN,Final Energy|Industry|Non-Ferrous Metals|Aluminum|Hydrogen,EJ/yr,2024,blank cell,zero
baseline_medce_gbl,IND,Final Energy|Industry|Non-Ferrous Metals|Aluminum|Hydrogen,EJ/yr,2019,blank cell,zero
baseline_medce_gbl,IND,Final Energy|Industry|Non-Ferrous Metals|Aluminum|Hydrogen,EJ/yr,2024,blank cell,zero
baseline_medce_gbl,JPN,Final Energy|Industry|Non-Ferrous Metals|Aluminum|Hydrogen,EJ/yr,2019,blank cell,zero
baseline_medce_gbl,JPN,Final Energy|Industry|Non-Ferrous Metals|Aluminum|Hydrogen,EJ/yr,2024,blank cell,zero
baseline_medce_gbl,JPN,Final Energy|Industry|Non-Ferrous Metals|Aluminum|Hydrogen,EJ/yr,2030,blank cell,zero
baseline_medce_gbl,LAM,Final Energy|Industry|Non-Ferrous Metals|Aluminum|Hydrogen,EJ/yr,2019,blank cell,zero
baseline_medce_gbl,LAM,Final Energy|Industry|Non-Ferrous Metals|Aluminum|Hydrogen,EJ/yr,2024,blank cell,zero
baseline_medce_gbl,MDA,Final Energy|Industry|Non-Ferrous Metals|Aluminum|Hydrogen,EJ/yr,2019,blank cell,zero
baseline_medce_gbl,MDA,Final Energy|Industry|Non-Ferrous Metals|Aluminum|Hydrogen,EJ/yr,2024,blank cell,zero
baseline_medce_gbl,MDA,Final Energy|Industry|Non-Ferrous Metals|Aluminum|Hydrogen,EJ/yr,2030,blank cell,zero
baseline_medce_gbl,MEA,Final Energy|Industry|Non-Ferrous Metals|Aluminum|Hydrogen,EJ/yr,2019,blank cell,zero
baseline_medce_gbl,MEA,Final Energy|Industry|Non-Ferrous Metals|Aluminum|Hydrogen,EJ/yr,2024,blank cell,zero
baseline_medce_gbl,MEX,Final Energy|Industry|Non-Ferrous Metals|Aluminum|Hydrogen,EJ/yr,2019,blank cell,zero
baseline_medce_gbl,MEX,Final Energy|Industry|Non-Ferrous Metals|Aluminum|Hydrogen,EJ/yr,2024,blank cell,zero
baseline_medce_gbl,MEX,Final Energy|Industry|Non-Ferrous Metals|Aluminum|Hydrogen,EJ/yr,2030,blank cell,zero
baseline_medce_gbl,NIG,Final Energy|Industry|Non-Ferrous Metals|Aluminum|Hydrogen,EJ/yr,2019,absent row,zero
baseline_medce_gbl,NIG,Final Energy|Industry|Non-Ferrous Metals|Aluminum|Hydrogen,EJ/yr,2024,absent row,zero
baseline_medce_gbl,NIG,Final Energy|Industry|Non-Ferrous Metals|Aluminum|Hydrogen,EJ/yr,2030,absent row,zero
baseline_medce_gbl,NIG,Final Energy|Industry|Non-Ferrous Metals|Aluminum|Hydrogen,EJ/yr,2035,absent row,zero
baseline_medce_gbl,NIG,Final Energy|Industry|Non-Ferrous Metals|Aluminum|Hydrogen,EJ/yr,2040,absent row,zero
baseline_medce_gbl,NIG,Final Energy|Industry|Non-Ferrous Metals|Aluminum|Hydrogen,EJ/yr,2050,absent row,zero
baseline_medce_gbl,RUS,Final Energy|Industry|Non-Ferrous Metals|Aluminum|Hydrogen,EJ/yr,2019,blank cell,zero
baseline_medce_gbl,RUS,Final Energy|Industry|Non-Ferrous Metals|Aluminum|Hydrogen,EJ/yr,2024,blank cell,zero
baseline_medce_gbl,SKT,Final Energy|Industry|Non-Ferrous Metals|Aluminum|Hydrogen,EJ/yr,2019,blank cell,zero
baseline_medce_gbl,SKT,Final Energy|Industry|Non-Ferrous Metals|Aluminum|Hydrogen,EJ/yr,2024,blank cell,zero
baseline_medce_gbl,SKT,Final Energy|Industry|Non-Ferrous Metals|Aluminum|Hydrogen,EJ/yr,2030,blank cell,zero
baseline_medce_gbl,USA,Final Energy|Industry|Non-Ferrous Metals|Aluminum|Hydrogen,EJ/yr,2019,blank cell,zero
baseline_medce_gbl,USA,Final Energy|Industry|Non-Ferrous Metals|Aluminum|Hydrogen,EJ/yr,2024,blank cell,zero
baseline_medce_gbl,USA,Final Energy|Industry|Non-Ferrous Metals|Aluminum|Hydrogen,EJ/yr,2030,blank cell,zero
baseline_medce_gbl,AFE,Final Energy|Industry|Non-Ferrous Metals|Aluminum|Liquids,EJ/yr,2019,absent row,zero
baseline_medce_gbl,AFE,Final Energy|Industry|Non-Ferrous Metals|Aluminum|Liquids,EJ/yr,2024,absent row,zero
baseline_medce_gbl,AFE,Final Energy|Industry|Non-Ferrous Metals|Aluminum|Liquids,EJ/yr,2030,absent row,zero
baseline_medce_gbl,AFE,Final Energy|Industry|Non-Ferrous Metals|Aluminum|Liquids,EJ/yr,2035,absent row,zero
baseline_medce_gbl,AFE,Final Energy|Industry|Non-Ferrous Metals|Aluminum|Liquids,EJ/yr,2040,absent row,zero
baseline_medce_gbl,AFE,Final Energy|Industry|Non-Ferrous Metals|Aluminum|Liquids,EJ/yr,2050,absent row,zero
baseline_medce_gbl,AFN,Final Energy|Industry|Non-Ferrous Metals|Aluminum|Liquids,EJ/yr,2019,absent row,zero
baseline_medce_gbl,AFN,Final Energy|Industry|Non-Ferrous Metals|Aluminum|Liquids,EJ/yr,2024,absent row,zero
baseline_medce_gbl,AFN,Final Energy|Industry|Non-Ferrous Metals|Aluminum|Liquids,EJ/yr,2030,absent row,zero
baseline_medce_gbl,AFN,Final Energy|Industry|Non-Ferrous Metals|Aluminum|Liquids,EJ/yr,2035,absent row,zero
baseline_medce_gbl,AFN,Final Energy|Industry|Non-Ferrous Metals|Aluminum|Liquids,EJ/yr,2040,absent row,zero
baseline_medce_gbl,AFN,Final Energy|Industry|Non-Ferrous Metals|Aluminum|Liquids,EJ/yr,2050,absent row,zero
baseline_medce_gbl,AFW,Final Energy|Industry|Non-Ferrous Metals|Aluminum|Liquids,EJ/yr,2050,blank cell,zero
baseline_medce_gbl,AFZ,Final Energy|Industry|Non-Ferrous Metals|Aluminum|Liquids,EJ/yr,2050,blank cell,zero
baseline_medce_gbl,ANZ,Final Energy|Industry|Non-Ferrous Metals|Aluminum|Liquids,EJ/yr,2019,absent row,zero
baseline_medce_gbl,ANZ,Final Energy|Industry|Non-Ferrous Metals|Aluminum|Liquids,EJ/yr,2024,absent row,zero
baseline_medce_gbl,ANZ,Final Energy|Industry|Non-Ferrous Metals|Aluminum|Liquids,EJ/yr,2030,absent row,zero
baseline_medce_gbl,ANZ,Final Energy|Industry|Non-Ferrous Metals|Aluminum|Liquids,EJ/yr,2035,absent row,zero
baseline_medce_gbl,ANZ,Final Energy|Industry|Non-Ferrous Metals|Aluminum|Liquids,EJ/yr,2040,absent row,zero
baseline_medce_gbl,ANZ,Final Energy|Industry|Non-Ferrous Metals|Aluminum|Liquids,EJ/yr,2050,absent row,zero
baseline_medce_gbl,ASC,Final Energy|Industry|Non-Ferrous Metals|Aluminum|Liquids,EJ/yr,2050,blank cell,zero
baseline_medce_gbl,ASE,Final Energy|Industry|Non-Ferrous Metals|Aluminum|Liquids,EJ/yr,2040,blank cell,zero
baseline_medce_gbl,ASE,Final Energy|Industry|Non-Ferrous Metals|Aluminum|Liquids,EJ/yr,2050,blank cell,zero
baseline_medce_gbl,ASO,Final Energy|Industry|Non-Ferrous Metals|Aluminum|Liquids,EJ/yr,2019,absent row,zero
baseline_medce_gbl,ASO,Final Energy|Industry|Non-Ferrous Metals|Aluminum|Liquids,EJ/yr,2024,absent row,zero
baseline_medce_gbl,ASO,Final Energy|Industry|Non-Ferrous Metals|Aluminum|Liquids,EJ/yr,2030,absent row,zero
baseline_medce_gbl,ASO,Final Energy|Industry|Non-Ferrous Metals|Aluminum|Liquids,EJ/yr,2035,absent row,zero
baseline_medce_gbl,ASO,Final Energy|Industry|Non-Ferrous Metals|Aluminum|Liquids,EJ/yr,2040,absent row,zero
baseline_medce_gbl,ASO,Final Energy|Industry|Non-Ferrous Metals|Aluminum|Liquids,EJ/yr,2050,absent row,zero
baseline_medce_gbl,BRA,Final Energy|Industry|Non-Ferrous Metals|Aluminum|Liquids,EJ/yr,2040,blank cell,zero
baseline_medce_gbl,BRA,Final Energy|Industry|Non-Ferrous Metals|Aluminum|Liquids,EJ/yr,2050,blank cell,zero
baseline_medce_gbl,CAN,Final Energy|Industry|Non-Ferrous Metals|Aluminum|Liquids,EJ/yr,2019,absent row,zero
baseline_medce_gbl,CAN,Final Energy|Industry|Non-Ferrous Metals|Aluminum|Liquids,EJ/yr,2024,absent row,zero
baseline_medce_gbl,CAN,Final Energy|Industry|Non-Ferrous Metals|Aluminum|Liquids,EJ/yr,2030,absent row,zero
baseline_medce_gbl,CAN,Final Energy|Industry|Non-Ferrous Metals|Aluminum|Liquids,EJ/yr,2035,absent row,zero
baseline_medce_gbl,CAN,Final Energy|Industry|Non-Ferrous Metals|Aluminum|Liquids,EJ/yr,2040,absent row,zero
baseline_medce_gbl,CAN,Final Energy|Industry|Non-Ferrous Metals|Aluminum|Liquids,EJ/yr,2050,absent row,zero
baseline_medce_gbl,CHL,Final Energy|Industry|Non-Ferrous Metals|Aluminum|Liquids,EJ/yr,2019,absent row,zero
baseline_medce_gbl,CHL,Final Energy|Industry|Non-Ferrous Metals|Aluminum|Liquids,EJ/yr,2024,absent row,zero
baseline_medce_gbl,CHL,Final Energy|Industry|Non-Ferrous Metals|Aluminum|Liquids,EJ/yr,2030,absent row,zero
baseline_medce_gbl,CHL,Final Energy|Industry|Non-Ferrous Metals|Aluminum|Liquids,EJ/yr,2035,absent row,zero
baseline_medce_gbl,CHL,Final Energy|Industry|Non-Ferrous Metals|Aluminum|Liquids,EJ/yr,2040,absent row,zero
baseline_medce_gbl,CHL,Final Energy|Industry|Non-Ferrous Metals|Aluminum|Liquids,EJ/yr,2050,absent row,zero
baseline_medce_gbl,CHN,Final Energy|Industry|Non-Ferrous Metals|Aluminum|Liquids,EJ/yr,2050,blank cell,zero
baseline_medce_gbl,ENE,Final Energy|Industry|Non-Ferrous Metals|Aluminum|Liquids,EJ/yr,2019,absent row,zero
baseline_medce_gbl,ENE,Final Energy|Industry|Non-Ferrous Metals|Aluminum|Liquids,EJ/yr,2024,absent row,zero
baseline_medce_gbl,ENE,Final Energy|Industry|Non-Ferrous Metals|Aluminum|Liquids,EJ/yr,2030,absent row,zero
baseline_medce_gbl,ENE,Final Energy|Industry|Non-Ferrous Metals|Aluminum|Liquids,EJ/yr,2035,absent row,zero
baseline_medce_gbl,ENE,Final Energy|Industry|Non-Ferrous Metals|Aluminum|Liquids,EJ/yr,2040,absent row,zero
baseline_medce_gbl,ENE,Final Energy|Industry|Non-Ferrous Metals|Aluminum|Liquids,EJ/yr,2050,absent row,zero
baseline_medce_gbl,ENW,Final Energy|Industry|Non-Ferrous Metals|Aluminum|Liquids,EJ/yr,2019,absent row,zero
baseline_medce_gbl,ENW,Final Energy|Industry|Non-Ferrous Metals|Aluminum|Liquids,EJ/yr,2024,absent row,zero
baseline_medce_gbl,ENW,Final Energy|Industry|Non-Ferrous Metals|Aluminum|Liquids,EJ/yr,2030,absent row,zero
baseline_medce_gbl,ENW,Final Energy|Industry|Non-Ferrous Metals|Aluminum|Liquids,EJ/yr,2035,absent row,zero
baseline_medce_gbl,ENW,Final Energy|Industry|Non-Ferrous Metals|Aluminum|Liquids,EJ/yr,2040,absent row,zero
baseline_medce_gbl,ENW,Final Energy|Industry|Non-Ferrous Metals|Aluminum|Liquids,EJ/yr,2050,absent row,zero
baseline_medce_gbl,EUE,Final Energy|Industry|Non-Ferrous Metals|Aluminum|Liquids,EJ/yr,2019,absent row,zero
baseline_medce_gbl,EUE,Final Energy|Industry|Non-Ferrous Metals|Aluminum|Liquids,EJ/yr,2024,absent row,zero
baseline_medce_gbl,EUE,Final Energy|Industry|Non-Ferrous Metals|Aluminum|Liquids,EJ/yr,2030,absent row,zero
baseline_medce_gbl,EUE,Final Energy|Industry|Non-Ferrous Metals|Aluminum|Liquids,EJ/yr,2035,absent row,zero
baseline_medce_gbl,EUE,Final Energy|Industry|Non-Ferrous Metals|Aluminum|Liquids,EJ/yr,2040,absent row,zero
baseline_medce_gbl,EUE,Final Energy|Industry|Non-Ferrous Metals|Aluminum|Liquids,EJ/yr,2050,absent row,zero
baseline_medce_gbl,EUM,Final Energy|Industry|Non-Ferrous Metals|Aluminum|Liquids,EJ/yr,2019,absent row,zero
baseline_medce_gbl,EUM,Final Energy|Industry|Non-Ferrous Metals|Aluminum|Liquids,EJ/yr,2024,absent row,zero
baseline_medce_gbl,EUM,Final Energy|Industry|Non-Ferrous Metals|Aluminum|Liquids,EJ/yr,2030,absent row,zero
baseline_medce_gbl,EUM,Final Energy|Industry|Non-Ferrous Metals|Aluminum|Liquids,EJ/yr,2035,absent row,zero
baseline_medce_gbl,EUM,Final Energy|Industry|Non-Ferrous Metals|Aluminum|Liquids,EJ/yr,2040,absent row,zero
baseline_medce_gbl,EUM,Final Energy|Industry|Non-Ferrous Metals|Aluminum|Liquids,EJ/yr,2050,absent row,zero
baseline_medce_gbl,EUW,Final Energy|Industry|Non-Ferrous Metals|Aluminum|Liquids,EJ/yr,2019,absent row,zero
baseline_medce_gbl,EUW,Final Energy|Industry|Non-Ferrous Metals|Aluminum|Liquids,EJ/yr,2024,absent row,zero
baseline_medce_gbl,EUW,Final Energy|Industry|Non-Ferrous Metals|Aluminum|Liquids,EJ/yr,2030,absent row,zero
baseline_medce_gbl,EUW,Final Energy|Industry|Non-Ferrous Metals|Aluminum|Liquids,EJ/yr,2035,absent row,zero
baseline_medce_gbl,EUW,Final Energy|Industry|Non-Ferrous Metals|Aluminum|Liquids,EJ/yr,2040,absent row,zero
baseline_medce_gbl,EUW,Final Energy|Industry|Non-Ferrous Metals|Aluminum|Liquids,EJ/yr,2050,absent row,zero
baseline_medce_gbl,IDN,Final Energy|Industry|Non-Ferrous Metals|Aluminum|Liquids,EJ/yr,2050,blank cell,zero
baseline_medce_gbl,IND,Final Energy|Industry|Non-Ferrous Metals|Aluminum|Liquids,EJ/yr,2050,blank cell,zero
baseline_medce_gbl,JPN,Final Energy|Industry|Non-Ferrous Metals|Aluminum|Liquids,EJ/yr,2019,absent row,zero
baseline_medce_gbl,JPN,Final Energy|Industry|Non-Ferrous Metals|Aluminum|Liquids,EJ/yr,2024,absent row,zero
baseline_medce_gbl,JPN,Final Energy|Industry|Non-Ferrous Metals|Aluminum|Liquids,EJ/yr,2030,absent row,zero
baseline_medce_gbl,JPN,Final Energy|Industry|Non-Ferrous Metals|Aluminum|Liquids,EJ/yr,2035,absent row,zero
baseline_medce_gbl,JPN,Final Energy|Industry|Non-Ferrous Metals|Aluminum|Liquids,EJ/yr,2040,absent row,zero
baseline_medce_gbl,JPN,Final Energy|Industry|Non-Ferrous Metals|Aluminum|Liquids,EJ/yr,2050,absent row,zero
baseline_medce_gbl,LAM,Final Energy|Industry|Non-Ferrous Metals|Aluminum|Liquids,EJ/yr,2050,blank cell,zero
baseline_medce_gbl,MDA,Final Energy|Industry|Non-Ferrous Metals|Aluminum|Liquids,EJ/yr,2050,blank cell,zero
baseline_medce_gbl,MEA,Final Energy|Industry|Non-Ferrous Metals|Aluminum|Liquids,EJ/yr,2019,absent row,zero
baseline_medce_gbl,MEA,Final Energy|Industry|Non-Ferrous Metals|Aluminum|Liquids,EJ/yr,2024,absent row,zero
baseline_medce_gbl,MEA,Final Energy|Industry|Non-Ferrous Metals|Aluminum|Liquids,EJ/yr,2030,absent row,zero
baseline_medce_gbl,MEA,Final Energy|Industry|Non-Ferrous Metals|Aluminum|Liquids,EJ/yr,2035,absent row,zero
baseline_medce_gbl,MEA,Final Energy|Industry|Non-Ferrous Metals|Aluminum|Liquids,EJ/yr,2040,absent row,zero
baseline_medce_gbl,MEA,Final Energy|Industry|Non-Ferrous Metals|Aluminum|Liquids,EJ/yr,2050,absent row,zero
baseline_medce_gbl,MEX,Final Energy|Industry|Non-Ferrous Metals|Aluminum|Liquids,EJ/yr,2019,absent row,zero
baseline_medce_gbl,MEX,Final Energy|Industry|Non-Ferrous Metals|Aluminum|Liquids,EJ/yr,2024,absent row,zero
baseline_medce_gbl,MEX,Final Energy|Industry|Non-Ferrous Metals|Aluminum|Liquids,EJ/yr,2030,absent row,zero
baseline_medce_gbl,MEX,Final Energy|Industry|Non-Ferrous Metals|Aluminum|Liquids,EJ/yr,2035,absent row,zero
baseline_medce_gbl,MEX,Final Energy|Industry|Non-Ferrous Metals|Aluminum|Liquids,EJ/yr,2040,absent row,zero
baseline_medce_gbl,MEX,Final Energy|Industry|Non-Ferrous Metals|Aluminum|Liquids,EJ/yr,2050,absent row,zero
baseline_medce_gbl,NIG,Final Energy|Industry|Non-Ferrous Metals|Aluminum|Liquids,EJ/yr,2019,absent row,zero
baseline_medce_gbl,NIG,Final Energy|Industry|Non-Ferrous Metals|Aluminum|Liquids,EJ/yr,2024,absent row,zero
baseline_medce_gbl,NIG,Final Energy|Industry|Non-Ferrous Metals|Aluminum|Liquids,EJ/yr,2030,absent row,zero
baseline_medce_gbl,NIG,Final Energy|Industry|Non-Ferrous Metals|Aluminum|Liquids,EJ/yr,2035,absent row,zero
baseline_medce_gbl,NIG,Final Energy|Industry|Non-Ferrous Metals|Aluminum|Liquids,EJ/yr,2040,absent row,zero
baseline_medce_gbl,NIG,Final Energy|Industry|Non-Ferrous Metals|Aluminum|Liquids,EJ/yr,2050,absent row,zero
baseline_medce_gbl,RUS,Final Energy|Industry|Non-Ferrous Metals|Aluminum|Liquids,EJ/yr,2019,absent row,zero
baseline_medce_gbl,RUS,Final Energy|Industry|Non-Ferrous Metals|Aluminum|Liquids,EJ/yr,2024,absent row,zero
baseline_medce_gbl,RUS,Final Energy|Industry|Non-Ferrous Metals|Aluminum|Liquids,EJ/yr,2030,absent row,zero
baseline_medce_gbl,RUS,Final Energy|Industry|Non-Ferrous Metals|Aluminum|Liquids,EJ/yr,2035,absent row,zero
baseline_medce_gbl,RUS,Final Energy|Industry|Non-Ferrous Metals|Aluminum|Liquids,EJ/yr,2040,absent row,zero
baseline_medce_gbl,RUS,Final Energy|Industry|Non-Ferrous Metals|Aluminum|Liquids,EJ/yr,2050,absent row,zero
baseline_medce_gbl,SKT,Final Energy|Industry|Non-Ferrous Metals|Aluminum|Liquids,EJ/yr,2019,absent row,zero
baseline_medce_gbl,SKT,Final Energy|Industry|Non-Ferrous Metals|Aluminum|Liquids,EJ/yr,2024,absent row,zero
baseline_medce_gbl,SKT,Final Energy|Industry|Non-Ferrous Metals|Aluminum|Liquids,EJ/yr,2030,absent row,zero
baseline_medce_gbl,SKT,Final Energy|Industry|Non-Ferrous Metals|Aluminum|Liquids,EJ/yr,2035,absent row,zero
baseline_medce_gbl,SKT,Final Energy|Industry|Non-Ferrous Metals|Aluminum|Liquids,EJ/yr,2040,absent row,zero
baseline_medce_gbl,SKT,Final Energy|Industry|Non-Ferrous Metals|Aluminum|Liquids,EJ/yr,2050,absent row,zero
baseline_medce_gbl,USA,Final Energy|Industry|Non-Ferrous Metals|Aluminum|Liquids,EJ/yr,2019,absent row,zero
baseline_medce_gbl,USA,Final Energy|Industry|Non-Ferrous Metals|Aluminum|Liquids,EJ/yr,2024,absent row,zero
baseline_medce_gbl,USA,Final Energy|Industry|Non-Ferrous Metals|Aluminum|Liquids,EJ/yr,2030,absent row,zero
baseline_medce_gbl,USA,Final Energy|Industry|Non-Ferrous Metals|Aluminum|Liquids,EJ/yr,2035,absent row,zero
baseline_medce_gbl,USA,Final Energy|Industry|Non-Ferrous Metals|Aluminum|Liquids,EJ/yr,2040,absent row,zero
baseline_medce_gbl,USA,Final Energy|Industry|Non-Ferrous Metals|Aluminum|Liquids,EJ/yr,2050,absent row,zero
baseline_medce_gbl,AFE,Final Energy|Industry|Non-Ferrous Metals|Aluminum|Solids,EJ/yr,2019,absent row,zero
baseline_medce_gbl,AFE,Final Energy|Industry|Non-Ferrous Metals|Aluminum|Solids,EJ/yr,2024,absent row,zero
baseline_medce_gbl,AFE,Final Energy|Industry|Non-Ferrous Metals|Aluminum|Solids,EJ/yr,2030,absent row,zero
baseline_medce_gbl,AFE,Final Energy|Industry|Non-Ferrous Metals|Aluminum|Solids,EJ/yr,2035,absent row,zero
baseline_medce_gbl,AFE,Final Energy|Industry|Non-Ferrous Metals|Aluminum|Solids,EJ/yr,2040,absent row,zero
baseline_medce_gbl,AFE,Final Energy|Industry|Non-Ferrous Metals|Aluminum|Solids,EJ/yr,2050,absent row,zero
baseline_medce_gbl,AFN,Final Energy|Industry|Non-Ferrous Metals|Aluminum|Solids,EJ/yr,2019,absent row,zero
baseline_medce_gbl,AFN,Final Energy|Industry|Non-Ferrous Metals|Aluminum|Solids,EJ/yr,2024,absent row,zero
baseline_medce_gbl,AFN,Final Energy|Industry|Non-Ferrous Metals|Aluminum|Solids,EJ/yr,2030,absent row,zero
baseline_medce_gbl,AFN,Final Energy|Industry|Non-Ferrous Metals|Aluminum|Solids,EJ/yr,2035,absent row,zero
baseline_medce_gbl,AFN,Final Energy|Industry|Non-Ferrous Metals|Aluminum|Solids,EJ/yr,2040,absent row,zero
baseline_medce_gbl,AFN,Final Energy|Industry|Non-Ferrous Metals|Aluminum|Solids,EJ/yr,2050,absent row,zero
baseline_medce_gbl,AFW,Final Energy|Industry|Non-Ferrous Metals|Aluminum|Solids,EJ/yr,2050,blank cell,zero
baseline_medce_gbl,AFZ,Final Energy|Industry|Non-Ferrous Metals|Aluminum|Solids,EJ/yr,2050,blank cell,zero
baseline_medce_gbl,ANZ,Final Energy|Industry|Non-Ferrous Metals|Aluminum|Solids,EJ/yr,2040,blank cell,zero
baseline_medce_gbl,ANZ,Final Energy|Industry|Non-Ferrous Metals|Aluminum|Solids,EJ/yr,2050,blank cell,zero
baseline_medce_gbl,ASC,Final Energy|Industry|Non-Ferrous Metals|Aluminum|Solids,EJ/yr,2050,blank cell,zero
baseline_medce_gbl,ASE,Final Energy|Industry|Non-Ferrous Metals|Aluminum|Solids,EJ/yr,2040,blank cell,zero
baseline_medce_gbl,ASE,Final Energy|Industry|Non-Ferrous Metals|Aluminum|Solids,EJ/yr,2050,blank cell,zero
baseline_medce_gbl,ASO,Final Energy|Industry|Non-Ferrous Metals|Aluminum|Solids,EJ/yr,2019,absent row,zero
baseline_medce_gbl,ASO,Final Energy|Industry|Non-Ferrous Metals|Aluminum|Solids,EJ/yr,2024,absent row,zero
baseline_medce_gbl,ASO,Final Energy|Industry|Non-Ferrous Metals|Aluminum|Solids,EJ/yr,2030,absent row,zero
baseline_medce_gbl,ASO,Final Energy|Industry|Non-Ferrous Metals|Aluminum|Solids,EJ/yr,2035,absent row,zero
baseline_medce_gbl,ASO,Final Energy|Industry|Non-Ferrous Metals|Aluminum|Solids,EJ/yr,2040,absent row,zero
baseline_medce_gbl,ASO,Final Energy|Industry|Non-Ferrous Metals|Aluminum|Solids,EJ/yr,2050,absent row,zero
baseline_medce_gbl,BRA,Final Energy|Industry|Non-Ferrous Metals|Aluminum|Solids,EJ/yr,2040,blank cell,zero
baseline_medce_gbl,BRA,Final Energy|Industry|Non-Ferrous Metals|Aluminum|Solids,EJ/yr,2050,blank cell,zero
baseline_medce_gbl,CAN,Final Energy|Industry|Non-Ferrous Metals|Aluminum|Solids,EJ/yr,2019,absent row,zero
baseline_medce_gbl,CAN,Final Energy|Industry|Non-Ferrous Metals|Aluminum|Solids,EJ/yr,2024,absent row,zero
baseline_medce_gbl,CAN,Final Energy|Industry|Non-Ferrous Metals|Aluminum|Solids,EJ/yr,2030,absent row,zero
baseline_medce_gbl,CAN,Final Energy|Industry|Non-Ferrous Metals|Aluminum|Solids,EJ/yr,2035,absent row,zero
baseline_medce_gbl,CAN,Final Energy|Industry|Non-Ferrous Metals|Aluminum|Solids,EJ/yr,2040,absent row,zero
baseline_medce_gbl,CAN,Final Energy|Industry|Non-Ferrous Metals|Aluminum|Solids,EJ/yr,2050,absent row,zero
baseline_medce_gbl,CHL,Final Energy|Industry|Non-Ferrous Metals|Aluminum|Solids,EJ/yr,2019,absent row,zero
baseline_medce_gbl,CHL,Final Energy|Industry|Non-Ferrous Metals|Aluminum|Solids,EJ/yr,2024,absent row,zero
baseline_medce_gbl,CHL,Final Energy|Industry|Non-Ferrous Metals|Aluminum|Solids,EJ/yr,2030,absent row,zero
baseline_medce_gbl,CHL,Final Energy|Industry|Non-Ferrous Metals|Aluminum|Solids,EJ/yr,2035,absent row,zero
baseline_medce_gbl,CHL,Final Energy|Industry|Non-Ferrous Metals|Aluminum|Solids,EJ/yr,2040,absent row,zero
baseline_medce_gbl,CHL,Final Energy|Industry|Non-Ferrous Metals|Aluminum|Solids,EJ/yr,2050,absent row,zero
baseline_medce_gbl,CHN,Final Energy|Industry|Non-Ferrous Metals|Aluminum|Solids,EJ/yr,2050,blank cell,zero
baseline_medce_gbl,ENE,Final Energy|Industry|Non-Ferrous Metals|Aluminum|Solids,EJ/yr,2019,absent row,zero
baseline_medce_gbl,ENE,Final Energy|Industry|Non-Ferrous Metals|Aluminum|Solids,EJ/yr,2024,absent row,zero
baseline_medce_gbl,ENE,Final Energy|Industry|Non-Ferrous Metals|Aluminum|Solids,EJ/yr,2030,absent row,zero
baseline_medce_gbl,ENE,Final Energy|Industry|Non-Ferrous Metals|Aluminum|Solids,EJ/yr,2035,absent row,zero
baseline_medce_gbl,ENE,Final Energy|Industry|Non-Ferrous Metals|Aluminum|Solids,EJ/yr,2040,absent row,zero
baseline_medce_gbl,ENE,Final Energy|Industry|Non-Ferrous Metals|Aluminum|Solids,EJ/yr,2050,absent row,zero
baseline_medce_gbl,ENW,Final Energy|Industry|Non-Ferrous Metals|Aluminum|Solids,EJ/yr,2019,absent row,zero
baseline_medce_gbl,ENW,Final Energy|Industry|Non-Ferrous Metals|Aluminum|Solids,EJ/yr,2024,absent row,zero
baseline_medce_gbl,ENW,Final Energy|Industry|Non-Ferrous Metals|Aluminum|Solids,EJ/yr,2030,absent row,zero
baseline_medce_gbl,ENW,Final Energy|Industry|Non-Ferrous Metals|Aluminum|Solids,EJ/yr,2035,absent row,zero
baseline_medce_gbl,ENW,Final Energy|Industry|Non-Ferrous Metals|Aluminum|Solids,EJ/yr,2040,absent row,zero
baseline_medce_gbl,ENW,Final Energy|Industry|Non-Ferrous Metals|Aluminum|Solids,EJ/yr,2050,absent row,zero
baseline_medce_gbl,EUE,Final Energy|Industry|Non-Ferrous Metals|Aluminum|Solids,EJ/yr,2019,absent row,zero
baseline_medce_gbl,EUE,Final Energy|Industry|Non-Ferrous Metals|Aluminum|Solids,EJ/yr,2024,absent row,zero
baseline_medce_gbl,EUE,Final Energy|Industry|Non-Ferrous Metals|Aluminum|Solids,EJ/yr,2030,absent row,zero
baseline_medce_gbl,EUE,Final Energy|Industry|Non-Ferrous Metals|Aluminum|Solids,EJ/yr,2035,absent row,zero
baseline_medce_gbl,EUE,Final Energy|Industry|Non-Ferrous Metals|Aluminum|Solids,EJ/yr,2040,absent row,zero
baseline_medce_gbl,EUE,Final Energy|Industry|Non-Ferrous Metals|Aluminum|Solids,EJ/yr,2050,absent row,zero
baseline_medce_gbl,EUM,Final Energy|Industry|Non-Ferrous Metals|Aluminum|Solids,EJ/yr,2019,absent row,zero
baseline_medce_gbl,EUM,Final Energy|Industry|Non-Ferrous Metals|Aluminum|Solids,EJ/yr,2024,absent row,zero
baseline_medce_gbl,EUM,Final Energy|Industry|Non-Ferrous Metals|Aluminum|Solids,EJ/yr,2030,absent row,zero
baseline_medce_gbl,EUM,Final Energy|Industry|Non-Ferrous Metals|Aluminum|Solids,EJ/yr,2035,absent row,zero
baseline_medce_gbl,EUM,Final Energy|Industry|Non-Ferrous Metals|Aluminum|Solids,EJ/yr,2040,absent row,zero
baseline_medce_gbl,EUM,Final Energy|Industry|Non-Ferrous Metals|Aluminum|Solids,EJ/yr,2050,absent row,zero
baseline_medce_gbl,EUW,Final Energy|Industry|Non-Ferrous Metals|Aluminum|Solids,EJ/yr,2019,absent row,zero
baseline_medce_gbl,EUW,Final Energy|Industry|Non-Ferrous Metals|Aluminum|Solids,EJ/yr,2024,absent row,zero
baseline_medce_gbl,EUW,Final Energy|Industry|Non-Ferrous Metals|Aluminum|Solids,EJ/yr,2030,absent row,zero
baseline_medce_gbl,EUW,Final Energy|Industry|Non-Ferrous Metals|Aluminum|Solids,EJ/yr,2035,absent row,zero
baseline_medce_gbl,EUW,Final Energy|Industry|Non-Ferrous Metals|Aluminum|Solids,EJ/yr,2040,absent row,zero
baseline_medce_gbl,EUW,Final Energy|Industry|Non-Ferrous Metals|Aluminum|Solids,EJ/yr,2050,absent row,zero
baseline_medce_gbl,IDN,Final Energy|Industry|Non-Ferrous Metals|Aluminum|Solids,EJ/yr,2050,blank cell,zero
baseline_medce_gbl,IND,Final Energy|Industry|Non-Ferrous Metals|Aluminum|Solids,EJ/yr,2050,blank cell,zero
baseline_medce_gbl,JPN,Final Energy|Industry|Non-Ferrous Metals|Aluminum|Solids,EJ/yr,2019,absent row,zero
baseline_medce_gbl,JPN,Final Energy|Industry|Non-Ferrous Metals|Aluminum|Solids,EJ/yr,2024,absent row,zero
baseline_medce_gbl,JPN,Final Energy|Industry|Non-Ferrous Metals|Aluminum|Solids,EJ/yr,2030,absent row,zero
baseline_medce_gbl,JPN,Final Energy|Industry|Non-Ferrous Metals|Aluminum|Solids,EJ/yr,2035,absent row,zero
baseline_medce_gbl,JPN,Final Energy|Industry|Non-Ferrous Metals|Aluminum|Solids,EJ/yr,2040,absent row,zero
baseline_medce_gbl,JPN,Final Energy|Industry|Non-Ferrous Metals|Aluminum|Solids,EJ/yr,2050,absent row,zero
baseline_medce_gbl,LAM,Final Energy|Industry|Non-Ferrous Metals|Aluminum|Solids,EJ/yr,2050,blank cell,zero
baseline_medce_gbl,MDA,Final Energy|Industry|Non-Ferrous Metals|Aluminum|Solids,EJ/yr,2050,blank cell,zero
baseline_medce_gbl,MEA,Final Energy|Industry|Non-Ferrous Metals|Aluminum|Solids,EJ/yr,2019,absent row,zero
baseline_medce_gbl,MEA,Final Energy|Industry|Non-Ferrous Metals|Aluminum|Solids,EJ/yr,2024,absent row,zero
baseline_medce_gbl,MEA,Final Energy|Industry|Non-Ferrous Metals|Aluminum|Solids,EJ/yr,2030,absent row,zero
baseline_medce_gbl,MEA,Final Energy|Industry|Non-Ferrous Metals|Aluminum|Solids,EJ/yr,2035,absent row,zero
baseline_medce_gbl,MEA,Final Energy|Industry|Non-Ferrous Metals|Aluminum|Solids,EJ/yr,2040,absent row,zero
baseline_medce_gbl,MEA,Final Energy|Industry|Non-Ferrous Metals|Aluminum|Solids,EJ/yr,2050,absent row,zero
baseline_medce_gbl,MEX,Final Energy|Industry|Non-Ferrous Metals|Aluminum|Solids,EJ/yr,2019,absent row,zero
baseline_medce_gbl,MEX,Final Energy|Industry|Non-Ferrous Metals|Aluminum|Solids,EJ/yr,2024,absent row,zero
baseline_medce_gbl,MEX,Final Energy|Industry|Non-Ferrous Metals|Aluminum|Solids,EJ/yr,2030,absent row,zero
baseline_medce_gbl,MEX,Final Energy|Industry|Non-Ferrous Metals|Aluminum|Solids,EJ/yr,2035,absent row,zero
baseline_medce_gbl,MEX,Final Energy|Industry|Non-Ferrous Metals|Aluminum|Solids,EJ/yr,2040,absent row,zero
baseline_medce_gbl,MEX,Final Energy|Industry|Non-Ferrous Metals|Aluminum|Solids,EJ/yr,2050,absent row,zero
baseline_medce_gbl,NIG,Final Energy|Industry|Non-Ferrous Metals|Aluminum|Solids,EJ/yr,2019,absent row,zero
baseline_medce_gbl,NIG,Final Energy|Industry|Non-Ferrous Metals|Aluminum|Solids,EJ/yr,2024,absent row,zero
baseline_medce_gbl,NIG,Final Energy|Industry|Non-Ferrous Metals|Aluminum|Solids,EJ/yr,2030,absent row,zero
baseline_medce_gbl,NIG,Final Energy|Industry|Non-Ferrous Metals|Aluminum|Solids,EJ/yr,2035,absent row,zero
baseline_medce_gbl,NIG,Final Energy|Industry|Non-Ferrous Metals|Aluminum|Solids,EJ/yr,2040,absent row,zero
baseline_medce_gbl,NIG,Final Energy|Industry|Non-Ferrous Metals|Aluminum|Solids,EJ/yr,2050,absent row,zero
baseline_medce_gbl,RUS,Final Energy|Industry|Non-Ferrous Metals|Aluminum|Solids,EJ/yr,2019,absent row,zero
baseline_medce_gbl,RUS,Final Energy|Industry|Non-Ferrous Metals|Aluminum|Solids,EJ/yr,2024,absent row,zero
baseline_medce_gbl,RUS,Final Energy|Industry|Non-Ferrous Metals|Aluminum|Solids,EJ/yr,2030,absent row,zero
baseline_medce_gbl,RUS,Final Energy|Industry|Non-Ferrous Metals|Aluminum|Solids,EJ/yr,2035,absent row,zero
baseline_medce_gbl,RUS,Final Energy|Industry|Non-Ferrous Metals|Aluminum|Solids,EJ/yr,2040,absent row,zero
baseline_medce_gbl,RUS,Final Energy|Industry|Non-Ferrous Metals|Aluminum|Solids,EJ/yr,2050,absent row,zero
baseline_medce_gbl,SKT,Final Energy|Industry|Non-Ferrous Metals|Aluminum|Solids,EJ/yr,2019,absent row,zero
baseline_medce_gbl,SKT,Final Energy|Industry|Non-Ferrous Metals|Aluminum|Solids,EJ/yr,2024,absent row,zero
baseline_medce_gbl,SKT,Final Energy|Industry|Non-Ferrous Metals|Aluminum|Solids,EJ/yr,2030,absent row,zero
baseline_medce_gbl,SKT,Final Energy|Industry|Non-Ferrous Metals|Aluminum|Solids,EJ/yr,2035,absent row,zero
baseline_medce_gbl,SKT,Final Energy|Industry|Non-Ferrous Metals|Aluminum|Solids,EJ/yr,2040,absent row,zero
baseline_medce_gbl,SKT,Final Energy|Industry|Non-Ferrous Metals|Aluminum|Solids,EJ/yr,2050,absent row,zero
baseline_medce_gbl,USA,Final Energy|Industry|Non-Ferrous Metals|Aluminum|Solids,EJ/yr,2019,absent row,zero
baseline_medce_gbl,USA,Final Energy|Industry|Non-Ferrous Metals|Aluminum|Solids,EJ/yr,2024,absent row,zero
baseline_medce_gbl,USA,Final Energy|Industry|Non-Ferrous Metals|Aluminum|Solids,EJ/yr,2030,absent row,zero
baseline_medce_gbl,USA,Final Energy|Industry|Non-Ferrous Metals|Aluminum|Solids,EJ/yr,2035,absent row,zero
baseline_medce_gbl,USA,Final Energy|Industry|Non-Ferrous Metals|Aluminum|Solids,EJ/yr,2040,absent row,zero
baseline_medce_gbl,USA,Final Energy|Industry|Non-Ferrous Metals|Aluminum|Solids,EJ/yr,2050,absent row,zero
baseline_medce_gbl,CAN,Emissions|GHG|Industry|Iron and Steel,MtCO2e/yr,2050,blank cell,zero
baseline_medce_gbl,USA,Emissions|GHG|Industry|Iron and Steel,MtCO2e/yr,2050,blank cell,zero
baseline_medce_gbl,AFE,Emissions|GHG|Industry|Non-Ferrous Metals|Aluminum,MtCO2e/yr,2019,absent row,zero
baseline_medce_gbl,AFE,Emissions|GHG|Industry|Non-Ferrous Metals|Aluminum,MtCO2e/yr,2024,absent row,zero
baseline_medce_gbl,AFE,Emissions|GHG|Industry|Non-Ferrous Metals|Aluminum,MtCO2e/yr,2030,absent row,zero
baseline_medce_gbl,AFE,Emissions|GHG|Industry|Non-Ferrous Metals|Aluminum,MtCO2e/yr,2035,absent row,zero
baseline_medce_gbl,AFE,Emissions|GHG|Industry|Non-Ferrous Metals|Aluminum,MtCO2e/yr,2040,absent row,zero
baseline_medce_gbl,AFE,Emissions|GHG|Industry|Non-Ferrous Metals|Aluminum,MtCO2e/yr,2050,absent row,zero
baseline_medce_gbl,ANZ,Emissions|GHG|Industry|Non-Ferrous Metals|Aluminum,MtCO2e/yr,2040,blank cell,zero
baseline_medce_gbl,ANZ,Emissions|GHG|Industry|Non-Ferrous Metals|Aluminum,MtCO2e/yr,2050,blank cell,zero
baseline_medce_gbl,ASO,Emissions|GHG|Industry|Non-Ferrous Metals|Aluminum,MtCO2e/yr,2019,absent row,zero
baseline_medce_gbl,ASO,Emissions|GHG|Industry|Non-Ferrous Metals|Aluminum,MtCO2e/yr,2024,absent row,zero
baseline_medce_gbl,ASO,Emissions|GHG|Industry|Non-Ferrous Metals|Aluminum,MtCO2e/yr,2030,absent row,zero
baseline_medce_gbl,ASO,Emissions|GHG|Industry|Non-Ferrous Metals|Aluminum,MtCO2e/yr,2035,absent row,zero
baseline_medce_gbl,ASO,Emissions|GHG|Industry|Non-Ferrous Metals|Aluminum,MtCO2e/yr,2040,absent row,zero
baseline_medce_gbl,ASO,Emissions|GHG|Industry|Non-Ferrous Metals|Aluminum,MtCO2e/yr,2050,absent row,zero
baseline_medce_gbl,BRA,Emissions|GHG|Industry|Non-Ferrous Metals|Aluminum,MtCO2e/yr,2050,blank cell,zero
baseline_medce_gbl,CAN,Emissions|GHG|Industry|Non-Ferrous Metals|Aluminum,MtCO2e/yr,2050,blank cell,zero
baseline_medce_gbl,CHL,Emissions|GHG|Industry|Non-Ferrous Metals|Aluminum,MtCO2e/yr,2019,absent row,zero
baseline_medce_gbl,CHL,Emissions|GHG|Industry|Non-Ferrous Metals|Aluminum,MtCO2e/yr,2024,absent row,zero
baseline_medce_gbl,CHL,Emissions|GHG|Industry|Non-Ferrous Metals|Aluminum,MtCO2e/yr,2030,absent row,zero
baseline_medce_gbl,CHL,Emissions|GHG|Industry|Non-Ferrous Metals|Aluminum,MtCO2e/yr,2035,absent row,zero
baseline_medce_gbl,CHL,Emissions|GHG|Industry|Non-Ferrous Metals|Aluminum,MtCO2e/yr,2040,absent row,zero
baseline_medce_gbl,CHL,Emissions|GHG|Industry|Non-Ferrous Metals|Aluminum,MtCO2e/yr,2050,absent row,zero
baseline_medce_gbl,ENW,Emissions|GHG|Industry|Non-Ferrous Metals|Aluminum,MtCO2e/yr,2040,blank cell,zero
baseline_medce_gbl,ENW,Emissions|GHG|Industry|Non-Ferrous Metals|Aluminum,MtCO2e/yr,2050,blank cell,zero
baseline_medce_gbl,EUE,Emissions|GHG|Industry|Non-Ferrous Metals|Aluminum,MtCO2e/yr,2050,blank cell,zero
baseline_medce_gbl,EUM,Emissions|GHG|Industry|Non-Ferrous Metals|Aluminum,MtCO2e/yr,2050,blank cell,zero
baseline_medce_gbl,EUW,Emissions|GHG|Industry|Non-Ferrous Metals|Aluminum,MtCO2e/yr,2050,blank cell,zero
baseline_medce_gbl,JPN,Emissions|GHG|Industry|Non-Ferrous Metals|Aluminum,MtCO2e/yr,2050,blank cell,zero
baseline_medce_gbl,NIG,Emissions|GHG|Industry|Non-Ferrous Metals|Aluminum,MtCO2e/yr,2019,absent row,zero
baseline_medce_gbl,NIG,Emissions|GHG|Industry|Non-Ferrous Metals|Aluminum,MtCO2e/yr,2024,absent row,zero
baseline_medce_gbl,NIG,Emissions|GHG|Industry|Non-Ferrous Metals|Aluminum,MtCO2e/yr,2030,absent row,zero
baseline_medce_gbl,NIG,Emissions|GHG|Industry|Non-Ferrous Metals|Aluminum,MtCO2e/yr,2035,absent row,zero
baseline_medce_gbl,NIG,Emissions|GHG|Industry|Non-Ferrous Metals|Aluminum,MtCO2e/yr,2040,absent row,zero
baseline_medce_gbl,NIG,Emissions|GHG|Industry|Non-Ferrous Metals|Aluminum,MtCO2e/yr,2050,absent row,zero
baseline_medce_gbl,SKT,Emissions|GHG|Industry|Non-Ferrous Metals|Aluminum,MtCO2e/yr,2050,blank cell,zero
baseline_medce_gbl,USA,Emissions|GHG|Industry|Non-Ferrous Metals|Aluminum,MtCO2e/yr,2050,blank cell,zero
baseline_highce_gbl,AFW,Production|Iron and Steel|Primary,Mt/yr,2030,blank cell,zero
baseline_highce_gbl,ASO,Production|Iron and Steel|Primary,Mt/yr,2030,blank cell,zero
baseline_highce_gbl,ASO,Production|Iron and Steel|Primary,Mt/yr,2040,blank cell,zero
baseline_highce_gbl,CAN,Production|Iron and Steel|Primary,Mt/yr,2030,blank cell,zero
baseline_highce_gbl,MEX,Production|Iron and Steel|Primary,Mt/yr,2035,blank cell,zero
baseline_highce_gbl,NIG,Production|Iron and Steel|Primary,Mt/yr,2030,blank cell,zero
baseline_highce_gbl,ANZ,Production|Iron and Steel|Secondary,Mt/yr,2050,blank cell,zero
baseline_highce_gbl,CAN,Production|Iron and Steel|Secondary,Mt/yr,2050,blank cell,zero
baseline_highce_gbl,ENW,Production|Iron and Steel|Secondary,Mt/yr,2050,blank cell,zero
baseline_highce_gbl,EUE,Production|Iron and Steel|Secondary,Mt/yr,2050,blank cell,zero
baseline_highce_gbl,EUM,Production|Iron and Steel|Secondary,Mt/yr,2050,blank cell,zero
baseline_highce_gbl,EUW,Production|Iron and Steel|Secondary,Mt/yr,2050,blank cell,zero
baseline_highce_gbl,USA,Production|Iron and Steel|Secondary,Mt/yr,2050,blank cell,zero
baseline_highce_gbl,AFE,Production|Non-Ferrous Metals|Aluminum|Primary,Mt/yr,2019,absent row,zero
baseline_highce_gbl,AFE,Production|Non-Ferrous Metals|Aluminum|Primary,Mt/yr,2024,absent row,zero
baseline_highce_gbl,AFE,Production|Non-Ferrous Metals|Aluminum|Primary,Mt/yr,2030,absent row,zero
baseline_highce_gbl,AFE,Production|Non-Ferrous Metals|Aluminum|Primary,Mt/yr,2035,absent row,zero
baseline_highce_gbl,AFE,Production|Non-Ferrous Metals|Aluminum|Primary,Mt/yr,2040,absent row,zero
baseline_highce_gbl,AFE,Production|Non-Ferrous Metals|Aluminum|Primary,Mt/yr,2050,absent row,zero
baseline_highce_gbl,ASO,Production|Non-Ferrous Metals|Aluminum|Primary,Mt/yr,2019,absent row,zero
baseline_highce_gbl,ASO,Production|Non-Ferrous Metals|Aluminum|Primary,Mt/yr,2024,absent row,zero
baseline_highce_gbl,ASO,Production|Non-Ferrous Metals|Aluminum|Primary,Mt/yr,2030,absent row,zero
baseline_highce_gbl,ASO,Production|Non-Ferrous Metals|Aluminum|Primary,Mt/yr,2035,absent row,zero
baseline_highce_gbl,ASO,Production|Non-Ferrous Metals|Aluminum|Primary,Mt/yr,2040,absent row,zero
baseline_highce_gbl,ASO,Production|Non-Ferrous Metals|Aluminum|Primary,Mt/yr,2050,absent row,zero
baseline_highce_gbl,CHL,Production|Non-Ferrous Metals|Aluminum|Primary,Mt/yr,2019,absent row,zero
baseline_highce_gbl,CHL,Production|Non-Ferrous Metals|Aluminum|Primary,Mt/yr,2024,absent row,zero
baseline_highce_gbl,CHL,Production|Non-Ferrous Metals|Aluminum|Primary,Mt/yr,2030,absent row,zero
baseline_highce_gbl,CHL,Production|Non-Ferrous Metals|Aluminum|Primary,Mt/yr,2035,absent row,zero
baseline_highce_gbl,CHL,Production|Non-Ferrous Metals|Aluminum|Primary,Mt/yr,2040,absent row,zero
baseline_highce_gbl,CHL,Production|Non-Ferrous Metals|Aluminum|Primary,Mt/yr,2050,absent row,zero
baseline_highce_gbl,EUE,Production|Non-Ferrous Metals|Aluminum|Primary,Mt/yr,2035,blank cell,zero
baseline_highce_gbl,EUE,Production|Non-Ferrous Metals|Aluminum|Primary,Mt/yr,2040,blank cell,zero
baseline_highce_gbl,EUW,Production|Non-Ferrous Metals|Aluminum|Primary,Mt/yr,2030,blank cell,zero
baseline_highce_gbl,EUW,Production|Non-Ferrous Metals|Aluminum|Primary,Mt/yr,2035,blank cell,zero
baseline_highce_gbl,IDN,Production|Non-Ferrous Metals|Aluminum|Primary,Mt/yr,2040,blank cell,zero
baseline_highce_gbl,IDN,Production|Non-Ferrous Metals|Aluminum|Primary,Mt/yr,2050,blank cell,zero
baseline_highce_gbl,JPN,Production|Non-Ferrous Metals|Aluminum|Primary,Mt/yr,2019,blank cell,zero
baseline_highce_gbl,JPN,Production|Non-Ferrous Metals|Aluminum|Primary,Mt/yr,2030,blank cell,zero
baseline_highce_gbl,JPN,Production|Non-Ferrous Metals|Aluminum|Primary,Mt/yr,2035,blank cell,zero
baseline_highce_gbl,JPN,Production|Non-Ferrous Metals|Aluminum|Primary,Mt/yr,2040,blank cell,zero
baseline_highce_gbl,JPN,Production|Non-Ferrous Metals|Aluminum|Primary,Mt/yr,2050,blank cell,zero
baseline_highce_gbl,MEX,Production|Non-Ferrous Metals|Aluminum|Primary,Mt/yr,2019,blank cell,zero
baseline_highce_gbl,MEX,Production|Non-Ferrous Metals|Aluminum|Primary,Mt/yr,2030,blank cell,zero
baseline_highce_gbl,MEX,Production|Non-Ferrous Metals|Aluminum|Primary,Mt/yr,2035,blank cell,zero
baseline_highce_gbl,MEX,Production|Non-Ferrous Metals|Aluminum|Primary,Mt/yr,2040,blank cell,zero
baseline_highce_gbl,NIG,Production|Non-Ferrous Metals|Aluminum|Primary,Mt/yr,2019,absent row,zero
baseline_highce_gbl,NIG,Production|Non-Ferrous Metals|Aluminum|Primary,Mt/yr,2024,absent row,zero
baseline_highce_gbl,NIG,Production|Non-Ferrous Metals|Aluminum|Primary,Mt/yr,2030,absent row,zero
baseline_highce_gbl,NIG,Production|Non-Ferrous Metals|Aluminum|Primary,Mt/yr,2035,absent row,zero
baseline_highce_gbl,NIG,Production|Non-Ferrous Metals|Aluminum|Primary,Mt/yr,2040,absent row,zero
baseline_highce_gbl,NIG,Production|Non-Ferrous Metals|Aluminum|Primary,Mt/yr,2050,absent row,zero
baseline_highce_gbl,SKT,Production|Non-Ferrous Metals|Aluminum|Primary,Mt/yr,2019,blank cell,zero
baseline_highce_gbl,SKT,Production|Non-Ferrous Metals|Aluminum|Primary,Mt/yr,2030,blank cell,zero
baseline_highce_gbl,SKT,Production|Non-Ferrous Metals|Aluminum|Primary,Mt/yr,2035,blank cell,zero
baseline_highce_gbl,SKT,Production|Non-Ferrous Metals|Aluminum|Primary,Mt/yr,2040,blank cell,zero
baseline_highce_gbl,SKT,Production|Non-Ferrous Metals|Aluminum|Primary,Mt/yr,2050,blank cell,zero
baseline_highce_gbl,USA,Production|Non-Ferrous Metals|Aluminum|Primary,Mt/yr,2030,blank cell,zero
baseline_highce_gbl,AFE,Production|Non-Ferrous Metals|Aluminum|Secondary,Mt/yr,2019,absent row,zero
baseline_highce_gbl,AFE,Production|Non-Ferrous Metals|Aluminum|Secondary,Mt/yr,2024,absent row,zero
baseline_highce_gbl,AFE,Production|Non-Ferrous Metals|Aluminum|Secondary,Mt/yr,2030,absent row,zero
baseline_highce_gbl,AFE,Production|Non-Ferrous Metals|Aluminum|Secondary,Mt/yr,2035,absent row,zero
baseline_highce_gbl,AFE,Production|Non-Ferrous Metals|Aluminum|Secondary,Mt/yr,2040,absent row,zero
baseline_highce_gbl,AFE,Production|Non-Ferrous Metals|Aluminum|Secondary,Mt/yr,2050,absent row,zero
baseline_highce_gbl,AFN,Production|Non-Ferrous Metals|Aluminum|Secondary,Mt/yr,2050,blank cell,zero
baseline_highce_gbl,ANZ,Production|Non-Ferrous Metals|Aluminum|Secondary,Mt/yr,2050,blank cell,zero
baseline_highce_gbl,ASO,Production|Non-Ferrous Metals|Aluminum|Secondary,Mt/yr,2019,absent row,zero
baseline_highce_gbl,ASO,Production|Non-Ferrous Metals|Aluminum|Secondary,Mt/yr,2024,absent row,zero
baseline_highce_gbl,ASO,Production|Non-Ferrous Metals|Aluminum|Secondary,Mt/yr,2030,absent row,zero
baseline_highce_gbl,ASO,Production|Non-Ferrous Metals|Aluminum|Secondary,Mt/yr,2035,absent row,zero
baseline_highce_gbl,ASO,Production|Non-Ferrous Metals|Aluminum|Secondary,Mt/yr,2040,absent row,zero
baseline_highce_gbl,ASO,Production|Non-Ferrous Metals|Aluminum|Secondary,Mt/yr,2050,absent row,zero
baseline_highce_gbl,CAN,Production|Non-Ferrous Metals|Aluminum|Secondary,Mt/yr,2050,blank cell,zero
baseline_highce_gbl,CHL,Production|Non-Ferrous Metals|Aluminum|Secondary,Mt/yr,2019,absent row,zero
baseline_highce_gbl,CHL,Production|Non-Ferrous Metals|Aluminum|Secondary,Mt/yr,2024,absent row,zero
baseline_highce_gbl,CHL,Production|Non-Ferrous Metals|Aluminum|Secondary,Mt/yr,2030,absent row,zero
baseline_highce_gbl,CHL,Production|Non-Ferrous Metals|Aluminum|Secondary,Mt/yr,2035,absent row,zero
baseline_highce_gbl,CHL,Production|Non-Ferrous Metals|Aluminum|Secondary,Mt/yr,2040,absent row,zero
baseline_highce_gbl,CHL,Production|Non-Ferrous Metals|Aluminum|Secondary,Mt/yr,2050,absent row,zero
baseline_highce_gbl,ENW,Production|Non-Ferrous Metals|Aluminum|Secondary,Mt/yr,2050,blank cell,zero
baseline_highce_gbl,NIG,Production|Non-Ferrous Metals|Aluminum|Secondary,Mt/yr,2019,absent row,zero
baseline_highce_gbl,NIG,Production|Non-Ferrous Metals|Aluminum|Secondary,Mt/yr,2024,absent row,zero
baseline_highce_gbl,NIG,Production|Non-Ferrous Metals|Aluminum|Secondary,Mt/yr,2030,absent row,zero
baseline_highce_gbl,NIG,Production|Non-Ferrous Metals|Aluminum|Secondary,Mt/yr,2035,absent row,zero
baseline_highce_gbl,NIG,Production|Non-Ferrous Metals|Aluminum|Secondary,Mt/yr,2040,absent row,zero
baseline_highce_gbl,NIG,Production|Non-Ferrous Metals|Aluminum|Secondary,Mt/yr,2050,absent row,zero
baseline_highce_gbl,RUS,Production|Non-Ferrous Metals|Aluminum|Secondary,Mt/yr,2050,blank cell,zero
baseline_highce_gbl,AFW,Final Energy|Industry|Non-Metallic Minerals|Cement|Gases,EJ/yr,2019,blank cell,zero
baseline_highce_gbl,ASO,Final Energy|Industry|Non-Metallic Minerals|Cement|Gases,EJ/yr,2019,blank cell,zero
baseline_highce_gbl,CHN,Final Energy|Industry|Non-Metallic Minerals|Cement|Gases,EJ/yr,2019,blank cell,zero
baseline_highce_gbl,IND,Final Energy|Industry|Non-Metallic Minerals|Cement|Gases,EJ/yr,2019,blank cell,zero
baseline_highce_gbl,MEA,Final Energy|Industry|Non-Metallic Minerals|Cement|Liquids,EJ/yr,2019,blank cell,zero
baseline_highce_gbl,AFW,Final Energy|Industry|Iron and Steel|Gases,EJ/yr,2030,blank cell,zero
baseline_highce_gbl,ASO,Final Energy|Industry|Iron and Steel|Gases,EJ/yr,2030,blank cell,zero
baseline_highce_gbl,ASO,Final Energy|Industry|Iron and Steel|Gases,EJ/yr,2035,blank cell,zero
baseline_highce_gbl,ASO,Final Energy|Industry|Iron and Steel|Gases,EJ/yr,2040,blank cell,zero
baseline_highce_gbl,BRA,Final Energy|Industry|Iron and Steel|Gases,EJ/yr,2050,blank cell,zero
baseline_highce_gbl,CAN,Final Energy|Industry|Iron and Steel|Gases,EJ/yr,2030,blank cell,zero
baseline_highce_gbl,CAN,Final Energy|Industry|Iron and Steel|Gases,EJ/yr,2040,blank cell,zero
baseline_highce_gbl,CAN,Final Energy|Industry|Iron and Steel|Gases,EJ/yr,2050,blank cell,zero
baseline_highce_gbl,MEX,Final Energy|Industry|Iron and Steel|Gases,EJ/yr,2035,blank cell,zero
baseline_highce_gbl,MEX,Final Energy|Industry|Iron and Steel|Gases,EJ/yr,2040,blank cell,zero
baseline_highce_gbl,NIG,Final Energy|Industry|Iron and Steel|Gases,EJ/yr,2030,blank cell,zero
baseline_highce_gbl,NIG,Final Energy|Industry|Iron and Steel|Gases,EJ/yr,2040,blank cell,zero
baseline_highce_gbl,USA,Final Energy|Industry|Iron and Steel|Gases,EJ/yr,2050,blank cell,zero
baseline_highce_gbl,AFE,Final Energy|Industry|Iron and Steel|Hydrogen,EJ/yr,2019,blank cell,zero
baseline_highce_gbl,AFE,Final Energy|Industry|Iron and Steel|Hydrogen,EJ/yr,2024,blank cell,zero
baseline_highce_gbl,AFN,Final Energy|Industry|Iron and Steel|Hydrogen,EJ/yr,2019,blank cell,zero
baseline_highce_gbl,AFN,Final Energy|Industry|Iron and Steel|Hydrogen,EJ/yr,2024,blank cell,zero
baseline_highce_gbl,AFN,Final Energy|Industry|Iron and Steel|Hydrogen,EJ/yr,2030,blank cell,zero
baseline_highce_gbl,AFW,Final Energy|Industry|Iron and Steel|Hydrogen,EJ/yr,2019,blank cell,zero
baseline_highce_gbl,AFW,Final Energy|Industry|Iron and Steel|Hydrogen,EJ/yr,2024,blank cell,zero
baseline_highce_gbl,AFW,Final Energy|Industry|Iron and Steel|Hydrogen,EJ/yr,2030,blank cell,zero
baseline_highce_gbl,AFZ,Final Energy|Industry|Iron and Steel|Hydrogen,EJ/yr,2019,blank cell,zero
baseline_highce_gbl,AFZ,Final Energy|Industry|Iron and Steel|Hydrogen,EJ/yr,2024,blank cell,zero
baseline_highce_gbl,AFZ,Final Energy|Industry|Iron and Steel|Hydrogen,EJ/yr,2030,blank cell,zero
baseline_highce_gbl,ANZ,Final Energy|Industry|Iron and Steel|Hydrogen,EJ/yr,2019,blank cell,zero
baseline_highce_gbl,ANZ,Final Energy|Industry|Iron and Steel|Hydrogen,EJ/yr,2024,blank cell,zero
baseline_highce_gbl,ANZ,Final Energy|Industry|Iron and Steel|Hydrogen,EJ/yr,2030,blank cell,zero
baseline_highce_gbl,ANZ,Final Energy|Industry|Iron and Steel|Hydrogen,EJ/yr,2035,blank cell,zero
baseline_highce_gbl,ANZ,Final Energy|Industry|Iron and Steel|Hydrogen,EJ/yr,2050,blank cell,zero
baseline_highce_gbl,ASC,Final Energy|Industry|Iron and Steel|Hydrogen,EJ/yr,2019,blank cell,zero
baseline_highce_gbl,ASC,Final Energy|Industry|Iron and Steel|Hydrogen,EJ/yr,2024,blank cell,zero
baseline_highce_gbl,ASE,Final Energy|Industry|Iron and Steel|Hydrogen,EJ/yr,2019,blank cell,zero
baseline_highce_gbl,ASE,Final Energy|Industry|Iron and Steel|Hydrogen,EJ/yr,2024,blank cell,zero
baseline_highce_gbl,ASE,Final Energy|Industry|Iron and Steel|Hydrogen,EJ/yr,2030,blank cell,zero
baseline_highce_gbl,ASE,Final Energy|Industry|Iron and Steel|Hydrogen,EJ/yr,2035,blank cell,zero
baseline_highce_gbl,ASE,Final Energy|Industry|Iron and Steel|Hydrogen,EJ/yr,2040,blank cell,zero
baseline_highce_gbl,ASO,Final Energy|Industry|Iron and Steel|Hydrogen,EJ/yr,2019,blank cell,zero
baseline_highce_gbl,ASO,Final Energy|Industry|Iron and Steel|Hydrogen,EJ/yr,2024,blank cell,zero
baseline_highce_gbl,ASO,Final Energy|Industry|Iron and Steel|Hydrogen,EJ/yr,2030,blank cell,zero
baseline_highce_gbl,ASO,Final Energy|Industry|Iron and Steel|Hydrogen,EJ/yr,2035,blank cell,zero
baseline_highce_gbl,ASO,Final Energy|Industry|Iron and Steel|Hydrogen,EJ/yr,2040,blank cell,zero
baseline_highce_gbl,BRA,Final Energy|Industry|Iron and Steel|Hydrogen,EJ/yr,2019,blank cell,zero
baseline_highce_gbl,BRA,Final Energy|Industry|Iron and Steel|Hydrogen,EJ/yr,2024,blank cell,zero
baseline_highce_gbl,CAN,Final Energy|Industry|Iron and Steel|Hydrogen,EJ/yr,2019,absent row,zero
baseline_highce_gbl,CAN,Final Energy|Industry|Iron and Steel|Hydrogen,EJ/yr,2024,absent row,zero
baseline_highce_gbl,CAN,Final Energy|Industry|Iron and Steel|Hydrogen,EJ/yr,2030,absent row,zero
baseline_highce_gbl,CAN,Final Energy|Industry|Iron and Steel|Hydrogen,EJ/yr,2035,absent row,zero
baseline_highce_gbl,CAN,Final Energy|Industry|Iron and Steel|Hydrogen,EJ/yr,2040,absent row,zero
baseline_highce_gbl,CAN,Final Energy|Industry|Iron and Steel|Hydrogen,EJ/yr,2050,absent row,zero
baseline_highce_gbl,CHL,Final Energy|Industry|Iron and Steel|Hydrogen,EJ/yr,2019,blank cell,zero
baseline_highce_gbl,CHL,Final Energy|Industry|Iron and Steel|Hydrogen,EJ/yr,2024,blank cell,zero
baseline_highce_gbl,CHL,Final Energy|Industry|Iron and Steel|Hydrogen,EJ/yr,2030,blank cell,zero
baseline_highce_gbl,CHL,Final Energy|Industry|Iron and Steel|Hydrogen,EJ/yr,2050,blank cell,zero
baseline_highce_gbl,CHN,Final Energy|Industry|Iron and Steel|Hydrogen,EJ/yr,2019,blank cell,zero
baseline_highce_gbl,CHN,Final Energy|Industry|Iron and Steel|Hydrogen,EJ/yr,2024,blank cell,zero
baseline_highce_gbl,CHN,Final Energy|Industry|Iron and Steel|Hydrogen,EJ/yr,2030,blank cell,zero
baseline_highce_gbl,ENE,Final Energy|Industry|Iron and Steel|Hydrogen,EJ/yr,2019,blank cell,zero
baseline_highce_gbl,ENE,Final Energy|Industry|Iron and Steel|Hydrogen,EJ/yr,2024,blank cell,zero
baseline_highce_gbl,ENE,Final Energy|Industry|Iron and Steel|Hydrogen,EJ/yr,2030,blank cell,zero
baseline_highce_gbl,ENW,Final Energy|Industry|Iron and Steel|Hydrogen,EJ/yr,2019,absent row,zero
baseline_highce_gbl,ENW,Final Energy|Industry|Iron and Steel|Hydrogen,EJ/yr,2024,absent row,zero
baseline_highce_gbl,ENW,Final Energy|Industry|Iron and Steel|Hydrogen,EJ/yr,2030,absent row,zero
baseline_highce_gbl,ENW,Final Energy|Industry|Iron and Steel|Hydrogen,EJ/yr,2035,absent row,zero
baseline_highce_gbl,ENW,Final Energy|Industry|Iron and Steel|Hydrogen,EJ/yr,2040,absent row,zero
baseline_highce_gbl,ENW,Final Energy|Industry|Iron and Steel|Hydrogen,EJ/yr,2050,absent row,zero
baseline_highce_gbl,EUE,Final Energy|Industry|Iron and Steel|Hydrogen,EJ/yr,2019,absent row,zero
baseline_highce_gbl,EUE,Final Energy|Industry|Iron and Steel|Hydrogen,EJ/yr,2024,absent row,zero
baseline_highce_gbl,EUE,Final Energy|Industry|Iron and Steel|Hydrogen,EJ/yr,2030,absent row,zero
baseline_highce_gbl,EUE,Final Energy|Industry|Iron and Steel|Hydrogen,EJ/yr,2035,absent row,zero
baseline_highce_gbl,EUE,Final Energy|Industry|Iron and Steel|Hydrogen,EJ/yr,2040,absent row,zero
baseline_highce_gbl,EUE,Final Energy|Industry|Iron and Steel|Hydrogen,EJ/yr,2050,absent row,zero
baseline_highce_gbl,EUM,Final Energy|Industry|Iron and Steel|Hydrogen,EJ/yr,2019,absent row,zero
baseline_highce_gbl,EUM,Final Energy|Industry|Iron and Steel|Hydrogen,EJ/yr,2024,absent row,zero
baseline_highce_gbl,EUM,Final Energy|Industry|Iron and Steel|Hydrogen,EJ/yr,2030,absent row,zero
baseline_highce_gbl,EUM,Final Energy|Industry|Iron and Steel|Hydrogen,EJ/yr,2035,absent row,zero
baseline_highce_gbl,EUM,Final Energy|Industry|Iron and Steel|Hydrogen,EJ/yr,2040,absent row,zero
baseline_highce_gbl,EUM,Final Energy|Industry|Iron and Steel|Hydrogen,EJ/yr,2050,absent row,zero
baseline_highce_gbl,EUW,Final Energy|Industry|Iron and Steel|Hydrogen,EJ/yr,2019,absent row,zero
baseline_highce_gbl,EUW,Final Energy|Industry|Iron and Steel|Hydrogen,EJ/yr,2024,absent row,zero
baseline_highce_gbl,EUW,Final Energy|Industry|Iron and Steel|Hydrogen,EJ/yr,2030,absent row,zero
baseline_highce_gbl,EUW,Final Energy|Industry|Iron and Steel|Hydrogen,EJ/yr,2035,absent row,zero
baseline_highce_gbl,EUW,Final Energy|Industry|Iron and Steel|Hydrogen,EJ/yr,2040,absent row,zero
baseline_highce_gbl,EUW,Final Energy|Industry|Iron and Steel|Hydrogen,EJ/yr,2050,absent row,zero
baseline_highce_gbl,IDN,Final Energy|Industry|Iron and Steel|Hydrogen,EJ/yr,2019,blank cell,zero
baseline_highce_gbl,IDN,Final Energy|Industry|Iron and Steel|Hydrogen,EJ/yr,2024,blank cell,zero
baseline_highce_gbl,IDN,Final Energy|Industry|Iron and Steel|Hydrogen,EJ/yr,2030,blank cell,zero
baseline_highce_gbl,IND,Final Energy|Industry|Iron and Steel|Hydrogen,EJ/yr,2019,blank cell,zero
baseline_highce_gbl,IND,Final Energy|Industry|Iron and Steel|Hydrogen,EJ/yr,2024,blank cell,zero
baseline_highce_gbl,JPN,Final Energy|Industry|Iron and Steel|Hydrogen,EJ/yr,2019,blank cell,zero
baseline_highce_gbl,JPN,Final Energy|Industry|Iron and Steel|Hydrogen,EJ/yr,2024,blank cell,zero
baseline_highce_gbl,JPN,Final Energy|Industry|Iron and Steel|Hydrogen,EJ/yr,2040,blank cell,zero
baseline_highce_gbl,JPN,Final Energy|Industry|Iron and Steel|Hydrogen,EJ/yr,2050,blank cell,zero
baseline_highce_gbl,LAM,Final Energy|Industry|Iron and Steel|Hydrogen,EJ/yr,2019,blank cell,zero
baseline_highce_gbl,LAM,Final Energy|Industry|Iron and Steel|Hydrogen,EJ/yr,2024,blank cell,zero
baseline_highce_gbl,LAM,Final Energy|Industry|Iron and Steel|Hydrogen,EJ/yr,2030,blank cell,zero
baseline_highce_gbl,LAM,Final Energy|Industry|Iron and Steel|Hydrogen,EJ/yr,2035,blank cell,zero
baseline_highce_gbl,LAM,Final Energy|Industry|Iron and Steel|Hydrogen,EJ/yr,2040,blank cell,zero
baseline_highce_gbl,MDA,Final Energy|Industry|Iron and Steel|Hydrogen,EJ/yr,2019,blank cell,zero
baseline_highce_gbl,MDA,Final Energy|Industry|Iron and Steel|Hydrogen,EJ/yr,2024,blank cell,zero
baseline_highce_gbl,MEA,Final Energy|Industry|Iron and Steel|Hydrogen,EJ/yr,2019,blank cell,zero
baseline_highce_gbl,MEA,Final Energy|Industry|Iron and Steel|Hydrogen,EJ/yr,2024,blank cell,zero
baseline_highce_gbl,MEX,Final Energy|Industry|Iron and Steel|Hydrogen,EJ/yr,2019,blank cell,zero
baseline_highce_gbl,MEX,Final Energy|Industry|Iron and Steel|Hydrogen,EJ/yr,2024,blank cell,zero
baseline_highce_gbl,MEX,Final Energy|Industry|Iron and Steel|Hydrogen,EJ/yr,2030,blank cell,zero
baseline_highce_gbl,MEX,Final Energy|Industry|Iron and Steel|Hydrogen,EJ/yr,2035,blank cell,zero
baseline_highce_gbl,MEX,Final Energy|Industry|Iron and Steel|Hydrogen,EJ/yr,2040,blank cell,zero
baseline_highce_gbl,NIG,Final Energy|Industry|Iron and Steel|Hydrogen,EJ/yr,2019,blank cell,zero
baseline_highce_gbl,NIG,Final Energy|Industry|Iron and Steel|Hydrogen,EJ/yr,2024,blank cell,zero
baseline_highce_gbl,NIG,Final Energy|Industry|Iron and Steel|Hydrogen,EJ/yr,2030,blank cell,zero
baseline_highce_gbl,NIG,Final Energy|Industry|Iron and Steel|Hydrogen,EJ/yr,2035,blank cell,zero
baseline_highce_gbl,NIG,Final Energy|Industry|Iron and Steel|Hydrogen,EJ/yr,2040,blank cell,zero
baseline_highce_gbl,RUS,Final Energy|Industry|Iron and Steel|Hydrogen,EJ/yr,2019,blank cell,zero
baseline_highce_gbl,RUS,Final Energy|Industry|Iron and Steel|Hydrogen,EJ/yr,2024,blank cell,zero
baseline_highce_gbl,SKT,Final Energy|Industry|Iron and Steel|Hydrogen,EJ/yr,2019,blank cell,zero
baseline_highce_gbl,SKT,Final Energy|Industry|Iron and Steel|Hydrogen,EJ/yr,2024,blank cell,zero
baseline_highce_gbl,SKT,Final Energy|Industry|Iron and Steel|Hydrogen,EJ/yr,2030,blank cell,zero
baseline_highce_gbl,SKT,Final Energy|Industry|Iron and Steel|Hydrogen,EJ/yr,2040,blank cell,zero
baseline_highce_gbl,SKT,Final Energy|Industry|Iron and Steel|Hydrogen,EJ/yr,2050,blank cell,zero
baseline_highce_gbl,USA,Final Energy|Industry|Iron and Steel|Hydrogen,EJ/yr,2019,absent row,zero
baseline_highce_gbl,USA,Final Energy|Industry|Iron and Steel|Hydrogen,EJ/yr,2024,absent row,zero
baseline_highce_gbl,USA,Final Energy|Industry|Iron and Steel|Hydrogen,EJ/yr,2030,absent row,zero
baseline_highce_gbl,USA,Final Energy|Industry|Iron and Steel|Hydrogen,EJ/yr,2035,absent row,zero
baseline_highce_gbl,USA,Final Energy|Industry|Iron and Steel|Hydrogen,EJ/yr,2040,absent row,zero
baseline_highce_gbl,USA,Final Energy|Industry|Iron and Steel|Hydrogen,EJ/yr,2050,absent row,zero
baseline_highce_gbl,AFE,Final Energy|Industry|Iron and Steel|Liquids,EJ/yr,2019,absent row,zero
baseline_highce_gbl,AFE,Final Energy|Industry|Iron and Steel|Liquids,EJ/yr,2024,absent row,zero
baseline_highce_gbl,AFE,Final Energy|Industry|Iron and Steel|Liquids,EJ/yr,2030,absent row,zero
baseline_highce_gbl,AFE,Final Energy|Industry|Iron and Steel|Liquids,EJ/yr,2035,absent row,zero
baseline_highce_gbl,AFE,Final Energy|Industry|Iron and Steel|Liquids,EJ/yr,2040,absent row,zero
baseline_highce_gbl,AFE,Final Energy|Industry|Iron and Steel|Liquids,EJ/yr,2050,absent row,zero
baseline_highce_gbl,AFN,Final Energy|Industry|Iron and Steel|Liquids,EJ/yr,2040,blank cell,zero
baseline_highce_gbl,AFN,Final Energy|Industry|Iron and Steel|Liquids,EJ/yr,2050,blank cell,zero
baseline_highce_gbl,AFW,Final Energy|Industry|Iron and Steel|Liquids,EJ/yr,2019,absent row,zero
baseline_highce_gbl,AFW,Final Energy|Industry|Iron and Steel|Liquids,EJ/yr,2024,absent row,zero
baseline_highce_gbl,AFW,Final Energy|Industry|Iron and Steel|Liquids,EJ/yr,2030,absent row,zero
baseline_highce_gbl,AFW,Final Energy|Industry|Iron and Steel|Liquids,EJ/yr,2035,absent row,zero
baseline_highce_gbl,AFW,Final Energy|Industry|Iron and Steel|Liquids,EJ/yr,2040,absent row,zero
baseline_highce_gbl,AFW,Final Energy|Industry|Iron and Steel|Liquids,EJ/yr,2050,absent row,zero
baseline_highce_gbl,AFZ,Final Energy|Industry|Iron and Steel|Liquids,EJ/yr,2030,blank cell,zero
baseline_highce_gbl,AFZ,Final Energy|Industry|Iron and Steel|Liquids,EJ/yr,2040,blank cell,zero
baseline_highce_gbl,AFZ,Final Energy|Industry|Iron and Steel|Liquids,EJ/yr,2050,blank cell,zero
baseline_highce_gbl,ANZ,Final Energy|Industry|Iron and Steel|Liquids,EJ/yr,2050,blank cell,zero
baseline_highce_gbl,ASC,Final Energy|Industry|Iron and Steel|Liquids,EJ/yr,2050,blank cell,zero
baseline_highce_gbl,ASE,Final Energy|Industry|Iron and Steel|Liquids,EJ/yr,2030,blank cell,zero
baseline_highce_gbl,ASE,Final Energy|Industry|Iron and Steel|Liquids,EJ/yr,2035,blank cell,zero
baseline_highce_gbl,ASE,Final Energy|Industry|Iron and Steel|Liquids,EJ/yr,2040,blank cell,zero
baseline_highce_gbl,ASE,Final Energy|Industry|Iron and Steel|Liquids,EJ/yr,2050,blank cell,zero
baseline_highce_gbl,ASO,Final Energy|Industry|Iron and Steel|Liquids,EJ/yr,2019,absent row,zero
baseline_highce_gbl,ASO,Final Energy|Industry|Iron and Steel|Liquids,EJ/yr,2024,absent row,zero
baseline_highce_gbl,ASO,Final Energy|Industry|Iron and Steel|Liquids,EJ/yr,2030,absent row,zero
baseline_highce_gbl,ASO,Final Energy|Industry|Iron and Steel|Liquids,EJ/yr,2035,absent row,zero
baseline_highce_gbl,ASO,Final Energy|Industry|Iron and Steel|Liquids,EJ/yr,2040,absent row,zero
baseline_highce_gbl,ASO,Final Energy|Industry|Iron and Steel|Liquids,EJ/yr,2050,absent row,zero
baseline_highce_gbl,BRA,Final Energy|Industry|Iron and Steel|Liquids,EJ/yr,2040,blank cell,zero
baseline_highce_gbl,BRA,Final Energy|Industry|Iron and Steel|Liquids,EJ/yr,2050,blank cell,zero
baseline_highce_gbl,CAN,Final Energy|Industry|Iron and Steel|Liquids,EJ/yr,2030,blank cell,zero
baseline_highce_gbl,CAN,Final Energy|Industry|Iron and Steel|Liquids,EJ/yr,2040,blank cell,zero
baseline_highce_gbl,CAN,Final Energy|Industry|Iron and Steel|Liquids,EJ/yr,2050,blank cell,zero
baseline_highce_gbl,CHL,Final Energy|Industry|Iron and Steel|Liquids,EJ/yr,2050,blank cell,zero
baseline_highce_gbl,CHN,Final Energy|Industry|Iron and Steel|Liquids,EJ/yr,2050,blank cell,zero
baseline_highce_gbl,ENE,Final Energy|Industry|Iron and Steel|Liquids,EJ/yr,2050,blank cell,zero
baseline_highce_gbl,ENW,Final Energy|Industry|Iron and Steel|Liquids,EJ/yr,2050,blank cell,zero
baseline_highce_gbl,EUE,Final Energy|Industry|Iron and Steel|Liquids,EJ/yr,2050,blank cell,zero
baseline_highce_gbl,EUM,Final Energy|Industry|Iron and Steel|Liquids,EJ/yr,2050,blank cell,zero
baseline_highce_gbl,EUW,Final Energy|Industry|Iron and Steel|Liquids,EJ/yr,2050,blank cell,zero
baseline_highce_gbl,IDN,Final Energy|Industry|Iron and Steel|Liquids,EJ/yr,2050,blank cell,zero
baseline_highce_gbl,IND,Final Energy|Industry|Iron and Steel|Liquids,EJ/yr,2035,blank cell,zero
baseline_highce_gbl,IND,Final Energy|Industry|Iron and Steel|Liquids,EJ/yr,2040,blank cell,zero
baseline_highce_gbl,IND,Final Energy|Industry|Iron and Steel|Liquids,EJ/yr,2050,blank cell,zero
baseline_highce_gbl,JPN,Final Energy|Industry|Iron and Steel|Liquids,EJ/yr,2050,blank cell,zero
baseline_highce_gbl,LAM,Final Energy|Industry|Iron and Steel|Liquids,EJ/yr,2050,blank cell,zero
baseline_highce_gbl,MDA,Final Energy|Industry|Iron and Steel|Liquids,EJ/yr,2050,blank cell,zero
baseline_highce_gbl,MEA,Final Energy|Industry|Iron and Steel|Liquids,EJ/yr,2050,blank cell,zero
baseline_highce_gbl,MEX,Final Energy|Industry|Iron and Steel|Liquids,EJ/yr,2035,blank cell,zero
baseline_highce_gbl,MEX,Final Energy|Industry|Iron and Steel|Liquids,EJ/yr,2040,blank cell,zero
baseline_highce_gbl,MEX,Final Energy|Industry|Iron and Steel|Liquids,EJ/yr,2050,blank cell,zero
baseline_highce_gbl,NIG,Final Energy|Industry|Iron and Steel|Liquids,EJ/yr,2019,absent row,zero
baseline_highce_gbl,NIG,Final Energy|Industry|Iron and Steel|Liquids,EJ/yr,2024,absent row,zero
baseline_highce_gbl,NIG,Final Energy|Industry|Iron and Steel|Liquids,EJ/yr,2030,absent row,zero
baseline_highce_gbl,NIG,Final Energy|Industry|Iron and Steel|Liquids,EJ/yr,2035,absent row,zero
baseline_highce_gbl,NIG,Final Energy|Industry|Iron and Steel|Liquids,EJ/yr,2040,absent row,zero
baseline_highce_gbl,NIG,Final Energy|Industry|Iron and Steel|Liquids,EJ/yr,2050,absent row,zero
baseline_highce_gbl,RUS,Final Energy|Industry|Iron and Steel|Liquids,EJ/yr,2035,blank cell,zero
baseline_highce_gbl,RUS,Final Energy|Industry|Iron and Steel|Liquids,EJ/yr,2040,blank cell,zero
baseline_highce_gbl,RUS,Final Energy|Industry|Iron and Steel|Liquids,EJ/yr,2050,blank cell,zero
baseline_highce_gbl,SKT,Final Energy|Industry|Iron and Steel|Liquids,EJ/yr,2050,blank cell,zero
baseline_highce_gbl,USA,Final Energy|Industry|Iron and Steel|Liquids,EJ/yr,2050,blank cell,zero
baseline_highce_gbl,AFE,Final Energy|Industry|Iron and Steel|Solids,EJ/yr,2019,blank cell,zero
baseline_highce_gbl,AFW,Final Energy|Industry|Iron and Steel|Solids,EJ/yr,2019,blank cell,zero
baseline_highce_gbl,AFW,Final Energy|Industry|Iron and Steel|Solids,EJ/yr,2030,blank cell,zero
baseline_highce_gbl,AFW,Final Energy|Industry|Iron and Steel|Solids,EJ/yr,2050,blank cell,zero
baseline_highce_gbl,ASO,Final Energy|Industry|Iron and Steel|Solids,EJ/yr,2019,blank cell,zero
baseline_highce_gbl,ASO,Final Energy|Industry|Iron and Steel|Solids,EJ/yr,2030,blank cell,zero
baseline_highce_gbl,ASO,Final Energy|Industry|Iron and Steel|Solids,EJ/yr,2040,blank cell,zero
baseline_highce_gbl,BRA,Final Energy|Industry|Iron and Steel|Solids,EJ/yr,2050,blank cell,zero
baseline_highce_gbl,CAN,Final Energy|Industry|Iron and Steel|Solids,EJ/yr,2030,blank cell,zero
baseline_highce_gbl,CAN,Final Energy|Industry|Iron and Steel|Solids,EJ/yr,2040,blank cell,zero
baseline_highce_gbl,CAN,Final Energy|Industry|Iron and Steel|Solids,EJ/yr,2050,blank cell,zero
baseline_highce_gbl,IND,Final Energy|Industry|Iron and Steel|Solids,EJ/yr,2050,blank cell,zero
baseline_highce_gbl,MEX,Final Energy|Industry|Iron and Steel|Solids,EJ/yr,2035,blank cell,zero
baseline_highce_gbl,MEX,Final Energy|Industry|Iron and Steel|Solids,EJ/yr,2040,blank cell,zero
baseline_highce_gbl,NIG,Final Energy|Industry|Iron and Steel|Solids,EJ/yr,2019,blank cell,zero
baseline_highce_gbl,NIG,Final Energy|Industry|Iron and Steel|Solids,EJ/yr,2030,blank cell,zero
baseline_highce_gbl,NIG,Final Energy|Industry|Iron and Steel|Solids,EJ/yr,2035,blank cell,zero
baseline_highce_gbl,NIG,Final Energy|Industry|Iron and Steel|Solids,EJ/yr,2040,blank cell,zero
baseline_highce_gbl,NIG,Final Energy|Industry|Iron and Steel|Solids,EJ/yr,2050,blank cell,zero
baseline_highce_gbl,USA,Final Energy|Industry|Iron and Steel|Solids,EJ/yr,2050,blank cell,zero
baseline_highce_gbl,AFE,Final Energy|Industry|Non-Ferrous Metals|Aluminum|Electricity,EJ/yr,2019,absent row,zero
baseline_highce_gbl,AFE,Final Energy|Industry|Non-Ferrous Metals|Aluminum|Electricity,EJ/yr,2024,absent row,zero
baseline_highce_gbl,AFE,Final Energy|Industry|Non-Ferrous Metals|Aluminum|Electricity,EJ/yr,2030,absent row,zero
baseline_highce_gbl,AFE,Final Energy|Industry|Non-Ferrous Metals|Aluminum|Electricity,EJ/yr,2035,absent row,zero
baseline_highce_gbl,AFE,Final Energy|Industry|Non-Ferrous Metals|Aluminum|Electricity,EJ/yr,2040,absent row,zero
baseline_highce_gbl,AFE,Final Energy|Industry|Non-Ferrous Metals|Aluminum|Electricity,EJ/yr,2050,absent row,zero
baseline_highce_gbl,ASO,Final Energy|Industry|Non-Ferrous Metals|Aluminum|Electricity,EJ/yr,2019,absent row,zero
baseline_highce_gbl,ASO,Final Energy|Industry|Non-Ferrous Metals|Aluminum|Electricity,EJ/yr,2024,absent row,zero
baseline_highce_gbl,ASO,Final Energy|Industry|Non-Ferrous Metals|Aluminum|Electricity,EJ/yr,2030,absent row,zero
baseline_highce_gbl,ASO,Final Energy|Industry|Non-Ferrous Metals|Aluminum|Electricity,EJ/yr,2035,absent row,zero
baseline_highce_gbl,ASO,Final Energy|Industry|Non-Ferrous Metals|Aluminum|Electricity,EJ/yr,2040,absent row,zero
baseline_highce_gbl,ASO,Final Energy|Industry|Non-Ferrous Metals|Aluminum|Electricity,EJ/yr,2050,absent row,zero
baseline_highce_gbl,CHL,Final Energy|Industry|Non-Ferrous Metals|Aluminum|Electricity,EJ/yr,2019,absent row,zero
baseline_highce_gbl,CHL,Final Energy|Industry|Non-Ferrous Metals|Aluminum|Electricity,EJ/yr,2024,absent row,zero
baseline_highce_gbl,CHL,Final Energy|Industry|Non-Ferrous Metals|Aluminum|Electricity,EJ/yr,2030,absent row,zero
baseline_highce_gbl,CHL,Final Energy|Industry|Non-Ferrous Metals|Aluminum|Electricity,EJ/yr,2035,absent row,zero
baseline_highce_gbl,CHL,Final Energy|Industry|Non-Ferrous Metals|Aluminum|Electricity,EJ/yr,2040,absent row,zero
baseline_highce_gbl,CHL,Final Energy|Industry|Non-Ferrous Metals|Aluminum|Electricity,EJ/yr,2050,absent row,zero
baseline_highce_gbl,NIG,Final Energy|Industry|Non-Ferrous Metals|Aluminum|Electricity,EJ/yr,2019,absent row,zero
baseline_highce_gbl,NIG,Final Energy|Industry|Non-Ferrous Metals|Aluminum|Electricity,EJ/yr,2024,absent row,zero
baseline_highce_gbl,NIG,Final Energy|Industry|Non-Ferrous Metals|Aluminum|Electricity,EJ/yr,2030,absent row,zero
baseline_highce_gbl,NIG,Final Energy|Industry|Non-Ferrous Metals|Aluminum|Electricity,EJ/yr,2035,absent row,zero
baseline_highce_gbl,NIG,Final Energy|Industry|Non-Ferrous Metals|Aluminum|Electricity,EJ/yr,2040,absent row,zero
baseline_highce_gbl,NIG,Final Energy|Industry|Non-Ferrous Metals|Aluminum|Electricity,EJ/yr,2050,absent row,zero
baseline_highce_gbl,AFE,Final Energy|Industry|Non-Ferrous Metals|Aluminum|Gases,EJ/yr,2019,absent row,zero
baseline_highce_gbl,AFE,Final Energy|Industry|Non-Ferrous Metals|Aluminum|Gases,EJ/yr,2024,absent row,zero
baseline_highce_gbl,AFE,Final Energy|Industry|Non-Ferrous Metals|Aluminum|Gases,EJ/yr,2030,absent row,zero
baseline_highce_gbl,AFE,Final Energy|Industry|Non-Ferrous Metals|Aluminum|Gases,EJ/yr,2035,absent row,zero
baseline_highce_gbl,AFE,Final Energy|Industry|Non-Ferrous Metals|Aluminum|Gases,EJ/yr,2040,absent row,zero
baseline_highce_gbl,AFE,Final Energy|Industry|Non-Ferrous Metals|Aluminum|Gases,EJ/yr,2050,absent row,zero
baseline_highce_gbl,ANZ,Final Energy|Industry|Non-Ferrous Metals|Aluminum|Gases,EJ/yr,2050,blank cell,zero
baseline_highce_gbl,ASO,Final Energy|Industry|Non-Ferrous Metals|Aluminum|Gases,EJ/yr,2019,absent row,zero
baseline_highce_gbl,ASO,Final Energy|Industry|Non-Ferrous Metals|Aluminum|Gases,EJ/yr,2024,absent row,zero
baseline_highce_gbl,ASO,Final Energy|Industry|Non-Ferrous Metals|Aluminum|Gases,EJ/yr,2030,absent row,zero
baseline_highce_gbl,ASO,Final Energy|Industry|Non-Ferrous Metals|Aluminum|Gases,EJ/yr,2035,absent row,zero
baseline_highce_gbl,ASO,Final Energy|Industry|Non-Ferrous Metals|Aluminum|Gases,EJ/yr,2040,absent row,zero
baseline_highce_gbl,ASO,Final Energy|Industry|Non-Ferrous Metals|Aluminum|Gases,EJ/yr,2050,absent row,zero
baseline_highce_gbl,BRA,Final Energy|Industry|Non-Ferrous Metals|Aluminum|Gases,EJ/yr,2050,blank cell,zero
baseline_highce_gbl,CAN,Final Energy|Industry|Non-Ferrous Metals|Aluminum|Gases,EJ/yr,2050,blank cell,zero
baseline_highce_gbl,CHL,Final Energy|Industry|Non-Ferrous Metals|Aluminum|Gases,EJ/yr,2019,absent row,zero
baseline_highce_gbl,CHL,Final Energy|Industry|Non-Ferrous Metals|Aluminum|Gases,EJ/yr,2024,absent row,zero
baseline_highce_gbl,CHL,Final Energy|Industry|Non-Ferrous Metals|Aluminum|Gases,EJ/yr,2030,absent row,zero
baseline_highce_gbl,CHL,Final Energy|Industry|Non-Ferrous Metals|Aluminum|Gases,EJ/yr,2035,absent row,zero
baseline_highce_gbl,CHL,Final Energy|Industry|Non-Ferrous Metals|Aluminum|Gases,EJ/yr,2040,absent row,zero
baseline_highce_gbl,CHL,Final Energy|Industry|Non-Ferrous Metals|Aluminum|Gases,EJ/yr,2050,absent row,zero
baseline_highce_gbl,ENW,Final Energy|Industry|Non-Ferrous Metals|Aluminum|Gases,EJ/yr,2050,blank cell,zero
baseline_highce_gbl,EUE,Final Energy|Industry|Non-Ferrous Metals|Aluminum|Gases,EJ/yr,2050,blank cell,zero
baseline_highce_gbl,EUM,Final Energy|Industry|Non-Ferrous Metals|Aluminum|Gases,EJ/yr,2050,blank cell,zero
baseline_highce_gbl,EUW,Final Energy|Industry|Non-Ferrous Metals|Aluminum|Gases,EJ/yr,2050,blank cell,zero
baseline_highce_gbl,JPN,Final Energy|Industry|Non-Ferrous Metals|Aluminum|Gases,EJ/yr,2050,blank cell,zero
baseline_highce_gbl,NIG,Final Energy|Industry|Non-Ferrous Metals|Aluminum|Gases,EJ/yr,2019,absent row,zero
baseline_highce_gbl,NIG,Final Energy|Industry|Non-Ferrous Metals|Aluminum|Gases,EJ/yr,2024,absent row,zero
baseline_highce_gbl,NIG,Final Energy|Industry|Non-Ferrous Metals|Aluminum|Gases,EJ/yr,2030,absent row,zero
baseline_highce_gbl,NIG,Final Energy|Industry|Non-Ferrous Metals|Aluminum|Gases,EJ/yr,2035,absent row,zero
baseline_highce_gbl,NIG,Final Energy|Industry|Non-Ferrous Metals|Aluminum|Gases,EJ/yr,2040,absent row,zero
baseline_highce_gbl,NIG,Final Energy|Industry|Non-Ferrous Metals|Aluminum|Gases,EJ/yr,2050,absent row,zero
baseline_highce_gbl,SKT,Final Energy|Industry|Non-Ferrous Metals|Aluminum|Gases,EJ/yr,2050,blank cell,zero
baseline_highce_gbl,USA,Final Energy|Industry|Non-Ferrous Metals|Aluminum|Gases,EJ/yr,2050,blank cell,zero
baseline_highce_gbl,AFE,Final Energy|Industry|Non-Ferrous Metals|Aluminum|Hydrogen,EJ/yr,2019,absent row,zero
baseline_highce_gbl,AFE,Final Energy|Industry|Non-Ferrous Metals|Aluminum|Hydrogen,EJ/yr,2024,absent row,zero
baseline_highce_gbl,AFE,Final Energy|Industry|Non-Ferrous Metals|Aluminum|Hydrogen,EJ/yr,2030,absent row,zero
baseline_highce_gbl,AFE,Final Energy|Industry|Non-Ferrous Metals|Aluminum|Hydrogen,EJ/yr,2035,absent row,zero
baseline_highce_gbl,AFE,Final Energy|Industry|Non-Ferrous Metals|Aluminum|Hydrogen,EJ/yr,2040,absent row,zero
baseline_highce_gbl,AFE,Final Energy|Industry|Non-Ferrous Metals|Aluminum|Hydrogen,EJ/yr,2050,absent row,zero
baseline_highce_gbl,AFN,Final Energy|Industry|Non-Ferrous Metals|Aluminum|Hydrogen,EJ/yr,2019,blank cell,zero
baseline_highce_gbl,AFN,Final Energy|Industry|Non-Ferrous Metals|Aluminum|Hydrogen,EJ/yr,2024,blank cell,zero
baseline_highce_gbl,AFN,Final Energy|Industry|Non-Ferrous Metals|Aluminum|Hydrogen,EJ/yr,2030,blank cell,zero
baseline_highce_gbl,AFW,Final Energy|Industry|Non-Ferrous Metals|Aluminum|Hydrogen,EJ/yr,2019,blank cell,zero
baseline_highce_gbl,AFW,Final Energy|Industry|Non-Ferrous Metals|Aluminum|Hydrogen,EJ/yr,2024,blank cell,zero
baseline_highce_gbl,AFW,Final Energy|Industry|Non-Ferrous Metals|Aluminum|Hydrogen,EJ/yr,2030,blank cell,zero
baseline_highce_gbl,AFZ,Final Energy|Industry|Non-Ferrous Metals|Aluminum|Hydrogen,EJ/yr,2019,blank cell,zero
baseline_highce_gbl,AFZ,Final Energy|Industry|Non-Ferrous Metals|Aluminum|Hydrogen,EJ/yr,2024,blank cell,zero
baseline_highce_gbl,AFZ,Final Energy|Industry|Non-Ferrous Metals|Aluminum|Hydrogen,EJ/yr,2030,blank cell,zero
baseline_highce_gbl,ANZ,Final Energy|Industry|Non-Ferrous Metals|Aluminum|Hydrogen,EJ/yr,2019,blank cell,zero
baseline_highce_gbl,ANZ,Final Energy|Industry|Non-Ferrous Metals|Aluminum|Hydrogen,EJ/yr,2024,blank cell,zero
baseline_highce_gbl,ANZ,Final Energy|Industry|Non-Ferrous Metals|Aluminum|Hydrogen,EJ/yr,2030,blank cell,zero
baseline_highce_gbl,ASC,Final Energy|Industry|Non-Ferrous Metals|Aluminum|Hydrogen,EJ/yr,2019,blank cell,zero
baseline_highce_gbl,ASC,Final Energy|Industry|Non-Ferrous Metals|Aluminum|Hydrogen,EJ/yr,2024,blank cell,zero
baseline_highce_gbl,ASC,Final Energy|Industry|Non-Ferrous Metals|Aluminum|Hydrogen,EJ/yr,2030,blank cell,zero
baseline_highce_gbl,ASE,Final Energy|Industry|Non-Ferrous Metals|Aluminum|Hydrogen,EJ/yr,2019,blank cell,zero
baseline_highce_gbl,ASE,Final Energy|Industry|Non-Ferrous Metals|Aluminum|Hydrogen,EJ/yr,2024,blank cell,zero
baseline_highce_gbl,ASO,Final Energy|Industry|Non-Ferrous Metals|Aluminum|Hydrogen,EJ/yr,2019,absent row,zero
baseline_highce_gbl,ASO,Final Energy|Industry|Non-Ferrous Metals|Aluminum|Hydrogen,EJ/yr,2024,absent row,zero
baseline_highce_gbl,ASO,Final Energy|Industry|Non-Ferrous Metals|Aluminum|Hydrogen,EJ/yr,2030,absent row,zero
baseline_highce_gbl,ASO,Final Energy|Industry|Non-Ferrous Metals|Aluminum|Hydrogen,EJ/yr,2035,absent row,zero
baseline_highce_gbl,ASO,Final Energy|Industry|Non-Ferrous Metals|Aluminum|Hydrogen,EJ/yr,2040,absent row,zero
baseline_highce_gbl,ASO,Final Energy|Industry|Non-Ferrous Metals|Aluminum|Hydrogen,EJ/yr,2050,absent row,zero
baseline_highce_gbl,BRA,Final Energy|Industry|Non-Ferrous Metals|Aluminum|Hydrogen,EJ/yr,2019,blank cell,zero
baseline_highce_gbl,BRA,Final Energy|Industry|Non-Ferrous Metals|Aluminum|Hydrogen,EJ/yr,2024,blank cell,zero
baseline_highce_gbl,BRA,Final Energy|Industry|Non-Ferrous Metals|Aluminum|Hydrogen,EJ/yr,2030,blank cell,zero
baseline_highce_gbl,CAN,Final Energy|Industry|Non-Ferrous Metals|Aluminum|Hydrogen,EJ/yr,2019,blank cell,zero
baseline_highce_gbl,CAN,Final Energy|Industry|Non-Ferrous Metals|Aluminum|Hydrogen,EJ/yr,2024,blank cell,zero
baseline_highce_gbl,CHL,Final Energy|Industry|Non-Ferrous Metals|Aluminum|Hydrogen,EJ/yr,2019,absent row,zero
baseline_highce_gbl,CHL,Final Energy|Industry|Non-Ferrous Metals|Aluminum|Hydrogen,EJ/yr,2024,absent row,zero
baseline_highce_gbl,CHL,Final Energy|Industry|Non-Ferrous Metals|Aluminum|Hydrogen,EJ/yr,2030,absent row,zero
baseline_highce_gbl,CHL,Final Energy|Industry|Non-Ferrous Metals|Aluminum|Hydrogen,EJ/yr,2035,absent row,zero
baseline_highce_gbl,CHL,Final Energy|Industry|Non-Ferrous Metals|Aluminum|Hydrogen,EJ/yr,2040,absent row,zero
baseline_highce_gbl,CHL,Final Energy|Industry|Non-Ferrous Metals|Aluminum|Hydrogen,EJ/yr,2050,absent row,zero
baseline_highce_gbl,CHN,Final Energy|Industry|Non-Ferrous Metals|Aluminum|Hydrogen,EJ/yr,2019,blank cell,zero
baseline_highce_gbl,CHN,Final Energy|Industry|Non-Ferrous Metals|Aluminum|Hydrogen,EJ/yr,2024,blank cell,zero
baseline_highce_gbl,CHN,Final Energy|Industry|Non-Ferrous Metals|Aluminum|Hydrogen,EJ/yr,2030,blank cell,zero
baseline_highce_gbl,ENE,Final Energy|Industry|Non-Ferrous Metals|Aluminum|Hydrogen,EJ/yr,2019,blank cell,zero
baseline_highce_gbl,ENE,Final Energy|Industry|Non-Ferrous Metals|Aluminum|Hydrogen,EJ/yr,2024,blank cell,zero
baseline_highce_gbl,ENE,Final Energy|Industry|Non-Ferrous Metals|Aluminum|Hydrogen,EJ/yr,2030,blank cell,zero
baseline_highce_gbl,ENW,Final Energy|Industry|Non-Ferrous Metals|Aluminum|Hydrogen,EJ/yr,2019,blank cell,zero
baseline_highce_gbl,ENW,Final Energy|Industry|Non-Ferrous Metals|Aluminum|Hydrogen,EJ/yr,2024,blank cell,zero
baseline_highce_gbl,ENW,Final Energy|Industry|Non-Ferrous Metals|Aluminum|Hydrogen,EJ/yr,2050,blank cell,zero
baseline_highce_gbl,EUE,Final Energy|Industry|Non-Ferrous Metals|Aluminum|Hydrogen,EJ/yr,2019,blank cell,zero
baseline_highce_gbl,EUE,Final Energy|Industry|Non-Ferrous Metals|Aluminum|Hydrogen,EJ/yr,2024,blank cell,zero
baseline_highce_gbl,EUE,Final Energy|Industry|Non-Ferrous Metals|Aluminum|Hydrogen,EJ/yr,2030,blank cell,zero
baseline_highce_gbl,EUM,Final Energy|Industry|Non-Ferrous Metals|Aluminum|Hydrogen,EJ/yr,2019,blank cell,zero
baseline_highce_gbl,EUM,Final Energy|Industry|Non-Ferrous Metals|Aluminum|Hydrogen,EJ/yr,2024,blank cell,zero
baseline_highce_gbl,EUW,Final Energy|Industry|Non-Ferrous Metals|Aluminum|Hydrogen,EJ/yr,2019,blank cell,zero
baseline_highce_gbl,EUW,Final Energy|Industry|Non-Ferrous Metals|Aluminum|Hydrogen,EJ/yr,2024,blank cell,zero
baseline_highce_gbl,EUW,Final Energy|Industry|Non-Ferrous Metals|Aluminum|Hydrogen,EJ/yr,2030,blank cell,zero
baseline_highce_gbl,IDN,Final Energy|Industry|Non-Ferrous Metals|Aluminum|Hydrogen,EJ/yr,2019,blank cell,zero
baseline_highce_gbl,IDN,Final Energy|Industry|Non-Ferrous Metals|Aluminum|Hydrogen,EJ/yr,2024,blank cell,zero
baseline_highce_gbl,IDN,Final Energy|Industry|Non-Ferrous Metals|Aluminum|Hydrogen,EJ/yr,2030,blank cell,zero
baseline_highce_gbl,IND,Final Energy|Industry|Non-Ferrous Metals|Aluminum|Hydrogen,EJ/yr,2019,blank cell,zero
baseline_highce_gbl,IND,Final Energy|Industry|Non-Ferrous Metals|Aluminum|Hydrogen,EJ/yr,2024,blank cell,zero
baseline_highce_gbl,JPN,Final Energy|Industry|Non-Ferrous Metals|Aluminum|Hydrogen,EJ/yr,2019,blank cell,zero
baseline_highce_gbl,JPN,Final Energy|Industry|Non-Ferrous Metals|Aluminum|Hydrogen,EJ/yr,2024,blank cell,zero
baseline_highce_gbl,JPN,Final Energy|Industry|Non-Ferrous Metals|Aluminum|Hydrogen,EJ/yr,2030,blank cell,zero
baseline_highce_gbl,LAM,Final Energy|Industry|Non-Ferrous Metals|Aluminum|Hydrogen,EJ/yr,2019,blank cell,zero
baseline_highce_gbl,LAM,Final Energy|Industry|Non-Ferrous Metals|Aluminum|Hydrogen,EJ/yr,2024,blank cell,zero
baseline_highce_gbl,MDA,Final Energy|Industry|Non-Ferrous Metals|Aluminum|Hydrogen,EJ/yr,2019,blank cell,zero
baseline_highce_gbl,MDA,Final Energy|Industry|Non-Ferrous Metals|Aluminum|Hydrogen,EJ/yr,2024,blank cell,zero
baseline_highce_gbl,MDA,Final Energy|Industry|Non-Ferrous Metals|Aluminum|Hydrogen,EJ/yr,2030,blank cell,zero
baseline_highce_gbl,MEA,Final Energy|Industry|Non-Ferrous Metals|Aluminum|Hydrogen,EJ/yr,2019,blank cell,zero
baseline_highce_gbl,MEA,Final Energy|Industry|Non-Ferrous Metals|Aluminum|Hydrogen,EJ/yr,2024,blank cell,zero
baseline_highce_gbl,MEX,Final Energy|Industry|Non-Ferrous Metals|Aluminum|Hydrogen,EJ/yr,2019,blank cell,zero
baseline_highce_gbl,MEX,Final Energy|Industry|Non-Ferrous Metals|Aluminum|Hydrogen,EJ/yr,2024,blank cell,zero
baseline_highce_gbl,MEX,Final Energy|Industry|Non-Ferrous Metals|Aluminum|Hydrogen,EJ/yr,2030,blank cell,zero
baseline_highce_gbl,NIG,Final Energy|Industry|Non-Ferrous Metals|Aluminum|Hydrogen,EJ/yr,2019,absent row,zero
baseline_highce_gbl,NIG,Final Energy|Industry|Non-Ferrous Metals|Aluminum|Hydrogen,EJ/yr,2024,absent row,zero
baseline_highce_gbl,NIG,Final Energy|Industry|Non-Ferrous Metals|Aluminum|Hydrogen,EJ/yr,2030,absent row,zero
baseline_highce_gbl,NIG,Final Energy|Industry|Non-Ferrous Metals|Aluminum|Hydrogen,EJ/yr,2035,absent row,zero
baseline_highce_gbl,NIG,Final Energy|Industry|Non-Ferrous Metals|Aluminum|Hydrogen,EJ/yr,2040,absent row,zero
baseline_highce_gbl,NIG,Final Energy|Industry|Non-Ferrous Metals|Aluminum|Hydrogen,EJ/yr,2050,absent row,zero
baseline_highce_gbl,RUS,Final Energy|Industry|Non-Ferrous Metals|Aluminum|Hydrogen,EJ/yr,2019,blank cell,zero
baseline_highce_gbl,RUS,Final Energy|Industry|Non-Ferrous Metals|Aluminum|Hydrogen,EJ/yr,2024,blank cell,zero
baseline_highce_gbl,SKT,Final Energy|Industry|Non-Ferrous Metals|Aluminum|Hydrogen,EJ/yr,2019,blank cell,zero
baseline_highce_gbl,SKT,Final Energy|Industry|Non-Ferrous Metals|Aluminum|Hydrogen,EJ/yr,2024,blank cell,zero
baseline_highce_gbl,SKT,Final Energy|Industry|Non-Ferrous Metals|Aluminum|Hydrogen,EJ/yr,2030,blank cell,zero
baseline_highce_gbl,USA,Final Energy|Industry|Non-Ferrous Metals|Aluminum|Hydrogen,EJ/yr,2019,blank cell,zero
baseline_highce_gbl,USA,Final Energy|Industry|Non-Ferrous Metals|Aluminum|Hydrogen,EJ/yr,2024,blank cell,zero
baseline_highce_gbl,USA,Final Energy|Industry|Non-Ferrous Metals|Aluminum|Hydrogen,EJ/yr,2030,blank cell,zero
baseline_highce_gbl,AFE,Final Energy|Industry|Non-Ferrous Metals|Aluminum|Liquids,EJ/yr,2019,absent row,zero
baseline_highce_gbl,AFE,Final Energy|Industry|Non-Ferrous Metals|Aluminum|Liquids,EJ/yr,2024,absent row,zero
baseline_highce_gbl,AFE,Final Energy|Industry|Non-Ferrous Metals|Aluminum|Liquids,EJ/yr,2030,absent row,zero
baseline_highce_gbl,AFE,Final Energy|Industry|Non-Ferrous Metals|Aluminum|Liquids,EJ/yr,2035,absent row,zero
baseline_highce_gbl,AFE,Final Energy|Industry|Non-Ferrous Metals|Aluminum|Liquids,EJ/yr,2040,absent row,zero
baseline_highce_gbl,AFE,Final Energy|Industry|Non-Ferrous Metals|Aluminum|Liquids,EJ/yr,2050,absent row,zero
baseline_highce_gbl,AFN,Final Energy|Industry|Non-Ferrous Metals|Aluminum|Liquids,EJ/yr,2019,absent row,zero
baseline_highce_gbl,AFN,Final Energy|Industry|Non-Ferrous Metals|Aluminum|Liquids,EJ/yr,2024,absent row,zero
baseline_highce_gbl,AFN,Final Energy|Industry|Non-Ferrous Metals|Aluminum|Liquids,EJ/yr,2030,absent row,zero
baseline_highce_gbl,AFN,Final Energy|Industry|Non-Ferrous Metals|Aluminum|Liquids,EJ/yr,2035,absent row,zero
baseline_highce_gbl,AFN,Final Energy|Industry|Non-Ferrous Metals|Aluminum|Liquids,EJ/yr,2040,absent row,zero
baseline_highce_gbl,AFN,Final Energy|Industry|Non-Ferrous Metals|Aluminum|Liquids,EJ/yr,2050,absent row,zero
baseline_highce_gbl,AFW,Final Energy|Industry|Non-Ferrous Metals|Aluminum|Liquids,EJ/yr,2050,blank cell,zero
baseline_highce_gbl,AFZ,Final Energy|Industry|Non-Ferrous Metals|Aluminum|Liquids,EJ/yr,2050,blank cell,zero
baseline_highce_gbl,ANZ,Final Energy|Industry|Non-Ferrous Metals|Aluminum|Liquids,EJ/yr,2019,absent row,zero
baseline_highce_gbl,ANZ,Final Energy|Industry|Non-Ferrous Metals|Aluminum|Liquids,EJ/yr,2024,absent row,zero
baseline_highce_gbl,ANZ,Final Energy|Industry|Non-Ferrous Metals|Aluminum|Liquids,EJ/yr,2030,absent row,zero
baseline_highce_gbl,ANZ,Final Energy|Industry|Non-Ferrous Metals|Aluminum|Liquids,EJ/yr,2035,absent row,zero
baseline_highce_gbl,ANZ,Final Energy|Industry|Non-Ferrous Metals|Aluminum|Liquids,EJ/yr,2040,absent row,zero
baseline_highce_gbl,ANZ,Final Energy|Industry|Non-Ferrous Metals|Aluminum|Liquids,EJ/yr,2050,absent row,zero
baseline_highce_gbl,ASC,Final Energy|Industry|Non-Ferrous Metals|Aluminum|Liquids,EJ/yr,2050,blank cell,zero
baseline_highce_gbl,ASE,Final Energy|Industry|Non-Ferrous Metals|Aluminum|Liquids,EJ/yr,2040,blank cell,zero
baseline_highce_gbl,ASE,Final Energy|Industry|Non-Ferrous Metals|Aluminum|Liquids,EJ/yr,2050,blank cell,zero
baseline_highce_gbl,ASO,Final Energy|Industry|Non-Ferrous Metals|Aluminum|Liquids,EJ/yr,2019,absent row,zero
baseline_highce_gbl,ASO,Final Energy|Industry|Non-Ferrous Metals|Aluminum|Liquids,EJ/yr,2024,absent row,zero
baseline_highce_gbl,ASO,Final Energy|Industry|Non-Ferrous Metals|Aluminum|Liquids,EJ/yr,2030,absent row,zero
baseline_highce_gbl,ASO,Final Energy|Industry|Non-Ferrous Metals|Aluminum|Liquids,EJ/yr,2035,absent row,zero
baseline_highce_gbl,ASO,Final Energy|Industry|Non-Ferrous Metals|Aluminum|Liquids,EJ/yr,2040,absent row,zero
baseline_highce_gbl,ASO,Final Energy|Industry|Non-Ferrous Metals|Aluminum|Liquids,EJ/yr,2050,absent row,zero
baseline_highce_gbl,BRA,Final Energy|Industry|Non-Ferrous Metals|Aluminum|Liquids,EJ/yr,2035,blank cell,zero
baseline_highce_gbl,BRA,Final Energy|Industry|Non-Ferrous Metals|Aluminum|Liquids,EJ/yr,2040,blank cell,zero
baseline_highce_gbl,BRA,Final Energy|Industry|Non-Ferrous Metals|Aluminum|Liquids,EJ/yr,2050,blank cell,zero
baseline_highce_gbl,CAN,Final Energy|Industry|Non-Ferrous Metals|Aluminum|Liquids,EJ/yr,2019,absent row,zero
baseline_highce_gbl,CAN,Final Energy|Industry|Non-Ferrous Metals|Aluminum|Liquids,EJ/yr,2024,absent row,zero
baseline_highce_gbl,CAN,Final Energy|Industry|Non-Ferrous Metals|Aluminum|Liquids,EJ/yr,2030,absent row,zero
baseline_highce_gbl,CAN,Final Energy|Industry|Non-Ferrous Metals|Aluminum|Liquids,EJ/yr,2035,absent row,zero
baseline_highce_gbl,CAN,Final Energy|Industry|Non-Ferrous Metals|Aluminum|Liquids,EJ/yr,2040,absent row,zero
baseline_highce_gbl,CAN,Final Energy|Industry|Non-Ferrous Metals|Aluminum|Liquids,EJ/yr,2050,absent row,zero
baseline_highce_gbl,CHL,Final Energy|Industry|Non-Ferrous Metals|Aluminum|Liquids,EJ/yr,2019,absent row,zero
baseline_highce_gbl,CHL,Final Energy|Industry|Non-Ferrous Metals|Aluminum|Liquids,EJ/yr,2024,absent row,zero
baseline_highce_gbl,CHL,Final Energy|Industry|Non-Ferrous Metals|Aluminum|Liquids,EJ/yr,2030,absent row,zero
baseline_highce_gbl,CHL,Final Energy|Industry|Non-Ferrous Metals|Aluminum|Liquids,EJ/yr,2035,absent row,zero
baseline_highce_gbl,CHL,Final Energy|Industry|Non-Ferrous Metals|Aluminum|Liquids,EJ/yr,2040,absent row,zero
baseline_highce_gbl,CHL,Final Energy|Industry|Non-Ferrous Metals|Aluminum|Liquids,EJ/yr,2050,absent row,zero
baseline_highce_gbl,CHN,Final Energy|Industry|Non-Ferrous Metals|Aluminum|Liquids,EJ/yr,2050,blank cell,zero
baseline_highce_gbl,ENE,Final Energy|Industry|Non-Ferrous Metals|Aluminum|Liquids,EJ/yr,2019,absent row,zero
baseline_highce_gbl,ENE,Final Energy|Industry|Non-Ferrous Metals|Aluminum|Liquids,EJ/yr,2024,absent row,zero
baseline_highce_gbl,ENE,Final Energy|Industry|Non-Ferrous Metals|Aluminum|Liquids,EJ/yr,2030,absent row,zero
baseline_highce_gbl,ENE,Final Energy|Industry|Non-Ferrous Metals|Aluminum|Liquids,EJ/yr,2035,absent row,zero
baseline_highce_gbl,ENE,Final Energy|Industry|Non-Ferrous Metals|Aluminum|Liquids,EJ/yr,2040,absent row,zero
baseline_highce_gbl,ENE,Final Energy|Industry|Non-Ferrous Metals|Aluminum|Liquids,EJ/yr,2050,absent row,zero
baseline_highce_gbl,ENW,Final Energy|Industry|Non-Ferrous Metals|Aluminum|Liquids,EJ/yr,2019,absent row,zero
baseline_highce_gbl,ENW,Final Energy|Industry|Non-Ferrous Metals|Aluminum|Liquids,EJ/yr,2024,absent row,zero
baseline_highce_gbl,ENW,Final Energy|Industry|Non-Ferrous Metals|Aluminum|Liquids,EJ/yr,2030,absent row,zero
baseline_highce_gbl,ENW,Final Energy|Industry|Non-Ferrous Metals|Aluminum|Liquids,EJ/yr,2035,absent row,zero
baseline_highce_gbl,ENW,Final Energy|Industry|Non-Ferrous Metals|Aluminum|Liquids,EJ/yr,2040,absent row,zero
baseline_highce_gbl,ENW,Final Energy|Industry|Non-Ferrous Metals|Aluminum|Liquids,EJ/yr,2050,absent row,zero
baseline_highce_gbl,EUE,Final Energy|Industry|Non-Ferrous Metals|Aluminum|Liquids,EJ/yr,2019,absent row,zero
baseline_highce_gbl,EUE,Final Energy|Industry|Non-Ferrous Metals|Aluminum|Liquids,EJ/yr,2024,absent row,zero
baseline_highce_gbl,EUE,Final Energy|Industry|Non-Ferrous Metals|Aluminum|Liquids,EJ/yr,2030,absent row,zero
baseline_highce_gbl,EUE,Final Energy|Industry|Non-Ferrous Metals|Aluminum|Liquids,EJ/yr,2035,absent row,zero
baseline_highce_gbl,EUE,Final Energy|Industry|Non-Ferrous Metals|Aluminum|Liquids,EJ/yr,2040,absent row,zero
baseline_highce_gbl,EUE,Final Energy|Industry|Non-Ferrous Metals|Aluminum|Liquids,EJ/yr,2050,absent row,zero
baseline_highce_gbl,EUM,Final Energy|Industry|Non-Ferrous Metals|Aluminum|Liquids,EJ/yr,2019,absent row,zero
baseline_highce_gbl,EUM,Final Energy|Industry|Non-Ferrous Metals|Aluminum|Liquids,EJ/yr,2024,absent row,zero
baseline_highce_gbl,EUM,Final Energy|Industry|Non-Ferrous Metals|Aluminum|Liquids,EJ/yr,2030,absent row,zero
baseline_highce_gbl,EUM,Final Energy|Industry|Non-Ferrous Metals|Aluminum|Liquids,EJ/yr,2035,absent row,zero
baseline_highce_gbl,EUM,Final Energy|Industry|Non-Ferrous Metals|Aluminum|Liquids,EJ/yr,2040,absent row,zero
baseline_highce_gbl,EUM,Final Energy|Industry|Non-Ferrous Metals|Aluminum|Liquids,EJ/yr,2050,absent row,zero
baseline_highce_gbl,EUW,Final Energy|Industry|Non-Ferrous Metals|Aluminum|Liquids,EJ/yr,2019,absent row,zero
baseline_highce_gbl,EUW,Final Energy|Industry|Non-Ferrous Metals|Aluminum|Liquids,EJ/yr,2024,absent row,zero
baseline_highce_gbl,EUW,Final Energy|Industry|Non-Ferrous Metals|Aluminum|Liquids,EJ/yr,2030,absent row,zero
baseline_highce_gbl,EUW,Final Energy|Industry|Non-Ferrous Metals|Aluminum|Liquids,EJ/yr,2035,absent row,zero
baseline_highce_gbl,EUW,Final Energy|Industry|Non-Ferrous Metals|Aluminum|Liquids,EJ/yr,2040,absent row,zero
baseline_highce_gbl,EUW,Final Energy|Industry|Non-Ferrous Metals|Aluminum|Liquids,EJ/yr,2050,absent row,zero
baseline_highce_gbl,IDN,Final Energy|Industry|Non-Ferrous Metals|Aluminum|Liquids,EJ/yr,2040,blank cell,zero
baseline_highce_gbl,IDN,Final Energy|Industry|Non-Ferrous Metals|Aluminum|Liquids,EJ/yr,2050,blank cell,zero
baseline_highce_gbl,IND,Final Energy|Industry|Non-Ferrous Metals|Aluminum|Liquids,EJ/yr,2050,blank cell,zero
baseline_highce_gbl,JPN,Final Energy|Industry|Non-Ferrous Metals|Aluminum|Liquids,EJ/yr,2019,absent row,zero
baseline_highce_gbl,JPN,Final Energy|Industry|Non-Ferrous Metals|Aluminum|Liquids,EJ/yr,2024,absent row,zero
baseline_highce_gbl,JPN,Final Energy|Industry|Non-Ferrous Metals|Aluminum|Liquids,EJ/yr,2030,absent row,zero
baseline_highce_gbl,JPN,Final Energy|Industry|Non-Ferrous Metals|Aluminum|Liquids,EJ/yr,2035,absent row,zero
baseline_highce_gbl,JPN,Final Energy|Industry|Non-Ferrous Metals|Aluminum|Liquids,EJ/yr,2040,absent row,zero
baseline_highce_gbl,JPN,Final Energy|Industry|Non-Ferrous Metals|Aluminum|Liquids,EJ/yr,2050,absent row,zero
baseline_highce_gbl,LAM,Final Energy|Industry|Non-Ferrous Metals|Aluminum|Liquids,EJ/yr,2050,blank cell,zero
baseline_highce_gbl,MDA,Final Energy|Industry|Non-Ferrous Metals|Aluminum|Liquids,EJ/yr,2050,blank cell,zero
baseline_highce_gbl,MEA,Final Energy|Industry|Non-Ferrous Metals|Aluminum|Liquids,EJ/yr,2019,absent row,zero
baseline_highce_gbl,MEA,Final Energy|Industry|Non-Ferrous Metals|Aluminum|Liquids,EJ/yr,2024,absent row,zero
baseline_highce_gbl,MEA,Final Energy|Industry|Non-Ferrous Metals|Aluminum|Liquids,EJ/yr,2030,absent row,zero
baseline_highce_gbl,MEA,Final Energy|Industry|Non-Ferrous Metals|Aluminum|Liquids,EJ/yr,2035,absent row,zero
baseline_highce_gbl,MEA,Final Energy|Industry|Non-Ferrous Metals|Aluminum|Liquids,EJ/yr,2040,absent row,zero
baseline_highce_gbl,MEA,Final Energy|Industry|Non-Ferrous Metals|Aluminum|Liquids,EJ/yr,2050,absent row,zero
baseline_highce_gbl,MEX,Final Energy|Industry|Non-Ferrous Metals|Aluminum|Liquids,EJ/yr,2019,absent row,zero
baseline_highce_gbl,MEX,Final Energy|Industry|Non-Ferrous Metals|Aluminum|Liquids,EJ/yr,2024,absent row,zero
baseline_highce_gbl,MEX,Final Energy|Industry|Non-Ferrous Metals|Aluminum|Liquids,EJ/yr,2030,absent row,zero
baseline_highce_gbl,MEX,Final Energy|Industry|Non-Ferrous Metals|Aluminum|Liquids,EJ/yr,2035,absent row,zero
baseline_highce_gbl,MEX,Final Energy|Industry|Non-Ferrous Metals|Aluminum|Liquids,EJ/yr,2040,absent row,zero
baseline_highce_gbl,MEX,Final Energy|Industry|Non-Ferrous Metals|Aluminum|Liquids,EJ/yr,2050,absent row,zero
baseline_highce_gbl,NIG,Final Energy|Industry|Non-Ferrous Metals|Aluminum|Liquids,EJ/yr,2019,absent row,zero
baseline_highce_gbl,NIG,Final Energy|Industry|Non-Ferrous Metals|Aluminum|Liquids,EJ/yr,2024,absent row,zero
baseline_highce_gbl,NIG,Final Energy|Industry|Non-Ferrous Metals|Aluminum|Liquids,EJ/yr,2030,absent row,zero
baseline_highce_gbl,NIG,Final Energy|Industry|Non-Ferrous Metals|Aluminum|Liquids,EJ/yr,2035,absent row,zero
baseline_highce_gbl,NIG,Final Energy|Industry|Non-Ferrous Metals|Aluminum|Liquids,EJ/yr,2040,absent row,zero
baseline_highce_gbl,NIG,Final Energy|Industry|Non-Ferrous Metals|Aluminum|Liquids,EJ/yr,2050,absent row,zero
baseline_highce_gbl,RUS,Final Energy|Industry|Non-Ferrous Metals|Aluminum|Liquids,EJ/yr,2019,absent row,zero
baseline_highce_gbl,RUS,Final Energy|Industry|Non-Ferrous Metals|Aluminum|Liquids,EJ/yr,2024,absent row,zero
baseline_highce_gbl,RUS,Final Energy|Industry|Non-Ferrous Metals|Aluminum|Liquids,EJ/yr,2030,absent row,zero
baseline_highce_gbl,RUS,Final Energy|Industry|Non-Ferrous Metals|Aluminum|Liquids,EJ/yr,2035,absent row,zero
baseline_highce_gbl,RUS,Final Energy|Industry|Non-Ferrous Metals|Aluminum|Liquids,EJ/yr,2040,absent row,zero
baseline_highce_gbl,RUS,Final Energy|Industry|Non-Ferrous Metals|Aluminum|Liquids,EJ/yr,2050,absent row,zero
baseline_highce_gbl,SKT,Final Energy|Industry|Non-Ferrous Metals|Aluminum|Liquids,EJ/yr,2019,absent row,zero
baseline_highce_gbl,SKT,Final Energy|Industry|Non-Ferrous Metals|Aluminum|Liquids,EJ/yr,2024,absent row,zero
baseline_highce_gbl,SKT,Final Energy|Industry|Non-Ferrous Metals|Aluminum|Liquids,EJ/yr,2030,absent row,zero
baseline_highce_gbl,SKT,Final Energy|Industry|Non-Ferrous Metals|Aluminum|Liquids,EJ/yr,2035,absent row,zero
baseline_highce_gbl,SKT,Final Energy|Industry|Non-Ferrous Metals|Aluminum|Liquids,EJ/yr,2040,absent row,zero
baseline_highce_gbl,SKT,Final Energy|Industry|Non-Ferrous Metals|Aluminum|Liquids,EJ/yr,2050,absent row,zero
baseline_highce_gbl,USA,Final Energy|Industry|Non-Ferrous Metals|Aluminum|Liquids,EJ/yr,2019,absent row,zero
baseline_highce_gbl,USA,Final Energy|Industry|Non-Ferrous Metals|Aluminum|Liquids,EJ/yr,2024,absent row,zero
baseline_highce_gbl,USA,Final Energy|Industry|Non-Ferrous Metals|Aluminum|Liquids,EJ/yr,2030,absent row,zero
baseline_highce_gbl,USA,Final Energy|Industry|Non-Ferrous Metals|Aluminum|Liquids,EJ/yr,2035,absent row,zero
baseline_highce_gbl,USA,Final Energy|Industry|Non-Ferrous Metals|Aluminum|Liquids,EJ/yr,2040,absent row,zero
baseline_highce_gbl,USA,Final Energy|Industry|Non-Ferrous Metals|Aluminum|Liquids,EJ/yr,2050,absent row,zero
baseline_highce_gbl,AFE,Final Energy|Industry|Non-Ferrous Metals|Aluminum|Solids,EJ/yr,2019,absent row,zero
baseline_highce_gbl,AFE,Final Energy|Industry|Non-Ferrous Metals|Aluminum|Solids,EJ/yr,2024,absent row,zero
baseline_highce_gbl,AFE,Final Energy|Industry|Non-Ferrous Metals|Aluminum|Solids,EJ/yr,2030,absent row,zero
baseline_highce_gbl,AFE,Final Energy|Industry|Non-Ferrous Metals|Aluminum|Solids,EJ/yr,2035,absent row,zero
baseline_highce_gbl,AFE,Final Energy|Industry|Non-Ferrous Metals|Aluminum|Solids,EJ/yr,2040,absent row,zero
baseline_highce_gbl,AFE,Final Energy|Industry|Non-Ferrous Metals|Aluminum|Solids,EJ/yr,2050,absent row,zero
baseline_highce_gbl,AFN,Final Energy|Industry|Non-Ferrous Metals|Aluminum|Solids,EJ/yr,2019,absent row,zero
baseline_highce_gbl,AFN,Final Energy|Industry|Non-Ferrous Metals|Aluminum|Solids,EJ/yr,2024,absent row,zero
baseline_highce_gbl,AFN,Final Energy|Industry|Non-Ferrous Metals|Aluminum|Solids,EJ/yr,2030,absent row,zero
baseline_highce_gbl,AFN,Final Energy|Industry|Non-Ferrous Metals|Aluminum|Solids,EJ/yr,2035,absent row,zero
baseline_highce_gbl,AFN,Final Energy|Industry|Non-Ferrous Metals|Aluminum|Solids,EJ/yr,2040,absent row,zero
baseline_highce_gbl,AFN,Final Energy|Industry|Non-Ferrous Metals|Aluminum|Solids,EJ/yr,2050,absent row,zero
baseline_highce_gbl,AFW,Final Energy|Industry|Non-Ferrous Metals|Aluminum|Solids,EJ/yr,2050,blank cell,zero
baseline_highce_gbl,AFZ,Final Energy|Industry|Non-Ferrous Metals|Aluminum|Solids,EJ/yr,2050,blank cell,zero
baseline_highce_gbl,ANZ,Final Energy|Industry|Non-Ferrous Metals|Aluminum|Solids,EJ/yr,2040,blank cell,zero
baseline_highce_gbl,ANZ,Final Energy|Industry|Non-Ferrous Metals|Aluminum|Solids,EJ/yr,2050,blank cell,zero
baseline_highce_gbl,ASC,Final Energy|Industry|Non-Ferrous Metals|Aluminum|Solids,EJ/yr,2050,blank cell,zero
baseline_highce_gbl,ASE,Final Energy|Industry|Non-Ferrous Metals|Aluminum|Solids,EJ/yr,2040,blank cell,zero
baseline_highce_gbl,ASE,Final Energy|Industry|Non-Ferrous Metals|Aluminum|Solids,EJ/yr,2050,blank cell,zero
baseline_highce_gbl,ASO,Final Energy|Industry|Non-Ferrous Metals|Aluminum|Solids,EJ/yr,2019,absent row,zero
baseline_highce_gbl,ASO,Final Energy|Industry|Non-Ferrous Metals|Aluminum|Solids,EJ/yr,2024,absent row,zero
baseline_highce_gbl,ASO,Final Energy|Industry|Non-Ferrous Metals|Aluminum|Solids,EJ/yr,2030,absent row,zero
baseline_highce_gbl,ASO,Final Energy|Industry|Non-Ferrous Metals|Aluminum|Solids,EJ/yr,2035,absent row,zero
baseline_highce_gbl,ASO,Final Energy|Industry|Non-Ferrous Metals|Aluminum|Solids,EJ/yr,2040,absent row,zero
baseline_highce_gbl,ASO,Final Energy|Industry|Non-Ferrous Metals|Aluminum|Solids,EJ/yr,2050,absent row,zero
baseline_highce_gbl,BRA,Final Energy|Industry|Non-Ferrous Metals|Aluminum|Solids,EJ/yr,2035,blank cell,zero
baseline_highce_gbl,BRA,Final Energy|Industry|Non-Ferrous Metals|Aluminum|Solids,EJ/yr,2040,blank cell,zero
baseline_highce_gbl,BRA,Final Energy|Industry|Non-Ferrous Metals|Aluminum|Solids,EJ/yr,2050,blank cell,zero
baseline_highce_gbl,CAN,Final Energy|Industry|Non-Ferrous Metals|Aluminum|Solids,EJ/yr,2019,absent row,zero
baseline_highce_gbl,CAN,Final Energy|Industry|Non-Ferrous Metals|Aluminum|Solids,EJ/yr,2024,absent row,zero
baseline_highce_gbl,CAN,Final Energy|Industry|Non-Ferrous Metals|Aluminum|Solids,EJ/yr,2030,absent row,zero
baseline_highce_gbl,CAN,Final Energy|Industry|Non-Ferrous Metals|Aluminum|Solids,EJ/yr,2035,absent row,zero
baseline_highce_gbl,CAN,Final Energy|Industry|Non-Ferrous Metals|Aluminum|Solids,EJ/yr,2040,absent row,zero
baseline_highce_gbl,CAN,Final Energy|Industry|Non-Ferrous Metals|Aluminum|Solids,EJ/yr,2050,absent row,zero
baseline_highce_gbl,CHL,Final Energy|Industry|Non-Ferrous Metals|Aluminum|Solids,EJ/yr,2019,absent row,zero
baseline_highce_gbl,CHL,Final Energy|Industry|Non-Ferrous Metals|Aluminum|Solids,EJ/yr,2024,absent row,zero
baseline_highce_gbl,CHL,Final Energy|Industry|Non-Ferrous Metals|Aluminum|Solids,EJ/yr,2030,absent row,zero
baseline_highce_gbl,CHL,Final Energy|Industry|Non-Ferrous Metals|Aluminum|Solids,EJ/yr,2035,absent row,zero
baseline_highce_gbl,CHL,Final Energy|Industry|Non-Ferrous Metals|Aluminum|Solids,EJ/yr,2040,absent row,zero
baseline_highce_gbl,CHL,Final Energy|Industry|Non-Ferrous Metals|Aluminum|Solids,EJ/yr,2050,absent row,zero
baseline_highce_gbl,CHN,Final Energy|Industry|Non-Ferrous Metals|Aluminum|Solids,EJ/yr,2050,blank cell,zero
baseline_highce_gbl,ENE,Final Energy|Industry|Non-Ferrous Metals|Aluminum|Solids,EJ/yr,2019,absent row,zero
baseline_highce_gbl,ENE,Final Energy|Industry|Non-Ferrous Metals|Aluminum|Solids,EJ/yr,2024,absent row,zero
baseline_highce_gbl,ENE,Final Energy|Industry|Non-Ferrous Metals|Aluminum|Solids,EJ/yr,2030,absent row,zero
baseline_highce_gbl,ENE,Final Energy|Industry|Non-Ferrous Metals|Aluminum|Solids,EJ/yr,2035,absent row,zero
baseline_highce_gbl,ENE,Final Energy|Industry|Non-Ferrous Metals|Aluminum|Solids,EJ/yr,2040,absent row,zero
baseline_highce_gbl,ENE,Final Energy|Industry|Non-Ferrous Metals|Aluminum|Solids,EJ/yr,2050,absent row,zero
baseline_highce_gbl,ENW,Final Energy|Industry|Non-Ferrous Metals|Aluminum|Solids,EJ/yr,2019,absent row,zero
baseline_highce_gbl,ENW,Final Energy|Industry|Non-Ferrous Metals|Aluminum|Solids,EJ/yr,2024,absent row,zero
baseline_highce_gbl,ENW,Final Energy|Industry|Non-Ferrous Metals|Aluminum|Solids,EJ/yr,2030,absent row,zero
baseline_highce_gbl,ENW,Final Energy|Industry|Non-Ferrous Metals|Aluminum|Solids,EJ/yr,2035,absent row,zero
baseline_highce_gbl,ENW,Final Energy|Industry|Non-Ferrous Metals|Aluminum|Solids,EJ/yr,2040,absent row,zero
baseline_highce_gbl,ENW,Final Energy|Industry|Non-Ferrous Metals|Aluminum|Solids,EJ/yr,2050,absent row,zero
baseline_highce_gbl,EUE,Final Energy|Industry|Non-Ferrous Metals|Aluminum|Solids,EJ/yr,2019,absent row,zero
baseline_highce_gbl,EUE,Final Energy|Industry|Non-Ferrous Metals|Aluminum|Solids,EJ/yr,2024,absent row,zero
baseline_highce_gbl,EUE,Final Energy|Industry|Non-Ferrous Metals|Aluminum|Solids,EJ/yr,2030,absent row,zero
baseline_highce_gbl,EUE,Final Energy|Industry|Non-Ferrous Metals|Aluminum|Solids,EJ/yr,2035,absent row,zero
baseline_highce_gbl,EUE,Final Energy|Industry|Non-Ferrous Metals|Aluminum|Solids,EJ/yr,2040,absent row,zero
baseline_highce_gbl,EUE,Final Energy|Industry|Non-Ferrous Metals|Aluminum|Solids,EJ/yr,2050,absent row,zero
baseline_highce_gbl,EUM,Final Energy|Industry|Non-Ferrous Metals|Aluminum|Solids,EJ/yr,2019,absent row,zero
baseline_highce_gbl,EUM,Final Energy|Industry|Non-Ferrous Metals|Aluminum|Solids,EJ/yr,2024,absent row,zero
baseline_highce_gbl,EUM,Final Energy|Industry|Non-Ferrous Metals|Aluminum|Solids,EJ/yr,2030,absent row,zero
baseline_highce_gbl,EUM,Final Energy|Industry|Non-Ferrous Metals|Aluminum|Solids,EJ/yr,2035,absent row,zero
baseline_highce_gbl,EUM,Final Energy|Industry|Non-Ferrous Metals|Aluminum|Solids,EJ/yr,2040,absent row,zero
baseline_highce_gbl,EUM,Final Energy|Industry|Non-Ferrous Metals|Aluminum|Solids,EJ/yr,2050,absent row,zero
baseline_highce_gbl,EUW,Final Energy|Industry|Non-Ferrous Metals|Aluminum|Solids,EJ/yr,2019,absent row,zero
baseline_highce_gbl,EUW,Final Energy|Industry|Non-Ferrous Metals|Aluminum|Solids,EJ/yr,2024,absent row,zero
baseline_highce_gbl,EUW,Final Energy|Industry|Non-Ferrous Metals|Aluminum|Solids,EJ/yr,2030,absent row,zero
baseline_highce_gbl,EUW,Final Energy|Industry|Non-Ferrous Metals|Aluminum|Solids,EJ/yr,2035,absent row,zero
baseline_highce_gbl,EUW,Final Energy|Industry|Non-Ferrous Metals|Aluminum|Solids,EJ/yr,2040,absent row,zero
baseline_highce_gbl,EUW,Final Energy|Industry|Non-Ferrous Metals|Aluminum|Solids,EJ/yr,2050,absent row,zero
baseline_highce_gbl,IDN,Final Energy|Industry|Non-Ferrous Metals|Aluminum|Solids,EJ/yr,2040,blank cell,zero
baseline_highce_gbl,IDN,Final Energy|Industry|Non-Ferrous Metals|Aluminum|Solids,EJ/yr,2050,blank cell,zero
baseline_highce_gbl,IND,Final Energy|Industry|Non-Ferrous Metals|Aluminum|Solids,EJ/yr,2050,blank cell,zero
baseline_highce_gbl,JPN,Final Energy|Industry|Non-Ferrous Metals|Aluminum|Solids,EJ/yr,2019,absent row,zero
baseline_highce_gbl,JPN,Final Energy|Industry|Non-Ferrous Metals|Aluminum|Solids,EJ/yr,2024,absent row,zero
baseline_highce_gbl,JPN,Final Energy|Industry|Non-Ferrous Metals|Aluminum|Solids,EJ/yr,2030,absent row,zero
baseline_highce_gbl,JPN,Final Energy|Industry|Non-Ferrous Metals|Aluminum|Solids,EJ/yr,2035,absent row,zero
baseline_highce_gbl,JPN,Final Energy|Industry|Non-Ferrous Metals|Aluminum|Solids,EJ/yr,2040,absent row,zero
baseline_highce_gbl,JPN,Final Energy|Industry|Non-Ferrous Metals|Aluminum|Solids,EJ/yr,2050,absent row,zero
baseline_highce_gbl,LAM,Final Energy|Industry|Non-Ferrous Metals|Aluminum|Solids,EJ/yr,2050,blank cell,zero
baseline_highce_gbl,MDA,Final Energy|Industry|Non-Ferrous Metals|Aluminum|Solids,EJ/yr,2050,blank cell,zero
baseline_highce_gbl,MEA,Final Energy|Industry|Non-Ferrous Metals|Aluminum|Solids,EJ/yr,2019,absent row,zero
baseline_highce_gbl,MEA,Final Energy|Industry|Non-Ferrous Metals|Aluminum|Solids,EJ/yr,2024,absent row,zero
baseline_highce_gbl,MEA,Final Energy|Industry|Non-Ferrous Metals|Aluminum|Solids,EJ/yr,2030,absent row,zero
baseline_highce_gbl,MEA,Final Energy|Industry|Non-Ferrous Metals|Aluminum|Solids,EJ/yr,2035,absent row,zero
baseline_highce_gbl,MEA,Final Energy|Industry|Non-Ferrous Metals|Aluminum|Solids,EJ/yr,2040,absent row,zero
baseline_highce_gbl,MEA,Final Energy|Industry|Non-Ferrous Metals|Aluminum|Solids,EJ/yr,2050,absent row,zero
baseline_highce_gbl,MEX,Final Energy|Industry|Non-Ferrous Metals|Aluminum|Solids,EJ/yr,2019,absent row,zero
baseline_highce_gbl,MEX,Final Energy|Industry|Non-Ferrous Metals|Aluminum|Solids,EJ/yr,2024,absent row,zero
baseline_highce_gbl,MEX,Final Energy|Industry|Non-Ferrous Metals|Aluminum|Solids,EJ/yr,2030,absent row,zero
baseline_highce_gbl,MEX,Final Energy|Industry|Non-Ferrous Metals|Aluminum|Solids,EJ/yr,2035,absent row,zero
baseline_highce_gbl,MEX,Final Energy|Industry|Non-Ferrous Metals|Aluminum|Solids,EJ/yr,2040,absent row,zero
baseline_highce_gbl,MEX,Final Energy|Industry|Non-Ferrous Metals|Aluminum|Solids,EJ/yr,2050,absent row,zero
baseline_highce_gbl,NIG,Final Energy|Industry|Non-Ferrous Metals|Aluminum|Solids,EJ/yr,2019,absent row,zero
baseline_highce_gbl,NIG,Final Energy|Industry|Non-Ferrous Metals|Aluminum|Solids,EJ/yr,2024,absent row,zero
baseline_highce_gbl,NIG,Final Energy|Industry|Non-Ferrous Metals|Aluminum|Solids,EJ/yr,2030,absent row,zero
baseline_highce_gbl,NIG,Final Energy|Industry|Non-Ferrous Metals|Aluminum|Solids,EJ/yr,2035,absent row,zero
baseline_highce_gbl,NIG,Final Energy|Industry|Non-Ferrous Metals|Aluminum|Solids,EJ/yr,2040,absent row,zero
baseline_highce_gbl,NIG,Final Energy|Industry|Non-Ferrous Metals|Aluminum|Solids,EJ/yr,2050,absent row,zero
baseline_highce_gbl,RUS,Final Energy|Industry|Non-Ferrous Metals|Aluminum|Solids,EJ/yr,2019,absent row,zero
baseline_highce_gbl,RUS,Final Energy|Industry|Non-Ferrous Metals|Aluminum|Solids,EJ/yr,2024,absent row,zero
baseline_highce_gbl,RUS,Final Energy|Industry|Non-Ferrous Metals|Aluminum|Solids,EJ/yr,2030,absent row,zero
baseline_highce_gbl,RUS,Final Energy|Industry|Non-Ferrous Metals|Aluminum|Solids,EJ/yr,2035,absent row,zero
baseline_highce_gbl,RUS,Final Energy|Industry|Non-Ferrous Metals|Aluminum|Solids,EJ/yr,2040,absent row,zero
baseline_highce_gbl,RUS,Final Energy|Industry|Non-Ferrous Metals|Aluminum|Solids,EJ/yr,2050,absent row,zero
baseline_highce_gbl,SKT,Final Energy|Industry|Non-Ferrous Metals|Aluminum|Solids,EJ/yr,2019,absent row,zero
baseline_highce_gbl,SKT,Final Energy|Industry|Non-Ferrous Metals|Aluminum|Solids,EJ/yr,2024,absent row,zero
baseline_highce_gbl,SKT,Final Energy|Industry|Non-Ferrous Metals|Aluminum|Solids,EJ/yr,2030,absent row,zero
baseline_highce_gbl,SKT,Final Energy|Industry|Non-Ferrous Metals|Aluminum|Solids,EJ/yr,2035,absent row,zero
baseline_highce_gbl,SKT,Final Energy|Industry|Non-Ferrous Metals|Aluminum|Solids,EJ/yr,2040,absent row,zero
baseline_highce_gbl,SKT,Final Energy|Industry|Non-Ferrous Metals|Aluminum|Solids,EJ/yr,2050,absent row,zero
baseline_highce_gbl,USA,Final Energy|Industry|Non-Ferrous Metals|Aluminum|Solids,EJ/yr,2019,absent row,zero
baseline_highce_gbl,USA,Final Energy|Industry|Non-Ferrous Metals|Aluminum|Solids,EJ/yr,2024,absent row,zero
baseline_highce_gbl,USA,Final Energy|Industry|Non-Ferrous Metals|Aluminum|Solids,EJ/yr,2030,absent row,zero
baseline_highce_gbl,USA,Final Energy|Industry|Non-Ferrous Metals|Aluminum|Solids,EJ/yr,2035,absent row,zero
baseline_highce_gbl,USA,Final Energy|Industry|Non-Ferrous Metals|Aluminum|Solids,EJ/yr,2040,absent row,zero
baseline_highce_gbl,USA,Final Energy|Industry|Non-Ferrous Metals|Aluminum|Solids,EJ/yr,2050,absent row,zero
baseline_highce_gbl,CAN,Emissions|GHG|Industry|Iron and Steel,MtCO2e/yr,2050,blank cell,zero
baseline_highce_gbl,USA,Emissions|GHG|Industry|Iron and Steel,MtCO2e/yr,2050,blank cell,zero
baseline_highce_gbl,AFE,Emissions|GHG|Industry|Non-Ferrous Metals|Aluminum,MtCO2e/yr,2019,absent row,zero
baseline_highce_gbl,AFE,Emissions|GHG|Industry|Non-Ferrous Metals|Aluminum,MtCO2e/yr,2024,absent row,zero
baseline_highce_gbl,AFE,Emissions|GHG|Industry|Non-Ferrous Metals|Aluminum,MtCO2e/yr,2030,absent row,zero
baseline_highce_gbl,AFE,Emissions|GHG|Industry|Non-Ferrous Metals|Aluminum,MtCO2e/yr,2035,absent row,zero
baseline_highce_gbl,AFE,Emissions|GHG|Industry|Non-Ferrous Metals|Aluminum,MtCO2e/yr,2040,absent row,zero
baseline_highce_gbl,AFE,Emissions|GHG|Industry|Non-Ferrous Metals|Aluminum,MtCO2e/yr,2050,absent row,zero
baseline_highce_gbl,ANZ,Emissions|GHG|Industry|Non-Ferrous Metals|Aluminum,MtCO2e/yr,2050,blank cell,zero
baseline_highce_gbl,ASO,Emissions|GHG|Industry|Non-Ferrous Metals|Aluminum,MtCO2e/yr,2019,absent row,zero
baseline_highce_gbl,ASO,Emissions|GHG|Industry|Non-Ferrous Metals|Aluminum,MtCO2e/yr,2024,absent row,zero
baseline_highce_gbl,ASO,Emissions|GHG|Industry|Non-Ferrous Metals|Aluminum,MtCO2e/yr,2030,absent row,zero
baseline_highce_gbl,ASO,Emissions|GHG|Industry|Non-Ferrous Metals|Aluminum,MtCO2e/yr,2035,absent row,zero
baseline_highce_gbl,ASO,Emissions|GHG|Industry|Non-Ferrous Metals|Aluminum,MtCO2e/yr,2040,absent row,zero
baseline_highce_gbl,ASO,Emissions|GHG|Industry|Non-Ferrous Metals|Aluminum,MtCO2e/yr,2050,absent row,zero
baseline_highce_gbl,BRA,Emissions|GHG|Industry|Non-Ferrous Metals|Aluminum,MtCO2e/yr,2050,blank cell,zero
baseline_highce_gbl,CAN,Emissions|GHG|Industry|Non-Ferrous Metals|Aluminum,MtCO2e/yr,2050,blank cell,zero
baseline_highce_gbl,CHL,Emissions|GHG|Industry|Non-Ferrous Metals|Aluminum,MtCO2e/yr,2019,absent row,zero
baseline_highce_gbl,CHL,Emissions|GHG|Industry|Non-Ferrous Metals|Aluminum,MtCO2e/yr,2024,absent row,zero
baseline_highce_gbl,CHL,Emissions|GHG|Industry|Non-Ferrous Metals|Aluminum,MtCO2e/yr,2030,absent row,zero
baseline_highce_gbl,CHL,Emissions|GHG|Industry|Non-Ferrous Metals|Aluminum,MtCO2e/yr,2035,absent row,zero
baseline_highce_gbl,CHL,Emissions|GHG|Industry|Non-Ferrous Metals|Aluminum,MtCO2e/yr,2040,absent row,zero
baseline_highce_gbl,CHL,Emissions|GHG|Industry|Non-Ferrous Metals|Aluminum,MtCO2e/yr,2050,absent row,zero
baseline_highce_gbl,ENW,Emissions|GHG|Industry|Non-Ferrous Metals|Aluminum,MtCO2e/yr,2050,blank cell,zero
baseline_highce_gbl,EUE,Emissions|GHG|Industry|Non-Ferrous Metals|Aluminum,MtCO2e/yr,2050,blank cell,zero
baseline_highce_gbl,EUM,Emissions|GHG|Industry|Non-Ferrous Metals|Aluminum,MtCO2e/yr,2050,blank cell,zero
baseline_highce_gbl,EUW,Emissions|GHG|Industry|Non-Ferrous Metals|Aluminum,MtCO2e/yr,2050,blank cell,zero
baseline_highce_gbl,JPN,Emissions|GHG|Industry|Non-Ferrous Metals|Aluminum,MtCO2e/yr,2050,blank cell,zero
baseline_highce_gbl,NIG,Emissions|GHG|Industry|Non-Ferrous Metals|Aluminum,MtCO2e/yr,2019,absent row,zero
baseline_highce_gbl,NIG,Emissions|GHG|Industry|Non-Ferrous Metals|Aluminum,MtCO2e/yr,2024,absent row,zero
baseline_highce_gbl,NIG,Emissions|GHG|Industry|Non-Ferrous Metals|Aluminum,MtCO2e/yr,2030,absent row,zero
baseline_highce_gbl,NIG,Emissions|GHG|Industry|Non-Ferrous Metals|Aluminum,MtCO2e/yr,2035,absent row,zero
baseline_highce_gbl,NIG,Emissions|GHG|Industry|Non-Ferrous Metals|Aluminum,MtCO2e/yr,2040,absent row,zero
baseline_highce_gbl,NIG,Emissions|GHG|Industry|Non-Ferrous Metals|Aluminum,MtCO2e/yr,2050,absent row,zero
baseline_highce_gbl,SKT,Emissions|GHG|Industry|Non-Ferrous Metals|Aluminum,MtCO2e/yr,2050,blank cell,zero
baseline_highce_gbl,USA,Emissions|GHG|Industry|Non-Ferrous Metals|Aluminum,MtCO2e/yr,2050,blank cell,zero
ndc_noce,AFE,Production|Non-Ferrous Metals|Aluminum|Primary,Mt/yr,2019,blank cell,zero
ndc_noce,AFE,Production|Non-Ferrous Metals|Aluminum|Primary,Mt/yr,2024,blank cell,zero
ndc_noce,ASO,Production|Non-Ferrous Metals|Aluminum|Primary,Mt/yr,2019,blank cell,zero
ndc_noce,ASO,Production|Non-Ferrous Metals|Aluminum|Primary,Mt/yr,2024,blank cell,zero
ndc_noce,CHL,Production|Non-Ferrous Metals|Aluminum|Primary,Mt/yr,2019,blank cell,zero
ndc_noce,CHL,Production|Non-Ferrous Metals|Aluminum|Primary,Mt/yr,2024,blank cell,zero
ndc_noce,JPN,Production|Non-Ferrous Metals|Aluminum|Primary,Mt/yr,2019,blank cell,zero
ndc_noce,MEX,Production|Non-Ferrous Metals|Aluminum|Primary,Mt/yr,2019,blank cell,zero
ndc_noce,NIG,Production|Non-Ferrous Metals|Aluminum|Primary,Mt/yr,2019,blank cell,zero
ndc_noce,NIG,Production|Non-Ferrous Metals|Aluminum|Primary,Mt/yr,2024,blank cell,zero
ndc_noce,SKT,Production|Non-Ferrous Metals|Aluminum|Primary,Mt/yr,2019,blank cell,zero
ndc_noce,AFE,Production|Non-Ferrous Metals|Aluminum|Secondary,Mt/yr,2019,absent row,zero
ndc_noce,AFE,Production|Non-Ferrous Metals|Aluminum|Secondary,Mt/yr,2024,absent row,zero
ndc_noce,AFE,Production|Non-Ferrous Metals|Aluminum|Secondary,Mt/yr,2030,absent row,zero
ndc_noce,AFE,Production|Non-Ferrous Metals|Aluminum|Secondary,Mt/yr,2035,absent row,zero
ndc_noce,AFE,Production|Non-Ferrous Metals|Aluminum|Secondary,Mt/yr,2040,absent row,zero
ndc_noce,AFE,Production|Non-Ferrous Metals|Aluminum|Secondary,Mt/yr,2050,absent row,zero
ndc_noce,ASO,Production|Non-Ferrous Metals|Aluminum|Secondary,Mt/yr,2019,blank cell,zero
ndc_noce,ASO,Production|Non-Ferrous Metals|Aluminum|Secondary,Mt/yr,2024,blank cell,zero
ndc_noce,ASO,Production|Non-Ferrous Metals|Aluminum|Secondary,Mt/yr,2030,blank cell,zero
ndc_noce,ASO,Production|Non-Ferrous Metals|Aluminum|Secondary,Mt/yr,2050,blank cell,zero
ndc_noce,CHL,Production|Non-Ferrous Metals|Aluminum|Secondary,Mt/yr,2019,blank cell,zero
ndc_noce,CHL,Production|Non-Ferrous Metals|Aluminum|Secondary,Mt/yr,2024,blank cell,zero
ndc_noce,CHL,Production|Non-Ferrous Metals|Aluminum|Secondary,Mt/yr,2030,blank cell,zero
ndc_noce,CHL,Production|Non-Ferrous Metals|Aluminum|Secondary,Mt/yr,2050,blank cell,zero
ndc_noce,NIG,Production|Non-Ferrous Metals|Aluminum|Secondary,Mt/yr,2019,blank cell,zero
ndc_noce,NIG,Production|Non-Ferrous Metals|Aluminum|Secondary,Mt/yr,2024,blank cell,zero
ndc_noce,NIG,Production|Non-Ferrous Metals|Aluminum|Secondary,Mt/yr,2030,blank cell,zero
ndc_noce,NIG,Production|Non-Ferrous Metals|Aluminum|Secondary,Mt/yr,2050,blank cell,zero
ndc_noce,AFW,Final Energy|Industry|Non-Metallic Minerals|Cement|Gases,EJ/yr,2019,blank cell,zero
ndc_noce,ASO,Final Energy|Industry|Non-Metallic Minerals|Cement|Gases,EJ/yr,2019,blank cell,zero
ndc_noce,CHN,Final Energy|Industry|Non-Metallic Minerals|Cement|Gases,EJ/yr,2019,blank cell,zero
ndc_noce,IND,Final Energy|Industry|Non-Metallic Minerals|Cement|Gases,EJ/yr,2019,blank cell,zero
ndc_noce,MEA,Final Energy|Industry|Non-Metallic Minerals|Cement|Liquids,EJ/yr,2019,blank cell,zero
ndc_noce,AFE,Final Energy|Industry|Iron and Steel|Hydrogen,EJ/yr,2019,blank cell,zero
ndc_noce,AFE,Final Energy|Industry|Iron and Steel|Hydrogen,EJ/yr,2024,blank cell,zero
ndc_noce,AFN,Final Energy|Industry|Iron and Steel|Hydrogen,EJ/yr,2019,blank cell,zero
ndc_noce,AFN,Final Energy|Industry|Iron and Steel|Hydrogen,EJ/yr,2024,blank cell,zero
ndc_noce,AFW,Final Energy|Industry|Iron and Steel|Hydrogen,EJ/yr,2019,blank cell,zero
ndc_noce,AFW,Final Energy|Industry|Iron and Steel|Hydrogen,EJ/yr,2024,blank cell,zero
ndc_noce,AFZ,Final Energy|Industry|Iron and Steel|Hydrogen,EJ/yr,2019,blank cell,zero
ndc_noce,AFZ,Final Energy|Industry|Iron and Steel|Hydrogen,EJ/yr,2024,blank cell,zero
ndc_noce,ANZ,Final Energy|Industry|Iron and Steel|Hydrogen,EJ/yr,2019,blank cell,zero
ndc_noce,ANZ,Final Energy|Industry|Iron and Steel|Hydrogen,EJ/yr,2024,blank cell,zero
ndc_noce,ASC,Final Energy|Industry|Iron and Steel|Hydrogen,EJ/yr,2019,blank cell,zero
ndc_noce,ASC,Final Energy|Industry|Iron and Steel|Hydrogen,EJ/yr,2024,blank cell,zero
ndc_noce,ASE,Final Energy|Industry|Iron and Steel|Hydrogen,EJ/yr,2019,blank cell,zero
ndc_noce,ASE,Final Energy|Industry|Iron and Steel|Hydrogen,EJ/yr,2024,blank cell,zero
ndc_noce,ASO,Final Energy|Industry|Iron and Steel|Hydrogen,EJ/yr,2019,blank cell,zero
ndc_noce,ASO,Final Energy|Industry|Iron and Steel|Hydrogen,EJ/yr,2024,blank cell,zero
ndc_noce,BRA,Final Energy|Industry|Iron and Steel|Hydrogen,EJ/yr,2019,blank cell,zero
ndc_noce,BRA,Final Energy|Industry|Iron and Steel|Hydrogen,EJ/yr,2024,blank cell,zero
ndc_noce,CAN,Final Energy|Industry|Iron and Steel|Hydrogen,EJ/yr,2019,blank cell,zero
ndc_noce,CAN,Final Energy|Industry|Iron and Steel|Hydrogen,EJ/yr,2024,blank cell,zero
ndc_noce,CHL,Final Energy|Industry|Iron and Steel|Hydrogen,EJ/yr,2019,blank cell,zero
ndc_noce,CHL,Final Energy|Industry|Iron and Steel|Hydrogen,EJ/yr,2024,blank cell,zero
ndc_noce,CHN,Final Energy|Industry|Iron and Steel|Hydrogen,EJ/yr,2019,blank cell,zero
ndc_noce,CHN,Final Energy|Industry|Iron and Steel|Hydrogen,EJ/yr,2024,blank cell,zero
ndc_noce,ENE,Final Energy|Industry|Iron and Steel|Hydrogen,EJ/yr,2019,blank cell,zero
ndc_noce,ENE,Final Energy|Industry|Iron and Steel|Hydrogen,EJ/yr,2024,blank cell,zero
ndc_noce,ENW,Final Energy|Industry|Iron and Steel|Hydrogen,EJ/yr,2019,blank cell,zero
ndc_noce,ENW,Final Energy|Industry|Iron and Steel|Hydrogen,EJ/yr,2024,blank cell,zero
ndc_noce,EUE,Final Energy|Industry|Iron and Steel|Hydrogen,EJ/yr,2019,blank cell,zero
ndc_noce,EUE,Final Energy|Industry|Iron and Steel|Hydrogen,EJ/yr,2024,blank cell,zero
ndc_noce,EUM,Final Energy|Industry|Iron and Steel|Hydrogen,EJ/yr,2019,blank cell,zero
ndc_noce,EUM,Final Energy|Industry|Iron and Steel|Hydrogen,EJ/yr,2024,blank cell,zero
ndc_noce,EUW,Final Energy|Industry|Iron and Steel|Hydrogen,EJ/yr,2019,blank cell,zero
ndc_noce,EUW,Final Energy|Industry|Iron and Steel|Hydrogen,EJ/yr,2024,blank cell,zero
ndc_noce,IDN,Final Energy|Industry|Iron and Steel|Hydrogen,EJ/yr,2019,blank cell,zero
ndc_noce,IDN,Final Energy|Industry|Iron and Steel|Hydrogen,EJ/yr,2024,blank cell,zero
ndc_noce,IND,Final Energy|Industry|Iron and Steel|Hydrogen,EJ/yr,2019,blank cell,zero
ndc_noce,IND,Final Energy|Industry|Iron and Steel|Hydrogen,EJ/yr,2024,blank cell,zero
ndc_noce,JPN,Final Energy|Industry|Iron and Steel|Hydrogen,EJ/yr,2019,blank cell,zero
ndc_noce,JPN,Final Energy|Industry|Iron and Steel|Hydrogen,EJ/yr,2024,blank cell,zero
ndc_noce,LAM,Final Energy|Industry|Iron and Steel|Hydrogen,EJ/yr,2019,blank cell,zero
ndc_noce,LAM,Final Energy|Industry|Iron and Steel|Hydrogen,EJ/yr,2024,blank cell,zero
ndc_noce,MDA,Final Energy|Industry|Iron and Steel|Hydrogen,EJ/yr,2019,blank cell,zero
ndc_noce,MDA,Final Energy|Industry|Iron and Steel|Hydrogen,EJ/yr,2024,blank cell,zero
ndc_noce,MEA,Final Energy|Industry|Iron and Steel|Hydrogen,EJ/yr,2019,blank cell,zero
ndc_noce,MEA,Final Energy|Industry|Iron and Steel|Hydrogen,EJ/yr,2024,blank cell,zero
ndc_noce,MEX,Final Energy|Industry|Iron and Steel|Hydrogen,EJ/yr,2019,blank cell,zero
ndc_noce,MEX,Final Energy|Industry|Iron and Steel|Hydrogen,EJ/yr,2024,blank cell,zero
ndc_noce,NIG,Final Energy|Industry|Iron and Steel|Hydrogen,EJ/yr,2019,blank cell,zero
ndc_noce,NIG,Final Energy|Industry|Iron and Steel|Hydrogen,EJ/yr,2024,blank cell,zero
ndc_noce,RUS,Final Energy|Industry|Iron and Steel|Hydrogen,EJ/yr,2019,blank cell,zero
ndc_noce,RUS,Final Energy|Industry|Iron and Steel|Hydrogen,EJ/yr,2024,blank cell,zero
ndc_noce,SKT,Final Energy|Industry|Iron and Steel|Hydrogen,EJ/yr,2019,blank cell,zero
ndc_noce,SKT,Final Energy|Industry|Iron and Steel|Hydrogen,EJ/yr,2024,blank cell,zero
ndc_noce,USA,Final Energy|Industry|Iron and Steel|Hydrogen,EJ/yr,2019,blank cell,zero
ndc_noce,USA,Final Energy|Industry|Iron and Steel|Hydrogen,EJ/yr,2024,blank cell,zero
ndc_noce,AFE,Final Energy|Industry|Iron and Steel|Liquids,EJ/yr,2019,absent row,zero
ndc_noce,AFE,Final Energy|Industry|Iron and Steel|Liquids,EJ/yr,2024,absent row,zero
ndc_noce,AFE,Final Energy|Industry|Iron and Steel|Liquids,EJ/yr,2030,absent row,zero
ndc_noce,AFE,Final Energy|Industry|Iron and Steel|Liquids,EJ/yr,2035,absent row,zero
ndc_noce,AFE,Final Energy|Industry|Iron and Steel|Liquids,EJ/yr,2040,absent row,zero
ndc_noce,AFE,Final Energy|Industry|Iron and Steel|Liquids,EJ/yr,2050,absent row,zero
ndc_noce,AFN,Final Energy|Industry|Iron and Steel|Liquids,EJ/yr,2050,blank cell,zero
ndc_noce,AFW,Final Energy|Industry|Iron and Steel|Liquids,EJ/yr,2019,absent row,zero
ndc_noce,AFW,Final Energy|Industry|Iron and Steel|Liquids,EJ/yr,2024,absent row,zero
ndc_noce,AFW,Final Energy|Industry|Iron and Steel|Liquids,EJ/yr,2030,absent row,zero
ndc_noce,AFW,Final Energy|Industry|Iron and Steel|Liquids,EJ/yr,2035,absent row,zero
ndc_noce,AFW,Final Energy|Industry|Iron and Steel|Liquids,EJ/yr,2040,absent row,zero
ndc_noce,AFW,Final Energy|Industry|Iron and Steel|Liquids,EJ/yr,2050,absent row,zero
ndc_noce,AFZ,Final Energy|Industry|Iron and Steel|Liquids,EJ/yr,2050,blank cell,zero
ndc_noce,ANZ,Final Energy|Industry|Iron and Steel|Liquids,EJ/yr,2050,blank cell,zero
ndc_noce,ASC,Final Energy|Industry|Iron and Steel|Liquids,EJ/yr,2050,blank cell,zero
ndc_noce,ASE,Final Energy|Industry|Iron and Steel|Liquids,EJ/yr,2050,blank cell,zero
ndc_noce,ASO,Final Energy|Industry|Iron and Steel|Liquids,EJ/yr,2019,absent row,zero
ndc_noce,ASO,Final Energy|Industry|Iron and Steel|Liquids,EJ/yr,2024,absent row,zero
ndc_noce,ASO,Final Energy|Industry|Iron and Steel|Liquids,EJ/yr,2030,absent row,zero
ndc_noce,ASO,Final Energy|Industry|Iron and Steel|Liquids,EJ/yr,2035,absent row,zero
ndc_noce,ASO,Final Energy|Industry|Iron and Steel|Liquids,EJ/yr,2040,absent row,zero
ndc_noce,ASO,Final Energy|Industry|Iron and Steel|Liquids,EJ/yr,2050,absent row,zero
ndc_noce,BRA,Final Energy|Industry|Iron and Steel|Liquids,EJ/yr,2050,blank cell,zero
ndc_noce,CAN,Final Energy|Industry|Iron and Steel|Liquids,EJ/yr,2050,blank cell,zero
ndc_noce,CHL,Final Energy|Industry|Iron and Steel|Liquids,EJ/yr,2050,blank cell,zero
ndc_noce,CHN,Final Energy|Industry|Iron and Steel|Liquids,EJ/yr,2050,blank cell,zero
ndc_noce,ENE,Final Energy|Industry|Iron and Steel|Liquids,EJ/yr,2050,blank cell,zero
ndc_noce,ENW,Final Energy|Industry|Iron and Steel|Liquids,EJ/yr,2050,blank cell,zero
ndc_noce,EUE,Final Energy|Industry|Iron and Steel|Liquids,EJ/yr,2050,blank cell,zero
ndc_noce,EUM,Final Energy|Industry|Iron and Steel|Liquids,EJ/yr,2050,blank cell,zero
ndc_noce,EUW,Final Energy|Industry|Iron and Steel|Liquids,EJ/yr,2050,blank cell,zero
ndc_noce,IDN,Final Energy|Industry|Iron and Steel|Liquids,EJ/yr,2050,blank cell,zero
ndc_noce,IND,Final Energy|Industry|Iron and Steel|Liquids,EJ/yr,2050,blank cell,zero
ndc_noce,JPN,Final Energy|Industry|Iron and Steel|Liquids,EJ/yr,2050,blank cell,zero
ndc_noce,LAM,Final Energy|Industry|Iron and Steel|Liquids,EJ/yr,2050,blank cell,zero
ndc_noce,MDA,Final Energy|Industry|Iron and Steel|Liquids,EJ/yr,2050,blank cell,zero
ndc_noce,MEA,Final Energy|Industry|Iron and Steel|Liquids,EJ/yr,2050,blank cell,zero
ndc_noce,MEX,Final Energy|Industry|Iron and Steel|Liquids,EJ/yr,2050,blank cell,zero
ndc_noce,NIG,Final Energy|Industry|Iron and Steel|Liquids,EJ/yr,2019,absent row,zero
ndc_noce,NIG,Final Energy|Industry|Iron and Steel|Liquids,EJ/yr,2024,absent row,zero
ndc_noce,NIG,Final Energy|Industry|Iron and Steel|Liquids,EJ/yr,2030,absent row,zero
ndc_noce,NIG,Final Energy|Industry|Iron and Steel|Liquids,EJ/yr,2035,absent row,zero
ndc_noce,NIG,Final Energy|Industry|Iron and Steel|Liquids,EJ/yr,2040,absent row,zero
ndc_noce,NIG,Final Energy|Industry|Iron and Steel|Liquids,EJ/yr,2050,absent row,zero
ndc_noce,RUS,Final Energy|Industry|Iron and Steel|Liquids,EJ/yr,2050,blank cell,zero
ndc_noce,SKT,Final Energy|Industry|Iron and Steel|Liquids,EJ/yr,2050,blank cell,zero
ndc_noce,USA,Final Energy|Industry|Iron and Steel|Liquids,EJ/yr,2050,blank cell,zero
ndc_noce,AFE,Final Energy|Industry|Iron and Steel|Solids,EJ/yr,2019,blank cell,zero
ndc_noce,AFW,Final Energy|Industry|Iron and Steel|Solids,EJ/yr,2019,blank cell,zero
ndc_noce,ASO,Final Energy|Industry|Iron and Steel|Solids,EJ/yr,2019,blank cell,zero
ndc_noce,NIG,Final Energy|Industry|Iron and Steel|Solids,EJ/yr,2019,blank cell,zero
ndc_noce,AFE,Final Energy|Industry|Non-Ferrous Metals|Aluminum|Electricity,EJ/yr,2019,blank cell,zero
ndc_noce,AFE,Final Energy|Industry|Non-Ferrous Metals|Aluminum|Electricity,EJ/yr,2024,blank cell,zero
ndc_noce,ASO,Final Energy|Industry|Non-Ferrous Metals|Aluminum|Electricity,EJ/yr,2019,blank cell,zero
ndc_noce,ASO,Final Energy|Industry|Non-Ferrous Metals|Aluminum|Electricity,EJ/yr,2024,blank cell,zero
ndc_noce,CHL,Final Energy|Industry|Non-Ferrous Metals|Aluminum|Electricity,EJ/yr,2019,blank cell,zero
ndc_noce,CHL,Final Energy|Industry|Non-Ferrous Metals|Aluminum|Electricity,EJ/yr,2024,blank cell,zero
ndc_noce,NIG,Final Energy|Industry|Non-Ferrous Metals|Aluminum|Electricity,EJ/yr,2019,blank cell,zero
ndc_noce,NIG,Final Energy|Industry|Non-Ferrous Metals|Aluminum|Electricity,EJ/yr,2024,blank cell,zero
ndc_noce,AFE,Final Energy|Industry|Non-Ferrous Metals|Aluminum|Gases,EJ/yr,2019,blank cell,zero
ndc_noce,AFE,Final Energy|Industry|Non-Ferrous Metals|Aluminum|Gases,EJ/yr,2024,blank cell,zero
ndc_noce,ASO,Final Energy|Industry|Non-Ferrous Metals|Aluminum|Gases,EJ/yr,2019,blank cell,zero
ndc_noce,ASO,Final Energy|Industry|Non-Ferrous Metals|Aluminum|Gases,EJ/yr,2024,blank cell,zero
ndc_noce,CHL,Final Energy|Industry|Non-Ferrous Metals|Aluminum|Gases,EJ/yr,2019,blank cell,zero
ndc_noce,CHL,Final Energy|Industry|Non-Ferrous Metals|Aluminum|Gases,EJ/yr,2024,blank cell,zero
ndc_noce,NIG,Final Energy|Industry|Non-Ferrous Metals|Aluminum|Gases,EJ/yr,2019,blank cell,zero
ndc_noce,NIG,Final Energy|Industry|Non-Ferrous Metals|Aluminum|Gases,EJ/yr,2024,blank cell,zero
ndc_noce,AFE,Final Energy|Industry|Non-Ferrous Metals|Aluminum|Hydrogen,EJ/yr,2019,blank cell,zero
ndc_noce,AFE,Final Energy|Industry|Non-Ferrous Metals|Aluminum|Hydrogen,EJ/yr,2024,blank cell,zero
ndc_noce,AFN,Final Energy|Industry|Non-Ferrous Metals|Aluminum|Hydrogen,EJ/yr,2019,blank cell,zero
ndc_noce,AFN,Final Energy|Industry|Non-Ferrous Metals|Aluminum|Hydrogen,EJ/yr,2024,blank cell,zero
ndc_noce,AFW,Final Energy|Industry|Non-Ferrous Metals|Aluminum|Hydrogen,EJ/yr,2019,blank cell,zero
ndc_noce,AFW,Final Energy|Industry|Non-Ferrous Metals|Aluminum|Hydrogen,EJ/yr,2024,blank cell,zero
ndc_noce,AFZ,Final Energy|Industry|Non-Ferrous Metals|Aluminum|Hydrogen,EJ/yr,2019,blank cell,zero
ndc_noce,AFZ,Final Energy|Industry|Non-Ferrous Metals|Aluminum|Hydrogen,EJ/yr,2024,blank cell,zero
ndc_noce,ANZ,Final Energy|Industry|Non-Ferrous Metals|Aluminum|Hydrogen,EJ/yr,2019,blank cell,zero
ndc_noce,ANZ,Final Energy|Industry|Non-Ferrous Metals|Aluminum|Hydrogen,EJ/yr,2024,blank cell,zero
ndc_noce,ASC,Final Energy|Industry|Non-Ferrous Metals|Aluminum|Hydrogen,EJ/yr,2019,blank cell,zero
ndc_noce,ASC,Final Energy|Industry|Non-Ferrous Metals|Aluminum|Hydrogen,EJ/yr,2024,blank cell,zero
ndc_noce,ASE,Final Energy|Industry|Non-Ferrous Metals|Aluminum|Hydrogen,EJ/yr,2019,blank cell,zero
ndc_noce,ASE,Final Energy|Industry|Non-Ferrous Metals|Aluminum|Hydrogen,EJ/yr,2024,blank cell,zero
ndc_noce,ASO,Final Energy|Industry|Non-Ferrous Metals|Aluminum|Hydrogen,EJ/yr,2019,blank cell,zero
ndc_noce,ASO,Final Energy|Industry|Non-Ferrous Metals|Aluminum|Hydrogen,EJ/yr,2024,blank cell,zero
ndc_noce,BRA,Final Energy|Industry|Non-Ferrous Metals|Aluminum|Hydrogen,EJ/yr,2019,blank cell,zero
ndc_noce,BRA,Final Energy|Industry|Non-Ferrous Metals|Aluminum|Hydrogen,EJ/yr,2024,blank cell,zero
ndc_noce,CAN,Final Energy|Industry|Non-Ferrous Metals|Aluminum|Hydrogen,EJ/yr,2019,blank cell,zero
ndc_noce,CAN,Final Energy|Industry|Non-Ferrous Metals|Aluminum|Hydrogen,EJ/yr,2024,blank cell,zero
ndc_noce,CHL,Final Energy|Industry|Non-Ferrous Metals|Aluminum|Hydrogen,EJ/yr,2019,blank cell,zero
ndc_noce,CHL,Final Energy|Industry|Non-Ferrous Metals|Aluminum|Hydrogen,EJ/yr,2024,blank cell,zero
ndc_noce,CHN,Final Energy|Industry|Non-Ferrous Metals|Aluminum|Hydrogen,EJ/yr,2019,blank cell,zero
ndc_noce,CHN,Final Energy|Industry|Non-Ferrous Metals|Aluminum|Hydrogen,EJ/yr,2024,blank cell,zero
ndc_noce,ENE,Final Energy|Industry|Non-Ferrous Metals|Aluminum|Hydrogen,EJ/yr,2019,blank cell,zero
ndc_noce,ENE,Final Energy|Industry|Non-Ferrous Metals|Aluminum|Hydrogen,EJ/yr,2024,blank cell,zero
ndc_noce,ENW,Final Energy|Industry|Non-Ferrous Metals|Aluminum|Hydrogen,EJ/yr,2019,blank cell,zero
ndc_noce,ENW,Final Energy|Industry|Non-Ferrous Metals|Aluminum|Hydrogen,EJ/yr,2024,blank cell,zero
ndc_noce,EUE,Final Energy|Industry|Non-Ferrous Metals|Aluminum|Hydrogen,EJ/yr,2019,blank cell,zero
ndc_noce,EUE,Final Energy|Industry|Non-Ferrous Metals|Aluminum|Hydrogen,EJ/yr,2024,blank cell,zero
ndc_noce,EUM,Final Energy|Industry|Non-Ferrous Metals|Aluminum|Hydrogen,EJ/yr,2019,blank cell,zero
ndc_noce,EUM,Final Energy|Industry|Non-Ferrous Metals|Aluminum|Hydrogen,EJ/yr,2024,blank cell,zero
ndc_noce,EUW,Final Energy|Industry|Non-Ferrous Metals|Aluminum|Hydrogen,EJ/yr,2019,blank cell,zero
ndc_noce,EUW,Final Energy|Industry|Non-Ferrous Metals|Aluminum|Hydrogen,EJ/yr,2024,blank cell,zero
ndc_noce,IDN,Final Energy|Industry|Non-Ferrous Metals|Aluminum|Hydrogen,EJ/yr,2019,blank cell,zero
ndc_noce,IDN,Final Energy|Industry|Non-Ferrous Metals|Aluminum|Hydrogen,EJ/yr,2024,blank cell,zero
ndc_noce,IND,Final Energy|Industry|Non-Ferrous Metals|Aluminum|Hydrogen,EJ/yr,2019,blank cell,zero
ndc_noce,IND,Final Energy|Industry|Non-Ferrous Metals|Aluminum|Hydrogen,EJ/yr,2024,blank cell,zero
ndc_noce,JPN,Final Energy|Industry|Non-Ferrous Metals|Aluminum|Hydrogen,EJ/yr,2019,blank cell,zero
ndc_noce,JPN,Final Energy|Industry|Non-Ferrous Metals|Aluminum|Hydrogen,EJ/yr,2024,blank cell,zero
ndc_noce,LAM,Final Energy|Industry|Non-Ferrous Metals|Aluminum|Hydrogen,EJ/yr,2019,blank cell,zero
ndc_noce,LAM,Final Energy|Industry|Non-Ferrous Metals|Aluminum|Hydrogen,EJ/yr,2024,blank cell,zero
ndc_noce,MDA,Final Energy|Industry|Non-Ferrous Metals|Aluminum|Hydrogen,EJ/yr,2019,blank cell,zero
ndc_noce,MDA,Final Energy|Industry|Non-Ferrous Metals|Aluminum|Hydrogen,EJ/yr,2024,blank cell,zero
ndc_noce,MEA,Final Energy|Industry|Non-Ferrous Metals|Aluminum|Hydrogen,EJ/yr,2019,blank cell,zero
ndc_noce,MEA,Final Energy|Industry|Non-Ferrous Metals|Aluminum|Hydrogen,EJ/yr,2024,blank cell,zero
ndc_noce,MEX,Final Energy|Industry|Non-Ferrous Metals|Aluminum|Hydrogen,EJ/yr,2019,blank cell,zero
ndc_noce,MEX,Final Energy|Industry|Non-Ferrous Metals|Aluminum|Hydrogen,EJ/yr,2024,blank cell,zero
ndc_noce,NIG,Final Energy|Industry|Non-Ferrous Metals|Aluminum|Hydrogen,EJ/yr,2019,blank cell,zero
ndc_noce,NIG,Final Energy|Industry|Non-Ferrous Metals|Aluminum|Hydrogen,EJ/yr,2024,blank cell,zero
ndc_noce,RUS,Final Energy|Industry|Non-Ferrous Metals|Aluminum|Hydrogen,EJ/yr,2019,blank cell,zero
ndc_noce,RUS,Final Energy|Industry|Non-Ferrous Metals|Aluminum|Hydrogen,EJ/yr,2024,blank cell,zero
ndc_noce,SKT,Final Energy|Industry|Non-Ferrous Metals|Aluminum|Hydrogen,EJ/yr,2019,blank cell,zero
ndc_noce,SKT,Final Energy|Industry|Non-Ferrous Metals|Aluminum|Hydrogen,EJ/yr,2024,blank cell,zero
ndc_noce,USA,Final Energy|Industry|Non-Ferrous Metals|Aluminum|Hydrogen,EJ/yr,2019,blank cell,zero
ndc_noce,USA,Final Energy|Industry|Non-Ferrous Metals|Aluminum|Hydrogen,EJ/yr,2024,blank cell,zero
ndc_noce,AFE,Final Energy|Industry|Non-Ferrous Metals|Aluminum|Liquids,EJ/yr,2019,absent row,zero
ndc_noce,AFE,Final Energy|Industry|Non-Ferrous Metals|Aluminum|Liquids,EJ/yr,2024,absent row,zero
ndc_noce,AFE,Final Energy|Industry|Non-Ferrous Metals|Aluminum|Liquids,EJ/yr,2030,absent row,zero
ndc_noce,AFE,Final Energy|Industry|Non-Ferrous Metals|Aluminum|Liquids,EJ/yr,2035,absent row,zero
ndc_noce,AFE,Final Energy|Industry|Non-Ferrous Metals|Aluminum|Liquids,EJ/yr,2040,absent row,zero
ndc_noce,AFE,Final Energy|Industry|Non-Ferrous Metals|Aluminum|Liquids,EJ/yr,2050,absent row,zero
ndc_noce,AFN,Final Energy|Industry|Non-Ferrous Metals|Aluminum|Liquids,EJ/yr,2019,absent row,zero
ndc_noce,AFN,Final Energy|Industry|Non-Ferrous Metals|Aluminum|Liquids,EJ/yr,2024,absent row,zero
ndc_noce,AFN,Final Energy|Industry|Non-Ferrous Metals|Aluminum|Liquids,EJ/yr,2030,absent row,zero
ndc_noce,AFN,Final Energy|Industry|Non-Ferrous Metals|Aluminum|Liquids,EJ/yr,2035,absent row,zero
ndc_noce,AFN,Final Energy|Industry|Non-Ferrous Metals|Aluminum|Liquids,EJ/yr,2040,absent row,zero
ndc_noce,AFN,Final Energy|Industry|Non-Ferrous Metals|Aluminum|Liquids,EJ/yr,2050,absent row,zero
ndc_noce,AFW,Final Energy|Industry|Non-Ferrous Metals|Aluminum|Liquids,EJ/yr,2050,blank cell,zero
ndc_noce,AFZ,Final Energy|Industry|Non-Ferrous Metals|Aluminum|Liquids,EJ/yr,2050,blank cell,zero
ndc_noce,ANZ,Final Energy|Industry|Non-Ferrous Metals|Aluminum|Liquids,EJ/yr,2019,absent row,zero
ndc_noce,ANZ,Final Energy|Industry|Non-Ferrous Metals|Aluminum|Liquids,EJ/yr,2024,absent row,zero
ndc_noce,ANZ,Final Energy|Industry|Non-Ferrous Metals|Aluminum|Liquids,EJ/yr,2030,absent row,zero
ndc_noce,ANZ,Final Energy|Industry|Non-Ferrous Metals|Aluminum|Liquids,EJ/yr,2035,absent row,zero
ndc_noce,ANZ,Final Energy|Industry|Non-Ferrous Metals|Aluminum|Liquids,EJ/yr,2040,absent row,zero
ndc_noce,ANZ,Final Energy|Industry|Non-Ferrous Metals|Aluminum|Liquids,EJ/yr,2050,absent row,zero
ndc_noce,ASC,Final Energy|Industry|Non-Ferrous Metals|Aluminum|Liquids,EJ/yr,2050,blank cell,zero
ndc_noce,ASE,Final Energy|Industry|Non-Ferrous Metals|Aluminum|Liquids,EJ/yr,2050,blank cell,zero
ndc_noce,ASO,Final Energy|Industry|Non-Ferrous Metals|Aluminum|Liquids,EJ/yr,2019,absent row,zero
ndc_noce,ASO,Final Energy|Industry|Non-Ferrous Metals|Aluminum|Liquids,EJ/yr,2024,absent row,zero
ndc_noce,ASO,Final Energy|Industry|Non-Ferrous Metals|Aluminum|Liquids,EJ/yr,2030,absent row,zero
ndc_noce,ASO,Final Energy|Industry|Non-Ferrous Metals|Aluminum|Liquids,EJ/yr,2035,absent row,zero
ndc_noce,ASO,Final Energy|Industry|Non-Ferrous Metals|Aluminum|Liquids,EJ/yr,2040,absent row,zero
ndc_noce,ASO,Final Energy|Industry|Non-Ferrous Metals|Aluminum|Liquids,EJ/yr,2050,absent row,zero
ndc_noce,BRA,Final Energy|Industry|Non-Ferrous Metals|Aluminum|Liquids,EJ/yr,2050,blank cell,zero
ndc_noce,CAN,Final Energy|Industry|Non-Ferrous Metals|Aluminum|Liquids,EJ/yr,2019,absent row,zero
ndc_noce,CAN,Final Energy|Industry|Non-Ferrous Metals|Aluminum|Liquids,EJ/yr,2024,absent row,zero
ndc_noce,CAN,Final Energy|Industry|Non-Ferrous Metals|Aluminum|Liquids,EJ/yr,2030,absent row,zero
ndc_noce,CAN,Final Energy|Industry|Non-Ferrous Metals|Aluminum|Liquids,EJ/yr,2035,absent row,zero
ndc_noce,CAN,Final Energy|Industry|Non-Ferrous Metals|Aluminum|Liquids,EJ/yr,2040,absent row,zero
ndc_noce,CAN,Final Energy|Industry|Non-Ferrous Metals|Aluminum|Liquids,EJ/yr,2050,absent row,zero
ndc_noce,CHL,Final Energy|Industry|Non-Ferrous Metals|Aluminum|Liquids,EJ/yr,2019,absent row,zero
ndc_noce,CHL,Final Energy|Industry|Non-Ferrous Metals|Aluminum|Liquids,EJ/yr,2024,absent row,zero
ndc_noce,CHL,Final Energy|Industry|Non-Ferrous Metals|Aluminum|Liquids,EJ/yr,2030,absent row,zero
ndc_noce,CHL,Final Energy|Industry|Non-Ferrous Metals|Aluminum|Liquids,EJ/yr,2035,absent row,zero
ndc_noce,CHL,Final Energy|Industry|Non-Ferrous Metals|Aluminum|Liquids,EJ/yr,2040,absent row,zero
ndc_noce,CHL,Final Energy|Industry|Non-Ferrous Metals|Aluminum|Liquids,EJ/yr,2050,absent row,zero
ndc_noce,CHN,Final Energy|Industry|Non-Ferrous Metals|Aluminum|Liquids,EJ/yr,2050,blank cell,zero
ndc_noce,ENE,Final Energy|Industry|Non-Ferrous Metals|Aluminum|Liquids,EJ/yr,2019,absent row,zero
ndc_noce,ENE,Final Energy|Industry|Non-Ferrous Metals|Aluminum|Liquids,EJ/yr,2024,absent row,zero
ndc_noce,ENE,Final Energy|Industry|Non-Ferrous Metals|Aluminum|Liquids,EJ/yr,2030,absent row,zero
ndc_noce,ENE,Final Energy|Industry|Non-Ferrous Metals|Aluminum|Liquids,EJ/yr,2035,absent row,zero
ndc_noce,ENE,Final Energy|Industry|Non-Ferrous Metals|Aluminum|Liquids,EJ/yr,2040,absent row,zero
ndc_noce,ENE,Final Energy|Industry|Non-Ferrous Metals|Aluminum|Liquids,EJ/yr,2050,absent row,zero
ndc_noce,ENW,Final Energy|Industry|Non-Ferrous Metals|Aluminum|Liquids,EJ/yr,2019,absent row,zero
ndc_noce,ENW,Final Energy|Industry|Non-Ferrous Metals|Aluminum|Liquids,EJ/yr,2024,absent row,zero
ndc_noce,ENW,Final Energy|Industry|Non-Ferrous Metals|Aluminum|Liquids,EJ/yr,2030,absent row,zero
ndc_noce,ENW,Final Energy|Industry|Non-Ferrous Metals|Aluminum|Liquids,EJ/yr,2035,absent row,zero
ndc_noce,ENW,Final Energy|Industry|Non-Ferrous Metals|Aluminum|Liquids,EJ/yr,2040,absent row,zero
ndc_noce,ENW,Final Energy|Industry|Non-Ferrous Metals|Aluminum|Liquids,EJ/yr,2050,absent row,zero
ndc_noce,EUE,Final Energy|Industry|Non-Ferrous Metals|Aluminum|Liquids,EJ/yr,2019,absent row,zero
ndc_noce,EUE,Final Energy|Industry|Non-Ferrous Metals|Aluminum|Liquids,EJ/yr,2024,absent row,zero
ndc_noce,EUE,Final Energy|Industry|Non-Ferrous Metals|Aluminum|Liquids,EJ/yr,2030,absent row,zero
ndc_noce,EUE,Final Energy|Industry|Non-Ferrous Metals|Aluminum|Liquids,EJ/yr,2035,absent row,zero
ndc_noce,EUE,Final Energy|Industry|Non-Ferrous Metals|Aluminum|Liquids,EJ/yr,2040,absent row,zero
ndc_noce,EUE,Final Energy|Industry|Non-Ferrous Metals|Aluminum|Liquids,EJ/yr,2050,absent row,zero
ndc_noce,EUM,Final Energy|Industry|Non-Ferrous Metals|Aluminum|Liquids,EJ/yr,2019,absent row,zero
ndc_noce,EUM,Final Energy|Industry|Non-Ferrous Metals|Aluminum|Liquids,EJ/yr,2024,absent row,zero
ndc_noce,EUM,Final Energy|Industry|Non-Ferrous Metals|Aluminum|Liquids,EJ/yr,2030,absent row,zero
ndc_noce,EUM,Final Energy|Industry|Non-Ferrous Metals|Aluminum|Liquids,EJ/yr,2035,absent row,zero
ndc_noce,EUM,Final Energy|Industry|Non-Ferrous Metals|Aluminum|Liquids,EJ/yr,2040,absent row,zero
ndc_noce,EUM,Final Energy|Industry|Non-Ferrous Metals|Aluminum|Liquids,EJ/yr,2050,absent row,zero
ndc_noce,EUW,Final Energy|Industry|Non-Ferrous Metals|Aluminum|Liquids,EJ/yr,2019,absent row,zero
ndc_noce,EUW,Final Energy|Industry|Non-Ferrous Metals|Aluminum|Liquids,EJ/yr,2024,absent row,zero
ndc_noce,EUW,Final Energy|Industry|Non-Ferrous Metals|Aluminum|Liquids,EJ/yr,2030,absent row,zero
ndc_noce,EUW,Final Energy|Industry|Non-Ferrous Metals|Aluminum|Liquids,EJ/yr,2035,absent row,zero
ndc_noce,EUW,Final Energy|Industry|Non-Ferrous Metals|Aluminum|Liquids,EJ/yr,2040,absent row,zero
ndc_noce,EUW,Final Energy|Industry|Non-Ferrous Metals|Aluminum|Liquids,EJ/yr,2050,absent row,zero
ndc_noce,IDN,Final Energy|Industry|Non-Ferrous Metals|Aluminum|Liquids,EJ/yr,2050,blank cell,zero
ndc_noce,IND,Final Energy|Industry|Non-Ferrous Metals|Aluminum|Liquids,EJ/yr,2050,blank cell,zero
ndc_noce,JPN,Final Energy|Industry|Non-Ferrous Metals|Aluminum|Liquids,EJ/yr,2019,absent row,zero
ndc_noce,JPN,Final Energy|Industry|Non-Ferrous Metals|Aluminum|Liquids,EJ/yr,2024,absent row,zero
ndc_noce,JPN,Final Energy|Industry|Non-Ferrous Metals|Aluminum|Liquids,EJ/yr,2030,absent row,zero
ndc_noce,JPN,Final Energy|Industry|Non-Ferrous Metals|Aluminum|Liquids,EJ/yr,2035,absent row,zero
ndc_noce,JPN,Final Energy|Industry|Non-Ferrous Metals|Aluminum|Liquids,EJ/yr,2040,absent row,zero
ndc_noce,JPN,Final Energy|Industry|Non-Ferrous Metals|Aluminum|Liquids,EJ/yr,2050,absent row,zero
ndc_noce,LAM,Final Energy|Industry|Non-Ferrous Metals|Aluminum|Liquids,EJ/yr,2050,blank cell,zero
ndc_noce,MDA,Final Energy|Industry|Non-Ferrous Metals|Aluminum|Liquids,EJ/yr,2050,blank cell,zero
ndc_noce,MEA,Final Energy|Industry|Non-Ferrous Metals|Aluminum|Liquids,EJ/yr,2019,absent row,zero
ndc_noce,MEA,Final Energy|Industry|Non-Ferrous Metals|Aluminum|Liquids,EJ/yr,2024,absent row,zero
ndc_noce,MEA,Final Energy|Industry|Non-Ferrous Metals|Aluminum|Liquids,EJ/yr,2030,absent row,zero
ndc_noce,MEA,Final Energy|Industry|Non-Ferrous Metals|Aluminum|Liquids,EJ/yr,2035,absent row,zero
ndc_noce,MEA,Final Energy|Industry|Non-Ferrous Metals|Aluminum|Liquids,EJ/yr,2040,absent row,zero
ndc_noce,MEA,Final Energy|Industry|Non-Ferrous Metals|Aluminum|Liquids,EJ/yr,2050,absent row,zero
ndc_noce,MEX,Final Energy|Industry|Non-Ferrous Metals|Aluminum|Liquids,EJ/yr,2019,absent row,zero
ndc_noce,MEX,Final Energy|Industry|Non-Ferrous Metals|Aluminum|Liquids,EJ/yr,2024,absent row,zero
ndc_noce,MEX,Final Energy|Industry|Non-Ferrous Metals|Aluminum|Liquids,EJ/yr,2030,absent row,zero
ndc_noce,MEX,Final Energy|Industry|Non-Ferrous Metals|Aluminum|Liquids,EJ/yr,2035,absent row,zero
ndc_noce,MEX,Final Energy|Industry|Non-Ferrous Metals|Aluminum|Liquids,EJ/yr,2040,absent row,zero
ndc_noce,MEX,Final Energy|Industry|Non-Ferrous Metals|Aluminum|Liquids,EJ/yr,2050,absent row,zero
ndc_noce,NIG,Final Energy|Industry|Non-Ferrous Metals|Aluminum|Liquids,EJ/yr,2019,absent row,zero
ndc_noce,NIG,Final Energy|Industry|Non-Ferrous Metals|Aluminum|Liquids,EJ/yr,2024,absent row,zero
ndc_noce,NIG,Final Energy|Industry|Non-Ferrous Metals|Aluminum|Liquids,EJ/yr,2030,absent row,zero
ndc_noce,NIG,Final Energy|Industry|Non-Ferrous Metals|Aluminum|Liquids,EJ/yr,2035,absent row,zero
ndc_noce,NIG,Final Energy|Industry|Non-Ferrous Metals|Aluminum|Liquids,EJ/yr,2040,absent row,zero
ndc_noce,NIG,Final Energy|Industry|Non-Ferrous Metals|Aluminum|Liquids,EJ/yr,2050,absent row,zero
ndc_noce,RUS,Final Energy|Industry|Non-Ferrous Metals|Aluminum|Liquids,EJ/yr,2019,absent row,zero
ndc_noce,RUS,Final Energy|Industry|Non-Ferrous Metals|Aluminum|Liquids,EJ/yr,2024,absent row,zero
ndc_noce,RUS,Final Energy|Industry|Non-Ferrous Metals|Aluminum|Liquids,EJ/yr,2030,absent row,zero
ndc_noce,RUS,Final Energy|Industry|Non-Ferrous Metals|Aluminum|Liquids,EJ/yr,2035,absent row,zero
ndc_noce,RUS,Final Energy|Industry|Non-Ferrous Metals|Aluminum|Liquids,EJ/yr,2040,absent row,zero
ndc_noce,RUS,Final Energy|Industry|Non-Ferrous Metals|Aluminum|Liquids,EJ/yr,2050,absent row,zero
ndc_noce,SKT,Final Energy|Industry|Non-Ferrous Metals|Aluminum|Liquids,EJ/yr,2019,absent row,zero
ndc_noce,SKT,Final Energy|Industry|Non-Ferrous Metals|Aluminum|Liquids,EJ/yr,2024,absent row,zero
ndc_noce,SKT,Final Energy|Industry|Non-Ferrous Metals|Aluminum|Liquids,EJ/yr,2030,absent row,zero
ndc_noce,SKT,Final Energy|Industry|Non-Ferrous Metals|Aluminum|Liquids,EJ/yr,2035,absent row,zero
ndc_noce,SKT,Final Energy|Industry|Non-Ferrous Metals|Aluminum|Liquids,EJ/yr,2040,absent row,zero
ndc_noce,SKT,Final Energy|Industry|Non-Ferrous Metals|Aluminum|Liquids,EJ/yr,2050,absent row,zero
ndc_noce,USA,Final Energy|Industry|Non-Ferrous Metals|Aluminum|Liquids,EJ/yr,2019,absent row,zero
ndc_noce,USA,Final Energy|Industry|Non-Ferrous Metals|Aluminum|Liquids,EJ/yr,2024,absent row,zero
ndc_noce,USA,Final Energy|Industry|Non-Ferrous Metals|Aluminum|Liquids,EJ/yr,2030,absent row,zero
ndc_noce,USA,Final Energy|Industry|Non-Ferrous Metals|Aluminum|Liquids,EJ/yr,2035,absent row,zero
ndc_noce,USA,Final Energy|Industry|Non-Ferrous Metals|Aluminum|Liquids,EJ/yr,2040,absent row,zero
ndc_noce,USA,Final Energy|Industry|Non-Ferrous Metals|Aluminum|Liquids,EJ/yr,2050,absent row,zero
ndc_noce,AFE,Final Energy|Industry|Non-Ferrous Metals|Aluminum|Solids,EJ/yr,2019,absent row,zero
ndc_noce,AFE,Final Energy|Industry|Non-Ferrous Metals|Aluminum|Solids,EJ/yr,2024,absent row,zero
ndc_noce,AFE,Final Energy|Industry|Non-Ferrous Metals|Aluminum|Solids,EJ/yr,2030,absent row,zero
ndc_noce,AFE,Final Energy|Industry|Non-Ferrous Metals|Aluminum|Solids,EJ/yr,2035,absent row,zero
ndc_noce,AFE,Final Energy|Industry|Non-Ferrous Metals|Aluminum|Solids,EJ/yr,2040,absent row,zero
ndc_noce,AFE,Final Energy|Industry|Non-Ferrous Metals|Aluminum|Solids,EJ/yr,2050,absent row,zero
ndc_noce,AFN,Final Energy|Industry|Non-Ferrous Metals|Aluminum|Solids,EJ/yr,2019,absent row,zero
ndc_noce,AFN,Final Energy|Industry|Non-Ferrous Metals|Aluminum|Solids,EJ/yr,2024,absent row,zero
ndc_noce,AFN,Final Energy|Industry|Non-Ferrous Metals|Aluminum|Solids,EJ/yr,2030,absent row,zero
ndc_noce,AFN,Final Energy|Industry|Non-Ferrous Metals|Aluminum|Solids,EJ/yr,2035,absent row,zero
ndc_noce,AFN,Final Energy|Industry|Non-Ferrous Metals|Aluminum|Solids,EJ/yr,2040,absent row,zero
ndc_noce,AFN,Final Energy|Industry|Non-Ferrous Metals|Aluminum|Solids,EJ/yr,2050,absent row,zero
ndc_noce,AFW,Final Energy|Industry|Non-Ferrous Metals|Aluminum|Solids,EJ/yr,2050,blank cell,zero
ndc_noce,AFZ,Final Energy|Industry|Non-Ferrous Metals|Aluminum|Solids,EJ/yr,2050,blank cell,zero
ndc_noce,ANZ,Final Energy|Industry|Non-Ferrous Metals|Aluminum|Solids,EJ/yr,2050,blank cell,zero
ndc_noce,ASC,Final Energy|Industry|Non-Ferrous Metals|Aluminum|Solids,EJ/yr,2050,blank cell,zero
ndc_noce,ASE,Final Energy|Industry|Non-Ferrous Metals|Aluminum|Solids,EJ/yr,2050,blank cell,zero
ndc_noce,ASO,Final Energy|Industry|Non-Ferrous Metals|Aluminum|Solids,EJ/yr,2019,absent row,zero
ndc_noce,ASO,Final Energy|Industry|Non-Ferrous Metals|Aluminum|Solids,EJ/yr,2024,absent row,zero
ndc_noce,ASO,Final Energy|Industry|Non-Ferrous Metals|Aluminum|Solids,EJ/yr,2030,absent row,zero
ndc_noce,ASO,Final Energy|Industry|Non-Ferrous Metals|Aluminum|Solids,EJ/yr,2035,absent row,zero
ndc_noce,ASO,Final Energy|Industry|Non-Ferrous Metals|Aluminum|Solids,EJ/yr,2040,absent row,zero
ndc_noce,ASO,Final Energy|Industry|Non-Ferrous Metals|Aluminum|Solids,EJ/yr,2050,absent row,zero
ndc_noce,BRA,Final Energy|Industry|Non-Ferrous Metals|Aluminum|Solids,EJ/yr,2050,blank cell,zero
ndc_noce,CAN,Final Energy|Industry|Non-Ferrous Metals|Aluminum|Solids,EJ/yr,2019,absent row,zero
ndc_noce,CAN,Final Energy|Industry|Non-Ferrous Metals|Aluminum|Solids,EJ/yr,2024,absent row,zero
ndc_noce,CAN,Final Energy|Industry|Non-Ferrous Metals|Aluminum|Solids,EJ/yr,2030,absent row,zero
ndc_noce,CAN,Final Energy|Industry|Non-Ferrous Metals|Aluminum|Solids,EJ/yr,2035,absent row,zero
ndc_noce,CAN,Final Energy|Industry|Non-Ferrous Metals|Aluminum|Solids,EJ/yr,2040,absent row,zero
ndc_noce,CAN,Final Energy|Industry|Non-Ferrous Metals|Aluminum|Solids,EJ/yr,2050,absent row,zero
ndc_noce,CHL,Final Energy|Industry|Non-Ferrous Metals|Aluminum|Solids,EJ/yr,2019,absent row,zero
ndc_noce,CHL,Final Energy|Industry|Non-Ferrous Metals|Aluminum|Solids,EJ/yr,2024,absent row,zero
ndc_noce,CHL,Final Energy|Industry|Non-Ferrous Metals|Aluminum|Solids,EJ/yr,2030,absent row,zero
ndc_noce,CHL,Final Energy|Industry|Non-Ferrous Metals|Aluminum|Solids,EJ/yr,2035,absent row,zero
ndc_noce,CHL,Final Energy|Industry|Non-Ferrous Metals|Aluminum|Solids,EJ/yr,2040,absent row,zero
ndc_noce,CHL,Final Energy|Industry|Non-Ferrous Metals|Aluminum|Solids,EJ/yr,2050,absent row,zero
ndc_noce,CHN,Final Energy|Industry|Non-Ferrous Metals|Aluminum|Solids,EJ/yr,2050,blank cell,zero
ndc_noce,ENE,Final Energy|Industry|Non-Ferrous Metals|Aluminum|Solids,EJ/yr,2019,absent row,zero
ndc_noce,ENE,Final Energy|Industry|Non-Ferrous Metals|Aluminum|Solids,EJ/yr,2024,absent row,zero
ndc_noce,ENE,Final Energy|Industry|Non-Ferrous Metals|Aluminum|Solids,EJ/yr,2030,absent row,zero
ndc_noce,ENE,Final Energy|Industry|Non-Ferrous Metals|Aluminum|Solids,EJ/yr,2035,absent row,zero
ndc_noce,ENE,Final Energy|Industry|Non-Ferrous Metals|Aluminum|Solids,EJ/yr,2040,absent row,zero
ndc_noce,ENE,Final Energy|Industry|Non-Ferrous Metals|Aluminum|Solids,EJ/yr,2050,absent row,zero
ndc_noce,ENW,Final Energy|Industry|Non-Ferrous Metals|Aluminum|Solids,EJ/yr,2019,absent row,zero
ndc_noce,ENW,Final Energy|Industry|Non-Ferrous Metals|Aluminum|Solids,EJ/yr,2024,absent row,zero
ndc_noce,ENW,Final Energy|Industry|Non-Ferrous Metals|Aluminum|Solids,EJ/yr,2030,absent row,zero
ndc_noce,ENW,Final Energy|Industry|Non-Ferrous Metals|Aluminum|Solids,EJ/yr,2035,absent row,zero
ndc_noce,ENW,Final Energy|Industry|Non-Ferrous Metals|Aluminum|Solids,EJ/yr,2040,absent row,zero
ndc_noce,ENW,Final Energy|Industry|Non-Ferrous Metals|Aluminum|Solids,EJ/yr,2050,absent row,zero
ndc_noce,EUE,Final Energy|Industry|Non-Ferrous Metals|Aluminum|Solids,EJ/yr,2019,absent row,zero
ndc_noce,EUE,Final Energy|Industry|Non-Ferrous Metals|Aluminum|Solids,EJ/yr,2024,absent row,zero
ndc_noce,EUE,Final Energy|Industry|Non-Ferrous Metals|Aluminum|Solids,EJ/yr,2030,absent row,zero
ndc_noce,EUE,Final Energy|Industry|Non-Ferrous Metals|Aluminum|Solids,EJ/yr,2035,absent row,zero
ndc_noce,EUE,Final Energy|Industry|Non-Ferrous Metals|Aluminum|Solids,EJ/yr,2040,absent row,zero
ndc_noce,EUE,Final Energy|Industry|Non-Ferrous Metals|Aluminum|Solids,EJ/yr,2050,absent row,zero
ndc_noce,EUM,Final Energy|Industry|Non-Ferrous Metals|Aluminum|Solids,EJ/yr,2019,absent row,zero
ndc_noce,EUM,Final Energy|Industry|Non-Ferrous Metals|Aluminum|Solids,EJ/yr,2024,absent row,zero
ndc_noce,EUM,Final Energy|Industry|Non-Ferrous Metals|Aluminum|Solids,EJ/yr,2030,absent row,zero
ndc_noce,EUM,Final Energy|Industry|Non-Ferrous Metals|Aluminum|Solids,EJ/yr,2035,absent row,zero
ndc_noce,EUM,Final Energy|Industry|Non-Ferrous Metals|Aluminum|Solids,EJ/yr,2040,absent row,zero
ndc_noce,EUM,Final Energy|Industry|Non-Ferrous Metals|Aluminum|Solids,EJ/yr,2050,absent row,zero
ndc_noce,EUW,Final Energy|Industry|Non-Ferrous Metals|Aluminum|Solids,EJ/yr,2019,absent row,zero
ndc_noce,EUW,Final Energy|Industry|Non-Ferrous Metals|Aluminum|Solids,EJ/yr,2024,absent row,zero
ndc_noce,EUW,Final Energy|Industry|Non-Ferrous Metals|Aluminum|Solids,EJ/yr,2030,absent row,zero
ndc_noce,EUW,Final Energy|Industry|Non-Ferrous Metals|Aluminum|Solids,EJ/yr,2035,absent row,zero
ndc_noce,EUW,Final Energy|Industry|Non-Ferrous Metals|Aluminum|Solids,EJ/yr,2040,absent row,zero
ndc_noce,EUW,Final Energy|Industry|Non-Ferrous Metals|Aluminum|Solids,EJ/yr,2050,absent row,zero
ndc_noce,IDN,Final Energy|Industry|Non-Ferrous Metals|Aluminum|Solids,EJ/yr,2050,blank cell,zero
ndc_noce,IND,Final Energy|Industry|Non-Ferrous Metals|Aluminum|Solids,EJ/yr,2050,blank cell,zero
ndc_noce,JPN,Final Energy|Industry|Non-Ferrous Metals|Aluminum|Solids,EJ/yr,2019,absent row,zero
ndc_noce,JPN,Final Energy|Industry|Non-Ferrous Metals|Aluminum|Solids,EJ/yr,2024,absent row,zero
ndc_noce,JPN,Final Energy|Industry|Non-Ferrous Metals|Aluminum|Solids,EJ/yr,2030,absent row,zero
ndc_noce,JPN,Final Energy|Industry|Non-Ferrous Metals|Aluminum|Solids,EJ/yr,2035,absent row,zero
ndc_noce,JPN,Final Energy|Industry|Non-Ferrous Metals|Aluminum|Solids,EJ/yr,2040,absent row,zero
ndc_noce,JPN,Final Energy|Industry|Non-Ferrous Metals|Aluminum|Solids,EJ/yr,2050,absent row,zero
ndc_noce,LAM,Final Energy|Industry|Non-Ferrous Metals|Aluminum|Solids,EJ/yr,2050,blank cell,zero
ndc_noce,MDA,Final Energy|Industry|Non-Ferrous Metals|Aluminum|Solids,EJ/yr,2050,blank cell,zero
ndc_noce,MEA,Final Energy|Industry|Non-Ferrous Metals|Aluminum|Solids,EJ/yr,2019,absent row,zero
ndc_noce,MEA,Final Energy|Industry|Non-Ferrous Metals|Aluminum|Solids,EJ/yr,2024,absent row,zero
ndc_noce,MEA,Final Energy|Industry|Non-Ferrous Metals|Aluminum|Solids,EJ/yr,2030,absent row,zero
ndc_noce,MEA,Final Energy|Industry|Non-Ferrous Metals|Aluminum|Solids,EJ/yr,2035,absent row,zero
ndc_noce,MEA,Final Energy|Industry|Non-Ferrous Metals|Aluminum|Solids,EJ/yr,2040,absent row,zero
ndc_noce,MEA,Final Energy|Industry|Non-Ferrous Metals|Aluminum|Solids,EJ/yr,2050,absent row,zero
ndc_noce,MEX,Final Energy|Industry|Non-Ferrous Metals|Aluminum|Solids,EJ/yr,2019,absent row,zero
ndc_noce,MEX,Final Energy|Industry|Non-Ferrous Metals|Aluminum|Solids,EJ/yr,2024,absent row,zero
ndc_noce,MEX,Final Energy|Industry|Non-Ferrous Metals|Aluminum|Solids,EJ/yr,2030,absent row,zero
ndc_noce,MEX,Final Energy|Industry|Non-Ferrous Metals|Aluminum|Solids,EJ/yr,2035,absent row,zero
ndc_noce,MEX,Final Energy|Industry|Non-Ferrous Metals|Aluminum|Solids,EJ/yr,2040,absent row,zero
ndc_noce,MEX,Final Energy|Industry|Non-Ferrous Metals|Aluminum|Solids,EJ/yr,2050,absent row,zero
ndc_noce,NIG,Final Energy|Industry|Non-Ferrous Metals|Aluminum|Solids,EJ/yr,2019,absent row,zero
ndc_noce,NIG,Final Energy|Industry|Non-Ferrous Metals|Aluminum|Solids,EJ/yr,2024,absent row,zero
ndc_noce,NIG,Final Energy|Industry|Non-Ferrous Metals|Aluminum|Solids,EJ/yr,2030,absent row,zero
ndc_noce,NIG,Final Energy|Industry|Non-Ferrous Metals|Aluminum|Solids,EJ/yr,2035,absent row,zero
ndc_noce,NIG,Final Energy|Industry|Non-Ferrous Metals|Aluminum|Solids,EJ/yr,2040,absent row,zero
ndc_noce,NIG,Final Energy|Industry|Non-Ferrous Metals|Aluminum|Solids,EJ/yr,2050,absent row,zero
ndc_noce,RUS,Final Energy|Industry|Non-Ferrous Metals|Aluminum|Solids,EJ/yr,2019,absent row,zero
ndc_noce,RUS,Final Energy|Industry|Non-Ferrous Metals|Aluminum|Solids,EJ/yr,2024,absent row,zero
ndc_noce,RUS,Final Energy|Industry|Non-Ferrous Metals|Aluminum|Solids,EJ/yr,2030,absent row,zero
ndc_noce,RUS,Final Energy|Industry|Non-Ferrous Metals|Aluminum|Solids,EJ/yr,2035,absent row,zero
ndc_noce,RUS,Final Energy|Industry|Non-Ferrous Metals|Aluminum|Solids,EJ/yr,2040,absent row,zero
ndc_noce,RUS,Final Energy|Industry|Non-Ferrous Metals|Aluminum|Solids,EJ/yr,2050,absent row,zero
ndc_noce,SKT,Final Energy|Industry|Non-Ferrous Metals|Aluminum|Solids,EJ/yr,2019,absent row,zero
ndc_noce,SKT,Final Energy|Industry|Non-Ferrous Metals|Aluminum|Solids,EJ/yr,2024,absent row,zero
ndc_noce,SKT,Final Energy|Industry|Non-Ferrous Metals|Aluminum|Solids,EJ/yr,2030,absent row,zero
ndc_noce,SKT,Final Energy|Industry|Non-Ferrous Metals|Aluminum|Solids,EJ/yr,2035,absent row,zero
ndc_noce,SKT,Final Energy|Industry|Non-Ferrous Metals|Aluminum|Solids,EJ/yr,2040,absent row,zero
ndc_noce,SKT,Final Energy|Industry|Non-Ferrous Metals|Aluminum|Solids,EJ/yr,2050,absent row,zero
ndc_noce,USA,Final Energy|Industry|Non-Ferrous Metals|Aluminum|Solids,EJ/yr,2019,absent row,zero
ndc_noce,USA,Final Energy|Industry|Non-Ferrous Metals|Aluminum|Solids,EJ/yr,2024,absent row,zero
ndc_noce,USA,Final Energy|Industry|Non-Ferrous Metals|Aluminum|Solids,EJ/yr,2030,absent row,zero
ndc_noce,USA,Final Energy|Industry|Non-Ferrous Metals|Aluminum|Solids,EJ/yr,2035,absent row,zero
ndc_noce,USA,Final Energy|Industry|Non-Ferrous Metals|Aluminum|Solids,EJ/yr,2040,absent row,zero
ndc_noce,USA,Final Energy|Industry|Non-Ferrous Metals|Aluminum|Solids,EJ/yr,2050,absent row,zero
ndc_noce,AFE,Carbon Capture|Industry|Non-Metallic Minerals|Cement,MtCO2/yr,2019,absent row,zero
ndc_noce,AFE,Carbon Capture|Industry|Non-Metallic Minerals|Cement,MtCO2/yr,2024,absent row,zero
ndc_noce,AFE,Carbon Capture|Industry|Non-Metallic Minerals|Cement,MtCO2/yr,2030,absent row,zero
ndc_noce,AFE,Carbon Capture|Industry|Non-Metallic Minerals|Cement,MtCO2/yr,2035,absent row,zero
ndc_noce,AFE,Carbon Capture|Industry|Non-Metallic Minerals|Cement,MtCO2/yr,2040,absent row,zero
ndc_noce,AFE,Carbon Capture|Industry|Non-Metallic Minerals|Cement,MtCO2/yr,2050,absent row,zero
ndc_noce,AFN,Carbon Capture|Industry|Non-Metallic Minerals|Cement,MtCO2/yr,2019,blank cell,zero
ndc_noce,AFN,Carbon Capture|Industry|Non-Metallic Minerals|Cement,MtCO2/yr,2024,blank cell,zero
ndc_noce,AFW,Carbon Capture|Industry|Non-Metallic Minerals|Cement,MtCO2/yr,2019,absent row,zero
ndc_noce,AFW,Carbon Capture|Industry|Non-Metallic Minerals|Cement,MtCO2/yr,2024,absent row,zero
ndc_noce,AFW,Carbon Capture|Industry|Non-Metallic Minerals|Cement,MtCO2/yr,2030,absent row,zero
ndc_noce,AFW,Carbon Capture|Industry|Non-Metallic Minerals|Cement,MtCO2/yr,2035,absent row,zero
ndc_noce,AFW,Carbon Capture|Industry|Non-Metallic Minerals|Cement,MtCO2/yr,2040,absent row,zero
ndc_noce,AFW,Carbon Capture|Industry|Non-Metallic Minerals|Cement,MtCO2/yr,2050,absent row,zero
ndc_noce,AFZ,Carbon Capture|Industry|Non-Metallic Minerals|Cement,MtCO2/yr,2019,blank cell,zero
ndc_noce,AFZ,Carbon Capture|Industry|Non-Metallic Minerals|Cement,MtCO2/yr,2024,blank cell,zero
ndc_noce,ANZ,Carbon Capture|Industry|Non-Metallic Minerals|Cement,MtCO2/yr,2019,blank cell,zero
ndc_noce,ANZ,Carbon Capture|Industry|Non-Metallic Minerals|Cement,MtCO2/yr,2024,blank cell,zero
ndc_noce,ASC,Carbon Capture|Industry|Non-Metallic Minerals|Cement,MtCO2/yr,2019,absent row,zero
ndc_noce,ASC,Carbon Capture|Industry|Non-Metallic Minerals|Cement,MtCO2/yr,2024,absent row,zero
ndc_noce,ASC,Carbon Capture|Industry|Non-Metallic Minerals|Cement,MtCO2/yr,2030,absent row,zero
ndc_noce,ASC,Carbon Capture|Industry|Non-Metallic Minerals|Cement,MtCO2/yr,2035,absent row,zero
ndc_noce,ASC,Carbon Capture|Industry|Non-Metallic Minerals|Cement,MtCO2/yr,2040,absent row,zero
ndc_noce,ASC,Carbon Capture|Industry|Non-Metallic Minerals|Cement,MtCO2/yr,2050,absent row,zero
ndc_noce,ASE,Carbon Capture|Industry|Non-Metallic Minerals|Cement,MtCO2/yr,2019,blank cell,zero
ndc_noce,ASE,Carbon Capture|Industry|Non-Metallic Minerals|Cement,MtCO2/yr,2024,blank cell,zero
ndc_noce,ASO,Carbon Capture|Industry|Non-Metallic Minerals|Cement,MtCO2/yr,2019,blank cell,zero
ndc_noce,ASO,Carbon Capture|Industry|Non-Metallic Minerals|Cement,MtCO2/yr,2024,blank cell,zero
ndc_noce,BRA,Carbon Capture|Industry|Non-Metallic Minerals|Cement,MtCO2/yr,2019,blank cell,zero
ndc_noce,BRA,Carbon Capture|Industry|Non-Metallic Minerals|Cement,MtCO2/yr,2024,blank cell,zero
ndc_noce,CAN,Carbon Capture|Industry|Non-Metallic Minerals|Cement,MtCO2/yr,2019,blank cell,zero
ndc_noce,CAN,Carbon Capture|Industry|Non-Metallic Minerals|Cement,MtCO2/yr,2024,blank cell,zero
ndc_noce,CHL,Carbon Capture|Industry|Non-Metallic Minerals|Cement,MtCO2/yr,2019,blank cell,zero
ndc_noce,CHL,Carbon Capture|Industry|Non-Metallic Minerals|Cement,MtCO2/yr,2024,blank cell,zero
ndc_noce,CHN,Carbon Capture|Industry|Non-Metallic Minerals|Cement,MtCO2/yr,2019,blank cell,zero
ndc_noce,CHN,Carbon Capture|Industry|Non-Metallic Minerals|Cement,MtCO2/yr,2024,blank cell,zero
ndc_noce,ENE,Carbon Capture|Industry|Non-Metallic Minerals|Cement,MtCO2/yr,2019,blank cell,zero
ndc_noce,ENE,Carbon Capture|Industry|Non-Metallic Minerals|Cement,MtCO2/yr,2024,blank cell,zero
ndc_noce,ENW,Carbon Capture|Industry|Non-Metallic Minerals|Cement,MtCO2/yr,2019,absent row,zero
ndc_noce,ENW,Carbon Capture|Industry|Non-Metallic Minerals|Cement,MtCO2/yr,2024,absent row,zero
ndc_noce,ENW,Carbon Capture|Industry|Non-Metallic Minerals|Cement,MtCO2/yr,2030,absent row,zero
ndc_noce,ENW,Carbon Capture|Industry|Non-Metallic Minerals|Cement,MtCO2/yr,2035,absent row,zero
ndc_noce,ENW,Carbon Capture|Industry|Non-Metallic Minerals|Cement,MtCO2/yr,2040,absent row,zero
ndc_noce,ENW,Carbon Capture|Industry|Non-Metallic Minerals|Cement,MtCO2/yr,2050,absent row,zero
ndc_noce,EUE,Carbon Capture|Industry|Non-Metallic Minerals|Cement,MtCO2/yr,2019,blank cell,zero
ndc_noce,EUE,Carbon Capture|Industry|Non-Metallic Minerals|Cement,MtCO2/yr,2024,blank cell,zero
ndc_noce,EUM,Carbon Capture|Industry|Non-Metallic Minerals|Cement,MtCO2/yr,2019,absent row,zero
ndc_noce,EUM,Carbon Capture|Industry|Non-Metallic Minerals|Cement,MtCO2/yr,2024,absent row,zero
ndc_noce,EUM,Carbon Capture|Industry|Non-Metallic Minerals|Cement,MtCO2/yr,2030,absent row,zero
ndc_noce,EUM,Carbon Capture|Industry|Non-Metallic Minerals|Cement,MtCO2/yr,2035,absent row,zero
ndc_noce,EUM,Carbon Capture|Industry|Non-Metallic Minerals|Cement,MtCO2/yr,2040,absent row,zero
ndc_noce,EUM,Carbon Capture|Industry|Non-Metallic Minerals|Cement,MtCO2/yr,2050,absent row,zero
ndc_noce,EUW,Carbon Capture|Industry|Non-Metallic Minerals|Cement,MtCO2/yr,2019,blank cell,zero
ndc_noce,EUW,Carbon Capture|Industry|Non-Metallic Minerals|Cement,MtCO2/yr,2024,blank cell,zero
ndc_noce,IDN,Carbon Capture|Industry|Non-Metallic Minerals|Cement,MtCO2/yr,2019,blank cell,zero
ndc_noce,IDN,Carbon Capture|Industry|Non-Metallic Minerals|Cement,MtCO2/yr,2024,blank cell,zero
ndc_noce,IND,Carbon Capture|Industry|Non-Metallic Minerals|Cement,MtCO2/yr,2019,blank cell,zero
ndc_noce,IND,Carbon Capture|Industry|Non-Metallic Minerals|Cement,MtCO2/yr,2024,blank cell,zero
ndc_noce,JPN,Carbon Capture|Industry|Non-Metallic Minerals|Cement,MtCO2/yr,2019,blank cell,zero
ndc_noce,JPN,Carbon Capture|Industry|Non-Metallic Minerals|Cement,MtCO2/yr,2024,blank cell,zero
ndc_noce,LAM,Carbon Capture|Industry|Non-Metallic Minerals|Cement,MtCO2/yr,2019,absent row,zero
ndc_noce,LAM,Carbon Capture|Industry|Non-Metallic Minerals|Cement,MtCO2/yr,2024,absent row,zero
ndc_noce,LAM,Carbon Capture|Industry|Non-Metallic Minerals|Cement,MtCO2/yr,2030,absent row,zero
ndc_noce,LAM,Carbon Capture|Industry|Non-Metallic Minerals|Cement,MtCO2/yr,2035,absent row,zero
ndc_noce,LAM,Carbon Capture|Industry|Non-Metallic Minerals|Cement,MtCO2/yr,2040,absent row,zero
ndc_noce,LAM,Carbon Capture|Industry|Non-Metallic Minerals|Cement,MtCO2/yr,2050,absent row,zero
ndc_noce,MDA,Carbon Capture|Industry|Non-Metallic Minerals|Cement,MtCO2/yr,2019,blank cell,zero
ndc_noce,MDA,Carbon Capture|Industry|Non-Metallic Minerals|Cement,MtCO2/yr,2024,blank cell,zero
ndc_noce,MEA,Carbon Capture|Industry|Non-Metallic Minerals|Cement,MtCO2/yr,2019,blank cell,zero
ndc_noce,MEA,Carbon Capture|Industry|Non-Metallic Minerals|Cement,MtCO2/yr,2024,blank cell,zero
ndc_noce,MEX,Carbon Capture|Industry|Non-Metallic Minerals|Cement,MtCO2/yr,2019,absent row,zero
ndc_noce,MEX,Carbon Capture|Industry|Non-Metallic Minerals|Cement,MtCO2/yr,2024,absent row,zero
ndc_noce,MEX,Carbon Capture|Industry|Non-Metallic Minerals|Cement,MtCO2/yr,2030,absent row,zero
ndc_noce,MEX,Carbon Capture|Industry|Non-Metallic Minerals|Cement,MtCO2/yr,2035,absent row,zero
ndc_noce,MEX,Carbon Capture|Industry|Non-Metallic Minerals|Cement,MtCO2/yr,2040,absent row,zero
ndc_noce,MEX,Carbon Capture|Industry|Non-Metallic Minerals|Cement,MtCO2/yr,2050,absent row,zero
ndc_noce,NIG,Carbon Capture|Industry|Non-Metallic Minerals|Cement,MtCO2/yr,2019,blank cell,zero
ndc_noce,NIG,Carbon Capture|Industry|Non-Metallic Minerals|Cement,MtCO2/yr,2024,blank cell,zero
ndc_noce,RUS,Carbon Capture|Industry|Non-Metallic Minerals|Cement,MtCO2/yr,2019,blank cell,zero
ndc_noce,RUS,Carbon Capture|Industry|Non-Metallic Minerals|Cement,MtCO2/yr,2024,blank cell,zero
ndc_noce,SKT,Carbon Capture|Industry|Non-Metallic Minerals|Cement,MtCO2/yr,2019,blank cell,zero
ndc_noce,SKT,Carbon Capture|Industry|Non-Metallic Minerals|Cement,MtCO2/yr,2024,blank cell,zero
ndc_noce,USA,Carbon Capture|Industry|Non-Metallic Minerals|Cement,MtCO2/yr,2019,blank cell,zero
ndc_noce,USA,Carbon Capture|Industry|Non-Metallic Minerals|Cement,MtCO2/yr,2024,blank cell,zero
ndc_noce,AFE,Carbon Capture|Industry|Iron and Steel,MtCO2/yr,2019,absent row,zero
ndc_noce,AFE,Carbon Capture|Industry|Iron and Steel,MtCO2/yr,2024,absent row,zero
ndc_noce,AFE,Carbon Capture|Industry|Iron and Steel,MtCO2/yr,2030,absent row,zero
ndc_noce,AFE,Carbon Capture|Industry|Iron and Steel,MtCO2/yr,2035,absent row,zero
ndc_noce,AFE,Carbon Capture|Industry|Iron and Steel,MtCO2/yr,2040,absent row,zero
ndc_noce,AFE,Carbon Capture|Industry|Iron and Steel,MtCO2/yr,2050,absent row,zero
ndc_noce,AFN,Carbon Capture|Industry|Iron and Steel,MtCO2/yr,2019,blank cell,zero
ndc_noce,AFN,Carbon Capture|Industry|Iron and Steel,MtCO2/yr,2024,blank cell,zero
ndc_noce,AFW,Carbon Capture|Industry|Iron and Steel,MtCO2/yr,2019,absent row,zero
ndc_noce,AFW,Carbon Capture|Industry|Iron and Steel,MtCO2/yr,2024,absent row,zero
ndc_noce,AFW,Carbon Capture|Industry|Iron and Steel,MtCO2/yr,2030,absent row,zero
ndc_noce,AFW,Carbon Capture|Industry|Iron and Steel,MtCO2/yr,2035,absent row,zero
ndc_noce,AFW,Carbon Capture|Industry|Iron and Steel,MtCO2/yr,2040,absent row,zero
ndc_noce,AFW,Carbon Capture|Industry|Iron and Steel,MtCO2/yr,2050,absent row,zero
ndc_noce,AFZ,Carbon Capture|Industry|Iron and Steel,MtCO2/yr,2019,blank cell,zero
ndc_noce,AFZ,Carbon Capture|Industry|Iron and Steel,MtCO2/yr,2024,blank cell,zero
ndc_noce,ANZ,Carbon Capture|Industry|Iron and Steel,MtCO2/yr,2019,blank cell,zero
ndc_noce,ANZ,Carbon Capture|Industry|Iron and Steel,MtCO2/yr,2024,blank cell,zero
ndc_noce,ASC,Carbon Capture|Industry|Iron and Steel,MtCO2/yr,2019,absent row,zero
ndc_noce,ASC,Carbon Capture|Industry|Iron and Steel,MtCO2/yr,2024,absent row,zero
ndc_noce,ASC,Carbon Capture|Industry|Iron and Steel,MtCO2/yr,2030,absent row,zero
ndc_noce,ASC,Carbon Capture|Industry|Iron and Steel,MtCO2/yr,2035,absent row,zero
ndc_noce,ASC,Carbon Capture|Industry|Iron and Steel,MtCO2/yr,2040,absent row,zero
ndc_noce,ASC,Carbon Capture|Industry|Iron and Steel,MtCO2/yr,2050,absent row,zero
ndc_noce,ASE,Carbon Capture|Industry|Iron and Steel,MtCO2/yr,2019,blank cell,zero
ndc_noce,ASE,Carbon Capture|Industry|Iron and Steel,MtCO2/yr,2024,blank cell,zero
ndc_noce,ASO,Carbon Capture|Industry|Iron and Steel,MtCO2/yr,2019,blank cell,zero
ndc_noce,ASO,Carbon Capture|Industry|Iron and Steel,MtCO2/yr,2024,blank cell,zero
ndc_noce,BRA,Carbon Capture|Industry|Iron and Steel,MtCO2/yr,2019,blank cell,zero
ndc_noce,BRA,Carbon Capture|Industry|Iron and Steel,MtCO2/yr,2024,blank cell,zero
ndc_noce,CAN,Carbon Capture|Industry|Iron and Steel,MtCO2/yr,2019,blank cell,zero
ndc_noce,CAN,Carbon Capture|Industry|Iron and Steel,MtCO2/yr,2024,blank cell,zero
ndc_noce,CHL,Carbon Capture|Industry|Iron and Steel,MtCO2/yr,2019,blank cell,zero
ndc_noce,CHL,Carbon Capture|Industry|Iron and Steel,MtCO2/yr,2024,blank cell,zero
ndc_noce,CHN,Carbon Capture|Industry|Iron and Steel,MtCO2/yr,2019,blank cell,zero
ndc_noce,CHN,Carbon Capture|Industry|Iron and Steel,MtCO2/yr,2024,blank cell,zero
ndc_noce,ENE,Carbon Capture|Industry|Iron and Steel,MtCO2/yr,2019,blank cell,zero
ndc_noce,ENE,Carbon Capture|Industry|Iron and Steel,MtCO2/yr,2024,blank cell,zero
ndc_noce,ENW,Carbon Capture|Industry|Iron and Steel,MtCO2/yr,2019,absent row,zero
ndc_noce,ENW,Carbon Capture|Industry|Iron and Steel,MtCO2/yr,2024,absent row,zero
ndc_noce,ENW,Carbon Capture|Industry|Iron and Steel,MtCO2/yr,2030,absent row,zero
ndc_noce,ENW,Carbon Capture|Industry|Iron and Steel,MtCO2/yr,2035,absent row,zero
ndc_noce,ENW,Carbon Capture|Industry|Iron and Steel,MtCO2/yr,2040,absent row,zero
ndc_noce,ENW,Carbon Capture|Industry|Iron and Steel,MtCO2/yr,2050,absent row,zero
ndc_noce,EUE,Carbon Capture|Industry|Iron and Steel,MtCO2/yr,2019,blank cell,zero
ndc_noce,EUE,Carbon Capture|Industry|Iron and Steel,MtCO2/yr,2024,blank cell,zero
ndc_noce,EUM,Carbon Capture|Industry|Iron and Steel,MtCO2/yr,2019,absent row,zero
ndc_noce,EUM,Carbon Capture|Industry|Iron and Steel,MtCO2/yr,2024,absent row,zero
ndc_noce,EUM,Carbon Capture|Industry|Iron and Steel,MtCO2/yr,2030,absent row,zero
ndc_noce,EUM,Carbon Capture|Industry|Iron and Steel,MtCO2/yr,2035,absent row,zero
ndc_noce,EUM,Carbon Capture|Industry|Iron and Steel,MtCO2/yr,2040,absent row,zero
ndc_noce,EUM,Carbon Capture|Industry|Iron and Steel,MtCO2/yr,2050,absent row,zero
ndc_noce,EUW,Carbon Capture|Industry|Iron and Steel,MtCO2/yr,2019,blank cell,zero
ndc_noce,EUW,Carbon Capture|Industry|Iron and Steel,MtCO2/yr,2024,blank cell,zero
ndc_noce,IDN,Carbon Capture|Industry|Iron and Steel,MtCO2/yr,2019,blank cell,zero
ndc_noce,IDN,Carbon Capture|Industry|Iron and Steel,MtCO2/yr,2024,blank cell,zero
ndc_noce,IND,Carbon Capture|Industry|Iron and Steel,MtCO2/yr,2019,blank cell,zero
ndc_noce,IND,Carbon Capture|Industry|Iron and Steel,MtCO2/yr,2024,blank cell,zero
ndc_noce,JPN,Carbon Capture|Industry|Iron and Steel,MtCO2/yr,2019,blank cell,zero
ndc_noce,JPN,Carbon Capture|Industry|Iron and Steel,MtCO2/yr,2024,blank cell,zero
ndc_noce,LAM,Carbon Capture|Industry|Iron and Steel,MtCO2/yr,2019,absent row,zero
ndc_noce,LAM,Carbon Capture|Industry|Iron and Steel,MtCO2/yr,2024,absent row,zero
ndc_noce,LAM,Carbon Capture|Industry|Iron and Steel,MtCO2/yr,2030,absent row,zero
ndc_noce,LAM,Carbon Capture|Industry|Iron and Steel,MtCO2/yr,2035,absent row,zero
ndc_noce,LAM,Carbon Capture|Industry|Iron and Steel,MtCO2/yr,2040,absent row,zero
ndc_noce,LAM,Carbon Capture|Industry|Iron and Steel,MtCO2/yr,2050,absent row,zero
ndc_noce,MDA,Carbon Capture|Industry|Iron and Steel,MtCO2/yr,2019,blank cell,zero
ndc_noce,MDA,Carbon Capture|Industry|Iron and Steel,MtCO2/yr,2024,blank cell,zero
ndc_noce,MEA,Carbon Capture|Industry|Iron and Steel,MtCO2/yr,2019,blank cell,zero
ndc_noce,MEA,Carbon Capture|Industry|Iron and Steel,MtCO2/yr,2024,blank cell,zero
ndc_noce,MEX,Carbon Capture|Industry|Iron and Steel,MtCO2/yr,2019,absent row,zero
ndc_noce,MEX,Carbon Capture|Industry|Iron and Steel,MtCO2/yr,2024,absent row,zero
ndc_noce,MEX,Carbon Capture|Industry|Iron and Steel,MtCO2/yr,2030,absent row,zero
ndc_noce,MEX,Carbon Capture|Industry|Iron and Steel,MtCO2/yr,2035,absent row,zero
ndc_noce,MEX,Carbon Capture|Industry|Iron and Steel,MtCO2/yr,2040,absent row,zero
ndc_noce,MEX,Carbon Capture|Industry|Iron and Steel,MtCO2/yr,2050,absent row,zero
ndc_noce,NIG,Carbon Capture|Industry|Iron and Steel,MtCO2/yr,2019,blank cell,zero
ndc_noce,NIG,Carbon Capture|Industry|Iron and Steel,MtCO2/yr,2024,blank cell,zero
ndc_noce,RUS,Carbon Capture|Industry|Iron and Steel,MtCO2/yr,2019,blank cell,zero
ndc_noce,RUS,Carbon Capture|Industry|Iron and Steel,MtCO2/yr,2024,blank cell,zero
ndc_noce,SKT,Carbon Capture|Industry|Iron and Steel,MtCO2/yr,2019,blank cell,zero
ndc_noce,SKT,Carbon Capture|Industry|Iron and Steel,MtCO2/yr,2024,blank cell,zero
ndc_noce,USA,Carbon Capture|Industry|Iron and Steel,MtCO2/yr,2019,blank cell,zero
ndc_noce,USA,Carbon Capture|Industry|Iron and Steel,MtCO2/yr,2024,blank cell,zero
ndc_noce,AFE,Emissions|GHG|Industry|Non-Ferrous Metals|Aluminum,MtCO2e/yr,2019,blank cell,zero
ndc_noce,AFE,Emissions|GHG|Industry|Non-Ferrous Metals|Aluminum,MtCO2e/yr,2024,blank cell,zero
ndc_noce,ASO,Emissions|GHG|Industry|Non-Ferrous Metals|Aluminum,MtCO2e/yr,2019,blank cell,zero
ndc_noce,ASO,Emissions|GHG|Industry|Non-Ferrous Metals|Aluminum,MtCO2e/yr,2024,blank cell,zero
ndc_noce,CHL,Emissions|GHG|Industry|Non-Ferrous Metals|Aluminum,MtCO2e/yr,2019,blank cell,zero
ndc_noce,CHL,Emissions|GHG|Industry|Non-Ferrous Metals|Aluminum,MtCO2e/yr,2024,blank cell,zero
ndc_noce,NIG,Emissions|GHG|Industry|Non-Ferrous Metals|Aluminum,MtCO2e/yr,2019,blank cell,zero
ndc_noce,NIG,Emissions|GHG|Industry|Non-Ferrous Metals|Aluminum,MtCO2e/yr,2024,blank cell,zero
ndc_noce,AFE,Carbon Capture|Industry|Non-Ferrous Metals|Aluminum,MtCO2/yr,2019,absent row,zero
ndc_noce,AFE,Carbon Capture|Industry|Non-Ferrous Metals|Aluminum,MtCO2/yr,2024,absent row,zero
ndc_noce,AFE,Carbon Capture|Industry|Non-Ferrous Metals|Aluminum,MtCO2/yr,2030,absent row,zero
ndc_noce,AFE,Carbon Capture|Industry|Non-Ferrous Metals|Aluminum,MtCO2/yr,2035,absent row,zero
ndc_noce,AFE,Carbon Capture|Industry|Non-Ferrous Metals|Aluminum,MtCO2/yr,2040,absent row,zero
ndc_noce,AFE,Carbon Capture|Industry|Non-Ferrous Metals|Aluminum,MtCO2/yr,2050,absent row,zero
ndc_noce,AFN,Carbon Capture|Industry|Non-Ferrous Metals|Aluminum,MtCO2/yr,2019,blank cell,zero
ndc_noce,AFN,Carbon Capture|Industry|Non-Ferrous Metals|Aluminum,MtCO2/yr,2024,blank cell,zero
ndc_noce,AFW,Carbon Capture|Industry|Non-Ferrous Metals|Aluminum,MtCO2/yr,2019,absent row,zero
ndc_noce,AFW,Carbon Capture|Industry|Non-Ferrous Metals|Aluminum,MtCO2/yr,2024,absent row,zero
ndc_noce,AFW,Carbon Capture|Industry|Non-Ferrous Metals|Aluminum,MtCO2/yr,2030,absent row,zero
ndc_noce,AFW,Carbon Capture|Industry|Non-Ferrous Metals|Aluminum,MtCO2/yr,2035,absent row,zero
ndc_noce,AFW,Carbon Capture|Industry|Non-Ferrous Metals|Aluminum,MtCO2/yr,2040,absent row,zero
ndc_noce,AFW,Carbon Capture|Industry|Non-Ferrous Metals|Aluminum,MtCO2/yr,2050,absent row,zero
ndc_noce,AFZ,Carbon Capture|Industry|Non-Ferrous Metals|Aluminum,MtCO2/yr,2019,blank cell,zero
ndc_noce,AFZ,Carbon Capture|Industry|Non-Ferrous Metals|Aluminum,MtCO2/yr,2024,blank cell,zero
ndc_noce,ANZ,Carbon Capture|Industry|Non-Ferrous Metals|Aluminum,MtCO2/yr,2019,blank cell,zero
ndc_noce,ANZ,Carbon Capture|Industry|Non-Ferrous Metals|Aluminum,MtCO2/yr,2024,blank cell,zero
ndc_noce,ASC,Carbon Capture|Industry|Non-Ferrous Metals|Aluminum,MtCO2/yr,2019,absent row,zero
ndc_noce,ASC,Carbon Capture|Industry|Non-Ferrous Metals|Aluminum,MtCO2/yr,2024,absent row,zero
ndc_noce,ASC,Carbon Capture|Industry|Non-Ferrous Metals|Aluminum,MtCO2/yr,2030,absent row,zero
ndc_noce,ASC,Carbon Capture|Industry|Non-Ferrous Metals|Aluminum,MtCO2/yr,2035,absent row,zero
ndc_noce,ASC,Carbon Capture|Industry|Non-Ferrous Metals|Aluminum,MtCO2/yr,2040,absent row,zero
ndc_noce,ASC,Carbon Capture|Industry|Non-Ferrous Metals|Aluminum,MtCO2/yr,2050,absent row,zero
ndc_noce,ASE,Carbon Capture|Industry|Non-Ferrous Metals|Aluminum,MtCO2/yr,2019,blank cell,zero
ndc_noce,ASE,Carbon Capture|Industry|Non-Ferrous Metals|Aluminum,MtCO2/yr,2024,blank cell,zero
ndc_noce,ASO,Carbon Capture|Industry|Non-Ferrous Metals|Aluminum,MtCO2/yr,2019,blank cell,zero
ndc_noce,ASO,Carbon Capture|Industry|Non-Ferrous Metals|Aluminum,MtCO2/yr,2024,blank cell,zero
ndc_noce,BRA,Carbon Capture|Industry|Non-Ferrous Metals|Aluminum,MtCO2/yr,2019,blank cell,zero
ndc_noce,BRA,Carbon Capture|Industry|Non-Ferrous Metals|Aluminum,MtCO2/yr,2024,blank cell,zero
ndc_noce,CAN,Carbon Capture|Industry|Non-Ferrous Metals|Aluminum,MtCO2/yr,2019,blank cell,zero
ndc_noce,CAN,Carbon Capture|Industry|Non-Ferrous Metals|Aluminum,MtCO2/yr,2024,blank cell,zero
ndc_noce,CHL,Carbon Capture|Industry|Non-Ferrous Metals|Aluminum,MtCO2/yr,2019,blank cell,zero
ndc_noce,CHL,Carbon Capture|Industry|Non-Ferrous Metals|Aluminum,MtCO2/yr,2024,blank cell,zero
ndc_noce,CHN,Carbon Capture|Industry|Non-Ferrous Metals|Aluminum,MtCO2/yr,2019,blank cell,zero
ndc_noce,CHN,Carbon Capture|Industry|Non-Ferrous Metals|Aluminum,MtCO2/yr,2024,blank cell,zero
ndc_noce,ENE,Carbon Capture|Industry|Non-Ferrous Metals|Aluminum,MtCO2/yr,2019,blank cell,zero
ndc_noce,ENE,Carbon Capture|Industry|Non-Ferrous Metals|Aluminum,MtCO2/yr,2024,blank cell,zero
ndc_noce,ENW,Carbon Capture|Industry|Non-Ferrous Metals|Aluminum,MtCO2/yr,2019,absent row,zero
ndc_noce,ENW,Carbon Capture|Industry|Non-Ferrous Metals|Aluminum,MtCO2/yr,2024,absent row,zero
ndc_noce,ENW,Carbon Capture|Industry|Non-Ferrous Metals|Aluminum,MtCO2/yr,2030,absent row,zero
ndc_noce,ENW,Carbon Capture|Industry|Non-Ferrous Metals|Aluminum,MtCO2/yr,2035,absent row,zero
ndc_noce,ENW,Carbon Capture|Industry|Non-Ferrous Metals|Aluminum,MtCO2/yr,2040,absent row,zero
ndc_noce,ENW,Carbon Capture|Industry|Non-Ferrous Metals|Aluminum,MtCO2/yr,2050,absent row,zero
ndc_noce,EUE,Carbon Capture|Industry|Non-Ferrous Metals|Aluminum,MtCO2/yr,2019,blank cell,zero
ndc_noce,EUE,Carbon Capture|Industry|Non-Ferrous Metals|Aluminum,MtCO2/yr,2024,blank cell,zero
ndc_noce,EUM,Carbon Capture|Industry|Non-Ferrous Metals|Aluminum,MtCO2/yr,2019,absent row,zero
ndc_noce,EUM,Carbon Capture|Industry|Non-Ferrous Metals|Aluminum,MtCO2/yr,2024,absent row,zero
ndc_noce,EUM,Carbon Capture|Industry|Non-Ferrous Metals|Aluminum,MtCO2/yr,2030,absent row,zero
ndc_noce,EUM,Carbon Capture|Industry|Non-Ferrous Metals|Aluminum,MtCO2/yr,2035,absent row,zero
ndc_noce,EUM,Carbon Capture|Industry|Non-Ferrous Metals|Aluminum,MtCO2/yr,2040,absent row,zero
ndc_noce,EUM,Carbon Capture|Industry|Non-Ferrous Metals|Aluminum,MtCO2/yr,2050,absent row,zero
ndc_noce,EUW,Carbon Capture|Industry|Non-Ferrous Metals|Aluminum,MtCO2/yr,2019,blank cell,zero
ndc_noce,EUW,Carbon Capture|Industry|Non-Ferrous Metals|Aluminum,MtCO2/yr,2024,blank cell,zero
ndc_noce,IDN,Carbon Capture|Industry|Non-Ferrous Metals|Aluminum,MtCO2/yr,2019,blank cell,zero
ndc_noce,IDN,Carbon Capture|Industry|Non-Ferrous Metals|Aluminum,MtCO2/yr,2024,blank cell,zero
ndc_noce,IND,Carbon Capture|Industry|Non-Ferrous Metals|Aluminum,MtCO2/yr,2019,blank cell,zero
ndc_noce,IND,Carbon Capture|Industry|Non-Ferrous Metals|Aluminum,MtCO2/yr,2024,blank cell,zero
ndc_noce,JPN,Carbon Capture|Industry|Non-Ferrous Metals|Aluminum,MtCO2/yr,2019,blank cell,zero
ndc_noce,JPN,Carbon Capture|Industry|Non-Ferrous Metals|Aluminum,MtCO2/yr,2024,blank cell,zero
ndc_noce,LAM,Carbon Capture|Industry|Non-Ferrous Metals|Aluminum,MtCO2/yr,2019,absent row,zero
ndc_noce,LAM,Carbon Capture|Industry|Non-Ferrous Metals|Aluminum,MtCO2/yr,2024,absent row,zero
ndc_noce,LAM,Carbon Capture|Industry|Non-Ferrous Metals|Aluminum,MtCO2/yr,2030,absent row,zero
ndc_noce,LAM,Carbon Capture|Industry|Non-Ferrous Metals|Aluminum,MtCO2/yr,2035,absent row,zero
ndc_noce,LAM,Carbon Capture|Industry|Non-Ferrous Metals|Aluminum,MtCO2/yr,2040,absent row,zero
ndc_noce,LAM,Carbon Capture|Industry|Non-Ferrous Metals|Aluminum,MtCO2/yr,2050,absent row,zero
ndc_noce,MDA,Carbon Capture|Industry|Non-Ferrous Metals|Aluminum,MtCO2/yr,2019,blank cell,zero
ndc_noce,MDA,Carbon Capture|Industry|Non-Ferrous Metals|Aluminum,MtCO2/yr,2024,blank cell,zero
ndc_noce,MEA,Carbon Capture|Industry|Non-Ferrous Metals|Aluminum,MtCO2/yr,2019,blank cell,zero
ndc_noce,MEA,Carbon Capture|Industry|Non-Ferrous Metals|Aluminum,MtCO2/yr,2024,blank cell,zero
ndc_noce,MEX,Carbon Capture|Industry|Non-Ferrous Metals|Aluminum,MtCO2/yr,2019,absent row,zero
ndc_noce,MEX,Carbon Capture|Industry|Non-Ferrous Metals|Aluminum,MtCO2/yr,2024,absent row,zero
ndc_noce,MEX,Carbon Capture|Industry|Non-Ferrous Metals|Aluminum,MtCO2/yr,2030,absent row,zero
ndc_noce,MEX,Carbon Capture|Industry|Non-Ferrous Metals|Aluminum,MtCO2/yr,2035,absent row,zero
ndc_noce,MEX,Carbon Capture|Industry|Non-Ferrous Metals|Aluminum,MtCO2/yr,2040,absent row,zero
ndc_noce,MEX,Carbon Capture|Industry|Non-Ferrous Metals|Aluminum,MtCO2/yr,2050,absent row,zero
ndc_noce,NIG,Carbon Capture|Industry|Non-Ferrous Metals|Aluminum,MtCO2/yr,2019,blank cell,zero
ndc_noce,NIG,Carbon Capture|Industry|Non-Ferrous Metals|Aluminum,MtCO2/yr,2024,blank cell,zero
ndc_noce,RUS,Carbon Capture|Industry|Non-Ferrous Metals|Aluminum,MtCO2/yr,2019,blank cell,zero
ndc_noce,RUS,Carbon Capture|Industry|Non-Ferrous Metals|Aluminum,MtCO2/yr,2024,blank cell,zero
ndc_noce,SKT,Carbon Capture|Industry|Non-Ferrous Metals|Aluminum,MtCO2/yr,2019,blank cell,zero
ndc_noce,SKT,Carbon Capture|Industry|Non-Ferrous Metals|Aluminum,MtCO2/yr,2024,blank cell,zero
ndc_noce,USA,Carbon Capture|Industry|Non-Ferrous Metals|Aluminum,MtCO2/yr,2019,blank cell,zero
ndc_noce,USA,Carbon Capture|Industry|Non-Ferrous Metals|Aluminum,MtCO2/yr,2024,blank cell,zero
ndc_medce_eu,ASO,Production|Iron and Steel|Primary,Mt/yr,2030,blank cell,zero
ndc_medce_eu,ASO,Production|Iron and Steel|Primary,Mt/yr,2035,blank cell,zero
ndc_medce_eu,ASO,Production|Iron and Steel|Primary,Mt/yr,2040,blank cell,zero
ndc_medce_eu,NIG,Production|Iron and Steel|Primary,Mt/yr,2030,blank cell,zero
ndc_medce_eu,USA,Production|Iron and Steel|Secondary,Mt/yr,2050,blank cell,zero
ndc_medce_eu,AFE,Production|Non-Ferrous Metals|Aluminum|Primary,Mt/yr,2019,absent row,zero
ndc_medce_eu,AFE,Production|Non-Ferrous Metals|Aluminum|Primary,Mt/yr,2024,absent row,zero
ndc_medce_eu,AFE,Production|Non-Ferrous Metals|Aluminum|Primary,Mt/yr,2030,absent row,zero
ndc_medce_eu,AFE,Production|Non-Ferrous Metals|Aluminum|Primary,Mt/yr,2035,absent row,zero
ndc_medce_eu,AFE,Production|Non-Ferrous Metals|Aluminum|Primary,Mt/yr,2040,absent row,zero
ndc_medce_eu,AFE,Production|Non-Ferrous Metals|Aluminum|Primary,Mt/yr,2050,absent row,zero
ndc_medce_eu,ASO,Production|Non-Ferrous Metals|Aluminum|Primary,Mt/yr,2019,absent row,zero
ndc_medce_eu,ASO,Production|Non-Ferrous Metals|Aluminum|Primary,Mt/yr,2024,absent row,zero
ndc_medce_eu,ASO,Production|Non-Ferrous Metals|Aluminum|Primary,Mt/yr,2030,absent row,zero
ndc_medce_eu,ASO,Production|Non-Ferrous Metals|Aluminum|Primary,Mt/yr,2035,absent row,zero
ndc_medce_eu,ASO,Production|Non-Ferrous Metals|Aluminum|Primary,Mt/yr,2040,absent row,zero
ndc_medce_eu,ASO,Production|Non-Ferrous Metals|Aluminum|Primary,Mt/yr,2050,absent row,zero
ndc_medce_eu,CHL,Production|Non-Ferrous Metals|Aluminum|Primary,Mt/yr,2019,absent row,zero
ndc_medce_eu,CHL,Production|Non-Ferrous Metals|Aluminum|Primary,Mt/yr,2024,absent row,zero
ndc_medce_eu,CHL,Production|Non-Ferrous Metals|Aluminum|Primary,Mt/yr,2030,absent row,zero
ndc_medce_eu,CHL,Production|Non-Ferrous Metals|Aluminum|Primary,Mt/yr,2035,absent row,zero
ndc_medce_eu,CHL,Production|Non-Ferrous Metals|Aluminum|Primary,Mt/yr,2040,absent row,zero
ndc_medce_eu,CHL,Production|Non-Ferrous Metals|Aluminum|Primary,Mt/yr,2050,absent row,zero
ndc_medce_eu,JPN,Production|Non-Ferrous Metals|Aluminum|Primary,Mt/yr,2019,blank cell,zero
ndc_medce_eu,JPN,Production|Non-Ferrous Metals|Aluminum|Primary,Mt/yr,2030,blank cell,zero
ndc_medce_eu,JPN,Production|Non-Ferrous Metals|Aluminum|Primary,Mt/yr,2035,blank cell,zero
ndc_medce_eu,JPN,Production|Non-Ferrous Metals|Aluminum|Primary,Mt/yr,2040,blank cell,zero
ndc_medce_eu,JPN,Production|Non-Ferrous Metals|Aluminum|Primary,Mt/yr,2050,blank cell,zero
ndc_medce_eu,MEX,Production|Non-Ferrous Metals|Aluminum|Primary,Mt/yr,2019,blank cell,zero
ndc_medce_eu,NIG,Production|Non-Ferrous Metals|Aluminum|Primary,Mt/yr,2019,absent row,zero
ndc_medce_eu,NIG,Production|Non-Ferrous Metals|Aluminum|Primary,Mt/yr,2024,absent row,zero
ndc_medce_eu,NIG,Production|Non-Ferrous Metals|Aluminum|Primary,Mt/yr,2030,absent row,zero
ndc_medce_eu,NIG,Production|Non-Ferrous Metals|Aluminum|Primary,Mt/yr,2035,absent row,zero
ndc_medce_eu,NIG,Production|Non-Ferrous Metals|Aluminum|Primary,Mt/yr,2040,absent row,zero
ndc_medce_eu,NIG,Production|Non-Ferrous Metals|Aluminum|Primary,Mt/yr,2050,absent row,zero
ndc_medce_eu,SKT,Production|Non-Ferrous Metals|Aluminum|Primary,Mt/yr,2019,blank cell,zero
ndc_medce_eu,SKT,Production|Non-Ferrous Metals|Aluminum|Primary,Mt/yr,2030,blank cell,zero
ndc_medce_eu,SKT,Production|Non-Ferrous Metals|Aluminum|Primary,Mt/yr,2035,blank cell,zero
ndc_medce_eu,SKT,Production|Non-Ferrous Metals|Aluminum|Primary,Mt/yr,2040,blank cell,zero
ndc_medce_eu,SKT,Production|Non-Ferrous Metals|Aluminum|Primary,Mt/yr,2050,blank cell,zero
ndc_medce_eu,AFE,Production|Non-Ferrous Metals|Aluminum|Secondary,Mt/yr,2019,absent row,zero
ndc_medce_eu,AFE,Production|Non-Ferrous Metals|Aluminum|Secondary,Mt/yr,2024,absent row,zero
ndc_medce_eu,AFE,Production|Non-Ferrous Metals|Aluminum|Secondary,Mt/yr,2030,absent row,zero
ndc_medce_eu,AFE,Production|Non-Ferrous Metals|Aluminum|Secondary,Mt/yr,2035,absent row,zero
ndc_medce_eu,AFE,Production|Non-Ferrous Metals|Aluminum|Secondary,Mt/yr,2040,absent row,zero
ndc_medce_eu,AFE,Production|Non-Ferrous Metals|Aluminum|Secondary,Mt/yr,2050,absent row,zero
ndc_medce_eu,AFN,Production|Non-Ferrous Metals|Aluminum|Secondary,Mt/yr,2050,blank cell,zero
ndc_medce_eu,ANZ,Production|Non-Ferrous Metals|Aluminum|Secondary,Mt/yr,2050,blank cell,zero
ndc_medce_eu,ASC,Production|Non-Ferrous Metals|Aluminum|Secondary,Mt/yr,2050,blank cell,zero
ndc_medce_eu,ASO,Production|Non-Ferrous Metals|Aluminum|Secondary,Mt/yr,2019,absent row,zero
ndc_medce_eu,ASO,Production|Non-Ferrous Metals|Aluminum|Secondary,Mt/yr,2024,absent row,zero
ndc_medce_eu,ASO,Production|Non-Ferrous Metals|Aluminum|Secondary,Mt/yr,2030,absent row,zero
ndc_medce_eu,ASO,Production|Non-Ferrous Metals|Aluminum|Secondary,Mt/yr,2035,absent row,zero
ndc_medce_eu,ASO,Production|Non-Ferrous Metals|Aluminum|Secondary,Mt/yr,2040,absent row,zero
ndc_medce_eu,ASO,Production|Non-Ferrous Metals|Aluminum|Secondary,Mt/yr,2050,absent row,zero
ndc_medce_eu,CAN,Production|Non-Ferrous Metals|Aluminum|Secondary,Mt/yr,2040,blank cell,zero
ndc_medce_eu,CAN,Production|Non-Ferrous Metals|Aluminum|Secondary,Mt/yr,2050,blank cell,zero
ndc_medce_eu,CHL,Production|Non-Ferrous Metals|Aluminum|Secondary,Mt/yr,2019,absent row,zero
ndc_medce_eu,CHL,Production|Non-Ferrous Metals|Aluminum|Secondary,Mt/yr,2024,absent row,zero
ndc_medce_eu,CHL,Production|Non-Ferrous Metals|Aluminum|Secondary,Mt/yr,2030,absent row,zero
ndc_medce_eu,CHL,Production|Non-Ferrous Metals|Aluminum|Secondary,Mt/yr,2035,absent row,zero
ndc_medce_eu,CHL,Production|Non-Ferrous Metals|Aluminum|Secondary,Mt/yr,2040,absent row,zero
ndc_medce_eu,CHL,Production|Non-Ferrous Metals|Aluminum|Secondary,Mt/yr,2050,absent row,zero
ndc_medce_eu,ENW,Production|Non-Ferrous Metals|Aluminum|Secondary,Mt/yr,2050,blank cell,zero
ndc_medce_eu,MEA,Production|Non-Ferrous Metals|Aluminum|Secondary,Mt/yr,2050,blank cell,zero
ndc_medce_eu,NIG,Production|Non-Ferrous Metals|Aluminum|Secondary,Mt/yr,2019,absent row,zero
ndc_medce_eu,NIG,Production|Non-Ferrous Metals|Aluminum|Secondary,Mt/yr,2024,absent row,zero
ndc_medce_eu,NIG,Production|Non-Ferrous Metals|Aluminum|Secondary,Mt/yr,2030,absent row,zero
ndc_medce_eu,NIG,Production|Non-Ferrous Metals|Aluminum|Secondary,Mt/yr,2035,absent row,zero
ndc_medce_eu,NIG,Production|Non-Ferrous Metals|Aluminum|Secondary,Mt/yr,2040,absent row,zero
ndc_medce_eu,NIG,Production|Non-Ferrous Metals|Aluminum|Secondary,Mt/yr,2050,absent row,zero
ndc_medce_eu,AFW,Final Energy|Industry|Non-Metallic Minerals|Cement|Gases,EJ/yr,2019,blank cell,zero
ndc_medce_eu,ASO,Final Energy|Industry|Non-Metallic Minerals|Cement|Gases,EJ/yr,2019,blank cell,zero
ndc_medce_eu,CHN,Final Energy|Industry|Non-Metallic Minerals|Cement|Gases,EJ/yr,2019,blank cell,zero
ndc_medce_eu,IND,Final Energy|Industry|Non-Metallic Minerals|Cement|Gases,EJ/yr,2019,blank cell,zero
ndc_medce_eu,MEA,Final Energy|Industry|Non-Metallic Minerals|Cement|Liquids,EJ/yr,2019,blank cell,zero
ndc_medce_eu,ASO,Final Energy|Industry|Iron and Steel|Gases,EJ/yr,2030,blank cell,zero
ndc_medce_eu,ASO,Final Energy|Industry|Iron and Steel|Gases,EJ/yr,2035,blank cell,zero
ndc_medce_eu,ASO,Final Energy|Industry|Iron and Steel|Gases,EJ/yr,2040,blank cell,zero
ndc_medce_eu,CAN,Final Energy|Industry|Iron and Steel|Gases,EJ/yr,2030,blank cell,zero
ndc_medce_eu,MEX,Final Energy|Industry|Iron and Steel|Gases,EJ/yr,2040,blank cell,zero
ndc_medce_eu,MEX,Final Energy|Industry|Iron and Steel|Gases,EJ/yr,2050,blank cell,zero
ndc_medce_eu,NIG,Final Energy|Industry|Iron and Steel|Gases,EJ/yr,2030,blank cell,zero
ndc_medce_eu,AFE,Final Energy|Industry|Iron and Steel|Hydrogen,EJ/yr,2019,blank cell,zero
ndc_medce_eu,AFE,Final Energy|Industry|Iron and Steel|Hydrogen,EJ/yr,2024,blank cell,zero
ndc_medce_eu,AFN,Final Energy|Industry|Iron and Steel|Hydrogen,EJ/yr,2019,blank cell,zero
ndc_medce_eu,AFN,Final Energy|Industry|Iron and Steel|Hydrogen,EJ/yr,2024,blank cell,zero
ndc_medce_eu,AFN,Final Energy|Industry|Iron and Steel|Hydrogen,EJ/yr,2030,blank cell,zero
ndc_medce_eu,AFW,Final Energy|Industry|Iron and Steel|Hydrogen,EJ/yr,2019,blank cell,zero
ndc_medce_eu,AFW,Final Energy|Industry|Iron and Steel|Hydrogen,EJ/yr,2024,blank cell,zero
ndc_medce_eu,AFW,Final Energy|Industry|Iron and Steel|Hydrogen,EJ/yr,2030,blank cell,zero
ndc_medce_eu,AFZ,Final Energy|Industry|Iron and Steel|Hydrogen,EJ/yr,2019,blank cell,zero
ndc_medce_eu,AFZ,Final Energy|Industry|Iron and Steel|Hydrogen,EJ/yr,2024,blank cell,zero
ndc_medce_eu,AFZ,Final Energy|Industry|Iron and Steel|Hydrogen,EJ/yr,2030,blank cell,zero
ndc_medce_eu,AFZ,Final Energy|Industry|Iron and Steel|Hydrogen,EJ/yr,2035,blank cell,zero
ndc_medce_eu,ANZ,Final Energy|Industry|Iron and Steel|Hydrogen,EJ/yr,2019,blank cell,zero
ndc_medce_eu,ANZ,Final Energy|Industry|Iron and Steel|Hydrogen,EJ/yr,2024,blank cell,zero
ndc_medce_eu,ANZ,Final Energy|Industry|Iron and Steel|Hydrogen,EJ/yr,2030,blank cell,zero
ndc_medce_eu,ASC,Final Energy|Industry|Iron and Steel|Hydrogen,EJ/yr,2019,blank cell,zero
ndc_medce_eu,ASC,Final Energy|Industry|Iron and Steel|Hydrogen,EJ/yr,2024,blank cell,zero
ndc_medce_eu,ASE,Final Energy|Industry|Iron and Steel|Hydrogen,EJ/yr,2019,blank cell,zero
ndc_medce_eu,ASE,Final Energy|Industry|Iron and Steel|Hydrogen,EJ/yr,2024,blank cell,zero
ndc_medce_eu,ASE,Final Energy|Industry|Iron and Steel|Hydrogen,EJ/yr,2030,blank cell,zero
ndc_medce_eu,ASE,Final Energy|Industry|Iron and Steel|Hydrogen,EJ/yr,2035,blank cell,zero
ndc_medce_eu,ASE,Final Energy|Industry|Iron and Steel|Hydrogen,EJ/yr,2040,blank cell,zero
ndc_medce_eu,ASO,Final Energy|Industry|Iron and Steel|Hydrogen,EJ/yr,2019,blank cell,zero
ndc_medce_eu,ASO,Final Energy|Industry|Iron and Steel|Hydrogen,EJ/yr,2024,blank cell,zero
ndc_medce_eu,ASO,Final Energy|Industry|Iron and Steel|Hydrogen,EJ/yr,2030,blank cell,zero
ndc_medce_eu,ASO,Final Energy|Industry|Iron and Steel|Hydrogen,EJ/yr,2035,blank cell,zero
ndc_medce_eu,ASO,Final Energy|Industry|Iron and Steel|Hydrogen,EJ/yr,2040,blank cell,zero
ndc_medce_eu,BRA,Final Energy|Industry|Iron and Steel|Hydrogen,EJ/yr,2019,blank cell,zero
ndc_medce_eu,BRA,Final Energy|Industry|Iron and Steel|Hydrogen,EJ/yr,2024,blank cell,zero
ndc_medce_eu,CAN,Final Energy|Industry|Iron and Steel|Hydrogen,EJ/yr,2019,blank cell,zero
ndc_medce_eu,CAN,Final Energy|Industry|Iron and Steel|Hydrogen,EJ/yr,2024,blank cell,zero
ndc_medce_eu,CHL,Final Energy|Industry|Iron and Steel|Hydrogen,EJ/yr,2019,blank cell,zero
ndc_medce_eu,CHL,Final Energy|Industry|Iron and Steel|Hydrogen,EJ/yr,2024,blank cell,zero
ndc_medce_eu,CHL,Final Energy|Industry|Iron and Steel|Hydrogen,EJ/yr,2030,blank cell,zero
ndc_medce_eu,CHN,Final Energy|Industry|Iron and Steel|Hydrogen,EJ/yr,2019,blank cell,zero
ndc_medce_eu,CHN,Final Energy|Industry|Iron and Steel|Hydrogen,EJ/yr,2024,blank cell,zero
ndc_medce_eu,CHN,Final Energy|Industry|Iron and Steel|Hydrogen,EJ/yr,2030,blank cell,zero
ndc_medce_eu,ENE,Final Energy|Industry|Iron and Steel|Hydrogen,EJ/yr,2019,blank cell,zero
ndc_medce_eu,ENE,Final Energy|Industry|Iron and Steel|Hydrogen,EJ/yr,2024,blank cell,zero
ndc_medce_eu,ENE,Final Energy|Industry|Iron and Steel|Hydrogen,EJ/yr,2030,blank cell,zero
ndc_medce_eu,ENE,Final Energy|Industry|Iron and Steel|Hydrogen,EJ/yr,2035,blank cell,zero
ndc_medce_eu,ENW,Final Energy|Industry|Iron and Steel|Hydrogen,EJ/yr,2019,blank cell,zero
ndc_medce_eu,ENW,Final Energy|Industry|Iron and Steel|Hydrogen,EJ/yr,2024,blank cell,zero
ndc_medce_eu,ENW,Final Energy|Industry|Iron and Steel|Hydrogen,EJ/yr,2030,blank cell,zero
ndc_medce_eu,ENW,Final Energy|Industry|Iron and Steel|Hydrogen,EJ/yr,2035,blank cell,zero
ndc_medce_eu,ENW,Final Energy|Industry|Iron and Steel|Hydrogen,EJ/yr,2040,blank cell,zero
ndc_medce_eu,EUE,Final Energy|Industry|Iron and Steel|Hydrogen,EJ/yr,2019,blank cell,zero
ndc_medce_eu,EUE,Final Energy|Industry|Iron and Steel|Hydrogen,EJ/yr,2024,blank cell,zero
ndc_medce_eu,EUE,Final Energy|Industry|Iron and Steel|Hydrogen,EJ/yr,2030,blank cell,zero
ndc_medce_eu,EUE,Final Energy|Industry|Iron and Steel|Hydrogen,EJ/yr,2035,blank cell,zero
ndc_medce_eu,EUE,Final Energy|Industry|Iron and Steel|Hydrogen,EJ/yr,2040,blank cell,zero
ndc_medce_eu,EUM,Final Energy|Industry|Iron and Steel|Hydrogen,EJ/yr,2019,blank cell,zero
ndc_medce_eu,EUM,Final Energy|Industry|Iron and Steel|Hydrogen,EJ/yr,2024,blank cell,zero
ndc_medce_eu,EUM,Final Energy|Industry|Iron and Steel|Hydrogen,EJ/yr,2030,blank cell,zero
ndc_medce_eu,EUM,Final Energy|Industry|Iron and Steel|Hydrogen,EJ/yr,2035,blank cell,zero
ndc_medce_eu,EUM,Final Energy|Industry|Iron and Steel|Hydrogen,EJ/yr,2040,blank cell,zero
ndc_medce_eu,EUW,Final Energy|Industry|Iron and Steel|Hydrogen,EJ/yr,2019,blank cell,zero
ndc_medce_eu,EUW,Final Energy|Industry|Iron and Steel|Hydrogen,EJ/yr,2024,blank cell,zero
ndc_medce_eu,EUW,Final Energy|Industry|Iron and Steel|Hydrogen,EJ/yr,2030,blank cell,zero
ndc_medce_eu,EUW,Final Energy|Industry|Iron and Steel|Hydrogen,EJ/yr,2035,blank cell,zero
ndc_medce_eu,EUW,Final Energy|Industry|Iron and Steel|Hydrogen,EJ/yr,2040,blank cell,zero
ndc_medce_eu,IDN,Final Energy|Industry|Iron and Steel|Hydrogen,EJ/yr,2019,blank cell,zero
ndc_medce_eu,IDN,Final Energy|Industry|Iron and Steel|Hydrogen,EJ/yr,2024,blank cell,zero
ndc_medce_eu,IDN,Final Energy|Industry|Iron and Steel|Hydrogen,EJ/yr,2030,blank cell,zero
ndc_medce_eu,IND,Final Energy|Industry|Iron and Steel|Hydrogen,EJ/yr,2019,blank cell,zero
ndc_medce_eu,IND,Final Energy|Industry|Iron and Steel|Hydrogen,EJ/yr,2024,blank cell,zero
ndc_medce_eu,JPN,Final Energy|Industry|Iron and Steel|Hydrogen,EJ/yr,2019,blank cell,zero
ndc_medce_eu,JPN,Final Energy|Industry|Iron and Steel|Hydrogen,EJ/yr,2024,blank cell,zero
ndc_medce_eu,LAM,Final Energy|Industry|Iron and Steel|Hydrogen,EJ/yr,2019,blank cell,zero
ndc_medce_eu,LAM,Final Energy|Industry|Iron and Steel|Hydrogen,EJ/yr,2024,blank cell,zero
ndc_medce_eu,LAM,Final Energy|Industry|Iron and Steel|Hydrogen,EJ/yr,2030,blank cell,zero
ndc_medce_eu,MDA,Final Energy|Industry|Iron and Steel|Hydrogen,EJ/yr,2019,blank cell,zero
ndc_medce_eu,MDA,Final Energy|Industry|Iron and Steel|Hydrogen,EJ/yr,2024,blank cell,zero
ndc_medce_eu,MDA,Final Energy|Industry|Iron and Steel|Hydrogen,EJ/yr,2030,blank cell,zero
ndc_medce_eu,MEA,Final Energy|Industry|Iron and Steel|Hydrogen,EJ/yr,2019,blank cell,zero
ndc_medce_eu,MEA,Final Energy|Industry|Iron and Steel|Hydrogen,EJ/yr,2024,blank cell,zero
ndc_medce_eu,MEX,Final Energy|Industry|Iron and Steel|Hydrogen,EJ/yr,2019,blank cell,zero
ndc_medce_eu,MEX,Final Energy|Industry|Iron and Steel|Hydrogen,EJ/yr,2024,blank cell,zero
ndc_medce_eu,NIG,Final Energy|Industry|Iron and Steel|Hydrogen,EJ/yr,2019,blank cell,zero
ndc_medce_eu,NIG,Final Energy|Industry|Iron and Steel|Hydrogen,EJ/yr,2024,blank cell,zero
ndc_medce_eu,NIG,Final Energy|Industry|Iron and Steel|Hydrogen,EJ/yr,2030,blank cell,zero
ndc_medce_eu,NIG,Final Energy|Industry|Iron and Steel|Hydrogen,EJ/yr,2035,blank cell,zero
ndc_medce_eu,RUS,Final Energy|Industry|Iron and Steel|Hydrogen,EJ/yr,2019,blank cell,zero
ndc_medce_eu,RUS,Final Energy|Industry|Iron and Steel|Hydrogen,EJ/yr,2024,blank cell,zero
ndc_medce_eu,SKT,Final Energy|Industry|Iron and Steel|Hydrogen,EJ/yr,2019,blank cell,zero
ndc_medce_eu,SKT,Final Energy|Industry|Iron and Steel|Hydrogen,EJ/yr,2024,blank cell,zero
ndc_medce_eu,USA,Final Energy|Industry|Iron and Steel|Hydrogen,EJ/yr,2019,blank cell,zero
ndc_medce_eu,USA,Final Energy|Industry|Iron and Steel|Hydrogen,EJ/yr,2024,blank cell,zero
ndc_medce_eu,USA,Final Energy|Industry|Iron and Steel|Hydrogen,EJ/yr,2040,blank cell,zero
ndc_medce_eu,USA,Final Energy|Industry|Iron and Steel|Hydrogen,EJ/yr,2050,blank cell,zero
ndc_medce_eu,AFE,Final Energy|Industry|Iron and Steel|Liquids,EJ/yr,2019,absent row,zero
ndc_medce_eu,AFE,Final Energy|Industry|Iron and Steel|Liquids,EJ/yr,2024,absent row,zero
ndc_medce_eu,AFE,Final Energy|Industry|Iron and Steel|Liquids,EJ/yr,2030,absent row,zero
ndc_medce_eu,AFE,Final Energy|Industry|Iron and Steel|Liquids,EJ/yr,2035,absent row,zero
ndc_medce_eu,AFE,Final Energy|Industry|Iron and Steel|Liquids,EJ/yr,2040,absent row,zero
ndc_medce_eu,AFE,Final Energy|Industry|Iron and Steel|Liquids,EJ/yr,2050,absent row,zero
ndc_medce_eu,AFN,Final Energy|Industry|Iron and Steel|Liquids,EJ/yr,2050,blank cell,zero
ndc_medce_eu,AFW,Final Energy|Industry|Iron and Steel|Liquids,EJ/yr,2019,absent row,zero
ndc_medce_eu,AFW,Final Energy|Industry|Iron and Steel|Liquids,EJ/yr,2024,absent row,zero
ndc_medce_eu,AFW,Final Energy|Industry|Iron and Steel|Liquids,EJ/yr,2030,absent row,zero
ndc_medce_eu,AFW,Final Energy|Industry|Iron and Steel|Liquids,EJ/yr,2035,absent row,zero
ndc_medce_eu,AFW,Final Energy|Industry|Iron and Steel|Liquids,EJ/yr,2040,absent row,zero
ndc_medce_eu,AFW,Final Energy|Industry|Iron and Steel|Liquids,EJ/yr,2050,absent row,zero
ndc_medce_eu,AFZ,Final Energy|Industry|Iron and Steel|Liquids,EJ/yr,2030,blank cell,zero
ndc_medce_eu,AFZ,Final Energy|Industry|Iron and Steel|Liquids,EJ/yr,2035,blank cell,zero
ndc_medce_eu,AFZ,Final Energy|Industry|Iron and Steel|Liquids,EJ/yr,2040,blank cell,zero
ndc_medce_eu,AFZ,Final Energy|Industry|Iron and Steel|Liquids,EJ/yr,2050,blank cell,zero
ndc_medce_eu,ANZ,Final Energy|Industry|Iron and Steel|Liquids,EJ/yr,2040,blank cell,zero
ndc_medce_eu,ANZ,Final Energy|Industry|Iron and Steel|Liquids,EJ/yr,2050,blank cell,zero
ndc_medce_eu,ASC,Final Energy|Industry|Iron and Steel|Liquids,EJ/yr,2050,blank cell,zero
ndc_medce_eu,ASE,Final Energy|Industry|Iron and Steel|Liquids,EJ/yr,2030,blank cell,zero
ndc_medce_eu,ASE,Final Energy|Industry|Iron and Steel|Liquids,EJ/yr,2035,blank cell,zero
ndc_medce_eu,ASE,Final Energy|Industry|Iron and Steel|Liquids,EJ/yr,2040,blank cell,zero
ndc_medce_eu,ASE,Final Energy|Industry|Iron and Steel|Liquids,EJ/yr,2050,blank cell,zero
ndc_medce_eu,ASO,Final Energy|Industry|Iron and Steel|Liquids,EJ/yr,2019,absent row,zero
ndc_medce_eu,ASO,Final Energy|Industry|Iron and Steel|Liquids,EJ/yr,2024,absent row,zero
ndc_medce_eu,ASO,Final Energy|Industry|Iron and Steel|Liquids,EJ/yr,2030,absent row,zero
ndc_medce_eu,ASO,Final Energy|Industry|Iron and Steel|Liquids,EJ/yr,2035,absent row,zero
ndc_medce_eu,ASO,Final Energy|Industry|Iron and Steel|Liquids,EJ/yr,2040,absent row,zero
ndc_medce_eu,ASO,Final Energy|Industry|Iron and Steel|Liquids,EJ/yr,2050,absent row,zero
ndc_medce_eu,BRA,Final Energy|Industry|Iron and Steel|Liquids,EJ/yr,2040,blank cell,zero
ndc_medce_eu,BRA,Final Energy|Industry|Iron and Steel|Liquids,EJ/yr,2050,blank cell,zero
ndc_medce_eu,CAN,Final Energy|Industry|Iron and Steel|Liquids,EJ/yr,2030,blank cell,zero
ndc_medce_eu,CAN,Final Energy|Industry|Iron and Steel|Liquids,EJ/yr,2035,blank cell,zero
ndc_medce_eu,CAN,Final Energy|Industry|Iron and Steel|Liquids,EJ/yr,2050,blank cell,zero
ndc_medce_eu,CHL,Final Energy|Industry|Iron and Steel|Liquids,EJ/yr,2050,blank cell,zero
ndc_medce_eu,CHN,Final Energy|Industry|Iron and Steel|Liquids,EJ/yr,2050,blank cell,zero
ndc_medce_eu,ENE,Final Energy|Industry|Iron and Steel|Liquids,EJ/yr,2050,blank cell,zero
ndc_medce_eu,ENW,Final Energy|Industry|Iron and Steel|Liquids,EJ/yr,2050,blank cell,zero
ndc_medce_eu,EUE,Final Energy|Industry|Iron and Steel|Liquids,EJ/yr,2050,blank cell,zero
ndc_medce_eu,EUM,Final Energy|Industry|Iron and Steel|Liquids,EJ/yr,2050,blank cell,zero
ndc_medce_eu,EUW,Final Energy|Industry|Iron and Steel|Liquids,EJ/yr,2050,blank cell,zero
ndc_medce_eu,IDN,Final Energy|Industry|Iron and Steel|Liquids,EJ/yr,2050,blank cell,zero
ndc_medce_eu,IND,Final Energy|Industry|Iron and Steel|Liquids,EJ/yr,2030,blank cell,zero
ndc_medce_eu,IND,Final Energy|Industry|Iron and Steel|Liquids,EJ/yr,2035,blank cell,zero
ndc_medce_eu,IND,Final Energy|Industry|Iron and Steel|Liquids,EJ/yr,2040,blank cell,zero
ndc_medce_eu,IND,Final Energy|Industry|Iron and Steel|Liquids,EJ/yr,2050,blank cell,zero
ndc_medce_eu,JPN,Final Energy|Industry|Iron and Steel|Liquids,EJ/yr,2050,blank cell,zero
ndc_medce_eu,LAM,Final Energy|Industry|Iron and Steel|Liquids,EJ/yr,2050,blank cell,zero
ndc_medce_eu,MDA,Final Energy|Industry|Iron and Steel|Liquids,EJ/yr,2050,blank cell,zero
ndc_medce_eu,MEA,Final Energy|Industry|Iron and Steel|Liquids,EJ/yr,2050,blank cell,zero
ndc_medce_eu,MEX,Final Energy|Industry|Iron and Steel|Liquids,EJ/yr,2040,blank cell,zero
ndc_medce_eu,MEX,Final Energy|Industry|Iron and Steel|Liquids,EJ/yr,2050,blank cell,zero
ndc_medce_eu,NIG,Final Energy|Industry|Iron and Steel|Liquids,EJ/yr,2019,absent row,zero
ndc_medce_eu,NIG,Final Energy|Industry|Iron and Steel|Liquids,EJ/yr,2024,absent row,zero
ndc_medce_eu,NIG,Final Energy|Industry|Iron and Steel|Liquids,EJ/yr,2030,absent row,zero
ndc_medce_eu,NIG,Final Energy|Industry|Iron and Steel|Liquids,EJ/yr,2035,absent row,zero
ndc_medce_eu,NIG,Final Energy|Industry|Iron and Steel|Liquids,EJ/yr,2040,absent row,zero
ndc_medce_eu,NIG,Final Energy|Industry|Iron and Steel|Liquids,EJ/yr,2050,absent row,zero
ndc_medce_eu,RUS,Final Energy|Industry|Iron and Steel|Liquids,EJ/yr,2035,blank cell,zero
ndc_medce_eu,RUS,Final Energy|Industry|Iron and Steel|Liquids,EJ/yr,2040,blank cell,zero
ndc_medce_eu,RUS,Final Energy|Industry|Iron and Steel|Liquids,EJ/yr,2050,blank cell,zero
ndc_medce_eu,SKT,Final Energy|Industry|Iron and Steel|Liquids,EJ/yr,2050,blank cell,zero
ndc_medce_eu,USA,Final Energy|Industry|Iron and Steel|Liquids,EJ/yr,2050,blank cell,zero
ndc_medce_eu,AFE,Final Energy|Industry|Iron and Steel|Solids,EJ/yr,2019,blank cell,zero
ndc_medce_eu,AFW,Final Energy|Industry|Iron and Steel|Solids,EJ/yr,2019,blank cell,zero
ndc_medce_eu,ASO,Final Energy|Industry|Iron and Steel|Solids,EJ/yr,2019,blank cell,zero
ndc_medce_eu,ASO,Final Energy|Industry|Iron and Steel|Solids,EJ/yr,2030,blank cell,zero
ndc_medce_eu,ASO,Final Energy|Industry|Iron and Steel|Solids,EJ/yr,2035,blank cell,zero
ndc_medce_eu,ASO,Final Energy|Industry|Iron and Steel|Solids,EJ/yr,2040,blank cell,zero
ndc_medce_eu,CAN,Final Energy|Industry|Iron and Steel|Solids,EJ/yr,2030,blank cell,zero
ndc_medce_eu,MEX,Final Energy|Industry|Iron and Steel|Solids,EJ/yr,2040,blank cell,zero
ndc_medce_eu,MEX,Final Energy|Industry|Iron and Steel|Solids,EJ/yr,2050,blank cell,zero
ndc_medce_eu,NIG,Final Energy|Industry|Iron and Steel|Solids,EJ/yr,2019,blank cell,zero
ndc_medce_eu,NIG,Final Energy|Industry|Iron and Steel|Solids,EJ/yr,2030,blank cell,zero
ndc_medce_eu,NIG,Final Energy|Industry|Iron and Steel|Solids,EJ/yr,2035,blank cell,zero
ndc_medce_eu,NIG,Final Energy|Industry|Iron and Steel|Solids,EJ/yr,2040,blank cell,zero
ndc_medce_eu,NIG,Final Energy|Industry|Iron and Steel|Solids,EJ/yr,2050,blank cell,zero
ndc_medce_eu,AFE,Final Energy|Industry|Non-Ferrous Metals|Aluminum|Electricity,EJ/yr,2019,absent row,zero
ndc_medce_eu,AFE,Final Energy|Industry|Non-Ferrous Metals|Aluminum|Electricity,EJ/yr,2024,absent row,zero
ndc_medce_eu,AFE,Final Energy|Industry|Non-Ferrous Metals|Aluminum|Electricity,EJ/yr,2030,absent row,zero
ndc_medce_eu,AFE,Final Energy|Industry|Non-Ferrous Metals|Aluminum|Electricity,EJ/yr,2035,absent row,zero
ndc_medce_eu,AFE,Final Energy|Industry|Non-Ferrous Metals|Aluminum|Electricity,EJ/yr,2040,absent row,zero
ndc_medce_eu,AFE,Final Energy|Industry|Non-Ferrous Metals|Aluminum|Electricity,EJ/yr,2050,absent row,zero
ndc_medce_eu,ASO,Final Energy|Industry|Non-Ferrous Metals|Aluminum|Electricity,EJ/yr,2019,absent row,zero
ndc_medce_eu,ASO,Final Energy|Industry|Non-Ferrous Metals|Aluminum|Electricity,EJ/yr,2024,absent row,zero
ndc_medce_eu,ASO,Final Energy|Industry|Non-Ferrous Metals|Aluminum|Electricity,EJ/yr,2030,absent row,zero
ndc_medce_eu,ASO,Final Energy|Industry|Non-Ferrous Metals|Aluminum|Electricity,EJ/yr,2035,absent row,zero
ndc_medce_eu,ASO,Final Energy|Industry|Non-Ferrous Metals|Aluminum|Electricity,EJ/yr,2040,absent row,zero
ndc_medce_eu,ASO,Final Energy|Industry|Non-Ferrous Metals|Aluminum|Electricity,EJ/yr,2050,absent row,zero
ndc_medce_eu,CHL,Final Energy|Industry|Non-Ferrous Metals|Aluminum|Electricity,EJ/yr,2019,absent row,zero
ndc_medce_eu,CHL,Final Energy|Industry|Non-Ferrous Metals|Aluminum|Electricity,EJ/yr,2024,absent row,zero
ndc_medce_eu,CHL,Final Energy|Industry|Non-Ferrous Metals|Aluminum|Electricity,EJ/yr,2030,absent row,zero
ndc_medce_eu,CHL,Final Energy|Industry|Non-Ferrous Metals|Aluminum|Electricity,EJ/yr,2035,absent row,zero
ndc_medce_eu,CHL,Final Energy|Industry|Non-Ferrous Metals|Aluminum|Electricity,EJ/yr,2040,absent row,zero
ndc_medce_eu,CHL,Final Energy|Industry|Non-Ferrous Metals|Aluminum|Electricity,EJ/yr,2050,absent row,zero
ndc_medce_eu,NIG,Final Energy|Industry|Non-Ferrous Metals|Aluminum|Electricity,EJ/yr,2019,absent row,zero
ndc_medce_eu,NIG,Final Energy|Industry|Non-Ferrous Metals|Aluminum|Electricity,EJ/yr,2024,absent row,zero
ndc_medce_eu,NIG,Final Energy|Industry|Non-Ferrous Metals|Aluminum|Electricity,EJ/yr,2030,absent row,zero
ndc_medce_eu,NIG,Final Energy|Industry|Non-Ferrous Metals|Aluminum|Electricity,EJ/yr,2035,absent row,zero
ndc_medce_eu,NIG,Final Energy|Industry|Non-Ferrous Metals|Aluminum|Electricity,EJ/yr,2040,absent row,zero
ndc_medce_eu,NIG,Final Energy|Industry|Non-Ferrous Metals|Aluminum|Electricity,EJ/yr,2050,absent row,zero
ndc_medce_eu,AFE,Final Energy|Industry|Non-Ferrous Metals|Aluminum|Gases,EJ/yr,2019,absent row,zero
ndc_medce_eu,AFE,Final Energy|Industry|Non-Ferrous Metals|Aluminum|Gases,EJ/yr,2024,absent row,zero
ndc_medce_eu,AFE,Final Energy|Industry|Non-Ferrous Metals|Aluminum|Gases,EJ/yr,2030,absent row,zero
ndc_medce_eu,AFE,Final Energy|Industry|Non-Ferrous Metals|Aluminum|Gases,EJ/yr,2035,absent row,zero
ndc_medce_eu,AFE,Final Energy|Industry|Non-Ferrous Metals|Aluminum|Gases,EJ/yr,2040,absent row,zero
ndc_medce_eu,AFE,Final Energy|Industry|Non-Ferrous Metals|Aluminum|Gases,EJ/yr,2050,absent row,zero
ndc_medce_eu,ANZ,Final Energy|Industry|Non-Ferrous Metals|Aluminum|Gases,EJ/yr,2050,blank cell,zero
ndc_medce_eu,ASO,Final Energy|Industry|Non-Ferrous Metals|Aluminum|Gases,EJ/yr,2019,absent row,zero
ndc_medce_eu,ASO,Final Energy|Industry|Non-Ferrous Metals|Aluminum|Gases,EJ/yr,2024,absent row,zero
ndc_medce_eu,ASO,Final Energy|Industry|Non-Ferrous Metals|Aluminum|Gases,EJ/yr,2030,absent row,zero
ndc_medce_eu,ASO,Final Energy|Industry|Non-Ferrous Metals|Aluminum|Gases,EJ/yr,2035,absent row,zero
ndc_medce_eu,ASO,Final Energy|Industry|Non-Ferrous Metals|Aluminum|Gases,EJ/yr,2040,absent row,zero
ndc_medce_eu,ASO,Final Energy|Industry|Non-Ferrous Metals|Aluminum|Gases,EJ/yr,2050,absent row,zero
ndc_medce_eu,CHL,Final Energy|Industry|Non-Ferrous Metals|Aluminum|Gases,EJ/yr,2019,absent row,zero
ndc_medce_eu,CHL,Final Energy|Industry|Non-Ferrous Metals|Aluminum|Gases,EJ/yr,2024,absent row,zero
ndc_medce_eu,CHL,Final Energy|Industry|Non-Ferrous Metals|Aluminum|Gases,EJ/yr,2030,absent row,zero
ndc_medce_eu,CHL,Final Energy|Industry|Non-Ferrous Metals|Aluminum|Gases,EJ/yr,2035,absent row,zero
ndc_medce_eu,CHL,Final Energy|Industry|Non-Ferrous Metals|Aluminum|Gases,EJ/yr,2040,absent row,zero
ndc_medce_eu,CHL,Final Energy|Industry|Non-Ferrous Metals|Aluminum|Gases,EJ/yr,2050,absent row,zero
ndc_medce_eu,ENW,Final Energy|Industry|Non-Ferrous Metals|Aluminum|Gases,EJ/yr,2050,blank cell,zero
ndc_medce_eu,NIG,Final Energy|Industry|Non-Ferrous Metals|Aluminum|Gases,EJ/yr,2019,absent row,zero
ndc_medce_eu,NIG,Final Energy|Industry|Non-Ferrous Metals|Aluminum|Gases,EJ/yr,2024,absent row,zero
ndc_medce_eu,NIG,Final Energy|Industry|Non-Ferrous Metals|Aluminum|Gases,EJ/yr,2030,absent row,zero
ndc_medce_eu,NIG,Final Energy|Industry|Non-Ferrous Metals|Aluminum|Gases,EJ/yr,2035,absent row,zero
ndc_medce_eu,NIG,Final Energy|Industry|Non-Ferrous Metals|Aluminum|Gases,EJ/yr,2040,absent row,zero
ndc_medce_eu,NIG,Final Energy|Industry|Non-Ferrous Metals|Aluminum|Gases,EJ/yr,2050,absent row,zero
ndc_medce_eu,USA,Final Energy|Industry|Non-Ferrous Metals|Aluminum|Gases,EJ/yr,2050,blank cell,zero
ndc_medce_eu,AFE,Final Energy|Industry|Non-Ferrous Metals|Aluminum|Hydrogen,EJ/yr,2019,absent row,zero
ndc_medce_eu,AFE,Final Energy|Industry|Non-Ferrous Metals|Aluminum|Hydrogen,EJ/yr,2024,absent row,zero
ndc_medce_eu,AFE,Final Energy|Industry|Non-Ferrous Metals|Aluminum|Hydrogen,EJ/yr,2030,absent row,zero
ndc_medce_eu,AFE,Final Energy|Industry|Non-Ferrous Metals|Aluminum|Hydrogen,EJ/yr,2035,absent row,zero
ndc_medce_eu,AFE,Final Energy|Industry|Non-Ferrous Metals|Aluminum|Hydrogen,EJ/yr,2040,absent row,zero
ndc_medce_eu,AFE,Final Energy|Industry|Non-Ferrous Metals|Aluminum|Hydrogen,EJ/yr,2050,absent row,zero
ndc_medce_eu,AFN,Final Energy|Industry|Non-Ferrous Metals|Aluminum|Hydrogen,EJ/yr,2019,blank cell,zero
ndc_medce_eu,AFN,Final Energy|Industry|Non-Ferrous Metals|Aluminum|Hydrogen,EJ/yr,2024,blank cell,zero
ndc_medce_eu,AFW,Final Energy|Industry|Non-Ferrous Metals|Aluminum|Hydrogen,EJ/yr,2019,blank cell,zero
ndc_medce_eu,AFW,Final Energy|Industry|Non-Ferrous Metals|Aluminum|Hydrogen,EJ/yr,2024,blank cell,zero
ndc_medce_eu,AFW,Final Energy|Industry|Non-Ferrous Metals|Aluminum|Hydrogen,EJ/yr,2030,blank cell,zero
ndc_medce_eu,AFZ,Final Energy|Industry|Non-Ferrous Metals|Aluminum|Hydrogen,EJ/yr,2019,blank cell,zero
ndc_medce_eu,AFZ,Final Energy|Industry|Non-Ferrous Metals|Aluminum|Hydrogen,EJ/yr,2024,blank cell,zero
ndc_medce_eu,AFZ,Final Energy|Industry|Non-Ferrous Metals|Aluminum|Hydrogen,EJ/yr,2030,blank cell,zero
ndc_medce_eu,ANZ,Final Energy|Industry|Non-Ferrous Metals|Aluminum|Hydrogen,EJ/yr,2019,blank cell,zero
ndc_medce_eu,ANZ,Final Energy|Industry|Non-Ferrous Metals|Aluminum|Hydrogen,EJ/yr,2024,blank cell,zero
ndc_medce_eu,ANZ,Final Energy|Industry|Non-Ferrous Metals|Aluminum|Hydrogen,EJ/yr,2030,blank cell,zero
ndc_medce_eu,ASC,Final Energy|Industry|Non-Ferrous Metals|Aluminum|Hydrogen,EJ/yr,2019,blank cell,zero
ndc_medce_eu,ASC,Final Energy|Industry|Non-Ferrous Metals|Aluminum|Hydrogen,EJ/yr,2024,blank cell,zero
ndc_medce_eu,ASE,Final Energy|Industry|Non-Ferrous Metals|Aluminum|Hydrogen,EJ/yr,2019,blank cell,zero
ndc_medce_eu,ASE,Final Energy|Industry|Non-Ferrous Metals|Aluminum|Hydrogen,EJ/yr,2024,blank cell,zero
ndc_medce_eu,ASO,Final Energy|Industry|Non-Ferrous Metals|Aluminum|Hydrogen,EJ/yr,2019,absent row,zero
ndc_medce_eu,ASO,Final Energy|Industry|Non-Ferrous Metals|Aluminum|Hydrogen,EJ/yr,2024,absent row,zero
ndc_medce_eu,ASO,Final Energy|Industry|Non-Ferrous Metals|Aluminum|Hydrogen,EJ/yr,2030,absent row,zero
ndc_medce_eu,ASO,Final Energy|Industry|Non-Ferrous Metals|Aluminum|Hydrogen,EJ/yr,2035,absent row,zero
ndc_medce_eu,ASO,Final Energy|Industry|Non-Ferrous Metals|Aluminum|Hydrogen,EJ/yr,2040,absent row,zero
ndc_medce_eu,ASO,Final Energy|Industry|Non-Ferrous Metals|Aluminum|Hydrogen,EJ/yr,2050,absent row,zero
ndc_medce_eu,BRA,Final Energy|Industry|Non-Ferrous Metals|Aluminum|Hydrogen,EJ/yr,2019,blank cell,zero
ndc_medce_eu,BRA,Final Energy|Industry|Non-Ferrous Metals|Aluminum|Hydrogen,EJ/yr,2024,blank cell,zero
ndc_medce_eu,CAN,Final Energy|Industry|Non-Ferrous Metals|Aluminum|Hydrogen,EJ/yr,2019,blank cell,zero
ndc_medce_eu,CAN,Final Energy|Industry|Non-Ferrous Metals|Aluminum|Hydrogen,EJ/yr,2024,blank cell,zero
ndc_medce_eu,CHL,Final Energy|Industry|Non-Ferrous Metals|Aluminum|Hydrogen,EJ/yr,2019,absent row,zero
ndc_medce_eu,CHL,Final Energy|Industry|Non-Ferrous Metals|Aluminum|Hydrogen,EJ/yr,2024,absent row,zero
ndc_medce_eu,CHL,Final Energy|Industry|Non-Ferrous Metals|Aluminum|Hydrogen,EJ/yr,2030,absent row,zero
ndc_medce_eu,CHL,Final Energy|Industry|Non-Ferrous Metals|Aluminum|Hydrogen,EJ/yr,2035,absent row,zero
ndc_medce_eu,CHL,Final Energy|Industry|Non-Ferrous Metals|Aluminum|Hydrogen,EJ/yr,2040,absent row,zero
ndc_medce_eu,CHL,Final Energy|Industry|Non-Ferrous Metals|Aluminum|Hydrogen,EJ/yr,2050,absent row,zero
ndc_medce_eu,CHN,Final Energy|Industry|Non-Ferrous Metals|Aluminum|Hydrogen,EJ/yr,2019,blank cell,zero
ndc_medce_eu,CHN,Final Energy|Industry|Non-Ferrous Metals|Aluminum|Hydrogen,EJ/yr,2024,blank cell,zero
ndc_medce_eu,CHN,Final Energy|Industry|Non-Ferrous Metals|Aluminum|Hydrogen,EJ/yr,2030,blank cell,zero
ndc_medce_eu,ENE,Final Energy|Industry|Non-Ferrous Metals|Aluminum|Hydrogen,EJ/yr,2019,blank cell,zero
ndc_medce_eu,ENE,Final Energy|Industry|Non-Ferrous Metals|Aluminum|Hydrogen,EJ/yr,2024,blank cell,zero
ndc_medce_eu,ENW,Final Energy|Industry|Non-Ferrous Metals|Aluminum|Hydrogen,EJ/yr,2019,blank cell,zero
ndc_medce_eu,ENW,Final Energy|Industry|Non-Ferrous Metals|Aluminum|Hydrogen,EJ/yr,2024,blank cell,zero
ndc_medce_eu,ENW,Final Energy|Industry|Non-Ferrous Metals|Aluminum|Hydrogen,EJ/yr,2050,blank cell,zero
ndc_medce_eu,EUE,Final Energy|Industry|Non-Ferrous Metals|Aluminum|Hydrogen,EJ/yr,2019,blank cell,zero
ndc_medce_eu,EUE,Final Energy|Industry|Non-Ferrous Metals|Aluminum|Hydrogen,EJ/yr,2024,blank cell,zero
ndc_medce_eu,EUM,Final Energy|Industry|Non-Ferrous Metals|Aluminum|Hydrogen,EJ/yr,2019,blank cell,zero
ndc_medce_eu,EUM,Final Energy|Industry|Non-Ferrous Metals|Aluminum|Hydrogen,EJ/yr,2024,blank cell,zero
ndc_medce_eu,EUW,Final Energy|Industry|Non-Ferrous Metals|Aluminum|Hydrogen,EJ/yr,2019,blank cell,zero
ndc_medce_eu,EUW,Final Energy|Industry|Non-Ferrous Metals|Aluminum|Hydrogen,EJ/yr,2024,blank cell,zero
ndc_medce_eu,IDN,Final Energy|Industry|Non-Ferrous Metals|Aluminum|Hydrogen,EJ/yr,2019,blank cell,zero
ndc_medce_eu,IDN,Final Energy|Industry|Non-Ferrous Metals|Aluminum|Hydrogen,EJ/yr,2024,blank cell,zero
ndc_medce_eu,IND,Final Energy|Industry|Non-Ferrous Metals|Aluminum|Hydrogen,EJ/yr,2019,blank cell,zero
ndc_medce_eu,IND,Final Energy|Industry|Non-Ferrous Metals|Aluminum|Hydrogen,EJ/yr,2024,blank cell,zero
ndc_medce_eu,JPN,Final Energy|Industry|Non-Ferrous Metals|Aluminum|Hydrogen,EJ/yr,2019,blank cell,zero
ndc_medce_eu,JPN,Final Energy|Industry|Non-Ferrous Metals|Aluminum|Hydrogen,EJ/yr,2024,blank cell,zero
ndc_medce_eu,JPN,Final Energy|Industry|Non-Ferrous Metals|Aluminum|Hydrogen,EJ/yr,2030,blank cell,zero
ndc_medce_eu,LAM,Final Energy|Industry|Non-Ferrous Metals|Aluminum|Hydrogen,EJ/yr,2019,blank cell,zero
ndc_medce_eu,LAM,Final Energy|Industry|Non-Ferrous Metals|Aluminum|Hydrogen,EJ/yr,2024,blank cell,zero
ndc_medce_eu,MDA,Final Energy|Industry|Non-Ferrous Metals|Aluminum|Hydrogen,EJ/yr,2019,blank cell,zero
ndc_medce_eu,MDA,Final Energy|Industry|Non-Ferrous Metals|Aluminum|Hydrogen,EJ/yr,2024,blank cell,zero
ndc_medce_eu,MEA,Final Energy|Industry|Non-Ferrous Metals|Aluminum|Hydrogen,EJ/yr,2019,blank cell,zero
ndc_medce_eu,MEA,Final Energy|Industry|Non-Ferrous Metals|Aluminum|Hydrogen,EJ/yr,2024,blank cell,zero
ndc_medce_eu,MEX,Final Energy|Industry|Non-Ferrous Metals|Aluminum|Hydrogen,EJ/yr,2019,blank cell,zero
ndc_medce_eu,MEX,Final Energy|Industry|Non-Ferrous Metals|Aluminum|Hydrogen,EJ/yr,2024,blank cell,zero
ndc_medce_eu,NIG,Final Energy|Industry|Non-Ferrous Metals|Aluminum|Hydrogen,EJ/yr,2019,absent row,zero
ndc_medce_eu,NIG,Final Energy|Industry|Non-Ferrous Metals|Aluminum|Hydrogen,EJ/yr,2024,absent row,zero
ndc_medce_eu,NIG,Final Energy|Industry|Non-Ferrous Metals|Aluminum|Hydrogen,EJ/yr,2030,absent row,zero
ndc_medce_eu,NIG,Final Energy|Industry|Non-Ferrous Metals|Aluminum|Hydrogen,EJ/yr,2035,absent row,zero
ndc_medce_eu,NIG,Final Energy|Industry|Non-Ferrous Metals|Aluminum|Hydrogen,EJ/yr,2040,absent row,zero
ndc_medce_eu,NIG,Final Energy|Industry|Non-Ferrous Metals|Aluminum|Hydrogen,EJ/yr,2050,absent row,zero
ndc_medce_eu,RUS,Final Energy|Industry|Non-Ferrous Metals|Aluminum|Hydrogen,EJ/yr,2019,blank cell,zero
ndc_medce_eu,RUS,Final Energy|Industry|Non-Ferrous Metals|Aluminum|Hydrogen,EJ/yr,2024,blank cell,zero
ndc_medce_eu,SKT,Final Energy|Industry|Non-Ferrous Metals|Aluminum|Hydrogen,EJ/yr,2019,blank cell,zero
ndc_medce_eu,SKT,Final Energy|Industry|Non-Ferrous Metals|Aluminum|Hydrogen,EJ/yr,2024,blank cell,zero
ndc_medce_eu,SKT,Final Energy|Industry|Non-Ferrous Metals|Aluminum|Hydrogen,EJ/yr,2030,blank cell,zero
ndc_medce_eu,USA,Final Energy|Industry|Non-Ferrous Metals|Aluminum|Hydrogen,EJ/yr,2019,blank cell,zero
ndc_medce_eu,USA,Final Energy|Industry|Non-Ferrous Metals|Aluminum|Hydrogen,EJ/yr,2024,blank cell,zero
ndc_medce_eu,AFE,Final Energy|Industry|Non-Ferrous Metals|Aluminum|Liquids,EJ/yr,2019,absent row,zero
ndc_medce_eu,AFE,Final Energy|Industry|Non-Ferrous Metals|Aluminum|Liquids,EJ/yr,2024,absent row,zero
ndc_medce_eu,AFE,Final Energy|Industry|Non-Ferrous Metals|Aluminum|Liquids,EJ/yr,2030,absent row,zero
ndc_medce_eu,AFE,Final Energy|Industry|Non-Ferrous Metals|Aluminum|Liquids,EJ/yr,2035,absent row,zero
ndc_medce_eu,AFE,Final Energy|Industry|Non-Ferrous Metals|Aluminum|Liquids,EJ/yr,2040,absent row,zero
ndc_medce_eu,AFE,Final Energy|Industry|Non-Ferrous Metals|Aluminum|Liquids,EJ/yr,2050,absent row,zero
ndc_medce_eu,AFN,Final Energy|Industry|Non-Ferrous Metals|Aluminum|Liquids,EJ/yr,2019,absent row,zero
ndc_medce_eu,AFN,Final Energy|Industry|Non-Ferrous Metals|Aluminum|Liquids,EJ/yr,2024,absent row,zero
ndc_medce_eu,AFN,Final Energy|Industry|Non-Ferrous Metals|Aluminum|Liquids,EJ/yr,2030,absent row,zero
ndc_medce_eu,AFN,Final Energy|Industry|Non-Ferrous Metals|Aluminum|Liquids,EJ/yr,2035,absent row,zero
ndc_medce_eu,AFN,Final Energy|Industry|Non-Ferrous Metals|Aluminum|Liquids,EJ/yr,2040,absent row,zero
ndc_medce_eu,AFN,Final Energy|Industry|Non-Ferrous Metals|Aluminum|Liquids,EJ/yr,2050,absent row,zero
ndc_medce_eu,AFW,Final Energy|Industry|Non-Ferrous Metals|Aluminum|Liquids,EJ/yr,2050,blank cell,zero
ndc_medce_eu,AFZ,Final Energy|Industry|Non-Ferrous Metals|Aluminum|Liquids,EJ/yr,2050,blank cell,zero
ndc_medce_eu,ANZ,Final Energy|Industry|Non-Ferrous Metals|Aluminum|Liquids,EJ/yr,2019,absent row,zero
ndc_medce_eu,ANZ,Final Energy|Industry|Non-Ferrous Metals|Aluminum|Liquids,EJ/yr,2024,absent row,zero
ndc_medce_eu,ANZ,Final Energy|Industry|Non-Ferrous Metals|Aluminum|Liquids,EJ/yr,2030,absent row,zero
ndc_medce_eu,ANZ,Final Energy|Industry|Non-Ferrous Metals|Aluminum|Liquids,EJ/yr,2035,absent row,zero
ndc_medce_eu,ANZ,Final Energy|Industry|Non-Ferrous Metals|Aluminum|Liquids,EJ/yr,2040,absent row,zero
ndc_medce_eu,ANZ,Final Energy|Industry|Non-Ferrous Metals|Aluminum|Liquids,EJ/yr,2050,absent row,zero
ndc_medce_eu,ASC,Final Energy|Industry|Non-Ferrous Metals|Aluminum|Liquids,EJ/yr,2050,blank cell,zero
ndc_medce_eu,ASE,Final Energy|Industry|Non-Ferrous Metals|Aluminum|Liquids,EJ/yr,2050,blank cell,zero
ndc_medce_eu,ASO,Final Energy|Industry|Non-Ferrous Metals|Aluminum|Liquids,EJ/yr,2019,absent row,zero
ndc_medce_eu,ASO,Final Energy|Industry|Non-Ferrous Metals|Aluminum|Liquids,EJ/yr,2024,absent row,zero
ndc_medce_eu,ASO,Final Energy|Industry|Non-Ferrous Metals|Aluminum|Liquids,EJ/yr,2030,absent row,zero
ndc_medce_eu,ASO,Final Energy|Industry|Non-Ferrous Metals|Aluminum|Liquids,EJ/yr,2035,absent row,zero
ndc_medce_eu,ASO,Final Energy|Industry|Non-Ferrous Metals|Aluminum|Liquids,EJ/yr,2040,absent row,zero
ndc_medce_eu,ASO,Final Energy|Industry|Non-Ferrous Metals|Aluminum|Liquids,EJ/yr,2050,absent row,zero
ndc_medce_eu,BRA,Final Energy|Industry|Non-Ferrous Metals|Aluminum|Liquids,EJ/yr,2040,blank cell,zero
ndc_medce_eu,BRA,Final Energy|Industry|Non-Ferrous Metals|Aluminum|Liquids,EJ/yr,2050,blank cell,zero
ndc_medce_eu,CAN,Final Energy|Industry|Non-Ferrous Metals|Aluminum|Liquids,EJ/yr,2019,absent row,zero
ndc_medce_eu,CAN,Final Energy|Industry|Non-Ferrous Metals|Aluminum|Liquids,EJ/yr,2024,absent row,zero
ndc_medce_eu,CAN,Final Energy|Industry|Non-Ferrous Metals|Aluminum|Liquids,EJ/yr,2030,absent row,zero
ndc_medce_eu,CAN,Final Energy|Industry|Non-Ferrous Metals|Aluminum|Liquids,EJ/yr,2035,absent row,zero
ndc_medce_eu,CAN,Final Energy|Industry|Non-Ferrous Metals|Aluminum|Liquids,EJ/yr,2040,absent row,zero
ndc_medce_eu,CAN,Final Energy|Industry|Non-Ferrous Metals|Aluminum|Liquids,EJ/yr,2050,absent row,zero
ndc_medce_eu,CHL,Final Energy|Industry|Non-Ferrous Metals|Aluminum|Liquids,EJ/yr,2019,absent row,zero
ndc_medce_eu,CHL,Final Energy|Industry|Non-Ferrous Metals|Aluminum|Liquids,EJ/yr,2024,absent row,zero
ndc_medce_eu,CHL,Final Energy|Industry|Non-Ferrous Metals|Aluminum|Liquids,EJ/yr,2030,absent row,zero
ndc_medce_eu,CHL,Final Energy|Industry|Non-Ferrous Metals|Aluminum|Liquids,EJ/yr,2035,absent row,zero
ndc_medce_eu,CHL,Final Energy|Industry|Non-Ferrous Metals|Aluminum|Liquids,EJ/yr,2040,absent row,zero
ndc_medce_eu,CHL,Final Energy|Industry|Non-Ferrous Metals|Aluminum|Liquids,EJ/yr,2050,absent row,zero
ndc_medce_eu,CHN,Final Energy|Industry|Non-Ferrous Metals|Aluminum|Liquids,EJ/yr,2050,blank cell,zero
ndc_medce_eu,ENE,Final Energy|Industry|Non-Ferrous Metals|Aluminum|Liquids,EJ/yr,2019,absent row,zero
ndc_medce_eu,ENE,Final Energy|Industry|Non-Ferrous Metals|Aluminum|Liquids,EJ/yr,2024,absent row,zero
ndc_medce_eu,ENE,Final Energy|Industry|Non-Ferrous Metals|Aluminum|Liquids,EJ/yr,2030,absent row,zero
ndc_medce_eu,ENE,Final Energy|Industry|Non-Ferrous Metals|Aluminum|Liquids,EJ/yr,2035,absent row,zero
ndc_medce_eu,ENE,Final Energy|Industry|Non-Ferrous Metals|Aluminum|Liquids,EJ/yr,2040,absent row,zero
ndc_medce_eu,ENE,Final Energy|Industry|Non-Ferrous Metals|Aluminum|Liquids,EJ/yr,2050,absent row,zero
ndc_medce_eu,ENW,Final Energy|Industry|Non-Ferrous Metals|Aluminum|Liquids,EJ/yr,2019,absent row,zero
ndc_medce_eu,ENW,Final Energy|Industry|Non-Ferrous Metals|Aluminum|Liquids,EJ/yr,2024,absent row,zero
ndc_medce_eu,ENW,Final Energy|Industry|Non-Ferrous Metals|Aluminum|Liquids,EJ/yr,2030,absent row,zero
ndc_medce_eu,ENW,Final Energy|Industry|Non-Ferrous Metals|Aluminum|Liquids,EJ/yr,2035,absent row,zero
ndc_medce_eu,ENW,Final Energy|Industry|Non-Ferrous Metals|Aluminum|Liquids,EJ/yr,2040,absent row,zero
ndc_medce_eu,ENW,Final Energy|Industry|Non-Ferrous Metals|Aluminum|Liquids,EJ/yr,2050,absent row,zero
ndc_medce_eu,EUE,Final Energy|Industry|Non-Ferrous Metals|Aluminum|Liquids,EJ/yr,2019,absent row,zero
ndc_medce_eu,EUE,Final Energy|Industry|Non-Ferrous Metals|Aluminum|Liquids,EJ/yr,2024,absent row,zero
ndc_medce_eu,EUE,Final Energy|Industry|Non-Ferrous Metals|Aluminum|Liquids,EJ/yr,2030,absent row,zero
ndc_medce_eu,EUE,Final Energy|Industry|Non-Ferrous Metals|Aluminum|Liquids,EJ/yr,2035,absent row,zero
ndc_medce_eu,EUE,Final Energy|Industry|Non-Ferrous Metals|Aluminum|Liquids,EJ/yr,2040,absent row,zero
ndc_medce_eu,EUE,Final Energy|Industry|Non-Ferrous Metals|Aluminum|Liquids,EJ/yr,2050,absent row,zero
ndc_medce_eu,EUM,Final Energy|Industry|Non-Ferrous Metals|Aluminum|Liquids,EJ/yr,2019,absent row,zero
ndc_medce_eu,EUM,Final Energy|Industry|Non-Ferrous Metals|Aluminum|Liquids,EJ/yr,2024,absent row,zero
ndc_medce_eu,EUM,Final Energy|Industry|Non-Ferrous Metals|Aluminum|Liquids,EJ/yr,2030,absent row,zero
ndc_medce_eu,EUM,Final Energy|Industry|Non-Ferrous Metals|Aluminum|Liquids,EJ/yr,2035,absent row,zero
ndc_medce_eu,EUM,Final Energy|Industry|Non-Ferrous Metals|Aluminum|Liquids,EJ/yr,2040,absent row,zero
ndc_medce_eu,EUM,Final Energy|Industry|Non-Ferrous Metals|Aluminum|Liquids,EJ/yr,2050,absent row,zero
ndc_medce_eu,EUW,Final Energy|Industry|Non-Ferrous Metals|Aluminum|Liquids,EJ/yr,2019,absent row,zero
ndc_medce_eu,EUW,Final Energy|Industry|Non-Ferrous Metals|Aluminum|Liquids,EJ/yr,2024,absent row,zero
ndc_medce_eu,EUW,Final Energy|Industry|Non-Ferrous Metals|Aluminum|Liquids,EJ/yr,2030,absent row,zero
ndc_medce_eu,EUW,Final Energy|Industry|Non-Ferrous Metals|Aluminum|Liquids,EJ/yr,2035,absent row,zero
ndc_medce_eu,EUW,Final Energy|Industry|Non-Ferrous Metals|Aluminum|Liquids,EJ/yr,2040,absent row,zero
ndc_medce_eu,EUW,Final Energy|Industry|Non-Ferrous Metals|Aluminum|Liquids,EJ/yr,2050,absent row,zero
ndc_medce_eu,IDN,Final Energy|Industry|Non-Ferrous Metals|Aluminum|Liquids,EJ/yr,2050,blank cell,zero
ndc_medce_eu,IND,Final Energy|Industry|Non-Ferrous Metals|Aluminum|Liquids,EJ/yr,2050,blank cell,zero
ndc_medce_eu,JPN,Final Energy|Industry|Non-Ferrous Metals|Aluminum|Liquids,EJ/yr,2019,absent row,zero
ndc_medce_eu,JPN,Final Energy|Industry|Non-Ferrous Metals|Aluminum|Liquids,EJ/yr,2024,absent row,zero
ndc_medce_eu,JPN,Final Energy|Industry|Non-Ferrous Metals|Aluminum|Liquids,EJ/yr,2030,absent row,zero
ndc_medce_eu,JPN,Final Energy|Industry|Non-Ferrous Metals|Aluminum|Liquids,EJ/yr,2035,absent row,zero
ndc_medce_eu,JPN,Final Energy|Industry|Non-Ferrous Metals|Aluminum|Liquids,EJ/yr,2040,absent row,zero
ndc_medce_eu,JPN,Final Energy|Industry|Non-Ferrous Metals|Aluminum|Liquids,EJ/yr,2050,absent row,zero
ndc_medce_eu,LAM,Final Energy|Industry|Non-Ferrous Metals|Aluminum|Liquids,EJ/yr,2050,blank cell,zero
ndc_medce_eu,MDA,Final Energy|Industry|Non-Ferrous Metals|Aluminum|Liquids,EJ/yr,2050,blank cell,zero
ndc_medce_eu,MEA,Final Energy|Industry|Non-Ferrous Metals|Aluminum|Liquids,EJ/yr,2019,absent row,zero
ndc_medce_eu,MEA,Final Energy|Industry|Non-Ferrous Metals|Aluminum|Liquids,EJ/yr,2024,absent row,zero
ndc_medce_eu,MEA,Final Energy|Industry|Non-Ferrous Metals|Aluminum|Liquids,EJ/yr,2030,absent row,zero
ndc_medce_eu,MEA,Final Energy|Industry|Non-Ferrous Metals|Aluminum|Liquids,EJ/yr,2035,absent row,zero
ndc_medce_eu,MEA,Final Energy|Industry|Non-Ferrous Metals|Aluminum|Liquids,EJ/yr,2040,absent row,zero
ndc_medce_eu,MEA,Final Energy|Industry|Non-Ferrous Metals|Aluminum|Liquids,EJ/yr,2050,absent row,zero
ndc_medce_eu,MEX,Final Energy|Industry|Non-Ferrous Metals|Aluminum|Liquids,EJ/yr,2019,absent row,zero
ndc_medce_eu,MEX,Final Energy|Industry|Non-Ferrous Metals|Aluminum|Liquids,EJ/yr,2024,absent row,zero
ndc_medce_eu,MEX,Final Energy|Industry|Non-Ferrous Metals|Aluminum|Liquids,EJ/yr,2030,absent row,zero
ndc_medce_eu,MEX,Final Energy|Industry|Non-Ferrous Metals|Aluminum|Liquids,EJ/yr,2035,absent row,zero
ndc_medce_eu,MEX,Final Energy|Industry|Non-Ferrous Metals|Aluminum|Liquids,EJ/yr,2040,absent row,zero
ndc_medce_eu,MEX,Final Energy|Industry|Non-Ferrous Metals|Aluminum|Liquids,EJ/yr,2050,absent row,zero
ndc_medce_eu,NIG,Final Energy|Industry|Non-Ferrous Metals|Aluminum|Liquids,EJ/yr,2019,absent row,zero
ndc_medce_eu,NIG,Final Energy|Industry|Non-Ferrous Metals|Aluminum|Liquids,EJ/yr,2024,absent row,zero
ndc_medce_eu,NIG,Final Energy|Industry|Non-Ferrous Metals|Aluminum|Liquids,EJ/yr,2030,absent row,zero
ndc_medce_eu,NIG,Final Energy|Industry|Non-Ferrous Metals|Aluminum|Liquids,EJ/yr,2035,absent row,zero
ndc_medce_eu,NIG,Final Energy|Industry|Non-Ferrous Metals|Aluminum|Liquids,EJ/yr,2040,absent row,zero
ndc_medce_eu,NIG,Final Energy|Industry|Non-Ferrous Metals|Aluminum|Liquids,EJ/yr,2050,absent row,zero
ndc_medce_eu,RUS,Final Energy|Industry|Non-Ferrous Metals|Aluminum|Liquids,EJ/yr,2019,absent row,zero
ndc_medce_eu,RUS,Final Energy|Industry|Non-Ferrous Metals|Aluminum|Liquids,EJ/yr,2024,absent row,zero
ndc_medce_eu,RUS,Final Energy|Industry|Non-Ferrous Metals|Aluminum|Liquids,EJ/yr,2030,absent row,zero
ndc_medce_eu,RUS,Final Energy|Industry|Non-Ferrous Metals|Aluminum|Liquids,EJ/yr,2035,absent row,zero
ndc_medce_eu,RUS,Final Energy|Industry|Non-Ferrous Metals|Aluminum|Liquids,EJ/yr,2040,absent row,zero
ndc_medce_eu,RUS,Final Energy|Industry|Non-Ferrous Metals|Aluminum|Liquids,EJ/yr,2050,absent row,zero
ndc_medce_eu,SKT,Final Energy|Industry|Non-Ferrous Metals|Aluminum|Liquids,EJ/yr,2019,absent row,zero
ndc_medce_eu,SKT,Final Energy|Industry|Non-Ferrous Metals|Aluminum|Liquids,EJ/yr,2024,absent row,zero
ndc_medce_eu,SKT,Final Energy|Industry|Non-Ferrous Metals|Aluminum|Liquids,EJ/yr,2030,absent row,zero
ndc_medce_eu,SKT,Final Energy|Industry|Non-Ferrous Metals|Aluminum|Liquids,EJ/yr,2035,absent row,zero
ndc_medce_eu,SKT,Final Energy|Industry|Non-Ferrous Metals|Aluminum|Liquids,EJ/yr,2040,absent row,zero
ndc_medce_eu,SKT,Final Energy|Industry|Non-Ferrous Metals|Aluminum|Liquids,EJ/yr,2050,absent row,zero
ndc_medce_eu,USA,Final Energy|Industry|Non-Ferrous Metals|Aluminum|Liquids,EJ/yr,2019,absent row,zero
ndc_medce_eu,USA,Final Energy|Industry|Non-Ferrous Metals|Aluminum|Liquids,EJ/yr,2024,absent row,zero
ndc_medce_eu,USA,Final Energy|Industry|Non-Ferrous Metals|Aluminum|Liquids,EJ/yr,2030,absent row,zero
ndc_medce_eu,USA,Final Energy|Industry|Non-Ferrous Metals|Aluminum|Liquids,EJ/yr,2035,absent row,zero
ndc_medce_eu,USA,Final Energy|Industry|Non-Ferrous Metals|Aluminum|Liquids,EJ/yr,2040,absent row,zero
ndc_medce_eu,USA,Final Energy|Industry|Non-Ferrous Metals|Aluminum|Liquids,EJ/yr,2050,absent row,zero
ndc_medce_eu,AFE,Final Energy|Industry|Non-Ferrous Metals|Aluminum|Solids,EJ/yr,2019,absent row,zero
ndc_medce_eu,AFE,Final Energy|Industry|Non-Ferrous Metals|Aluminum|Solids,EJ/yr,2024,absent row,zero
ndc_medce_eu,AFE,Final Energy|Industry|Non-Ferrous Metals|Aluminum|Solids,EJ/yr,2030,absent row,zero
ndc_medce_eu,AFE,Final Energy|Industry|Non-Ferrous Metals|Aluminum|Solids,EJ/yr,2035,absent row,zero
ndc_medce_eu,AFE,Final Energy|Industry|Non-Ferrous Metals|Aluminum|Solids,EJ/yr,2040,absent row,zero
ndc_medce_eu,AFE,Final Energy|Industry|Non-Ferrous Metals|Aluminum|Solids,EJ/yr,2050,absent row,zero
ndc_medce_eu,AFN,Final Energy|Industry|Non-Ferrous Metals|Aluminum|Solids,EJ/yr,2019,absent row,zero
ndc_medce_eu,AFN,Final Energy|Industry|Non-Ferrous Metals|Aluminum|Solids,EJ/yr,2024,absent row,zero
ndc_medce_eu,AFN,Final Energy|Industry|Non-Ferrous Metals|Aluminum|Solids,EJ/yr,2030,absent row,zero
ndc_medce_eu,AFN,Final Energy|Industry|Non-Ferrous Metals|Aluminum|Solids,EJ/yr,2035,absent row,zero
ndc_medce_eu,AFN,Final Energy|Industry|Non-Ferrous Metals|Aluminum|Solids,EJ/yr,2040,absent row,zero
ndc_medce_eu,AFN,Final Energy|Industry|Non-Ferrous Metals|Aluminum|Solids,EJ/yr,2050,absent row,zero
ndc_medce_eu,AFW,Final Energy|Industry|Non-Ferrous Metals|Aluminum|Solids,EJ/yr,2050,blank cell,zero
ndc_medce_eu,AFZ,Final Energy|Industry|Non-Ferrous Metals|Aluminum|Solids,EJ/yr,2050,blank cell,zero
ndc_medce_eu,ANZ,Final Energy|Industry|Non-Ferrous Metals|Aluminum|Solids,EJ/yr,2050,blank cell,zero
ndc_medce_eu,ASC,Final Energy|Industry|Non-Ferrous Metals|Aluminum|Solids,EJ/yr,2050,blank cell,zero
ndc_medce_eu,ASE,Final Energy|Industry|Non-Ferrous Metals|Aluminum|Solids,EJ/yr,2050,blank cell,zero
ndc_medce_eu,ASO,Final Energy|Industry|Non-Ferrous Metals|Aluminum|Solids,EJ/yr,2019,absent row,zero
ndc_medce_eu,ASO,Final Energy|Industry|Non-Ferrous Metals|Aluminum|Solids,EJ/yr,2024,absent row,zero
ndc_medce_eu,ASO,Final Energy|Industry|Non-Ferrous Metals|Aluminum|Solids,EJ/yr,2030,absent row,zero
ndc_medce_eu,ASO,Final Energy|Industry|Non-Ferrous Metals|Aluminum|Solids,EJ/yr,2035,absent row,zero
ndc_medce_eu,ASO,Final Energy|Industry|Non-Ferrous Metals|Aluminum|Solids,EJ/yr,2040,absent row,zero
ndc_medce_eu,ASO,Final Energy|Industry|Non-Ferrous Metals|Aluminum|Solids,EJ/yr,2050,absent row,zero
ndc_medce_eu,BRA,Final Energy|Industry|Non-Ferrous Metals|Aluminum|Solids,EJ/yr,2040,blank cell,zero
ndc_medce_eu,BRA,Final Energy|Industry|Non-Ferrous Metals|Aluminum|Solids,EJ/yr,2050,blank cell,zero
ndc_medce_eu,CAN,Final Energy|Industry|Non-Ferrous Metals|Aluminum|Solids,EJ/yr,2019,absent row,zero
ndc_medce_eu,CAN,Final Energy|Industry|Non-Ferrous Metals|Aluminum|Solids,EJ/yr,2024,absent row,zero
ndc_medce_eu,CAN,Final Energy|Industry|Non-Ferrous Metals|Aluminum|Solids,EJ/yr,2030,absent row,zero
ndc_medce_eu,CAN,Final Energy|Industry|Non-Ferrous Metals|Aluminum|Solids,EJ/yr,2035,absent row,zero
ndc_medce_eu,CAN,Final Energy|Industry|Non-Ferrous Metals|Aluminum|Solids,EJ/yr,2040,absent row,zero
ndc_medce_eu,CAN,Final Energy|Industry|Non-Ferrous Metals|Aluminum|Solids,EJ/yr,2050,absent row,zero
ndc_medce_eu,CHL,Final Energy|Industry|Non-Ferrous Metals|Aluminum|Solids,EJ/yr,2019,absent row,zero
ndc_medce_eu,CHL,Final Energy|Industry|Non-Ferrous Metals|Aluminum|Solids,EJ/yr,2024,absent row,zero
ndc_medce_eu,CHL,Final Energy|Industry|Non-Ferrous Metals|Aluminum|Solids,EJ/yr,2030,absent row,zero
ndc_medce_eu,CHL,Final Energy|Industry|Non-Ferrous Metals|Aluminum|Solids,EJ/yr,2035,absent row,zero
ndc_medce_eu,CHL,Final Energy|Industry|Non-Ferrous Metals|Aluminum|Solids,EJ/yr,2040,absent row,zero
ndc_medce_eu,CHL,Final Energy|Industry|Non-Ferrous Metals|Aluminum|Solids,EJ/yr,2050,absent row,zero
ndc_medce_eu,CHN,Final Energy|Industry|Non-Ferrous Metals|Aluminum|Solids,EJ/yr,2050,blank cell,zero
ndc_medce_eu,ENE,Final Energy|Industry|Non-Ferrous Metals|Aluminum|Solids,EJ/yr,2019,absent row,zero
ndc_medce_eu,ENE,Final Energy|Industry|Non-Ferrous Metals|Aluminum|Solids,EJ/yr,2024,absent row,zero
ndc_medce_eu,ENE,Final Energy|Industry|Non-Ferrous Metals|Aluminum|Solids,EJ/yr,2030,absent row,zero
ndc_medce_eu,ENE,Final Energy|Industry|Non-Ferrous Metals|Aluminum|Solids,EJ/yr,2035,absent row,zero
ndc_medce_eu,ENE,Final Energy|Industry|Non-Ferrous Metals|Aluminum|Solids,EJ/yr,2040,absent row,zero
ndc_medce_eu,ENE,Final Energy|Industry|Non-Ferrous Metals|Aluminum|Solids,EJ/yr,2050,absent row,zero
ndc_medce_eu,ENW,Final Energy|Industry|Non-Ferrous Metals|Aluminum|Solids,EJ/yr,2019,absent row,zero
ndc_medce_eu,ENW,Final Energy|Industry|Non-Ferrous Metals|Aluminum|Solids,EJ/yr,2024,absent row,zero
ndc_medce_eu,ENW,Final Energy|Industry|Non-Ferrous Metals|Aluminum|Solids,EJ/yr,2030,absent row,zero
ndc_medce_eu,ENW,Final Energy|Industry|Non-Ferrous Metals|Aluminum|Solids,EJ/yr,2035,absent row,zero
ndc_medce_eu,ENW,Final Energy|Industry|Non-Ferrous Metals|Aluminum|Solids,EJ/yr,2040,absent row,zero
ndc_medce_eu,ENW,Final Energy|Industry|Non-Ferrous Metals|Aluminum|Solids,EJ/yr,2050,absent row,zero
ndc_medce_eu,EUE,Final Energy|Industry|Non-Ferrous Metals|Aluminum|Solids,EJ/yr,2019,absent row,zero
ndc_medce_eu,EUE,Final Energy|Industry|Non-Ferrous Metals|Aluminum|Solids,EJ/yr,2024,absent row,zero
ndc_medce_eu,EUE,Final Energy|Industry|Non-Ferrous Metals|Aluminum|Solids,EJ/yr,2030,absent row,zero
ndc_medce_eu,EUE,Final Energy|Industry|Non-Ferrous Metals|Aluminum|Solids,EJ/yr,2035,absent row,zero
ndc_medce_eu,EUE,Final Energy|Industry|Non-Ferrous Metals|Aluminum|Solids,EJ/yr,2040,absent row,zero
ndc_medce_eu,EUE,Final Energy|Industry|Non-Ferrous Metals|Aluminum|Solids,EJ/yr,2050,absent row,zero
ndc_medce_eu,EUM,Final Energy|Industry|Non-Ferrous Metals|Aluminum|Solids,EJ/yr,2019,absent row,zero
ndc_medce_eu,EUM,Final Energy|Industry|Non-Ferrous Metals|Aluminum|Solids,EJ/yr,2024,absent row,zero
ndc_medce_eu,EUM,Final Energy|Industry|Non-Ferrous Metals|Aluminum|Solids,EJ/yr,2030,absent row,zero
ndc_medce_eu,EUM,Final Energy|Industry|Non-Ferrous Metals|Aluminum|Solids,EJ/yr,2035,absent row,zero
ndc_medce_eu,EUM,Final Energy|Industry|Non-Ferrous Metals|Aluminum|Solids,EJ/yr,2040,absent row,zero
ndc_medce_eu,EUM,Final Energy|Industry|Non-Ferrous Metals|Aluminum|Solids,EJ/yr,2050,absent row,zero
ndc_medce_eu,EUW,Final Energy|Industry|Non-Ferrous Metals|Aluminum|Solids,EJ/yr,2019,absent row,zero
ndc_medce_eu,EUW,Final Energy|Industry|Non-Ferrous Metals|Aluminum|Solids,EJ/yr,2024,absent row,zero
ndc_medce_eu,EUW,Final Energy|Industry|Non-Ferrous Metals|Aluminum|Solids,EJ/yr,2030,absent row,zero
ndc_medce_eu,EUW,Final Energy|Industry|Non-Ferrous Metals|Aluminum|Solids,EJ/yr,2035,absent row,zero
ndc_medce_eu,EUW,Final Energy|Industry|Non-Ferrous Metals|Aluminum|Solids,EJ/yr,2040,absent row,zero
ndc_medce_eu,EUW,Final Energy|Industry|Non-Ferrous Metals|Aluminum|Solids,EJ/yr,2050,absent row,zero
ndc_medce_eu,IDN,Final Energy|Industry|Non-Ferrous Metals|Aluminum|Solids,EJ/yr,2050,blank cell,zero
ndc_medce_eu,IND,Final Energy|Industry|Non-Ferrous Metals|Aluminum|Solids,EJ/yr,2050,blank cell,zero
ndc_medce_eu,JPN,Final Energy|Industry|Non-Ferrous Metals|Aluminum|Solids,EJ/yr,2019,absent row,zero
ndc_medce_eu,JPN,Final Energy|Industry|Non-Ferrous Metals|Aluminum|Solids,EJ/yr,2024,absent row,zero
ndc_medce_eu,JPN,Final Energy|Industry|Non-Ferrous Metals|Aluminum|Solids,EJ/yr,2030,absent row,zero
ndc_medce_eu,JPN,Final Energy|Industry|Non-Ferrous Metals|Aluminum|Solids,EJ/yr,2035,absent row,zero
ndc_medce_eu,JPN,Final Energy|Industry|Non-Ferrous Metals|Aluminum|Solids,EJ/yr,2040,absent row,zero
ndc_medce_eu,JPN,Final Energy|Industry|Non-Ferrous Metals|Aluminum|Solids,EJ/yr,2050,absent row,zero
ndc_medce_eu,LAM,Final Energy|Industry|Non-Ferrous Metals|Aluminum|Solids,EJ/yr,2050,blank cell,zero
ndc_medce_eu,MDA,Final Energy|Industry|Non-Ferrous Metals|Aluminum|Solids,EJ/yr,2050,blank cell,zero
ndc_medce_eu,MEA,Final Energy|Industry|Non-Ferrous Metals|Aluminum|Solids,EJ/yr,2019,absent row,zero
ndc_medce_eu,MEA,Final Energy|Industry|Non-Ferrous Metals|Aluminum|Solids,EJ/yr,2024,absent row,zero
ndc_medce_eu,MEA,Final Energy|Industry|Non-Ferrous Metals|Aluminum|Solids,EJ/yr,2030,absent row,zero
ndc_medce_eu,MEA,Final Energy|Industry|Non-Ferrous Metals|Aluminum|Solids,EJ/yr,2035,absent row,zero
ndc_medce_eu,MEA,Final Energy|Industry|Non-Ferrous Metals|Aluminum|Solids,EJ/yr,2040,absent row,zero
ndc_medce_eu,MEA,Final Energy|Industry|Non-Ferrous Metals|Aluminum|Solids,EJ/yr,2050,absent row,zero
ndc_medce_eu,MEX,Final Energy|Industry|Non-Ferrous Metals|Aluminum|Solids,EJ/yr,2019,absent row,zero
ndc_medce_eu,MEX,Final Energy|Industry|Non-Ferrous Metals|Aluminum|Solids,EJ/yr,2024,absent row,zero
ndc_medce_eu,MEX,Final Energy|Industry|Non-Ferrous Metals|Aluminum|Solids,EJ/yr,2030,absent row,zero
ndc_medce_eu,MEX,Final Energy|Industry|Non-Ferrous Metals|Aluminum|Solids,EJ/yr,2035,absent row,zero
ndc_medce_eu,MEX,Final Energy|Industry|Non-Ferrous Metals|Aluminum|Solids,EJ/yr,2040,absent row,zero
ndc_medce_eu,MEX,Final Energy|Industry|Non-Ferrous Metals|Aluminum|Solids,EJ/yr,2050,absent row,zero
ndc_medce_eu,NIG,Final Energy|Industry|Non-Ferrous Metals|Aluminum|Solids,EJ/yr,2019,absent row,zero
ndc_medce_eu,NIG,Final Energy|Industry|Non-Ferrous Metals|Aluminum|Solids,EJ/yr,2024,absent row,zero
ndc_medce_eu,NIG,Final Energy|Industry|Non-Ferrous Metals|Aluminum|Solids,EJ/yr,2030,absent row,zero
ndc_medce_eu,NIG,Final Energy|Industry|Non-Ferrous Metals|Aluminum|Solids,EJ/yr,2035,absent row,zero
ndc_medce_eu,NIG,Final Energy|Industry|Non-Ferrous Metals|Aluminum|Solids,EJ/yr,2040,absent row,zero
ndc_medce_eu,NIG,Final Energy|Industry|Non-Ferrous Metals|Aluminum|Solids,EJ/yr,2050,absent row,zero
ndc_medce_eu,RUS,Final Energy|Industry|Non-Ferrous Metals|Aluminum|Solids,EJ/yr,2019,absent row,zero
ndc_medce_eu,RUS,Final Energy|Industry|Non-Ferrous Metals|Aluminum|Solids,EJ/yr,2024,absent row,zero
ndc_medce_eu,RUS,Final Energy|Industry|Non-Ferrous Metals|Aluminum|Solids,EJ/yr,2030,absent row,zero
ndc_medce_eu,RUS,Final Energy|Industry|Non-Ferrous Metals|Aluminum|Solids,EJ/yr,2035,absent row,zero
ndc_medce_eu,RUS,Final Energy|Industry|Non-Ferrous Metals|Aluminum|Solids,EJ/yr,2040,absent row,zero
ndc_medce_eu,RUS,Final Energy|Industry|Non-Ferrous Metals|Aluminum|Solids,EJ/yr,2050,absent row,zero
ndc_medce_eu,SKT,Final Energy|Industry|Non-Ferrous Metals|Aluminum|Solids,EJ/yr,2019,absent row,zero
ndc_medce_eu,SKT,Final Energy|Industry|Non-Ferrous Metals|Aluminum|Solids,EJ/yr,2024,absent row,zero
ndc_medce_eu,SKT,Final Energy|Industry|Non-Ferrous Metals|Aluminum|Solids,EJ/yr,2030,absent row,zero
ndc_medce_eu,SKT,Final Energy|Industry|Non-Ferrous Metals|Aluminum|Solids,EJ/yr,2035,absent row,zero
ndc_medce_eu,SKT,Final Energy|Industry|Non-Ferrous Metals|Aluminum|Solids,EJ/yr,2040,absent row,zero
ndc_medce_eu,SKT,Final Energy|Industry|Non-Ferrous Metals|Aluminum|Solids,EJ/yr,2050,absent row,zero
ndc_medce_eu,USA,Final Energy|Industry|Non-Ferrous Metals|Aluminum|Solids,EJ/yr,2019,absent row,zero
ndc_medce_eu,USA,Final Energy|Industry|Non-Ferrous Metals|Aluminum|Solids,EJ/yr,2024,absent row,zero
ndc_medce_eu,USA,Final Energy|Industry|Non-Ferrous Metals|Aluminum|Solids,EJ/yr,2030,absent row,zero
ndc_medce_eu,USA,Final Energy|Industry|Non-Ferrous Metals|Aluminum|Solids,EJ/yr,2035,absent row,zero
ndc_medce_eu,USA,Final Energy|Industry|Non-Ferrous Metals|Aluminum|Solids,EJ/yr,2040,absent row,zero
ndc_medce_eu,USA,Final Energy|Industry|Non-Ferrous Metals|Aluminum|Solids,EJ/yr,2050,absent row,zero
ndc_medce_eu,AFE,Emissions|GHG|Industry|Non-Ferrous Metals|Aluminum,MtCO2e/yr,2019,absent row,zero
ndc_medce_eu,AFE,Emissions|GHG|Industry|Non-Ferrous Metals|Aluminum,MtCO2e/yr,2024,absent row,zero
ndc_medce_eu,AFE,Emissions|GHG|Industry|Non-Ferrous Metals|Aluminum,MtCO2e/yr,2030,absent row,zero
ndc_medce_eu,AFE,Emissions|GHG|Industry|Non-Ferrous Metals|Aluminum,MtCO2e/yr,2035,absent row,zero
ndc_medce_eu,AFE,Emissions|GHG|Industry|Non-Ferrous Metals|Aluminum,MtCO2e/yr,2040,absent row,zero
ndc_medce_eu,AFE,Emissions|GHG|Industry|Non-Ferrous Metals|Aluminum,MtCO2e/yr,2050,absent row,zero
ndc_medce_eu,ANZ,Emissions|GHG|Industry|Non-Ferrous Metals|Aluminum,MtCO2e/yr,2050,blank cell,zero
ndc_medce_eu,ASO,Emissions|GHG|Industry|Non-Ferrous Metals|Aluminum,MtCO2e/yr,2019,absent row,zero
ndc_medce_eu,ASO,Emissions|GHG|Industry|Non-Ferrous Metals|Aluminum,MtCO2e/yr,2024,absent row,zero
ndc_medce_eu,ASO,Emissions|GHG|Industry|Non-Ferrous Metals|Aluminum,MtCO2e/yr,2030,absent row,zero
ndc_medce_eu,ASO,Emissions|GHG|Industry|Non-Ferrous Metals|Aluminum,MtCO2e/yr,2035,absent row,zero
ndc_medce_eu,ASO,Emissions|GHG|Industry|Non-Ferrous Metals|Aluminum,MtCO2e/yr,2040,absent row,zero
ndc_medce_eu,ASO,Emissions|GHG|Industry|Non-Ferrous Metals|Aluminum,MtCO2e/yr,2050,absent row,zero
ndc_medce_eu,CHL,Emissions|GHG|Industry|Non-Ferrous Metals|Aluminum,MtCO2e/yr,2019,absent row,zero
ndc_medce_eu,CHL,Emissions|GHG|Industry|Non-Ferrous Metals|Aluminum,MtCO2e/yr,2024,absent row,zero
ndc_medce_eu,CHL,Emissions|GHG|Industry|Non-Ferrous Metals|Aluminum,MtCO2e/yr,2030,absent row,zero
ndc_medce_eu,CHL,Emissions|GHG|Industry|Non-Ferrous Metals|Aluminum,MtCO2e/yr,2035,absent row,zero
ndc_medce_eu,CHL,Emissions|GHG|Industry|Non-Ferrous Metals|Aluminum,MtCO2e/yr,2040,absent row,zero
ndc_medce_eu,CHL,Emissions|GHG|Industry|Non-Ferrous Metals|Aluminum,MtCO2e/yr,2050,absent row,zero
ndc_medce_eu,ENW,Emissions|GHG|Industry|Non-Ferrous Metals|Aluminum,MtCO2e/yr,2050,blank cell,zero
ndc_medce_eu,NIG,Emissions|GHG|Industry|Non-Ferrous Metals|Aluminum,MtCO2e/yr,2019,absent row,zero
ndc_medce_eu,NIG,Emissions|GHG|Industry|Non-Ferrous Metals|Aluminum,MtCO2e/yr,2024,absent row,zero
ndc_medce_eu,NIG,Emissions|GHG|Industry|Non-Ferrous Metals|Aluminum,MtCO2e/yr,2030,absent row,zero
ndc_medce_eu,NIG,Emissions|GHG|Industry|Non-Ferrous Metals|Aluminum,MtCO2e/yr,2035,absent row,zero
ndc_medce_eu,NIG,Emissions|GHG|Industry|Non-Ferrous Metals|Aluminum,MtCO2e/yr,2040,absent row,zero
ndc_medce_eu,NIG,Emissions|GHG|Industry|Non-Ferrous Metals|Aluminum,MtCO2e/yr,2050,absent row,zero
ndc_medce_eu,USA,Emissions|GHG|Industry|Non-Ferrous Metals|Aluminum,MtCO2e/yr,2050,blank cell,zero
ndc_highce_eu,ASO,Production|Iron and Steel|Primary,Mt/yr,2030,blank cell,zero
ndc_highce_eu,ASO,Production|Iron and Steel|Primary,Mt/yr,2035,blank cell,zero
ndc_highce_eu,ASO,Production|Iron and Steel|Primary,Mt/yr,2040,blank cell,zero
ndc_highce_eu,NIG,Production|Iron and Steel|Primary,Mt/yr,2030,blank cell,zero
ndc_highce_eu,USA,Production|Iron and Steel|Secondary,Mt/yr,2050,blank cell,zero
ndc_highce_eu,AFE,Production|Non-Ferrous Metals|Aluminum|Primary,Mt/yr,2019,absent row,zero
ndc_highce_eu,AFE,Production|Non-Ferrous Metals|Aluminum|Primary,Mt/yr,2024,absent row,zero
ndc_highce_eu,AFE,Production|Non-Ferrous Metals|Aluminum|Primary,Mt/yr,2030,absent row,zero
ndc_highce_eu,AFE,Production|Non-Ferrous Metals|Aluminum|Primary,Mt/yr,2035,absent row,zero
ndc_highce_eu,AFE,Production|Non-Ferrous Metals|Aluminum|Primary,Mt/yr,2040,absent row,zero
ndc_highce_eu,AFE,Production|Non-Ferrous Metals|Aluminum|Primary,Mt/yr,2050,absent row,zero
ndc_highce_eu,ASO,Production|Non-Ferrous Metals|Aluminum|Primary,Mt/yr,2019,absent row,zero
ndc_highce_eu,ASO,Production|Non-Ferrous Metals|Aluminum|Primary,Mt/yr,2024,absent row,zero
ndc_highce_eu,ASO,Production|Non-Ferrous Metals|Aluminum|Primary,Mt/yr,2030,absent row,zero
ndc_highce_eu,ASO,Production|Non-Ferrous Metals|Aluminum|Primary,Mt/yr,2035,absent row,zero
ndc_highce_eu,ASO,Production|Non-Ferrous Metals|Aluminum|Primary,Mt/yr,2040,absent row,zero
ndc_highce_eu,ASO,Production|Non-Ferrous Metals|Aluminum|Primary,Mt/yr,2050,absent row,zero
ndc_highce_eu,CHL,Production|Non-Ferrous Metals|Aluminum|Primary,Mt/yr,2019,absent row,zero
ndc_highce_eu,CHL,Production|Non-Ferrous Metals|Aluminum|Primary,Mt/yr,2024,absent row,zero
ndc_highce_eu,CHL,Production|Non-Ferrous Metals|Aluminum|Primary,Mt/yr,2030,absent row,zero
ndc_highce_eu,CHL,Production|Non-Ferrous Metals|Aluminum|Primary,Mt/yr,2035,absent row,zero
ndc_highce_eu,CHL,Production|Non-Ferrous Metals|Aluminum|Primary,Mt/yr,2040,absent row,zero
ndc_highce_eu,CHL,Production|Non-Ferrous Metals|Aluminum|Primary,Mt/yr,2050,absent row,zero
ndc_highce_eu,EUE,Production|Non-Ferrous Metals|Aluminum|Primary,Mt/yr,2040,blank cell,zero
ndc_highce_eu,JPN,Production|Non-Ferrous Metals|Aluminum|Primary,Mt/yr,2019,blank cell,zero
ndc_highce_eu,JPN,Production|Non-Ferrous Metals|Aluminum|Primary,Mt/yr,2030,blank cell,zero
ndc_highce_eu,JPN,Production|Non-Ferrous Metals|Aluminum|Primary,Mt/yr,2035,blank cell,zero
ndc_highce_eu,JPN,Production|Non-Ferrous Metals|Aluminum|Primary,Mt/yr,2040,blank cell,zero
ndc_highce_eu,JPN,Production|Non-Ferrous Metals|Aluminum|Primary,Mt/yr,2050,blank cell,zero
ndc_highce_eu,MEX,Production|Non-Ferrous Metals|Aluminum|Primary,Mt/yr,2019,blank cell,zero
ndc_highce_eu,MEX,Production|Non-Ferrous Metals|Aluminum|Primary,Mt/yr,2030,blank cell,zero
ndc_highce_eu,NIG,Production|Non-Ferrous Metals|Aluminum|Primary,Mt/yr,2019,absent row,zero
ndc_highce_eu,NIG,Production|Non-Ferrous Metals|Aluminum|Primary,Mt/yr,2024,absent row,zero
ndc_highce_eu,NIG,Production|Non-Ferrous Metals|Aluminum|Primary,Mt/yr,2030,absent row,zero
ndc_highce_eu,NIG,Production|Non-Ferrous Metals|Aluminum|Primary,Mt/yr,2035,absent row,zero
ndc_highce_eu,NIG,Production|Non-Ferrous Metals|Aluminum|Primary,Mt/yr,2040,absent row,zero
ndc_highce_eu,NIG,Production|Non-Ferrous Metals|Aluminum|Primary,Mt/yr,2050,absent row,zero
ndc_highce_eu,SKT,Production|Non-Ferrous Metals|Aluminum|Primary,Mt/yr,2019,blank cell,zero
ndc_highce_eu,SKT,Production|Non-Ferrous Metals|Aluminum|Primary,Mt/yr,2030,blank cell,zero
ndc_highce_eu,SKT,Production|Non-Ferrous Metals|Aluminum|Primary,Mt/yr,2035,blank cell,zero
ndc_highce_eu,SKT,Production|Non-Ferrous Metals|Aluminum|Primary,Mt/yr,2040,blank cell,zero
ndc_highce_eu,SKT,Production|Non-Ferrous Metals|Aluminum|Primary,Mt/yr,2050,blank cell,zero
ndc_highce_eu,AFE,Production|Non-Ferrous Metals|Aluminum|Secondary,Mt/yr,2019,absent row,zero
ndc_highce_eu,AFE,Production|Non-Ferrous Metals|Aluminum|Secondary,Mt/yr,2024,absent row,zero
ndc_highce_eu,AFE,Production|Non-Ferrous Metals|Aluminum|Secondary,Mt/yr,2030,absent row,zero
ndc_highce_eu,AFE,Production|Non-Ferrous Metals|Aluminum|Secondary,Mt/yr,2035,absent row,zero
ndc_highce_eu,AFE,Production|Non-Ferrous Metals|Aluminum|Secondary,Mt/yr,2040,absent row,zero
ndc_highce_eu,AFE,Production|Non-Ferrous Metals|Aluminum|Secondary,Mt/yr,2050,absent row,zero
ndc_highce_eu,AFN,Production|Non-Ferrous Metals|Aluminum|Secondary,Mt/yr,2050,blank cell,zero
ndc_highce_eu,ASC,Production|Non-Ferrous Metals|Aluminum|Secondary,Mt/yr,2050,blank cell,zero
ndc_highce_eu,ASO,Production|Non-Ferrous Metals|Aluminum|Secondary,Mt/yr,2019,absent row,zero
ndc_highce_eu,ASO,Production|Non-Ferrous Metals|Aluminum|Secondary,Mt/yr,2024,absent row,zero
ndc_highce_eu,ASO,Production|Non-Ferrous Metals|Aluminum|Secondary,Mt/yr,2030,absent row,zero
ndc_highce_eu,ASO,Production|Non-Ferrous Metals|Aluminum|Secondary,Mt/yr,2035,absent row,zero
ndc_highce_eu,ASO,Production|Non-Ferrous Metals|Aluminum|Secondary,Mt/yr,2040,absent row,zero
ndc_highce_eu,ASO,Production|Non-Ferrous Metals|Aluminum|Secondary,Mt/yr,2050,absent row,zero
ndc_highce_eu,CAN,Production|Non-Ferrous Metals|Aluminum|Secondary,Mt/yr,2040,blank cell,zero
ndc_highce_eu,CAN,Production|Non-Ferrous Metals|Aluminum|Secondary,Mt/yr,2050,blank cell,zero
ndc_highce_eu,CHL,Production|Non-Ferrous Metals|Aluminum|Secondary,Mt/yr,2019,absent row,zero
ndc_highce_eu,CHL,Production|Non-Ferrous Metals|Aluminum|Secondary,Mt/yr,2024,absent row,zero
ndc_highce_eu,CHL,Production|Non-Ferrous Metals|Aluminum|Secondary,Mt/yr,2030,absent row,zero
ndc_highce_eu,CHL,Production|Non-Ferrous Metals|Aluminum|Secondary,Mt/yr,2035,absent row,zero
ndc_highce_eu,CHL,Production|Non-Ferrous Metals|Aluminum|Secondary,Mt/yr,2040,absent row,zero
ndc_highce_eu,CHL,Production|Non-Ferrous Metals|Aluminum|Secondary,Mt/yr,2050,absent row,zero
ndc_highce_eu,ENW,Production|Non-Ferrous Metals|Aluminum|Secondary,Mt/yr,2050,blank cell,zero
ndc_highce_eu,MEA,Production|Non-Ferrous Metals|Aluminum|Secondary,Mt/yr,2050,blank cell,zero
ndc_highce_eu,NIG,Production|Non-Ferrous Metals|Aluminum|Secondary,Mt/yr,2019,absent row,zero
ndc_highce_eu,NIG,Production|Non-Ferrous Metals|Aluminum|Secondary,Mt/yr,2024,absent row,zero
ndc_highce_eu,NIG,Production|Non-Ferrous Metals|Aluminum|Secondary,Mt/yr,2030,absent row,zero
ndc_highce_eu,NIG,Production|Non-Ferrous Metals|Aluminum|Secondary,Mt/yr,2035,absent row,zero
ndc_highce_eu,NIG,Production|Non-Ferrous Metals|Aluminum|Secondary,Mt/yr,2040,absent row,zero
ndc_highce_eu,NIG,Production|Non-Ferrous Metals|Aluminum|Secondary,Mt/yr,2050,absent row,zero
ndc_highce_eu,AFW,Final Energy|Industry|Non-Metallic Minerals|Cement|Gases,EJ/yr,2019,blank cell,zero
ndc_highce_eu,ASO,Final Energy|Industry|Non-Metallic Minerals|Cement|Gases,EJ/yr,2019,blank cell,zero
ndc_highce_eu,CHN,Final Energy|Industry|Non-Metallic Minerals|Cement|Gases,EJ/yr,2019,blank cell,zero
ndc_highce_eu,IND,Final Energy|Industry|Non-Metallic Minerals|Cement|Gases,EJ/yr,2019,blank cell,zero
ndc_highce_eu,MEA,Final Energy|Industry|Non-Metallic Minerals|Cement|Liquids,EJ/yr,2019,blank cell,zero
ndc_highce_eu,ASO,Final Energy|Industry|Iron and Steel|Gases,EJ/yr,2030,blank cell,zero
ndc_highce_eu,ASO,Final Energy|Industry|Iron and Steel|Gases,EJ/yr,2035,blank cell,zero
ndc_highce_eu,ASO,Final Energy|Industry|Iron and Steel|Gases,EJ/yr,2040,blank cell,zero
ndc_highce_eu,CAN,Final Energy|Industry|Iron and Steel|Gases,EJ/yr,2030,blank cell,zero
ndc_highce_eu,MEX,Final Energy|Industry|Iron and Steel|Gases,EJ/yr,2040,blank cell,zero
ndc_highce_eu,MEX,Final Energy|Industry|Iron and Steel|Gases,EJ/yr,2050,blank cell,zero
ndc_highce_eu,NIG,Final Energy|Industry|Iron and Steel|Gases,EJ/yr,2030,blank cell,zero
ndc_highce_eu,AFE,Final Energy|Industry|Iron and Steel|Hydrogen,EJ/yr,2019,blank cell,zero
ndc_highce_eu,AFE,Final Energy|Industry|Iron and Steel|Hydrogen,EJ/yr,2024,blank cell,zero
ndc_highce_eu,AFN,Final Energy|Industry|Iron and Steel|Hydrogen,EJ/yr,2019,blank cell,zero
ndc_highce_eu,AFN,Final Energy|Industry|Iron and Steel|Hydrogen,EJ/yr,2024,blank cell,zero
ndc_highce_eu,AFN,Final Energy|Industry|Iron and Steel|Hydrogen,EJ/yr,2030,blank cell,zero
ndc_highce_eu,AFW,Final Energy|Industry|Iron and Steel|Hydrogen,EJ/yr,2019,blank cell,zero
ndc_highce_eu,AFW,Final Energy|Industry|Iron and Steel|Hydrogen,EJ/yr,2024,blank cell,zero
ndc_highce_eu,AFW,Final Energy|Industry|Iron and Steel|Hydrogen,EJ/yr,2030,blank cell,zero
ndc_highce_eu,AFZ,Final Energy|Industry|Iron and Steel|Hydrogen,EJ/yr,2019,blank cell,zero
ndc_highce_eu,AFZ,Final Energy|Industry|Iron and Steel|Hydrogen,EJ/yr,2024,blank cell,zero
ndc_highce_eu,AFZ,Final Energy|Industry|Iron and Steel|Hydrogen,EJ/yr,2030,blank cell,zero
ndc_highce_eu,AFZ,Final Energy|Industry|Iron and Steel|Hydrogen,EJ/yr,2035,blank cell,zero
ndc_highce_eu,ANZ,Final Energy|Industry|Iron and Steel|Hydrogen,EJ/yr,2019,blank cell,zero
ndc_highce_eu,ANZ,Final Energy|Industry|Iron and Steel|Hydrogen,EJ/yr,2024,blank cell,zero
ndc_highce_eu,ANZ,Final Energy|Industry|Iron and Steel|Hydrogen,EJ/yr,2030,blank cell,zero
ndc_highce_eu,ASC,Final Energy|Industry|Iron and Steel|Hydrogen,EJ/yr,2019,blank cell,zero
ndc_highce_eu,ASC,Final Energy|Industry|Iron and Steel|Hydrogen,EJ/yr,2024,blank cell,zero
ndc_highce_eu,ASE,Final Energy|Industry|Iron and Steel|Hydrogen,EJ/yr,2019,blank cell,zero
ndc_highce_eu,ASE,Final Energy|Industry|Iron and Steel|Hydrogen,EJ/yr,2024,blank cell,zero
ndc_highce_eu,ASE,Final Energy|Industry|Iron and Steel|Hydrogen,EJ/yr,2030,blank cell,zero
ndc_highce_eu,ASE,Final Energy|Industry|Iron and Steel|Hydrogen,EJ/yr,2035,blank cell,zero
ndc_highce_eu,ASE,Final Energy|Industry|Iron and Steel|Hydrogen,EJ/yr,2040,blank cell,zero
ndc_highce_eu,ASO,Final Energy|Industry|Iron and Steel|Hydrogen,EJ/yr,2019,blank cell,zero
ndc_highce_eu,ASO,Final Energy|Industry|Iron and Steel|Hydrogen,EJ/yr,2024,blank cell,zero
ndc_highce_eu,ASO,Final Energy|Industry|Iron and Steel|Hydrogen,EJ/yr,2030,blank cell,zero
ndc_highce_eu,ASO,Final Energy|Industry|Iron and Steel|Hydrogen,EJ/yr,2035,blank cell,zero
ndc_highce_eu,ASO,Final Energy|Industry|Iron and Steel|Hydrogen,EJ/yr,2040,blank cell,zero
ndc_highce_eu,BRA,Final Energy|Industry|Iron and Steel|Hydrogen,EJ/yr,2019,blank cell,zero
ndc_highce_eu,BRA,Final Energy|Industry|Iron and Steel|Hydrogen,EJ/yr,2024,blank cell,zero
ndc_highce_eu,CAN,Final Energy|Industry|Iron and Steel|Hydrogen,EJ/yr,2019,blank cell,zero
ndc_highce_eu,CAN,Final Energy|Industry|Iron and Steel|Hydrogen,EJ/yr,2024,blank cell,zero
ndc_highce_eu,CHL,Final Energy|Industry|Iron and Steel|Hydrogen,EJ/yr,2019,blank cell,zero
ndc_highce_eu,CHL,Final Energy|Industry|Iron and Steel|Hydrogen,EJ/yr,2024,blank cell,zero
ndc_highce_eu,CHL,Final Energy|Industry|Iron and Steel|Hydrogen,EJ/yr,2030,blank cell,zero
ndc_highce_eu,CHN,Final Energy|Industry|Iron and Steel|Hydrogen,EJ/yr,2019,blank cell,zero
ndc_highce_eu,CHN,Final Energy|Industry|Iron and Steel|Hydrogen,EJ/yr,2024,blank cell,zero
ndc_highce_eu,CHN,Final Energy|Industry|Iron and Steel|Hydrogen,EJ/yr,2030,blank cell,zero
ndc_highce_eu,ENE,Final Energy|Industry|Iron and Steel|Hydrogen,EJ/yr,2019,blank cell,zero
ndc_highce_eu,ENE,Final Energy|Industry|Iron and Steel|Hydrogen,EJ/yr,2024,blank cell,zero
ndc_highce_eu,ENE,Final Energy|Industry|Iron and Steel|Hydrogen,EJ/yr,2030,blank cell,zero
ndc_highce_eu,ENE,Final Energy|Industry|Iron and Steel|Hydrogen,EJ/yr,2035,blank cell,zero
ndc_highce_eu,ENW,Final Energy|Industry|Iron and Steel|Hydrogen,EJ/yr,2019,blank cell,zero
ndc_highce_eu,ENW,Final Energy|Industry|Iron and Steel|Hydrogen,EJ/yr,2024,blank cell,zero
ndc_highce_eu,ENW,Final Energy|Industry|Iron and Steel|Hydrogen,EJ/yr,2030,blank cell,zero
ndc_highce_eu,ENW,Final Energy|Industry|Iron and Steel|Hydrogen,EJ/yr,2035,blank cell,zero
ndc_highce_eu,ENW,Final Energy|Industry|Iron and Steel|Hydrogen,EJ/yr,2040,blank cell,zero
ndc_highce_eu,EUE,Final Energy|Industry|Iron and Steel|Hydrogen,EJ/yr,2019,blank cell,zero
ndc_highce_eu,EUE,Final Energy|Industry|Iron and Steel|Hydrogen,EJ/yr,2024,blank cell,zero
ndc_highce_eu,EUE,Final Energy|Industry|Iron and Steel|Hydrogen,EJ/yr,2030,blank cell,zero
ndc_highce_eu,EUE,Final Energy|Industry|Iron and Steel|Hydrogen,EJ/yr,2035,blank cell,zero
ndc_highce_eu,EUE,Final Energy|Industry|Iron and Steel|Hydrogen,EJ/yr,2040,blank cell,zero
ndc_highce_eu,EUM,Final Energy|Industry|Iron and Steel|Hydrogen,EJ/yr,2019,blank cell,zero
ndc_highce_eu,EUM,Final Energy|Industry|Iron and Steel|Hydrogen,EJ/yr,2024,blank cell,zero
ndc_highce_eu,EUM,Final Energy|Industry|Iron and Steel|Hydrogen,EJ/yr,2030,blank cell,zero
ndc_highce_eu,EUM,Final Energy|Industry|Iron and Steel|Hydrogen,EJ/yr,2035,blank cell,zero
ndc_highce_eu,EUM,Final Energy|Industry|Iron and Steel|Hydrogen,EJ/yr,2040,blank cell,zero
ndc_highce_eu,EUW,Final Energy|Industry|Iron and Steel|Hydrogen,EJ/yr,2019,blank cell,zero
ndc_highce_eu,EUW,Final Energy|Industry|Iron and Steel|Hydrogen,EJ/yr,2024,blank cell,zero
ndc_highce_eu,EUW,Final Energy|Industry|Iron and Steel|Hydrogen,EJ/yr,2030,blank cell,zero
ndc_highce_eu,EUW,Final Energy|Industry|Iron and Steel|Hydrogen,EJ/yr,2040,blank cell,zero
ndc_highce_eu,IDN,Final Energy|Industry|Iron and Steel|Hydrogen,EJ/yr,2019,blank cell,zero
ndc_highce_eu,IDN,Final Energy|Industry|Iron and Steel|Hydrogen,EJ/yr,2024,blank cell,zero
ndc_highce_eu,IDN,Final Energy|Industry|Iron and Steel|Hydrogen,EJ/yr,2030,blank cell,zero
ndc_highce_eu,IND,Final Energy|Industry|Iron and Steel|Hydrogen,EJ/yr,2019,blank cell,zero
ndc_highce_eu,IND,Final Energy|Industry|Iron and Steel|Hydrogen,EJ/yr,2024,blank cell,zero
ndc_highce_eu,JPN,Final Energy|Industry|Iron and Steel|Hydrogen,EJ/yr,2019,blank cell,zero
ndc_highce_eu,JPN,Final Energy|Industry|Iron and Steel|Hydrogen,EJ/yr,2024,blank cell,zero
ndc_highce_eu,LAM,Final Energy|Industry|Iron and Steel|Hydrogen,EJ/yr,2019,blank cell,zero
ndc_highce_eu,LAM,Final Energy|Industry|Iron and Steel|Hydrogen,EJ/yr,2024,blank cell,zero
ndc_highce_eu,LAM,Final Energy|Industry|Iron and Steel|Hydrogen,EJ/yr,2030,blank cell,zero
ndc_highce_eu,MDA,Final Energy|Industry|Iron and Steel|Hydrogen,EJ/yr,2019,blank cell,zero
ndc_highce_eu,MDA,Final Energy|Industry|Iron and Steel|Hydrogen,EJ/yr,2024,blank cell,zero
ndc_highce_eu,MDA,Final Energy|Industry|Iron and Steel|Hydrogen,EJ/yr,2030,blank cell,zero
ndc_highce_eu,MEA,Final Energy|Industry|Iron and Steel|Hydrogen,EJ/yr,2019,blank cell,zero
ndc_highce_eu,MEA,Final Energy|Industry|Iron and Steel|Hydrogen,EJ/yr,2024,blank cell,zero
ndc_highce_eu,MEX,Final Energy|Industry|Iron and Steel|Hydrogen,EJ/yr,2019,blank cell,zero
ndc_highce_eu,MEX,Final Energy|Industry|Iron and Steel|Hydrogen,EJ/yr,2024,blank cell,zero
ndc_highce_eu,NIG,Final Energy|Industry|Iron and Steel|Hydrogen,EJ/yr,2019,blank cell,zero
ndc_highce_eu,NIG,Final Energy|Industry|Iron and Steel|Hydrogen,EJ/yr,2024,blank cell,zero
ndc_highce_eu,NIG,Final Energy|Industry|Iron and Steel|Hydrogen,EJ/yr,2030,blank cell,zero
ndc_highce_eu,RUS,Final Energy|Industry|Iron and Steel|Hydrogen,EJ/yr,2019,blank cell,zero
ndc_highce_eu,RUS,Final Energy|Industry|Iron and Steel|Hydrogen,EJ/yr,2024,blank cell,zero
ndc_highce_eu,SKT,Final Energy|Industry|Iron and Steel|Hydrogen,EJ/yr,2019,blank cell,zero
ndc_highce_eu,SKT,Final Energy|Industry|Iron and Steel|Hydrogen,EJ/yr,2024,blank cell,zero
ndc_highce_eu,USA,Final Energy|Industry|Iron and Steel|Hydrogen,EJ/yr,2019,blank cell,zero
ndc_highce_eu,USA,Final Energy|Industry|Iron and Steel|Hydrogen,EJ/yr,2024,blank cell,zero
ndc_highce_eu,USA,Final Energy|Industry|Iron and Steel|Hydrogen,EJ/yr,2040,blank cell,zero
ndc_highce_eu,USA,Final Energy|Industry|Iron and Steel|Hydrogen,EJ/yr,2050,blank cell,zero
ndc_highce_eu,AFE,Final Energy|Industry|Iron and Steel|Liquids,EJ/yr,2019,absent row,zero
ndc_highce_eu,AFE,Final Energy|Industry|Iron and Steel|Liquids,EJ/yr,2024,absent row,zero
ndc_highce_eu,AFE,Final Energy|Industry|Iron and Steel|Liquids,EJ/yr,2030,absent row,zero
ndc_highce_eu,AFE,Final Energy|Industry|Iron and Steel|Liquids,EJ/yr,2035,absent row,zero
ndc_highce_eu,AFE,Final Energy|Industry|Iron and Steel|Liquids,EJ/yr,2040,absent row,zero
ndc_highce_eu,AFE,Final Energy|Industry|Iron and Steel|Liquids,EJ/yr,2050,absent row,zero
ndc_highce_eu,AFN,Final Energy|Industry|Iron and Steel|Liquids,EJ/yr,2050,blank cell,zero
ndc_highce_eu,AFW,Final Energy|Industry|Iron and Steel|Liquids,EJ/yr,2019,absent row,zero
ndc_highce_eu,AFW,Final Energy|Industry|Iron and Steel|Liquids,EJ/yr,2024,absent row,zero
ndc_highce_eu,AFW,Final Energy|Industry|Iron and Steel|Liquids,EJ/yr,2030,absent row,zero
ndc_highce_eu,AFW,Final Energy|Industry|Iron and Steel|Liquids,EJ/yr,2035,absent row,zero
ndc_highce_eu,AFW,Final Energy|Industry|Iron and Steel|Liquids,EJ/yr,2040,absent row,zero
ndc_highce_eu,AFW,Final Energy|Industry|Iron and Steel|Liquids,EJ/yr,2050,absent row,zero
ndc_highce_eu,AFZ,Final Energy|Industry|Iron and Steel|Liquids,EJ/yr,2030,blank cell,zero
ndc_highce_eu,AFZ,Final Energy|Industry|Iron and Steel|Liquids,EJ/yr,2040,blank cell,zero
ndc_highce_eu,AFZ,Final Energy|Industry|Iron and Steel|Liquids,EJ/yr,2050,blank cell,zero
ndc_highce_eu,ANZ,Final Energy|Industry|Iron and Steel|Liquids,EJ/yr,2040,blank cell,zero
ndc_highce_eu,ANZ,Final Energy|Industry|Iron and Steel|Liquids,EJ/yr,2050,blank cell,zero
ndc_highce_eu,ASC,Final Energy|Industry|Iron and Steel|Liquids,EJ/yr,2050,blank cell,zero
ndc_highce_eu,ASE,Final Energy|Industry|Iron and Steel|Liquids,EJ/yr,2030,blank cell,zero
ndc_highce_eu,ASE,Final Energy|Industry|Iron and Steel|Liquids,EJ/yr,2035,blank cell,zero
ndc_highce_eu,ASE,Final Energy|Industry|Iron and Steel|Liquids,EJ/yr,2040,blank cell,zero
ndc_highce_eu,ASE,Final Energy|Industry|Iron and Steel|Liquids,EJ/yr,2050,blank cell,zero
ndc_highce_eu,ASO,Final Energy|Industry|Iron and Steel|Liquids,EJ/yr,2019,absent row,zero
ndc_highce_eu,ASO,Final Energy|Industry|Iron and Steel|Liquids,EJ/yr,2024,absent row,zero
ndc_highce_eu,ASO,Final Energy|Industry|Iron and Steel|Liquids,EJ/yr,2030,absent row,zero
ndc_highce_eu,ASO,Final Energy|Industry|Iron and Steel|Liquids,EJ/yr,2035,absent row,zero
ndc_highce_eu,ASO,Final Energy|Industry|Iron and Steel|Liquids,EJ/yr,2040,absent row,zero
ndc_highce_eu,ASO,Final Energy|Industry|Iron and Steel|Liquids,EJ/yr,2050,absent row,zero
ndc_highce_eu,BRA,Final Energy|Industry|Iron and Steel|Liquids,EJ/yr,2040,blank cell,zero
ndc_highce_eu,BRA,Final Energy|Industry|Iron and Steel|Liquids,EJ/yr,2050,blank cell,zero
ndc_highce_eu,CAN,Final Energy|Industry|Iron and Steel|Liquids,EJ/yr,2030,blank cell,zero
ndc_highce_eu,CAN,Final Energy|Industry|Iron and Steel|Liquids,EJ/yr,2035,blank cell,zero
ndc_highce_eu,CAN,Final Energy|Industry|Iron and Steel|Liquids,EJ/yr,2050,blank cell,zero
ndc_highce_eu,CHL,Final Energy|Industry|Iron and Steel|Liquids,EJ/yr,2050,blank cell,zero
ndc_highce_eu,CHN,Final Energy|Industry|Iron and Steel|Liquids,EJ/yr,2050,blank cell,zero
ndc_highce_eu,ENE,Final Energy|Industry|Iron and Steel|Liquids,EJ/yr,2050,blank cell,zero
ndc_highce_eu,ENW,Final Energy|Industry|Iron and Steel|Liquids,EJ/yr,2050,blank cell,zero
ndc_highce_eu,EUE,Final Energy|Industry|Iron and Steel|Liquids,EJ/yr,2050,blank cell,zero
ndc_highce_eu,EUM,Final Energy|Industry|Iron and Steel|Liquids,EJ/yr,2050,blank cell,zero
ndc_highce_eu,EUW,Final Energy|Industry|Iron and Steel|Liquids,EJ/yr,2050,blank cell,zero
ndc_highce_eu,IDN,Final Energy|Industry|Iron and Steel|Liquids,EJ/yr,2050,blank cell,zero
ndc_highce_eu,IND,Final Energy|Industry|Iron and Steel|Liquids,EJ/yr,2030,blank cell,zero
ndc_highce_eu,IND,Final Energy|Industry|Iron and Steel|Liquids,EJ/yr,2035,blank cell,zero
ndc_highce_eu,IND,Final Energy|Industry|Iron and Steel|Liquids,EJ/yr,2040,blank cell,zero
ndc_highce_eu,IND,Final Energy|Industry|Iron and Steel|Liquids,EJ/yr,2050,blank cell,zero
ndc_highce_eu,JPN,Final Energy|Industry|Iron and Steel|Liquids,EJ/yr,2050,blank cell,zero
ndc_highce_eu,LAM,Final Energy|Industry|Iron and Steel|Liquids,EJ/yr,2050,blank cell,zero
ndc_highce_eu,MDA,Final Energy|Industry|Iron and Steel|Liquids,EJ/yr,2050,blank cell,zero
ndc_highce_eu,MEA,Final Energy|Industry|Iron and Steel|Liquids,EJ/yr,2050,blank cell,zero
ndc_highce_eu,MEX,Final Energy|Industry|Iron and Steel|Liquids,EJ/yr,2040,blank cell,zero
ndc_highce_eu,MEX,Final Energy|Industry|Iron and Steel|Liquids,EJ/yr,2050,blank cell,zero
ndc_highce_eu,NIG,Final Energy|Industry|Iron and Steel|Liquids,EJ/yr,2019,absent row,zero
ndc_highce_eu,NIG,Final Energy|Industry|Iron and Steel|Liquids,EJ/yr,2024,absent row,zero
ndc_highce_eu,NIG,Final Energy|Industry|Iron and Steel|Liquids,EJ/yr,2030,absent row,zero
ndc_highce_eu,NIG,Final Energy|Industry|Iron and Steel|Liquids,EJ/yr,2035,absent row,zero
ndc_highce_eu,NIG,Final Energy|Industry|Iron and Steel|Liquids,EJ/yr,2040,absent row,zero
ndc_highce_eu,NIG,Final Energy|Industry|Iron and Steel|Liquids,EJ/yr,2050,absent row,zero
ndc_highce_eu,RUS,Final Energy|Industry|Iron and Steel|Liquids,EJ/yr,2035,blank cell,zero
ndc_highce_eu,RUS,Final Energy|Industry|Iron and Steel|Liquids,EJ/yr,2040,blank cell,zero
ndc_highce_eu,RUS,Final Energy|Industry|Iron and Steel|Liquids,EJ/yr,2050,blank cell,zero
ndc_highce_eu,SKT,Final Energy|Industry|Iron and Steel|Liquids,EJ/yr,2050,blank cell,zero
ndc_highce_eu,USA,Final Energy|Industry|Iron and Steel|Liquids,EJ/yr,2050,blank cell,zero
ndc_highce_eu,AFE,Final Energy|Industry|Iron and Steel|Solids,EJ/yr,2019,blank cell,zero
ndc_highce_eu,AFW,Final Energy|Industry|Iron and Steel|Solids,EJ/yr,2019,blank cell,zero
ndc_highce_eu,ASO,Final Energy|Industry|Iron and Steel|Solids,EJ/yr,2019,blank cell,zero
ndc_highce_eu,ASO,Final Energy|Industry|Iron and Steel|Solids,EJ/yr,2030,blank cell,zero
ndc_highce_eu,ASO,Final Energy|Industry|Iron and Steel|Solids,EJ/yr,2035,blank cell,zero
ndc_highce_eu,ASO,Final Energy|Industry|Iron and Steel|Solids,EJ/yr,2040,blank cell,zero
ndc_highce_eu,CAN,Final Energy|Industry|Iron and Steel|Solids,EJ/yr,2030,blank cell,zero
ndc_highce_eu,MEX,Final Energy|Industry|Iron and Steel|Solids,EJ/yr,2040,blank cell,zero
ndc_highce_eu,MEX,Final Energy|Industry|Iron and Steel|Solids,EJ/yr,2050,blank cell,zero
ndc_highce_eu,NIG,Final Energy|Industry|Iron and Steel|Solids,EJ/yr,2019,blank cell,zero
ndc_highce_eu,NIG,Final Energy|Industry|Iron and Steel|Solids,EJ/yr,2030,blank cell,zero
ndc_highce_eu,NIG,Final Energy|Industry|Iron and Steel|Solids,EJ/yr,2035,blank cell,zero
ndc_highce_eu,NIG,Final Energy|Industry|Iron and Steel|Solids,EJ/yr,2040,blank cell,zero
ndc_highce_eu,NIG,Final Energy|Industry|Iron and Steel|Solids,EJ/yr,2050,blank cell,zero
ndc_highce_eu,AFE,Final Energy|Industry|Non-Ferrous Metals|Aluminum|Electricity,EJ/yr,2019,absent row,zero
ndc_highce_eu,AFE,Final Energy|Industry|Non-Ferrous Metals|Aluminum|Electricity,EJ/yr,2024,absent row,zero
ndc_highce_eu,AFE,Final Energy|Industry|Non-Ferrous Metals|Aluminum|Electricity,EJ/yr,2030,absent row,zero
ndc_highce_eu,AFE,Final Energy|Industry|Non-Ferrous Metals|Aluminum|Electricity,EJ/yr,2035,absent row,zero
ndc_highce_eu,AFE,Final Energy|Industry|Non-Ferrous Metals|Aluminum|Electricity,EJ/yr,2040,absent row,zero
ndc_highce_eu,AFE,Final Energy|Industry|Non-Ferrous Metals|Aluminum|Electricity,EJ/yr,2050,absent row,zero
ndc_highce_eu,ASO,Final Energy|Industry|Non-Ferrous Metals|Aluminum|Electricity,EJ/yr,2019,absent row,zero
ndc_highce_eu,ASO,Final Energy|Industry|Non-Ferrous Metals|Aluminum|Electricity,EJ/yr,2024,absent row,zero
ndc_highce_eu,ASO,Final Energy|Industry|Non-Ferrous Metals|Aluminum|Electricity,EJ/yr,2030,absent row,zero
ndc_highce_eu,ASO,Final Energy|Industry|Non-Ferrous Metals|Aluminum|Electricity,EJ/yr,2035,absent row,zero
ndc_highce_eu,ASO,Final Energy|Industry|Non-Ferrous Metals|Aluminum|Electricity,EJ/yr,2040,absent row,zero
ndc_highce_eu,ASO,Final Energy|Industry|Non-Ferrous Metals|Aluminum|Electricity,EJ/yr,2050,absent row,zero
ndc_highce_eu,CHL,Final Energy|Industry|Non-Ferrous Metals|Aluminum|Electricity,EJ/yr,2019,absent row,zero
ndc_highce_eu,CHL,Final Energy|Industry|Non-Ferrous Metals|Aluminum|Electricity,EJ/yr,2024,absent row,zero
ndc_highce_eu,CHL,Final Energy|Industry|Non-Ferrous Metals|Aluminum|Electricity,EJ/yr,2030,absent row,zero
ndc_highce_eu,CHL,Final Energy|Industry|Non-Ferrous Metals|Aluminum|Electricity,EJ/yr,2035,absent row,zero
ndc_highce_eu,CHL,Final Energy|Industry|Non-Ferrous Metals|Aluminum|Electricity,EJ/yr,2040,absent row,zero
ndc_highce_eu,CHL,Final Energy|Industry|Non-Ferrous Metals|Aluminum|Electricity,EJ/yr,2050,absent row,zero
ndc_highce_eu,NIG,Final Energy|Industry|Non-Ferrous Metals|Aluminum|Electricity,EJ/yr,2019,absent row,zero
ndc_highce_eu,NIG,Final Energy|Industry|Non-Ferrous Metals|Aluminum|Electricity,EJ/yr,2024,absent row,zero
ndc_highce_eu,NIG,Final Energy|Industry|Non-Ferrous Metals|Aluminum|Electricity,EJ/yr,2030,absent row,zero
ndc_highce_eu,NIG,Final Energy|Industry|Non-Ferrous Metals|Aluminum|Electricity,EJ/yr,2035,absent row,zero
ndc_highce_eu,NIG,Final Energy|Industry|Non-Ferrous Metals|Aluminum|Electricity,EJ/yr,2040,absent row,zero
ndc_highce_eu,NIG,Final Energy|Industry|Non-Ferrous Metals|Aluminum|Electricity,EJ/yr,2050,absent row,zero
ndc_highce_eu,AFE,Final Energy|Industry|Non-Ferrous Metals|Aluminum|Gases,EJ/yr,2019,absent row,zero
ndc_highce_eu,AFE,Final Energy|Industry|Non-Ferrous Metals|Aluminum|Gases,EJ/yr,2024,absent row,zero
ndc_highce_eu,AFE,Final Energy|Industry|Non-Ferrous Metals|Aluminum|Gases,EJ/yr,2030,absent row,zero
ndc_highce_eu,AFE,Final Energy|Industry|Non-Ferrous Metals|Aluminum|Gases,EJ/yr,2035,absent row,zero
ndc_highce_eu,AFE,Final Energy|Industry|Non-Ferrous Metals|Aluminum|Gases,EJ/yr,2040,absent row,zero
ndc_highce_eu,AFE,Final Energy|Industry|Non-Ferrous Metals|Aluminum|Gases,EJ/yr,2050,absent row,zero
ndc_highce_eu,ANZ,Final Energy|Industry|Non-Ferrous Metals|Aluminum|Gases,EJ/yr,2050,blank cell,zero
ndc_highce_eu,ASO,Final Energy|Industry|Non-Ferrous Metals|Aluminum|Gases,EJ/yr,2019,absent row,zero
ndc_highce_eu,ASO,Final Energy|Industry|Non-Ferrous Metals|Aluminum|Gases,EJ/yr,2024,absent row,zero
ndc_highce_eu,ASO,Final Energy|Industry|Non-Ferrous Metals|Aluminum|Gases,EJ/yr,2030,absent row,zero
ndc_highce_eu,ASO,Final Energy|Industry|Non-Ferrous Metals|Aluminum|Gases,EJ/yr,2035,absent row,zero
ndc_highce_eu,ASO,Final Energy|Industry|Non-Ferrous Metals|Aluminum|Gases,EJ/yr,2040,absent row,zero
ndc_highce_eu,ASO,Final Energy|Industry|Non-Ferrous Metals|Aluminum|Gases,EJ/yr,2050,absent row,zero
ndc_highce_eu,CHL,Final Energy|Industry|Non-Ferrous Metals|Aluminum|Gases,EJ/yr,2019,absent row,zero
ndc_highce_eu,CHL,Final Energy|Industry|Non-Ferrous Metals|Aluminum|Gases,EJ/yr,2024,absent row,zero
ndc_highce_eu,CHL,Final Energy|Industry|Non-Ferrous Metals|Aluminum|Gases,EJ/yr,2030,absent row,zero
ndc_highce_eu,CHL,Final Energy|Industry|Non-Ferrous Metals|Aluminum|Gases,EJ/yr,2035,absent row,zero
ndc_highce_eu,CHL,Final Energy|Industry|Non-Ferrous Metals|Aluminum|Gases,EJ/yr,2040,absent row,zero
ndc_highce_eu,CHL,Final Energy|Industry|Non-Ferrous Metals|Aluminum|Gases,EJ/yr,2050,absent row,zero
ndc_highce_eu,ENW,Final Energy|Industry|Non-Ferrous Metals|Aluminum|Gases,EJ/yr,2050,blank cell,zero
ndc_highce_eu,NIG,Final Energy|Industry|Non-Ferrous Metals|Aluminum|Gases,EJ/yr,2019,absent row,zero
ndc_highce_eu,NIG,Final Energy|Industry|Non-Ferrous Metals|Aluminum|Gases,EJ/yr,2024,absent row,zero
ndc_highce_eu,NIG,Final Energy|Industry|Non-Ferrous Metals|Aluminum|Gases,EJ/yr,2030,absent row,zero
ndc_highce_eu,NIG,Final Energy|Industry|Non-Ferrous Metals|Aluminum|Gases,EJ/yr,2035,absent row,zero
ndc_highce_eu,NIG,Final Energy|Industry|Non-Ferrous Metals|Aluminum|Gases,EJ/yr,2040,absent row,zero
ndc_highce_eu,NIG,Final Energy|Industry|Non-Ferrous Metals|Aluminum|Gases,EJ/yr,2050,absent row,zero
ndc_highce_eu,USA,Final Energy|Industry|Non-Ferrous Metals|Aluminum|Gases,EJ/yr,2050,blank cell,zero
ndc_highce_eu,AFE,Final Energy|Industry|Non-Ferrous Metals|Aluminum|Hydrogen,EJ/yr,2019,absent row,zero
ndc_highce_eu,AFE,Final Energy|Industry|Non-Ferrous Metals|Aluminum|Hydrogen,EJ/yr,2024,absent row,zero
ndc_highce_eu,AFE,Final Energy|Industry|Non-Ferrous Metals|Aluminum|Hydrogen,EJ/yr,2030,absent row,zero
ndc_highce_eu,AFE,Final Energy|Industry|Non-Ferrous Metals|Aluminum|Hydrogen,EJ/yr,2035,absent row,zero
ndc_highce_eu,AFE,Final Energy|Industry|Non-Ferrous Metals|Aluminum|Hydrogen,EJ/yr,2040,absent row,zero
ndc_highce_eu,AFE,Final Energy|Industry|Non-Ferrous Metals|Aluminum|Hydrogen,EJ/yr,2050,absent row,zero
ndc_highce_eu,AFN,Final Energy|Industry|Non-Ferrous Metals|Aluminum|Hydrogen,EJ/yr,2019,blank cell,zero
ndc_highce_eu,AFN,Final Energy|Industry|Non-Ferrous Metals|Aluminum|Hydrogen,EJ/yr,2024,blank cell,zero
ndc_highce_eu,AFW,Final Energy|Industry|Non-Ferrous Metals|Aluminum|Hydrogen,EJ/yr,2019,blank cell,zero
ndc_highce_eu,AFW,Final Energy|Industry|Non-Ferrous Metals|Aluminum|Hydrogen,EJ/yr,2024,blank cell,zero
ndc_highce_eu,AFW,Final Energy|Industry|Non-Ferrous Metals|Aluminum|Hydrogen,EJ/yr,2030,blank cell,zero
ndc_highce_eu,AFZ,Final Energy|Industry|Non-Ferrous Metals|Aluminum|Hydrogen,EJ/yr,2019,blank cell,zero
ndc_highce_eu,AFZ,Final Energy|Industry|Non-Ferrous Metals|Aluminum|Hydrogen,EJ/yr,2024,blank cell,zero
ndc_highce_eu,AFZ,Final Energy|Industry|Non-Ferrous Metals|Aluminum|Hydrogen,EJ/yr,2030,blank cell,zero
ndc_highce_eu,ANZ,Final Energy|Industry|Non-Ferrous Metals|Aluminum|Hydrogen,EJ/yr,2019,blank cell,zero
ndc_highce_eu,ANZ,Final Energy|Industry|Non-Ferrous Metals|Aluminum|Hydrogen,EJ/yr,2024,blank cell,zero
ndc_highce_eu,ANZ,Final Energy|Industry|Non-Ferrous Metals|Aluminum|Hydrogen,EJ/yr,2030,blank cell,zero
ndc_highce_eu,ASC,Final Energy|Industry|Non-Ferrous Metals|Aluminum|Hydrogen,EJ/yr,2019,blank cell,zero
ndc_highce_eu,ASC,Final Energy|Industry|Non-Ferrous Metals|Aluminum|Hydrogen,EJ/yr,2024,blank cell,zero
ndc_highce_eu,ASE,Final Energy|Industry|Non-Ferrous Metals|Aluminum|Hydrogen,EJ/yr,2019,blank cell,zero
ndc_highce_eu,ASE,Final Energy|Industry|Non-Ferrous Metals|Aluminum|Hydrogen,EJ/yr,2024,blank cell,zero
ndc_highce_eu,ASO,Final Energy|Industry|Non-Ferrous Metals|Aluminum|Hydrogen,EJ/yr,2019,absent row,zero
ndc_highce_eu,ASO,Final Energy|Industry|Non-Ferrous Metals|Aluminum|Hydrogen,EJ/yr,2024,absent row,zero
ndc_highce_eu,ASO,Final Energy|Industry|Non-Ferrous Metals|Aluminum|Hydrogen,EJ/yr,2030,absent row,zero
ndc_highce_eu,ASO,Final Energy|Industry|Non-Ferrous Metals|Aluminum|Hydrogen,EJ/yr,2035,absent row,zero
ndc_highce_eu,ASO,Final Energy|Industry|Non-Ferrous Metals|Aluminum|Hydrogen,EJ/yr,2040,absent row,zero
ndc_highce_eu,ASO,Final Energy|Industry|Non-Ferrous Metals|Aluminum|Hydrogen,EJ/yr,2050,absent row,zero
ndc_highce_eu,BRA,Final Energy|Industry|Non-Ferrous Metals|Aluminum|Hydrogen,EJ/yr,2019,blank cell,zero
ndc_highce_eu,BRA,Final Energy|Industry|Non-Ferrous Metals|Aluminum|Hydrogen,EJ/yr,2024,blank cell,zero
ndc_highce_eu,CAN,Final Energy|Industry|Non-Ferrous Metals|Aluminum|Hydrogen,EJ/yr,2019,blank cell,zero
ndc_highce_eu,CAN,Final Energy|Industry|Non-Ferrous Metals|Aluminum|Hydrogen,EJ/yr,2024,blank cell,zero
ndc_highce_eu,CHL,Final Energy|Industry|Non-Ferrous Metals|Aluminum|Hydrogen,EJ/yr,2019,absent row,zero
ndc_highce_eu,CHL,Final Energy|Industry|Non-Ferrous Metals|Aluminum|Hydrogen,EJ/yr,2024,absent row,zero
ndc_highce_eu,CHL,Final Energy|Industry|Non-Ferrous Metals|Aluminum|Hydrogen,EJ/yr,2030,absent row,zero
ndc_highce_eu,CHL,Final Energy|Industry|Non-Ferrous Metals|Aluminum|Hydrogen,EJ/yr,2035,absent row,zero
ndc_highce_eu,CHL,Final Energy|Industry|Non-Ferrous Metals|Aluminum|Hydrogen,EJ/yr,2040,absent row,zero
ndc_highce_eu,CHL,Final Energy|Industry|Non-Ferrous Metals|Aluminum|Hydrogen,EJ/yr,2050,absent row,zero
ndc_highce_eu,CHN,Final Energy|Industry|Non-Ferrous Metals|Aluminum|Hydrogen,EJ/yr,2019,blank cell,zero
ndc_highce_eu,CHN,Final Energy|Industry|Non-Ferrous Metals|Aluminum|Hydrogen,EJ/yr,2024,blank cell,zero
ndc_highce_eu,CHN,Final Energy|Industry|Non-Ferrous Metals|Aluminum|Hydrogen,EJ/yr,2030,blank cell,zero
ndc_highce_eu,ENE,Final Energy|Industry|Non-Ferrous Metals|Aluminum|Hydrogen,EJ/yr,2019,blank cell,zero
ndc_highce_eu,ENE,Final Energy|Industry|Non-Ferrous Metals|Aluminum|Hydrogen,EJ/yr,2024,blank cell,zero
ndc_highce_eu,ENW,Final Energy|Industry|Non-Ferrous Metals|Aluminum|Hydrogen,EJ/yr,2019,blank cell,zero
ndc_highce_eu,ENW,Final Energy|Industry|Non-Ferrous Metals|Aluminum|Hydrogen,EJ/yr,2024,blank cell,zero
ndc_highce_eu,ENW,Final Energy|Industry|Non-Ferrous Metals|Aluminum|Hydrogen,EJ/yr,2050,blank cell,zero
ndc_highce_eu,EUE,Final Energy|Industry|Non-Ferrous Metals|Aluminum|Hydrogen,EJ/yr,2019,blank cell,zero
ndc_highce_eu,EUE,Final Energy|Industry|Non-Ferrous Metals|Aluminum|Hydrogen,EJ/yr,2024,blank cell,zero
ndc_highce_eu,EUM,Final Energy|Industry|Non-Ferrous Metals|Aluminum|Hydrogen,EJ/yr,2019,blank cell,zero
ndc_highce_eu,EUM,Final Energy|Industry|Non-Ferrous Metals|Aluminum|Hydrogen,EJ/yr,2024,blank cell,zero
ndc_highce_eu,EUW,Final Energy|Industry|Non-Ferrous Metals|Aluminum|Hydrogen,EJ/yr,2019,blank cell,zero
ndc_highce_eu,EUW,Final Energy|Industry|Non-Ferrous Metals|Aluminum|Hydrogen,EJ/yr,2024,blank cell,zero
ndc_highce_eu,IDN,Final Energy|Industry|Non-Ferrous Metals|Aluminum|Hydrogen,EJ/yr,2019,blank cell,zero
ndc_highce_eu,IDN,Final Energy|Industry|Non-Ferrous Metals|Aluminum|Hydrogen,EJ/yr,2024,blank cell,zero
ndc_highce_eu,IND,Final Energy|Industry|Non-Ferrous Metals|Aluminum|Hydrogen,EJ/yr,2019,blank cell,zero
ndc_highce_eu,IND,Final Energy|Industry|Non-Ferrous Metals|Aluminum|Hydrogen,EJ/yr,2024,blank cell,zero
ndc_highce_eu,JPN,Final Energy|Industry|Non-Ferrous Metals|Aluminum|Hydrogen,EJ/yr,2019,blank cell,zero
ndc_highce_eu,JPN,Final Energy|Industry|Non-Ferrous Metals|Aluminum|Hydrogen,EJ/yr,2024,blank cell,zero
ndc_highce_eu,JPN,Final Energy|Industry|Non-Ferrous Metals|Aluminum|Hydrogen,EJ/yr,2030,blank cell,zero
ndc_highce_eu,LAM,Final Energy|Industry|Non-Ferrous Metals|Aluminum|Hydrogen,EJ/yr,2019,blank cell,zero
ndc_highce_eu,LAM,Final Energy|Industry|Non-Ferrous Metals|Aluminum|Hydrogen,EJ/yr,2024,blank cell,zero
ndc_highce_eu,MDA,Final Energy|Industry|Non-Ferrous Metals|Aluminum|Hydrogen,EJ/yr,2019,blank cell,zero
ndc_highce_eu,MDA,Final Energy|Industry|Non-Ferrous Metals|Aluminum|Hydrogen,EJ/yr,2024,blank cell,zero
ndc_highce_eu,MEA,Final Energy|Industry|Non-Ferrous Metals|Aluminum|Hydrogen,EJ/yr,2019,blank cell,zero
ndc_highce_eu,MEA,Final Energy|Industry|Non-Ferrous Metals|Aluminum|Hydrogen,EJ/yr,2024,blank cell,zero
ndc_highce_eu,MEX,Final Energy|Industry|Non-Ferrous Metals|Aluminum|Hydrogen,EJ/yr,2019,blank cell,zero
ndc_highce_eu,MEX,Final Energy|Industry|Non-Ferrous Metals|Aluminum|Hydrogen,EJ/yr,2024,blank cell,zero
ndc_highce_eu,MEX,Final Energy|Industry|Non-Ferrous Metals|Aluminum|Hydrogen,EJ/yr,2030,blank cell,zero
ndc_highce_eu,NIG,Final Energy|Industry|Non-Ferrous Metals|Aluminum|Hydrogen,EJ/yr,2019,absent row,zero
ndc_highce_eu,NIG,Final Energy|Industry|Non-Ferrous Metals|Aluminum|Hydrogen,EJ/yr,2024,absent row,zero
ndc_highce_eu,NIG,Final Energy|Industry|Non-Ferrous Metals|Aluminum|Hydrogen,EJ/yr,2030,absent row,zero
ndc_highce_eu,NIG,Final Energy|Industry|Non-Ferrous Metals|Aluminum|Hydrogen,EJ/yr,2035,absent row,zero
ndc_highce_eu,NIG,Final Energy|Industry|Non-Ferrous Metals|Aluminum|Hydrogen,EJ/yr,2040,absent row,zero
ndc_highce_eu,NIG,Final Energy|Industry|Non-Ferrous Metals|Aluminum|Hydrogen,EJ/yr,2050,absent row,zero
ndc_highce_eu,RUS,Final Energy|Industry|Non-Ferrous Metals|Aluminum|Hydrogen,EJ/yr,2019,blank cell,zero
ndc_highce_eu,RUS,Final Energy|Industry|Non-Ferrous Metals|Aluminum|Hydrogen,EJ/yr,2024,blank cell,zero
ndc_highce_eu,SKT,Final Energy|Industry|Non-Ferrous Metals|Aluminum|Hydrogen,EJ/yr,2019,blank cell,zero
ndc_highce_eu,SKT,Final Energy|Industry|Non-Ferrous Metals|Aluminum|Hydrogen,EJ/yr,2024,blank cell,zero
ndc_highce_eu,SKT,Final Energy|Industry|Non-Ferrous Metals|Aluminum|Hydrogen,EJ/yr,2030,blank cell,zero
ndc_highce_eu,USA,Final Energy|Industry|Non-Ferrous Metals|Aluminum|Hydrogen,EJ/yr,2019,blank cell,zero
ndc_highce_eu,USA,Final Energy|Industry|Non-Ferrous Metals|Aluminum|Hydrogen,EJ/yr,2024,blank cell,zero
ndc_highce_eu,AFE,Final Energy|Industry|Non-Ferrous Metals|Aluminum|Liquids,EJ/yr,2019,absent row,zero
ndc_highce_eu,AFE,Final Energy|Industry|Non-Ferrous Metals|Aluminum|Liquids,EJ/yr,2024,absent row,zero
ndc_highce_eu,AFE,Final Energy|Industry|Non-Ferrous Metals|Aluminum|Liquids,EJ/yr,2030,absent row,zero
ndc_highce_eu,AFE,Final Energy|Industry|Non-Ferrous Metals|Aluminum|Liquids,EJ/yr,2035,absent row,zero
ndc_highce_eu,AFE,Final Energy|Industry|Non-Ferrous Metals|Aluminum|Liquids,EJ/yr,2040,absent row,zero
ndc_highce_eu,AFE,Final Energy|Industry|Non-Ferrous Metals|Aluminum|Liquids,EJ/yr,2050,absent row,zero
ndc_highce_eu,AFN,Final Energy|Industry|Non-Ferrous Metals|Aluminum|Liquids,EJ/yr,2019,absent row,zero
ndc_highce_eu,AFN,Final Energy|Industry|Non-Ferrous Metals|Aluminum|Liquids,EJ/yr,2024,absent row,zero
ndc_highce_eu,AFN,Final Energy|Industry|Non-Ferrous Metals|Aluminum|Liquids,EJ/yr,2030,absent row,zero
ndc_highce_eu,AFN,Final Energy|Industry|Non-Ferrous Metals|Aluminum|Liquids,EJ/yr,2035,absent row,zero
ndc_highce_eu,AFN,Final Energy|Industry|Non-Ferrous Metals|Aluminum|Liquids,EJ/yr,2040,absent row,zero
ndc_highce_eu,AFN,Final Energy|Industry|Non-Ferrous Metals|Aluminum|Liquids,EJ/yr,2050,absent row,zero
ndc_highce_eu,AFW,Final Energy|Industry|Non-Ferrous Metals|Aluminum|Liquids,EJ/yr,2050,blank cell,zero
ndc_highce_eu,AFZ,Final Energy|Industry|Non-Ferrous Metals|Aluminum|Liquids,EJ/yr,2050,blank cell,zero
ndc_highce_eu,ANZ,Final Energy|Industry|Non-Ferrous Metals|Aluminum|Liquids,EJ/yr,2019,absent row,zero
ndc_highce_eu,ANZ,Final Energy|Industry|Non-Ferrous Metals|Aluminum|Liquids,EJ/yr,2024,absent row,zero
ndc_highce_eu,ANZ,Final Energy|Industry|Non-Ferrous Metals|Aluminum|Liquids,EJ/yr,2030,absent row,zero
ndc_highce_eu,ANZ,Final Energy|Industry|Non-Ferrous Metals|Aluminum|Liquids,EJ/yr,2035,absent row,zero
ndc_highce_eu,ANZ,Final Energy|Industry|Non-Ferrous Metals|Aluminum|Liquids,EJ/yr,2040,absent row,zero
ndc_highce_eu,ANZ,Final Energy|Industry|Non-Ferrous Metals|Aluminum|Liquids,EJ/yr,2050,absent row,zero
ndc_highce_eu,ASC,Final Energy|Industry|Non-Ferrous Metals|Aluminum|Liquids,EJ/yr,2050,blank cell,zero
ndc_highce_eu,ASE,Final Energy|Industry|Non-Ferrous Metals|Aluminum|Liquids,EJ/yr,2050,blank cell,zero
ndc_highce_eu,ASO,Final Energy|Industry|Non-Ferrous Metals|Aluminum|Liquids,EJ/yr,2019,absent row,zero
ndc_highce_eu,ASO,Final Energy|Industry|Non-Ferrous Metals|Aluminum|Liquids,EJ/yr,2024,absent row,zero
ndc_highce_eu,ASO,Final Energy|Industry|Non-Ferrous Metals|Aluminum|Liquids,EJ/yr,2030,absent row,zero
ndc_highce_eu,ASO,Final Energy|Industry|Non-Ferrous Metals|Aluminum|Liquids,EJ/yr,2035,absent row,zero
ndc_highce_eu,ASO,Final Energy|Industry|Non-Ferrous Metals|Aluminum|Liquids,EJ/yr,2040,absent row,zero
ndc_highce_eu,ASO,Final Energy|Industry|Non-Ferrous Metals|Aluminum|Liquids,EJ/yr,2050,absent row,zero
ndc_highce_eu,BRA,Final Energy|Industry|Non-Ferrous Metals|Aluminum|Liquids,EJ/yr,2040,blank cell,zero
ndc_highce_eu,BRA,Final Energy|Industry|Non-Ferrous Metals|Aluminum|Liquids,EJ/yr,2050,blank cell,zero
ndc_highce_eu,CAN,Final Energy|Industry|Non-Ferrous Metals|Aluminum|Liquids,EJ/yr,2019,absent row,zero
ndc_highce_eu,CAN,Final Energy|Industry|Non-Ferrous Metals|Aluminum|Liquids,EJ/yr,2024,absent row,zero
ndc_highce_eu,CAN,Final Energy|Industry|Non-Ferrous Metals|Aluminum|Liquids,EJ/yr,2030,absent row,zero
ndc_highce_eu,CAN,Final Energy|Industry|Non-Ferrous Metals|Aluminum|Liquids,EJ/yr,2035,absent row,zero
ndc_highce_eu,CAN,Final Energy|Industry|Non-Ferrous Metals|Aluminum|Liquids,EJ/yr,2040,absent row,zero
ndc_highce_eu,CAN,Final Energy|Industry|Non-Ferrous Metals|Aluminum|Liquids,EJ/yr,2050,absent row,zero
ndc_highce_eu,CHL,Final Energy|Industry|Non-Ferrous Metals|Aluminum|Liquids,EJ/yr,2019,absent row,zero
ndc_highce_eu,CHL,Final Energy|Industry|Non-Ferrous Metals|Aluminum|Liquids,EJ/yr,2024,absent row,zero
ndc_highce_eu,CHL,Final Energy|Industry|Non-Ferrous Metals|Aluminum|Liquids,EJ/yr,2030,absent row,zero
ndc_highce_eu,CHL,Final Energy|Industry|Non-Ferrous Metals|Aluminum|Liquids,EJ/yr,2035,absent row,zero
ndc_highce_eu,CHL,Final Energy|Industry|Non-Ferrous Metals|Aluminum|Liquids,EJ/yr,2040,absent row,zero
ndc_highce_eu,CHL,Final Energy|Industry|Non-Ferrous Metals|Aluminum|Liquids,EJ/yr,2050,absent row,zero
ndc_highce_eu,CHN,Final Energy|Industry|Non-Ferrous Metals|Aluminum|Liquids,EJ/yr,2050,blank cell,zero
ndc_highce_eu,ENE,Final Energy|Industry|Non-Ferrous Metals|Aluminum|Liquids,EJ/yr,2019,absent row,zero
ndc_highce_eu,ENE,Final Energy|Industry|Non-Ferrous Metals|Aluminum|Liquids,EJ/yr,2024,absent row,zero
ndc_highce_eu,ENE,Final Energy|Industry|Non-Ferrous Metals|Aluminum|Liquids,EJ/yr,2030,absent row,zero
ndc_highce_eu,ENE,Final Energy|Industry|Non-Ferrous Metals|Aluminum|Liquids,EJ/yr,2035,absent row,zero
ndc_highce_eu,ENE,Final Energy|Industry|Non-Ferrous Metals|Aluminum|Liquids,EJ/yr,2040,absent row,zero
ndc_highce_eu,ENE,Final Energy|Industry|Non-Ferrous Metals|Aluminum|Liquids,EJ/yr,2050,absent row,zero
ndc_highce_eu,ENW,Final Energy|Industry|Non-Ferrous Metals|Aluminum|Liquids,EJ/yr,2019,absent row,zero
ndc_highce_eu,ENW,Final Energy|Industry|Non-Ferrous Metals|Aluminum|Liquids,EJ/yr,2024,absent row,zero
ndc_highce_eu,ENW,Final Energy|Industry|Non-Ferrous Metals|Aluminum|Liquids,EJ/yr,2030,absent row,zero
ndc_highce_eu,ENW,Final Energy|Industry|Non-Ferrous Metals|Aluminum|Liquids,EJ/yr,2035,absent row,zero
ndc_highce_eu,ENW,Final Energy|Industry|Non-Ferrous Metals|Aluminum|Liquids,EJ/yr,2040,absent row,zero
ndc_highce_eu,ENW,Final Energy|Industry|Non-Ferrous Metals|Aluminum|Liquids,EJ/yr,2050,absent row,zero
ndc_highce_eu,EUE,Final Energy|Industry|Non-Ferrous Metals|Aluminum|Liquids,EJ/yr,2019,absent row,zero
ndc_highce_eu,EUE,Final Energy|Industry|Non-Ferrous Metals|Aluminum|Liquids,EJ/yr,2024,absent row,zero
ndc_highce_eu,EUE,Final Energy|Industry|Non-Ferrous Metals|Aluminum|Liquids,EJ/yr,2030,absent row,zero
ndc_highce_eu,EUE,Final Energy|Industry|Non-Ferrous Metals|Aluminum|Liquids,EJ/yr,2035,absent row,zero
ndc_highce_eu,EUE,Final Energy|Industry|Non-Ferrous Metals|Aluminum|Liquids,EJ/yr,2040,absent row,zero
ndc_highce_eu,EUE,Final Energy|Industry|Non-Ferrous Metals|Aluminum|Liquids,EJ/yr,2050,absent row,zero
ndc_highce_eu,EUM,Final Energy|Industry|Non-Ferrous Metals|Aluminum|Liquids,EJ/yr,2019,absent row,zero
ndc_highce_eu,EUM,Final Energy|Industry|Non-Ferrous Metals|Aluminum|Liquids,EJ/yr,2024,absent row,zero
ndc_highce_eu,EUM,Final Energy|Industry|Non-Ferrous Metals|Aluminum|Liquids,EJ/yr,2030,absent row,zero
ndc_highce_eu,EUM,Final Energy|Industry|Non-Ferrous Metals|Aluminum|Liquids,EJ/yr,2035,absent row,zero
ndc_highce_eu,EUM,Final Energy|Industry|Non-Ferrous Metals|Aluminum|Liquids,EJ/yr,2040,absent row,zero
ndc_highce_eu,EUM,Final Energy|Industry|Non-Ferrous Metals|Aluminum|Liquids,EJ/yr,2050,absent row,zero
ndc_highce_eu,EUW,Final Energy|Industry|Non-Ferrous Metals|Aluminum|Liquids,EJ/yr,2019,absent row,zero
ndc_highce_eu,EUW,Final Energy|Industry|Non-Ferrous Metals|Aluminum|Liquids,EJ/yr,2024,absent row,zero
ndc_highce_eu,EUW,Final Energy|Industry|Non-Ferrous Metals|Aluminum|Liquids,EJ/yr,2030,absent row,zero
ndc_highce_eu,EUW,Final Energy|Industry|Non-Ferrous Metals|Aluminum|Liquids,EJ/yr,2035,absent row,zero
ndc_highce_eu,EUW,Final Energy|Industry|Non-Ferrous Metals|Aluminum|Liquids,EJ/yr,2040,absent row,zero
ndc_highce_eu,EUW,Final Energy|Industry|Non-Ferrous Metals|Aluminum|Liquids,EJ/yr,2050,absent row,zero
ndc_highce_eu,IDN,Final Energy|Industry|Non-Ferrous Metals|Aluminum|Liquids,EJ/yr,2050,blank cell,zero
ndc_highce_eu,IND,Final Energy|Industry|Non-Ferrous Metals|Aluminum|Liquids,EJ/yr,2050,blank cell,zero
ndc_highce_eu,JPN,Final Energy|Industry|Non-Ferrous Metals|Aluminum|Liquids,EJ/yr,2019,absent row,zero
ndc_highce_eu,JPN,Final Energy|Industry|Non-Ferrous Metals|Aluminum|Liquids,EJ/yr,2024,absent row,zero
ndc_highce_eu,JPN,Final Energy|Industry|Non-Ferrous Metals|Aluminum|Liquids,EJ/yr,2030,absent row,zero
ndc_highce_eu,JPN,Final Energy|Industry|Non-Ferrous Metals|Aluminum|Liquids,EJ/yr,2035,absent row,zero
ndc_highce_eu,JPN,Final Energy|Industry|Non-Ferrous Metals|Aluminum|Liquids,EJ/yr,2040,absent row,zero
ndc_highce_eu,JPN,Final Energy|Industry|Non-Ferrous Metals|Aluminum|Liquids,EJ/yr,2050,absent row,zero
ndc_highce_eu,LAM,Final Energy|Industry|Non-Ferrous Metals|Aluminum|Liquids,EJ/yr,2050,blank cell,zero
ndc_highce_eu,MDA,Final Energy|Industry|Non-Ferrous Metals|Aluminum|Liquids,EJ/yr,2050,blank cell,zero
ndc_highce_eu,MEA,Final Energy|Industry|Non-Ferrous Metals|Aluminum|Liquids,EJ/yr,2019,absent row,zero
ndc_highce_eu,MEA,Final Energy|Industry|Non-Ferrous Metals|Aluminum|Liquids,EJ/yr,2024,absent row,zero
ndc_highce_eu,MEA,Final Energy|Industry|Non-Ferrous Metals|Aluminum|Liquids,EJ/yr,2030,absent row,zero
ndc_highce_eu,MEA,Final Energy|Industry|Non-Ferrous Metals|Aluminum|Liquids,EJ/yr,2035,absent row,zero
ndc_highce_eu,MEA,Final Energy|Industry|Non-Ferrous Metals|Aluminum|Liquids,EJ/yr,2040,absent row,zero
ndc_highce_eu,MEA,Final Energy|Industry|Non-Ferrous Metals|Aluminum|Liquids,EJ/yr,2050,absent row,zero
ndc_highce_eu,MEX,Final Energy|Industry|Non-Ferrous Metals|Aluminum|Liquids,EJ/yr,2019,absent row,zero
ndc_highce_eu,MEX,Final Energy|Industry|Non-Ferrous Metals|Aluminum|Liquids,EJ/yr,2024,absent row,zero
ndc_highce_eu,MEX,Final Energy|Industry|Non-Ferrous Metals|Aluminum|Liquids,EJ/yr,2030,absent row,zero
ndc_highce_eu,MEX,Final Energy|Industry|Non-Ferrous Metals|Aluminum|Liquids,EJ/yr,2035,absent row,zero
ndc_highce_eu,MEX,Final Energy|Industry|Non-Ferrous Metals|Aluminum|Liquids,EJ/yr,2040,absent row,zero
ndc_highce_eu,MEX,Final Energy|Industry|Non-Ferrous Metals|Aluminum|Liquids,EJ/yr,2050,absent row,zero
ndc_highce_eu,NIG,Final Energy|Industry|Non-Ferrous Metals|Aluminum|Liquids,EJ/yr,2019,absent row,zero
ndc_highce_eu,NIG,Final Energy|Industry|Non-Ferrous Metals|Aluminum|Liquids,EJ/yr,2024,absent row,zero
ndc_highce_eu,NIG,Final Energy|Industry|Non-Ferrous Metals|Aluminum|Liquids,EJ/yr,2030,absent row,zero
ndc_highce_eu,NIG,Final Energy|Industry|Non-Ferrous Metals|Aluminum|Liquids,EJ/yr,2035,absent row,zero
ndc_highce_eu,NIG,Final Energy|Industry|Non-Ferrous Metals|Aluminum|Liquids,EJ/yr,2040,absent row,zero
ndc_highce_eu,NIG,Final Energy|Industry|Non-Ferrous Metals|Aluminum|Liquids,EJ/yr,2050,absent row,zero
ndc_highce_eu,RUS,Final Energy|Industry|Non-Ferrous Metals|Aluminum|Liquids,EJ/yr,2019,absent row,zero
ndc_highce_eu,RUS,Final Energy|Industry|Non-Ferrous Metals|Aluminum|Liquids,EJ/yr,2024,absent row,zero
ndc_highce_eu,RUS,Final Energy|Industry|Non-Ferrous Metals|Aluminum|Liquids,EJ/yr,2030,absent row,zero
ndc_highce_eu,RUS,Final Energy|Industry|Non-Ferrous Metals|Aluminum|Liquids,EJ/yr,2035,absent row,zero
ndc_highce_eu,RUS,Final Energy|Industry|Non-Ferrous Metals|Aluminum|Liquids,EJ/yr,2040,absent row,zero
ndc_highce_eu,RUS,Final Energy|Industry|Non-Ferrous Metals|Aluminum|Liquids,EJ/yr,2050,absent row,zero
ndc_highce_eu,SKT,Final Energy|Industry|Non-Ferrous Metals|Aluminum|Liquids,EJ/yr,2019,absent row,zero
ndc_highce_eu,SKT,Final Energy|Industry|Non-Ferrous Metals|Aluminum|Liquids,EJ/yr,2024,absent row,zero
ndc_highce_eu,SKT,Final Energy|Industry|Non-Ferrous Metals|Aluminum|Liquids,EJ/yr,2030,absent row,zero
ndc_highce_eu,SKT,Final Energy|Industry|Non-Ferrous Metals|Aluminum|Liquids,EJ/yr,2035,absent row,zero
ndc_highce_eu,SKT,Final Energy|Industry|Non-Ferrous Metals|Aluminum|Liquids,EJ/yr,2040,absent row,zero
ndc_highce_eu,SKT,Final Energy|Industry|Non-Ferrous Metals|Aluminum|Liquids,EJ/yr,2050,absent row,zero
ndc_highce_eu,USA,Final Energy|Industry|Non-Ferrous Metals|Aluminum|Liquids,EJ/yr,2019,absent row,zero
ndc_highce_eu,USA,Final Energy|Industry|Non-Ferrous Metals|Aluminum|Liquids,EJ/yr,2024,absent row,zero
ndc_highce_eu,USA,Final Energy|Industry|Non-Ferrous Metals|Aluminum|Liquids,EJ/yr,2030,absent row,zero
ndc_highce_eu,USA,Final Energy|Industry|Non-Ferrous Metals|Aluminum|Liquids,EJ/yr,2035,absent row,zero
ndc_highce_eu,USA,Final Energy|Industry|Non-Ferrous Metals|Aluminum|Liquids,EJ/yr,2040,absent row,zero
ndc_highce_eu,USA,Final Energy|Industry|Non-Ferrous Metals|Aluminum|Liquids,EJ/yr,2050,absent row,zero
ndc_highce_eu,AFE,Final Energy|Industry|Non-Ferrous Metals|Aluminum|Solids,EJ/yr,2019,absent row,zero
ndc_highce_eu,AFE,Final Energy|Industry|Non-Ferrous Metals|Aluminum|Solids,EJ/yr,2024,absent row,zero
ndc_highce_eu,AFE,Final Energy|Industry|Non-Ferrous Metals|Aluminum|Solids,EJ/yr,2030,absent row,zero
ndc_highce_eu,AFE,Final Energy|Industry|Non-Ferrous Metals|Aluminum|Solids,EJ/yr,2035,absent row,zero
ndc_highce_eu,AFE,Final Energy|Industry|Non-Ferrous Metals|Aluminum|Solids,EJ/yr,2040,absent row,zero
ndc_highce_eu,AFE,Final Energy|Industry|Non-Ferrous Metals|Aluminum|Solids,EJ/yr,2050,absent row,zero
ndc_highce_eu,AFN,Final Energy|Industry|Non-Ferrous Metals|Aluminum|Solids,EJ/yr,2019,absent row,zero
ndc_highce_eu,AFN,Final Energy|Industry|Non-Ferrous Metals|Aluminum|Solids,EJ/yr,2024,absent row,zero
ndc_highce_eu,AFN,Final Energy|Industry|Non-Ferrous Metals|Aluminum|Solids,EJ/yr,2030,absent row,zero
ndc_highce_eu,AFN,Final Energy|Industry|Non-Ferrous Metals|Aluminum|Solids,EJ/yr,2035,absent row,zero
ndc_highce_eu,AFN,Final Energy|Industry|Non-Ferrous Metals|Aluminum|Solids,EJ/yr,2040,absent row,zero
ndc_highce_eu,AFN,Final Energy|Industry|Non-Ferrous Metals|Aluminum|Solids,EJ/yr,2050,absent row,zero
ndc_highce_eu,AFW,Final Energy|Industry|Non-Ferrous Metals|Aluminum|Solids,EJ/yr,2050,blank cell,zero
ndc_highce_eu,AFZ,Final Energy|Industry|Non-Ferrous Metals|Aluminum|Solids,EJ/yr,2050,blank cell,zero
ndc_highce_eu,ANZ,Final Energy|Industry|Non-Ferrous Metals|Aluminum|Solids,EJ/yr,2050,blank cell,zero
ndc_highce_eu,ASC,Final Energy|Industry|Non-Ferrous Metals|Aluminum|Solids,EJ/yr,2050,blank cell,zero
ndc_highce_eu,ASE,Final Energy|Industry|Non-Ferrous Metals|Aluminum|Solids,EJ/yr,2050,blank cell,zero
ndc_highce_eu,ASO,Final Energy|Industry|Non-Ferrous Metals|Aluminum|Solids,EJ/yr,2019,absent row,zero
ndc_highce_eu,ASO,Final Energy|Industry|Non-Ferrous Metals|Aluminum|Solids,EJ/yr,2024,absent row,zero
ndc_highce_eu,ASO,Final Energy|Industry|Non-Ferrous Metals|Aluminum|Solids,EJ/yr,2030,absent row,zero
ndc_highce_eu,ASO,Final Energy|Industry|Non-Ferrous Metals|Aluminum|Solids,EJ/yr,2035,absent row,zero
ndc_highce_eu,ASO,Final Energy|Industry|Non-Ferrous Metals|Aluminum|Solids,EJ/yr,2040,absent row,zero
ndc_highce_eu,ASO,Final Energy|Industry|Non-Ferrous Metals|Aluminum|Solids,EJ/yr,2050,absent row,zero
ndc_highce_eu,BRA,Final Energy|Industry|Non-Ferrous Metals|Aluminum|Solids,EJ/yr,2040,blank cell,zero
ndc_highce_eu,BRA,Final Energy|Industry|Non-Ferrous Metals|Aluminum|Solids,EJ/yr,2050,blank cell,zero
ndc_highce_eu,CAN,Final Energy|Industry|Non-Ferrous Metals|Aluminum|Solids,EJ/yr,2019,absent row,zero
ndc_highce_eu,CAN,Final Energy|Industry|Non-Ferrous Metals|Aluminum|Solids,EJ/yr,2024,absent row,zero
ndc_highce_eu,CAN,Final Energy|Industry|Non-Ferrous Metals|Aluminum|Solids,EJ/yr,2030,absent row,zero
ndc_highce_eu,CAN,Final Energy|Industry|Non-Ferrous Metals|Aluminum|Solids,EJ/yr,2035,absent row,zero
ndc_highce_eu,CAN,Final Energy|Industry|Non-Ferrous Metals|Aluminum|Solids,EJ/yr,2040,absent row,zero
ndc_highce_eu,CAN,Final Energy|Industry|Non-Ferrous Metals|Aluminum|Solids,EJ/yr,2050,absent row,zero
ndc_highce_eu,CHL,Final Energy|Industry|Non-Ferrous Metals|Aluminum|Solids,EJ/yr,2019,absent row,zero
ndc_highce_eu,CHL,Final Energy|Industry|Non-Ferrous Metals|Aluminum|Solids,EJ/yr,2024,absent row,zero
ndc_highce_eu,CHL,Final Energy|Industry|Non-Ferrous Metals|Aluminum|Solids,EJ/yr,2030,absent row,zero
ndc_highce_eu,CHL,Final Energy|Industry|Non-Ferrous Metals|Aluminum|Solids,EJ/yr,2035,absent row,zero
ndc_highce_eu,CHL,Final Energy|Industry|Non-Ferrous Metals|Aluminum|Solids,EJ/yr,2040,absent row,zero
ndc_highce_eu,CHL,Final Energy|Industry|Non-Ferrous Metals|Aluminum|Solids,EJ/yr,2050,absent row,zero
ndc_highce_eu,CHN,Final Energy|Industry|Non-Ferrous Metals|Aluminum|Solids,EJ/yr,2050,blank cell,zero
ndc_highce_eu,ENE,Final Energy|Industry|Non-Ferrous Metals|Aluminum|Solids,EJ/yr,2019,absent row,zero
ndc_highce_eu,ENE,Final Energy|Industry|Non-Ferrous Metals|Aluminum|Solids,EJ/yr,2024,absent row,zero
ndc_highce_eu,ENE,Final Energy|Industry|Non-Ferrous Metals|Aluminum|Solids,EJ/yr,2030,absent row,zero
ndc_highce_eu,ENE,Final Energy|Industry|Non-Ferrous Metals|Aluminum|Solids,EJ/yr,2035,absent row,zero
ndc_highce_eu,ENE,Final Energy|Industry|Non-Ferrous Metals|Aluminum|Solids,EJ/yr,2040,absent row,zero
ndc_highce_eu,ENE,Final Energy|Industry|Non-Ferrous Metals|Aluminum|Solids,EJ/yr,2050,absent row,zero
ndc_highce_eu,ENW,Final Energy|Industry|Non-Ferrous Metals|Aluminum|Solids,EJ/yr,2019,absent row,zero
ndc_highce_eu,ENW,Final Energy|Industry|Non-Ferrous Metals|Aluminum|Solids,EJ/yr,2024,absent row,zero
ndc_highce_eu,ENW,Final Energy|Industry|Non-Ferrous Metals|Aluminum|Solids,EJ/yr,2030,absent row,zero
ndc_highce_eu,ENW,Final Energy|Industry|Non-Ferrous Metals|Aluminum|Solids,EJ/yr,2035,absent row,zero
ndc_highce_eu,ENW,Final Energy|Industry|Non-Ferrous Metals|Aluminum|Solids,EJ/yr,2040,absent row,zero
ndc_highce_eu,ENW,Final Energy|Industry|Non-Ferrous Metals|Aluminum|Solids,EJ/yr,2050,absent row,zero
ndc_highce_eu,EUE,Final Energy|Industry|Non-Ferrous Metals|Aluminum|Solids,EJ/yr,2019,absent row,zero
ndc_highce_eu,EUE,Final Energy|Industry|Non-Ferrous Metals|Aluminum|Solids,EJ/yr,2024,absent row,zero
ndc_highce_eu,EUE,Final Energy|Industry|Non-Ferrous Metals|Aluminum|Solids,EJ/yr,2030,absent row,zero
ndc_highce_eu,EUE,Final Energy|Industry|Non-Ferrous Metals|Aluminum|Solids,EJ/yr,2035,absent row,zero
ndc_highce_eu,EUE,Final Energy|Industry|Non-Ferrous Metals|Aluminum|Solids,EJ/yr,2040,absent row,zero
ndc_highce_eu,EUE,Final Energy|Industry|Non-Ferrous Metals|Aluminum|Solids,EJ/yr,2050,absent row,zero
ndc_highce_eu,EUM,Final Energy|Industry|Non-Ferrous Metals|Aluminum|Solids,EJ/yr,2019,absent row,zero
ndc_highce_eu,EUM,Final Energy|Industry|Non-Ferrous Metals|Aluminum|Solids,EJ/yr,2024,absent row,zero
ndc_highce_eu,EUM,Final Energy|Industry|Non-Ferrous Metals|Aluminum|Solids,EJ/yr,2030,absent row,zero
ndc_highce_eu,EUM,Final Energy|Industry|Non-Ferrous Metals|Aluminum|Solids,EJ/yr,2035,absent row,zero
ndc_highce_eu,EUM,Final Energy|Industry|Non-Ferrous Metals|Aluminum|Solids,EJ/yr,2040,absent row,zero
ndc_highce_eu,EUM,Final Energy|Industry|Non-Ferrous Metals|Aluminum|Solids,EJ/yr,2050,absent row,zero
ndc_highce_eu,EUW,Final Energy|Industry|Non-Ferrous Metals|Aluminum|Solids,EJ/yr,2019,absent row,zero
ndc_highce_eu,EUW,Final Energy|Industry|Non-Ferrous Metals|Aluminum|Solids,EJ/yr,2024,absent row,zero
ndc_highce_eu,EUW,Final Energy|Industry|Non-Ferrous Metals|Aluminum|Solids,EJ/yr,2030,absent row,zero
ndc_highce_eu,EUW,Final Energy|Industry|Non-Ferrous Metals|Aluminum|Solids,EJ/yr,2035,absent row,zero
ndc_highce_eu,EUW,Final Energy|Industry|Non-Ferrous Metals|Aluminum|Solids,EJ/yr,2040,absent row,zero
ndc_highce_eu,EUW,Final Energy|Industry|Non-Ferrous Metals|Aluminum|Solids,EJ/yr,2050,absent row,zero
ndc_highce_eu,IDN,Final Energy|Industry|Non-Ferrous Metals|Aluminum|Solids,EJ/yr,2050,blank cell,zero
ndc_highce_eu,IND,Final Energy|Industry|Non-Ferrous Metals|Aluminum|Solids,EJ/yr,2050,blank cell,zero
ndc_highce_eu,JPN,Final Energy|Industry|Non-Ferrous Metals|Aluminum|Solids,EJ/yr,2019,absent row,zero
ndc_highce_eu,JPN,Final Energy|Industry|Non-Ferrous Metals|Aluminum|Solids,EJ/yr,2024,absent row,zero
ndc_highce_eu,JPN,Final Energy|Industry|Non-Ferrous Metals|Aluminum|Solids,EJ/yr,2030,absent row,zero
ndc_highce_eu,JPN,Final Energy|Industry|Non-Ferrous Metals|Aluminum|Solids,EJ/yr,2035,absent row,zero
ndc_highce_eu,JPN,Final Energy|Industry|Non-Ferrous Metals|Aluminum|Solids,EJ/yr,2040,absent row,zero
ndc_highce_eu,JPN,Final Energy|Industry|Non-Ferrous Metals|Aluminum|Solids,EJ/yr,2050,absent row,zero
ndc_highce_eu,LAM,Final Energy|Industry|Non-Ferrous Metals|Aluminum|Solids,EJ/yr,2050,blank cell,zero
ndc_highce_eu,MDA,Final Energy|Industry|Non-Ferrous Metals|Aluminum|Solids,EJ/yr,2050,blank cell,zero
ndc_highce_eu,MEA,Final Energy|Industry|Non-Ferrous Metals|Aluminum|Solids,EJ/yr,2019,absent row,zero
ndc_highce_eu,MEA,Final Energy|Industry|Non-Ferrous Metals|Aluminum|Solids,EJ/yr,2024,absent row,zero
ndc_highce_eu,MEA,Final Energy|Industry|Non-Ferrous Metals|Aluminum|Solids,EJ/yr,2030,absent row,zero
ndc_highce_eu,MEA,Final Energy|Industry|Non-Ferrous Metals|Aluminum|Solids,EJ/yr,2035,absent row,zero
ndc_highce_eu,MEA,Final Energy|Industry|Non-Ferrous Metals|Aluminum|Solids,EJ/yr,2040,absent row,zero
ndc_highce_eu,MEA,Final Energy|Industry|Non-Ferrous Metals|Aluminum|Solids,EJ/yr,2050,absent row,zero
ndc_highce_eu,MEX,Final Energy|Industry|Non-Ferrous Metals|Aluminum|Solids,EJ/yr,2019,absent row,zero
ndc_highce_eu,MEX,Final Energy|Industry|Non-Ferrous Metals|Aluminum|Solids,EJ/yr,2024,absent row,zero
ndc_highce_eu,MEX,Final Energy|Industry|Non-Ferrous Metals|Aluminum|Solids,EJ/yr,2030,absent row,zero
ndc_highce_eu,MEX,Final Energy|Industry|Non-Ferrous Metals|Aluminum|Solids,EJ/yr,2035,absent row,zero
ndc_highce_eu,MEX,Final Energy|Industry|Non-Ferrous Metals|Aluminum|Solids,EJ/yr,2040,absent row,zero
ndc_highce_eu,MEX,Final Energy|Industry|Non-Ferrous Metals|Aluminum|Solids,EJ/yr,2050,absent row,zero
ndc_highce_eu,NIG,Final Energy|Industry|Non-Ferrous Metals|Aluminum|Solids,EJ/yr,2019,absent row,zero
ndc_highce_eu,NIG,Final Energy|Industry|Non-Ferrous Metals|Aluminum|Solids,EJ/yr,2024,absent row,zero
ndc_highce_eu,NIG,Final Energy|Industry|Non-Ferrous Metals|Aluminum|Solids,EJ/yr,2030,absent row,zero
ndc_highce_eu,NIG,Final Energy|Industry|Non-Ferrous Metals|Aluminum|Solids,EJ/yr,2035,absent row,zero
ndc_highce_eu,NIG,Final Energy|Industry|Non-Ferrous Metals|Aluminum|Solids,EJ/yr,2040,absent row,zero
ndc_highce_eu,NIG,Final Energy|Industry|Non-Ferrous Metals|Aluminum|Solids,EJ/yr,2050,absent row,zero
ndc_highce_eu,RUS,Final Energy|Industry|Non-Ferrous Metals|Aluminum|Solids,EJ/yr,2019,absent row,zero
ndc_highce_eu,RUS,Final Energy|Industry|Non-Ferrous Metals|Aluminum|Solids,EJ/yr,2024,absent row,zero
ndc_highce_eu,RUS,Final Energy|Industry|Non-Ferrous Metals|Aluminum|Solids,EJ/yr,2030,absent row,zero
ndc_highce_eu,RUS,Final Energy|Industry|Non-Ferrous Metals|Aluminum|Solids,EJ/yr,2035,absent row,zero
ndc_highce_eu,RUS,Final Energy|Industry|Non-Ferrous Metals|Aluminum|Solids,EJ/yr,2040,absent row,zero
ndc_highce_eu,RUS,Final Energy|Industry|Non-Ferrous Metals|Aluminum|Solids,EJ/yr,2050,absent row,zero
ndc_highce_eu,SKT,Final Energy|Industry|Non-Ferrous Metals|Aluminum|Solids,EJ/yr,2019,absent row,zero
ndc_highce_eu,SKT,Final Energy|Industry|Non-Ferrous Metals|Aluminum|Solids,EJ/yr,2024,absent row,zero
ndc_highce_eu,SKT,Final Energy|Industry|Non-Ferrous Metals|Aluminum|Solids,EJ/yr,2030,absent row,zero
ndc_highce_eu,SKT,Final Energy|Industry|Non-Ferrous Metals|Aluminum|Solids,EJ/yr,2035,absent row,zero
ndc_highce_eu,SKT,Final Energy|Industry|Non-Ferrous Metals|Aluminum|Solids,EJ/yr,2040,absent row,zero
ndc_highce_eu,SKT,Final Energy|Industry|Non-Ferrous Metals|Aluminum|Solids,EJ/yr,2050,absent row,zero
ndc_highce_eu,USA,Final Energy|Industry|Non-Ferrous Metals|Aluminum|Solids,EJ/yr,2019,absent row,zero
ndc_highce_eu,USA,Final Energy|Industry|Non-Ferrous Metals|Aluminum|Solids,EJ/yr,2024,absent row,zero
ndc_highce_eu,USA,Final Energy|Industry|Non-Ferrous Metals|Aluminum|Solids,EJ/yr,2030,absent row,zero
ndc_highce_eu,USA,Final Energy|Industry|Non-Ferrous Metals|Aluminum|Solids,EJ/yr,2035,absent row,zero
ndc_highce_eu,USA,Final Energy|Industry|Non-Ferrous Metals|Aluminum|Solids,EJ/yr,2040,absent row,zero
ndc_highce_eu,USA,Final Energy|Industry|Non-Ferrous Metals|Aluminum|Solids,EJ/yr,2050,absent row,zero
ndc_highce_eu,AFE,Emissions|GHG|Industry|Non-Ferrous Metals|Aluminum,MtCO2e/yr,2019,absent row,zero
ndc_highce_eu,AFE,Emissions|GHG|Industry|Non-Ferrous Metals|Aluminum,MtCO2e/yr,2024,absent row,zero
ndc_highce_eu,AFE,Emissions|GHG|Industry|Non-Ferrous Metals|Aluminum,MtCO2e/yr,2030,absent row,zero
ndc_highce_eu,AFE,Emissions|GHG|Industry|Non-Ferrous Metals|Aluminum,MtCO2e/yr,2035,absent row,zero
ndc_highce_eu,AFE,Emissions|GHG|Industry|Non-Ferrous Metals|Aluminum,MtCO2e/yr,2040,absent row,zero
ndc_highce_eu,AFE,Emissions|GHG|Industry|Non-Ferrous Metals|Aluminum,MtCO2e/yr,2050,absent row,zero
ndc_highce_eu,ANZ,Emissions|GHG|Industry|Non-Ferrous Metals|Aluminum,MtCO2e/yr,2050,blank cell,zero
ndc_highce_eu,ASO,Emissions|GHG|Industry|Non-Ferrous Metals|Aluminum,MtCO2e/yr,2019,absent row,zero
ndc_highce_eu,ASO,Emissions|GHG|Industry|Non-Ferrous Metals|Aluminum,MtCO2e/yr,2024,absent row,zero
ndc_highce_eu,ASO,Emissions|GHG|Industry|Non-Ferrous Metals|Aluminum,MtCO2e/yr,2030,absent row,zero
ndc_highce_eu,ASO,Emissions|GHG|Industry|Non-Ferrous Metals|Aluminum,MtCO2e/yr,2035,absent row,zero
ndc_highce_eu,ASO,Emissions|GHG|Industry|Non-Ferrous Metals|Aluminum,MtCO2e/yr,2040,absent row,zero
ndc_highce_eu,ASO,Emissions|GHG|Industry|Non-Ferrous Metals|Aluminum,MtCO2e/yr,2050,absent row,zero
ndc_highce_eu,CHL,Emissions|GHG|Industry|Non-Ferrous Metals|Aluminum,MtCO2e/yr,2019,absent row,zero
ndc_highce_eu,CHL,Emissions|GHG|Industry|Non-Ferrous Metals|Aluminum,MtCO2e/yr,2024,absent row,zero
ndc_highce_eu,CHL,Emissions|GHG|Industry|Non-Ferrous Metals|Aluminum,MtCO2e/yr,2030,absent row,zero
ndc_highce_eu,CHL,Emissions|GHG|Industry|Non-Ferrous Metals|Aluminum,MtCO2e/yr,2035,absent row,zero
ndc_highce_eu,CHL,Emissions|GHG|Industry|Non-Ferrous Metals|Aluminum,MtCO2e/yr,2040,absent row,zero
ndc_highce_eu,CHL,Emissions|GHG|Industry|Non-Ferrous Metals|Aluminum,MtCO2e/yr,2050,absent row,zero
ndc_highce_eu,ENW,Emissions|GHG|Industry|Non-Ferrous Metals|Aluminum,MtCO2e/yr,2050,blank cell,zero
ndc_highce_eu,NIG,Emissions|GHG|Industry|Non-Ferrous Metals|Aluminum,MtCO2e/yr,2019,absent row,zero
ndc_highce_eu,NIG,Emissions|GHG|Industry|Non-Ferrous Metals|Aluminum,MtCO2e/yr,2024,absent row,zero
ndc_highce_eu,NIG,Emissions|GHG|Industry|Non-Ferrous Metals|Aluminum,MtCO2e/yr,2030,absent row,zero
ndc_highce_eu,NIG,Emissions|GHG|Industry|Non-Ferrous Metals|Aluminum,MtCO2e/yr,2035,absent row,zero
ndc_highce_eu,NIG,Emissions|GHG|Industry|Non-Ferrous Metals|Aluminum,MtCO2e/yr,2040,absent row,zero
ndc_highce_eu,NIG,Emissions|GHG|Industry|Non-Ferrous Metals|Aluminum,MtCO2e/yr,2050,absent row,zero
ndc_highce_eu,USA,Emissions|GHG|Industry|Non-Ferrous Metals|Aluminum,MtCO2e/yr,2050,blank cell,zero
ndc_medce_gbl,AFW,Production|Iron and Steel|Primary,Mt/yr,2030,blank cell,zero
ndc_medce_gbl,ASO,Production|Iron and Steel|Primary,Mt/yr,2030,blank cell,zero
ndc_medce_gbl,ASO,Production|Iron and Steel|Primary,Mt/yr,2035,blank cell,zero
ndc_medce_gbl,ASO,Production|Iron and Steel|Primary,Mt/yr,2040,blank cell,zero
ndc_medce_gbl,CAN,Production|Iron and Steel|Primary,Mt/yr,2030,blank cell,zero
ndc_medce_gbl,MEX,Production|Iron and Steel|Primary,Mt/yr,2035,blank cell,zero
ndc_medce_gbl,NIG,Production|Iron and Steel|Primary,Mt/yr,2030,blank cell,zero
ndc_medce_gbl,USA,Production|Iron and Steel|Secondary,Mt/yr,2050,blank cell,zero
ndc_medce_gbl,AFE,Production|Non-Ferrous Metals|Aluminum|Primary,Mt/yr,2019,absent row,zero
ndc_medce_gbl,AFE,Production|Non-Ferrous Metals|Aluminum|Primary,Mt/yr,2024,absent row,zero
ndc_medce_gbl,AFE,Production|Non-Ferrous Metals|Aluminum|Primary,Mt/yr,2030,absent row,zero
ndc_medce_gbl,AFE,Production|Non-Ferrous Metals|Aluminum|Primary,Mt/yr,2035,absent row,zero
ndc_medce_gbl,AFE,Production|Non-Ferrous Metals|Aluminum|Primary,Mt/yr,2040,absent row,zero
ndc_medce_gbl,AFE,Production|Non-Ferrous Metals|Aluminum|Primary,Mt/yr,2050,absent row,zero
ndc_medce_gbl,ASO,Production|Non-Ferrous Metals|Aluminum|Primary,Mt/yr,2019,absent row,zero
ndc_medce_gbl,ASO,Production|Non-Ferrous Metals|Aluminum|Primary,Mt/yr,2024,absent row,zero
ndc_medce_gbl,ASO,Production|Non-Ferrous Metals|Aluminum|Primary,Mt/yr,2030,absent row,zero
ndc_medce_gbl,ASO,Production|Non-Ferrous Metals|Aluminum|Primary,Mt/yr,2035,absent row,zero
ndc_medce_gbl,ASO,Production|Non-Ferrous Metals|Aluminum|Primary,Mt/yr,2040,absent row,zero
ndc_medce_gbl,ASO,Production|Non-Ferrous Metals|Aluminum|Primary,Mt/yr,2050,absent row,zero
ndc_medce_gbl,CHL,Production|Non-Ferrous Metals|Aluminum|Primary,Mt/yr,2019,absent row,zero
ndc_medce_gbl,CHL,Production|Non-Ferrous Metals|Aluminum|Primary,Mt/yr,2024,absent row,zero
ndc_medce_gbl,CHL,Production|Non-Ferrous Metals|Aluminum|Primary,Mt/yr,2030,absent row,zero
ndc_medce_gbl,CHL,Production|Non-Ferrous Metals|Aluminum|Primary,Mt/yr,2035,absent row,zero
ndc_medce_gbl,CHL,Production|Non-Ferrous Metals|Aluminum|Primary,Mt/yr,2040,absent row,zero
ndc_medce_gbl,CHL,Production|Non-Ferrous Metals|Aluminum|Primary,Mt/yr,2050,absent row,zero
ndc_medce_gbl,EUE,Production|Non-Ferrous Metals|Aluminum|Primary,Mt/yr,2050,blank cell,zero
ndc_medce_gbl,JPN,Production|Non-Ferrous Metals|Aluminum|Primary,Mt/yr,2019,blank cell,zero
ndc_medce_gbl,JPN,Production|Non-Ferrous Metals|Aluminum|Primary,Mt/yr,2030,blank cell,zero
ndc_medce_gbl,JPN,Production|Non-Ferrous Metals|Aluminum|Primary,Mt/yr,2035,blank cell,zero
ndc_medce_gbl,JPN,Production|Non-Ferrous Metals|Aluminum|Primary,Mt/yr,2040,blank cell,zero
ndc_medce_gbl,JPN,Production|Non-Ferrous Metals|Aluminum|Primary,Mt/yr,2050,blank cell,zero
ndc_medce_gbl,MEX,Production|Non-Ferrous Metals|Aluminum|Primary,Mt/yr,2019,blank cell,zero
ndc_medce_gbl,MEX,Production|Non-Ferrous Metals|Aluminum|Primary,Mt/yr,2030,blank cell,zero
ndc_medce_gbl,MEX,Production|Non-Ferrous Metals|Aluminum|Primary,Mt/yr,2035,blank cell,zero
ndc_medce_gbl,MEX,Production|Non-Ferrous Metals|Aluminum|Primary,Mt/yr,2040,blank cell,zero
ndc_medce_gbl,MEX,Production|Non-Ferrous Metals|Aluminum|Primary,Mt/yr,2050,blank cell,zero
ndc_medce_gbl,NIG,Production|Non-Ferrous Metals|Aluminum|Primary,Mt/yr,2019,absent row,zero
ndc_medce_gbl,NIG,Production|Non-Ferrous Metals|Aluminum|Primary,Mt/yr,2024,absent row,zero
ndc_medce_gbl,NIG,Production|Non-Ferrous Metals|Aluminum|Primary,Mt/yr,2030,absent row,zero
ndc_medce_gbl,NIG,Production|Non-Ferrous Metals|Aluminum|Primary,Mt/yr,2035,absent row,zero
ndc_medce_gbl,NIG,Production|Non-Ferrous Metals|Aluminum|Primary,Mt/yr,2040,absent row,zero
ndc_medce_gbl,NIG,Production|Non-Ferrous Metals|Aluminum|Primary,Mt/yr,2050,absent row,zero
ndc_medce_gbl,SKT,Production|Non-Ferrous Metals|Aluminum|Primary,Mt/yr,2019,blank cell,zero
ndc_medce_gbl,SKT,Production|Non-Ferrous Metals|Aluminum|Primary,Mt/yr,2030,blank cell,zero
ndc_medce_gbl,SKT,Production|Non-Ferrous Metals|Aluminum|Primary,Mt/yr,2035,blank cell,zero
ndc_medce_gbl,SKT,Production|Non-Ferrous Metals|Aluminum|Primary,Mt/yr,2040,blank cell,zero
ndc_medce_gbl,SKT,Production|Non-Ferrous Metals|Aluminum|Primary,Mt/yr,2050,blank cell,zero
ndc_medce_gbl,AFE,Production|Non-Ferrous Metals|Aluminum|Secondary,Mt/yr,2019,absent row,zero
ndc_medce_gbl,AFE,Production|Non-Ferrous Metals|Aluminum|Secondary,Mt/yr,2024,absent row,zero
ndc_medce_gbl,AFE,Production|Non-Ferrous Metals|Aluminum|Secondary,Mt/yr,2030,absent row,zero
ndc_medce_gbl,AFE,Production|Non-Ferrous Metals|Aluminum|Secondary,Mt/yr,2035,absent row,zero
ndc_medce_gbl,AFE,Production|Non-Ferrous Metals|Aluminum|Secondary,Mt/yr,2040,absent row,zero
ndc_medce_gbl,AFE,Production|Non-Ferrous Metals|Aluminum|Secondary,Mt/yr,2050,absent row,zero
ndc_medce_gbl,ASO,Production|Non-Ferrous Metals|Aluminum|Secondary,Mt/yr,2019,absent row,zero
ndc_medce_gbl,ASO,Production|Non-Ferrous Metals|Aluminum|Secondary,Mt/yr,2024,absent row,zero
ndc_medce_gbl,ASO,Production|Non-Ferrous Metals|Aluminum|Secondary,Mt/yr,2030,absent row,zero
ndc_medce_gbl,ASO,Production|Non-Ferrous Metals|Aluminum|Secondary,Mt/yr,2035,absent row,zero
ndc_medce_gbl,ASO,Production|Non-Ferrous Metals|Aluminum|Secondary,Mt/yr,2040,absent row,zero
ndc_medce_gbl,ASO,Production|Non-Ferrous Metals|Aluminum|Secondary,Mt/yr,2050,absent row,zero
ndc_medce_gbl,CAN,Production|Non-Ferrous Metals|Aluminum|Secondary,Mt/yr,2040,blank cell,zero
ndc_medce_gbl,CAN,Production|Non-Ferrous Metals|Aluminum|Secondary,Mt/yr,2050,blank cell,zero
ndc_medce_gbl,CHL,Production|Non-Ferrous Metals|Aluminum|Secondary,Mt/yr,2019,absent row,zero
ndc_medce_gbl,CHL,Production|Non-Ferrous Metals|Aluminum|Secondary,Mt/yr,2024,absent row,zero
ndc_medce_gbl,CHL,Production|Non-Ferrous Metals|Aluminum|Secondary,Mt/yr,2030,absent row,zero
ndc_medce_gbl,CHL,Production|Non-Ferrous Metals|Aluminum|Secondary,Mt/yr,2035,absent row,zero
ndc_medce_gbl,CHL,Production|Non-Ferrous Metals|Aluminum|Secondary,Mt/yr,2040,absent row,zero
ndc_medce_gbl,CHL,Production|Non-Ferrous Metals|Aluminum|Secondary,Mt/yr,2050,absent row,zero
ndc_medce_gbl,ENW,Production|Non-Ferrous Metals|Aluminum|Secondary,Mt/yr,2050,blank cell,zero
ndc_medce_gbl,NIG,Production|Non-Ferrous Metals|Aluminum|Secondary,Mt/yr,2019,absent row,zero
ndc_medce_gbl,NIG,Production|Non-Ferrous Metals|Aluminum|Secondary,Mt/yr,2024,absent row,zero
ndc_medce_gbl,NIG,Production|Non-Ferrous Metals|Aluminum|Secondary,Mt/yr,2030,absent row,zero
ndc_medce_gbl,NIG,Production|Non-Ferrous Metals|Aluminum|Secondary,Mt/yr,2035,absent row,zero
ndc_medce_gbl,NIG,Production|Non-Ferrous Metals|Aluminum|Secondary,Mt/yr,2040,absent row,zero
ndc_medce_gbl,NIG,Production|Non-Ferrous Metals|Aluminum|Secondary,Mt/yr,2050,absent row,zero
ndc_medce_gbl,AFW,Final Energy|Industry|Non-Metallic Minerals|Cement|Gases,EJ/yr,2019,blank cell,zero
ndc_medce_gbl,ASO,Final Energy|Industry|Non-Metallic Minerals|Cement|Gases,EJ/yr,2019,blank cell,zero
ndc_medce_gbl,CHN,Final Energy|Industry|Non-Metallic Minerals|Cement|Gases,EJ/yr,2019,blank cell,zero
ndc_medce_gbl,IND,Final Energy|Industry|Non-Metallic Minerals|Cement|Gases,EJ/yr,2019,blank cell,zero
ndc_medce_gbl,MEA,Final Energy|Industry|Non-Metallic Minerals|Cement|Liquids,EJ/yr,2019,blank cell,zero
ndc_medce_gbl,AFW,Final Energy|Industry|Iron and Steel|Gases,EJ/yr,2030,blank cell,zero
ndc_medce_gbl,ASO,Final Energy|Industry|Iron and Steel|Gases,EJ/yr,2030,blank cell,zero
ndc_medce_gbl,ASO,Final Energy|Industry|Iron and Steel|Gases,EJ/yr,2035,blank cell,zero
ndc_medce_gbl,ASO,Final Energy|Industry|Iron and Steel|Gases,EJ/yr,2040,blank cell,zero
ndc_medce_gbl,CAN,Final Energy|Industry|Iron and Steel|Gases,EJ/yr,2030,blank cell,zero
ndc_medce_gbl,MEX,Final Energy|Industry|Iron and Steel|Gases,EJ/yr,2035,blank cell,zero
ndc_medce_gbl,MEX,Final Energy|Industry|Iron and Steel|Gases,EJ/yr,2040,blank cell,zero
ndc_medce_gbl,MEX,Final Energy|Industry|Iron and Steel|Gases,EJ/yr,2050,blank cell,zero
ndc_medce_gbl,NIG,Final Energy|Industry|Iron and Steel|Gases,EJ/yr,2030,blank cell,zero
ndc_medce_gbl,AFE,Final Energy|Industry|Iron and Steel|Hydrogen,EJ/yr,2019,blank cell,zero
ndc_medce_gbl,AFE,Final Energy|Industry|Iron and Steel|Hydrogen,EJ/yr,2024,blank cell,zero
ndc_medce_gbl,AFN,Final Energy|Industry|Iron and Steel|Hydrogen,EJ/yr,2019,blank cell,zero
ndc_medce_gbl,AFN,Final Energy|Industry|Iron and Steel|Hydrogen,EJ/yr,2024,blank cell,zero
ndc_medce_gbl,AFN,Final Energy|Industry|Iron and Steel|Hydrogen,EJ/yr,2030,blank cell,zero
ndc_medce_gbl,AFW,Final Energy|Industry|Iron and Steel|Hydrogen,EJ/yr,2019,blank cell,zero
ndc_medce_gbl,AFW,Final Energy|Industry|Iron and Steel|Hydrogen,EJ/yr,2024,blank cell,zero
ndc_medce_gbl,AFW,Final Energy|Industry|Iron and Steel|Hydrogen,EJ/yr,2030,blank cell,zero
ndc_medce_gbl,AFZ,Final Energy|Industry|Iron and Steel|Hydrogen,EJ/yr,2019,blank cell,zero
ndc_medce_gbl,AFZ,Final Energy|Industry|Iron and Steel|Hydrogen,EJ/yr,2024,blank cell,zero
ndc_medce_gbl,AFZ,Final Energy|Industry|Iron and Steel|Hydrogen,EJ/yr,2030,blank cell,zero
ndc_medce_gbl,AFZ,Final Energy|Industry|Iron and Steel|Hydrogen,EJ/yr,2035,blank cell,zero
ndc_medce_gbl,ANZ,Final Energy|Industry|Iron and Steel|Hydrogen,EJ/yr,2019,blank cell,zero
ndc_medce_gbl,ANZ,Final Energy|Industry|Iron and Steel|Hydrogen,EJ/yr,2024,blank cell,zero
ndc_medce_gbl,ANZ,Final Energy|Industry|Iron and Steel|Hydrogen,EJ/yr,2030,blank cell,zero
ndc_medce_gbl,ASC,Final Energy|Industry|Iron and Steel|Hydrogen,EJ/yr,2019,blank cell,zero
ndc_medce_gbl,ASC,Final Energy|Industry|Iron and Steel|Hydrogen,EJ/yr,2024,blank cell,zero
ndc_medce_gbl,ASE,Final Energy|Industry|Iron and Steel|Hydrogen,EJ/yr,2019,blank cell,zero
ndc_medce_gbl,ASE,Final Energy|Industry|Iron and Steel|Hydrogen,EJ/yr,2024,blank cell,zero
ndc_medce_gbl,ASE,Final Energy|Industry|Iron and Steel|Hydrogen,EJ/yr,2030,blank cell,zero
ndc_medce_gbl,ASE,Final Energy|Industry|Iron and Steel|Hydrogen,EJ/yr,2035,blank cell,zero
ndc_medce_gbl,ASE,Final Energy|Industry|Iron and Steel|Hydrogen,EJ/yr,2040,blank cell,zero
ndc_medce_gbl,ASO,Final Energy|Industry|Iron and Steel|Hydrogen,EJ/yr,2019,blank cell,zero
ndc_medce_gbl,ASO,Final Energy|Industry|Iron and Steel|Hydrogen,EJ/yr,2024,blank cell,zero
ndc_medce_gbl,ASO,Final Energy|Industry|Iron and Steel|Hydrogen,EJ/yr,2030,blank cell,zero
ndc_medce_gbl,ASO,Final Energy|Industry|Iron and Steel|Hydrogen,EJ/yr,2035,blank cell,zero
ndc_medce_gbl,ASO,Final Energy|Industry|Iron and Steel|Hydrogen,EJ/yr,2040,blank cell,zero
ndc_medce_gbl,BRA,Final Energy|Industry|Iron and Steel|Hydrogen,EJ/yr,2019,blank cell,zero
ndc_medce_gbl,BRA,Final Energy|Industry|Iron and Steel|Hydrogen,EJ/yr,2024,blank cell,zero
ndc_medce_gbl,CAN,Final Energy|Industry|Iron and Steel|Hydrogen,EJ/yr,2019,blank cell,zero
ndc_medce_gbl,CAN,Final Energy|Industry|Iron and Steel|Hydrogen,EJ/yr,2024,blank cell,zero
ndc_medce_gbl,CAN,Final Energy|Industry|Iron and Steel|Hydrogen,EJ/yr,2030,blank cell,zero
ndc_medce_gbl,CAN,Final Energy|Industry|Iron and Steel|Hydrogen,EJ/yr,2035,blank cell,zero
ndc_medce_gbl,CHL,Final Energy|Industry|Iron and Steel|Hydrogen,EJ/yr,2019,blank cell,zero
ndc_medce_gbl,CHL,Final Energy|Industry|Iron and Steel|Hydrogen,EJ/yr,2024,blank cell,zero
ndc_medce_gbl,CHL,Final Energy|Industry|Iron and Steel|Hydrogen,EJ/yr,2030,blank cell,zero
ndc_medce_gbl,CHL,Final Energy|Industry|Iron and Steel|Hydrogen,EJ/yr,2035,blank cell,zero
ndc_medce_gbl,CHN,Final Energy|Industry|Iron and Steel|Hydrogen,EJ/yr,2019,blank cell,zero
ndc_medce_gbl,CHN,Final Energy|Industry|Iron and Steel|Hydrogen,EJ/yr,2024,blank cell,zero
ndc_medce_gbl,CHN,Final Energy|Industry|Iron and Steel|Hydrogen,EJ/yr,2030,blank cell,zero
ndc_medce_gbl,ENE,Final Energy|Industry|Iron and Steel|Hydrogen,EJ/yr,2019,blank cell,zero
ndc_medce_gbl,ENE,Final Energy|Industry|Iron and Steel|Hydrogen,EJ/yr,2024,blank cell,zero
ndc_medce_gbl,ENE,Final Energy|Industry|Iron and Steel|Hydrogen,EJ/yr,2030,blank cell,zero
ndc_medce_gbl,ENE,Final Energy|Industry|Iron and Steel|Hydrogen,EJ/yr,2035,blank cell,zero
ndc_medce_gbl,ENW,Final Energy|Industry|Iron and Steel|Hydrogen,EJ/yr,2019,blank cell,zero
ndc_medce_gbl,ENW,Final Energy|Industry|Iron and Steel|Hydrogen,EJ/yr,2024,blank cell,zero
ndc_medce_gbl,ENW,Final Energy|Industry|Iron and Steel|Hydrogen,EJ/yr,2030,blank cell,zero
ndc_medce_gbl,ENW,Final Energy|Industry|Iron and Steel|Hydrogen,EJ/yr,2035,blank cell,zero
ndc_medce_gbl,ENW,Final Energy|Industry|Iron and Steel|Hydrogen,EJ/yr,2040,blank cell,zero
ndc_medce_gbl,EUE,Final Energy|Industry|Iron and Steel|Hydrogen,EJ/yr,2019,blank cell,zero
ndc_medce_gbl,EUE,Final Energy|Industry|Iron and Steel|Hydrogen,EJ/yr,2024,blank cell,zero
ndc_medce_gbl,EUE,Final Energy|Industry|Iron and Steel|Hydrogen,EJ/yr,2030,blank cell,zero
ndc_medce_gbl,EUE,Final Energy|Industry|Iron and Steel|Hydrogen,EJ/yr,2035,blank cell,zero
ndc_medce_gbl,EUE,Final Energy|Industry|Iron and Steel|Hydrogen,EJ/yr,2040,blank cell,zero
ndc_medce_gbl,EUM,Final Energy|Industry|Iron and Steel|Hydrogen,EJ/yr,2019,blank cell,zero
ndc_medce_gbl,EUM,Final Energy|Industry|Iron and Steel|Hydrogen,EJ/yr,2024,blank cell,zero
ndc_medce_gbl,EUM,Final Energy|Industry|Iron and Steel|Hydrogen,EJ/yr,2030,blank cell,zero
ndc_medce_gbl,EUM,Final Energy|Industry|Iron and Steel|Hydrogen,EJ/yr,2035,blank cell,zero
ndc_medce_gbl,EUM,Final Energy|Industry|Iron and Steel|Hydrogen,EJ/yr,2040,blank cell,zero
ndc_medce_gbl,EUW,Final Energy|Industry|Iron and Steel|Hydrogen,EJ/yr,2019,blank cell,zero
ndc_medce_gbl,EUW,Final Energy|Industry|Iron and Steel|Hydrogen,EJ/yr,2024,blank cell,zero
ndc_medce_gbl,EUW,Final Energy|Industry|Iron and Steel|Hydrogen,EJ/yr,2030,blank cell,zero
ndc_medce_gbl,IDN,Final Energy|Industry|Iron and Steel|Hydrogen,EJ/yr,2019,blank cell,zero
ndc_medce_gbl,IDN,Final Energy|Industry|Iron and Steel|Hydrogen,EJ/yr,2024,blank cell,zero
ndc_medce_gbl,IDN,Final Energy|Industry|Iron and Steel|Hydrogen,EJ/yr,2030,blank cell,zero
ndc_medce_gbl,IND,Final Energy|Industry|Iron and Steel|Hydrogen,EJ/yr,2019,blank cell,zero
ndc_medce_gbl,IND,Final Energy|Industry|Iron and Steel|Hydrogen,EJ/yr,2024,blank cell,zero
ndc_medce_gbl,JPN,Final Energy|Industry|Iron and Steel|Hydrogen,EJ/yr,2019,blank cell,zero
ndc_medce_gbl,JPN,Final Energy|Industry|Iron and Steel|Hydrogen,EJ/yr,2024,blank cell,zero
ndc_medce_gbl,LAM,Final Energy|Industry|Iron and Steel|Hydrogen,EJ/yr,2019,blank cell,zero
ndc_medce_gbl,LAM,Final Energy|Industry|Iron and Steel|Hydrogen,EJ/yr,2024,blank cell,zero
ndc_medce_gbl,LAM,Final Energy|Industry|Iron and Steel|Hydrogen,EJ/yr,2030,blank cell,zero
ndc_medce_gbl,MDA,Final Energy|Industry|Iron and Steel|Hydrogen,EJ/yr,2019,blank cell,zero
ndc_medce_gbl,MDA,Final Energy|Industry|Iron and Steel|Hydrogen,EJ/yr,2024,blank cell,zero
ndc_medce_gbl,MDA,Final Energy|Industry|Iron and Steel|Hydrogen,EJ/yr,2030,blank cell,zero
ndc_medce_gbl,MEA,Final Energy|Industry|Iron and Steel|Hydrogen,EJ/yr,2019,blank cell,zero
ndc_medce_gbl,MEA,Final Energy|Industry|Iron and Steel|Hydrogen,EJ/yr,2024,blank cell,zero
ndc_medce_gbl,MEX,Final Energy|Industry|Iron and Steel|Hydrogen,EJ/yr,2019,blank cell,zero
ndc_medce_gbl,MEX,Final Energy|Industry|Iron and Steel|Hydrogen,EJ/yr,2024,blank cell,zero
ndc_medce_gbl,MEX,Final Energy|Industry|Iron and Steel|Hydrogen,EJ/yr,2030,blank cell,zero
ndc_medce_gbl,MEX,Final Energy|Industry|Iron and Steel|Hydrogen,EJ/yr,2035,blank cell,zero
ndc_medce_gbl,MEX,Final Energy|Industry|Iron and Steel|Hydrogen,EJ/yr,2040,blank cell,zero
ndc_medce_gbl,NIG,Final Energy|Industry|Iron and Steel|Hydrogen,EJ/yr,2019,blank cell,zero
ndc_medce_gbl,NIG,Final Energy|Industry|Iron and Steel|Hydrogen,EJ/yr,2024,blank cell,zero
ndc_medce_gbl,NIG,Final Energy|Industry|Iron and Steel|Hydrogen,EJ/yr,2030,blank cell,zero
ndc_medce_gbl,RUS,Final Energy|Industry|Iron and Steel|Hydrogen,EJ/yr,2019,blank cell,zero
ndc_medce_gbl,RUS,Final Energy|Industry|Iron and Steel|Hydrogen,EJ/yr,2024,blank cell,zero
ndc_medce_gbl,SKT,Final Energy|Industry|Iron and Steel|Hydrogen,EJ/yr,2019,blank cell,zero
ndc_medce_gbl,SKT,Final Energy|Industry|Iron and Steel|Hydrogen,EJ/yr,2024,blank cell,zero
ndc_medce_gbl,SKT,Final Energy|Industry|Iron and Steel|Hydrogen,EJ/yr,2030,blank cell,zero
ndc_medce_gbl,USA,Final Energy|Industry|Iron and Steel|Hydrogen,EJ/yr,2019,absent row,zero
ndc_medce_gbl,USA,Final Energy|Industry|Iron and Steel|Hydrogen,EJ/yr,2024,absent row,zero
ndc_medce_gbl,USA,Final Energy|Industry|Iron and Steel|Hydrogen,EJ/yr,2030,absent row,zero
ndc_medce_gbl,USA,Final Energy|Industry|Iron and Steel|Hydrogen,EJ/yr,2035,absent row,zero
ndc_medce_gbl,USA,Final Energy|Industry|Iron and Steel|Hydrogen,EJ/yr,2040,absent row,zero
ndc_medce_gbl,USA,Final Energy|Industry|Iron and Steel|Hydrogen,EJ/yr,2050,absent row,zero
ndc_medce_gbl,AFE,Final Energy|Industry|Iron and Steel|Liquids,EJ/yr,2019,absent row,zero
ndc_medce_gbl,AFE,Final Energy|Industry|Iron and Steel|Liquids,EJ/yr,2024,absent row,zero
ndc_medce_gbl,AFE,Final Energy|Industry|Iron and Steel|Liquids,EJ/yr,2030,absent row,zero
ndc_medce_gbl,AFE,Final Energy|Industry|Iron and Steel|Liquids,EJ/yr,2035,absent row,zero
ndc_medce_gbl,AFE,Final Energy|Industry|Iron and Steel|Liquids,EJ/yr,2040,absent row,zero
ndc_medce_gbl,AFE,Final Energy|Industry|Iron and Steel|Liquids,EJ/yr,2050,absent row,zero
ndc_medce_gbl,AFN,Final Energy|Industry|Iron and Steel|Liquids,EJ/yr,2050,blank cell,zero
ndc_medce_gbl,AFW,Final Energy|Industry|Iron and Steel|Liquids,EJ/yr,2019,absent row,zero
ndc_medce_gbl,AFW,Final Energy|Industry|Iron and Steel|Liquids,EJ/yr,2024,absent row,zero
ndc_medce_gbl,AFW,Final Energy|Industry|Iron and Steel|Liquids,EJ/yr,2030,absent row,zero
ndc_medce_gbl,AFW,Final Energy|Industry|Iron and Steel|Liquids,EJ/yr,2035,absent row,zero
ndc_medce_gbl,AFW,Final Energy|Industry|Iron and Steel|Liquids,EJ/yr,2040,absent row,zero
ndc_medce_gbl,AFW,Final Energy|Industry|Iron and Steel|Liquids,EJ/yr,2050,absent row,zero
ndc_medce_gbl,AFZ,Final Energy|Industry|Iron and Steel|Liquids,EJ/yr,2030,blank cell,zero
ndc_medce_gbl,AFZ,Final Energy|Industry|Iron and Steel|Liquids,EJ/yr,2040,blank cell,zero
ndc_medce_gbl,AFZ,Final Energy|Industry|Iron and Steel|Liquids,EJ/yr,2050,blank cell,zero
ndc_medce_gbl,ANZ,Final Energy|Industry|Iron and Steel|Liquids,EJ/yr,2040,blank cell,zero
ndc_medce_gbl,ANZ,Final Energy|Industry|Iron and Steel|Liquids,EJ/yr,2050,blank cell,zero
ndc_medce_gbl,ASC,Final Energy|Industry|Iron and Steel|Liquids,EJ/yr,2050,blank cell,zero
ndc_medce_gbl,ASE,Final Energy|Industry|Iron and Steel|Liquids,EJ/yr,2030,blank cell,zero
ndc_medce_gbl,ASE,Final Energy|Industry|Iron and Steel|Liquids,EJ/yr,2035,blank cell,zero
ndc_medce_gbl,ASE,Final Energy|Industry|Iron and Steel|Liquids,EJ/yr,2040,blank cell,zero
ndc_medce_gbl,ASE,Final Energy|Industry|Iron and Steel|Liquids,EJ/yr,2050,blank cell,zero
ndc_medce_gbl,ASO,Final Energy|Industry|Iron and Steel|Liquids,EJ/yr,2019,absent row,zero
ndc_medce_gbl,ASO,Final Energy|Industry|Iron and Steel|Liquids,EJ/yr,2024,absent row,zero
ndc_medce_gbl,ASO,Final Energy|Industry|Iron and Steel|Liquids,EJ/yr,2030,absent row,zero
ndc_medce_gbl,ASO,Final Energy|Industry|Iron and Steel|Liquids,EJ/yr,2035,absent row,zero
ndc_medce_gbl,ASO,Final Energy|Industry|Iron and Steel|Liquids,EJ/yr,2040,absent row,zero
ndc_medce_gbl,ASO,Final Energy|Industry|Iron and Steel|Liquids,EJ/yr,2050,absent row,zero
ndc_medce_gbl,BRA,Final Energy|Industry|Iron and Steel|Liquids,EJ/yr,2040,blank cell,zero
ndc_medce_gbl,BRA,Final Energy|Industry|Iron and Steel|Liquids,EJ/yr,2050,blank cell,zero
ndc_medce_gbl,CAN,Final Energy|Industry|Iron and Steel|Liquids,EJ/yr,2030,blank cell,zero
ndc_medce_gbl,CAN,Final Energy|Industry|Iron and Steel|Liquids,EJ/yr,2035,blank cell,zero
ndc_medce_gbl,CAN,Final Energy|Industry|Iron and Steel|Liquids,EJ/yr,2050,blank cell,zero
ndc_medce_gbl,CHL,Final Energy|Industry|Iron and Steel|Liquids,EJ/yr,2050,blank cell,zero
ndc_medce_gbl,CHN,Final Energy|Industry|Iron and Steel|Liquids,EJ/yr,2050,blank cell,zero
ndc_medce_gbl,ENE,Final Energy|Industry|Iron and Steel|Liquids,EJ/yr,2050,blank cell,zero
ndc_medce_gbl,ENW,Final Energy|Industry|Iron and Steel|Liquids,EJ/yr,2050,blank cell,zero
ndc_medce_gbl,EUE,Final Energy|Industry|Iron and Steel|Liquids,EJ/yr,2050,blank cell,zero
ndc_medce_gbl,EUM,Final Energy|Industry|Iron and Steel|Liquids,EJ/yr,2050,blank cell,zero
ndc_medce_gbl,EUW,Final Energy|Industry|Iron and Steel|Liquids,EJ/yr,2050,blank cell,zero
ndc_medce_gbl,IDN,Final Energy|Industry|Iron and Steel|Liquids,EJ/yr,2050,blank cell,zero
ndc_medce_gbl,IND,Final Energy|Industry|Iron and Steel|Liquids,EJ/yr,2030,blank cell,zero
ndc_medce_gbl,IND,Final Energy|Industry|Iron and Steel|Liquids,EJ/yr,2035,blank cell,zero
ndc_medce_gbl,IND,Final Energy|Industry|Iron and Steel|Liquids,EJ/yr,2040,blank cell,zero
ndc_medce_gbl,IND,Final Energy|Industry|Iron and Steel|Liquids,EJ/yr,2050,blank cell,zero
ndc_medce_gbl,JPN,Final Energy|Industry|Iron and Steel|Liquids,EJ/yr,2050,blank cell,zero
ndc_medce_gbl,LAM,Final Energy|Industry|Iron and Steel|Liquids,EJ/yr,2050,blank cell,zero
ndc_medce_gbl,MDA,Final Energy|Industry|Iron and Steel|Liquids,EJ/yr,2050,blank cell,zero
ndc_medce_gbl,MEA,Final Energy|Industry|Iron and Steel|Liquids,EJ/yr,2050,blank cell,zero
ndc_medce_gbl,MEX,Final Energy|Industry|Iron and Steel|Liquids,EJ/yr,2035,blank cell,zero
ndc_medce_gbl,MEX,Final Energy|Industry|Iron and Steel|Liquids,EJ/yr,2040,blank cell,zero
ndc_medce_gbl,MEX,Final Energy|Industry|Iron and Steel|Liquids,EJ/yr,2050,blank cell,zero
ndc_medce_gbl,NIG,Final Energy|Industry|Iron and Steel|Liquids,EJ/yr,2019,absent row,zero
ndc_medce_gbl,NIG,Final Energy|Industry|Iron and Steel|Liquids,EJ/yr,2024,absent row,zero
ndc_medce_gbl,NIG,Final Energy|Industry|Iron and Steel|Liquids,EJ/yr,2030,absent row,zero
ndc_medce_gbl,NIG,Final Energy|Industry|Iron and Steel|Liquids,EJ/yr,2035,absent row,zero
ndc_medce_gbl,NIG,Final Energy|Industry|Iron and Steel|Liquids,EJ/yr,2040,absent row,zero
ndc_medce_gbl,NIG,Final Energy|Industry|Iron and Steel|Liquids,EJ/yr,2050,absent row,zero
ndc_medce_gbl,RUS,Final Energy|Industry|Iron and Steel|Liquids,EJ/yr,2035,blank cell,zero
ndc_medce_gbl,RUS,Final Energy|Industry|Iron and Steel|Liquids,EJ/yr,2040,blank cell,zero
ndc_medce_gbl,RUS,Final Energy|Industry|Iron and Steel|Liquids,EJ/yr,2050,blank cell,zero
ndc_medce_gbl,SKT,Final Energy|Industry|Iron and Steel|Liquids,EJ/yr,2050,blank cell,zero
ndc_medce_gbl,USA,Final Energy|Industry|Iron and Steel|Liquids,EJ/yr,2050,blank cell,zero
ndc_medce_gbl,AFE,Final Energy|Industry|Iron and Steel|Solids,EJ/yr,2019,blank cell,zero
ndc_medce_gbl,AFW,Final Energy|Industry|Iron and Steel|Solids,EJ/yr,2019,blank cell,zero
ndc_medce_gbl,AFW,Final Energy|Industry|Iron and Steel|Solids,EJ/yr,2030,blank cell,zero
ndc_medce_gbl,ASO,Final Energy|Industry|Iron and Steel|Solids,EJ/yr,2019,blank cell,zero
ndc_medce_gbl,ASO,Final Energy|Industry|Iron and Steel|Solids,EJ/yr,2030,blank cell,zero
ndc_medce_gbl,ASO,Final Energy|Industry|Iron and Steel|Solids,EJ/yr,2035,blank cell,zero
ndc_medce_gbl,ASO,Final Energy|Industry|Iron and Steel|Solids,EJ/yr,2040,blank cell,zero
ndc_medce_gbl,CAN,Final Energy|Industry|Iron and Steel|Solids,EJ/yr,2030,blank cell,zero
ndc_medce_gbl,MEX,Final Energy|Industry|Iron and Steel|Solids,EJ/yr,2035,blank cell,zero
ndc_medce_gbl,MEX,Final Energy|Industry|Iron and Steel|Solids,EJ/yr,2040,blank cell,zero
ndc_medce_gbl,MEX,Final Energy|Industry|Iron and Steel|Solids,EJ/yr,2050,blank cell,zero
ndc_medce_gbl,NIG,Final Energy|Industry|Iron and Steel|Solids,EJ/yr,2019,blank cell,zero
ndc_medce_gbl,NIG,Final Energy|Industry|Iron and Steel|Solids,EJ/yr,2030,blank cell,zero
ndc_medce_gbl,NIG,Final Energy|Industry|Iron and Steel|Solids,EJ/yr,2035,blank cell,zero
ndc_medce_gbl,NIG,Final Energy|Industry|Iron and Steel|Solids,EJ/yr,2040,blank cell,zero
ndc_medce_gbl,NIG,Final Energy|Industry|Iron and Steel|Solids,EJ/yr,2050,blank cell,zero
ndc_medce_gbl,AFE,Final Energy|Industry|Non-Ferrous Metals|Aluminum|Electricity,EJ/yr,2019,absent row,zero
ndc_medce_gbl,AFE,Final Energy|Industry|Non-Ferrous Metals|Aluminum|Electricity,EJ/yr,2024,absent row,zero
ndc_medce_gbl,AFE,Final Energy|Industry|Non-Ferrous Metals|Aluminum|Electricity,EJ/yr,2030,absent row,zero
ndc_medce_gbl,AFE,Final Energy|Industry|Non-Ferrous Metals|Aluminum|Electricity,EJ/yr,2035,absent row,zero
ndc_medce_gbl,AFE,Final Energy|Industry|Non-Ferrous Metals|Aluminum|Electricity,EJ/yr,2040,absent row,zero
ndc_medce_gbl,AFE,Final Energy|Industry|Non-Ferrous Metals|Aluminum|Electricity,EJ/yr,2050,absent row,zero
ndc_medce_gbl,ASO,Final Energy|Industry|Non-Ferrous Metals|Aluminum|Electricity,EJ/yr,2019,absent row,zero
ndc_medce_gbl,ASO,Final Energy|Industry|Non-Ferrous Metals|Aluminum|Electricity,EJ/yr,2024,absent row,zero
ndc_medce_gbl,ASO,Final Energy|Industry|Non-Ferrous Metals|Aluminum|Electricity,EJ/yr,2030,absent row,zero
ndc_medce_gbl,ASO,Final Energy|Industry|Non-Ferrous Metals|Aluminum|Electricity,EJ/yr,2035,absent row,zero
ndc_medce_gbl,ASO,Final Energy|Industry|Non-Ferrous Metals|Aluminum|Electricity,EJ/yr,2040,absent row,zero
ndc_medce_gbl,ASO,Final Energy|Industry|Non-Ferrous Metals|Aluminum|Electricity,EJ/yr,2050,absent row,zero
ndc_medce_gbl,CHL,Final Energy|Industry|Non-Ferrous Metals|Aluminum|Electricity,EJ/yr,2019,absent row,zero
ndc_medce_gbl,CHL,Final Energy|Industry|Non-Ferrous Metals|Aluminum|Electricity,EJ/yr,2024,absent row,zero
ndc_medce_gbl,CHL,Final Energy|Industry|Non-Ferrous Metals|Aluminum|Electricity,EJ/yr,2030,absent row,zero
ndc_medce_gbl,CHL,Final Energy|Industry|Non-Ferrous Metals|Aluminum|Electricity,EJ/yr,2035,absent row,zero
ndc_medce_gbl,CHL,Final Energy|Industry|Non-Ferrous Metals|Aluminum|Electricity,EJ/yr,2040,absent row,zero
ndc_medce_gbl,CHL,Final Energy|Industry|Non-Ferrous Metals|Aluminum|Electricity,EJ/yr,2050,absent row,zero
ndc_medce_gbl,NIG,Final Energy|Industry|Non-Ferrous Metals|Aluminum|Electricity,EJ/yr,2019,absent row,zero
ndc_medce_gbl,NIG,Final Energy|Industry|Non-Ferrous Metals|Aluminum|Electricity,EJ/yr,2024,absent row,zero
ndc_medce_gbl,NIG,Final Energy|Industry|Non-Ferrous Metals|Aluminum|Electricity,EJ/yr,2030,absent row,zero
ndc_medce_gbl,NIG,Final Energy|Industry|Non-Ferrous Metals|Aluminum|Electricity,EJ/yr,2035,absent row,zero
ndc_medce_gbl,NIG,Final Energy|Industry|Non-Ferrous Metals|Aluminum|Electricity,EJ/yr,2040,absent row,zero
ndc_medce_gbl,NIG,Final Energy|Industry|Non-Ferrous Metals|Aluminum|Electricity,EJ/yr,2050,absent row,zero
ndc_medce_gbl,AFE,Final Energy|Industry|Non-Ferrous Metals|Aluminum|Gases,EJ/yr,2019,absent row,zero
ndc_medce_gbl,AFE,Final Energy|Industry|Non-Ferrous Metals|Aluminum|Gases,EJ/yr,2024,absent row,zero
ndc_medce_gbl,AFE,Final Energy|Industry|Non-Ferrous Metals|Aluminum|Gases,EJ/yr,2030,absent row,zero
ndc_medce_gbl,AFE,Final Energy|Industry|Non-Ferrous Metals|Aluminum|Gases,EJ/yr,2035,absent row,zero
ndc_medce_gbl,AFE,Final Energy|Industry|Non-Ferrous Metals|Aluminum|Gases,EJ/yr,2040,absent row,zero
ndc_medce_gbl,AFE,Final Energy|Industry|Non-Ferrous Metals|Aluminum|Gases,EJ/yr,2050,absent row,zero
ndc_medce_gbl,ASO,Final Energy|Industry|Non-Ferrous Metals|Aluminum|Gases,EJ/yr,2019,absent row,zero
ndc_medce_gbl,ASO,Final Energy|Industry|Non-Ferrous Metals|Aluminum|Gases,EJ/yr,2024,absent row,zero
ndc_medce_gbl,ASO,Final Energy|Industry|Non-Ferrous Metals|Aluminum|Gases,EJ/yr,2030,absent row,zero
ndc_medce_gbl,ASO,Final Energy|Industry|Non-Ferrous Metals|Aluminum|Gases,EJ/yr,2035,absent row,zero
ndc_medce_gbl,ASO,Final Energy|Industry|Non-Ferrous Metals|Aluminum|Gases,EJ/yr,2040,absent row,zero
ndc_medce_gbl,ASO,Final Energy|Industry|Non-Ferrous Metals|Aluminum|Gases,EJ/yr,2050,absent row,zero
ndc_medce_gbl,CHL,Final Energy|Industry|Non-Ferrous Metals|Aluminum|Gases,EJ/yr,2019,absent row,zero
ndc_medce_gbl,CHL,Final Energy|Industry|Non-Ferrous Metals|Aluminum|Gases,EJ/yr,2024,absent row,zero
ndc_medce_gbl,CHL,Final Energy|Industry|Non-Ferrous Metals|Aluminum|Gases,EJ/yr,2030,absent row,zero
ndc_medce_gbl,CHL,Final Energy|Industry|Non-Ferrous Metals|Aluminum|Gases,EJ/yr,2035,absent row,zero
ndc_medce_gbl,CHL,Final Energy|Industry|Non-Ferrous Metals|Aluminum|Gases,EJ/yr,2040,absent row,zero
ndc_medce_gbl,CHL,Final Energy|Industry|Non-Ferrous Metals|Aluminum|Gases,EJ/yr,2050,absent row,zero
ndc_medce_gbl,ENW,Final Energy|Industry|Non-Ferrous Metals|Aluminum|Gases,EJ/yr,2050,blank cell,zero
ndc_medce_gbl,NIG,Final Energy|Industry|Non-Ferrous Metals|Aluminum|Gases,EJ/yr,2019,absent row,zero
ndc_medce_gbl,NIG,Final Energy|Industry|Non-Ferrous Metals|Aluminum|Gases,EJ/yr,2024,absent row,zero
ndc_medce_gbl,NIG,Final Energy|Industry|Non-Ferrous Metals|Aluminum|Gases,EJ/yr,2030,absent row,zero
ndc_medce_gbl,NIG,Final Energy|Industry|Non-Ferrous Metals|Aluminum|Gases,EJ/yr,2035,absent row,zero
ndc_medce_gbl,NIG,Final Energy|Industry|Non-Ferrous Metals|Aluminum|Gases,EJ/yr,2040,absent row,zero
ndc_medce_gbl,NIG,Final Energy|Industry|Non-Ferrous Metals|Aluminum|Gases,EJ/yr,2050,absent row,zero
ndc_medce_gbl,USA,Final Energy|Industry|Non-Ferrous Metals|Aluminum|Gases,EJ/yr,2050,blank cell,zero
ndc_medce_gbl,AFE,Final Energy|Industry|Non-Ferrous Metals|Aluminum|Hydrogen,EJ/yr,2019,absent row,zero
ndc_medce_gbl,AFE,Final Energy|Industry|Non-Ferrous Metals|Aluminum|Hydrogen,EJ/yr,2024,absent row,zero
ndc_medce_gbl,AFE,Final Energy|Industry|Non-Ferrous Metals|Aluminum|Hydrogen,EJ/yr,2030,absent row,zero
ndc_medce_gbl,AFE,Final Energy|Industry|Non-Ferrous Metals|Aluminum|Hydrogen,EJ/yr,2035,absent row,zero
ndc_medce_gbl,AFE,Final Energy|Industry|Non-Ferrous Metals|Aluminum|Hydrogen,EJ/yr,2040,absent row,zero
ndc_medce_gbl,AFE,Final Energy|Industry|Non-Ferrous Metals|Aluminum|Hydrogen,EJ/yr,2050,absent row,zero
ndc_medce_gbl,AFN,Final Energy|Industry|Non-Ferrous Metals|Aluminum|Hydrogen,EJ/yr,2019,blank cell,zero
ndc_medce_gbl,AFN,Final Energy|Industry|Non-Ferrous Metals|Aluminum|Hydrogen,EJ/yr,2024,blank cell,zero
ndc_medce_gbl,AFN,Final Energy|Industry|Non-Ferrous Metals|Aluminum|Hydrogen,EJ/yr,2030,blank cell,zero
ndc_medce_gbl,AFW,Final Energy|Industry|Non-Ferrous Metals|Aluminum|Hydrogen,EJ/yr,2019,blank cell,zero
ndc_medce_gbl,AFW,Final Energy|Industry|Non-Ferrous Metals|Aluminum|Hydrogen,EJ/yr,2024,blank cell,zero
ndc_medce_gbl,AFW,Final Energy|Industry|Non-Ferrous Metals|Aluminum|Hydrogen,EJ/yr,2030,blank cell,zero
ndc_medce_gbl,AFZ,Final Energy|Industry|Non-Ferrous Metals|Aluminum|Hydrogen,EJ/yr,2019,blank cell,zero
ndc_medce_gbl,AFZ,Final Energy|Industry|Non-Ferrous Metals|Aluminum|Hydrogen,EJ/yr,2024,blank cell,zero
ndc_medce_gbl,AFZ,Final Energy|Industry|Non-Ferrous Metals|Aluminum|Hydrogen,EJ/yr,2030,blank cell,zero
ndc_medce_gbl,ANZ,Final Energy|Industry|Non-Ferrous Metals|Aluminum|Hydrogen,EJ/yr,2019,blank cell,zero
ndc_medce_gbl,ANZ,Final Energy|Industry|Non-Ferrous Metals|Aluminum|Hydrogen,EJ/yr,2024,blank cell,zero
ndc_medce_gbl,ANZ,Final Energy|Industry|Non-Ferrous Metals|Aluminum|Hydrogen,EJ/yr,2030,blank cell,zero
ndc_medce_gbl,ASC,Final Energy|Industry|Non-Ferrous Metals|Aluminum|Hydrogen,EJ/yr,2019,blank cell,zero
ndc_medce_gbl,ASC,Final Energy|Industry|Non-Ferrous Metals|Aluminum|Hydrogen,EJ/yr,2024,blank cell,zero
ndc_medce_gbl,ASC,Final Energy|Industry|Non-Ferrous Metals|Aluminum|Hydrogen,EJ/yr,2030,blank cell,zero
ndc_medce_gbl,ASE,Final Energy|Industry|Non-Ferrous Metals|Aluminum|Hydrogen,EJ/yr,2019,blank cell,zero
ndc_medce_gbl,ASE,Final Energy|Industry|Non-Ferrous Metals|Aluminum|Hydrogen,EJ/yr,2024,blank cell,zero
ndc_medce_gbl,ASO,Final Energy|Industry|Non-Ferrous Metals|Aluminum|Hydrogen,EJ/yr,2019,absent row,zero
ndc_medce_gbl,ASO,Final Energy|Industry|Non-Ferrous Metals|Aluminum|Hydrogen,EJ/yr,2024,absent row,zero
ndc_medce_gbl,ASO,Final Energy|Industry|Non-Ferrous Metals|Aluminum|Hydrogen,EJ/yr,2030,absent row,zero
ndc_medce_gbl,ASO,Final Energy|Industry|Non-Ferrous Metals|Aluminum|Hydrogen,EJ/yr,2035,absent row,zero
ndc_medce_gbl,ASO,Final Energy|Industry|Non-Ferrous Metals|Aluminum|Hydrogen,EJ/yr,2040,absent row,zero
ndc_medce_gbl,ASO,Final Energy|Industry|Non-Ferrous Metals|Aluminum|Hydrogen,EJ/yr,2050,absent row,zero
ndc_medce_gbl,BRA,Final Energy|Industry|Non-Ferrous Metals|Aluminum|Hydrogen,EJ/yr,2019,blank cell,zero
ndc_medce_gbl,BRA,Final Energy|Industry|Non-Ferrous Metals|Aluminum|Hydrogen,EJ/yr,2024,blank cell,zero
ndc_medce_gbl,BRA,Final Energy|Industry|Non-Ferrous Metals|Aluminum|Hydrogen,EJ/yr,2030,blank cell,zero
ndc_medce_gbl,CAN,Final Energy|Industry|Non-Ferrous Metals|Aluminum|Hydrogen,EJ/yr,2019,blank cell,zero
ndc_medce_gbl,CAN,Final Energy|Industry|Non-Ferrous Metals|Aluminum|Hydrogen,EJ/yr,2024,blank cell,zero
ndc_medce_gbl,CHL,Final Energy|Industry|Non-Ferrous Metals|Aluminum|Hydrogen,EJ/yr,2019,absent row,zero
ndc_medce_gbl,CHL,Final Energy|Industry|Non-Ferrous Metals|Aluminum|Hydrogen,EJ/yr,2024,absent row,zero
ndc_medce_gbl,CHL,Final Energy|Industry|Non-Ferrous Metals|Aluminum|Hydrogen,EJ/yr,2030,absent row,zero
ndc_medce_gbl,CHL,Final Energy|Industry|Non-Ferrous Metals|Aluminum|Hydrogen,EJ/yr,2035,absent row,zero
ndc_medce_gbl,CHL,Final Energy|Industry|Non-Ferrous Metals|Aluminum|Hydrogen,EJ/yr,2040,absent row,zero
ndc_medce_gbl,CHL,Final Energy|Industry|Non-Ferrous Metals|Aluminum|Hydrogen,EJ/yr,2050,absent row,zero
ndc_medce_gbl,CHN,Final Energy|Industry|Non-Ferrous Metals|Aluminum|Hydrogen,EJ/yr,2019,blank cell,zero
ndc_medce_gbl,CHN,Final Energy|Industry|Non-Ferrous Metals|Aluminum|Hydrogen,EJ/yr,2024,blank cell,zero
ndc_medce_gbl,CHN,Final Energy|Industry|Non-Ferrous Metals|Aluminum|Hydrogen,EJ/yr,2030,blank cell,zero
ndc_medce_gbl,ENE,Final Energy|Industry|Non-Ferrous Metals|Aluminum|Hydrogen,EJ/yr,2019,blank cell,zero
ndc_medce_gbl,ENE,Final Energy|Industry|Non-Ferrous Metals|Aluminum|Hydrogen,EJ/yr,2024,blank cell,zero
ndc_medce_gbl,ENE,Final Energy|Industry|Non-Ferrous Metals|Aluminum|Hydrogen,EJ/yr,2030,blank cell,zero
ndc_medce_gbl,ENW,Final Energy|Industry|Non-Ferrous Metals|Aluminum|Hydrogen,EJ/yr,2019,blank cell,zero
ndc_medce_gbl,ENW,Final Energy|Industry|Non-Ferrous Metals|Aluminum|Hydrogen,EJ/yr,2024,blank cell,zero
ndc_medce_gbl,ENW,Final Energy|Industry|Non-Ferrous Metals|Aluminum|Hydrogen,EJ/yr,2050,blank cell,zero
ndc_medce_gbl,EUE,Final Energy|Industry|Non-Ferrous Metals|Aluminum|Hydrogen,EJ/yr,2019,blank cell,zero
ndc_medce_gbl,EUE,Final Energy|Industry|Non-Ferrous Metals|Aluminum|Hydrogen,EJ/yr,2024,blank cell,zero
ndc_medce_gbl,EUE,Final Energy|Industry|Non-Ferrous Metals|Aluminum|Hydrogen,EJ/yr,2030,blank cell,zero
ndc_medce_gbl,EUM,Final Energy|Industry|Non-Ferrous Metals|Aluminum|Hydrogen,EJ/yr,2019,blank cell,zero
ndc_medce_gbl,EUM,Final Energy|Industry|Non-Ferrous Metals|Aluminum|Hydrogen,EJ/yr,2024,blank cell,zero
ndc_medce_gbl,EUW,Final Energy|Industry|Non-Ferrous Metals|Aluminum|Hydrogen,EJ/yr,2019,blank cell,zero
ndc_medce_gbl,EUW,Final Energy|Industry|Non-Ferrous Metals|Aluminum|Hydrogen,EJ/yr,2024,blank cell,zero
ndc_medce_gbl,EUW,Final Energy|Industry|Non-Ferrous Metals|Aluminum|Hydrogen,EJ/yr,2030,blank cell,zero
ndc_medce_gbl,IDN,Final Energy|Industry|Non-Ferrous Metals|Aluminum|Hydrogen,EJ/yr,2019,blank cell,zero
ndc_medce_gbl,IDN,Final Energy|Industry|Non-Ferrous Metals|Aluminum|Hydrogen,EJ/yr,2024,blank cell,zero
ndc_medce_gbl,IND,Final Energy|Industry|Non-Ferrous Metals|Aluminum|Hydrogen,EJ/yr,2019,blank cell,zero
ndc_medce_gbl,IND,Final Energy|Industry|Non-Ferrous Metals|Aluminum|Hydrogen,EJ/yr,2024,blank cell,zero
ndc_medce_gbl,JPN,Final Energy|Industry|Non-Ferrous Metals|Aluminum|Hydrogen,EJ/yr,2019,blank cell,zero
ndc_medce_gbl,JPN,Final Energy|Industry|Non-Ferrous Metals|Aluminum|Hydrogen,EJ/yr,2024,blank cell,zero
ndc_medce_gbl,JPN,Final Energy|Industry|Non-Ferrous Metals|Aluminum|Hydrogen,EJ/yr,2030,blank cell,zero
ndc_medce_gbl,LAM,Final Energy|Industry|Non-Ferrous Metals|Aluminum|Hydrogen,EJ/yr,2019,blank cell,zero
ndc_medce_gbl,LAM,Final Energy|Industry|Non-Ferrous Metals|Aluminum|Hydrogen,EJ/yr,2024,blank cell,zero
ndc_medce_gbl,MDA,Final Energy|Industry|Non-Ferrous Metals|Aluminum|Hydrogen,EJ/yr,2019,blank cell,zero
ndc_medce_gbl,MDA,Final Energy|Industry|Non-Ferrous Metals|Aluminum|Hydrogen,EJ/yr,2024,blank cell,zero
ndc_medce_gbl,MEA,Final Energy|Industry|Non-Ferrous Metals|Aluminum|Hydrogen,EJ/yr,2019,blank cell,zero
ndc_medce_gbl,MEA,Final Energy|Industry|Non-Ferrous Metals|Aluminum|Hydrogen,EJ/yr,2024,blank cell,zero
ndc_medce_gbl,MEX,Final Energy|Industry|Non-Ferrous Metals|Aluminum|Hydrogen,EJ/yr,2019,blank cell,zero
ndc_medce_gbl,MEX,Final Energy|Industry|Non-Ferrous Metals|Aluminum|Hydrogen,EJ/yr,2024,blank cell,zero
ndc_medce_gbl,MEX,Final Energy|Industry|Non-Ferrous Metals|Aluminum|Hydrogen,EJ/yr,2030,blank cell,zero
ndc_medce_gbl,NIG,Final Energy|Industry|Non-Ferrous Metals|Aluminum|Hydrogen,EJ/yr,2019,absent row,zero
ndc_medce_gbl,NIG,Final Energy|Industry|Non-Ferrous Metals|Aluminum|Hydrogen,EJ/yr,2024,absent row,zero
ndc_medce_gbl,NIG,Final Energy|Industry|Non-Ferrous Metals|Aluminum|Hydrogen,EJ/yr,2030,absent row,zero
ndc_medce_gbl,NIG,Final Energy|Industry|Non-Ferrous Metals|Aluminum|Hydrogen,EJ/yr,2035,absent row,zero
ndc_medce_gbl,NIG,Final Energy|Industry|Non-Ferrous Metals|Aluminum|Hydrogen,EJ/yr,2040,absent row,zero
ndc_medce_gbl,NIG,Final Energy|Industry|Non-Ferrous Metals|Aluminum|Hydrogen,EJ/yr,2050,absent row,zero
ndc_medce_gbl,RUS,Final Energy|Industry|Non-Ferrous Metals|Aluminum|Hydrogen,EJ/yr,2019,blank cell,zero
ndc_medce_gbl,RUS,Final Energy|Industry|Non-Ferrous Metals|Aluminum|Hydrogen,EJ/yr,2024,blank cell,zero
ndc_medce_gbl,SKT,Final Energy|Industry|Non-Ferrous Metals|Aluminum|Hydrogen,EJ/yr,2019,blank cell,zero
ndc_medce_gbl,SKT,Final Energy|Industry|Non-Ferrous Metals|Aluminum|Hydrogen,EJ/yr,2024,blank cell,zero
ndc_medce_gbl,SKT,Final Energy|Industry|Non-Ferrous Metals|Aluminum|Hydrogen,EJ/yr,2030,blank cell,zero
ndc_medce_gbl,USA,Final Energy|Industry|Non-Ferrous Metals|Aluminum|Hydrogen,EJ/yr,2019,blank cell,zero
ndc_medce_gbl,USA,Final Energy|Industry|Non-Ferrous Metals|Aluminum|Hydrogen,EJ/yr,2024,blank cell,zero
ndc_medce_gbl,USA,Final Energy|Industry|Non-Ferrous Metals|Aluminum|Hydrogen,EJ/yr,2030,blank cell,zero
ndc_medce_gbl,AFE,Final Energy|Industry|Non-Ferrous Metals|Aluminum|Liquids,EJ/yr,2019,absent row,zero
ndc_medce_gbl,AFE,Final Energy|Industry|Non-Ferrous Metals|Aluminum|Liquids,EJ/yr,2024,absent row,zero
ndc_medce_gbl,AFE,Final Energy|Industry|Non-Ferrous Metals|Aluminum|Liquids,EJ/yr,2030,absent row,zero
ndc_medce_gbl,AFE,Final Energy|Industry|Non-Ferrous Metals|Aluminum|Liquids,EJ/yr,2035,absent row,zero
ndc_medce_gbl,AFE,Final Energy|Industry|Non-Ferrous Metals|Aluminum|Liquids,EJ/yr,2040,absent row,zero
ndc_medce_gbl,AFE,Final Energy|Industry|Non-Ferrous Metals|Aluminum|Liquids,EJ/yr,2050,absent row,zero
ndc_medce_gbl,AFN,Final Energy|Industry|Non-Ferrous Metals|Aluminum|Liquids,EJ/yr,2019,absent row,zero
ndc_medce_gbl,AFN,Final Energy|Industry|Non-Ferrous Metals|Aluminum|Liquids,EJ/yr,2024,absent row,zero
ndc_medce_gbl,AFN,Final Energy|Industry|Non-Ferrous Metals|Aluminum|Liquids,EJ/yr,2030,absent row,zero
ndc_medce_gbl,AFN,Final Energy|Industry|Non-Ferrous Metals|Aluminum|Liquids,EJ/yr,2035,absent row,zero
ndc_medce_gbl,AFN,Final Energy|Industry|Non-Ferrous Metals|Aluminum|Liquids,EJ/yr,2040,absent row,zero
ndc_medce_gbl,AFN,Final Energy|Industry|Non-Ferrous Metals|Aluminum|Liquids,EJ/yr,2050,absent row,zero
ndc_medce_gbl,AFW,Final Energy|Industry|Non-Ferrous Metals|Aluminum|Liquids,EJ/yr,2050,blank cell,zero
ndc_medce_gbl,AFZ,Final Energy|Industry|Non-Ferrous Metals|Aluminum|Liquids,EJ/yr,2050,blank cell,zero
ndc_medce_gbl,ANZ,Final Energy|Industry|Non-Ferrous Metals|Aluminum|Liquids,EJ/yr,2019,absent row,zero
ndc_medce_gbl,ANZ,Final Energy|Industry|Non-Ferrous Metals|Aluminum|Liquids,EJ/yr,2024,absent row,zero
ndc_medce_gbl,ANZ,Final Energy|Industry|Non-Ferrous Metals|Aluminum|Liquids,EJ/yr,2030,absent row,zero
ndc_medce_gbl,ANZ,Final Energy|Industry|Non-Ferrous Metals|Aluminum|Liquids,EJ/yr,2035,absent row,zero
ndc_medce_gbl,ANZ,Final Energy|Industry|Non-Ferrous Metals|Aluminum|Liquids,EJ/yr,2040,absent row,zero
ndc_medce_gbl,ANZ,Final Energy|Industry|Non-Ferrous Metals|Aluminum|Liquids,EJ/yr,2050,absent row,zero
ndc_medce_gbl,ASC,Final Energy|Industry|Non-Ferrous Metals|Aluminum|Liquids,EJ/yr,2050,blank cell,zero
ndc_medce_gbl,ASE,Final Energy|Industry|Non-Ferrous Metals|Aluminum|Liquids,EJ/yr,2050,blank cell,zero
ndc_medce_gbl,ASO,Final Energy|Industry|Non-Ferrous Metals|Aluminum|Liquids,EJ/yr,2019,absent row,zero
ndc_medce_gbl,ASO,Final Energy|Industry|Non-Ferrous Metals|Aluminum|Liquids,EJ/yr,2024,absent row,zero
ndc_medce_gbl,ASO,Final Energy|Industry|Non-Ferrous Metals|Aluminum|Liquids,EJ/yr,2030,absent row,zero
ndc_medce_gbl,ASO,Final Energy|Industry|Non-Ferrous Metals|Aluminum|Liquids,EJ/yr,2035,absent row,zero
ndc_medce_gbl,ASO,Final Energy|Industry|Non-Ferrous Metals|Aluminum|Liquids,EJ/yr,2040,absent row,zero
ndc_medce_gbl,ASO,Final Energy|Industry|Non-Ferrous Metals|Aluminum|Liquids,EJ/yr,2050,absent row,zero
ndc_medce_gbl,BRA,Final Energy|Industry|Non-Ferrous Metals|Aluminum|Liquids,EJ/yr,2040,blank cell,zero
ndc_medce_gbl,BRA,Final Energy|Industry|Non-Ferrous Metals|Aluminum|Liquids,EJ/yr,2050,blank cell,zero
ndc_medce_gbl,CAN,Final Energy|Industry|Non-Ferrous Metals|Aluminum|Liquids,EJ/yr,2019,absent row,zero
ndc_medce_gbl,CAN,Final Energy|Industry|Non-Ferrous Metals|Aluminum|Liquids,EJ/yr,2024,absent row,zero
ndc_medce_gbl,CAN,Final Energy|Industry|Non-Ferrous Metals|Aluminum|Liquids,EJ/yr,2030,absent row,zero
ndc_medce_gbl,CAN,Final Energy|Industry|Non-Ferrous Metals|Aluminum|Liquids,EJ/yr,2035,absent row,zero
ndc_medce_gbl,CAN,Final Energy|Industry|Non-Ferrous Metals|Aluminum|Liquids,EJ/yr,2040,absent row,zero
ndc_medce_gbl,CAN,Final Energy|Industry|Non-Ferrous Metals|Aluminum|Liquids,EJ/yr,2050,absent row,zero
ndc_medce_gbl,CHL,Final Energy|Industry|Non-Ferrous Metals|Aluminum|Liquids,EJ/yr,2019,absent row,zero
ndc_medce_gbl,CHL,Final Energy|Industry|Non-Ferrous Metals|Aluminum|Liquids,EJ/yr,2024,absent row,zero
ndc_medce_gbl,CHL,Final Energy|Industry|Non-Ferrous Metals|Aluminum|Liquids,EJ/yr,2030,absent row,zero
ndc_medce_gbl,CHL,Final Energy|Industry|Non-Ferrous Metals|Aluminum|Liquids,EJ/yr,2035,absent row,zero
ndc_medce_gbl,CHL,Final Energy|Industry|Non-Ferrous Metals|Aluminum|Liquids,EJ/yr,2040,absent row,zero
ndc_medce_gbl,CHL,Final Energy|Industry|Non-Ferrous Metals|Aluminum|Liquids,EJ/yr,2050,absent row,zero
ndc_medce_gbl,CHN,Final Energy|Industry|Non-Ferrous Metals|Aluminum|Liquids,EJ/yr,2050,blank cell,zero
ndc_medce_gbl,ENE,Final Energy|Industry|Non-Ferrous Metals|Aluminum|Liquids,EJ/yr,2019,absent row,zero
ndc_medce_gbl,ENE,Final Energy|Industry|Non-Ferrous Metals|Aluminum|Liquids,EJ/yr,2024,absent row,zero
ndc_medce_gbl,ENE,Final Energy|Industry|Non-Ferrous Metals|Aluminum|Liquids,EJ/yr,2030,absent row,zero
ndc_medce_gbl,ENE,Final Energy|Industry|Non-Ferrous Metals|Aluminum|Liquids,EJ/yr,2035,absent row,zero
ndc_medce_gbl,ENE,Final Energy|Industry|Non-Ferrous Metals|Aluminum|Liquids,EJ/yr,2040,absent row,zero
ndc_medce_gbl,ENE,Final Energy|Industry|Non-Ferrous Metals|Aluminum|Liquids,EJ/yr,2050,absent row,zero
ndc_medce_gbl,ENW,Final Energy|Industry|Non-Ferrous Metals|Aluminum|Liquids,EJ/yr,2019,absent row,zero
ndc_medce_gbl,ENW,Final Energy|Industry|Non-Ferrous Metals|Aluminum|Liquids,EJ/yr,2024,absent row,zero
ndc_medce_gbl,ENW,Final Energy|Industry|Non-Ferrous Metals|Aluminum|Liquids,EJ/yr,2030,absent row,zero
ndc_medce_gbl,ENW,Final Energy|Industry|Non-Ferrous Metals|Aluminum|Liquids,EJ/yr,2035,absent row,zero
ndc_medce_gbl,ENW,Final Energy|Industry|Non-Ferrous Metals|Aluminum|Liquids,EJ/yr,2040,absent row,zero
ndc_medce_gbl,ENW,Final Energy|Industry|Non-Ferrous Metals|Aluminum|Liquids,EJ/yr,2050,absent row,zero
ndc_medce_gbl,EUE,Final Energy|Industry|Non-Ferrous Metals|Aluminum|Liquids,EJ/yr,2019,absent row,zero
ndc_medce_gbl,EUE,Final Energy|Industry|Non-Ferrous Metals|Aluminum|Liquids,EJ/yr,2024,absent row,zero
ndc_medce_gbl,EUE,Final Energy|Industry|Non-Ferrous Metals|Aluminum|Liquids,EJ/yr,2030,absent row,zero
ndc_medce_gbl,EUE,Final Energy|Industry|Non-Ferrous Metals|Aluminum|Liquids,EJ/yr,2035,absent row,zero
ndc_medce_gbl,EUE,Final Energy|Industry|Non-Ferrous Metals|Aluminum|Liquids,EJ/yr,2040,absent row,zero
ndc_medce_gbl,EUE,Final Energy|Industry|Non-Ferrous Metals|Aluminum|Liquids,EJ/yr,2050,absent row,zero
ndc_medce_gbl,EUM,Final Energy|Industry|Non-Ferrous Metals|Aluminum|Liquids,EJ/yr,2019,absent row,zero
ndc_medce_gbl,EUM,Final Energy|Industry|Non-Ferrous Metals|Aluminum|Liquids,EJ/yr,2024,absent row,zero
ndc_medce_gbl,EUM,Final Energy|Industry|Non-Ferrous Metals|Aluminum|Liquids,EJ/yr,2030,absent row,zero
ndc_medce_gbl,EUM,Final Energy|Industry|Non-Ferrous Metals|Aluminum|Liquids,EJ/yr,2035,absent row,zero
ndc_medce_gbl,EUM,Final Energy|Industry|Non-Ferrous Metals|Aluminum|Liquids,EJ/yr,2040,absent row,zero
ndc_medce_gbl,EUM,Final Energy|Industry|Non-Ferrous Metals|Aluminum|Liquids,EJ/yr,2050,absent row,zero
ndc_medce_gbl,EUW,Final Energy|Industry|Non-Ferrous Metals|Aluminum|Liquids,EJ/yr,2019,absent row,zero
ndc_medce_gbl,EUW,Final Energy|Industry|Non-Ferrous Metals|Aluminum|Liquids,EJ/yr,2024,absent row,zero
ndc_medce_gbl,EUW,Final Energy|Industry|Non-Ferrous Metals|Aluminum|Liquids,EJ/yr,2030,absent row,zero
ndc_medce_gbl,EUW,Final Energy|Industry|Non-Ferrous Metals|Aluminum|Liquids,EJ/yr,2035,absent row,zero
ndc_medce_gbl,EUW,Final Energy|Industry|Non-Ferrous Metals|Aluminum|Liquids,EJ/yr,2040,absent row,zero
ndc_medce_gbl,EUW,Final Energy|Industry|Non-Ferrous Metals|Aluminum|Liquids,EJ/yr,2050,absent row,zero
ndc_medce_gbl,IDN,Final Energy|Industry|Non-Ferrous Metals|Aluminum|Liquids,EJ/yr,2050,blank cell,zero
ndc_medce_gbl,IND,Final Energy|Industry|Non-Ferrous Metals|Aluminum|Liquids,EJ/yr,2050,blank cell,zero
ndc_medce_gbl,JPN,Final Energy|Industry|Non-Ferrous Metals|Aluminum|Liquids,EJ/yr,2019,absent row,zero
ndc_medce_gbl,JPN,Final Energy|Industry|Non-Ferrous Metals|Aluminum|Liquids,EJ/yr,2024,absent row,zero
ndc_medce_gbl,JPN,Final Energy|Industry|Non-Ferrous Metals|Aluminum|Liquids,EJ/yr,2030,absent row,zero
ndc_medce_gbl,JPN,Final Energy|Industry|Non-Ferrous Metals|Aluminum|Liquids,EJ/yr,2035,absent row,zero
ndc_medce_gbl,JPN,Final Energy|Industry|Non-Ferrous Metals|Aluminum|Liquids,EJ/yr,2040,absent row,zero
ndc_medce_gbl,JPN,Final Energy|Industry|Non-Ferrous Metals|Aluminum|Liquids,EJ/yr,2050,absent row,zero
ndc_medce_gbl,LAM,Final Energy|Industry|Non-Ferrous Metals|Aluminum|Liquids,EJ/yr,2050,blank cell,zero
ndc_medce_gbl,MDA,Final Energy|Industry|Non-Ferrous Metals|Aluminum|Liquids,EJ/yr,2050,blank cell,zero
ndc_medce_gbl,MEA,Final Energy|Industry|Non-Ferrous Metals|Aluminum|Liquids,EJ/yr,2019,absent row,zero
ndc_medce_gbl,MEA,Final Energy|Industry|Non-Ferrous Metals|Aluminum|Liquids,EJ/yr,2024,absent row,zero
ndc_medce_gbl,MEA,Final Energy|Industry|Non-Ferrous Metals|Aluminum|Liquids,EJ/yr,2030,absent row,zero
ndc_medce_gbl,MEA,Final Energy|Industry|Non-Ferrous Metals|Aluminum|Liquids,EJ/yr,2035,absent row,zero
ndc_medce_gbl,MEA,Final Energy|Industry|Non-Ferrous Metals|Aluminum|Liquids,EJ/yr,2040,absent row,zero
ndc_medce_gbl,MEA,Final Energy|Industry|Non-Ferrous Metals|Aluminum|Liquids,EJ/yr,2050,absent row,zero
ndc_medce_gbl,MEX,Final Energy|Industry|Non-Ferrous Metals|Aluminum|Liquids,EJ/yr,2019,absent row,zero
ndc_medce_gbl,MEX,Final Energy|Industry|Non-Ferrous Metals|Aluminum|Liquids,EJ/yr,2024,absent row,zero
ndc_medce_gbl,MEX,Final Energy|Industry|Non-Ferrous Metals|Aluminum|Liquids,EJ/yr,2030,absent row,zero
ndc_medce_gbl,MEX,Final Energy|Industry|Non-Ferrous Metals|Aluminum|Liquids,EJ/yr,2035,absent row,zero
ndc_medce_gbl,MEX,Final Energy|Industry|Non-Ferrous Metals|Aluminum|Liquids,EJ/yr,2040,absent row,zero
ndc_medce_gbl,MEX,Final Energy|Industry|Non-Ferrous Metals|Aluminum|Liquids,EJ/yr,2050,absent row,zero
ndc_medce_gbl,NIG,Final Energy|Industry|Non-Ferrous Metals|Aluminum|Liquids,EJ/yr,2019,absent row,zero
ndc_medce_gbl,NIG,Final Energy|Industry|Non-Ferrous Metals|Aluminum|Liquids,EJ/yr,2024,absent row,zero
ndc_medce_gbl,NIG,Final Energy|Industry|Non-Ferrous Metals|Aluminum|Liquids,EJ/yr,2030,absent row,zero
ndc_medce_gbl,NIG,Final Energy|Industry|Non-Ferrous Metals|Aluminum|Liquids,EJ/yr,2035,absent row,zero
ndc_medce_gbl,NIG,Final Energy|Industry|Non-Ferrous Metals|Aluminum|Liquids,EJ/yr,2040,absent row,zero
ndc_medce_gbl,NIG,Final Energy|Industry|Non-Ferrous Metals|Aluminum|Liquids,EJ/yr,2050,absent row,zero
ndc_medce_gbl,RUS,Final Energy|Industry|Non-Ferrous Metals|Aluminum|Liquids,EJ/yr,2019,absent row,zero
ndc_medce_gbl,RUS,Final Energy|Industry|Non-Ferrous Metals|Aluminum|Liquids,EJ/yr,2024,absent row,zero
ndc_medce_gbl,RUS,Final Energy|Industry|Non-Ferrous Metals|Aluminum|Liquids,EJ/yr,2030,absent row,zero
ndc_medce_gbl,RUS,Final Energy|Industry|Non-Ferrous Metals|Aluminum|Liquids,EJ/yr,2035,absent row,zero
ndc_medce_gbl,RUS,Final Energy|Industry|Non-Ferrous Metals|Aluminum|Liquids,EJ/yr,2040,absent row,zero
ndc_medce_gbl,RUS,Final Energy|Industry|Non-Ferrous Metals|Aluminum|Liquids,EJ/yr,2050,absent row,zero
ndc_medce_gbl,SKT,Final Energy|Industry|Non-Ferrous Metals|Aluminum|Liquids,EJ/yr,2019,absent row,zero
ndc_medce_gbl,SKT,Final Energy|Industry|Non-Ferrous Metals|Aluminum|Liquids,EJ/yr,2024,absent row,zero
ndc_medce_gbl,SKT,Final Energy|Industry|Non-Ferrous Metals|Aluminum|Liquids,EJ/yr,2030,absent row,zero
ndc_medce_gbl,SKT,Final Energy|Industry|Non-Ferrous Metals|Aluminum|Liquids,EJ/yr,2035,absent row,zero
ndc_medce_gbl,SKT,Final Energy|Industry|Non-Ferrous Metals|Aluminum|Liquids,EJ/yr,2040,absent row,zero
ndc_medce_gbl,SKT,Final Energy|Industry|Non-Ferrous Metals|Aluminum|Liquids,EJ/yr,2050,absent row,zero
ndc_medce_gbl,USA,Final Energy|Industry|Non-Ferrous Metals|Aluminum|Liquids,EJ/yr,2019,absent row,zero
ndc_medce_gbl,USA,Final Energy|Industry|Non-Ferrous Metals|Aluminum|Liquids,EJ/yr,2024,absent row,zero
ndc_medce_gbl,USA,Final Energy|Industry|Non-Ferrous Metals|Aluminum|Liquids,EJ/yr,2030,absent row,zero
ndc_medce_gbl,USA,Final Energy|Industry|Non-Ferrous Metals|Aluminum|Liquids,EJ/yr,2035,absent row,zero
ndc_medce_gbl,USA,Final Energy|Industry|Non-Ferrous Metals|Aluminum|Liquids,EJ/yr,2040,absent row,zero
ndc_medce_gbl,USA,Final Energy|Industry|Non-Ferrous Metals|Aluminum|Liquids,EJ/yr,2050,absent row,zero
ndc_medce_gbl,AFE,Final Energy|Industry|Non-Ferrous Metals|Aluminum|Solids,EJ/yr,2019,absent row,zero
ndc_medce_gbl,AFE,Final Energy|Industry|Non-Ferrous Metals|Aluminum|Solids,EJ/yr,2024,absent row,zero
ndc_medce_gbl,AFE,Final Energy|Industry|Non-Ferrous Metals|Aluminum|Solids,EJ/yr,2030,absent row,zero
ndc_medce_gbl,AFE,Final Energy|Industry|Non-Ferrous Metals|Aluminum|Solids,EJ/yr,2035,absent row,zero
ndc_medce_gbl,AFE,Final Energy|Industry|Non-Ferrous Metals|Aluminum|Solids,EJ/yr,2040,absent row,zero
ndc_medce_gbl,AFE,Final Energy|Industry|Non-Ferrous Metals|Aluminum|Solids,EJ/yr,2050,absent row,zero
ndc_medce_gbl,AFN,Final Energy|Industry|Non-Ferrous Metals|Aluminum|Solids,EJ/yr,2019,absent row,zero
ndc_medce_gbl,AFN,Final Energy|Industry|Non-Ferrous Metals|Aluminum|Solids,EJ/yr,2024,absent row,zero
ndc_medce_gbl,AFN,Final Energy|Industry|Non-Ferrous Metals|Aluminum|Solids,EJ/yr,2030,absent row,zero
ndc_medce_gbl,AFN,Final Energy|Industry|Non-Ferrous Metals|Aluminum|Solids,EJ/yr,2035,absent row,zero
ndc_medce_gbl,AFN,Final Energy|Industry|Non-Ferrous Metals|Aluminum|Solids,EJ/yr,2040,absent row,zero
ndc_medce_gbl,AFN,Final Energy|Industry|Non-Ferrous Metals|Aluminum|Solids,EJ/yr,2050,absent row,zero
ndc_medce_gbl,AFW,Final Energy|Industry|Non-Ferrous Metals|Aluminum|Solids,EJ/yr,2050,blank cell,zero
ndc_medce_gbl,AFZ,Final Energy|Industry|Non-Ferrous Metals|Aluminum|Solids,EJ/yr,2050,blank cell,zero
ndc_medce_gbl,ANZ,Final Energy|Industry|Non-Ferrous Metals|Aluminum|Solids,EJ/yr,2050,blank cell,zero
ndc_medce_gbl,ASC,Final Energy|Industry|Non-Ferrous Metals|Aluminum|Solids,EJ/yr,2050,blank cell,zero
ndc_medce_gbl,ASE,Final Energy|Industry|Non-Ferrous Metals|Aluminum|Solids,EJ/yr,2050,blank cell,zero
ndc_medce_gbl,ASO,Final Energy|Industry|Non-Ferrous Metals|Aluminum|Solids,EJ/yr,2019,absent row,zero
ndc_medce_gbl,ASO,Final Energy|Industry|Non-Ferrous Metals|Aluminum|Solids,EJ/yr,2024,absent row,zero
ndc_medce_gbl,ASO,Final Energy|Industry|Non-Ferrous Metals|Aluminum|Solids,EJ/yr,2030,absent row,zero
ndc_medce_gbl,ASO,Final Energy|Industry|Non-Ferrous Metals|Aluminum|Solids,EJ/yr,2035,absent row,zero
ndc_medce_gbl,ASO,Final Energy|Industry|Non-Ferrous Metals|Aluminum|Solids,EJ/yr,2040,absent row,zero
ndc_medce_gbl,ASO,Final Energy|Industry|Non-Ferrous Metals|Aluminum|Solids,EJ/yr,2050,absent row,zero
ndc_medce_gbl,BRA,Final Energy|Industry|Non-Ferrous Metals|Aluminum|Solids,EJ/yr,2040,blank cell,zero
ndc_medce_gbl,BRA,Final Energy|Industry|Non-Ferrous Metals|Aluminum|Solids,EJ/yr,2050,blank cell,zero
ndc_medce_gbl,CAN,Final Energy|Industry|Non-Ferrous Metals|Aluminum|Solids,EJ/yr,2019,absent row,zero
ndc_medce_gbl,CAN,Final Energy|Industry|Non-Ferrous Metals|Aluminum|Solids,EJ/yr,2024,absent row,zero
ndc_medce_gbl,CAN,Final Energy|Industry|Non-Ferrous Metals|Aluminum|Solids,EJ/yr,2030,absent row,zero
ndc_medce_gbl,CAN,Final Energy|Industry|Non-Ferrous Metals|Aluminum|Solids,EJ/yr,2035,absent row,zero
ndc_medce_gbl,CAN,Final Energy|Industry|Non-Ferrous Metals|Aluminum|Solids,EJ/yr,2040,absent row,zero
ndc_medce_gbl,CAN,Final Energy|Industry|Non-Ferrous Metals|Aluminum|Solids,EJ/yr,2050,absent row,zero
ndc_medce_gbl,CHL,Final Energy|Industry|Non-Ferrous Metals|Aluminum|Solids,EJ/yr,2019,absent row,zero
ndc_medce_gbl,CHL,Final Energy|Industry|Non-Ferrous Metals|Aluminum|Solids,EJ/yr,2024,absent row,zero
ndc_medce_gbl,CHL,Final Energy|Industry|Non-Ferrous Metals|Aluminum|Solids,EJ/yr,2030,absent row,zero
ndc_medce_gbl,CHL,Final Energy|Industry|Non-Ferrous Metals|Aluminum|Solids,EJ/yr,2035,absent row,zero
ndc_medce_gbl,CHL,Final Energy|Industry|Non-Ferrous Metals|Aluminum|Solids,EJ/yr,2040,absent row,zero
ndc_medce_gbl,CHL,Final Energy|Industry|Non-Ferrous Metals|Aluminum|Solids,EJ/yr,2050,absent row,zero
ndc_medce_gbl,CHN,Final Energy|Industry|Non-Ferrous Metals|Aluminum|Solids,EJ/yr,2050,blank cell,zero
ndc_medce_gbl,ENE,Final Energy|Industry|Non-Ferrous Metals|Aluminum|Solids,EJ/yr,2019,absent row,zero
ndc_medce_gbl,ENE,Final Energy|Industry|Non-Ferrous Metals|Aluminum|Solids,EJ/yr,2024,absent row,zero
ndc_medce_gbl,ENE,Final Energy|Industry|Non-Ferrous Metals|Aluminum|Solids,EJ/yr,2030,absent row,zero
ndc_medce_gbl,ENE,Final Energy|Industry|Non-Ferrous Metals|Aluminum|Solids,EJ/yr,2035,absent row,zero
ndc_medce_gbl,ENE,Final Energy|Industry|Non-Ferrous Metals|Aluminum|Solids,EJ/yr,2040,absent row,zero
ndc_medce_gbl,ENE,Final Energy|Industry|Non-Ferrous Metals|Aluminum|Solids,EJ/yr,2050,absent row,zero
ndc_medce_gbl,ENW,Final Energy|Industry|Non-Ferrous Metals|Aluminum|Solids,EJ/yr,2019,absent row,zero
ndc_medce_gbl,ENW,Final Energy|Industry|Non-Ferrous Metals|Aluminum|Solids,EJ/yr,2024,absent row,zero
ndc_medce_gbl,ENW,Final Energy|Industry|Non-Ferrous Metals|Aluminum|Solids,EJ/yr,2030,absent row,zero
ndc_medce_gbl,ENW,Final Energy|Industry|Non-Ferrous Metals|Aluminum|Solids,EJ/yr,2035,absent row,zero
ndc_medce_gbl,ENW,Final Energy|Industry|Non-Ferrous Metals|Aluminum|Solids,EJ/yr,2040,absent row,zero
ndc_medce_gbl,ENW,Final Energy|Industry|Non-Ferrous Metals|Aluminum|Solids,EJ/yr,2050,absent row,zero
ndc_medce_gbl,EUE,Final Energy|Industry|Non-Ferrous Metals|Aluminum|Solids,EJ/yr,2019,absent row,zero
ndc_medce_gbl,EUE,Final Energy|Industry|Non-Ferrous Metals|Aluminum|Solids,EJ/yr,2024,absent row,zero
ndc_medce_gbl,EUE,Final Energy|Industry|Non-Ferrous Metals|Aluminum|Solids,EJ/yr,2030,absent row,zero
ndc_medce_gbl,EUE,Final Energy|Industry|Non-Ferrous Metals|Aluminum|Solids,EJ/yr,2035,absent row,zero
ndc_medce_gbl,EUE,Final Energy|Industry|Non-Ferrous Metals|Aluminum|Solids,EJ/yr,2040,absent row,zero
ndc_medce_gbl,EUE,Final Energy|Industry|Non-Ferrous Metals|Aluminum|Solids,EJ/yr,2050,absent row,zero
ndc_medce_gbl,EUM,Final Energy|Industry|Non-Ferrous Metals|Aluminum|Solids,EJ/yr,2019,absent row,zero
ndc_medce_gbl,EUM,Final Energy|Industry|Non-Ferrous Metals|Aluminum|Solids,EJ/yr,2024,absent row,zero
ndc_medce_gbl,EUM,Final Energy|Industry|Non-Ferrous Metals|Aluminum|Solids,EJ/yr,2030,absent row,zero
ndc_medce_gbl,EUM,Final Energy|Industry|Non-Ferrous Metals|Aluminum|Solids,EJ/yr,2035,absent row,zero
ndc_medce_gbl,EUM,Final Energy|Industry|Non-Ferrous Metals|Aluminum|Solids,EJ/yr,2040,absent row,zero
ndc_medce_gbl,EUM,Final Energy|Industry|Non-Ferrous Metals|Aluminum|Solids,EJ/yr,2050,absent row,zero
ndc_medce_gbl,EUW,Final Energy|Industry|Non-Ferrous Metals|Aluminum|Solids,EJ/yr,2019,absent row,zero
ndc_medce_gbl,EUW,Final Energy|Industry|Non-Ferrous Metals|Aluminum|Solids,EJ/yr,2024,absent row,zero
ndc_medce_gbl,EUW,Final Energy|Industry|Non-Ferrous Metals|Aluminum|Solids,EJ/yr,2030,absent row,zero
ndc_medce_gbl,EUW,Final Energy|Industry|Non-Ferrous Metals|Aluminum|Solids,EJ/yr,2035,absent row,zero
ndc_medce_gbl,EUW,Final Energy|Industry|Non-Ferrous Metals|Aluminum|Solids,EJ/yr,2040,absent row,zero
ndc_medce_gbl,EUW,Final Energy|Industry|Non-Ferrous Metals|Aluminum|Solids,EJ/yr,2050,absent row,zero
ndc_medce_gbl,IDN,Final Energy|Industry|Non-Ferrous Metals|Aluminum|Solids,EJ/yr,2050,blank cell,zero
ndc_medce_gbl,IND,Final Energy|Industry|Non-Ferrous Metals|Aluminum|Solids,EJ/yr,2050,blank cell,zero
ndc_medce_gbl,JPN,Final Energy|Industry|Non-Ferrous Metals|Aluminum|Solids,EJ/yr,2019,absent row,zero
ndc_medce_gbl,JPN,Final Energy|Industry|Non-Ferrous Metals|Aluminum|Solids,EJ/yr,2024,absent row,zero
ndc_medce_gbl,JPN,Final Energy|Industry|Non-Ferrous Metals|Aluminum|Solids,EJ/yr,2030,absent row,zero
ndc_medce_gbl,JPN,Final Energy|Industry|Non-Ferrous Metals|Aluminum|Solids,EJ/yr,2035,absent row,zero
ndc_medce_gbl,JPN,Final Energy|Industry|Non-Ferrous Metals|Aluminum|Solids,EJ/yr,2040,absent row,zero
ndc_medce_gbl,JPN,Final Energy|Industry|Non-Ferrous Metals|Aluminum|Solids,EJ/yr,2050,absent row,zero
ndc_medce_gbl,LAM,Final Energy|Industry|Non-Ferrous Metals|Aluminum|Solids,EJ/yr,2050,blank cell,zero
ndc_medce_gbl,MDA,Final Energy|Industry|Non-Ferrous Metals|Aluminum|Solids,EJ/yr,2050,blank cell,zero
ndc_medce_gbl,MEA,Final Energy|Industry|Non-Ferrous Metals|Aluminum|Solids,EJ/yr,2019,absent row,zero
ndc_medce_gbl,MEA,Final Energy|Industry|Non-Ferrous Metals|Aluminum|Solids,EJ/yr,2024,absent row,zero
ndc_medce_gbl,MEA,Final Energy|Industry|Non-Ferrous Metals|Aluminum|Solids,EJ/yr,2030,absent row,zero
ndc_medce_gbl,MEA,Final Energy|Industry|Non-Ferrous Metals|Aluminum|Solids,EJ/yr,2035,absent row,zero
ndc_medce_gbl,MEA,Final Energy|Industry|Non-Ferrous Metals|Aluminum|Solids,EJ/yr,2040,absent row,zero
ndc_medce_gbl,MEA,Final Energy|Industry|Non-Ferrous Metals|Aluminum|Solids,EJ/yr,2050,absent row,zero
ndc_medce_gbl,MEX,Final Energy|Industry|Non-Ferrous Metals|Aluminum|Solids,EJ/yr,2019,absent row,zero
ndc_medce_gbl,MEX,Final Energy|Industry|Non-Ferrous Metals|Aluminum|Solids,EJ/yr,2024,absent row,zero
ndc_medce_gbl,MEX,Final Energy|Industry|Non-Ferrous Metals|Aluminum|Solids,EJ/yr,2030,absent row,zero
ndc_medce_gbl,MEX,Final Energy|Industry|Non-Ferrous Metals|Aluminum|Solids,EJ/yr,2035,absent row,zero
ndc_medce_gbl,MEX,Final Energy|Industry|Non-Ferrous Metals|Aluminum|Solids,EJ/yr,2040,absent row,zero
ndc_medce_gbl,MEX,Final Energy|Industry|Non-Ferrous Metals|Aluminum|Solids,EJ/yr,2050,absent row,zero
ndc_medce_gbl,NIG,Final Energy|Industry|Non-Ferrous Metals|Aluminum|Solids,EJ/yr,2019,absent row,zero
ndc_medce_gbl,NIG,Final Energy|Industry|Non-Ferrous Metals|Aluminum|Solids,EJ/yr,2024,absent row,zero
ndc_medce_gbl,NIG,Final Energy|Industry|Non-Ferrous Metals|Aluminum|Solids,EJ/yr,2030,absent row,zero
ndc_medce_gbl,NIG,Final Energy|Industry|Non-Ferrous Metals|Aluminum|Solids,EJ/yr,2035,absent row,zero
ndc_medce_gbl,NIG,Final Energy|Industry|Non-Ferrous Metals|Aluminum|Solids,EJ/yr,2040,absent row,zero
ndc_medce_gbl,NIG,Final Energy|Industry|Non-Ferrous Metals|Aluminum|Solids,EJ/yr,2050,absent row,zero
ndc_medce_gbl,RUS,Final Energy|Industry|Non-Ferrous Metals|Aluminum|Solids,EJ/yr,2019,absent row,zero
ndc_medce_gbl,RUS,Final Energy|Industry|Non-Ferrous Metals|Aluminum|Solids,EJ/yr,2024,absent row,zero
ndc_medce_gbl,RUS,Final Energy|Industry|Non-Ferrous Metals|Aluminum|Solids,EJ/yr,2030,absent row,zero
ndc_medce_gbl,RUS,Final Energy|Industry|Non-Ferrous Metals|Aluminum|Solids,EJ/yr,2035,absent row,zero
ndc_medce_gbl,RUS,Final Energy|Industry|Non-Ferrous Metals|Aluminum|Solids,EJ/yr,2040,absent row,zero
ndc_medce_gbl,RUS,Final Energy|Industry|Non-Ferrous Metals|Aluminum|Solids,EJ/yr,2050,absent row,zero
ndc_medce_gbl,SKT,Final Energy|Industry|Non-Ferrous Metals|Aluminum|Solids,EJ/yr,2019,absent row,zero
ndc_medce_gbl,SKT,Final Energy|Industry|Non-Ferrous Metals|Aluminum|Solids,EJ/yr,2024,absent row,zero
ndc_medce_gbl,SKT,Final Energy|Industry|Non-Ferrous Metals|Aluminum|Solids,EJ/yr,2030,absent row,zero
ndc_medce_gbl,SKT,Final Energy|Industry|Non-Ferrous Metals|Aluminum|Solids,EJ/yr,2035,absent row,zero
ndc_medce_gbl,SKT,Final Energy|Industry|Non-Ferrous Metals|Aluminum|Solids,EJ/yr,2040,absent row,zero
ndc_medce_gbl,SKT,Final Energy|Industry|Non-Ferrous Metals|Aluminum|Solids,EJ/yr,2050,absent row,zero
ndc_medce_gbl,USA,Final Energy|Industry|Non-Ferrous Metals|Aluminum|Solids,EJ/yr,2019,absent row,zero
ndc_medce_gbl,USA,Final Energy|Industry|Non-Ferrous Metals|Aluminum|Solids,EJ/yr,2024,absent row,zero
ndc_medce_gbl,USA,Final Energy|Industry|Non-Ferrous Metals|Aluminum|Solids,EJ/yr,2030,absent row,zero
ndc_medce_gbl,USA,Final Energy|Industry|Non-Ferrous Metals|Aluminum|Solids,EJ/yr,2035,absent row,zero
ndc_medce_gbl,USA,Final Energy|Industry|Non-Ferrous Metals|Aluminum|Solids,EJ/yr,2040,absent row,zero
ndc_medce_gbl,USA,Final Energy|Industry|Non-Ferrous Metals|Aluminum|Solids,EJ/yr,2050,absent row,zero
ndc_medce_gbl,AFE,Emissions|GHG|Industry|Non-Ferrous Metals|Aluminum,MtCO2e/yr,2019,absent row,zero
ndc_medce_gbl,AFE,Emissions|GHG|Industry|Non-Ferrous Metals|Aluminum,MtCO2e/yr,2024,absent row,zero
ndc_medce_gbl,AFE,Emissions|GHG|Industry|Non-Ferrous Metals|Aluminum,MtCO2e/yr,2030,absent row,zero
ndc_medce_gbl,AFE,Emissions|GHG|Industry|Non-Ferrous Metals|Aluminum,MtCO2e/yr,2035,absent row,zero
ndc_medce_gbl,AFE,Emissions|GHG|Industry|Non-Ferrous Metals|Aluminum,MtCO2e/yr,2040,absent row,zero
ndc_medce_gbl,AFE,Emissions|GHG|Industry|Non-Ferrous Metals|Aluminum,MtCO2e/yr,2050,absent row,zero
ndc_medce_gbl,ASO,Emissions|GHG|Industry|Non-Ferrous Metals|Aluminum,MtCO2e/yr,2019,absent row,zero
ndc_medce_gbl,ASO,Emissions|GHG|Industry|Non-Ferrous Metals|Aluminum,MtCO2e/yr,2024,absent row,zero
ndc_medce_gbl,ASO,Emissions|GHG|Industry|Non-Ferrous Metals|Aluminum,MtCO2e/yr,2030,absent row,zero
ndc_medce_gbl,ASO,Emissions|GHG|Industry|Non-Ferrous Metals|Aluminum,MtCO2e/yr,2035,absent row,zero
ndc_medce_gbl,ASO,Emissions|GHG|Industry|Non-Ferrous Metals|Aluminum,MtCO2e/yr,2040,absent row,zero
ndc_medce_gbl,ASO,Emissions|GHG|Industry|Non-Ferrous Metals|Aluminum,MtCO2e/yr,2050,absent row,zero
ndc_medce_gbl,CHL,Emissions|GHG|Industry|Non-Ferrous Metals|Aluminum,MtCO2e/yr,2019,absent row,zero
ndc_medce_gbl,CHL,Emissions|GHG|Industry|Non-Ferrous Metals|Aluminum,MtCO2e/yr,2024,absent row,zero
ndc_medce_gbl,CHL,Emissions|GHG|Industry|Non-Ferrous Metals|Aluminum,MtCO2e/yr,2030,absent row,zero
ndc_medce_gbl,CHL,Emissions|GHG|Industry|Non-Ferrous Metals|Aluminum,MtCO2e/yr,2035,absent row,zero
ndc_medce_gbl,CHL,Emissions|GHG|Industry|Non-Ferrous Metals|Aluminum,MtCO2e/yr,2040,absent row,zero
ndc_medce_gbl,CHL,Emissions|GHG|Industry|Non-Ferrous Metals|Aluminum,MtCO2e/yr,2050,absent row,zero
ndc_medce_gbl,ENW,Emissions|GHG|Industry|Non-Ferrous Metals|Aluminum,MtCO2e/yr,2050,blank cell,zero
ndc_medce_gbl,NIG,Emissions|GHG|Industry|Non-Ferrous Metals|Aluminum,MtCO2e/yr,2019,absent row,zero
ndc_medce_gbl,NIG,Emissions|GHG|Industry|Non-Ferrous Metals|Aluminum,MtCO2e/yr,2024,absent row,zero
ndc_medce_gbl,NIG,Emissions|GHG|Industry|Non-Ferrous Metals|Aluminum,MtCO2e/yr,2030,absent row,zero
ndc_medce_gbl,NIG,Emissions|GHG|Industry|Non-Ferrous Metals|Aluminum,MtCO2e/yr,2035,absent row,zero
ndc_medce_gbl,NIG,Emissions|GHG|Industry|Non-Ferrous Metals|Aluminum,MtCO2e/yr,2040,absent row,zero
ndc_medce_gbl,NIG,Emissions|GHG|Industry|Non-Ferrous Metals|Aluminum,MtCO2e/yr,2050,absent row,zero
ndc_medce_gbl,USA,Emissions|GHG|Industry|Non-Ferrous Metals|Aluminum,MtCO2e/yr,2050,blank cell,zero
ndc_highce_gbl,AFW,Production|Iron and Steel|Primary,Mt/yr,2030,blank cell,zero
ndc_highce_gbl,ASO,Production|Iron and Steel|Primary,Mt/yr,2030,blank cell,zero
ndc_highce_gbl,ASO,Production|Iron and Steel|Primary,Mt/yr,2035,blank cell,zero
ndc_highce_gbl,ASO,Production|Iron and Steel|Primary,Mt/yr,2040,blank cell,zero
ndc_highce_gbl,CAN,Production|Iron and Steel|Primary,Mt/yr,2030,blank cell,zero
ndc_highce_gbl,MEX,Production|Iron and Steel|Primary,Mt/yr,2035,blank cell,zero
ndc_highce_gbl,NIG,Production|Iron and Steel|Primary,Mt/yr,2030,blank cell,zero
ndc_highce_gbl,USA,Production|Iron and Steel|Secondary,Mt/yr,2050,blank cell,zero
ndc_highce_gbl,AFE,Production|Non-Ferrous Metals|Aluminum|Primary,Mt/yr,2019,absent row,zero
ndc_highce_gbl,AFE,Production|Non-Ferrous Metals|Aluminum|Primary,Mt/yr,2024,absent row,zero
ndc_highce_gbl,AFE,Production|Non-Ferrous Metals|Aluminum|Primary,Mt/yr,2030,absent row,zero
ndc_highce_gbl,AFE,Production|Non-Ferrous Metals|Aluminum|Primary,Mt/yr,2035,absent row,zero
ndc_highce_gbl,AFE,Production|Non-Ferrous Metals|Aluminum|Primary,Mt/yr,2040,absent row,zero
ndc_highce_gbl,AFE,Production|Non-Ferrous Metals|Aluminum|Primary,Mt/yr,2050,absent row,zero
ndc_highce_gbl,ASO,Production|Non-Ferrous Metals|Aluminum|Primary,Mt/yr,2019,absent row,zero
ndc_highce_gbl,ASO,Production|Non-Ferrous Metals|Aluminum|Primary,Mt/yr,2024,absent row,zero
ndc_highce_gbl,ASO,Production|Non-Ferrous Metals|Aluminum|Primary,Mt/yr,2030,absent row,zero
ndc_highce_gbl,ASO,Production|Non-Ferrous Metals|Aluminum|Primary,Mt/yr,2035,absent row,zero
ndc_highce_gbl,ASO,Production|Non-Ferrous Metals|Aluminum|Primary,Mt/yr,2040,absent row,zero
ndc_highce_gbl,ASO,Production|Non-Ferrous Metals|Aluminum|Primary,Mt/yr,2050,absent row,zero
ndc_highce_gbl,CHL,Production|Non-Ferrous Metals|Aluminum|Primary,Mt/yr,2019,absent row,zero
ndc_highce_gbl,CHL,Production|Non-Ferrous Metals|Aluminum|Primary,Mt/yr,2024,absent row,zero
ndc_highce_gbl,CHL,Production|Non-Ferrous Metals|Aluminum|Primary,Mt/yr,2030,absent row,zero
ndc_highce_gbl,CHL,Production|Non-Ferrous Metals|Aluminum|Primary,Mt/yr,2035,absent row,zero
ndc_highce_gbl,CHL,Production|Non-Ferrous Metals|Aluminum|Primary,Mt/yr,2040,absent row,zero
ndc_highce_gbl,CHL,Production|Non-Ferrous Metals|Aluminum|Primary,Mt/yr,2050,absent row,zero
ndc_highce_gbl,EUE,Production|Non-Ferrous Metals|Aluminum|Primary,Mt/yr,2035,blank cell,zero
ndc_highce_gbl,EUE,Production|Non-Ferrous Metals|Aluminum|Primary,Mt/yr,2040,blank cell,zero
ndc_highce_gbl,EUE,Production|Non-Ferrous Metals|Aluminum|Primary,Mt/yr,2050,blank cell,zero
ndc_highce_gbl,EUW,Production|Non-Ferrous Metals|Aluminum|Primary,Mt/yr,2030,blank cell,zero
ndc_highce_gbl,EUW,Production|Non-Ferrous Metals|Aluminum|Primary,Mt/yr,2035,blank cell,zero
ndc_highce_gbl,JPN,Production|Non-Ferrous Metals|Aluminum|Primary,Mt/yr,2019,blank cell,zero
ndc_highce_gbl,JPN,Production|Non-Ferrous Metals|Aluminum|Primary,Mt/yr,2030,blank cell,zero
ndc_highce_gbl,JPN,Production|Non-Ferrous Metals|Aluminum|Primary,Mt/yr,2035,blank cell,zero
ndc_highce_gbl,JPN,Production|Non-Ferrous Metals|Aluminum|Primary,Mt/yr,2040,blank cell,zero
ndc_highce_gbl,JPN,Production|Non-Ferrous Metals|Aluminum|Primary,Mt/yr,2050,blank cell,zero
ndc_highce_gbl,MEX,Production|Non-Ferrous Metals|Aluminum|Primary,Mt/yr,2019,blank cell,zero
ndc_highce_gbl,MEX,Production|Non-Ferrous Metals|Aluminum|Primary,Mt/yr,2030,blank cell,zero
ndc_highce_gbl,MEX,Production|Non-Ferrous Metals|Aluminum|Primary,Mt/yr,2035,blank cell,zero
ndc_highce_gbl,MEX,Production|Non-Ferrous Metals|Aluminum|Primary,Mt/yr,2040,blank cell,zero
ndc_highce_gbl,MEX,Production|Non-Ferrous Metals|Aluminum|Primary,Mt/yr,2050,blank cell,zero
ndc_highce_gbl,NIG,Production|Non-Ferrous Metals|Aluminum|Primary,Mt/yr,2019,absent row,zero
ndc_highce_gbl,NIG,Production|Non-Ferrous Metals|Aluminum|Primary,Mt/yr,2024,absent row,zero
ndc_highce_gbl,NIG,Production|Non-Ferrous Metals|Aluminum|Primary,Mt/yr,2030,absent row,zero
ndc_highce_gbl,NIG,Production|Non-Ferrous Metals|Aluminum|Primary,Mt/yr,2035,absent row,zero
ndc_highce_gbl,NIG,Production|Non-Ferrous Metals|Aluminum|Primary,Mt/yr,2040,absent row,zero
ndc_highce_gbl,NIG,Production|Non-Ferrous Metals|Aluminum|Primary,Mt/yr,2050,absent row,zero
ndc_highce_gbl,SKT,Production|Non-Ferrous Metals|Aluminum|Primary,Mt/yr,2019,blank cell,zero
ndc_highce_gbl,SKT,Production|Non-Ferrous Metals|Aluminum|Primary,Mt/yr,2030,blank cell,zero
ndc_highce_gbl,SKT,Production|Non-Ferrous Metals|Aluminum|Primary,Mt/yr,2035,blank cell,zero
ndc_highce_gbl,SKT,Production|Non-Ferrous Metals|Aluminum|Primary,Mt/yr,2040,blank cell,zero
ndc_highce_gbl,SKT,Production|Non-Ferrous Metals|Aluminum|Primary,Mt/yr,2050,blank cell,zero
ndc_highce_gbl,USA,Production|Non-Ferrous Metals|Aluminum|Primary,Mt/yr,2030,blank cell,zero
ndc_highce_gbl,AFE,Production|Non-Ferrous Metals|Aluminum|Secondary,Mt/yr,2019,absent row,zero
ndc_highce_gbl,AFE,Production|Non-Ferrous Metals|Aluminum|Secondary,Mt/yr,2024,absent row,zero
ndc_highce_gbl,AFE,Production|Non-Ferrous Metals|Aluminum|Secondary,Mt/yr,2030,absent row,zero
ndc_highce_gbl,AFE,Production|Non-Ferrous Metals|Aluminum|Secondary,Mt/yr,2035,absent row,zero
ndc_highce_gbl,AFE,Production|Non-Ferrous Metals|Aluminum|Secondary,Mt/yr,2040,absent row,zero
ndc_highce_gbl,AFE,Production|Non-Ferrous Metals|Aluminum|Secondary,Mt/yr,2050,absent row,zero
ndc_highce_gbl,ASO,Production|Non-Ferrous Metals|Aluminum|Secondary,Mt/yr,2019,absent row,zero
ndc_highce_gbl,ASO,Production|Non-Ferrous Metals|Aluminum|Secondary,Mt/yr,2024,absent row,zero
ndc_highce_gbl,ASO,Production|Non-Ferrous Metals|Aluminum|Secondary,Mt/yr,2030,absent row,zero
ndc_highce_gbl,ASO,Production|Non-Ferrous Metals|Aluminum|Secondary,Mt/yr,2035,absent row,zero
ndc_highce_gbl,ASO,Production|Non-Ferrous Metals|Aluminum|Secondary,Mt/yr,2040,absent row,zero
ndc_highce_gbl,ASO,Production|Non-Ferrous Metals|Aluminum|Secondary,Mt/yr,2050,absent row,zero
ndc_highce_gbl,CAN,Production|Non-Ferrous Metals|Aluminum|Secondary,Mt/yr,2050,blank cell,zero
ndc_highce_gbl,CHL,Production|Non-Ferrous Metals|Aluminum|Secondary,Mt/yr,2019,absent row,zero
ndc_highce_gbl,CHL,Production|Non-Ferrous Metals|Aluminum|Secondary,Mt/yr,2024,absent row,zero
ndc_highce_gbl,CHL,Production|Non-Ferrous Metals|Aluminum|Secondary,Mt/yr,2030,absent row,zero
ndc_highce_gbl,CHL,Production|Non-Ferrous Metals|Aluminum|Secondary,Mt/yr,2035,absent row,zero
ndc_highce_gbl,CHL,Production|Non-Ferrous Metals|Aluminum|Secondary,Mt/yr,2040,absent row,zero
ndc_highce_gbl,CHL,Production|Non-Ferrous Metals|Aluminum|Secondary,Mt/yr,2050,absent row,zero
ndc_highce_gbl,ENW,Production|Non-Ferrous Metals|Aluminum|Secondary,Mt/yr,2050,blank cell,zero
ndc_highce_gbl,NIG,Production|Non-Ferrous Metals|Aluminum|Secondary,Mt/yr,2019,absent row,zero
ndc_highce_gbl,NIG,Production|Non-Ferrous Metals|Aluminum|Secondary,Mt/yr,2024,absent row,zero
ndc_highce_gbl,NIG,Production|Non-Ferrous Metals|Aluminum|Secondary,Mt/yr,2030,absent row,zero
ndc_highce_gbl,NIG,Production|Non-Ferrous Metals|Aluminum|Secondary,Mt/yr,2035,absent row,zero
ndc_highce_gbl,NIG,Production|Non-Ferrous Metals|Aluminum|Secondary,Mt/yr,2040,absent row,zero
ndc_highce_gbl,NIG,Production|Non-Ferrous Metals|Aluminum|Secondary,Mt/yr,2050,absent row,zero
ndc_highce_gbl,AFW,Final Energy|Industry|Non-Metallic Minerals|Cement|Gases,EJ/yr,2019,blank cell,zero
ndc_highce_gbl,ASO,Final Energy|Industry|Non-Metallic Minerals|Cement|Gases,EJ/yr,2019,blank cell,zero
ndc_highce_gbl,CHN,Final Energy|Industry|Non-Metallic Minerals|Cement|Gases,EJ/yr,2019,blank cell,zero
ndc_highce_gbl,IND,Final Energy|Industry|Non-Metallic Minerals|Cement|Gases,EJ/yr,2019,blank cell,zero
ndc_highce_gbl,MEA,Final Energy|Industry|Non-Metallic Minerals|Cement|Liquids,EJ/yr,2019,blank cell,zero
ndc_highce_gbl,AFW,Final Energy|Industry|Iron and Steel|Gases,EJ/yr,2030,blank cell,zero
ndc_highce_gbl,ASO,Final Energy|Industry|Iron and Steel|Gases,EJ/yr,2030,blank cell,zero
ndc_highce_gbl,ASO,Final Energy|Industry|Iron and Steel|Gases,EJ/yr,2035,blank cell,zero
ndc_highce_gbl,ASO,Final Energy|Industry|Iron and Steel|Gases,EJ/yr,2040,blank cell,zero
ndc_highce_gbl,CAN,Final Energy|Industry|Iron and Steel|Gases,EJ/yr,2030,blank cell,zero
ndc_highce_gbl,MEX,Final Energy|Industry|Iron and Steel|Gases,EJ/yr,2035,blank cell,zero
ndc_highce_gbl,MEX,Final Energy|Industry|Iron and Steel|Gases,EJ/yr,2040,blank cell,zero
ndc_highce_gbl,MEX,Final Energy|Industry|Iron and Steel|Gases,EJ/yr,2050,blank cell,zero
ndc_highce_gbl,NIG,Final Energy|Industry|Iron and Steel|Gases,EJ/yr,2030,blank cell,zero
ndc_highce_gbl,USA,Final Energy|Industry|Iron and Steel|Gases,EJ/yr,2050,blank cell,zero
ndc_highce_gbl,AFE,Final Energy|Industry|Iron and Steel|Hydrogen,EJ/yr,2019,blank cell,zero
ndc_highce_gbl,AFE,Final Energy|Industry|Iron and Steel|Hydrogen,EJ/yr,2024,blank cell,zero
ndc_highce_gbl,AFN,Final Energy|Industry|Iron and Steel|Hydrogen,EJ/yr,2019,blank cell,zero
ndc_highce_gbl,AFN,Final Energy|Industry|Iron and Steel|Hydrogen,EJ/yr,2024,blank cell,zero
ndc_highce_gbl,AFN,Final Energy|Industry|Iron and Steel|Hydrogen,EJ/yr,2030,blank cell,zero
ndc_highce_gbl,AFW,Final Energy|Industry|Iron and Steel|Hydrogen,EJ/yr,2019,blank cell,zero
ndc_highce_gbl,AFW,Final Energy|Industry|Iron and Steel|Hydrogen,EJ/yr,2024,blank cell,zero
ndc_highce_gbl,AFW,Final Energy|Industry|Iron and Steel|Hydrogen,EJ/yr,2030,blank cell,zero
ndc_highce_gbl,AFZ,Final Energy|Industry|Iron and Steel|Hydrogen,EJ/yr,2019,blank cell,zero
ndc_highce_gbl,AFZ,Final Energy|Industry|Iron and Steel|Hydrogen,EJ/yr,2024,blank cell,zero
ndc_highce_gbl,AFZ,Final Energy|Industry|Iron and Steel|Hydrogen,EJ/yr,2030,blank cell,zero
ndc_highce_gbl,AFZ,Final Energy|Industry|Iron and Steel|Hydrogen,EJ/yr,2035,blank cell,zero
ndc_highce_gbl,ANZ,Final Energy|Industry|Iron and Steel|Hydrogen,EJ/yr,2019,blank cell,zero
ndc_highce_gbl,ANZ,Final Energy|Industry|Iron and Steel|Hydrogen,EJ/yr,2024,blank cell,zero
ndc_highce_gbl,ANZ,Final Energy|Industry|Iron and Steel|Hydrogen,EJ/yr,2030,blank cell,zero
ndc_highce_gbl,ANZ,Final Energy|Industry|Iron and Steel|Hydrogen,EJ/yr,2035,blank cell,zero
ndc_highce_gbl,ASC,Final Energy|Industry|Iron and Steel|Hydrogen,EJ/yr,2019,blank cell,zero
ndc_highce_gbl,ASC,Final Energy|Industry|Iron and Steel|Hydrogen,EJ/yr,2024,blank cell,zero
ndc_highce_gbl,ASE,Final Energy|Industry|Iron and Steel|Hydrogen,EJ/yr,2019,blank cell,zero
ndc_highce_gbl,ASE,Final Energy|Industry|Iron and Steel|Hydrogen,EJ/yr,2024,blank cell,zero
ndc_highce_gbl,ASE,Final Energy|Industry|Iron and Steel|Hydrogen,EJ/yr,2030,blank cell,zero
ndc_highce_gbl,ASE,Final Energy|Industry|Iron and Steel|Hydrogen,EJ/yr,2035,blank cell,zero
ndc_highce_gbl,ASE,Final Energy|Industry|Iron and Steel|Hydrogen,EJ/yr,2040,blank cell,zero
ndc_highce_gbl,ASO,Final Energy|Industry|Iron and Steel|Hydrogen,EJ/yr,2019,blank cell,zero
ndc_highce_gbl,ASO,Final Energy|Industry|Iron and Steel|Hydrogen,EJ/yr,2024,blank cell,zero
ndc_highce_gbl,ASO,Final Energy|Industry|Iron and Steel|Hydrogen,EJ/yr,2030,blank cell,zero
ndc_highce_gbl,ASO,Final Energy|Industry|Iron and Steel|Hydrogen,EJ/yr,2035,blank cell,zero
ndc_highce_gbl,ASO,Final Energy|Industry|Iron and Steel|Hydrogen,EJ/yr,2040,blank cell,zero
ndc_highce_gbl,BRA,Final Energy|Industry|Iron and Steel|Hydrogen,EJ/yr,2019,blank cell,zero
ndc_highce_gbl,BRA,Final Energy|Industry|Iron and Steel|Hydrogen,EJ/yr,2024,blank cell,zero
ndc_highce_gbl,CAN,Final Energy|Industry|Iron and Steel|Hydrogen,EJ/yr,2019,blank cell,zero
ndc_highce_gbl,CAN,Final Energy|Industry|Iron and Steel|Hydrogen,EJ/yr,2024,blank cell,zero
ndc_highce_gbl,CAN,Final Energy|Industry|Iron and Steel|Hydrogen,EJ/yr,2030,blank cell,zero
ndc_highce_gbl,CHL,Final Energy|Industry|Iron and Steel|Hydrogen,EJ/yr,2019,blank cell,zero
ndc_highce_gbl,CHL,Final Energy|Industry|Iron and Steel|Hydrogen,EJ/yr,2024,blank cell,zero
ndc_highce_gbl,CHL,Final Energy|Industry|Iron and Steel|Hydrogen,EJ/yr,2030,blank cell,zero
ndc_highce_gbl,CHL,Final Energy|Industry|Iron and Steel|Hydrogen,EJ/yr,2035,blank cell,zero
ndc_highce_gbl,CHN,Final Energy|Industry|Iron and Steel|Hydrogen,EJ/yr,2019,blank cell,zero
ndc_highce_gbl,CHN,Final Energy|Industry|Iron and Steel|Hydrogen,EJ/yr,2024,blank cell,zero
ndc_highce_gbl,CHN,Final Energy|Industry|Iron and Steel|Hydrogen,EJ/yr,2030,blank cell,zero
ndc_highce_gbl,CHN,Final Energy|Industry|Iron and Steel|Hydrogen,EJ/yr,2035,blank cell,zero
ndc_highce_gbl,ENE,Final Energy|Industry|Iron and Steel|Hydrogen,EJ/yr,2019,blank cell,zero
ndc_highce_gbl,ENE,Final Energy|Industry|Iron and Steel|Hydrogen,EJ/yr,2024,blank cell,zero
ndc_highce_gbl,ENE,Final Energy|Industry|Iron and Steel|Hydrogen,EJ/yr,2030,blank cell,zero
ndc_highce_gbl,ENE,Final Energy|Industry|Iron and Steel|Hydrogen,EJ/yr,2035,blank cell,zero
ndc_highce_gbl,ENW,Final Energy|Industry|Iron and Steel|Hydrogen,EJ/yr,2019,absent row,zero
ndc_highce_gbl,ENW,Final Energy|Industry|Iron and Steel|Hydrogen,EJ/yr,2024,absent row,zero
ndc_highce_gbl,ENW,Final Energy|Industry|Iron and Steel|Hydrogen,EJ/yr,2030,absent row,zero
ndc_highce_gbl,ENW,Final Energy|Industry|Iron and Steel|Hydrogen,EJ/yr,2035,absent row,zero
ndc_highce_gbl,ENW,Final Energy|Industry|Iron and Steel|Hydrogen,EJ/yr,2040,absent row,zero
ndc_highce_gbl,ENW,Final Energy|Industry|Iron and Steel|Hydrogen,EJ/yr,2050,absent row,zero
ndc_highce_gbl,EUE,Final Energy|Industry|Iron and Steel|Hydrogen,EJ/yr,2019,blank cell,zero
ndc_highce_gbl,EUE,Final Energy|Industry|Iron and Steel|Hydrogen,EJ/yr,2024,blank cell,zero
ndc_highce_gbl,EUE,Final Energy|Industry|Iron and Steel|Hydrogen,EJ/yr,2030,blank cell,zero
ndc_highce_gbl,EUE,Final Energy|Industry|Iron and Steel|Hydrogen,EJ/yr,2035,blank cell,zero
ndc_highce_gbl,EUE,Final Energy|Industry|Iron and Steel|Hydrogen,EJ/yr,2040,blank cell,zero
ndc_highce_gbl,EUM,Final Energy|Industry|Iron and Steel|Hydrogen,EJ/yr,2019,absent row,zero
ndc_highce_gbl,EUM,Final Energy|Industry|Iron and Steel|Hydrogen,EJ/yr,2024,absent row,zero
ndc_highce_gbl,EUM,Final Energy|Industry|Iron and Steel|Hydrogen,EJ/yr,2030,absent row,zero
ndc_highce_gbl,EUM,Final Energy|Industry|Iron and Steel|Hydrogen,EJ/yr,2035,absent row,zero
ndc_highce_gbl,EUM,Final Energy|Industry|Iron and Steel|Hydrogen,EJ/yr,2040,absent row,zero
ndc_highce_gbl,EUM,Final Energy|Industry|Iron and Steel|Hydrogen,EJ/yr,2050,absent row,zero
ndc_highce_gbl,EUW,Final Energy|Industry|Iron and Steel|Hydrogen,EJ/yr,2019,blank cell,zero
ndc_highce_gbl,EUW,Final Energy|Industry|Iron and Steel|Hydrogen,EJ/yr,2024,blank cell,zero
ndc_highce_gbl,EUW,Final Energy|Industry|Iron and Steel|Hydrogen,EJ/yr,2030,blank cell,zero
ndc_highce_gbl,IDN,Final Energy|Industry|Iron and Steel|Hydrogen,EJ/yr,2019,blank cell,zero
ndc_highce_gbl,IDN,Final Energy|Industry|Iron and Steel|Hydrogen,EJ/yr,2024,blank cell,zero
ndc_highce_gbl,IDN,Final Energy|Industry|Iron and Steel|Hydrogen,EJ/yr,2030,blank cell,zero
ndc_highce_gbl,IND,Final Energy|Industry|Iron and Steel|Hydrogen,EJ/yr,2019,blank cell,zero
ndc_highce_gbl,IND,Final Energy|Industry|Iron and Steel|Hydrogen,EJ/yr,2024,blank cell,zero
ndc_highce_gbl,JPN,Final Energy|Industry|Iron and Steel|Hydrogen,EJ/yr,2019,blank cell,zero
ndc_highce_gbl,JPN,Final Energy|Industry|Iron and Steel|Hydrogen,EJ/yr,2024,blank cell,zero
ndc_highce_gbl,LAM,Final Energy|Industry|Iron and Steel|Hydrogen,EJ/yr,2019,blank cell,zero
ndc_highce_gbl,LAM,Final Energy|Industry|Iron and Steel|Hydrogen,EJ/yr,2024,blank cell,zero
ndc_highce_gbl,LAM,Final Energy|Industry|Iron and Steel|Hydrogen,EJ/yr,2030,blank cell,zero
ndc_highce_gbl,MDA,Final Energy|Industry|Iron and Steel|Hydrogen,EJ/yr,2019,blank cell,zero
ndc_highce_gbl,MDA,Final Energy|Industry|Iron and Steel|Hydrogen,EJ/yr,2024,blank cell,zero
ndc_highce_gbl,MDA,Final Energy|Industry|Iron and Steel|Hydrogen,EJ/yr,2030,blank cell,zero
ndc_highce_gbl,MEA,Final Energy|Industry|Iron and Steel|Hydrogen,EJ/yr,2019,blank cell,zero
ndc_highce_gbl,MEA,Final Energy|Industry|Iron and Steel|Hydrogen,EJ/yr,2024,blank cell,zero
ndc_highce_gbl,MEX,Final Energy|Industry|Iron and Steel|Hydrogen,EJ/yr,2019,blank cell,zero
ndc_highce_gbl,MEX,Final Energy|Industry|Iron and Steel|Hydrogen,EJ/yr,2024,blank cell,zero
ndc_highce_gbl,MEX,Final Energy|Industry|Iron and Steel|Hydrogen,EJ/yr,2030,blank cell,zero
ndc_highce_gbl,MEX,Final Energy|Industry|Iron and Steel|Hydrogen,EJ/yr,2035,blank cell,zero
ndc_highce_gbl,MEX,Final Energy|Industry|Iron and Steel|Hydrogen,EJ/yr,2040,blank cell,zero
ndc_highce_gbl,NIG,Final Energy|Industry|Iron and Steel|Hydrogen,EJ/yr,2019,blank cell,zero
ndc_highce_gbl,NIG,Final Energy|Industry|Iron and Steel|Hydrogen,EJ/yr,2024,blank cell,zero
ndc_highce_gbl,NIG,Final Energy|Industry|Iron and Steel|Hydrogen,EJ/yr,2030,blank cell,zero
ndc_highce_gbl,NIG,Final Energy|Industry|Iron and Steel|Hydrogen,EJ/yr,2035,blank cell,zero
ndc_highce_gbl,RUS,Final Energy|Industry|Iron and Steel|Hydrogen,EJ/yr,2019,blank cell,zero
ndc_highce_gbl,RUS,Final Energy|Industry|Iron and Steel|Hydrogen,EJ/yr,2024,blank cell,zero
ndc_highce_gbl,SKT,Final Energy|Industry|Iron and Steel|Hydrogen,EJ/yr,2019,blank cell,zero
ndc_highce_gbl,SKT,Final Energy|Industry|Iron and Steel|Hydrogen,EJ/yr,2024,blank cell,zero
ndc_highce_gbl,SKT,Final Energy|Industry|Iron and Steel|Hydrogen,EJ/yr,2030,blank cell,zero
ndc_highce_gbl,USA,Final Energy|Industry|Iron and Steel|Hydrogen,EJ/yr,2019,absent row,zero
ndc_highce_gbl,USA,Final Energy|Industry|Iron and Steel|Hydrogen,EJ/yr,2024,absent row,zero
ndc_highce_gbl,USA,Final Energy|Industry|Iron and Steel|Hydrogen,EJ/yr,2030,absent row,zero
ndc_highce_gbl,USA,Final Energy|Industry|Iron and Steel|Hydrogen,EJ/yr,2035,absent row,zero
ndc_highce_gbl,USA,Final Energy|Industry|Iron and Steel|Hydrogen,EJ/yr,2040,absent row,zero
ndc_highce_gbl,USA,Final Energy|Industry|Iron and Steel|Hydrogen,EJ/yr,2050,absent row,zero
ndc_highce_gbl,AFE,Final Energy|Industry|Iron and Steel|Liquids,EJ/yr,2019,absent row,zero
ndc_highce_gbl,AFE,Final Energy|Industry|Iron and Steel|Liquids,EJ/yr,2024,absent row,zero
ndc_highce_gbl,AFE,Final Energy|Industry|Iron and Steel|Liquids,EJ/yr,2030,absent row,zero
ndc_highce_gbl,AFE,Final Energy|Industry|Iron and Steel|Liquids,EJ/yr,2035,absent row,zero
ndc_highce_gbl,AFE,Final Energy|Industry|Iron and Steel|Liquids,EJ/yr,2040,absent row,zero
ndc_highce_gbl,AFE,Final Energy|Industry|Iron and Steel|Liquids,EJ/yr,2050,absent row,zero
ndc_highce_gbl,AFN,Final Energy|Industry|Iron and Steel|Liquids,EJ/yr,2050,blank cell,zero
ndc_highce_gbl,AFW,Final Energy|Industry|Iron and Steel|Liquids,EJ/yr,2019,absent row,zero
ndc_highce_gbl,AFW,Final Energy|Industry|Iron and Steel|Liquids,EJ/yr,2024,absent row,zero
ndc_highce_gbl,AFW,Final Energy|Industry|Iron and Steel|Liquids,EJ/yr,2030,absent row,zero
ndc_highce_gbl,AFW,Final Energy|Industry|Iron and Steel|Liquids,EJ/yr,2035,absent row,zero
ndc_highce_gbl,AFW,Final Energy|Industry|Iron and Steel|Liquids,EJ/yr,2040,absent row,zero
ndc_highce_gbl,AFW,Final Energy|Industry|Iron and Steel|Liquids,EJ/yr,2050,absent row,zero
ndc_highce_gbl,AFZ,Final Energy|Industry|Iron and Steel|Liquids,EJ/yr,2030,blank cell,zero
ndc_highce_gbl,AFZ,Final Energy|Industry|Iron and Steel|Liquids,EJ/yr,2035,blank cell,zero
ndc_highce_gbl,AFZ,Final Energy|Industry|Iron and Steel|Liquids,EJ/yr,2040,blank cell,zero
ndc_highce_gbl,AFZ,Final Energy|Industry|Iron and Steel|Liquids,EJ/yr,2050,blank cell,zero
ndc_highce_gbl,ANZ,Final Energy|Industry|Iron and Steel|Liquids,EJ/yr,2040,blank cell,zero
ndc_highce_gbl,ANZ,Final Energy|Industry|Iron and Steel|Liquids,EJ/yr,2050,blank cell,zero
ndc_highce_gbl,ASC,Final Energy|Industry|Iron and Steel|Liquids,EJ/yr,2050,blank cell,zero
ndc_highce_gbl,ASE,Final Energy|Industry|Iron and Steel|Liquids,EJ/yr,2030,blank cell,zero
ndc_highce_gbl,ASE,Final Energy|Industry|Iron and Steel|Liquids,EJ/yr,2035,blank cell,zero
ndc_highce_gbl,ASE,Final Energy|Industry|Iron and Steel|Liquids,EJ/yr,2040,blank cell,zero
ndc_highce_gbl,ASE,Final Energy|Industry|Iron and Steel|Liquids,EJ/yr,2050,blank cell,zero
ndc_highce_gbl,ASO,Final Energy|Industry|Iron and Steel|Liquids,EJ/yr,2019,absent row,zero
ndc_highce_gbl,ASO,Final Energy|Industry|Iron and Steel|Liquids,EJ/yr,2024,absent row,zero
ndc_highce_gbl,ASO,Final Energy|Industry|Iron and Steel|Liquids,EJ/yr,2030,absent row,zero
ndc_highce_gbl,ASO,Final Energy|Industry|Iron and Steel|Liquids,EJ/yr,2035,absent row,zero
ndc_highce_gbl,ASO,Final Energy|Industry|Iron and Steel|Liquids,EJ/yr,2040,absent row,zero
ndc_highce_gbl,ASO,Final Energy|Industry|Iron and Steel|Liquids,EJ/yr,2050,absent row,zero
ndc_highce_gbl,BRA,Final Energy|Industry|Iron and Steel|Liquids,EJ/yr,2040,blank cell,zero
ndc_highce_gbl,BRA,Final Energy|Industry|Iron and Steel|Liquids,EJ/yr,2050,blank cell,zero
ndc_highce_gbl,CAN,Final Energy|Industry|Iron and Steel|Liquids,EJ/yr,2030,blank cell,zero
ndc_highce_gbl,CAN,Final Energy|Industry|Iron and Steel|Liquids,EJ/yr,2035,blank cell,zero
ndc_highce_gbl,CAN,Final Energy|Industry|Iron and Steel|Liquids,EJ/yr,2050,blank cell,zero
ndc_highce_gbl,CHL,Final Energy|Industry|Iron and Steel|Liquids,EJ/yr,2050,blank cell,zero
ndc_highce_gbl,CHN,Final Energy|Industry|Iron and Steel|Liquids,EJ/yr,2050,blank cell,zero
ndc_highce_gbl,ENE,Final Energy|Industry|Iron and Steel|Liquids,EJ/yr,2050,blank cell,zero
ndc_highce_gbl,ENW,Final Energy|Industry|Iron and Steel|Liquids,EJ/yr,2050,blank cell,zero
ndc_highce_gbl,EUE,Final Energy|Industry|Iron and Steel|Liquids,EJ/yr,2050,blank cell,zero
ndc_highce_gbl,EUM,Final Energy|Industry|Iron and Steel|Liquids,EJ/yr,2050,blank cell,zero
ndc_highce_gbl,EUW,Final Energy|Industry|Iron and Steel|Liquids,EJ/yr,2050,blank cell,zero
ndc_highce_gbl,IDN,Final Energy|Industry|Iron and Steel|Liquids,EJ/yr,2050,blank cell,zero
ndc_highce_gbl,IND,Final Energy|Industry|Iron and Steel|Liquids,EJ/yr,2030,blank cell,zero
ndc_highce_gbl,IND,Final Energy|Industry|Iron and Steel|Liquids,EJ/yr,2035,blank cell,zero
ndc_highce_gbl,IND,Final Energy|Industry|Iron and Steel|Liquids,EJ/yr,2040,blank cell,zero
ndc_highce_gbl,IND,Final Energy|Industry|Iron and Steel|Liquids,EJ/yr,2050,blank cell,zero
ndc_highce_gbl,JPN,Final Energy|Industry|Iron and Steel|Liquids,EJ/yr,2050,blank cell,zero
ndc_highce_gbl,LAM,Final Energy|Industry|Iron and Steel|Liquids,EJ/yr,2050,blank cell,zero
ndc_highce_gbl,MDA,Final Energy|Industry|Iron and Steel|Liquids,EJ/yr,2050,blank cell,zero
ndc_highce_gbl,MEA,Final Energy|Industry|Iron and Steel|Liquids,EJ/yr,2050,blank cell,zero
ndc_highce_gbl,MEX,Final Energy|Industry|Iron and Steel|Liquids,EJ/yr,2035,blank cell,zero
ndc_highce_gbl,MEX,Final Energy|Industry|Iron and Steel|Liquids,EJ/yr,2040,blank cell,zero
ndc_highce_gbl,MEX,Final Energy|Industry|Iron and Steel|Liquids,EJ/yr,2050,blank cell,zero
ndc_highce_gbl,NIG,Final Energy|Industry|Iron and Steel|Liquids,EJ/yr,2019,absent row,zero
ndc_highce_gbl,NIG,Final Energy|Industry|Iron and Steel|Liquids,EJ/yr,2024,absent row,zero
ndc_highce_gbl,NIG,Final Energy|Industry|Iron and Steel|Liquids,EJ/yr,2030,absent row,zero
ndc_highce_gbl,NIG,Final Energy|Industry|Iron and Steel|Liquids,EJ/yr,2035,absent row,zero
ndc_highce_gbl,NIG,Final Energy|Industry|Iron and Steel|Liquids,EJ/yr,2040,absent row,zero
ndc_highce_gbl,NIG,Final Energy|Industry|Iron and Steel|Liquids,EJ/yr,2050,absent row,zero
ndc_highce_gbl,RUS,Final Energy|Industry|Iron and Steel|Liquids,EJ/yr,2035,blank cell,zero
ndc_highce_gbl,RUS,Final Energy|Industry|Iron and Steel|Liquids,EJ/yr,2040,blank cell,zero
ndc_highce_gbl,RUS,Final Energy|Industry|Iron and Steel|Liquids,EJ/yr,2050,blank cell,zero
ndc_highce_gbl,SKT,Final Energy|Industry|Iron and Steel|Liquids,EJ/yr,2050,blank cell,zero
ndc_highce_gbl,USA,Final Energy|Industry|Iron and Steel|Liquids,EJ/yr,2050,blank cell,zero
ndc_highce_gbl,AFE,Final Energy|Industry|Iron and Steel|Solids,EJ/yr,2019,blank cell,zero
ndc_highce_gbl,AFW,Final Energy|Industry|Iron and Steel|Solids,EJ/yr,2019,blank cell,zero
ndc_highce_gbl,AFW,Final Energy|Industry|Iron and Steel|Solids,EJ/yr,2030,blank cell,zero
ndc_highce_gbl,ASO,Final Energy|Industry|Iron and Steel|Solids,EJ/yr,2019,blank cell,zero
ndc_highce_gbl,ASO,Final Energy|Industry|Iron and Steel|Solids,EJ/yr,2030,blank cell,zero
ndc_highce_gbl,ASO,Final Energy|Industry|Iron and Steel|Solids,EJ/yr,2035,blank cell,zero
ndc_highce_gbl,ASO,Final Energy|Industry|Iron and Steel|Solids,EJ/yr,2040,blank cell,zero
ndc_highce_gbl,CAN,Final Energy|Industry|Iron and Steel|Solids,EJ/yr,2030,blank cell,zero
ndc_highce_gbl,MEX,Final Energy|Industry|Iron and Steel|Solids,EJ/yr,2035,blank cell,zero
ndc_highce_gbl,MEX,Final Energy|Industry|Iron and Steel|Solids,EJ/yr,2040,blank cell,zero
ndc_highce_gbl,MEX,Final Energy|Industry|Iron and Steel|Solids,EJ/yr,2050,blank cell,zero
ndc_highce_gbl,NIG,Final Energy|Industry|Iron and Steel|Solids,EJ/yr,2019,blank cell,zero
ndc_highce_gbl,NIG,Final Energy|Industry|Iron and Steel|Solids,EJ/yr,2030,blank cell,zero
ndc_highce_gbl,NIG,Final Energy|Industry|Iron and Steel|Solids,EJ/yr,2035,blank cell,zero
ndc_highce_gbl,NIG,Final Energy|Industry|Iron and Steel|Solids,EJ/yr,2040,blank cell,zero
ndc_highce_gbl,NIG,Final Energy|Industry|Iron and Steel|Solids,EJ/yr,2050,blank cell,zero
ndc_highce_gbl,USA,Final Energy|Industry|Iron and Steel|Solids,EJ/yr,2050,blank cell,zero
ndc_highce_gbl,AFE,Final Energy|Industry|Non-Ferrous Metals|Aluminum|Electricity,EJ/yr,2019,absent row,zero
ndc_highce_gbl,AFE,Final Energy|Industry|Non-Ferrous Metals|Aluminum|Electricity,EJ/yr,2024,absent row,zero
ndc_highce_gbl,AFE,Final Energy|Industry|Non-Ferrous Metals|Aluminum|Electricity,EJ/yr,2030,absent row,zero
ndc_highce_gbl,AFE,Final Energy|Industry|Non-Ferrous Metals|Aluminum|Electricity,EJ/yr,2035,absent row,zero
ndc_highce_gbl,AFE,Final Energy|Industry|Non-Ferrous Metals|Aluminum|Electricity,EJ/yr,2040,absent row,zero
ndc_highce_gbl,AFE,Final Energy|Industry|Non-Ferrous Metals|Aluminum|Electricity,EJ/yr,2050,absent row,zero
ndc_highce_gbl,ASO,Final Energy|Industry|Non-Ferrous Metals|Aluminum|Electricity,EJ/yr,2019,absent row,zero
ndc_highce_gbl,ASO,Final Energy|Industry|Non-Ferrous Metals|Aluminum|Electricity,EJ/yr,2024,absent row,zero
ndc_highce_gbl,ASO,Final Energy|Industry|Non-Ferrous Metals|Aluminum|Electricity,EJ/yr,2030,absent row,zero
ndc_highce_gbl,ASO,Final Energy|Industry|Non-Ferrous Metals|Aluminum|Electricity,EJ/yr,2035,absent row,zero
ndc_highce_gbl,ASO,Final Energy|Industry|Non-Ferrous Metals|Aluminum|Electricity,EJ/yr,2040,absent row,zero
ndc_highce_gbl,ASO,Final Energy|Industry|Non-Ferrous Metals|Aluminum|Electricity,EJ/yr,2050,absent row,zero
ndc_highce_gbl,CHL,Final Energy|Industry|Non-Ferrous Metals|Aluminum|Electricity,EJ/yr,2019,absent row,zero
ndc_highce_gbl,CHL,Final Energy|Industry|Non-Ferrous Metals|Aluminum|Electricity,EJ/yr,2024,absent row,zero
ndc_highce_gbl,CHL,Final Energy|Industry|Non-Ferrous Metals|Aluminum|Electricity,EJ/yr,2030,absent row,zero
ndc_highce_gbl,CHL,Final Energy|Industry|Non-Ferrous Metals|Aluminum|Electricity,EJ/yr,2035,absent row,zero
ndc_highce_gbl,CHL,Final Energy|Industry|Non-Ferrous Metals|Aluminum|Electricity,EJ/yr,2040,absent row,zero
ndc_highce_gbl,CHL,Final Energy|Industry|Non-Ferrous Metals|Aluminum|Electricity,EJ/yr,2050,absent row,zero
ndc_highce_gbl,NIG,Final Energy|Industry|Non-Ferrous Metals|Aluminum|Electricity,EJ/yr,2019,absent row,zero
ndc_highce_gbl,NIG,Final Energy|Industry|Non-Ferrous Metals|Aluminum|Electricity,EJ/yr,2024,absent row,zero
ndc_highce_gbl,NIG,Final Energy|Industry|Non-Ferrous Metals|Aluminum|Electricity,EJ/yr,2030,absent row,zero
ndc_highce_gbl,NIG,Final Energy|Industry|Non-Ferrous Metals|Aluminum|Electricity,EJ/yr,2035,absent row,zero
ndc_highce_gbl,NIG,Final Energy|Industry|Non-Ferrous Metals|Aluminum|Electricity,EJ/yr,2040,absent row,zero
ndc_highce_gbl,NIG,Final Energy|Industry|Non-Ferrous Metals|Aluminum|Electricity,EJ/yr,2050,absent row,zero
ndc_highce_gbl,AFE,Final Energy|Industry|Non-Ferrous Metals|Aluminum|Gases,EJ/yr,2019,absent row,zero
ndc_highce_gbl,AFE,Final Energy|Industry|Non-Ferrous Metals|Aluminum|Gases,EJ/yr,2024,absent row,zero
ndc_highce_gbl,AFE,Final Energy|Industry|Non-Ferrous Metals|Aluminum|Gases,EJ/yr,2030,absent row,zero
ndc_highce_gbl,AFE,Final Energy|Industry|Non-Ferrous Metals|Aluminum|Gases,EJ/yr,2035,absent row,zero
ndc_highce_gbl,AFE,Final Energy|Industry|Non-Ferrous Metals|Aluminum|Gases,EJ/yr,2040,absent row,zero
ndc_highce_gbl,AFE,Final Energy|Industry|Non-Ferrous Metals|Aluminum|Gases,EJ/yr,2050,absent row,zero
ndc_highce_gbl,ANZ,Final Energy|Industry|Non-Ferrous Metals|Aluminum|Gases,EJ/yr,2050,blank cell,zero
ndc_highce_gbl,ASO,Final Energy|Industry|Non-Ferrous Metals|Aluminum|Gases,EJ/yr,2019,absent row,zero
ndc_highce_gbl,ASO,Final Energy|Industry|Non-Ferrous Metals|Aluminum|Gases,EJ/yr,2024,absent row,zero
ndc_highce_gbl,ASO,Final Energy|Industry|Non-Ferrous Metals|Aluminum|Gases,EJ/yr,2030,absent row,zero
ndc_highce_gbl,ASO,Final Energy|Industry|Non-Ferrous Metals|Aluminum|Gases,EJ/yr,2035,absent row,zero
ndc_highce_gbl,ASO,Final Energy|Industry|Non-Ferrous Metals|Aluminum|Gases,EJ/yr,2040,absent row,zero
ndc_highce_gbl,ASO,Final Energy|Industry|Non-Ferrous Metals|Aluminum|Gases,EJ/yr,2050,absent row,zero
ndc_highce_gbl,CHL,Final Energy|Industry|Non-Ferrous Metals|Aluminum|Gases,EJ/yr,2019,absent row,zero
ndc_highce_gbl,CHL,Final Energy|Industry|Non-Ferrous Metals|Aluminum|Gases,EJ/yr,2024,absent row,zero
ndc_highce_gbl,CHL,Final Energy|Industry|Non-Ferrous Metals|Aluminum|Gases,EJ/yr,2030,absent row,zero
ndc_highce_gbl,CHL,Final Energy|Industry|Non-Ferrous Metals|Aluminum|Gases,EJ/yr,2035,absent row,zero
ndc_highce_gbl,CHL,Final Energy|Industry|Non-Ferrous Metals|Aluminum|Gases,EJ/yr,2040,absent row,zero
ndc_highce_gbl,CHL,Final Energy|Industry|Non-Ferrous Metals|Aluminum|Gases,EJ/yr,2050,absent row,zero
ndc_highce_gbl,ENW,Final Energy|Industry|Non-Ferrous Metals|Aluminum|Gases,EJ/yr,2050,blank cell,zero
ndc_highce_gbl,NIG,Final Energy|Industry|Non-Ferrous Metals|Aluminum|Gases,EJ/yr,2019,absent row,zero
ndc_highce_gbl,NIG,Final Energy|Industry|Non-Ferrous Metals|Aluminum|Gases,EJ/yr,2024,absent row,zero
ndc_highce_gbl,NIG,Final Energy|Industry|Non-Ferrous Metals|Aluminum|Gases,EJ/yr,2030,absent row,zero
ndc_highce_gbl,NIG,Final Energy|Industry|Non-Ferrous Metals|Aluminum|Gases,EJ/yr,2035,absent row,zero
ndc_highce_gbl,NIG,Final Energy|Industry|Non-Ferrous Metals|Aluminum|Gases,EJ/yr,2040,absent row,zero
ndc_highce_gbl,NIG,Final Energy|Industry|Non-Ferrous Metals|Aluminum|Gases,EJ/yr,2050,absent row,zero
ndc_highce_gbl,USA,Final Energy|Industry|Non-Ferrous Metals|Aluminum|Gases,EJ/yr,2050,blank cell,zero
ndc_highce_gbl,AFE,Final Energy|Industry|Non-Ferrous Metals|Aluminum|Hydrogen,EJ/yr,2019,absent row,zero
ndc_highce_gbl,AFE,Final Energy|Industry|Non-Ferrous Metals|Aluminum|Hydrogen,EJ/yr,2024,absent row,zero
ndc_highce_gbl,AFE,Final Energy|Industry|Non-Ferrous Metals|Aluminum|Hydrogen,EJ/yr,2030,absent row,zero
ndc_highce_gbl,AFE,Final Energy|Industry|Non-Ferrous Metals|Aluminum|Hydrogen,EJ/yr,2035,absent row,zero
ndc_highce_gbl,AFE,Final Energy|Industry|Non-Ferrous Metals|Aluminum|Hydrogen,EJ/yr,2040,absent row,zero
ndc_highce_gbl,AFE,Final Energy|Industry|Non-Ferrous Metals|Aluminum|Hydrogen,EJ/yr,2050,absent row,zero
ndc_highce_gbl,AFN,Final Energy|Industry|Non-Ferrous Metals|Aluminum|Hydrogen,EJ/yr,2019,blank cell,zero
ndc_highce_gbl,AFN,Final Energy|Industry|Non-Ferrous Metals|Aluminum|Hydrogen,EJ/yr,2024,blank cell,zero
ndc_highce_gbl,AFN,Final Energy|Industry|Non-Ferrous Metals|Aluminum|Hydrogen,EJ/yr,2030,blank cell,zero
ndc_highce_gbl,AFW,Final Energy|Industry|Non-Ferrous Metals|Aluminum|Hydrogen,EJ/yr,2019,blank cell,zero
ndc_highce_gbl,AFW,Final Energy|Industry|Non-Ferrous Metals|Aluminum|Hydrogen,EJ/yr,2024,blank cell,zero
ndc_highce_gbl,AFW,Final Energy|Industry|Non-Ferrous Metals|Aluminum|Hydrogen,EJ/yr,2030,blank cell,zero
ndc_highce_gbl,AFZ,Final Energy|Industry|Non-Ferrous Metals|Aluminum|Hydrogen,EJ/yr,2019,blank cell,zero
ndc_highce_gbl,AFZ,Final Energy|Industry|Non-Ferrous Metals|Aluminum|Hydrogen,EJ/yr,2024,blank cell,zero
ndc_highce_gbl,AFZ,Final Energy|Industry|Non-Ferrous Metals|Aluminum|Hydrogen,EJ/yr,2030,blank cell,zero
ndc_highce_gbl,ANZ,Final Energy|Industry|Non-Ferrous Metals|Aluminum|Hydrogen,EJ/yr,2019,blank cell,zero
ndc_highce_gbl,ANZ,Final Energy|Industry|Non-Ferrous Metals|Aluminum|Hydrogen,EJ/yr,2024,blank cell,zero
ndc_highce_gbl,ANZ,Final Energy|Industry|Non-Ferrous Metals|Aluminum|Hydrogen,EJ/yr,2030,blank cell,zero
ndc_highce_gbl,ASC,Final Energy|Industry|Non-Ferrous Metals|Aluminum|Hydrogen,EJ/yr,2019,blank cell,zero
ndc_highce_gbl,ASC,Final Energy|Industry|Non-Ferrous Metals|Aluminum|Hydrogen,EJ/yr,2024,blank cell,zero
ndc_highce_gbl,ASC,Final Energy|Industry|Non-Ferrous Metals|Aluminum|Hydrogen,EJ/yr,2030,blank cell,zero
ndc_highce_gbl,ASE,Final Energy|Industry|Non-Ferrous Metals|Aluminum|Hydrogen,EJ/yr,2019,blank cell,zero
ndc_highce_gbl,ASE,Final Energy|Industry|Non-Ferrous Metals|Aluminum|Hydrogen,EJ/yr,2024,blank cell,zero
ndc_highce_gbl,ASO,Final Energy|Industry|Non-Ferrous Metals|Aluminum|Hydrogen,EJ/yr,2019,absent row,zero
ndc_highce_gbl,ASO,Final Energy|Industry|Non-Ferrous Metals|Aluminum|Hydrogen,EJ/yr,2024,absent row,zero
ndc_highce_gbl,ASO,Final Energy|Industry|Non-Ferrous Metals|Aluminum|Hydrogen,EJ/yr,2030,absent row,zero
ndc_highce_gbl,ASO,Final Energy|Industry|Non-Ferrous Metals|Aluminum|Hydrogen,EJ/yr,2035,absent row,zero
ndc_highce_gbl,ASO,Final Energy|Industry|Non-Ferrous Metals|Aluminum|Hydrogen,EJ/yr,2040,absent row,zero
ndc_highce_gbl,ASO,Final Energy|Industry|Non-Ferrous Metals|Aluminum|Hydrogen,EJ/yr,2050,absent row,zero
ndc_highce_gbl,BRA,Final Energy|Industry|Non-Ferrous Metals|Aluminum|Hydrogen,EJ/yr,2019,blank cell,zero
ndc_highce_gbl,BRA,Final Energy|Industry|Non-Ferrous Metals|Aluminum|Hydrogen,EJ/yr,2024,blank cell,zero
ndc_highce_gbl,BRA,Final Energy|Industry|Non-Ferrous Metals|Aluminum|Hydrogen,EJ/yr,2030,blank cell,zero
ndc_highce_gbl,CAN,Final Energy|Industry|Non-Ferrous Metals|Aluminum|Hydrogen,EJ/yr,2019,blank cell,zero
ndc_highce_gbl,CAN,Final Energy|Industry|Non-Ferrous Metals|Aluminum|Hydrogen,EJ/yr,2024,blank cell,zero
ndc_highce_gbl,CHL,Final Energy|Industry|Non-Ferrous Metals|Aluminum|Hydrogen,EJ/yr,2019,absent row,zero
ndc_highce_gbl,CHL,Final Energy|Industry|Non-Ferrous Metals|Aluminum|Hydrogen,EJ/yr,2024,absent row,zero
ndc_highce_gbl,CHL,Final Energy|Industry|Non-Ferrous Metals|Aluminum|Hydrogen,EJ/yr,2030,absent row,zero
ndc_highce_gbl,CHL,Final Energy|Industry|Non-Ferrous Metals|Aluminum|Hydrogen,EJ/yr,2035,absent row,zero
ndc_highce_gbl,CHL,Final Energy|Industry|Non-Ferrous Metals|Aluminum|Hydrogen,EJ/yr,2040,absent row,zero
ndc_highce_gbl,CHL,Final Energy|Industry|Non-Ferrous Metals|Aluminum|Hydrogen,EJ/yr,2050,absent row,zero
ndc_highce_gbl,CHN,Final Energy|Industry|Non-Ferrous Metals|Aluminum|Hydrogen,EJ/yr,2019,blank cell,zero
ndc_highce_gbl,CHN,Final Energy|Industry|Non-Ferrous Metals|Aluminum|Hydrogen,EJ/yr,2024,blank cell,zero
ndc_highce_gbl,CHN,Final Energy|Industry|Non-Ferrous Metals|Aluminum|Hydrogen,EJ/yr,2030,blank cell,zero
ndc_highce_gbl,ENE,Final Energy|Industry|Non-Ferrous Metals|Aluminum|Hydrogen,EJ/yr,2019,blank cell,zero
ndc_highce_gbl,ENE,Final Energy|Industry|Non-Ferrous Metals|Aluminum|Hydrogen,EJ/yr,2024,blank cell,zero
ndc_highce_gbl,ENE,Final Energy|Industry|Non-Ferrous Metals|Aluminum|Hydrogen,EJ/yr,2030,blank cell,zero
ndc_highce_gbl,ENW,Final Energy|Industry|Non-Ferrous Metals|Aluminum|Hydrogen,EJ/yr,2019,blank cell,zero
ndc_highce_gbl,ENW,Final Energy|Industry|Non-Ferrous Metals|Aluminum|Hydrogen,EJ/yr,2024,blank cell,zero
ndc_highce_gbl,EUE,Final Energy|Industry|Non-Ferrous Metals|Aluminum|Hydrogen,EJ/yr,2019,blank cell,zero
ndc_highce_gbl,EUE,Final Energy|Industry|Non-Ferrous Metals|Aluminum|Hydrogen,EJ/yr,2024,blank cell,zero
ndc_highce_gbl,EUE,Final Energy|Industry|Non-Ferrous Metals|Aluminum|Hydrogen,EJ/yr,2030,blank cell,zero
ndc_highce_gbl,EUM,Final Energy|Industry|Non-Ferrous Metals|Aluminum|Hydrogen,EJ/yr,2019,blank cell,zero
ndc_highce_gbl,EUM,Final Energy|Industry|Non-Ferrous Metals|Aluminum|Hydrogen,EJ/yr,2024,blank cell,zero
ndc_highce_gbl,EUW,Final Energy|Industry|Non-Ferrous Metals|Aluminum|Hydrogen,EJ/yr,2019,blank cell,zero
ndc_highce_gbl,EUW,Final Energy|Industry|Non-Ferrous Metals|Aluminum|Hydrogen,EJ/yr,2024,blank cell,zero
ndc_highce_gbl,EUW,Final Energy|Industry|Non-Ferrous Metals|Aluminum|Hydrogen,EJ/yr,2030,blank cell,zero
ndc_highce_gbl,IDN,Final Energy|Industry|Non-Ferrous Metals|Aluminum|Hydrogen,EJ/yr,2019,blank cell,zero
ndc_highce_gbl,IDN,Final Energy|Industry|Non-Ferrous Metals|Aluminum|Hydrogen,EJ/yr,2024,blank cell,zero
ndc_highce_gbl,IDN,Final Energy|Industry|Non-Ferrous Metals|Aluminum|Hydrogen,EJ/yr,2030,blank cell,zero
ndc_highce_gbl,IND,Final Energy|Industry|Non-Ferrous Metals|Aluminum|Hydrogen,EJ/yr,2019,blank cell,zero
ndc_highce_gbl,IND,Final Energy|Industry|Non-Ferrous Metals|Aluminum|Hydrogen,EJ/yr,2024,blank cell,zero
ndc_highce_gbl,JPN,Final Energy|Industry|Non-Ferrous Metals|Aluminum|Hydrogen,EJ/yr,2019,blank cell,zero
ndc_highce_gbl,JPN,Final Energy|Industry|Non-Ferrous Metals|Aluminum|Hydrogen,EJ/yr,2024,blank cell,zero
ndc_highce_gbl,JPN,Final Energy|Industry|Non-Ferrous Metals|Aluminum|Hydrogen,EJ/yr,2030,blank cell,zero
ndc_highce_gbl,LAM,Final Energy|Industry|Non-Ferrous Metals|Aluminum|Hydrogen,EJ/yr,2019,blank cell,zero
ndc_highce_gbl,LAM,Final Energy|Industry|Non-Ferrous Metals|Aluminum|Hydrogen,EJ/yr,2024,blank cell,zero
ndc_highce_gbl,MDA,Final Energy|Industry|Non-Ferrous Metals|Aluminum|Hydrogen,EJ/yr,2019,blank cell,zero
ndc_highce_gbl,MDA,Final Energy|Industry|Non-Ferrous Metals|Aluminum|Hydrogen,EJ/yr,2024,blank cell,zero
ndc_highce_gbl,MEA,Final Energy|Industry|Non-Ferrous Metals|Aluminum|Hydrogen,EJ/yr,2019,blank cell,zero
ndc_highce_gbl,MEA,Final Energy|Industry|Non-Ferrous Metals|Aluminum|Hydrogen,EJ/yr,2024,blank cell,zero
ndc_highce_gbl,MEX,Final Energy|Industry|Non-Ferrous Metals|Aluminum|Hydrogen,EJ/yr,2019,blank cell,zero
ndc_highce_gbl,MEX,Final Energy|Industry|Non-Ferrous Metals|Aluminum|Hydrogen,EJ/yr,2024,blank cell,zero
ndc_highce_gbl,MEX,Final Energy|Industry|Non-Ferrous Metals|Aluminum|Hydrogen,EJ/yr,2030,blank cell,zero
ndc_highce_gbl,NIG,Final Energy|Industry|Non-Ferrous Metals|Aluminum|Hydrogen,EJ/yr,2019,absent row,zero
ndc_highce_gbl,NIG,Final Energy|Industry|Non-Ferrous Metals|Aluminum|Hydrogen,EJ/yr,2024,absent row,zero
ndc_highce_gbl,NIG,Final Energy|Industry|Non-Ferrous Metals|Aluminum|Hydrogen,EJ/yr,2030,absent row,zero
ndc_highce_gbl,NIG,Final Energy|Industry|Non-Ferrous Metals|Aluminum|Hydrogen,EJ/yr,2035,absent row,zero
ndc_highce_gbl,NIG,Final Energy|Industry|Non-Ferrous Metals|Aluminum|Hydrogen,EJ/yr,2040,absent row,zero
ndc_highce_gbl,NIG,Final Energy|Industry|Non-Ferrous Metals|Aluminum|Hydrogen,EJ/yr,2050,absent row,zero
ndc_highce_gbl,RUS,Final Energy|Industry|Non-Ferrous Metals|Aluminum|Hydrogen,EJ/yr,2019,blank cell,zero
ndc_highce_gbl,RUS,Final Energy|Industry|Non-Ferrous Metals|Aluminum|Hydrogen,EJ/yr,2024,blank cell,zero
ndc_highce_gbl,SKT,Final Energy|Industry|Non-Ferrous Metals|Aluminum|Hydrogen,EJ/yr,2019,blank cell,zero
ndc_highce_gbl,SKT,Final Energy|Industry|Non-Ferrous Metals|Aluminum|Hydrogen,EJ/yr,2024,blank cell,zero
ndc_highce_gbl,SKT,Final Energy|Industry|Non-Ferrous Metals|Aluminum|Hydrogen,EJ/yr,2030,blank cell,zero
ndc_highce_gbl,USA,Final Energy|Industry|Non-Ferrous Metals|Aluminum|Hydrogen,EJ/yr,2019,blank cell,zero
ndc_highce_gbl,USA,Final Energy|Industry|Non-Ferrous Metals|Aluminum|Hydrogen,EJ/yr,2024,blank cell,zero
ndc_highce_gbl,USA,Final Energy|Industry|Non-Ferrous Metals|Aluminum|Hydrogen,EJ/yr,2030,blank cell,zero
ndc_highce_gbl,AFE,Final Energy|Industry|Non-Ferrous Metals|Aluminum|Liquids,EJ/yr,2019,absent row,zero
ndc_highce_gbl,AFE,Final Energy|Industry|Non-Ferrous Metals|Aluminum|Liquids,EJ/yr,2024,absent row,zero
ndc_highce_gbl,AFE,Final Energy|Industry|Non-Ferrous Metals|Aluminum|Liquids,EJ/yr,2030,absent row,zero
ndc_highce_gbl,AFE,Final Energy|Industry|Non-Ferrous Metals|Aluminum|Liquids,EJ/yr,2035,absent row,zero
ndc_highce_gbl,AFE,Final Energy|Industry|Non-Ferrous Metals|Aluminum|Liquids,EJ/yr,2040,absent row,zero
ndc_highce_gbl,AFE,Final Energy|Industry|Non-Ferrous Metals|Aluminum|Liquids,EJ/yr,2050,absent row,zero
ndc_highce_gbl,AFN,Final Energy|Industry|Non-Ferrous Metals|Aluminum|Liquids,EJ/yr,2019,absent row,zero
ndc_highce_gbl,AFN,Final Energy|Industry|Non-Ferrous Metals|Aluminum|Liquids,EJ/yr,2024,absent row,zero
ndc_highce_gbl,AFN,Final Energy|Industry|Non-Ferrous Metals|Aluminum|Liquids,EJ/yr,2030,absent row,zero
ndc_highce_gbl,AFN,Final Energy|Industry|Non-Ferrous Metals|Aluminum|Liquids,EJ/yr,2035,absent row,zero
ndc_highce_gbl,AFN,Final Energy|Industry|Non-Ferrous Metals|Aluminum|Liquids,EJ/yr,2040,absent row,zero
ndc_highce_gbl,AFN,Final Energy|Industry|Non-Ferrous Metals|Aluminum|Liquids,EJ/yr,2050,absent row,zero
ndc_highce_gbl,AFW,Final Energy|Industry|Non-Ferrous Metals|Aluminum|Liquids,EJ/yr,2050,blank cell,zero
ndc_highce_gbl,AFZ,Final Energy|Industry|Non-Ferrous Metals|Aluminum|Liquids,EJ/yr,2050,blank cell,zero
ndc_highce_gbl,ANZ,Final Energy|Industry|Non-Ferrous Metals|Aluminum|Liquids,EJ/yr,2019,absent row,zero
ndc_highce_gbl,ANZ,Final Energy|Industry|Non-Ferrous Metals|Aluminum|Liquids,EJ/yr,2024,absent row,zero
ndc_highce_gbl,ANZ,Final Energy|Industry|Non-Ferrous Metals|Aluminum|Liquids,EJ/yr,2030,absent row,zero
ndc_highce_gbl,ANZ,Final Energy|Industry|Non-Ferrous Metals|Aluminum|Liquids,EJ/yr,2035,absent row,zero
ndc_highce_gbl,ANZ,Final Energy|Industry|Non-Ferrous Metals|Aluminum|Liquids,EJ/yr,2040,absent row,zero
ndc_highce_gbl,ANZ,Final Energy|Industry|Non-Ferrous Metals|Aluminum|Liquids,EJ/yr,2050,absent row,zero
ndc_highce_gbl,ASC,Final Energy|Industry|Non-Ferrous Metals|Aluminum|Liquids,EJ/yr,2050,blank cell,zero
ndc_highce_gbl,ASE,Final Energy|Industry|Non-Ferrous Metals|Aluminum|Liquids,EJ/yr,2050,blank cell,zero
ndc_highce_gbl,ASO,Final Energy|Industry|Non-Ferrous Metals|Aluminum|Liquids,EJ/yr,2019,absent row,zero
ndc_highce_gbl,ASO,Final Energy|Industry|Non-Ferrous Metals|Aluminum|Liquids,EJ/yr,2024,absent row,zero
ndc_highce_gbl,ASO,Final Energy|Industry|Non-Ferrous Metals|Aluminum|Liquids,EJ/yr,2030,absent row,zero
ndc_highce_gbl,ASO,Final Energy|Industry|Non-Ferrous Metals|Aluminum|Liquids,EJ/yr,2035,absent row,zero
ndc_highce_gbl,ASO,Final Energy|Industry|Non-Ferrous Metals|Aluminum|Liquids,EJ/yr,2040,absent row,zero
ndc_highce_gbl,ASO,Final Energy|Industry|Non-Ferrous Metals|Aluminum|Liquids,EJ/yr,2050,absent row,zero
ndc_highce_gbl,BRA,Final Energy|Industry|Non-Ferrous Metals|Aluminum|Liquids,EJ/yr,2040,blank cell,zero
ndc_highce_gbl,BRA,Final Energy|Industry|Non-Ferrous Metals|Aluminum|Liquids,EJ/yr,2050,blank cell,zero
ndc_highce_gbl,CAN,Final Energy|Industry|Non-Ferrous Metals|Aluminum|Liquids,EJ/yr,2019,absent row,zero
ndc_highce_gbl,CAN,Final Energy|Industry|Non-Ferrous Metals|Aluminum|Liquids,EJ/yr,2024,absent row,zero
ndc_highce_gbl,CAN,Final Energy|Industry|Non-Ferrous Metals|Aluminum|Liquids,EJ/yr,2030,absent row,zero
ndc_highce_gbl,CAN,Final Energy|Industry|Non-Ferrous Metals|Aluminum|Liquids,EJ/yr,2035,absent row,zero
ndc_highce_gbl,CAN,Final Energy|Industry|Non-Ferrous Metals|Aluminum|Liquids,EJ/yr,2040,absent row,zero
ndc_highce_gbl,CAN,Final Energy|Industry|Non-Ferrous Metals|Aluminum|Liquids,EJ/yr,2050,absent row,zero
ndc_highce_gbl,CHL,Final Energy|Industry|Non-Ferrous Metals|Aluminum|Liquids,EJ/yr,2019,absent row,zero
ndc_highce_gbl,CHL,Final Energy|Industry|Non-Ferrous Metals|Aluminum|Liquids,EJ/yr,2024,absent row,zero
ndc_highce_gbl,CHL,Final Energy|Industry|Non-Ferrous Metals|Aluminum|Liquids,EJ/yr,2030,absent row,zero
ndc_highce_gbl,CHL,Final Energy|Industry|Non-Ferrous Metals|Aluminum|Liquids,EJ/yr,2035,absent row,zero
ndc_highce_gbl,CHL,Final Energy|Industry|Non-Ferrous Metals|Aluminum|Liquids,EJ/yr,2040,absent row,zero
ndc_highce_gbl,CHL,Final Energy|Industry|Non-Ferrous Metals|Aluminum|Liquids,EJ/yr,2050,absent row,zero
ndc_highce_gbl,CHN,Final Energy|Industry|Non-Ferrous Metals|Aluminum|Liquids,EJ/yr,2050,blank cell,zero
ndc_highce_gbl,ENE,Final Energy|Industry|Non-Ferrous Metals|Aluminum|Liquids,EJ/yr,2019,absent row,zero
ndc_highce_gbl,ENE,Final Energy|Industry|Non-Ferrous Metals|Aluminum|Liquids,EJ/yr,2024,absent row,zero
ndc_highce_gbl,ENE,Final Energy|Industry|Non-Ferrous Metals|Aluminum|Liquids,EJ/yr,2030,absent row,zero
ndc_highce_gbl,ENE,Final Energy|Industry|Non-Ferrous Metals|Aluminum|Liquids,EJ/yr,2035,absent row,zero
ndc_highce_gbl,ENE,Final Energy|Industry|Non-Ferrous Metals|Aluminum|Liquids,EJ/yr,2040,absent row,zero
ndc_highce_gbl,ENE,Final Energy|Industry|Non-Ferrous Metals|Aluminum|Liquids,EJ/yr,2050,absent row,zero
ndc_highce_gbl,ENW,Final Energy|Industry|Non-Ferrous Metals|Aluminum|Liquids,EJ/yr,2019,absent row,zero
ndc_highce_gbl,ENW,Final Energy|Industry|Non-Ferrous Metals|Aluminum|Liquids,EJ/yr,2024,absent row,zero
ndc_highce_gbl,ENW,Final Energy|Industry|Non-Ferrous Metals|Aluminum|Liquids,EJ/yr,2030,absent row,zero
ndc_highce_gbl,ENW,Final Energy|Industry|Non-Ferrous Metals|Aluminum|Liquids,EJ/yr,2035,absent row,zero
ndc_highce_gbl,ENW,Final Energy|Industry|Non-Ferrous Metals|Aluminum|Liquids,EJ/yr,2040,absent row,zero
ndc_highce_gbl,ENW,Final Energy|Industry|Non-Ferrous Metals|Aluminum|Liquids,EJ/yr,2050,absent row,zero
ndc_highce_gbl,EUE,Final Energy|Industry|Non-Ferrous Metals|Aluminum|Liquids,EJ/yr,2019,absent row,zero
ndc_highce_gbl,EUE,Final Energy|Industry|Non-Ferrous Metals|Aluminum|Liquids,EJ/yr,2024,absent row,zero
ndc_highce_gbl,EUE,Final Energy|Industry|Non-Ferrous Metals|Aluminum|Liquids,EJ/yr,2030,absent row,zero
ndc_highce_gbl,EUE,Final Energy|Industry|Non-Ferrous Metals|Aluminum|Liquids,EJ/yr,2035,absent row,zero
ndc_highce_gbl,EUE,Final Energy|Industry|Non-Ferrous Metals|Aluminum|Liquids,EJ/yr,2040,absent row,zero
ndc_highce_gbl,EUE,Final Energy|Industry|Non-Ferrous Metals|Aluminum|Liquids,EJ/yr,2050,absent row,zero
ndc_highce_gbl,EUM,Final Energy|Industry|Non-Ferrous Metals|Aluminum|Liquids,EJ/yr,2019,absent row,zero
ndc_highce_gbl,EUM,Final Energy|Industry|Non-Ferrous Metals|Aluminum|Liquids,EJ/yr,2024,absent row,zero
ndc_highce_gbl,EUM,Final Energy|Industry|Non-Ferrous Metals|Aluminum|Liquids,EJ/yr,2030,absent row,zero
ndc_highce_gbl,EUM,Final Energy|Industry|Non-Ferrous Metals|Aluminum|Liquids,EJ/yr,2035,absent row,zero
ndc_highce_gbl,EUM,Final Energy|Industry|Non-Ferrous Metals|Aluminum|Liquids,EJ/yr,2040,absent row,zero
ndc_highce_gbl,EUM,Final Energy|Industry|Non-Ferrous Metals|Aluminum|Liquids,EJ/yr,2050,absent row,zero
ndc_highce_gbl,EUW,Final Energy|Industry|Non-Ferrous Metals|Aluminum|Liquids,EJ/yr,2019,absent row,zero
ndc_highce_gbl,EUW,Final Energy|Industry|Non-Ferrous Metals|Aluminum|Liquids,EJ/yr,2024,absent row,zero
ndc_highce_gbl,EUW,Final Energy|Industry|Non-Ferrous Metals|Aluminum|Liquids,EJ/yr,2030,absent row,zero
ndc_highce_gbl,EUW,Final Energy|Industry|Non-Ferrous Metals|Aluminum|Liquids,EJ/yr,2035,absent row,zero
ndc_highce_gbl,EUW,Final Energy|Industry|Non-Ferrous Metals|Aluminum|Liquids,EJ/yr,2040,absent row,zero
ndc_highce_gbl,EUW,Final Energy|Industry|Non-Ferrous Metals|Aluminum|Liquids,EJ/yr,2050,absent row,zero
ndc_highce_gbl,IDN,Final Energy|Industry|Non-Ferrous Metals|Aluminum|Liquids,EJ/yr,2050,blank cell,zero
ndc_highce_gbl,IND,Final Energy|Industry|Non-Ferrous Metals|Aluminum|Liquids,EJ/yr,2050,blank cell,zero
ndc_highce_gbl,JPN,Final Energy|Industry|Non-Ferrous Metals|Aluminum|Liquids,EJ/yr,2019,absent row,zero
ndc_highce_gbl,JPN,Final Energy|Industry|Non-Ferrous Metals|Aluminum|Liquids,EJ/yr,2024,absent row,zero
ndc_highce_gbl,JPN,Final Energy|Industry|Non-Ferrous Metals|Aluminum|Liquids,EJ/yr,2030,absent row,zero
ndc_highce_gbl,JPN,Final Energy|Industry|Non-Ferrous Metals|Aluminum|Liquids,EJ/yr,2035,absent row,zero
ndc_highce_gbl,JPN,Final Energy|Industry|Non-Ferrous Metals|Aluminum|Liquids,EJ/yr,2040,absent row,zero
ndc_highce_gbl,JPN,Final Energy|Industry|Non-Ferrous Metals|Aluminum|Liquids,EJ/yr,2050,absent row,zero
ndc_highce_gbl,LAM,Final Energy|Industry|Non-Ferrous Metals|Aluminum|Liquids,EJ/yr,2050,blank cell,zero
ndc_highce_gbl,MDA,Final Energy|Industry|Non-Ferrous Metals|Aluminum|Liquids,EJ/yr,2050,blank cell,zero
ndc_highce_gbl,MEA,Final Energy|Industry|Non-Ferrous Metals|Aluminum|Liquids,EJ/yr,2019,absent row,zero
ndc_highce_gbl,MEA,Final Energy|Industry|Non-Ferrous Metals|Aluminum|Liquids,EJ/yr,2024,absent row,zero
ndc_highce_gbl,MEA,Final Energy|Industry|Non-Ferrous Metals|Aluminum|Liquids,EJ/yr,2030,absent row,zero
ndc_highce_gbl,MEA,Final Energy|Industry|Non-Ferrous Metals|Aluminum|Liquids,EJ/yr,2035,absent row,zero
ndc_highce_gbl,MEA,Final Energy|Industry|Non-Ferrous Metals|Aluminum|Liquids,EJ/yr,2040,absent row,zero
ndc_highce_gbl,MEA,Final Energy|Industry|Non-Ferrous Metals|Aluminum|Liquids,EJ/yr,2050,absent row,zero
ndc_highce_gbl,MEX,Final Energy|Industry|Non-Ferrous Metals|Aluminum|Liquids,EJ/yr,2019,absent row,zero
ndc_highce_gbl,MEX,Final Energy|Industry|Non-Ferrous Metals|Aluminum|Liquids,EJ/yr,2024,absent row,zero
ndc_highce_gbl,MEX,Final Energy|Industry|Non-Ferrous Metals|Aluminum|Liquids,EJ/yr,2030,absent row,zero
ndc_highce_gbl,MEX,Final Energy|Industry|Non-Ferrous Metals|Aluminum|Liquids,EJ/yr,2035,absent row,zero
ndc_highce_gbl,MEX,Final Energy|Industry|Non-Ferrous Metals|Aluminum|Liquids,EJ/yr,2040,absent row,zero
ndc_highce_gbl,MEX,Final Energy|Industry|Non-Ferrous Metals|Aluminum|Liquids,EJ/yr,2050,absent row,zero
ndc_highce_gbl,NIG,Final Energy|Industry|Non-Ferrous Metals|Aluminum|Liquids,EJ/yr,2019,absent row,zero
ndc_highce_gbl,NIG,Final Energy|Industry|Non-Ferrous Metals|Aluminum|Liquids,EJ/yr,2024,absent row,zero
ndc_highce_gbl,NIG,Final Energy|Industry|Non-Ferrous Metals|Aluminum|Liquids,EJ/yr,2030,absent row,zero
ndc_highce_gbl,NIG,Final Energy|Industry|Non-Ferrous Metals|Aluminum|Liquids,EJ/yr,2035,absent row,zero
ndc_highce_gbl,NIG,Final Energy|Industry|Non-Ferrous Metals|Aluminum|Liquids,EJ/yr,2040,absent row,zero
ndc_highce_gbl,NIG,Final Energy|Industry|Non-Ferrous Metals|Aluminum|Liquids,EJ/yr,2050,absent row,zero
ndc_highce_gbl,RUS,Final Energy|Industry|Non-Ferrous Metals|Aluminum|Liquids,EJ/yr,2019,absent row,zero
ndc_highce_gbl,RUS,Final Energy|Industry|Non-Ferrous Metals|Aluminum|Liquids,EJ/yr,2024,absent row,zero
ndc_highce_gbl,RUS,Final Energy|Industry|Non-Ferrous Metals|Aluminum|Liquids,EJ/yr,2030,absent row,zero
ndc_highce_gbl,RUS,Final Energy|Industry|Non-Ferrous Metals|Aluminum|Liquids,EJ/yr,2035,absent row,zero
ndc_highce_gbl,RUS,Final Energy|Industry|Non-Ferrous Metals|Aluminum|Liquids,EJ/yr,2040,absent row,zero
ndc_highce_gbl,RUS,Final Energy|Industry|Non-Ferrous Metals|Aluminum|Liquids,EJ/yr,2050,absent row,zero
ndc_highce_gbl,SKT,Final Energy|Industry|Non-Ferrous Metals|Aluminum|Liquids,EJ/yr,2019,absent row,zero
ndc_highce_gbl,SKT,Final Energy|Industry|Non-Ferrous Metals|Aluminum|Liquids,EJ/yr,2024,absent row,zero
ndc_highce_gbl,SKT,Final Energy|Industry|Non-Ferrous Metals|Aluminum|Liquids,EJ/yr,2030,absent row,zero
ndc_highce_gbl,SKT,Final Energy|Industry|Non-Ferrous Metals|Aluminum|Liquids,EJ/yr,2035,absent row,zero
ndc_highce_gbl,SKT,Final Energy|Industry|Non-Ferrous Metals|Aluminum|Liquids,EJ/yr,2040,absent row,zero
ndc_highce_gbl,SKT,Final Energy|Industry|Non-Ferrous Metals|Aluminum|Liquids,EJ/yr,2050,absent row,zero
ndc_highce_gbl,USA,Final Energy|Industry|Non-Ferrous Metals|Aluminum|Liquids,EJ/yr,2019,absent row,zero
ndc_highce_gbl,USA,Final Energy|Industry|Non-Ferrous Metals|Aluminum|Liquids,EJ/yr,2024,absent row,zero
ndc_highce_gbl,USA,Final Energy|Industry|Non-Ferrous Metals|Aluminum|Liquids,EJ/yr,2030,absent row,zero
ndc_highce_gbl,USA,Final Energy|Industry|Non-Ferrous Metals|Aluminum|Liquids,EJ/yr,2035,absent row,zero
ndc_highce_gbl,USA,Final Energy|Industry|Non-Ferrous Metals|Aluminum|Liquids,EJ/yr,2040,absent row,zero
ndc_highce_gbl,USA,Final Energy|Industry|Non-Ferrous Metals|Aluminum|Liquids,EJ/yr,2050,absent row,zero
ndc_highce_gbl,AFE,Final Energy|Industry|Non-Ferrous Metals|Aluminum|Solids,EJ/yr,2019,absent row,zero
ndc_highce_gbl,AFE,Final Energy|Industry|Non-Ferrous Metals|Aluminum|Solids,EJ/yr,2024,absent row,zero
ndc_highce_gbl,AFE,Final Energy|Industry|Non-Ferrous Metals|Aluminum|Solids,EJ/yr,2030,absent row,zero
ndc_highce_gbl,AFE,Final Energy|Industry|Non-Ferrous Metals|Aluminum|Solids,EJ/yr,2035,absent row,zero
ndc_highce_gbl,AFE,Final Energy|Industry|Non-Ferrous Metals|Aluminum|Solids,EJ/yr,2040,absent row,zero
ndc_highce_gbl,AFE,Final Energy|Industry|Non-Ferrous Metals|Aluminum|Solids,EJ/yr,2050,absent row,zero
ndc_highce_gbl,AFN,Final Energy|Industry|Non-Ferrous Metals|Aluminum|Solids,EJ/yr,2019,absent row,zero
ndc_highce_gbl,AFN,Final Energy|Industry|Non-Ferrous Metals|Aluminum|Solids,EJ/yr,2024,absent row,zero
ndc_highce_gbl,AFN,Final Energy|Industry|Non-Ferrous Metals|Aluminum|Solids,EJ/yr,2030,absent row,zero
ndc_highce_gbl,AFN,Final Energy|Industry|Non-Ferrous Metals|Aluminum|Solids,EJ/yr,2035,absent row,zero
ndc_highce_gbl,AFN,Final Energy|Industry|Non-Ferrous Metals|Aluminum|Solids,EJ/yr,2040,absent row,zero
ndc_highce_gbl,AFN,Final Energy|Industry|Non-Ferrous Metals|Aluminum|Solids,EJ/yr,2050,absent row,zero
ndc_highce_gbl,AFW,Final Energy|Industry|Non-Ferrous Metals|Aluminum|Solids,EJ/yr,2050,blank cell,zero
ndc_highce_gbl,AFZ,Final Energy|Industry|Non-Ferrous Metals|Aluminum|Solids,EJ/yr,2050,blank cell,zero
ndc_highce_gbl,ANZ,Final Energy|Industry|Non-Ferrous Metals|Aluminum|Solids,EJ/yr,2050,blank cell,zero
ndc_highce_gbl,ASC,Final Energy|Industry|Non-Ferrous Metals|Aluminum|Solids,EJ/yr,2050,blank cell,zero
ndc_highce_gbl,ASE,Final Energy|Industry|Non-Ferrous Metals|Aluminum|Solids,EJ/yr,2050,blank cell,zero
ndc_highce_gbl,ASO,Final Energy|Industry|Non-Ferrous Metals|Aluminum|Solids,EJ/yr,2019,absent row,zero
ndc_highce_gbl,ASO,Final Energy|Industry|Non-Ferrous Metals|Aluminum|Solids,EJ/yr,2024,absent row,zero
ndc_highce_gbl,ASO,Final Energy|Industry|Non-Ferrous Metals|Aluminum|Solids,EJ/yr,2030,absent row,zero
ndc_highce_gbl,ASO,Final Energy|Industry|Non-Ferrous Metals|Aluminum|Solids,EJ/yr,2035,absent row,zero
ndc_highce_gbl,ASO,Final Energy|Industry|Non-Ferrous Metals|Aluminum|Solids,EJ/yr,2040,absent row,zero
ndc_highce_gbl,ASO,Final Energy|Industry|Non-Ferrous Metals|Aluminum|Solids,EJ/yr,2050,absent row,zero
ndc_highce_gbl,BRA,Final Energy|Industry|Non-Ferrous Metals|Aluminum|Solids,EJ/yr,2040,blank cell,zero
ndc_highce_gbl,BRA,Final Energy|Industry|Non-Ferrous Metals|Aluminum|Solids,EJ/yr,2050,blank cell,zero
ndc_highce_gbl,CAN,Final Energy|Industry|Non-Ferrous Metals|Aluminum|Solids,EJ/yr,2019,absent row,zero
ndc_highce_gbl,CAN,Final Energy|Industry|Non-Ferrous Metals|Aluminum|Solids,EJ/yr,2024,absent row,zero
ndc_highce_gbl,CAN,Final Energy|Industry|Non-Ferrous Metals|Aluminum|Solids,EJ/yr,2030,absent row,zero
ndc_highce_gbl,CAN,Final Energy|Industry|Non-Ferrous Metals|Aluminum|Solids,EJ/yr,2035,absent row,zero
ndc_highce_gbl,CAN,Final Energy|Industry|Non-Ferrous Metals|Aluminum|Solids,EJ/yr,2040,absent row,zero
ndc_highce_gbl,CAN,Final Energy|Industry|Non-Ferrous Metals|Aluminum|Solids,EJ/yr,2050,absent row,zero
ndc_highce_gbl,CHL,Final Energy|Industry|Non-Ferrous Metals|Aluminum|Solids,EJ/yr,2019,absent row,zero
ndc_highce_gbl,CHL,Final Energy|Industry|Non-Ferrous Metals|Aluminum|Solids,EJ/yr,2024,absent row,zero
ndc_highce_gbl,CHL,Final Energy|Industry|Non-Ferrous Metals|Aluminum|Solids,EJ/yr,2030,absent row,zero
ndc_highce_gbl,CHL,Final Energy|Industry|Non-Ferrous Metals|Aluminum|Solids,EJ/yr,2035,absent row,zero
ndc_highce_gbl,CHL,Final Energy|Industry|Non-Ferrous Metals|Aluminum|Solids,EJ/yr,2040,absent row,zero
ndc_highce_gbl,CHL,Final Energy|Industry|Non-Ferrous Metals|Aluminum|Solids,EJ/yr,2050,absent row,zero
ndc_highce_gbl,CHN,Final Energy|Industry|Non-Ferrous Metals|Aluminum|Solids,EJ/yr,2050,blank cell,zero
ndc_highce_gbl,ENE,Final Energy|Industry|Non-Ferrous Metals|Aluminum|Solids,EJ/yr,2019,absent row,zero
ndc_highce_gbl,ENE,Final Energy|Industry|Non-Ferrous Metals|Aluminum|Solids,EJ/yr,2024,absent row,zero
ndc_highce_gbl,ENE,Final Energy|Industry|Non-Ferrous Metals|Aluminum|Solids,EJ/yr,2030,absent row,zero
ndc_highce_gbl,ENE,Final Energy|Industry|Non-Ferrous Metals|Aluminum|Solids,EJ/yr,2035,absent row,zero
ndc_highce_gbl,ENE,Final Energy|Industry|Non-Ferrous Metals|Aluminum|Solids,EJ/yr,2040,absent row,zero
ndc_highce_gbl,ENE,Final Energy|Industry|Non-Ferrous Metals|Aluminum|Solids,EJ/yr,2050,absent row,zero
ndc_highce_gbl,ENW,Final Energy|Industry|Non-Ferrous Metals|Aluminum|Solids,EJ/yr,2019,absent row,zero
ndc_highce_gbl,ENW,Final Energy|Industry|Non-Ferrous Metals|Aluminum|Solids,EJ/yr,2024,absent row,zero
ndc_highce_gbl,ENW,Final Energy|Industry|Non-Ferrous Metals|Aluminum|Solids,EJ/yr,2030,absent row,zero
ndc_highce_gbl,ENW,Final Energy|Industry|Non-Ferrous Metals|Aluminum|Solids,EJ/yr,2035,absent row,zero
ndc_highce_gbl,ENW,Final Energy|Industry|Non-Ferrous Metals|Aluminum|Solids,EJ/yr,2040,absent row,zero
ndc_highce_gbl,ENW,Final Energy|Industry|Non-Ferrous Metals|Aluminum|Solids,EJ/yr,2050,absent row,zero
ndc_highce_gbl,EUE,Final Energy|Industry|Non-Ferrous Metals|Aluminum|Solids,EJ/yr,2019,absent row,zero
ndc_highce_gbl,EUE,Final Energy|Industry|Non-Ferrous Metals|Aluminum|Solids,EJ/yr,2024,absent row,zero
ndc_highce_gbl,EUE,Final Energy|Industry|Non-Ferrous Metals|Aluminum|Solids,EJ/yr,2030,absent row,zero
ndc_highce_gbl,EUE,Final Energy|Industry|Non-Ferrous Metals|Aluminum|Solids,EJ/yr,2035,absent row,zero
ndc_highce_gbl,EUE,Final Energy|Industry|Non-Ferrous Metals|Aluminum|Solids,EJ/yr,2040,absent row,zero
ndc_highce_gbl,EUE,Final Energy|Industry|Non-Ferrous Metals|Aluminum|Solids,EJ/yr,2050,absent row,zero
ndc_highce_gbl,EUM,Final Energy|Industry|Non-Ferrous Metals|Aluminum|Solids,EJ/yr,2019,absent row,zero
ndc_highce_gbl,EUM,Final Energy|Industry|Non-Ferrous Metals|Aluminum|Solids,EJ/yr,2024,absent row,zero
ndc_highce_gbl,EUM,Final Energy|Industry|Non-Ferrous Metals|Aluminum|Solids,EJ/yr,2030,absent row,zero
ndc_highce_gbl,EUM,Final Energy|Industry|Non-Ferrous Metals|Aluminum|Solids,EJ/yr,2035,absent row,zero
ndc_highce_gbl,EUM,Final Energy|Industry|Non-Ferrous Metals|Aluminum|Solids,EJ/yr,2040,absent row,zero
ndc_highce_gbl,EUM,Final Energy|Industry|Non-Ferrous Metals|Aluminum|Solids,EJ/yr,2050,absent row,zero
ndc_highce_gbl,EUW,Final Energy|Industry|Non-Ferrous Metals|Aluminum|Solids,EJ/yr,2019,absent row,zero
ndc_highce_gbl,EUW,Final Energy|Industry|Non-Ferrous Metals|Aluminum|Solids,EJ/yr,2024,absent row,zero
ndc_highce_gbl,EUW,Final Energy|Industry|Non-Ferrous Metals|Aluminum|Solids,EJ/yr,2030,absent row,zero
ndc_highce_gbl,EUW,Final Energy|Industry|Non-Ferrous Metals|Aluminum|Solids,EJ/yr,2035,absent row,zero
ndc_highce_gbl,EUW,Final Energy|Industry|Non-Ferrous Metals|Aluminum|Solids,EJ/yr,2040,absent row,zero
ndc_highce_gbl,EUW,Final Energy|Industry|Non-Ferrous Metals|Aluminum|Solids,EJ/yr,2050,absent row,zero
ndc_highce_gbl,IDN,Final Energy|Industry|Non-Ferrous Metals|Aluminum|Solids,EJ/yr,2050,blank cell,zero
ndc_highce_gbl,IND,Final Energy|Industry|Non-Ferrous Metals|Aluminum|Solids,EJ/yr,2050,blank cell,zero
ndc_highce_gbl,JPN,Final Energy|Industry|Non-Ferrous Metals|Aluminum|Solids,EJ/yr,2019,absent row,zero
ndc_highce_gbl,JPN,Final Energy|Industry|Non-Ferrous Metals|Aluminum|Solids,EJ/yr,2024,absent row,zero
ndc_highce_gbl,JPN,Final Energy|Industry|Non-Ferrous Metals|Aluminum|Solids,EJ/yr,2030,absent row,zero
ndc_highce_gbl,JPN,Final Energy|Industry|Non-Ferrous Metals|Aluminum|Solids,EJ/yr,2035,absent row,zero
ndc_highce_gbl,JPN,Final Energy|Industry|Non-Ferrous Metals|Aluminum|Solids,EJ/yr,2040,absent row,zero
ndc_highce_gbl,JPN,Final Energy|Industry|Non-Ferrous Metals|Aluminum|Solids,EJ/yr,2050,absent row,zero
ndc_highce_gbl,LAM,Final Energy|Industry|Non-Ferrous Metals|Aluminum|Solids,EJ/yr,2050,blank cell,zero
ndc_highce_gbl,MDA,Final Energy|Industry|Non-Ferrous Metals|Aluminum|Solids,EJ/yr,2050,blank cell,zero
ndc_highce_gbl,MEA,Final Energy|Industry|Non-Ferrous Metals|Aluminum|Solids,EJ/yr,2019,absent row,zero
ndc_highce_gbl,MEA,Final Energy|Industry|Non-Ferrous Metals|Aluminum|Solids,EJ/yr,2024,absent row,zero
ndc_highce_gbl,MEA,Final Energy|Industry|Non-Ferrous Metals|Aluminum|Solids,EJ/yr,2030,absent row,zero
ndc_highce_gbl,MEA,Final Energy|Industry|Non-Ferrous Metals|Aluminum|Solids,EJ/yr,2035,absent row,zero
ndc_highce_gbl,MEA,Final Energy|Industry|Non-Ferrous Metals|Aluminum|Solids,EJ/yr,2040,absent row,zero
ndc_highce_gbl,MEA,Final Energy|Industry|Non-Ferrous Metals|Aluminum|Solids,EJ/yr,2050,absent row,zero
ndc_highce_gbl,MEX,Final Energy|Industry|Non-Ferrous Metals|Aluminum|Solids,EJ/yr,2019,absent row,zero
ndc_highce_gbl,MEX,Final Energy|Industry|Non-Ferrous Metals|Aluminum|Solids,EJ/yr,2024,absent row,zero
ndc_highce_gbl,MEX,Final Energy|Industry|Non-Ferrous Metals|Aluminum|Solids,EJ/yr,2030,absent row,zero
ndc_highce_gbl,MEX,Final Energy|Industry|Non-Ferrous Metals|Aluminum|Solids,EJ/yr,2035,absent row,zero
ndc_highce_gbl,MEX,Final Energy|Industry|Non-Ferrous Metals|Aluminum|Solids,EJ/yr,2040,absent row,zero
ndc_highce_gbl,MEX,Final Energy|Industry|Non-Ferrous Metals|Aluminum|Solids,EJ/yr,2050,absent row,zero
ndc_highce_gbl,NIG,Final Energy|Industry|Non-Ferrous Metals|Aluminum|Solids,EJ/yr,2019,absent row,zero
ndc_highce_gbl,NIG,Final Energy|Industry|Non-Ferrous Metals|Aluminum|Solids,EJ/yr,2024,absent row,zero
ndc_highce_gbl,NIG,Final Energy|Industry|Non-Ferrous Metals|Aluminum|Solids,EJ/yr,2030,absent row,zero
ndc_highce_gbl,NIG,Final Energy|Industry|Non-Ferrous Metals|Aluminum|Solids,EJ/yr,2035,absent row,zero
ndc_highce_gbl,NIG,Final Energy|Industry|Non-Ferrous Metals|Aluminum|Solids,EJ/yr,2040,absent row,zero
ndc_highce_gbl,NIG,Final Energy|Industry|Non-Ferrous Metals|Aluminum|Solids,EJ/yr,2050,absent row,zero
ndc_highce_gbl,RUS,Final Energy|Industry|Non-Ferrous Metals|Aluminum|Solids,EJ/yr,2019,absent row,zero
ndc_highce_gbl,RUS,Final Energy|Industry|Non-Ferrous Metals|Aluminum|Solids,EJ/yr,2024,absent row,zero
ndc_highce_gbl,RUS,Final Energy|Industry|Non-Ferrous Metals|Aluminum|Solids,EJ/yr,2030,absent row,zero
ndc_highce_gbl,RUS,Final Energy|Industry|Non-Ferrous Metals|Aluminum|Solids,EJ/yr,2035,absent row,zero
ndc_highce_gbl,RUS,Final Energy|Industry|Non-Ferrous Metals|Aluminum|Solids,EJ/yr,2040,absent row,zero
ndc_highce_gbl,RUS,Final Energy|Industry|Non-Ferrous Metals|Aluminum|Solids,EJ/yr,2050,absent row,zero
ndc_highce_gbl,SKT,Final Energy|Industry|Non-Ferrous Metals|Aluminum|Solids,EJ/yr,2019,absent row,zero
ndc_highce_gbl,SKT,Final Energy|Industry|Non-Ferrous Metals|Aluminum|Solids,EJ/yr,2024,absent row,zero
ndc_highce_gbl,SKT,Final Energy|Industry|Non-Ferrous Metals|Aluminum|Solids,EJ/yr,2030,absent row,zero
ndc_highce_gbl,SKT,Final Energy|Industry|Non-Ferrous Metals|Aluminum|Solids,EJ/yr,2035,absent row,zero
ndc_highce_gbl,SKT,Final Energy|Industry|Non-Ferrous Metals|Aluminum|Solids,EJ/yr,2040,absent row,zero
ndc_highce_gbl,SKT,Final Energy|Industry|Non-Ferrous Metals|Aluminum|Solids,EJ/yr,2050,absent row,zero
ndc_highce_gbl,USA,Final Energy|Industry|Non-Ferrous Metals|Aluminum|Solids,EJ/yr,2019,absent row,zero
ndc_highce_gbl,USA,Final Energy|Industry|Non-Ferrous Metals|Aluminum|Solids,EJ/yr,2024,absent row,zero
ndc_highce_gbl,USA,Final Energy|Industry|Non-Ferrous Metals|Aluminum|Solids,EJ/yr,2030,absent row,zero
ndc_highce_gbl,USA,Final Energy|Industry|Non-Ferrous Metals|Aluminum|Solids,EJ/yr,2035,absent row,zero
ndc_highce_gbl,USA,Final Energy|Industry|Non-Ferrous Metals|Aluminum|Solids,EJ/yr,2040,absent row,zero
ndc_highce_gbl,USA,Final Energy|Industry|Non-Ferrous Metals|Aluminum|Solids,EJ/yr,2050,absent row,zero
ndc_highce_gbl,USA,Emissions|GHG|Industry|Iron and Steel,MtCO2e/yr,2050,blank cell,zero
ndc_highce_gbl,AFE,Emissions|GHG|Industry|Non-Ferrous Metals|Aluminum,MtCO2e/yr,2019,absent row,zero
ndc_highce_gbl,AFE,Emissions|GHG|Industry|Non-Ferrous Metals|Aluminum,MtCO2e/yr,2024,absent row,zero
ndc_highce_gbl,AFE,Emissions|GHG|Industry|Non-Ferrous Metals|Aluminum,MtCO2e/yr,2030,absent row,zero
ndc_highce_gbl,AFE,Emissions|GHG|Industry|Non-Ferrous Metals|Aluminum,MtCO2e/yr,2035,absent row,zero
ndc_highce_gbl,AFE,Emissions|GHG|Industry|Non-Ferrous Metals|Aluminum,MtCO2e/yr,2040,absent row,zero
ndc_highce_gbl,AFE,Emissions|GHG|Industry|Non-Ferrous Metals|Aluminum,MtCO2e/yr,2050,absent row,zero
ndc_highce_gbl,ANZ,Emissions|GHG|Industry|Non-Ferrous Metals|Aluminum,MtCO2e/yr,2050,blank cell,zero
ndc_highce_gbl,ASO,Emissions|GHG|Industry|Non-Ferrous Metals|Aluminum,MtCO2e/yr,2019,absent row,zero
ndc_highce_gbl,ASO,Emissions|GHG|Industry|Non-Ferrous Metals|Aluminum,MtCO2e/yr,2024,absent row,zero
ndc_highce_gbl,ASO,Emissions|GHG|Industry|Non-Ferrous Metals|Aluminum,MtCO2e/yr,2030,absent row,zero
ndc_highce_gbl,ASO,Emissions|GHG|Industry|Non-Ferrous Metals|Aluminum,MtCO2e/yr,2035,absent row,zero
ndc_highce_gbl,ASO,Emissions|GHG|Industry|Non-Ferrous Metals|Aluminum,MtCO2e/yr,2040,absent row,zero
ndc_highce_gbl,ASO,Emissions|GHG|Industry|Non-Ferrous Metals|Aluminum,MtCO2e/yr,2050,absent row,zero
ndc_highce_gbl,CHL,Emissions|GHG|Industry|Non-Ferrous Metals|Aluminum,MtCO2e/yr,2019,absent row,zero
ndc_highce_gbl,CHL,Emissions|GHG|Industry|Non-Ferrous Metals|Aluminum,MtCO2e/yr,2024,absent row,zero
ndc_highce_gbl,CHL,Emissions|GHG|Industry|Non-Ferrous Metals|Aluminum,MtCO2e/yr,2030,absent row,zero
ndc_highce_gbl,CHL,Emissions|GHG|Industry|Non-Ferrous Metals|Aluminum,MtCO2e/yr,2035,absent row,zero
ndc_highce_gbl,CHL,Emissions|GHG|Industry|Non-Ferrous Metals|Aluminum,MtCO2e/yr,2040,absent row,zero
ndc_highce_gbl,CHL,Emissions|GHG|Industry|Non-Ferrous Metals|Aluminum,MtCO2e/yr,2050,absent row,zero
ndc_highce_gbl,ENW,Emissions|GHG|Industry|Non-Ferrous Metals|Aluminum,MtCO2e/yr,2050,blank cell,zero
ndc_highce_gbl,NIG,Emissions|GHG|Industry|Non-Ferrous Metals|Aluminum,MtCO2e/yr,2019,absent row,zero
ndc_highce_gbl,NIG,Emissions|GHG|Industry|Non-Ferrous Metals|Aluminum,MtCO2e/yr,2024,absent row,zero
ndc_highce_gbl,NIG,Emissions|GHG|Industry|Non-Ferrous Metals|Aluminum,MtCO2e/yr,2030,absent row,zero
ndc_highce_gbl,NIG,Emissions|GHG|Industry|Non-Ferrous Metals|Aluminum,MtCO2e/yr,2035,absent row,zero
ndc_highce_gbl,NIG,Emissions|GHG|Industry|Non-Ferrous Metals|Aluminum,MtCO2e/yr,2040,absent row,zero
ndc_highce_gbl,NIG,Emissions|GHG|Industry|Non-Ferrous Metals|Aluminum,MtCO2e/yr,2050,absent row,zero
ndc_highce_gbl,USA,Emissions|GHG|Industry|Non-Ferrous Metals|Aluminum,MtCO2e/yr,2050,blank cell,zero
