Scenario,ClimatePathway,CE,Panel,Scope,Sector,Series,Year,Value,Unit,Role,SourceVariables,Figure,RankingScenario,RankingYear,Group,Rank,DisplayOrder,SourceRegions,Metric,Numerator_EJ_yr,Denominator_Mt_yr,ConversionFactor,Numerator,NumeratorUnit,Denominator,DenominatorUnit,Policy,BarOrder,BarType,BarLabel,Offset,ReferenceScenario,ReferenceYear,PanelKind,SourceCoefficients,ScenarioValue,ReferenceValue,ScenarioCost,ReferenceCost
ndc_noce,NDC,No CE,a,Global,Cement,Cement,2019,4201.409299940433,Mt/yr,plotted,"[""Production|Non-Metallic Minerals|Cement""]",fig01_production,,,,,,,,,,,,,,,,,,,,,,,,,,,
ndc_noce,NDC,No CE,a,Global,Cement,Cement,2024,3949.47131787373,Mt/yr,plotted,"[""Production|Non-Metallic Minerals|Cement""]",fig01_production,,,,,,,,,,,,,,,,,,,,,,,,,,,
ndc_noce,NDC,No CE,a,Global,Cement,Cement,2030,3754.6568242399608,Mt/yr,plotted,"[""Production|Non-Metallic Minerals|Cement""]",fig01_production,,,,,,,,,,,,,,,,,,,,,,,,,,,
ndc_noce,NDC,No CE,a,Global,Cement,Cement,2035,3663.033186138421,Mt/yr,plotted,"[""Production|Non-Metallic Minerals|Cement""]",fig01_production,,,,,,,,,,,,,,,,,,,,,,,,,,,
ndc_noce,NDC,No CE,a,Global,Cement,Cement,2040,3660.4167606536453,Mt/yr,plotted,"[""Production|Non-Metallic Minerals|Cement""]",fig01_production,,,,,,,,,,,,,,,,,,,,,,,,,,,
ndc_noce,NDC,No CE,a,Global,Cement,Cement,2050,3660.1359678777544,Mt/yr,plotted,"[""Production|Non-Metallic Minerals|Cement""]",fig01_production,,,,,,,,,,,,,,,,,,,,,,,,,,,
ndc_noce,NDC,No CE,a,Global,Cement,Clinker,2019,3030.4398866528886,Mt/yr,plotted,"[""Production|Non-Metallic Minerals|Cement Clinker""]",fig01_production,,,,,,,,,,,,,,,,,,,,,,,,,,,
ndc_noce,NDC,No CE,a,Global,Cement,Clinker,2024,2864.3071106476964,Mt/yr,plotted,"[""Production|Non-Metallic Minerals|Cement Clinker""]",fig01_production,,,,,,,,,,,,,,,,,,,,,,,,,,,
ndc_noce,NDC,No CE,a,Global,Cement,Clinker,2030,2728.4964696637635,Mt/yr,plotted,"[""Production|Non-Metallic Minerals|Cement Clinker""]",fig01_production,,,,,,,,,,,,,,,,,,,,,,,,,,,
ndc_noce,NDC,No CE,a,Global,Cement,Clinker,2035,2659.5047726896332,Mt/yr,plotted,"[""Production|Non-Metallic Minerals|Cement Clinker""]",fig01_production,,,,,,,,,,,,,,,,,,,,,,,,,,,
ndc_noce,NDC,No CE,a,Global,Cement,Clinker,2040,2634.0168072184115,Mt/yr,plotted,"[""Production|Non-Metallic Minerals|Cement Clinker""]",fig01_production,,,,,,,,,,,,,,,,,,,,,,,,,,,
ndc_noce,NDC,No CE,a,Global,Cement,Clinker,2050,2599.115854230405,Mt/yr,plotted,"[""Production|Non-Metallic Minerals|Cement Clinker""]",fig01_production,,,,,,,,,,,,,,,,,,,,,,,,,,,
ndc_noce,NDC,No CE,b,Global,Iron and steel,Total,2019,1754.711551232852,Mt/yr,plotted,"[""Production|Iron and Steel|Primary"", ""Production|Iron and Steel|Secondary""]",fig01_production,,,,,,,,,,,,,,,,,,,,,,,,,,,
ndc_noce,NDC,No CE,b,Global,Iron and steel,Total,2024,1725.0794351254624,Mt/yr,plotted,"[""Production|Iron and Steel|Primary"", ""Production|Iron and Steel|Secondary""]",fig01_production,,,,,,,,,,,,,,,,,,,,,,,,,,,
ndc_noce,NDC,No CE,b,Global,Iron and steel,Total,2030,1641.98915461347,Mt/yr,plotted,"[""Production|Iron and Steel|Primary"", ""Production|Iron and Steel|Secondary""]",fig01_production,,,,,,,,,,,,,,,,,,,,,,,,,,,
ndc_noce,NDC,No CE,b,Global,Iron and steel,Total,2035,1595.6388088647288,Mt/yr,plotted,"[""Production|Iron and Steel|Primary"", ""Production|Iron and Steel|Secondary""]",fig01_production,,,,,,,,,,,,,,,,,,,,,,,,,,,
ndc_noce,NDC,No CE,b,Global,Iron and steel,Total,2040,1683.460665063078,Mt/yr,plotted,"[""Production|Iron and Steel|Primary"", ""Production|Iron and Steel|Secondary""]",fig01_production,,,,,,,,,,,,,,,,,,,,,,,,,,,
ndc_noce,NDC,No CE,b,Global,Iron and steel,Total,2050,2186.9297730849707,Mt/yr,plotted,"[""Production|Iron and Steel|Primary"", ""Production|Iron and Steel|Secondary""]",fig01_production,,,,,,,,,,,,,,,,,,,,,,,,,,,
ndc_noce,NDC,No CE,b,Global,Iron and steel,Primary,2019,1409.4021422034127,Mt/yr,plotted,"[""Production|Iron and Steel|Primary""]",fig01_production,,,,,,,,,,,,,,,,,,,,,,,,,,,
ndc_noce,NDC,No CE,b,Global,Iron and steel,Primary,2024,1300.4264955551444,Mt/yr,plotted,"[""Production|Iron and Steel|Primary""]",fig01_production,,,,,,,,,,,,,,,,,,,,,,,,,,,
ndc_noce,NDC,No CE,b,Global,Iron and steel,Primary,2030,1159.4461344018102,Mt/yr,plotted,"[""Production|Iron and Steel|Primary""]",fig01_production,,,,,,,,,,,,,,,,,,,,,,,,,,,
ndc_noce,NDC,No CE,b,Global,Iron and steel,Primary,2035,1100.3400380900787,Mt/yr,plotted,"[""Production|Iron and Steel|Primary""]",fig01_production,,,,,,,,,,,,,,,,,,,,,,,,,,,
ndc_noce,NDC,No CE,b,Global,Iron and steel,Primary,2040,1133.0724839292711,Mt/yr,plotted,"[""Production|Iron and Steel|Primary""]",fig01_production,,,,,,,,,,,,,,,,,,,,,,,,,,,
ndc_noce,NDC,No CE,b,Global,Iron and steel,Primary,2050,1399.6350714434163,Mt/yr,plotted,"[""Production|Iron and Steel|Primary""]",fig01_production,,,,,,,,,,,,,,,,,,,,,,,,,,,
ndc_noce,NDC,No CE,b,Global,Iron and steel,Secondary,2019,345.30940902943917,Mt/yr,plotted,"[""Production|Iron and Steel|Secondary""]",fig01_production,,,,,,,,,,,,,,,,,,,,,,,,,,,
ndc_noce,NDC,No CE,b,Global,Iron and steel,Secondary,2024,424.652939570318,Mt/yr,plotted,"[""Production|Iron and Steel|Secondary""]",fig01_production,,,,,,,,,,,,,,,,,,,,,,,,,,,
ndc_noce,NDC,No CE,b,Global,Iron and steel,Secondary,2030,482.5430202116597,Mt/yr,plotted,"[""Production|Iron and Steel|Secondary""]",fig01_production,,,,,,,,,,,,,,,,,,,,,,,,,,,
ndc_noce,NDC,No CE,b,Global,Iron and steel,Secondary,2035,495.2987707746502,Mt/yr,plotted,"[""Production|Iron and Steel|Secondary""]",fig01_production,,,,,,,,,,,,,,,,,,,,,,,,,,,
ndc_noce,NDC,No CE,b,Global,Iron and steel,Secondary,2040,550.3881811338068,Mt/yr,plotted,"[""Production|Iron and Steel|Secondary""]",fig01_production,,,,,,,,,,,,,,,,,,,,,,,,,,,
ndc_noce,NDC,No CE,b,Global,Iron and steel,Secondary,2050,787.2947016415544,Mt/yr,plotted,"[""Production|Iron and Steel|Secondary""]",fig01_production,,,,,,,,,,,,,,,,,,,,,,,,,,,
ndc_noce,NDC,No CE,c,Global,Aluminium,Total,2019,94.49997372278058,Mt/yr,plotted,"[""Production|Non-Ferrous Metals|Aluminum|Primary"", ""Production|Non-Ferrous Metals|Aluminum|Secondary""]",fig01_production,,,,,,,,,,,,,,,,,,,,,,,,,,,
ndc_noce,NDC,No CE,c,Global,Aluminium,Total,2024,121.01332192264523,Mt/yr,plotted,"[""Production|Non-Ferrous Metals|Aluminum|Primary"", ""Production|Non-Ferrous Metals|Aluminum|Secondary""]",fig01_production,,,,,,,,,,,,,,,,,,,,,,,,,,,
ndc_noce,NDC,No CE,c,Global,Aluminium,Total,2030,124.37818210547911,Mt/yr,plotted,"[""Production|Non-Ferrous Metals|Aluminum|Primary"", ""Production|Non-Ferrous Metals|Aluminum|Secondary""]",fig01_production,,,,,,,,,,,,,,,,,,,,,,,,,,,
ndc_noce,NDC,No CE,c,Global,Aluminium,Total,2035,127.02730774686012,Mt/yr,plotted,"[""Production|Non-Ferrous Metals|Aluminum|Primary"", ""Production|Non-Ferrous Metals|Aluminum|Secondary""]",fig01_production,,,,,,,,,,,,,,,,,,,,,,,,,,,
ndc_noce,NDC,No CE,c,Global,Aluminium,Total,2040,131.46124002864838,Mt/yr,plotted,"[""Production|Non-Ferrous Metals|Aluminum|Primary"", ""Production|Non-Ferrous Metals|Aluminum|Secondary""]",fig01_production,,,,,,,,,,,,,,,,,,,,,,,,,,,
ndc_noce,NDC,No CE,c,Global,Aluminium,Total,2050,133.0141126535924,Mt/yr,plotted,"[""Production|Non-Ferrous Metals|Aluminum|Primary"", ""Production|Non-Ferrous Metals|Aluminum|Secondary""]",fig01_production,,,,,,,,,,,,,,,,,,,,,,,,,,,
ndc_noce,NDC,No CE,c,Global,Aluminium,Primary,2019,62.749973727086626,Mt/yr,plotted,"[""Production|Non-Ferrous Metals|Aluminum|Primary""]",fig01_production,,,,,,,,,,,,,,,,,,,,,,,,,,,
ndc_noce,NDC,No CE,c,Global,Aluminium,Primary,2024,78.04114761610496,Mt/yr,plotted,"[""Production|Non-Ferrous Metals|Aluminum|Primary""]",fig01_production,,,,,,,,,,,,,,,,,,,,,,,,,,,
ndc_noce,NDC,No CE,c,Global,Aluminium,Primary,2030,75.17942370967707,Mt/yr,plotted,"[""Production|Non-Ferrous Metals|Aluminum|Primary""]",fig01_production,,,,,,,,,,,,,,,,,,,,,,,,,,,
ndc_noce,NDC,No CE,c,Global,Aluminium,Primary,2035,71.69352445693875,Mt/yr,plotted,"[""Production|Non-Ferrous Metals|Aluminum|Primary""]",fig01_production,,,,,,,,,,,,,,,,,,,,,,,,,,,
ndc_noce,NDC,No CE,c,Global,Aluminium,Primary,2040,72.65700467808372,Mt/yr,plotted,"[""Production|Non-Ferrous Metals|Aluminum|Primary""]",fig01_production,,,,,,,,,,,,,,,,,,,,,,,,,,,
ndc_noce,NDC,No CE,c,Global,Aluminium,Primary,2050,68.45860254240496,Mt/yr,plotted,"[""Production|Non-Ferrous Metals|Aluminum|Primary""]",fig01_production,,,,,,,,,,,,,,,,,,,,,,,,,,,
ndc_noce,NDC,No CE,c,Global,Aluminium,Secondary,2019,31.74999999569395,Mt/yr,plotted,"[""Production|Non-Ferrous Metals|Aluminum|Secondary""]",fig01_production,,,,,,,,,,,,,,,,,,,,,,,,,,,
ndc_noce,NDC,No CE,c,Global,Aluminium,Secondary,2024,42.97217430654027,Mt/yr,plotted,"[""Production|Non-Ferrous Metals|Aluminum|Secondary""]",fig01_production,,,,,,,,,,,,,,,,,,,,,,,,,,,
ndc_noce,NDC,No CE,c,Global,Aluminium,Secondary,2030,49.198758395802045,Mt/yr,plotted,"[""Production|Non-Ferrous Metals|Aluminum|Secondary""]",fig01_production,,,,,,,,,,,,,,,,,,,,,,,,,,,
ndc_noce,NDC,No CE,c,Global,Aluminium,Secondary,2035,55.33378328992138,Mt/yr,plotted,"[""Production|Non-Ferrous Metals|Aluminum|Secondary""]",fig01_production,,,,,,,,,,,,,,,,,,,,,,,,,,,
ndc_noce,NDC,No CE,c,Global,Aluminium,Secondary,2040,58.80423535056464,Mt/yr,plotted,"[""Production|Non-Ferrous Metals|Aluminum|Secondary""]",fig01_production,,,,,,,,,,,,,,,,,,,,,,,,,,,
ndc_noce,NDC,No CE,c,Global,Aluminium,Secondary,2050,64.55551011118743,Mt/yr,plotted,"[""Production|Non-Ferrous Metals|Aluminum|Secondary""]",fig01_production,,,,,,,,,,,,,,,,,,,,,,,,,,,
ndc_noce,NDC,No CE,a,Producer regions,Cement,Cement,2019,2357.17696299718,Mt/yr,plotted,"[""Production|Non-Metallic Minerals|Cement""]",fig02_leading_producers,ndc_noce,2050.0,China region,1.0,1.0,"[""CHN""]",,,,,,,,,,,,,,,,,,,,,
ndc_noce,NDC,No CE,a,Producer regions,Cement,Cement,2050,940.513609464344,Mt/yr,plotted,"[""Production|Non-Metallic Minerals|Cement""]",fig02_leading_producers,ndc_noce,2050.0,China region,1.0,1.0,"[""CHN""]",,,,,,,,,,,,,,,,,,,,,
ndc_noce,NDC,No CE,a,Producer regions,Cement,Cement,2019,338.922999997768,Mt/yr,plotted,"[""Production|Non-Metallic Minerals|Cement""]",fig02_leading_producers,ndc_noce,2050.0,India,2.0,2.0,"[""IND""]",,,,,,,,,,,,,,,,,,,,,
ndc_noce,NDC,No CE,a,Producer regions,Cement,Cement,2050,678.862769413349,Mt/yr,plotted,"[""Production|Non-Metallic Minerals|Cement""]",fig02_leading_producers,ndc_noce,2050.0,India,2.0,2.0,"[""IND""]",,,,,,,,,,,,,,,,,,,,,
ndc_noce,NDC,No CE,a,Producer regions,Cement,Cement,2019,205.1329999978,Mt/yr,plotted,"[""Production|Non-Metallic Minerals|Cement""]",fig02_leading_producers,ndc_noce,2050.0,Indonesia group,3.0,3.0,"[""IDN""]",,,,,,,,,,,,,,,,,,,,,
ndc_noce,NDC,No CE,a,Producer regions,Cement,Cement,2050,255.185453256374,Mt/yr,plotted,"[""Production|Non-Metallic Minerals|Cement""]",fig02_leading_producers,ndc_noce,2050.0,Indonesia group,3.0,3.0,"[""IDN""]",,,,,,,,,,,,,,,,,,,,,
ndc_noce,NDC,No CE,a,Producer regions,Cement,Cement,2019,161.832199997759,Mt/yr,plotted,"[""Production|Non-Metallic Minerals|Cement""]",fig02_leading_producers,ndc_noce,2050.0,Gulf & Iran,4.0,4.0,"[""MEA""]",,,,,,,,,,,,,,,,,,,,,
ndc_noce,NDC,No CE,a,Producer regions,Cement,Cement,2050,218.635303202511,Mt/yr,plotted,"[""Production|Non-Metallic Minerals|Cement""]",fig02_leading_producers,ndc_noce,2050.0,Gulf & Iran,4.0,4.0,"[""MEA""]",,,,,,,,,,,,,,,,,,,,,
ndc_noce,NDC,No CE,a,Producer regions,Cement,Cement,2019,88.6989999980088,Mt/yr,plotted,"[""Production|Non-Metallic Minerals|Cement""]",fig02_leading_producers,ndc_noce,2050.0,Other South Asia,5.0,5.0,"[""ASO""]",,,,,,,,,,,,,,,,,,,,,
ndc_noce,NDC,No CE,a,Producer regions,Cement,Cement,2050,202.499818183405,Mt/yr,plotted,"[""Production|Non-Metallic Minerals|Cement""]",fig02_leading_producers,ndc_noce,2050.0,Other South Asia,5.0,5.0,"[""ASO""]",,,,,,,,,,,,,,,,,,,,,
ndc_noce,NDC,No CE,a,Producer regions,Cement,Cement,2019,206.0375999892213,Mt/yr,plotted,"[""Production|Non-Metallic Minerals|Cement""]",fig02_leading_producers,ndc_noce,2050.0,Europe,6.0,6.0,"[""ENE"", ""ENW"", ""EUE"", ""EUM"", ""EUW""]",,,,,,,,,,,,,,,,,,,,,
ndc_noce,NDC,No CE,a,Producer regions,Cement,Cement,2050,198.6868363746056,Mt/yr,plotted,"[""Production|Non-Metallic Minerals|Cement""]",fig02_leading_producers,ndc_noce,2050.0,Europe,6.0,6.0,"[""ENE"", ""ENW"", ""EUE"", ""EUM"", ""EUW""]",,,,,,,,,,,,,,,,,,,,,
ndc_noce,NDC,No CE,a,Producer regions,Cement,Cement,2019,99.4559999978603,Mt/yr,plotted,"[""Production|Non-Metallic Minerals|Cement""]",fig02_leading_producers,ndc_noce,2050.0,Northern Africa,7.0,7.0,"[""AFN""]",,,,,,,,,,,,,,,,,,,,,
ndc_noce,NDC,No CE,a,Producer regions,Cement,Cement,2050,135.359617195832,Mt/yr,plotted,"[""Production|Non-Metallic Minerals|Cement""]",fig02_leading_producers,ndc_noce,2050.0,Northern Africa,7.0,7.0,"[""AFN""]",,,,,,,,,,,,,,,,,,,,,
ndc_noce,NDC,No CE,a,Producer regions,Cement,Cement,2019,85.081199997775,Mt/yr,plotted,"[""Production|Non-Metallic Minerals|Cement""]",fig02_leading_producers,ndc_noce,2050.0,Other Asia–Pacific,8.0,8.0,"[""ASE""]",,,,,,,,,,,,,,,,,,,,,
ndc_noce,NDC,No CE,a,Producer regions,Cement,Cement,2050,128.812937605491,Mt/yr,plotted,"[""Production|Non-Metallic Minerals|Cement""]",fig02_leading_producers,ndc_noce,2050.0,Other Asia–Pacific,8.0,8.0,"[""ASE""]",,,,,,,,,,,,,,,,,,,,,
ndc_noce,NDC,No CE,a,Producer regions,Cement,Cement,2019,70.8392999978275,Mt/yr,plotted,"[""Production|Non-Metallic Minerals|Cement""]",fig02_leading_producers,ndc_noce,2050.0,Turkey & Levant,9.0,9.0,"[""MDA""]",,,,,,,,,,,,,,,,,,,,,
ndc_noce,NDC,No CE,a,Producer regions,Cement,Cement,2050,104.629647292629,Mt/yr,plotted,"[""Production|Non-Metallic Minerals|Cement""]",fig02_leading_producers,ndc_noce,2050.0,Turkey & Levant,9.0,9.0,"[""MDA""]",,,,,,,,,,,,,,,,,,,,,
ndc_noce,NDC,No CE,a,Producer regions,Cement,Cement,2019,88.0999999977914,Mt/yr,plotted,"[""Production|Non-Metallic Minerals|Cement""]",fig02_leading_producers,ndc_noce,2050.0,United States,10.0,10.0,"[""USA""]",,,,,,,,,,,,,,,,,,,,,
ndc_noce,NDC,No CE,a,Producer regions,Cement,Cement,2050,99.3768001612069,Mt/yr,plotted,"[""Production|Non-Metallic Minerals|Cement""]",fig02_leading_producers,ndc_noce,2050.0,United States,10.0,10.0,"[""USA""]",,,,,,,,,,,,,,,,,,,,,
ndc_noce,NDC,No CE,a,Producer regions,Cement,Cement,2019,66.1435999978778,Mt/yr,plotted,"[""Production|Non-Metallic Minerals|Cement""]",fig02_leading_producers,ndc_noce,2050.0,Other Latin America,11.0,11.0,"[""LAM""]",,,,,,,,,,,,,,,,,,,,,
ndc_noce,NDC,No CE,a,Producer regions,Cement,Cement,2050,97.0326623605222,Mt/yr,plotted,"[""Production|Non-Metallic Minerals|Cement""]",fig02_leading_producers,ndc_noce,2050.0,Other Latin America,11.0,11.0,"[""LAM""]",,,,,,,,,,,,,,,,,,,,,
ndc_noce,NDC,No CE,a,Producer regions,Cement,Cement,2019,26.2281999978476,Mt/yr,plotted,"[""Production|Non-Metallic Minerals|Cement""]",fig02_leading_producers,ndc_noce,2050.0,Eastern Africa,12.0,12.0,"[""AFE""]",,,,,,,,,,,,,,,,,,,,,
ndc_noce,NDC,No CE,a,Producer regions,Cement,Cement,2050,78.2124932951709,Mt/yr,plotted,"[""Production|Non-Metallic Minerals|Cement""]",fig02_leading_producers,ndc_noce,2050.0,Eastern Africa,12.0,12.0,"[""AFE""]",,,,,,,,,,,,,,,,,,,,,
ndc_noce,NDC,No CE,a,Producer regions,Cement,Cement,2019,407.7592369757163,Mt/yr,plotted,"[""Production|Non-Metallic Minerals|Cement""]",fig02_leading_producers,ndc_noce,2050.0,Other model regions,,13.0,"[""CAN"", ""MEX"", ""BRA"", ""CHL"", ""ANZ"", ""JPN"", ""SKT"", ""RUS"", ""ASC"", ""AFW"", ""AFZ"", ""NIG""]",,,,,,,,,,,,,,,,,,,,,
ndc_noce,NDC,No CE,a,Producer regions,Cement,Cement,2050,522.3280200723136,Mt/yr,plotted,"[""Production|Non-Metallic Minerals|Cement""]",fig02_leading_producers,ndc_noce,2050.0,Other model regions,,13.0,"[""CAN"", ""MEX"", ""BRA"", ""CHL"", ""ANZ"", ""JPN"", ""SKT"", ""RUS"", ""ASC"", ""AFW"", ""AFZ"", ""NIG""]",,,,,,,,,,,,,,,,,,,,,
ndc_noce,NDC,No CE,a,Selected producers,Cement,Selected producer coverage,2019,90.2947033277263,%,context,"[""Production|Non-Metallic Minerals|Cement""]",fig02_leading_producers,ndc_noce,2050.0,Selected producers,,,"[""CHN"", ""IND"", ""IDN"", ""MEA"", ""ASO"", ""ENE"", ""ENW"", ""EUE"", ""EUM"", ""EUW"", ""AFN"", ""ASE"", ""MDA"", ""USA"", ""LAM"", ""AFE""]",,,,,,,,,,,,,,,,,,,,,
ndc_noce,NDC,No CE,a,Selected producers,Cement,Selected producer coverage,2024,89.0648927414148,%,context,"[""Production|Non-Metallic Minerals|Cement""]",fig02_leading_producers,ndc_noce,2050.0,Selected producers,,,"[""CHN"", ""IND"", ""IDN"", ""MEA"", ""ASO"", ""ENE"", ""ENW"", ""EUE"", ""EUM"", ""EUW"", ""AFN"", ""ASE"", ""MDA"", ""USA"", ""LAM"", ""AFE""]",,,,,,,,,,,,,,,,,,,,,
ndc_noce,NDC,No CE,a,Selected producers,Cement,Selected producer coverage,2030,88.17780321892384,%,context,"[""Production|Non-Metallic Minerals|Cement""]",fig02_leading_producers,ndc_noce,2050.0,Selected producers,,,"[""CHN"", ""IND"", ""IDN"", ""MEA"", ""ASO"", ""ENE"", ""ENW"", ""EUE"", ""EUM"", ""EUW"", ""AFN"", ""ASE"", ""MDA"", ""USA"", ""LAM"", ""AFE""]",,,,,,,,,,,,,,,,,,,,,
ndc_noce,NDC,No CE,a,Selected producers,Cement,Selected producer coverage,2035,87.35506722445089,%,context,"[""Production|Non-Metallic Minerals|Cement""]",fig02_leading_producers,ndc_noce,2050.0,Selected producers,,,"[""CHN"", ""IND"", ""IDN"", ""MEA"", ""ASO"", ""ENE"", ""ENW"", ""EUE"", ""EUM"", ""EUW"", ""AFN"", ""ASE"", ""MDA"", ""USA"", ""LAM"", ""AFE""]",,,,,,,,,,,,,,,,,,,,,
ndc_noce,NDC,No CE,a,Selected producers,Cement,Selected producer coverage,2040,86.80677307269069,%,context,"[""Production|Non-Metallic Minerals|Cement""]",fig02_leading_producers,ndc_noce,2050.0,Selected producers,,,"[""CHN"", ""IND"", ""IDN"", ""MEA"", ""ASO"", ""ENE"", ""ENW"", ""EUE"", ""EUM"", ""EUW"", ""AFN"", ""ASE"", ""MDA"", ""USA"", ""LAM"", ""AFE""]",,,,,,,,,,,,,,,,,,,,,
ndc_noce,NDC,No CE,a,Selected producers,Cement,Selected producer coverage,2050,85.72927277411573,%,context,"[""Production|Non-Metallic Minerals|Cement""]",fig02_leading_producers,ndc_noce,2050.0,Selected producers,,,"[""CHN"", ""IND"", ""IDN"", ""MEA"", ""ASO"", ""ENE"", ""ENW"", ""EUE"", ""EUM"", ""EUW"", ""AFN"", ""ASE"", ""MDA"", ""USA"", ""LAM"", ""AFE""]",,,,,,,,,,,,,,,,,,,,,
ndc_noce,NDC,No CE,b,Producer regions,Iron and steel,Total,2019,948.2701578582521,Mt/yr,plotted,"[""Production|Iron and Steel|Primary"", ""Production|Iron and Steel|Secondary""]",fig02_leading_producers,ndc_noce,2050.0,China region,1.0,1.0,"[""CHN""]",,,,,,,,,,,,,,,,,,,,,
ndc_noce,NDC,No CE,b,Producer regions,Iron and steel,Total,2050,796.5469360049549,Mt/yr,plotted,"[""Production|Iron and Steel|Primary"", ""Production|Iron and Steel|Secondary""]",fig02_leading_producers,ndc_noce,2050.0,China region,1.0,1.0,"[""CHN""]",,,,,,,,,,,,,,,,,,,,,
ndc_noce,NDC,No CE,b,Producer regions,Iron and steel,Total,2019,104.7509878412537,Mt/yr,plotted,"[""Production|Iron and Steel|Primary"", ""Production|Iron and Steel|Secondary""]",fig02_leading_producers,ndc_noce,2050.0,India,2.0,2.0,"[""IND""]",,,,,,,,,,,,,,,,,,,,,
ndc_noce,NDC,No CE,b,Producer regions,Iron and steel,Total,2050,749.912325125238,Mt/yr,plotted,"[""Production|Iron and Steel|Primary"", ""Production|Iron and Steel|Secondary""]",fig02_leading_producers,ndc_noce,2050.0,India,2.0,2.0,"[""IND""]",,,,,,,,,,,,,,,,,,,,,
ndc_noce,NDC,No CE,b,Producer regions,Iron and steel,Total,2019,202.59573381823873,Mt/yr,plotted,"[""Production|Iron and Steel|Primary"", ""Production|Iron and Steel|Secondary""]",fig02_leading_producers,ndc_noce,2050.0,Europe,3.0,3.0,"[""ENE"", ""ENW"", ""EUE"", ""EUM"", ""EUW""]",,,,,,,,,,,,,,,,,,,,,
ndc_noce,NDC,No CE,b,Producer regions,Iron and steel,Total,2050,98.0484818755622,Mt/yr,plotted,"[""Production|Iron and Steel|Primary"", ""Production|Iron and Steel|Secondary""]",fig02_leading_producers,ndc_noce,2050.0,Europe,3.0,3.0,"[""ENE"", ""ENW"", ""EUE"", ""EUM"", ""EUW""]",,,,,,,,,,,,,,,,,,,,,
ndc_noce,NDC,No CE,b,Producer regions,Iron and steel,Total,2019,31.608432953420397,Mt/yr,plotted,"[""Production|Iron and Steel|Primary"", ""Production|Iron and Steel|Secondary""]",fig02_leading_producers,ndc_noce,2050.0,Brazil,4.0,4.0,"[""BRA""]",,,,,,,,,,,,,,,,,,,,,
ndc_noce,NDC,No CE,b,Producer regions,Iron and steel,Total,2050,72.6677916330759,Mt/yr,plotted,"[""Production|Iron and Steel|Primary"", ""Production|Iron and Steel|Secondary""]",fig02_leading_producers,ndc_noce,2050.0,Brazil,4.0,4.0,"[""BRA""]",,,,,,,,,,,,,,,,,,,,,
ndc_noce,NDC,No CE,b,Producer regions,Iron and steel,Total,2019,102.44869842908881,Mt/yr,plotted,"[""Production|Iron and Steel|Primary"", ""Production|Iron and Steel|Secondary""]",fig02_leading_producers,ndc_noce,2050.0,Japan,5.0,5.0,"[""JPN""]",,,,,,,,,,,,,,,,,,,,,
ndc_noce,NDC,No CE,b,Producer regions,Iron and steel,Total,2050,69.05042508945729,Mt/yr,plotted,"[""Production|Iron and Steel|Primary"", ""Production|Iron and Steel|Secondary""]",fig02_leading_producers,ndc_noce,2050.0,Japan,5.0,5.0,"[""JPN""]",,,,,,,,,,,,,,,,,,,,,
ndc_noce,NDC,No CE,b,Producer regions,Iron and steel,Total,2019,75.7816577158891,Mt/yr,plotted,"[""Production|Iron and Steel|Primary"", ""Production|Iron and Steel|Secondary""]",fig02_leading_producers,ndc_noce,2050.0,Russia,6.0,6.0,"[""RUS""]",,,,,,,,,,,,,,,,,,,,,
ndc_noce,NDC,No CE,b,Producer regions,Iron and steel,Total,2050,64.1870667408406,Mt/yr,plotted,"[""Production|Iron and Steel|Primary"", ""Production|Iron and Steel|Secondary""]",fig02_leading_producers,ndc_noce,2050.0,Russia,6.0,6.0,"[""RUS""]",,,,,,,,,,,,,,,,,,,,,
ndc_noce,NDC,No CE,b,Producer regions,Iron and steel,Total,2019,86.7126257604092,Mt/yr,plotted,"[""Production|Iron and Steel|Primary"", ""Production|Iron and Steel|Secondary""]",fig02_leading_producers,ndc_noce,2050.0,United States,7.0,7.0,"[""USA""]",,,,,,,,,,,,,,,,,,,,,
ndc_noce,NDC,No CE,b,Producer regions,Iron and steel,Total,2050,50.90031435103735,Mt/yr,plotted,"[""Production|Iron and Steel|Primary"", ""Production|Iron and Steel|Secondary""]",fig02_leading_producers,ndc_noce,2050.0,United States,7.0,7.0,"[""USA""]",,,,,,,,,,,,,,,,,,,,,
ndc_noce,NDC,No CE,b,Producer regions,Iron and steel,Total,2019,69.3145074752365,Mt/yr,plotted,"[""Production|Iron and Steel|Primary"", ""Production|Iron and Steel|Secondary""]",fig02_leading_producers,ndc_noce,2050.0,South Korea,8.0,8.0,"[""SKT""]",,,,,,,,,,,,,,,,,,,,,
ndc_noce,NDC,No CE,b,Producer regions,Iron and steel,Total,2050,43.5988279575382,Mt/yr,plotted,"[""Production|Iron and Steel|Primary"", ""Production|Iron and Steel|Secondary""]",fig02_leading_producers,ndc_noce,2050.0,South Korea,8.0,8.0,"[""SKT""]",,,,,,,,,,,,,,,,,,,,,
ndc_noce,NDC,No CE,b,Producer regions,Iron and steel,Total,2019,20.38263213914522,Mt/yr,plotted,"[""Production|Iron and Steel|Primary"", ""Production|Iron and Steel|Secondary""]",fig02_leading_producers,ndc_noce,2050.0,Turkey & Levant,9.0,9.0,"[""MDA""]",,,,,,,,,,,,,,,,,,,,,
ndc_noce,NDC,No CE,b,Producer regions,Iron and steel,Total,2050,39.0327438840528,Mt/yr,plotted,"[""Production|Iron and Steel|Primary"", ""Production|Iron and Steel|Secondary""]",fig02_leading_producers,ndc_noce,2050.0,Turkey & Levant,9.0,9.0,"[""MDA""]",,,,,,,,,,,,,,,,,,,,,
ndc_noce,NDC,No CE,b,Producer regions,Iron and steel,Total,2019,18.99695005129331,Mt/yr,plotted,"[""Production|Iron and Steel|Primary"", ""Production|Iron and Steel|Secondary""]",fig02_leading_producers,ndc_noce,2050.0,Indonesia group,10.0,10.0,"[""IDN""]",,,,,,,,,,,,,,,,,,,,,
ndc_noce,NDC,No CE,b,Producer regions,Iron and steel,Total,2050,34.06153542476862,Mt/yr,plotted,"[""Production|Iron and Steel|Primary"", ""Production|Iron and Steel|Secondary""]",fig02_leading_producers,ndc_noce,2050.0,Indonesia group,10.0,10.0,"[""IDN""]",,,,,,,,,,,,,,,,,,,,,
ndc_noce,NDC,No CE,b,Producer regions,Iron and steel,Total,2019,18.76949401900283,Mt/yr,plotted,"[""Production|Iron and Steel|Primary"", ""Production|Iron and Steel|Secondary""]",fig02_leading_producers,ndc_noce,2050.0,Gulf & Iran,11.0,11.0,"[""MEA""]",,,,,,,,,,,,,,,,,,,,,
ndc_noce,NDC,No CE,b,Producer regions,Iron and steel,Total,2050,30.8758200079798,Mt/yr,plotted,"[""Production|Iron and Steel|Primary"", ""Production|Iron and Steel|Secondary""]",fig02_leading_producers,ndc_noce,2050.0,Gulf & Iran,11.0,11.0,"[""MEA""]",,,,,,,,,,,,,,,,,,,,,
ndc_noce,NDC,No CE,b,Producer regions,Iron and steel,Total,2019,10.039200444466541,Mt/yr,plotted,"[""Production|Iron and Steel|Primary"", ""Production|Iron and Steel|Secondary""]",fig02_leading_producers,ndc_noce,2050.0,Other Latin America,12.0,12.0,"[""LAM""]",,,,,,,,,,,,,,,,,,,,,
ndc_noce,NDC,No CE,b,Producer regions,Iron and steel,Total,2050,30.107564269954743,Mt/yr,plotted,"[""Production|Iron and Steel|Primary"", ""Production|Iron and Steel|Secondary""]",fig02_leading_producers,ndc_noce,2050.0,Other Latin America,12.0,12.0,"[""LAM""]",,,,,,,,,,,,,,,,,,,,,
ndc_noce,NDC,No CE,b,Producer regions,Iron and steel,Total,2019,65.04047272715546,Mt/yr,plotted,"[""Production|Iron and Steel|Primary"", ""Production|Iron and Steel|Secondary""]",fig02_leading_producers,ndc_noce,2050.0,Other model regions,,13.0,"[""CAN"", ""MEX"", ""CHL"", ""ANZ"", ""ASE"", ""ASO"", ""ASC"", ""AFE"", ""AFN"", ""AFW"", ""AFZ"", ""NIG""]",,,,,,,,,,,,,,,,,,,,,
ndc_noce,NDC,No CE,b,Producer regions,Iron and steel,Total,2050,107.93994072051017,Mt/yr,plotted,"[""Production|Iron and Steel|Primary"", ""Production|Iron and Steel|Secondary""]",fig02_leading_producers,ndc_noce,2050.0,Other model regions,,13.0,"[""CAN"", ""MEX"", ""CHL"", ""ANZ"", ""ASE"", ""ASO"", ""ASC"", ""AFE"", ""AFN"", ""AFW"", ""AFZ"", ""NIG""]",,,,,,,,,,,,,,,,,,,,,
ndc_noce,NDC,No CE,b,Selected producers,Iron and steel,Selected producer coverage,2019,96.29338094449439,%,context,"[""Production|Iron and Steel|Primary"", ""Production|Iron and Steel|Secondary""]",fig02_leading_producers,ndc_noce,2050.0,Selected producers,,,"[""CHN"", ""IND"", ""ENE"", ""ENW"", ""EUE"", ""EUM"", ""EUW"", ""BRA"", ""JPN"", ""RUS"", ""USA"", ""SKT"", ""MDA"", ""IDN"", ""MEA"", ""LAM""]",,,,,,,,,,,,,,,,,,,,,
ndc_noce,NDC,No CE,b,Selected producers,Iron and steel,Selected producer coverage,2024,96.09481509253153,%,context,"[""Production|Iron and Steel|Primary"", ""Production|Iron and Steel|Secondary""]",fig02_leading_producers,ndc_noce,2050.0,Selected producers,,,"[""CHN"", ""IND"", ""ENE"", ""ENW"", ""EUE"", ""EUM"", ""EUW"", ""BRA"", ""JPN"", ""RUS"", ""USA"", ""SKT"", ""MDA"", ""IDN"", ""MEA"", ""LAM""]",,,,,,,,,,,,,,,,,,,,,
ndc_noce,NDC,No CE,b,Selected producers,Iron and steel,Selected producer coverage,2030,95.65754553944802,%,context,"[""Production|Iron and Steel|Primary"", ""Production|Iron and Steel|Secondary""]",fig02_leading_producers,ndc_noce,2050.0,Selected producers,,,"[""CHN"", ""IND"", ""ENE"", ""ENW"", ""EUE"", ""EUM"", ""EUW"", ""BRA"", ""JPN"", ""RUS"", ""USA"", ""SKT"", ""MDA"", ""IDN"", ""MEA"", ""LAM""]",,,,,,,,,,,,,,,,,,,,,
ndc_noce,NDC,No CE,b,Selected producers,Iron and steel,Selected producer coverage,2035,95.09335315705792,%,context,"[""Production|Iron and Steel|Primary"", ""Production|Iron and Steel|Secondary""]",fig02_leading_producers,ndc_noce,2050.0,Selected producers,,,"[""CHN"", ""IND"", ""ENE"", ""ENW"", ""EUE"", ""EUM"", ""EUW"", ""BRA"", ""JPN"", ""RUS"", ""USA"", ""SKT"", ""MDA"", ""IDN"", ""MEA"", ""LAM""]",,,,,,,,,,,,,,,,,,,,,
ndc_noce,NDC,No CE,b,Selected producers,Iron and steel,Selected producer coverage,2040,94.85648706481122,%,context,"[""Production|Iron and Steel|Primary"", ""Production|Iron and Steel|Secondary""]",fig02_leading_producers,ndc_noce,2050.0,Selected producers,,,"[""CHN"", ""IND"", ""ENE"", ""ENW"", ""EUE"", ""EUM"", ""EUW"", ""BRA"", ""JPN"", ""RUS"", ""USA"", ""SKT"", ""MDA"", ""IDN"", ""MEA"", ""LAM""]",,,,,,,,,,,,,,,,,,,,,
ndc_noce,NDC,No CE,b,Selected producers,Iron and steel,Selected producer coverage,2050,95.06431609972341,%,context,"[""Production|Iron and Steel|Primary"", ""Production|Iron and Steel|Secondary""]",fig02_leading_producers,ndc_noce,2050.0,Selected producers,,,"[""CHN"", ""IND"", ""ENE"", ""ENW"", ""EUE"", ""EUM"", ""EUW"", ""BRA"", ""JPN"", ""RUS"", ""USA"", ""SKT"", ""MDA"", ""IDN"", ""MEA"", ""LAM""]",,,,,,,,,,,,,,,,,,,,,
ndc_noce,NDC,No CE,c,Producer regions,Aluminium,Total,2019,45.6540000439702,Mt/yr,plotted,"[""Production|Non-Ferrous Metals|Aluminum|Primary"", ""Production|Non-Ferrous Metals|Aluminum|Secondary""]",fig02_leading_producers,ndc_noce,2050.0,China region,1.0,1.0,"[""CHN""]",,,,,,,,,,,,,,,,,,,,,
ndc_noce,NDC,No CE,c,Producer regions,Aluminium,Total,2050,54.4652230638117,Mt/yr,plotted,"[""Production|Non-Ferrous Metals|Aluminum|Primary"", ""Production|Non-Ferrous Metals|Aluminum|Secondary""]",fig02_leading_producers,ndc_noce,2050.0,China region,1.0,1.0,"[""CHN""]",,,,,,,,,,,,,,,,,,,,,
ndc_noce,NDC,No CE,c,Producer regions,Aluminium,Total,2019,5.02999999512509,Mt/yr,plotted,"[""Production|Non-Ferrous Metals|Aluminum|Primary"", ""Production|Non-Ferrous Metals|Aluminum|Secondary""]",fig02_leading_producers,ndc_noce,2050.0,India,2.0,2.0,"[""IND""]",,,,,,,,,,,,,,,,,,,,,
ndc_noce,NDC,No CE,c,Producer regions,Aluminium,Total,2050,14.008551444663969,Mt/yr,plotted,"[""Production|Non-Ferrous Metals|Aluminum|Primary"", ""Production|Non-Ferrous Metals|Aluminum|Secondary""]",fig02_leading_producers,ndc_noce,2050.0,India,2.0,2.0,"[""IND""]",,,,,,,,,,,,,,,,,,,,,
ndc_noce,NDC,No CE,c,Producer regions,Aluminium,Total,2019,11.327999971290446,Mt/yr,plotted,"[""Production|Non-Ferrous Metals|Aluminum|Primary"", ""Production|Non-Ferrous Metals|Aluminum|Secondary""]",fig02_leading_producers,ndc_noce,2050.0,Europe,3.0,3.0,"[""ENE"", ""ENW"", ""EUE"", ""EUM"", ""EUW""]",,,,,,,,,,,,,,,,,,,,,
ndc_noce,NDC,No CE,c,Producer regions,Aluminium,Total,2050,12.48974739680704,Mt/yr,plotted,"[""Production|Non-Ferrous Metals|Aluminum|Primary"", ""Production|Non-Ferrous Metals|Aluminum|Secondary""]",fig02_leading_producers,ndc_noce,2050.0,Europe,3.0,3.0,"[""ENE"", ""ENW"", ""EUE"", ""EUM"", ""EUW""]",,,,,,,,,,,,,,,,,,,,,
ndc_noce,NDC,No CE,c,Producer regions,Aluminium,Total,2019,6.602999999837697,Mt/yr,plotted,"[""Production|Non-Ferrous Metals|Aluminum|Primary"", ""Production|Non-Ferrous Metals|Aluminum|Secondary""]",fig02_leading_producers,ndc_noce,2050.0,Gulf & Iran,4.0,4.0,"[""MEA""]",,,,,,,,,,,,,,,,,,,,,
ndc_noce,NDC,No CE,c,Producer regions,Aluminium,Total,2050,9.178171038294693,Mt/yr,plotted,"[""Production|Non-Ferrous Metals|Aluminum|Primary"", ""Production|Non-Ferrous Metals|Aluminum|Secondary""]",fig02_leading_producers,ndc_noce,2050.0,Gulf & Iran,4.0,4.0,"[""MEA""]",,,,,,,,,,,,,,,,,,,,,
ndc_noce,NDC,No CE,c,Producer regions,Aluminium,Total,2019,4.96000001439774,Mt/yr,plotted,"[""Production|Non-Ferrous Metals|Aluminum|Primary"", ""Production|Non-Ferrous Metals|Aluminum|Secondary""]",fig02_leading_producers,ndc_noce,2050.0,United States,5.0,5.0,"[""USA""]",,,,,,,,,,,,,,,,,,,,,
ndc_noce,NDC,No CE,c,Producer regions,Aluminium,Total,2050,8.481601713784704,Mt/yr,plotted,"[""Production|Non-Ferrous Metals|Aluminum|Primary"", ""Production|Non-Ferrous Metals|Aluminum|Secondary""]",fig02_leading_producers,ndc_noce,2050.0,United States,5.0,5.0,"[""USA""]",,,,,,,,,,,,,,,,,,,,,
ndc_noce,NDC,No CE,c,Producer regions,Aluminium,Total,2019,1.0499999961879931,Mt/yr,plotted,"[""Production|Non-Ferrous Metals|Aluminum|Primary"", ""Production|Non-Ferrous Metals|Aluminum|Secondary""]",fig02_leading_producers,ndc_noce,2050.0,Other Asia–Pacific,6.0,6.0,"[""ASE""]",,,,,,,,,,,,,,,,,,,,,
ndc_noce,NDC,No CE,c,Producer regions,Aluminium,Total,2050,6.83340107373396,Mt/yr,plotted,"[""Production|Non-Ferrous Metals|Aluminum|Primary"", ""Production|Non-Ferrous Metals|Aluminum|Secondary""]",fig02_leading_producers,ndc_noce,2050.0,Other Asia–Pacific,6.0,6.0,"[""ASE""]",,,,,,,,,,,,,,,,,,,,,
ndc_noce,NDC,No CE,c,Producer regions,Aluminium,Total,2019,3.956999993172909,Mt/yr,plotted,"[""Production|Non-Ferrous Metals|Aluminum|Primary"", ""Production|Non-Ferrous Metals|Aluminum|Secondary""]",fig02_leading_producers,ndc_noce,2050.0,Russia,7.0,7.0,"[""RUS""]",,,,,,,,,,,,,,,,,,,,,
ndc_noce,NDC,No CE,c,Producer regions,Aluminium,Total,2050,5.63476903048384,Mt/yr,plotted,"[""Production|Non-Ferrous Metals|Aluminum|Primary"", ""Production|Non-Ferrous Metals|Aluminum|Secondary""]",fig02_leading_producers,ndc_noce,2050.0,Russia,7.0,7.0,"[""RUS""]",,,,,,,,,,,,,,,,,,,,,
ndc_noce,NDC,No CE,c,Producer regions,Aluminium,Total,2019,1.331999992097333,Mt/yr,plotted,"[""Production|Non-Ferrous Metals|Aluminum|Primary"", ""Production|Non-Ferrous Metals|Aluminum|Secondary""]",fig02_leading_producers,ndc_noce,2050.0,Southern Africa,8.0,8.0,"[""AFZ""]",,,,,,,,,,,,,,,,,,,,,
ndc_noce,NDC,No CE,c,Producer regions,Aluminium,Total,2050,3.651012939609944,Mt/yr,plotted,"[""Production|Non-Ferrous Metals|Aluminum|Primary"", ""Production|Non-Ferrous Metals|Aluminum|Secondary""]",fig02_leading_producers,ndc_noce,2050.0,Southern Africa,8.0,8.0,"[""AFZ""]",,,,,,,,,,,,,,,,,,,,,
ndc_noce,NDC,No CE,c,Producer regions,Aluminium,Total,2019,0.28000001126525353,Mt/yr,plotted,"[""Production|Non-Ferrous Metals|Aluminum|Primary"", ""Production|Non-Ferrous Metals|Aluminum|Secondary""]",fig02_leading_producers,ndc_noce,2050.0,Indonesia group,9.0,9.0,"[""IDN""]",,,,,,,,,,,,,,,,,,,,,
ndc_noce,NDC,No CE,c,Producer regions,Aluminium,Total,2050,3.028481136256394,Mt/yr,plotted,"[""Production|Non-Ferrous Metals|Aluminum|Primary"", ""Production|Non-Ferrous Metals|Aluminum|Secondary""]",fig02_leading_producers,ndc_noce,2050.0,Indonesia group,9.0,9.0,"[""IDN""]",,,,,,,,,,,,,,,,,,,,,
ndc_noce,NDC,No CE,c,Producer regions,Aluminium,Total,2019,1.323973740353655,Mt/yr,plotted,"[""Production|Non-Ferrous Metals|Aluminum|Primary"", ""Production|Non-Ferrous Metals|Aluminum|Secondary""]",fig02_leading_producers,ndc_noce,2050.0,Brazil,10.0,10.0,"[""BRA""]",,,,,,,,,,,,,,,,,,,,,
ndc_noce,NDC,No CE,c,Producer regions,Aluminium,Total,2050,2.726361591645917,Mt/yr,plotted,"[""Production|Non-Ferrous Metals|Aluminum|Primary"", ""Production|Non-Ferrous Metals|Aluminum|Secondary""]",fig02_leading_producers,ndc_noce,2050.0,Brazil,10.0,10.0,"[""BRA""]",,,,,,,,,,,,,,,,,,,,,
ndc_noce,NDC,No CE,c,Producer regions,Aluminium,Total,2019,1.99999999824504,Mt/yr,plotted,"[""Production|Non-Ferrous Metals|Aluminum|Primary"", ""Production|Non-Ferrous Metals|Aluminum|Secondary""]",fig02_leading_producers,ndc_noce,2050.0,South Korea,11.0,11.0,"[""SKT""]",,,,,,,,,,,,,,,,,,,,,
ndc_noce,NDC,No CE,c,Producer regions,Aluminium,Total,2050,2.400001187831463,Mt/yr,plotted,"[""Production|Non-Ferrous Metals|Aluminum|Primary"", ""Production|Non-Ferrous Metals|Aluminum|Secondary""]",fig02_leading_producers,ndc_noce,2050.0,South Korea,11.0,11.0,"[""SKT""]",,,,,,,,,,,,,,,,,,,,,
ndc_noce,NDC,No CE,c,Producer regions,Aluminium,Total,2019,4.56399999412659,Mt/yr,plotted,"[""Production|Non-Ferrous Metals|Aluminum|Primary"", ""Production|Non-Ferrous Metals|Aluminum|Secondary""]",fig02_leading_producers,ndc_noce,2050.0,Canada,12.0,12.0,"[""CAN""]",,,,,,,,,,,,,,,,,,,,,
ndc_noce,NDC,No CE,c,Producer regions,Aluminium,Total,2050,2.154209613095677,Mt/yr,plotted,"[""Production|Non-Ferrous Metals|Aluminum|Primary"", ""Production|Non-Ferrous Metals|Aluminum|Secondary""]",fig02_leading_producers,ndc_noce,2050.0,Canada,12.0,12.0,"[""CAN""]",,,,,,,,,,,,,,,,,,,,,
ndc_noce,NDC,No CE,c,Producer regions,Aluminium,Total,2019,6.417999972710631,Mt/yr,plotted,"[""Production|Non-Ferrous Metals|Aluminum|Primary"", ""Production|Non-Ferrous Metals|Aluminum|Secondary""]",fig02_leading_producers,ndc_noce,2050.0,Other model regions,,13.0,"[""MEX"", ""CHL"", ""LAM"", ""ANZ"", ""JPN"", ""ASO"", ""ASC"", ""AFE"", ""AFN"", ""AFW"", ""NIG"", ""MDA""]",,,,,,,,,,,,,,,,,,,,,
ndc_noce,NDC,No CE,c,Producer regions,Aluminium,Total,2050,7.962581423573093,Mt/yr,plotted,"[""Production|Non-Ferrous Metals|Aluminum|Primary"", ""Production|Non-Ferrous Metals|Aluminum|Secondary""]",fig02_leading_producers,ndc_noce,2050.0,Other model regions,,13.0,"[""MEX"", ""CHL"", ""LAM"", ""ANZ"", ""JPN"", ""ASO"", ""ASC"", ""AFE"", ""AFN"", ""AFW"", ""NIG"", ""MDA""]",,,,,,,,,,,,,,,,,,,,,
ndc_noce,NDC,No CE,c,Selected producers,Aluminium,Selected producer coverage,2019,93.2084637488492,%,context,"[""Production|Non-Ferrous Metals|Aluminum|Primary"", ""Production|Non-Ferrous Metals|Aluminum|Secondary""]",fig02_leading_producers,ndc_noce,2050.0,Selected producers,,,"[""CHN"", ""IND"", ""ENE"", ""ENW"", ""EUE"", ""EUM"", ""EUW"", ""MEA"", ""USA"", ""ASE"", ""RUS"", ""AFZ"", ""IDN"", ""BRA"", ""SKT"", ""CAN""]",,,,,,,,,,,,,,,,,,,,,
ndc_noce,NDC,No CE,c,Selected producers,Aluminium,Selected producer coverage,2024,94.14394918869276,%,context,"[""Production|Non-Ferrous Metals|Aluminum|Primary"", ""Production|Non-Ferrous Metals|Aluminum|Secondary""]",fig02_leading_producers,ndc_noce,2050.0,Selected producers,,,"[""CHN"", ""IND"", ""ENE"", ""ENW"", ""EUE"", ""EUM"", ""EUW"", ""MEA"", ""USA"", ""ASE"", ""RUS"", ""AFZ"", ""IDN"", ""BRA"", ""SKT"", ""CAN""]",,,,,,,,,,,,,,,,,,,,,
ndc_noce,NDC,No CE,c,Selected producers,Aluminium,Selected producer coverage,2030,94.57798103119006,%,context,"[""Production|Non-Ferrous Metals|Aluminum|Primary"", ""Production|Non-Ferrous Metals|Aluminum|Secondary""]",fig02_leading_producers,ndc_noce,2050.0,Selected producers,,,"[""CHN"", ""IND"", ""ENE"", ""ENW"", ""EUE"", ""EUM"", ""EUW"", ""MEA"", ""USA"", ""ASE"", ""RUS"", ""AFZ"", ""IDN"", ""BRA"", ""SKT"", ""CAN""]",,,,,,,,,,,,,,,,,,,,,
ndc_noce,NDC,No CE,c,Selected producers,Aluminium,Selected producer coverage,2035,94.69442528426293,%,context,"[""Production|Non-Ferrous Metals|Aluminum|Primary"", ""Production|Non-Ferrous Metals|Aluminum|Secondary""]",fig02_leading_producers,ndc_noce,2050.0,Selected producers,,,"[""CHN"", ""IND"", ""ENE"", ""ENW"", ""EUE"", ""EUM"", ""EUW"", ""MEA"", ""USA"", ""ASE"", ""RUS"", ""AFZ"", ""IDN"", ""BRA"", ""SKT"", ""CAN""]",,,,,,,,,,,,,,,,,,,,,
ndc_noce,NDC,No CE,c,Selected producers,Aluminium,Selected producer coverage,2040,94.61026184176062,%,context,"[""Production|Non-Ferrous Metals|Aluminum|Primary"", ""Production|Non-Ferrous Metals|Aluminum|Secondary""]",fig02_leading_producers,ndc_noce,2050.0,Selected producers,,,"[""CHN"", ""IND"", ""ENE"", ""ENW"", ""EUE"", ""EUM"", ""EUW"", ""MEA"", ""USA"", ""ASE"", ""RUS"", ""AFZ"", ""IDN"", ""BRA"", ""SKT"", ""CAN""]",,,,,,,,,,,,,,,,,,,,,
ndc_noce,NDC,No CE,c,Selected producers,Aluminium,Selected producer coverage,2050,94.01373187797748,%,context,"[""Production|Non-Ferrous Metals|Aluminum|Primary"", ""Production|Non-Ferrous Metals|Aluminum|Secondary""]",fig02_leading_producers,ndc_noce,2050.0,Selected producers,,,"[""CHN"", ""IND"", ""ENE"", ""ENW"", ""EUE"", ""EUM"", ""EUW"", ""MEA"", ""USA"", ""ASE"", ""RUS"", ""AFZ"", ""IDN"", ""BRA"", ""SKT"", ""CAN""]",,,,,,,,,,,,,,,,,,,,,
ndc_noce,NDC,No CE,a,Global,Cement,Cement,2019,12.207643906759428,EJ/yr,plotted,"[""Final Energy|Industry|Non-Metallic Minerals|Cement|Electricity"", ""Final Energy|Industry|Non-Metallic Minerals|Cement|Gases"", ""Final Energy|Industry|Non-Metallic Minerals|Cement|Liquids"", ""Final Energy|Industry|Non-Metallic Minerals|Cement|Solids""]",fig03_energy,,,,,,"[""AFE"", ""AFN"", ""AFW"", ""AFZ"", ""ANZ"", ""ASC"", ""ASE"", ""ASO"", ""BRA"", ""CAN"", ""CHL"", ""CHN"", ""ENE"", ""ENW"", ""EUE"", ""EUM"", ""EUW"", ""IDN"", ""IND"", ""JPN"", ""LAM"", ""MDA"", ""MEA"", ""MEX"", ""NIG"", ""RUS"", ""SKT"", ""USA""]",Final energy,12.207643906759428,,,,,,,,,,,,,,,,,,,
ndc_noce,NDC,No CE,a,Global,Cement,Cement,2024,11.408035618838122,EJ/yr,plotted,"[""Final Energy|Industry|Non-Metallic Minerals|Cement|Electricity"", ""Final Energy|Industry|Non-Metallic Minerals|Cement|Gases"", ""Final Energy|Industry|Non-Metallic Minerals|Cement|Liquids"", ""Final Energy|Industry|Non-Metallic Minerals|Cement|Solids""]",fig03_energy,,,,,,"[""AFE"", ""AFN"", ""AFW"", ""AFZ"", ""ANZ"", ""ASC"", ""ASE"", ""ASO"", ""BRA"", ""CAN"", ""CHL"", ""CHN"", ""ENE"", ""ENW"", ""EUE"", ""EUM"", ""EUW"", ""IDN"", ""IND"", ""JPN"", ""LAM"", ""MDA"", ""MEA"", ""MEX"", ""NIG"", ""RUS"", ""SKT"", ""USA""]",Final energy,11.408035618838122,,,,,,,,,,,,,,,,,,,
ndc_noce,NDC,No CE,a,Global,Cement,Cement,2030,10.841622929671104,EJ/yr,plotted,"[""Final Energy|Industry|Non-Metallic Minerals|Cement|Electricity"", ""Final Energy|Industry|Non-Metallic Minerals|Cement|Gases"", ""Final Energy|Industry|Non-Metallic Minerals|Cement|Liquids"", ""Final Energy|Industry|Non-Metallic Minerals|Cement|Solids""]",fig03_energy,,,,,,"[""AFE"", ""AFN"", ""AFW"", ""AFZ"", ""ANZ"", ""ASC"", ""ASE"", ""ASO"", ""BRA"", ""CAN"", ""CHL"", ""CHN"", ""ENE"", ""ENW"", ""EUE"", ""EUM"", ""EUW"", ""IDN"", ""IND"", ""JPN"", ""LAM"", ""MDA"", ""MEA"", ""MEX"", ""NIG"", ""RUS"", ""SKT"", ""USA""]",Final energy,10.841622929671104,,,,,,,,,,,,,,,,,,,
ndc_noce,NDC,No CE,a,Global,Cement,Cement,2035,10.571914922389587,EJ/yr,plotted,"[""Final Energy|Industry|Non-Metallic Minerals|Cement|Electricity"", ""Final Energy|Industry|Non-Metallic Minerals|Cement|Gases"", ""Final Energy|Industry|Non-Metallic Minerals|Cement|Liquids"", ""Final Energy|Industry|Non-Metallic Minerals|Cement|Solids""]",fig03_energy,,,,,,"[""AFE"", ""AFN"", ""AFW"", ""AFZ"", ""ANZ"", ""ASC"", ""ASE"", ""ASO"", ""BRA"", ""CAN"", ""CHL"", ""CHN"", ""ENE"", ""ENW"", ""EUE"", ""EUM"", ""EUW"", ""IDN"", ""IND"", ""JPN"", ""LAM"", ""MDA"", ""MEA"", ""MEX"", ""NIG"", ""RUS"", ""SKT"", ""USA""]",Final energy,10.571914922389587,,,,,,,,,,,,,,,,,,,
ndc_noce,NDC,No CE,a,Global,Cement,Cement,2040,10.412080476061908,EJ/yr,plotted,"[""Final Energy|Industry|Non-Metallic Minerals|Cement|Electricity"", ""Final Energy|Industry|Non-Metallic Minerals|Cement|Gases"", ""Final Energy|Industry|Non-Metallic Minerals|Cement|Liquids"", ""Final Energy|Industry|Non-Metallic Minerals|Cement|Solids""]",fig03_energy,,,,,,"[""AFE"", ""AFN"", ""AFW"", ""AFZ"", ""ANZ"", ""ASC"", ""ASE"", ""ASO"", ""BRA"", ""CAN"", ""CHL"", ""CHN"", ""ENE"", ""ENW"", ""EUE"", ""EUM"", ""EUW"", ""IDN"", ""IND"", ""JPN"", ""LAM"", ""MDA"", ""MEA"", ""MEX"", ""NIG"", ""RUS"", ""SKT"", ""USA""]",Final energy,10.412080476061908,,,,,,,,,,,,,,,,,,,
ndc_noce,NDC,No CE,a,Global,Cement,Cement,2050,10.179741647355927,EJ/yr,plotted,"[""Final Energy|Industry|Non-Metallic Minerals|Cement|Electricity"", ""Final Energy|Industry|Non-Metallic Minerals|Cement|Gases"", ""Final Energy|Industry|Non-Metallic Minerals|Cement|Liquids"", ""Final Energy|Industry|Non-Metallic Minerals|Cement|Solids""]",fig03_energy,,,,,,"[""AFE"", ""AFN"", ""AFW"", ""AFZ"", ""ANZ"", ""ASC"", ""ASE"", ""ASO"", ""BRA"", ""CAN"", ""CHL"", ""CHN"", ""ENE"", ""ENW"", ""EUE"", ""EUM"", ""EUW"", ""IDN"", ""IND"", ""JPN"", ""LAM"", ""MDA"", ""MEA"", ""MEX"", ""NIG"", ""RUS"", ""SKT"", ""USA""]",Final energy,10.179741647355927,,,,,,,,,,,,,,,,,,,
ndc_noce,NDC,No CE,d,Global,Cement,Cement,2019,2.9056069131213915,GJ/t,plotted,"[""Final Energy|Industry|Non-Metallic Minerals|Cement|Electricity"", ""Final Energy|Industry|Non-Metallic Minerals|Cement|Gases"", ""Final Energy|Industry|Non-Metallic Minerals|Cement|Liquids"", ""Final Energy|Industry|Non-Metallic Minerals|Cement|Solids"", ""Production|Non-Metallic Minerals|Cement""]",fig03_energy,,,,,,"[""AFE"", ""AFN"", ""AFW"", ""AFZ"", ""ANZ"", ""ASC"", ""ASE"", ""ASO"", ""BRA"", ""CAN"", ""CHL"", ""CHN"", ""ENE"", ""ENW"", ""EUE"", ""EUM"", ""EUW"", ""IDN"", ""IND"", ""JPN"", ""LAM"", ""MDA"", ""MEA"", ""MEX"", ""NIG"", ""RUS"", ""SKT"", ""USA""]",Derived energy intensity,12.207643906759428,4201.409299940433,1000.0,,,,,,,,,,,,,,,,,
ndc_noce,NDC,No CE,d,Global,Cement,Cement,2024,2.888496890003963,GJ/t,plotted,"[""Final Energy|Industry|Non-Metallic Minerals|Cement|Electricity"", ""Final Energy|Industry|Non-Metallic Minerals|Cement|Gases"", ""Final Energy|Industry|Non-Metallic Minerals|Cement|Liquids"", ""Final Energy|Industry|Non-Metallic Minerals|Cement|Solids"", ""Production|Non-Metallic Minerals|Cement""]",fig03_energy,,,,,,"[""AFE"", ""AFN"", ""AFW"", ""AFZ"", ""ANZ"", ""ASC"", ""ASE"", ""ASO"", ""BRA"", ""CAN"", ""CHL"", ""CHN"", ""ENE"", ""ENW"", ""EUE"", ""EUM"", ""EUW"", ""IDN"", ""IND"", ""JPN"", ""LAM"", ""MDA"", ""MEA"", ""MEX"", ""NIG"", ""RUS"", ""SKT"", ""USA""]",Derived energy intensity,11.408035618838122,3949.47131787373,1000.0,,,,,,,,,,,,,,,,,
ndc_noce,NDC,No CE,d,Global,Cement,Cement,2030,2.887513676264069,GJ/t,plotted,"[""Final Energy|Industry|Non-Metallic Minerals|Cement|Electricity"", ""Final Energy|Industry|Non-Metallic Minerals|Cement|Gases"", ""Final Energy|Industry|Non-Metallic Minerals|Cement|Liquids"", ""Final Energy|Industry|Non-Metallic Minerals|Cement|Solids"", ""Production|Non-Metallic Minerals|Cement""]",fig03_energy,,,,,,"[""AFE"", ""AFN"", ""AFW"", ""AFZ"", ""ANZ"", ""ASC"", ""ASE"", ""ASO"", ""BRA"", ""CAN"", ""CHL"", ""CHN"", ""ENE"", ""ENW"", ""EUE"", ""EUM"", ""EUW"", ""IDN"", ""IND"", ""JPN"", ""LAM"", ""MDA"", ""MEA"", ""MEX"", ""NIG"", ""RUS"", ""SKT"", ""USA""]",Derived energy intensity,10.841622929671104,3754.6568242399608,1000.0,,,,,,,,,,,,,,,,,
ndc_noce,NDC,No CE,d,Global,Cement,Cement,2035,2.886109512301341,GJ/t,plotted,"[""Final Energy|Industry|Non-Metallic Minerals|Cement|Electricity"", ""Final Energy|Industry|Non-Metallic Minerals|Cement|Gases"", ""Final Energy|Industry|Non-Metallic Minerals|Cement|Liquids"", ""Final Energy|Industry|Non-Metallic Minerals|Cement|Solids"", ""Production|Non-Metallic Minerals|Cement""]",fig03_energy,,,,,,"[""AFE"", ""AFN"", ""AFW"", ""AFZ"", ""ANZ"", ""ASC"", ""ASE"", ""ASO"", ""BRA"", ""CAN"", ""CHL"", ""CHN"", ""ENE"", ""ENW"", ""EUE"", ""EUM"", ""EUW"", ""IDN"", ""IND"", ""JPN"", ""LAM"", ""MDA"", ""MEA"", ""MEX"", ""NIG"", ""RUS"", ""SKT"", ""USA""]",Derived energy intensity,10.571914922389587,3663.033186138421,1000.0,,,,,,,,,,,,,,,,,
ndc_noce,NDC,No CE,d,Global,Cement,Cement,2040,2.844506829927915,GJ/t,plotted,"[""Final Energy|Industry|Non-Metallic Minerals|Cement|Electricity"", ""Final Energy|Industry|Non-Metallic Minerals|Cement|Gases"", ""Final Energy|Industry|Non-Metallic Minerals|Cement|Liquids"", ""Final Energy|Industry|Non-Metallic Minerals|Cement|Solids"", ""Production|Non-Metallic Minerals|Cement""]",fig03_energy,,,,,,"[""AFE"", ""AFN"", ""AFW"", ""AFZ"", ""ANZ"", ""ASC"", ""ASE"", ""ASO"", ""BRA"", ""CAN"", ""CHL"", ""CHN"", ""ENE"", ""ENW"", ""EUE"", ""EUM"", ""EUW"", ""IDN"", ""IND"", ""JPN"", ""LAM"", ""MDA"", ""MEA"", ""MEX"", ""NIG"", ""RUS"", ""SKT"", ""USA""]",Derived energy intensity,10.412080476061908,3660.4167606536453,1000.0,,,,,,,,,,,,,,,,,
ndc_noce,NDC,No CE,d,Global,Cement,Cement,2050,2.7812468544053615,GJ/t,plotted,"[""Final Energy|Industry|Non-Metallic Minerals|Cement|Electricity"", ""Final Energy|Industry|Non-Metallic Minerals|Cement|Gases"", ""Final Energy|Industry|Non-Metallic Minerals|Cement|Liquids"", ""Final Energy|Industry|Non-Metallic Minerals|Cement|Solids"", ""Production|Non-Metallic Minerals|Cement""]",fig03_energy,,,,,,"[""AFE"", ""AFN"", ""AFW"", ""AFZ"", ""ANZ"", ""ASC"", ""ASE"", ""ASO"", ""BRA"", ""CAN"", ""CHL"", ""CHN"", ""ENE"", ""ENW"", ""EUE"", ""EUM"", ""EUW"", ""IDN"", ""IND"", ""JPN"", ""LAM"", ""MDA"", ""MEA"", ""MEX"", ""NIG"", ""RUS"", ""SKT"", ""USA""]",Derived energy intensity,10.179741647355927,3660.1359678777544,1000.0,,,,,,,,,,,,,,,,,
baseline_noce,NDC+LTT,No CE,a,Global,Cement,Cement,2019,12.207643906759428,EJ/yr,plotted,"[""Final Energy|Industry|Non-Metallic Minerals|Cement|Electricity"", ""Final Energy|Industry|Non-Metallic Minerals|Cement|Gases"", ""Final Energy|Industry|Non-Metallic Minerals|Cement|Liquids"", ""Final Energy|Industry|Non-Metallic Minerals|Cement|Solids""]",fig03_energy,,,,,,"[""AFE"", ""AFN"", ""AFW"", ""AFZ"", ""ANZ"", ""ASC"", ""ASE"", ""ASO"", ""BRA"", ""CAN"", ""CHL"", ""CHN"", ""ENE"", ""ENW"", ""EUE"", ""EUM"", ""EUW"", ""IDN"", ""IND"", ""JPN"", ""LAM"", ""MDA"", ""MEA"", ""MEX"", ""NIG"", ""RUS"", ""SKT"", ""USA""]",Final energy,12.207643906759428,,,,,,,,,,,,,,,,,,,
baseline_noce,NDC+LTT,No CE,a,Global,Cement,Cement,2024,11.408035618838122,EJ/yr,plotted,"[""Final Energy|Industry|Non-Metallic Minerals|Cement|Electricity"", ""Final Energy|Industry|Non-Metallic Minerals|Cement|Gases"", ""Final Energy|Industry|Non-Metallic Minerals|Cement|Liquids"", ""Final Energy|Industry|Non-Metallic Minerals|Cement|Solids""]",fig03_energy,,,,,,"[""AFE"", ""AFN"", ""AFW"", ""AFZ"", ""ANZ"", ""ASC"", ""ASE"", ""ASO"", ""BRA"", ""CAN"", ""CHL"", ""CHN"", ""ENE"", ""ENW"", ""EUE"", ""EUM"", ""EUW"", ""IDN"", ""IND"", ""JPN"", ""LAM"", ""MDA"", ""MEA"", ""MEX"", ""NIG"", ""RUS"", ""SKT"", ""USA""]",Final energy,11.408035618838122,,,,,,,,,,,,,,,,,,,
baseline_noce,NDC+LTT,No CE,a,Global,Cement,Cement,2030,10.831210346396302,EJ/yr,plotted,"[""Final Energy|Industry|Non-Metallic Minerals|Cement|Electricity"", ""Final Energy|Industry|Non-Metallic Minerals|Cement|Gases"", ""Final Energy|Industry|Non-Metallic Minerals|Cement|Liquids"", ""Final Energy|Industry|Non-Metallic Minerals|Cement|Solids""]",fig03_energy,,,,,,"[""AFE"", ""AFN"", ""AFW"", ""AFZ"", ""ANZ"", ""ASC"", ""ASE"", ""ASO"", ""BRA"", ""CAN"", ""CHL"", ""CHN"", ""ENE"", ""ENW"", ""EUE"", ""EUM"", ""EUW"", ""IDN"", ""IND"", ""JPN"", ""LAM"", ""MDA"", ""MEA"", ""MEX"", ""NIG"", ""RUS"", ""SKT"", ""USA""]",Final energy,10.831210346396302,,,,,,,,,,,,,,,,,,,
baseline_noce,NDC+LTT,No CE,a,Global,Cement,Cement,2035,10.569945632238754,EJ/yr,plotted,"[""Final Energy|Industry|Non-Metallic Minerals|Cement|Electricity"", ""Final Energy|Industry|Non-Metallic Minerals|Cement|Gases"", ""Final Energy|Industry|Non-Metallic Minerals|Cement|Liquids"", ""Final Energy|Industry|Non-Metallic Minerals|Cement|Solids""]",fig03_energy,,,,,,"[""AFE"", ""AFN"", ""AFW"", ""AFZ"", ""ANZ"", ""ASC"", ""ASE"", ""ASO"", ""BRA"", ""CAN"", ""CHL"", ""CHN"", ""ENE"", ""ENW"", ""EUE"", ""EUM"", ""EUW"", ""IDN"", ""IND"", ""JPN"", ""LAM"", ""MDA"", ""MEA"", ""MEX"", ""NIG"", ""RUS"", ""SKT"", ""USA""]",Final energy,10.569945632238754,,,,,,,,,,,,,,,,,,,
baseline_noce,NDC+LTT,No CE,a,Global,Cement,Cement,2040,10.421978867098598,EJ/yr,plotted,"[""Final Energy|Industry|Non-Metallic Minerals|Cement|Electricity"", ""Final Energy|Industry|Non-Metallic Minerals|Cement|Gases"", ""Final Energy|Industry|Non-Metallic Minerals|Cement|Liquids"", ""Final Energy|Industry|Non-Metallic Minerals|Cement|Solids""]",fig03_energy,,,,,,"[""AFE"", ""AFN"", ""AFW"", ""AFZ"", ""ANZ"", ""ASC"", ""ASE"", ""ASO"", ""BRA"", ""CAN"", ""CHL"", ""CHN"", ""ENE"", ""ENW"", ""EUE"", ""EUM"", ""EUW"", ""IDN"", ""IND"", ""JPN"", ""LAM"", ""MDA"", ""MEA"", ""MEX"", ""NIG"", ""RUS"", ""SKT"", ""USA""]",Final energy,10.421978867098598,,,,,,,,,,,,,,,,,,,
baseline_noce,NDC+LTT,No CE,a,Global,Cement,Cement,2050,10.19422959728947,EJ/yr,plotted,"[""Final Energy|Industry|Non-Metallic Minerals|Cement|Electricity"", ""Final Energy|Industry|Non-Metallic Minerals|Cement|Gases"", ""Final Energy|Industry|Non-Metallic Minerals|Cement|Liquids"", ""Final Energy|Industry|Non-Metallic Minerals|Cement|Solids""]",fig03_energy,,,,,,"[""AFE"", ""AFN"", ""AFW"", ""AFZ"", ""ANZ"", ""ASC"", ""ASE"", ""ASO"", ""BRA"", ""CAN"", ""CHL"", ""CHN"", ""ENE"", ""ENW"", ""EUE"", ""EUM"", ""EUW"", ""IDN"", ""IND"", ""JPN"", ""LAM"", ""MDA"", ""MEA"", ""MEX"", ""NIG"", ""RUS"", ""SKT"", ""USA""]",Final energy,10.19422959728947,,,,,,,,,,,,,,,,,,,
baseline_noce,NDC+LTT,No CE,d,Global,Cement,Cement,2019,2.9056069131213915,GJ/t,plotted,"[""Final Energy|Industry|Non-Metallic Minerals|Cement|Electricity"", ""Final Energy|Industry|Non-Metallic Minerals|Cement|Gases"", ""Final Energy|Industry|Non-Metallic Minerals|Cement|Liquids"", ""Final Energy|Industry|Non-Metallic Minerals|Cement|Solids"", ""Production|Non-Metallic Minerals|Cement""]",fig03_energy,,,,,,"[""AFE"", ""AFN"", ""AFW"", ""AFZ"", ""ANZ"", ""ASC"", ""ASE"", ""ASO"", ""BRA"", ""CAN"", ""CHL"", ""CHN"", ""ENE"", ""ENW"", ""EUE"", ""EUM"", ""EUW"", ""IDN"", ""IND"", ""JPN"", ""LAM"", ""MDA"", ""MEA"", ""MEX"", ""NIG"", ""RUS"", ""SKT"", ""USA""]",Derived energy intensity,12.207643906759428,4201.409299940433,1000.0,,,,,,,,,,,,,,,,,
baseline_noce,NDC+LTT,No CE,d,Global,Cement,Cement,2024,2.888496890003963,GJ/t,plotted,"[""Final Energy|Industry|Non-Metallic Minerals|Cement|Electricity"", ""Final Energy|Industry|Non-Metallic Minerals|Cement|Gases"", ""Final Energy|Industry|Non-Metallic Minerals|Cement|Liquids"", ""Final Energy|Industry|Non-Metallic Minerals|Cement|Solids"", ""Production|Non-Metallic Minerals|Cement""]",fig03_energy,,,,,,"[""AFE"", ""AFN"", ""AFW"", ""AFZ"", ""ANZ"", ""ASC"", ""ASE"", ""ASO"", ""BRA"", ""CAN"", ""CHL"", ""CHN"", ""ENE"", ""ENW"", ""EUE"", ""EUM"", ""EUW"", ""IDN"", ""IND"", ""JPN"", ""LAM"", ""MDA"", ""MEA"", ""MEX"", ""NIG"", ""RUS"", ""SKT"", ""USA""]",Derived energy intensity,11.408035618838122,3949.47131787373,1000.0,,,,,,,,,,,,,,,,,
baseline_noce,NDC+LTT,No CE,d,Global,Cement,Cement,2030,2.8847404479118226,GJ/t,plotted,"[""Final Energy|Industry|Non-Metallic Minerals|Cement|Electricity"", ""Final Energy|Industry|Non-Metallic Minerals|Cement|Gases"", ""Final Energy|Industry|Non-Metallic Minerals|Cement|Liquids"", ""Final Energy|Industry|Non-Metallic Minerals|Cement|Solids"", ""Production|Non-Metallic Minerals|Cement""]",fig03_energy,,,,,,"[""AFE"", ""AFN"", ""AFW"", ""AFZ"", ""ANZ"", ""ASC"", ""ASE"", ""ASO"", ""BRA"", ""CAN"", ""CHL"", ""CHN"", ""ENE"", ""ENW"", ""EUE"", ""EUM"", ""EUW"", ""IDN"", ""IND"", ""JPN"", ""LAM"", ""MDA"", ""MEA"", ""MEX"", ""NIG"", ""RUS"", ""SKT"", ""USA""]",Derived energy intensity,10.831210346396302,3754.656802568388,1000.0,,,,,,,,,,,,,,,,,
baseline_noce,NDC+LTT,No CE,d,Global,Cement,Cement,2035,2.8855719149344186,GJ/t,plotted,"[""Final Energy|Industry|Non-Metallic Minerals|Cement|Electricity"", ""Final Energy|Industry|Non-Metallic Minerals|Cement|Gases"", ""Final Energy|Industry|Non-Metallic Minerals|Cement|Liquids"", ""Final Energy|Industry|Non-Metallic Minerals|Cement|Solids"", ""Production|Non-Metallic Minerals|Cement""]",fig03_energy,,,,,,"[""AFE"", ""AFN"", ""AFW"", ""AFZ"", ""ANZ"", ""ASC"", ""ASE"", ""ASO"", ""BRA"", ""CAN"", ""CHL"", ""CHN"", ""ENE"", ""ENW"", ""EUE"", ""EUM"", ""EUW"", ""IDN"", ""IND"", ""JPN"", ""LAM"", ""MDA"", ""MEA"", ""MEX"", ""NIG"", ""RUS"", ""SKT"", ""USA""]",Derived energy intensity,10.569945632238754,3663.033167717458,1000.0,,,,,,,,,,,,,,,,,
baseline_noce,NDC+LTT,No CE,d,Global,Cement,Cement,2040,2.847211012614928,GJ/t,plotted,"[""Final Energy|Industry|Non-Metallic Minerals|Cement|Electricity"", ""Final Energy|Industry|Non-Metallic Minerals|Cement|Gases"", ""Final Energy|Industry|Non-Metallic Minerals|Cement|Liquids"", ""Final Energy|Industry|Non-Metallic Minerals|Cement|Solids"", ""Production|Non-Metallic Minerals|Cement""]",fig03_energy,,,,,,"[""AFE"", ""AFN"", ""AFW"", ""AFZ"", ""ANZ"", ""ASC"", ""ASE"", ""ASO"", ""BRA"", ""CAN"", ""CHL"", ""CHN"", ""ENE"", ""ENW"", ""EUE"", ""EUM"", ""EUW"", ""IDN"", ""IND"", ""JPN"", ""LAM"", ""MDA"", ""MEA"", ""MEX"", ""NIG"", ""RUS"", ""SKT"", ""USA""]",Derived energy intensity,10.421978867098598,3660.4167449910474,1000.0,,,,,,,,,,,,,,,,,
baseline_noce,NDC+LTT,No CE,d,Global,Cement,Cement,2050,2.785205182990723,GJ/t,plotted,"[""Final Energy|Industry|Non-Metallic Minerals|Cement|Electricity"", ""Final Energy|Industry|Non-Metallic Minerals|Cement|Gases"", ""Final Energy|Industry|Non-Metallic Minerals|Cement|Liquids"", ""Final Energy|Industry|Non-Metallic Minerals|Cement|Solids"", ""Production|Non-Metallic Minerals|Cement""]",fig03_energy,,,,,,"[""AFE"", ""AFN"", ""AFW"", ""AFZ"", ""ANZ"", ""ASC"", ""ASE"", ""ASO"", ""BRA"", ""CAN"", ""CHL"", ""CHN"", ""ENE"", ""ENW"", ""EUE"", ""EUM"", ""EUW"", ""IDN"", ""IND"", ""JPN"", ""LAM"", ""MDA"", ""MEA"", ""MEX"", ""NIG"", ""RUS"", ""SKT"", ""USA""]",Derived energy intensity,10.19422959728947,3660.135942423824,1000.0,,,,,,,,,,,,,,,,,
ndc_noce,NDC,No CE,b,Global,Iron and steel,Iron and steel,2019,30.242503133675367,EJ/yr,plotted,"[""Final Energy|Industry|Iron and Steel|Electricity"", ""Final Energy|Industry|Iron and Steel|Gases"", ""Final Energy|Industry|Iron and Steel|Hydrogen"", ""Final Energy|Industry|Iron and Steel|Liquids"", ""Final Energy|Industry|Iron and Steel|Solids""]",fig03_energy,,,,,,"[""AFE"", ""AFN"", ""AFW"", ""AFZ"", ""ANZ"", ""ASC"", ""ASE"", ""ASO"", ""BRA"", ""CAN"", ""CHL"", ""CHN"", ""ENE"", ""ENW"", ""EUE"", ""EUM"", ""EUW"", ""IDN"", ""IND"", ""JPN"", ""LAM"", ""MDA"", ""MEA"", ""MEX"", ""NIG"", ""RUS"", ""SKT"", ""USA""]",Final energy,30.242503133675367,,,,,,,,,,,,,,,,,,,
ndc_noce,NDC,No CE,b,Global,Iron and steel,Iron and steel,2024,27.031373511905567,EJ/yr,plotted,"[""Final Energy|Industry|Iron and Steel|Electricity"", ""Final Energy|Industry|Iron and Steel|Gases"", ""Final Energy|Industry|Iron and Steel|Hydrogen"", ""Final Energy|Industry|Iron and Steel|Liquids"", ""Final Energy|Industry|Iron and Steel|Solids""]",fig03_energy,,,,,,"[""AFE"", ""AFN"", ""AFW"", ""AFZ"", ""ANZ"", ""ASC"", ""ASE"", ""ASO"", ""BRA"", ""CAN"", ""CHL"", ""CHN"", ""ENE"", ""ENW"", ""EUE"", ""EUM"", ""EUW"", ""IDN"", ""IND"", ""JPN"", ""LAM"", ""MDA"", ""MEA"", ""MEX"", ""NIG"", ""RUS"", ""SKT"", ""USA""]",Final energy,27.031373511905567,,,,,,,,,,,,,,,,,,,
ndc_noce,NDC,No CE,b,Global,Iron and steel,Iron and steel,2030,22.309703851877636,EJ/yr,plotted,"[""Final Energy|Industry|Iron and Steel|Electricity"", ""Final Energy|Industry|Iron and Steel|Gases"", ""Final Energy|Industry|Iron and Steel|Hydrogen"", ""Final Energy|Industry|Iron and Steel|Liquids"", ""Final Energy|Industry|Iron and Steel|Solids""]",fig03_energy,,,,,,"[""AFE"", ""AFN"", ""AFW"", ""AFZ"", ""ANZ"", ""ASC"", ""ASE"", ""ASO"", ""BRA"", ""CAN"", ""CHL"", ""CHN"", ""ENE"", ""ENW"", ""EUE"", ""EUM"", ""EUW"", ""IDN"", ""IND"", ""JPN"", ""LAM"", ""MDA"", ""MEA"", ""MEX"", ""NIG"", ""RUS"", ""SKT"", ""USA""]",Final energy,22.309703851877636,,,,,,,,,,,,,,,,,,,
ndc_noce,NDC,No CE,b,Global,Iron and steel,Iron and steel,2035,18.9213147162392,EJ/yr,plotted,"[""Final Energy|Industry|Iron and Steel|Electricity"", ""Final Energy|Industry|Iron and Steel|Gases"", ""Final Energy|Industry|Iron and Steel|Hydrogen"", ""Final Energy|Industry|Iron and Steel|Liquids"", ""Final Energy|Industry|Iron and Steel|Solids""]",fig03_energy,,,,,,"[""AFE"", ""AFN"", ""AFW"", ""AFZ"", ""ANZ"", ""ASC"", ""ASE"", ""ASO"", ""BRA"", ""CAN"", ""CHL"", ""CHN"", ""ENE"", ""ENW"", ""EUE"", ""EUM"", ""EUW"", ""IDN"", ""IND"", ""JPN"", ""LAM"", ""MDA"", ""MEA"", ""MEX"", ""NIG"", ""RUS"", ""SKT"", ""USA""]",Final energy,18.9213147162392,,,,,,,,,,,,,,,,,,,
ndc_noce,NDC,No CE,b,Global,Iron and steel,Iron and steel,2040,18.19266155930643,EJ/yr,plotted,"[""Final Energy|Industry|Iron and Steel|Electricity"", ""Final Energy|Industry|Iron and Steel|Gases"", ""Final Energy|Industry|Iron and Steel|Hydrogen"", ""Final Energy|Industry|Iron and Steel|Liquids"", ""Final Energy|Industry|Iron and Steel|Solids""]",fig03_energy,,,,,,"[""AFE"", ""AFN"", ""AFW"", ""AFZ"", ""ANZ"", ""ASC"", ""ASE"", ""ASO"", ""BRA"", ""CAN"", ""CHL"", ""CHN"", ""ENE"", ""ENW"", ""EUE"", ""EUM"", ""EUW"", ""IDN"", ""IND"", ""JPN"", ""LAM"", ""MDA"", ""MEA"", ""MEX"", ""NIG"", ""RUS"", ""SKT"", ""USA""]",Final energy,18.19266155930643,,,,,,,,,,,,,,,,,,,
ndc_noce,NDC,No CE,b,Global,Iron and steel,Iron and steel,2050,20.610274696201518,EJ/yr,plotted,"[""Final Energy|Industry|Iron and Steel|Electricity"", ""Final Energy|Industry|Iron and Steel|Gases"", ""Final Energy|Industry|Iron and Steel|Hydrogen"", ""Final Energy|Industry|Iron and Steel|Liquids"", ""Final Energy|Industry|Iron and Steel|Solids""]",fig03_energy,,,,,,"[""AFE"", ""AFN"", ""AFW"", ""AFZ"", ""ANZ"", ""ASC"", ""ASE"", ""ASO"", ""BRA"", ""CAN"", ""CHL"", ""CHN"", ""ENE"", ""ENW"", ""EUE"", ""EUM"", ""EUW"", ""IDN"", ""IND"", ""JPN"", ""LAM"", ""MDA"", ""MEA"", ""MEX"", ""NIG"", ""RUS"", ""SKT"", ""USA""]",Final energy,20.610274696201518,,,,,,,,,,,,,,,,,,,
ndc_noce,NDC,No CE,e,Global,Iron and steel,Iron and steel,2019,17.2350282372206,GJ/t,plotted,"[""Final Energy|Industry|Iron and Steel|Electricity"", ""Final Energy|Industry|Iron and Steel|Gases"", ""Final Energy|Industry|Iron and Steel|Hydrogen"", ""Final Energy|Industry|Iron and Steel|Liquids"", ""Final Energy|Industry|Iron and Steel|Solids"", ""Production|Iron and Steel|Primary"", ""Production|Iron and Steel|Secondary""]",fig03_energy,,,,,,"[""AFE"", ""AFN"", ""AFW"", ""AFZ"", ""ANZ"", ""ASC"", ""ASE"", ""ASO"", ""BRA"", ""CAN"", ""CHL"", ""CHN"", ""ENE"", ""ENW"", ""EUE"", ""EUM"", ""EUW"", ""IDN"", ""IND"", ""JPN"", ""LAM"", ""MDA"", ""MEA"", ""MEX"", ""NIG"", ""RUS"", ""SKT"", ""USA""]",Derived energy intensity,30.242503133675367,1754.711551232852,1000.0,,,,,,,,,,,,,,,,,
ndc_noce,NDC,No CE,e,Global,Iron and steel,Iron and steel,2024,15.66963987947582,GJ/t,plotted,"[""Final Energy|Industry|Iron and Steel|Electricity"", ""Final Energy|Industry|Iron and Steel|Gases"", ""Final Energy|Industry|Iron and Steel|Hydrogen"", ""Final Energy|Industry|Iron and Steel|Liquids"", ""Final Energy|Industry|Iron and Steel|Solids"", ""Production|Iron and Steel|Primary"", ""Production|Iron and Steel|Secondary""]",fig03_energy,,,,,,"[""AFE"", ""AFN"", ""AFW"", ""AFZ"", ""ANZ"", ""ASC"", ""ASE"", ""ASO"", ""BRA"", ""CAN"", ""CHL"", ""CHN"", ""ENE"", ""ENW"", ""EUE"", ""EUM"", ""EUW"", ""IDN"", ""IND"", ""JPN"", ""LAM"", ""MDA"", ""MEA"", ""MEX"", ""NIG"", ""RUS"", ""SKT"", ""USA""]",Derived energy intensity,27.031373511905567,1725.0794351254624,1000.0,,,,,,,,,,,,,,,,,
ndc_noce,NDC,No CE,e,Global,Iron and steel,Iron and steel,2030,13.586998299711315,GJ/t,plotted,"[""Final Energy|Industry|Iron and Steel|Electricity"", ""Final Energy|Industry|Iron and Steel|Gases"", ""Final Energy|Industry|Iron and Steel|Hydrogen"", ""Final Energy|Industry|Iron and Steel|Liquids"", ""Final Energy|Industry|Iron and Steel|Solids"", ""Production|Iron and Steel|Primary"", ""Production|Iron and Steel|Secondary""]",fig03_energy,,,,,,"[""AFE"", ""AFN"", ""AFW"", ""AFZ"", ""ANZ"", ""ASC"", ""ASE"", ""ASO"", ""BRA"", ""CAN"", ""CHL"", ""CHN"", ""ENE"", ""ENW"", ""EUE"", ""EUM"", ""EUW"", ""IDN"", ""IND"", ""JPN"", ""LAM"", ""MDA"", ""MEA"", ""MEX"", ""NIG"", ""RUS"", ""SKT"", ""USA""]",Derived energy intensity,22.309703851877636,1641.98915461347,1000.0,,,,,,,,,,,,,,,,,
ndc_noce,NDC,No CE,e,Global,Iron and steel,Iron and steel,2035,11.8581439678704,GJ/t,plotted,"[""Final Energy|Industry|Iron and Steel|Electricity"", ""Final Energy|Industry|Iron and Steel|Gases"", ""Final Energy|Industry|Iron and Steel|Hydrogen"", ""Final Energy|Industry|Iron and Steel|Liquids"", ""Final Energy|Industry|Iron and Steel|Solids"", ""Production|Iron and Steel|Primary"", ""Production|Iron and Steel|Secondary""]",fig03_energy,,,,,,"[""AFE"", ""AFN"", ""AFW"", ""AFZ"", ""ANZ"", ""ASC"", ""ASE"", ""ASO"", ""BRA"", ""CAN"", ""CHL"", ""CHN"", ""ENE"", ""ENW"", ""EUE"", ""EUM"", ""EUW"", ""IDN"", ""IND"", ""JPN"", ""LAM"", ""MDA"", ""MEA"", ""MEX"", ""NIG"", ""RUS"", ""SKT"", ""USA""]",Derived energy intensity,18.9213147162392,1595.6388088647288,1000.0,,,,,,,,,,,,,,,,,
ndc_noce,NDC,No CE,e,Global,Iron and steel,Iron and steel,2040,10.806704271064607,GJ/t,plotted,"[""Final Energy|Industry|Iron and Steel|Electricity"", ""Final Energy|Industry|Iron and Steel|Gases"", ""Final Energy|Industry|Iron and Steel|Hydrogen"", ""Final Energy|Industry|Iron and Steel|Liquids"", ""Final Energy|Industry|Iron and Steel|Solids"", ""Production|Iron and Steel|Primary"", ""Production|Iron and Steel|Secondary""]",fig03_energy,,,,,,"[""AFE"", ""AFN"", ""AFW"", ""AFZ"", ""ANZ"", ""ASC"", ""ASE"", ""ASO"", ""BRA"", ""CAN"", ""CHL"", ""CHN"", ""ENE"", ""ENW"", ""EUE"", ""EUM"", ""EUW"", ""IDN"", ""IND"", ""JPN"", ""LAM"", ""MDA"", ""MEA"", ""MEX"", ""NIG"", ""RUS"", ""SKT"", ""USA""]",Derived energy intensity,18.19266155930643,1683.460665063078,1000.0,,,,,,,,,,,,,,,,,
ndc_noce,NDC,No CE,e,Global,Iron and steel,Iron and steel,2050,9.42429654114034,GJ/t,plotted,"[""Final Energy|Industry|Iron and Steel|Electricity"", ""Final Energy|Industry|Iron and Steel|Gases"", ""Final Energy|Industry|Iron and Steel|Hydrogen"", ""Final Energy|Industry|Iron and Steel|Liquids"", ""Final Energy|Industry|Iron and Steel|Solids"", ""Production|Iron and Steel|Primary"", ""Production|Iron and Steel|Secondary""]",fig03_energy,,,,,,"[""AFE"", ""AFN"", ""AFW"", ""AFZ"", ""ANZ"", ""ASC"", ""ASE"", ""ASO"", ""BRA"", ""CAN"", ""CHL"", ""CHN"", ""ENE"", ""ENW"", ""EUE"", ""EUM"", ""EUW"", ""IDN"", ""IND"", ""JPN"", ""LAM"", ""MDA"", ""MEA"", ""MEX"", ""NIG"", ""RUS"", ""SKT"", ""USA""]",Derived energy intensity,20.610274696201518,2186.9297730849707,1000.0,,,,,,,,,,,,,,,,,
baseline_noce,NDC+LTT,No CE,b,Global,Iron and steel,Iron and steel,2019,30.242503133675367,EJ/yr,plotted,"[""Final Energy|Industry|Iron and Steel|Electricity"", ""Final Energy|Industry|Iron and Steel|Gases"", ""Final Energy|Industry|Iron and Steel|Hydrogen"", ""Final Energy|Industry|Iron and Steel|Liquids"", ""Final Energy|Industry|Iron and Steel|Solids""]",fig03_energy,,,,,,"[""AFE"", ""AFN"", ""AFW"", ""AFZ"", ""ANZ"", ""ASC"", ""ASE"", ""ASO"", ""BRA"", ""CAN"", ""CHL"", ""CHN"", ""ENE"", ""ENW"", ""EUE"", ""EUM"", ""EUW"", ""IDN"", ""IND"", ""JPN"", ""LAM"", ""MDA"", ""MEA"", ""MEX"", ""NIG"", ""RUS"", ""SKT"", ""USA""]",Final energy,30.242503133675367,,,,,,,,,,,,,,,,,,,
baseline_noce,NDC+LTT,No CE,b,Global,Iron and steel,Iron and steel,2024,27.031373511905567,EJ/yr,plotted,"[""Final Energy|Industry|Iron and Steel|Electricity"", ""Final Energy|Industry|Iron and Steel|Gases"", ""Final Energy|Industry|Iron and Steel|Hydrogen"", ""Final Energy|Industry|Iron and Steel|Liquids"", ""Final Energy|Industry|Iron and Steel|Solids""]",fig03_energy,,,,,,"[""AFE"", ""AFN"", ""AFW"", ""AFZ"", ""ANZ"", ""ASC"", ""ASE"", ""ASO"", ""BRA"", ""CAN"", ""CHL"", ""CHN"", ""ENE"", ""ENW"", ""EUE"", ""EUM"", ""EUW"", ""IDN"", ""IND"", ""JPN"", ""LAM"", ""MDA"", ""MEA"", ""MEX"", ""NIG"", ""RUS"", ""SKT"", ""USA""]",Final energy,27.031373511905567,,,,,,,,,,,,,,,,,,,
baseline_noce,NDC+LTT,No CE,b,Global,Iron and steel,Iron and steel,2030,22.413982158138463,EJ/yr,plotted,"[""Final Energy|Industry|Iron and Steel|Electricity"", ""Final Energy|Industry|Iron and Steel|Gases"", ""Final Energy|Industry|Iron and Steel|Hydrogen"", ""Final Energy|Industry|Iron and Steel|Liquids"", ""Final Energy|Industry|Iron and Steel|Solids""]",fig03_energy,,,,,,"[""AFE"", ""AFN"", ""AFW"", ""AFZ"", ""ANZ"", ""ASC"", ""ASE"", ""ASO"", ""BRA"", ""CAN"", ""CHL"", ""CHN"", ""ENE"", ""ENW"", ""EUE"", ""EUM"", ""EUW"", ""IDN"", ""IND"", ""JPN"", ""LAM"", ""MDA"", ""MEA"", ""MEX"", ""NIG"", ""RUS"", ""SKT"", ""USA""]",Final energy,22.413982158138463,,,,,,,,,,,,,,,,,,,
baseline_noce,NDC+LTT,No CE,b,Global,Iron and steel,Iron and steel,2035,18.318203391361617,EJ/yr,plotted,"[""Final Energy|Industry|Iron and Steel|Electricity"", ""Final Energy|Industry|Iron and Steel|Gases"", ""Final Energy|Industry|Iron and Steel|Hydrogen"", ""Final Energy|Industry|Iron and Steel|Liquids"", ""Final Energy|Industry|Iron and Steel|Solids""]",fig03_energy,,,,,,"[""AFE"", ""AFN"", ""AFW"", ""AFZ"", ""ANZ"", ""ASC"", ""ASE"", ""ASO"", ""BRA"", ""CAN"", ""CHL"", ""CHN"", ""ENE"", ""ENW"", ""EUE"", ""EUM"", ""EUW"", ""IDN"", ""IND"", ""JPN"", ""LAM"", ""MDA"", ""MEA"", ""MEX"", ""NIG"", ""RUS"", ""SKT"", ""USA""]",Final energy,18.318203391361617,,,,,,,,,,,,,,,,,,,
baseline_noce,NDC+LTT,No CE,b,Global,Iron and steel,Iron and steel,2040,15.88330289230163,EJ/yr,plotted,"[""Final Energy|Industry|Iron and Steel|Electricity"", ""Final Energy|Industry|Iron and Steel|Gases"", ""Final Energy|Industry|Iron and Steel|Hydrogen"", ""Final Energy|Industry|Iron and Steel|Liquids"", ""Final Energy|Industry|Iron and Steel|Solids""]",fig03_energy,,,,,,"[""AFE"", ""AFN"", ""AFW"", ""AFZ"", ""ANZ"", ""ASC"", ""ASE"", ""ASO"", ""BRA"", ""CAN"", ""CHL"", ""CHN"", ""ENE"", ""ENW"", ""EUE"", ""EUM"", ""EUW"", ""IDN"", ""IND"", ""JPN"", ""LAM"", ""MDA"", ""MEA"", ""MEX"", ""NIG"", ""RUS"", ""SKT"", ""USA""]",Final energy,15.88330289230163,,,,,,,,,,,,,,,,,,,
baseline_noce,NDC+LTT,No CE,b,Global,Iron and steel,Iron and steel,2050,14.713596638626818,EJ/yr,plotted,"[""Final Energy|Industry|Iron and Steel|Electricity"", ""Final Energy|Industry|Iron and Steel|Gases"", ""Final Energy|Industry|Iron and Steel|Hydrogen"", ""Final Energy|Industry|Iron and Steel|Liquids"", ""Final Energy|Industry|Iron and Steel|Solids""]",fig03_energy,,,,,,"[""AFE"", ""AFN"", ""AFW"", ""AFZ"", ""ANZ"", ""ASC"", ""ASE"", ""ASO"", ""BRA"", ""CAN"", ""CHL"", ""CHN"", ""ENE"", ""ENW"", ""EUE"", ""EUM"", ""EUW"", ""IDN"", ""IND"", ""JPN"", ""LAM"", ""MDA"", ""MEA"", ""MEX"", ""NIG"", ""RUS"", ""SKT"", ""USA""]",Final energy,14.713596638626818,,,,,,,,,,,,,,,,,,,
baseline_noce,NDC+LTT,No CE,e,Global,Iron and steel,Iron and steel,2019,17.2350282372206,GJ/t,plotted,"[""Final Energy|Industry|Iron and Steel|Electricity"", ""Final Energy|Industry|Iron and Steel|Gases"", ""Final Energy|Industry|Iron and Steel|Hydrogen"", ""Final Energy|Industry|Iron and Steel|Liquids"", ""Final Energy|Industry|Iron and Steel|Solids"", ""Production|Iron and Steel|Primary"", ""Production|Iron and Steel|Secondary""]",fig03_energy,,,,,,"[""AFE"", ""AFN"", ""AFW"", ""AFZ"", ""ANZ"", ""ASC"", ""ASE"", ""ASO"", ""BRA"", ""CAN"", ""CHL"", ""CHN"", ""ENE"", ""ENW"", ""EUE"", ""EUM"", ""EUW"", ""IDN"", ""IND"", ""JPN"", ""LAM"", ""MDA"", ""MEA"", ""MEX"", ""NIG"", ""RUS"", ""SKT"", ""USA""]",Derived energy intensity,30.242503133675367,1754.711551232852,1000.0,,,,,,,,,,,,,,,,,
baseline_noce,NDC+LTT,No CE,e,Global,Iron and steel,Iron and steel,2024,15.66963987947582,GJ/t,plotted,"[""Final Energy|Industry|Iron and Steel|Electricity"", ""Final Energy|Industry|Iron and Steel|Gases"", ""Final Energy|Industry|Iron and Steel|Hydrogen"", ""Final Energy|Industry|Iron and Steel|Liquids"", ""Final Energy|Industry|Iron and Steel|Solids"", ""Production|Iron and Steel|Primary"", ""Production|Iron and Steel|Secondary""]",fig03_energy,,,,,,"[""AFE"", ""AFN"", ""AFW"", ""AFZ"", ""ANZ"", ""ASC"", ""ASE"", ""ASO"", ""BRA"", ""CAN"", ""CHL"", ""CHN"", ""ENE"", ""ENW"", ""EUE"", ""EUM"", ""EUW"", ""IDN"", ""IND"", ""JPN"", ""LAM"", ""MDA"", ""MEA"", ""MEX"", ""NIG"", ""RUS"", ""SKT"", ""USA""]",Derived energy intensity,27.031373511905567,1725.0794351254624,1000.0,,,,,,,,,,,,,,,,,
baseline_noce,NDC+LTT,No CE,e,Global,Iron and steel,Iron and steel,2030,13.650505777791986,GJ/t,plotted,"[""Final Energy|Industry|Iron and Steel|Electricity"", ""Final Energy|Industry|Iron and Steel|Gases"", ""Final Energy|Industry|Iron and Steel|Hydrogen"", ""Final Energy|Industry|Iron and Steel|Liquids"", ""Final Energy|Industry|Iron and Steel|Solids"", ""Production|Iron and Steel|Primary"", ""Production|Iron and Steel|Secondary""]",fig03_energy,,,,,,"[""AFE"", ""AFN"", ""AFW"", ""AFZ"", ""ANZ"", ""ASC"", ""ASE"", ""ASO"", ""BRA"", ""CAN"", ""CHL"", ""CHN"", ""ENE"", ""ENW"", ""EUE"", ""EUM"", ""EUW"", ""IDN"", ""IND"", ""JPN"", ""LAM"", ""MDA"", ""MEA"", ""MEX"", ""NIG"", ""RUS"", ""SKT"", ""USA""]",Derived energy intensity,22.413982158138463,1641.9891338095165,1000.0,,,,,,,,,,,,,,,,,
baseline_noce,NDC+LTT,No CE,e,Global,Iron and steel,Iron and steel,2035,11.480169599201504,GJ/t,plotted,"[""Final Energy|Industry|Iron and Steel|Electricity"", ""Final Energy|Industry|Iron and Steel|Gases"", ""Final Energy|Industry|Iron and Steel|Hydrogen"", ""Final Energy|Industry|Iron and Steel|Liquids"", ""Final Energy|Industry|Iron and Steel|Solids"", ""Production|Iron and Steel|Primary"", ""Production|Iron and Steel|Secondary""]",fig03_energy,,,,,,"[""AFE"", ""AFN"", ""AFW"", ""AFZ"", ""ANZ"", ""ASC"", ""ASE"", ""ASO"", ""BRA"", ""CAN"", ""CHL"", ""CHN"", ""ENE"", ""ENW"", ""EUE"", ""EUM"", ""EUW"", ""IDN"", ""IND"", ""JPN"", ""LAM"", ""MDA"", ""MEA"", ""MEX"", ""NIG"", ""RUS"", ""SKT"", ""USA""]",Derived energy intensity,18.318203391361617,1595.6387432321321,1000.0,,,,,,,,,,,,,,,,,
baseline_noce,NDC+LTT,No CE,e,Global,Iron and steel,Iron and steel,2040,9.434912196162296,GJ/t,plotted,"[""Final Energy|Industry|Iron and Steel|Electricity"", ""Final Energy|Industry|Iron and Steel|Gases"", ""Final Energy|Industry|Iron and Steel|Hydrogen"", ""Final Energy|Industry|Iron and Steel|Liquids"", ""Final Energy|Industry|Iron and Steel|Solids"", ""Production|Iron and Steel|Primary"", ""Production|Iron and Steel|Secondary""]",fig03_energy,,,,,,"[""AFE"", ""AFN"", ""AFW"", ""AFZ"", ""ANZ"", ""ASC"", ""ASE"", ""ASO"", ""BRA"", ""CAN"", ""CHL"", ""CHN"", ""ENE"", ""ENW"", ""EUE"", ""EUM"", ""EUW"", ""IDN"", ""IND"", ""JPN"", ""LAM"", ""MDA"", ""MEA"", ""MEX"", ""NIG"", ""RUS"", ""SKT"", ""USA""]",Derived energy intensity,15.88330289230163,1683.4605942344915,1000.0,,,,,,,,,,,,,,,,,
baseline_noce,NDC+LTT,No CE,e,Global,Iron and steel,Iron and steel,2050,6.727969672954673,GJ/t,plotted,"[""Final Energy|Industry|Iron and Steel|Electricity"", ""Final Energy|Industry|Iron and Steel|Gases"", ""Final Energy|Industry|Iron and Steel|Hydrogen"", ""Final Energy|Industry|Iron and Steel|Liquids"", ""Final Energy|Industry|Iron and Steel|Solids"", ""Production|Iron and Steel|Primary"", ""Production|Iron and Steel|Secondary""]",fig03_energy,,,,,,"[""AFE"", ""AFN"", ""AFW"", ""AFZ"", ""ANZ"", ""ASC"", ""ASE"", ""ASO"", ""BRA"", ""CAN"", ""CHL"", ""CHN"", ""ENE"", ""ENW"", ""EUE"", ""EUM"", ""EUW"", ""IDN"", ""IND"", ""JPN"", ""LAM"", ""MDA"", ""MEA"", ""MEX"", ""NIG"", ""RUS"", ""SKT"", ""USA""]",Derived energy intensity,14.713596638626818,2186.929691103253,1000.0,,,,,,,,,,,,,,,,,
ndc_noce,NDC,No CE,c,Global,Aluminium,Aluminium,2019,4.680947868457299,EJ/yr,plotted,"[""Final Energy|Industry|Non-Ferrous Metals|Aluminum|Electricity"", ""Final Energy|Industry|Non-Ferrous Metals|Aluminum|Gases"", ""Final Energy|Industry|Non-Ferrous Metals|Aluminum|Hydrogen"", ""Final Energy|Industry|Non-Ferrous Metals|Aluminum|Liquids"", ""Final Energy|Industry|Non-Ferrous Metals|Aluminum|Solids""]",fig03_energy,,,,,,"[""AFE"", ""AFN"", ""AFW"", ""AFZ"", ""ANZ"", ""ASC"", ""ASE"", ""ASO"", ""BRA"", ""CAN"", ""CHL"", ""CHN"", ""ENE"", ""ENW"", ""EUE"", ""EUM"", ""EUW"", ""IDN"", ""IND"", ""JPN"", ""LAM"", ""MDA"", ""MEA"", ""MEX"", ""NIG"", ""RUS"", ""SKT"", ""USA""]",Final energy,4.680947868457299,,,,,,,,,,,,,,,,,,,
ndc_noce,NDC,No CE,c,Global,Aluminium,Aluminium,2024,5.8607336627268936,EJ/yr,plotted,"[""Final Energy|Industry|Non-Ferrous Metals|Aluminum|Electricity"", ""Final Energy|Industry|Non-Ferrous Metals|Aluminum|Gases"", ""Final Energy|Industry|Non-Ferrous Metals|Aluminum|Hydrogen"", ""Final Energy|Industry|Non-Ferrous Metals|Aluminum|Liquids"", ""Final Energy|Industry|Non-Ferrous Metals|Aluminum|Solids""]",fig03_energy,,,,,,"[""AFE"", ""AFN"", ""AFW"", ""AFZ"", ""ANZ"", ""ASC"", ""ASE"", ""ASO"", ""BRA"", ""CAN"", ""CHL"", ""CHN"", ""ENE"", ""ENW"", ""EUE"", ""EUM"", ""EUW"", ""IDN"", ""IND"", ""JPN"", ""LAM"", ""MDA"", ""MEA"", ""MEX"", ""NIG"", ""RUS"", ""SKT"", ""USA""]",Final energy,5.8607336627268936,,,,,,,,,,,,,,,,,,,
ndc_noce,NDC,No CE,c,Global,Aluminium,Aluminium,2030,5.655919360460342,EJ/yr,plotted,"[""Final Energy|Industry|Non-Ferrous Metals|Aluminum|Electricity"", ""Final Energy|Industry|Non-Ferrous Metals|Aluminum|Gases"", ""Final Energy|Industry|Non-Ferrous Metals|Aluminum|Hydrogen"", ""Final Energy|Industry|Non-Ferrous Metals|Aluminum|Liquids"", ""Final Energy|Industry|Non-Ferrous Metals|Aluminum|Solids""]",fig03_energy,,,,,,"[""AFE"", ""AFN"", ""AFW"", ""AFZ"", ""ANZ"", ""ASC"", ""ASE"", ""ASO"", ""BRA"", ""CAN"", ""CHL"", ""CHN"", ""ENE"", ""ENW"", ""EUE"", ""EUM"", ""EUW"", ""IDN"", ""IND"", ""JPN"", ""LAM"", ""MDA"", ""MEA"", ""MEX"", ""NIG"", ""RUS"", ""SKT"", ""USA""]",Final energy,5.655919360460342,,,,,,,,,,,,,,,,,,,
ndc_noce,NDC,No CE,c,Global,Aluminium,Aluminium,2035,5.41495260550056,EJ/yr,plotted,"[""Final Energy|Industry|Non-Ferrous Metals|Aluminum|Electricity"", ""Final Energy|Industry|Non-Ferrous Metals|Aluminum|Gases"", ""Final Energy|Industry|Non-Ferrous Metals|Aluminum|Hydrogen"", ""Final Energy|Industry|Non-Ferrous Metals|Aluminum|Liquids"", ""Final Energy|Industry|Non-Ferrous Metals|Aluminum|Solids""]",fig03_energy,,,,,,"[""AFE"", ""AFN"", ""AFW"", ""AFZ"", ""ANZ"", ""ASC"", ""ASE"", ""ASO"", ""BRA"", ""CAN"", ""CHL"", ""CHN"", ""ENE"", ""ENW"", ""EUE"", ""EUM"", ""EUW"", ""IDN"", ""IND"", ""JPN"", ""LAM"", ""MDA"", ""MEA"", ""MEX"", ""NIG"", ""RUS"", ""SKT"", ""USA""]",Final energy,5.41495260550056,,,,,,,,,,,,,,,,,,,
ndc_noce,NDC,No CE,c,Global,Aluminium,Aluminium,2040,5.489405813907431,EJ/yr,plotted,"[""Final Energy|Industry|Non-Ferrous Metals|Aluminum|Electricity"", ""Final Energy|Industry|Non-Ferrous Metals|Aluminum|Gases"", ""Final Energy|Industry|Non-Ferrous Metals|Aluminum|Hydrogen"", ""Final Energy|Industry|Non-Ferrous Metals|Aluminum|Liquids"", ""Final Energy|Industry|Non-Ferrous Metals|Aluminum|Solids""]",fig03_energy,,,,,,"[""AFE"", ""AFN"", ""AFW"", ""AFZ"", ""ANZ"", ""ASC"", ""ASE"", ""ASO"", ""BRA"", ""CAN"", ""CHL"", ""CHN"", ""ENE"", ""ENW"", ""EUE"", ""EUM"", ""EUW"", ""IDN"", ""IND"", ""JPN"", ""LAM"", ""MDA"", ""MEA"", ""MEX"", ""NIG"", ""RUS"", ""SKT"", ""USA""]",Final energy,5.489405813907431,,,,,,,,,,,,,,,,,,,
ndc_noce,NDC,No CE,c,Global,Aluminium,Aluminium,2050,5.18883366581952,EJ/yr,plotted,"[""Final Energy|Industry|Non-Ferrous Metals|Aluminum|Electricity"", ""Final Energy|Industry|Non-Ferrous Metals|Aluminum|Gases"", ""Final Energy|Industry|Non-Ferrous Metals|Aluminum|Hydrogen"", ""Final Energy|Industry|Non-Ferrous Metals|Aluminum|Liquids"", ""Final Energy|Industry|Non-Ferrous Metals|Aluminum|Solids""]",fig03_energy,,,,,,"[""AFE"", ""AFN"", ""AFW"", ""AFZ"", ""ANZ"", ""ASC"", ""ASE"", ""ASO"", ""BRA"", ""CAN"", ""CHL"", ""CHN"", ""ENE"", ""ENW"", ""EUE"", ""EUM"", ""EUW"", ""IDN"", ""IND"", ""JPN"", ""LAM"", ""MDA"", ""MEA"", ""MEX"", ""NIG"", ""RUS"", ""SKT"", ""USA""]",Final energy,5.18883366581952,,,,,,,,,,,,,,,,,,,
ndc_noce,NDC,No CE,f,Global,Aluminium,Aluminium,2019,49.53385365152635,GJ/t,plotted,"[""Final Energy|Industry|Non-Ferrous Metals|Aluminum|Electricity"", ""Final Energy|Industry|Non-Ferrous Metals|Aluminum|Gases"", ""Final Energy|Industry|Non-Ferrous Metals|Aluminum|Hydrogen"", ""Final Energy|Industry|Non-Ferrous Metals|Aluminum|Liquids"", ""Final Energy|Industry|Non-Ferrous Metals|Aluminum|Solids"", ""Production|Non-Ferrous Metals|Aluminum|Primary"", ""Production|Non-Ferrous Metals|Aluminum|Secondary""]",fig03_energy,,,,,,"[""AFE"", ""AFN"", ""AFW"", ""AFZ"", ""ANZ"", ""ASC"", ""ASE"", ""ASO"", ""BRA"", ""CAN"", ""CHL"", ""CHN"", ""ENE"", ""ENW"", ""EUE"", ""EUM"", ""EUW"", ""IDN"", ""IND"", ""JPN"", ""LAM"", ""MDA"", ""MEA"", ""MEX"", ""NIG"", ""RUS"", ""SKT"", ""USA""]",Derived energy intensity,4.680947868457299,94.49997372278058,1000.0,,,,,,,,,,,,,,,,,
ndc_noce,NDC,No CE,f,Global,Aluminium,Aluminium,2024,48.430483269215785,GJ/t,plotted,"[""Final Energy|Industry|Non-Ferrous Metals|Aluminum|Electricity"", ""Final Energy|Industry|Non-Ferrous Metals|Aluminum|Gases"", ""Final Energy|Industry|Non-Ferrous Metals|Aluminum|Hydrogen"", ""Final Energy|Industry|Non-Ferrous Metals|Aluminum|Liquids"", ""Final Energy|Industry|Non-Ferrous Metals|Aluminum|Solids"", ""Production|Non-Ferrous Metals|Aluminum|Primary"", ""Production|Non-Ferrous Metals|Aluminum|Secondary""]",fig03_energy,,,,,,"[""AFE"", ""AFN"", ""AFW"", ""AFZ"", ""ANZ"", ""ASC"", ""ASE"", ""ASO"", ""BRA"", ""CAN"", ""CHL"", ""CHN"", ""ENE"", ""ENW"", ""EUE"", ""EUM"", ""EUW"", ""IDN"", ""IND"", ""JPN"", ""LAM"", ""MDA"", ""MEA"", ""MEX"", ""NIG"", ""RUS"", ""SKT"", ""USA""]",Derived energy intensity,5.8607336627268936,121.01332192264523,1000.0,,,,,,,,,,,,,,,,,
ndc_noce,NDC,No CE,f,Global,Aluminium,Aluminium,2030,45.473565095716154,GJ/t,plotted,"[""Final Energy|Industry|Non-Ferrous Metals|Aluminum|Electricity"", ""Final Energy|Industry|Non-Ferrous Metals|Aluminum|Gases"", ""Final Energy|Industry|Non-Ferrous Metals|Aluminum|Hydrogen"", ""Final Energy|Industry|Non-Ferrous Metals|Aluminum|Liquids"", ""Final Energy|Industry|Non-Ferrous Metals|Aluminum|Solids"", ""Production|Non-Ferrous Metals|Aluminum|Primary"", ""Production|Non-Ferrous Metals|Aluminum|Secondary""]",fig03_energy,,,,,,"[""AFE"", ""AFN"", ""AFW"", ""AFZ"", ""ANZ"", ""ASC"", ""ASE"", ""ASO"", ""BRA"", ""CAN"", ""CHL"", ""CHN"", ""ENE"", ""ENW"", ""EUE"", ""EUM"", ""EUW"", ""IDN"", ""IND"", ""JPN"", ""LAM"", ""MDA"", ""MEA"", ""MEX"", ""NIG"", ""RUS"", ""SKT"", ""USA""]",Derived energy intensity,5.655919360460342,124.37818210547911,1000.0,,,,,,,,,,,,,,,,,
ndc_noce,NDC,No CE,f,Global,Aluminium,Aluminium,2035,42.628256093496624,GJ/t,plotted,"[""Final Energy|Industry|Non-Ferrous Metals|Aluminum|Electricity"", ""Final Energy|Industry|Non-Ferrous Metals|Aluminum|Gases"", ""Final Energy|Industry|Non-Ferrous Metals|Aluminum|Hydrogen"", ""Final Energy|Industry|Non-Ferrous Metals|Aluminum|Liquids"", ""Final Energy|Industry|Non-Ferrous Metals|Aluminum|Solids"", ""Production|Non-Ferrous Metals|Aluminum|Primary"", ""Production|Non-Ferrous Metals|Aluminum|Secondary""]",fig03_energy,,,,,,"[""AFE"", ""AFN"", ""AFW"", ""AFZ"", ""ANZ"", ""ASC"", ""ASE"", ""ASO"", ""BRA"", ""CAN"", ""CHL"", ""CHN"", ""ENE"", ""ENW"", ""EUE"", ""EUM"", ""EUW"", ""IDN"", ""IND"", ""JPN"", ""LAM"", ""MDA"", ""MEA"", ""MEX"", ""NIG"", ""RUS"", ""SKT"", ""USA""]",Derived energy intensity,5.41495260550056,127.02730774686012,1000.0,,,,,,,,,,,,,,,,,
ndc_noce,NDC,No CE,f,Global,Aluminium,Aluminium,2040,41.75683884246919,GJ/t,plotted,"[""Final Energy|Industry|Non-Ferrous Metals|Aluminum|Electricity"", ""Final Energy|Industry|Non-Ferrous Metals|Aluminum|Gases"", ""Final Energy|Industry|Non-Ferrous Metals|Aluminum|Hydrogen"", ""Final Energy|Industry|Non-Ferrous Metals|Aluminum|Liquids"", ""Final Energy|Industry|Non-Ferrous Metals|Aluminum|Solids"", ""Production|Non-Ferrous Metals|Aluminum|Primary"", ""Production|Non-Ferrous Metals|Aluminum|Secondary""]",fig03_energy,,,,,,"[""AFE"", ""AFN"", ""AFW"", ""AFZ"", ""ANZ"", ""ASC"", ""ASE"", ""ASO"", ""BRA"", ""CAN"", ""CHL"", ""CHN"", ""ENE"", ""ENW"", ""EUE"", ""EUM"", ""EUW"", ""IDN"", ""IND"", ""JPN"", ""LAM"", ""MDA"", ""MEA"", ""MEX"", ""NIG"", ""RUS"", ""SKT"", ""USA""]",Derived energy intensity,5.489405813907431,131.46124002864838,1000.0,,,,,,,,,,,,,,,,,
ndc_noce,NDC,No CE,f,Global,Aluminium,Aluminium,2050,39.009647640418116,GJ/t,plotted,"[""Final Energy|Industry|Non-Ferrous Metals|Aluminum|Electricity"", ""Final Energy|Industry|Non-Ferrous Metals|Aluminum|Gases"", ""Final Energy|Industry|Non-Ferrous Metals|Aluminum|Hydrogen"", ""Final Energy|Industry|Non-Ferrous Metals|Aluminum|Liquids"", ""Final Energy|Industry|Non-Ferrous Metals|Aluminum|Solids"", ""Production|Non-Ferrous Metals|Aluminum|Primary"", ""Production|Non-Ferrous Metals|Aluminum|Secondary""]",fig03_energy,,,,,,"[""AFE"", ""AFN"", ""AFW"", ""AFZ"", ""ANZ"", ""ASC"", ""ASE"", ""ASO"", ""BRA"", ""CAN"", ""CHL"", ""CHN"", ""ENE"", ""ENW"", ""EUE"", ""EUM"", ""EUW"", ""IDN"", ""IND"", ""JPN"", ""LAM"", ""MDA"", ""MEA"", ""MEX"", ""NIG"", ""RUS"", ""SKT"", ""USA""]",Derived energy intensity,5.18883366581952,133.0141126535924,1000.0,,,,,,,,,,,,,,,,,
baseline_noce,NDC+LTT,No CE,c,Global,Aluminium,Aluminium,2019,4.680947868457299,EJ/yr,plotted,"[""Final Energy|Industry|Non-Ferrous Metals|Aluminum|Electricity"", ""Final Energy|Industry|Non-Ferrous Metals|Aluminum|Gases"", ""Final Energy|Industry|Non-Ferrous Metals|Aluminum|Hydrogen"", ""Final Energy|Industry|Non-Ferrous Metals|Aluminum|Liquids"", ""Final Energy|Industry|Non-Ferrous Metals|Aluminum|Solids""]",fig03_energy,,,,,,"[""AFE"", ""AFN"", ""AFW"", ""AFZ"", ""ANZ"", ""ASC"", ""ASE"", ""ASO"", ""BRA"", ""CAN"", ""CHL"", ""CHN"", ""ENE"", ""ENW"", ""EUE"", ""EUM"", ""EUW"", ""IDN"", ""IND"", ""JPN"", ""LAM"", ""MDA"", ""MEA"", ""MEX"", ""NIG"", ""RUS"", ""SKT"", ""USA""]",Final energy,4.680947868457299,,,,,,,,,,,,,,,,,,,
baseline_noce,NDC+LTT,No CE,c,Global,Aluminium,Aluminium,2024,5.8607336627268936,EJ/yr,plotted,"[""Final Energy|Industry|Non-Ferrous Metals|Aluminum|Electricity"", ""Final Energy|Industry|Non-Ferrous Metals|Aluminum|Gases"", ""Final Energy|Industry|Non-Ferrous Metals|Aluminum|Hydrogen"", ""Final Energy|Industry|Non-Ferrous Metals|Aluminum|Liquids"", ""Final Energy|Industry|Non-Ferrous Metals|Aluminum|Solids""]",fig03_energy,,,,,,"[""AFE"", ""AFN"", ""AFW"", ""AFZ"", ""ANZ"", ""ASC"", ""ASE"", ""ASO"", ""BRA"", ""CAN"", ""CHL"", ""CHN"", ""ENE"", ""ENW"", ""EUE"", ""EUM"", ""EUW"", ""IDN"", ""IND"", ""JPN"", ""LAM"", ""MDA"", ""MEA"", ""MEX"", ""NIG"", ""RUS"", ""SKT"", ""USA""]",Final energy,5.8607336627268936,,,,,,,,,,,,,,,,,,,
baseline_noce,NDC+LTT,No CE,c,Global,Aluminium,Aluminium,2030,5.6547165276259586,EJ/yr,plotted,"[""Final Energy|Industry|Non-Ferrous Metals|Aluminum|Electricity"", ""Final Energy|Industry|Non-Ferrous Metals|Aluminum|Gases"", ""Final Energy|Industry|Non-Ferrous Metals|Aluminum|Hydrogen"", ""Final Energy|Industry|Non-Ferrous Metals|Aluminum|Liquids"", ""Final Energy|Industry|Non-Ferrous Metals|Aluminum|Solids""]",fig03_energy,,,,,,"[""AFE"", ""AFN"", ""AFW"", ""AFZ"", ""ANZ"", ""ASC"", ""ASE"", ""ASO"", ""BRA"", ""CAN"", ""CHL"", ""CHN"", ""ENE"", ""ENW"", ""EUE"", ""EUM"", ""EUW"", ""IDN"", ""IND"", ""JPN"", ""LAM"", ""MDA"", ""MEA"", ""MEX"", ""NIG"", ""RUS"", ""SKT"", ""USA""]",Final energy,5.6547165276259586,,,,,,,,,,,,,,,,,,,
baseline_noce,NDC+LTT,No CE,c,Global,Aluminium,Aluminium,2035,5.406990438221566,EJ/yr,plotted,"[""Final Energy|Industry|Non-Ferrous Metals|Aluminum|Electricity"", ""Final Energy|Industry|Non-Ferrous Metals|Aluminum|Gases"", ""Final Energy|Industry|Non-Ferrous Metals|Aluminum|Hydrogen"", ""Final Energy|Industry|Non-Ferrous Metals|Aluminum|Liquids"", ""Final Energy|Industry|Non-Ferrous Metals|Aluminum|Solids""]",fig03_energy,,,,,,"[""AFE"", ""AFN"", ""AFW"", ""AFZ"", ""ANZ"", ""ASC"", ""ASE"", ""ASO"", ""BRA"", ""CAN"", ""CHL"", ""CHN"", ""ENE"", ""ENW"", ""EUE"", ""EUM"", ""EUW"", ""IDN"", ""IND"", ""JPN"", ""LAM"", ""MDA"", ""MEA"", ""MEX"", ""NIG"", ""RUS"", ""SKT"", ""USA""]",Final energy,5.406990438221566,,,,,,,,,,,,,,,,,,,
baseline_noce,NDC+LTT,No CE,c,Global,Aluminium,Aluminium,2040,5.470412460904511,EJ/yr,plotted,"[""Final Energy|Industry|Non-Ferrous Metals|Aluminum|Electricity"", ""Final Energy|Industry|Non-Ferrous Metals|Aluminum|Gases"", ""Final Energy|Industry|Non-Ferrous Metals|Aluminum|Hydrogen"", ""Final Energy|Industry|Non-Ferrous Metals|Aluminum|Liquids"", ""Final Energy|Industry|Non-Ferrous Metals|Aluminum|Solids""]",fig03_energy,,,,,,"[""AFE"", ""AFN"", ""AFW"", ""AFZ"", ""ANZ"", ""ASC"", ""ASE"", ""ASO"", ""BRA"", ""CAN"", ""CHL"", ""CHN"", ""ENE"", ""ENW"", ""EUE"", ""EUM"", ""EUW"", ""IDN"", ""IND"", ""JPN"", ""LAM"", ""MDA"", ""MEA"", ""MEX"", ""NIG"", ""RUS"", ""SKT"", ""USA""]",Final energy,5.470412460904511,,,,,,,,,,,,,,,,,,,
baseline_noce,NDC+LTT,No CE,c,Global,Aluminium,Aluminium,2050,5.146821529427613,EJ/yr,plotted,"[""Final Energy|Industry|Non-Ferrous Metals|Aluminum|Electricity"", ""Final Energy|Industry|Non-Ferrous Metals|Aluminum|Gases"", ""Final Energy|Industry|Non-Ferrous Metals|Aluminum|Hydrogen"", ""Final Energy|Industry|Non-Ferrous Metals|Aluminum|Liquids"", ""Final Energy|Industry|Non-Ferrous Metals|Aluminum|Solids""]",fig03_energy,,,,,,"[""AFE"", ""AFN"", ""AFW"", ""AFZ"", ""ANZ"", ""ASC"", ""ASE"", ""ASO"", ""BRA"", ""CAN"", ""CHL"", ""CHN"", ""ENE"", ""ENW"", ""EUE"", ""EUM"", ""EUW"", ""IDN"", ""IND"", ""JPN"", ""LAM"", ""MDA"", ""MEA"", ""MEX"", ""NIG"", ""RUS"", ""SKT"", ""USA""]",Final energy,5.146821529427613,,,,,,,,,,,,,,,,,,,
baseline_noce,NDC+LTT,No CE,f,Global,Aluminium,Aluminium,2019,49.53385365152635,GJ/t,plotted,"[""Final Energy|Industry|Non-Ferrous Metals|Aluminum|Electricity"", ""Final Energy|Industry|Non-Ferrous Metals|Aluminum|Gases"", ""Final Energy|Industry|Non-Ferrous Metals|Aluminum|Hydrogen"", ""Final Energy|Industry|Non-Ferrous Metals|Aluminum|Liquids"", ""Final Energy|Industry|Non-Ferrous Metals|Aluminum|Solids"", ""Production|Non-Ferrous Metals|Aluminum|Primary"", ""Production|Non-Ferrous Metals|Aluminum|Secondary""]",fig03_energy,,,,,,"[""AFE"", ""AFN"", ""AFW"", ""AFZ"", ""ANZ"", ""ASC"", ""ASE"", ""ASO"", ""BRA"", ""CAN"", ""CHL"", ""CHN"", ""ENE"", ""ENW"", ""EUE"", ""EUM"", ""EUW"", ""IDN"", ""IND"", ""JPN"", ""LAM"", ""MDA"", ""MEA"", ""MEX"", ""NIG"", ""RUS"", ""SKT"", ""USA""]",Derived energy intensity,4.680947868457299,94.49997372278058,1000.0,,,,,,,,,,,,,,,,,
baseline_noce,NDC+LTT,No CE,f,Global,Aluminium,Aluminium,2024,48.430483269215785,GJ/t,plotted,"[""Final Energy|Industry|Non-Ferrous Metals|Aluminum|Electricity"", ""Final Energy|Industry|Non-Ferrous Metals|Aluminum|Gases"", ""Final Energy|Industry|Non-Ferrous Metals|Aluminum|Hydrogen"", ""Final Energy|Industry|Non-Ferrous Metals|Aluminum|Liquids"", ""Final Energy|Industry|Non-Ferrous Metals|Aluminum|Solids"", ""Production|Non-Ferrous Metals|Aluminum|Primary"", ""Production|Non-Ferrous Metals|Aluminum|Secondary""]",fig03_energy,,,,,,"[""AFE"", ""AFN"", ""AFW"", ""AFZ"", ""ANZ"", ""ASC"", ""ASE"", ""ASO"", ""BRA"", ""CAN"", ""CHL"", ""CHN"", ""ENE"", ""ENW"", ""EUE"", ""EUM"", ""EUW"", ""IDN"", ""IND"", ""JPN"", ""LAM"", ""MDA"", ""MEA"", ""MEX"", ""NIG"", ""RUS"", ""SKT"", ""USA""]",Derived energy intensity,5.8607336627268936,121.01332192264523,1000.0,,,,,,,,,,,,,,,,,
baseline_noce,NDC+LTT,No CE,f,Global,Aluminium,Aluminium,2030,45.46389806226275,GJ/t,plotted,"[""Final Energy|Industry|Non-Ferrous Metals|Aluminum|Electricity"", ""Final Energy|Industry|Non-Ferrous Metals|Aluminum|Gases"", ""Final Energy|Industry|Non-Ferrous Metals|Aluminum|Hydrogen"", ""Final Energy|Industry|Non-Ferrous Metals|Aluminum|Liquids"", ""Final Energy|Industry|Non-Ferrous Metals|Aluminum|Solids"", ""Production|Non-Ferrous Metals|Aluminum|Primary"", ""Production|Non-Ferrous Metals|Aluminum|Secondary""]",fig03_energy,,,,,,"[""AFE"", ""AFN"", ""AFW"", ""AFZ"", ""ANZ"", ""ASC"", ""ASE"", ""ASO"", ""BRA"", ""CAN"", ""CHL"", ""CHN"", ""ENE"", ""ENW"", ""EUE"", ""EUM"", ""EUW"", ""IDN"", ""IND"", ""JPN"", ""LAM"", ""MDA"", ""MEA"", ""MEX"", ""NIG"", ""RUS"", ""SKT"", ""USA""]",Derived energy intensity,5.6547165276259586,124.37817188226649,1000.0,,,,,,,,,,,,,,,,,
baseline_noce,NDC+LTT,No CE,f,Global,Aluminium,Aluminium,2035,42.565582685550275,GJ/t,plotted,"[""Final Energy|Industry|Non-Ferrous Metals|Aluminum|Electricity"", ""Final Energy|Industry|Non-Ferrous Metals|Aluminum|Gases"", ""Final Energy|Industry|Non-Ferrous Metals|Aluminum|Hydrogen"", ""Final Energy|Industry|Non-Ferrous Metals|Aluminum|Liquids"", ""Final Energy|Industry|Non-Ferrous Metals|Aluminum|Solids"", ""Production|Non-Ferrous Metals|Aluminum|Primary"", ""Production|Non-Ferrous Metals|Aluminum|Secondary""]",fig03_energy,,,,,,"[""AFE"", ""AFN"", ""AFW"", ""AFZ"", ""ANZ"", ""ASC"", ""ASE"", ""ASO"", ""BRA"", ""CAN"", ""CHL"", ""CHN"", ""ENE"", ""ENW"", ""EUE"", ""EUM"", ""EUW"", ""IDN"", ""IND"", ""JPN"", ""LAM"", ""MDA"", ""MEA"", ""MEX"", ""NIG"", ""RUS"", ""SKT"", ""USA""]",Derived energy intensity,5.406990438221566,127.02728582773696,1000.0,,,,,,,,,,,,,,,,,
baseline_noce,NDC+LTT,No CE,f,Global,Aluminium,Aluminium,2040,41.6123671730906,GJ/t,plotted,"[""Final Energy|Industry|Non-Ferrous Metals|Aluminum|Electricity"", ""Final Energy|Industry|Non-Ferrous Metals|Aluminum|Gases"", ""Final Energy|Industry|Non-Ferrous Metals|Aluminum|Hydrogen"", ""Final Energy|Industry|Non-Ferrous Metals|Aluminum|Liquids"", ""Final Energy|Industry|Non-Ferrous Metals|Aluminum|Solids"", ""Production|Non-Ferrous Metals|Aluminum|Primary"", ""Production|Non-Ferrous Metals|Aluminum|Secondary""]",fig03_energy,,,,,,"[""AFE"", ""AFN"", ""AFW"", ""AFZ"", ""ANZ"", ""ASC"", ""ASE"", ""ASO"", ""BRA"", ""CAN"", ""CHL"", ""CHN"", ""ENE"", ""ENW"", ""EUE"", ""EUM"", ""EUW"", ""IDN"", ""IND"", ""JPN"", ""LAM"", ""MDA"", ""MEA"", ""MEX"", ""NIG"", ""RUS"", ""SKT"", ""USA""]",Derived energy intensity,5.470412460904511,131.46121772284212,1000.0,,,,,,,,,,,,,,,,,
baseline_noce,NDC+LTT,No CE,f,Global,Aluminium,Aluminium,2050,38.69380796236597,GJ/t,plotted,"[""Final Energy|Industry|Non-Ferrous Metals|Aluminum|Electricity"", ""Final Energy|Industry|Non-Ferrous Metals|Aluminum|Gases"", ""Final Energy|Industry|Non-Ferrous Metals|Aluminum|Hydrogen"", ""Final Energy|Industry|Non-Ferrous Metals|Aluminum|Liquids"", ""Final Energy|Industry|Non-Ferrous Metals|Aluminum|Solids"", ""Production|Non-Ferrous Metals|Aluminum|Primary"", ""Production|Non-Ferrous Metals|Aluminum|Secondary""]",fig03_energy,,,,,,"[""AFE"", ""AFN"", ""AFW"", ""AFZ"", ""ANZ"", ""ASC"", ""ASE"", ""ASO"", ""BRA"", ""CAN"", ""CHL"", ""CHN"", ""ENE"", ""ENW"", ""EUE"", ""EUM"", ""EUW"", ""IDN"", ""IND"", ""JPN"", ""LAM"", ""MDA"", ""MEA"", ""MEX"", ""NIG"", ""RUS"", ""SKT"", ""USA""]",Derived energy intensity,5.146821529427613,133.01408676120656,1000.0,,,,,,,,,,,,,,,,,
ndc_noce,NDC,No CE,a,Global,Cement,Cement,2019,2.542758438447978,GtCO2e/yr,plotted,"[""Emissions|GHG|Industry|Non-Metallic Minerals|Cement""]",fig04_emissions,,,,,,"[""AFE"", ""AFN"", ""AFW"", ""AFZ"", ""ANZ"", ""ASC"", ""ASE"", ""ASO"", ""BRA"", ""CAN"", ""CHL"", ""CHN"", ""ENE"", ""ENW"", ""EUE"", ""EUM"", ""EUW"", ""IDN"", ""IND"", ""JPN"", ""LAM"", ""MDA"", ""MEA"", ""MEX"", ""NIG"", ""RUS"", ""SKT"", ""USA""]",Sector GHG emissions,,,0.001,2542.758438447978,MtCO2e/yr,,,,,,,,,,,,,,,
ndc_noce,NDC,No CE,a,Global,Cement,Cement,2024,2.36069368367247,GtCO2e/yr,plotted,"[""Emissions|GHG|Industry|Non-Metallic Minerals|Cement""]",fig04_emissions,,,,,,"[""AFE"", ""AFN"", ""AFW"", ""AFZ"", ""ANZ"", ""ASC"", ""ASE"", ""ASO"", ""BRA"", ""CAN"", ""CHL"", ""CHN"", ""ENE"", ""ENW"", ""EUE"", ""EUM"", ""EUW"", ""IDN"", ""IND"", ""JPN"", ""LAM"", ""MDA"", ""MEA"", ""MEX"", ""NIG"", ""RUS"", ""SKT"", ""USA""]",Sector GHG emissions,,,0.001,2360.6936836724703,MtCO2e/yr,,,,,,,,,,,,,,,
ndc_noce,NDC,No CE,a,Global,Cement,Cement,2030,2.1019035280152876,GtCO2e/yr,plotted,"[""Emissions|GHG|Industry|Non-Metallic Minerals|Cement""]",fig04_emissions,,,,,,"[""AFE"", ""AFN"", ""AFW"", ""AFZ"", ""ANZ"", ""ASC"", ""ASE"", ""ASO"", ""BRA"", ""CAN"", ""CHL"", ""CHN"", ""ENE"", ""ENW"", ""EUE"", ""EUM"", ""EUW"", ""IDN"", ""IND"", ""JPN"", ""LAM"", ""MDA"", ""MEA"", ""MEX"", ""NIG"", ""RUS"", ""SKT"", ""USA""]",Sector GHG emissions,,,0.001,2101.9035280152875,MtCO2e/yr,,,,,,,,,,,,,,,
ndc_noce,NDC,No CE,a,Global,Cement,Cement,2035,2.002443544300818,GtCO2e/yr,plotted,"[""Emissions|GHG|Industry|Non-Metallic Minerals|Cement""]",fig04_emissions,,,,,,"[""AFE"", ""AFN"", ""AFW"", ""AFZ"", ""ANZ"", ""ASC"", ""ASE"", ""ASO"", ""BRA"", ""CAN"", ""CHL"", ""CHN"", ""ENE"", ""ENW"", ""EUE"", ""EUM"", ""EUW"", ""IDN"", ""IND"", ""JPN"", ""LAM"", ""MDA"", ""MEA"", ""MEX"", ""NIG"", ""RUS"", ""SKT"", ""USA""]",Sector GHG emissions,,,0.001,2002.4435443008183,MtCO2e/yr,,,,,,,,,,,,,,,
ndc_noce,NDC,No CE,a,Global,Cement,Cement,2040,1.9273517890797345,GtCO2e/yr,plotted,"[""Emissions|GHG|Industry|Non-Metallic Minerals|Cement""]",fig04_emissions,,,,,,"[""AFE"", ""AFN"", ""AFW"", ""AFZ"", ""ANZ"", ""ASC"", ""ASE"", ""ASO"", ""BRA"", ""CAN"", ""CHL"", ""CHN"", ""ENE"", ""ENW"", ""EUE"", ""EUM"", ""EUW"", ""IDN"", ""IND"", ""JPN"", ""LAM"", ""MDA"", ""MEA"", ""MEX"", ""NIG"", ""RUS"", ""SKT"", ""USA""]",Sector GHG emissions,,,0.001,1927.3517890797345,MtCO2e/yr,,,,,,,,,,,,,,,
ndc_noce,NDC,No CE,a,Global,Cement,Cement,2050,1.8066775162798043,GtCO2e/yr,plotted,"[""Emissions|GHG|Industry|Non-Metallic Minerals|Cement""]",fig04_emissions,,,,,,"[""AFE"", ""AFN"", ""AFW"", ""AFZ"", ""ANZ"", ""ASC"", ""ASE"", ""ASO"", ""BRA"", ""CAN"", ""CHL"", ""CHN"", ""ENE"", ""ENW"", ""EUE"", ""EUM"", ""EUW"", ""IDN"", ""IND"", ""JPN"", ""LAM"", ""MDA"", ""MEA"", ""MEX"", ""NIG"", ""RUS"", ""SKT"", ""USA""]",Sector GHG emissions,,,0.001,1806.6775162798044,MtCO2e/yr,,,,,,,,,,,,,,,
ndc_noce,NDC,No CE,b,Global,Cement,Cement,2019,27.356840966058222,%,plotted,"[""Emissions|GHG|Industry|Non-Metallic Minerals|Cement"", ""Emissions|GHG|Industry""]",fig04_emissions,,,,,,"[""AFE"", ""AFN"", ""AFW"", ""AFZ"", ""ANZ"", ""ASC"", ""ASE"", ""ASO"", ""BRA"", ""CAN"", ""CHL"", ""CHN"", ""ENE"", ""ENW"", ""EUE"", ""EUM"", ""EUW"", ""IDN"", ""IND"", ""JPN"", ""LAM"", ""MDA"", ""MEA"", ""MEX"", ""NIG"", ""RUS"", ""SKT"", ""USA""]",Share of industrial GHG emissions,,,100.0,2542.758438447978,MtCO2e/yr,9294.780934694878,MtCO2e/yr,,,,,,,,,,,,,
ndc_noce,NDC,No CE,b,Global,Cement,Cement,2024,24.127643958029335,%,plotted,"[""Emissions|GHG|Industry|Non-Metallic Minerals|Cement"", ""Emissions|GHG|Industry""]",fig04_emissions,,,,,,"[""AFE"", ""AFN"", ""AFW"", ""AFZ"", ""ANZ"", ""ASC"", ""ASE"", ""ASO"", ""BRA"", ""CAN"", ""CHL"", ""CHN"", ""ENE"", ""ENW"", ""EUE"", ""EUM"", ""EUW"", ""IDN"", ""IND"", ""JPN"", ""LAM"", ""MDA"", ""MEA"", ""MEX"", ""NIG"", ""RUS"", ""SKT"", ""USA""]",Share of industrial GHG emissions,,,100.0,2360.6936836724703,MtCO2e/yr,9784.186503161927,MtCO2e/yr,,,,,,,,,,,,,
ndc_noce,NDC,No CE,b,Global,Cement,Cement,2030,21.64500977074712,%,plotted,"[""Emissions|GHG|Industry|Non-Metallic Minerals|Cement"", ""Emissions|GHG|Industry""]",fig04_emissions,,,,,,"[""AFE"", ""AFN"", ""AFW"", ""AFZ"", ""ANZ"", ""ASC"", ""ASE"", ""ASO"", ""BRA"", ""CAN"", ""CHL"", ""CHN"", ""ENE"", ""ENW"", ""EUE"", ""EUM"", ""EUW"", ""IDN"", ""IND"", ""JPN"", ""LAM"", ""MDA"", ""MEA"", ""MEX"", ""NIG"", ""RUS"", ""SKT"", ""USA""]",Share of industrial GHG emissions,,,100.0,2101.9035280152875,MtCO2e/yr,9710.799626692597,MtCO2e/yr,,,,,,,,,,,,,
ndc_noce,NDC,No CE,b,Global,Cement,Cement,2035,20.289242198804907,%,plotted,"[""Emissions|GHG|Industry|Non-Metallic Minerals|Cement"", ""Emissions|GHG|Industry""]",fig04_emissions,,,,,,"[""AFE"", ""AFN"", ""AFW"", ""AFZ"", ""ANZ"", ""ASC"", ""ASE"", ""ASO"", ""BRA"", ""CAN"", ""CHL"", ""CHN"", ""ENE"", ""ENW"", ""EUE"", ""EUM"", ""EUW"", ""IDN"", ""IND"", ""JPN"", ""LAM"", ""MDA"", ""MEA"", ""MEX"", ""NIG"", ""RUS"", ""SKT"", ""USA""]",Share of industrial GHG emissions,,,100.0,2002.4435443008183,MtCO2e/yr,9869.484156578148,MtCO2e/yr,,,,,,,,,,,,,
ndc_noce,NDC,No CE,b,Global,Cement,Cement,2040,18.927502213411366,%,plotted,"[""Emissions|GHG|Industry|Non-Metallic Minerals|Cement"", ""Emissions|GHG|Industry""]",fig04_emissions,,,,,,"[""AFE"", ""AFN"", ""AFW"", ""AFZ"", ""ANZ"", ""ASC"", ""ASE"", ""ASO"", ""BRA"", ""CAN"", ""CHL"", ""CHN"", ""ENE"", ""ENW"", ""EUE"", ""EUM"", ""EUW"", ""IDN"", ""IND"", ""JPN"", ""LAM"", ""MDA"", ""MEA"", ""MEX"", ""NIG"", ""RUS"", ""SKT"", ""USA""]",Share of industrial GHG emissions,,,100.0,1927.3517890797345,MtCO2e/yr,10182.811061641723,MtCO2e/yr,,,,,,,,,,,,,
ndc_noce,NDC,No CE,b,Global,Cement,Cement,2050,16.674815714474818,%,plotted,"[""Emissions|GHG|Industry|Non-Metallic Minerals|Cement"", ""Emissions|GHG|Industry""]",fig04_emissions,,,,,,"[""AFE"", ""AFN"", ""AFW"", ""AFZ"", ""ANZ"", ""ASC"", ""ASE"", ""ASO"", ""BRA"", ""CAN"", ""CHL"", ""CHN"", ""ENE"", ""ENW"", ""EUE"", ""EUM"", ""EUW"", ""IDN"", ""IND"", ""JPN"", ""LAM"", ""MDA"", ""MEA"", ""MEX"", ""NIG"", ""RUS"", ""SKT"", ""USA""]",Share of industrial GHG emissions,,,100.0,1806.6775162798044,MtCO2e/yr,10834.76751537045,MtCO2e/yr,,,,,,,,,,,,,
ndc_noce,NDC,No CE,c,Global,Cement,Cement,2019,0.6052155971768874,tCO2e/t,plotted,"[""Emissions|GHG|Industry|Non-Metallic Minerals|Cement"", ""Production|Non-Metallic Minerals|Cement""]",fig04_emissions,,,,,,"[""AFE"", ""AFN"", ""AFW"", ""AFZ"", ""ANZ"", ""ASC"", ""ASE"", ""ASO"", ""BRA"", ""CAN"", ""CHL"", ""CHN"", ""ENE"", ""ENW"", ""EUE"", ""EUM"", ""EUW"", ""IDN"", ""IND"", ""JPN"", ""LAM"", ""MDA"", ""MEA"", ""MEX"", ""NIG"", ""RUS"", ""SKT"", ""USA""]",Derived emissions intensity,,,1.0,2542.758438447978,MtCO2e/yr,4201.409299940433,Mt/yr,,,,,,,,,,,,,
ndc_noce,NDC,No CE,c,Global,Cement,Cement,2024,0.5977239720640364,tCO2e/t,plotted,"[""Emissions|GHG|Industry|Non-Metallic Minerals|Cement"", ""Production|Non-Metallic Minerals|Cement""]",fig04_emissions,,,,,,"[""AFE"", ""AFN"", ""AFW"", ""AFZ"", ""ANZ"", ""ASC"", ""ASE"", ""ASO"", ""BRA"", ""CAN"", ""CHL"", ""CHN"", ""ENE"", ""ENW"", ""EUE"", ""EUM"", ""EUW"", ""IDN"", ""IND"", ""JPN"", ""LAM"", ""MDA"", ""MEA"", ""MEX"", ""NIG"", ""RUS"", ""SKT"", ""USA""]",Derived emissions intensity,,,1.0,2360.6936836724703,MtCO2e/yr,3949.47131787373,Mt/yr,,,,,,,,,,,,,
ndc_noce,NDC,No CE,c,Global,Cement,Cement,2030,0.559812421323157,tCO2e/t,plotted,"[""Emissions|GHG|Industry|Non-Metallic Minerals|Cement"", ""Production|Non-Metallic Minerals|Cement""]",fig04_emissions,,,,,,"[""AFE"", ""AFN"", ""AFW"", ""AFZ"", ""ANZ"", ""ASC"", ""ASE"", ""ASO"", ""BRA"", ""CAN"", ""CHL"", ""CHN"", ""ENE"", ""ENW"", ""EUE"", ""EUM"", ""EUW"", ""IDN"", ""IND"", ""JPN"", ""LAM"", ""MDA"", ""MEA"", ""MEX"", ""NIG"", ""RUS"", ""SKT"", ""USA""]",Derived emissions intensity,,,1.0,2101.9035280152875,MtCO2e/yr,3754.6568242399608,Mt/yr,,,,,,,,,,,,,
ndc_noce,NDC,No CE,c,Global,Cement,Cement,2035,0.5466626815936111,tCO2e/t,plotted,"[""Emissions|GHG|Industry|Non-Metallic Minerals|Cement"", ""Production|Non-Metallic Minerals|Cement""]",fig04_emissions,,,,,,"[""AFE"", ""AFN"", ""AFW"", ""AFZ"", ""ANZ"", ""ASC"", ""ASE"", ""ASO"", ""BRA"", ""CAN"", ""CHL"", ""CHN"", ""ENE"", ""ENW"", ""EUE"", ""EUM"", ""EUW"", ""IDN"", ""IND"", ""JPN"", ""LAM"", ""MDA"", ""MEA"", ""MEX"", ""NIG"", ""RUS"", ""SKT"", ""USA""]",Derived emissions intensity,,,1.0,2002.4435443008183,MtCO2e/yr,3663.033186138421,Mt/yr,,,,,,,,,,,,,
ndc_noce,NDC,No CE,c,Global,Cement,Cement,2040,0.5265388930017807,tCO2e/t,plotted,"[""Emissions|GHG|Industry|Non-Metallic Minerals|Cement"", ""Production|Non-Metallic Minerals|Cement""]",fig04_emissions,,,,,,"[""AFE"", ""AFN"", ""AFW"", ""AFZ"", ""ANZ"", ""ASC"", ""ASE"", ""ASO"", ""BRA"", ""CAN"", ""CHL"", ""CHN"", ""ENE"", ""ENW"", ""EUE"", ""EUM"", ""EUW"", ""IDN"", ""IND"", ""JPN"", ""LAM"", ""MDA"", ""MEA"", ""MEX"", ""NIG"", ""RUS"", ""SKT"", ""USA""]",Derived emissions intensity,,,1.0,1927.3517890797345,MtCO2e/yr,3660.4167606536453,Mt/yr,,,,,,,,,,,,,
ndc_noce,NDC,No CE,c,Global,Cement,Cement,2050,0.49360939925064173,tCO2e/t,plotted,"[""Emissions|GHG|Industry|Non-Metallic Minerals|Cement"", ""Production|Non-Metallic Minerals|Cement""]",fig04_emissions,,,,,,"[""AFE"", ""AFN"", ""AFW"", ""AFZ"", ""ANZ"", ""ASC"", ""ASE"", ""ASO"", ""BRA"", ""CAN"", ""CHL"", ""CHN"", ""ENE"", ""ENW"", ""EUE"", ""EUM"", ""EUW"", ""IDN"", ""IND"", ""JPN"", ""LAM"", ""MDA"", ""MEA"", ""MEX"", ""NIG"", ""RUS"", ""SKT"", ""USA""]",Derived emissions intensity,,,1.0,1806.6775162798044,MtCO2e/yr,3660.1359678777544,Mt/yr,,,,,,,,,,,,,
ndc_noce,NDC,No CE,d,Global,Cement,Cement,2019,0.0,MtCO2/yr,plotted,"[""Carbon Capture|Industry|Non-Metallic Minerals|Cement""]",fig04_emissions,,,,,,"[""AFE"", ""AFN"", ""AFW"", ""AFZ"", ""ANZ"", ""ASC"", ""ASE"", ""ASO"", ""BRA"", ""CAN"", ""CHL"", ""CHN"", ""ENE"", ""ENW"", ""EUE"", ""EUM"", ""EUW"", ""IDN"", ""IND"", ""JPN"", ""LAM"", ""MDA"", ""MEA"", ""MEX"", ""NIG"", ""RUS"", ""SKT"", ""USA""]",Carbon capture,,,1.0,0.0,MtCO2/yr,,,,,,,,,,,,,,,
ndc_noce,NDC,No CE,d,Global,Cement,Cement,2024,0.0,MtCO2/yr,plotted,"[""Carbon Capture|Industry|Non-Metallic Minerals|Cement""]",fig04_emissions,,,,,,"[""AFE"", ""AFN"", ""AFW"", ""AFZ"", ""ANZ"", ""ASC"", ""ASE"", ""ASO"", ""BRA"", ""CAN"", ""CHL"", ""CHN"", ""ENE"", ""ENW"", ""EUE"", ""EUM"", ""EUW"", ""IDN"", ""IND"", ""JPN"", ""LAM"", ""MDA"", ""MEA"", ""MEX"", ""NIG"", ""RUS"", ""SKT"", ""USA""]",Carbon capture,,,1.0,0.0,MtCO2/yr,,,,,,,,,,,,,,,
ndc_noce,NDC,No CE,d,Global,Cement,Cement,2030,107.18634823186241,MtCO2/yr,plotted,"[""Carbon Capture|Industry|Non-Metallic Minerals|Cement""]",fig04_emissions,,,,,,"[""AFE"", ""AFN"", ""AFW"", ""AFZ"", ""ANZ"", ""ASC"", ""ASE"", ""ASO"", ""BRA"", ""CAN"", ""CHL"", ""CHN"", ""ENE"", ""ENW"", ""EUE"", ""EUM"", ""EUW"", ""IDN"", ""IND"", ""JPN"", ""LAM"", ""MDA"", ""MEA"", ""MEX"", ""NIG"", ""RUS"", ""SKT"", ""USA""]",Carbon capture,,,1.0,107.18634823186241,MtCO2/yr,,,,,,,,,,,,,,,
ndc_noce,NDC,No CE,d,Global,Cement,Cement,2035,110.29710659915459,MtCO2/yr,plotted,"[""Carbon Capture|Industry|Non-Metallic Minerals|Cement""]",fig04_emissions,,,,,,"[""AFE"", ""AFN"", ""AFW"", ""AFZ"", ""ANZ"", ""ASC"", ""ASE"", ""ASO"", ""BRA"", ""CAN"", ""CHL"", ""CHN"", ""ENE"", ""ENW"", ""EUE"", ""EUM"", ""EUW"", ""IDN"", ""IND"", ""JPN"", ""LAM"", ""MDA"", ""MEA"", ""MEX"", ""NIG"", ""RUS"", ""SKT"", ""USA""]",Carbon capture,,,1.0,110.29710659915459,MtCO2/yr,,,,,,,,,,,,,,,
ndc_noce,NDC,No CE,d,Global,Cement,Cement,2040,118.90638289578148,MtCO2/yr,plotted,"[""Carbon Capture|Industry|Non-Metallic Minerals|Cement""]",fig04_emissions,,,,,,"[""AFE"", ""AFN"", ""AFW"", ""AFZ"", ""ANZ"", ""ASC"", ""ASE"", ""ASO"", ""BRA"", ""CAN"", ""CHL"", ""CHN"", ""ENE"", ""ENW"", ""EUE"", ""EUM"", ""EUW"", ""IDN"", ""IND"", ""JPN"", ""LAM"", ""MDA"", ""MEA"", ""MEX"", ""NIG"", ""RUS"", ""SKT"", ""USA""]",Carbon capture,,,1.0,118.90638289578148,MtCO2/yr,,,,,,,,,,,,,,,
ndc_noce,NDC,No CE,d,Global,Cement,Cement,2050,133.8702929406786,MtCO2/yr,plotted,"[""Carbon Capture|Industry|Non-Metallic Minerals|Cement""]",fig04_emissions,,,,,,"[""AFE"", ""AFN"", ""AFW"", ""AFZ"", ""ANZ"", ""ASC"", ""ASE"", ""ASO"", ""BRA"", ""CAN"", ""CHL"", ""CHN"", ""ENE"", ""ENW"", ""EUE"", ""EUM"", ""EUW"", ""IDN"", ""IND"", ""JPN"", ""LAM"", ""MDA"", ""MEA"", ""MEX"", ""NIG"", ""RUS"", ""SKT"", ""USA""]",Carbon capture,,,1.0,133.8702929406786,MtCO2/yr,,,,,,,,,,,,,,,
ndc_noce,NDC,No CE,a,Global,Iron and steel,Iron and steel,2019,2.74565603423791,GtCO2e/yr,plotted,"[""Emissions|GHG|Industry|Iron and Steel""]",fig04_emissions,,,,,,"[""AFE"", ""AFN"", ""AFW"", ""AFZ"", ""ANZ"", ""ASC"", ""ASE"", ""ASO"", ""BRA"", ""CAN"", ""CHL"", ""CHN"", ""ENE"", ""ENW"", ""EUE"", ""EUM"", ""EUW"", ""IDN"", ""IND"", ""JPN"", ""LAM"", ""MDA"", ""MEA"", ""MEX"", ""NIG"", ""RUS"", ""SKT"", ""USA""]",Sector GHG emissions,,,0.001,2745.6560342379103,MtCO2e/yr,,,,,,,,,,,,,,,
ndc_noce,NDC,No CE,a,Global,Iron and steel,Iron and steel,2024,2.6405834046078245,GtCO2e/yr,plotted,"[""Emissions|GHG|Industry|Iron and Steel""]",fig04_emissions,,,,,,"[""AFE"", ""AFN"", ""AFW"", ""AFZ"", ""ANZ"", ""ASC"", ""ASE"", ""ASO"", ""BRA"", ""CAN"", ""CHL"", ""CHN"", ""ENE"", ""ENW"", ""EUE"", ""EUM"", ""EUW"", ""IDN"", ""IND"", ""JPN"", ""LAM"", ""MDA"", ""MEA"", ""MEX"", ""NIG"", ""RUS"", ""SKT"", ""USA""]",Sector GHG emissions,,,0.001,2640.5834046078244,MtCO2e/yr,,,,,,,,,,,,,,,
ndc_noce,NDC,No CE,a,Global,Iron and steel,Iron and steel,2030,2.25455810055937,GtCO2e/yr,plotted,"[""Emissions|GHG|Industry|Iron and Steel""]",fig04_emissions,,,,,,"[""AFE"", ""AFN"", ""AFW"", ""AFZ"", ""ANZ"", ""ASC"", ""ASE"", ""ASO"", ""BRA"", ""CAN"", ""CHL"", ""CHN"", ""ENE"", ""ENW"", ""EUE"", ""EUM"", ""EUW"", ""IDN"", ""IND"", ""JPN"", ""LAM"", ""MDA"", ""MEA"", ""MEX"", ""NIG"", ""RUS"", ""SKT"", ""USA""]",Sector GHG emissions,,,0.001,2254.55810055937,MtCO2e/yr,,,,,,,,,,,,,,,
ndc_noce,NDC,No CE,a,Global,Iron and steel,Iron and steel,2035,1.908115830467237,GtCO2e/yr,plotted,"[""Emissions|GHG|Industry|Iron and Steel""]",fig04_emissions,,,,,,"[""AFE"", ""AFN"", ""AFW"", ""AFZ"", ""ANZ"", ""ASC"", ""ASE"", ""ASO"", ""BRA"", ""CAN"", ""CHL"", ""CHN"", ""ENE"", ""ENW"", ""EUE"", ""EUM"", ""EUW"", ""IDN"", ""IND"", ""JPN"", ""LAM"", ""MDA"", ""MEA"", ""MEX"", ""NIG"", ""RUS"", ""SKT"", ""USA""]",Sector GHG emissions,,,0.001,1908.115830467237,MtCO2e/yr,,,,,,,,,,,,,,,
ndc_noce,NDC,No CE,a,Global,Iron and steel,Iron and steel,2040,1.9034229335061859,GtCO2e/yr,plotted,"[""Emissions|GHG|Industry|Iron and Steel""]",fig04_emissions,,,,,,"[""AFE"", ""AFN"", ""AFW"", ""AFZ"", ""ANZ"", ""ASC"", ""ASE"", ""ASO"", ""BRA"", ""CAN"", ""CHL"", ""CHN"", ""ENE"", ""ENW"", ""EUE"", ""EUM"", ""EUW"", ""IDN"", ""IND"", ""JPN"", ""LAM"", ""MDA"", ""MEA"", ""MEX"", ""NIG"", ""RUS"", ""SKT"", ""USA""]",Sector GHG emissions,,,0.001,1903.422933506186,MtCO2e/yr,,,,,,,,,,,,,,,
ndc_noce,NDC,No CE,a,Global,Iron and steel,Iron and steel,2050,1.8763737764524242,GtCO2e/yr,plotted,"[""Emissions|GHG|Industry|Iron and Steel""]",fig04_emissions,,,,,,"[""AFE"", ""AFN"", ""AFW"", ""AFZ"", ""ANZ"", ""ASC"", ""ASE"", ""ASO"", ""BRA"", ""CAN"", ""CHL"", ""CHN"", ""ENE"", ""ENW"", ""EUE"", ""EUM"", ""EUW"", ""IDN"", ""IND"", ""JPN"", ""LAM"", ""MDA"", ""MEA"", ""MEX"", ""NIG"", ""RUS"", ""SKT"", ""USA""]",Sector GHG emissions,,,0.001,1876.3737764524242,MtCO2e/yr,,,,,,,,,,,,,,,
ndc_noce,NDC,No CE,b,Global,Iron and steel,Iron and steel,2019,29.539760576703067,%,plotted,"[""Emissions|GHG|Industry|Iron and Steel"", ""Emissions|GHG|Industry""]",fig04_emissions,,,,,,"[""AFE"", ""AFN"", ""AFW"", ""AFZ"", ""ANZ"", ""ASC"", ""ASE"", ""ASO"", ""BRA"", ""CAN"", ""CHL"", ""CHN"", ""ENE"", ""ENW"", ""EUE"", ""EUM"", ""EUW"", ""IDN"", ""IND"", ""JPN"", ""LAM"", ""MDA"", ""MEA"", ""MEX"", ""NIG"", ""RUS"", ""SKT"", ""USA""]",Share of industrial GHG emissions,,,100.0,2745.6560342379103,MtCO2e/yr,9294.780934694878,MtCO2e/yr,,,,,,,,,,,,,
ndc_noce,NDC,No CE,b,Global,Iron and steel,Iron and steel,2024,26.98827750017311,%,plotted,"[""Emissions|GHG|Industry|Iron and Steel"", ""Emissions|GHG|Industry""]",fig04_emissions,,,,,,"[""AFE"", ""AFN"", ""AFW"", ""AFZ"", ""ANZ"", ""ASC"", ""ASE"", ""ASO"", ""BRA"", ""CAN"", ""CHL"", ""CHN"", ""ENE"", ""ENW"", ""EUE"", ""EUM"", ""EUW"", ""IDN"", ""IND"", ""JPN"", ""LAM"", ""MDA"", ""MEA"", ""MEX"", ""NIG"", ""RUS"", ""SKT"", ""USA""]",Share of industrial GHG emissions,,,100.0,2640.5834046078244,MtCO2e/yr,9784.186503161927,MtCO2e/yr,,,,,,,,,,,,,
ndc_noce,NDC,No CE,b,Global,Iron and steel,Iron and steel,2030,23.217018033840848,%,plotted,"[""Emissions|GHG|Industry|Iron and Steel"", ""Emissions|GHG|Industry""]",fig04_emissions,,,,,,"[""AFE"", ""AFN"", ""AFW"", ""AFZ"", ""ANZ"", ""ASC"", ""ASE"", ""ASO"", ""BRA"", ""CAN"", ""CHL"", ""CHN"", ""ENE"", ""ENW"", ""EUE"", ""EUM"", ""EUW"", ""IDN"", ""IND"", ""JPN"", ""LAM"", ""MDA"", ""MEA"", ""MEX"", ""NIG"", ""RUS"", ""SKT"", ""USA""]",Share of industrial GHG emissions,,,100.0,2254.55810055937,MtCO2e/yr,9710.799626692597,MtCO2e/yr,,,,,,,,,,,,,
ndc_noce,NDC,No CE,b,Global,Iron and steel,Iron and steel,2035,19.33349099299634,%,plotted,"[""Emissions|GHG|Industry|Iron and Steel"", ""Emissions|GHG|Industry""]",fig04_emissions,,,,,,"[""AFE"", ""AFN"", ""AFW"", ""AFZ"", ""ANZ"", ""ASC"", ""ASE"", ""ASO"", ""BRA"", ""CAN"", ""CHL"", ""CHN"", ""ENE"", ""ENW"", ""EUE"", ""EUM"", ""EUW"", ""IDN"", ""IND"", ""JPN"", ""LAM"", ""MDA"", ""MEA"", ""MEX"", ""NIG"", ""RUS"", ""SKT"", ""USA""]",Share of industrial GHG emissions,,,100.0,1908.115830467237,MtCO2e/yr,9869.484156578148,MtCO2e/yr,,,,,,,,,,,,,
ndc_noce,NDC,No CE,b,Global,Iron and steel,Iron and steel,2040,18.69250958290202,%,plotted,"[""Emissions|GHG|Industry|Iron and Steel"", ""Emissions|GHG|Industry""]",fig04_emissions,,,,,,"[""AFE"", ""AFN"", ""AFW"", ""AFZ"", ""ANZ"", ""ASC"", ""ASE"", ""ASO"", ""BRA"", ""CAN"", ""CHL"", ""CHN"", ""ENE"", ""ENW"", ""EUE"", ""EUM"", ""EUW"", ""IDN"", ""IND"", ""JPN"", ""LAM"", ""MDA"", ""MEA"", ""MEX"", ""NIG"", ""RUS"", ""SKT"", ""USA""]",Share of industrial GHG emissions,,,100.0,1903.422933506186,MtCO2e/yr,10182.811061641723,MtCO2e/yr,,,,,,,,,,,,,
ndc_noce,NDC,No CE,b,Global,Iron and steel,Iron and steel,2050,17.318080649082294,%,plotted,"[""Emissions|GHG|Industry|Iron and Steel"", ""Emissions|GHG|Industry""]",fig04_emissions,,,,,,"[""AFE"", ""AFN"", ""AFW"", ""AFZ"", ""ANZ"", ""ASC"", ""ASE"", ""ASO"", ""BRA"", ""CAN"", ""CHL"", ""CHN"", ""ENE"", ""ENW"", ""EUE"", ""EUM"", ""EUW"", ""IDN"", ""IND"", ""JPN"", ""LAM"", ""MDA"", ""MEA"", ""MEX"", ""NIG"", ""RUS"", ""SKT"", ""USA""]",Share of industrial GHG emissions,,,100.0,1876.3737764524242,MtCO2e/yr,10834.76751537045,MtCO2e/yr,,,,,,,,,,,,,
ndc_noce,NDC,No CE,c,Global,Iron and steel,Iron and steel,2019,1.5647335496873123,tCO2e/t,plotted,"[""Emissions|GHG|Industry|Iron and Steel"", ""Production|Iron and Steel|Primary"", ""Production|Iron and Steel|Secondary""]",fig04_emissions,,,,,,"[""AFE"", ""AFN"", ""AFW"", ""AFZ"", ""ANZ"", ""ASC"", ""ASE"", ""ASO"", ""BRA"", ""CAN"", ""CHL"", ""CHN"", ""ENE"", ""ENW"", ""EUE"", ""EUM"", ""EUW"", ""IDN"", ""IND"", ""JPN"", ""LAM"", ""MDA"", ""MEA"", ""MEX"", ""NIG"", ""RUS"", ""SKT"", ""USA""]",Derived emissions intensity,,,1.0,2745.6560342379103,MtCO2e/yr,1754.711551232852,Mt/yr,,,,,,,,,,,,,
ndc_noce,NDC,No CE,c,Global,Iron and steel,Iron and steel,2024,1.5307025003261827,tCO2e/t,plotted,"[""Emissions|GHG|Industry|Iron and Steel"", ""Production|Iron and Steel|Primary"", ""Production|Iron and Steel|Secondary""]",fig04_emissions,,,,,,"[""AFE"", ""AFN"", ""AFW"", ""AFZ"", ""ANZ"", ""ASC"", ""ASE"", ""ASO"", ""BRA"", ""CAN"", ""CHL"", ""CHN"", ""ENE"", ""ENW"", ""EUE"", ""EUM"", ""EUW"", ""IDN"", ""IND"", ""JPN"", ""LAM"", ""MDA"", ""MEA"", ""MEX"", ""NIG"", ""RUS"", ""SKT"", ""USA""]",Derived emissions intensity,,,1.0,2640.5834046078244,MtCO2e/yr,1725.0794351254624,Mt/yr,,,,,,,,,,,,,
ndc_noce,NDC,No CE,c,Global,Iron and steel,Iron and steel,2030,1.3730651595503995,tCO2e/t,plotted,"[""Emissions|GHG|Industry|Iron and Steel"", ""Production|Iron and Steel|Primary"", ""Production|Iron and Steel|Secondary""]",fig04_emissions,,,,,,"[""AFE"", ""AFN"", ""AFW"", ""AFZ"", ""ANZ"", ""ASC"", ""ASE"", ""ASO"", ""BRA"", ""CAN"", ""CHL"", ""CHN"", ""ENE"", ""ENW"", ""EUE"", ""EUM"", ""EUW"", ""IDN"", ""IND"", ""JPN"", ""LAM"", ""MDA"", ""MEA"", ""MEX"", ""NIG"", ""RUS"", ""SKT"", ""USA""]",Derived emissions intensity,,,1.0,2254.55810055937,MtCO2e/yr,1641.98915461347,Mt/yr,,,,,,,,,,,,,
ndc_noce,NDC,No CE,c,Global,Iron and steel,Iron and steel,2035,1.1958319262896535,tCO2e/t,plotted,"[""Emissions|GHG|Industry|Iron and Steel"", ""Production|Iron and Steel|Primary"", ""Production|Iron and Steel|Secondary""]",fig04_emissions,,,,,,"[""AFE"", ""AFN"", ""AFW"", ""AFZ"", ""ANZ"", ""ASC"", ""ASE"", ""ASO"", ""BRA"", ""CAN"", ""CHL"", ""CHN"", ""ENE"", ""ENW"", ""EUE"", ""EUM"", ""EUW"", ""IDN"", ""IND"", ""JPN"", ""LAM"", ""MDA"", ""MEA"", ""MEX"", ""NIG"", ""RUS"", ""SKT"", ""USA""]",Derived emissions intensity,,,1.0,1908.115830467237,MtCO2e/yr,1595.6388088647288,Mt/yr,,,,,,,,,,,,,
ndc_noce,NDC,No CE,c,Global,Iron and steel,Iron and steel,2040,1.1306607709986891,tCO2e/t,plotted,"[""Emissions|GHG|Industry|Iron and Steel"", ""Production|Iron and Steel|Primary"", ""Production|Iron and Steel|Secondary""]",fig04_emissions,,,,,,"[""AFE"", ""AFN"", ""AFW"", ""AFZ"", ""ANZ"", ""ASC"", ""ASE"", ""ASO"", ""BRA"", ""CAN"", ""CHL"", ""CHN"", ""ENE"", ""ENW"", ""EUE"", ""EUM"", ""EUW"", ""IDN"", ""IND"", ""JPN"", ""LAM"", ""MDA"", ""MEA"", ""MEX"", ""NIG"", ""RUS"", ""SKT"", ""USA""]",Derived emissions intensity,,,1.0,1903.422933506186,MtCO2e/yr,1683.460665063078,Mt/yr,,,,,,,,,,,,,
ndc_noce,NDC,No CE,c,Global,Iron and steel,Iron and steel,2050,0.8579945270970161,tCO2e/t,plotted,"[""Emissions|GHG|Industry|Iron and Steel"", ""Production|Iron and Steel|Primary"", ""Production|Iron and Steel|Secondary""]",fig04_emissions,,,,,,"[""AFE"", ""AFN"", ""AFW"", ""AFZ"", ""ANZ"", ""ASC"", ""ASE"", ""ASO"", ""BRA"", ""CAN"", ""CHL"", ""CHN"", ""ENE"", ""ENW"", ""EUE"", ""EUM"", ""EUW"", ""IDN"", ""IND"", ""JPN"", ""LAM"", ""MDA"", ""MEA"", ""MEX"", ""NIG"", ""RUS"", ""SKT"", ""USA""]",Derived emissions intensity,,,1.0,1876.3737764524242,MtCO2e/yr,2186.9297730849707,Mt/yr,,,,,,,,,,,,,
ndc_noce,NDC,No CE,d,Global,Iron and steel,Iron and steel,2019,0.0,MtCO2/yr,plotted,"[""Carbon Capture|Industry|Iron and Steel""]",fig04_emissions,,,,,,"[""AFE"", ""AFN"", ""AFW"", ""AFZ"", ""ANZ"", ""ASC"", ""ASE"", ""ASO"", ""BRA"", ""CAN"", ""CHL"", ""CHN"", ""ENE"", ""ENW"", ""EUE"", ""EUM"", ""EUW"", ""IDN"", ""IND"", ""JPN"", ""LAM"", ""MDA"", ""MEA"", ""MEX"", ""NIG"", ""RUS"", ""SKT"", ""USA""]",Carbon capture,,,1.0,0.0,MtCO2/yr,,,,,,,,,,,,,,,
ndc_noce,NDC,No CE,d,Global,Iron and steel,Iron and steel,2024,0.0,MtCO2/yr,plotted,"[""Carbon Capture|Industry|Iron and Steel""]",fig04_emissions,,,,,,"[""AFE"", ""AFN"", ""AFW"", ""AFZ"", ""ANZ"", ""ASC"", ""ASE"", ""ASO"", ""BRA"", ""CAN"", ""CHL"", ""CHN"", ""ENE"", ""ENW"", ""EUE"", ""EUM"", ""EUW"", ""IDN"", ""IND"", ""JPN"", ""LAM"", ""MDA"", ""MEA"", ""MEX"", ""NIG"", ""RUS"", ""SKT"", ""USA""]",Carbon capture,,,1.0,0.0,MtCO2/yr,,,,,,,,,,,,,,,
ndc_noce,NDC,No CE,d,Global,Iron and steel,Iron and steel,2030,0.0,MtCO2/yr,plotted,"[""Carbon Capture|Industry|Iron and Steel""]",fig04_emissions,,,,,,"[""AFE"", ""AFN"", ""AFW"", ""AFZ"", ""ANZ"", ""ASC"", ""ASE"", ""ASO"", ""BRA"", ""CAN"", ""CHL"", ""CHN"", ""ENE"", ""ENW"", ""EUE"", ""EUM"", ""EUW"", ""IDN"", ""IND"", ""JPN"", ""LAM"", ""MDA"", ""MEA"", ""MEX"", ""NIG"", ""RUS"", ""SKT"", ""USA""]",Carbon capture,,,1.0,0.0,MtCO2/yr,,,,,,,,,,,,,,,
ndc_noce,NDC,No CE,d,Global,Iron and steel,Iron and steel,2035,19.883883415222485,MtCO2/yr,plotted,"[""Carbon Capture|Industry|Iron and Steel""]",fig04_emissions,,,,,,"[""AFE"", ""AFN"", ""AFW"", ""AFZ"", ""ANZ"", ""ASC"", ""ASE"", ""ASO"", ""BRA"", ""CAN"", ""CHL"", ""CHN"", ""ENE"", ""ENW"", ""EUE"", ""EUM"", ""EUW"", ""IDN"", ""IND"", ""JPN"", ""LAM"", ""MDA"", ""MEA"", ""MEX"", ""NIG"", ""RUS"", ""SKT"", ""USA""]",Carbon capture,,,1.0,19.883883415222485,MtCO2/yr,,,,,,,,,,,,,,,
ndc_noce,NDC,No CE,d,Global,Iron and steel,Iron and steel,2040,20.555950090288963,MtCO2/yr,plotted,"[""Carbon Capture|Industry|Iron and Steel""]",fig04_emissions,,,,,,"[""AFE"", ""AFN"", ""AFW"", ""AFZ"", ""ANZ"", ""ASC"", ""ASE"", ""ASO"", ""BRA"", ""CAN"", ""CHL"", ""CHN"", ""ENE"", ""ENW"", ""EUE"", ""EUM"", ""EUW"", ""IDN"", ""IND"", ""JPN"", ""LAM"", ""MDA"", ""MEA"", ""MEX"", ""NIG"", ""RUS"", ""SKT"", ""USA""]",Carbon capture,,,1.0,20.555950090288963,MtCO2/yr,,,,,,,,,,,,,,,
ndc_noce,NDC,No CE,d,Global,Iron and steel,Iron and steel,2050,177.22044640206735,MtCO2/yr,plotted,"[""Carbon Capture|Industry|Iron and Steel""]",fig04_emissions,,,,,,"[""AFE"", ""AFN"", ""AFW"", ""AFZ"", ""ANZ"", ""ASC"", ""ASE"", ""ASO"", ""BRA"", ""CAN"", ""CHL"", ""CHN"", ""ENE"", ""ENW"", ""EUE"", ""EUM"", ""EUW"", ""IDN"", ""IND"", ""JPN"", ""LAM"", ""MDA"", ""MEA"", ""MEX"", ""NIG"", ""RUS"", ""SKT"", ""USA""]",Carbon capture,,,1.0,177.22044640206735,MtCO2/yr,,,,,,,,,,,,,,,
ndc_noce,NDC,No CE,a,Global,Aluminium,Aluminium,2019,0.20657298142796365,GtCO2e/yr,plotted,"[""Emissions|GHG|Industry|Non-Ferrous Metals|Aluminum""]",fig04_emissions,,,,,,"[""AFE"", ""AFN"", ""AFW"", ""AFZ"", ""ANZ"", ""ASC"", ""ASE"", ""ASO"", ""BRA"", ""CAN"", ""CHL"", ""CHN"", ""ENE"", ""ENW"", ""EUE"", ""EUM"", ""EUW"", ""IDN"", ""IND"", ""JPN"", ""LAM"", ""MDA"", ""MEA"", ""MEX"", ""NIG"", ""RUS"", ""SKT"", ""USA""]",Sector GHG emissions,,,0.001,206.57298142796364,MtCO2e/yr,,,,,,,,,,,,,,,
ndc_noce,NDC,No CE,a,Global,Aluminium,Aluminium,2024,0.24798624821972323,GtCO2e/yr,plotted,"[""Emissions|GHG|Industry|Non-Ferrous Metals|Aluminum""]",fig04_emissions,,,,,,"[""AFE"", ""AFN"", ""AFW"", ""AFZ"", ""ANZ"", ""ASC"", ""ASE"", ""ASO"", ""BRA"", ""CAN"", ""CHL"", ""CHN"", ""ENE"", ""ENW"", ""EUE"", ""EUM"", ""EUW"", ""IDN"", ""IND"", ""JPN"", ""LAM"", ""MDA"", ""MEA"", ""MEX"", ""NIG"", ""RUS"", ""SKT"", ""USA""]",Sector GHG emissions,,,0.001,247.98624821972322,MtCO2e/yr,,,,,,,,,,,,,,,
ndc_noce,NDC,No CE,a,Global,Aluminium,Aluminium,2030,0.2058740961820145,GtCO2e/yr,plotted,"[""Emissions|GHG|Industry|Non-Ferrous Metals|Aluminum""]",fig04_emissions,,,,,,"[""AFE"", ""AFN"", ""AFW"", ""AFZ"", ""ANZ"", ""ASC"", ""ASE"", ""ASO"", ""BRA"", ""CAN"", ""CHL"", ""CHN"", ""ENE"", ""ENW"", ""EUE"", ""EUM"", ""EUW"", ""IDN"", ""IND"", ""JPN"", ""LAM"", ""MDA"", ""MEA"", ""MEX"", ""NIG"", ""RUS"", ""SKT"", ""USA""]",Sector GHG emissions,,,0.001,205.87409618201448,MtCO2e/yr,,,,,,,,,,,,,,,
ndc_noce,NDC,No CE,a,Global,Aluminium,Aluminium,2035,0.173434616038934,GtCO2e/yr,plotted,"[""Emissions|GHG|Industry|Non-Ferrous Metals|Aluminum""]",fig04_emissions,,,,,,"[""AFE"", ""AFN"", ""AFW"", ""AFZ"", ""ANZ"", ""ASC"", ""ASE"", ""ASO"", ""BRA"", ""CAN"", ""CHL"", ""CHN"", ""ENE"", ""ENW"", ""EUE"", ""EUM"", ""EUW"", ""IDN"", ""IND"", ""JPN"", ""LAM"", ""MDA"", ""MEA"", ""MEX"", ""NIG"", ""RUS"", ""SKT"", ""USA""]",Sector GHG emissions,,,0.001,173.434616038934,MtCO2e/yr,,,,,,,,,,,,,,,
ndc_noce,NDC,No CE,a,Global,Aluminium,Aluminium,2040,0.14175203140818193,GtCO2e/yr,plotted,"[""Emissions|GHG|Industry|Non-Ferrous Metals|Aluminum""]",fig04_emissions,,,,,,"[""AFE"", ""AFN"", ""AFW"", ""AFZ"", ""ANZ"", ""ASC"", ""ASE"", ""ASO"", ""BRA"", ""CAN"", ""CHL"", ""CHN"", ""ENE"", ""ENW"", ""EUE"", ""EUM"", ""EUW"", ""IDN"", ""IND"", ""JPN"", ""LAM"", ""MDA"", ""MEA"", ""MEX"", ""NIG"", ""RUS"", ""SKT"", ""USA""]",Sector GHG emissions,,,0.001,141.75203140818192,MtCO2e/yr,,,,,,,,,,,,,,,
ndc_noce,NDC,No CE,a,Global,Aluminium,Aluminium,2050,0.08008544224828724,GtCO2e/yr,plotted,"[""Emissions|GHG|Industry|Non-Ferrous Metals|Aluminum""]",fig04_emissions,,,,,,"[""AFE"", ""AFN"", ""AFW"", ""AFZ"", ""ANZ"", ""ASC"", ""ASE"", ""ASO"", ""BRA"", ""CAN"", ""CHL"", ""CHN"", ""ENE"", ""ENW"", ""EUE"", ""EUM"", ""EUW"", ""IDN"", ""IND"", ""JPN"", ""LAM"", ""MDA"", ""MEA"", ""MEX"", ""NIG"", ""RUS"", ""SKT"", ""USA""]",Sector GHG emissions,,,0.001,80.08544224828725,MtCO2e/yr,,,,,,,,,,,,,,,
ndc_noce,NDC,No CE,b,Global,Aluminium,Aluminium,2019,2.2224620771521697,%,plotted,"[""Emissions|GHG|Industry|Non-Ferrous Metals|Aluminum"", ""Emissions|GHG|Industry""]",fig04_emissions,,,,,,"[""AFE"", ""AFN"", ""AFW"", ""AFZ"", ""ANZ"", ""ASC"", ""ASE"", ""ASO"", ""BRA"", ""CAN"", ""CHL"", ""CHN"", ""ENE"", ""ENW"", ""EUE"", ""EUM"", ""EUW"", ""IDN"", ""IND"", ""JPN"", ""LAM"", ""MDA"", ""MEA"", ""MEX"", ""NIG"", ""RUS"", ""SKT"", ""USA""]",Share of industrial GHG emissions,,,100.0,206.57298142796364,MtCO2e/yr,9294.780934694878,MtCO2e/yr,,,,,,,,,,,,,
ndc_noce,NDC,No CE,b,Global,Aluminium,Aluminium,2024,2.5345617455225558,%,plotted,"[""Emissions|GHG|Industry|Non-Ferrous Metals|Aluminum"", ""Emissions|GHG|Industry""]",fig04_emissions,,,,,,"[""AFE"", ""AFN"", ""AFW"", ""AFZ"", ""ANZ"", ""ASC"", ""ASE"", ""ASO"", ""BRA"", ""CAN"", ""CHL"", ""CHN"", ""ENE"", ""ENW"", ""EUE"", ""EUM"", ""EUW"", ""IDN"", ""IND"", ""JPN"", ""LAM"", ""MDA"", ""MEA"", ""MEX"", ""NIG"", ""RUS"", ""SKT"", ""USA""]",Share of industrial GHG emissions,,,100.0,247.98624821972322,MtCO2e/yr,9784.186503161927,MtCO2e/yr,,,,,,,,,,,,,
ndc_noce,NDC,No CE,b,Global,Aluminium,Aluminium,2030,2.120052972940738,%,plotted,"[""Emissions|GHG|Industry|Non-Ferrous Metals|Aluminum"", ""Emissions|GHG|Industry""]",fig04_emissions,,,,,,"[""AFE"", ""AFN"", ""AFW"", ""AFZ"", ""ANZ"", ""ASC"", ""ASE"", ""ASO"", ""BRA"", ""CAN"", ""CHL"", ""CHN"", ""ENE"", ""ENW"", ""EUE"", ""EUM"", ""EUW"", ""IDN"", ""IND"", ""JPN"", ""LAM"", ""MDA"", ""MEA"", ""MEX"", ""NIG"", ""RUS"", ""SKT"", ""USA""]",Share of industrial GHG emissions,,,100.0,205.87409618201448,MtCO2e/yr,9710.799626692597,MtCO2e/yr,,,,,,,,,,,,,
ndc_noce,NDC,No CE,b,Global,Aluminium,Aluminium,2035,1.7572814676776942,%,plotted,"[""Emissions|GHG|Industry|Non-Ferrous Metals|Aluminum"", ""Emissions|GHG|Industry""]",fig04_emissions,,,,,,"[""AFE"", ""AFN"", ""AFW"", ""AFZ"", ""ANZ"", ""ASC"", ""ASE"", ""ASO"", ""BRA"", ""CAN"", ""CHL"", ""CHN"", ""ENE"", ""ENW"", ""EUE"", ""EUM"", ""EUW"", ""IDN"", ""IND"", ""JPN"", ""LAM"", ""MDA"", ""MEA"", ""MEX"", ""NIG"", ""RUS"", ""SKT"", ""USA""]",Share of industrial GHG emissions,,,100.0,173.434616038934,MtCO2e/yr,9869.484156578148,MtCO2e/yr,,,,,,,,,,,,,
ndc_noce,NDC,No CE,b,Global,Aluminium,Aluminium,2040,1.3920717034823187,%,plotted,"[""Emissions|GHG|Industry|Non-Ferrous Metals|Aluminum"", ""Emissions|GHG|Industry""]",fig04_emissions,,,,,,"[""AFE"", ""AFN"", ""AFW"", ""AFZ"", ""ANZ"", ""ASC"", ""ASE"", ""ASO"", ""BRA"", ""CAN"", ""CHL"", ""CHN"", ""ENE"", ""ENW"", ""EUE"", ""EUM"", ""EUW"", ""IDN"", ""IND"", ""JPN"", ""LAM"", ""MDA"", ""MEA"", ""MEX"", ""NIG"", ""RUS"", ""SKT"", ""USA""]",Share of industrial GHG emissions,,,100.0,141.75203140818192,MtCO2e/yr,10182.811061641723,MtCO2e/yr,,,,,,,,,,,,,
ndc_noce,NDC,No CE,b,Global,Aluminium,Aluminium,2050,0.7391523826854265,%,plotted,"[""Emissions|GHG|Industry|Non-Ferrous Metals|Aluminum"", ""Emissions|GHG|Industry""]",fig04_emissions,,,,,,"[""AFE"", ""AFN"", ""AFW"", ""AFZ"", ""ANZ"", ""ASC"", ""ASE"", ""ASO"", ""BRA"", ""CAN"", ""CHL"", ""CHN"", ""ENE"", ""ENW"", ""EUE"", ""EUM"", ""EUW"", ""IDN"", ""IND"", ""JPN"", ""LAM"", ""MDA"", ""MEA"", ""MEX"", ""NIG"", ""RUS"", ""SKT"", ""USA""]",Share of industrial GHG emissions,,,100.0,80.08544224828725,MtCO2e/yr,10834.76751537045,MtCO2e/yr,,,,,,,,,,,,,
ndc_noce,NDC,No CE,c,Global,Aluminium,Aluminium,2019,2.1859580832684005,tCO2e/t,plotted,"[""Emissions|GHG|Industry|Non-Ferrous Metals|Aluminum"", ""Production|Non-Ferrous Metals|Aluminum|Primary"", ""Production|Non-Ferrous Metals|Aluminum|Secondary""]",fig04_emissions,,,,,,"[""AFE"", ""AFN"", ""AFW"", ""AFZ"", ""ANZ"", ""ASC"", ""ASE"", ""ASO"", ""BRA"", ""CAN"", ""CHL"", ""CHN"", ""ENE"", ""ENW"", ""EUE"", ""EUM"", ""EUW"", ""IDN"", ""IND"", ""JPN"", ""LAM"", ""MDA"", ""MEA"", ""MEX"", ""NIG"", ""RUS"", ""SKT"", ""USA""]",Derived emissions intensity,,,1.0,206.57298142796364,MtCO2e/yr,94.49997372278058,Mt/yr,,,,,,,,,,,,,
ndc_noce,NDC,No CE,c,Global,Aluminium,Aluminium,2024,2.0492475066360236,tCO2e/t,plotted,"[""Emissions|GHG|Industry|Non-Ferrous Metals|Aluminum"", ""Production|Non-Ferrous Metals|Aluminum|Primary"", ""Production|Non-Ferrous Metals|Aluminum|Secondary""]",fig04_emissions,,,,,,"[""AFE"", ""AFN"", ""AFW"", ""AFZ"", ""ANZ"", ""ASC"", ""ASE"", ""ASO"", ""BRA"", ""CAN"", ""CHL"", ""CHN"", ""ENE"", ""ENW"", ""EUE"", ""EUM"", ""EUW"", ""IDN"", ""IND"", ""JPN"", ""LAM"", ""MDA"", ""MEA"", ""MEX"", ""NIG"", ""RUS"", ""SKT"", ""USA""]",Derived emissions intensity,,,1.0,247.98624821972322,MtCO2e/yr,121.01332192264523,Mt/yr,,,,,,,,,,,,,
ndc_noce,NDC,No CE,c,Global,Aluminium,Aluminium,2030,1.6552267664390097,tCO2e/t,plotted,"[""Emissions|GHG|Industry|Non-Ferrous Metals|Aluminum"", ""Production|Non-Ferrous Metals|Aluminum|Primary"", ""Production|Non-Ferrous Metals|Aluminum|Secondary""]",fig04_emissions,,,,,,"[""AFE"", ""AFN"", ""AFW"", ""AFZ"", ""ANZ"", ""ASC"", ""ASE"", ""ASO"", ""BRA"", ""CAN"", ""CHL"", ""CHN"", ""ENE"", ""ENW"", ""EUE"", ""EUM"", ""EUW"", ""IDN"", ""IND"", ""JPN"", ""LAM"", ""MDA"", ""MEA"", ""MEX"", ""NIG"", ""RUS"", ""SKT"", ""USA""]",Derived emissions intensity,,,1.0,205.87409618201448,MtCO2e/yr,124.37818210547911,Mt/yr,,,,,,,,,,,,,
ndc_noce,NDC,No CE,c,Global,Aluminium,Aluminium,2035,1.3653333217496375,tCO2e/t,plotted,"[""Emissions|GHG|Industry|Non-Ferrous Metals|Aluminum"", ""Production|Non-Ferrous Metals|Aluminum|Primary"", ""Production|Non-Ferrous Metals|Aluminum|Secondary""]",fig04_emissions,,,,,,"[""AFE"", ""AFN"", ""AFW"", ""AFZ"", ""ANZ"", ""ASC"", ""ASE"", ""ASO"", ""BRA"", ""CAN"", ""CHL"", ""CHN"", ""ENE"", ""ENW"", ""EUE"", ""EUM"", ""EUW"", ""IDN"", ""IND"", ""JPN"", ""LAM"", ""MDA"", ""MEA"", ""MEX"", ""NIG"", ""RUS"", ""SKT"", ""USA""]",Derived emissions intensity,,,1.0,173.434616038934,MtCO2e/yr,127.02730774686012,Mt/yr,,,,,,,,,,,,,
ndc_noce,NDC,No CE,c,Global,Aluminium,Aluminium,2040,1.0782800419141867,tCO2e/t,plotted,"[""Emissions|GHG|Industry|Non-Ferrous Metals|Aluminum"", ""Production|Non-Ferrous Metals|Aluminum|Primary"", ""Production|Non-Ferrous Metals|Aluminum|Secondary""]",fig04_emissions,,,,,,"[""AFE"", ""AFN"", ""AFW"", ""AFZ"", ""ANZ"", ""ASC"", ""ASE"", ""ASO"", ""BRA"", ""CAN"", ""CHL"", ""CHN"", ""ENE"", ""ENW"", ""EUE"", ""EUM"", ""EUW"", ""IDN"", ""IND"", ""JPN"", ""LAM"", ""MDA"", ""MEA"", ""MEX"", ""NIG"", ""RUS"", ""SKT"", ""USA""]",Derived emissions intensity,,,1.0,141.75203140818192,MtCO2e/yr,131.46124002864838,Mt/yr,,,,,,,,,,,,,
ndc_noce,NDC,No CE,c,Global,Aluminium,Aluminium,2050,0.6020822952587981,tCO2e/t,plotted,"[""Emissions|GHG|Industry|Non-Ferrous Metals|Aluminum"", ""Production|Non-Ferrous Metals|Aluminum|Primary"", ""Production|Non-Ferrous Metals|Aluminum|Secondary""]",fig04_emissions,,,,,,"[""AFE"", ""AFN"", ""AFW"", ""AFZ"", ""ANZ"", ""ASC"", ""ASE"", ""ASO"", ""BRA"", ""CAN"", ""CHL"", ""CHN"", ""ENE"", ""ENW"", ""EUE"", ""EUM"", ""EUW"", ""IDN"", ""IND"", ""JPN"", ""LAM"", ""MDA"", ""MEA"", ""MEX"", ""NIG"", ""RUS"", ""SKT"", ""USA""]",Derived emissions intensity,,,1.0,80.08544224828725,MtCO2e/yr,133.0141126535924,Mt/yr,,,,,,,,,,,,,
ndc_noce,NDC,No CE,d,Global,Aluminium,Aluminium,2019,0.0,MtCO2/yr,plotted,"[""Carbon Capture|Industry|Non-Ferrous Metals|Aluminum""]",fig04_emissions,,,,,,"[""AFE"", ""AFN"", ""AFW"", ""AFZ"", ""ANZ"", ""ASC"", ""ASE"", ""ASO"", ""BRA"", ""CAN"", ""CHL"", ""CHN"", ""ENE"", ""ENW"", ""EUE"", ""EUM"", ""EUW"", ""IDN"", ""IND"", ""JPN"", ""LAM"", ""MDA"", ""MEA"", ""MEX"", ""NIG"", ""RUS"", ""SKT"", ""USA""]",Carbon capture,,,1.0,0.0,MtCO2/yr,,,,,,,,,,,,,,,
ndc_noce,NDC,No CE,d,Global,Aluminium,Aluminium,2024,0.0,MtCO2/yr,plotted,"[""Carbon Capture|Industry|Non-Ferrous Metals|Aluminum""]",fig04_emissions,,,,,,"[""AFE"", ""AFN"", ""AFW"", ""AFZ"", ""ANZ"", ""ASC"", ""ASE"", ""ASO"", ""BRA"", ""CAN"", ""CHL"", ""CHN"", ""ENE"", ""ENW"", ""EUE"", ""EUM"", ""EUW"", ""IDN"", ""IND"", ""JPN"", ""LAM"", ""MDA"", ""MEA"", ""MEX"", ""NIG"", ""RUS"", ""SKT"", ""USA""]",Carbon capture,,,1.0,0.0,MtCO2/yr,,,,,,,,,,,,,,,
ndc_noce,NDC,No CE,d,Global,Aluminium,Aluminium,2030,6.192093818112701e-06,MtCO2/yr,plotted,"[""Carbon Capture|Industry|Non-Ferrous Metals|Aluminum""]",fig04_emissions,,,,,,"[""AFE"", ""AFN"", ""AFW"", ""AFZ"", ""ANZ"", ""ASC"", ""ASE"", ""ASO"", ""BRA"", ""CAN"", ""CHL"", ""CHN"", ""ENE"", ""ENW"", ""EUE"", ""EUM"", ""EUW"", ""IDN"", ""IND"", ""JPN"", ""LAM"", ""MDA"", ""MEA"", ""MEX"", ""NIG"", ""RUS"", ""SKT"", ""USA""]",Carbon capture,,,1.0,6.192093818112701e-06,MtCO2/yr,,,,,,,,,,,,,,,
ndc_noce,NDC,No CE,d,Global,Aluminium,Aluminium,2035,2.9810719697958605e-05,MtCO2/yr,plotted,"[""Carbon Capture|Industry|Non-Ferrous Metals|Aluminum""]",fig04_emissions,,,,,,"[""AFE"", ""AFN"", ""AFW"", ""AFZ"", ""ANZ"", ""ASC"", ""ASE"", ""ASO"", ""BRA"", ""CAN"", ""CHL"", ""CHN"", ""ENE"", ""ENW"", ""EUE"", ""EUM"", ""EUW"", ""IDN"", ""IND"", ""JPN"", ""LAM"", ""MDA"", ""MEA"", ""MEX"", ""NIG"", ""RUS"", ""SKT"", ""USA""]",Carbon capture,,,1.0,2.9810719697958605e-05,MtCO2/yr,,,,,,,,,,,,,,,
ndc_noce,NDC,No CE,d,Global,Aluminium,Aluminium,2040,4.948709604880988e-05,MtCO2/yr,plotted,"[""Carbon Capture|Industry|Non-Ferrous Metals|Aluminum""]",fig04_emissions,,,,,,"[""AFE"", ""AFN"", ""AFW"", ""AFZ"", ""ANZ"", ""ASC"", ""ASE"", ""ASO"", ""BRA"", ""CAN"", ""CHL"", ""CHN"", ""ENE"", ""ENW"", ""EUE"", ""EUM"", ""EUW"", ""IDN"", ""IND"", ""JPN"", ""LAM"", ""MDA"", ""MEA"", ""MEX"", ""NIG"", ""RUS"", ""SKT"", ""USA""]",Carbon capture,,,1.0,4.948709604880988e-05,MtCO2/yr,,,,,,,,,,,,,,,
ndc_noce,NDC,No CE,d,Global,Aluminium,Aluminium,2050,0.00010401732243766891,MtCO2/yr,plotted,"[""Carbon Capture|Industry|Non-Ferrous Metals|Aluminum""]",fig04_emissions,,,,,,"[""AFE"", ""AFN"", ""AFW"", ""AFZ"", ""ANZ"", ""ASC"", ""ASE"", ""ASO"", ""BRA"", ""CAN"", ""CHL"", ""CHN"", ""ENE"", ""ENW"", ""EUE"", ""EUM"", ""EUW"", ""IDN"", ""IND"", ""JPN"", ""LAM"", ""MDA"", ""MEA"", ""MEX"", ""NIG"", ""RUS"", ""SKT"", ""USA""]",Carbon capture,,,1.0,0.00010401732243766891,MtCO2/yr,,,,,,,,,,,,,,,
baseline_noce,NDC+LTT,No CE,a,Global,Cement,Cement,2019,2.542758438447978,GtCO2e/yr,plotted,"[""Emissions|GHG|Industry|Non-Metallic Minerals|Cement""]",fig04_emissions,,,,,,"[""AFE"", ""AFN"", ""AFW"", ""AFZ"", ""ANZ"", ""ASC"", ""ASE"", ""ASO"", ""BRA"", ""CAN"", ""CHL"", ""CHN"", ""ENE"", ""ENW"", ""EUE"", ""EUM"", ""EUW"", ""IDN"", ""IND"", ""JPN"", ""LAM"", ""MDA"", ""MEA"", ""MEX"", ""NIG"", ""RUS"", ""SKT"", ""USA""]",Sector GHG emissions,,,0.001,2542.758438447978,MtCO2e/yr,,,,,,,,,,,,,,,
baseline_noce,NDC+LTT,No CE,a,Global,Cement,Cement,2024,2.36069368367247,GtCO2e/yr,plotted,"[""Emissions|GHG|Industry|Non-Metallic Minerals|Cement""]",fig04_emissions,,,,,,"[""AFE"", ""AFN"", ""AFW"", ""AFZ"", ""ANZ"", ""ASC"", ""ASE"", ""ASO"", ""BRA"", ""CAN"", ""CHL"", ""CHN"", ""ENE"", ""ENW"", ""EUE"", ""EUM"", ""EUW"", ""IDN"", ""IND"", ""JPN"", ""LAM"", ""MDA"", ""MEA"", ""MEX"", ""NIG"", ""RUS"", ""SKT"", ""USA""]",Sector GHG emissions,,,0.001,2360.6936836724703,MtCO2e/yr,,,,,,,,,,,,,,,
baseline_noce,NDC+LTT,No CE,a,Global,Cement,Cement,2030,2.0977976651628745,GtCO2e/yr,plotted,"[""Emissions|GHG|Industry|Non-Metallic Minerals|Cement""]",fig04_emissions,,,,,,"[""AFE"", ""AFN"", ""AFW"", ""AFZ"", ""ANZ"", ""ASC"", ""ASE"", ""ASO"", ""BRA"", ""CAN"", ""CHL"", ""CHN"", ""ENE"", ""ENW"", ""EUE"", ""EUM"", ""EUW"", ""IDN"", ""IND"", ""JPN"", ""LAM"", ""MDA"", ""MEA"", ""MEX"", ""NIG"", ""RUS"", ""SKT"", ""USA""]",Sector GHG emissions,,,0.001,2097.7976651628746,MtCO2e/yr,,,,,,,,,,,,,,,
baseline_noce,NDC+LTT,No CE,a,Global,Cement,Cement,2035,1.9921680957149694,GtCO2e/yr,plotted,"[""Emissions|GHG|Industry|Non-Metallic Minerals|Cement""]",fig04_emissions,,,,,,"[""AFE"", ""AFN"", ""AFW"", ""AFZ"", ""ANZ"", ""ASC"", ""ASE"", ""ASO"", ""BRA"", ""CAN"", ""CHL"", ""CHN"", ""ENE"", ""ENW"", ""EUE"", ""EUM"", ""EUW"", ""IDN"", ""IND"", ""JPN"", ""LAM"", ""MDA"", ""MEA"", ""MEX"", ""NIG"", ""RUS"", ""SKT"", ""USA""]",Sector GHG emissions,,,0.001,1992.1680957149695,MtCO2e/yr,,,,,,,,,,,,,,,
baseline_noce,NDC+LTT,No CE,a,Global,Cement,Cement,2040,1.9110899971156512,GtCO2e/yr,plotted,"[""Emissions|GHG|Industry|Non-Metallic Minerals|Cement""]",fig04_emissions,,,,,,"[""AFE"", ""AFN"", ""AFW"", ""AFZ"", ""ANZ"", ""ASC"", ""ASE"", ""ASO"", ""BRA"", ""CAN"", ""CHL"", ""CHN"", ""ENE"", ""ENW"", ""EUE"", ""EUM"", ""EUW"", ""IDN"", ""IND"", ""JPN"", ""LAM"", ""MDA"", ""MEA"", ""MEX"", ""NIG"", ""RUS"", ""SKT"", ""USA""]",Sector GHG emissions,,,0.001,1911.0899971156512,MtCO2e/yr,,,,,,,,,,,,,,,
baseline_noce,NDC+LTT,No CE,a,Global,Cement,Cement,2050,1.7181234608434015,GtCO2e/yr,plotted,"[""Emissions|GHG|Industry|Non-Metallic Minerals|Cement""]",fig04_emissions,,,,,,"[""AFE"", ""AFN"", ""AFW"", ""AFZ"", ""ANZ"", ""ASC"", ""ASE"", ""ASO"", ""BRA"", ""CAN"", ""CHL"", ""CHN"", ""ENE"", ""ENW"", ""EUE"", ""EUM"", ""EUW"", ""IDN"", ""IND"", ""JPN"", ""LAM"", ""MDA"", ""MEA"", ""MEX"", ""NIG"", ""RUS"", ""SKT"", ""USA""]",Sector GHG emissions,,,0.001,1718.1234608434015,MtCO2e/yr,,,,,,,,,,,,,,,
baseline_noce,NDC+LTT,No CE,b,Global,Cement,Cement,2019,27.356840966058222,%,plotted,"[""Emissions|GHG|Industry|Non-Metallic Minerals|Cement"", ""Emissions|GHG|Industry""]",fig04_emissions,,,,,,"[""AFE"", ""AFN"", ""AFW"", ""AFZ"", ""ANZ"", ""ASC"", ""ASE"", ""ASO"", ""BRA"", ""CAN"", ""CHL"", ""CHN"", ""ENE"", ""ENW"", ""EUE"", ""EUM"", ""EUW"", ""IDN"", ""IND"", ""JPN"", ""LAM"", ""MDA"", ""MEA"", ""MEX"", ""NIG"", ""RUS"", ""SKT"", ""USA""]",Share of industrial GHG emissions,,,100.0,2542.758438447978,MtCO2e/yr,9294.780934694878,MtCO2e/yr,,,,,,,,,,,,,
baseline_noce,NDC+LTT,No CE,b,Global,Cement,Cement,2024,24.127643958029335,%,plotted,"[""Emissions|GHG|Industry|Non-Metallic Minerals|Cement"", ""Emissions|GHG|Industry""]",fig04_emissions,,,,,,"[""AFE"", ""AFN"", ""AFW"", ""AFZ"", ""ANZ"", ""ASC"", ""ASE"", ""ASO"", ""BRA"", ""CAN"", ""CHL"", ""CHN"", ""ENE"", ""ENW"", ""EUE"", ""EUM"", ""EUW"", ""IDN"", ""IND"", ""JPN"", ""LAM"", ""MDA"", ""MEA"", ""MEX"", ""NIG"", ""RUS"", ""SKT"", ""USA""]",Share of industrial GHG emissions,,,100.0,2360.6936836724703,MtCO2e/yr,9784.186503161927,MtCO2e/yr,,,,,,,,,,,,,
baseline_noce,NDC+LTT,No CE,b,Global,Cement,Cement,2030,21.29557149365643,%,plotted,"[""Emissions|GHG|Industry|Non-Metallic Minerals|Cement"", ""Emissions|GHG|Industry""]",fig04_emissions,,,,,,"[""AFE"", ""AFN"", ""AFW"", ""AFZ"", ""ANZ"", ""ASC"", ""ASE"", ""ASO"", ""BRA"", ""CAN"", ""CHL"", ""CHN"", ""ENE"", ""ENW"", ""EUE"", ""EUM"", ""EUW"", ""IDN"", ""IND"", ""JPN"", ""LAM"", ""MDA"", ""MEA"", ""MEX"", ""NIG"", ""RUS"", ""SKT"", ""USA""]",Share of industrial GHG emissions,,,100.0,2097.7976651628746,MtCO2e/yr,9850.863433215545,MtCO2e/yr,,,,,,,,,,,,,
baseline_noce,NDC+LTT,No CE,b,Global,Cement,Cement,2035,21.049018098421573,%,plotted,"[""Emissions|GHG|Industry|Non-Metallic Minerals|Cement"", ""Emissions|GHG|Industry""]",fig04_emissions,,,,,,"[""AFE"", ""AFN"", ""AFW"", ""AFZ"", ""ANZ"", ""ASC"", ""ASE"", ""ASO"", ""BRA"", ""CAN"", ""CHL"", ""CHN"", ""ENE"", ""ENW"", ""EUE"", ""EUM"", ""EUW"", ""IDN"", ""IND"", ""JPN"", ""LAM"", ""MDA"", ""MEA"", ""MEX"", ""NIG"", ""RUS"", ""SKT"", ""USA""]",Share of industrial GHG emissions,,,100.0,1992.1680957149695,MtCO2e/yr,9464.422931273732,MtCO2e/yr,,,,,,,,,,,,,
baseline_noce,NDC+LTT,No CE,b,Global,Cement,Cement,2040,21.940987495881746,%,plotted,"[""Emissions|GHG|Industry|Non-Metallic Minerals|Cement"", ""Emissions|GHG|Industry""]",fig04_emissions,,,,,,"[""AFE"", ""AFN"", ""AFW"", ""AFZ"", ""ANZ"", ""ASC"", ""ASE"", ""ASO"", ""BRA"", ""CAN"", ""CHL"", ""CHN"", ""ENE"", ""ENW"", ""EUE"", ""EUM"", ""EUW"", ""IDN"", ""IND"", ""JPN"", ""LAM"", ""MDA"", ""MEA"", ""MEX"", ""NIG"", ""RUS"", ""SKT"", ""USA""]",Share of industrial GHG emissions,,,100.0,1911.0899971156512,MtCO2e/yr,8710.13666761515,MtCO2e/yr,,,,,,,,,,,,,
baseline_noce,NDC+LTT,No CE,b,Global,Cement,Cement,2050,38.587980260746875,%,plotted,"[""Emissions|GHG|Industry|Non-Metallic Minerals|Cement"", ""Emissions|GHG|Industry""]",fig04_emissions,,,,,,"[""AFE"", ""AFN"", ""AFW"", ""AFZ"", ""ANZ"", ""ASC"", ""ASE"", ""ASO"", ""BRA"", ""CAN"", ""CHL"", ""CHN"", ""ENE"", ""ENW"", ""EUE"", ""EUM"", ""EUW"", ""IDN"", ""IND"", ""JPN"", ""LAM"", ""MDA"", ""MEA"", ""MEX"", ""NIG"", ""RUS"", ""SKT"", ""USA""]",Share of industrial GHG emissions,,,100.0,1718.1234608434015,MtCO2e/yr,4452.483517493504,MtCO2e/yr,,,,,,,,,,,,,
baseline_noce,NDC+LTT,No CE,c,Global,Cement,Cement,2019,0.6052155971768874,tCO2e/t,plotted,"[""Emissions|GHG|Industry|Non-Metallic Minerals|Cement"", ""Production|Non-Metallic Minerals|Cement""]",fig04_emissions,,,,,,"[""AFE"", ""AFN"", ""AFW"", ""AFZ"", ""ANZ"", ""ASC"", ""ASE"", ""ASO"", ""BRA"", ""CAN"", ""CHL"", ""CHN"", ""ENE"", ""ENW"", ""EUE"", ""EUM"", ""EUW"", ""IDN"", ""IND"", ""JPN"", ""LAM"", ""MDA"", ""MEA"", ""MEX"", ""NIG"", ""RUS"", ""SKT"", ""USA""]",Derived emissions intensity,,,1.0,2542.758438447978,MtCO2e/yr,4201.409299940433,Mt/yr,,,,,,,,,,,,,
baseline_noce,NDC+LTT,No CE,c,Global,Cement,Cement,2024,0.5977239720640364,tCO2e/t,plotted,"[""Emissions|GHG|Industry|Non-Metallic Minerals|Cement"", ""Production|Non-Metallic Minerals|Cement""]",fig04_emissions,,,,,,"[""AFE"", ""AFN"", ""AFW"", ""AFZ"", ""ANZ"", ""ASC"", ""ASE"", ""ASO"", ""BRA"", ""CAN"", ""CHL"", ""CHN"", ""ENE"", ""ENW"", ""EUE"", ""EUM"", ""EUW"", ""IDN"", ""IND"", ""JPN"", ""LAM"", ""MDA"", ""MEA"", ""MEX"", ""NIG"", ""RUS"", ""SKT"", ""USA""]",Derived emissions intensity,,,1.0,2360.6936836724703,MtCO2e/yr,3949.47131787373,Mt/yr,,,,,,,,,,,,,
baseline_noce,NDC+LTT,No CE,c,Global,Cement,Cement,2030,0.5587188857655027,tCO2e/t,plotted,"[""Emissions|GHG|Industry|Non-Metallic Minerals|Cement"", ""Production|Non-Metallic Minerals|Cement""]",fig04_emissions,,,,,,"[""AFE"", ""AFN"", ""AFW"", ""AFZ"", ""ANZ"", ""ASC"", ""ASE"", ""ASO"", ""BRA"", ""CAN"", ""CHL"", ""CHN"", ""ENE"", ""ENW"", ""EUE"", ""EUM"", ""EUW"", ""IDN"", ""IND"", ""JPN"", ""LAM"", ""MDA"", ""MEA"", ""MEX"", ""NIG"", ""RUS"", ""SKT"", ""USA""]",Derived emissions intensity,,,1.0,2097.7976651628746,MtCO2e/yr,3754.656802568388,Mt/yr,,,,,,,,,,,,,
baseline_noce,NDC+LTT,No CE,c,Global,Cement,Cement,2035,0.5438575094738624,tCO2e/t,plotted,"[""Emissions|GHG|Industry|Non-Metallic Minerals|Cement"", ""Production|Non-Metallic Minerals|Cement""]",fig04_emissions,,,,,,"[""AFE"", ""AFN"", ""AFW"", ""AFZ"", ""ANZ"", ""ASC"", ""ASE"", ""ASO"", ""BRA"", ""CAN"", ""CHL"", ""CHN"", ""ENE"", ""ENW"", ""EUE"", ""EUM"", ""EUW"", ""IDN"", ""IND"", ""JPN"", ""LAM"", ""MDA"", ""MEA"", ""MEX"", ""NIG"", ""RUS"", ""SKT"", ""USA""]",Derived emissions intensity,,,1.0,1992.1680957149695,MtCO2e/yr,3663.033167717458,Mt/yr,,,,,,,,,,,,,
baseline_noce,NDC+LTT,No CE,c,Global,Cement,Cement,2040,0.5220962885526099,tCO2e/t,plotted,"[""Emissions|GHG|Industry|Non-Metallic Minerals|Cement"", ""Production|Non-Metallic Minerals|Cement""]",fig04_emissions,,,,,,"[""AFE"", ""AFN"", ""AFW"", ""AFZ"", ""ANZ"", ""ASC"", ""ASE"", ""ASO"", ""BRA"", ""CAN"", ""CHL"", ""CHN"", ""ENE"", ""ENW"", ""EUE"", ""EUM"", ""EUW"", ""IDN"", ""IND"", ""JPN"", ""LAM"", ""MDA"", ""MEA"", ""MEX"", ""NIG"", ""RUS"", ""SKT"", ""USA""]",Derived emissions intensity,,,1.0,1911.0899971156512,MtCO2e/yr,3660.4167449910474,Mt/yr,,,,,,,,,,,,,
baseline_noce,NDC+LTT,No CE,c,Global,Cement,Cement,2050,0.4694152042084048,tCO2e/t,plotted,"[""Emissions|GHG|Industry|Non-Metallic Minerals|Cement"", ""Production|Non-Metallic Minerals|Cement""]",fig04_emissions,,,,,,"[""AFE"", ""AFN"", ""AFW"", ""AFZ"", ""ANZ"", ""ASC"", ""ASE"", ""ASO"", ""BRA"", ""CAN"", ""CHL"", ""CHN"", ""ENE"", ""ENW"", ""EUE"", ""EUM"", ""EUW"", ""IDN"", ""IND"", ""JPN"", ""LAM"", ""MDA"", ""MEA"", ""MEX"", ""NIG"", ""RUS"", ""SKT"", ""USA""]",Derived emissions intensity,,,1.0,1718.1234608434015,MtCO2e/yr,3660.135942423824,Mt/yr,,,,,,,,,,,,,
baseline_noce,NDC+LTT,No CE,d,Global,Cement,Cement,2019,0.0,MtCO2/yr,plotted,"[""Carbon Capture|Industry|Non-Metallic Minerals|Cement""]",fig04_emissions,,,,,,"[""AFE"", ""AFN"", ""AFW"", ""AFZ"", ""ANZ"", ""ASC"", ""ASE"", ""ASO"", ""BRA"", ""CAN"", ""CHL"", ""CHN"", ""ENE"", ""ENW"", ""EUE"", ""EUM"", ""EUW"", ""IDN"", ""IND"", ""JPN"", ""LAM"", ""MDA"", ""MEA"", ""MEX"", ""NIG"", ""RUS"", ""SKT"", ""USA""]",Carbon capture,,,1.0,0.0,MtCO2/yr,,,,,,,,,,,,,,,
baseline_noce,NDC+LTT,No CE,d,Global,Cement,Cement,2024,0.0,MtCO2/yr,plotted,"[""Carbon Capture|Industry|Non-Metallic Minerals|Cement""]",fig04_emissions,,,,,,"[""AFE"", ""AFN"", ""AFW"", ""AFZ"", ""ANZ"", ""ASC"", ""ASE"", ""ASO"", ""BRA"", ""CAN"", ""CHL"", ""CHN"", ""ENE"", ""ENW"", ""EUE"", ""EUM"", ""EUW"", ""IDN"", ""IND"", ""JPN"", ""LAM"", ""MDA"", ""MEA"", ""MEX"", ""NIG"", ""RUS"", ""SKT"", ""USA""]",Carbon capture,,,1.0,0.0,MtCO2/yr,,,,,,,,,,,,,,,
baseline_noce,NDC+LTT,No CE,d,Global,Cement,Cement,2030,104.46842434605666,MtCO2/yr,plotted,"[""Carbon Capture|Industry|Non-Metallic Minerals|Cement""]",fig04_emissions,,,,,,"[""AFE"", ""AFN"", ""AFW"", ""AFZ"", ""ANZ"", ""ASC"", ""ASE"", ""ASO"", ""BRA"", ""CAN"", ""CHL"", ""CHN"", ""ENE"", ""ENW"", ""EUE"", ""EUM"", ""EUW"", ""IDN"", ""IND"", ""JPN"", ""LAM"", ""MDA"", ""MEA"", ""MEX"", ""NIG"", ""RUS"", ""SKT"", ""USA""]",Carbon capture,,,1.0,104.46842434605666,MtCO2/yr,,,,,,,,,,,,,,,
baseline_noce,NDC+LTT,No CE,d,Global,Cement,Cement,2035,109.5682659859391,MtCO2/yr,plotted,"[""Carbon Capture|Industry|Non-Metallic Minerals|Cement""]",fig04_emissions,,,,,,"[""AFE"", ""AFN"", ""AFW"", ""AFZ"", ""ANZ"", ""ASC"", ""ASE"", ""ASO"", ""BRA"", ""CAN"", ""CHL"", ""CHN"", ""ENE"", ""ENW"", ""EUE"", ""EUM"", ""EUW"", ""IDN"", ""IND"", ""JPN"", ""LAM"", ""MDA"", ""MEA"", ""MEX"", ""NIG"", ""RUS"", ""SKT"", ""USA""]",Carbon capture,,,1.0,109.5682659859391,MtCO2/yr,,,,,,,,,,,,,,,
baseline_noce,NDC+LTT,No CE,d,Global,Cement,Cement,2040,120.90375097364259,MtCO2/yr,plotted,"[""Carbon Capture|Industry|Non-Metallic Minerals|Cement""]",fig04_emissions,,,,,,"[""AFE"", ""AFN"", ""AFW"", ""AFZ"", ""ANZ"", ""ASC"", ""ASE"", ""ASO"", ""BRA"", ""CAN"", ""CHL"", ""CHN"", ""ENE"", ""ENW"", ""EUE"", ""EUM"", ""EUW"", ""IDN"", ""IND"", ""JPN"", ""LAM"", ""MDA"", ""MEA"", ""MEX"", ""NIG"", ""RUS"", ""SKT"", ""USA""]",Carbon capture,,,1.0,120.90375097364259,MtCO2/yr,,,,,,,,,,,,,,,
baseline_noce,NDC+LTT,No CE,d,Global,Cement,Cement,2050,155.19738104906853,MtCO2/yr,plotted,"[""Carbon Capture|Industry|Non-Metallic Minerals|Cement""]",fig04_emissions,,,,,,"[""AFE"", ""AFN"", ""AFW"", ""AFZ"", ""ANZ"", ""ASC"", ""ASE"", ""ASO"", ""BRA"", ""CAN"", ""CHL"", ""CHN"", ""ENE"", ""ENW"", ""EUE"", ""EUM"", ""EUW"", ""IDN"", ""IND"", ""JPN"", ""LAM"", ""MDA"", ""MEA"", ""MEX"", ""NIG"", ""RUS"", ""SKT"", ""USA""]",Carbon capture,,,1.0,155.19738104906853,MtCO2/yr,,,,,,,,,,,,,,,
baseline_noce,NDC+LTT,No CE,a,Global,Iron and steel,Iron and steel,2019,2.74565603423791,GtCO2e/yr,plotted,"[""Emissions|GHG|Industry|Iron and Steel""]",fig04_emissions,,,,,,"[""AFE"", ""AFN"", ""AFW"", ""AFZ"", ""ANZ"", ""ASC"", ""ASE"", ""ASO"", ""BRA"", ""CAN"", ""CHL"", ""CHN"", ""ENE"", ""ENW"", ""EUE"", ""EUM"", ""EUW"", ""IDN"", ""IND"", ""JPN"", ""LAM"", ""MDA"", ""MEA"", ""MEX"", ""NIG"", ""RUS"", ""SKT"", ""USA""]",Sector GHG emissions,,,0.001,2745.6560342379103,MtCO2e/yr,,,,,,,,,,,,,,,
baseline_noce,NDC+LTT,No CE,a,Global,Iron and steel,Iron and steel,2024,2.6405834046078245,GtCO2e/yr,plotted,"[""Emissions|GHG|Industry|Iron and Steel""]",fig04_emissions,,,,,,"[""AFE"", ""AFN"", ""AFW"", ""AFZ"", ""ANZ"", ""ASC"", ""ASE"", ""ASO"", ""BRA"", ""CAN"", ""CHL"", ""CHN"", ""ENE"", ""ENW"", ""EUE"", ""EUM"", ""EUW"", ""IDN"", ""IND"", ""JPN"", ""LAM"", ""MDA"", ""MEA"", ""MEX"", ""NIG"", ""RUS"", ""SKT"", ""USA""]",Sector GHG emissions,,,0.001,2640.5834046078244,MtCO2e/yr,,,,,,,,,,,,,,,
baseline_noce,NDC+LTT,No CE,a,Global,Iron and steel,Iron and steel,2030,2.273480511099978,GtCO2e/yr,plotted,"[""Emissions|GHG|Industry|Iron and Steel""]",fig04_emissions,,,,,,"[""AFE"", ""AFN"", ""AFW"", ""AFZ"", ""ANZ"", ""ASC"", ""ASE"", ""ASO"", ""BRA"", ""CAN"", ""CHL"", ""CHN"", ""ENE"", ""ENW"", ""EUE"", ""EUM"", ""EUW"", ""IDN"", ""IND"", ""JPN"", ""LAM"", ""MDA"", ""MEA"", ""MEX"", ""NIG"", ""RUS"", ""SKT"", ""USA""]",Sector GHG emissions,,,0.001,2273.4805110999782,MtCO2e/yr,,,,,,,,,,,,,,,
baseline_noce,NDC+LTT,No CE,a,Global,Iron and steel,Iron and steel,2035,1.7835914059599012,GtCO2e/yr,plotted,"[""Emissions|GHG|Industry|Iron and Steel""]",fig04_emissions,,,,,,"[""AFE"", ""AFN"", ""AFW"", ""AFZ"", ""ANZ"", ""ASC"", ""ASE"", ""ASO"", ""BRA"", ""CAN"", ""CHL"", ""CHN"", ""ENE"", ""ENW"", ""EUE"", ""EUM"", ""EUW"", ""IDN"", ""IND"", ""JPN"", ""LAM"", ""MDA"", ""MEA"", ""MEX"", ""NIG"", ""RUS"", ""SKT"", ""USA""]",Sector GHG emissions,,,0.001,1783.591405959901,MtCO2e/yr,,,,,,,,,,,,,,,
baseline_noce,NDC+LTT,No CE,a,Global,Iron and steel,Iron and steel,2040,1.402917936420128,GtCO2e/yr,plotted,"[""Emissions|GHG|Industry|Iron and Steel""]",fig04_emissions,,,,,,"[""AFE"", ""AFN"", ""AFW"", ""AFZ"", ""ANZ"", ""ASC"", ""ASE"", ""ASO"", ""BRA"", ""CAN"", ""CHL"", ""CHN"", ""ENE"", ""ENW"", ""EUE"", ""EUM"", ""EUW"", ""IDN"", ""IND"", ""JPN"", ""LAM"", ""MDA"", ""MEA"", ""MEX"", ""NIG"", ""RUS"", ""SKT"", ""USA""]",Sector GHG emissions,,,0.001,1402.9179364201282,MtCO2e/yr,,,,,,,,,,,,,,,
baseline_noce,NDC+LTT,No CE,a,Global,Iron and steel,Iron and steel,2050,0.740806396665101,GtCO2e/yr,plotted,"[""Emissions|GHG|Industry|Iron and Steel""]",fig04_emissions,,,,,,"[""AFE"", ""AFN"", ""AFW"", ""AFZ"", ""ANZ"", ""ASC"", ""ASE"", ""ASO"", ""BRA"", ""CAN"", ""CHL"", ""CHN"", ""ENE"", ""ENW"", ""EUE"", ""EUM"", ""EUW"", ""IDN"", ""IND"", ""JPN"", ""LAM"", ""MDA"", ""MEA"", ""MEX"", ""NIG"", ""RUS"", ""SKT"", ""USA""]",Sector GHG emissions,,,0.001,740.8063966651009,MtCO2e/yr,,,,,,,,,,,,,,,
baseline_noce,NDC+LTT,No CE,b,Global,Iron and steel,Iron and steel,2019,29.539760576703067,%,plotted,"[""Emissions|GHG|Industry|Iron and Steel"", ""Emissions|GHG|Industry""]",fig04_emissions,,,,,,"[""AFE"", ""AFN"", ""AFW"", ""AFZ"", ""ANZ"", ""ASC"", ""ASE"", ""ASO"", ""BRA"", ""CAN"", ""CHL"", ""CHN"", ""ENE"", ""ENW"", ""EUE"", ""EUM"", ""EUW"", ""IDN"", ""IND"", ""JPN"", ""LAM"", ""MDA"", ""MEA"", ""MEX"", ""NIG"", ""RUS"", ""SKT"", ""USA""]",Share of industrial GHG emissions,,,100.0,2745.6560342379103,MtCO2e/yr,9294.780934694878,MtCO2e/yr,,,,,,,,,,,,,
baseline_noce,NDC+LTT,No CE,b,Global,Iron and steel,Iron and steel,2024,26.98827750017311,%,plotted,"[""Emissions|GHG|Industry|Iron and Steel"", ""Emissions|GHG|Industry""]",fig04_emissions,,,,,,"[""AFE"", ""AFN"", ""AFW"", ""AFZ"", ""ANZ"", ""ASC"", ""ASE"", ""ASO"", ""BRA"", ""CAN"", ""CHL"", ""CHN"", ""ENE"", ""ENW"", ""EUE"", ""EUM"", ""EUW"", ""IDN"", ""IND"", ""JPN"", ""LAM"", ""MDA"", ""MEA"", ""MEX"", ""NIG"", ""RUS"", ""SKT"", ""USA""]",Share of industrial GHG emissions,,,100.0,2640.5834046078244,MtCO2e/yr,9784.186503161927,MtCO2e/yr,,,,,,,,,,,,,
baseline_noce,NDC+LTT,No CE,b,Global,Iron and steel,Iron and steel,2030,23.078997354020395,%,plotted,"[""Emissions|GHG|Industry|Iron and Steel"", ""Emissions|GHG|Industry""]",fig04_emissions,,,,,,"[""AFE"", ""AFN"", ""AFW"", ""AFZ"", ""ANZ"", ""ASC"", ""ASE"", ""ASO"", ""BRA"", ""CAN"", ""CHL"", ""CHN"", ""ENE"", ""ENW"", ""EUE"", ""EUM"", ""EUW"", ""IDN"", ""IND"", ""JPN"", ""LAM"", ""MDA"", ""MEA"", ""MEX"", ""NIG"", ""RUS"", ""SKT"", ""USA""]",Share of industrial GHG emissions,,,100.0,2273.4805110999782,MtCO2e/yr,9850.863433215545,MtCO2e/yr,,,,,,,,,,,,,
baseline_noce,NDC+LTT,No CE,b,Global,Iron and steel,Iron and steel,2035,18.845220875181912,%,plotted,"[""Emissions|GHG|Industry|Iron and Steel"", ""Emissions|GHG|Industry""]",fig04_emissions,,,,,,"[""AFE"", ""AFN"", ""AFW"", ""AFZ"", ""ANZ"", ""ASC"", ""ASE"", ""ASO"", ""BRA"", ""CAN"", ""CHL"", ""CHN"", ""ENE"", ""ENW"", ""EUE"", ""EUM"", ""EUW"", ""IDN"", ""IND"", ""JPN"", ""LAM"", ""MDA"", ""MEA"", ""MEX"", ""NIG"", ""RUS"", ""SKT"", ""USA""]",Share of industrial GHG emissions,,,100.0,1783.591405959901,MtCO2e/yr,9464.422931273732,MtCO2e/yr,,,,,,,,,,,,,
baseline_noce,NDC+LTT,No CE,b,Global,Iron and steel,Iron and steel,2040,16.106727023426252,%,plotted,"[""Emissions|GHG|Industry|Iron and Steel"", ""Emissions|GHG|Industry""]",fig04_emissions,,,,,,"[""AFE"", ""AFN"", ""AFW"", ""AFZ"", ""ANZ"", ""ASC"", ""ASE"", ""ASO"", ""BRA"", ""CAN"", ""CHL"", ""CHN"", ""ENE"", ""ENW"", ""EUE"", ""EUM"", ""EUW"", ""IDN"", ""IND"", ""JPN"", ""LAM"", ""MDA"", ""MEA"", ""MEX"", ""NIG"", ""RUS"", ""SKT"", ""USA""]",Share of industrial GHG emissions,,,100.0,1402.9179364201282,MtCO2e/yr,8710.13666761515,MtCO2e/yr,,,,,,,,,,,,,
baseline_noce,NDC+LTT,No CE,b,Global,Iron and steel,Iron and steel,2050,16.638049164124315,%,plotted,"[""Emissions|GHG|Industry|Iron and Steel"", ""Emissions|GHG|Industry""]",fig04_emissions,,,,,,"[""AFE"", ""AFN"", ""AFW"", ""AFZ"", ""ANZ"", ""ASC"", ""ASE"", ""ASO"", ""BRA"", ""CAN"", ""CHL"", ""CHN"", ""ENE"", ""ENW"", ""EUE"", ""EUM"", ""EUW"", ""IDN"", ""IND"", ""JPN"", ""LAM"", ""MDA"", ""MEA"", ""MEX"", ""NIG"", ""RUS"", ""SKT"", ""USA""]",Share of industrial GHG emissions,,,100.0,740.8063966651009,MtCO2e/yr,4452.483517493504,MtCO2e/yr,,,,,,,,,,,,,
baseline_noce,NDC+LTT,No CE,c,Global,Iron and steel,Iron and steel,2019,1.5647335496873123,tCO2e/t,plotted,"[""Emissions|GHG|Industry|Iron and Steel"", ""Production|Iron and Steel|Primary"", ""Production|Iron and Steel|Secondary""]",fig04_emissions,,,,,,"[""AFE"", ""AFN"", ""AFW"", ""AFZ"", ""ANZ"", ""ASC"", ""ASE"", ""ASO"", ""BRA"", ""CAN"", ""CHL"", ""CHN"", ""ENE"", ""ENW"", ""EUE"", ""EUM"", ""EUW"", ""IDN"", ""IND"", ""JPN"", ""LAM"", ""MDA"", ""MEA"", ""MEX"", ""NIG"", ""RUS"", ""SKT"", ""USA""]",Derived emissions intensity,,,1.0,2745.6560342379103,MtCO2e/yr,1754.711551232852,Mt/yr,,,,,,,,,,,,,
baseline_noce,NDC+LTT,No CE,c,Global,Iron and steel,Iron and steel,2024,1.5307025003261827,tCO2e/t,plotted,"[""Emissions|GHG|Industry|Iron and Steel"", ""Production|Iron and Steel|Primary"", ""Production|Iron and Steel|Secondary""]",fig04_emissions,,,,,,"[""AFE"", ""AFN"", ""AFW"", ""AFZ"", ""ANZ"", ""ASC"", ""ASE"", ""ASO"", ""BRA"", ""CAN"", ""CHL"", ""CHN"", ""ENE"", ""ENW"", ""EUE"", ""EUM"", ""EUW"", ""IDN"", ""IND"", ""JPN"", ""LAM"", ""MDA"", ""MEA"", ""MEX"", ""NIG"", ""RUS"", ""SKT"", ""USA""]",Derived emissions intensity,,,1.0,2640.5834046078244,MtCO2e/yr,1725.0794351254624,Mt/yr,,,,,,,,,,,,,
baseline_noce,NDC+LTT,No CE,c,Global,Iron and steel,Iron and steel,2030,1.3845892547567369,tCO2e/t,plotted,"[""Emissions|GHG|Industry|Iron and Steel"", ""Production|Iron and Steel|Primary"", ""Production|Iron and Steel|Secondary""]",fig04_emissions,,,,,,"[""AFE"", ""AFN"", ""AFW"", ""AFZ"", ""ANZ"", ""ASC"", ""ASE"", ""ASO"", ""BRA"", ""CAN"", ""CHL"", ""CHN"", ""ENE"", ""ENW"", ""EUE"", ""EUM"", ""EUW"", ""IDN"", ""IND"", ""JPN"", ""LAM"", ""MDA"", ""MEA"", ""MEX"", ""NIG"", ""RUS"", ""SKT"", ""USA""]",Derived emissions intensity,,,1.0,2273.4805110999782,MtCO2e/yr,1641.9891338095165,Mt/yr,,,,,,,,,,,,,
baseline_noce,NDC+LTT,No CE,c,Global,Iron and steel,Iron and steel,2035,1.1177914885339593,tCO2e/t,plotted,"[""Emissions|GHG|Industry|Iron and Steel"", ""Production|Iron and Steel|Primary"", ""Production|Iron and Steel|Secondary""]",fig04_emissions,,,,,,"[""AFE"", ""AFN"", ""AFW"", ""AFZ"", ""ANZ"", ""ASC"", ""ASE"", ""ASO"", ""BRA"", ""CAN"", ""CHL"", ""CHN"", ""ENE"", ""ENW"", ""EUE"", ""EUM"", ""EUW"", ""IDN"", ""IND"", ""JPN"", ""LAM"", ""MDA"", ""MEA"", ""MEX"", ""NIG"", ""RUS"", ""SKT"", ""USA""]",Derived emissions intensity,,,1.0,1783.591405959901,MtCO2e/yr,1595.6387432321321,Mt/yr,,,,,,,,,,,,,
baseline_noce,NDC+LTT,No CE,c,Global,Iron and steel,Iron and steel,2040,0.8333535939153167,tCO2e/t,plotted,"[""Emissions|GHG|Industry|Iron and Steel"", ""Production|Iron and Steel|Primary"", ""Production|Iron and Steel|Secondary""]",fig04_emissions,,,,,,"[""AFE"", ""AFN"", ""AFW"", ""AFZ"", ""ANZ"", ""ASC"", ""ASE"", ""ASO"", ""BRA"", ""CAN"", ""CHL"", ""CHN"", ""ENE"", ""ENW"", ""EUE"", ""EUM"", ""EUW"", ""IDN"", ""IND"", ""JPN"", ""LAM"", ""MDA"", ""MEA"", ""MEX"", ""NIG"", ""RUS"", ""SKT"", ""USA""]",Derived emissions intensity,,,1.0,1402.9179364201282,MtCO2e/yr,1683.4605942344915,Mt/yr,,,,,,,,,,,,,
baseline_noce,NDC+LTT,No CE,c,Global,Iron and steel,Iron and steel,2050,0.33874266725574614,tCO2e/t,plotted,"[""Emissions|GHG|Industry|Iron and Steel"", ""Production|Iron and Steel|Primary"", ""Production|Iron and Steel|Secondary""]",fig04_emissions,,,,,,"[""AFE"", ""AFN"", ""AFW"", ""AFZ"", ""ANZ"", ""ASC"", ""ASE"", ""ASO"", ""BRA"", ""CAN"", ""CHL"", ""CHN"", ""ENE"", ""ENW"", ""EUE"", ""EUM"", ""EUW"", ""IDN"", ""IND"", ""JPN"", ""LAM"", ""MDA"", ""MEA"", ""MEX"", ""NIG"", ""RUS"", ""SKT"", ""USA""]",Derived emissions intensity,,,1.0,740.8063966651009,MtCO2e/yr,2186.929691103253,Mt/yr,,,,,,,,,,,,,
baseline_noce,NDC+LTT,No CE,d,Global,Iron and steel,Iron and steel,2019,0.0,MtCO2/yr,plotted,"[""Carbon Capture|Industry|Iron and Steel""]",fig04_emissions,,,,,,"[""AFE"", ""AFN"", ""AFW"", ""AFZ"", ""ANZ"", ""ASC"", ""ASE"", ""ASO"", ""BRA"", ""CAN"", ""CHL"", ""CHN"", ""ENE"", ""ENW"", ""EUE"", ""EUM"", ""EUW"", ""IDN"", ""IND"", ""JPN"", ""LAM"", ""MDA"", ""MEA"", ""MEX"", ""NIG"", ""RUS"", ""SKT"", ""USA""]",Carbon capture,,,1.0,0.0,MtCO2/yr,,,,,,,,,,,,,,,
baseline_noce,NDC+LTT,No CE,d,Global,Iron and steel,Iron and steel,2024,0.0,MtCO2/yr,plotted,"[""Carbon Capture|Industry|Iron and Steel""]",fig04_emissions,,,,,,"[""AFE"", ""AFN"", ""AFW"", ""AFZ"", ""ANZ"", ""ASC"", ""ASE"", ""ASO"", ""BRA"", ""CAN"", ""CHL"", ""CHN"", ""ENE"", ""ENW"", ""EUE"", ""EUM"", ""EUW"", ""IDN"", ""IND"", ""JPN"", ""LAM"", ""MDA"", ""MEA"", ""MEX"", ""NIG"", ""RUS"", ""SKT"", ""USA""]",Carbon capture,,,1.0,0.0,MtCO2/yr,,,,,,,,,,,,,,,
baseline_noce,NDC+LTT,No CE,d,Global,Iron and steel,Iron and steel,2030,0.0,MtCO2/yr,plotted,"[""Carbon Capture|Industry|Iron and Steel""]",fig04_emissions,,,,,,"[""AFE"", ""AFN"", ""AFW"", ""AFZ"", ""ANZ"", ""ASC"", ""ASE"", ""ASO"", ""BRA"", ""CAN"", ""CHL"", ""CHN"", ""ENE"", ""ENW"", ""EUE"", ""EUM"", ""EUW"", ""IDN"", ""IND"", ""JPN"", ""LAM"", ""MDA"", ""MEA"", ""MEX"", ""NIG"", ""RUS"", ""SKT"", ""USA""]",Carbon capture,,,1.0,0.0,MtCO2/yr,,,,,,,,,,,,,,,
baseline_noce,NDC+LTT,No CE,d,Global,Iron and steel,Iron and steel,2035,27.747017596744534,MtCO2/yr,plotted,"[""Carbon Capture|Industry|Iron and Steel""]",fig04_emissions,,,,,,"[""AFE"", ""AFN"", ""AFW"", ""AFZ"", ""ANZ"", ""ASC"", ""ASE"", ""ASO"", ""BRA"", ""CAN"", ""CHL"", ""CHN"", ""ENE"", ""ENW"", ""EUE"", ""EUM"", ""EUW"", ""IDN"", ""IND"", ""JPN"", ""LAM"", ""MDA"", ""MEA"", ""MEX"", ""NIG"", ""RUS"", ""SKT"", ""USA""]",Carbon capture,,,1.0,27.747017596744534,MtCO2/yr,,,,,,,,,,,,,,,
baseline_noce,NDC+LTT,No CE,d,Global,Iron and steel,Iron and steel,2040,34.88531854523063,MtCO2/yr,plotted,"[""Carbon Capture|Industry|Iron and Steel""]",fig04_emissions,,,,,,"[""AFE"", ""AFN"", ""AFW"", ""AFZ"", ""ANZ"", ""ASC"", ""ASE"", ""ASO"", ""BRA"", ""CAN"", ""CHL"", ""CHN"", ""ENE"", ""ENW"", ""EUE"", ""EUM"", ""EUW"", ""IDN"", ""IND"", ""JPN"", ""LAM"", ""MDA"", ""MEA"", ""MEX"", ""NIG"", ""RUS"", ""SKT"", ""USA""]",Carbon capture,,,1.0,34.88531854523063,MtCO2/yr,,,,,,,,,,,,,,,
baseline_noce,NDC+LTT,No CE,d,Global,Iron and steel,Iron and steel,2050,40.73594903048325,MtCO2/yr,plotted,"[""Carbon Capture|Industry|Iron and Steel""]",fig04_emissions,,,,,,"[""AFE"", ""AFN"", ""AFW"", ""AFZ"", ""ANZ"", ""ASC"", ""ASE"", ""ASO"", ""BRA"", ""CAN"", ""CHL"", ""CHN"", ""ENE"", ""ENW"", ""EUE"", ""EUM"", ""EUW"", ""IDN"", ""IND"", ""JPN"", ""LAM"", ""MDA"", ""MEA"", ""MEX"", ""NIG"", ""RUS"", ""SKT"", ""USA""]",Carbon capture,,,1.0,40.73594903048325,MtCO2/yr,,,,,,,,,,,,,,,
baseline_noce,NDC+LTT,No CE,a,Global,Aluminium,Aluminium,2019,0.20657298142796365,GtCO2e/yr,plotted,"[""Emissions|GHG|Industry|Non-Ferrous Metals|Aluminum""]",fig04_emissions,,,,,,"[""AFE"", ""AFN"", ""AFW"", ""AFZ"", ""ANZ"", ""ASC"", ""ASE"", ""ASO"", ""BRA"", ""CAN"", ""CHL"", ""CHN"", ""ENE"", ""ENW"", ""EUE"", ""EUM"", ""EUW"", ""IDN"", ""IND"", ""JPN"", ""LAM"", ""MDA"", ""MEA"", ""MEX"", ""NIG"", ""RUS"", ""SKT"", ""USA""]",Sector GHG emissions,,,0.001,206.57298142796364,MtCO2e/yr,,,,,,,,,,,,,,,
baseline_noce,NDC+LTT,No CE,a,Global,Aluminium,Aluminium,2024,0.24798624821972323,GtCO2e/yr,plotted,"[""Emissions|GHG|Industry|Non-Ferrous Metals|Aluminum""]",fig04_emissions,,,,,,"[""AFE"", ""AFN"", ""AFW"", ""AFZ"", ""ANZ"", ""ASC"", ""ASE"", ""ASO"", ""BRA"", ""CAN"", ""CHL"", ""CHN"", ""ENE"", ""ENW"", ""EUE"", ""EUM"", ""EUW"", ""IDN"", ""IND"", ""JPN"", ""LAM"", ""MDA"", ""MEA"", ""MEX"", ""NIG"", ""RUS"", ""SKT"", ""USA""]",Sector GHG emissions,,,0.001,247.98624821972322,MtCO2e/yr,,,,,,,,,,,,,,,
baseline_noce,NDC+LTT,No CE,a,Global,Aluminium,Aluminium,2030,0.20450892873301849,GtCO2e/yr,plotted,"[""Emissions|GHG|Industry|Non-Ferrous Metals|Aluminum""]",fig04_emissions,,,,,,"[""AFE"", ""AFN"", ""AFW"", ""AFZ"", ""ANZ"", ""ASC"", ""ASE"", ""ASO"", ""BRA"", ""CAN"", ""CHL"", ""CHN"", ""ENE"", ""ENW"", ""EUE"", ""EUM"", ""EUW"", ""IDN"", ""IND"", ""JPN"", ""LAM"", ""MDA"", ""MEA"", ""MEX"", ""NIG"", ""RUS"", ""SKT"", ""USA""]",Sector GHG emissions,,,0.001,204.50892873301848,MtCO2e/yr,,,,,,,,,,,,,,,
baseline_noce,NDC+LTT,No CE,a,Global,Aluminium,Aluminium,2035,0.16650441627348747,GtCO2e/yr,plotted,"[""Emissions|GHG|Industry|Non-Ferrous Metals|Aluminum""]",fig04_emissions,,,,,,"[""AFE"", ""AFN"", ""AFW"", ""AFZ"", ""ANZ"", ""ASC"", ""ASE"", ""ASO"", ""BRA"", ""CAN"", ""CHL"", ""CHN"", ""ENE"", ""ENW"", ""EUE"", ""EUM"", ""EUW"", ""IDN"", ""IND"", ""JPN"", ""LAM"", ""MDA"", ""MEA"", ""MEX"", ""NIG"", ""RUS"", ""SKT"", ""USA""]",Sector GHG emissions,,,0.001,166.50441627348746,MtCO2e/yr,,,,,,,,,,,,,,,
baseline_noce,NDC+LTT,No CE,a,Global,Aluminium,Aluminium,2040,0.1263006604449046,GtCO2e/yr,plotted,"[""Emissions|GHG|Industry|Non-Ferrous Metals|Aluminum""]",fig04_emissions,,,,,,"[""AFE"", ""AFN"", ""AFW"", ""AFZ"", ""ANZ"", ""ASC"", ""ASE"", ""ASO"", ""BRA"", ""CAN"", ""CHL"", ""CHN"", ""ENE"", ""ENW"", ""EUE"", ""EUM"", ""EUW"", ""IDN"", ""IND"", ""JPN"", ""LAM"", ""MDA"", ""MEA"", ""MEX"", ""NIG"", ""RUS"", ""SKT"", ""USA""]",Sector GHG emissions,,,0.001,126.30066044490461,MtCO2e/yr,,,,,,,,,,,,,,,
baseline_noce,NDC+LTT,No CE,a,Global,Aluminium,Aluminium,2050,0.051151960773940935,GtCO2e/yr,plotted,"[""Emissions|GHG|Industry|Non-Ferrous Metals|Aluminum""]",fig04_emissions,,,,,,"[""AFE"", ""AFN"", ""AFW"", ""AFZ"", ""ANZ"", ""ASC"", ""ASE"", ""ASO"", ""BRA"", ""CAN"", ""CHL"", ""CHN"", ""ENE"", ""ENW"", ""EUE"", ""EUM"", ""EUW"", ""IDN"", ""IND"", ""JPN"", ""LAM"", ""MDA"", ""MEA"", ""MEX"", ""NIG"", ""RUS"", ""SKT"", ""USA""]",Sector GHG emissions,,,0.001,51.151960773940935,MtCO2e/yr,,,,,,,,,,,,,,,
baseline_noce,NDC+LTT,No CE,b,Global,Aluminium,Aluminium,2019,2.2224620771521697,%,plotted,"[""Emissions|GHG|Industry|Non-Ferrous Metals|Aluminum"", ""Emissions|GHG|Industry""]",fig04_emissions,,,,,,"[""AFE"", ""AFN"", ""AFW"", ""AFZ"", ""ANZ"", ""ASC"", ""ASE"", ""ASO"", ""BRA"", ""CAN"", ""CHL"", ""CHN"", ""ENE"", ""ENW"", ""EUE"", ""EUM"", ""EUW"", ""IDN"", ""IND"", ""JPN"", ""LAM"", ""MDA"", ""MEA"", ""MEX"", ""NIG"", ""RUS"", ""SKT"", ""USA""]",Share of industrial GHG emissions,,,100.0,206.57298142796364,MtCO2e/yr,9294.780934694878,MtCO2e/yr,,,,,,,,,,,,,
baseline_noce,NDC+LTT,No CE,b,Global,Aluminium,Aluminium,2024,2.5345617455225558,%,plotted,"[""Emissions|GHG|Industry|Non-Ferrous Metals|Aluminum"", ""Emissions|GHG|Industry""]",fig04_emissions,,,,,,"[""AFE"", ""AFN"", ""AFW"", ""AFZ"", ""ANZ"", ""ASC"", ""ASE"", ""ASO"", ""BRA"", ""CAN"", ""CHL"", ""CHN"", ""ENE"", ""ENW"", ""EUE"", ""EUM"", ""EUW"", ""IDN"", ""IND"", ""JPN"", ""LAM"", ""MDA"", ""MEA"", ""MEX"", ""NIG"", ""RUS"", ""SKT"", ""USA""]",Share of industrial GHG emissions,,,100.0,247.98624821972322,MtCO2e/yr,9784.186503161927,MtCO2e/yr,,,,,,,,,,,,,
baseline_noce,NDC+LTT,No CE,b,Global,Aluminium,Aluminium,2030,2.0760507961509944,%,plotted,"[""Emissions|GHG|Industry|Non-Ferrous Metals|Aluminum"", ""Emissions|GHG|Industry""]",fig04_emissions,,,,,,"[""AFE"", ""AFN"", ""AFW"", ""AFZ"", ""ANZ"", ""ASC"", ""ASE"", ""ASO"", ""BRA"", ""CAN"", ""CHL"", ""CHN"", ""ENE"", ""ENW"", ""EUE"", ""EUM"", ""EUW"", ""IDN"", ""IND"", ""JPN"", ""LAM"", ""MDA"", ""MEA"", ""MEX"", ""NIG"", ""RUS"", ""SKT"", ""USA""]",Share of industrial GHG emissions,,,100.0,204.50892873301848,MtCO2e/yr,9850.863433215545,MtCO2e/yr,,,,,,,,,,,,,
baseline_noce,NDC+LTT,No CE,b,Global,Aluminium,Aluminium,2035,1.759266438984877,%,plotted,"[""Emissions|GHG|Industry|Non-Ferrous Metals|Aluminum"", ""Emissions|GHG|Industry""]",fig04_emissions,,,,,,"[""AFE"", ""AFN"", ""AFW"", ""AFZ"", ""ANZ"", ""ASC"", ""ASE"", ""ASO"", ""BRA"", ""CAN"", ""CHL"", ""CHN"", ""ENE"", ""ENW"", ""EUE"", ""EUM"", ""EUW"", ""IDN"", ""IND"", ""JPN"", ""LAM"", ""MDA"", ""MEA"", ""MEX"", ""NIG"", ""RUS"", ""SKT"", ""USA""]",Share of industrial GHG emissions,,,100.0,166.50441627348746,MtCO2e/yr,9464.422931273732,MtCO2e/yr,,,,,,,,,,,,,
baseline_noce,NDC+LTT,No CE,b,Global,Aluminium,Aluminium,2040,1.4500422354392968,%,plotted,"[""Emissions|GHG|Industry|Non-Ferrous Metals|Aluminum"", ""Emissions|GHG|Industry""]",fig04_emissions,,,,,,"[""AFE"", ""AFN"", ""AFW"", ""AFZ"", ""ANZ"", ""ASC"", ""ASE"", ""ASO"", ""BRA"", ""CAN"", ""CHL"", ""CHN"", ""ENE"", ""ENW"", ""EUE"", ""EUM"", ""EUW"", ""IDN"", ""IND"", ""JPN"", ""LAM"", ""MDA"", ""MEA"", ""MEX"", ""NIG"", ""RUS"", ""SKT"", ""USA""]",Share of industrial GHG emissions,,,100.0,126.30066044490461,MtCO2e/yr,8710.13666761515,MtCO2e/yr,,,,,,,,,,,,,
baseline_noce,NDC+LTT,No CE,b,Global,Aluminium,Aluminium,2050,1.1488411034643558,%,plotted,"[""Emissions|GHG|Industry|Non-Ferrous Metals|Aluminum"", ""Emissions|GHG|Industry""]",fig04_emissions,,,,,,"[""AFE"", ""AFN"", ""AFW"", ""AFZ"", ""ANZ"", ""ASC"", ""ASE"", ""ASO"", ""BRA"", ""CAN"", ""CHL"", ""CHN"", ""ENE"", ""ENW"", ""EUE"", ""EUM"", ""EUW"", ""IDN"", ""IND"", ""JPN"", ""LAM"", ""MDA"", ""MEA"", ""MEX"", ""NIG"", ""RUS"", ""SKT"", ""USA""]",Share of industrial GHG emissions,,,100.0,51.151960773940935,MtCO2e/yr,4452.483517493504,MtCO2e/yr,,,,,,,,,,,,,
baseline_noce,NDC+LTT,No CE,c,Global,Aluminium,Aluminium,2019,2.1859580832684005,tCO2e/t,plotted,"[""Emissions|GHG|Industry|Non-Ferrous Metals|Aluminum"", ""Production|Non-Ferrous Metals|Aluminum|Primary"", ""Production|Non-Ferrous Metals|Aluminum|Secondary""]",fig04_emissions,,,,,,"[""AFE"", ""AFN"", ""AFW"", ""AFZ"", ""ANZ"", ""ASC"", ""ASE"", ""ASO"", ""BRA"", ""CAN"", ""CHL"", ""CHN"", ""ENE"", ""ENW"", ""EUE"", ""EUM"", ""EUW"", ""IDN"", ""IND"", ""JPN"", ""LAM"", ""MDA"", ""MEA"", ""MEX"", ""NIG"", ""RUS"", ""SKT"", ""USA""]",Derived emissions intensity,,,1.0,206.57298142796364,MtCO2e/yr,94.49997372278058,Mt/yr,,,,,,,,,,,,,
baseline_noce,NDC+LTT,No CE,c,Global,Aluminium,Aluminium,2024,2.0492475066360236,tCO2e/t,plotted,"[""Emissions|GHG|Industry|Non-Ferrous Metals|Aluminum"", ""Production|Non-Ferrous Metals|Aluminum|Primary"", ""Production|Non-Ferrous Metals|Aluminum|Secondary""]",fig04_emissions,,,,,,"[""AFE"", ""AFN"", ""AFW"", ""AFZ"", ""ANZ"", ""ASC"", ""ASE"", ""ASO"", ""BRA"", ""CAN"", ""CHL"", ""CHN"", ""ENE"", ""ENW"", ""EUE"", ""EUM"", ""EUW"", ""IDN"", ""IND"", ""JPN"", ""LAM"", ""MDA"", ""MEA"", ""MEX"", ""NIG"", ""RUS"", ""SKT"", ""USA""]",Derived emissions intensity,,,1.0,247.98624821972322,MtCO2e/yr,121.01332192264523,Mt/yr,,,,,,,,,,,,,
baseline_noce,NDC+LTT,No CE,c,Global,Aluminium,Aluminium,2030,1.6442509617089558,tCO2e/t,plotted,"[""Emissions|GHG|Industry|Non-Ferrous Metals|Aluminum"", ""Production|Non-Ferrous Metals|Aluminum|Primary"", ""Production|Non-Ferrous Metals|Aluminum|Secondary""]",fig04_emissions,,,,,,"[""AFE"", ""AFN"", ""AFW"", ""AFZ"", ""ANZ"", ""ASC"", ""ASE"", ""ASO"", ""BRA"", ""CAN"", ""CHL"", ""CHN"", ""ENE"", ""ENW"", ""EUE"", ""EUM"", ""EUW"", ""IDN"", ""IND"", ""JPN"", ""LAM"", ""MDA"", ""MEA"", ""MEX"", ""NIG"", ""RUS"", ""SKT"", ""USA""]",Derived emissions intensity,,,1.0,204.50892873301848,MtCO2e/yr,124.37817188226649,Mt/yr,,,,,,,,,,,,,
baseline_noce,NDC+LTT,No CE,c,Global,Aluminium,Aluminium,2035,1.3107767767256386,tCO2e/t,plotted,"[""Emissions|GHG|Industry|Non-Ferrous Metals|Aluminum"", ""Production|Non-Ferrous Metals|Aluminum|Primary"", ""Production|Non-Ferrous Metals|Aluminum|Secondary""]",fig04_emissions,,,,,,"[""AFE"", ""AFN"", ""AFW"", ""AFZ"", ""ANZ"", ""ASC"", ""ASE"", ""ASO"", ""BRA"", ""CAN"", ""CHL"", ""CHN"", ""ENE"", ""ENW"", ""EUE"", ""EUM"", ""EUW"", ""IDN"", ""IND"", ""JPN"", ""LAM"", ""MDA"", ""MEA"", ""MEX"", ""NIG"", ""RUS"", ""SKT"", ""USA""]",Derived emissions intensity,,,1.0,166.50441627348746,MtCO2e/yr,127.02728582773696,Mt/yr,,,,,,,,,,,,,
baseline_noce,NDC+LTT,No CE,c,Global,Aluminium,Aluminium,2040,0.9607446411395835,tCO2e/t,plotted,"[""Emissions|GHG|Industry|Non-Ferrous Metals|Aluminum"", ""Production|Non-Ferrous Metals|Aluminum|Primary"", ""Production|Non-Ferrous Metals|Aluminum|Secondary""]",fig04_emissions,,,,,,"[""AFE"", ""AFN"", ""AFW"", ""AFZ"", ""ANZ"", ""ASC"", ""ASE"", ""ASO"", ""BRA"", ""CAN"", ""CHL"", ""CHN"", ""ENE"", ""ENW"", ""EUE"", ""EUM"", ""EUW"", ""IDN"", ""IND"", ""JPN"", ""LAM"", ""MDA"", ""MEA"", ""MEX"", ""NIG"", ""RUS"", ""SKT"", ""USA""]",Derived emissions intensity,,,1.0,126.30066044490461,MtCO2e/yr,131.46121772284212,Mt/yr,,,,,,,,,,,,,
baseline_noce,NDC+LTT,No CE,c,Global,Aluminium,Aluminium,2050,0.38456047791217374,tCO2e/t,plotted,"[""Emissions|GHG|Industry|Non-Ferrous Metals|Aluminum"", ""Production|Non-Ferrous Metals|Aluminum|Primary"", ""Production|Non-Ferrous Metals|Aluminum|Secondary""]",fig04_emissions,,,,,,"[""AFE"", ""AFN"", ""AFW"", ""AFZ"", ""ANZ"", ""ASC"", ""ASE"", ""ASO"", ""BRA"", ""CAN"", ""CHL"", ""CHN"", ""ENE"", ""ENW"", ""EUE"", ""EUM"", ""EUW"", ""IDN"", ""IND"", ""JPN"", ""LAM"", ""MDA"", ""MEA"", ""MEX"", ""NIG"", ""RUS"", ""SKT"", ""USA""]",Derived emissions intensity,,,1.0,51.151960773940935,MtCO2e/yr,133.01408676120656,Mt/yr,,,,,,,,,,,,,
baseline_noce,NDC+LTT,No CE,d,Global,Aluminium,Aluminium,2019,0.0,MtCO2/yr,plotted,"[""Carbon Capture|Industry|Non-Ferrous Metals|Aluminum""]",fig04_emissions,,,,,,"[""AFE"", ""AFN"", ""AFW"", ""AFZ"", ""ANZ"", ""ASC"", ""ASE"", ""ASO"", ""BRA"", ""CAN"", ""CHL"", ""CHN"", ""ENE"", ""ENW"", ""EUE"", ""EUM"", ""EUW"", ""IDN"", ""IND"", ""JPN"", ""LAM"", ""MDA"", ""MEA"", ""MEX"", ""NIG"", ""RUS"", ""SKT"", ""USA""]",Carbon capture,,,1.0,0.0,MtCO2/yr,,,,,,,,,,,,,,,
baseline_noce,NDC+LTT,No CE,d,Global,Aluminium,Aluminium,2024,0.0,MtCO2/yr,plotted,"[""Carbon Capture|Industry|Non-Ferrous Metals|Aluminum""]",fig04_emissions,,,,,,"[""AFE"", ""AFN"", ""AFW"", ""AFZ"", ""ANZ"", ""ASC"", ""ASE"", ""ASO"", ""BRA"", ""CAN"", ""CHL"", ""CHN"", ""ENE"", ""ENW"", ""EUE"", ""EUM"", ""EUW"", ""IDN"", ""IND"", ""JPN"", ""LAM"", ""MDA"", ""MEA"", ""MEX"", ""NIG"", ""RUS"", ""SKT"", ""USA""]",Carbon capture,,,1.0,0.0,MtCO2/yr,,,,,,,,,,,,,,,
baseline_noce,NDC+LTT,No CE,d,Global,Aluminium,Aluminium,2030,0.0933544648818979,MtCO2/yr,plotted,"[""Carbon Capture|Industry|Non-Ferrous Metals|Aluminum""]",fig04_emissions,,,,,,"[""AFE"", ""AFN"", ""AFW"", ""AFZ"", ""ANZ"", ""ASC"", ""ASE"", ""ASO"", ""BRA"", ""CAN"", ""CHL"", ""CHN"", ""ENE"", ""ENW"", ""EUE"", ""EUM"", ""EUW"", ""IDN"", ""IND"", ""JPN"", ""LAM"", ""MDA"", ""MEA"", ""MEX"", ""NIG"", ""RUS"", ""SKT"", ""USA""]",Carbon capture,,,1.0,0.0933544648818979,MtCO2/yr,,,,,,,,,,,,,,,
baseline_noce,NDC+LTT,No CE,d,Global,Aluminium,Aluminium,2035,0.0933544658397913,MtCO2/yr,plotted,"[""Carbon Capture|Industry|Non-Ferrous Metals|Aluminum""]",fig04_emissions,,,,,,"[""AFE"", ""AFN"", ""AFW"", ""AFZ"", ""ANZ"", ""ASC"", ""ASE"", ""ASO"", ""BRA"", ""CAN"", ""CHL"", ""CHN"", ""ENE"", ""ENW"", ""EUE"", ""EUM"", ""EUW"", ""IDN"", ""IND"", ""JPN"", ""LAM"", ""MDA"", ""MEA"", ""MEX"", ""NIG"", ""RUS"", ""SKT"", ""USA""]",Carbon capture,,,1.0,0.0933544658397913,MtCO2/yr,,,,,,,,,,,,,,,
baseline_noce,NDC+LTT,No CE,d,Global,Aluminium,Aluminium,2040,0.0933544676169414,MtCO2/yr,plotted,"[""Carbon Capture|Industry|Non-Ferrous Metals|Aluminum""]",fig04_emissions,,,,,,"[""AFE"", ""AFN"", ""AFW"", ""AFZ"", ""ANZ"", ""ASC"", ""ASE"", ""ASO"", ""BRA"", ""CAN"", ""CHL"", ""CHN"", ""ENE"", ""ENW"", ""EUE"", ""EUM"", ""EUW"", ""IDN"", ""IND"", ""JPN"", ""LAM"", ""MDA"", ""MEA"", ""MEX"", ""NIG"", ""RUS"", ""SKT"", ""USA""]",Carbon capture,,,1.0,0.0933544676169414,MtCO2/yr,,,,,,,,,,,,,,,
baseline_noce,NDC+LTT,No CE,d,Global,Aluminium,Aluminium,2050,4.2872008007625296e-05,MtCO2/yr,plotted,"[""Carbon Capture|Industry|Non-Ferrous Metals|Aluminum""]",fig04_emissions,,,,,,"[""AFE"", ""AFN"", ""AFW"", ""AFZ"", ""ANZ"", ""ASC"", ""ASE"", ""ASO"", ""BRA"", ""CAN"", ""CHL"", ""CHN"", ""ENE"", ""ENW"", ""EUE"", ""EUM"", ""EUW"", ""IDN"", ""IND"", ""JPN"", ""LAM"", ""MDA"", ""MEA"", ""MEX"", ""NIG"", ""RUS"", ""SKT"", ""USA""]",Carbon capture,,,1.0,4.2872008007625296e-05,MtCO2/yr,,,,,,,,,,,,,,,
ndc_noce,NDC,No CE,a,Global,Cement,Cement,2019,4201.409299940433,Mt/yr,plotted,"[""Production|Non-Metallic Minerals|Cement""]",fig05_material_production,,,,,,"[""AFE"", ""AFN"", ""AFW"", ""AFZ"", ""ANZ"", ""ASC"", ""ASE"", ""ASO"", ""BRA"", ""CAN"", ""CHL"", ""CHN"", ""ENE"", ""ENW"", ""EUE"", ""EUM"", ""EUW"", ""IDN"", ""IND"", ""JPN"", ""LAM"", ""MDA"", ""MEA"", ""MEX"", ""NIG"", ""RUS"", ""SKT"", ""USA""]",Material production,,,1.0,4201.409299940433,Mt/yr,,,noce,0.0,historical,2019,0.0,,,,,,,,
ndc_noce,NDC,No CE,a,Global,Cement,Clinker,2019,3030.4398866528886,Mt/yr,plotted,"[""Production|Non-Metallic Minerals|Cement Clinker""]",fig05_material_production,,,,,,"[""AFE"", ""AFN"", ""AFW"", ""AFZ"", ""ANZ"", ""ASC"", ""ASE"", ""ASO"", ""BRA"", ""CAN"", ""CHL"", ""CHN"", ""ENE"", ""ENW"", ""EUE"", ""EUM"", ""EUW"", ""IDN"", ""IND"", ""JPN"", ""LAM"", ""MDA"", ""MEA"", ""MEX"", ""NIG"", ""RUS"", ""SKT"", ""USA""]",Material production,,,1.0,3030.4398866528886,Mt/yr,,,noce,0.0,historical,2019,0.0,,,,,,,,
ndc_noce,NDC,No CE,a,Global,Cement,Cement,2050,3660.1359678777544,Mt/yr,plotted,"[""Production|Non-Metallic Minerals|Cement""]",fig05_material_production,,,,,,"[""AFE"", ""AFN"", ""AFW"", ""AFZ"", ""ANZ"", ""ASC"", ""ASE"", ""ASO"", ""BRA"", ""CAN"", ""CHL"", ""CHN"", ""ENE"", ""ENW"", ""EUE"", ""EUM"", ""EUW"", ""IDN"", ""IND"", ""JPN"", ""LAM"", ""MDA"", ""MEA"", ""MEX"", ""NIG"", ""RUS"", ""SKT"", ""USA""]",Material production,,,1.0,3660.1359678777544,Mt/yr,,,noce,1.0,future,No CE,0.0,,,,,,,,
ndc_noce,NDC,No CE,a,Global,Cement,Clinker,2050,2599.115854230405,Mt/yr,plotted,"[""Production|Non-Metallic Minerals|Cement Clinker""]",fig05_material_production,,,,,,"[""AFE"", ""AFN"", ""AFW"", ""AFZ"", ""ANZ"", ""ASC"", ""ASE"", ""ASO"", ""BRA"", ""CAN"", ""CHL"", ""CHN"", ""ENE"", ""ENW"", ""EUE"", ""EUM"", ""EUW"", ""IDN"", ""IND"", ""JPN"", ""LAM"", ""MDA"", ""MEA"", ""MEX"", ""NIG"", ""RUS"", ""SKT"", ""USA""]",Material production,,,1.0,2599.115854230405,Mt/yr,,,noce,1.0,future,No CE,0.0,,,,,,,,
ndc_noce,NDC,No CE,a,Global,Cement,Cement,2050,0.0,%,context,"[""Production|Non-Metallic Minerals|Cement""]",fig05_material_production,,,,,,"[""AFE"", ""AFN"", ""AFW"", ""AFZ"", ""ANZ"", ""ASC"", ""ASE"", ""ASO"", ""BRA"", ""CAN"", ""CHL"", ""CHN"", ""ENE"", ""ENW"", ""EUE"", ""EUM"", ""EUW"", ""IDN"", ""IND"", ""JPN"", ""LAM"", ""MDA"", ""MEA"", ""MEX"", ""NIG"", ""RUS"", ""SKT"", ""USA""]",Production change from no CE,,,100.0,3660.1359678777544,Mt/yr,3660.1359678777544,Mt/yr,noce,1.0,future,No CE,-100.0,ndc_noce,2050.0,,,,,,
ndc_medce_eu,NDC,"Medium CE, EU",a,Global,Cement,Cement,2050,3706.9550861807543,Mt/yr,plotted,"[""Production|Non-Metallic Minerals|Cement""]",fig05_material_production,,,,,,"[""AFE"", ""AFN"", ""AFW"", ""AFZ"", ""ANZ"", ""ASC"", ""ASE"", ""ASO"", ""BRA"", ""CAN"", ""CHL"", ""CHN"", ""ENE"", ""ENW"", ""EUE"", ""EUM"", ""EUW"", ""IDN"", ""IND"", ""JPN"", ""LAM"", ""MDA"", ""MEA"", ""MEX"", ""NIG"", ""RUS"", ""SKT"", ""USA""]",Material production,,,1.0,3706.9550861807543,Mt/yr,,,medce_eu,2.0,future,M–EU,0.0,,,,,,,,
ndc_medce_eu,NDC,"Medium CE, EU",a,Global,Cement,Clinker,2050,2614.2037428023336,Mt/yr,plotted,"[""Production|Non-Metallic Minerals|Cement Clinker""]",fig05_material_production,,,,,,"[""AFE"", ""AFN"", ""AFW"", ""AFZ"", ""ANZ"", ""ASC"", ""ASE"", ""ASO"", ""BRA"", ""CAN"", ""CHL"", ""CHN"", ""ENE"", ""ENW"", ""EUE"", ""EUM"", ""EUW"", ""IDN"", ""IND"", ""JPN"", ""LAM"", ""MDA"", ""MEA"", ""MEX"", ""NIG"", ""RUS"", ""SKT"", ""USA""]",Material production,,,1.0,2614.2037428023336,Mt/yr,,,medce_eu,2.0,future,M–EU,0.0,,,,,,,,
ndc_medce_eu,NDC,"Medium CE, EU",a,Global,Cement,Cement,2050,1.2791633620689424,%,context,"[""Production|Non-Metallic Minerals|Cement""]",fig05_material_production,,,,,,"[""AFE"", ""AFN"", ""AFW"", ""AFZ"", ""ANZ"", ""ASC"", ""ASE"", ""ASO"", ""BRA"", ""CAN"", ""CHL"", ""CHN"", ""ENE"", ""ENW"", ""EUE"", ""EUM"", ""EUW"", ""IDN"", ""IND"", ""JPN"", ""LAM"", ""MDA"", ""MEA"", ""MEX"", ""NIG"", ""RUS"", ""SKT"", ""USA""]",Production change from no CE,,,100.0,3706.9550861807543,Mt/yr,3660.1359678777544,Mt/yr,medce_eu,2.0,future,M–EU,-100.0,ndc_noce,2050.0,,,,,,
ndc_highce_eu,NDC,"High CE, EU",a,Global,Cement,Cement,2050,3697.1408466607104,Mt/yr,plotted,"[""Production|Non-Metallic Minerals|Cement""]",fig05_material_production,,,,,,"[""AFE"", ""AFN"", ""AFW"", ""AFZ"", ""ANZ"", ""ASC"", ""ASE"", ""ASO"", ""BRA"", ""CAN"", ""CHL"", ""CHN"", ""ENE"", ""ENW"", ""EUE"", ""EUM"", ""EUW"", ""IDN"", ""IND"", ""JPN"", ""LAM"", ""MDA"", ""MEA"", ""MEX"", ""NIG"", ""RUS"", ""SKT"", ""USA""]",Material production,,,1.0,3697.1408466607104,Mt/yr,,,highce_eu,3.0,future,H–EU,0.0,,,,,,,,
ndc_highce_eu,NDC,"High CE, EU",a,Global,Cement,Clinker,2050,2602.593120077279,Mt/yr,plotted,"[""Production|Non-Metallic Minerals|Cement Clinker""]",fig05_material_production,,,,,,"[""AFE"", ""AFN"", ""AFW"", ""AFZ"", ""ANZ"", ""ASC"", ""ASE"", ""ASO"", ""BRA"", ""CAN"", ""CHL"", ""CHN"", ""ENE"", ""ENW"", ""EUE"", ""EUM"", ""EUW"", ""IDN"", ""IND"", ""JPN"", ""LAM"", ""MDA"", ""MEA"", ""MEX"", ""NIG"", ""RUS"", ""SKT"", ""USA""]",Material production,,,1.0,2602.593120077279,Mt/yr,,,highce_eu,3.0,future,H–EU,0.0,,,,,,,,
ndc_highce_eu,NDC,"High CE, EU",a,Global,Cement,Cement,2050,1.011024702571703,%,context,"[""Production|Non-Metallic Minerals|Cement""]",fig05_material_production,,,,,,"[""AFE"", ""AFN"", ""AFW"", ""AFZ"", ""ANZ"", ""ASC"", ""ASE"", ""ASO"", ""BRA"", ""CAN"", ""CHL"", ""CHN"", ""ENE"", ""ENW"", ""EUE"", ""EUM"", ""EUW"", ""IDN"", ""IND"", ""JPN"", ""LAM"", ""MDA"", ""MEA"", ""MEX"", ""NIG"", ""RUS"", ""SKT"", ""USA""]",Production change from no CE,,,100.0,3697.1408466607104,Mt/yr,3660.1359678777544,Mt/yr,highce_eu,3.0,future,H–EU,-100.0,ndc_noce,2050.0,,,,,,
ndc_medce_gbl,NDC,"Medium CE, EU + partners",a,Global,Cement,Cement,2050,3454.3952064560904,Mt/yr,plotted,"[""Production|Non-Metallic Minerals|Cement""]",fig05_material_production,,,,,,"[""AFE"", ""AFN"", ""AFW"", ""AFZ"", ""ANZ"", ""ASC"", ""ASE"", ""ASO"", ""BRA"", ""CAN"", ""CHL"", ""CHN"", ""ENE"", ""ENW"", ""EUE"", ""EUM"", ""EUW"", ""IDN"", ""IND"", ""JPN"", ""LAM"", ""MDA"", ""MEA"", ""MEX"", ""NIG"", ""RUS"", ""SKT"", ""USA""]",Material production,,,1.0,3454.3952064560904,Mt/yr,,,medce_gbl,4.0,future,M–EU+,0.0,,,,,,,,
ndc_medce_gbl,NDC,"Medium CE, EU + partners",a,Global,Cement,Clinker,2050,2262.883166724022,Mt/yr,plotted,"[""Production|Non-Metallic Minerals|Cement Clinker""]",fig05_material_production,,,,,,"[""AFE"", ""AFN"", ""AFW"", ""AFZ"", ""ANZ"", ""ASC"", ""ASE"", ""ASO"", ""BRA"", ""CAN"", ""CHL"", ""CHN"", ""ENE"", ""ENW"", ""EUE"", ""EUM"", ""EUW"", ""IDN"", ""IND"", ""JPN"", ""LAM"", ""MDA"", ""MEA"", ""MEX"", ""NIG"", ""RUS"", ""SKT"", ""USA""]",Material production,,,1.0,2262.883166724022,Mt/yr,,,medce_gbl,4.0,future,M–EU+,0.0,,,,,,,,
ndc_medce_gbl,NDC,"Medium CE, EU + partners",a,Global,Cement,Cement,2050,-5.621123456267625,%,context,"[""Production|Non-Metallic Minerals|Cement""]",fig05_material_production,,,,,,"[""AFE"", ""AFN"", ""AFW"", ""AFZ"", ""ANZ"", ""ASC"", ""ASE"", ""ASO"", ""BRA"", ""CAN"", ""CHL"", ""CHN"", ""ENE"", ""ENW"", ""EUE"", ""EUM"", ""EUW"", ""IDN"", ""IND"", ""JPN"", ""LAM"", ""MDA"", ""MEA"", ""MEX"", ""NIG"", ""RUS"", ""SKT"", ""USA""]",Production change from no CE,,,100.0,3454.3952064560904,Mt/yr,3660.1359678777544,Mt/yr,medce_gbl,4.0,future,M–EU+,-100.0,ndc_noce,2050.0,,,,,,
ndc_highce_gbl,NDC,"High CE, EU + partners",a,Global,Cement,Cement,2050,3193.051262509307,Mt/yr,plotted,"[""Production|Non-Metallic Minerals|Cement""]",fig05_material_production,,,,,,"[""AFE"", ""AFN"", ""AFW"", ""AFZ"", ""ANZ"", ""ASC"", ""ASE"", ""ASO"", ""BRA"", ""CAN"", ""CHL"", ""CHN"", ""ENE"", ""ENW"", ""EUE"", ""EUM"", ""EUW"", ""IDN"", ""IND"", ""JPN"", ""LAM"", ""MDA"", ""MEA"", ""MEX"", ""NIG"", ""RUS"", ""SKT"", ""USA""]",Material production,,,1.0,3193.051262509307,Mt/yr,,,highce_gbl,5.0,future,H–EU+,0.0,,,,,,,,
ndc_highce_gbl,NDC,"High CE, EU + partners",a,Global,Cement,Clinker,2050,2020.2384545413736,Mt/yr,plotted,"[""Production|Non-Metallic Minerals|Cement Clinker""]",fig05_material_production,,,,,,"[""AFE"", ""AFN"", ""AFW"", ""AFZ"", ""ANZ"", ""ASC"", ""ASE"", ""ASO"", ""BRA"", ""CAN"", ""CHL"", ""CHN"", ""ENE"", ""ENW"", ""EUE"", ""EUM"", ""EUW"", ""IDN"", ""IND"", ""JPN"", ""LAM"", ""MDA"", ""MEA"", ""MEX"", ""NIG"", ""RUS"", ""SKT"", ""USA""]",Material production,,,1.0,2020.2384545413736,Mt/yr,,,highce_gbl,5.0,future,H–EU+,0.0,,,,,,,,
ndc_highce_gbl,NDC,"High CE, EU + partners",a,Global,Cement,Cement,2050,-12.761403113646509,%,context,"[""Production|Non-Metallic Minerals|Cement""]",fig05_material_production,,,,,,"[""AFE"", ""AFN"", ""AFW"", ""AFZ"", ""ANZ"", ""ASC"", ""ASE"", ""ASO"", ""BRA"", ""CAN"", ""CHL"", ""CHN"", ""ENE"", ""ENW"", ""EUE"", ""EUM"", ""EUW"", ""IDN"", ""IND"", ""JPN"", ""LAM"", ""MDA"", ""MEA"", ""MEX"", ""NIG"", ""RUS"", ""SKT"", ""USA""]",Production change from no CE,,,100.0,3193.051262509307,Mt/yr,3660.1359678777544,Mt/yr,highce_gbl,5.0,future,H–EU+,-100.0,ndc_noce,2050.0,,,,,,
ndc_noce,NDC,No CE,b,Global,Iron and steel,Total,2019,1754.711551232852,Mt/yr,context,"[""Production|Iron and Steel|Primary"", ""Production|Iron and Steel|Secondary""]",fig05_material_production,,,,,,"[""AFE"", ""AFN"", ""AFW"", ""AFZ"", ""ANZ"", ""ASC"", ""ASE"", ""ASO"", ""BRA"", ""CAN"", ""CHL"", ""CHN"", ""ENE"", ""ENW"", ""EUE"", ""EUM"", ""EUW"", ""IDN"", ""IND"", ""JPN"", ""LAM"", ""MDA"", ""MEA"", ""MEX"", ""NIG"", ""RUS"", ""SKT"", ""USA""]",Material production,,,1.0,1754.711551232852,Mt/yr,,,noce,0.0,historical,2019,0.0,,,,,,,,
ndc_noce,NDC,No CE,b,Global,Iron and steel,Primary,2019,1409.4021422034127,Mt/yr,plotted,"[""Production|Iron and Steel|Primary""]",fig05_material_production,,,,,,"[""AFE"", ""AFN"", ""AFW"", ""AFZ"", ""ANZ"", ""ASC"", ""ASE"", ""ASO"", ""BRA"", ""CAN"", ""CHL"", ""CHN"", ""ENE"", ""ENW"", ""EUE"", ""EUM"", ""EUW"", ""IDN"", ""IND"", ""JPN"", ""LAM"", ""MDA"", ""MEA"", ""MEX"", ""NIG"", ""RUS"", ""SKT"", ""USA""]",Material production,,,1.0,1409.4021422034127,Mt/yr,,,noce,0.0,historical,2019,0.0,,,,,,,,
ndc_noce,NDC,No CE,b,Global,Iron and steel,Secondary,2019,345.30940902943917,Mt/yr,plotted,"[""Production|Iron and Steel|Secondary""]",fig05_material_production,,,,,,"[""AFE"", ""AFN"", ""AFW"", ""AFZ"", ""ANZ"", ""ASC"", ""ASE"", ""ASO"", ""BRA"", ""CAN"", ""CHL"", ""CHN"", ""ENE"", ""ENW"", ""EUE"", ""EUM"", ""EUW"", ""IDN"", ""IND"", ""JPN"", ""LAM"", ""MDA"", ""MEA"", ""MEX"", ""NIG"", ""RUS"", ""SKT"", ""USA""]",Material production,,,1.0,345.30940902943917,Mt/yr,,,noce,0.0,historical,2019,0.0,,,,,,,,
ndc_noce,NDC,No CE,b,Global,Iron and steel,Secondary,2019,19.678984206083697,%,context,"[""Production|Iron and Steel|Primary"", ""Production|Iron and Steel|Secondary""]",fig05_material_production,,,,,,"[""AFE"", ""AFN"", ""AFW"", ""AFZ"", ""ANZ"", ""ASC"", ""ASE"", ""ASO"", ""BRA"", ""CAN"", ""CHL"", ""CHN"", ""ENE"", ""ENW"", ""EUE"", ""EUM"", ""EUW"", ""IDN"", ""IND"", ""JPN"", ""LAM"", ""MDA"", ""MEA"", ""MEX"", ""NIG"", ""RUS"", ""SKT"", ""USA""]",Secondary production share,,,100.0,345.30940902943917,Mt/yr,1754.711551232852,Mt/yr,noce,0.0,historical,2019,0.0,ndc_noce,2019.0,,,,,,
ndc_noce,NDC,No CE,b,Global,Iron and steel,Total,2050,2186.9297730849707,Mt/yr,context,"[""Production|Iron and Steel|Primary"", ""Production|Iron and Steel|Secondary""]",fig05_material_production,,,,,,"[""AFE"", ""AFN"", ""AFW"", ""AFZ"", ""ANZ"", ""ASC"", ""ASE"", ""ASO"", ""BRA"", ""CAN"", ""CHL"", ""CHN"", ""ENE"", ""ENW"", ""EUE"", ""EUM"", ""EUW"", ""IDN"", ""IND"", ""JPN"", ""LAM"", ""MDA"", ""MEA"", ""MEX"", ""NIG"", ""RUS"", ""SKT"", ""USA""]",Material production,,,1.0,2186.9297730849707,Mt/yr,,,noce,1.0,future,No CE,0.0,,,,,,,,
ndc_noce,NDC,No CE,b,Global,Iron and steel,Primary,2050,1399.6350714434163,Mt/yr,plotted,"[""Production|Iron and Steel|Primary""]",fig05_material_production,,,,,,"[""AFE"", ""AFN"", ""AFW"", ""AFZ"", ""ANZ"", ""ASC"", ""ASE"", ""ASO"", ""BRA"", ""CAN"", ""CHL"", ""CHN"", ""ENE"", ""ENW"", ""EUE"", ""EUM"", ""EUW"", ""IDN"", ""IND"", ""JPN"", ""LAM"", ""MDA"", ""MEA"", ""MEX"", ""NIG"", ""RUS"", ""SKT"", ""USA""]",Material production,,,1.0,1399.6350714434163,Mt/yr,,,noce,1.0,future,No CE,0.0,,,,,,,,
ndc_noce,NDC,No CE,b,Global,Iron and steel,Secondary,2050,787.2947016415544,Mt/yr,plotted,"[""Production|Iron and Steel|Secondary""]",fig05_material_production,,,,,,"[""AFE"", ""AFN"", ""AFW"", ""AFZ"", ""ANZ"", ""ASC"", ""ASE"", ""ASO"", ""BRA"", ""CAN"", ""CHL"", ""CHN"", ""ENE"", ""ENW"", ""EUE"", ""EUM"", ""EUW"", ""IDN"", ""IND"", ""JPN"", ""LAM"", ""MDA"", ""MEA"", ""MEX"", ""NIG"", ""RUS"", ""SKT"", ""USA""]",Material production,,,1.0,787.2947016415544,Mt/yr,,,noce,1.0,future,No CE,0.0,,,,,,,,
ndc_noce,NDC,No CE,b,Global,Iron and steel,Secondary,2050,35.99999923778828,%,context,"[""Production|Iron and Steel|Primary"", ""Production|Iron and Steel|Secondary""]",fig05_material_production,,,,,,"[""AFE"", ""AFN"", ""AFW"", ""AFZ"", ""ANZ"", ""ASC"", ""ASE"", ""ASO"", ""BRA"", ""CAN"", ""CHL"", ""CHN"", ""ENE"", ""ENW"", ""EUE"", ""EUM"", ""EUW"", ""IDN"", ""IND"", ""JPN"", ""LAM"", ""MDA"", ""MEA"", ""MEX"", ""NIG"", ""RUS"", ""SKT"", ""USA""]",Secondary production share,,,100.0,787.2947016415544,Mt/yr,2186.9297730849707,Mt/yr,noce,1.0,future,No CE,0.0,ndc_noce,2050.0,,,,,,
ndc_noce,NDC,No CE,b,Global,Iron and steel,Total,2050,0.0,%,context,"[""Production|Iron and Steel|Primary"", ""Production|Iron and Steel|Secondary""]",fig05_material_production,,,,,,"[""AFE"", ""AFN"", ""AFW"", ""AFZ"", ""ANZ"", ""ASC"", ""ASE"", ""ASO"", ""BRA"", ""CAN"", ""CHL"", ""CHN"", ""ENE"", ""ENW"", ""EUE"", ""EUM"", ""EUW"", ""IDN"", ""IND"", ""JPN"", ""LAM"", ""MDA"", ""MEA"", ""MEX"", ""NIG"", ""RUS"", ""SKT"", ""USA""]",Production change from no CE,,,100.0,2186.9297730849707,Mt/yr,2186.9297730849707,Mt/yr,noce,1.0,future,No CE,-100.0,ndc_noce,2050.0,,,,,,
ndc_medce_eu,NDC,"Medium CE, EU",b,Global,Iron and steel,Total,2050,2114.4636657563815,Mt/yr,context,"[""Production|Iron and Steel|Primary"", ""Production|Iron and Steel|Secondary""]",fig05_material_production,,,,,,"[""AFE"", ""AFN"", ""AFW"", ""AFZ"", ""ANZ"", ""ASC"", ""ASE"", ""ASO"", ""BRA"", ""CAN"", ""CHL"", ""CHN"", ""ENE"", ""ENW"", ""EUE"", ""EUM"", ""EUW"", ""IDN"", ""IND"", ""JPN"", ""LAM"", ""MDA"", ""MEA"", ""MEX"", ""NIG"", ""RUS"", ""SKT"", ""USA""]",Material production,,,1.0,2114.4636657563815,Mt/yr,,,medce_eu,2.0,future,M–EU,0.0,,,,,,,,
ndc_medce_eu,NDC,"Medium CE, EU",b,Global,Iron and steel,Primary,2050,1301.2916397710117,Mt/yr,plotted,"[""Production|Iron and Steel|Primary""]",fig05_material_production,,,,,,"[""AFE"", ""AFN"", ""AFW"", ""AFZ"", ""ANZ"", ""ASC"", ""ASE"", ""ASO"", ""BRA"", ""CAN"", ""CHL"", ""CHN"", ""ENE"", ""ENW"", ""EUE"", ""EUM"", ""EUW"", ""IDN"", ""IND"", ""JPN"", ""LAM"", ""MDA"", ""MEA"", ""MEX"", ""NIG"", ""RUS"", ""SKT"", ""USA""]",Material production,,,1.0,1301.2916397710117,Mt/yr,,,medce_eu,2.0,future,M–EU,0.0,,,,,,,,
ndc_medce_eu,NDC,"Medium CE, EU",b,Global,Iron and steel,Secondary,2050,813.1720259853698,Mt/yr,plotted,"[""Production|Iron and Steel|Secondary""]",fig05_material_production,,,,,,"[""AFE"", ""AFN"", ""AFW"", ""AFZ"", ""ANZ"", ""ASC"", ""ASE"", ""ASO"", ""BRA"", ""CAN"", ""CHL"", ""CHN"", ""ENE"", ""ENW"", ""EUE"", ""EUM"", ""EUW"", ""IDN"", ""IND"", ""JPN"", ""LAM"", ""MDA"", ""MEA"", ""MEX"", ""NIG"", ""RUS"", ""SKT"", ""USA""]",Material production,,,1.0,813.1720259853698,Mt/yr,,,medce_eu,2.0,future,M–EU,0.0,,,,,,,,
ndc_medce_eu,NDC,"Medium CE, EU",b,Global,Iron and steel,Secondary,2050,38.45760223524501,%,context,"[""Production|Iron and Steel|Primary"", ""Production|Iron and Steel|Secondary""]",fig05_material_production,,,,,,"[""AFE"", ""AFN"", ""AFW"", ""AFZ"", ""ANZ"", ""ASC"", ""ASE"", ""ASO"", ""BRA"", ""CAN"", ""CHL"", ""CHN"", ""ENE"", ""ENW"", ""EUE"", ""EUM"", ""EUW"", ""IDN"", ""IND"", ""JPN"", ""LAM"", ""MDA"", ""MEA"", ""MEX"", ""NIG"", ""RUS"", ""SKT"", ""USA""]",Secondary production share,,,100.0,813.1720259853698,Mt/yr,2114.4636657563815,Mt/yr,medce_eu,2.0,future,M–EU,0.0,ndc_medce_eu,2050.0,,,,,,
ndc_medce_eu,NDC,"Medium CE, EU",b,Global,Iron and steel,Total,2050,-3.3136001082634436,%,context,"[""Production|Iron and Steel|Primary"", ""Production|Iron and Steel|Secondary""]",fig05_material_production,,,,,,"[""AFE"", ""AFN"", ""AFW"", ""AFZ"", ""ANZ"", ""ASC"", ""ASE"", ""ASO"", ""BRA"", ""CAN"", ""CHL"", ""CHN"", ""ENE"", ""ENW"", ""EUE"", ""EUM"", ""EUW"", ""IDN"", ""IND"", ""JPN"", ""LAM"", ""MDA"", ""MEA"", ""MEX"", ""NIG"", ""RUS"", ""SKT"", ""USA""]",Production change from no CE,,,100.0,2114.4636657563815,Mt/yr,2186.9297730849707,Mt/yr,medce_eu,2.0,future,M–EU,-100.0,ndc_noce,2050.0,,,,,,
ndc_highce_eu,NDC,"High CE, EU",b,Global,Iron and steel,Total,2050,2114.4549470085612,Mt/yr,context,"[""Production|Iron and Steel|Primary"", ""Production|Iron and Steel|Secondary""]",fig05_material_production,,,,,,"[""AFE"", ""AFN"", ""AFW"", ""AFZ"", ""ANZ"", ""ASC"", ""ASE"", ""ASO"", ""BRA"", ""CAN"", ""CHL"", ""CHN"", ""ENE"", ""ENW"", ""EUE"", ""EUM"", ""EUW"", ""IDN"", ""IND"", ""JPN"", ""LAM"", ""MDA"", ""MEA"", ""MEX"", ""NIG"", ""RUS"", ""SKT"", ""USA""]",Material production,,,1.0,2114.4549470085612,Mt/yr,,,highce_eu,3.0,future,H–EU,0.0,,,,,,,,
ndc_highce_eu,NDC,"High CE, EU",b,Global,Iron and steel,Primary,2050,1301.2509433316525,Mt/yr,plotted,"[""Production|Iron and Steel|Primary""]",fig05_material_production,,,,,,"[""AFE"", ""AFN"", ""AFW"", ""AFZ"", ""ANZ"", ""ASC"", ""ASE"", ""ASO"", ""BRA"", ""CAN"", ""CHL"", ""CHN"", ""ENE"", ""ENW"", ""EUE"", ""EUM"", ""EUW"", ""IDN"", ""IND"", ""JPN"", ""LAM"", ""MDA"", ""MEA"", ""MEX"", ""NIG"", ""RUS"", ""SKT"", ""USA""]",Material production,,,1.0,1301.2509433316525,Mt/yr,,,highce_eu,3.0,future,H–EU,0.0,,,,,,,,
ndc_highce_eu,NDC,"High CE, EU",b,Global,Iron and steel,Secondary,2050,813.204003676909,Mt/yr,plotted,"[""Production|Iron and Steel|Secondary""]",fig05_material_production,,,,,,"[""AFE"", ""AFN"", ""AFW"", ""AFZ"", ""ANZ"", ""ASC"", ""ASE"", ""ASO"", ""BRA"", ""CAN"", ""CHL"", ""CHN"", ""ENE"", ""ENW"", ""EUE"", ""EUM"", ""EUW"", ""IDN"", ""IND"", ""JPN"", ""LAM"", ""MDA"", ""MEA"", ""MEX"", ""NIG"", ""RUS"", ""SKT"", ""USA""]",Material production,,,1.0,813.204003676909,Mt/yr,,,highce_eu,3.0,future,H–EU,0.0,,,,,,,,
ndc_highce_eu,NDC,"High CE, EU",b,Global,Iron and steel,Secondary,2050,38.45927314873247,%,context,"[""Production|Iron and Steel|Primary"", ""Production|Iron and Steel|Secondary""]",fig05_material_production,,,,,,"[""AFE"", ""AFN"", ""AFW"", ""AFZ"", ""ANZ"", ""ASC"", ""ASE"", ""ASO"", ""BRA"", ""CAN"", ""CHL"", ""CHN"", ""ENE"", ""ENW"", ""EUE"", ""EUM"", ""EUW"", ""IDN"", ""IND"", ""JPN"", ""LAM"", ""MDA"", ""MEA"", ""MEX"", ""NIG"", ""RUS"", ""SKT"", ""USA""]",Secondary production share,,,100.0,813.204003676909,Mt/yr,2114.4549470085612,Mt/yr,highce_eu,3.0,future,H–EU,0.0,ndc_highce_eu,2050.0,,,,,,
ndc_highce_eu,NDC,"High CE, EU",b,Global,Iron and steel,Total,2050,-3.313998783517107,%,context,"[""Production|Iron and Steel|Primary"", ""Production|Iron and Steel|Secondary""]",fig05_material_production,,,,,,"[""AFE"", ""AFN"", ""AFW"", ""AFZ"", ""ANZ"", ""ASC"", ""ASE"", ""ASO"", ""BRA"", ""CAN"", ""CHL"", ""CHN"", ""ENE"", ""ENW"", ""EUE"", ""EUM"", ""EUW"", ""IDN"", ""IND"", ""JPN"", ""LAM"", ""MDA"", ""MEA"", ""MEX"", ""NIG"", ""RUS"", ""SKT"", ""USA""]",Production change from no CE,,,100.0,2114.4549470085612,Mt/yr,2186.9297730849707,Mt/yr,highce_eu,3.0,future,H–EU,-100.0,ndc_noce,2050.0,,,,,,
ndc_medce_gbl,NDC,"Medium CE, EU + partners",b,Global,Iron and steel,Total,2050,1942.9274265836605,Mt/yr,context,"[""Production|Iron and Steel|Primary"", ""Production|Iron and Steel|Secondary""]",fig05_material_production,,,,,,"[""AFE"", ""AFN"", ""AFW"", ""AFZ"", ""ANZ"", ""ASC"", ""ASE"", ""ASO"", ""BRA"", ""CAN"", ""CHL"", ""CHN"", ""ENE"", ""ENW"", ""EUE"", ""EUM"", ""EUW"", ""IDN"", ""IND"", ""JPN"", ""LAM"", ""MDA"", ""MEA"", ""MEX"", ""NIG"", ""RUS"", ""SKT"", ""USA""]",Material production,,,1.0,1942.9274265836605,Mt/yr,,,medce_gbl,4.0,future,M–EU+,0.0,,,,,,,,
ndc_medce_gbl,NDC,"Medium CE, EU + partners",b,Global,Iron and steel,Primary,2050,891.4656868336194,Mt/yr,plotted,"[""Production|Iron and Steel|Primary""]",fig05_material_production,,,,,,"[""AFE"", ""AFN"", ""AFW"", ""AFZ"", ""ANZ"", ""ASC"", ""ASE"", ""ASO"", ""BRA"", ""CAN"", ""CHL"", ""CHN"", ""ENE"", ""ENW"", ""EUE"", ""EUM"", ""EUW"", ""IDN"", ""IND"", ""JPN"", ""LAM"", ""MDA"", ""MEA"", ""MEX"", ""NIG"", ""RUS"", ""SKT"", ""USA""]",Material production,,,1.0,891.4656868336194,Mt/yr,,,medce_gbl,4.0,future,M–EU+,0.0,,,,,,,,
ndc_medce_gbl,NDC,"Medium CE, EU + partners",b,Global,Iron and steel,Secondary,2050,1051.461739750041,Mt/yr,plotted,"[""Production|Iron and Steel|Secondary""]",fig05_material_production,,,,,,"[""AFE"", ""AFN"", ""AFW"", ""AFZ"", ""ANZ"", ""ASC"", ""ASE"", ""ASO"", ""BRA"", ""CAN"", ""CHL"", ""CHN"", ""ENE"", ""ENW"", ""EUE"", ""EUM"", ""EUW"", ""IDN"", ""IND"", ""JPN"", ""LAM"", ""MDA"", ""MEA"", ""MEX"", ""NIG"", ""RUS"", ""SKT"", ""USA""]",Material production,,,1.0,1051.461739750041,Mt/yr,,,medce_gbl,4.0,future,M–EU+,0.0,,,,,,,,
ndc_medce_gbl,NDC,"Medium CE, EU + partners",b,Global,Iron and steel,Secondary,2050,54.11739653080481,%,context,"[""Production|Iron and Steel|Primary"", ""Production|Iron and Steel|Secondary""]",fig05_material_production,,,,,,"[""AFE"", ""AFN"", ""AFW"", ""AFZ"", ""ANZ"", ""ASC"", ""ASE"", ""ASO"", ""BRA"", ""CAN"", ""CHL"", ""CHN"", ""ENE"", ""ENW"", ""EUE"", ""EUM"", ""EUW"", ""IDN"", ""IND"", ""JPN"", ""LAM"", ""MDA"", ""MEA"", ""MEX"", ""NIG"", ""RUS"", ""SKT"", ""USA""]",Secondary production share,,,100.0,1051.461739750041,Mt/yr,1942.9274265836605,Mt/yr,medce_gbl,4.0,future,M–EU+,0.0,ndc_medce_gbl,2050.0,,,,,,
ndc_medce_gbl,NDC,"Medium CE, EU + partners",b,Global,Iron and steel,Total,2050,-11.15730141426127,%,context,"[""Production|Iron and Steel|Primary"", ""Production|Iron and Steel|Secondary""]",fig05_material_production,,,,,,"[""AFE"", ""AFN"", ""AFW"", ""AFZ"", ""ANZ"", ""ASC"", ""ASE"", ""ASO"", ""BRA"", ""CAN"", ""CHL"", ""CHN"", ""ENE"", ""ENW"", ""EUE"", ""EUM"", ""EUW"", ""IDN"", ""IND"", ""JPN"", ""LAM"", ""MDA"", ""MEA"", ""MEX"", ""NIG"", ""RUS"", ""SKT"", ""USA""]",Production change from no CE,,,100.0,1942.9274265836605,Mt/yr,2186.9297730849707,Mt/yr,medce_gbl,4.0,future,M–EU+,-100.0,ndc_noce,2050.0,,,,,,
ndc_highce_gbl,NDC,"High CE, EU + partners",b,Global,Iron and steel,Total,2050,1705.9710188707859,Mt/yr,context,"[""Production|Iron and Steel|Primary"", ""Production|Iron and Steel|Secondary""]",fig05_material_production,,,,,,"[""AFE"", ""AFN"", ""AFW"", ""AFZ"", ""ANZ"", ""ASC"", ""ASE"", ""ASO"", ""BRA"", ""CAN"", ""CHL"", ""CHN"", ""ENE"", ""ENW"", ""EUE"", ""EUM"", ""EUW"", ""IDN"", ""IND"", ""JPN"", ""LAM"", ""MDA"", ""MEA"", ""MEX"", ""NIG"", ""RUS"", ""SKT"", ""USA""]",Material production,,,1.0,1705.9710188707859,Mt/yr,,,highce_gbl,5.0,future,H–EU+,0.0,,,,,,,,
ndc_highce_gbl,NDC,"High CE, EU + partners",b,Global,Iron and steel,Primary,2050,633.3844487773547,Mt/yr,plotted,"[""Production|Iron and Steel|Primary""]",fig05_material_production,,,,,,"[""AFE"", ""AFN"", ""AFW"", ""AFZ"", ""ANZ"", ""ASC"", ""ASE"", ""ASO"", ""BRA"", ""CAN"", ""CHL"", ""CHN"", ""ENE"", ""ENW"", ""EUE"", ""EUM"", ""EUW"", ""IDN"", ""IND"", ""JPN"", ""LAM"", ""MDA"", ""MEA"", ""MEX"", ""NIG"", ""RUS"", ""SKT"", ""USA""]",Material production,,,1.0,633.3844487773547,Mt/yr,,,highce_gbl,5.0,future,H–EU+,0.0,,,,,,,,
ndc_highce_gbl,NDC,"High CE, EU + partners",b,Global,Iron and steel,Secondary,2050,1072.5865700934312,Mt/yr,plotted,"[""Production|Iron and Steel|Secondary""]",fig05_material_production,,,,,,"[""AFE"", ""AFN"", ""AFW"", ""AFZ"", ""ANZ"", ""ASC"", ""ASE"", ""ASO"", ""BRA"", ""CAN"", ""CHL"", ""CHN"", ""ENE"", ""ENW"", ""EUE"", ""EUM"", ""EUW"", ""IDN"", ""IND"", ""JPN"", ""LAM"", ""MDA"", ""MEA"", ""MEX"", ""NIG"", ""RUS"", ""SKT"", ""USA""]",Material production,,,1.0,1072.5865700934312,Mt/yr,,,highce_gbl,5.0,future,H–EU+,0.0,,,,,,,,
ndc_highce_gbl,NDC,"High CE, EU + partners",b,Global,Iron and steel,Secondary,2050,62.872496556441874,%,context,"[""Production|Iron and Steel|Primary"", ""Production|Iron and Steel|Secondary""]",fig05_material_production,,,,,,"[""AFE"", ""AFN"", ""AFW"", ""AFZ"", ""ANZ"", ""ASC"", ""ASE"", ""ASO"", ""BRA"", ""CAN"", ""CHL"", ""CHN"", ""ENE"", ""ENW"", ""EUE"", ""EUM"", ""EUW"", ""IDN"", ""IND"", ""JPN"", ""LAM"", ""MDA"", ""MEA"", ""MEX"", ""NIG"", ""RUS"", ""SKT"", ""USA""]",Secondary production share,,,100.0,1072.5865700934312,Mt/yr,1705.9710188707859,Mt/yr,highce_gbl,5.0,future,H–EU+,0.0,ndc_highce_gbl,2050.0,,,,,,
ndc_highce_gbl,NDC,"High CE, EU + partners",b,Global,Iron and steel,Total,2050,-21.992418784244975,%,context,"[""Production|Iron and Steel|Primary"", ""Production|Iron and Steel|Secondary""]",fig05_material_production,,,,,,"[""AFE"", ""AFN"", ""AFW"", ""AFZ"", ""ANZ"", ""ASC"", ""ASE"", ""ASO"", ""BRA"", ""CAN"", ""CHL"", ""CHN"", ""ENE"", ""ENW"", ""EUE"", ""EUM"", ""EUW"", ""IDN"", ""IND"", ""JPN"", ""LAM"", ""MDA"", ""MEA"", ""MEX"", ""NIG"", ""RUS"", ""SKT"", ""USA""]",Production change from no CE,,,100.0,1705.9710188707859,Mt/yr,2186.9297730849707,Mt/yr,highce_gbl,5.0,future,H–EU+,-100.0,ndc_noce,2050.0,,,,,,
ndc_noce,NDC,No CE,c,Global,Aluminium,Total,2019,94.49997372278058,Mt/yr,context,"[""Production|Non-Ferrous Metals|Aluminum|Primary"", ""Production|Non-Ferrous Metals|Aluminum|Secondary""]",fig05_material_production,,,,,,"[""AFE"", ""AFN"", ""AFW"", ""AFZ"", ""ANZ"", ""ASC"", ""ASE"", ""ASO"", ""BRA"", ""CAN"", ""CHL"", ""CHN"", ""ENE"", ""ENW"", ""EUE"", ""EUM"", ""EUW"", ""IDN"", ""IND"", ""JPN"", ""LAM"", ""MDA"", ""MEA"", ""MEX"", ""NIG"", ""RUS"", ""SKT"", ""USA""]",Material production,,,1.0,94.49997372278058,Mt/yr,,,noce,0.0,historical,2019,0.0,,,,,,,,
ndc_noce,NDC,No CE,c,Global,Aluminium,Primary,2019,62.749973727086626,Mt/yr,plotted,"[""Production|Non-Ferrous Metals|Aluminum|Primary""]",fig05_material_production,,,,,,"[""AFE"", ""AFN"", ""AFW"", ""AFZ"", ""ANZ"", ""ASC"", ""ASE"", ""ASO"", ""BRA"", ""CAN"", ""CHL"", ""CHN"", ""ENE"", ""ENW"", ""EUE"", ""EUM"", ""EUW"", ""IDN"", ""IND"", ""JPN"", ""LAM"", ""MDA"", ""MEA"", ""MEX"", ""NIG"", ""RUS"", ""SKT"", ""USA""]",Material production,,,1.0,62.749973727086626,Mt/yr,,,noce,0.0,historical,2019,0.0,,,,,,,,
ndc_noce,NDC,No CE,c,Global,Aluminium,Secondary,2019,31.74999999569395,Mt/yr,plotted,"[""Production|Non-Ferrous Metals|Aluminum|Secondary""]",fig05_material_production,,,,,,"[""AFE"", ""AFN"", ""AFW"", ""AFZ"", ""ANZ"", ""ASC"", ""ASE"", ""ASO"", ""BRA"", ""CAN"", ""CHL"", ""CHN"", ""ENE"", ""ENW"", ""EUE"", ""EUM"", ""EUW"", ""IDN"", ""IND"", ""JPN"", ""LAM"", ""MDA"", ""MEA"", ""MEX"", ""NIG"", ""RUS"", ""SKT"", ""USA""]",Material production,,,1.0,31.74999999569395,Mt/yr,,,noce,0.0,historical,2019,0.0,,,,,,,,
ndc_noce,NDC,No CE,c,Global,Aluminium,Secondary,2019,33.59789293575238,%,context,"[""Production|Non-Ferrous Metals|Aluminum|Primary"", ""Production|Non-Ferrous Metals|Aluminum|Secondary""]",fig05_material_production,,,,,,"[""AFE"", ""AFN"", ""AFW"", ""AFZ"", ""ANZ"", ""ASC"", ""ASE"", ""ASO"", ""BRA"", ""CAN"", ""CHL"", ""CHN"", ""ENE"", ""ENW"", ""EUE"", ""EUM"", ""EUW"", ""IDN"", ""IND"", ""JPN"", ""LAM"", ""MDA"", ""MEA"", ""MEX"", ""NIG"", ""RUS"", ""SKT"", ""USA""]",Secondary production share,,,100.0,31.74999999569395,Mt/yr,94.49997372278058,Mt/yr,noce,0.0,historical,2019,0.0,ndc_noce,2019.0,,,,,,
ndc_noce,NDC,No CE,c,Global,Aluminium,Total,2050,133.0141126535924,Mt/yr,context,"[""Production|Non-Ferrous Metals|Aluminum|Primary"", ""Production|Non-Ferrous Metals|Aluminum|Secondary""]",fig05_material_production,,,,,,"[""AFE"", ""AFN"", ""AFW"", ""AFZ"", ""ANZ"", ""ASC"", ""ASE"", ""ASO"", ""BRA"", ""CAN"", ""CHL"", ""CHN"", ""ENE"", ""ENW"", ""EUE"", ""EUM"", ""EUW"", ""IDN"", ""IND"", ""JPN"", ""LAM"", ""MDA"", ""MEA"", ""MEX"", ""NIG"", ""RUS"", ""SKT"", ""USA""]",Material production,,,1.0,133.0141126535924,Mt/yr,,,noce,1.0,future,No CE,0.0,,,,,,,,
ndc_noce,NDC,No CE,c,Global,Aluminium,Primary,2050,68.45860254240496,Mt/yr,plotted,"[""Production|Non-Ferrous Metals|Aluminum|Primary""]",fig05_material_production,,,,,,"[""AFE"", ""AFN"", ""AFW"", ""AFZ"", ""ANZ"", ""ASC"", ""ASE"", ""ASO"", ""BRA"", ""CAN"", ""CHL"", ""CHN"", ""ENE"", ""ENW"", ""EUE"", ""EUM"", ""EUW"", ""IDN"", ""IND"", ""JPN"", ""LAM"", ""MDA"", ""MEA"", ""MEX"", ""NIG"", ""RUS"", ""SKT"", ""USA""]",Material production,,,1.0,68.45860254240496,Mt/yr,,,noce,1.0,future,No CE,0.0,,,,,,,,
ndc_noce,NDC,No CE,c,Global,Aluminium,Secondary,2050,64.55551011118743,Mt/yr,plotted,"[""Production|Non-Ferrous Metals|Aluminum|Secondary""]",fig05_material_production,,,,,,"[""AFE"", ""AFN"", ""AFW"", ""AFZ"", ""ANZ"", ""ASC"", ""ASE"", ""ASO"", ""BRA"", ""CAN"", ""CHL"", ""CHN"", ""ENE"", ""ENW"", ""EUE"", ""EUM"", ""EUW"", ""IDN"", ""IND"", ""JPN"", ""LAM"", ""MDA"", ""MEA"", ""MEX"", ""NIG"", ""RUS"", ""SKT"", ""USA""]",Material production,,,1.0,64.55551011118743,Mt/yr,,,noce,1.0,future,No CE,0.0,,,,,,,,
ndc_noce,NDC,No CE,c,Global,Aluminium,Secondary,2050,48.532827700252255,%,context,"[""Production|Non-Ferrous Metals|Aluminum|Primary"", ""Production|Non-Ferrous Metals|Aluminum|Secondary""]",fig05_material_production,,,,,,"[""AFE"", ""AFN"", ""AFW"", ""AFZ"", ""ANZ"", ""ASC"", ""ASE"", ""ASO"", ""BRA"", ""CAN"", ""CHL"", ""CHN"", ""ENE"", ""ENW"", ""EUE"", ""EUM"", ""EUW"", ""IDN"", ""IND"", ""JPN"", ""LAM"", ""MDA"", ""MEA"", ""MEX"", ""NIG"", ""RUS"", ""SKT"", ""USA""]",Secondary production share,,,100.0,64.55551011118743,Mt/yr,133.0141126535924,Mt/yr,noce,1.0,future,No CE,0.0,ndc_noce,2050.0,,,,,,
ndc_noce,NDC,No CE,c,Global,Aluminium,Total,2050,0.0,%,context,"[""Production|Non-Ferrous Metals|Aluminum|Primary"", ""Production|Non-Ferrous Metals|Aluminum|Secondary""]",fig05_material_production,,,,,,"[""AFE"", ""AFN"", ""AFW"", ""AFZ"", ""ANZ"", ""ASC"", ""ASE"", ""ASO"", ""BRA"", ""CAN"", ""CHL"", ""CHN"", ""ENE"", ""ENW"", ""EUE"", ""EUM"", ""EUW"", ""IDN"", ""IND"", ""JPN"", ""LAM"", ""MDA"", ""MEA"", ""MEX"", ""NIG"", ""RUS"", ""SKT"", ""USA""]",Production change from no CE,,,100.0,133.0141126535924,Mt/yr,133.0141126535924,Mt/yr,noce,1.0,future,No CE,-100.0,ndc_noce,2050.0,,,,,,
ndc_medce_eu,NDC,"Medium CE, EU",c,Global,Aluminium,Total,2050,133.16021878385558,Mt/yr,context,"[""Production|Non-Ferrous Metals|Aluminum|Primary"", ""Production|Non-Ferrous Metals|Aluminum|Secondary""]",fig05_material_production,,,,,,"[""AFE"", ""AFN"", ""AFW"", ""AFZ"", ""ANZ"", ""ASC"", ""ASE"", ""ASO"", ""BRA"", ""CAN"", ""CHL"", ""CHN"", ""ENE"", ""ENW"", ""EUE"", ""EUM"", ""EUW"", ""IDN"", ""IND"", ""JPN"", ""LAM"", ""MDA"", ""MEA"", ""MEX"", ""NIG"", ""RUS"", ""SKT"", ""USA""]",Material production,,,1.0,133.16021878385558,Mt/yr,,,medce_eu,2.0,future,M–EU,0.0,,,,,,,,
ndc_medce_eu,NDC,"Medium CE, EU",c,Global,Aluminium,Primary,2050,67.6234230667129,Mt/yr,plotted,"[""Production|Non-Ferrous Metals|Aluminum|Primary""]",fig05_material_production,,,,,,"[""AFE"", ""AFN"", ""AFW"", ""AFZ"", ""ANZ"", ""ASC"", ""ASE"", ""ASO"", ""BRA"", ""CAN"", ""CHL"", ""CHN"", ""ENE"", ""ENW"", ""EUE"", ""EUM"", ""EUW"", ""IDN"", ""IND"", ""JPN"", ""LAM"", ""MDA"", ""MEA"", ""MEX"", ""NIG"", ""RUS"", ""SKT"", ""USA""]",Material production,,,1.0,67.6234230667129,Mt/yr,,,medce_eu,2.0,future,M–EU,0.0,,,,,,,,
ndc_medce_eu,NDC,"Medium CE, EU",c,Global,Aluminium,Secondary,2050,65.53679571714268,Mt/yr,plotted,"[""Production|Non-Ferrous Metals|Aluminum|Secondary""]",fig05_material_production,,,,,,"[""AFE"", ""AFN"", ""AFW"", ""AFZ"", ""ANZ"", ""ASC"", ""ASE"", ""ASO"", ""BRA"", ""CAN"", ""CHL"", ""CHN"", ""ENE"", ""ENW"", ""EUE"", ""EUM"", ""EUW"", ""IDN"", ""IND"", ""JPN"", ""LAM"", ""MDA"", ""MEA"", ""MEX"", ""NIG"", ""RUS"", ""SKT"", ""USA""]",Material production,,,1.0,65.53679571714268,Mt/yr,,,medce_eu,2.0,future,M–EU,0.0,,,,,,,,
ndc_medce_eu,NDC,"Medium CE, EU",c,Global,Aluminium,Secondary,2050,49.21649747626308,%,context,"[""Production|Non-Ferrous Metals|Aluminum|Primary"", ""Production|Non-Ferrous Metals|Aluminum|Secondary""]",fig05_material_production,,,,,,"[""AFE"", ""AFN"", ""AFW"", ""AFZ"", ""ANZ"", ""ASC"", ""ASE"", ""ASO"", ""BRA"", ""CAN"", ""CHL"", ""CHN"", ""ENE"", ""ENW"", ""EUE"", ""EUM"", ""EUW"", ""IDN"", ""IND"", ""JPN"", ""LAM"", ""MDA"", ""MEA"", ""MEX"", ""NIG"", ""RUS"", ""SKT"", ""USA""]",Secondary production share,,,100.0,65.53679571714268,Mt/yr,133.16021878385558,Mt/yr,medce_eu,2.0,future,M–EU,0.0,ndc_medce_eu,2050.0,,,,,,
ndc_medce_eu,NDC,"Medium CE, EU",c,Global,Aluminium,Total,2050,0.10984257786516594,%,context,"[""Production|Non-Ferrous Metals|Aluminum|Primary"", ""Production|Non-Ferrous Metals|Aluminum|Secondary""]",fig05_material_production,,,,,,"[""AFE"", ""AFN"", ""AFW"", ""AFZ"", ""ANZ"", ""ASC"", ""ASE"", ""ASO"", ""BRA"", ""CAN"", ""CHL"", ""CHN"", ""ENE"", ""ENW"", ""EUE"", ""EUM"", ""EUW"", ""IDN"", ""IND"", ""JPN"", ""LAM"", ""MDA"", ""MEA"", ""MEX"", ""NIG"", ""RUS"", ""SKT"", ""USA""]",Production change from no CE,,,100.0,133.16021878385558,Mt/yr,133.0141126535924,Mt/yr,medce_eu,2.0,future,M–EU,-100.0,ndc_noce,2050.0,,,,,,
ndc_highce_eu,NDC,"High CE, EU",c,Global,Aluminium,Total,2050,132.6975036903445,Mt/yr,context,"[""Production|Non-Ferrous Metals|Aluminum|Primary"", ""Production|Non-Ferrous Metals|Aluminum|Secondary""]",fig05_material_production,,,,,,"[""AFE"", ""AFN"", ""AFW"", ""AFZ"", ""ANZ"", ""ASC"", ""ASE"", ""ASO"", ""BRA"", ""CAN"", ""CHL"", ""CHN"", ""ENE"", ""ENW"", ""EUE"", ""EUM"", ""EUW"", ""IDN"", ""IND"", ""JPN"", ""LAM"", ""MDA"", ""MEA"", ""MEX"", ""NIG"", ""RUS"", ""SKT"", ""USA""]",Material production,,,1.0,132.6975036903445,Mt/yr,,,highce_eu,3.0,future,H–EU,0.0,,,,,,,,
ndc_highce_eu,NDC,"High CE, EU",c,Global,Aluminium,Primary,2050,66.35764653249608,Mt/yr,plotted,"[""Production|Non-Ferrous Metals|Aluminum|Primary""]",fig05_material_production,,,,,,"[""AFE"", ""AFN"", ""AFW"", ""AFZ"", ""ANZ"", ""ASC"", ""ASE"", ""ASO"", ""BRA"", ""CAN"", ""CHL"", ""CHN"", ""ENE"", ""ENW"", ""EUE"", ""EUM"", ""EUW"", ""IDN"", ""IND"", ""JPN"", ""LAM"", ""MDA"", ""MEA"", ""MEX"", ""NIG"", ""RUS"", ""SKT"", ""USA""]",Material production,,,1.0,66.35764653249608,Mt/yr,,,highce_eu,3.0,future,H–EU,0.0,,,,,,,,
ndc_highce_eu,NDC,"High CE, EU",c,Global,Aluminium,Secondary,2050,66.33985715784841,Mt/yr,plotted,"[""Production|Non-Ferrous Metals|Aluminum|Secondary""]",fig05_material_production,,,,,,"[""AFE"", ""AFN"", ""AFW"", ""AFZ"", ""ANZ"", ""ASC"", ""ASE"", ""ASO"", ""BRA"", ""CAN"", ""CHL"", ""CHN"", ""ENE"", ""ENW"", ""EUE"", ""EUM"", ""EUW"", ""IDN"", ""IND"", ""JPN"", ""LAM"", ""MDA"", ""MEA"", ""MEX"", ""NIG"", ""RUS"", ""SKT"", ""USA""]",Material production,,,1.0,66.33985715784841,Mt/yr,,,highce_eu,3.0,future,H–EU,0.0,,,,,,,,
ndc_highce_eu,NDC,"High CE, EU",c,Global,Aluminium,Secondary,2050,49.99329701985609,%,context,"[""Production|Non-Ferrous Metals|Aluminum|Primary"", ""Production|Non-Ferrous Metals|Aluminum|Secondary""]",fig05_material_production,,,,,,"[""AFE"", ""AFN"", ""AFW"", ""AFZ"", ""ANZ"", ""ASC"", ""ASE"", ""ASO"", ""BRA"", ""CAN"", ""CHL"", ""CHN"", ""ENE"", ""ENW"", ""EUE"", ""EUM"", ""EUW"", ""IDN"", ""IND"", ""JPN"", ""LAM"", ""MDA"", ""MEA"", ""MEX"", ""NIG"", ""RUS"", ""SKT"", ""USA""]",Secondary production share,,,100.0,66.33985715784841,Mt/yr,132.6975036903445,Mt/yr,highce_eu,3.0,future,H–EU,0.0,ndc_highce_eu,2050.0,,,,,,
ndc_highce_eu,NDC,"High CE, EU",c,Global,Aluminium,Total,2050,-0.2380265950218785,%,context,"[""Production|Non-Ferrous Metals|Aluminum|Primary"", ""Production|Non-Ferrous Metals|Aluminum|Secondary""]",fig05_material_production,,,,,,"[""AFE"", ""AFN"", ""AFW"", ""AFZ"", ""ANZ"", ""ASC"", ""ASE"", ""ASO"", ""BRA"", ""CAN"", ""CHL"", ""CHN"", ""ENE"", ""ENW"", ""EUE"", ""EUM"", ""EUW"", ""IDN"", ""IND"", ""JPN"", ""LAM"", ""MDA"", ""MEA"", ""MEX"", ""NIG"", ""RUS"", ""SKT"", ""USA""]",Production change from no CE,,,100.0,132.6975036903445,Mt/yr,133.0141126535924,Mt/yr,highce_eu,3.0,future,H–EU,-100.0,ndc_noce,2050.0,,,,,,
ndc_medce_gbl,NDC,"Medium CE, EU + partners",c,Global,Aluminium,Total,2050,122.99839573820262,Mt/yr,context,"[""Production|Non-Ferrous Metals|Aluminum|Primary"", ""Production|Non-Ferrous Metals|Aluminum|Secondary""]",fig05_material_production,,,,,,"[""AFE"", ""AFN"", ""AFW"", ""AFZ"", ""ANZ"", ""ASC"", ""ASE"", ""ASO"", ""BRA"", ""CAN"", ""CHL"", ""CHN"", ""ENE"", ""ENW"", ""EUE"", ""EUM"", ""EUW"", ""IDN"", ""IND"", ""JPN"", ""LAM"", ""MDA"", ""MEA"", ""MEX"", ""NIG"", ""RUS"", ""SKT"", ""USA""]",Material production,,,1.0,122.99839573820262,Mt/yr,,,medce_gbl,4.0,future,M–EU+,0.0,,,,,,,,
ndc_medce_gbl,NDC,"Medium CE, EU + partners",c,Global,Aluminium,Primary,2050,54.68458484766675,Mt/yr,plotted,"[""Production|Non-Ferrous Metals|Aluminum|Primary""]",fig05_material_production,,,,,,"[""AFE"", ""AFN"", ""AFW"", ""AFZ"", ""ANZ"", ""ASC"", ""ASE"", ""ASO"", ""BRA"", ""CAN"", ""CHL"", ""CHN"", ""ENE"", ""ENW"", ""EUE"", ""EUM"", ""EUW"", ""IDN"", ""IND"", ""JPN"", ""LAM"", ""MDA"", ""MEA"", ""MEX"", ""NIG"", ""RUS"", ""SKT"", ""USA""]",Material production,,,1.0,54.68458484766675,Mt/yr,,,medce_gbl,4.0,future,M–EU+,0.0,,,,,,,,
ndc_medce_gbl,NDC,"Medium CE, EU + partners",c,Global,Aluminium,Secondary,2050,68.31381089053588,Mt/yr,plotted,"[""Production|Non-Ferrous Metals|Aluminum|Secondary""]",fig05_material_production,,,,,,"[""AFE"", ""AFN"", ""AFW"", ""AFZ"", ""ANZ"", ""ASC"", ""ASE"", ""ASO"", ""BRA"", ""CAN"", ""CHL"", ""CHN"", ""ENE"", ""ENW"", ""EUE"", ""EUM"", ""EUW"", ""IDN"", ""IND"", ""JPN"", ""LAM"", ""MDA"", ""MEA"", ""MEX"", ""NIG"", ""RUS"", ""SKT"", ""USA""]",Material production,,,1.0,68.31381089053588,Mt/yr,,,medce_gbl,4.0,future,M–EU+,0.0,,,,,,,,
ndc_medce_gbl,NDC,"Medium CE, EU + partners",c,Global,Aluminium,Secondary,2050,55.540408052101114,%,context,"[""Production|Non-Ferrous Metals|Aluminum|Primary"", ""Production|Non-Ferrous Metals|Aluminum|Secondary""]",fig05_material_production,,,,,,"[""AFE"", ""AFN"", ""AFW"", ""AFZ"", ""ANZ"", ""ASC"", ""ASE"", ""ASO"", ""BRA"", ""CAN"", ""CHL"", ""CHN"", ""ENE"", ""ENW"", ""EUE"", ""EUM"", ""EUW"", ""IDN"", ""IND"", ""JPN"", ""LAM"", ""MDA"", ""MEA"", ""MEX"", ""NIG"", ""RUS"", ""SKT"", ""USA""]",Secondary production share,,,100.0,68.31381089053588,Mt/yr,122.99839573820262,Mt/yr,medce_gbl,4.0,future,M–EU+,0.0,ndc_medce_gbl,2050.0,,,,,,
ndc_medce_gbl,NDC,"Medium CE, EU + partners",c,Global,Aluminium,Total,2050,-7.5298152320676195,%,context,"[""Production|Non-Ferrous Metals|Aluminum|Primary"", ""Production|Non-Ferrous Metals|Aluminum|Secondary""]",fig05_material_production,,,,,,"[""AFE"", ""AFN"", ""AFW"", ""AFZ"", ""ANZ"", ""ASC"", ""ASE"", ""ASO"", ""BRA"", ""CAN"", ""CHL"", ""CHN"", ""ENE"", ""ENW"", ""EUE"", ""EUM"", ""EUW"", ""IDN"", ""IND"", ""JPN"", ""LAM"", ""MDA"", ""MEA"", ""MEX"", ""NIG"", ""RUS"", ""SKT"", ""USA""]",Production change from no CE,,,100.0,122.99839573820262,Mt/yr,133.0141126535924,Mt/yr,medce_gbl,4.0,future,M–EU+,-100.0,ndc_noce,2050.0,,,,,,
ndc_highce_gbl,NDC,"High CE, EU + partners",c,Global,Aluminium,Total,2050,113.09071569065758,Mt/yr,context,"[""Production|Non-Ferrous Metals|Aluminum|Primary"", ""Production|Non-Ferrous Metals|Aluminum|Secondary""]",fig05_material_production,,,,,,"[""AFE"", ""AFN"", ""AFW"", ""AFZ"", ""ANZ"", ""ASC"", ""ASE"", ""ASO"", ""BRA"", ""CAN"", ""CHL"", ""CHN"", ""ENE"", ""ENW"", ""EUE"", ""EUM"", ""EUW"", ""IDN"", ""IND"", ""JPN"", ""LAM"", ""MDA"", ""MEA"", ""MEX"", ""NIG"", ""RUS"", ""SKT"", ""USA""]",Material production,,,1.0,113.09071569065758,Mt/yr,,,highce_gbl,5.0,future,H–EU+,0.0,,,,,,,,
ndc_highce_gbl,NDC,"High CE, EU + partners",c,Global,Aluminium,Primary,2050,40.90892380900466,Mt/yr,plotted,"[""Production|Non-Ferrous Metals|Aluminum|Primary""]",fig05_material_production,,,,,,"[""AFE"", ""AFN"", ""AFW"", ""AFZ"", ""ANZ"", ""ASC"", ""ASE"", ""ASO"", ""BRA"", ""CAN"", ""CHL"", ""CHN"", ""ENE"", ""ENW"", ""EUE"", ""EUM"", ""EUW"", ""IDN"", ""IND"", ""JPN"", ""LAM"", ""MDA"", ""MEA"", ""MEX"", ""NIG"", ""RUS"", ""SKT"", ""USA""]",Material production,,,1.0,40.90892380900466,Mt/yr,,,highce_gbl,5.0,future,H–EU+,0.0,,,,,,,,
ndc_highce_gbl,NDC,"High CE, EU + partners",c,Global,Aluminium,Secondary,2050,72.18179188165291,Mt/yr,plotted,"[""Production|Non-Ferrous Metals|Aluminum|Secondary""]",fig05_material_production,,,,,,"[""AFE"", ""AFN"", ""AFW"", ""AFZ"", ""ANZ"", ""ASC"", ""ASE"", ""ASO"", ""BRA"", ""CAN"", ""CHL"", ""CHN"", ""ENE"", ""ENW"", ""EUE"", ""EUM"", ""EUW"", ""IDN"", ""IND"", ""JPN"", ""LAM"", ""MDA"", ""MEA"", ""MEX"", ""NIG"", ""RUS"", ""SKT"", ""USA""]",Material production,,,1.0,72.18179188165291,Mt/yr,,,highce_gbl,5.0,future,H–EU+,0.0,,,,,,,,
ndc_highce_gbl,NDC,"High CE, EU + partners",c,Global,Aluminium,Secondary,2050,63.82645245529722,%,context,"[""Production|Non-Ferrous Metals|Aluminum|Primary"", ""Production|Non-Ferrous Metals|Aluminum|Secondary""]",fig05_material_production,,,,,,"[""AFE"", ""AFN"", ""AFW"", ""AFZ"", ""ANZ"", ""ASC"", ""ASE"", ""ASO"", ""BRA"", ""CAN"", ""CHL"", ""CHN"", ""ENE"", ""ENW"", ""EUE"", ""EUM"", ""EUW"", ""IDN"", ""IND"", ""JPN"", ""LAM"", ""MDA"", ""MEA"", ""MEX"", ""NIG"", ""RUS"", ""SKT"", ""USA""]",Secondary production share,,,100.0,72.18179188165291,Mt/yr,113.09071569065758,Mt/yr,highce_gbl,5.0,future,H–EU+,0.0,ndc_highce_gbl,2050.0,,,,,,
ndc_highce_gbl,NDC,"High CE, EU + partners",c,Global,Aluminium,Total,2050,-14.978408354924838,%,context,"[""Production|Non-Ferrous Metals|Aluminum|Primary"", ""Production|Non-Ferrous Metals|Aluminum|Secondary""]",fig05_material_production,,,,,,"[""AFE"", ""AFN"", ""AFW"", ""AFZ"", ""ANZ"", ""ASC"", ""ASE"", ""ASO"", ""BRA"", ""CAN"", ""CHL"", ""CHN"", ""ENE"", ""ENW"", ""EUE"", ""EUM"", ""EUW"", ""IDN"", ""IND"", ""JPN"", ""LAM"", ""MDA"", ""MEA"", ""MEX"", ""NIG"", ""RUS"", ""SKT"", ""USA""]",Production change from no CE,,,100.0,113.09071569065758,Mt/yr,133.0141126535924,Mt/yr,highce_gbl,5.0,future,H–EU+,-100.0,ndc_noce,2050.0,,,,,,
baseline_noce,NDC+LTT,No CE,d,Global,Cement,Cement,2019,4201.409299940433,Mt/yr,plotted,"[""Production|Non-Metallic Minerals|Cement""]",fig05_material_production,,,,,,"[""AFE"", ""AFN"", ""AFW"", ""AFZ"", ""ANZ"", ""ASC"", ""ASE"", ""ASO"", ""BRA"", ""CAN"", ""CHL"", ""CHN"", ""ENE"", ""ENW"", ""EUE"", ""EUM"", ""EUW"", ""IDN"", ""IND"", ""JPN"", ""LAM"", ""MDA"", ""MEA"", ""MEX"", ""NIG"", ""RUS"", ""SKT"", ""USA""]",Material production,,,1.0,4201.409299940433,Mt/yr,,,noce,0.0,historical,2019,0.0,,,,,,,,
baseline_noce,NDC+LTT,No CE,d,Global,Cement,Clinker,2019,3030.4398866528886,Mt/yr,plotted,"[""Production|Non-Metallic Minerals|Cement Clinker""]",fig05_material_production,,,,,,"[""AFE"", ""AFN"", ""AFW"", ""AFZ"", ""ANZ"", ""ASC"", ""ASE"", ""ASO"", ""BRA"", ""CAN"", ""CHL"", ""CHN"", ""ENE"", ""ENW"", ""EUE"", ""EUM"", ""EUW"", ""IDN"", ""IND"", ""JPN"", ""LAM"", ""MDA"", ""MEA"", ""MEX"", ""NIG"", ""RUS"", ""SKT"", ""USA""]",Material production,,,1.0,3030.4398866528886,Mt/yr,,,noce,0.0,historical,2019,0.0,,,,,,,,
baseline_noce,NDC+LTT,No CE,d,Global,Cement,Cement,2050,3660.135942423824,Mt/yr,plotted,"[""Production|Non-Metallic Minerals|Cement""]",fig05_material_production,,,,,,"[""AFE"", ""AFN"", ""AFW"", ""AFZ"", ""ANZ"", ""ASC"", ""ASE"", ""ASO"", ""BRA"", ""CAN"", ""CHL"", ""CHN"", ""ENE"", ""ENW"", ""EUE"", ""EUM"", ""EUW"", ""IDN"", ""IND"", ""JPN"", ""LAM"", ""MDA"", ""MEA"", ""MEX"", ""NIG"", ""RUS"", ""SKT"", ""USA""]",Material production,,,1.0,3660.135942423824,Mt/yr,,,noce,1.0,future,No CE,0.0,,,,,,,,
baseline_noce,NDC+LTT,No CE,d,Global,Cement,Clinker,2050,2599.115827280662,Mt/yr,plotted,"[""Production|Non-Metallic Minerals|Cement Clinker""]",fig05_material_production,,,,,,"[""AFE"", ""AFN"", ""AFW"", ""AFZ"", ""ANZ"", ""ASC"", ""ASE"", ""ASO"", ""BRA"", ""CAN"", ""CHL"", ""CHN"", ""ENE"", ""ENW"", ""EUE"", ""EUM"", ""EUW"", ""IDN"", ""IND"", ""JPN"", ""LAM"", ""MDA"", ""MEA"", ""MEX"", ""NIG"", ""RUS"", ""SKT"", ""USA""]",Material production,,,1.0,2599.115827280662,Mt/yr,,,noce,1.0,future,No CE,0.0,,,,,,,,
baseline_noce,NDC+LTT,No CE,d,Global,Cement,Cement,2050,0.0,%,context,"[""Production|Non-Metallic Minerals|Cement""]",fig05_material_production,,,,,,"[""AFE"", ""AFN"", ""AFW"", ""AFZ"", ""ANZ"", ""ASC"", ""ASE"", ""ASO"", ""BRA"", ""CAN"", ""CHL"", ""CHN"", ""ENE"", ""ENW"", ""EUE"", ""EUM"", ""EUW"", ""IDN"", ""IND"", ""JPN"", ""LAM"", ""MDA"", ""MEA"", ""MEX"", ""NIG"", ""RUS"", ""SKT"", ""USA""]",Production change from no CE,,,100.0,3660.135942423824,Mt/yr,3660.135942423824,Mt/yr,noce,1.0,future,No CE,-100.0,baseline_noce,2050.0,,,,,,
baseline_medce_eu,NDC+LTT,"Medium CE, EU",d,Global,Cement,Cement,2050,3708.5130996291045,Mt/yr,plotted,"[""Production|Non-Metallic Minerals|Cement""]",fig05_material_production,,,,,,"[""AFE"", ""AFN"", ""AFW"", ""AFZ"", ""ANZ"", ""ASC"", ""ASE"", ""ASO"", ""BRA"", ""CAN"", ""CHL"", ""CHN"", ""ENE"", ""ENW"", ""EUE"", ""EUM"", ""EUW"", ""IDN"", ""IND"", ""JPN"", ""LAM"", ""MDA"", ""MEA"", ""MEX"", ""NIG"", ""RUS"", ""SKT"", ""USA""]",Material production,,,1.0,3708.5130996291045,Mt/yr,,,medce_eu,2.0,future,M–EU,0.0,,,,,,,,
baseline_medce_eu,NDC+LTT,"Medium CE, EU",d,Global,Cement,Clinker,2050,2615.341789221829,Mt/yr,plotted,"[""Production|Non-Metallic Minerals|Cement Clinker""]",fig05_material_production,,,,,,"[""AFE"", ""AFN"", ""AFW"", ""AFZ"", ""ANZ"", ""ASC"", ""ASE"", ""ASO"", ""BRA"", ""CAN"", ""CHL"", ""CHN"", ""ENE"", ""ENW"", ""EUE"", ""EUM"", ""EUW"", ""IDN"", ""IND"", ""JPN"", ""LAM"", ""MDA"", ""MEA"", ""MEX"", ""NIG"", ""RUS"", ""SKT"", ""USA""]",Material production,,,1.0,2615.341789221829,Mt/yr,,,medce_eu,2.0,future,M–EU,0.0,,,,,,,,
baseline_medce_eu,NDC+LTT,"Medium CE, EU",d,Global,Cement,Cement,2050,1.3217311587952736,%,context,"[""Production|Non-Metallic Minerals|Cement""]",fig05_material_production,,,,,,"[""AFE"", ""AFN"", ""AFW"", ""AFZ"", ""ANZ"", ""ASC"", ""ASE"", ""ASO"", ""BRA"", ""CAN"", ""CHL"", ""CHN"", ""ENE"", ""ENW"", ""EUE"", ""EUM"", ""EUW"", ""IDN"", ""IND"", ""JPN"", ""LAM"", ""MDA"", ""MEA"", ""MEX"", ""NIG"", ""RUS"", ""SKT"", ""USA""]",Production change from no CE,,,100.0,3708.5130996291045,Mt/yr,3660.135942423824,Mt/yr,medce_eu,2.0,future,M–EU,-100.0,baseline_noce,2050.0,,,,,,
baseline_highce_eu,NDC+LTT,"High CE, EU",d,Global,Cement,Cement,2050,3698.740643601424,Mt/yr,plotted,"[""Production|Non-Metallic Minerals|Cement""]",fig05_material_production,,,,,,"[""AFE"", ""AFN"", ""AFW"", ""AFZ"", ""ANZ"", ""ASC"", ""ASE"", ""ASO"", ""BRA"", ""CAN"", ""CHL"", ""CHN"", ""ENE"", ""ENW"", ""EUE"", ""EUM"", ""EUW"", ""IDN"", ""IND"", ""JPN"", ""LAM"", ""MDA"", ""MEA"", ""MEX"", ""NIG"", ""RUS"", ""SKT"", ""USA""]",Material production,,,1.0,3698.740643601424,Mt/yr,,,highce_eu,3.0,future,H–EU,0.0,,,,,,,,
baseline_highce_eu,NDC+LTT,"High CE, EU",d,Global,Cement,Clinker,2050,2603.760456965606,Mt/yr,plotted,"[""Production|Non-Metallic Minerals|Cement Clinker""]",fig05_material_production,,,,,,"[""AFE"", ""AFN"", ""AFW"", ""AFZ"", ""ANZ"", ""ASC"", ""ASE"", ""ASO"", ""BRA"", ""CAN"", ""CHL"", ""CHN"", ""ENE"", ""ENW"", ""EUE"", ""EUM"", ""EUW"", ""IDN"", ""IND"", ""JPN"", ""LAM"", ""MDA"", ""MEA"", ""MEX"", ""NIG"", ""RUS"", ""SKT"", ""USA""]",Material production,,,1.0,2603.760456965606,Mt/yr,,,highce_eu,3.0,future,H–EU,0.0,,,,,,,,
baseline_highce_eu,NDC+LTT,"High CE, EU",d,Global,Cement,Cement,2050,1.0547340805061793,%,context,"[""Production|Non-Metallic Minerals|Cement""]",fig05_material_production,,,,,,"[""AFE"", ""AFN"", ""AFW"", ""AFZ"", ""ANZ"", ""ASC"", ""ASE"", ""ASO"", ""BRA"", ""CAN"", ""CHL"", ""CHN"", ""ENE"", ""ENW"", ""EUE"", ""EUM"", ""EUW"", ""IDN"", ""IND"", ""JPN"", ""LAM"", ""MDA"", ""MEA"", ""MEX"", ""NIG"", ""RUS"", ""SKT"", ""USA""]",Production change from no CE,,,100.0,3698.740643601424,Mt/yr,3660.135942423824,Mt/yr,highce_eu,3.0,future,H–EU,-100.0,baseline_noce,2050.0,,,,,,
baseline_medce_gbl,NDC+LTT,"Medium CE, EU + partners",d,Global,Cement,Cement,2050,3450.938133703182,Mt/yr,plotted,"[""Production|Non-Metallic Minerals|Cement""]",fig05_material_production,,,,,,"[""AFE"", ""AFN"", ""AFW"", ""AFZ"", ""ANZ"", ""ASC"", ""ASE"", ""ASO"", ""BRA"", ""CAN"", ""CHL"", ""CHN"", ""ENE"", ""ENW"", ""EUE"", ""EUM"", ""EUW"", ""IDN"", ""IND"", ""JPN"", ""LAM"", ""MDA"", ""MEA"", ""MEX"", ""NIG"", ""RUS"", ""SKT"", ""USA""]",Material production,,,1.0,3450.938133703182,Mt/yr,,,medce_gbl,4.0,future,M–EU+,0.0,,,,,,,,
baseline_medce_gbl,NDC+LTT,"Medium CE, EU + partners",d,Global,Cement,Clinker,2050,2260.901744035829,Mt/yr,plotted,"[""Production|Non-Metallic Minerals|Cement Clinker""]",fig05_material_production,,,,,,"[""AFE"", ""AFN"", ""AFW"", ""AFZ"", ""ANZ"", ""ASC"", ""ASE"", ""ASO"", ""BRA"", ""CAN"", ""CHL"", ""CHN"", ""ENE"", ""ENW"", ""EUE"", ""EUM"", ""EUW"", ""IDN"", ""IND"", ""JPN"", ""LAM"", ""MDA"", ""MEA"", ""MEX"", ""NIG"", ""RUS"", ""SKT"", ""USA""]",Material production,,,1.0,2260.901744035829,Mt/yr,,,medce_gbl,4.0,future,M–EU+,0.0,,,,,,,,
baseline_medce_gbl,NDC+LTT,"Medium CE, EU + partners",d,Global,Cement,Cement,2050,-5.715574831412042,%,context,"[""Production|Non-Metallic Minerals|Cement""]",fig05_material_production,,,,,,"[""AFE"", ""AFN"", ""AFW"", ""AFZ"", ""ANZ"", ""ASC"", ""ASE"", ""ASO"", ""BRA"", ""CAN"", ""CHL"", ""CHN"", ""ENE"", ""ENW"", ""EUE"", ""EUM"", ""EUW"", ""IDN"", ""IND"", ""JPN"", ""LAM"", ""MDA"", ""MEA"", ""MEX"", ""NIG"", ""RUS"", ""SKT"", ""USA""]",Production change from no CE,,,100.0,3450.938133703182,Mt/yr,3660.135942423824,Mt/yr,medce_gbl,4.0,future,M–EU+,-100.0,baseline_noce,2050.0,,,,,,
baseline_highce_gbl,NDC+LTT,"High CE, EU + partners",d,Global,Cement,Cement,2050,3192.201476645021,Mt/yr,plotted,"[""Production|Non-Metallic Minerals|Cement""]",fig05_material_production,,,,,,"[""AFE"", ""AFN"", ""AFW"", ""AFZ"", ""ANZ"", ""ASC"", ""ASE"", ""ASO"", ""BRA"", ""CAN"", ""CHL"", ""CHN"", ""ENE"", ""ENW"", ""EUE"", ""EUM"", ""EUW"", ""IDN"", ""IND"", ""JPN"", ""LAM"", ""MDA"", ""MEA"", ""MEX"", ""NIG"", ""RUS"", ""SKT"", ""USA""]",Material production,,,1.0,3192.201476645021,Mt/yr,,,highce_gbl,5.0,future,H–EU+,0.0,,,,,,,,
baseline_highce_gbl,NDC+LTT,"High CE, EU + partners",d,Global,Cement,Clinker,2050,2019.9118245305813,Mt/yr,plotted,"[""Production|Non-Metallic Minerals|Cement Clinker""]",fig05_material_production,,,,,,"[""AFE"", ""AFN"", ""AFW"", ""AFZ"", ""ANZ"", ""ASC"", ""ASE"", ""ASO"", ""BRA"", ""CAN"", ""CHL"", ""CHN"", ""ENE"", ""ENW"", ""EUE"", ""EUM"", ""EUW"", ""IDN"", ""IND"", ""JPN"", ""LAM"", ""MDA"", ""MEA"", ""MEX"", ""NIG"", ""RUS"", ""SKT"", ""USA""]",Material production,,,1.0,2019.9118245305813,Mt/yr,,,highce_gbl,5.0,future,H–EU+,0.0,,,,,,,,
baseline_highce_gbl,NDC+LTT,"High CE, EU + partners",d,Global,Cement,Cement,2050,-12.784619837615281,%,context,"[""Production|Non-Metallic Minerals|Cement""]",fig05_material_production,,,,,,"[""AFE"", ""AFN"", ""AFW"", ""AFZ"", ""ANZ"", ""ASC"", ""ASE"", ""ASO"", ""BRA"", ""CAN"", ""CHL"", ""CHN"", ""ENE"", ""ENW"", ""EUE"", ""EUM"", ""EUW"", ""IDN"", ""IND"", ""JPN"", ""LAM"", ""MDA"", ""MEA"", ""MEX"", ""NIG"", ""RUS"", ""SKT"", ""USA""]",Production change from no CE,,,100.0,3192.201476645021,Mt/yr,3660.135942423824,Mt/yr,highce_gbl,5.0,future,H–EU+,-100.0,baseline_noce,2050.0,,,,,,
baseline_noce,NDC+LTT,No CE,e,Global,Iron and steel,Total,2019,1754.711551232852,Mt/yr,context,"[""Production|Iron and Steel|Primary"", ""Production|Iron and Steel|Secondary""]",fig05_material_production,,,,,,"[""AFE"", ""AFN"", ""AFW"", ""AFZ"", ""ANZ"", ""ASC"", ""ASE"", ""ASO"", ""BRA"", ""CAN"", ""CHL"", ""CHN"", ""ENE"", ""ENW"", ""EUE"", ""EUM"", ""EUW"", ""IDN"", ""IND"", ""JPN"", ""LAM"", ""MDA"", ""MEA"", ""MEX"", ""NIG"", ""RUS"", ""SKT"", ""USA""]",Material production,,,1.0,1754.711551232852,Mt/yr,,,noce,0.0,historical,2019,0.0,,,,,,,,
baseline_noce,NDC+LTT,No CE,e,Global,Iron and steel,Primary,2019,1409.4021422034127,Mt/yr,plotted,"[""Production|Iron and Steel|Primary""]",fig05_material_production,,,,,,"[""AFE"", ""AFN"", ""AFW"", ""AFZ"", ""ANZ"", ""ASC"", ""ASE"", ""ASO"", ""BRA"", ""CAN"", ""CHL"", ""CHN"", ""ENE"", ""ENW"", ""EUE"", ""EUM"", ""EUW"", ""IDN"", ""IND"", ""JPN"", ""LAM"", ""MDA"", ""MEA"", ""MEX"", ""NIG"", ""RUS"", ""SKT"", ""USA""]",Material production,,,1.0,1409.4021422034127,Mt/yr,,,noce,0.0,historical,2019,0.0,,,,,,,,
baseline_noce,NDC+LTT,No CE,e,Global,Iron and steel,Secondary,2019,345.30940902943917,Mt/yr,plotted,"[""Production|Iron and Steel|Secondary""]",fig05_material_production,,,,,,"[""AFE"", ""AFN"", ""AFW"", ""AFZ"", ""ANZ"", ""ASC"", ""ASE"", ""ASO"", ""BRA"", ""CAN"", ""CHL"", ""CHN"", ""ENE"", ""ENW"", ""EUE"", ""EUM"", ""EUW"", ""IDN"", ""IND"", ""JPN"", ""LAM"", ""MDA"", ""MEA"", ""MEX"", ""NIG"", ""RUS"", ""SKT"", ""USA""]",Material production,,,1.0,345.30940902943917,Mt/yr,,,noce,0.0,historical,2019,0.0,,,,,,,,
baseline_noce,NDC+LTT,No CE,e,Global,Iron and steel,Secondary,2019,19.678984206083697,%,context,"[""Production|Iron and Steel|Primary"", ""Production|Iron and Steel|Secondary""]",fig05_material_production,,,,,,"[""AFE"", ""AFN"", ""AFW"", ""AFZ"", ""ANZ"", ""ASC"", ""ASE"", ""ASO"", ""BRA"", ""CAN"", ""CHL"", ""CHN"", ""ENE"", ""ENW"", ""EUE"", ""EUM"", ""EUW"", ""IDN"", ""IND"", ""JPN"", ""LAM"", ""MDA"", ""MEA"", ""MEX"", ""NIG"", ""RUS"", ""SKT"", ""USA""]",Secondary production share,,,100.0,345.30940902943917,Mt/yr,1754.711551232852,Mt/yr,noce,0.0,historical,2019,0.0,baseline_noce,2019.0,,,,,,
baseline_noce,NDC+LTT,No CE,e,Global,Iron and steel,Total,2050,2186.929691103253,Mt/yr,context,"[""Production|Iron and Steel|Primary"", ""Production|Iron and Steel|Secondary""]",fig05_material_production,,,,,,"[""AFE"", ""AFN"", ""AFW"", ""AFZ"", ""ANZ"", ""ASC"", ""ASE"", ""ASO"", ""BRA"", ""CAN"", ""CHL"", ""CHN"", ""ENE"", ""ENW"", ""EUE"", ""EUM"", ""EUW"", ""IDN"", ""IND"", ""JPN"", ""LAM"", ""MDA"", ""MEA"", ""MEX"", ""NIG"", ""RUS"", ""SKT"", ""USA""]",Material production,,,1.0,2186.929691103253,Mt/yr,,,noce,1.0,future,No CE,0.0,,,,,,,,
baseline_noce,NDC+LTT,No CE,e,Global,Iron and steel,Primary,2050,1399.6350022548183,Mt/yr,plotted,"[""Production|Iron and Steel|Primary""]",fig05_material_production,,,,,,"[""AFE"", ""AFN"", ""AFW"", ""AFZ"", ""ANZ"", ""ASC"", ""ASE"", ""ASO"", ""BRA"", ""CAN"", ""CHL"", ""CHN"", ""ENE"", ""ENW"", ""EUE"", ""EUM"", ""EUW"", ""IDN"", ""IND"", ""JPN"", ""LAM"", ""MDA"", ""MEA"", ""MEX"", ""NIG"", ""RUS"", ""SKT"", ""USA""]",Material production,,,1.0,1399.6350022548183,Mt/yr,,,noce,1.0,future,No CE,0.0,,,,,,,,
baseline_noce,NDC+LTT,No CE,e,Global,Iron and steel,Secondary,2050,787.2946888484346,Mt/yr,plotted,"[""Production|Iron and Steel|Secondary""]",fig05_material_production,,,,,,"[""AFE"", ""AFN"", ""AFW"", ""AFZ"", ""ANZ"", ""ASC"", ""ASE"", ""ASO"", ""BRA"", ""CAN"", ""CHL"", ""CHN"", ""ENE"", ""ENW"", ""EUE"", ""EUM"", ""EUW"", ""IDN"", ""IND"", ""JPN"", ""LAM"", ""MDA"", ""MEA"", ""MEX"", ""NIG"", ""RUS"", ""SKT"", ""USA""]",Material production,,,1.0,787.2946888484346,Mt/yr,,,noce,1.0,future,No CE,0.0,,,,,,,,
baseline_noce,NDC+LTT,No CE,e,Global,Iron and steel,Secondary,2050,36.00000000234409,%,context,"[""Production|Iron and Steel|Primary"", ""Production|Iron and Steel|Secondary""]",fig05_material_production,,,,,,"[""AFE"", ""AFN"", ""AFW"", ""AFZ"", ""ANZ"", ""ASC"", ""ASE"", ""ASO"", ""BRA"", ""CAN"", ""CHL"", ""CHN"", ""ENE"", ""ENW"", ""EUE"", ""EUM"", ""EUW"", ""IDN"", ""IND"", ""JPN"", ""LAM"", ""MDA"", ""MEA"", ""MEX"", ""NIG"", ""RUS"", ""SKT"", ""USA""]",Secondary production share,,,100.0,787.2946888484346,Mt/yr,2186.929691103253,Mt/yr,noce,1.0,future,No CE,0.0,baseline_noce,2050.0,,,,,,
baseline_noce,NDC+LTT,No CE,e,Global,Iron and steel,Total,2050,0.0,%,context,"[""Production|Iron and Steel|Primary"", ""Production|Iron and Steel|Secondary""]",fig05_material_production,,,,,,"[""AFE"", ""AFN"", ""AFW"", ""AFZ"", ""ANZ"", ""ASC"", ""ASE"", ""ASO"", ""BRA"", ""CAN"", ""CHL"", ""CHN"", ""ENE"", ""ENW"", ""EUE"", ""EUM"", ""EUW"", ""IDN"", ""IND"", ""JPN"", ""LAM"", ""MDA"", ""MEA"", ""MEX"", ""NIG"", ""RUS"", ""SKT"", ""USA""]",Production change from no CE,,,100.0,2186.929691103253,Mt/yr,2186.929691103253,Mt/yr,noce,1.0,future,No CE,-100.0,baseline_noce,2050.0,,,,,,
baseline_medce_eu,NDC+LTT,"Medium CE, EU",e,Global,Iron and steel,Total,2050,2120.1736509371462,Mt/yr,context,"[""Production|Iron and Steel|Primary"", ""Production|Iron and Steel|Secondary""]",fig05_material_production,,,,,,"[""AFE"", ""AFN"", ""AFW"", ""AFZ"", ""ANZ"", ""ASC"", ""ASE"", ""ASO"", ""BRA"", ""CAN"", ""CHL"", ""CHN"", ""ENE"", ""ENW"", ""EUE"", ""EUM"", ""EUW"", ""IDN"", ""IND"", ""JPN"", ""LAM"", ""MDA"", ""MEA"", ""MEX"", ""NIG"", ""RUS"", ""SKT"", ""USA""]",Material production,,,1.0,2120.1736509371462,Mt/yr,,,medce_eu,2.0,future,M–EU,0.0,,,,,,,,
baseline_medce_eu,NDC+LTT,"Medium CE, EU",e,Global,Iron and steel,Primary,2050,1310.7371646559523,Mt/yr,plotted,"[""Production|Iron and Steel|Primary""]",fig05_material_production,,,,,,"[""AFE"", ""AFN"", ""AFW"", ""AFZ"", ""ANZ"", ""ASC"", ""ASE"", ""ASO"", ""BRA"", ""CAN"", ""CHL"", ""CHN"", ""ENE"", ""ENW"", ""EUE"", ""EUM"", ""EUW"", ""IDN"", ""IND"", ""JPN"", ""LAM"", ""MDA"", ""MEA"", ""MEX"", ""NIG"", ""RUS"", ""SKT"", ""USA""]",Material production,,,1.0,1310.7371646559523,Mt/yr,,,medce_eu,2.0,future,M–EU,0.0,,,,,,,,
baseline_medce_eu,NDC+LTT,"Medium CE, EU",e,Global,Iron and steel,Secondary,2050,809.4364862811941,Mt/yr,plotted,"[""Production|Iron and Steel|Secondary""]",fig05_material_production,,,,,,"[""AFE"", ""AFN"", ""AFW"", ""AFZ"", ""ANZ"", ""ASC"", ""ASE"", ""ASO"", ""BRA"", ""CAN"", ""CHL"", ""CHN"", ""ENE"", ""ENW"", ""EUE"", ""EUM"", ""EUW"", ""IDN"", ""IND"", ""JPN"", ""LAM"", ""MDA"", ""MEA"", ""MEX"", ""NIG"", ""RUS"", ""SKT"", ""USA""]",Material production,,,1.0,809.4364862811941,Mt/yr,,,medce_eu,2.0,future,M–EU,0.0,,,,,,,,
baseline_medce_eu,NDC+LTT,"Medium CE, EU",e,Global,Iron and steel,Secondary,2050,38.17783915593008,%,context,"[""Production|Iron and Steel|Primary"", ""Production|Iron and Steel|Secondary""]",fig05_material_production,,,,,,"[""AFE"", ""AFN"", ""AFW"", ""AFZ"", ""ANZ"", ""ASC"", ""ASE"", ""ASO"", ""BRA"", ""CAN"", ""CHL"", ""CHN"", ""ENE"", ""ENW"", ""EUE"", ""EUM"", ""EUW"", ""IDN"", ""IND"", ""JPN"", ""LAM"", ""MDA"", ""MEA"", ""MEX"", ""NIG"", ""RUS"", ""SKT"", ""USA""]",Secondary production share,,,100.0,809.4364862811941,Mt/yr,2120.1736509371462,Mt/yr,medce_eu,2.0,future,M–EU,0.0,baseline_medce_eu,2050.0,,,,,,
baseline_medce_eu,NDC+LTT,"Medium CE, EU",e,Global,Iron and steel,Total,2050,-3.0525005187720495,%,context,"[""Production|Iron and Steel|Primary"", ""Production|Iron and Steel|Secondary""]",fig05_material_production,,,,,,"[""AFE"", ""AFN"", ""AFW"", ""AFZ"", ""ANZ"", ""ASC"", ""ASE"", ""ASO"", ""BRA"", ""CAN"", ""CHL"", ""CHN"", ""ENE"", ""ENW"", ""EUE"", ""EUM"", ""EUW"", ""IDN"", ""IND"", ""JPN"", ""LAM"", ""MDA"", ""MEA"", ""MEX"", ""NIG"", ""RUS"", ""SKT"", ""USA""]",Production change from no CE,,,100.0,2120.1736509371462,Mt/yr,2186.929691103253,Mt/yr,medce_eu,2.0,future,M–EU,-100.0,baseline_noce,2050.0,,,,,,
baseline_highce_eu,NDC+LTT,"High CE, EU",e,Global,Iron and steel,Total,2050,2120.011361632509,Mt/yr,context,"[""Production|Iron and Steel|Primary"", ""Production|Iron and Steel|Secondary""]",fig05_material_production,,,,,,"[""AFE"", ""AFN"", ""AFW"", ""AFZ"", ""ANZ"", ""ASC"", ""ASE"", ""ASO"", ""BRA"", ""CAN"", ""CHL"", ""CHN"", ""ENE"", ""ENW"", ""EUE"", ""EUM"", ""EUW"", ""IDN"", ""IND"", ""JPN"", ""LAM"", ""MDA"", ""MEA"", ""MEX"", ""NIG"", ""RUS"", ""SKT"", ""USA""]",Material production,,,1.0,2120.011361632509,Mt/yr,,,highce_eu,3.0,future,H–EU,0.0,,,,,,,,
baseline_highce_eu,NDC+LTT,"High CE, EU",e,Global,Iron and steel,Primary,2050,1310.5989652425098,Mt/yr,plotted,"[""Production|Iron and Steel|Primary""]",fig05_material_production,,,,,,"[""AFE"", ""AFN"", ""AFW"", ""AFZ"", ""ANZ"", ""ASC"", ""ASE"", ""ASO"", ""BRA"", ""CAN"", ""CHL"", ""CHN"", ""ENE"", ""ENW"", ""EUE"", ""EUM"", ""EUW"", ""IDN"", ""IND"", ""JPN"", ""LAM"", ""MDA"", ""MEA"", ""MEX"", ""NIG"", ""RUS"", ""SKT"", ""USA""]",Material production,,,1.0,1310.5989652425098,Mt/yr,,,highce_eu,3.0,future,H–EU,0.0,,,,,,,,
baseline_highce_eu,NDC+LTT,"High CE, EU",e,Global,Iron and steel,Secondary,2050,809.4123963899991,Mt/yr,plotted,"[""Production|Iron and Steel|Secondary""]",fig05_material_production,,,,,,"[""AFE"", ""AFN"", ""AFW"", ""AFZ"", ""ANZ"", ""ASC"", ""ASE"", ""ASO"", ""BRA"", ""CAN"", ""CHL"", ""CHN"", ""ENE"", ""ENW"", ""EUE"", ""EUM"", ""EUW"", ""IDN"", ""IND"", ""JPN"", ""LAM"", ""MDA"", ""MEA"", ""MEX"", ""NIG"", ""RUS"", ""SKT"", ""USA""]",Material production,,,1.0,809.4123963899991,Mt/yr,,,highce_eu,3.0,future,H–EU,0.0,,,,,,,,
baseline_highce_eu,NDC+LTT,"High CE, EU",e,Global,Iron and steel,Secondary,2050,38.17962540383337,%,context,"[""Production|Iron and Steel|Primary"", ""Production|Iron and Steel|Secondary""]",fig05_material_production,,,,,,"[""AFE"", ""AFN"", ""AFW"", ""AFZ"", ""ANZ"", ""ASC"", ""ASE"", ""ASO"", ""BRA"", ""CAN"", ""CHL"", ""CHN"", ""ENE"", ""ENW"", ""EUE"", ""EUM"", ""EUW"", ""IDN"", ""IND"", ""JPN"", ""LAM"", ""MDA"", ""MEA"", ""MEX"", ""NIG"", ""RUS"", ""SKT"", ""USA""]",Secondary production share,,,100.0,809.4123963899991,Mt/yr,2120.011361632509,Mt/yr,highce_eu,3.0,future,H–EU,0.0,baseline_highce_eu,2050.0,,,,,,
baseline_highce_eu,NDC+LTT,"High CE, EU",e,Global,Iron and steel,Total,2050,-3.0599213931283487,%,context,"[""Production|Iron and Steel|Primary"", ""Production|Iron and Steel|Secondary""]",fig05_material_production,,,,,,"[""AFE"", ""AFN"", ""AFW"", ""AFZ"", ""ANZ"", ""ASC"", ""ASE"", ""ASO"", ""BRA"", ""CAN"", ""CHL"", ""CHN"", ""ENE"", ""ENW"", ""EUE"", ""EUM"", ""EUW"", ""IDN"", ""IND"", ""JPN"", ""LAM"", ""MDA"", ""MEA"", ""MEX"", ""NIG"", ""RUS"", ""SKT"", ""USA""]",Production change from no CE,,,100.0,2120.011361632509,Mt/yr,2186.929691103253,Mt/yr,highce_eu,3.0,future,H–EU,-100.0,baseline_noce,2050.0,,,,,,
baseline_medce_gbl,NDC+LTT,"Medium CE, EU + partners",e,Global,Iron and steel,Total,2050,1948.81404555971,Mt/yr,context,"[""Production|Iron and Steel|Primary"", ""Production|Iron and Steel|Secondary""]",fig05_material_production,,,,,,"[""AFE"", ""AFN"", ""AFW"", ""AFZ"", ""ANZ"", ""ASC"", ""ASE"", ""ASO"", ""BRA"", ""CAN"", ""CHL"", ""CHN"", ""ENE"", ""ENW"", ""EUE"", ""EUM"", ""EUW"", ""IDN"", ""IND"", ""JPN"", ""LAM"", ""MDA"", ""MEA"", ""MEX"", ""NIG"", ""RUS"", ""SKT"", ""USA""]",Material production,,,1.0,1948.81404555971,Mt/yr,,,medce_gbl,4.0,future,M–EU+,0.0,,,,,,,,
baseline_medce_gbl,NDC+LTT,"Medium CE, EU + partners",e,Global,Iron and steel,Primary,2050,901.5379964700644,Mt/yr,plotted,"[""Production|Iron and Steel|Primary""]",fig05_material_production,,,,,,"[""AFE"", ""AFN"", ""AFW"", ""AFZ"", ""ANZ"", ""ASC"", ""ASE"", ""ASO"", ""BRA"", ""CAN"", ""CHL"", ""CHN"", ""ENE"", ""ENW"", ""EUE"", ""EUM"", ""EUW"", ""IDN"", ""IND"", ""JPN"", ""LAM"", ""MDA"", ""MEA"", ""MEX"", ""NIG"", ""RUS"", ""SKT"", ""USA""]",Material production,,,1.0,901.5379964700644,Mt/yr,,,medce_gbl,4.0,future,M–EU+,0.0,,,,,,,,
baseline_medce_gbl,NDC+LTT,"Medium CE, EU + partners",e,Global,Iron and steel,Secondary,2050,1047.2760490896455,Mt/yr,plotted,"[""Production|Iron and Steel|Secondary""]",fig05_material_production,,,,,,"[""AFE"", ""AFN"", ""AFW"", ""AFZ"", ""ANZ"", ""ASC"", ""ASE"", ""ASO"", ""BRA"", ""CAN"", ""CHL"", ""CHN"", ""ENE"", ""ENW"", ""EUE"", ""EUM"", ""EUW"", ""IDN"", ""IND"", ""JPN"", ""LAM"", ""MDA"", ""MEA"", ""MEX"", ""NIG"", ""RUS"", ""SKT"", ""USA""]",Material production,,,1.0,1047.2760490896455,Mt/yr,,,medce_gbl,4.0,future,M–EU+,0.0,,,,,,,,
baseline_medce_gbl,NDC+LTT,"Medium CE, EU + partners",e,Global,Iron and steel,Secondary,2050,53.73914722524807,%,context,"[""Production|Iron and Steel|Primary"", ""Production|Iron and Steel|Secondary""]",fig05_material_production,,,,,,"[""AFE"", ""AFN"", ""AFW"", ""AFZ"", ""ANZ"", ""ASC"", ""ASE"", ""ASO"", ""BRA"", ""CAN"", ""CHL"", ""CHN"", ""ENE"", ""ENW"", ""EUE"", ""EUM"", ""EUW"", ""IDN"", ""IND"", ""JPN"", ""LAM"", ""MDA"", ""MEA"", ""MEX"", ""NIG"", ""RUS"", ""SKT"", ""USA""]",Secondary production share,,,100.0,1047.2760490896455,Mt/yr,1948.81404555971,Mt/yr,medce_gbl,4.0,future,M–EU+,0.0,baseline_medce_gbl,2050.0,,,,,,
baseline_medce_gbl,NDC+LTT,"Medium CE, EU + partners",e,Global,Iron and steel,Total,2050,-10.888125325301118,%,context,"[""Production|Iron and Steel|Primary"", ""Production|Iron and Steel|Secondary""]",fig05_material_production,,,,,,"[""AFE"", ""AFN"", ""AFW"", ""AFZ"", ""ANZ"", ""ASC"", ""ASE"", ""ASO"", ""BRA"", ""CAN"", ""CHL"", ""CHN"", ""ENE"", ""ENW"", ""EUE"", ""EUM"", ""EUW"", ""IDN"", ""IND"", ""JPN"", ""LAM"", ""MDA"", ""MEA"", ""MEX"", ""NIG"", ""RUS"", ""SKT"", ""USA""]",Production change from no CE,,,100.0,1948.81404555971,Mt/yr,2186.929691103253,Mt/yr,medce_gbl,4.0,future,M–EU+,-100.0,baseline_noce,2050.0,,,,,,
baseline_highce_gbl,NDC+LTT,"High CE, EU + partners",e,Global,Iron and steel,Total,2050,1708.629860245453,Mt/yr,context,"[""Production|Iron and Steel|Primary"", ""Production|Iron and Steel|Secondary""]",fig05_material_production,,,,,,"[""AFE"", ""AFN"", ""AFW"", ""AFZ"", ""ANZ"", ""ASC"", ""ASE"", ""ASO"", ""BRA"", ""CAN"", ""CHL"", ""CHN"", ""ENE"", ""ENW"", ""EUE"", ""EUM"", ""EUW"", ""IDN"", ""IND"", ""JPN"", ""LAM"", ""MDA"", ""MEA"", ""MEX"", ""NIG"", ""RUS"", ""SKT"", ""USA""]",Material production,,,1.0,1708.629860245453,Mt/yr,,,highce_gbl,5.0,future,H–EU+,0.0,,,,,,,,
baseline_highce_gbl,NDC+LTT,"High CE, EU + partners",e,Global,Iron and steel,Primary,2050,640.8798345690507,Mt/yr,plotted,"[""Production|Iron and Steel|Primary""]",fig05_material_production,,,,,,"[""AFE"", ""AFN"", ""AFW"", ""AFZ"", ""ANZ"", ""ASC"", ""ASE"", ""ASO"", ""BRA"", ""CAN"", ""CHL"", ""CHN"", ""ENE"", ""ENW"", ""EUE"", ""EUM"", ""EUW"", ""IDN"", ""IND"", ""JPN"", ""LAM"", ""MDA"", ""MEA"", ""MEX"", ""NIG"", ""RUS"", ""SKT"", ""USA""]",Material production,,,1.0,640.8798345690507,Mt/yr,,,highce_gbl,5.0,future,H–EU+,0.0,,,,,,,,
baseline_highce_gbl,NDC+LTT,"High CE, EU + partners",e,Global,Iron and steel,Secondary,2050,1067.7500256764024,Mt/yr,plotted,"[""Production|Iron and Steel|Secondary""]",fig05_material_production,,,,,,"[""AFE"", ""AFN"", ""AFW"", ""AFZ"", ""ANZ"", ""ASC"", ""ASE"", ""ASO"", ""BRA"", ""CAN"", ""CHL"", ""CHN"", ""ENE"", ""ENW"", ""EUE"", ""EUM"", ""EUW"", ""IDN"", ""IND"", ""JPN"", ""LAM"", ""MDA"", ""MEA"", ""MEX"", ""NIG"", ""RUS"", ""SKT"", ""USA""]",Material production,,,1.0,1067.7500256764024,Mt/yr,,,highce_gbl,5.0,future,H–EU+,0.0,,,,,,,,
baseline_highce_gbl,NDC+LTT,"High CE, EU + partners",e,Global,Iron and steel,Secondary,2050,62.491593441016825,%,context,"[""Production|Iron and Steel|Primary"", ""Production|Iron and Steel|Secondary""]",fig05_material_production,,,,,,"[""AFE"", ""AFN"", ""AFW"", ""AFZ"", ""ANZ"", ""ASC"", ""ASE"", ""ASO"", ""BRA"", ""CAN"", ""CHL"", ""CHN"", ""ENE"", ""ENW"", ""EUE"", ""EUM"", ""EUW"", ""IDN"", ""IND"", ""JPN"", ""LAM"", ""MDA"", ""MEA"", ""MEX"", ""NIG"", ""RUS"", ""SKT"", ""USA""]",Secondary production share,,,100.0,1067.7500256764024,Mt/yr,1708.629860245453,Mt/yr,highce_gbl,5.0,future,H–EU+,0.0,baseline_highce_gbl,2050.0,,,,,,
baseline_highce_gbl,NDC+LTT,"High CE, EU + partners",e,Global,Iron and steel,Total,2050,-21.87083712858228,%,context,"[""Production|Iron and Steel|Primary"", ""Production|Iron and Steel|Secondary""]",fig05_material_production,,,,,,"[""AFE"", ""AFN"", ""AFW"", ""AFZ"", ""ANZ"", ""ASC"", ""ASE"", ""ASO"", ""BRA"", ""CAN"", ""CHL"", ""CHN"", ""ENE"", ""ENW"", ""EUE"", ""EUM"", ""EUW"", ""IDN"", ""IND"", ""JPN"", ""LAM"", ""MDA"", ""MEA"", ""MEX"", ""NIG"", ""RUS"", ""SKT"", ""USA""]",Production change from no CE,,,100.0,1708.629860245453,Mt/yr,2186.929691103253,Mt/yr,highce_gbl,5.0,future,H–EU+,-100.0,baseline_noce,2050.0,,,,,,
baseline_noce,NDC+LTT,No CE,f,Global,Aluminium,Total,2019,94.49997372278058,Mt/yr,context,"[""Production|Non-Ferrous Metals|Aluminum|Primary"", ""Production|Non-Ferrous Metals|Aluminum|Secondary""]",fig05_material_production,,,,,,"[""AFE"", ""AFN"", ""AFW"", ""AFZ"", ""ANZ"", ""ASC"", ""ASE"", ""ASO"", ""BRA"", ""CAN"", ""CHL"", ""CHN"", ""ENE"", ""ENW"", ""EUE"", ""EUM"", ""EUW"", ""IDN"", ""IND"", ""JPN"", ""LAM"", ""MDA"", ""MEA"", ""MEX"", ""NIG"", ""RUS"", ""SKT"", ""USA""]",Material production,,,1.0,94.49997372278058,Mt/yr,,,noce,0.0,historical,2019,0.0,,,,,,,,
baseline_noce,NDC+LTT,No CE,f,Global,Aluminium,Primary,2019,62.749973727086626,Mt/yr,plotted,"[""Production|Non-Ferrous Metals|Aluminum|Primary""]",fig05_material_production,,,,,,"[""AFE"", ""AFN"", ""AFW"", ""AFZ"", ""ANZ"", ""ASC"", ""ASE"", ""ASO"", ""BRA"", ""CAN"", ""CHL"", ""CHN"", ""ENE"", ""ENW"", ""EUE"", ""EUM"", ""EUW"", ""IDN"", ""IND"", ""JPN"", ""LAM"", ""MDA"", ""MEA"", ""MEX"", ""NIG"", ""RUS"", ""SKT"", ""USA""]",Material production,,,1.0,62.749973727086626,Mt/yr,,,noce,0.0,historical,2019,0.0,,,,,,,,
baseline_noce,NDC+LTT,No CE,f,Global,Aluminium,Secondary,2019,31.74999999569395,Mt/yr,plotted,"[""Production|Non-Ferrous Metals|Aluminum|Secondary""]",fig05_material_production,,,,,,"[""AFE"", ""AFN"", ""AFW"", ""AFZ"", ""ANZ"", ""ASC"", ""ASE"", ""ASO"", ""BRA"", ""CAN"", ""CHL"", ""CHN"", ""ENE"", ""ENW"", ""EUE"", ""EUM"", ""EUW"", ""IDN"", ""IND"", ""JPN"", ""LAM"", ""MDA"", ""MEA"", ""MEX"", ""NIG"", ""RUS"", ""SKT"", ""USA""]",Material production,,,1.0,31.74999999569395,Mt/yr,,,noce,0.0,historical,2019,0.0,,,,,,,,
baseline_noce,NDC+LTT,No CE,f,Global,Aluminium,Secondary,2019,33.59789293575238,%,context,"[""Production|Non-Ferrous Metals|Aluminum|Primary"", ""Production|Non-Ferrous Metals|Aluminum|Secondary""]",fig05_material_production,,,,,,"[""AFE"", ""AFN"", ""AFW"", ""AFZ"", ""ANZ"", ""ASC"", ""ASE"", ""ASO"", ""BRA"", ""CAN"", ""CHL"", ""CHN"", ""ENE"", ""ENW"", ""EUE"", ""EUM"", ""EUW"", ""IDN"", ""IND"", ""JPN"", ""LAM"", ""MDA"", ""MEA"", ""MEX"", ""NIG"", ""RUS"", ""SKT"", ""USA""]",Secondary production share,,,100.0,31.74999999569395,Mt/yr,94.49997372278058,Mt/yr,noce,0.0,historical,2019,0.0,baseline_noce,2019.0,,,,,,
baseline_noce,NDC+LTT,No CE,f,Global,Aluminium,Total,2050,133.01408676120656,Mt/yr,context,"[""Production|Non-Ferrous Metals|Aluminum|Primary"", ""Production|Non-Ferrous Metals|Aluminum|Secondary""]",fig05_material_production,,,,,,"[""AFE"", ""AFN"", ""AFW"", ""AFZ"", ""ANZ"", ""ASC"", ""ASE"", ""ASO"", ""BRA"", ""CAN"", ""CHL"", ""CHN"", ""ENE"", ""ENW"", ""EUE"", ""EUM"", ""EUW"", ""IDN"", ""IND"", ""JPN"", ""LAM"", ""MDA"", ""MEA"", ""MEX"", ""NIG"", ""RUS"", ""SKT"", ""USA""]",Material production,,,1.0,133.01408676120656,Mt/yr,,,noce,1.0,future,No CE,0.0,,,,,,,,
baseline_noce,NDC+LTT,No CE,f,Global,Aluminium,Primary,2050,68.45857888402483,Mt/yr,plotted,"[""Production|Non-Ferrous Metals|Aluminum|Primary""]",fig05_material_production,,,,,,"[""AFE"", ""AFN"", ""AFW"", ""AFZ"", ""ANZ"", ""ASC"", ""ASE"", ""ASO"", ""BRA"", ""CAN"", ""CHL"", ""CHN"", ""ENE"", ""ENW"", ""EUE"", ""EUM"", ""EUW"", ""IDN"", ""IND"", ""JPN"", ""LAM"", ""MDA"", ""MEA"", ""MEX"", ""NIG"", ""RUS"", ""SKT"", ""USA""]",Material production,,,1.0,68.45857888402483,Mt/yr,,,noce,1.0,future,No CE,0.0,,,,,,,,
baseline_noce,NDC+LTT,No CE,f,Global,Aluminium,Secondary,2050,64.55550787718173,Mt/yr,plotted,"[""Production|Non-Ferrous Metals|Aluminum|Secondary""]",fig05_material_production,,,,,,"[""AFE"", ""AFN"", ""AFW"", ""AFZ"", ""ANZ"", ""ASC"", ""ASE"", ""ASO"", ""BRA"", ""CAN"", ""CHL"", ""CHN"", ""ENE"", ""ENW"", ""EUE"", ""EUM"", ""EUW"", ""IDN"", ""IND"", ""JPN"", ""LAM"", ""MDA"", ""MEA"", ""MEX"", ""NIG"", ""RUS"", ""SKT"", ""USA""]",Material production,,,1.0,64.55550787718173,Mt/yr,,,noce,1.0,future,No CE,0.0,,,,,,,,
baseline_noce,NDC+LTT,No CE,f,Global,Aluminium,Secondary,2050,48.53283546807712,%,context,"[""Production|Non-Ferrous Metals|Aluminum|Primary"", ""Production|Non-Ferrous Metals|Aluminum|Secondary""]",fig05_material_production,,,,,,"[""AFE"", ""AFN"", ""AFW"", ""AFZ"", ""ANZ"", ""ASC"", ""ASE"", ""ASO"", ""BRA"", ""CAN"", ""CHL"", ""CHN"", ""ENE"", ""ENW"", ""EUE"", ""EUM"", ""EUW"", ""IDN"", ""IND"", ""JPN"", ""LAM"", ""MDA"", ""MEA"", ""MEX"", ""NIG"", ""RUS"", ""SKT"", ""USA""]",Secondary production share,,,100.0,64.55550787718173,Mt/yr,133.01408676120656,Mt/yr,noce,1.0,future,No CE,0.0,baseline_noce,2050.0,,,,,,
baseline_noce,NDC+LTT,No CE,f,Global,Aluminium,Total,2050,0.0,%,context,"[""Production|Non-Ferrous Metals|Aluminum|Primary"", ""Production|Non-Ferrous Metals|Aluminum|Secondary""]",fig05_material_production,,,,,,"[""AFE"", ""AFN"", ""AFW"", ""AFZ"", ""ANZ"", ""ASC"", ""ASE"", ""ASO"", ""BRA"", ""CAN"", ""CHL"", ""CHN"", ""ENE"", ""ENW"", ""EUE"", ""EUM"", ""EUW"", ""IDN"", ""IND"", ""JPN"", ""LAM"", ""MDA"", ""MEA"", ""MEX"", ""NIG"", ""RUS"", ""SKT"", ""USA""]",Production change from no CE,,,100.0,133.01408676120656,Mt/yr,133.01408676120656,Mt/yr,noce,1.0,future,No CE,-100.0,baseline_noce,2050.0,,,,,,
baseline_medce_eu,NDC+LTT,"Medium CE, EU",f,Global,Aluminium,Total,2050,133.24726678246418,Mt/yr,context,"[""Production|Non-Ferrous Metals|Aluminum|Primary"", ""Production|Non-Ferrous Metals|Aluminum|Secondary""]",fig05_material_production,,,,,,"[""AFE"", ""AFN"", ""AFW"", ""AFZ"", ""ANZ"", ""ASC"", ""ASE"", ""ASO"", ""BRA"", ""CAN"", ""CHL"", ""CHN"", ""ENE"", ""ENW"", ""EUE"", ""EUM"", ""EUW"", ""IDN"", ""IND"", ""JPN"", ""LAM"", ""MDA"", ""MEA"", ""MEX"", ""NIG"", ""RUS"", ""SKT"", ""USA""]",Material production,,,1.0,133.24726678246418,Mt/yr,,,medce_eu,2.0,future,M–EU,0.0,,,,,,,,
baseline_medce_eu,NDC+LTT,"Medium CE, EU",f,Global,Aluminium,Primary,2050,67.66769245320427,Mt/yr,plotted,"[""Production|Non-Ferrous Metals|Aluminum|Primary""]",fig05_material_production,,,,,,"[""AFE"", ""AFN"", ""AFW"", ""AFZ"", ""ANZ"", ""ASC"", ""ASE"", ""ASO"", ""BRA"", ""CAN"", ""CHL"", ""CHN"", ""ENE"", ""ENW"", ""EUE"", ""EUM"", ""EUW"", ""IDN"", ""IND"", ""JPN"", ""LAM"", ""MDA"", ""MEA"", ""MEX"", ""NIG"", ""RUS"", ""SKT"", ""USA""]",Material production,,,1.0,67.66769245320427,Mt/yr,,,medce_eu,2.0,future,M–EU,0.0,,,,,,,,
baseline_medce_eu,NDC+LTT,"Medium CE, EU",f,Global,Aluminium,Secondary,2050,65.5795743292599,Mt/yr,plotted,"[""Production|Non-Ferrous Metals|Aluminum|Secondary""]",fig05_material_production,,,,,,"[""AFE"", ""AFN"", ""AFW"", ""AFZ"", ""ANZ"", ""ASC"", ""ASE"", ""ASO"", ""BRA"", ""CAN"", ""CHL"", ""CHN"", ""ENE"", ""ENW"", ""EUE"", ""EUM"", ""EUW"", ""IDN"", ""IND"", ""JPN"", ""LAM"", ""MDA"", ""MEA"", ""MEX"", ""NIG"", ""RUS"", ""SKT"", ""USA""]",Material production,,,1.0,65.5795743292599,Mt/yr,,,medce_eu,2.0,future,M–EU,0.0,,,,,,,,
baseline_medce_eu,NDC+LTT,"Medium CE, EU",f,Global,Aluminium,Secondary,2050,49.21644992262641,%,context,"[""Production|Non-Ferrous Metals|Aluminum|Primary"", ""Production|Non-Ferrous Metals|Aluminum|Secondary""]",fig05_material_production,,,,,,"[""AFE"", ""AFN"", ""AFW"", ""AFZ"", ""ANZ"", ""ASC"", ""ASE"", ""ASO"", ""BRA"", ""CAN"", ""CHL"", ""CHN"", ""ENE"", ""ENW"", ""EUE"", ""EUM"", ""EUW"", ""IDN"", ""IND"", ""JPN"", ""LAM"", ""MDA"", ""MEA"", ""MEX"", ""NIG"", ""RUS"", ""SKT"", ""USA""]",Secondary production share,,,100.0,65.5795743292599,Mt/yr,133.24726678246418,Mt/yr,medce_eu,2.0,future,M–EU,0.0,baseline_medce_eu,2050.0,,,,,,
baseline_medce_eu,NDC+LTT,"Medium CE, EU",f,Global,Aluminium,Total,2050,0.17530475676326773,%,context,"[""Production|Non-Ferrous Metals|Aluminum|Primary"", ""Production|Non-Ferrous Metals|Aluminum|Secondary""]",fig05_material_production,,,,,,"[""AFE"", ""AFN"", ""AFW"", ""AFZ"", ""ANZ"", ""ASC"", ""ASE"", ""ASO"", ""BRA"", ""CAN"", ""CHL"", ""CHN"", ""ENE"", ""ENW"", ""EUE"", ""EUM"", ""EUW"", ""IDN"", ""IND"", ""JPN"", ""LAM"", ""MDA"", ""MEA"", ""MEX"", ""NIG"", ""RUS"", ""SKT"", ""USA""]",Production change from no CE,,,100.0,133.24726678246418,Mt/yr,133.01408676120656,Mt/yr,medce_eu,2.0,future,M–EU,-100.0,baseline_noce,2050.0,,,,,,
baseline_highce_eu,NDC+LTT,"High CE, EU",f,Global,Aluminium,Total,2050,132.78035381915817,Mt/yr,context,"[""Production|Non-Ferrous Metals|Aluminum|Primary"", ""Production|Non-Ferrous Metals|Aluminum|Secondary""]",fig05_material_production,,,,,,"[""AFE"", ""AFN"", ""AFW"", ""AFZ"", ""ANZ"", ""ASC"", ""ASE"", ""ASO"", ""BRA"", ""CAN"", ""CHL"", ""CHN"", ""ENE"", ""ENW"", ""EUE"", ""EUM"", ""EUW"", ""IDN"", ""IND"", ""JPN"", ""LAM"", ""MDA"", ""MEA"", ""MEX"", ""NIG"", ""RUS"", ""SKT"", ""USA""]",Material production,,,1.0,132.78035381915817,Mt/yr,,,highce_eu,3.0,future,H–EU,0.0,,,,,,,,
baseline_highce_eu,NDC+LTT,"High CE, EU",f,Global,Aluminium,Primary,2050,66.3996334754979,Mt/yr,plotted,"[""Production|Non-Ferrous Metals|Aluminum|Primary""]",fig05_material_production,,,,,,"[""AFE"", ""AFN"", ""AFW"", ""AFZ"", ""ANZ"", ""ASC"", ""ASE"", ""ASO"", ""BRA"", ""CAN"", ""CHL"", ""CHN"", ""ENE"", ""ENW"", ""EUE"", ""EUM"", ""EUW"", ""IDN"", ""IND"", ""JPN"", ""LAM"", ""MDA"", ""MEA"", ""MEX"", ""NIG"", ""RUS"", ""SKT"", ""USA""]",Material production,,,1.0,66.3996334754979,Mt/yr,,,highce_eu,3.0,future,H–EU,0.0,,,,,,,,
baseline_highce_eu,NDC+LTT,"High CE, EU",f,Global,Aluminium,Secondary,2050,66.38072034366029,Mt/yr,plotted,"[""Production|Non-Ferrous Metals|Aluminum|Secondary""]",fig05_material_production,,,,,,"[""AFE"", ""AFN"", ""AFW"", ""AFZ"", ""ANZ"", ""ASC"", ""ASE"", ""ASO"", ""BRA"", ""CAN"", ""CHL"", ""CHN"", ""ENE"", ""ENW"", ""EUE"", ""EUM"", ""EUW"", ""IDN"", ""IND"", ""JPN"", ""LAM"", ""MDA"", ""MEA"", ""MEX"", ""NIG"", ""RUS"", ""SKT"", ""USA""]",Material production,,,1.0,66.38072034366029,Mt/yr,,,highce_eu,3.0,future,H–EU,0.0,,,,,,,,
baseline_highce_eu,NDC+LTT,"High CE, EU",f,Global,Aluminium,Secondary,2050,49.99287803831908,%,context,"[""Production|Non-Ferrous Metals|Aluminum|Primary"", ""Production|Non-Ferrous Metals|Aluminum|Secondary""]",fig05_material_production,,,,,,"[""AFE"", ""AFN"", ""AFW"", ""AFZ"", ""ANZ"", ""ASC"", ""ASE"", ""ASO"", ""BRA"", ""CAN"", ""CHL"", ""CHN"", ""ENE"", ""ENW"", ""EUE"", ""EUM"", ""EUW"", ""IDN"", ""IND"", ""JPN"", ""LAM"", ""MDA"", ""MEA"", ""MEX"", ""NIG"", ""RUS"", ""SKT"", ""USA""]",Secondary production share,,,100.0,66.38072034366029,Mt/yr,132.78035381915817,Mt/yr,highce_eu,3.0,future,H–EU,0.0,baseline_highce_eu,2050.0,,,,,,
baseline_highce_eu,NDC+LTT,"High CE, EU",f,Global,Aluminium,Total,2050,-0.17572044265355657,%,context,"[""Production|Non-Ferrous Metals|Aluminum|Primary"", ""Production|Non-Ferrous Metals|Aluminum|Secondary""]",fig05_material_production,,,,,,"[""AFE"", ""AFN"", ""AFW"", ""AFZ"", ""ANZ"", ""ASC"", ""ASE"", ""ASO"", ""BRA"", ""CAN"", ""CHL"", ""CHN"", ""ENE"", ""ENW"", ""EUE"", ""EUM"", ""EUW"", ""IDN"", ""IND"", ""JPN"", ""LAM"", ""MDA"", ""MEA"", ""MEX"", ""NIG"", ""RUS"", ""SKT"", ""USA""]",Production change from no CE,,,100.0,132.78035381915817,Mt/yr,133.01408676120656,Mt/yr,highce_eu,3.0,future,H–EU,-100.0,baseline_noce,2050.0,,,,,,
baseline_medce_gbl,NDC+LTT,"Medium CE, EU + partners",f,Global,Aluminium,Total,2050,123.14233181579168,Mt/yr,context,"[""Production|Non-Ferrous Metals|Aluminum|Primary"", ""Production|Non-Ferrous Metals|Aluminum|Secondary""]",fig05_material_production,,,,,,"[""AFE"", ""AFN"", ""AFW"", ""AFZ"", ""ANZ"", ""ASC"", ""ASE"", ""ASO"", ""BRA"", ""CAN"", ""CHL"", ""CHN"", ""ENE"", ""ENW"", ""EUE"", ""EUM"", ""EUW"", ""IDN"", ""IND"", ""JPN"", ""LAM"", ""MDA"", ""MEA"", ""MEX"", ""NIG"", ""RUS"", ""SKT"", ""USA""]",Material production,,,1.0,123.14233181579168,Mt/yr,,,medce_gbl,4.0,future,M–EU+,0.0,,,,,,,,
baseline_medce_gbl,NDC+LTT,"Medium CE, EU + partners",f,Global,Aluminium,Primary,2050,54.74552176010229,Mt/yr,plotted,"[""Production|Non-Ferrous Metals|Aluminum|Primary""]",fig05_material_production,,,,,,"[""AFE"", ""AFN"", ""AFW"", ""AFZ"", ""ANZ"", ""ASC"", ""ASE"", ""ASO"", ""BRA"", ""CAN"", ""CHL"", ""CHN"", ""ENE"", ""ENW"", ""EUE"", ""EUM"", ""EUW"", ""IDN"", ""IND"", ""JPN"", ""LAM"", ""MDA"", ""MEA"", ""MEX"", ""NIG"", ""RUS"", ""SKT"", ""USA""]",Material production,,,1.0,54.74552176010229,Mt/yr,,,medce_gbl,4.0,future,M–EU+,0.0,,,,,,,,
baseline_medce_gbl,NDC+LTT,"Medium CE, EU + partners",f,Global,Aluminium,Secondary,2050,68.39681005568939,Mt/yr,plotted,"[""Production|Non-Ferrous Metals|Aluminum|Secondary""]",fig05_material_production,,,,,,"[""AFE"", ""AFN"", ""AFW"", ""AFZ"", ""ANZ"", ""ASC"", ""ASE"", ""ASO"", ""BRA"", ""CAN"", ""CHL"", ""CHN"", ""ENE"", ""ENW"", ""EUE"", ""EUM"", ""EUW"", ""IDN"", ""IND"", ""JPN"", ""LAM"", ""MDA"", ""MEA"", ""MEX"", ""NIG"", ""RUS"", ""SKT"", ""USA""]",Material production,,,1.0,68.39681005568939,Mt/yr,,,medce_gbl,4.0,future,M–EU+,0.0,,,,,,,,
baseline_medce_gbl,NDC+LTT,"Medium CE, EU + partners",f,Global,Aluminium,Secondary,2050,55.54289012327947,%,context,"[""Production|Non-Ferrous Metals|Aluminum|Primary"", ""Production|Non-Ferrous Metals|Aluminum|Secondary""]",fig05_material_production,,,,,,"[""AFE"", ""AFN"", ""AFW"", ""AFZ"", ""ANZ"", ""ASC"", ""ASE"", ""ASO"", ""BRA"", ""CAN"", ""CHL"", ""CHN"", ""ENE"", ""ENW"", ""EUE"", ""EUM"", ""EUW"", ""IDN"", ""IND"", ""JPN"", ""LAM"", ""MDA"", ""MEA"", ""MEX"", ""NIG"", ""RUS"", ""SKT"", ""USA""]",Secondary production share,,,100.0,68.39681005568939,Mt/yr,123.14233181579168,Mt/yr,medce_gbl,4.0,future,M–EU+,0.0,baseline_medce_gbl,2050.0,,,,,,
baseline_medce_gbl,NDC+LTT,"Medium CE, EU + partners",f,Global,Aluminium,Total,2050,-7.421586078425776,%,context,"[""Production|Non-Ferrous Metals|Aluminum|Primary"", ""Production|Non-Ferrous Metals|Aluminum|Secondary""]",fig05_material_production,,,,,,"[""AFE"", ""AFN"", ""AFW"", ""AFZ"", ""ANZ"", ""ASC"", ""ASE"", ""ASO"", ""BRA"", ""CAN"", ""CHL"", ""CHN"", ""ENE"", ""ENW"", ""EUE"", ""EUM"", ""EUW"", ""IDN"", ""IND"", ""JPN"", ""LAM"", ""MDA"", ""MEA"", ""MEX"", ""NIG"", ""RUS"", ""SKT"", ""USA""]",Production change from no CE,,,100.0,123.14233181579168,Mt/yr,133.01408676120656,Mt/yr,medce_gbl,4.0,future,M–EU+,-100.0,baseline_noce,2050.0,,,,,,
baseline_highce_gbl,NDC+LTT,"High CE, EU + partners",f,Global,Aluminium,Total,2050,113.38258477705043,Mt/yr,context,"[""Production|Non-Ferrous Metals|Aluminum|Primary"", ""Production|Non-Ferrous Metals|Aluminum|Secondary""]",fig05_material_production,,,,,,"[""AFE"", ""AFN"", ""AFW"", ""AFZ"", ""ANZ"", ""ASC"", ""ASE"", ""ASO"", ""BRA"", ""CAN"", ""CHL"", ""CHN"", ""ENE"", ""ENW"", ""EUE"", ""EUM"", ""EUW"", ""IDN"", ""IND"", ""JPN"", ""LAM"", ""MDA"", ""MEA"", ""MEX"", ""NIG"", ""RUS"", ""SKT"", ""USA""]",Material production,,,1.0,113.38258477705043,Mt/yr,,,highce_gbl,5.0,future,H–EU+,0.0,,,,,,,,
baseline_highce_gbl,NDC+LTT,"High CE, EU + partners",f,Global,Aluminium,Primary,2050,40.97444502036348,Mt/yr,plotted,"[""Production|Non-Ferrous Metals|Aluminum|Primary""]",fig05_material_production,,,,,,"[""AFE"", ""AFN"", ""AFW"", ""AFZ"", ""ANZ"", ""ASC"", ""ASE"", ""ASO"", ""BRA"", ""CAN"", ""CHL"", ""CHN"", ""ENE"", ""ENW"", ""EUE"", ""EUM"", ""EUW"", ""IDN"", ""IND"", ""JPN"", ""LAM"", ""MDA"", ""MEA"", ""MEX"", ""NIG"", ""RUS"", ""SKT"", ""USA""]",Material production,,,1.0,40.97444502036348,Mt/yr,,,highce_gbl,5.0,future,H–EU+,0.0,,,,,,,,
baseline_highce_gbl,NDC+LTT,"High CE, EU + partners",f,Global,Aluminium,Secondary,2050,72.40813975668695,Mt/yr,plotted,"[""Production|Non-Ferrous Metals|Aluminum|Secondary""]",fig05_material_production,,,,,,"[""AFE"", ""AFN"", ""AFW"", ""AFZ"", ""ANZ"", ""ASC"", ""ASE"", ""ASO"", ""BRA"", ""CAN"", ""CHL"", ""CHN"", ""ENE"", ""ENW"", ""EUE"", ""EUM"", ""EUW"", ""IDN"", ""IND"", ""JPN"", ""LAM"", ""MDA"", ""MEA"", ""MEX"", ""NIG"", ""RUS"", ""SKT"", ""USA""]",Material production,,,1.0,72.40813975668695,Mt/yr,,,highce_gbl,5.0,future,H–EU+,0.0,,,,,,,,
baseline_highce_gbl,NDC+LTT,"High CE, EU + partners",f,Global,Aluminium,Secondary,2050,63.86178256481498,%,context,"[""Production|Non-Ferrous Metals|Aluminum|Primary"", ""Production|Non-Ferrous Metals|Aluminum|Secondary""]",fig05_material_production,,,,,,"[""AFE"", ""AFN"", ""AFW"", ""AFZ"", ""ANZ"", ""ASC"", ""ASE"", ""ASO"", ""BRA"", ""CAN"", ""CHL"", ""CHN"", ""ENE"", ""ENW"", ""EUE"", ""EUM"", ""EUW"", ""IDN"", ""IND"", ""JPN"", ""LAM"", ""MDA"", ""MEA"", ""MEX"", ""NIG"", ""RUS"", ""SKT"", ""USA""]",Secondary production share,,,100.0,72.40813975668695,Mt/yr,113.38258477705043,Mt/yr,highce_gbl,5.0,future,H–EU+,0.0,baseline_highce_gbl,2050.0,,,,,,
baseline_highce_gbl,NDC+LTT,"High CE, EU + partners",f,Global,Aluminium,Total,2050,-14.75896460455317,%,context,"[""Production|Non-Ferrous Metals|Aluminum|Primary"", ""Production|Non-Ferrous Metals|Aluminum|Secondary""]",fig05_material_production,,,,,,"[""AFE"", ""AFN"", ""AFW"", ""AFZ"", ""ANZ"", ""ASC"", ""ASE"", ""ASO"", ""BRA"", ""CAN"", ""CHL"", ""CHN"", ""ENE"", ""ENW"", ""EUE"", ""EUM"", ""EUW"", ""IDN"", ""IND"", ""JPN"", ""LAM"", ""MDA"", ""MEA"", ""MEX"", ""NIG"", ""RUS"", ""SKT"", ""USA""]",Production change from no CE,,,100.0,113.38258477705043,Mt/yr,133.01408676120656,Mt/yr,highce_gbl,5.0,future,H–EU+,-100.0,baseline_noce,2050.0,,,,,,
ndc_noce,NDC,No CE,a,Global,Cement,Electricity,2019,1.7112106174892014,EJ/yr,plotted,"[""Final Energy|Industry|Non-Metallic Minerals|Cement|Electricity""]",fig06_energy_mix,,,,,,"[""AFE"", ""AFN"", ""AFW"", ""AFZ"", ""ANZ"", ""ASC"", ""ASE"", ""ASO"", ""BRA"", ""CAN"", ""CHL"", ""CHN"", ""ENE"", ""ENW"", ""EUE"", ""EUM"", ""EUW"", ""IDN"", ""IND"", ""JPN"", ""LAM"", ""MDA"", ""MEA"", ""MEX"", ""NIG"", ""RUS"", ""SKT"", ""USA""]",Final energy,,,1.0,1.7112106174892014,EJ/yr,,,noce,0.0,historical,2019,0.0,,,,,,,,
ndc_noce,NDC,No CE,a,Global,Cement,Gases,2019,1.5175769436631676,EJ/yr,plotted,"[""Final Energy|Industry|Non-Metallic Minerals|Cement|Gases""]",fig06_energy_mix,,,,,,"[""AFE"", ""AFN"", ""AFW"", ""AFZ"", ""ANZ"", ""ASC"", ""ASE"", ""ASO"", ""BRA"", ""CAN"", ""CHL"", ""CHN"", ""ENE"", ""ENW"", ""EUE"", ""EUM"", ""EUW"", ""IDN"", ""IND"", ""JPN"", ""LAM"", ""MDA"", ""MEA"", ""MEX"", ""NIG"", ""RUS"", ""SKT"", ""USA""]",Final energy,,,1.0,1.5175769436631676,EJ/yr,,,noce,0.0,historical,2019,0.0,,,,,,,,
ndc_noce,NDC,No CE,a,Global,Cement,Liquids,2019,1.3209977760460607,EJ/yr,plotted,"[""Final Energy|Industry|Non-Metallic Minerals|Cement|Liquids""]",fig06_energy_mix,,,,,,"[""AFE"", ""AFN"", ""AFW"", ""AFZ"", ""ANZ"", ""ASC"", ""ASE"", ""ASO"", ""BRA"", ""CAN"", ""CHL"", ""CHN"", ""ENE"", ""ENW"", ""EUE"", ""EUM"", ""EUW"", ""IDN"", ""IND"", ""JPN"", ""LAM"", ""MDA"", ""MEA"", ""MEX"", ""NIG"", ""RUS"", ""SKT"", ""USA""]",Final energy,,,1.0,1.3209977760460607,EJ/yr,,,noce,0.0,historical,2019,0.0,,,,,,,,
ndc_noce,NDC,No CE,a,Global,Cement,Solids,2019,7.657858569560997,EJ/yr,plotted,"[""Final Energy|Industry|Non-Metallic Minerals|Cement|Solids""]",fig06_energy_mix,,,,,,"[""AFE"", ""AFN"", ""AFW"", ""AFZ"", ""ANZ"", ""ASC"", ""ASE"", ""ASO"", ""BRA"", ""CAN"", ""CHL"", ""CHN"", ""ENE"", ""ENW"", ""EUE"", ""EUM"", ""EUW"", ""IDN"", ""IND"", ""JPN"", ""LAM"", ""MDA"", ""MEA"", ""MEX"", ""NIG"", ""RUS"", ""SKT"", ""USA""]",Final energy,,,1.0,7.657858569560997,EJ/yr,,,noce,0.0,historical,2019,0.0,,,,,,,,
ndc_noce,NDC,No CE,a,Global,Cement,Total,2019,12.207643906759426,EJ/yr,context,"[""Final Energy|Industry|Non-Metallic Minerals|Cement|Electricity"", ""Final Energy|Industry|Non-Metallic Minerals|Cement|Gases"", ""Final Energy|Industry|Non-Metallic Minerals|Cement|Liquids"", ""Final Energy|Industry|Non-Metallic Minerals|Cement|Solids""]",fig06_energy_mix,,,,,,"[""AFE"", ""AFN"", ""AFW"", ""AFZ"", ""ANZ"", ""ASC"", ""ASE"", ""ASO"", ""BRA"", ""CAN"", ""CHL"", ""CHN"", ""ENE"", ""ENW"", ""EUE"", ""EUM"", ""EUW"", ""IDN"", ""IND"", ""JPN"", ""LAM"", ""MDA"", ""MEA"", ""MEX"", ""NIG"", ""RUS"", ""SKT"", ""USA""]",Final energy,,,1.0,12.207643906759426,EJ/yr,,,noce,0.0,historical,2019,0.0,,,,,,,,
ndc_noce,NDC,No CE,a,Global,Cement,Electricity,2050,2.171451779546254,EJ/yr,plotted,"[""Final Energy|Industry|Non-Metallic Minerals|Cement|Electricity""]",fig06_energy_mix,,,,,,"[""AFE"", ""AFN"", ""AFW"", ""AFZ"", ""ANZ"", ""ASC"", ""ASE"", ""ASO"", ""BRA"", ""CAN"", ""CHL"", ""CHN"", ""ENE"", ""ENW"", ""EUE"", ""EUM"", ""EUW"", ""IDN"", ""IND"", ""JPN"", ""LAM"", ""MDA"", ""MEA"", ""MEX"", ""NIG"", ""RUS"", ""SKT"", ""USA""]",Final energy,,,1.0,2.171451779546254,EJ/yr,,,noce,1.0,future,No CE,0.0,,,,,,,,
ndc_noce,NDC,No CE,a,Global,Cement,Gases,2050,1.2247294921766279,EJ/yr,plotted,"[""Final Energy|Industry|Non-Metallic Minerals|Cement|Gases""]",fig06_energy_mix,,,,,,"[""AFE"", ""AFN"", ""AFW"", ""AFZ"", ""ANZ"", ""ASC"", ""ASE"", ""ASO"", ""BRA"", ""CAN"", ""CHL"", ""CHN"", ""ENE"", ""ENW"", ""EUE"", ""EUM"", ""EUW"", ""IDN"", ""IND"", ""JPN"", ""LAM"", ""MDA"", ""MEA"", ""MEX"", ""NIG"", ""RUS"", ""SKT"", ""USA""]",Final energy,,,1.0,1.2247294921766279,EJ/yr,,,noce,1.0,future,No CE,0.0,,,,,,,,
ndc_noce,NDC,No CE,a,Global,Cement,Liquids,2050,0.8927975146341738,EJ/yr,plotted,"[""Final Energy|Industry|Non-Metallic Minerals|Cement|Liquids""]",fig06_energy_mix,,,,,,"[""AFE"", ""AFN"", ""AFW"", ""AFZ"", ""ANZ"", ""ASC"", ""ASE"", ""ASO"", ""BRA"", ""CAN"", ""CHL"", ""CHN"", ""ENE"", ""ENW"", ""EUE"", ""EUM"", ""EUW"", ""IDN"", ""IND"", ""JPN"", ""LAM"", ""MDA"", ""MEA"", ""MEX"", ""NIG"", ""RUS"", ""SKT"", ""USA""]",Final energy,,,1.0,0.8927975146341738,EJ/yr,,,noce,1.0,future,No CE,0.0,,,,,,,,
ndc_noce,NDC,No CE,a,Global,Cement,Solids,2050,5.890762860998873,EJ/yr,plotted,"[""Final Energy|Industry|Non-Metallic Minerals|Cement|Solids""]",fig06_energy_mix,,,,,,"[""AFE"", ""AFN"", ""AFW"", ""AFZ"", ""ANZ"", ""ASC"", ""ASE"", ""ASO"", ""BRA"", ""CAN"", ""CHL"", ""CHN"", ""ENE"", ""ENW"", ""EUE"", ""EUM"", ""EUW"", ""IDN"", ""IND"", ""JPN"", ""LAM"", ""MDA"", ""MEA"", ""MEX"", ""NIG"", ""RUS"", ""SKT"", ""USA""]",Final energy,,,1.0,5.890762860998873,EJ/yr,,,noce,1.0,future,No CE,0.0,,,,,,,,
ndc_noce,NDC,No CE,a,Global,Cement,Total,2050,10.179741647355929,EJ/yr,context,"[""Final Energy|Industry|Non-Metallic Minerals|Cement|Electricity"", ""Final Energy|Industry|Non-Metallic Minerals|Cement|Gases"", ""Final Energy|Industry|Non-Metallic Minerals|Cement|Liquids"", ""Final Energy|Industry|Non-Metallic Minerals|Cement|Solids""]",fig06_energy_mix,,,,,,"[""AFE"", ""AFN"", ""AFW"", ""AFZ"", ""ANZ"", ""ASC"", ""ASE"", ""ASO"", ""BRA"", ""CAN"", ""CHL"", ""CHN"", ""ENE"", ""ENW"", ""EUE"", ""EUM"", ""EUW"", ""IDN"", ""IND"", ""JPN"", ""LAM"", ""MDA"", ""MEA"", ""MEX"", ""NIG"", ""RUS"", ""SKT"", ""USA""]",Final energy,,,1.0,10.179741647355929,EJ/yr,,,noce,1.0,future,No CE,0.0,,,,,,,,
ndc_noce,NDC,No CE,a,Global,Cement,Total,2050,0.0,%,context,"[""Final Energy|Industry|Non-Metallic Minerals|Cement|Electricity"", ""Final Energy|Industry|Non-Metallic Minerals|Cement|Gases"", ""Final Energy|Industry|Non-Metallic Minerals|Cement|Liquids"", ""Final Energy|Industry|Non-Metallic Minerals|Cement|Solids""]",fig06_energy_mix,,,,,,"[""AFE"", ""AFN"", ""AFW"", ""AFZ"", ""ANZ"", ""ASC"", ""ASE"", ""ASO"", ""BRA"", ""CAN"", ""CHL"", ""CHN"", ""ENE"", ""ENW"", ""EUE"", ""EUM"", ""EUW"", ""IDN"", ""IND"", ""JPN"", ""LAM"", ""MDA"", ""MEA"", ""MEX"", ""NIG"", ""RUS"", ""SKT"", ""USA""]",Final energy change from no CE,,,100.0,10.179741647355929,EJ/yr,10.179741647355929,EJ/yr,noce,1.0,future,No CE,-100.0,ndc_noce,2050.0,,,,,,
ndc_medce_eu,NDC,"Medium CE, EU",a,Global,Cement,Electricity,2050,2.191158764844299,EJ/yr,plotted,"[""Final Energy|Industry|Non-Metallic Minerals|Cement|Electricity""]",fig06_energy_mix,,,,,,"[""AFE"", ""AFN"", ""AFW"", ""AFZ"", ""ANZ"", ""ASC"", ""ASE"", ""ASO"", ""BRA"", ""CAN"", ""CHL"", ""CHN"", ""ENE"", ""ENW"", ""EUE"", ""EUM"", ""EUW"", ""IDN"", ""IND"", ""JPN"", ""LAM"", ""MDA"", ""MEA"", ""MEX"", ""NIG"", ""RUS"", ""SKT"", ""USA""]",Final energy,,,1.0,2.191158764844299,EJ/yr,,,medce_eu,2.0,future,M–EU,0.0,,,,,,,,
ndc_medce_eu,NDC,"Medium CE, EU",a,Global,Cement,Gases,2050,1.2420249928231832,EJ/yr,plotted,"[""Final Energy|Industry|Non-Metallic Minerals|Cement|Gases""]",fig06_energy_mix,,,,,,"[""AFE"", ""AFN"", ""AFW"", ""AFZ"", ""ANZ"", ""ASC"", ""ASE"", ""ASO"", ""BRA"", ""CAN"", ""CHL"", ""CHN"", ""ENE"", ""ENW"", ""EUE"", ""EUM"", ""EUW"", ""IDN"", ""IND"", ""JPN"", ""LAM"", ""MDA"", ""MEA"", ""MEX"", ""NIG"", ""RUS"", ""SKT"", ""USA""]",Final energy,,,1.0,1.2420249928231832,EJ/yr,,,medce_eu,2.0,future,M–EU,0.0,,,,,,,,
ndc_medce_eu,NDC,"Medium CE, EU",a,Global,Cement,Liquids,2050,0.8980958217724769,EJ/yr,plotted,"[""Final Energy|Industry|Non-Metallic Minerals|Cement|Liquids""]",fig06_energy_mix,,,,,,"[""AFE"", ""AFN"", ""AFW"", ""AFZ"", ""ANZ"", ""ASC"", ""ASE"", ""ASO"", ""BRA"", ""CAN"", ""CHL"", ""CHN"", ""ENE"", ""ENW"", ""EUE"", ""EUM"", ""EUW"", ""IDN"", ""IND"", ""JPN"", ""LAM"", ""MDA"", ""MEA"", ""MEX"", ""NIG"", ""RUS"", ""SKT"", ""USA""]",Final energy,,,1.0,0.8980958217724769,EJ/yr,,,medce_eu,2.0,future,M–EU,0.0,,,,,,,,
ndc_medce_eu,NDC,"Medium CE, EU",a,Global,Cement,Solids,2050,5.917457277758632,EJ/yr,plotted,"[""Final Energy|Industry|Non-Metallic Minerals|Cement|Solids""]",fig06_energy_mix,,,,,,"[""AFE"", ""AFN"", ""AFW"", ""AFZ"", ""ANZ"", ""ASC"", ""ASE"", ""ASO"", ""BRA"", ""CAN"", ""CHL"", ""CHN"", ""ENE"", ""ENW"", ""EUE"", ""EUM"", ""EUW"", ""IDN"", ""IND"", ""JPN"", ""LAM"", ""MDA"", ""MEA"", ""MEX"", ""NIG"", ""RUS"", ""SKT"", ""USA""]",Final energy,,,1.0,5.917457277758632,EJ/yr,,,medce_eu,2.0,future,M–EU,0.0,,,,,,,,
ndc_medce_eu,NDC,"Medium CE, EU",a,Global,Cement,Total,2050,10.24873685719859,EJ/yr,context,"[""Final Energy|Industry|Non-Metallic Minerals|Cement|Electricity"", ""Final Energy|Industry|Non-Metallic Minerals|Cement|Gases"", ""Final Energy|Industry|Non-Metallic Minerals|Cement|Liquids"", ""Final Energy|Industry|Non-Metallic Minerals|Cement|Solids""]",fig06_energy_mix,,,,,,"[""AFE"", ""AFN"", ""AFW"", ""AFZ"", ""ANZ"", ""ASC"", ""ASE"", ""ASO"", ""BRA"", ""CAN"", ""CHL"", ""CHN"", ""ENE"", ""ENW"", ""EUE"", ""EUM"", ""EUW"", ""IDN"", ""IND"", ""JPN"", ""LAM"", ""MDA"", ""MEA"", ""MEX"", ""NIG"", ""RUS"", ""SKT"", ""USA""]",Final energy,,,1.0,10.24873685719859,EJ/yr,,,medce_eu,2.0,future,M–EU,0.0,,,,,,,,
ndc_medce_eu,NDC,"Medium CE, EU",a,Global,Cement,Total,2050,0.6777697532292564,%,context,"[""Final Energy|Industry|Non-Metallic Minerals|Cement|Electricity"", ""Final Energy|Industry|Non-Metallic Minerals|Cement|Gases"", ""Final Energy|Industry|Non-Metallic Minerals|Cement|Liquids"", ""Final Energy|Industry|Non-Metallic Minerals|Cement|Solids""]",fig06_energy_mix,,,,,,"[""AFE"", ""AFN"", ""AFW"", ""AFZ"", ""ANZ"", ""ASC"", ""ASE"", ""ASO"", ""BRA"", ""CAN"", ""CHL"", ""CHN"", ""ENE"", ""ENW"", ""EUE"", ""EUM"", ""EUW"", ""IDN"", ""IND"", ""JPN"", ""LAM"", ""MDA"", ""MEA"", ""MEX"", ""NIG"", ""RUS"", ""SKT"", ""USA""]",Final energy change from no CE,,,100.0,10.24873685719859,EJ/yr,10.179741647355929,EJ/yr,medce_eu,2.0,future,M–EU,-100.0,ndc_noce,2050.0,,,,,,
ndc_highce_eu,NDC,"High CE, EU",a,Global,Cement,Electricity,2050,2.1831495275412602,EJ/yr,plotted,"[""Final Energy|Industry|Non-Metallic Minerals|Cement|Electricity""]",fig06_energy_mix,,,,,,"[""AFE"", ""AFN"", ""AFW"", ""AFZ"", ""ANZ"", ""ASC"", ""ASE"", ""ASO"", ""BRA"", ""CAN"", ""CHL"", ""CHN"", ""ENE"", ""ENW"", ""EUE"", ""EUM"", ""EUW"", ""IDN"", ""IND"", ""JPN"", ""LAM"", ""MDA"", ""MEA"", ""MEX"", ""NIG"", ""RUS"", ""SKT"", ""USA""]",Final energy,,,1.0,2.1831495275412602,EJ/yr,,,highce_eu,3.0,future,H–EU,0.0,,,,,,,,
ndc_highce_eu,NDC,"High CE, EU",a,Global,Cement,Gases,2050,1.2450634846332833,EJ/yr,plotted,"[""Final Energy|Industry|Non-Metallic Minerals|Cement|Gases""]",fig06_energy_mix,,,,,,"[""AFE"", ""AFN"", ""AFW"", ""AFZ"", ""ANZ"", ""ASC"", ""ASE"", ""ASO"", ""BRA"", ""CAN"", ""CHL"", ""CHN"", ""ENE"", ""ENW"", ""EUE"", ""EUM"", ""EUW"", ""IDN"", ""IND"", ""JPN"", ""LAM"", ""MDA"", ""MEA"", ""MEX"", ""NIG"", ""RUS"", ""SKT"", ""USA""]",Final energy,,,1.0,1.2450634846332833,EJ/yr,,,highce_eu,3.0,future,H–EU,0.0,,,,,,,,
ndc_highce_eu,NDC,"High CE, EU",a,Global,Cement,Liquids,2050,0.8940451535135115,EJ/yr,plotted,"[""Final Energy|Industry|Non-Metallic Minerals|Cement|Liquids""]",fig06_energy_mix,,,,,,"[""AFE"", ""AFN"", ""AFW"", ""AFZ"", ""ANZ"", ""ASC"", ""ASE"", ""ASO"", ""BRA"", ""CAN"", ""CHL"", ""CHN"", ""ENE"", ""ENW"", ""EUE"", ""EUM"", ""EUW"", ""IDN"", ""IND"", ""JPN"", ""LAM"", ""MDA"", ""MEA"", ""MEX"", ""NIG"", ""RUS"", ""SKT"", ""USA""]",Final energy,,,1.0,0.8940451535135115,EJ/yr,,,highce_eu,3.0,future,H–EU,0.0,,,,,,,,
ndc_highce_eu,NDC,"High CE, EU",a,Global,Cement,Solids,2050,5.882615539005032,EJ/yr,plotted,"[""Final Energy|Industry|Non-Metallic Minerals|Cement|Solids""]",fig06_energy_mix,,,,,,"[""AFE"", ""AFN"", ""AFW"", ""AFZ"", ""ANZ"", ""ASC"", ""ASE"", ""ASO"", ""BRA"", ""CAN"", ""CHL"", ""CHN"", ""ENE"", ""ENW"", ""EUE"", ""EUM"", ""EUW"", ""IDN"", ""IND"", ""JPN"", ""LAM"", ""MDA"", ""MEA"", ""MEX"", ""NIG"", ""RUS"", ""SKT"", ""USA""]",Final energy,,,1.0,5.882615539005032,EJ/yr,,,highce_eu,3.0,future,H–EU,0.0,,,,,,,,
ndc_highce_eu,NDC,"High CE, EU",a,Global,Cement,Total,2050,10.204873704693087,EJ/yr,context,"[""Final Energy|Industry|Non-Metallic Minerals|Cement|Electricity"", ""Final Energy|Industry|Non-Metallic Minerals|Cement|Gases"", ""Final Energy|Industry|Non-Metallic Minerals|Cement|Liquids"", ""Final Energy|Industry|Non-Metallic Minerals|Cement|Solids""]",fig06_energy_mix,,,,,,"[""AFE"", ""AFN"", ""AFW"", ""AFZ"", ""ANZ"", ""ASC"", ""ASE"", ""ASO"", ""BRA"", ""CAN"", ""CHL"", ""CHN"", ""ENE"", ""ENW"", ""EUE"", ""EUM"", ""EUW"", ""IDN"", ""IND"", ""JPN"", ""LAM"", ""MDA"", ""MEA"", ""MEX"", ""NIG"", ""RUS"", ""SKT"", ""USA""]",Final energy,,,1.0,10.204873704693087,EJ/yr,,,highce_eu,3.0,future,H–EU,0.0,,,,,,,,
ndc_highce_eu,NDC,"High CE, EU",a,Global,Cement,Total,2050,0.24688305664109578,%,context,"[""Final Energy|Industry|Non-Metallic Minerals|Cement|Electricity"", ""Final Energy|Industry|Non-Metallic Minerals|Cement|Gases"", ""Final Energy|Industry|Non-Metallic Minerals|Cement|Liquids"", ""Final Energy|Industry|Non-Metallic Minerals|Cement|Solids""]",fig06_energy_mix,,,,,,"[""AFE"", ""AFN"", ""AFW"", ""AFZ"", ""ANZ"", ""ASC"", ""ASE"", ""ASO"", ""BRA"", ""CAN"", ""CHL"", ""CHN"", ""ENE"", ""ENW"", ""EUE"", ""EUM"", ""EUW"", ""IDN"", ""IND"", ""JPN"", ""LAM"", ""MDA"", ""MEA"", ""MEX"", ""NIG"", ""RUS"", ""SKT"", ""USA""]",Final energy change from no CE,,,100.0,10.204873704693087,EJ/yr,10.179741647355929,EJ/yr,highce_eu,3.0,future,H–EU,-100.0,ndc_noce,2050.0,,,,,,
ndc_medce_gbl,NDC,"Medium CE, EU + partners",a,Global,Cement,Electricity,2050,1.9856489389920338,EJ/yr,plotted,"[""Final Energy|Industry|Non-Metallic Minerals|Cement|Electricity""]",fig06_energy_mix,,,,,,"[""AFE"", ""AFN"", ""AFW"", ""AFZ"", ""ANZ"", ""ASC"", ""ASE"", ""ASO"", ""BRA"", ""CAN"", ""CHL"", ""CHN"", ""ENE"", ""ENW"", ""EUE"", ""EUM"", ""EUW"", ""IDN"", ""IND"", ""JPN"", ""LAM"", ""MDA"", ""MEA"", ""MEX"", ""NIG"", ""RUS"", ""SKT"", ""USA""]",Final energy,,,1.0,1.9856489389920338,EJ/yr,,,medce_gbl,4.0,future,M–EU+,0.0,,,,,,,,
ndc_medce_gbl,NDC,"Medium CE, EU + partners",a,Global,Cement,Gases,2050,1.130629995759937,EJ/yr,plotted,"[""Final Energy|Industry|Non-Metallic Minerals|Cement|Gases""]",fig06_energy_mix,,,,,,"[""AFE"", ""AFN"", ""AFW"", ""AFZ"", ""ANZ"", ""ASC"", ""ASE"", ""ASO"", ""BRA"", ""CAN"", ""CHL"", ""CHN"", ""ENE"", ""ENW"", ""EUE"", ""EUM"", ""EUW"", ""IDN"", ""IND"", ""JPN"", ""LAM"", ""MDA"", ""MEA"", ""MEX"", ""NIG"", ""RUS"", ""SKT"", ""USA""]",Final energy,,,1.0,1.130629995759937,EJ/yr,,,medce_gbl,4.0,future,M–EU+,0.0,,,,,,,,
ndc_medce_gbl,NDC,"Medium CE, EU + partners",a,Global,Cement,Liquids,2050,0.7790091959795986,EJ/yr,plotted,"[""Final Energy|Industry|Non-Metallic Minerals|Cement|Liquids""]",fig06_energy_mix,,,,,,"[""AFE"", ""AFN"", ""AFW"", ""AFZ"", ""ANZ"", ""ASC"", ""ASE"", ""ASO"", ""BRA"", ""CAN"", ""CHL"", ""CHN"", ""ENE"", ""ENW"", ""EUE"", ""EUM"", ""EUW"", ""IDN"", ""IND"", ""JPN"", ""LAM"", ""MDA"", ""MEA"", ""MEX"", ""NIG"", ""RUS"", ""SKT"", ""USA""]",Final energy,,,1.0,0.7790091959795986,EJ/yr,,,medce_gbl,4.0,future,M–EU+,0.0,,,,,,,,
ndc_medce_gbl,NDC,"Medium CE, EU + partners",a,Global,Cement,Solids,2050,5.076206989672411,EJ/yr,plotted,"[""Final Energy|Industry|Non-Metallic Minerals|Cement|Solids""]",fig06_energy_mix,,,,,,"[""AFE"", ""AFN"", ""AFW"", ""AFZ"", ""ANZ"", ""ASC"", ""ASE"", ""ASO"", ""BRA"", ""CAN"", ""CHL"", ""CHN"", ""ENE"", ""ENW"", ""EUE"", ""EUM"", ""EUW"", ""IDN"", ""IND"", ""JPN"", ""LAM"", ""MDA"", ""MEA"", ""MEX"", ""NIG"", ""RUS"", ""SKT"", ""USA""]",Final energy,,,1.0,5.076206989672411,EJ/yr,,,medce_gbl,4.0,future,M–EU+,0.0,,,,,,,,
ndc_medce_gbl,NDC,"Medium CE, EU + partners",a,Global,Cement,Total,2050,8.97149512040398,EJ/yr,context,"[""Final Energy|Industry|Non-Metallic Minerals|Cement|Electricity"", ""Final Energy|Industry|Non-Metallic Minerals|Cement|Gases"", ""Final Energy|Industry|Non-Metallic Minerals|Cement|Liquids"", ""Final Energy|Industry|Non-Metallic Minerals|Cement|Solids""]",fig06_energy_mix,,,,,,"[""AFE"", ""AFN"", ""AFW"", ""AFZ"", ""ANZ"", ""ASC"", ""ASE"", ""ASO"", ""BRA"", ""CAN"", ""CHL"", ""CHN"", ""ENE"", ""ENW"", ""EUE"", ""EUM"", ""EUW"", ""IDN"", ""IND"", ""JPN"", ""LAM"", ""MDA"", ""MEA"", ""MEX"", ""NIG"", ""RUS"", ""SKT"", ""USA""]",Final energy,,,1.0,8.97149512040398,EJ/yr,,,medce_gbl,4.0,future,M–EU+,0.0,,,,,,,,
ndc_medce_gbl,NDC,"Medium CE, EU + partners",a,Global,Cement,Total,2050,-11.869127614508542,%,context,"[""Final Energy|Industry|Non-Metallic Minerals|Cement|Electricity"", ""Final Energy|Industry|Non-Metallic Minerals|Cement|Gases"", ""Final Energy|Industry|Non-Metallic Minerals|Cement|Liquids"", ""Final Energy|Industry|Non-Metallic Minerals|Cement|Solids""]",fig06_energy_mix,,,,,,"[""AFE"", ""AFN"", ""AFW"", ""AFZ"", ""ANZ"", ""ASC"", ""ASE"", ""ASO"", ""BRA"", ""CAN"", ""CHL"", ""CHN"", ""ENE"", ""ENW"", ""EUE"", ""EUM"", ""EUW"", ""IDN"", ""IND"", ""JPN"", ""LAM"", ""MDA"", ""MEA"", ""MEX"", ""NIG"", ""RUS"", ""SKT"", ""USA""]",Final energy change from no CE,,,100.0,8.97149512040398,EJ/yr,10.179741647355929,EJ/yr,medce_gbl,4.0,future,M–EU+,-100.0,ndc_noce,2050.0,,,,,,
ndc_highce_gbl,NDC,"High CE, EU + partners",a,Global,Cement,Electricity,2050,1.8121542646653512,EJ/yr,plotted,"[""Final Energy|Industry|Non-Metallic Minerals|Cement|Electricity""]",fig06_energy_mix,,,,,,"[""AFE"", ""AFN"", ""AFW"", ""AFZ"", ""ANZ"", ""ASC"", ""ASE"", ""ASO"", ""BRA"", ""CAN"", ""CHL"", ""CHN"", ""ENE"", ""ENW"", ""EUE"", ""EUM"", ""EUW"", ""IDN"", ""IND"", ""JPN"", ""LAM"", ""MDA"", ""MEA"", ""MEX"", ""NIG"", ""RUS"", ""SKT"", ""USA""]",Final energy,,,1.0,1.8121542646653512,EJ/yr,,,highce_gbl,5.0,future,H–EU+,0.0,,,,,,,,
ndc_highce_gbl,NDC,"High CE, EU + partners",a,Global,Cement,Gases,2050,1.0507755992023013,EJ/yr,plotted,"[""Final Energy|Industry|Non-Metallic Minerals|Cement|Gases""]",fig06_energy_mix,,,,,,"[""AFE"", ""AFN"", ""AFW"", ""AFZ"", ""ANZ"", ""ASC"", ""ASE"", ""ASO"", ""BRA"", ""CAN"", ""CHL"", ""CHN"", ""ENE"", ""ENW"", ""EUE"", ""EUM"", ""EUW"", ""IDN"", ""IND"", ""JPN"", ""LAM"", ""MDA"", ""MEA"", ""MEX"", ""NIG"", ""RUS"", ""SKT"", ""USA""]",Final energy,,,1.0,1.0507755992023013,EJ/yr,,,highce_gbl,5.0,future,H–EU+,0.0,,,,,,,,
ndc_highce_gbl,NDC,"High CE, EU + partners",a,Global,Cement,Liquids,2050,0.6968031311831624,EJ/yr,plotted,"[""Final Energy|Industry|Non-Metallic Minerals|Cement|Liquids""]",fig06_energy_mix,,,,,,"[""AFE"", ""AFN"", ""AFW"", ""AFZ"", ""ANZ"", ""ASC"", ""ASE"", ""ASO"", ""BRA"", ""CAN"", ""CHL"", ""CHN"", ""ENE"", ""ENW"", ""EUE"", ""EUM"", ""EUW"", ""IDN"", ""IND"", ""JPN"", ""LAM"", ""MDA"", ""MEA"", ""MEX"", ""NIG"", ""RUS"", ""SKT"", ""USA""]",Final energy,,,1.0,0.6968031311831624,EJ/yr,,,highce_gbl,5.0,future,H–EU+,0.0,,,,,,,,
ndc_highce_gbl,NDC,"High CE, EU + partners",a,Global,Cement,Solids,2050,4.5003218485589995,EJ/yr,plotted,"[""Final Energy|Industry|Non-Metallic Minerals|Cement|Solids""]",fig06_energy_mix,,,,,,"[""AFE"", ""AFN"", ""AFW"", ""AFZ"", ""ANZ"", ""ASC"", ""ASE"", ""ASO"", ""BRA"", ""CAN"", ""CHL"", ""CHN"", ""ENE"", ""ENW"", ""EUE"", ""EUM"", ""EUW"", ""IDN"", ""IND"", ""JPN"", ""LAM"", ""MDA"", ""MEA"", ""MEX"", ""NIG"", ""RUS"", ""SKT"", ""USA""]",Final energy,,,1.0,4.5003218485589995,EJ/yr,,,highce_gbl,5.0,future,H–EU+,0.0,,,,,,,,
ndc_highce_gbl,NDC,"High CE, EU + partners",a,Global,Cement,Total,2050,8.060054843609814,EJ/yr,context,"[""Final Energy|Industry|Non-Metallic Minerals|Cement|Electricity"", ""Final Energy|Industry|Non-Metallic Minerals|Cement|Gases"", ""Final Energy|Industry|Non-Metallic Minerals|Cement|Liquids"", ""Final Energy|Industry|Non-Metallic Minerals|Cement|Solids""]",fig06_energy_mix,,,,,,"[""AFE"", ""AFN"", ""AFW"", ""AFZ"", ""ANZ"", ""ASC"", ""ASE"", ""ASO"", ""BRA"", ""CAN"", ""CHL"", ""CHN"", ""ENE"", ""ENW"", ""EUE"", ""EUM"", ""EUW"", ""IDN"", ""IND"", ""JPN"", ""LAM"", ""MDA"", ""MEA"", ""MEX"", ""NIG"", ""RUS"", ""SKT"", ""USA""]",Final energy,,,1.0,8.060054843609814,EJ/yr,,,highce_gbl,5.0,future,H–EU+,0.0,,,,,,,,
ndc_highce_gbl,NDC,"High CE, EU + partners",a,Global,Cement,Total,2050,-20.822599209054374,%,context,"[""Final Energy|Industry|Non-Metallic Minerals|Cement|Electricity"", ""Final Energy|Industry|Non-Metallic Minerals|Cement|Gases"", ""Final Energy|Industry|Non-Metallic Minerals|Cement|Liquids"", ""Final Energy|Industry|Non-Metallic Minerals|Cement|Solids""]",fig06_energy_mix,,,,,,"[""AFE"", ""AFN"", ""AFW"", ""AFZ"", ""ANZ"", ""ASC"", ""ASE"", ""ASO"", ""BRA"", ""CAN"", ""CHL"", ""CHN"", ""ENE"", ""ENW"", ""EUE"", ""EUM"", ""EUW"", ""IDN"", ""IND"", ""JPN"", ""LAM"", ""MDA"", ""MEA"", ""MEX"", ""NIG"", ""RUS"", ""SKT"", ""USA""]",Final energy change from no CE,,,100.0,8.060054843609814,EJ/yr,10.179741647355929,EJ/yr,highce_gbl,5.0,future,H–EU+,-100.0,ndc_noce,2050.0,,,,,,
ndc_noce,NDC,No CE,b,Global,Iron and steel,Electricity,2019,4.450102658833501,EJ/yr,plotted,"[""Final Energy|Industry|Iron and Steel|Electricity""]",fig06_energy_mix,,,,,,"[""AFE"", ""AFN"", ""AFW"", ""AFZ"", ""ANZ"", ""ASC"", ""ASE"", ""ASO"", ""BRA"", ""CAN"", ""CHL"", ""CHN"", ""ENE"", ""ENW"", ""EUE"", ""EUM"", ""EUW"", ""IDN"", ""IND"", ""JPN"", ""LAM"", ""MDA"", ""MEA"", ""MEX"", ""NIG"", ""RUS"", ""SKT"", ""USA""]",Final energy,,,1.0,4.450102658833501,EJ/yr,,,noce,0.0,historical,2019,0.0,,,,,,,,
ndc_noce,NDC,No CE,b,Global,Iron and steel,Gases,2019,2.5956495325091713,EJ/yr,plotted,"[""Final Energy|Industry|Iron and Steel|Gases""]",fig06_energy_mix,,,,,,"[""AFE"", ""AFN"", ""AFW"", ""AFZ"", ""ANZ"", ""ASC"", ""ASE"", ""ASO"", ""BRA"", ""CAN"", ""CHL"", ""CHN"", ""ENE"", ""ENW"", ""EUE"", ""EUM"", ""EUW"", ""IDN"", ""IND"", ""JPN"", ""LAM"", ""MDA"", ""MEA"", ""MEX"", ""NIG"", ""RUS"", ""SKT"", ""USA""]",Final energy,,,1.0,2.5956495325091713,EJ/yr,,,noce,0.0,historical,2019,0.0,,,,,,,,
ndc_noce,NDC,No CE,b,Global,Iron and steel,Hydrogen,2019,0.0,EJ/yr,plotted,"[""Final Energy|Industry|Iron and Steel|Hydrogen""]",fig06_energy_mix,,,,,,"[""AFE"", ""AFN"", ""AFW"", ""AFZ"", ""ANZ"", ""ASC"", ""ASE"", ""ASO"", ""BRA"", ""CAN"", ""CHL"", ""CHN"", ""ENE"", ""ENW"", ""EUE"", ""EUM"", ""EUW"", ""IDN"", ""IND"", ""JPN"", ""LAM"", ""MDA"", ""MEA"", ""MEX"", ""NIG"", ""RUS"", ""SKT"", ""USA""]",Final energy,,,1.0,0.0,EJ/yr,,,noce,0.0,historical,2019,0.0,,,,,,,,
ndc_noce,NDC,No CE,b,Global,Iron and steel,Liquids,2019,0.2912064779786795,EJ/yr,plotted,"[""Final Energy|Industry|Iron and Steel|Liquids""]",fig06_energy_mix,,,,,,"[""AFE"", ""AFN"", ""AFW"", ""AFZ"", ""ANZ"", ""ASC"", ""ASE"", ""ASO"", ""BRA"", ""CAN"", ""CHL"", ""CHN"", ""ENE"", ""ENW"", ""EUE"", ""EUM"", ""EUW"", ""IDN"", ""IND"", ""JPN"", ""LAM"", ""MDA"", ""MEA"", ""MEX"", ""NIG"", ""RUS"", ""SKT"", ""USA""]",Final energy,,,1.0,0.2912064779786795,EJ/yr,,,noce,0.0,historical,2019,0.0,,,,,,,,
ndc_noce,NDC,No CE,b,Global,Iron and steel,Solids,2019,22.90554446435401,EJ/yr,plotted,"[""Final Energy|Industry|Iron and Steel|Solids""]",fig06_energy_mix,,,,,,"[""AFE"", ""AFN"", ""AFW"", ""AFZ"", ""ANZ"", ""ASC"", ""ASE"", ""ASO"", ""BRA"", ""CAN"", ""CHL"", ""CHN"", ""ENE"", ""ENW"", ""EUE"", ""EUM"", ""EUW"", ""IDN"", ""IND"", ""JPN"", ""LAM"", ""MDA"", ""MEA"", ""MEX"", ""NIG"", ""RUS"", ""SKT"", ""USA""]",Final energy,,,1.0,22.90554446435401,EJ/yr,,,noce,0.0,historical,2019,0.0,,,,,,,,
ndc_noce,NDC,No CE,b,Global,Iron and steel,Total,2019,30.24250313367536,EJ/yr,context,"[""Final Energy|Industry|Iron and Steel|Electricity"", ""Final Energy|Industry|Iron and Steel|Gases"", ""Final Energy|Industry|Iron and Steel|Hydrogen"", ""Final Energy|Industry|Iron and Steel|Liquids"", ""Final Energy|Industry|Iron and Steel|Solids""]",fig06_energy_mix,,,,,,"[""AFE"", ""AFN"", ""AFW"", ""AFZ"", ""ANZ"", ""ASC"", ""ASE"", ""ASO"", ""BRA"", ""CAN"", ""CHL"", ""CHN"", ""ENE"", ""ENW"", ""EUE"", ""EUM"", ""EUW"", ""IDN"", ""IND"", ""JPN"", ""LAM"", ""MDA"", ""MEA"", ""MEX"", ""NIG"", ""RUS"", ""SKT"", ""USA""]",Final energy,,,1.0,30.24250313367536,EJ/yr,,,noce,0.0,historical,2019,0.0,,,,,,,,
ndc_noce,NDC,No CE,b,Global,Iron and steel,Electricity,2050,5.871106287870796,EJ/yr,plotted,"[""Final Energy|Industry|Iron and Steel|Electricity""]",fig06_energy_mix,,,,,,"[""AFE"", ""AFN"", ""AFW"", ""AFZ"", ""ANZ"", ""ASC"", ""ASE"", ""ASO"", ""BRA"", ""CAN"", ""CHL"", ""CHN"", ""ENE"", ""ENW"", ""EUE"", ""EUM"", ""EUW"", ""IDN"", ""IND"", ""JPN"", ""LAM"", ""MDA"", ""MEA"", ""MEX"", ""NIG"", ""RUS"", ""SKT"", ""USA""]",Final energy,,,1.0,5.871106287870796,EJ/yr,,,noce,1.0,future,No CE,0.0,,,,,,,,
ndc_noce,NDC,No CE,b,Global,Iron and steel,Gases,2050,4.372101926577202,EJ/yr,plotted,"[""Final Energy|Industry|Iron and Steel|Gases""]",fig06_energy_mix,,,,,,"[""AFE"", ""AFN"", ""AFW"", ""AFZ"", ""ANZ"", ""ASC"", ""ASE"", ""ASO"", ""BRA"", ""CAN"", ""CHL"", ""CHN"", ""ENE"", ""ENW"", ""EUE"", ""EUM"", ""EUW"", ""IDN"", ""IND"", ""JPN"", ""LAM"", ""MDA"", ""MEA"", ""MEX"", ""NIG"", ""RUS"", ""SKT"", ""USA""]",Final energy,,,1.0,4.372101926577202,EJ/yr,,,noce,1.0,future,No CE,0.0,,,,,,,,
ndc_noce,NDC,No CE,b,Global,Iron and steel,Hydrogen,2050,1.3893356332507933,EJ/yr,plotted,"[""Final Energy|Industry|Iron and Steel|Hydrogen""]",fig06_energy_mix,,,,,,"[""AFE"", ""AFN"", ""AFW"", ""AFZ"", ""ANZ"", ""ASC"", ""ASE"", ""ASO"", ""BRA"", ""CAN"", ""CHL"", ""CHN"", ""ENE"", ""ENW"", ""EUE"", ""EUM"", ""EUW"", ""IDN"", ""IND"", ""JPN"", ""LAM"", ""MDA"", ""MEA"", ""MEX"", ""NIG"", ""RUS"", ""SKT"", ""USA""]",Final energy,,,1.0,1.3893356332507933,EJ/yr,,,noce,1.0,future,No CE,0.0,,,,,,,,
ndc_noce,NDC,No CE,b,Global,Iron and steel,Liquids,2050,0.0,EJ/yr,plotted,"[""Final Energy|Industry|Iron and Steel|Liquids""]",fig06_energy_mix,,,,,,"[""AFE"", ""AFN"", ""AFW"", ""AFZ"", ""ANZ"", ""ASC"", ""ASE"", ""ASO"", ""BRA"", ""CAN"", ""CHL"", ""CHN"", ""ENE"", ""ENW"", ""EUE"", ""EUM"", ""EUW"", ""IDN"", ""IND"", ""JPN"", ""LAM"", ""MDA"", ""MEA"", ""MEX"", ""NIG"", ""RUS"", ""SKT"", ""USA""]",Final energy,,,1.0,0.0,EJ/yr,,,noce,1.0,future,No CE,0.0,,,,,,,,
ndc_noce,NDC,No CE,b,Global,Iron and steel,Solids,2050,8.977730848502727,EJ/yr,plotted,"[""Final Energy|Industry|Iron and Steel|Solids""]",fig06_energy_mix,,,,,,"[""AFE"", ""AFN"", ""AFW"", ""AFZ"", ""ANZ"", ""ASC"", ""ASE"", ""ASO"", ""BRA"", ""CAN"", ""CHL"", ""CHN"", ""ENE"", ""ENW"", ""EUE"", ""EUM"", ""EUW"", ""IDN"", ""IND"", ""JPN"", ""LAM"", ""MDA"", ""MEA"", ""MEX"", ""NIG"", ""RUS"", ""SKT"", ""USA""]",Final energy,,,1.0,8.977730848502727,EJ/yr,,,noce,1.0,future,No CE,0.0,,,,,,,,
ndc_noce,NDC,No CE,b,Global,Iron and steel,Total,2050,20.610274696201518,EJ/yr,context,"[""Final Energy|Industry|Iron and Steel|Electricity"", ""Final Energy|Industry|Iron and Steel|Gases"", ""Final Energy|Industry|Iron and Steel|Hydrogen"", ""Final Energy|Industry|Iron and Steel|Liquids"", ""Final Energy|Industry|Iron and Steel|Solids""]",fig06_energy_mix,,,,,,"[""AFE"", ""AFN"", ""AFW"", ""AFZ"", ""ANZ"", ""ASC"", ""ASE"", ""ASO"", ""BRA"", ""CAN"", ""CHL"", ""CHN"", ""ENE"", ""ENW"", ""EUE"", ""EUM"", ""EUW"", ""IDN"", ""IND"", ""JPN"", ""LAM"", ""MDA"", ""MEA"", ""MEX"", ""NIG"", ""RUS"", ""SKT"", ""USA""]",Final energy,,,1.0,20.610274696201518,EJ/yr,,,noce,1.0,future,No CE,0.0,,,,,,,,
ndc_noce,NDC,No CE,b,Global,Iron and steel,Total,2050,0.0,%,context,"[""Final Energy|Industry|Iron and Steel|Electricity"", ""Final Energy|Industry|Iron and Steel|Gases"", ""Final Energy|Industry|Iron and Steel|Hydrogen"", ""Final Energy|Industry|Iron and Steel|Liquids"", ""Final Energy|Industry|Iron and Steel|Solids""]",fig06_energy_mix,,,,,,"[""AFE"", ""AFN"", ""AFW"", ""AFZ"", ""ANZ"", ""ASC"", ""ASE"", ""ASO"", ""BRA"", ""CAN"", ""CHL"", ""CHN"", ""ENE"", ""ENW"", ""EUE"", ""EUM"", ""EUW"", ""IDN"", ""IND"", ""JPN"", ""LAM"", ""MDA"", ""MEA"", ""MEX"", ""NIG"", ""RUS"", ""SKT"", ""USA""]",Final energy change from no CE,,,100.0,20.610274696201518,EJ/yr,20.610274696201518,EJ/yr,noce,1.0,future,No CE,-100.0,ndc_noce,2050.0,,,,,,
ndc_medce_eu,NDC,"Medium CE, EU",b,Global,Iron and steel,Electricity,2050,5.562176841521232,EJ/yr,plotted,"[""Final Energy|Industry|Iron and Steel|Electricity""]",fig06_energy_mix,,,,,,"[""AFE"", ""AFN"", ""AFW"", ""AFZ"", ""ANZ"", ""ASC"", ""ASE"", ""ASO"", ""BRA"", ""CAN"", ""CHL"", ""CHN"", ""ENE"", ""ENW"", ""EUE"", ""EUM"", ""EUW"", ""IDN"", ""IND"", ""JPN"", ""LAM"", ""MDA"", ""MEA"", ""MEX"", ""NIG"", ""RUS"", ""SKT"", ""USA""]",Final energy,,,1.0,5.562176841521232,EJ/yr,,,medce_eu,2.0,future,M–EU,0.0,,,,,,,,
ndc_medce_eu,NDC,"Medium CE, EU",b,Global,Iron and steel,Gases,2050,4.219500094376219,EJ/yr,plotted,"[""Final Energy|Industry|Iron and Steel|Gases""]",fig06_energy_mix,,,,,,"[""AFE"", ""AFN"", ""AFW"", ""AFZ"", ""ANZ"", ""ASC"", ""ASE"", ""ASO"", ""BRA"", ""CAN"", ""CHL"", ""CHN"", ""ENE"", ""ENW"", ""EUE"", ""EUM"", ""EUW"", ""IDN"", ""IND"", ""JPN"", ""LAM"", ""MDA"", ""MEA"", ""MEX"", ""NIG"", ""RUS"", ""SKT"", ""USA""]",Final energy,,,1.0,4.219500094376219,EJ/yr,,,medce_eu,2.0,future,M–EU,0.0,,,,,,,,
ndc_medce_eu,NDC,"Medium CE, EU",b,Global,Iron and steel,Hydrogen,2050,1.3694165954179782,EJ/yr,plotted,"[""Final Energy|Industry|Iron and Steel|Hydrogen""]",fig06_energy_mix,,,,,,"[""AFE"", ""AFN"", ""AFW"", ""AFZ"", ""ANZ"", ""ASC"", ""ASE"", ""ASO"", ""BRA"", ""CAN"", ""CHL"", ""CHN"", ""ENE"", ""ENW"", ""EUE"", ""EUM"", ""EUW"", ""IDN"", ""IND"", ""JPN"", ""LAM"", ""MDA"", ""MEA"", ""MEX"", ""NIG"", ""RUS"", ""SKT"", ""USA""]",Final energy,,,1.0,1.3694165954179782,EJ/yr,,,medce_eu,2.0,future,M–EU,0.0,,,,,,,,
ndc_medce_eu,NDC,"Medium CE, EU",b,Global,Iron and steel,Liquids,2050,0.0,EJ/yr,plotted,"[""Final Energy|Industry|Iron and Steel|Liquids""]",fig06_energy_mix,,,,,,"[""AFE"", ""AFN"", ""AFW"", ""AFZ"", ""ANZ"", ""ASC"", ""ASE"", ""ASO"", ""BRA"", ""CAN"", ""CHL"", ""CHN"", ""ENE"", ""ENW"", ""EUE"", ""EUM"", ""EUW"", ""IDN"", ""IND"", ""JPN"", ""LAM"", ""MDA"", ""MEA"", ""MEX"", ""NIG"", ""RUS"", ""SKT"", ""USA""]",Final energy,,,1.0,0.0,EJ/yr,,,medce_eu,2.0,future,M–EU,0.0,,,,,,,,
ndc_medce_eu,NDC,"Medium CE, EU",b,Global,Iron and steel,Solids,2050,8.205208804052644,EJ/yr,plotted,"[""Final Energy|Industry|Iron and Steel|Solids""]",fig06_energy_mix,,,,,,"[""AFE"", ""AFN"", ""AFW"", ""AFZ"", ""ANZ"", ""ASC"", ""ASE"", ""ASO"", ""BRA"", ""CAN"", ""CHL"", ""CHN"", ""ENE"", ""ENW"", ""EUE"", ""EUM"", ""EUW"", ""IDN"", ""IND"", ""JPN"", ""LAM"", ""MDA"", ""MEA"", ""MEX"", ""NIG"", ""RUS"", ""SKT"", ""USA""]",Final energy,,,1.0,8.205208804052644,EJ/yr,,,medce_eu,2.0,future,M–EU,0.0,,,,,,,,
ndc_medce_eu,NDC,"Medium CE, EU",b,Global,Iron and steel,Total,2050,19.35630233536807,EJ/yr,context,"[""Final Energy|Industry|Iron and Steel|Electricity"", ""Final Energy|Industry|Iron and Steel|Gases"", ""Final Energy|Industry|Iron and Steel|Hydrogen"", ""Final Energy|Industry|Iron and Steel|Liquids"", ""Final Energy|Industry|Iron and Steel|Solids""]",fig06_energy_mix,,,,,,"[""AFE"", ""AFN"", ""AFW"", ""AFZ"", ""ANZ"", ""ASC"", ""ASE"", ""ASO"", ""BRA"", ""CAN"", ""CHL"", ""CHN"", ""ENE"", ""ENW"", ""EUE"", ""EUM"", ""EUW"", ""IDN"", ""IND"", ""JPN"", ""LAM"", ""MDA"", ""MEA"", ""MEX"", ""NIG"", ""RUS"", ""SKT"", ""USA""]",Final energy,,,1.0,19.35630233536807,EJ/yr,,,medce_eu,2.0,future,M–EU,0.0,,,,,,,,
ndc_medce_eu,NDC,"Medium CE, EU",b,Global,Iron and steel,Total,2050,-6.084209838622655,%,context,"[""Final Energy|Industry|Iron and Steel|Electricity"", ""Final Energy|Industry|Iron and Steel|Gases"", ""Final Energy|Industry|Iron and Steel|Hydrogen"", ""Final Energy|Industry|Iron and Steel|Liquids"", ""Final Energy|Industry|Iron and Steel|Solids""]",fig06_energy_mix,,,,,,"[""AFE"", ""AFN"", ""AFW"", ""AFZ"", ""ANZ"", ""ASC"", ""ASE"", ""ASO"", ""BRA"", ""CAN"", ""CHL"", ""CHN"", ""ENE"", ""ENW"", ""EUE"", ""EUM"", ""EUW"", ""IDN"", ""IND"", ""JPN"", ""LAM"", ""MDA"", ""MEA"", ""MEX"", ""NIG"", ""RUS"", ""SKT"", ""USA""]",Final energy change from no CE,,,100.0,19.35630233536807,EJ/yr,20.610274696201518,EJ/yr,medce_eu,2.0,future,M–EU,-100.0,ndc_noce,2050.0,,,,,,
ndc_highce_eu,NDC,"High CE, EU",b,Global,Iron and steel,Electricity,2050,5.56223335399205,EJ/yr,plotted,"[""Final Energy|Industry|Iron and Steel|Electricity""]",fig06_energy_mix,,,,,,"[""AFE"", ""AFN"", ""AFW"", ""AFZ"", ""ANZ"", ""ASC"", ""ASE"", ""ASO"", ""BRA"", ""CAN"", ""CHL"", ""CHN"", ""ENE"", ""ENW"", ""EUE"", ""EUM"", ""EUW"", ""IDN"", ""IND"", ""JPN"", ""LAM"", ""MDA"", ""MEA"", ""MEX"", ""NIG"", ""RUS"", ""SKT"", ""USA""]",Final energy,,,1.0,5.56223335399205,EJ/yr,,,highce_eu,3.0,future,H–EU,0.0,,,,,,,,
ndc_highce_eu,NDC,"High CE, EU",b,Global,Iron and steel,Gases,2050,4.218891285501615,EJ/yr,plotted,"[""Final Energy|Industry|Iron and Steel|Gases""]",fig06_energy_mix,,,,,,"[""AFE"", ""AFN"", ""AFW"", ""AFZ"", ""ANZ"", ""ASC"", ""ASE"", ""ASO"", ""BRA"", ""CAN"", ""CHL"", ""CHN"", ""ENE"", ""ENW"", ""EUE"", ""EUM"", ""EUW"", ""IDN"", ""IND"", ""JPN"", ""LAM"", ""MDA"", ""MEA"", ""MEX"", ""NIG"", ""RUS"", ""SKT"", ""USA""]",Final energy,,,1.0,4.218891285501615,EJ/yr,,,highce_eu,3.0,future,H–EU,0.0,,,,,,,,
ndc_highce_eu,NDC,"High CE, EU",b,Global,Iron and steel,Hydrogen,2050,1.3694165920688093,EJ/yr,plotted,"[""Final Energy|Industry|Iron and Steel|Hydrogen""]",fig06_energy_mix,,,,,,"[""AFE"", ""AFN"", ""AFW"", ""AFZ"", ""ANZ"", ""ASC"", ""ASE"", ""ASO"", ""BRA"", ""CAN"", ""CHL"", ""CHN"", ""ENE"", ""ENW"", ""EUE"", ""EUM"", ""EUW"", ""IDN"", ""IND"", ""JPN"", ""LAM"", ""MDA"", ""MEA"", ""MEX"", ""NIG"", ""RUS"", ""SKT"", ""USA""]",Final energy,,,1.0,1.3694165920688093,EJ/yr,,,highce_eu,3.0,future,H–EU,0.0,,,,,,,,
ndc_highce_eu,NDC,"High CE, EU",b,Global,Iron and steel,Liquids,2050,0.0,EJ/yr,plotted,"[""Final Energy|Industry|Iron and Steel|Liquids""]",fig06_energy_mix,,,,,,"[""AFE"", ""AFN"", ""AFW"", ""AFZ"", ""ANZ"", ""ASC"", ""ASE"", ""ASO"", ""BRA"", ""CAN"", ""CHL"", ""CHN"", ""ENE"", ""ENW"", ""EUE"", ""EUM"", ""EUW"", ""IDN"", ""IND"", ""JPN"", ""LAM"", ""MDA"", ""MEA"", ""MEX"", ""NIG"", ""RUS"", ""SKT"", ""USA""]",Final energy,,,1.0,0.0,EJ/yr,,,highce_eu,3.0,future,H–EU,0.0,,,,,,,,
ndc_highce_eu,NDC,"High CE, EU",b,Global,Iron and steel,Solids,2050,8.207175368135553,EJ/yr,plotted,"[""Final Energy|Industry|Iron and Steel|Solids""]",fig06_energy_mix,,,,,,"[""AFE"", ""AFN"", ""AFW"", ""AFZ"", ""ANZ"", ""ASC"", ""ASE"", ""ASO"", ""BRA"", ""CAN"", ""CHL"", ""CHN"", ""ENE"", ""ENW"", ""EUE"", ""EUM"", ""EUW"", ""IDN"", ""IND"", ""JPN"", ""LAM"", ""MDA"", ""MEA"", ""MEX"", ""NIG"", ""RUS"", ""SKT"", ""USA""]",Final energy,,,1.0,8.207175368135553,EJ/yr,,,highce_eu,3.0,future,H–EU,0.0,,,,,,,,
ndc_highce_eu,NDC,"High CE, EU",b,Global,Iron and steel,Total,2050,19.35771659969803,EJ/yr,context,"[""Final Energy|Industry|Iron and Steel|Electricity"", ""Final Energy|Industry|Iron and Steel|Gases"", ""Final Energy|Industry|Iron and Steel|Hydrogen"", ""Final Energy|Industry|Iron and Steel|Liquids"", ""Final Energy|Industry|Iron and Steel|Solids""]",fig06_energy_mix,,,,,,"[""AFE"", ""AFN"", ""AFW"", ""AFZ"", ""ANZ"", ""ASC"", ""ASE"", ""ASO"", ""BRA"", ""CAN"", ""CHL"", ""CHN"", ""ENE"", ""ENW"", ""EUE"", ""EUM"", ""EUW"", ""IDN"", ""IND"", ""JPN"", ""LAM"", ""MDA"", ""MEA"", ""MEX"", ""NIG"", ""RUS"", ""SKT"", ""USA""]",Final energy,,,1.0,19.35771659969803,EJ/yr,,,highce_eu,3.0,future,H–EU,0.0,,,,,,,,
ndc_highce_eu,NDC,"High CE, EU",b,Global,Iron and steel,Total,2050,-6.077347900337955,%,context,"[""Final Energy|Industry|Iron and Steel|Electricity"", ""Final Energy|Industry|Iron and Steel|Gases"", ""Final Energy|Industry|Iron and Steel|Hydrogen"", ""Final Energy|Industry|Iron and Steel|Liquids"", ""Final Energy|Industry|Iron and Steel|Solids""]",fig06_energy_mix,,,,,,"[""AFE"", ""AFN"", ""AFW"", ""AFZ"", ""ANZ"", ""ASC"", ""ASE"", ""ASO"", ""BRA"", ""CAN"", ""CHL"", ""CHN"", ""ENE"", ""ENW"", ""EUE"", ""EUM"", ""EUW"", ""IDN"", ""IND"", ""JPN"", ""LAM"", ""MDA"", ""MEA"", ""MEX"", ""NIG"", ""RUS"", ""SKT"", ""USA""]",Final energy change from no CE,,,100.0,19.35771659969803,EJ/yr,20.610274696201518,EJ/yr,highce_eu,3.0,future,H–EU,-100.0,ndc_noce,2050.0,,,,,,
ndc_medce_gbl,NDC,"Medium CE, EU + partners",b,Global,Iron and steel,Electricity,2050,4.811509426526331,EJ/yr,plotted,"[""Final Energy|Industry|Iron and Steel|Electricity""]",fig06_energy_mix,,,,,,"[""AFE"", ""AFN"", ""AFW"", ""AFZ"", ""ANZ"", ""ASC"", ""ASE"", ""ASO"", ""BRA"", ""CAN"", ""CHL"", ""CHN"", ""ENE"", ""ENW"", ""EUE"", ""EUM"", ""EUW"", ""IDN"", ""IND"", ""JPN"", ""LAM"", ""MDA"", ""MEA"", ""MEX"", ""NIG"", ""RUS"", ""SKT"", ""USA""]",Final energy,,,1.0,4.811509426526331,EJ/yr,,,medce_gbl,4.0,future,M–EU+,0.0,,,,,,,,
ndc_medce_gbl,NDC,"Medium CE, EU + partners",b,Global,Iron and steel,Gases,2050,1.0677670868477678,EJ/yr,plotted,"[""Final Energy|Industry|Iron and Steel|Gases""]",fig06_energy_mix,,,,,,"[""AFE"", ""AFN"", ""AFW"", ""AFZ"", ""ANZ"", ""ASC"", ""ASE"", ""ASO"", ""BRA"", ""CAN"", ""CHL"", ""CHN"", ""ENE"", ""ENW"", ""EUE"", ""EUM"", ""EUW"", ""IDN"", ""IND"", ""JPN"", ""LAM"", ""MDA"", ""MEA"", ""MEX"", ""NIG"", ""RUS"", ""SKT"", ""USA""]",Final energy,,,1.0,1.0677670868477678,EJ/yr,,,medce_gbl,4.0,future,M–EU+,0.0,,,,,,,,
ndc_medce_gbl,NDC,"Medium CE, EU + partners",b,Global,Iron and steel,Hydrogen,2050,1.2092138260965768,EJ/yr,plotted,"[""Final Energy|Industry|Iron and Steel|Hydrogen""]",fig06_energy_mix,,,,,,"[""AFE"", ""AFN"", ""AFW"", ""AFZ"", ""ANZ"", ""ASC"", ""ASE"", ""ASO"", ""BRA"", ""CAN"", ""CHL"", ""CHN"", ""ENE"", ""ENW"", ""EUE"", ""EUM"", ""EUW"", ""IDN"", ""IND"", ""JPN"", ""LAM"", ""MDA"", ""MEA"", ""MEX"", ""NIG"", ""RUS"", ""SKT"", ""USA""]",Final energy,,,1.0,1.2092138260965768,EJ/yr,,,medce_gbl,4.0,future,M–EU+,0.0,,,,,,,,
ndc_medce_gbl,NDC,"Medium CE, EU + partners",b,Global,Iron and steel,Liquids,2050,0.0,EJ/yr,plotted,"[""Final Energy|Industry|Iron and Steel|Liquids""]",fig06_energy_mix,,,,,,"[""AFE"", ""AFN"", ""AFW"", ""AFZ"", ""ANZ"", ""ASC"", ""ASE"", ""ASO"", ""BRA"", ""CAN"", ""CHL"", ""CHN"", ""ENE"", ""ENW"", ""EUE"", ""EUM"", ""EUW"", ""IDN"", ""IND"", ""JPN"", ""LAM"", ""MDA"", ""MEA"", ""MEX"", ""NIG"", ""RUS"", ""SKT"", ""USA""]",Final energy,,,1.0,0.0,EJ/yr,,,medce_gbl,4.0,future,M–EU+,0.0,,,,,,,,
ndc_medce_gbl,NDC,"Medium CE, EU + partners",b,Global,Iron and steel,Solids,2050,7.340144506591522,EJ/yr,plotted,"[""Final Energy|Industry|Iron and Steel|Solids""]",fig06_energy_mix,,,,,,"[""AFE"", ""AFN"", ""AFW"", ""AFZ"", ""ANZ"", ""ASC"", ""ASE"", ""ASO"", ""BRA"", ""CAN"", ""CHL"", ""CHN"", ""ENE"", ""ENW"", ""EUE"", ""EUM"", ""EUW"", ""IDN"", ""IND"", ""JPN"", ""LAM"", ""MDA"", ""MEA"", ""MEX"", ""NIG"", ""RUS"", ""SKT"", ""USA""]",Final energy,,,1.0,7.340144506591522,EJ/yr,,,medce_gbl,4.0,future,M–EU+,0.0,,,,,,,,
ndc_medce_gbl,NDC,"Medium CE, EU + partners",b,Global,Iron and steel,Total,2050,14.428634846062199,EJ/yr,context,"[""Final Energy|Industry|Iron and Steel|Electricity"", ""Final Energy|Industry|Iron and Steel|Gases"", ""Final Energy|Industry|Iron and Steel|Hydrogen"", ""Final Energy|Industry|Iron and Steel|Liquids"", ""Final Energy|Industry|Iron and Steel|Solids""]",fig06_energy_mix,,,,,,"[""AFE"", ""AFN"", ""AFW"", ""AFZ"", ""ANZ"", ""ASC"", ""ASE"", ""ASO"", ""BRA"", ""CAN"", ""CHL"", ""CHN"", ""ENE"", ""ENW"", ""EUE"", ""EUM"", ""EUW"", ""IDN"", ""IND"", ""JPN"", ""LAM"", ""MDA"", ""MEA"", ""MEX"", ""NIG"", ""RUS"", ""SKT"", ""USA""]",Final energy,,,1.0,14.428634846062199,EJ/yr,,,medce_gbl,4.0,future,M–EU+,0.0,,,,,,,,
ndc_medce_gbl,NDC,"Medium CE, EU + partners",b,Global,Iron and steel,Total,2050,-29.99300077877467,%,context,"[""Final Energy|Industry|Iron and Steel|Electricity"", ""Final Energy|Industry|Iron and Steel|Gases"", ""Final Energy|Industry|Iron and Steel|Hydrogen"", ""Final Energy|Industry|Iron and Steel|Liquids"", ""Final Energy|Industry|Iron and Steel|Solids""]",fig06_energy_mix,,,,,,"[""AFE"", ""AFN"", ""AFW"", ""AFZ"", ""ANZ"", ""ASC"", ""ASE"", ""ASO"", ""BRA"", ""CAN"", ""CHL"", ""CHN"", ""ENE"", ""ENW"", ""EUE"", ""EUM"", ""EUW"", ""IDN"", ""IND"", ""JPN"", ""LAM"", ""MDA"", ""MEA"", ""MEX"", ""NIG"", ""RUS"", ""SKT"", ""USA""]",Final energy change from no CE,,,100.0,14.428634846062199,EJ/yr,20.610274696201518,EJ/yr,medce_gbl,4.0,future,M–EU+,-100.0,ndc_noce,2050.0,,,,,,
ndc_highce_gbl,NDC,"High CE, EU + partners",b,Global,Iron and steel,Electricity,2050,4.239427524612527,EJ/yr,plotted,"[""Final Energy|Industry|Iron and Steel|Electricity""]",fig06_energy_mix,,,,,,"[""AFE"", ""AFN"", ""AFW"", ""AFZ"", ""ANZ"", ""ASC"", ""ASE"", ""ASO"", ""BRA"", ""CAN"", ""CHL"", ""CHN"", ""ENE"", ""ENW"", ""EUE"", ""EUM"", ""EUW"", ""IDN"", ""IND"", ""JPN"", ""LAM"", ""MDA"", ""MEA"", ""MEX"", ""NIG"", ""RUS"", ""SKT"", ""USA""]",Final energy,,,1.0,4.239427524612527,EJ/yr,,,highce_gbl,5.0,future,H–EU+,0.0,,,,,,,,
ndc_highce_gbl,NDC,"High CE, EU + partners",b,Global,Iron and steel,Gases,2050,0.6305275671448568,EJ/yr,plotted,"[""Final Energy|Industry|Iron and Steel|Gases""]",fig06_energy_mix,,,,,,"[""AFE"", ""AFN"", ""AFW"", ""AFZ"", ""ANZ"", ""ASC"", ""ASE"", ""ASO"", ""BRA"", ""CAN"", ""CHL"", ""CHN"", ""ENE"", ""ENW"", ""EUE"", ""EUM"", ""EUW"", ""IDN"", ""IND"", ""JPN"", ""LAM"", ""MDA"", ""MEA"", ""MEX"", ""NIG"", ""RUS"", ""SKT"", ""USA""]",Final energy,,,1.0,0.6305275671448568,EJ/yr,,,highce_gbl,5.0,future,H–EU+,0.0,,,,,,,,
ndc_highce_gbl,NDC,"High CE, EU + partners",b,Global,Iron and steel,Hydrogen,2050,0.6707329763344638,EJ/yr,plotted,"[""Final Energy|Industry|Iron and Steel|Hydrogen""]",fig06_energy_mix,,,,,,"[""AFE"", ""AFN"", ""AFW"", ""AFZ"", ""ANZ"", ""ASC"", ""ASE"", ""ASO"", ""BRA"", ""CAN"", ""CHL"", ""CHN"", ""ENE"", ""ENW"", ""EUE"", ""EUM"", ""EUW"", ""IDN"", ""IND"", ""JPN"", ""LAM"", ""MDA"", ""MEA"", ""MEX"", ""NIG"", ""RUS"", ""SKT"", ""USA""]",Final energy,,,1.0,0.6707329763344638,EJ/yr,,,highce_gbl,5.0,future,H–EU+,0.0,,,,,,,,
ndc_highce_gbl,NDC,"High CE, EU + partners",b,Global,Iron and steel,Liquids,2050,0.0,EJ/yr,plotted,"[""Final Energy|Industry|Iron and Steel|Liquids""]",fig06_energy_mix,,,,,,"[""AFE"", ""AFN"", ""AFW"", ""AFZ"", ""ANZ"", ""ASC"", ""ASE"", ""ASO"", ""BRA"", ""CAN"", ""CHL"", ""CHN"", ""ENE"", ""ENW"", ""EUE"", ""EUM"", ""EUW"", ""IDN"", ""IND"", ""JPN"", ""LAM"", ""MDA"", ""MEA"", ""MEX"", ""NIG"", ""RUS"", ""SKT"", ""USA""]",Final energy,,,1.0,0.0,EJ/yr,,,highce_gbl,5.0,future,H–EU+,0.0,,,,,,,,
ndc_highce_gbl,NDC,"High CE, EU + partners",b,Global,Iron and steel,Solids,2050,5.366638993733788,EJ/yr,plotted,"[""Final Energy|Industry|Iron and Steel|Solids""]",fig06_energy_mix,,,,,,"[""AFE"", ""AFN"", ""AFW"", ""AFZ"", ""ANZ"", ""ASC"", ""ASE"", ""ASO"", ""BRA"", ""CAN"", ""CHL"", ""CHN"", ""ENE"", ""ENW"", ""EUE"", ""EUM"", ""EUW"", ""IDN"", ""IND"", ""JPN"", ""LAM"", ""MDA"", ""MEA"", ""MEX"", ""NIG"", ""RUS"", ""SKT"", ""USA""]",Final energy,,,1.0,5.366638993733788,EJ/yr,,,highce_gbl,5.0,future,H–EU+,0.0,,,,,,,,
ndc_highce_gbl,NDC,"High CE, EU + partners",b,Global,Iron and steel,Total,2050,10.907327061825637,EJ/yr,context,"[""Final Energy|Industry|Iron and Steel|Electricity"", ""Final Energy|Industry|Iron and Steel|Gases"", ""Final Energy|Industry|Iron and Steel|Hydrogen"", ""Final Energy|Industry|Iron and Steel|Liquids"", ""Final Energy|Industry|Iron and Steel|Solids""]",fig06_energy_mix,,,,,,"[""AFE"", ""AFN"", ""AFW"", ""AFZ"", ""ANZ"", ""ASC"", ""ASE"", ""ASO"", ""BRA"", ""CAN"", ""CHL"", ""CHN"", ""ENE"", ""ENW"", ""EUE"", ""EUM"", ""EUW"", ""IDN"", ""IND"", ""JPN"", ""LAM"", ""MDA"", ""MEA"", ""MEX"", ""NIG"", ""RUS"", ""SKT"", ""USA""]",Final energy,,,1.0,10.907327061825637,EJ/yr,,,highce_gbl,5.0,future,H–EU+,0.0,,,,,,,,
ndc_highce_gbl,NDC,"High CE, EU + partners",b,Global,Iron and steel,Total,2050,-47.078206270410064,%,context,"[""Final Energy|Industry|Iron and Steel|Electricity"", ""Final Energy|Industry|Iron and Steel|Gases"", ""Final Energy|Industry|Iron and Steel|Hydrogen"", ""Final Energy|Industry|Iron and Steel|Liquids"", ""Final Energy|Industry|Iron and Steel|Solids""]",fig06_energy_mix,,,,,,"[""AFE"", ""AFN"", ""AFW"", ""AFZ"", ""ANZ"", ""ASC"", ""ASE"", ""ASO"", ""BRA"", ""CAN"", ""CHL"", ""CHN"", ""ENE"", ""ENW"", ""EUE"", ""EUM"", ""EUW"", ""IDN"", ""IND"", ""JPN"", ""LAM"", ""MDA"", ""MEA"", ""MEX"", ""NIG"", ""RUS"", ""SKT"", ""USA""]",Final energy change from no CE,,,100.0,10.907327061825637,EJ/yr,20.610274696201518,EJ/yr,highce_gbl,5.0,future,H–EU+,-100.0,ndc_noce,2050.0,,,,,,
ndc_noce,NDC,No CE,c,Global,Aluminium,Electricity,2019,3.4030921983279416,EJ/yr,plotted,"[""Final Energy|Industry|Non-Ferrous Metals|Aluminum|Electricity""]",fig06_energy_mix,,,,,,"[""AFE"", ""AFN"", ""AFW"", ""AFZ"", ""ANZ"", ""ASC"", ""ASE"", ""ASO"", ""BRA"", ""CAN"", ""CHL"", ""CHN"", ""ENE"", ""ENW"", ""EUE"", ""EUM"", ""EUW"", ""IDN"", ""IND"", ""JPN"", ""LAM"", ""MDA"", ""MEA"", ""MEX"", ""NIG"", ""RUS"", ""SKT"", ""USA""]",Final energy,,,1.0,3.4030921983279416,EJ/yr,,,noce,0.0,historical,2019,0.0,,,,,,,,
ndc_noce,NDC,No CE,c,Global,Aluminium,Gases,2019,0.49666926405350864,EJ/yr,plotted,"[""Final Energy|Industry|Non-Ferrous Metals|Aluminum|Gases""]",fig06_energy_mix,,,,,,"[""AFE"", ""AFN"", ""AFW"", ""AFZ"", ""ANZ"", ""ASC"", ""ASE"", ""ASO"", ""BRA"", ""CAN"", ""CHL"", ""CHN"", ""ENE"", ""ENW"", ""EUE"", ""EUM"", ""EUW"", ""IDN"", ""IND"", ""JPN"", ""LAM"", ""MDA"", ""MEA"", ""MEX"", ""NIG"", ""RUS"", ""SKT"", ""USA""]",Final energy,,,1.0,0.49666926405350864,EJ/yr,,,noce,0.0,historical,2019,0.0,,,,,,,,
ndc_noce,NDC,No CE,c,Global,Aluminium,Hydrogen,2019,0.0,EJ/yr,plotted,"[""Final Energy|Industry|Non-Ferrous Metals|Aluminum|Hydrogen""]",fig06_energy_mix,,,,,,"[""AFE"", ""AFN"", ""AFW"", ""AFZ"", ""ANZ"", ""ASC"", ""ASE"", ""ASO"", ""BRA"", ""CAN"", ""CHL"", ""CHN"", ""ENE"", ""ENW"", ""EUE"", ""EUM"", ""EUW"", ""IDN"", ""IND"", ""JPN"", ""LAM"", ""MDA"", ""MEA"", ""MEX"", ""NIG"", ""RUS"", ""SKT"", ""USA""]",Final energy,,,1.0,0.0,EJ/yr,,,noce,0.0,historical,2019,0.0,,,,,,,,
ndc_noce,NDC,No CE,c,Global,Aluminium,Liquids,2019,0.08640766076555549,EJ/yr,plotted,"[""Final Energy|Industry|Non-Ferrous Metals|Aluminum|Liquids""]",fig06_energy_mix,,,,,,"[""AFE"", ""AFN"", ""AFW"", ""AFZ"", ""ANZ"", ""ASC"", ""ASE"", ""ASO"", ""BRA"", ""CAN"", ""CHL"", ""CHN"", ""ENE"", ""ENW"", ""EUE"", ""EUM"", ""EUW"", ""IDN"", ""IND"", ""JPN"", ""LAM"", ""MDA"", ""MEA"", ""MEX"", ""NIG"", ""RUS"", ""SKT"", ""USA""]",Final energy,,,1.0,0.08640766076555549,EJ/yr,,,noce,0.0,historical,2019,0.0,,,,,,,,
ndc_noce,NDC,No CE,c,Global,Aluminium,Solids,2019,0.6947787453102924,EJ/yr,plotted,"[""Final Energy|Industry|Non-Ferrous Metals|Aluminum|Solids""]",fig06_energy_mix,,,,,,"[""AFE"", ""AFN"", ""AFW"", ""AFZ"", ""ANZ"", ""ASC"", ""ASE"", ""ASO"", ""BRA"", ""CAN"", ""CHL"", ""CHN"", ""ENE"", ""ENW"", ""EUE"", ""EUM"", ""EUW"", ""IDN"", ""IND"", ""JPN"", ""LAM"", ""MDA"", ""MEA"", ""MEX"", ""NIG"", ""RUS"", ""SKT"", ""USA""]",Final energy,,,1.0,0.6947787453102924,EJ/yr,,,noce,0.0,historical,2019,0.0,,,,,,,,
ndc_noce,NDC,No CE,c,Global,Aluminium,Total,2019,4.680947868457298,EJ/yr,context,"[""Final Energy|Industry|Non-Ferrous Metals|Aluminum|Electricity"", ""Final Energy|Industry|Non-Ferrous Metals|Aluminum|Gases"", ""Final Energy|Industry|Non-Ferrous Metals|Aluminum|Hydrogen"", ""Final Energy|Industry|Non-Ferrous Metals|Aluminum|Liquids"", ""Final Energy|Industry|Non-Ferrous Metals|Aluminum|Solids""]",fig06_energy_mix,,,,,,"[""AFE"", ""AFN"", ""AFW"", ""AFZ"", ""ANZ"", ""ASC"", ""ASE"", ""ASO"", ""BRA"", ""CAN"", ""CHL"", ""CHN"", ""ENE"", ""ENW"", ""EUE"", ""EUM"", ""EUW"", ""IDN"", ""IND"", ""JPN"", ""LAM"", ""MDA"", ""MEA"", ""MEX"", ""NIG"", ""RUS"", ""SKT"", ""USA""]",Final energy,,,1.0,4.680947868457298,EJ/yr,,,noce,0.0,historical,2019,0.0,,,,,,,,
ndc_noce,NDC,No CE,c,Global,Aluminium,Electricity,2050,4.08293414667407,EJ/yr,plotted,"[""Final Energy|Industry|Non-Ferrous Metals|Aluminum|Electricity""]",fig06_energy_mix,,,,,,"[""AFE"", ""AFN"", ""AFW"", ""AFZ"", ""ANZ"", ""ASC"", ""ASE"", ""ASO"", ""BRA"", ""CAN"", ""CHL"", ""CHN"", ""ENE"", ""ENW"", ""EUE"", ""EUM"", ""EUW"", ""IDN"", ""IND"", ""JPN"", ""LAM"", ""MDA"", ""MEA"", ""MEX"", ""NIG"", ""RUS"", ""SKT"", ""USA""]",Final energy,,,1.0,4.08293414667407,EJ/yr,,,noce,1.0,future,No CE,0.0,,,,,,,,
ndc_noce,NDC,No CE,c,Global,Aluminium,Gases,2050,0.6855848820820668,EJ/yr,plotted,"[""Final Energy|Industry|Non-Ferrous Metals|Aluminum|Gases""]",fig06_energy_mix,,,,,,"[""AFE"", ""AFN"", ""AFW"", ""AFZ"", ""ANZ"", ""ASC"", ""ASE"", ""ASO"", ""BRA"", ""CAN"", ""CHL"", ""CHN"", ""ENE"", ""ENW"", ""EUE"", ""EUM"", ""EUW"", ""IDN"", ""IND"", ""JPN"", ""LAM"", ""MDA"", ""MEA"", ""MEX"", ""NIG"", ""RUS"", ""SKT"", ""USA""]",Final energy,,,1.0,0.6855848820820668,EJ/yr,,,noce,1.0,future,No CE,0.0,,,,,,,,
ndc_noce,NDC,No CE,c,Global,Aluminium,Hydrogen,2050,0.4203146370633831,EJ/yr,plotted,"[""Final Energy|Industry|Non-Ferrous Metals|Aluminum|Hydrogen""]",fig06_energy_mix,,,,,,"[""AFE"", ""AFN"", ""AFW"", ""AFZ"", ""ANZ"", ""ASC"", ""ASE"", ""ASO"", ""BRA"", ""CAN"", ""CHL"", ""CHN"", ""ENE"", ""ENW"", ""EUE"", ""EUM"", ""EUW"", ""IDN"", ""IND"", ""JPN"", ""LAM"", ""MDA"", ""MEA"", ""MEX"", ""NIG"", ""RUS"", ""SKT"", ""USA""]",Final energy,,,1.0,0.4203146370633831,EJ/yr,,,noce,1.0,future,No CE,0.0,,,,,,,,
ndc_noce,NDC,No CE,c,Global,Aluminium,Liquids,2050,0.0,EJ/yr,plotted,"[""Final Energy|Industry|Non-Ferrous Metals|Aluminum|Liquids""]",fig06_energy_mix,,,,,,"[""AFE"", ""AFN"", ""AFW"", ""AFZ"", ""ANZ"", ""ASC"", ""ASE"", ""ASO"", ""BRA"", ""CAN"", ""CHL"", ""CHN"", ""ENE"", ""ENW"", ""EUE"", ""EUM"", ""EUW"", ""IDN"", ""IND"", ""JPN"", ""LAM"", ""MDA"", ""MEA"", ""MEX"", ""NIG"", ""RUS"", ""SKT"", ""USA""]",Final energy,,,1.0,0.0,EJ/yr,,,noce,1.0,future,No CE,0.0,,,,,,,,
ndc_noce,NDC,No CE,c,Global,Aluminium,Solids,2050,0.0,EJ/yr,plotted,"[""Final Energy|Industry|Non-Ferrous Metals|Aluminum|Solids""]",fig06_energy_mix,,,,,,"[""AFE"", ""AFN"", ""AFW"", ""AFZ"", ""ANZ"", ""ASC"", ""ASE"", ""ASO"", ""BRA"", ""CAN"", ""CHL"", ""CHN"", ""ENE"", ""ENW"", ""EUE"", ""EUM"", ""EUW"", ""IDN"", ""IND"", ""JPN"", ""LAM"", ""MDA"", ""MEA"", ""MEX"", ""NIG"", ""RUS"", ""SKT"", ""USA""]",Final energy,,,1.0,0.0,EJ/yr,,,noce,1.0,future,No CE,0.0,,,,,,,,
ndc_noce,NDC,No CE,c,Global,Aluminium,Total,2050,5.188833665819519,EJ/yr,context,"[""Final Energy|Industry|Non-Ferrous Metals|Aluminum|Electricity"", ""Final Energy|Industry|Non-Ferrous Metals|Aluminum|Gases"", ""Final Energy|Industry|Non-Ferrous Metals|Aluminum|Hydrogen"", ""Final Energy|Industry|Non-Ferrous Metals|Aluminum|Liquids"", ""Final Energy|Industry|Non-Ferrous Metals|Aluminum|Solids""]",fig06_energy_mix,,,,,,"[""AFE"", ""AFN"", ""AFW"", ""AFZ"", ""ANZ"", ""ASC"", ""ASE"", ""ASO"", ""BRA"", ""CAN"", ""CHL"", ""CHN"", ""ENE"", ""ENW"", ""EUE"", ""EUM"", ""EUW"", ""IDN"", ""IND"", ""JPN"", ""LAM"", ""MDA"", ""MEA"", ""MEX"", ""NIG"", ""RUS"", ""SKT"", ""USA""]",Final energy,,,1.0,5.188833665819519,EJ/yr,,,noce,1.0,future,No CE,0.0,,,,,,,,
ndc_noce,NDC,No CE,c,Global,Aluminium,Total,2050,0.0,%,context,"[""Final Energy|Industry|Non-Ferrous Metals|Aluminum|Electricity"", ""Final Energy|Industry|Non-Ferrous Metals|Aluminum|Gases"", ""Final Energy|Industry|Non-Ferrous Metals|Aluminum|Hydrogen"", ""Final Energy|Industry|Non-Ferrous Metals|Aluminum|Liquids"", ""Final Energy|Industry|Non-Ferrous Metals|Aluminum|Solids""]",fig06_energy_mix,,,,,,"[""AFE"", ""AFN"", ""AFW"", ""AFZ"", ""ANZ"", ""ASC"", ""ASE"", ""ASO"", ""BRA"", ""CAN"", ""CHL"", ""CHN"", ""ENE"", ""ENW"", ""EUE"", ""EUM"", ""EUW"", ""IDN"", ""IND"", ""JPN"", ""LAM"", ""MDA"", ""MEA"", ""MEX"", ""NIG"", ""RUS"", ""SKT"", ""USA""]",Final energy change from no CE,,,100.0,5.188833665819519,EJ/yr,5.188833665819519,EJ/yr,noce,1.0,future,No CE,-100.0,ndc_noce,2050.0,,,,,,
ndc_medce_eu,NDC,"Medium CE, EU",c,Global,Aluminium,Electricity,2050,3.9880883207768423,EJ/yr,plotted,"[""Final Energy|Industry|Non-Ferrous Metals|Aluminum|Electricity""]",fig06_energy_mix,,,,,,"[""AFE"", ""AFN"", ""AFW"", ""AFZ"", ""ANZ"", ""ASC"", ""ASE"", ""ASO"", ""BRA"", ""CAN"", ""CHL"", ""CHN"", ""ENE"", ""ENW"", ""EUE"", ""EUM"", ""EUW"", ""IDN"", ""IND"", ""JPN"", ""LAM"", ""MDA"", ""MEA"", ""MEX"", ""NIG"", ""RUS"", ""SKT"", ""USA""]",Final energy,,,1.0,3.9880883207768423,EJ/yr,,,medce_eu,2.0,future,M–EU,0.0,,,,,,,,
ndc_medce_eu,NDC,"Medium CE, EU",c,Global,Aluminium,Gases,2050,0.7134197313785697,EJ/yr,plotted,"[""Final Energy|Industry|Non-Ferrous Metals|Aluminum|Gases""]",fig06_energy_mix,,,,,,"[""AFE"", ""AFN"", ""AFW"", ""AFZ"", ""ANZ"", ""ASC"", ""ASE"", ""ASO"", ""BRA"", ""CAN"", ""CHL"", ""CHN"", ""ENE"", ""ENW"", ""EUE"", ""EUM"", ""EUW"", ""IDN"", ""IND"", ""JPN"", ""LAM"", ""MDA"", ""MEA"", ""MEX"", ""NIG"", ""RUS"", ""SKT"", ""USA""]",Final energy,,,1.0,0.7134197313785697,EJ/yr,,,medce_eu,2.0,future,M–EU,0.0,,,,,,,,
ndc_medce_eu,NDC,"Medium CE, EU",c,Global,Aluminium,Hydrogen,2050,0.43625888752224123,EJ/yr,plotted,"[""Final Energy|Industry|Non-Ferrous Metals|Aluminum|Hydrogen""]",fig06_energy_mix,,,,,,"[""AFE"", ""AFN"", ""AFW"", ""AFZ"", ""ANZ"", ""ASC"", ""ASE"", ""ASO"", ""BRA"", ""CAN"", ""CHL"", ""CHN"", ""ENE"", ""ENW"", ""EUE"", ""EUM"", ""EUW"", ""IDN"", ""IND"", ""JPN"", ""LAM"", ""MDA"", ""MEA"", ""MEX"", ""NIG"", ""RUS"", ""SKT"", ""USA""]",Final energy,,,1.0,0.43625888752224123,EJ/yr,,,medce_eu,2.0,future,M–EU,0.0,,,,,,,,
ndc_medce_eu,NDC,"Medium CE, EU",c,Global,Aluminium,Liquids,2050,0.0,EJ/yr,plotted,"[""Final Energy|Industry|Non-Ferrous Metals|Aluminum|Liquids""]",fig06_energy_mix,,,,,,"[""AFE"", ""AFN"", ""AFW"", ""AFZ"", ""ANZ"", ""ASC"", ""ASE"", ""ASO"", ""BRA"", ""CAN"", ""CHL"", ""CHN"", ""ENE"", ""ENW"", ""EUE"", ""EUM"", ""EUW"", ""IDN"", ""IND"", ""JPN"", ""LAM"", ""MDA"", ""MEA"", ""MEX"", ""NIG"", ""RUS"", ""SKT"", ""USA""]",Final energy,,,1.0,0.0,EJ/yr,,,medce_eu,2.0,future,M–EU,0.0,,,,,,,,
ndc_medce_eu,NDC,"Medium CE, EU",c,Global,Aluminium,Solids,2050,0.0,EJ/yr,plotted,"[""Final Energy|Industry|Non-Ferrous Metals|Aluminum|Solids""]",fig06_energy_mix,,,,,,"[""AFE"", ""AFN"", ""AFW"", ""AFZ"", ""ANZ"", ""ASC"", ""ASE"", ""ASO"", ""BRA"", ""CAN"", ""CHL"", ""CHN"", ""ENE"", ""ENW"", ""EUE"", ""EUM"", ""EUW"", ""IDN"", ""IND"", ""JPN"", ""LAM"", ""MDA"", ""MEA"", ""MEX"", ""NIG"", ""RUS"", ""SKT"", ""USA""]",Final energy,,,1.0,0.0,EJ/yr,,,medce_eu,2.0,future,M–EU,0.0,,,,,,,,
ndc_medce_eu,NDC,"Medium CE, EU",c,Global,Aluminium,Total,2050,5.137766939677653,EJ/yr,context,"[""Final Energy|Industry|Non-Ferrous Metals|Aluminum|Electricity"", ""Final Energy|Industry|Non-Ferrous Metals|Aluminum|Gases"", ""Final Energy|Industry|Non-Ferrous Metals|Aluminum|Hydrogen"", ""Final Energy|Industry|Non-Ferrous Metals|Aluminum|Liquids"", ""Final Energy|Industry|Non-Ferrous Metals|Aluminum|Solids""]",fig06_energy_mix,,,,,,"[""AFE"", ""AFN"", ""AFW"", ""AFZ"", ""ANZ"", ""ASC"", ""ASE"", ""ASO"", ""BRA"", ""CAN"", ""CHL"", ""CHN"", ""ENE"", ""ENW"", ""EUE"", ""EUM"", ""EUW"", ""IDN"", ""IND"", ""JPN"", ""LAM"", ""MDA"", ""MEA"", ""MEX"", ""NIG"", ""RUS"", ""SKT"", ""USA""]",Final energy,,,1.0,5.137766939677653,EJ/yr,,,medce_eu,2.0,future,M–EU,0.0,,,,,,,,
ndc_medce_eu,NDC,"Medium CE, EU",c,Global,Aluminium,Total,2050,-0.9841657958369154,%,context,"[""Final Energy|Industry|Non-Ferrous Metals|Aluminum|Electricity"", ""Final Energy|Industry|Non-Ferrous Metals|Aluminum|Gases"", ""Final Energy|Industry|Non-Ferrous Metals|Aluminum|Hydrogen"", ""Final Energy|Industry|Non-Ferrous Metals|Aluminum|Liquids"", ""Final Energy|Industry|Non-Ferrous Metals|Aluminum|Solids""]",fig06_energy_mix,,,,,,"[""AFE"", ""AFN"", ""AFW"", ""AFZ"", ""ANZ"", ""ASC"", ""ASE"", ""ASO"", ""BRA"", ""CAN"", ""CHL"", ""CHN"", ""ENE"", ""ENW"", ""EUE"", ""EUM"", ""EUW"", ""IDN"", ""IND"", ""JPN"", ""LAM"", ""MDA"", ""MEA"", ""MEX"", ""NIG"", ""RUS"", ""SKT"", ""USA""]",Final energy change from no CE,,,100.0,5.137766939677653,EJ/yr,5.188833665819519,EJ/yr,medce_eu,2.0,future,M–EU,-100.0,ndc_noce,2050.0,,,,,,
ndc_highce_eu,NDC,"High CE, EU",c,Global,Aluminium,Electricity,2050,3.907684109715828,EJ/yr,plotted,"[""Final Energy|Industry|Non-Ferrous Metals|Aluminum|Electricity""]",fig06_energy_mix,,,,,,"[""AFE"", ""AFN"", ""AFW"", ""AFZ"", ""ANZ"", ""ASC"", ""ASE"", ""ASO"", ""BRA"", ""CAN"", ""CHL"", ""CHN"", ""ENE"", ""ENW"", ""EUE"", ""EUM"", ""EUW"", ""IDN"", ""IND"", ""JPN"", ""LAM"", ""MDA"", ""MEA"", ""MEX"", ""NIG"", ""RUS"", ""SKT"", ""USA""]",Final energy,,,1.0,3.907684109715828,EJ/yr,,,highce_eu,3.0,future,H–EU,0.0,,,,,,,,
ndc_highce_eu,NDC,"High CE, EU",c,Global,Aluminium,Gases,2050,0.7078232248043266,EJ/yr,plotted,"[""Final Energy|Industry|Non-Ferrous Metals|Aluminum|Gases""]",fig06_energy_mix,,,,,,"[""AFE"", ""AFN"", ""AFW"", ""AFZ"", ""ANZ"", ""ASC"", ""ASE"", ""ASO"", ""BRA"", ""CAN"", ""CHL"", ""CHN"", ""ENE"", ""ENW"", ""EUE"", ""EUM"", ""EUW"", ""IDN"", ""IND"", ""JPN"", ""LAM"", ""MDA"", ""MEA"", ""MEX"", ""NIG"", ""RUS"", ""SKT"", ""USA""]",Final energy,,,1.0,0.7078232248043266,EJ/yr,,,highce_eu,3.0,future,H–EU,0.0,,,,,,,,
ndc_highce_eu,NDC,"High CE, EU",c,Global,Aluminium,Hydrogen,2050,0.43384339514018333,EJ/yr,plotted,"[""Final Energy|Industry|Non-Ferrous Metals|Aluminum|Hydrogen""]",fig06_energy_mix,,,,,,"[""AFE"", ""AFN"", ""AFW"", ""AFZ"", ""ANZ"", ""ASC"", ""ASE"", ""ASO"", ""BRA"", ""CAN"", ""CHL"", ""CHN"", ""ENE"", ""ENW"", ""EUE"", ""EUM"", ""EUW"", ""IDN"", ""IND"", ""JPN"", ""LAM"", ""MDA"", ""MEA"", ""MEX"", ""NIG"", ""RUS"", ""SKT"", ""USA""]",Final energy,,,1.0,0.43384339514018333,EJ/yr,,,highce_eu,3.0,future,H–EU,0.0,,,,,,,,
ndc_highce_eu,NDC,"High CE, EU",c,Global,Aluminium,Liquids,2050,0.0,EJ/yr,plotted,"[""Final Energy|Industry|Non-Ferrous Metals|Aluminum|Liquids""]",fig06_energy_mix,,,,,,"[""AFE"", ""AFN"", ""AFW"", ""AFZ"", ""ANZ"", ""ASC"", ""ASE"", ""ASO"", ""BRA"", ""CAN"", ""CHL"", ""CHN"", ""ENE"", ""ENW"", ""EUE"", ""EUM"", ""EUW"", ""IDN"", ""IND"", ""JPN"", ""LAM"", ""MDA"", ""MEA"", ""MEX"", ""NIG"", ""RUS"", ""SKT"", ""USA""]",Final energy,,,1.0,0.0,EJ/yr,,,highce_eu,3.0,future,H–EU,0.0,,,,,,,,
ndc_highce_eu,NDC,"High CE, EU",c,Global,Aluminium,Solids,2050,0.0,EJ/yr,plotted,"[""Final Energy|Industry|Non-Ferrous Metals|Aluminum|Solids""]",fig06_energy_mix,,,,,,"[""AFE"", ""AFN"", ""AFW"", ""AFZ"", ""ANZ"", ""ASC"", ""ASE"", ""ASO"", ""BRA"", ""CAN"", ""CHL"", ""CHN"", ""ENE"", ""ENW"", ""EUE"", ""EUM"", ""EUW"", ""IDN"", ""IND"", ""JPN"", ""LAM"", ""MDA"", ""MEA"", ""MEX"", ""NIG"", ""RUS"", ""SKT"", ""USA""]",Final energy,,,1.0,0.0,EJ/yr,,,highce_eu,3.0,future,H–EU,0.0,,,,,,,,
ndc_highce_eu,NDC,"High CE, EU",c,Global,Aluminium,Total,2050,5.049350729660338,EJ/yr,context,"[""Final Energy|Industry|Non-Ferrous Metals|Aluminum|Electricity"", ""Final Energy|Industry|Non-Ferrous Metals|Aluminum|Gases"", ""Final Energy|Industry|Non-Ferrous Metals|Aluminum|Hydrogen"", ""Final Energy|Industry|Non-Ferrous Metals|Aluminum|Liquids"", ""Final Energy|Industry|Non-Ferrous Metals|Aluminum|Solids""]",fig06_energy_mix,,,,,,"[""AFE"", ""AFN"", ""AFW"", ""AFZ"", ""ANZ"", ""ASC"", ""ASE"", ""ASO"", ""BRA"", ""CAN"", ""CHL"", ""CHN"", ""ENE"", ""ENW"", ""EUE"", ""EUM"", ""EUW"", ""IDN"", ""IND"", ""JPN"", ""LAM"", ""MDA"", ""MEA"", ""MEX"", ""NIG"", ""RUS"", ""SKT"", ""USA""]",Final energy,,,1.0,5.049350729660338,EJ/yr,,,highce_eu,3.0,future,H–EU,0.0,,,,,,,,
ndc_highce_eu,NDC,"High CE, EU",c,Global,Aluminium,Total,2050,-2.688136586030879,%,context,"[""Final Energy|Industry|Non-Ferrous Metals|Aluminum|Electricity"", ""Final Energy|Industry|Non-Ferrous Metals|Aluminum|Gases"", ""Final Energy|Industry|Non-Ferrous Metals|Aluminum|Hydrogen"", ""Final Energy|Industry|Non-Ferrous Metals|Aluminum|Liquids"", ""Final Energy|Industry|Non-Ferrous Metals|Aluminum|Solids""]",fig06_energy_mix,,,,,,"[""AFE"", ""AFN"", ""AFW"", ""AFZ"", ""ANZ"", ""ASC"", ""ASE"", ""ASO"", ""BRA"", ""CAN"", ""CHL"", ""CHN"", ""ENE"", ""ENW"", ""EUE"", ""EUM"", ""EUW"", ""IDN"", ""IND"", ""JPN"", ""LAM"", ""MDA"", ""MEA"", ""MEX"", ""NIG"", ""RUS"", ""SKT"", ""USA""]",Final energy change from no CE,,,100.0,5.049350729660338,EJ/yr,5.188833665819519,EJ/yr,highce_eu,3.0,future,H–EU,-100.0,ndc_noce,2050.0,,,,,,
ndc_medce_gbl,NDC,"Medium CE, EU + partners",c,Global,Aluminium,Electricity,2050,3.218666225987647,EJ/yr,plotted,"[""Final Energy|Industry|Non-Ferrous Metals|Aluminum|Electricity""]",fig06_energy_mix,,,,,,"[""AFE"", ""AFN"", ""AFW"", ""AFZ"", ""ANZ"", ""ASC"", ""ASE"", ""ASO"", ""BRA"", ""CAN"", ""CHL"", ""CHN"", ""ENE"", ""ENW"", ""EUE"", ""EUM"", ""EUW"", ""IDN"", ""IND"", ""JPN"", ""LAM"", ""MDA"", ""MEA"", ""MEX"", ""NIG"", ""RUS"", ""SKT"", ""USA""]",Final energy,,,1.0,3.218666225987647,EJ/yr,,,medce_gbl,4.0,future,M–EU+,0.0,,,,,,,,
ndc_medce_gbl,NDC,"Medium CE, EU + partners",c,Global,Aluminium,Gases,2050,0.6162573714347032,EJ/yr,plotted,"[""Final Energy|Industry|Non-Ferrous Metals|Aluminum|Gases""]",fig06_energy_mix,,,,,,"[""AFE"", ""AFN"", ""AFW"", ""AFZ"", ""ANZ"", ""ASC"", ""ASE"", ""ASO"", ""BRA"", ""CAN"", ""CHL"", ""CHN"", ""ENE"", ""ENW"", ""EUE"", ""EUM"", ""EUW"", ""IDN"", ""IND"", ""JPN"", ""LAM"", ""MDA"", ""MEA"", ""MEX"", ""NIG"", ""RUS"", ""SKT"", ""USA""]",Final energy,,,1.0,0.6162573714347032,EJ/yr,,,medce_gbl,4.0,future,M–EU+,0.0,,,,,,,,
ndc_medce_gbl,NDC,"Medium CE, EU + partners",c,Global,Aluminium,Hydrogen,2050,0.37288139155755917,EJ/yr,plotted,"[""Final Energy|Industry|Non-Ferrous Metals|Aluminum|Hydrogen""]",fig06_energy_mix,,,,,,"[""AFE"", ""AFN"", ""AFW"", ""AFZ"", ""ANZ"", ""ASC"", ""ASE"", ""ASO"", ""BRA"", ""CAN"", ""CHL"", ""CHN"", ""ENE"", ""ENW"", ""EUE"", ""EUM"", ""EUW"", ""IDN"", ""IND"", ""JPN"", ""LAM"", ""MDA"", ""MEA"", ""MEX"", ""NIG"", ""RUS"", ""SKT"", ""USA""]",Final energy,,,1.0,0.37288139155755917,EJ/yr,,,medce_gbl,4.0,future,M–EU+,0.0,,,,,,,,
ndc_medce_gbl,NDC,"Medium CE, EU + partners",c,Global,Aluminium,Liquids,2050,0.0,EJ/yr,plotted,"[""Final Energy|Industry|Non-Ferrous Metals|Aluminum|Liquids""]",fig06_energy_mix,,,,,,"[""AFE"", ""AFN"", ""AFW"", ""AFZ"", ""ANZ"", ""ASC"", ""ASE"", ""ASO"", ""BRA"", ""CAN"", ""CHL"", ""CHN"", ""ENE"", ""ENW"", ""EUE"", ""EUM"", ""EUW"", ""IDN"", ""IND"", ""JPN"", ""LAM"", ""MDA"", ""MEA"", ""MEX"", ""NIG"", ""RUS"", ""SKT"", ""USA""]",Final energy,,,1.0,0.0,EJ/yr,,,medce_gbl,4.0,future,M–EU+,0.0,,,,,,,,
ndc_medce_gbl,NDC,"Medium CE, EU + partners",c,Global,Aluminium,Solids,2050,0.0,EJ/yr,plotted,"[""Final Energy|Industry|Non-Ferrous Metals|Aluminum|Solids""]",fig06_energy_mix,,,,,,"[""AFE"", ""AFN"", ""AFW"", ""AFZ"", ""ANZ"", ""ASC"", ""ASE"", ""ASO"", ""BRA"", ""CAN"", ""CHL"", ""CHN"", ""ENE"", ""ENW"", ""EUE"", ""EUM"", ""EUW"", ""IDN"", ""IND"", ""JPN"", ""LAM"", ""MDA"", ""MEA"", ""MEX"", ""NIG"", ""RUS"", ""SKT"", ""USA""]",Final energy,,,1.0,0.0,EJ/yr,,,medce_gbl,4.0,future,M–EU+,0.0,,,,,,,,
ndc_medce_gbl,NDC,"Medium CE, EU + partners",c,Global,Aluminium,Total,2050,4.207804988979909,EJ/yr,context,"[""Final Energy|Industry|Non-Ferrous Metals|Aluminum|Electricity"", ""Final Energy|Industry|Non-Ferrous Metals|Aluminum|Gases"", ""Final Energy|Industry|Non-Ferrous Metals|Aluminum|Hydrogen"", ""Final Energy|Industry|Non-Ferrous Metals|Aluminum|Liquids"", ""Final Energy|Industry|Non-Ferrous Metals|Aluminum|Solids""]",fig06_energy_mix,,,,,,"[""AFE"", ""AFN"", ""AFW"", ""AFZ"", ""ANZ"", ""ASC"", ""ASE"", ""ASO"", ""BRA"", ""CAN"", ""CHL"", ""CHN"", ""ENE"", ""ENW"", ""EUE"", ""EUM"", ""EUW"", ""IDN"", ""IND"", ""JPN"", ""LAM"", ""MDA"", ""MEA"", ""MEX"", ""NIG"", ""RUS"", ""SKT"", ""USA""]",Final energy,,,1.0,4.207804988979909,EJ/yr,,,medce_gbl,4.0,future,M–EU+,0.0,,,,,,,,
ndc_medce_gbl,NDC,"Medium CE, EU + partners",c,Global,Aluminium,Total,2050,-18.906535457128925,%,context,"[""Final Energy|Industry|Non-Ferrous Metals|Aluminum|Electricity"", ""Final Energy|Industry|Non-Ferrous Metals|Aluminum|Gases"", ""Final Energy|Industry|Non-Ferrous Metals|Aluminum|Hydrogen"", ""Final Energy|Industry|Non-Ferrous Metals|Aluminum|Liquids"", ""Final Energy|Industry|Non-Ferrous Metals|Aluminum|Solids""]",fig06_energy_mix,,,,,,"[""AFE"", ""AFN"", ""AFW"", ""AFZ"", ""ANZ"", ""ASC"", ""ASE"", ""ASO"", ""BRA"", ""CAN"", ""CHL"", ""CHN"", ""ENE"", ""ENW"", ""EUE"", ""EUM"", ""EUW"", ""IDN"", ""IND"", ""JPN"", ""LAM"", ""MDA"", ""MEA"", ""MEX"", ""NIG"", ""RUS"", ""SKT"", ""USA""]",Final energy change from no CE,,,100.0,4.207804988979909,EJ/yr,5.188833665819519,EJ/yr,medce_gbl,4.0,future,M–EU+,-100.0,ndc_noce,2050.0,,,,,,
ndc_highce_gbl,NDC,"High CE, EU + partners",c,Global,Aluminium,Electricity,2050,2.3500187034586397,EJ/yr,plotted,"[""Final Energy|Industry|Non-Ferrous Metals|Aluminum|Electricity""]",fig06_energy_mix,,,,,,"[""AFE"", ""AFN"", ""AFW"", ""AFZ"", ""ANZ"", ""ASC"", ""ASE"", ""ASO"", ""BRA"", ""CAN"", ""CHL"", ""CHN"", ""ENE"", ""ENW"", ""EUE"", ""EUM"", ""EUW"", ""IDN"", ""IND"", ""JPN"", ""LAM"", ""MDA"", ""MEA"", ""MEX"", ""NIG"", ""RUS"", ""SKT"", ""USA""]",Final energy,,,1.0,2.3500187034586397,EJ/yr,,,highce_gbl,5.0,future,H–EU+,0.0,,,,,,,,
ndc_highce_gbl,NDC,"High CE, EU + partners",c,Global,Aluminium,Gases,2050,0.5862978328111157,EJ/yr,plotted,"[""Final Energy|Industry|Non-Ferrous Metals|Aluminum|Gases""]",fig06_energy_mix,,,,,,"[""AFE"", ""AFN"", ""AFW"", ""AFZ"", ""ANZ"", ""ASC"", ""ASE"", ""ASO"", ""BRA"", ""CAN"", ""CHL"", ""CHN"", ""ENE"", ""ENW"", ""EUE"", ""EUM"", ""EUW"", ""IDN"", ""IND"", ""JPN"", ""LAM"", ""MDA"", ""MEA"", ""MEX"", ""NIG"", ""RUS"", ""SKT"", ""USA""]",Final energy,,,1.0,0.5862978328111157,EJ/yr,,,highce_gbl,5.0,future,H–EU+,0.0,,,,,,,,
ndc_highce_gbl,NDC,"High CE, EU + partners",c,Global,Aluminium,Hydrogen,2050,0.29311015111140065,EJ/yr,plotted,"[""Final Energy|Industry|Non-Ferrous Metals|Aluminum|Hydrogen""]",fig06_energy_mix,,,,,,"[""AFE"", ""AFN"", ""AFW"", ""AFZ"", ""ANZ"", ""ASC"", ""ASE"", ""ASO"", ""BRA"", ""CAN"", ""CHL"", ""CHN"", ""ENE"", ""ENW"", ""EUE"", ""EUM"", ""EUW"", ""IDN"", ""IND"", ""JPN"", ""LAM"", ""MDA"", ""MEA"", ""MEX"", ""NIG"", ""RUS"", ""SKT"", ""USA""]",Final energy,,,1.0,0.29311015111140065,EJ/yr,,,highce_gbl,5.0,future,H–EU+,0.0,,,,,,,,
ndc_highce_gbl,NDC,"High CE, EU + partners",c,Global,Aluminium,Liquids,2050,0.0,EJ/yr,plotted,"[""Final Energy|Industry|Non-Ferrous Metals|Aluminum|Liquids""]",fig06_energy_mix,,,,,,"[""AFE"", ""AFN"", ""AFW"", ""AFZ"", ""ANZ"", ""ASC"", ""ASE"", ""ASO"", ""BRA"", ""CAN"", ""CHL"", ""CHN"", ""ENE"", ""ENW"", ""EUE"", ""EUM"", ""EUW"", ""IDN"", ""IND"", ""JPN"", ""LAM"", ""MDA"", ""MEA"", ""MEX"", ""NIG"", ""RUS"", ""SKT"", ""USA""]",Final energy,,,1.0,0.0,EJ/yr,,,highce_gbl,5.0,future,H–EU+,0.0,,,,,,,,
ndc_highce_gbl,NDC,"High CE, EU + partners",c,Global,Aluminium,Solids,2050,0.0,EJ/yr,plotted,"[""Final Energy|Industry|Non-Ferrous Metals|Aluminum|Solids""]",fig06_energy_mix,,,,,,"[""AFE"", ""AFN"", ""AFW"", ""AFZ"", ""ANZ"", ""ASC"", ""ASE"", ""ASO"", ""BRA"", ""CAN"", ""CHL"", ""CHN"", ""ENE"", ""ENW"", ""EUE"", ""EUM"", ""EUW"", ""IDN"", ""IND"", ""JPN"", ""LAM"", ""MDA"", ""MEA"", ""MEX"", ""NIG"", ""RUS"", ""SKT"", ""USA""]",Final energy,,,1.0,0.0,EJ/yr,,,highce_gbl,5.0,future,H–EU+,0.0,,,,,,,,
ndc_highce_gbl,NDC,"High CE, EU + partners",c,Global,Aluminium,Total,2050,3.229426687381156,EJ/yr,context,"[""Final Energy|Industry|Non-Ferrous Metals|Aluminum|Electricity"", ""Final Energy|Industry|Non-Ferrous Metals|Aluminum|Gases"", ""Final Energy|Industry|Non-Ferrous Metals|Aluminum|Hydrogen"", ""Final Energy|Industry|Non-Ferrous Metals|Aluminum|Liquids"", ""Final Energy|Industry|Non-Ferrous Metals|Aluminum|Solids""]",fig06_energy_mix,,,,,,"[""AFE"", ""AFN"", ""AFW"", ""AFZ"", ""ANZ"", ""ASC"", ""ASE"", ""ASO"", ""BRA"", ""CAN"", ""CHL"", ""CHN"", ""ENE"", ""ENW"", ""EUE"", ""EUM"", ""EUW"", ""IDN"", ""IND"", ""JPN"", ""LAM"", ""MDA"", ""MEA"", ""MEX"", ""NIG"", ""RUS"", ""SKT"", ""USA""]",Final energy,,,1.0,3.229426687381156,EJ/yr,,,highce_gbl,5.0,future,H–EU+,0.0,,,,,,,,
ndc_highce_gbl,NDC,"High CE, EU + partners",c,Global,Aluminium,Total,2050,-37.76199247521834,%,context,"[""Final Energy|Industry|Non-Ferrous Metals|Aluminum|Electricity"", ""Final Energy|Industry|Non-Ferrous Metals|Aluminum|Gases"", ""Final Energy|Industry|Non-Ferrous Metals|Aluminum|Hydrogen"", ""Final Energy|Industry|Non-Ferrous Metals|Aluminum|Liquids"", ""Final Energy|Industry|Non-Ferrous Metals|Aluminum|Solids""]",fig06_energy_mix,,,,,,"[""AFE"", ""AFN"", ""AFW"", ""AFZ"", ""ANZ"", ""ASC"", ""ASE"", ""ASO"", ""BRA"", ""CAN"", ""CHL"", ""CHN"", ""ENE"", ""ENW"", ""EUE"", ""EUM"", ""EUW"", ""IDN"", ""IND"", ""JPN"", ""LAM"", ""MDA"", ""MEA"", ""MEX"", ""NIG"", ""RUS"", ""SKT"", ""USA""]",Final energy change from no CE,,,100.0,3.229426687381156,EJ/yr,5.188833665819519,EJ/yr,highce_gbl,5.0,future,H–EU+,-100.0,ndc_noce,2050.0,,,,,,
baseline_noce,NDC+LTT,No CE,d,Global,Cement,Electricity,2019,1.7112106174892014,EJ/yr,plotted,"[""Final Energy|Industry|Non-Metallic Minerals|Cement|Electricity""]",fig06_energy_mix,,,,,,"[""AFE"", ""AFN"", ""AFW"", ""AFZ"", ""ANZ"", ""ASC"", ""ASE"", ""ASO"", ""BRA"", ""CAN"", ""CHL"", ""CHN"", ""ENE"", ""ENW"", ""EUE"", ""EUM"", ""EUW"", ""IDN"", ""IND"", ""JPN"", ""LAM"", ""MDA"", ""MEA"", ""MEX"", ""NIG"", ""RUS"", ""SKT"", ""USA""]",Final energy,,,1.0,1.7112106174892014,EJ/yr,,,noce,0.0,historical,2019,0.0,,,,,,,,
baseline_noce,NDC+LTT,No CE,d,Global,Cement,Gases,2019,1.5175769436631676,EJ/yr,plotted,"[""Final Energy|Industry|Non-Metallic Minerals|Cement|Gases""]",fig06_energy_mix,,,,,,"[""AFE"", ""AFN"", ""AFW"", ""AFZ"", ""ANZ"", ""ASC"", ""ASE"", ""ASO"", ""BRA"", ""CAN"", ""CHL"", ""CHN"", ""ENE"", ""ENW"", ""EUE"", ""EUM"", ""EUW"", ""IDN"", ""IND"", ""JPN"", ""LAM"", ""MDA"", ""MEA"", ""MEX"", ""NIG"", ""RUS"", ""SKT"", ""USA""]",Final energy,,,1.0,1.5175769436631676,EJ/yr,,,noce,0.0,historical,2019,0.0,,,,,,,,
baseline_noce,NDC+LTT,No CE,d,Global,Cement,Liquids,2019,1.3209977760460607,EJ/yr,plotted,"[""Final Energy|Industry|Non-Metallic Minerals|Cement|Liquids""]",fig06_energy_mix,,,,,,"[""AFE"", ""AFN"", ""AFW"", ""AFZ"", ""ANZ"", ""ASC"", ""ASE"", ""ASO"", ""BRA"", ""CAN"", ""CHL"", ""CHN"", ""ENE"", ""ENW"", ""EUE"", ""EUM"", ""EUW"", ""IDN"", ""IND"", ""JPN"", ""LAM"", ""MDA"", ""MEA"", ""MEX"", ""NIG"", ""RUS"", ""SKT"", ""USA""]",Final energy,,,1.0,1.3209977760460607,EJ/yr,,,noce,0.0,historical,2019,0.0,,,,,,,,
baseline_noce,NDC+LTT,No CE,d,Global,Cement,Solids,2019,7.657858569560997,EJ/yr,plotted,"[""Final Energy|Industry|Non-Metallic Minerals|Cement|Solids""]",fig06_energy_mix,,,,,,"[""AFE"", ""AFN"", ""AFW"", ""AFZ"", ""ANZ"", ""ASC"", ""ASE"", ""ASO"", ""BRA"", ""CAN"", ""CHL"", ""CHN"", ""ENE"", ""ENW"", ""EUE"", ""EUM"", ""EUW"", ""IDN"", ""IND"", ""JPN"", ""LAM"", ""MDA"", ""MEA"", ""MEX"", ""NIG"", ""RUS"", ""SKT"", ""USA""]",Final energy,,,1.0,7.657858569560997,EJ/yr,,,noce,0.0,historical,2019,0.0,,,,,,,,
baseline_noce,NDC+LTT,No CE,d,Global,Cement,Total,2019,12.207643906759426,EJ/yr,context,"[""Final Energy|Industry|Non-Metallic Minerals|Cement|Electricity"", ""Final Energy|Industry|Non-Metallic Minerals|Cement|Gases"", ""Final Energy|Industry|Non-Metallic Minerals|Cement|Liquids"", ""Final Energy|Industry|Non-Metallic Minerals|Cement|Solids""]",fig06_energy_mix,,,,,,"[""AFE"", ""AFN"", ""AFW"", ""AFZ"", ""ANZ"", ""ASC"", ""ASE"", ""ASO"", ""BRA"", ""CAN"", ""CHL"", ""CHN"", ""ENE"", ""ENW"", ""EUE"", ""EUM"", ""EUW"", ""IDN"", ""IND"", ""JPN"", ""LAM"", ""MDA"", ""MEA"", ""MEX"", ""NIG"", ""RUS"", ""SKT"", ""USA""]",Final energy,,,1.0,12.207643906759426,EJ/yr,,,noce,0.0,historical,2019,0.0,,,,,,,,
baseline_noce,NDC+LTT,No CE,d,Global,Cement,Electricity,2050,2.189085799409761,EJ/yr,plotted,"[""Final Energy|Industry|Non-Metallic Minerals|Cement|Electricity""]",fig06_energy_mix,,,,,,"[""AFE"", ""AFN"", ""AFW"", ""AFZ"", ""ANZ"", ""ASC"", ""ASE"", ""ASO"", ""BRA"", ""CAN"", ""CHL"", ""CHN"", ""ENE"", ""ENW"", ""EUE"", ""EUM"", ""EUW"", ""IDN"", ""IND"", ""JPN"", ""LAM"", ""MDA"", ""MEA"", ""MEX"", ""NIG"", ""RUS"", ""SKT"", ""USA""]",Final energy,,,1.0,2.189085799409761,EJ/yr,,,noce,1.0,future,No CE,0.0,,,,,,,,
baseline_noce,NDC+LTT,No CE,d,Global,Cement,Gases,2050,1.4045064239806693,EJ/yr,plotted,"[""Final Energy|Industry|Non-Metallic Minerals|Cement|Gases""]",fig06_energy_mix,,,,,,"[""AFE"", ""AFN"", ""AFW"", ""AFZ"", ""ANZ"", ""ASC"", ""ASE"", ""ASO"", ""BRA"", ""CAN"", ""CHL"", ""CHN"", ""ENE"", ""ENW"", ""EUE"", ""EUM"", ""EUW"", ""IDN"", ""IND"", ""JPN"", ""LAM"", ""MDA"", ""MEA"", ""MEX"", ""NIG"", ""RUS"", ""SKT"", ""USA""]",Final energy,,,1.0,1.4045064239806693,EJ/yr,,,noce,1.0,future,No CE,0.0,,,,,,,,
baseline_noce,NDC+LTT,No CE,d,Global,Cement,Liquids,2050,0.8942463104980527,EJ/yr,plotted,"[""Final Energy|Industry|Non-Metallic Minerals|Cement|Liquids""]",fig06_energy_mix,,,,,,"[""AFE"", ""AFN"", ""AFW"", ""AFZ"", ""ANZ"", ""ASC"", ""ASE"", ""ASO"", ""BRA"", ""CAN"", ""CHL"", ""CHN"", ""ENE"", ""ENW"", ""EUE"", ""EUM"", ""EUW"", ""IDN"", ""IND"", ""JPN"", ""LAM"", ""MDA"", ""MEA"", ""MEX"", ""NIG"", ""RUS"", ""SKT"", ""USA""]",Final energy,,,1.0,0.8942463104980527,EJ/yr,,,noce,1.0,future,No CE,0.0,,,,,,,,
baseline_noce,NDC+LTT,No CE,d,Global,Cement,Solids,2050,5.706391063400986,EJ/yr,plotted,"[""Final Energy|Industry|Non-Metallic Minerals|Cement|Solids""]",fig06_energy_mix,,,,,,"[""AFE"", ""AFN"", ""AFW"", ""AFZ"", ""ANZ"", ""ASC"", ""ASE"", ""ASO"", ""BRA"", ""CAN"", ""CHL"", ""CHN"", ""ENE"", ""ENW"", ""EUE"", ""EUM"", ""EUW"", ""IDN"", ""IND"", ""JPN"", ""LAM"", ""MDA"", ""MEA"", ""MEX"", ""NIG"", ""RUS"", ""SKT"", ""USA""]",Final energy,,,1.0,5.706391063400986,EJ/yr,,,noce,1.0,future,No CE,0.0,,,,,,,,
baseline_noce,NDC+LTT,No CE,d,Global,Cement,Total,2050,10.194229597289468,EJ/yr,context,"[""Final Energy|Industry|Non-Metallic Minerals|Cement|Electricity"", ""Final Energy|Industry|Non-Metallic Minerals|Cement|Gases"", ""Final Energy|Industry|Non-Metallic Minerals|Cement|Liquids"", ""Final Energy|Industry|Non-Metallic Minerals|Cement|Solids""]",fig06_energy_mix,,,,,,"[""AFE"", ""AFN"", ""AFW"", ""AFZ"", ""ANZ"", ""ASC"", ""ASE"", ""ASO"", ""BRA"", ""CAN"", ""CHL"", ""CHN"", ""ENE"", ""ENW"", ""EUE"", ""EUM"", ""EUW"", ""IDN"", ""IND"", ""JPN"", ""LAM"", ""MDA"", ""MEA"", ""MEX"", ""NIG"", ""RUS"", ""SKT"", ""USA""]",Final energy,,,1.0,10.194229597289468,EJ/yr,,,noce,1.0,future,No CE,0.0,,,,,,,,
baseline_noce,NDC+LTT,No CE,d,Global,Cement,Total,2050,0.0,%,context,"[""Final Energy|Industry|Non-Metallic Minerals|Cement|Electricity"", ""Final Energy|Industry|Non-Metallic Minerals|Cement|Gases"", ""Final Energy|Industry|Non-Metallic Minerals|Cement|Liquids"", ""Final Energy|Industry|Non-Metallic Minerals|Cement|Solids""]",fig06_energy_mix,,,,,,"[""AFE"", ""AFN"", ""AFW"", ""AFZ"", ""ANZ"", ""ASC"", ""ASE"", ""ASO"", ""BRA"", ""CAN"", ""CHL"", ""CHN"", ""ENE"", ""ENW"", ""EUE"", ""EUM"", ""EUW"", ""IDN"", ""IND"", ""JPN"", ""LAM"", ""MDA"", ""MEA"", ""MEX"", ""NIG"", ""RUS"", ""SKT"", ""USA""]",Final energy change from no CE,,,100.0,10.194229597289468,EJ/yr,10.194229597289468,EJ/yr,noce,1.0,future,No CE,-100.0,baseline_noce,2050.0,,,,,,
baseline_medce_eu,NDC+LTT,"Medium CE, EU",d,Global,Cement,Electricity,2050,2.211581034864539,EJ/yr,plotted,"[""Final Energy|Industry|Non-Metallic Minerals|Cement|Electricity""]",fig06_energy_mix,,,,,,"[""AFE"", ""AFN"", ""AFW"", ""AFZ"", ""ANZ"", ""ASC"", ""ASE"", ""ASO"", ""BRA"", ""CAN"", ""CHL"", ""CHN"", ""ENE"", ""ENW"", ""EUE"", ""EUM"", ""EUW"", ""IDN"", ""IND"", ""JPN"", ""LAM"", ""MDA"", ""MEA"", ""MEX"", ""NIG"", ""RUS"", ""SKT"", ""USA""]",Final energy,,,1.0,2.211581034864539,EJ/yr,,,medce_eu,2.0,future,M–EU,0.0,,,,,,,,
baseline_medce_eu,NDC+LTT,"Medium CE, EU",d,Global,Cement,Gases,2050,1.4291762724613584,EJ/yr,plotted,"[""Final Energy|Industry|Non-Metallic Minerals|Cement|Gases""]",fig06_energy_mix,,,,,,"[""AFE"", ""AFN"", ""AFW"", ""AFZ"", ""ANZ"", ""ASC"", ""ASE"", ""ASO"", ""BRA"", ""CAN"", ""CHL"", ""CHN"", ""ENE"", ""ENW"", ""EUE"", ""EUM"", ""EUW"", ""IDN"", ""IND"", ""JPN"", ""LAM"", ""MDA"", ""MEA"", ""MEX"", ""NIG"", ""RUS"", ""SKT"", ""USA""]",Final energy,,,1.0,1.4291762724613584,EJ/yr,,,medce_eu,2.0,future,M–EU,0.0,,,,,,,,
baseline_medce_eu,NDC+LTT,"Medium CE, EU",d,Global,Cement,Liquids,2050,0.8997331616426586,EJ/yr,plotted,"[""Final Energy|Industry|Non-Metallic Minerals|Cement|Liquids""]",fig06_energy_mix,,,,,,"[""AFE"", ""AFN"", ""AFW"", ""AFZ"", ""ANZ"", ""ASC"", ""ASE"", ""ASO"", ""BRA"", ""CAN"", ""CHL"", ""CHN"", ""ENE"", ""ENW"", ""EUE"", ""EUM"", ""EUW"", ""IDN"", ""IND"", ""JPN"", ""LAM"", ""MDA"", ""MEA"", ""MEX"", ""NIG"", ""RUS"", ""SKT"", ""USA""]",Final energy,,,1.0,0.8997331616426586,EJ/yr,,,medce_eu,2.0,future,M–EU,0.0,,,,,,,,
baseline_medce_eu,NDC+LTT,"Medium CE, EU",d,Global,Cement,Solids,2050,5.725152627531196,EJ/yr,plotted,"[""Final Energy|Industry|Non-Metallic Minerals|Cement|Solids""]",fig06_energy_mix,,,,,,"[""AFE"", ""AFN"", ""AFW"", ""AFZ"", ""ANZ"", ""ASC"", ""ASE"", ""ASO"", ""BRA"", ""CAN"", ""CHL"", ""CHN"", ""ENE"", ""ENW"", ""EUE"", ""EUM"", ""EUW"", ""IDN"", ""IND"", ""JPN"", ""LAM"", ""MDA"", ""MEA"", ""MEX"", ""NIG"", ""RUS"", ""SKT"", ""USA""]",Final energy,,,1.0,5.725152627531196,EJ/yr,,,medce_eu,2.0,future,M–EU,0.0,,,,,,,,
baseline_medce_eu,NDC+LTT,"Medium CE, EU",d,Global,Cement,Total,2050,10.265643096499751,EJ/yr,context,"[""Final Energy|Industry|Non-Metallic Minerals|Cement|Electricity"", ""Final Energy|Industry|Non-Metallic Minerals|Cement|Gases"", ""Final Energy|Industry|Non-Metallic Minerals|Cement|Liquids"", ""Final Energy|Industry|Non-Metallic Minerals|Cement|Solids""]",fig06_energy_mix,,,,,,"[""AFE"", ""AFN"", ""AFW"", ""AFZ"", ""ANZ"", ""ASC"", ""ASE"", ""ASO"", ""BRA"", ""CAN"", ""CHL"", ""CHN"", ""ENE"", ""ENW"", ""EUE"", ""EUM"", ""EUW"", ""IDN"", ""IND"", ""JPN"", ""LAM"", ""MDA"", ""MEA"", ""MEX"", ""NIG"", ""RUS"", ""SKT"", ""USA""]",Final energy,,,1.0,10.265643096499751,EJ/yr,,,medce_eu,2.0,future,M–EU,0.0,,,,,,,,
baseline_medce_eu,NDC+LTT,"Medium CE, EU",d,Global,Cement,Total,2050,0.7005286523002212,%,context,"[""Final Energy|Industry|Non-Metallic Minerals|Cement|Electricity"", ""Final Energy|Industry|Non-Metallic Minerals|Cement|Gases"", ""Final Energy|Industry|Non-Metallic Minerals|Cement|Liquids"", ""Final Energy|Industry|Non-Metallic Minerals|Cement|Solids""]",fig06_energy_mix,,,,,,"[""AFE"", ""AFN"", ""AFW"", ""AFZ"", ""ANZ"", ""ASC"", ""ASE"", ""ASO"", ""BRA"", ""CAN"", ""CHL"", ""CHN"", ""ENE"", ""ENW"", ""EUE"", ""EUM"", ""EUW"", ""IDN"", ""IND"", ""JPN"", ""LAM"", ""MDA"", ""MEA"", ""MEX"", ""NIG"", ""RUS"", ""SKT"", ""USA""]",Final energy change from no CE,,,100.0,10.265643096499751,EJ/yr,10.194229597289468,EJ/yr,medce_eu,2.0,future,M–EU,-100.0,baseline_noce,2050.0,,,,,,
baseline_highce_eu,NDC+LTT,"High CE, EU",d,Global,Cement,Electricity,2050,2.204220003940835,EJ/yr,plotted,"[""Final Energy|Industry|Non-Metallic Minerals|Cement|Electricity""]",fig06_energy_mix,,,,,,"[""AFE"", ""AFN"", ""AFW"", ""AFZ"", ""ANZ"", ""ASC"", ""ASE"", ""ASO"", ""BRA"", ""CAN"", ""CHL"", ""CHN"", ""ENE"", ""ENW"", ""EUE"", ""EUM"", ""EUW"", ""IDN"", ""IND"", ""JPN"", ""LAM"", ""MDA"", ""MEA"", ""MEX"", ""NIG"", ""RUS"", ""SKT"", ""USA""]",Final energy,,,1.0,2.204220003940835,EJ/yr,,,highce_eu,3.0,future,H–EU,0.0,,,,,,,,
baseline_highce_eu,NDC+LTT,"High CE, EU",d,Global,Cement,Gases,2050,1.4289537880967662,EJ/yr,plotted,"[""Final Energy|Industry|Non-Metallic Minerals|Cement|Gases""]",fig06_energy_mix,,,,,,"[""AFE"", ""AFN"", ""AFW"", ""AFZ"", ""ANZ"", ""ASC"", ""ASE"", ""ASO"", ""BRA"", ""CAN"", ""CHL"", ""CHN"", ""ENE"", ""ENW"", ""EUE"", ""EUM"", ""EUW"", ""IDN"", ""IND"", ""JPN"", ""LAM"", ""MDA"", ""MEA"", ""MEX"", ""NIG"", ""RUS"", ""SKT"", ""USA""]",Final energy,,,1.0,1.4289537880967662,EJ/yr,,,highce_eu,3.0,future,H–EU,0.0,,,,,,,,
baseline_highce_eu,NDC+LTT,"High CE, EU",d,Global,Cement,Liquids,2050,0.8957705077484214,EJ/yr,plotted,"[""Final Energy|Industry|Non-Metallic Minerals|Cement|Liquids""]",fig06_energy_mix,,,,,,"[""AFE"", ""AFN"", ""AFW"", ""AFZ"", ""ANZ"", ""ASC"", ""ASE"", ""ASO"", ""BRA"", ""CAN"", ""CHL"", ""CHN"", ""ENE"", ""ENW"", ""EUE"", ""EUM"", ""EUW"", ""IDN"", ""IND"", ""JPN"", ""LAM"", ""MDA"", ""MEA"", ""MEX"", ""NIG"", ""RUS"", ""SKT"", ""USA""]",Final energy,,,1.0,0.8957705077484214,EJ/yr,,,highce_eu,3.0,future,H–EU,0.0,,,,,,,,
baseline_highce_eu,NDC+LTT,"High CE, EU",d,Global,Cement,Solids,2050,5.693730077809877,EJ/yr,plotted,"[""Final Energy|Industry|Non-Metallic Minerals|Cement|Solids""]",fig06_energy_mix,,,,,,"[""AFE"", ""AFN"", ""AFW"", ""AFZ"", ""ANZ"", ""ASC"", ""ASE"", ""ASO"", ""BRA"", ""CAN"", ""CHL"", ""CHN"", ""ENE"", ""ENW"", ""EUE"", ""EUM"", ""EUW"", ""IDN"", ""IND"", ""JPN"", ""LAM"", ""MDA"", ""MEA"", ""MEX"", ""NIG"", ""RUS"", ""SKT"", ""USA""]",Final energy,,,1.0,5.693730077809877,EJ/yr,,,highce_eu,3.0,future,H–EU,0.0,,,,,,,,
baseline_highce_eu,NDC+LTT,"High CE, EU",d,Global,Cement,Total,2050,10.2226743775959,EJ/yr,context,"[""Final Energy|Industry|Non-Metallic Minerals|Cement|Electricity"", ""Final Energy|Industry|Non-Metallic Minerals|Cement|Gases"", ""Final Energy|Industry|Non-Metallic Minerals|Cement|Liquids"", ""Final Energy|Industry|Non-Metallic Minerals|Cement|Solids""]",fig06_energy_mix,,,,,,"[""AFE"", ""AFN"", ""AFW"", ""AFZ"", ""ANZ"", ""ASC"", ""ASE"", ""ASO"", ""BRA"", ""CAN"", ""CHL"", ""CHN"", ""ENE"", ""ENW"", ""EUE"", ""EUM"", ""EUW"", ""IDN"", ""IND"", ""JPN"", ""LAM"", ""MDA"", ""MEA"", ""MEX"", ""NIG"", ""RUS"", ""SKT"", ""USA""]",Final energy,,,1.0,10.2226743775959,EJ/yr,,,highce_eu,3.0,future,H–EU,0.0,,,,,,,,
baseline_highce_eu,NDC+LTT,"High CE, EU",d,Global,Cement,Total,2050,0.2790282486279949,%,context,"[""Final Energy|Industry|Non-Metallic Minerals|Cement|Electricity"", ""Final Energy|Industry|Non-Metallic Minerals|Cement|Gases"", ""Final Energy|Industry|Non-Metallic Minerals|Cement|Liquids"", ""Final Energy|Industry|Non-Metallic Minerals|Cement|Solids""]",fig06_energy_mix,,,,,,"[""AFE"", ""AFN"", ""AFW"", ""AFZ"", ""ANZ"", ""ASC"", ""ASE"", ""ASO"", ""BRA"", ""CAN"", ""CHL"", ""CHN"", ""ENE"", ""ENW"", ""EUE"", ""EUM"", ""EUW"", ""IDN"", ""IND"", ""JPN"", ""LAM"", ""MDA"", ""MEA"", ""MEX"", ""NIG"", ""RUS"", ""SKT"", ""USA""]",Final energy change from no CE,,,100.0,10.2226743775959,EJ/yr,10.194229597289468,EJ/yr,highce_eu,3.0,future,H–EU,-100.0,baseline_noce,2050.0,,,,,,
baseline_medce_gbl,NDC+LTT,"Medium CE, EU + partners",d,Global,Cement,Electricity,2050,2.0001411195551295,EJ/yr,plotted,"[""Final Energy|Industry|Non-Metallic Minerals|Cement|Electricity""]",fig06_energy_mix,,,,,,"[""AFE"", ""AFN"", ""AFW"", ""AFZ"", ""ANZ"", ""ASC"", ""ASE"", ""ASO"", ""BRA"", ""CAN"", ""CHL"", ""CHN"", ""ENE"", ""ENW"", ""EUE"", ""EUM"", ""EUW"", ""IDN"", ""IND"", ""JPN"", ""LAM"", ""MDA"", ""MEA"", ""MEX"", ""NIG"", ""RUS"", ""SKT"", ""USA""]",Final energy,,,1.0,2.0001411195551295,EJ/yr,,,medce_gbl,4.0,future,M–EU+,0.0,,,,,,,,
baseline_medce_gbl,NDC+LTT,"Medium CE, EU + partners",d,Global,Cement,Gases,2050,1.2112376856636213,EJ/yr,plotted,"[""Final Energy|Industry|Non-Metallic Minerals|Cement|Gases""]",fig06_energy_mix,,,,,,"[""AFE"", ""AFN"", ""AFW"", ""AFZ"", ""ANZ"", ""ASC"", ""ASE"", ""ASO"", ""BRA"", ""CAN"", ""CHL"", ""CHN"", ""ENE"", ""ENW"", ""EUE"", ""EUM"", ""EUW"", ""IDN"", ""IND"", ""JPN"", ""LAM"", ""MDA"", ""MEA"", ""MEX"", ""NIG"", ""RUS"", ""SKT"", ""USA""]",Final energy,,,1.0,1.2112376856636213,EJ/yr,,,medce_gbl,4.0,future,M–EU+,0.0,,,,,,,,
baseline_medce_gbl,NDC+LTT,"Medium CE, EU + partners",d,Global,Cement,Liquids,2050,0.7800943061429781,EJ/yr,plotted,"[""Final Energy|Industry|Non-Metallic Minerals|Cement|Liquids""]",fig06_energy_mix,,,,,,"[""AFE"", ""AFN"", ""AFW"", ""AFZ"", ""ANZ"", ""ASC"", ""ASE"", ""ASO"", ""BRA"", ""CAN"", ""CHL"", ""CHN"", ""ENE"", ""ENW"", ""EUE"", ""EUM"", ""EUW"", ""IDN"", ""IND"", ""JPN"", ""LAM"", ""MDA"", ""MEA"", ""MEX"", ""NIG"", ""RUS"", ""SKT"", ""USA""]",Final energy,,,1.0,0.7800943061429781,EJ/yr,,,medce_gbl,4.0,future,M–EU+,0.0,,,,,,,,
baseline_medce_gbl,NDC+LTT,"Medium CE, EU + partners",d,Global,Cement,Solids,2050,4.9896907917945486,EJ/yr,plotted,"[""Final Energy|Industry|Non-Metallic Minerals|Cement|Solids""]",fig06_energy_mix,,,,,,"[""AFE"", ""AFN"", ""AFW"", ""AFZ"", ""ANZ"", ""ASC"", ""ASE"", ""ASO"", ""BRA"", ""CAN"", ""CHL"", ""CHN"", ""ENE"", ""ENW"", ""EUE"", ""EUM"", ""EUW"", ""IDN"", ""IND"", ""JPN"", ""LAM"", ""MDA"", ""MEA"", ""MEX"", ""NIG"", ""RUS"", ""SKT"", ""USA""]",Final energy,,,1.0,4.9896907917945486,EJ/yr,,,medce_gbl,4.0,future,M–EU+,0.0,,,,,,,,
baseline_medce_gbl,NDC+LTT,"Medium CE, EU + partners",d,Global,Cement,Total,2050,8.981163903156277,EJ/yr,context,"[""Final Energy|Industry|Non-Metallic Minerals|Cement|Electricity"", ""Final Energy|Industry|Non-Metallic Minerals|Cement|Gases"", ""Final Energy|Industry|Non-Metallic Minerals|Cement|Liquids"", ""Final Energy|Industry|Non-Metallic Minerals|Cement|Solids""]",fig06_energy_mix,,,,,,"[""AFE"", ""AFN"", ""AFW"", ""AFZ"", ""ANZ"", ""ASC"", ""ASE"", ""ASO"", ""BRA"", ""CAN"", ""CHL"", ""CHN"", ""ENE"", ""ENW"", ""EUE"", ""EUM"", ""EUW"", ""IDN"", ""IND"", ""JPN"", ""LAM"", ""MDA"", ""MEA"", ""MEX"", ""NIG"", ""RUS"", ""SKT"", ""USA""]",Final energy,,,1.0,8.981163903156277,EJ/yr,,,medce_gbl,4.0,future,M–EU+,0.0,,,,,,,,
baseline_medce_gbl,NDC+LTT,"Medium CE, EU + partners",d,Global,Cement,Total,2050,-11.899532795060168,%,context,"[""Final Energy|Industry|Non-Metallic Minerals|Cement|Electricity"", ""Final Energy|Industry|Non-Metallic Minerals|Cement|Gases"", ""Final Energy|Industry|Non-Metallic Minerals|Cement|Liquids"", ""Final Energy|Industry|Non-Metallic Minerals|Cement|Solids""]",fig06_energy_mix,,,,,,"[""AFE"", ""AFN"", ""AFW"", ""AFZ"", ""ANZ"", ""ASC"", ""ASE"", ""ASO"", ""BRA"", ""CAN"", ""CHL"", ""CHN"", ""ENE"", ""ENW"", ""EUE"", ""EUM"", ""EUW"", ""IDN"", ""IND"", ""JPN"", ""LAM"", ""MDA"", ""MEA"", ""MEX"", ""NIG"", ""RUS"", ""SKT"", ""USA""]",Final energy change from no CE,,,100.0,8.981163903156277,EJ/yr,10.194229597289468,EJ/yr,medce_gbl,4.0,future,M–EU+,-100.0,baseline_noce,2050.0,,,,,,
baseline_highce_gbl,NDC+LTT,"High CE, EU + partners",d,Global,Cement,Electricity,2050,1.8280911345247295,EJ/yr,plotted,"[""Final Energy|Industry|Non-Metallic Minerals|Cement|Electricity""]",fig06_energy_mix,,,,,,"[""AFE"", ""AFN"", ""AFW"", ""AFZ"", ""ANZ"", ""ASC"", ""ASE"", ""ASO"", ""BRA"", ""CAN"", ""CHL"", ""CHN"", ""ENE"", ""ENW"", ""EUE"", ""EUM"", ""EUW"", ""IDN"", ""IND"", ""JPN"", ""LAM"", ""MDA"", ""MEA"", ""MEX"", ""NIG"", ""RUS"", ""SKT"", ""USA""]",Final energy,,,1.0,1.8280911345247295,EJ/yr,,,highce_gbl,5.0,future,H–EU+,0.0,,,,,,,,
baseline_highce_gbl,NDC+LTT,"High CE, EU + partners",d,Global,Cement,Gases,2050,1.063156240319976,EJ/yr,plotted,"[""Final Energy|Industry|Non-Metallic Minerals|Cement|Gases""]",fig06_energy_mix,,,,,,"[""AFE"", ""AFN"", ""AFW"", ""AFZ"", ""ANZ"", ""ASC"", ""ASE"", ""ASO"", ""BRA"", ""CAN"", ""CHL"", ""CHN"", ""ENE"", ""ENW"", ""EUE"", ""EUM"", ""EUW"", ""IDN"", ""IND"", ""JPN"", ""LAM"", ""MDA"", ""MEA"", ""MEX"", ""NIG"", ""RUS"", ""SKT"", ""USA""]",Final energy,,,1.0,1.063156240319976,EJ/yr,,,highce_gbl,5.0,future,H–EU+,0.0,,,,,,,,
baseline_highce_gbl,NDC+LTT,"High CE, EU + partners",d,Global,Cement,Liquids,2050,0.6982177157471451,EJ/yr,plotted,"[""Final Energy|Industry|Non-Metallic Minerals|Cement|Liquids""]",fig06_energy_mix,,,,,,"[""AFE"", ""AFN"", ""AFW"", ""AFZ"", ""ANZ"", ""ASC"", ""ASE"", ""ASO"", ""BRA"", ""CAN"", ""CHL"", ""CHN"", ""ENE"", ""ENW"", ""EUE"", ""EUM"", ""EUW"", ""IDN"", ""IND"", ""JPN"", ""LAM"", ""MDA"", ""MEA"", ""MEX"", ""NIG"", ""RUS"", ""SKT"", ""USA""]",Final energy,,,1.0,0.6982177157471451,EJ/yr,,,highce_gbl,5.0,future,H–EU+,0.0,,,,,,,,
baseline_highce_gbl,NDC+LTT,"High CE, EU + partners",d,Global,Cement,Solids,2050,4.484444971892202,EJ/yr,plotted,"[""Final Energy|Industry|Non-Metallic Minerals|Cement|Solids""]",fig06_energy_mix,,,,,,"[""AFE"", ""AFN"", ""AFW"", ""AFZ"", ""ANZ"", ""ASC"", ""ASE"", ""ASO"", ""BRA"", ""CAN"", ""CHL"", ""CHN"", ""ENE"", ""ENW"", ""EUE"", ""EUM"", ""EUW"", ""IDN"", ""IND"", ""JPN"", ""LAM"", ""MDA"", ""MEA"", ""MEX"", ""NIG"", ""RUS"", ""SKT"", ""USA""]",Final energy,,,1.0,4.484444971892202,EJ/yr,,,highce_gbl,5.0,future,H–EU+,0.0,,,,,,,,
baseline_highce_gbl,NDC+LTT,"High CE, EU + partners",d,Global,Cement,Total,2050,8.073910062484053,EJ/yr,context,"[""Final Energy|Industry|Non-Metallic Minerals|Cement|Electricity"", ""Final Energy|Industry|Non-Metallic Minerals|Cement|Gases"", ""Final Energy|Industry|Non-Metallic Minerals|Cement|Liquids"", ""Final Energy|Industry|Non-Metallic Minerals|Cement|Solids""]",fig06_energy_mix,,,,,,"[""AFE"", ""AFN"", ""AFW"", ""AFZ"", ""ANZ"", ""ASC"", ""ASE"", ""ASO"", ""BRA"", ""CAN"", ""CHL"", ""CHN"", ""ENE"", ""ENW"", ""EUE"", ""EUM"", ""EUW"", ""IDN"", ""IND"", ""JPN"", ""LAM"", ""MDA"", ""MEA"", ""MEX"", ""NIG"", ""RUS"", ""SKT"", ""USA""]",Final energy,,,1.0,8.073910062484053,EJ/yr,,,highce_gbl,5.0,future,H–EU+,0.0,,,,,,,,
baseline_highce_gbl,NDC+LTT,"High CE, EU + partners",d,Global,Cement,Total,2050,-20.799213070197908,%,context,"[""Final Energy|Industry|Non-Metallic Minerals|Cement|Electricity"", ""Final Energy|Industry|Non-Metallic Minerals|Cement|Gases"", ""Final Energy|Industry|Non-Metallic Minerals|Cement|Liquids"", ""Final Energy|Industry|Non-Metallic Minerals|Cement|Solids""]",fig06_energy_mix,,,,,,"[""AFE"", ""AFN"", ""AFW"", ""AFZ"", ""ANZ"", ""ASC"", ""ASE"", ""ASO"", ""BRA"", ""CAN"", ""CHL"", ""CHN"", ""ENE"", ""ENW"", ""EUE"", ""EUM"", ""EUW"", ""IDN"", ""IND"", ""JPN"", ""LAM"", ""MDA"", ""MEA"", ""MEX"", ""NIG"", ""RUS"", ""SKT"", ""USA""]",Final energy change from no CE,,,100.0,8.073910062484053,EJ/yr,10.194229597289468,EJ/yr,highce_gbl,5.0,future,H–EU+,-100.0,baseline_noce,2050.0,,,,,,
baseline_noce,NDC+LTT,No CE,e,Global,Iron and steel,Electricity,2019,4.450102658833501,EJ/yr,plotted,"[""Final Energy|Industry|Iron and Steel|Electricity""]",fig06_energy_mix,,,,,,"[""AFE"", ""AFN"", ""AFW"", ""AFZ"", ""ANZ"", ""ASC"", ""ASE"", ""ASO"", ""BRA"", ""CAN"", ""CHL"", ""CHN"", ""ENE"", ""ENW"", ""EUE"", ""EUM"", ""EUW"", ""IDN"", ""IND"", ""JPN"", ""LAM"", ""MDA"", ""MEA"", ""MEX"", ""NIG"", ""RUS"", ""SKT"", ""USA""]",Final energy,,,1.0,4.450102658833501,EJ/yr,,,noce,0.0,historical,2019,0.0,,,,,,,,
baseline_noce,NDC+LTT,No CE,e,Global,Iron and steel,Gases,2019,2.5956495325091713,EJ/yr,plotted,"[""Final Energy|Industry|Iron and Steel|Gases""]",fig06_energy_mix,,,,,,"[""AFE"", ""AFN"", ""AFW"", ""AFZ"", ""ANZ"", ""ASC"", ""ASE"", ""ASO"", ""BRA"", ""CAN"", ""CHL"", ""CHN"", ""ENE"", ""ENW"", ""EUE"", ""EUM"", ""EUW"", ""IDN"", ""IND"", ""JPN"", ""LAM"", ""MDA"", ""MEA"", ""MEX"", ""NIG"", ""RUS"", ""SKT"", ""USA""]",Final energy,,,1.0,2.5956495325091713,EJ/yr,,,noce,0.0,historical,2019,0.0,,,,,,,,
baseline_noce,NDC+LTT,No CE,e,Global,Iron and steel,Hydrogen,2019,0.0,EJ/yr,plotted,"[""Final Energy|Industry|Iron and Steel|Hydrogen""]",fig06_energy_mix,,,,,,"[""AFE"", ""AFN"", ""AFW"", ""AFZ"", ""ANZ"", ""ASC"", ""ASE"", ""ASO"", ""BRA"", ""CAN"", ""CHL"", ""CHN"", ""ENE"", ""ENW"", ""EUE"", ""EUM"", ""EUW"", ""IDN"", ""IND"", ""JPN"", ""LAM"", ""MDA"", ""MEA"", ""MEX"", ""NIG"", ""RUS"", ""SKT"", ""USA""]",Final energy,,,1.0,0.0,EJ/yr,,,noce,0.0,historical,2019,0.0,,,,,,,,
baseline_noce,NDC+LTT,No CE,e,Global,Iron and steel,Liquids,2019,0.2912064779786795,EJ/yr,plotted,"[""Final Energy|Industry|Iron and Steel|Liquids""]",fig06_energy_mix,,,,,,"[""AFE"", ""AFN"", ""AFW"", ""AFZ"", ""ANZ"", ""ASC"", ""ASE"", ""ASO"", ""BRA"", ""CAN"", ""CHL"", ""CHN"", ""ENE"", ""ENW"", ""EUE"", ""EUM"", ""EUW"", ""IDN"", ""IND"", ""JPN"", ""LAM"", ""MDA"", ""MEA"", ""MEX"", ""NIG"", ""RUS"", ""SKT"", ""USA""]",Final energy,,,1.0,0.2912064779786795,EJ/yr,,,noce,0.0,historical,2019,0.0,,,,,,,,
baseline_noce,NDC+LTT,No CE,e,Global,Iron and steel,Solids,2019,22.90554446435401,EJ/yr,plotted,"[""Final Energy|Industry|Iron and Steel|Solids""]",fig06_energy_mix,,,,,,"[""AFE"", ""AFN"", ""AFW"", ""AFZ"", ""ANZ"", ""ASC"", ""ASE"", ""ASO"", ""BRA"", ""CAN"", ""CHL"", ""CHN"", ""ENE"", ""ENW"", ""EUE"", ""EUM"", ""EUW"", ""IDN"", ""IND"", ""JPN"", ""LAM"", ""MDA"", ""MEA"", ""MEX"", ""NIG"", ""RUS"", ""SKT"", ""USA""]",Final energy,,,1.0,22.90554446435401,EJ/yr,,,noce,0.0,historical,2019,0.0,,,,,,,,
baseline_noce,NDC+LTT,No CE,e,Global,Iron and steel,Total,2019,30.24250313367536,EJ/yr,context,"[""Final Energy|Industry|Iron and Steel|Electricity"", ""Final Energy|Industry|Iron and Steel|Gases"", ""Final Energy|Industry|Iron and Steel|Hydrogen"", ""Final Energy|Industry|Iron and Steel|Liquids"", ""Final Energy|Industry|Iron and Steel|Solids""]",fig06_energy_mix,,,,,,"[""AFE"", ""AFN"", ""AFW"", ""AFZ"", ""ANZ"", ""ASC"", ""ASE"", ""ASO"", ""BRA"", ""CAN"", ""CHL"", ""CHN"", ""ENE"", ""ENW"", ""EUE"", ""EUM"", ""EUW"", ""IDN"", ""IND"", ""JPN"", ""LAM"", ""MDA"", ""MEA"", ""MEX"", ""NIG"", ""RUS"", ""SKT"", ""USA""]",Final energy,,,1.0,30.24250313367536,EJ/yr,,,noce,0.0,historical,2019,0.0,,,,,,,,
baseline_noce,NDC+LTT,No CE,e,Global,Iron and steel,Electricity,2050,8.53883974932105,EJ/yr,plotted,"[""Final Energy|Industry|Iron and Steel|Electricity""]",fig06_energy_mix,,,,,,"[""AFE"", ""AFN"", ""AFW"", ""AFZ"", ""ANZ"", ""ASC"", ""ASE"", ""ASO"", ""BRA"", ""CAN"", ""CHL"", ""CHN"", ""ENE"", ""ENW"", ""EUE"", ""EUM"", ""EUW"", ""IDN"", ""IND"", ""JPN"", ""LAM"", ""MDA"", ""MEA"", ""MEX"", ""NIG"", ""RUS"", ""SKT"", ""USA""]",Final energy,,,1.0,8.53883974932105,EJ/yr,,,noce,1.0,future,No CE,0.0,,,,,,,,
baseline_noce,NDC+LTT,No CE,e,Global,Iron and steel,Gases,2050,4.092643563447301,EJ/yr,plotted,"[""Final Energy|Industry|Iron and Steel|Gases""]",fig06_energy_mix,,,,,,"[""AFE"", ""AFN"", ""AFW"", ""AFZ"", ""ANZ"", ""ASC"", ""ASE"", ""ASO"", ""BRA"", ""CAN"", ""CHL"", ""CHN"", ""ENE"", ""ENW"", ""EUE"", ""EUM"", ""EUW"", ""IDN"", ""IND"", ""JPN"", ""LAM"", ""MDA"", ""MEA"", ""MEX"", ""NIG"", ""RUS"", ""SKT"", ""USA""]",Final energy,,,1.0,4.092643563447301,EJ/yr,,,noce,1.0,future,No CE,0.0,,,,,,,,
baseline_noce,NDC+LTT,No CE,e,Global,Iron and steel,Hydrogen,2050,1.4592124417736076,EJ/yr,plotted,"[""Final Energy|Industry|Iron and Steel|Hydrogen""]",fig06_energy_mix,,,,,,"[""AFE"", ""AFN"", ""AFW"", ""AFZ"", ""ANZ"", ""ASC"", ""ASE"", ""ASO"", ""BRA"", ""CAN"", ""CHL"", ""CHN"", ""ENE"", ""ENW"", ""EUE"", ""EUM"", ""EUW"", ""IDN"", ""IND"", ""JPN"", ""LAM"", ""MDA"", ""MEA"", ""MEX"", ""NIG"", ""RUS"", ""SKT"", ""USA""]",Final energy,,,1.0,1.4592124417736076,EJ/yr,,,noce,1.0,future,No CE,0.0,,,,,,,,
baseline_noce,NDC+LTT,No CE,e,Global,Iron and steel,Liquids,2050,0.0,EJ/yr,plotted,"[""Final Energy|Industry|Iron and Steel|Liquids""]",fig06_energy_mix,,,,,,"[""AFE"", ""AFN"", ""AFW"", ""AFZ"", ""ANZ"", ""ASC"", ""ASE"", ""ASO"", ""BRA"", ""CAN"", ""CHL"", ""CHN"", ""ENE"", ""ENW"", ""EUE"", ""EUM"", ""EUW"", ""IDN"", ""IND"", ""JPN"", ""LAM"", ""MDA"", ""MEA"", ""MEX"", ""NIG"", ""RUS"", ""SKT"", ""USA""]",Final energy,,,1.0,0.0,EJ/yr,,,noce,1.0,future,No CE,0.0,,,,,,,,
baseline_noce,NDC+LTT,No CE,e,Global,Iron and steel,Solids,2050,0.6229008840848583,EJ/yr,plotted,"[""Final Energy|Industry|Iron and Steel|Solids""]",fig06_energy_mix,,,,,,"[""AFE"", ""AFN"", ""AFW"", ""AFZ"", ""ANZ"", ""ASC"", ""ASE"", ""ASO"", ""BRA"", ""CAN"", ""CHL"", ""CHN"", ""ENE"", ""ENW"", ""EUE"", ""EUM"", ""EUW"", ""IDN"", ""IND"", ""JPN"", ""LAM"", ""MDA"", ""MEA"", ""MEX"", ""NIG"", ""RUS"", ""SKT"", ""USA""]",Final energy,,,1.0,0.6229008840848583,EJ/yr,,,noce,1.0,future,No CE,0.0,,,,,,,,
baseline_noce,NDC+LTT,No CE,e,Global,Iron and steel,Total,2050,14.713596638626818,EJ/yr,context,"[""Final Energy|Industry|Iron and Steel|Electricity"", ""Final Energy|Industry|Iron and Steel|Gases"", ""Final Energy|Industry|Iron and Steel|Hydrogen"", ""Final Energy|Industry|Iron and Steel|Liquids"", ""Final Energy|Industry|Iron and Steel|Solids""]",fig06_energy_mix,,,,,,"[""AFE"", ""AFN"", ""AFW"", ""AFZ"", ""ANZ"", ""ASC"", ""ASE"", ""ASO"", ""BRA"", ""CAN"", ""CHL"", ""CHN"", ""ENE"", ""ENW"", ""EUE"", ""EUM"", ""EUW"", ""IDN"", ""IND"", ""JPN"", ""LAM"", ""MDA"", ""MEA"", ""MEX"", ""NIG"", ""RUS"", ""SKT"", ""USA""]",Final energy,,,1.0,14.713596638626818,EJ/yr,,,noce,1.0,future,No CE,0.0,,,,,,,,
baseline_noce,NDC+LTT,No CE,e,Global,Iron and steel,Total,2050,0.0,%,context,"[""Final Energy|Industry|Iron and Steel|Electricity"", ""Final Energy|Industry|Iron and Steel|Gases"", ""Final Energy|Industry|Iron and Steel|Hydrogen"", ""Final Energy|Industry|Iron and Steel|Liquids"", ""Final Energy|Industry|Iron and Steel|Solids""]",fig06_energy_mix,,,,,,"[""AFE"", ""AFN"", ""AFW"", ""AFZ"", ""ANZ"", ""ASC"", ""ASE"", ""ASO"", ""BRA"", ""CAN"", ""CHL"", ""CHN"", ""ENE"", ""ENW"", ""EUE"", ""EUM"", ""EUW"", ""IDN"", ""IND"", ""JPN"", ""LAM"", ""MDA"", ""MEA"", ""MEX"", ""NIG"", ""RUS"", ""SKT"", ""USA""]",Final energy change from no CE,,,100.0,14.713596638626818,EJ/yr,14.713596638626818,EJ/yr,noce,1.0,future,No CE,-100.0,baseline_noce,2050.0,,,,,,
baseline_medce_eu,NDC+LTT,"Medium CE, EU",e,Global,Iron and steel,Electricity,2050,8.065303372976697,EJ/yr,plotted,"[""Final Energy|Industry|Iron and Steel|Electricity""]",fig06_energy_mix,,,,,,"[""AFE"", ""AFN"", ""AFW"", ""AFZ"", ""ANZ"", ""ASC"", ""ASE"", ""ASO"", ""BRA"", ""CAN"", ""CHL"", ""CHN"", ""ENE"", ""ENW"", ""EUE"", ""EUM"", ""EUW"", ""IDN"", ""IND"", ""JPN"", ""LAM"", ""MDA"", ""MEA"", ""MEX"", ""NIG"", ""RUS"", ""SKT"", ""USA""]",Final energy,,,1.0,8.065303372976697,EJ/yr,,,medce_eu,2.0,future,M–EU,0.0,,,,,,,,
baseline_medce_eu,NDC+LTT,"Medium CE, EU",e,Global,Iron and steel,Gases,2050,3.1757704987224784,EJ/yr,plotted,"[""Final Energy|Industry|Iron and Steel|Gases""]",fig06_energy_mix,,,,,,"[""AFE"", ""AFN"", ""AFW"", ""AFZ"", ""ANZ"", ""ASC"", ""ASE"", ""ASO"", ""BRA"", ""CAN"", ""CHL"", ""CHN"", ""ENE"", ""ENW"", ""EUE"", ""EUM"", ""EUW"", ""IDN"", ""IND"", ""JPN"", ""LAM"", ""MDA"", ""MEA"", ""MEX"", ""NIG"", ""RUS"", ""SKT"", ""USA""]",Final energy,,,1.0,3.1757704987224784,EJ/yr,,,medce_eu,2.0,future,M–EU,0.0,,,,,,,,
baseline_medce_eu,NDC+LTT,"Medium CE, EU",e,Global,Iron and steel,Hydrogen,2050,1.4395332409014008,EJ/yr,plotted,"[""Final Energy|Industry|Iron and Steel|Hydrogen""]",fig06_energy_mix,,,,,,"[""AFE"", ""AFN"", ""AFW"", ""AFZ"", ""ANZ"", ""ASC"", ""ASE"", ""ASO"", ""BRA"", ""CAN"", ""CHL"", ""CHN"", ""ENE"", ""ENW"", ""EUE"", ""EUM"", ""EUW"", ""IDN"", ""IND"", ""JPN"", ""LAM"", ""MDA"", ""MEA"", ""MEX"", ""NIG"", ""RUS"", ""SKT"", ""USA""]",Final energy,,,1.0,1.4395332409014008,EJ/yr,,,medce_eu,2.0,future,M–EU,0.0,,,,,,,,
baseline_medce_eu,NDC+LTT,"Medium CE, EU",e,Global,Iron and steel,Liquids,2050,0.0,EJ/yr,plotted,"[""Final Energy|Industry|Iron and Steel|Liquids""]",fig06_energy_mix,,,,,,"[""AFE"", ""AFN"", ""AFW"", ""AFZ"", ""ANZ"", ""ASC"", ""ASE"", ""ASO"", ""BRA"", ""CAN"", ""CHL"", ""CHN"", ""ENE"", ""ENW"", ""EUE"", ""EUM"", ""EUW"", ""IDN"", ""IND"", ""JPN"", ""LAM"", ""MDA"", ""MEA"", ""MEX"", ""NIG"", ""RUS"", ""SKT"", ""USA""]",Final energy,,,1.0,0.0,EJ/yr,,,medce_eu,2.0,future,M–EU,0.0,,,,,,,,
baseline_medce_eu,NDC+LTT,"Medium CE, EU",e,Global,Iron and steel,Solids,2050,1.4919811091548574,EJ/yr,plotted,"[""Final Energy|Industry|Iron and Steel|Solids""]",fig06_energy_mix,,,,,,"[""AFE"", ""AFN"", ""AFW"", ""AFZ"", ""ANZ"", ""ASC"", ""ASE"", ""ASO"", ""BRA"", ""CAN"", ""CHL"", ""CHN"", ""ENE"", ""ENW"", ""EUE"", ""EUM"", ""EUW"", ""IDN"", ""IND"", ""JPN"", ""LAM"", ""MDA"", ""MEA"", ""MEX"", ""NIG"", ""RUS"", ""SKT"", ""USA""]",Final energy,,,1.0,1.4919811091548574,EJ/yr,,,medce_eu,2.0,future,M–EU,0.0,,,,,,,,
baseline_medce_eu,NDC+LTT,"Medium CE, EU",e,Global,Iron and steel,Total,2050,14.172588221755433,EJ/yr,context,"[""Final Energy|Industry|Iron and Steel|Electricity"", ""Final Energy|Industry|Iron and Steel|Gases"", ""Final Energy|Industry|Iron and Steel|Hydrogen"", ""Final Energy|Industry|Iron and Steel|Liquids"", ""Final Energy|Industry|Iron and Steel|Solids""]",fig06_energy_mix,,,,,,"[""AFE"", ""AFN"", ""AFW"", ""AFZ"", ""ANZ"", ""ASC"", ""ASE"", ""ASO"", ""BRA"", ""CAN"", ""CHL"", ""CHN"", ""ENE"", ""ENW"", ""EUE"", ""EUM"", ""EUW"", ""IDN"", ""IND"", ""JPN"", ""LAM"", ""MDA"", ""MEA"", ""MEX"", ""NIG"", ""RUS"", ""SKT"", ""USA""]",Final energy,,,1.0,14.172588221755433,EJ/yr,,,medce_eu,2.0,future,M–EU,0.0,,,,,,,,
baseline_medce_eu,NDC+LTT,"Medium CE, EU",e,Global,Iron and steel,Total,2050,-3.676928423136914,%,context,"[""Final Energy|Industry|Iron and Steel|Electricity"", ""Final Energy|Industry|Iron and Steel|Gases"", ""Final Energy|Industry|Iron and Steel|Hydrogen"", ""Final Energy|Industry|Iron and Steel|Liquids"", ""Final Energy|Industry|Iron and Steel|Solids""]",fig06_energy_mix,,,,,,"[""AFE"", ""AFN"", ""AFW"", ""AFZ"", ""ANZ"", ""ASC"", ""ASE"", ""ASO"", ""BRA"", ""CAN"", ""CHL"", ""CHN"", ""ENE"", ""ENW"", ""EUE"", ""EUM"", ""EUW"", ""IDN"", ""IND"", ""JPN"", ""LAM"", ""MDA"", ""MEA"", ""MEX"", ""NIG"", ""RUS"", ""SKT"", ""USA""]",Final energy change from no CE,,,100.0,14.172588221755433,EJ/yr,14.713596638626818,EJ/yr,medce_eu,2.0,future,M–EU,-100.0,baseline_noce,2050.0,,,,,,
baseline_highce_eu,NDC+LTT,"High CE, EU",e,Global,Iron and steel,Electricity,2050,8.064651893751016,EJ/yr,plotted,"[""Final Energy|Industry|Iron and Steel|Electricity""]",fig06_energy_mix,,,,,,"[""AFE"", ""AFN"", ""AFW"", ""AFZ"", ""ANZ"", ""ASC"", ""ASE"", ""ASO"", ""BRA"", ""CAN"", ""CHL"", ""CHN"", ""ENE"", ""ENW"", ""EUE"", ""EUM"", ""EUW"", ""IDN"", ""IND"", ""JPN"", ""LAM"", ""MDA"", ""MEA"", ""MEX"", ""NIG"", ""RUS"", ""SKT"", ""USA""]",Final energy,,,1.0,8.064651893751016,EJ/yr,,,highce_eu,3.0,future,H–EU,0.0,,,,,,,,
baseline_highce_eu,NDC+LTT,"High CE, EU",e,Global,Iron and steel,Gases,2050,3.1677508642943537,EJ/yr,plotted,"[""Final Energy|Industry|Iron and Steel|Gases""]",fig06_energy_mix,,,,,,"[""AFE"", ""AFN"", ""AFW"", ""AFZ"", ""ANZ"", ""ASC"", ""ASE"", ""ASO"", ""BRA"", ""CAN"", ""CHL"", ""CHN"", ""ENE"", ""ENW"", ""EUE"", ""EUM"", ""EUW"", ""IDN"", ""IND"", ""JPN"", ""LAM"", ""MDA"", ""MEA"", ""MEX"", ""NIG"", ""RUS"", ""SKT"", ""USA""]",Final energy,,,1.0,3.1677508642943537,EJ/yr,,,highce_eu,3.0,future,H–EU,0.0,,,,,,,,
baseline_highce_eu,NDC+LTT,"High CE, EU",e,Global,Iron and steel,Hydrogen,2050,1.4392677286442386,EJ/yr,plotted,"[""Final Energy|Industry|Iron and Steel|Hydrogen""]",fig06_energy_mix,,,,,,"[""AFE"", ""AFN"", ""AFW"", ""AFZ"", ""ANZ"", ""ASC"", ""ASE"", ""ASO"", ""BRA"", ""CAN"", ""CHL"", ""CHN"", ""ENE"", ""ENW"", ""EUE"", ""EUM"", ""EUW"", ""IDN"", ""IND"", ""JPN"", ""LAM"", ""MDA"", ""MEA"", ""MEX"", ""NIG"", ""RUS"", ""SKT"", ""USA""]",Final energy,,,1.0,1.4392677286442386,EJ/yr,,,highce_eu,3.0,future,H–EU,0.0,,,,,,,,
baseline_highce_eu,NDC+LTT,"High CE, EU",e,Global,Iron and steel,Liquids,2050,0.0,EJ/yr,plotted,"[""Final Energy|Industry|Iron and Steel|Liquids""]",fig06_energy_mix,,,,,,"[""AFE"", ""AFN"", ""AFW"", ""AFZ"", ""ANZ"", ""ASC"", ""ASE"", ""ASO"", ""BRA"", ""CAN"", ""CHL"", ""CHN"", ""ENE"", ""ENW"", ""EUE"", ""EUM"", ""EUW"", ""IDN"", ""IND"", ""JPN"", ""LAM"", ""MDA"", ""MEA"", ""MEX"", ""NIG"", ""RUS"", ""SKT"", ""USA""]",Final energy,,,1.0,0.0,EJ/yr,,,highce_eu,3.0,future,H–EU,0.0,,,,,,,,
baseline_highce_eu,NDC+LTT,"High CE, EU",e,Global,Iron and steel,Solids,2050,1.5012110822467362,EJ/yr,plotted,"[""Final Energy|Industry|Iron and Steel|Solids""]",fig06_energy_mix,,,,,,"[""AFE"", ""AFN"", ""AFW"", ""AFZ"", ""ANZ"", ""ASC"", ""ASE"", ""ASO"", ""BRA"", ""CAN"", ""CHL"", ""CHN"", ""ENE"", ""ENW"", ""EUE"", ""EUM"", ""EUW"", ""IDN"", ""IND"", ""JPN"", ""LAM"", ""MDA"", ""MEA"", ""MEX"", ""NIG"", ""RUS"", ""SKT"", ""USA""]",Final energy,,,1.0,1.5012110822467362,EJ/yr,,,highce_eu,3.0,future,H–EU,0.0,,,,,,,,
baseline_highce_eu,NDC+LTT,"High CE, EU",e,Global,Iron and steel,Total,2050,14.172881568936344,EJ/yr,context,"[""Final Energy|Industry|Iron and Steel|Electricity"", ""Final Energy|Industry|Iron and Steel|Gases"", ""Final Energy|Industry|Iron and Steel|Hydrogen"", ""Final Energy|Industry|Iron and Steel|Liquids"", ""Final Energy|Industry|Iron and Steel|Solids""]",fig06_energy_mix,,,,,,"[""AFE"", ""AFN"", ""AFW"", ""AFZ"", ""ANZ"", ""ASC"", ""ASE"", ""ASO"", ""BRA"", ""CAN"", ""CHL"", ""CHN"", ""ENE"", ""ENW"", ""EUE"", ""EUM"", ""EUW"", ""IDN"", ""IND"", ""JPN"", ""LAM"", ""MDA"", ""MEA"", ""MEX"", ""NIG"", ""RUS"", ""SKT"", ""USA""]",Final energy,,,1.0,14.172881568936344,EJ/yr,,,highce_eu,3.0,future,H–EU,0.0,,,,,,,,
baseline_highce_eu,NDC+LTT,"High CE, EU",e,Global,Iron and steel,Total,2050,-3.6749347081526196,%,context,"[""Final Energy|Industry|Iron and Steel|Electricity"", ""Final Energy|Industry|Iron and Steel|Gases"", ""Final Energy|Industry|Iron and Steel|Hydrogen"", ""Final Energy|Industry|Iron and Steel|Liquids"", ""Final Energy|Industry|Iron and Steel|Solids""]",fig06_energy_mix,,,,,,"[""AFE"", ""AFN"", ""AFW"", ""AFZ"", ""ANZ"", ""ASC"", ""ASE"", ""ASO"", ""BRA"", ""CAN"", ""CHL"", ""CHN"", ""ENE"", ""ENW"", ""EUE"", ""EUM"", ""EUW"", ""IDN"", ""IND"", ""JPN"", ""LAM"", ""MDA"", ""MEA"", ""MEX"", ""NIG"", ""RUS"", ""SKT"", ""USA""]",Final energy change from no CE,,,100.0,14.172881568936344,EJ/yr,14.713596638626818,EJ/yr,highce_eu,3.0,future,H–EU,-100.0,baseline_noce,2050.0,,,,,,
baseline_medce_gbl,NDC+LTT,"Medium CE, EU + partners",e,Global,Iron and steel,Electricity,2050,6.76645622362903,EJ/yr,plotted,"[""Final Energy|Industry|Iron and Steel|Electricity""]",fig06_energy_mix,,,,,,"[""AFE"", ""AFN"", ""AFW"", ""AFZ"", ""ANZ"", ""ASC"", ""ASE"", ""ASO"", ""BRA"", ""CAN"", ""CHL"", ""CHN"", ""ENE"", ""ENW"", ""EUE"", ""EUM"", ""EUW"", ""IDN"", ""IND"", ""JPN"", ""LAM"", ""MDA"", ""MEA"", ""MEX"", ""NIG"", ""RUS"", ""SKT"", ""USA""]",Final energy,,,1.0,6.76645622362903,EJ/yr,,,medce_gbl,4.0,future,M–EU+,0.0,,,,,,,,
baseline_medce_gbl,NDC+LTT,"Medium CE, EU + partners",e,Global,Iron and steel,Gases,2050,0.6886396165073077,EJ/yr,plotted,"[""Final Energy|Industry|Iron and Steel|Gases""]",fig06_energy_mix,,,,,,"[""AFE"", ""AFN"", ""AFW"", ""AFZ"", ""ANZ"", ""ASC"", ""ASE"", ""ASO"", ""BRA"", ""CAN"", ""CHL"", ""CHN"", ""ENE"", ""ENW"", ""EUE"", ""EUM"", ""EUW"", ""IDN"", ""IND"", ""JPN"", ""LAM"", ""MDA"", ""MEA"", ""MEX"", ""NIG"", ""RUS"", ""SKT"", ""USA""]",Final energy,,,1.0,0.6886396165073077,EJ/yr,,,medce_gbl,4.0,future,M–EU+,0.0,,,,,,,,
baseline_medce_gbl,NDC+LTT,"Medium CE, EU + partners",e,Global,Iron and steel,Hydrogen,2050,1.426437945865486,EJ/yr,plotted,"[""Final Energy|Industry|Iron and Steel|Hydrogen""]",fig06_energy_mix,,,,,,"[""AFE"", ""AFN"", ""AFW"", ""AFZ"", ""ANZ"", ""ASC"", ""ASE"", ""ASO"", ""BRA"", ""CAN"", ""CHL"", ""CHN"", ""ENE"", ""ENW"", ""EUE"", ""EUM"", ""EUW"", ""IDN"", ""IND"", ""JPN"", ""LAM"", ""MDA"", ""MEA"", ""MEX"", ""NIG"", ""RUS"", ""SKT"", ""USA""]",Final energy,,,1.0,1.426437945865486,EJ/yr,,,medce_gbl,4.0,future,M–EU+,0.0,,,,,,,,
baseline_medce_gbl,NDC+LTT,"Medium CE, EU + partners",e,Global,Iron and steel,Liquids,2050,0.0,EJ/yr,plotted,"[""Final Energy|Industry|Iron and Steel|Liquids""]",fig06_energy_mix,,,,,,"[""AFE"", ""AFN"", ""AFW"", ""AFZ"", ""ANZ"", ""ASC"", ""ASE"", ""ASO"", ""BRA"", ""CAN"", ""CHL"", ""CHN"", ""ENE"", ""ENW"", ""EUE"", ""EUM"", ""EUW"", ""IDN"", ""IND"", ""JPN"", ""LAM"", ""MDA"", ""MEA"", ""MEX"", ""NIG"", ""RUS"", ""SKT"", ""USA""]",Final energy,,,1.0,0.0,EJ/yr,,,medce_gbl,4.0,future,M–EU+,0.0,,,,,,,,
baseline_medce_gbl,NDC+LTT,"Medium CE, EU + partners",e,Global,Iron and steel,Solids,2050,1.4043854716779127,EJ/yr,plotted,"[""Final Energy|Industry|Iron and Steel|Solids""]",fig06_energy_mix,,,,,,"[""AFE"", ""AFN"", ""AFW"", ""AFZ"", ""ANZ"", ""ASC"", ""ASE"", ""ASO"", ""BRA"", ""CAN"", ""CHL"", ""CHN"", ""ENE"", ""ENW"", ""EUE"", ""EUM"", ""EUW"", ""IDN"", ""IND"", ""JPN"", ""LAM"", ""MDA"", ""MEA"", ""MEX"", ""NIG"", ""RUS"", ""SKT"", ""USA""]",Final energy,,,1.0,1.4043854716779127,EJ/yr,,,medce_gbl,4.0,future,M–EU+,0.0,,,,,,,,
baseline_medce_gbl,NDC+LTT,"Medium CE, EU + partners",e,Global,Iron and steel,Total,2050,10.285919257679735,EJ/yr,context,"[""Final Energy|Industry|Iron and Steel|Electricity"", ""Final Energy|Industry|Iron and Steel|Gases"", ""Final Energy|Industry|Iron and Steel|Hydrogen"", ""Final Energy|Industry|Iron and Steel|Liquids"", ""Final Energy|Industry|Iron and Steel|Solids""]",fig06_energy_mix,,,,,,"[""AFE"", ""AFN"", ""AFW"", ""AFZ"", ""ANZ"", ""ASC"", ""ASE"", ""ASO"", ""BRA"", ""CAN"", ""CHL"", ""CHN"", ""ENE"", ""ENW"", ""EUE"", ""EUM"", ""EUW"", ""IDN"", ""IND"", ""JPN"", ""LAM"", ""MDA"", ""MEA"", ""MEX"", ""NIG"", ""RUS"", ""SKT"", ""USA""]",Final energy,,,1.0,10.285919257679735,EJ/yr,,,medce_gbl,4.0,future,M–EU+,0.0,,,,,,,,
baseline_medce_gbl,NDC+LTT,"Medium CE, EU + partners",e,Global,Iron and steel,Total,2050,-30.09242056645307,%,context,"[""Final Energy|Industry|Iron and Steel|Electricity"", ""Final Energy|Industry|Iron and Steel|Gases"", ""Final Energy|Industry|Iron and Steel|Hydrogen"", ""Final Energy|Industry|Iron and Steel|Liquids"", ""Final Energy|Industry|Iron and Steel|Solids""]",fig06_energy_mix,,,,,,"[""AFE"", ""AFN"", ""AFW"", ""AFZ"", ""ANZ"", ""ASC"", ""ASE"", ""ASO"", ""BRA"", ""CAN"", ""CHL"", ""CHN"", ""ENE"", ""ENW"", ""EUE"", ""EUM"", ""EUW"", ""IDN"", ""IND"", ""JPN"", ""LAM"", ""MDA"", ""MEA"", ""MEX"", ""NIG"", ""RUS"", ""SKT"", ""USA""]",Final energy change from no CE,,,100.0,10.285919257679735,EJ/yr,14.713596638626818,EJ/yr,medce_gbl,4.0,future,M–EU+,-100.0,baseline_noce,2050.0,,,,,,
baseline_highce_gbl,NDC+LTT,"High CE, EU + partners",e,Global,Iron and steel,Electricity,2050,5.941673317827841,EJ/yr,plotted,"[""Final Energy|Industry|Iron and Steel|Electricity""]",fig06_energy_mix,,,,,,"[""AFE"", ""AFN"", ""AFW"", ""AFZ"", ""ANZ"", ""ASC"", ""ASE"", ""ASO"", ""BRA"", ""CAN"", ""CHL"", ""CHN"", ""ENE"", ""ENW"", ""EUE"", ""EUM"", ""EUW"", ""IDN"", ""IND"", ""JPN"", ""LAM"", ""MDA"", ""MEA"", ""MEX"", ""NIG"", ""RUS"", ""SKT"", ""USA""]",Final energy,,,1.0,5.941673317827841,EJ/yr,,,highce_gbl,5.0,future,H–EU+,0.0,,,,,,,,
baseline_highce_gbl,NDC+LTT,"High CE, EU + partners",e,Global,Iron and steel,Gases,2050,0.18338821725555085,EJ/yr,plotted,"[""Final Energy|Industry|Iron and Steel|Gases""]",fig06_energy_mix,,,,,,"[""AFE"", ""AFN"", ""AFW"", ""AFZ"", ""ANZ"", ""ASC"", ""ASE"", ""ASO"", ""BRA"", ""CAN"", ""CHL"", ""CHN"", ""ENE"", ""ENW"", ""EUE"", ""EUM"", ""EUW"", ""IDN"", ""IND"", ""JPN"", ""LAM"", ""MDA"", ""MEA"", ""MEX"", ""NIG"", ""RUS"", ""SKT"", ""USA""]",Final energy,,,1.0,0.18338821725555085,EJ/yr,,,highce_gbl,5.0,future,H–EU+,0.0,,,,,,,,
baseline_highce_gbl,NDC+LTT,"High CE, EU + partners",e,Global,Iron and steel,Hydrogen,2050,0.9204594576478771,EJ/yr,plotted,"[""Final Energy|Industry|Iron and Steel|Hydrogen""]",fig06_energy_mix,,,,,,"[""AFE"", ""AFN"", ""AFW"", ""AFZ"", ""ANZ"", ""ASC"", ""ASE"", ""ASO"", ""BRA"", ""CAN"", ""CHL"", ""CHN"", ""ENE"", ""ENW"", ""EUE"", ""EUM"", ""EUW"", ""IDN"", ""IND"", ""JPN"", ""LAM"", ""MDA"", ""MEA"", ""MEX"", ""NIG"", ""RUS"", ""SKT"", ""USA""]",Final energy,,,1.0,0.9204594576478771,EJ/yr,,,highce_gbl,5.0,future,H–EU+,0.0,,,,,,,,
baseline_highce_gbl,NDC+LTT,"High CE, EU + partners",e,Global,Iron and steel,Liquids,2050,0.0,EJ/yr,plotted,"[""Final Energy|Industry|Iron and Steel|Liquids""]",fig06_energy_mix,,,,,,"[""AFE"", ""AFN"", ""AFW"", ""AFZ"", ""ANZ"", ""ASC"", ""ASE"", ""ASO"", ""BRA"", ""CAN"", ""CHL"", ""CHN"", ""ENE"", ""ENW"", ""EUE"", ""EUM"", ""EUW"", ""IDN"", ""IND"", ""JPN"", ""LAM"", ""MDA"", ""MEA"", ""MEX"", ""NIG"", ""RUS"", ""SKT"", ""USA""]",Final energy,,,1.0,0.0,EJ/yr,,,highce_gbl,5.0,future,H–EU+,0.0,,,,,,,,
baseline_highce_gbl,NDC+LTT,"High CE, EU + partners",e,Global,Iron and steel,Solids,2050,0.20320311458472304,EJ/yr,plotted,"[""Final Energy|Industry|Iron and Steel|Solids""]",fig06_energy_mix,,,,,,"[""AFE"", ""AFN"", ""AFW"", ""AFZ"", ""ANZ"", ""ASC"", ""ASE"", ""ASO"", ""BRA"", ""CAN"", ""CHL"", ""CHN"", ""ENE"", ""ENW"", ""EUE"", ""EUM"", ""EUW"", ""IDN"", ""IND"", ""JPN"", ""LAM"", ""MDA"", ""MEA"", ""MEX"", ""NIG"", ""RUS"", ""SKT"", ""USA""]",Final energy,,,1.0,0.20320311458472304,EJ/yr,,,highce_gbl,5.0,future,H–EU+,0.0,,,,,,,,
baseline_highce_gbl,NDC+LTT,"High CE, EU + partners",e,Global,Iron and steel,Total,2050,7.248724107315993,EJ/yr,context,"[""Final Energy|Industry|Iron and Steel|Electricity"", ""Final Energy|Industry|Iron and Steel|Gases"", ""Final Energy|Industry|Iron and Steel|Hydrogen"", ""Final Energy|Industry|Iron and Steel|Liquids"", ""Final Energy|Industry|Iron and Steel|Solids""]",fig06_energy_mix,,,,,,"[""AFE"", ""AFN"", ""AFW"", ""AFZ"", ""ANZ"", ""ASC"", ""ASE"", ""ASO"", ""BRA"", ""CAN"", ""CHL"", ""CHN"", ""ENE"", ""ENW"", ""EUE"", ""EUM"", ""EUW"", ""IDN"", ""IND"", ""JPN"", ""LAM"", ""MDA"", ""MEA"", ""MEX"", ""NIG"", ""RUS"", ""SKT"", ""USA""]",Final energy,,,1.0,7.248724107315993,EJ/yr,,,highce_gbl,5.0,future,H–EU+,0.0,,,,,,,,
baseline_highce_gbl,NDC+LTT,"High CE, EU + partners",e,Global,Iron and steel,Total,2050,-50.734519333727654,%,context,"[""Final Energy|Industry|Iron and Steel|Electricity"", ""Final Energy|Industry|Iron and Steel|Gases"", ""Final Energy|Industry|Iron and Steel|Hydrogen"", ""Final Energy|Industry|Iron and Steel|Liquids"", ""Final Energy|Industry|Iron and Steel|Solids""]",fig06_energy_mix,,,,,,"[""AFE"", ""AFN"", ""AFW"", ""AFZ"", ""ANZ"", ""ASC"", ""ASE"", ""ASO"", ""BRA"", ""CAN"", ""CHL"", ""CHN"", ""ENE"", ""ENW"", ""EUE"", ""EUM"", ""EUW"", ""IDN"", ""IND"", ""JPN"", ""LAM"", ""MDA"", ""MEA"", ""MEX"", ""NIG"", ""RUS"", ""SKT"", ""USA""]",Final energy change from no CE,,,100.0,7.248724107315993,EJ/yr,14.713596638626818,EJ/yr,highce_gbl,5.0,future,H–EU+,-100.0,baseline_noce,2050.0,,,,,,
baseline_noce,NDC+LTT,No CE,f,Global,Aluminium,Electricity,2019,3.4030921983279416,EJ/yr,plotted,"[""Final Energy|Industry|Non-Ferrous Metals|Aluminum|Electricity""]",fig06_energy_mix,,,,,,"[""AFE"", ""AFN"", ""AFW"", ""AFZ"", ""ANZ"", ""ASC"", ""ASE"", ""ASO"", ""BRA"", ""CAN"", ""CHL"", ""CHN"", ""ENE"", ""ENW"", ""EUE"", ""EUM"", ""EUW"", ""IDN"", ""IND"", ""JPN"", ""LAM"", ""MDA"", ""MEA"", ""MEX"", ""NIG"", ""RUS"", ""SKT"", ""USA""]",Final energy,,,1.0,3.4030921983279416,EJ/yr,,,noce,0.0,historical,2019,0.0,,,,,,,,
baseline_noce,NDC+LTT,No CE,f,Global,Aluminium,Gases,2019,0.49666926405350864,EJ/yr,plotted,"[""Final Energy|Industry|Non-Ferrous Metals|Aluminum|Gases""]",fig06_energy_mix,,,,,,"[""AFE"", ""AFN"", ""AFW"", ""AFZ"", ""ANZ"", ""ASC"", ""ASE"", ""ASO"", ""BRA"", ""CAN"", ""CHL"", ""CHN"", ""ENE"", ""ENW"", ""EUE"", ""EUM"", ""EUW"", ""IDN"", ""IND"", ""JPN"", ""LAM"", ""MDA"", ""MEA"", ""MEX"", ""NIG"", ""RUS"", ""SKT"", ""USA""]",Final energy,,,1.0,0.49666926405350864,EJ/yr,,,noce,0.0,historical,2019,0.0,,,,,,,,
baseline_noce,NDC+LTT,No CE,f,Global,Aluminium,Hydrogen,2019,0.0,EJ/yr,plotted,"[""Final Energy|Industry|Non-Ferrous Metals|Aluminum|Hydrogen""]",fig06_energy_mix,,,,,,"[""AFE"", ""AFN"", ""AFW"", ""AFZ"", ""ANZ"", ""ASC"", ""ASE"", ""ASO"", ""BRA"", ""CAN"", ""CHL"", ""CHN"", ""ENE"", ""ENW"", ""EUE"", ""EUM"", ""EUW"", ""IDN"", ""IND"", ""JPN"", ""LAM"", ""MDA"", ""MEA"", ""MEX"", ""NIG"", ""RUS"", ""SKT"", ""USA""]",Final energy,,,1.0,0.0,EJ/yr,,,noce,0.0,historical,2019,0.0,,,,,,,,
baseline_noce,NDC+LTT,No CE,f,Global,Aluminium,Liquids,2019,0.08640766076555549,EJ/yr,plotted,"[""Final Energy|Industry|Non-Ferrous Metals|Aluminum|Liquids""]",fig06_energy_mix,,,,,,"[""AFE"", ""AFN"", ""AFW"", ""AFZ"", ""ANZ"", ""ASC"", ""ASE"", ""ASO"", ""BRA"", ""CAN"", ""CHL"", ""CHN"", ""ENE"", ""ENW"", ""EUE"", ""EUM"", ""EUW"", ""IDN"", ""IND"", ""JPN"", ""LAM"", ""MDA"", ""MEA"", ""MEX"", ""NIG"", ""RUS"", ""SKT"", ""USA""]",Final energy,,,1.0,0.08640766076555549,EJ/yr,,,noce,0.0,historical,2019,0.0,,,,,,,,
baseline_noce,NDC+LTT,No CE,f,Global,Aluminium,Solids,2019,0.6947787453102924,EJ/yr,plotted,"[""Final Energy|Industry|Non-Ferrous Metals|Aluminum|Solids""]",fig06_energy_mix,,,,,,"[""AFE"", ""AFN"", ""AFW"", ""AFZ"", ""ANZ"", ""ASC"", ""ASE"", ""ASO"", ""BRA"", ""CAN"", ""CHL"", ""CHN"", ""ENE"", ""ENW"", ""EUE"", ""EUM"", ""EUW"", ""IDN"", ""IND"", ""JPN"", ""LAM"", ""MDA"", ""MEA"", ""MEX"", ""NIG"", ""RUS"", ""SKT"", ""USA""]",Final energy,,,1.0,0.6947787453102924,EJ/yr,,,noce,0.0,historical,2019,0.0,,,,,,,,
baseline_noce,NDC+LTT,No CE,f,Global,Aluminium,Total,2019,4.680947868457298,EJ/yr,context,"[""Final Energy|Industry|Non-Ferrous Metals|Aluminum|Electricity"", ""Final Energy|Industry|Non-Ferrous Metals|Aluminum|Gases"", ""Final Energy|Industry|Non-Ferrous Metals|Aluminum|Hydrogen"", ""Final Energy|Industry|Non-Ferrous Metals|Aluminum|Liquids"", ""Final Energy|Industry|Non-Ferrous Metals|Aluminum|Solids""]",fig06_energy_mix,,,,,,"[""AFE"", ""AFN"", ""AFW"", ""AFZ"", ""ANZ"", ""ASC"", ""ASE"", ""ASO"", ""BRA"", ""CAN"", ""CHL"", ""CHN"", ""ENE"", ""ENW"", ""EUE"", ""EUM"", ""EUW"", ""IDN"", ""IND"", ""JPN"", ""LAM"", ""MDA"", ""MEA"", ""MEX"", ""NIG"", ""RUS"", ""SKT"", ""USA""]",Final energy,,,1.0,4.680947868457298,EJ/yr,,,noce,0.0,historical,2019,0.0,,,,,,,,
baseline_noce,NDC+LTT,No CE,f,Global,Aluminium,Electricity,2050,4.386633712430457,EJ/yr,plotted,"[""Final Energy|Industry|Non-Ferrous Metals|Aluminum|Electricity""]",fig06_energy_mix,,,,,,"[""AFE"", ""AFN"", ""AFW"", ""AFZ"", ""ANZ"", ""ASC"", ""ASE"", ""ASO"", ""BRA"", ""CAN"", ""CHL"", ""CHN"", ""ENE"", ""ENW"", ""EUE"", ""EUM"", ""EUW"", ""IDN"", ""IND"", ""JPN"", ""LAM"", ""MDA"", ""MEA"", ""MEX"", ""NIG"", ""RUS"", ""SKT"", ""USA""]",Final energy,,,1.0,4.386633712430457,EJ/yr,,,noce,1.0,future,No CE,0.0,,,,,,,,
baseline_noce,NDC+LTT,No CE,f,Global,Aluminium,Gases,2050,0.4626941687174066,EJ/yr,plotted,"[""Final Energy|Industry|Non-Ferrous Metals|Aluminum|Gases""]",fig06_energy_mix,,,,,,"[""AFE"", ""AFN"", ""AFW"", ""AFZ"", ""ANZ"", ""ASC"", ""ASE"", ""ASO"", ""BRA"", ""CAN"", ""CHL"", ""CHN"", ""ENE"", ""ENW"", ""EUE"", ""EUM"", ""EUW"", ""IDN"", ""IND"", ""JPN"", ""LAM"", ""MDA"", ""MEA"", ""MEX"", ""NIG"", ""RUS"", ""SKT"", ""USA""]",Final energy,,,1.0,0.4626941687174066,EJ/yr,,,noce,1.0,future,No CE,0.0,,,,,,,,
baseline_noce,NDC+LTT,No CE,f,Global,Aluminium,Hydrogen,2050,0.29749364827974933,EJ/yr,plotted,"[""Final Energy|Industry|Non-Ferrous Metals|Aluminum|Hydrogen""]",fig06_energy_mix,,,,,,"[""AFE"", ""AFN"", ""AFW"", ""AFZ"", ""ANZ"", ""ASC"", ""ASE"", ""ASO"", ""BRA"", ""CAN"", ""CHL"", ""CHN"", ""ENE"", ""ENW"", ""EUE"", ""EUM"", ""EUW"", ""IDN"", ""IND"", ""JPN"", ""LAM"", ""MDA"", ""MEA"", ""MEX"", ""NIG"", ""RUS"", ""SKT"", ""USA""]",Final energy,,,1.0,0.29749364827974933,EJ/yr,,,noce,1.0,future,No CE,0.0,,,,,,,,
baseline_noce,NDC+LTT,No CE,f,Global,Aluminium,Liquids,2050,0.0,EJ/yr,plotted,"[""Final Energy|Industry|Non-Ferrous Metals|Aluminum|Liquids""]",fig06_energy_mix,,,,,,"[""AFE"", ""AFN"", ""AFW"", ""AFZ"", ""ANZ"", ""ASC"", ""ASE"", ""ASO"", ""BRA"", ""CAN"", ""CHL"", ""CHN"", ""ENE"", ""ENW"", ""EUE"", ""EUM"", ""EUW"", ""IDN"", ""IND"", ""JPN"", ""LAM"", ""MDA"", ""MEA"", ""MEX"", ""NIG"", ""RUS"", ""SKT"", ""USA""]",Final energy,,,1.0,0.0,EJ/yr,,,noce,1.0,future,No CE,0.0,,,,,,,,
baseline_noce,NDC+LTT,No CE,f,Global,Aluminium,Solids,2050,0.0,EJ/yr,plotted,"[""Final Energy|Industry|Non-Ferrous Metals|Aluminum|Solids""]",fig06_energy_mix,,,,,,"[""AFE"", ""AFN"", ""AFW"", ""AFZ"", ""ANZ"", ""ASC"", ""ASE"", ""ASO"", ""BRA"", ""CAN"", ""CHL"", ""CHN"", ""ENE"", ""ENW"", ""EUE"", ""EUM"", ""EUW"", ""IDN"", ""IND"", ""JPN"", ""LAM"", ""MDA"", ""MEA"", ""MEX"", ""NIG"", ""RUS"", ""SKT"", ""USA""]",Final energy,,,1.0,0.0,EJ/yr,,,noce,1.0,future,No CE,0.0,,,,,,,,
baseline_noce,NDC+LTT,No CE,f,Global,Aluminium,Total,2050,5.146821529427612,EJ/yr,context,"[""Final Energy|Industry|Non-Ferrous Metals|Aluminum|Electricity"", ""Final Energy|Industry|Non-Ferrous Metals|Aluminum|Gases"", ""Final Energy|Industry|Non-Ferrous Metals|Aluminum|Hydrogen"", ""Final Energy|Industry|Non-Ferrous Metals|Aluminum|Liquids"", ""Final Energy|Industry|Non-Ferrous Metals|Aluminum|Solids""]",fig06_energy_mix,,,,,,"[""AFE"", ""AFN"", ""AFW"", ""AFZ"", ""ANZ"", ""ASC"", ""ASE"", ""ASO"", ""BRA"", ""CAN"", ""CHL"", ""CHN"", ""ENE"", ""ENW"", ""EUE"", ""EUM"", ""EUW"", ""IDN"", ""IND"", ""JPN"", ""LAM"", ""MDA"", ""MEA"", ""MEX"", ""NIG"", ""RUS"", ""SKT"", ""USA""]",Final energy,,,1.0,5.146821529427612,EJ/yr,,,noce,1.0,future,No CE,0.0,,,,,,,,
baseline_noce,NDC+LTT,No CE,f,Global,Aluminium,Total,2050,-1.4210854715202004e-14,%,context,"[""Final Energy|Industry|Non-Ferrous Metals|Aluminum|Electricity"", ""Final Energy|Industry|Non-Ferrous Metals|Aluminum|Gases"", ""Final Energy|Industry|Non-Ferrous Metals|Aluminum|Hydrogen"", ""Final Energy|Industry|Non-Ferrous Metals|Aluminum|Liquids"", ""Final Energy|Industry|Non-Ferrous Metals|Aluminum|Solids""]",fig06_energy_mix,,,,,,"[""AFE"", ""AFN"", ""AFW"", ""AFZ"", ""ANZ"", ""ASC"", ""ASE"", ""ASO"", ""BRA"", ""CAN"", ""CHL"", ""CHN"", ""ENE"", ""ENW"", ""EUE"", ""EUM"", ""EUW"", ""IDN"", ""IND"", ""JPN"", ""LAM"", ""MDA"", ""MEA"", ""MEX"", ""NIG"", ""RUS"", ""SKT"", ""USA""]",Final energy change from no CE,,,100.0,5.146821529427612,EJ/yr,5.146821529427612,EJ/yr,noce,1.0,future,No CE,-100.0,baseline_noce,2050.0,,,,,,
baseline_medce_eu,NDC+LTT,"Medium CE, EU",f,Global,Aluminium,Electricity,2050,4.278703280264976,EJ/yr,plotted,"[""Final Energy|Industry|Non-Ferrous Metals|Aluminum|Electricity""]",fig06_energy_mix,,,,,,"[""AFE"", ""AFN"", ""AFW"", ""AFZ"", ""ANZ"", ""ASC"", ""ASE"", ""ASO"", ""BRA"", ""CAN"", ""CHL"", ""CHN"", ""ENE"", ""ENW"", ""EUE"", ""EUM"", ""EUW"", ""IDN"", ""IND"", ""JPN"", ""LAM"", ""MDA"", ""MEA"", ""MEX"", ""NIG"", ""RUS"", ""SKT"", ""USA""]",Final energy,,,1.0,4.278703280264976,EJ/yr,,,medce_eu,2.0,future,M–EU,0.0,,,,,,,,
baseline_medce_eu,NDC+LTT,"Medium CE, EU",f,Global,Aluminium,Gases,2050,0.5068184092654378,EJ/yr,plotted,"[""Final Energy|Industry|Non-Ferrous Metals|Aluminum|Gases""]",fig06_energy_mix,,,,,,"[""AFE"", ""AFN"", ""AFW"", ""AFZ"", ""ANZ"", ""ASC"", ""ASE"", ""ASO"", ""BRA"", ""CAN"", ""CHL"", ""CHN"", ""ENE"", ""ENW"", ""EUE"", ""EUM"", ""EUW"", ""IDN"", ""IND"", ""JPN"", ""LAM"", ""MDA"", ""MEA"", ""MEX"", ""NIG"", ""RUS"", ""SKT"", ""USA""]",Final energy,,,1.0,0.5068184092654378,EJ/yr,,,medce_eu,2.0,future,M–EU,0.0,,,,,,,,
baseline_medce_eu,NDC+LTT,"Medium CE, EU",f,Global,Aluminium,Hydrogen,2050,0.31672949812079243,EJ/yr,plotted,"[""Final Energy|Industry|Non-Ferrous Metals|Aluminum|Hydrogen""]",fig06_energy_mix,,,,,,"[""AFE"", ""AFN"", ""AFW"", ""AFZ"", ""ANZ"", ""ASC"", ""ASE"", ""ASO"", ""BRA"", ""CAN"", ""CHL"", ""CHN"", ""ENE"", ""ENW"", ""EUE"", ""EUM"", ""EUW"", ""IDN"", ""IND"", ""JPN"", ""LAM"", ""MDA"", ""MEA"", ""MEX"", ""NIG"", ""RUS"", ""SKT"", ""USA""]",Final energy,,,1.0,0.31672949812079243,EJ/yr,,,medce_eu,2.0,future,M–EU,0.0,,,,,,,,
baseline_medce_eu,NDC+LTT,"Medium CE, EU",f,Global,Aluminium,Liquids,2050,0.0,EJ/yr,plotted,"[""Final Energy|Industry|Non-Ferrous Metals|Aluminum|Liquids""]",fig06_energy_mix,,,,,,"[""AFE"", ""AFN"", ""AFW"", ""AFZ"", ""ANZ"", ""ASC"", ""ASE"", ""ASO"", ""BRA"", ""CAN"", ""CHL"", ""CHN"", ""ENE"", ""ENW"", ""EUE"", ""EUM"", ""EUW"", ""IDN"", ""IND"", ""JPN"", ""LAM"", ""MDA"", ""MEA"", ""MEX"", ""NIG"", ""RUS"", ""SKT"", ""USA""]",Final energy,,,1.0,0.0,EJ/yr,,,medce_eu,2.0,future,M–EU,0.0,,,,,,,,
baseline_medce_eu,NDC+LTT,"Medium CE, EU",f,Global,Aluminium,Solids,2050,0.0,EJ/yr,plotted,"[""Final Energy|Industry|Non-Ferrous Metals|Aluminum|Solids""]",fig06_energy_mix,,,,,,"[""AFE"", ""AFN"", ""AFW"", ""AFZ"", ""ANZ"", ""ASC"", ""ASE"", ""ASO"", ""BRA"", ""CAN"", ""CHL"", ""CHN"", ""ENE"", ""ENW"", ""EUE"", ""EUM"", ""EUW"", ""IDN"", ""IND"", ""JPN"", ""LAM"", ""MDA"", ""MEA"", ""MEX"", ""NIG"", ""RUS"", ""SKT"", ""USA""]",Final energy,,,1.0,0.0,EJ/yr,,,medce_eu,2.0,future,M–EU,0.0,,,,,,,,
baseline_medce_eu,NDC+LTT,"Medium CE, EU",f,Global,Aluminium,Total,2050,5.1022511876512056,EJ/yr,context,"[""Final Energy|Industry|Non-Ferrous Metals|Aluminum|Electricity"", ""Final Energy|Industry|Non-Ferrous Metals|Aluminum|Gases"", ""Final Energy|Industry|Non-Ferrous Metals|Aluminum|Hydrogen"", ""Final Energy|Industry|Non-Ferrous Metals|Aluminum|Liquids"", ""Final Energy|Industry|Non-Ferrous Metals|Aluminum|Solids""]",fig06_energy_mix,,,,,,"[""AFE"", ""AFN"", ""AFW"", ""AFZ"", ""ANZ"", ""ASC"", ""ASE"", ""ASO"", ""BRA"", ""CAN"", ""CHL"", ""CHN"", ""ENE"", ""ENW"", ""EUE"", ""EUM"", ""EUW"", ""IDN"", ""IND"", ""JPN"", ""LAM"", ""MDA"", ""MEA"", ""MEX"", ""NIG"", ""RUS"", ""SKT"", ""USA""]",Final energy,,,1.0,5.1022511876512056,EJ/yr,,,medce_eu,2.0,future,M–EU,0.0,,,,,,,,
baseline_medce_eu,NDC+LTT,"Medium CE, EU",f,Global,Aluminium,Total,2050,-0.8659779928557754,%,context,"[""Final Energy|Industry|Non-Ferrous Metals|Aluminum|Electricity"", ""Final Energy|Industry|Non-Ferrous Metals|Aluminum|Gases"", ""Final Energy|Industry|Non-Ferrous Metals|Aluminum|Hydrogen"", ""Final Energy|Industry|Non-Ferrous Metals|Aluminum|Liquids"", ""Final Energy|Industry|Non-Ferrous Metals|Aluminum|Solids""]",fig06_energy_mix,,,,,,"[""AFE"", ""AFN"", ""AFW"", ""AFZ"", ""ANZ"", ""ASC"", ""ASE"", ""ASO"", ""BRA"", ""CAN"", ""CHL"", ""CHN"", ""ENE"", ""ENW"", ""EUE"", ""EUM"", ""EUW"", ""IDN"", ""IND"", ""JPN"", ""LAM"", ""MDA"", ""MEA"", ""MEX"", ""NIG"", ""RUS"", ""SKT"", ""USA""]",Final energy change from no CE,,,100.0,5.1022511876512056,EJ/yr,5.146821529427612,EJ/yr,medce_eu,2.0,future,M–EU,-100.0,baseline_noce,2050.0,,,,,,
baseline_highce_eu,NDC+LTT,"High CE, EU",f,Global,Aluminium,Electricity,2050,4.193318498378529,EJ/yr,plotted,"[""Final Energy|Industry|Non-Ferrous Metals|Aluminum|Electricity""]",fig06_energy_mix,,,,,,"[""AFE"", ""AFN"", ""AFW"", ""AFZ"", ""ANZ"", ""ASC"", ""ASE"", ""ASO"", ""BRA"", ""CAN"", ""CHL"", ""CHN"", ""ENE"", ""ENW"", ""EUE"", ""EUM"", ""EUW"", ""IDN"", ""IND"", ""JPN"", ""LAM"", ""MDA"", ""MEA"", ""MEX"", ""NIG"", ""RUS"", ""SKT"", ""USA""]",Final energy,,,1.0,4.193318498378529,EJ/yr,,,highce_eu,3.0,future,H–EU,0.0,,,,,,,,
baseline_highce_eu,NDC+LTT,"High CE, EU",f,Global,Aluminium,Gases,2050,0.50579860699857,EJ/yr,plotted,"[""Final Energy|Industry|Non-Ferrous Metals|Aluminum|Gases""]",fig06_energy_mix,,,,,,"[""AFE"", ""AFN"", ""AFW"", ""AFZ"", ""ANZ"", ""ASC"", ""ASE"", ""ASO"", ""BRA"", ""CAN"", ""CHL"", ""CHN"", ""ENE"", ""ENW"", ""EUE"", ""EUM"", ""EUW"", ""IDN"", ""IND"", ""JPN"", ""LAM"", ""MDA"", ""MEA"", ""MEX"", ""NIG"", ""RUS"", ""SKT"", ""USA""]",Final energy,,,1.0,0.50579860699857,EJ/yr,,,highce_eu,3.0,future,H–EU,0.0,,,,,,,,
baseline_highce_eu,NDC+LTT,"High CE, EU",f,Global,Aluminium,Hydrogen,2050,0.3152461349102425,EJ/yr,plotted,"[""Final Energy|Industry|Non-Ferrous Metals|Aluminum|Hydrogen""]",fig06_energy_mix,,,,,,"[""AFE"", ""AFN"", ""AFW"", ""AFZ"", ""ANZ"", ""ASC"", ""ASE"", ""ASO"", ""BRA"", ""CAN"", ""CHL"", ""CHN"", ""ENE"", ""ENW"", ""EUE"", ""EUM"", ""EUW"", ""IDN"", ""IND"", ""JPN"", ""LAM"", ""MDA"", ""MEA"", ""MEX"", ""NIG"", ""RUS"", ""SKT"", ""USA""]",Final energy,,,1.0,0.3152461349102425,EJ/yr,,,highce_eu,3.0,future,H–EU,0.0,,,,,,,,
baseline_highce_eu,NDC+LTT,"High CE, EU",f,Global,Aluminium,Liquids,2050,0.0,EJ/yr,plotted,"[""Final Energy|Industry|Non-Ferrous Metals|Aluminum|Liquids""]",fig06_energy_mix,,,,,,"[""AFE"", ""AFN"", ""AFW"", ""AFZ"", ""ANZ"", ""ASC"", ""ASE"", ""ASO"", ""BRA"", ""CAN"", ""CHL"", ""CHN"", ""ENE"", ""ENW"", ""EUE"", ""EUM"", ""EUW"", ""IDN"", ""IND"", ""JPN"", ""LAM"", ""MDA"", ""MEA"", ""MEX"", ""NIG"", ""RUS"", ""SKT"", ""USA""]",Final energy,,,1.0,0.0,EJ/yr,,,highce_eu,3.0,future,H–EU,0.0,,,,,,,,
baseline_highce_eu,NDC+LTT,"High CE, EU",f,Global,Aluminium,Solids,2050,0.0,EJ/yr,plotted,"[""Final Energy|Industry|Non-Ferrous Metals|Aluminum|Solids""]",fig06_energy_mix,,,,,,"[""AFE"", ""AFN"", ""AFW"", ""AFZ"", ""ANZ"", ""ASC"", ""ASE"", ""ASO"", ""BRA"", ""CAN"", ""CHL"", ""CHN"", ""ENE"", ""ENW"", ""EUE"", ""EUM"", ""EUW"", ""IDN"", ""IND"", ""JPN"", ""LAM"", ""MDA"", ""MEA"", ""MEX"", ""NIG"", ""RUS"", ""SKT"", ""USA""]",Final energy,,,1.0,0.0,EJ/yr,,,highce_eu,3.0,future,H–EU,0.0,,,,,,,,
baseline_highce_eu,NDC+LTT,"High CE, EU",f,Global,Aluminium,Total,2050,5.0143632402873415,EJ/yr,context,"[""Final Energy|Industry|Non-Ferrous Metals|Aluminum|Electricity"", ""Final Energy|Industry|Non-Ferrous Metals|Aluminum|Gases"", ""Final Energy|Industry|Non-Ferrous Metals|Aluminum|Hydrogen"", ""Final Energy|Industry|Non-Ferrous Metals|Aluminum|Liquids"", ""Final Energy|Industry|Non-Ferrous Metals|Aluminum|Solids""]",fig06_energy_mix,,,,,,"[""AFE"", ""AFN"", ""AFW"", ""AFZ"", ""ANZ"", ""ASC"", ""ASE"", ""ASO"", ""BRA"", ""CAN"", ""CHL"", ""CHN"", ""ENE"", ""ENW"", ""EUE"", ""EUM"", ""EUW"", ""IDN"", ""IND"", ""JPN"", ""LAM"", ""MDA"", ""MEA"", ""MEX"", ""NIG"", ""RUS"", ""SKT"", ""USA""]",Final energy,,,1.0,5.0143632402873415,EJ/yr,,,highce_eu,3.0,future,H–EU,0.0,,,,,,,,
baseline_highce_eu,NDC+LTT,"High CE, EU",f,Global,Aluminium,Total,2050,-2.5735939818958826,%,context,"[""Final Energy|Industry|Non-Ferrous Metals|Aluminum|Electricity"", ""Final Energy|Industry|Non-Ferrous Metals|Aluminum|Gases"", ""Final Energy|Industry|Non-Ferrous Metals|Aluminum|Hydrogen"", ""Final Energy|Industry|Non-Ferrous Metals|Aluminum|Liquids"", ""Final Energy|Industry|Non-Ferrous Metals|Aluminum|Solids""]",fig06_energy_mix,,,,,,"[""AFE"", ""AFN"", ""AFW"", ""AFZ"", ""ANZ"", ""ASC"", ""ASE"", ""ASO"", ""BRA"", ""CAN"", ""CHL"", ""CHN"", ""ENE"", ""ENW"", ""EUE"", ""EUM"", ""EUW"", ""IDN"", ""IND"", ""JPN"", ""LAM"", ""MDA"", ""MEA"", ""MEX"", ""NIG"", ""RUS"", ""SKT"", ""USA""]",Final energy change from no CE,,,100.0,5.0143632402873415,EJ/yr,5.146821529427612,EJ/yr,highce_eu,3.0,future,H–EU,-100.0,baseline_noce,2050.0,,,,,,
baseline_medce_gbl,NDC+LTT,"Medium CE, EU + partners",f,Global,Aluminium,Electricity,2050,3.485635606254091,EJ/yr,plotted,"[""Final Energy|Industry|Non-Ferrous Metals|Aluminum|Electricity""]",fig06_energy_mix,,,,,,"[""AFE"", ""AFN"", ""AFW"", ""AFZ"", ""ANZ"", ""ASC"", ""ASE"", ""ASO"", ""BRA"", ""CAN"", ""CHL"", ""CHN"", ""ENE"", ""ENW"", ""EUE"", ""EUM"", ""EUW"", ""IDN"", ""IND"", ""JPN"", ""LAM"", ""MDA"", ""MEA"", ""MEX"", ""NIG"", ""RUS"", ""SKT"", ""USA""]",Final energy,,,1.0,3.485635606254091,EJ/yr,,,medce_gbl,4.0,future,M–EU+,0.0,,,,,,,,
baseline_medce_gbl,NDC+LTT,"Medium CE, EU + partners",f,Global,Aluminium,Gases,2050,0.4236173970211182,EJ/yr,plotted,"[""Final Energy|Industry|Non-Ferrous Metals|Aluminum|Gases""]",fig06_energy_mix,,,,,,"[""AFE"", ""AFN"", ""AFW"", ""AFZ"", ""ANZ"", ""ASC"", ""ASE"", ""ASO"", ""BRA"", ""CAN"", ""CHL"", ""CHN"", ""ENE"", ""ENW"", ""EUE"", ""EUM"", ""EUW"", ""IDN"", ""IND"", ""JPN"", ""LAM"", ""MDA"", ""MEA"", ""MEX"", ""NIG"", ""RUS"", ""SKT"", ""USA""]",Final energy,,,1.0,0.4236173970211182,EJ/yr,,,medce_gbl,4.0,future,M–EU+,0.0,,,,,,,,
baseline_medce_gbl,NDC+LTT,"Medium CE, EU + partners",f,Global,Aluminium,Hydrogen,2050,0.2655281857706814,EJ/yr,plotted,"[""Final Energy|Industry|Non-Ferrous Metals|Aluminum|Hydrogen""]",fig06_energy_mix,,,,,,"[""AFE"", ""AFN"", ""AFW"", ""AFZ"", ""ANZ"", ""ASC"", ""ASE"", ""ASO"", ""BRA"", ""CAN"", ""CHL"", ""CHN"", ""ENE"", ""ENW"", ""EUE"", ""EUM"", ""EUW"", ""IDN"", ""IND"", ""JPN"", ""LAM"", ""MDA"", ""MEA"", ""MEX"", ""NIG"", ""RUS"", ""SKT"", ""USA""]",Final energy,,,1.0,0.2655281857706814,EJ/yr,,,medce_gbl,4.0,future,M–EU+,0.0,,,,,,,,
baseline_medce_gbl,NDC+LTT,"Medium CE, EU + partners",f,Global,Aluminium,Liquids,2050,0.0,EJ/yr,plotted,"[""Final Energy|Industry|Non-Ferrous Metals|Aluminum|Liquids""]",fig06_energy_mix,,,,,,"[""AFE"", ""AFN"", ""AFW"", ""AFZ"", ""ANZ"", ""ASC"", ""ASE"", ""ASO"", ""BRA"", ""CAN"", ""CHL"", ""CHN"", ""ENE"", ""ENW"", ""EUE"", ""EUM"", ""EUW"", ""IDN"", ""IND"", ""JPN"", ""LAM"", ""MDA"", ""MEA"", ""MEX"", ""NIG"", ""RUS"", ""SKT"", ""USA""]",Final energy,,,1.0,0.0,EJ/yr,,,medce_gbl,4.0,future,M–EU+,0.0,,,,,,,,
baseline_medce_gbl,NDC+LTT,"Medium CE, EU + partners",f,Global,Aluminium,Solids,2050,0.0,EJ/yr,plotted,"[""Final Energy|Industry|Non-Ferrous Metals|Aluminum|Solids""]",fig06_energy_mix,,,,,,"[""AFE"", ""AFN"", ""AFW"", ""AFZ"", ""ANZ"", ""ASC"", ""ASE"", ""ASO"", ""BRA"", ""CAN"", ""CHL"", ""CHN"", ""ENE"", ""ENW"", ""EUE"", ""EUM"", ""EUW"", ""IDN"", ""IND"", ""JPN"", ""LAM"", ""MDA"", ""MEA"", ""MEX"", ""NIG"", ""RUS"", ""SKT"", ""USA""]",Final energy,,,1.0,0.0,EJ/yr,,,medce_gbl,4.0,future,M–EU+,0.0,,,,,,,,
baseline_medce_gbl,NDC+LTT,"Medium CE, EU + partners",f,Global,Aluminium,Total,2050,4.174781189045891,EJ/yr,context,"[""Final Energy|Industry|Non-Ferrous Metals|Aluminum|Electricity"", ""Final Energy|Industry|Non-Ferrous Metals|Aluminum|Gases"", ""Final Energy|Industry|Non-Ferrous Metals|Aluminum|Hydrogen"", ""Final Energy|Industry|Non-Ferrous Metals|Aluminum|Liquids"", ""Final Energy|Industry|Non-Ferrous Metals|Aluminum|Solids""]",fig06_energy_mix,,,,,,"[""AFE"", ""AFN"", ""AFW"", ""AFZ"", ""ANZ"", ""ASC"", ""ASE"", ""ASO"", ""BRA"", ""CAN"", ""CHL"", ""CHN"", ""ENE"", ""ENW"", ""EUE"", ""EUM"", ""EUW"", ""IDN"", ""IND"", ""JPN"", ""LAM"", ""MDA"", ""MEA"", ""MEX"", ""NIG"", ""RUS"", ""SKT"", ""USA""]",Final energy,,,1.0,4.174781189045891,EJ/yr,,,medce_gbl,4.0,future,M–EU+,0.0,,,,,,,,
baseline_medce_gbl,NDC+LTT,"Medium CE, EU + partners",f,Global,Aluminium,Total,2050,-18.88622589347534,%,context,"[""Final Energy|Industry|Non-Ferrous Metals|Aluminum|Electricity"", ""Final Energy|Industry|Non-Ferrous Metals|Aluminum|Gases"", ""Final Energy|Industry|Non-Ferrous Metals|Aluminum|Hydrogen"", ""Final Energy|Industry|Non-Ferrous Metals|Aluminum|Liquids"", ""Final Energy|Industry|Non-Ferrous Metals|Aluminum|Solids""]",fig06_energy_mix,,,,,,"[""AFE"", ""AFN"", ""AFW"", ""AFZ"", ""ANZ"", ""ASC"", ""ASE"", ""ASO"", ""BRA"", ""CAN"", ""CHL"", ""CHN"", ""ENE"", ""ENW"", ""EUE"", ""EUM"", ""EUW"", ""IDN"", ""IND"", ""JPN"", ""LAM"", ""MDA"", ""MEA"", ""MEX"", ""NIG"", ""RUS"", ""SKT"", ""USA""]",Final energy change from no CE,,,100.0,4.174781189045891,EJ/yr,5.146821529427612,EJ/yr,medce_gbl,4.0,future,M–EU+,-100.0,baseline_noce,2050.0,,,,,,
baseline_highce_gbl,NDC+LTT,"High CE, EU + partners",f,Global,Aluminium,Electricity,2050,2.573504063412131,EJ/yr,plotted,"[""Final Energy|Industry|Non-Ferrous Metals|Aluminum|Electricity""]",fig06_energy_mix,,,,,,"[""AFE"", ""AFN"", ""AFW"", ""AFZ"", ""ANZ"", ""ASC"", ""ASE"", ""ASO"", ""BRA"", ""CAN"", ""CHL"", ""CHN"", ""ENE"", ""ENW"", ""EUE"", ""EUM"", ""EUW"", ""IDN"", ""IND"", ""JPN"", ""LAM"", ""MDA"", ""MEA"", ""MEX"", ""NIG"", ""RUS"", ""SKT"", ""USA""]",Final energy,,,1.0,2.573504063412131,EJ/yr,,,highce_gbl,5.0,future,H–EU+,0.0,,,,,,,,
baseline_highce_gbl,NDC+LTT,"High CE, EU + partners",f,Global,Aluminium,Gases,2050,0.41236035805463084,EJ/yr,plotted,"[""Final Energy|Industry|Non-Ferrous Metals|Aluminum|Gases""]",fig06_energy_mix,,,,,,"[""AFE"", ""AFN"", ""AFW"", ""AFZ"", ""ANZ"", ""ASC"", ""ASE"", ""ASO"", ""BRA"", ""CAN"", ""CHL"", ""CHN"", ""ENE"", ""ENW"", ""EUE"", ""EUM"", ""EUW"", ""IDN"", ""IND"", ""JPN"", ""LAM"", ""MDA"", ""MEA"", ""MEX"", ""NIG"", ""RUS"", ""SKT"", ""USA""]",Final energy,,,1.0,0.41236035805463084,EJ/yr,,,highce_gbl,5.0,future,H–EU+,0.0,,,,,,,,
baseline_highce_gbl,NDC+LTT,"High CE, EU + partners",f,Global,Aluminium,Hydrogen,2050,0.21750315724099578,EJ/yr,plotted,"[""Final Energy|Industry|Non-Ferrous Metals|Aluminum|Hydrogen""]",fig06_energy_mix,,,,,,"[""AFE"", ""AFN"", ""AFW"", ""AFZ"", ""ANZ"", ""ASC"", ""ASE"", ""ASO"", ""BRA"", ""CAN"", ""CHL"", ""CHN"", ""ENE"", ""ENW"", ""EUE"", ""EUM"", ""EUW"", ""IDN"", ""IND"", ""JPN"", ""LAM"", ""MDA"", ""MEA"", ""MEX"", ""NIG"", ""RUS"", ""SKT"", ""USA""]",Final energy,,,1.0,0.21750315724099578,EJ/yr,,,highce_gbl,5.0,future,H–EU+,0.0,,,,,,,,
baseline_highce_gbl,NDC+LTT,"High CE, EU + partners",f,Global,Aluminium,Liquids,2050,0.0,EJ/yr,plotted,"[""Final Energy|Industry|Non-Ferrous Metals|Aluminum|Liquids""]",fig06_energy_mix,,,,,,"[""AFE"", ""AFN"", ""AFW"", ""AFZ"", ""ANZ"", ""ASC"", ""ASE"", ""ASO"", ""BRA"", ""CAN"", ""CHL"", ""CHN"", ""ENE"", ""ENW"", ""EUE"", ""EUM"", ""EUW"", ""IDN"", ""IND"", ""JPN"", ""LAM"", ""MDA"", ""MEA"", ""MEX"", ""NIG"", ""RUS"", ""SKT"", ""USA""]",Final energy,,,1.0,0.0,EJ/yr,,,highce_gbl,5.0,future,H–EU+,0.0,,,,,,,,
baseline_highce_gbl,NDC+LTT,"High CE, EU + partners",f,Global,Aluminium,Solids,2050,0.0,EJ/yr,plotted,"[""Final Energy|Industry|Non-Ferrous Metals|Aluminum|Solids""]",fig06_energy_mix,,,,,,"[""AFE"", ""AFN"", ""AFW"", ""AFZ"", ""ANZ"", ""ASC"", ""ASE"", ""ASO"", ""BRA"", ""CAN"", ""CHL"", ""CHN"", ""ENE"", ""ENW"", ""EUE"", ""EUM"", ""EUW"", ""IDN"", ""IND"", ""JPN"", ""LAM"", ""MDA"", ""MEA"", ""MEX"", ""NIG"", ""RUS"", ""SKT"", ""USA""]",Final energy,,,1.0,0.0,EJ/yr,,,highce_gbl,5.0,future,H–EU+,0.0,,,,,,,,
baseline_highce_gbl,NDC+LTT,"High CE, EU + partners",f,Global,Aluminium,Total,2050,3.2033675787077573,EJ/yr,context,"[""Final Energy|Industry|Non-Ferrous Metals|Aluminum|Electricity"", ""Final Energy|Industry|Non-Ferrous Metals|Aluminum|Gases"", ""Final Energy|Industry|Non-Ferrous Metals|Aluminum|Hydrogen"", ""Final Energy|Industry|Non-Ferrous Metals|Aluminum|Liquids"", ""Final Energy|Industry|Non-Ferrous Metals|Aluminum|Solids""]",fig06_energy_mix,,,,,,"[""AFE"", ""AFN"", ""AFW"", ""AFZ"", ""ANZ"", ""ASC"", ""ASE"", ""ASO"", ""BRA"", ""CAN"", ""CHL"", ""CHN"", ""ENE"", ""ENW"", ""EUE"", ""EUM"", ""EUW"", ""IDN"", ""IND"", ""JPN"", ""LAM"", ""MDA"", ""MEA"", ""MEX"", ""NIG"", ""RUS"", ""SKT"", ""USA""]",Final energy,,,1.0,3.2033675787077573,EJ/yr,,,highce_gbl,5.0,future,H–EU+,0.0,,,,,,,,
baseline_highce_gbl,NDC+LTT,"High CE, EU + partners",f,Global,Aluminium,Total,2050,-37.76027475613653,%,context,"[""Final Energy|Industry|Non-Ferrous Metals|Aluminum|Electricity"", ""Final Energy|Industry|Non-Ferrous Metals|Aluminum|Gases"", ""Final Energy|Industry|Non-Ferrous Metals|Aluminum|Hydrogen"", ""Final Energy|Industry|Non-Ferrous Metals|Aluminum|Liquids"", ""Final Energy|Industry|Non-Ferrous Metals|Aluminum|Solids""]",fig06_energy_mix,,,,,,"[""AFE"", ""AFN"", ""AFW"", ""AFZ"", ""ANZ"", ""ASC"", ""ASE"", ""ASO"", ""BRA"", ""CAN"", ""CHL"", ""CHN"", ""ENE"", ""ENW"", ""EUE"", ""EUM"", ""EUW"", ""IDN"", ""IND"", ""JPN"", ""LAM"", ""MDA"", ""MEA"", ""MEX"", ""NIG"", ""RUS"", ""SKT"", ""USA""]",Final energy change from no CE,,,100.0,3.2033675787077573,EJ/yr,5.146821529427612,EJ/yr,highce_gbl,5.0,future,H–EU+,-100.0,baseline_noce,2050.0,,,,,,
ndc_noce,NDC,No CE,a,Global,Three sectors,Three sectors,2019,5494.987454113852,MtCO2e/yr,plotted,"[""Emissions|GHG|Industry|Non-Metallic Minerals|Cement"", ""Emissions|GHG|Industry|Iron and Steel"", ""Emissions|GHG|Industry|Non-Ferrous Metals|Aluminum""]",fig07_emissions_response,,,,,,"[""AFE"", ""AFN"", ""AFW"", ""AFZ"", ""ANZ"", ""ASC"", ""ASE"", ""ASO"", ""BRA"", ""CAN"", ""CHL"", ""CHN"", ""ENE"", ""ENW"", ""EUE"", ""EUM"", ""EUW"", ""IDN"", ""IND"", ""JPN"", ""LAM"", ""MDA"", ""MEA"", ""MEX"", ""NIG"", ""RUS"", ""SKT"", ""USA""]",GHG emissions,,,,,,,,noce,,,,,,,trajectory,"[1, 1, 1]",5494.987454113852,,,
ndc_noce,NDC,No CE,a,Global,Three sectors,Three sectors,2024,5249.263336500017,MtCO2e/yr,plotted,"[""Emissions|GHG|Industry|Non-Metallic Minerals|Cement"", ""Emissions|GHG|Industry|Iron and Steel"", ""Emissions|GHG|Industry|Non-Ferrous Metals|Aluminum""]",fig07_emissions_response,,,,,,"[""AFE"", ""AFN"", ""AFW"", ""AFZ"", ""ANZ"", ""ASC"", ""ASE"", ""ASO"", ""BRA"", ""CAN"", ""CHL"", ""CHN"", ""ENE"", ""ENW"", ""EUE"", ""EUM"", ""EUW"", ""IDN"", ""IND"", ""JPN"", ""LAM"", ""MDA"", ""MEA"", ""MEX"", ""NIG"", ""RUS"", ""SKT"", ""USA""]",GHG emissions,,,,,,,,noce,,,,,,,trajectory,"[1, 1, 1]",5249.263336500017,,,
ndc_noce,NDC,No CE,a,Global,Three sectors,Three sectors,2030,4562.335724756673,MtCO2e/yr,plotted,"[""Emissions|GHG|Industry|Non-Metallic Minerals|Cement"", ""Emissions|GHG|Industry|Iron and Steel"", ""Emissions|GHG|Industry|Non-Ferrous Metals|Aluminum""]",fig07_emissions_response,,,,,,"[""AFE"", ""AFN"", ""AFW"", ""AFZ"", ""ANZ"", ""ASC"", ""ASE"", ""ASO"", ""BRA"", ""CAN"", ""CHL"", ""CHN"", ""ENE"", ""ENW"", ""EUE"", ""EUM"", ""EUW"", ""IDN"", ""IND"", ""JPN"", ""LAM"", ""MDA"", ""MEA"", ""MEX"", ""NIG"", ""RUS"", ""SKT"", ""USA""]",GHG emissions,,,,,,,,noce,,,,,,,trajectory,"[1, 1, 1]",4562.335724756673,,,
ndc_noce,NDC,No CE,a,Global,Three sectors,Three sectors,2035,4083.993990806989,MtCO2e/yr,plotted,"[""Emissions|GHG|Industry|Non-Metallic Minerals|Cement"", ""Emissions|GHG|Industry|Iron and Steel"", ""Emissions|GHG|Industry|Non-Ferrous Metals|Aluminum""]",fig07_emissions_response,,,,,,"[""AFE"", ""AFN"", ""AFW"", ""AFZ"", ""ANZ"", ""ASC"", ""ASE"", ""ASO"", ""BRA"", ""CAN"", ""CHL"", ""CHN"", ""ENE"", ""ENW"", ""EUE"", ""EUM"", ""EUW"", ""IDN"", ""IND"", ""JPN"", ""LAM"", ""MDA"", ""MEA"", ""MEX"", ""NIG"", ""RUS"", ""SKT"", ""USA""]",GHG emissions,,,,,,,,noce,,,,,,,trajectory,"[1, 1, 1]",4083.993990806989,,,
ndc_noce,NDC,No CE,a,Global,Three sectors,Three sectors,2040,3972.5267539941024,MtCO2e/yr,plotted,"[""Emissions|GHG|Industry|Non-Metallic Minerals|Cement"", ""Emissions|GHG|Industry|Iron and Steel"", ""Emissions|GHG|Industry|Non-Ferrous Metals|Aluminum""]",fig07_emissions_response,,,,,,"[""AFE"", ""AFN"", ""AFW"", ""AFZ"", ""ANZ"", ""ASC"", ""ASE"", ""ASO"", ""BRA"", ""CAN"", ""CHL"", ""CHN"", ""ENE"", ""ENW"", ""EUE"", ""EUM"", ""EUW"", ""IDN"", ""IND"", ""JPN"", ""LAM"", ""MDA"", ""MEA"", ""MEX"", ""NIG"", ""RUS"", ""SKT"", ""USA""]",GHG emissions,,,,,,,,noce,,,,,,,trajectory,"[1, 1, 1]",3972.5267539941024,,,
ndc_noce,NDC,No CE,a,Global,Three sectors,Three sectors,2050,3763.136734980516,MtCO2e/yr,plotted,"[""Emissions|GHG|Industry|Non-Metallic Minerals|Cement"", ""Emissions|GHG|Industry|Iron and Steel"", ""Emissions|GHG|Industry|Non-Ferrous Metals|Aluminum""]",fig07_emissions_response,,,,,,"[""AFE"", ""AFN"", ""AFW"", ""AFZ"", ""ANZ"", ""ASC"", ""ASE"", ""ASO"", ""BRA"", ""CAN"", ""CHL"", ""CHN"", ""ENE"", ""ENW"", ""EUE"", ""EUM"", ""EUW"", ""IDN"", ""IND"", ""JPN"", ""LAM"", ""MDA"", ""MEA"", ""MEX"", ""NIG"", ""RUS"", ""SKT"", ""USA""]",GHG emissions,,,,,,,,noce,,,,,,,trajectory,"[1, 1, 1]",3763.136734980516,,,
ndc_medce_eu,NDC,"Medium CE, EU",a,Global,Three sectors,Three sectors,2019,5494.987454113852,MtCO2e/yr,plotted,"[""Emissions|GHG|Industry|Non-Metallic Minerals|Cement"", ""Emissions|GHG|Industry|Iron and Steel"", ""Emissions|GHG|Industry|Non-Ferrous Metals|Aluminum""]",fig07_emissions_response,,,,,,"[""AFE"", ""AFN"", ""AFW"", ""AFZ"", ""ANZ"", ""ASC"", ""ASE"", ""ASO"", ""BRA"", ""CAN"", ""CHL"", ""CHN"", ""ENE"", ""ENW"", ""EUE"", ""EUM"", ""EUW"", ""IDN"", ""IND"", ""JPN"", ""LAM"", ""MDA"", ""MEA"", ""MEX"", ""NIG"", ""RUS"", ""SKT"", ""USA""]",GHG emissions,,,,,,,,medce_eu,,,,,,,trajectory,"[1, 1, 1]",5494.987454113852,,,
ndc_medce_eu,NDC,"Medium CE, EU",a,Global,Three sectors,Three sectors,2024,5249.263336500017,MtCO2e/yr,plotted,"[""Emissions|GHG|Industry|Non-Metallic Minerals|Cement"", ""Emissions|GHG|Industry|Iron and Steel"", ""Emissions|GHG|Industry|Non-Ferrous Metals|Aluminum""]",fig07_emissions_response,,,,,,"[""AFE"", ""AFN"", ""AFW"", ""AFZ"", ""ANZ"", ""ASC"", ""ASE"", ""ASO"", ""BRA"", ""CAN"", ""CHL"", ""CHN"", ""ENE"", ""ENW"", ""EUE"", ""EUM"", ""EUW"", ""IDN"", ""IND"", ""JPN"", ""LAM"", ""MDA"", ""MEA"", ""MEX"", ""NIG"", ""RUS"", ""SKT"", ""USA""]",GHG emissions,,,,,,,,medce_eu,,,,,,,trajectory,"[1, 1, 1]",5249.263336500017,,,
ndc_medce_eu,NDC,"Medium CE, EU",a,Global,Three sectors,Three sectors,2030,4410.053833026004,MtCO2e/yr,plotted,"[""Emissions|GHG|Industry|Non-Metallic Minerals|Cement"", ""Emissions|GHG|Industry|Iron and Steel"", ""Emissions|GHG|Industry|Non-Ferrous Metals|Aluminum""]",fig07_emissions_response,,,,,,"[""AFE"", ""AFN"", ""AFW"", ""AFZ"", ""ANZ"", ""ASC"", ""ASE"", ""ASO"", ""BRA"", ""CAN"", ""CHL"", ""CHN"", ""ENE"", ""ENW"", ""EUE"", ""EUM"", ""EUW"", ""IDN"", ""IND"", ""JPN"", ""LAM"", ""MDA"", ""MEA"", ""MEX"", ""NIG"", ""RUS"", ""SKT"", ""USA""]",GHG emissions,,,,,,,,medce_eu,,,,,,,trajectory,"[1, 1, 1]",4410.053833026004,,,
ndc_medce_eu,NDC,"Medium CE, EU",a,Global,Three sectors,Three sectors,2035,3960.612995462621,MtCO2e/yr,plotted,"[""Emissions|GHG|Industry|Non-Metallic Minerals|Cement"", ""Emissions|GHG|Industry|Iron and Steel"", ""Emissions|GHG|Industry|Non-Ferrous Metals|Aluminum""]",fig07_emissions_response,,,,,,"[""AFE"", ""AFN"", ""AFW"", ""AFZ"", ""ANZ"", ""ASC"", ""ASE"", ""ASO"", ""BRA"", ""CAN"", ""CHL"", ""CHN"", ""ENE"", ""ENW"", ""EUE"", ""EUM"", ""EUW"", ""IDN"", ""IND"", ""JPN"", ""LAM"", ""MDA"", ""MEA"", ""MEX"", ""NIG"", ""RUS"", ""SKT"", ""USA""]",GHG emissions,,,,,,,,medce_eu,,,,,,,trajectory,"[1, 1, 1]",3960.612995462621,,,
ndc_medce_eu,NDC,"Medium CE, EU",a,Global,Three sectors,Three sectors,2040,3878.749515982892,MtCO2e/yr,plotted,"[""Emissions|GHG|Industry|Non-Metallic Minerals|Cement"", ""Emissions|GHG|Industry|Iron and Steel"", ""Emissions|GHG|Industry|Non-Ferrous Metals|Aluminum""]",fig07_emissions_response,,,,,,"[""AFE"", ""AFN"", ""AFW"", ""AFZ"", ""ANZ"", ""ASC"", ""ASE"", ""ASO"", ""BRA"", ""CAN"", ""CHL"", ""CHN"", ""ENE"", ""ENW"", ""EUE"", ""EUM"", ""EUW"", ""IDN"", ""IND"", ""JPN"", ""LAM"", ""MDA"", ""MEA"", ""MEX"", ""NIG"", ""RUS"", ""SKT"", ""USA""]",GHG emissions,,,,,,,,medce_eu,,,,,,,trajectory,"[1, 1, 1]",3878.749515982892,,,
ndc_medce_eu,NDC,"Medium CE, EU",a,Global,Three sectors,Three sectors,2050,3697.0080366185425,MtCO2e/yr,plotted,"[""Emissions|GHG|Industry|Non-Metallic Minerals|Cement"", ""Emissions|GHG|Industry|Iron and Steel"", ""Emissions|GHG|Industry|Non-Ferrous Metals|Aluminum""]",fig07_emissions_response,,,,,,"[""AFE"", ""AFN"", ""AFW"", ""AFZ"", ""ANZ"", ""ASC"", ""ASE"", ""ASO"", ""BRA"", ""CAN"", ""CHL"", ""CHN"", ""ENE"", ""ENW"", ""EUE"", ""EUM"", ""EUW"", ""IDN"", ""IND"", ""JPN"", ""LAM"", ""MDA"", ""MEA"", ""MEX"", ""NIG"", ""RUS"", ""SKT"", ""USA""]",GHG emissions,,,,,,,,medce_eu,,,,,,,trajectory,"[1, 1, 1]",3697.0080366185425,,,
ndc_highce_eu,NDC,"High CE, EU",a,Global,Three sectors,Three sectors,2019,5494.987454113852,MtCO2e/yr,plotted,"[""Emissions|GHG|Industry|Non-Metallic Minerals|Cement"", ""Emissions|GHG|Industry|Iron and Steel"", ""Emissions|GHG|Industry|Non-Ferrous Metals|Aluminum""]",fig07_emissions_response,,,,,,"[""AFE"", ""AFN"", ""AFW"", ""AFZ"", ""ANZ"", ""ASC"", ""ASE"", ""ASO"", ""BRA"", ""CAN"", ""CHL"", ""CHN"", ""ENE"", ""ENW"", ""EUE"", ""EUM"", ""EUW"", ""IDN"", ""IND"", ""JPN"", ""LAM"", ""MDA"", ""MEA"", ""MEX"", ""NIG"", ""RUS"", ""SKT"", ""USA""]",GHG emissions,,,,,,,,highce_eu,,,,,,,trajectory,"[1, 1, 1]",5494.987454113852,,,
ndc_highce_eu,NDC,"High CE, EU",a,Global,Three sectors,Three sectors,2024,5249.263336500017,MtCO2e/yr,plotted,"[""Emissions|GHG|Industry|Non-Metallic Minerals|Cement"", ""Emissions|GHG|Industry|Iron and Steel"", ""Emissions|GHG|Industry|Non-Ferrous Metals|Aluminum""]",fig07_emissions_response,,,,,,"[""AFE"", ""AFN"", ""AFW"", ""AFZ"", ""ANZ"", ""ASC"", ""ASE"", ""ASO"", ""BRA"", ""CAN"", ""CHL"", ""CHN"", ""ENE"", ""ENW"", ""EUE"", ""EUM"", ""EUW"", ""IDN"", ""IND"", ""JPN"", ""LAM"", ""MDA"", ""MEA"", ""MEX"", ""NIG"", ""RUS"", ""SKT"", ""USA""]",GHG emissions,,,,,,,,highce_eu,,,,,,,trajectory,"[1, 1, 1]",5249.263336500017,,,
ndc_highce_eu,NDC,"High CE, EU",a,Global,Three sectors,Three sectors,2030,4405.986902454952,MtCO2e/yr,plotted,"[""Emissions|GHG|Industry|Non-Metallic Minerals|Cement"", ""Emissions|GHG|Industry|Iron and Steel"", ""Emissions|GHG|Industry|Non-Ferrous Metals|Aluminum""]",fig07_emissions_response,,,,,,"[""AFE"", ""AFN"", ""AFW"", ""AFZ"", ""ANZ"", ""ASC"", ""ASE"", ""ASO"", ""BRA"", ""CAN"", ""CHL"", ""CHN"", ""ENE"", ""ENW"", ""EUE"", ""EUM"", ""EUW"", ""IDN"", ""IND"", ""JPN"", ""LAM"", ""MDA"", ""MEA"", ""MEX"", ""NIG"", ""RUS"", ""SKT"", ""USA""]",GHG emissions,,,,,,,,highce_eu,,,,,,,trajectory,"[1, 1, 1]",4405.986902454952,,,
ndc_highce_eu,NDC,"High CE, EU",a,Global,Three sectors,Three sectors,2035,3955.422495460824,MtCO2e/yr,plotted,"[""Emissions|GHG|Industry|Non-Metallic Minerals|Cement"", ""Emissions|GHG|Industry|Iron and Steel"", ""Emissions|GHG|Industry|Non-Ferrous Metals|Aluminum""]",fig07_emissions_response,,,,,,"[""AFE"", ""AFN"", ""AFW"", ""AFZ"", ""ANZ"", ""ASC"", ""ASE"", ""ASO"", ""BRA"", ""CAN"", ""CHL"", ""CHN"", ""ENE"", ""ENW"", ""EUE"", ""EUM"", ""EUW"", ""IDN"", ""IND"", ""JPN"", ""LAM"", ""MDA"", ""MEA"", ""MEX"", ""NIG"", ""RUS"", ""SKT"", ""USA""]",GHG emissions,,,,,,,,highce_eu,,,,,,,trajectory,"[1, 1, 1]",3955.422495460824,,,
ndc_highce_eu,NDC,"High CE, EU",a,Global,Three sectors,Three sectors,2040,3872.753426947573,MtCO2e/yr,plotted,"[""Emissions|GHG|Industry|Non-Metallic Minerals|Cement"", ""Emissions|GHG|Industry|Iron and Steel"", ""Emissions|GHG|Industry|Non-Ferrous Metals|Aluminum""]",fig07_emissions_response,,,,,,"[""AFE"", ""AFN"", ""AFW"", ""AFZ"", ""ANZ"", ""ASC"", ""ASE"", ""ASO"", ""BRA"", ""CAN"", ""CHL"", ""CHN"", ""ENE"", ""ENW"", ""EUE"", ""EUM"", ""EUW"", ""IDN"", ""IND"", ""JPN"", ""LAM"", ""MDA"", ""MEA"", ""MEX"", ""NIG"", ""RUS"", ""SKT"", ""USA""]",GHG emissions,,,,,,,,highce_eu,,,,,,,trajectory,"[1, 1, 1]",3872.753426947573,,,
ndc_highce_eu,NDC,"High CE, EU",a,Global,Three sectors,Three sectors,2050,3687.28739043233,MtCO2e/yr,plotted,"[""Emissions|GHG|Industry|Non-Metallic Minerals|Cement"", ""Emissions|GHG|Industry|Iron and Steel"", ""Emissions|GHG|Industry|Non-Ferrous Metals|Aluminum""]",fig07_emissions_response,,,,,,"[""AFE"", ""AFN"", ""AFW"", ""AFZ"", ""ANZ"", ""ASC"", ""ASE"", ""ASO"", ""BRA"", ""CAN"", ""CHL"", ""CHN"", ""ENE"", ""ENW"", ""EUE"", ""EUM"", ""EUW"", ""IDN"", ""IND"", ""JPN"", ""LAM"", ""MDA"", ""MEA"", ""MEX"", ""NIG"", ""RUS"", ""SKT"", ""USA""]",GHG emissions,,,,,,,,highce_eu,,,,,,,trajectory,"[1, 1, 1]",3687.28739043233,,,
ndc_medce_gbl,NDC,"Medium CE, EU + partners",a,Global,Three sectors,Three sectors,2019,5494.987454113852,MtCO2e/yr,plotted,"[""Emissions|GHG|Industry|Non-Metallic Minerals|Cement"", ""Emissions|GHG|Industry|Iron and Steel"", ""Emissions|GHG|Industry|Non-Ferrous Metals|Aluminum""]",fig07_emissions_response,,,,,,"[""AFE"", ""AFN"", ""AFW"", ""AFZ"", ""ANZ"", ""ASC"", ""ASE"", ""ASO"", ""BRA"", ""CAN"", ""CHL"", ""CHN"", ""ENE"", ""ENW"", ""EUE"", ""EUM"", ""EUW"", ""IDN"", ""IND"", ""JPN"", ""LAM"", ""MDA"", ""MEA"", ""MEX"", ""NIG"", ""RUS"", ""SKT"", ""USA""]",GHG emissions,,,,,,,,medce_gbl,,,,,,,trajectory,"[1, 1, 1]",5494.987454113852,,,
ndc_medce_gbl,NDC,"Medium CE, EU + partners",a,Global,Three sectors,Three sectors,2024,5249.263336500017,MtCO2e/yr,plotted,"[""Emissions|GHG|Industry|Non-Metallic Minerals|Cement"", ""Emissions|GHG|Industry|Iron and Steel"", ""Emissions|GHG|Industry|Non-Ferrous Metals|Aluminum""]",fig07_emissions_response,,,,,,"[""AFE"", ""AFN"", ""AFW"", ""AFZ"", ""ANZ"", ""ASC"", ""ASE"", ""ASO"", ""BRA"", ""CAN"", ""CHL"", ""CHN"", ""ENE"", ""ENW"", ""EUE"", ""EUM"", ""EUW"", ""IDN"", ""IND"", ""JPN"", ""LAM"", ""MDA"", ""MEA"", ""MEX"", ""NIG"", ""RUS"", ""SKT"", ""USA""]",GHG emissions,,,,,,,,medce_gbl,,,,,,,trajectory,"[1, 1, 1]",5249.263336500017,,,
ndc_medce_gbl,NDC,"Medium CE, EU + partners",a,Global,Three sectors,Three sectors,2030,3973.734528951551,MtCO2e/yr,plotted,"[""Emissions|GHG|Industry|Non-Metallic Minerals|Cement"", ""Emissions|GHG|Industry|Iron and Steel"", ""Emissions|GHG|Industry|Non-Ferrous Metals|Aluminum""]",fig07_emissions_response,,,,,,"[""AFE"", ""AFN"", ""AFW"", ""AFZ"", ""ANZ"", ""ASC"", ""ASE"", ""ASO"", ""BRA"", ""CAN"", ""CHL"", ""CHN"", ""ENE"", ""ENW"", ""EUE"", ""EUM"", ""EUW"", ""IDN"", ""IND"", ""JPN"", ""LAM"", ""MDA"", ""MEA"", ""MEX"", ""NIG"", ""RUS"", ""SKT"", ""USA""]",GHG emissions,,,,,,,,medce_gbl,,,,,,,trajectory,"[1, 1, 1]",3973.734528951551,,,
ndc_medce_gbl,NDC,"Medium CE, EU + partners",a,Global,Three sectors,Three sectors,2035,3581.950212622653,MtCO2e/yr,plotted,"[""Emissions|GHG|Industry|Non-Metallic Minerals|Cement"", ""Emissions|GHG|Industry|Iron and Steel"", ""Emissions|GHG|Industry|Non-Ferrous Metals|Aluminum""]",fig07_emissions_response,,,,,,"[""AFE"", ""AFN"", ""AFW"", ""AFZ"", ""ANZ"", ""ASC"", ""ASE"", ""ASO"", ""BRA"", ""CAN"", ""CHL"", ""CHN"", ""ENE"", ""ENW"", ""EUE"", ""EUM"", ""EUW"", ""IDN"", ""IND"", ""JPN"", ""LAM"", ""MDA"", ""MEA"", ""MEX"", ""NIG"", ""RUS"", ""SKT"", ""USA""]",GHG emissions,,,,,,,,medce_gbl,,,,,,,trajectory,"[1, 1, 1]",3581.950212622653,,,
ndc_medce_gbl,NDC,"Medium CE, EU + partners",a,Global,Three sectors,Three sectors,2040,3476.221530734487,MtCO2e/yr,plotted,"[""Emissions|GHG|Industry|Non-Metallic Minerals|Cement"", ""Emissions|GHG|Industry|Iron and Steel"", ""Emissions|GHG|Industry|Non-Ferrous Metals|Aluminum""]",fig07_emissions_response,,,,,,"[""AFE"", ""AFN"", ""AFW"", ""AFZ"", ""ANZ"", ""ASC"", ""ASE"", ""ASO"", ""BRA"", ""CAN"", ""CHL"", ""CHN"", ""ENE"", ""ENW"", ""EUE"", ""EUM"", ""EUW"", ""IDN"", ""IND"", ""JPN"", ""LAM"", ""MDA"", ""MEA"", ""MEX"", ""NIG"", ""RUS"", ""SKT"", ""USA""]",GHG emissions,,,,,,,,medce_gbl,,,,,,,trajectory,"[1, 1, 1]",3476.221530734487,,,
ndc_medce_gbl,NDC,"Medium CE, EU + partners",a,Global,Three sectors,Three sectors,2050,3040.59241485349,MtCO2e/yr,plotted,"[""Emissions|GHG|Industry|Non-Metallic Minerals|Cement"", ""Emissions|GHG|Industry|Iron and Steel"", ""Emissions|GHG|Industry|Non-Ferrous Metals|Aluminum""]",fig07_emissions_response,,,,,,"[""AFE"", ""AFN"", ""AFW"", ""AFZ"", ""ANZ"", ""ASC"", ""ASE"", ""ASO"", ""BRA"", ""CAN"", ""CHL"", ""CHN"", ""ENE"", ""ENW"", ""EUE"", ""EUM"", ""EUW"", ""IDN"", ""IND"", ""JPN"", ""LAM"", ""MDA"", ""MEA"", ""MEX"", ""NIG"", ""RUS"", ""SKT"", ""USA""]",GHG emissions,,,,,,,,medce_gbl,,,,,,,trajectory,"[1, 1, 1]",3040.59241485349,,,
ndc_highce_gbl,NDC,"High CE, EU + partners",a,Global,Three sectors,Three sectors,2019,5494.987454113852,MtCO2e/yr,plotted,"[""Emissions|GHG|Industry|Non-Metallic Minerals|Cement"", ""Emissions|GHG|Industry|Iron and Steel"", ""Emissions|GHG|Industry|Non-Ferrous Metals|Aluminum""]",fig07_emissions_response,,,,,,"[""AFE"", ""AFN"", ""AFW"", ""AFZ"", ""ANZ"", ""ASC"", ""ASE"", ""ASO"", ""BRA"", ""CAN"", ""CHL"", ""CHN"", ""ENE"", ""ENW"", ""EUE"", ""EUM"", ""EUW"", ""IDN"", ""IND"", ""JPN"", ""LAM"", ""MDA"", ""MEA"", ""MEX"", ""NIG"", ""RUS"", ""SKT"", ""USA""]",GHG emissions,,,,,,,,highce_gbl,,,,,,,trajectory,"[1, 1, 1]",5494.987454113852,,,
ndc_highce_gbl,NDC,"High CE, EU + partners",a,Global,Three sectors,Three sectors,2024,5249.263336500017,MtCO2e/yr,plotted,"[""Emissions|GHG|Industry|Non-Metallic Minerals|Cement"", ""Emissions|GHG|Industry|Iron and Steel"", ""Emissions|GHG|Industry|Non-Ferrous Metals|Aluminum""]",fig07_emissions_response,,,,,,"[""AFE"", ""AFN"", ""AFW"", ""AFZ"", ""ANZ"", ""ASC"", ""ASE"", ""ASO"", ""BRA"", ""CAN"", ""CHL"", ""CHN"", ""ENE"", ""ENW"", ""EUE"", ""EUM"", ""EUW"", ""IDN"", ""IND"", ""JPN"", ""LAM"", ""MDA"", ""MEA"", ""MEX"", ""NIG"", ""RUS"", ""SKT"", ""USA""]",GHG emissions,,,,,,,,highce_gbl,,,,,,,trajectory,"[1, 1, 1]",5249.263336500017,,,
ndc_highce_gbl,NDC,"High CE, EU + partners",a,Global,Three sectors,Three sectors,2030,3889.9626265326165,MtCO2e/yr,plotted,"[""Emissions|GHG|Industry|Non-Metallic Minerals|Cement"", ""Emissions|GHG|Industry|Iron and Steel"", ""Emissions|GHG|Industry|Non-Ferrous Metals|Aluminum""]",fig07_emissions_response,,,,,,"[""AFE"", ""AFN"", ""AFW"", ""AFZ"", ""ANZ"", ""ASC"", ""ASE"", ""ASO"", ""BRA"", ""CAN"", ""CHL"", ""CHN"", ""ENE"", ""ENW"", ""EUE"", ""EUM"", ""EUW"", ""IDN"", ""IND"", ""JPN"", ""LAM"", ""MDA"", ""MEA"", ""MEX"", ""NIG"", ""RUS"", ""SKT"", ""USA""]",GHG emissions,,,,,,,,highce_gbl,,,,,,,trajectory,"[1, 1, 1]",3889.9626265326165,,,
ndc_highce_gbl,NDC,"High CE, EU + partners",a,Global,Three sectors,Three sectors,2035,3458.788805022738,MtCO2e/yr,plotted,"[""Emissions|GHG|Industry|Non-Metallic Minerals|Cement"", ""Emissions|GHG|Industry|Iron and Steel"", ""Emissions|GHG|Industry|Non-Ferrous Metals|Aluminum""]",fig07_emissions_response,,,,,,"[""AFE"", ""AFN"", ""AFW"", ""AFZ"", ""ANZ"", ""ASC"", ""ASE"", ""ASO"", ""BRA"", ""CAN"", ""CHL"", ""CHN"", ""ENE"", ""ENW"", ""EUE"", ""EUM"", ""EUW"", ""IDN"", ""IND"", ""JPN"", ""LAM"", ""MDA"", ""MEA"", ""MEX"", ""NIG"", ""RUS"", ""SKT"", ""USA""]",GHG emissions,,,,,,,,highce_gbl,,,,,,,trajectory,"[1, 1, 1]",3458.788805022738,,,
ndc_highce_gbl,NDC,"High CE, EU + partners",a,Global,Three sectors,Three sectors,2040,3144.288696483311,MtCO2e/yr,plotted,"[""Emissions|GHG|Industry|Non-Metallic Minerals|Cement"", ""Emissions|GHG|Industry|Iron and Steel"", ""Emissions|GHG|Industry|Non-Ferrous Metals|Aluminum""]",fig07_emissions_response,,,,,,"[""AFE"", ""AFN"", ""AFW"", ""AFZ"", ""ANZ"", ""ASC"", ""ASE"", ""ASO"", ""BRA"", ""CAN"", ""CHL"", ""CHN"", ""ENE"", ""ENW"", ""EUE"", ""EUM"", ""EUW"", ""IDN"", ""IND"", ""JPN"", ""LAM"", ""MDA"", ""MEA"", ""MEX"", ""NIG"", ""RUS"", ""SKT"", ""USA""]",GHG emissions,,,,,,,,highce_gbl,,,,,,,trajectory,"[1, 1, 1]",3144.288696483311,,,
ndc_highce_gbl,NDC,"High CE, EU + partners",a,Global,Three sectors,Three sectors,2050,2542.7621577771974,MtCO2e/yr,plotted,"[""Emissions|GHG|Industry|Non-Metallic Minerals|Cement"", ""Emissions|GHG|Industry|Iron and Steel"", ""Emissions|GHG|Industry|Non-Ferrous Metals|Aluminum""]",fig07_emissions_response,,,,,,"[""AFE"", ""AFN"", ""AFW"", ""AFZ"", ""ANZ"", ""ASC"", ""ASE"", ""ASO"", ""BRA"", ""CAN"", ""CHL"", ""CHN"", ""ENE"", ""ENW"", ""EUE"", ""EUM"", ""EUW"", ""IDN"", ""IND"", ""JPN"", ""LAM"", ""MDA"", ""MEA"", ""MEX"", ""NIG"", ""RUS"", ""SKT"", ""USA""]",GHG emissions,,,,,,,,highce_gbl,,,,,,,trajectory,"[1, 1, 1]",2542.7621577771974,,,
ndc_medce_eu,NDC,"Medium CE, EU",c,Global,Cement,Cement,2050,15.810807413371549,MtCO2e/yr,plotted,"[""Emissions|GHG|Industry|Non-Metallic Minerals|Cement""]",fig07_emissions_response,,,,,,"[""AFE"", ""AFN"", ""AFW"", ""AFZ"", ""ANZ"", ""ASC"", ""ASE"", ""ASO"", ""BRA"", ""CAN"", ""CHL"", ""CHN"", ""ENE"", ""ENW"", ""EUE"", ""EUM"", ""EUW"", ""IDN"", ""IND"", ""JPN"", ""LAM"", ""MDA"", ""MEA"", ""MEX"", ""NIG"", ""RUS"", ""SKT"", ""USA""]",GHG emissions change,,,,,,,,medce_eu,,,,,ndc_noce,2050.0,industry,[1],1822.488323693176,1806.6775162798044,,
ndc_medce_eu,NDC,"Medium CE, EU",c,Global,Iron and steel,Iron and steel,2050,-85.352977788732,MtCO2e/yr,plotted,"[""Emissions|GHG|Industry|Iron and Steel""]",fig07_emissions_response,,,,,,"[""AFE"", ""AFN"", ""AFW"", ""AFZ"", ""ANZ"", ""ASC"", ""ASE"", ""ASO"", ""BRA"", ""CAN"", ""CHL"", ""CHN"", ""ENE"", ""ENW"", ""EUE"", ""EUM"", ""EUW"", ""IDN"", ""IND"", ""JPN"", ""LAM"", ""MDA"", ""MEA"", ""MEX"", ""NIG"", ""RUS"", ""SKT"", ""USA""]",GHG emissions change,,,,,,,,medce_eu,,,,,ndc_noce,2050.0,industry,[1],1791.0207986636922,1876.3737764524242,,
ndc_medce_eu,NDC,"Medium CE, EU",c,Global,Aluminium,Aluminium,2050,3.413472013387292,MtCO2e/yr,plotted,"[""Emissions|GHG|Industry|Non-Ferrous Metals|Aluminum""]",fig07_emissions_response,,,,,,"[""AFE"", ""AFN"", ""AFW"", ""AFZ"", ""ANZ"", ""ASC"", ""ASE"", ""ASO"", ""BRA"", ""CAN"", ""CHL"", ""CHN"", ""ENE"", ""ENW"", ""EUE"", ""EUM"", ""EUW"", ""IDN"", ""IND"", ""JPN"", ""LAM"", ""MDA"", ""MEA"", ""MEX"", ""NIG"", ""RUS"", ""SKT"", ""USA""]",GHG emissions change,,,,,,,,medce_eu,,,,,ndc_noce,2050.0,industry,[1],83.49891426167454,80.08544224828725,,
ndc_medce_eu,NDC,"Medium CE, EU",c,Global,Other industry,Other industry,2050,25.325672474841667,MtCO2e/yr,plotted,"[""Emissions|GHG|Industry"", ""Emissions|GHG|Industry|Non-Metallic Minerals|Cement"", ""Emissions|GHG|Industry|Iron and Steel"", ""Emissions|GHG|Industry|Non-Ferrous Metals|Aluminum""]",fig07_emissions_response,,,,,,"[""AFE"", ""AFN"", ""AFW"", ""AFZ"", ""ANZ"", ""ASC"", ""ASE"", ""ASO"", ""BRA"", ""CAN"", ""CHL"", ""CHN"", ""ENE"", ""ENW"", ""EUE"", ""EUM"", ""EUW"", ""IDN"", ""IND"", ""JPN"", ""LAM"", ""MDA"", ""MEA"", ""MEX"", ""NIG"", ""RUS"", ""SKT"", ""USA""]",GHG emissions change,,,,,,,,medce_eu,,,,,ndc_noce,2050.0,industry,"[1, -1, -1, -1]",7096.956452864775,7071.6307803899335,,
ndc_medce_eu,NDC,"Medium CE, EU",c,Global,Total industry,Total industry,2050,-40.8030258871313,MtCO2e/yr,net,"[""Emissions|GHG|Industry""]",fig07_emissions_response,,,,,,"[""AFE"", ""AFN"", ""AFW"", ""AFZ"", ""ANZ"", ""ASC"", ""ASE"", ""ASO"", ""BRA"", ""CAN"", ""CHL"", ""CHN"", ""ENE"", ""ENW"", ""EUE"", ""EUM"", ""EUW"", ""IDN"", ""IND"", ""JPN"", ""LAM"", ""MDA"", ""MEA"", ""MEX"", ""NIG"", ""RUS"", ""SKT"", ""USA""]",GHG emissions change,,,,,,,,medce_eu,,,,,ndc_noce,2050.0,industry,[1],10793.964489483318,10834.76751537045,,
ndc_medce_eu,NDC,"Medium CE, EU",e,EU,Three sectors,EU,2050,-8.835904813822268,MtCO2e/yr,plotted,"[""Emissions|GHG|Industry|Non-Metallic Minerals|Cement"", ""Emissions|GHG|Industry|Iron and Steel"", ""Emissions|GHG|Industry|Non-Ferrous Metals|Aluminum""]",fig07_emissions_response,,,,,,"[""EUE"", ""EUM"", ""EUW""]",GHG emissions change,,,,,,,,medce_eu,,,,,ndc_noce,2050.0,geography,"[1, 1, 1]",61.850597288278195,70.68650210210046,,
ndc_medce_eu,NDC,"Medium CE, EU",e,India,Three sectors,India,2050,-12.262328123540897,MtCO2e/yr,plotted,"[""Emissions|GHG|Industry|Non-Metallic Minerals|Cement"", ""Emissions|GHG|Industry|Iron and Steel"", ""Emissions|GHG|Industry|Non-Ferrous Metals|Aluminum""]",fig07_emissions_response,,,,,,"[""IND""]",GHG emissions change,,,,,,,,medce_eu,,,,,ndc_noce,2050.0,geography,"[1, 1, 1]",885.3722175566721,897.634545680213,,
ndc_medce_eu,NDC,"Medium CE, EU",e,China,Three sectors,China,2050,-53.04998506827792,MtCO2e/yr,plotted,"[""Emissions|GHG|Industry|Non-Metallic Minerals|Cement"", ""Emissions|GHG|Industry|Iron and Steel"", ""Emissions|GHG|Industry|Non-Ferrous Metals|Aluminum""]",fig07_emissions_response,,,,,,"[""CHN""]",GHG emissions change,,,,,,,,medce_eu,,,,,ndc_noce,2050.0,geography,"[1, 1, 1]",1464.1011414798083,1517.1511265480863,,
ndc_medce_eu,NDC,"Medium CE, EU",e,Indonesia group,Three sectors,Indonesia group,2050,1.0882630901789696,MtCO2e/yr,plotted,"[""Emissions|GHG|Industry|Non-Metallic Minerals|Cement"", ""Emissions|GHG|Industry|Iron and Steel"", ""Emissions|GHG|Industry|Non-Ferrous Metals|Aluminum""]",fig07_emissions_response,,,,,,"[""IDN""]",GHG emissions change,,,,,,,,medce_eu,,,,,ndc_noce,2050.0,geography,"[1, 1, 1]",239.26537258351527,238.1771094933363,,
ndc_medce_eu,NDC,"Medium CE, EU",e,Other partners,Three sectors,Other partners,2050,1.3024407447741737,MtCO2e/yr,plotted,"[""Emissions|GHG|Industry|Non-Metallic Minerals|Cement"", ""Emissions|GHG|Industry|Iron and Steel"", ""Emissions|GHG|Industry|Non-Ferrous Metals|Aluminum""]",fig07_emissions_response,,,,,,"[""ANZ"", ""BRA"", ""CAN"", ""CHL"", ""ENE"", ""ENW"", ""JPN"", ""MEX"", ""RUS"", ""SKT"", ""USA""]",GHG emissions change,,,,,,,,medce_eu,,,,,ndc_noce,2050.0,geography,"[1, 1, 1]",258.38018413498486,257.0777433902107,,
ndc_medce_eu,NDC,"Medium CE, EU",e,Rest of world,Three sectors,Rest of world,2050,5.62881580871408,MtCO2e/yr,plotted,"[""Emissions|GHG|Industry|Non-Metallic Minerals|Cement"", ""Emissions|GHG|Industry|Iron and Steel"", ""Emissions|GHG|Industry|Non-Ferrous Metals|Aluminum""]",fig07_emissions_response,,,,,,"[""AFE"", ""AFN"", ""AFW"", ""AFZ"", ""ASC"", ""ASE"", ""ASO"", ""LAM"", ""MDA"", ""MEA"", ""NIG""]",GHG emissions change,,,,,,,,medce_eu,,,,,ndc_noce,2050.0,geography,"[1, 1, 1]",788.0385235752833,782.4097077665692,,
ndc_medce_eu,NDC,"Medium CE, EU",e,Global,Three sectors,Global net,2050,-66.12869836197342,MtCO2e/yr,net,"[""Emissions|GHG|Industry|Non-Metallic Minerals|Cement"", ""Emissions|GHG|Industry|Iron and Steel"", ""Emissions|GHG|Industry|Non-Ferrous Metals|Aluminum""]",fig07_emissions_response,,,,,,"[""AFE"", ""AFN"", ""AFW"", ""AFZ"", ""ANZ"", ""ASC"", ""ASE"", ""ASO"", ""BRA"", ""CAN"", ""CHL"", ""CHN"", ""ENE"", ""ENW"", ""EUE"", ""EUM"", ""EUW"", ""IDN"", ""IND"", ""JPN"", ""LAM"", ""MDA"", ""MEA"", ""MEX"", ""NIG"", ""RUS"", ""SKT"", ""USA""]",GHG emissions change,,,,,,,,medce_eu,,,,,ndc_noce,2050.0,geography,"[1, 1, 1]",3697.0080366185425,3763.136734980516,,
ndc_highce_eu,NDC,"High CE, EU",c,Global,Cement,Cement,2050,8.352755406299366,MtCO2e/yr,plotted,"[""Emissions|GHG|Industry|Non-Metallic Minerals|Cement""]",fig07_emissions_response,,,,,,"[""AFE"", ""AFN"", ""AFW"", ""AFZ"", ""ANZ"", ""ASC"", ""ASE"", ""ASO"", ""BRA"", ""CAN"", ""CHL"", ""CHN"", ""ENE"", ""ENW"", ""EUE"", ""EUM"", ""EUW"", ""IDN"", ""IND"", ""JPN"", ""LAM"", ""MDA"", ""MEA"", ""MEX"", ""NIG"", ""RUS"", ""SKT"", ""USA""]",GHG emissions change,,,,,,,,highce_eu,,,,,ndc_noce,2050.0,industry,[1],1815.0302716861038,1806.6775162798044,,
ndc_highce_eu,NDC,"High CE, EU",c,Global,Iron and steel,Iron and steel,2050,-86.77350831686795,MtCO2e/yr,plotted,"[""Emissions|GHG|Industry|Iron and Steel""]",fig07_emissions_response,,,,,,"[""AFE"", ""AFN"", ""AFW"", ""AFZ"", ""ANZ"", ""ASC"", ""ASE"", ""ASO"", ""BRA"", ""CAN"", ""CHL"", ""CHN"", ""ENE"", ""ENW"", ""EUE"", ""EUM"", ""EUW"", ""IDN"", ""IND"", ""JPN"", ""LAM"", ""MDA"", ""MEA"", ""MEX"", ""NIG"", ""RUS"", ""SKT"", ""USA""]",GHG emissions change,,,,,,,,highce_eu,,,,,ndc_noce,2050.0,industry,[1],1789.6002681355562,1876.3737764524242,,
ndc_highce_eu,NDC,"High CE, EU",c,Global,Aluminium,Aluminium,2050,2.5714083623827264,MtCO2e/yr,plotted,"[""Emissions|GHG|Industry|Non-Ferrous Metals|Aluminum""]",fig07_emissions_response,,,,,,"[""AFE"", ""AFN"", ""AFW"", ""AFZ"", ""ANZ"", ""ASC"", ""ASE"", ""ASO"", ""BRA"", ""CAN"", ""CHL"", ""CHN"", ""ENE"", ""ENW"", ""EUE"", ""EUM"", ""EUW"", ""IDN"", ""IND"", ""JPN"", ""LAM"", ""MDA"", ""MEA"", ""MEX"", ""NIG"", ""RUS"", ""SKT"", ""USA""]",GHG emissions change,,,,,,,,highce_eu,,,,,ndc_noce,2050.0,industry,[1],82.65685061066998,80.08544224828725,,
ndc_highce_eu,NDC,"High CE, EU",c,Global,Other industry,Other industry,2050,27.363795295515047,MtCO2e/yr,plotted,"[""Emissions|GHG|Industry"", ""Emissions|GHG|Industry|Non-Metallic Minerals|Cement"", ""Emissions|GHG|Industry|Iron and Steel"", ""Emissions|GHG|Industry|Non-Ferrous Metals|Aluminum""]",fig07_emissions_response,,,,,,"[""AFE"", ""AFN"", ""AFW"", ""AFZ"", ""ANZ"", ""ASC"", ""ASE"", ""ASO"", ""BRA"", ""CAN"", ""CHL"", ""CHN"", ""ENE"", ""ENW"", ""EUE"", ""EUM"", ""EUW"", ""IDN"", ""IND"", ""JPN"", ""LAM"", ""MDA"", ""MEA"", ""MEX"", ""NIG"", ""RUS"", ""SKT"", ""USA""]",GHG emissions change,,,,,,,,highce_eu,,,,,ndc_noce,2050.0,industry,"[1, -1, -1, -1]",7098.994575685449,7071.6307803899335,,
ndc_highce_eu,NDC,"High CE, EU",c,Global,Total industry,Total industry,2050,-48.48554925267126,MtCO2e/yr,net,"[""Emissions|GHG|Industry""]",fig07_emissions_response,,,,,,"[""AFE"", ""AFN"", ""AFW"", ""AFZ"", ""ANZ"", ""ASC"", ""ASE"", ""ASO"", ""BRA"", ""CAN"", ""CHL"", ""CHN"", ""ENE"", ""ENW"", ""EUE"", ""EUM"", ""EUW"", ""IDN"", ""IND"", ""JPN"", ""LAM"", ""MDA"", ""MEA"", ""MEX"", ""NIG"", ""RUS"", ""SKT"", ""USA""]",GHG emissions change,,,,,,,,highce_eu,,,,,ndc_noce,2050.0,industry,[1],10786.281966117778,10834.76751537045,,
ndc_highce_eu,NDC,"High CE, EU",e,EU,Three sectors,EU,2050,-15.819212655113361,MtCO2e/yr,plotted,"[""Emissions|GHG|Industry|Non-Metallic Minerals|Cement"", ""Emissions|GHG|Industry|Iron and Steel"", ""Emissions|GHG|Industry|Non-Ferrous Metals|Aluminum""]",fig07_emissions_response,,,,,,"[""EUE"", ""EUM"", ""EUW""]",GHG emissions change,,,,,,,,highce_eu,,,,,ndc_noce,2050.0,geography,"[1, 1, 1]",54.8672894469871,70.68650210210046,,
ndc_highce_eu,NDC,"High CE, EU",e,India,Three sectors,India,2050,-13.763768523743806,MtCO2e/yr,plotted,"[""Emissions|GHG|Industry|Non-Metallic Minerals|Cement"", ""Emissions|GHG|Industry|Iron and Steel"", ""Emissions|GHG|Industry|Non-Ferrous Metals|Aluminum""]",fig07_emissions_response,,,,,,"[""IND""]",GHG emissions change,,,,,,,,highce_eu,,,,,ndc_noce,2050.0,geography,"[1, 1, 1]",883.8707771564692,897.634545680213,,
ndc_highce_eu,NDC,"High CE, EU",e,China,Three sectors,China,2050,-53.139708305847535,MtCO2e/yr,plotted,"[""Emissions|GHG|Industry|Non-Metallic Minerals|Cement"", ""Emissions|GHG|Industry|Iron and Steel"", ""Emissions|GHG|Industry|Non-Ferrous Metals|Aluminum""]",fig07_emissions_response,,,,,,"[""CHN""]",GHG emissions change,,,,,,,,highce_eu,,,,,ndc_noce,2050.0,geography,"[1, 1, 1]",1464.0114182422387,1517.1511265480863,,
ndc_highce_eu,NDC,"High CE, EU",e,Indonesia group,Three sectors,Indonesia group,2050,0.9471071138709988,MtCO2e/yr,plotted,"[""Emissions|GHG|Industry|Non-Metallic Minerals|Cement"", ""Emissions|GHG|Industry|Iron and Steel"", ""Emissions|GHG|Industry|Non-Ferrous Metals|Aluminum""]",fig07_emissions_response,,,,,,"[""IDN""]",GHG emissions change,,,,,,,,highce_eu,,,,,ndc_noce,2050.0,geography,"[1, 1, 1]",239.1242166072073,238.1771094933363,,
ndc_highce_eu,NDC,"High CE, EU",e,Other partners,Three sectors,Other partners,2050,1.157918834843258,MtCO2e/yr,plotted,"[""Emissions|GHG|Industry|Non-Metallic Minerals|Cement"", ""Emissions|GHG|Industry|Iron and Steel"", ""Emissions|GHG|Industry|Non-Ferrous Metals|Aluminum""]",fig07_emissions_response,,,,,,"[""ANZ"", ""BRA"", ""CAN"", ""CHL"", ""ENE"", ""ENW"", ""JPN"", ""MEX"", ""RUS"", ""SKT"", ""USA""]",GHG emissions change,,,,,,,,highce_eu,,,,,ndc_noce,2050.0,geography,"[1, 1, 1]",258.23566222505394,257.0777433902107,,
ndc_highce_eu,NDC,"High CE, EU",e,Rest of world,Three sectors,Rest of world,2050,4.768318987804605,MtCO2e/yr,plotted,"[""Emissions|GHG|Industry|Non-Metallic Minerals|Cement"", ""Emissions|GHG|Industry|Iron and Steel"", ""Emissions|GHG|Industry|Non-Ferrous Metals|Aluminum""]",fig07_emissions_response,,,,,,"[""AFE"", ""AFN"", ""AFW"", ""AFZ"", ""ASC"", ""ASE"", ""ASO"", ""LAM"", ""MDA"", ""MEA"", ""NIG""]",GHG emissions change,,,,,,,,highce_eu,,,,,ndc_noce,2050.0,geography,"[1, 1, 1]",787.1780267543738,782.4097077665692,,
ndc_highce_eu,NDC,"High CE, EU",e,Global,Three sectors,Global net,2050,-75.84934454818585,MtCO2e/yr,net,"[""Emissions|GHG|Industry|Non-Metallic Minerals|Cement"", ""Emissions|GHG|Industry|Iron and Steel"", ""Emissions|GHG|Industry|Non-Ferrous Metals|Aluminum""]",fig07_emissions_response,,,,,,"[""AFE"", ""AFN"", ""AFW"", ""AFZ"", ""ANZ"", ""ASC"", ""ASE"", ""ASO"", ""BRA"", ""CAN"", ""CHL"", ""CHN"", ""ENE"", ""ENW"", ""EUE"", ""EUM"", ""EUW"", ""IDN"", ""IND"", ""JPN"", ""LAM"", ""MDA"", ""MEA"", ""MEX"", ""NIG"", ""RUS"", ""SKT"", ""USA""]",GHG emissions change,,,,,,,,highce_eu,,,,,ndc_noce,2050.0,geography,"[1, 1, 1]",3687.28739043233,3763.136734980516,,
ndc_medce_gbl,NDC,"Medium CE, EU + partners",c,Global,Cement,Cement,2050,-240.31321632085996,MtCO2e/yr,plotted,"[""Emissions|GHG|Industry|Non-Metallic Minerals|Cement""]",fig07_emissions_response,,,,,,"[""AFE"", ""AFN"", ""AFW"", ""AFZ"", ""ANZ"", ""ASC"", ""ASE"", ""ASO"", ""BRA"", ""CAN"", ""CHL"", ""CHN"", ""ENE"", ""ENW"", ""EUE"", ""EUM"", ""EUW"", ""IDN"", ""IND"", ""JPN"", ""LAM"", ""MDA"", ""MEA"", ""MEX"", ""NIG"", ""RUS"", ""SKT"", ""USA""]",GHG emissions change,,,,,,,,medce_gbl,,,,,ndc_noce,2050.0,industry,[1],1566.3642999589445,1806.6775162798044,,
ndc_medce_gbl,NDC,"Medium CE, EU + partners",c,Global,Iron and steel,Iron and steel,2050,-472.4103314554475,MtCO2e/yr,plotted,"[""Emissions|GHG|Industry|Iron and Steel""]",fig07_emissions_response,,,,,,"[""AFE"", ""AFN"", ""AFW"", ""AFZ"", ""ANZ"", ""ASC"", ""ASE"", ""ASO"", ""BRA"", ""CAN"", ""CHL"", ""CHN"", ""ENE"", ""ENW"", ""EUE"", ""EUM"", ""EUW"", ""IDN"", ""IND"", ""JPN"", ""LAM"", ""MDA"", ""MEA"", ""MEX"", ""NIG"", ""RUS"", ""SKT"", ""USA""]",GHG emissions change,,,,,,,,medce_gbl,,,,,ndc_noce,2050.0,industry,[1],1403.9634449969767,1876.3737764524242,,
ndc_medce_gbl,NDC,"Medium CE, EU + partners",c,Global,Aluminium,Aluminium,2050,-9.820772350718059,MtCO2e/yr,plotted,"[""Emissions|GHG|Industry|Non-Ferrous Metals|Aluminum""]",fig07_emissions_response,,,,,,"[""AFE"", ""AFN"", ""AFW"", ""AFZ"", ""ANZ"", ""ASC"", ""ASE"", ""ASO"", ""BRA"", ""CAN"", ""CHL"", ""CHN"", ""ENE"", ""ENW"", ""EUE"", ""EUM"", ""EUW"", ""IDN"", ""IND"", ""JPN"", ""LAM"", ""MDA"", ""MEA"", ""MEX"", ""NIG"", ""RUS"", ""SKT"", ""USA""]",GHG emissions change,,,,,,,,medce_gbl,,,,,ndc_noce,2050.0,industry,[1],70.26466989756919,80.08544224828725,,
ndc_medce_gbl,NDC,"Medium CE, EU + partners",c,Global,Other industry,Other industry,2050,50.760013215875915,MtCO2e/yr,plotted,"[""Emissions|GHG|Industry"", ""Emissions|GHG|Industry|Non-Metallic Minerals|Cement"", ""Emissions|GHG|Industry|Iron and Steel"", ""Emissions|GHG|Industry|Non-Ferrous Metals|Aluminum""]",fig07_emissions_response,,,,,,"[""AFE"", ""AFN"", ""AFW"", ""AFZ"", ""ANZ"", ""ASC"", ""ASE"", ""ASO"", ""BRA"", ""CAN"", ""CHL"", ""CHN"", ""ENE"", ""ENW"", ""EUE"", ""EUM"", ""EUW"", ""IDN"", ""IND"", ""JPN"", ""LAM"", ""MDA"", ""MEA"", ""MEX"", ""NIG"", ""RUS"", ""SKT"", ""USA""]",GHG emissions change,,,,,,,,medce_gbl,,,,,ndc_noce,2050.0,industry,"[1, -1, -1, -1]",7122.390793605809,7071.6307803899335,,
ndc_medce_gbl,NDC,"Medium CE, EU + partners",c,Global,Total industry,Total industry,2050,-671.7843069111495,MtCO2e/yr,net,"[""Emissions|GHG|Industry""]",fig07_emissions_response,,,,,,"[""AFE"", ""AFN"", ""AFW"", ""AFZ"", ""ANZ"", ""ASC"", ""ASE"", ""ASO"", ""BRA"", ""CAN"", ""CHL"", ""CHN"", ""ENE"", ""ENW"", ""EUE"", ""EUM"", ""EUW"", ""IDN"", ""IND"", ""JPN"", ""LAM"", ""MDA"", ""MEA"", ""MEX"", ""NIG"", ""RUS"", ""SKT"", ""USA""]",GHG emissions change,,,,,,,,medce_gbl,,,,,ndc_noce,2050.0,industry,[1],10162.9832084593,10834.76751537045,,
ndc_medce_gbl,NDC,"Medium CE, EU + partners",e,EU,Three sectors,EU,2050,-13.795449724344152,MtCO2e/yr,plotted,"[""Emissions|GHG|Industry|Non-Metallic Minerals|Cement"", ""Emissions|GHG|Industry|Iron and Steel"", ""Emissions|GHG|Industry|Non-Ferrous Metals|Aluminum""]",fig07_emissions_response,,,,,,"[""EUE"", ""EUM"", ""EUW""]",GHG emissions change,,,,,,,,medce_gbl,,,,,ndc_noce,2050.0,geography,"[1, 1, 1]",56.89105237775631,70.68650210210046,,
ndc_medce_gbl,NDC,"Medium CE, EU + partners",e,India,Three sectors,India,2050,-347.66594698132235,MtCO2e/yr,plotted,"[""Emissions|GHG|Industry|Non-Metallic Minerals|Cement"", ""Emissions|GHG|Industry|Iron and Steel"", ""Emissions|GHG|Industry|Non-Ferrous Metals|Aluminum""]",fig07_emissions_response,,,,,,"[""IND""]",GHG emissions change,,,,,,,,medce_gbl,,,,,ndc_noce,2050.0,geography,"[1, 1, 1]",549.9685986988907,897.634545680213,,
ndc_medce_gbl,NDC,"Medium CE, EU + partners",e,China,Three sectors,China,2050,-271.0806087449025,MtCO2e/yr,plotted,"[""Emissions|GHG|Industry|Non-Metallic Minerals|Cement"", ""Emissions|GHG|Industry|Iron and Steel"", ""Emissions|GHG|Industry|Non-Ferrous Metals|Aluminum""]",fig07_emissions_response,,,,,,"[""CHN""]",GHG emissions change,,,,,,,,medce_gbl,,,,,ndc_noce,2050.0,geography,"[1, 1, 1]",1246.0705178031837,1517.1511265480863,,
ndc_medce_gbl,NDC,"Medium CE, EU + partners",e,Indonesia group,Three sectors,Indonesia group,2050,-53.32927740489603,MtCO2e/yr,plotted,"[""Emissions|GHG|Industry|Non-Metallic Minerals|Cement"", ""Emissions|GHG|Industry|Iron and Steel"", ""Emissions|GHG|Industry|Non-Ferrous Metals|Aluminum""]",fig07_emissions_response,,,,,,"[""IDN""]",GHG emissions change,,,,,,,,medce_gbl,,,,,ndc_noce,2050.0,geography,"[1, 1, 1]",184.84783208844027,238.1771094933363,,
ndc_medce_gbl,NDC,"Medium CE, EU + partners",e,Other partners,Three sectors,Other partners,2050,-55.96047971268587,MtCO2e/yr,plotted,"[""Emissions|GHG|Industry|Non-Metallic Minerals|Cement"", ""Emissions|GHG|Industry|Iron and Steel"", ""Emissions|GHG|Industry|Non-Ferrous Metals|Aluminum""]",fig07_emissions_response,,,,,,"[""ANZ"", ""BRA"", ""CAN"", ""CHL"", ""ENE"", ""ENW"", ""JPN"", ""MEX"", ""RUS"", ""SKT"", ""USA""]",GHG emissions change,,,,,,,,medce_gbl,,,,,ndc_noce,2050.0,geography,"[1, 1, 1]",201.11726367752482,257.0777433902107,,
ndc_medce_gbl,NDC,"Medium CE, EU + partners",e,Rest of world,Three sectors,Rest of world,2050,19.287442441125563,MtCO2e/yr,plotted,"[""Emissions|GHG|Industry|Non-Metallic Minerals|Cement"", ""Emissions|GHG|Industry|Iron and Steel"", ""Emissions|GHG|Industry|Non-Ferrous Metals|Aluminum""]",fig07_emissions_response,,,,,,"[""AFE"", ""AFN"", ""AFW"", ""AFZ"", ""ASC"", ""ASE"", ""ASO"", ""LAM"", ""MDA"", ""MEA"", ""NIG""]",GHG emissions change,,,,,,,,medce_gbl,,,,,ndc_noce,2050.0,geography,"[1, 1, 1]",801.6971502076948,782.4097077665692,,
ndc_medce_gbl,NDC,"Medium CE, EU + partners",e,Global,Three sectors,Global net,2050,-722.5443201270259,MtCO2e/yr,net,"[""Emissions|GHG|Industry|Non-Metallic Minerals|Cement"", ""Emissions|GHG|Industry|Iron and Steel"", ""Emissions|GHG|Industry|Non-Ferrous Metals|Aluminum""]",fig07_emissions_response,,,,,,"[""AFE"", ""AFN"", ""AFW"", ""AFZ"", ""ANZ"", ""ASC"", ""ASE"", ""ASO"", ""BRA"", ""CAN"", ""CHL"", ""CHN"", ""ENE"", ""ENW"", ""EUE"", ""EUM"", ""EUW"", ""IDN"", ""IND"", ""JPN"", ""LAM"", ""MDA"", ""MEA"", ""MEX"", ""NIG"", ""RUS"", ""SKT"", ""USA""]",GHG emissions change,,,,,,,,medce_gbl,,,,,ndc_noce,2050.0,geography,"[1, 1, 1]",3040.59241485349,3763.136734980516,,
ndc_highce_gbl,NDC,"High CE, EU + partners",c,Global,Cement,Cement,2050,-416.72495632199343,MtCO2e/yr,plotted,"[""Emissions|GHG|Industry|Non-Metallic Minerals|Cement""]",fig07_emissions_response,,,,,,"[""AFE"", ""AFN"", ""AFW"", ""AFZ"", ""ANZ"", ""ASC"", ""ASE"", ""ASO"", ""BRA"", ""CAN"", ""CHL"", ""CHN"", ""ENE"", ""ENW"", ""EUE"", ""EUM"", ""EUW"", ""IDN"", ""IND"", ""JPN"", ""LAM"", ""MDA"", ""MEA"", ""MEX"", ""NIG"", ""RUS"", ""SKT"", ""USA""]",GHG emissions change,,,,,,,,highce_gbl,,,,,ndc_noce,2050.0,industry,[1],1389.952559957811,1806.6775162798044,,
ndc_highce_gbl,NDC,"High CE, EU + partners",c,Global,Iron and steel,Iron and steel,2050,-789.3766782755577,MtCO2e/yr,plotted,"[""Emissions|GHG|Industry|Iron and Steel""]",fig07_emissions_response,,,,,,"[""AFE"", ""AFN"", ""AFW"", ""AFZ"", ""ANZ"", ""ASC"", ""ASE"", ""ASO"", ""BRA"", ""CAN"", ""CHL"", ""CHN"", ""ENE"", ""ENW"", ""EUE"", ""EUM"", ""EUW"", ""IDN"", ""IND"", ""JPN"", ""LAM"", ""MDA"", ""MEA"", ""MEX"", ""NIG"", ""RUS"", ""SKT"", ""USA""]",GHG emissions change,,,,,,,,highce_gbl,,,,,ndc_noce,2050.0,industry,[1],1086.9970981768665,1876.3737764524242,,
ndc_highce_gbl,NDC,"High CE, EU + partners",c,Global,Aluminium,Aluminium,2050,-14.272942605767255,MtCO2e/yr,plotted,"[""Emissions|GHG|Industry|Non-Ferrous Metals|Aluminum""]",fig07_emissions_response,,,,,,"[""AFE"", ""AFN"", ""AFW"", ""AFZ"", ""ANZ"", ""ASC"", ""ASE"", ""ASO"", ""BRA"", ""CAN"", ""CHL"", ""CHN"", ""ENE"", ""ENW"", ""EUE"", ""EUM"", ""EUW"", ""IDN"", ""IND"", ""JPN"", ""LAM"", ""MDA"", ""MEA"", ""MEX"", ""NIG"", ""RUS"", ""SKT"", ""USA""]",GHG emissions change,,,,,,,,highce_gbl,,,,,ndc_noce,2050.0,industry,[1],65.81249964252,80.08544224828725,,
ndc_highce_gbl,NDC,"High CE, EU + partners",c,Global,Other industry,Other industry,2050,63.86084472628772,MtCO2e/yr,plotted,"[""Emissions|GHG|Industry"", ""Emissions|GHG|Industry|Non-Metallic Minerals|Cement"", ""Emissions|GHG|Industry|Iron and Steel"", ""Emissions|GHG|Industry|Non-Ferrous Metals|Aluminum""]",fig07_emissions_response,,,,,,"[""AFE"", ""AFN"", ""AFW"", ""AFZ"", ""ANZ"", ""ASC"", ""ASE"", ""ASO"", ""BRA"", ""CAN"", ""CHL"", ""CHN"", ""ENE"", ""ENW"", ""EUE"", ""EUM"", ""EUW"", ""IDN"", ""IND"", ""JPN"", ""LAM"", ""MDA"", ""MEA"", ""MEX"", ""NIG"", ""RUS"", ""SKT"", ""USA""]",GHG emissions change,,,,,,,,highce_gbl,,,,,ndc_noce,2050.0,industry,"[1, -1, -1, -1]",7135.491625116221,7071.6307803899335,,
ndc_highce_gbl,NDC,"High CE, EU + partners",c,Global,Total industry,Total industry,2050,-1156.5137324770312,MtCO2e/yr,net,"[""Emissions|GHG|Industry""]",fig07_emissions_response,,,,,,"[""AFE"", ""AFN"", ""AFW"", ""AFZ"", ""ANZ"", ""ASC"", ""ASE"", ""ASO"", ""BRA"", ""CAN"", ""CHL"", ""CHN"", ""ENE"", ""ENW"", ""EUE"", ""EUM"", ""EUW"", ""IDN"", ""IND"", ""JPN"", ""LAM"", ""MDA"", ""MEA"", ""MEX"", ""NIG"", ""RUS"", ""SKT"", ""USA""]",GHG emissions change,,,,,,,,highce_gbl,,,,,ndc_noce,2050.0,industry,[1],9678.253782893418,10834.76751537045,,
ndc_highce_gbl,NDC,"High CE, EU + partners",e,EU,Three sectors,EU,2050,-22.638664577150806,MtCO2e/yr,plotted,"[""Emissions|GHG|Industry|Non-Metallic Minerals|Cement"", ""Emissions|GHG|Industry|Iron and Steel"", ""Emissions|GHG|Industry|Non-Ferrous Metals|Aluminum""]",fig07_emissions_response,,,,,,"[""EUE"", ""EUM"", ""EUW""]",GHG emissions change,,,,,,,,highce_gbl,,,,,ndc_noce,2050.0,geography,"[1, 1, 1]",48.04783752494966,70.68650210210046,,
ndc_highce_gbl,NDC,"High CE, EU + partners",e,India,Three sectors,India,2050,-590.3224743258579,MtCO2e/yr,plotted,"[""Emissions|GHG|Industry|Non-Metallic Minerals|Cement"", ""Emissions|GHG|Industry|Iron and Steel"", ""Emissions|GHG|Industry|Non-Ferrous Metals|Aluminum""]",fig07_emissions_response,,,,,,"[""IND""]",GHG emissions change,,,,,,,,highce_gbl,,,,,ndc_noce,2050.0,geography,"[1, 1, 1]",307.31207135435506,897.634545680213,,
ndc_highce_gbl,NDC,"High CE, EU + partners",e,China,Three sectors,China,2050,-445.02054249873436,MtCO2e/yr,plotted,"[""Emissions|GHG|Industry|Non-Metallic Minerals|Cement"", ""Emissions|GHG|Industry|Iron and Steel"", ""Emissions|GHG|Industry|Non-Ferrous Metals|Aluminum""]",fig07_emissions_response,,,,,,"[""CHN""]",GHG emissions change,,,,,,,,highce_gbl,,,,,ndc_noce,2050.0,geography,"[1, 1, 1]",1072.130584049352,1517.1511265480863,,
ndc_highce_gbl,NDC,"High CE, EU + partners",e,Indonesia group,Three sectors,Indonesia group,2050,-85.3582342746127,MtCO2e/yr,plotted,"[""Emissions|GHG|Industry|Non-Metallic Minerals|Cement"", ""Emissions|GHG|Industry|Iron and Steel"", ""Emissions|GHG|Industry|Non-Ferrous Metals|Aluminum""]",fig07_emissions_response,,,,,,"[""IDN""]",GHG emissions change,,,,,,,,highce_gbl,,,,,ndc_noce,2050.0,geography,"[1, 1, 1]",152.8188752187236,238.1771094933363,,
ndc_highce_gbl,NDC,"High CE, EU + partners",e,Other partners,Three sectors,Other partners,2050,-97.88791412477343,MtCO2e/yr,plotted,"[""Emissions|GHG|Industry|Non-Metallic Minerals|Cement"", ""Emissions|GHG|Industry|Iron and Steel"", ""Emissions|GHG|Industry|Non-Ferrous Metals|Aluminum""]",fig07_emissions_response,,,,,,"[""ANZ"", ""BRA"", ""CAN"", ""CHL"", ""ENE"", ""ENW"", ""JPN"", ""MEX"", ""RUS"", ""SKT"", ""USA""]",GHG emissions change,,,,,,,,highce_gbl,,,,,ndc_noce,2050.0,geography,"[1, 1, 1]",159.18982926543725,257.0777433902107,,
ndc_highce_gbl,NDC,"High CE, EU + partners",e,Rest of world,Three sectors,Rest of world,2050,20.85325259781075,MtCO2e/yr,plotted,"[""Emissions|GHG|Industry|Non-Metallic Minerals|Cement"", ""Emissions|GHG|Industry|Iron and Steel"", ""Emissions|GHG|Industry|Non-Ferrous Metals|Aluminum""]",fig07_emissions_response,,,,,,"[""AFE"", ""AFN"", ""AFW"", ""AFZ"", ""ASC"", ""ASE"", ""ASO"", ""LAM"", ""MDA"", ""MEA"", ""NIG""]",GHG emissions change,,,,,,,,highce_gbl,,,,,ndc_noce,2050.0,geography,"[1, 1, 1]",803.26296036438,782.4097077665692,,
ndc_highce_gbl,NDC,"High CE, EU + partners",e,Global,Three sectors,Global net,2050,-1220.3745772033185,MtCO2e/yr,net,"[""Emissions|GHG|Industry|Non-Metallic Minerals|Cement"", ""Emissions|GHG|Industry|Iron and Steel"", ""Emissions|GHG|Industry|Non-Ferrous Metals|Aluminum""]",fig07_emissions_response,,,,,,"[""AFE"", ""AFN"", ""AFW"", ""AFZ"", ""ANZ"", ""ASC"", ""ASE"", ""ASO"", ""BRA"", ""CAN"", ""CHL"", ""CHN"", ""ENE"", ""ENW"", ""EUE"", ""EUM"", ""EUW"", ""IDN"", ""IND"", ""JPN"", ""LAM"", ""MDA"", ""MEA"", ""MEX"", ""NIG"", ""RUS"", ""SKT"", ""USA""]",GHG emissions change,,,,,,,,highce_gbl,,,,,ndc_noce,2050.0,geography,"[1, 1, 1]",2542.7621577771974,3763.136734980516,,
baseline_noce,NDC+LTT,No CE,b,Global,Three sectors,Three sectors,2019,5494.987454113852,MtCO2e/yr,plotted,"[""Emissions|GHG|Industry|Non-Metallic Minerals|Cement"", ""Emissions|GHG|Industry|Iron and Steel"", ""Emissions|GHG|Industry|Non-Ferrous Metals|Aluminum""]",fig07_emissions_response,,,,,,"[""AFE"", ""AFN"", ""AFW"", ""AFZ"", ""ANZ"", ""ASC"", ""ASE"", ""ASO"", ""BRA"", ""CAN"", ""CHL"", ""CHN"", ""ENE"", ""ENW"", ""EUE"", ""EUM"", ""EUW"", ""IDN"", ""IND"", ""JPN"", ""LAM"", ""MDA"", ""MEA"", ""MEX"", ""NIG"", ""RUS"", ""SKT"", ""USA""]",GHG emissions,,,,,,,,noce,,,,,,,trajectory,"[1, 1, 1]",5494.987454113852,,,
baseline_noce,NDC+LTT,No CE,b,Global,Three sectors,Three sectors,2024,5249.263336500017,MtCO2e/yr,plotted,"[""Emissions|GHG|Industry|Non-Metallic Minerals|Cement"", ""Emissions|GHG|Industry|Iron and Steel"", ""Emissions|GHG|Industry|Non-Ferrous Metals|Aluminum""]",fig07_emissions_response,,,,,,"[""AFE"", ""AFN"", ""AFW"", ""AFZ"", ""ANZ"", ""ASC"", ""ASE"", ""ASO"", ""BRA"", ""CAN"", ""CHL"", ""CHN"", ""ENE"", ""ENW"", ""EUE"", ""EUM"", ""EUW"", ""IDN"", ""IND"", ""JPN"", ""LAM"", ""MDA"", ""MEA"", ""MEX"", ""NIG"", ""RUS"", ""SKT"", ""USA""]",GHG emissions,,,,,,,,noce,,,,,,,trajectory,"[1, 1, 1]",5249.263336500017,,,
baseline_noce,NDC+LTT,No CE,b,Global,Three sectors,Three sectors,2030,4575.787104995871,MtCO2e/yr,plotted,"[""Emissions|GHG|Industry|Non-Metallic Minerals|Cement"", ""Emissions|GHG|Industry|Iron and Steel"", ""Emissions|GHG|Industry|Non-Ferrous Metals|Aluminum""]",fig07_emissions_response,,,,,,"[""AFE"", ""AFN"", ""AFW"", ""AFZ"", ""ANZ"", ""ASC"", ""ASE"", ""ASO"", ""BRA"", ""CAN"", ""CHL"", ""CHN"", ""ENE"", ""ENW"", ""EUE"", ""EUM"", ""EUW"", ""IDN"", ""IND"", ""JPN"", ""LAM"", ""MDA"", ""MEA"", ""MEX"", ""NIG"", ""RUS"", ""SKT"", ""USA""]",GHG emissions,,,,,,,,noce,,,,,,,trajectory,"[1, 1, 1]",4575.787104995871,,,
baseline_noce,NDC+LTT,No CE,b,Global,Three sectors,Three sectors,2035,3942.263917948358,MtCO2e/yr,plotted,"[""Emissions|GHG|Industry|Non-Metallic Minerals|Cement"", ""Emissions|GHG|Industry|Iron and Steel"", ""Emissions|GHG|Industry|Non-Ferrous Metals|Aluminum""]",fig07_emissions_response,,,,,,"[""AFE"", ""AFN"", ""AFW"", ""AFZ"", ""ANZ"", ""ASC"", ""ASE"", ""ASO"", ""BRA"", ""CAN"", ""CHL"", ""CHN"", ""ENE"", ""ENW"", ""EUE"", ""EUM"", ""EUW"", ""IDN"", ""IND"", ""JPN"", ""LAM"", ""MDA"", ""MEA"", ""MEX"", ""NIG"", ""RUS"", ""SKT"", ""USA""]",GHG emissions,,,,,,,,noce,,,,,,,trajectory,"[1, 1, 1]",3942.263917948358,,,
baseline_noce,NDC+LTT,No CE,b,Global,Three sectors,Three sectors,2040,3440.3085939806842,MtCO2e/yr,plotted,"[""Emissions|GHG|Industry|Non-Metallic Minerals|Cement"", ""Emissions|GHG|Industry|Iron and Steel"", ""Emissions|GHG|Industry|Non-Ferrous Metals|Aluminum""]",fig07_emissions_response,,,,,,"[""AFE"", ""AFN"", ""AFW"", ""AFZ"", ""ANZ"", ""ASC"", ""ASE"", ""ASO"", ""BRA"", ""CAN"", ""CHL"", ""CHN"", ""ENE"", ""ENW"", ""EUE"", ""EUM"", ""EUW"", ""IDN"", ""IND"", ""JPN"", ""LAM"", ""MDA"", ""MEA"", ""MEX"", ""NIG"", ""RUS"", ""SKT"", ""USA""]",GHG emissions,,,,,,,,noce,,,,,,,trajectory,"[1, 1, 1]",3440.3085939806842,,,
baseline_noce,NDC+LTT,No CE,b,Global,Three sectors,Three sectors,2050,2510.0818182824432,MtCO2e/yr,plotted,"[""Emissions|GHG|Industry|Non-Metallic Minerals|Cement"", ""Emissions|GHG|Industry|Iron and Steel"", ""Emissions|GHG|Industry|Non-Ferrous Metals|Aluminum""]",fig07_emissions_response,,,,,,"[""AFE"", ""AFN"", ""AFW"", ""AFZ"", ""ANZ"", ""ASC"", ""ASE"", ""ASO"", ""BRA"", ""CAN"", ""CHL"", ""CHN"", ""ENE"", ""ENW"", ""EUE"", ""EUM"", ""EUW"", ""IDN"", ""IND"", ""JPN"", ""LAM"", ""MDA"", ""MEA"", ""MEX"", ""NIG"", ""RUS"", ""SKT"", ""USA""]",GHG emissions,,,,,,,,noce,,,,,,,trajectory,"[1, 1, 1]",2510.0818182824432,,,
baseline_medce_eu,NDC+LTT,"Medium CE, EU",b,Global,Three sectors,Three sectors,2019,5494.987454113852,MtCO2e/yr,plotted,"[""Emissions|GHG|Industry|Non-Metallic Minerals|Cement"", ""Emissions|GHG|Industry|Iron and Steel"", ""Emissions|GHG|Industry|Non-Ferrous Metals|Aluminum""]",fig07_emissions_response,,,,,,"[""AFE"", ""AFN"", ""AFW"", ""AFZ"", ""ANZ"", ""ASC"", ""ASE"", ""ASO"", ""BRA"", ""CAN"", ""CHL"", ""CHN"", ""ENE"", ""ENW"", ""EUE"", ""EUM"", ""EUW"", ""IDN"", ""IND"", ""JPN"", ""LAM"", ""MDA"", ""MEA"", ""MEX"", ""NIG"", ""RUS"", ""SKT"", ""USA""]",GHG emissions,,,,,,,,medce_eu,,,,,,,trajectory,"[1, 1, 1]",5494.987454113852,,,
baseline_medce_eu,NDC+LTT,"Medium CE, EU",b,Global,Three sectors,Three sectors,2024,5249.263336500017,MtCO2e/yr,plotted,"[""Emissions|GHG|Industry|Non-Metallic Minerals|Cement"", ""Emissions|GHG|Industry|Iron and Steel"", ""Emissions|GHG|Industry|Non-Ferrous Metals|Aluminum""]",fig07_emissions_response,,,,,,"[""AFE"", ""AFN"", ""AFW"", ""AFZ"", ""ANZ"", ""ASC"", ""ASE"", ""ASO"", ""BRA"", ""CAN"", ""CHL"", ""CHN"", ""ENE"", ""ENW"", ""EUE"", ""EUM"", ""EUW"", ""IDN"", ""IND"", ""JPN"", ""LAM"", ""MDA"", ""MEA"", ""MEX"", ""NIG"", ""RUS"", ""SKT"", ""USA""]",GHG emissions,,,,,,,,medce_eu,,,,,,,trajectory,"[1, 1, 1]",5249.263336500017,,,
baseline_medce_eu,NDC+LTT,"Medium CE, EU",b,Global,Three sectors,Three sectors,2030,4415.855153837638,MtCO2e/yr,plotted,"[""Emissions|GHG|Industry|Non-Metallic Minerals|Cement"", ""Emissions|GHG|Industry|Iron and Steel"", ""Emissions|GHG|Industry|Non-Ferrous Metals|Aluminum""]",fig07_emissions_response,,,,,,"[""AFE"", ""AFN"", ""AFW"", ""AFZ"", ""ANZ"", ""ASC"", ""ASE"", ""ASO"", ""BRA"", ""CAN"", ""CHL"", ""CHN"", ""ENE"", ""ENW"", ""EUE"", ""EUM"", ""EUW"", ""IDN"", ""IND"", ""JPN"", ""LAM"", ""MDA"", ""MEA"", ""MEX"", ""NIG"", ""RUS"", ""SKT"", ""USA""]",GHG emissions,,,,,,,,medce_eu,,,,,,,trajectory,"[1, 1, 1]",4415.855153837638,,,
baseline_medce_eu,NDC+LTT,"Medium CE, EU",b,Global,Three sectors,Three sectors,2035,3761.8594402958533,MtCO2e/yr,plotted,"[""Emissions|GHG|Industry|Non-Metallic Minerals|Cement"", ""Emissions|GHG|Industry|Iron and Steel"", ""Emissions|GHG|Industry|Non-Ferrous Metals|Aluminum""]",fig07_emissions_response,,,,,,"[""AFE"", ""AFN"", ""AFW"", ""AFZ"", ""ANZ"", ""ASC"", ""ASE"", ""ASO"", ""BRA"", ""CAN"", ""CHL"", ""CHN"", ""ENE"", ""ENW"", ""EUE"", ""EUM"", ""EUW"", ""IDN"", ""IND"", ""JPN"", ""LAM"", ""MDA"", ""MEA"", ""MEX"", ""NIG"", ""RUS"", ""SKT"", ""USA""]",GHG emissions,,,,,,,,medce_eu,,,,,,,trajectory,"[1, 1, 1]",3761.8594402958533,,,
baseline_medce_eu,NDC+LTT,"Medium CE, EU",b,Global,Three sectors,Three sectors,2040,3267.8748477651307,MtCO2e/yr,plotted,"[""Emissions|GHG|Industry|Non-Metallic Minerals|Cement"", ""Emissions|GHG|Industry|Iron and Steel"", ""Emissions|GHG|Industry|Non-Ferrous Metals|Aluminum""]",fig07_emissions_response,,,,,,"[""AFE"", ""AFN"", ""AFW"", ""AFZ"", ""ANZ"", ""ASC"", ""ASE"", ""ASO"", ""BRA"", ""CAN"", ""CHL"", ""CHN"", ""ENE"", ""ENW"", ""EUE"", ""EUM"", ""EUW"", ""IDN"", ""IND"", ""JPN"", ""LAM"", ""MDA"", ""MEA"", ""MEX"", ""NIG"", ""RUS"", ""SKT"", ""USA""]",GHG emissions,,,,,,,,medce_eu,,,,,,,trajectory,"[1, 1, 1]",3267.8748477651307,,,
baseline_medce_eu,NDC+LTT,"Medium CE, EU",b,Global,Three sectors,Three sectors,2050,2521.851365050271,MtCO2e/yr,plotted,"[""Emissions|GHG|Industry|Non-Metallic Minerals|Cement"", ""Emissions|GHG|Industry|Iron and Steel"", ""Emissions|GHG|Industry|Non-Ferrous Metals|Aluminum""]",fig07_emissions_response,,,,,,"[""AFE"", ""AFN"", ""AFW"", ""AFZ"", ""ANZ"", ""ASC"", ""ASE"", ""ASO"", ""BRA"", ""CAN"", ""CHL"", ""CHN"", ""ENE"", ""ENW"", ""EUE"", ""EUM"", ""EUW"", ""IDN"", ""IND"", ""JPN"", ""LAM"", ""MDA"", ""MEA"", ""MEX"", ""NIG"", ""RUS"", ""SKT"", ""USA""]",GHG emissions,,,,,,,,medce_eu,,,,,,,trajectory,"[1, 1, 1]",2521.851365050271,,,
baseline_highce_eu,NDC+LTT,"High CE, EU",b,Global,Three sectors,Three sectors,2019,5494.987454113852,MtCO2e/yr,plotted,"[""Emissions|GHG|Industry|Non-Metallic Minerals|Cement"", ""Emissions|GHG|Industry|Iron and Steel"", ""Emissions|GHG|Industry|Non-Ferrous Metals|Aluminum""]",fig07_emissions_response,,,,,,"[""AFE"", ""AFN"", ""AFW"", ""AFZ"", ""ANZ"", ""ASC"", ""ASE"", ""ASO"", ""BRA"", ""CAN"", ""CHL"", ""CHN"", ""ENE"", ""ENW"", ""EUE"", ""EUM"", ""EUW"", ""IDN"", ""IND"", ""JPN"", ""LAM"", ""MDA"", ""MEA"", ""MEX"", ""NIG"", ""RUS"", ""SKT"", ""USA""]",GHG emissions,,,,,,,,highce_eu,,,,,,,trajectory,"[1, 1, 1]",5494.987454113852,,,
baseline_highce_eu,NDC+LTT,"High CE, EU",b,Global,Three sectors,Three sectors,2024,5249.263336500017,MtCO2e/yr,plotted,"[""Emissions|GHG|Industry|Non-Metallic Minerals|Cement"", ""Emissions|GHG|Industry|Iron and Steel"", ""Emissions|GHG|Industry|Non-Ferrous Metals|Aluminum""]",fig07_emissions_response,,,,,,"[""AFE"", ""AFN"", ""AFW"", ""AFZ"", ""ANZ"", ""ASC"", ""ASE"", ""ASO"", ""BRA"", ""CAN"", ""CHL"", ""CHN"", ""ENE"", ""ENW"", ""EUE"", ""EUM"", ""EUW"", ""IDN"", ""IND"", ""JPN"", ""LAM"", ""MDA"", ""MEA"", ""MEX"", ""NIG"", ""RUS"", ""SKT"", ""USA""]",GHG emissions,,,,,,,,highce_eu,,,,,,,trajectory,"[1, 1, 1]",5249.263336500017,,,
baseline_highce_eu,NDC+LTT,"High CE, EU",b,Global,Three sectors,Three sectors,2030,4411.065428494427,MtCO2e/yr,plotted,"[""Emissions|GHG|Industry|Non-Metallic Minerals|Cement"", ""Emissions|GHG|Industry|Iron and Steel"", ""Emissions|GHG|Industry|Non-Ferrous Metals|Aluminum""]",fig07_emissions_response,,,,,,"[""AFE"", ""AFN"", ""AFW"", ""AFZ"", ""ANZ"", ""ASC"", ""ASE"", ""ASO"", ""BRA"", ""CAN"", ""CHL"", ""CHN"", ""ENE"", ""ENW"", ""EUE"", ""EUM"", ""EUW"", ""IDN"", ""IND"", ""JPN"", ""LAM"", ""MDA"", ""MEA"", ""MEX"", ""NIG"", ""RUS"", ""SKT"", ""USA""]",GHG emissions,,,,,,,,highce_eu,,,,,,,trajectory,"[1, 1, 1]",4411.065428494427,,,
baseline_highce_eu,NDC+LTT,"High CE, EU",b,Global,Three sectors,Three sectors,2035,3756.2172551139874,MtCO2e/yr,plotted,"[""Emissions|GHG|Industry|Non-Metallic Minerals|Cement"", ""Emissions|GHG|Industry|Iron and Steel"", ""Emissions|GHG|Industry|Non-Ferrous Metals|Aluminum""]",fig07_emissions_response,,,,,,"[""AFE"", ""AFN"", ""AFW"", ""AFZ"", ""ANZ"", ""ASC"", ""ASE"", ""ASO"", ""BRA"", ""CAN"", ""CHL"", ""CHN"", ""ENE"", ""ENW"", ""EUE"", ""EUM"", ""EUW"", ""IDN"", ""IND"", ""JPN"", ""LAM"", ""MDA"", ""MEA"", ""MEX"", ""NIG"", ""RUS"", ""SKT"", ""USA""]",GHG emissions,,,,,,,,highce_eu,,,,,,,trajectory,"[1, 1, 1]",3756.2172551139874,,,
baseline_highce_eu,NDC+LTT,"High CE, EU",b,Global,Three sectors,Three sectors,2040,3260.0713549900656,MtCO2e/yr,plotted,"[""Emissions|GHG|Industry|Non-Metallic Minerals|Cement"", ""Emissions|GHG|Industry|Iron and Steel"", ""Emissions|GHG|Industry|Non-Ferrous Metals|Aluminum""]",fig07_emissions_response,,,,,,"[""AFE"", ""AFN"", ""AFW"", ""AFZ"", ""ANZ"", ""ASC"", ""ASE"", ""ASO"", ""BRA"", ""CAN"", ""CHL"", ""CHN"", ""ENE"", ""ENW"", ""EUE"", ""EUM"", ""EUW"", ""IDN"", ""IND"", ""JPN"", ""LAM"", ""MDA"", ""MEA"", ""MEX"", ""NIG"", ""RUS"", ""SKT"", ""USA""]",GHG emissions,,,,,,,,highce_eu,,,,,,,trajectory,"[1, 1, 1]",3260.0713549900656,,,
baseline_highce_eu,NDC+LTT,"High CE, EU",b,Global,Three sectors,Three sectors,2050,2514.2382532059128,MtCO2e/yr,plotted,"[""Emissions|GHG|Industry|Non-Metallic Minerals|Cement"", ""Emissions|GHG|Industry|Iron and Steel"", ""Emissions|GHG|Industry|Non-Ferrous Metals|Aluminum""]",fig07_emissions_response,,,,,,"[""AFE"", ""AFN"", ""AFW"", ""AFZ"", ""ANZ"", ""ASC"", ""ASE"", ""ASO"", ""BRA"", ""CAN"", ""CHL"", ""CHN"", ""ENE"", ""ENW"", ""EUE"", ""EUM"", ""EUW"", ""IDN"", ""IND"", ""JPN"", ""LAM"", ""MDA"", ""MEA"", ""MEX"", ""NIG"", ""RUS"", ""SKT"", ""USA""]",GHG emissions,,,,,,,,highce_eu,,,,,,,trajectory,"[1, 1, 1]",2514.2382532059128,,,
baseline_medce_gbl,NDC+LTT,"Medium CE, EU + partners",b,Global,Three sectors,Three sectors,2019,5494.987454113852,MtCO2e/yr,plotted,"[""Emissions|GHG|Industry|Non-Metallic Minerals|Cement"", ""Emissions|GHG|Industry|Iron and Steel"", ""Emissions|GHG|Industry|Non-Ferrous Metals|Aluminum""]",fig07_emissions_response,,,,,,"[""AFE"", ""AFN"", ""AFW"", ""AFZ"", ""ANZ"", ""ASC"", ""ASE"", ""ASO"", ""BRA"", ""CAN"", ""CHL"", ""CHN"", ""ENE"", ""ENW"", ""EUE"", ""EUM"", ""EUW"", ""IDN"", ""IND"", ""JPN"", ""LAM"", ""MDA"", ""MEA"", ""MEX"", ""NIG"", ""RUS"", ""SKT"", ""USA""]",GHG emissions,,,,,,,,medce_gbl,,,,,,,trajectory,"[1, 1, 1]",5494.987454113852,,,
baseline_medce_gbl,NDC+LTT,"Medium CE, EU + partners",b,Global,Three sectors,Three sectors,2024,5249.263336500017,MtCO2e/yr,plotted,"[""Emissions|GHG|Industry|Non-Metallic Minerals|Cement"", ""Emissions|GHG|Industry|Iron and Steel"", ""Emissions|GHG|Industry|Non-Ferrous Metals|Aluminum""]",fig07_emissions_response,,,,,,"[""AFE"", ""AFN"", ""AFW"", ""AFZ"", ""ANZ"", ""ASC"", ""ASE"", ""ASO"", ""BRA"", ""CAN"", ""CHL"", ""CHN"", ""ENE"", ""ENW"", ""EUE"", ""EUM"", ""EUW"", ""IDN"", ""IND"", ""JPN"", ""LAM"", ""MDA"", ""MEA"", ""MEX"", ""NIG"", ""RUS"", ""SKT"", ""USA""]",GHG emissions,,,,,,,,medce_gbl,,,,,,,trajectory,"[1, 1, 1]",5249.263336500017,,,
baseline_medce_gbl,NDC+LTT,"Medium CE, EU + partners",b,Global,Three sectors,Three sectors,2030,3960.902413795403,MtCO2e/yr,plotted,"[""Emissions|GHG|Industry|Non-Metallic Minerals|Cement"", ""Emissions|GHG|Industry|Iron and Steel"", ""Emissions|GHG|Industry|Non-Ferrous Metals|Aluminum""]",fig07_emissions_response,,,,,,"[""AFE"", ""AFN"", ""AFW"", ""AFZ"", ""ANZ"", ""ASC"", ""ASE"", ""ASO"", ""BRA"", ""CAN"", ""CHL"", ""CHN"", ""ENE"", ""ENW"", ""EUE"", ""EUM"", ""EUW"", ""IDN"", ""IND"", ""JPN"", ""LAM"", ""MDA"", ""MEA"", ""MEX"", ""NIG"", ""RUS"", ""SKT"", ""USA""]",GHG emissions,,,,,,,,medce_gbl,,,,,,,trajectory,"[1, 1, 1]",3960.902413795403,,,
baseline_medce_gbl,NDC+LTT,"Medium CE, EU + partners",b,Global,Three sectors,Three sectors,2035,3524.266811214362,MtCO2e/yr,plotted,"[""Emissions|GHG|Industry|Non-Metallic Minerals|Cement"", ""Emissions|GHG|Industry|Iron and Steel"", ""Emissions|GHG|Industry|Non-Ferrous Metals|Aluminum""]",fig07_emissions_response,,,,,,"[""AFE"", ""AFN"", ""AFW"", ""AFZ"", ""ANZ"", ""ASC"", ""ASE"", ""ASO"", ""BRA"", ""CAN"", ""CHL"", ""CHN"", ""ENE"", ""ENW"", ""EUE"", ""EUM"", ""EUW"", ""IDN"", ""IND"", ""JPN"", ""LAM"", ""MDA"", ""MEA"", ""MEX"", ""NIG"", ""RUS"", ""SKT"", ""USA""]",GHG emissions,,,,,,,,medce_gbl,,,,,,,trajectory,"[1, 1, 1]",3524.266811214362,,,
baseline_medce_gbl,NDC+LTT,"Medium CE, EU + partners",b,Global,Three sectors,Three sectors,2040,2996.6412870762065,MtCO2e/yr,plotted,"[""Emissions|GHG|Industry|Non-Metallic Minerals|Cement"", ""Emissions|GHG|Industry|Iron and Steel"", ""Emissions|GHG|Industry|Non-Ferrous Metals|Aluminum""]",fig07_emissions_response,,,,,,"[""AFE"", ""AFN"", ""AFW"", ""AFZ"", ""ANZ"", ""ASC"", ""ASE"", ""ASO"", ""BRA"", ""CAN"", ""CHL"", ""CHN"", ""ENE"", ""ENW"", ""EUE"", ""EUM"", ""EUW"", ""IDN"", ""IND"", ""JPN"", ""LAM"", ""MDA"", ""MEA"", ""MEX"", ""NIG"", ""RUS"", ""SKT"", ""USA""]",GHG emissions,,,,,,,,medce_gbl,,,,,,,trajectory,"[1, 1, 1]",2996.6412870762065,,,
baseline_medce_gbl,NDC+LTT,"Medium CE, EU + partners",b,Global,Three sectors,Three sectors,2050,1967.9554795542963,MtCO2e/yr,plotted,"[""Emissions|GHG|Industry|Non-Metallic Minerals|Cement"", ""Emissions|GHG|Industry|Iron and Steel"", ""Emissions|GHG|Industry|Non-Ferrous Metals|Aluminum""]",fig07_emissions_response,,,,,,"[""AFE"", ""AFN"", ""AFW"", ""AFZ"", ""ANZ"", ""ASC"", ""ASE"", ""ASO"", ""BRA"", ""CAN"", ""CHL"", ""CHN"", ""ENE"", ""ENW"", ""EUE"", ""EUM"", ""EUW"", ""IDN"", ""IND"", ""JPN"", ""LAM"", ""MDA"", ""MEA"", ""MEX"", ""NIG"", ""RUS"", ""SKT"", ""USA""]",GHG emissions,,,,,,,,medce_gbl,,,,,,,trajectory,"[1, 1, 1]",1967.9554795542963,,,
baseline_highce_gbl,NDC+LTT,"High CE, EU + partners",b,Global,Three sectors,Three sectors,2019,5494.987454113852,MtCO2e/yr,plotted,"[""Emissions|GHG|Industry|Non-Metallic Minerals|Cement"", ""Emissions|GHG|Industry|Iron and Steel"", ""Emissions|GHG|Industry|Non-Ferrous Metals|Aluminum""]",fig07_emissions_response,,,,,,"[""AFE"", ""AFN"", ""AFW"", ""AFZ"", ""ANZ"", ""ASC"", ""ASE"", ""ASO"", ""BRA"", ""CAN"", ""CHL"", ""CHN"", ""ENE"", ""ENW"", ""EUE"", ""EUM"", ""EUW"", ""IDN"", ""IND"", ""JPN"", ""LAM"", ""MDA"", ""MEA"", ""MEX"", ""NIG"", ""RUS"", ""SKT"", ""USA""]",GHG emissions,,,,,,,,highce_gbl,,,,,,,trajectory,"[1, 1, 1]",5494.987454113852,,,
baseline_highce_gbl,NDC+LTT,"High CE, EU + partners",b,Global,Three sectors,Three sectors,2024,5249.263336500017,MtCO2e/yr,plotted,"[""Emissions|GHG|Industry|Non-Metallic Minerals|Cement"", ""Emissions|GHG|Industry|Iron and Steel"", ""Emissions|GHG|Industry|Non-Ferrous Metals|Aluminum""]",fig07_emissions_response,,,,,,"[""AFE"", ""AFN"", ""AFW"", ""AFZ"", ""ANZ"", ""ASC"", ""ASE"", ""ASO"", ""BRA"", ""CAN"", ""CHL"", ""CHN"", ""ENE"", ""ENW"", ""EUE"", ""EUM"", ""EUW"", ""IDN"", ""IND"", ""JPN"", ""LAM"", ""MDA"", ""MEA"", ""MEX"", ""NIG"", ""RUS"", ""SKT"", ""USA""]",GHG emissions,,,,,,,,highce_gbl,,,,,,,trajectory,"[1, 1, 1]",5249.263336500017,,,
baseline_highce_gbl,NDC+LTT,"High CE, EU + partners",b,Global,Three sectors,Three sectors,2030,3915.5531441936273,MtCO2e/yr,plotted,"[""Emissions|GHG|Industry|Non-Metallic Minerals|Cement"", ""Emissions|GHG|Industry|Iron and Steel"", ""Emissions|GHG|Industry|Non-Ferrous Metals|Aluminum""]",fig07_emissions_response,,,,,,"[""AFE"", ""AFN"", ""AFW"", ""AFZ"", ""ANZ"", ""ASC"", ""ASE"", ""ASO"", ""BRA"", ""CAN"", ""CHL"", ""CHN"", ""ENE"", ""ENW"", ""EUE"", ""EUM"", ""EUW"", ""IDN"", ""IND"", ""JPN"", ""LAM"", ""MDA"", ""MEA"", ""MEX"", ""NIG"", ""RUS"", ""SKT"", ""USA""]",GHG emissions,,,,,,,,highce_gbl,,,,,,,trajectory,"[1, 1, 1]",3915.5531441936273,,,
baseline_highce_gbl,NDC+LTT,"High CE, EU + partners",b,Global,Three sectors,Three sectors,2035,3390.892812545655,MtCO2e/yr,plotted,"[""Emissions|GHG|Industry|Non-Metallic Minerals|Cement"", ""Emissions|GHG|Industry|Iron and Steel"", ""Emissions|GHG|Industry|Non-Ferrous Metals|Aluminum""]",fig07_emissions_response,,,,,,"[""AFE"", ""AFN"", ""AFW"", ""AFZ"", ""ANZ"", ""ASC"", ""ASE"", ""ASO"", ""BRA"", ""CAN"", ""CHL"", ""CHN"", ""ENE"", ""ENW"", ""EUE"", ""EUM"", ""EUW"", ""IDN"", ""IND"", ""JPN"", ""LAM"", ""MDA"", ""MEA"", ""MEX"", ""NIG"", ""RUS"", ""SKT"", ""USA""]",GHG emissions,,,,,,,,highce_gbl,,,,,,,trajectory,"[1, 1, 1]",3390.892812545655,,,
baseline_highce_gbl,NDC+LTT,"High CE, EU + partners",b,Global,Three sectors,Three sectors,2040,2718.9661391358673,MtCO2e/yr,plotted,"[""Emissions|GHG|Industry|Non-Metallic Minerals|Cement"", ""Emissions|GHG|Industry|Iron and Steel"", ""Emissions|GHG|Industry|Non-Ferrous Metals|Aluminum""]",fig07_emissions_response,,,,,,"[""AFE"", ""AFN"", ""AFW"", ""AFZ"", ""ANZ"", ""ASC"", ""ASE"", ""ASO"", ""BRA"", ""CAN"", ""CHL"", ""CHN"", ""ENE"", ""ENW"", ""EUE"", ""EUM"", ""EUW"", ""IDN"", ""IND"", ""JPN"", ""LAM"", ""MDA"", ""MEA"", ""MEX"", ""NIG"", ""RUS"", ""SKT"", ""USA""]",GHG emissions,,,,,,,,highce_gbl,,,,,,,trajectory,"[1, 1, 1]",2718.9661391358673,,,
baseline_highce_gbl,NDC+LTT,"High CE, EU + partners",b,Global,Three sectors,Three sectors,2050,1573.75671940819,MtCO2e/yr,plotted,"[""Emissions|GHG|Industry|Non-Metallic Minerals|Cement"", ""Emissions|GHG|Industry|Iron and Steel"", ""Emissions|GHG|Industry|Non-Ferrous Metals|Aluminum""]",fig07_emissions_response,,,,,,"[""AFE"", ""AFN"", ""AFW"", ""AFZ"", ""ANZ"", ""ASC"", ""ASE"", ""ASO"", ""BRA"", ""CAN"", ""CHL"", ""CHN"", ""ENE"", ""ENW"", ""EUE"", ""EUM"", ""EUW"", ""IDN"", ""IND"", ""JPN"", ""LAM"", ""MDA"", ""MEA"", ""MEX"", ""NIG"", ""RUS"", ""SKT"", ""USA""]",GHG emissions,,,,,,,,highce_gbl,,,,,,,trajectory,"[1, 1, 1]",1573.75671940819,,,
baseline_medce_eu,NDC+LTT,"Medium CE, EU",d,Global,Cement,Cement,2050,12.38407241005757,MtCO2e/yr,plotted,"[""Emissions|GHG|Industry|Non-Metallic Minerals|Cement""]",fig07_emissions_response,,,,,,"[""AFE"", ""AFN"", ""AFW"", ""AFZ"", ""ANZ"", ""ASC"", ""ASE"", ""ASO"", ""BRA"", ""CAN"", ""CHL"", ""CHN"", ""ENE"", ""ENW"", ""EUE"", ""EUM"", ""EUW"", ""IDN"", ""IND"", ""JPN"", ""LAM"", ""MDA"", ""MEA"", ""MEX"", ""NIG"", ""RUS"", ""SKT"", ""USA""]",GHG emissions change,,,,,,,,medce_eu,,,,,baseline_noce,2050.0,industry,[1],1730.507533253459,1718.1234608434015,,
baseline_medce_eu,NDC+LTT,"Medium CE, EU",d,Global,Iron and steel,Iron and steel,2050,-6.5921728278852925,MtCO2e/yr,plotted,"[""Emissions|GHG|Industry|Iron and Steel""]",fig07_emissions_response,,,,,,"[""AFE"", ""AFN"", ""AFW"", ""AFZ"", ""ANZ"", ""ASC"", ""ASE"", ""ASO"", ""BRA"", ""CAN"", ""CHL"", ""CHN"", ""ENE"", ""ENW"", ""EUE"", ""EUM"", ""EUW"", ""IDN"", ""IND"", ""JPN"", ""LAM"", ""MDA"", ""MEA"", ""MEX"", ""NIG"", ""RUS"", ""SKT"", ""USA""]",GHG emissions change,,,,,,,,medce_eu,,,,,baseline_noce,2050.0,industry,[1],734.2142238372156,740.8063966651009,,
baseline_medce_eu,NDC+LTT,"Medium CE, EU",d,Global,Aluminium,Aluminium,2050,5.977647185655222,MtCO2e/yr,plotted,"[""Emissions|GHG|Industry|Non-Ferrous Metals|Aluminum""]",fig07_emissions_response,,,,,,"[""AFE"", ""AFN"", ""AFW"", ""AFZ"", ""ANZ"", ""ASC"", ""ASE"", ""ASO"", ""BRA"", ""CAN"", ""CHL"", ""CHN"", ""ENE"", ""ENW"", ""EUE"", ""EUM"", ""EUW"", ""IDN"", ""IND"", ""JPN"", ""LAM"", ""MDA"", ""MEA"", ""MEX"", ""NIG"", ""RUS"", ""SKT"", ""USA""]",GHG emissions change,,,,,,,,medce_eu,,,,,baseline_noce,2050.0,industry,[1],57.12960795959616,51.151960773940935,,
baseline_medce_eu,NDC+LTT,"Medium CE, EU",d,Global,Other industry,Other industry,2050,-1.9385754382346931,MtCO2e/yr,plotted,"[""Emissions|GHG|Industry"", ""Emissions|GHG|Industry|Non-Metallic Minerals|Cement"", ""Emissions|GHG|Industry|Iron and Steel"", ""Emissions|GHG|Industry|Non-Ferrous Metals|Aluminum""]",fig07_emissions_response,,,,,,"[""AFE"", ""AFN"", ""AFW"", ""AFZ"", ""ANZ"", ""ASC"", ""ASE"", ""ASO"", ""BRA"", ""CAN"", ""CHL"", ""CHN"", ""ENE"", ""ENW"", ""EUE"", ""EUM"", ""EUW"", ""IDN"", ""IND"", ""JPN"", ""LAM"", ""MDA"", ""MEA"", ""MEX"", ""NIG"", ""RUS"", ""SKT"", ""USA""]",GHG emissions change,,,,,,,,medce_eu,,,,,baseline_noce,2050.0,industry,"[1, -1, -1, -1]",1940.4631237728263,1942.401699211061,,
baseline_medce_eu,NDC+LTT,"Medium CE, EU",d,Global,Total industry,Total industry,2050,9.830971329593012,MtCO2e/yr,net,"[""Emissions|GHG|Industry""]",fig07_emissions_response,,,,,,"[""AFE"", ""AFN"", ""AFW"", ""AFZ"", ""ANZ"", ""ASC"", ""ASE"", ""ASO"", ""BRA"", ""CAN"", ""CHL"", ""CHN"", ""ENE"", ""ENW"", ""EUE"", ""EUM"", ""EUW"", ""IDN"", ""IND"", ""JPN"", ""LAM"", ""MDA"", ""MEA"", ""MEX"", ""NIG"", ""RUS"", ""SKT"", ""USA""]",GHG emissions change,,,,,,,,medce_eu,,,,,baseline_noce,2050.0,industry,[1],4462.314488823097,4452.483517493504,,
baseline_medce_eu,NDC+LTT,"Medium CE, EU",f,EU,Three sectors,EU,2050,-6.7267988625172634,MtCO2e/yr,plotted,"[""Emissions|GHG|Industry|Non-Metallic Minerals|Cement"", ""Emissions|GHG|Industry|Iron and Steel"", ""Emissions|GHG|Industry|Non-Ferrous Metals|Aluminum""]",fig07_emissions_response,,,,,,"[""EUE"", ""EUM"", ""EUW""]",GHG emissions change,,,,,,,,medce_eu,,,,,baseline_noce,2050.0,geography,"[1, 1, 1]",60.95272327952912,67.67952214204638,,
baseline_medce_eu,NDC+LTT,"Medium CE, EU",f,India,Three sectors,India,2050,-6.656440430688576,MtCO2e/yr,plotted,"[""Emissions|GHG|Industry|Non-Metallic Minerals|Cement"", ""Emissions|GHG|Industry|Iron and Steel"", ""Emissions|GHG|Industry|Non-Ferrous Metals|Aluminum""]",fig07_emissions_response,,,,,,"[""IND""]",GHG emissions change,,,,,,,,medce_eu,,,,,baseline_noce,2050.0,geography,"[1, 1, 1]",945.5672609582311,952.2237013889197,,
baseline_medce_eu,NDC+LTT,"Medium CE, EU",f,China,Three sectors,China,2050,10.28097634898785,MtCO2e/yr,plotted,"[""Emissions|GHG|Industry|Non-Metallic Minerals|Cement"", ""Emissions|GHG|Industry|Iron and Steel"", ""Emissions|GHG|Industry|Non-Ferrous Metals|Aluminum""]",fig07_emissions_response,,,,,,"[""CHN""]",GHG emissions change,,,,,,,,medce_eu,,,,,baseline_noce,2050.0,geography,"[1, 1, 1]",520.0005142818513,509.7195379328635,,
baseline_medce_eu,NDC+LTT,"Medium CE, EU",f,Indonesia group,Three sectors,Indonesia group,2050,2.6324797401194076,MtCO2e/yr,plotted,"[""Emissions|GHG|Industry|Non-Metallic Minerals|Cement"", ""Emissions|GHG|Industry|Iron and Steel"", ""Emissions|GHG|Industry|Non-Ferrous Metals|Aluminum""]",fig07_emissions_response,,,,,,"[""IDN""]",GHG emissions change,,,,,,,,medce_eu,,,,,baseline_noce,2050.0,geography,"[1, 1, 1]",154.77211678284772,152.1396370427283,,
baseline_medce_eu,NDC+LTT,"Medium CE, EU",f,Other partners,Three sectors,Other partners,2050,1.4474126374118157,MtCO2e/yr,plotted,"[""Emissions|GHG|Industry|Non-Metallic Minerals|Cement"", ""Emissions|GHG|Industry|Iron and Steel"", ""Emissions|GHG|Industry|Non-Ferrous Metals|Aluminum""]",fig07_emissions_response,,,,,,"[""ANZ"", ""BRA"", ""CAN"", ""CHL"", ""ENE"", ""ENW"", ""JPN"", ""MEX"", ""RUS"", ""SKT"", ""USA""]",GHG emissions change,,,,,,,,medce_eu,,,,,baseline_noce,2050.0,geography,"[1, 1, 1]",213.79735337932092,212.3499407419091,,
baseline_medce_eu,NDC+LTT,"Medium CE, EU",f,Rest of world,Three sectors,Rest of world,2050,10.791917334514437,MtCO2e/yr,plotted,"[""Emissions|GHG|Industry|Non-Metallic Minerals|Cement"", ""Emissions|GHG|Industry|Iron and Steel"", ""Emissions|GHG|Industry|Non-Ferrous Metals|Aluminum""]",fig07_emissions_response,,,,,,"[""AFE"", ""AFN"", ""AFW"", ""AFZ"", ""ASC"", ""ASE"", ""ASO"", ""LAM"", ""MDA"", ""MEA"", ""NIG""]",GHG emissions change,,,,,,,,medce_eu,,,,,baseline_noce,2050.0,geography,"[1, 1, 1]",626.7613963684909,615.9694790339764,,
baseline_medce_eu,NDC+LTT,"Medium CE, EU",f,Global,Three sectors,Global net,2050,11.769546767827705,MtCO2e/yr,net,"[""Emissions|GHG|Industry|Non-Metallic Minerals|Cement"", ""Emissions|GHG|Industry|Iron and Steel"", ""Emissions|GHG|Industry|Non-Ferrous Metals|Aluminum""]",fig07_emissions_response,,,,,,"[""AFE"", ""AFN"", ""AFW"", ""AFZ"", ""ANZ"", ""ASC"", ""ASE"", ""ASO"", ""BRA"", ""CAN"", ""CHL"", ""CHN"", ""ENE"", ""ENW"", ""EUE"", ""EUM"", ""EUW"", ""IDN"", ""IND"", ""JPN"", ""LAM"", ""MDA"", ""MEA"", ""MEX"", ""NIG"", ""RUS"", ""SKT"", ""USA""]",GHG emissions change,,,,,,,,medce_eu,,,,,baseline_noce,2050.0,geography,"[1, 1, 1]",2521.851365050271,2510.0818182824432,,
baseline_highce_eu,NDC+LTT,"High CE, EU",d,Global,Cement,Cement,2050,4.77604541991218,MtCO2e/yr,plotted,"[""Emissions|GHG|Industry|Non-Metallic Minerals|Cement""]",fig07_emissions_response,,,,,,"[""AFE"", ""AFN"", ""AFW"", ""AFZ"", ""ANZ"", ""ASC"", ""ASE"", ""ASO"", ""BRA"", ""CAN"", ""CHL"", ""CHN"", ""ENE"", ""ENW"", ""EUE"", ""EUM"", ""EUW"", ""IDN"", ""IND"", ""JPN"", ""LAM"", ""MDA"", ""MEA"", ""MEX"", ""NIG"", ""RUS"", ""SKT"", ""USA""]",GHG emissions change,,,,,,,,highce_eu,,,,,baseline_noce,2050.0,industry,[1],1722.8995062633137,1718.1234608434015,,
baseline_highce_eu,NDC+LTT,"High CE, EU",d,Global,Iron and steel,Iron and steel,2050,-6.479359492483923,MtCO2e/yr,plotted,"[""Emissions|GHG|Industry|Iron and Steel""]",fig07_emissions_response,,,,,,"[""AFE"", ""AFN"", ""AFW"", ""AFZ"", ""ANZ"", ""ASC"", ""ASE"", ""ASO"", ""BRA"", ""CAN"", ""CHL"", ""CHN"", ""ENE"", ""ENW"", ""EUE"", ""EUM"", ""EUW"", ""IDN"", ""IND"", ""JPN"", ""LAM"", ""MDA"", ""MEA"", ""MEX"", ""NIG"", ""RUS"", ""SKT"", ""USA""]",GHG emissions change,,,,,,,,highce_eu,,,,,baseline_noce,2050.0,industry,[1],734.327037172617,740.8063966651009,,
baseline_highce_eu,NDC+LTT,"High CE, EU",d,Global,Aluminium,Aluminium,2050,5.859748996041077,MtCO2e/yr,plotted,"[""Emissions|GHG|Industry|Non-Ferrous Metals|Aluminum""]",fig07_emissions_response,,,,,,"[""AFE"", ""AFN"", ""AFW"", ""AFZ"", ""ANZ"", ""ASC"", ""ASE"", ""ASO"", ""BRA"", ""CAN"", ""CHL"", ""CHN"", ""ENE"", ""ENW"", ""EUE"", ""EUM"", ""EUW"", ""IDN"", ""IND"", ""JPN"", ""LAM"", ""MDA"", ""MEA"", ""MEX"", ""NIG"", ""RUS"", ""SKT"", ""USA""]",GHG emissions change,,,,,,,,highce_eu,,,,,baseline_noce,2050.0,industry,[1],57.01170976998201,51.151960773940935,,
baseline_highce_eu,NDC+LTT,"High CE, EU",d,Global,Other industry,Other industry,2050,-2.487542857336848,MtCO2e/yr,plotted,"[""Emissions|GHG|Industry"", ""Emissions|GHG|Industry|Non-Metallic Minerals|Cement"", ""Emissions|GHG|Industry|Iron and Steel"", ""Emissions|GHG|Industry|Non-Ferrous Metals|Aluminum""]",fig07_emissions_response,,,,,,"[""AFE"", ""AFN"", ""AFW"", ""AFZ"", ""ANZ"", ""ASC"", ""ASE"", ""ASO"", ""BRA"", ""CAN"", ""CHL"", ""CHN"", ""ENE"", ""ENW"", ""EUE"", ""EUM"", ""EUW"", ""IDN"", ""IND"", ""JPN"", ""LAM"", ""MDA"", ""MEA"", ""MEX"", ""NIG"", ""RUS"", ""SKT"", ""USA""]",GHG emissions change,,,,,,,,highce_eu,,,,,baseline_noce,2050.0,industry,"[1, -1, -1, -1]",1939.9141563537241,1942.401699211061,,
baseline_highce_eu,NDC+LTT,"High CE, EU",d,Global,Total industry,Total industry,2050,1.6688920661326847,MtCO2e/yr,net,"[""Emissions|GHG|Industry""]",fig07_emissions_response,,,,,,"[""AFE"", ""AFN"", ""AFW"", ""AFZ"", ""ANZ"", ""ASC"", ""ASE"", ""ASO"", ""BRA"", ""CAN"", ""CHL"", ""CHN"", ""ENE"", ""ENW"", ""EUE"", ""EUM"", ""EUW"", ""IDN"", ""IND"", ""JPN"", ""LAM"", ""MDA"", ""MEA"", ""MEX"", ""NIG"", ""RUS"", ""SKT"", ""USA""]",GHG emissions change,,,,,,,,highce_eu,,,,,baseline_noce,2050.0,industry,[1],4454.152409559637,4452.483517493504,,
baseline_highce_eu,NDC+LTT,"High CE, EU",f,EU,Three sectors,EU,2050,-13.607082515055055,MtCO2e/yr,plotted,"[""Emissions|GHG|Industry|Non-Metallic Minerals|Cement"", ""Emissions|GHG|Industry|Iron and Steel"", ""Emissions|GHG|Industry|Non-Ferrous Metals|Aluminum""]",fig07_emissions_response,,,,,,"[""EUE"", ""EUM"", ""EUW""]",GHG emissions change,,,,,,,,highce_eu,,,,,baseline_noce,2050.0,geography,"[1, 1, 1]",54.072439626991326,67.67952214204638,,
baseline_highce_eu,NDC+LTT,"High CE, EU",f,India,Three sectors,India,2050,-6.694254198179237,MtCO2e/yr,plotted,"[""Emissions|GHG|Industry|Non-Metallic Minerals|Cement"", ""Emissions|GHG|Industry|Iron and Steel"", ""Emissions|GHG|Industry|Non-Ferrous Metals|Aluminum""]",fig07_emissions_response,,,,,,"[""IND""]",GHG emissions change,,,,,,,,highce_eu,,,,,baseline_noce,2050.0,geography,"[1, 1, 1]",945.5294471907405,952.2237013889197,,
baseline_highce_eu,NDC+LTT,"High CE, EU",f,China,Three sectors,China,2050,10.174026150213706,MtCO2e/yr,plotted,"[""Emissions|GHG|Industry|Non-Metallic Minerals|Cement"", ""Emissions|GHG|Industry|Iron and Steel"", ""Emissions|GHG|Industry|Non-Ferrous Metals|Aluminum""]",fig07_emissions_response,,,,,,"[""CHN""]",GHG emissions change,,,,,,,,highce_eu,,,,,baseline_noce,2050.0,geography,"[1, 1, 1]",519.8935640830772,509.7195379328635,,
baseline_highce_eu,NDC+LTT,"High CE, EU",f,Indonesia group,Three sectors,Indonesia group,2050,2.630094661796221,MtCO2e/yr,plotted,"[""Emissions|GHG|Industry|Non-Metallic Minerals|Cement"", ""Emissions|GHG|Industry|Iron and Steel"", ""Emissions|GHG|Industry|Non-Ferrous Metals|Aluminum""]",fig07_emissions_response,,,,,,"[""IDN""]",GHG emissions change,,,,,,,,highce_eu,,,,,baseline_noce,2050.0,geography,"[1, 1, 1]",154.76973170452453,152.1396370427283,,
baseline_highce_eu,NDC+LTT,"High CE, EU",f,Other partners,Three sectors,Other partners,2050,1.2961891555556804,MtCO2e/yr,plotted,"[""Emissions|GHG|Industry|Non-Metallic Minerals|Cement"", ""Emissions|GHG|Industry|Iron and Steel"", ""Emissions|GHG|Industry|Non-Ferrous Metals|Aluminum""]",fig07_emissions_response,,,,,,"[""ANZ"", ""BRA"", ""CAN"", ""CHL"", ""ENE"", ""ENW"", ""JPN"", ""MEX"", ""RUS"", ""SKT"", ""USA""]",GHG emissions change,,,,,,,,highce_eu,,,,,baseline_noce,2050.0,geography,"[1, 1, 1]",213.6461298974648,212.3499407419091,,
baseline_highce_eu,NDC+LTT,"High CE, EU",f,Rest of world,Three sectors,Rest of world,2050,10.357461669138047,MtCO2e/yr,plotted,"[""Emissions|GHG|Industry|Non-Metallic Minerals|Cement"", ""Emissions|GHG|Industry|Iron and Steel"", ""Emissions|GHG|Industry|Non-Ferrous Metals|Aluminum""]",fig07_emissions_response,,,,,,"[""AFE"", ""AFN"", ""AFW"", ""AFZ"", ""ASC"", ""ASE"", ""ASO"", ""LAM"", ""MDA"", ""MEA"", ""NIG""]",GHG emissions change,,,,,,,,highce_eu,,,,,baseline_noce,2050.0,geography,"[1, 1, 1]",626.3269407031145,615.9694790339764,,
baseline_highce_eu,NDC+LTT,"High CE, EU",f,Global,Three sectors,Global net,2050,4.156434923469533,MtCO2e/yr,net,"[""Emissions|GHG|Industry|Non-Metallic Minerals|Cement"", ""Emissions|GHG|Industry|Iron and Steel"", ""Emissions|GHG|Industry|Non-Ferrous Metals|Aluminum""]",fig07_emissions_response,,,,,,"[""AFE"", ""AFN"", ""AFW"", ""AFZ"", ""ANZ"", ""ASC"", ""ASE"", ""ASO"", ""BRA"", ""CAN"", ""CHL"", ""CHN"", ""ENE"", ""ENW"", ""EUE"", ""EUM"", ""EUW"", ""IDN"", ""IND"", ""JPN"", ""LAM"", ""MDA"", ""MEA"", ""MEX"", ""NIG"", ""RUS"", ""SKT"", ""USA""]",GHG emissions change,,,,,,,,highce_eu,,,,,baseline_noce,2050.0,geography,"[1, 1, 1]",2514.2382532059128,2510.0818182824432,,
baseline_medce_gbl,NDC+LTT,"Medium CE, EU + partners",d,Global,Cement,Cement,2050,-240.23663857254996,MtCO2e/yr,plotted,"[""Emissions|GHG|Industry|Non-Metallic Minerals|Cement""]",fig07_emissions_response,,,,,,"[""AFE"", ""AFN"", ""AFW"", ""AFZ"", ""ANZ"", ""ASC"", ""ASE"", ""ASO"", ""BRA"", ""CAN"", ""CHL"", ""CHN"", ""ENE"", ""ENW"", ""EUE"", ""EUM"", ""EUW"", ""IDN"", ""IND"", ""JPN"", ""LAM"", ""MDA"", ""MEA"", ""MEX"", ""NIG"", ""RUS"", ""SKT"", ""USA""]",GHG emissions change,,,,,,,,medce_gbl,,,,,baseline_noce,2050.0,industry,[1],1477.8868222708516,1718.1234608434015,,
baseline_medce_gbl,NDC+LTT,"Medium CE, EU + partners",d,Global,Iron and steel,Iron and steel,2050,-294.9118429157971,MtCO2e/yr,plotted,"[""Emissions|GHG|Industry|Iron and Steel""]",fig07_emissions_response,,,,,,"[""AFE"", ""AFN"", ""AFW"", ""AFZ"", ""ANZ"", ""ASC"", ""ASE"", ""ASO"", ""BRA"", ""CAN"", ""CHL"", ""CHN"", ""ENE"", ""ENW"", ""EUE"", ""EUM"", ""EUW"", ""IDN"", ""IND"", ""JPN"", ""LAM"", ""MDA"", ""MEA"", ""MEX"", ""NIG"", ""RUS"", ""SKT"", ""USA""]",GHG emissions change,,,,,,,,medce_gbl,,,,,baseline_noce,2050.0,industry,[1],445.89455374930384,740.8063966651009,,
baseline_medce_gbl,NDC+LTT,"Medium CE, EU + partners",d,Global,Aluminium,Aluminium,2050,-6.977857239800038,MtCO2e/yr,plotted,"[""Emissions|GHG|Industry|Non-Ferrous Metals|Aluminum""]",fig07_emissions_response,,,,,,"[""AFE"", ""AFN"", ""AFW"", ""AFZ"", ""ANZ"", ""ASC"", ""ASE"", ""ASO"", ""BRA"", ""CAN"", ""CHL"", ""CHN"", ""ENE"", ""ENW"", ""EUE"", ""EUM"", ""EUW"", ""IDN"", ""IND"", ""JPN"", ""LAM"", ""MDA"", ""MEA"", ""MEX"", ""NIG"", ""RUS"", ""SKT"", ""USA""]",GHG emissions change,,,,,,,,medce_gbl,,,,,baseline_noce,2050.0,industry,[1],44.1741035341409,51.151960773940935,,
baseline_medce_gbl,NDC+LTT,"Medium CE, EU + partners",d,Global,Other industry,Other industry,2050,351.4677834962922,MtCO2e/yr,plotted,"[""Emissions|GHG|Industry"", ""Emissions|GHG|Industry|Non-Metallic Minerals|Cement"", ""Emissions|GHG|Industry|Iron and Steel"", ""Emissions|GHG|Industry|Non-Ferrous Metals|Aluminum""]",fig07_emissions_response,,,,,,"[""AFE"", ""AFN"", ""AFW"", ""AFZ"", ""ANZ"", ""ASC"", ""ASE"", ""ASO"", ""BRA"", ""CAN"", ""CHL"", ""CHN"", ""ENE"", ""ENW"", ""EUE"", ""EUM"", ""EUW"", ""IDN"", ""IND"", ""JPN"", ""LAM"", ""MDA"", ""MEA"", ""MEX"", ""NIG"", ""RUS"", ""SKT"", ""USA""]",GHG emissions change,,,,,,,,medce_gbl,,,,,baseline_noce,2050.0,industry,"[1, -1, -1, -1]",2293.869482707353,1942.401699211061,,
baseline_medce_gbl,NDC+LTT,"Medium CE, EU + partners",d,Global,Total industry,Total industry,2050,-190.65855523185473,MtCO2e/yr,net,"[""Emissions|GHG|Industry""]",fig07_emissions_response,,,,,,"[""AFE"", ""AFN"", ""AFW"", ""AFZ"", ""ANZ"", ""ASC"", ""ASE"", ""ASO"", ""BRA"", ""CAN"", ""CHL"", ""CHN"", ""ENE"", ""ENW"", ""EUE"", ""EUM"", ""EUW"", ""IDN"", ""IND"", ""JPN"", ""LAM"", ""MDA"", ""MEA"", ""MEX"", ""NIG"", ""RUS"", ""SKT"", ""USA""]",GHG emissions change,,,,,,,,medce_gbl,,,,,baseline_noce,2050.0,industry,[1],4261.8249622616495,4452.483517493504,,
baseline_medce_gbl,NDC+LTT,"Medium CE, EU + partners",f,EU,Three sectors,EU,2050,-18.19305419330798,MtCO2e/yr,plotted,"[""Emissions|GHG|Industry|Non-Metallic Minerals|Cement"", ""Emissions|GHG|Industry|Iron and Steel"", ""Emissions|GHG|Industry|Non-Ferrous Metals|Aluminum""]",fig07_emissions_response,,,,,,"[""EUE"", ""EUM"", ""EUW""]",GHG emissions change,,,,,,,,medce_gbl,,,,,baseline_noce,2050.0,geography,"[1, 1, 1]",49.4864679487384,67.67952214204638,,
baseline_medce_gbl,NDC+LTT,"Medium CE, EU + partners",f,India,Three sectors,India,2050,-390.06225882719525,MtCO2e/yr,plotted,"[""Emissions|GHG|Industry|Non-Metallic Minerals|Cement"", ""Emissions|GHG|Industry|Iron and Steel"", ""Emissions|GHG|Industry|Non-Ferrous Metals|Aluminum""]",fig07_emissions_response,,,,,,"[""IND""]",GHG emissions change,,,,,,,,medce_gbl,,,,,baseline_noce,2050.0,geography,"[1, 1, 1]",562.1614425617245,952.2237013889197,,
baseline_medce_gbl,NDC+LTT,"Medium CE, EU + partners",f,China,Three sectors,China,2050,-36.71560961238663,MtCO2e/yr,plotted,"[""Emissions|GHG|Industry|Non-Metallic Minerals|Cement"", ""Emissions|GHG|Industry|Iron and Steel"", ""Emissions|GHG|Industry|Non-Ferrous Metals|Aluminum""]",fig07_emissions_response,,,,,,"[""CHN""]",GHG emissions change,,,,,,,,medce_gbl,,,,,baseline_noce,2050.0,geography,"[1, 1, 1]",473.00392832047686,509.7195379328635,,
baseline_medce_gbl,NDC+LTT,"Medium CE, EU + partners",f,Indonesia group,Three sectors,Indonesia group,2050,-42.384857826239596,MtCO2e/yr,plotted,"[""Emissions|GHG|Industry|Non-Metallic Minerals|Cement"", ""Emissions|GHG|Industry|Iron and Steel"", ""Emissions|GHG|Industry|Non-Ferrous Metals|Aluminum""]",fig07_emissions_response,,,,,,"[""IDN""]",GHG emissions change,,,,,,,,medce_gbl,,,,,baseline_noce,2050.0,geography,"[1, 1, 1]",109.75477921648871,152.1396370427283,,
baseline_medce_gbl,NDC+LTT,"Medium CE, EU + partners",f,Other partners,Three sectors,Other partners,2050,-50.16467494710366,MtCO2e/yr,plotted,"[""Emissions|GHG|Industry|Non-Metallic Minerals|Cement"", ""Emissions|GHG|Industry|Iron and Steel"", ""Emissions|GHG|Industry|Non-Ferrous Metals|Aluminum""]",fig07_emissions_response,,,,,,"[""ANZ"", ""BRA"", ""CAN"", ""CHL"", ""ENE"", ""ENW"", ""JPN"", ""MEX"", ""RUS"", ""SKT"", ""USA""]",GHG emissions change,,,,,,,,medce_gbl,,,,,baseline_noce,2050.0,geography,"[1, 1, 1]",162.18526579480545,212.3499407419091,,
baseline_medce_gbl,NDC+LTT,"Medium CE, EU + partners",f,Rest of world,Three sectors,Rest of world,2050,-4.605883321914007,MtCO2e/yr,plotted,"[""Emissions|GHG|Industry|Non-Metallic Minerals|Cement"", ""Emissions|GHG|Industry|Iron and Steel"", ""Emissions|GHG|Industry|Non-Ferrous Metals|Aluminum""]",fig07_emissions_response,,,,,,"[""AFE"", ""AFN"", ""AFW"", ""AFZ"", ""ASC"", ""ASE"", ""ASO"", ""LAM"", ""MDA"", ""MEA"", ""NIG""]",GHG emissions change,,,,,,,,medce_gbl,,,,,baseline_noce,2050.0,geography,"[1, 1, 1]",611.3635957120624,615.9694790339764,,
baseline_medce_gbl,NDC+LTT,"Medium CE, EU + partners",f,Global,Three sectors,Global net,2050,-542.126338728147,MtCO2e/yr,net,"[""Emissions|GHG|Industry|Non-Metallic Minerals|Cement"", ""Emissions|GHG|Industry|Iron and Steel"", ""Emissions|GHG|Industry|Non-Ferrous Metals|Aluminum""]",fig07_emissions_response,,,,,,"[""AFE"", ""AFN"", ""AFW"", ""AFZ"", ""ANZ"", ""ASC"", ""ASE"", ""ASO"", ""BRA"", ""CAN"", ""CHL"", ""CHN"", ""ENE"", ""ENW"", ""EUE"", ""EUM"", ""EUW"", ""IDN"", ""IND"", ""JPN"", ""LAM"", ""MDA"", ""MEA"", ""MEX"", ""NIG"", ""RUS"", ""SKT"", ""USA""]",GHG emissions change,,,,,,,,medce_gbl,,,,,baseline_noce,2050.0,geography,"[1, 1, 1]",1967.9554795542963,2510.0818182824432,,
baseline_highce_gbl,NDC+LTT,"High CE, EU + partners",d,Global,Cement,Cement,2050,-408.8073093696862,MtCO2e/yr,plotted,"[""Emissions|GHG|Industry|Non-Metallic Minerals|Cement""]",fig07_emissions_response,,,,,,"[""AFE"", ""AFN"", ""AFW"", ""AFZ"", ""ANZ"", ""ASC"", ""ASE"", ""ASO"", ""BRA"", ""CAN"", ""CHL"", ""CHN"", ""ENE"", ""ENW"", ""EUE"", ""EUM"", ""EUW"", ""IDN"", ""IND"", ""JPN"", ""LAM"", ""MDA"", ""MEA"", ""MEX"", ""NIG"", ""RUS"", ""SKT"", ""USA""]",GHG emissions change,,,,,,,,highce_gbl,,,,,baseline_noce,2050.0,industry,[1],1309.3161514737153,1718.1234608434015,,
baseline_highce_gbl,NDC+LTT,"High CE, EU + partners",d,Global,Iron and steel,Iron and steel,2050,-519.1048367703867,MtCO2e/yr,plotted,"[""Emissions|GHG|Industry|Iron and Steel""]",fig07_emissions_response,,,,,,"[""AFE"", ""AFN"", ""AFW"", ""AFZ"", ""ANZ"", ""ASC"", ""ASE"", ""ASO"", ""BRA"", ""CAN"", ""CHL"", ""CHN"", ""ENE"", ""ENW"", ""EUE"", ""EUM"", ""EUW"", ""IDN"", ""IND"", ""JPN"", ""LAM"", ""MDA"", ""MEA"", ""MEX"", ""NIG"", ""RUS"", ""SKT"", ""USA""]",GHG emissions change,,,,,,,,highce_gbl,,,,,baseline_noce,2050.0,industry,[1],221.70155989471428,740.8063966651009,,
baseline_highce_gbl,NDC+LTT,"High CE, EU + partners",d,Global,Aluminium,Aluminium,2050,-8.412952734180571,MtCO2e/yr,plotted,"[""Emissions|GHG|Industry|Non-Ferrous Metals|Aluminum""]",fig07_emissions_response,,,,,,"[""AFE"", ""AFN"", ""AFW"", ""AFZ"", ""ANZ"", ""ASC"", ""ASE"", ""ASO"", ""BRA"", ""CAN"", ""CHL"", ""CHN"", ""ENE"", ""ENW"", ""EUE"", ""EUM"", ""EUW"", ""IDN"", ""IND"", ""JPN"", ""LAM"", ""MDA"", ""MEA"", ""MEX"", ""NIG"", ""RUS"", ""SKT"", ""USA""]",GHG emissions change,,,,,,,,highce_gbl,,,,,baseline_noce,2050.0,industry,[1],42.739008039760364,51.151960773940935,,
baseline_highce_gbl,NDC+LTT,"High CE, EU + partners",d,Global,Other industry,Other industry,2050,533.7569537846894,MtCO2e/yr,plotted,"[""Emissions|GHG|Industry"", ""Emissions|GHG|Industry|Non-Metallic Minerals|Cement"", ""Emissions|GHG|Industry|Iron and Steel"", ""Emissions|GHG|Industry|Non-Ferrous Metals|Aluminum""]",fig07_emissions_response,,,,,,"[""AFE"", ""AFN"", ""AFW"", ""AFZ"", ""ANZ"", ""ASC"", ""ASE"", ""ASO"", ""BRA"", ""CAN"", ""CHL"", ""CHN"", ""ENE"", ""ENW"", ""EUE"", ""EUM"", ""EUW"", ""IDN"", ""IND"", ""JPN"", ""LAM"", ""MDA"", ""MEA"", ""MEX"", ""NIG"", ""RUS"", ""SKT"", ""USA""]",GHG emissions change,,,,,,,,highce_gbl,,,,,baseline_noce,2050.0,industry,"[1, -1, -1, -1]",2476.1586529957503,1942.401699211061,,
baseline_highce_gbl,NDC+LTT,"High CE, EU + partners",d,Global,Total industry,Total industry,2050,-402.5681450895636,MtCO2e/yr,net,"[""Emissions|GHG|Industry""]",fig07_emissions_response,,,,,,"[""AFE"", ""AFN"", ""AFW"", ""AFZ"", ""ANZ"", ""ASC"", ""ASE"", ""ASO"", ""BRA"", ""CAN"", ""CHL"", ""CHN"", ""ENE"", ""ENW"", ""EUE"", ""EUM"", ""EUW"", ""IDN"", ""IND"", ""JPN"", ""LAM"", ""MDA"", ""MEA"", ""MEX"", ""NIG"", ""RUS"", ""SKT"", ""USA""]",GHG emissions change,,,,,,,,highce_gbl,,,,,baseline_noce,2050.0,industry,[1],4049.9153724039406,4452.483517493504,,
baseline_highce_gbl,NDC+LTT,"High CE, EU + partners",f,EU,Three sectors,EU,2050,-28.01895020864776,MtCO2e/yr,plotted,"[""Emissions|GHG|Industry|Non-Metallic Minerals|Cement"", ""Emissions|GHG|Industry|Iron and Steel"", ""Emissions|GHG|Industry|Non-Ferrous Metals|Aluminum""]",fig07_emissions_response,,,,,,"[""EUE"", ""EUM"", ""EUW""]",GHG emissions change,,,,,,,,highce_gbl,,,,,baseline_noce,2050.0,geography,"[1, 1, 1]",39.66057193339862,67.67952214204638,,
baseline_highce_gbl,NDC+LTT,"High CE, EU + partners",f,India,Three sectors,India,2050,-644.5225804092267,MtCO2e/yr,plotted,"[""Emissions|GHG|Industry|Non-Metallic Minerals|Cement"", ""Emissions|GHG|Industry|Iron and Steel"", ""Emissions|GHG|Industry|Non-Ferrous Metals|Aluminum""]",fig07_emissions_response,,,,,,"[""IND""]",GHG emissions change,,,,,,,,highce_gbl,,,,,baseline_noce,2050.0,geography,"[1, 1, 1]",307.701120979693,952.2237013889197,,
baseline_highce_gbl,NDC+LTT,"High CE, EU + partners",f,China,Three sectors,China,2050,-116.6747833072472,MtCO2e/yr,plotted,"[""Emissions|GHG|Industry|Non-Metallic Minerals|Cement"", ""Emissions|GHG|Industry|Iron and Steel"", ""Emissions|GHG|Industry|Non-Ferrous Metals|Aluminum""]",fig07_emissions_response,,,,,,"[""CHN""]",GHG emissions change,,,,,,,,highce_gbl,,,,,baseline_noce,2050.0,geography,"[1, 1, 1]",393.0447546256163,509.7195379328635,,
baseline_highce_gbl,NDC+LTT,"High CE, EU + partners",f,Indonesia group,Three sectors,Indonesia group,2050,-61.11282403840961,MtCO2e/yr,plotted,"[""Emissions|GHG|Industry|Non-Metallic Minerals|Cement"", ""Emissions|GHG|Industry|Iron and Steel"", ""Emissions|GHG|Industry|Non-Ferrous Metals|Aluminum""]",fig07_emissions_response,,,,,,"[""IDN""]",GHG emissions change,,,,,,,,highce_gbl,,,,,baseline_noce,2050.0,geography,"[1, 1, 1]",91.0268130043187,152.1396370427283,,
baseline_highce_gbl,NDC+LTT,"High CE, EU + partners",f,Other partners,Three sectors,Other partners,2050,-76.95698544764437,MtCO2e/yr,plotted,"[""Emissions|GHG|Industry|Non-Metallic Minerals|Cement"", ""Emissions|GHG|Industry|Iron and Steel"", ""Emissions|GHG|Industry|Non-Ferrous Metals|Aluminum""]",fig07_emissions_response,,,,,,"[""ANZ"", ""BRA"", ""CAN"", ""CHL"", ""ENE"", ""ENW"", ""JPN"", ""MEX"", ""RUS"", ""SKT"", ""USA""]",GHG emissions change,,,,,,,,highce_gbl,,,,,baseline_noce,2050.0,geography,"[1, 1, 1]",135.39295529426474,212.3499407419091,,
baseline_highce_gbl,NDC+LTT,"High CE, EU + partners",f,Rest of world,Three sectors,Rest of world,2050,-9.038975463077918,MtCO2e/yr,plotted,"[""Emissions|GHG|Industry|Non-Metallic Minerals|Cement"", ""Emissions|GHG|Industry|Iron and Steel"", ""Emissions|GHG|Industry|Non-Ferrous Metals|Aluminum""]",fig07_emissions_response,,,,,,"[""AFE"", ""AFN"", ""AFW"", ""AFZ"", ""ASC"", ""ASE"", ""ASO"", ""LAM"", ""MDA"", ""MEA"", ""NIG""]",GHG emissions change,,,,,,,,highce_gbl,,,,,baseline_noce,2050.0,geography,"[1, 1, 1]",606.9305035708985,615.9694790339764,,
baseline_highce_gbl,NDC+LTT,"High CE, EU + partners",f,Global,Three sectors,Global net,2050,-936.3250988742532,MtCO2e/yr,net,"[""Emissions|GHG|Industry|Non-Metallic Minerals|Cement"", ""Emissions|GHG|Industry|Iron and Steel"", ""Emissions|GHG|Industry|Non-Ferrous Metals|Aluminum""]",fig07_emissions_response,,,,,,"[""AFE"", ""AFN"", ""AFW"", ""AFZ"", ""ANZ"", ""ASC"", ""ASE"", ""ASO"", ""BRA"", ""CAN"", ""CHL"", ""CHN"", ""ENE"", ""ENW"", ""EUE"", ""EUM"", ""EUW"", ""IDN"", ""IND"", ""JPN"", ""LAM"", ""MDA"", ""MEA"", ""MEX"", ""NIG"", ""RUS"", ""SKT"", ""USA""]",GHG emissions change,,,,,,,,highce_gbl,,,,,baseline_noce,2050.0,geography,"[1, 1, 1]",1573.75671940819,2510.0818182824432,,
ndc_noce,NDC,No CE,a,Global,Cement,Cement,2019,0.0,%,context,"[""Total Annualised Cost|Industry|Non-Metallic Minerals|Cement""]",fig08_sector_costs,,,,,,"[""AFE"", ""AFN"", ""AFW"", ""AFZ"", ""ANZ"", ""ASC"", ""ASE"", ""ASO"", ""BRA"", ""CAN"", ""CHL"", ""CHN"", ""ENE"", ""ENW"", ""EUE"", ""EUM"", ""EUW"", ""IDN"", ""IND"", ""JPN"", ""LAM"", ""MDA"", ""MEA"", ""MEX"", ""NIG"", ""RUS"", ""SKT"", ""USA""]",Annualised sector-cost change,,,100.0,104605.06988172908,Millions USD_2010/yr,104605.06988172908,Millions USD_2010/yr,noce,,,,-100.0,ndc_noce,2019.0,,,,,104605.06988172908,104605.06988172908
ndc_noce,NDC,No CE,a,Global,Cement,Cement,2024,0.0,%,plotted,"[""Total Annualised Cost|Industry|Non-Metallic Minerals|Cement""]",fig08_sector_costs,,,,,,"[""AFE"", ""AFN"", ""AFW"", ""AFZ"", ""ANZ"", ""ASC"", ""ASE"", ""ASO"", ""BRA"", ""CAN"", ""CHL"", ""CHN"", ""ENE"", ""ENW"", ""EUE"", ""EUM"", ""EUW"", ""IDN"", ""IND"", ""JPN"", ""LAM"", ""MDA"", ""MEA"", ""MEX"", ""NIG"", ""RUS"", ""SKT"", ""USA""]",Annualised sector-cost change,,,100.0,178886.34915972987,Millions USD_2010/yr,178886.34915972987,Millions USD_2010/yr,noce,,,,-100.0,ndc_noce,2024.0,,,,,178886.34915972987,178886.34915972987
ndc_noce,NDC,No CE,a,Global,Cement,Cement,2030,0.0,%,plotted,"[""Total Annualised Cost|Industry|Non-Metallic Minerals|Cement""]",fig08_sector_costs,,,,,,"[""AFE"", ""AFN"", ""AFW"", ""AFZ"", ""ANZ"", ""ASC"", ""ASE"", ""ASO"", ""BRA"", ""CAN"", ""CHL"", ""CHN"", ""ENE"", ""ENW"", ""EUE"", ""EUM"", ""EUW"", ""IDN"", ""IND"", ""JPN"", ""LAM"", ""MDA"", ""MEA"", ""MEX"", ""NIG"", ""RUS"", ""SKT"", ""USA""]",Annualised sector-cost change,,,100.0,336613.91294805164,Millions USD_2010/yr,336613.91294805164,Millions USD_2010/yr,noce,,,,-100.0,ndc_noce,2030.0,,,,,336613.91294805164,336613.91294805164
ndc_noce,NDC,No CE,a,Global,Cement,Cement,2035,0.0,%,plotted,"[""Total Annualised Cost|Industry|Non-Metallic Minerals|Cement""]",fig08_sector_costs,,,,,,"[""AFE"", ""AFN"", ""AFW"", ""AFZ"", ""ANZ"", ""ASC"", ""ASE"", ""ASO"", ""BRA"", ""CAN"", ""CHL"", ""CHN"", ""ENE"", ""ENW"", ""EUE"", ""EUM"", ""EUW"", ""IDN"", ""IND"", ""JPN"", ""LAM"", ""MDA"", ""MEA"", ""MEX"", ""NIG"", ""RUS"", ""SKT"", ""USA""]",Annualised sector-cost change,,,100.0,413816.35511015635,Millions USD_2010/yr,413816.35511015635,Millions USD_2010/yr,noce,,,,-100.0,ndc_noce,2035.0,,,,,413816.35511015635,413816.35511015635
ndc_noce,NDC,No CE,a,Global,Cement,Cement,2040,0.0,%,plotted,"[""Total Annualised Cost|Industry|Non-Metallic Minerals|Cement""]",fig08_sector_costs,,,,,,"[""AFE"", ""AFN"", ""AFW"", ""AFZ"", ""ANZ"", ""ASC"", ""ASE"", ""ASO"", ""BRA"", ""CAN"", ""CHL"", ""CHN"", ""ENE"", ""ENW"", ""EUE"", ""EUM"", ""EUW"", ""IDN"", ""IND"", ""JPN"", ""LAM"", ""MDA"", ""MEA"", ""MEX"", ""NIG"", ""RUS"", ""SKT"", ""USA""]",Annualised sector-cost change,,,100.0,544314.6726880135,Millions USD_2010/yr,544314.6726880135,Millions USD_2010/yr,noce,,,,-100.0,ndc_noce,2040.0,,,,,544314.6726880135,544314.6726880135
ndc_noce,NDC,No CE,a,Global,Cement,Cement,2050,0.0,%,plotted,"[""Total Annualised Cost|Industry|Non-Metallic Minerals|Cement""]",fig08_sector_costs,,,,,,"[""AFE"", ""AFN"", ""AFW"", ""AFZ"", ""ANZ"", ""ASC"", ""ASE"", ""ASO"", ""BRA"", ""CAN"", ""CHL"", ""CHN"", ""ENE"", ""ENW"", ""EUE"", ""EUM"", ""EUW"", ""IDN"", ""IND"", ""JPN"", ""LAM"", ""MDA"", ""MEA"", ""MEX"", ""NIG"", ""RUS"", ""SKT"", ""USA""]",Annualised sector-cost change,,,100.0,730664.7060288142,Millions USD_2010/yr,730664.7060288142,Millions USD_2010/yr,noce,,,,-100.0,ndc_noce,2050.0,,,,,730664.7060288142,730664.7060288142
ndc_medce_eu,NDC,"Medium CE, EU",a,Global,Cement,Cement,2019,0.0,%,context,"[""Total Annualised Cost|Industry|Non-Metallic Minerals|Cement""]",fig08_sector_costs,,,,,,"[""AFE"", ""AFN"", ""AFW"", ""AFZ"", ""ANZ"", ""ASC"", ""ASE"", ""ASO"", ""BRA"", ""CAN"", ""CHL"", ""CHN"", ""ENE"", ""ENW"", ""EUE"", ""EUM"", ""EUW"", ""IDN"", ""IND"", ""JPN"", ""LAM"", ""MDA"", ""MEA"", ""MEX"", ""NIG"", ""RUS"", ""SKT"", ""USA""]",Annualised sector-cost change,,,100.0,104605.06988172908,Millions USD_2010/yr,104605.06988172908,Millions USD_2010/yr,medce_eu,,,,-100.0,ndc_noce,2019.0,,,,,104605.06988172908,104605.06988172908
ndc_medce_eu,NDC,"Medium CE, EU",a,Global,Cement,Cement,2024,0.0,%,plotted,"[""Total Annualised Cost|Industry|Non-Metallic Minerals|Cement""]",fig08_sector_costs,,,,,,"[""AFE"", ""AFN"", ""AFW"", ""AFZ"", ""ANZ"", ""ASC"", ""ASE"", ""ASO"", ""BRA"", ""CAN"", ""CHL"", ""CHN"", ""ENE"", ""ENW"", ""EUE"", ""EUM"", ""EUW"", ""IDN"", ""IND"", ""JPN"", ""LAM"", ""MDA"", ""MEA"", ""MEX"", ""NIG"", ""RUS"", ""SKT"", ""USA""]",Annualised sector-cost change,,,100.0,178886.34915972987,Millions USD_2010/yr,178886.34915972987,Millions USD_2010/yr,medce_eu,,,,-100.0,ndc_noce,2024.0,,,,,178886.34915972987,178886.34915972987
ndc_medce_eu,NDC,"Medium CE, EU",a,Global,Cement,Cement,2030,1.8704461289645227,%,plotted,"[""Total Annualised Cost|Industry|Non-Metallic Minerals|Cement""]",fig08_sector_costs,,,,,,"[""AFE"", ""AFN"", ""AFW"", ""AFZ"", ""ANZ"", ""ASC"", ""ASE"", ""ASO"", ""BRA"", ""CAN"", ""CHL"", ""CHN"", ""ENE"", ""ENW"", ""EUE"", ""EUM"", ""EUW"", ""IDN"", ""IND"", ""JPN"", ""LAM"", ""MDA"", ""MEA"", ""MEX"", ""NIG"", ""RUS"", ""SKT"", ""USA""]",Annualised sector-cost change,,,100.0,342910.0948523445,Millions USD_2010/yr,336613.91294805164,Millions USD_2010/yr,medce_eu,,,,-100.0,ndc_noce,2030.0,,,,,342910.0948523445,336613.91294805164
ndc_medce_eu,NDC,"Medium CE, EU",a,Global,Cement,Cement,2035,1.6460014484680863,%,plotted,"[""Total Annualised Cost|Industry|Non-Metallic Minerals|Cement""]",fig08_sector_costs,,,,,,"[""AFE"", ""AFN"", ""AFW"", ""AFZ"", ""ANZ"", ""ASC"", ""ASE"", ""ASO"", ""BRA"", ""CAN"", ""CHL"", ""CHN"", ""ENE"", ""ENW"", ""EUE"", ""EUM"", ""EUW"", ""IDN"", ""IND"", ""JPN"", ""LAM"", ""MDA"", ""MEA"", ""MEX"", ""NIG"", ""RUS"", ""SKT"", ""USA""]",Annualised sector-cost change,,,100.0,420627.77830926736,Millions USD_2010/yr,413816.35511015635,Millions USD_2010/yr,medce_eu,,,,-100.0,ndc_noce,2035.0,,,,,420627.77830926736,413816.35511015635
ndc_medce_eu,NDC,"Medium CE, EU",a,Global,Cement,Cement,2040,1.600238720504688,%,plotted,"[""Total Annualised Cost|Industry|Non-Metallic Minerals|Cement""]",fig08_sector_costs,,,,,,"[""AFE"", ""AFN"", ""AFW"", ""AFZ"", ""ANZ"", ""ASC"", ""ASE"", ""ASO"", ""BRA"", ""CAN"", ""CHL"", ""CHN"", ""ENE"", ""ENW"", ""EUE"", ""EUM"", ""EUW"", ""IDN"", ""IND"", ""JPN"", ""LAM"", ""MDA"", ""MEA"", ""MEX"", ""NIG"", ""RUS"", ""SKT"", ""USA""]",Annualised sector-cost change,,,100.0,553025.0068417555,Millions USD_2010/yr,544314.6726880135,Millions USD_2010/yr,medce_eu,,,,-100.0,ndc_noce,2040.0,,,,,553025.0068417555,544314.6726880135
ndc_medce_eu,NDC,"Medium CE, EU",a,Global,Cement,Cement,2050,0.8421181614638942,%,plotted,"[""Total Annualised Cost|Industry|Non-Metallic Minerals|Cement""]",fig08_sector_costs,,,,,,"[""AFE"", ""AFN"", ""AFW"", ""AFZ"", ""ANZ"", ""ASC"", ""ASE"", ""ASO"", ""BRA"", ""CAN"", ""CHL"", ""CHN"", ""ENE"", ""ENW"", ""EUE"", ""EUM"", ""EUW"", ""IDN"", ""IND"", ""JPN"", ""LAM"", ""MDA"", ""MEA"", ""MEX"", ""NIG"", ""RUS"", ""SKT"", ""USA""]",Annualised sector-cost change,,,100.0,736817.7662176896,Millions USD_2010/yr,730664.7060288142,Millions USD_2010/yr,medce_eu,,,,-100.0,ndc_noce,2050.0,,,,,736817.7662176896,730664.7060288142
ndc_highce_eu,NDC,"High CE, EU",a,Global,Cement,Cement,2019,0.0,%,context,"[""Total Annualised Cost|Industry|Non-Metallic Minerals|Cement""]",fig08_sector_costs,,,,,,"[""AFE"", ""AFN"", ""AFW"", ""AFZ"", ""ANZ"", ""ASC"", ""ASE"", ""ASO"", ""BRA"", ""CAN"", ""CHL"", ""CHN"", ""ENE"", ""ENW"", ""EUE"", ""EUM"", ""EUW"", ""IDN"", ""IND"", ""JPN"", ""LAM"", ""MDA"", ""MEA"", ""MEX"", ""NIG"", ""RUS"", ""SKT"", ""USA""]",Annualised sector-cost change,,,100.0,104605.06988172908,Millions USD_2010/yr,104605.06988172908,Millions USD_2010/yr,highce_eu,,,,-100.0,ndc_noce,2019.0,,,,,104605.06988172908,104605.06988172908
ndc_highce_eu,NDC,"High CE, EU",a,Global,Cement,Cement,2024,0.0,%,plotted,"[""Total Annualised Cost|Industry|Non-Metallic Minerals|Cement""]",fig08_sector_costs,,,,,,"[""AFE"", ""AFN"", ""AFW"", ""AFZ"", ""ANZ"", ""ASC"", ""ASE"", ""ASO"", ""BRA"", ""CAN"", ""CHL"", ""CHN"", ""ENE"", ""ENW"", ""EUE"", ""EUM"", ""EUW"", ""IDN"", ""IND"", ""JPN"", ""LAM"", ""MDA"", ""MEA"", ""MEX"", ""NIG"", ""RUS"", ""SKT"", ""USA""]",Annualised sector-cost change,,,100.0,178886.34915972987,Millions USD_2010/yr,178886.34915972987,Millions USD_2010/yr,highce_eu,,,,-100.0,ndc_noce,2024.0,,,,,178886.34915972987,178886.34915972987
ndc_highce_eu,NDC,"High CE, EU",a,Global,Cement,Cement,2030,1.6056686717694617,%,plotted,"[""Total Annualised Cost|Industry|Non-Metallic Minerals|Cement""]",fig08_sector_costs,,,,,,"[""AFE"", ""AFN"", ""AFW"", ""AFZ"", ""ANZ"", ""ASC"", ""ASE"", ""ASO"", ""BRA"", ""CAN"", ""CHL"", ""CHN"", ""ENE"", ""ENW"", ""EUE"", ""EUM"", ""EUW"", ""IDN"", ""IND"", ""JPN"", ""LAM"", ""MDA"", ""MEA"", ""MEX"", ""NIG"", ""RUS"", ""SKT"", ""USA""]",Annualised sector-cost change,,,100.0,342018.81709307584,Millions USD_2010/yr,336613.91294805164,Millions USD_2010/yr,highce_eu,,,,-100.0,ndc_noce,2030.0,,,,,342018.81709307584,336613.91294805164
ndc_highce_eu,NDC,"High CE, EU",a,Global,Cement,Cement,2035,1.3122483483957679,%,plotted,"[""Total Annualised Cost|Industry|Non-Metallic Minerals|Cement""]",fig08_sector_costs,,,,,,"[""AFE"", ""AFN"", ""AFW"", ""AFZ"", ""ANZ"", ""ASC"", ""ASE"", ""ASO"", ""BRA"", ""CAN"", ""CHL"", ""CHN"", ""ENE"", ""ENW"", ""EUE"", ""EUM"", ""EUW"", ""IDN"", ""IND"", ""JPN"", ""LAM"", ""MDA"", ""MEA"", ""MEX"", ""NIG"", ""RUS"", ""SKT"", ""USA""]",Annualised sector-cost change,,,100.0,419246.65339548094,Millions USD_2010/yr,413816.35511015635,Millions USD_2010/yr,highce_eu,,,,-100.0,ndc_noce,2035.0,,,,,419246.65339548094,413816.35511015635
ndc_highce_eu,NDC,"High CE, EU",a,Global,Cement,Cement,2040,1.2780603439029303,%,plotted,"[""Total Annualised Cost|Industry|Non-Metallic Minerals|Cement""]",fig08_sector_costs,,,,,,"[""AFE"", ""AFN"", ""AFW"", ""AFZ"", ""ANZ"", ""ASC"", ""ASE"", ""ASO"", ""BRA"", ""CAN"", ""CHL"", ""CHN"", ""ENE"", ""ENW"", ""EUE"", ""EUM"", ""EUW"", ""IDN"", ""IND"", ""JPN"", ""LAM"", ""MDA"", ""MEA"", ""MEX"", ""NIG"", ""RUS"", ""SKT"", ""USA""]",Annualised sector-cost change,,,100.0,551271.3426656841,Millions USD_2010/yr,544314.6726880135,Millions USD_2010/yr,highce_eu,,,,-100.0,ndc_noce,2040.0,,,,,551271.3426656841,544314.6726880135
ndc_highce_eu,NDC,"High CE, EU",a,Global,Cement,Cement,2050,0.47823374730917606,%,plotted,"[""Total Annualised Cost|Industry|Non-Metallic Minerals|Cement""]",fig08_sector_costs,,,,,,"[""AFE"", ""AFN"", ""AFW"", ""AFZ"", ""ANZ"", ""ASC"", ""ASE"", ""ASO"", ""BRA"", ""CAN"", ""CHL"", ""CHN"", ""ENE"", ""ENW"", ""EUE"", ""EUM"", ""EUW"", ""IDN"", ""IND"", ""JPN"", ""LAM"", ""MDA"", ""MEA"", ""MEX"", ""NIG"", ""RUS"", ""SKT"", ""USA""]",Annualised sector-cost change,,,100.0,734158.9912327214,Millions USD_2010/yr,730664.7060288142,Millions USD_2010/yr,highce_eu,,,,-100.0,ndc_noce,2050.0,,,,,734158.9912327214,730664.7060288142
ndc_medce_gbl,NDC,"Medium CE, EU + partners",a,Global,Cement,Cement,2019,0.0,%,context,"[""Total Annualised Cost|Industry|Non-Metallic Minerals|Cement""]",fig08_sector_costs,,,,,,"[""AFE"", ""AFN"", ""AFW"", ""AFZ"", ""ANZ"", ""ASC"", ""ASE"", ""ASO"", ""BRA"", ""CAN"", ""CHL"", ""CHN"", ""ENE"", ""ENW"", ""EUE"", ""EUM"", ""EUW"", ""IDN"", ""IND"", ""JPN"", ""LAM"", ""MDA"", ""MEA"", ""MEX"", ""NIG"", ""RUS"", ""SKT"", ""USA""]",Annualised sector-cost change,,,100.0,104605.06988172908,Millions USD_2010/yr,104605.06988172908,Millions USD_2010/yr,medce_gbl,,,,-100.0,ndc_noce,2019.0,,,,,104605.06988172908,104605.06988172908
ndc_medce_gbl,NDC,"Medium CE, EU + partners",a,Global,Cement,Cement,2024,0.0,%,plotted,"[""Total Annualised Cost|Industry|Non-Metallic Minerals|Cement""]",fig08_sector_costs,,,,,,"[""AFE"", ""AFN"", ""AFW"", ""AFZ"", ""ANZ"", ""ASC"", ""ASE"", ""ASO"", ""BRA"", ""CAN"", ""CHL"", ""CHN"", ""ENE"", ""ENW"", ""EUE"", ""EUM"", ""EUW"", ""IDN"", ""IND"", ""JPN"", ""LAM"", ""MDA"", ""MEA"", ""MEX"", ""NIG"", ""RUS"", ""SKT"", ""USA""]",Annualised sector-cost change,,,100.0,178886.34915972987,Millions USD_2010/yr,178886.34915972987,Millions USD_2010/yr,medce_gbl,,,,-100.0,ndc_noce,2024.0,,,,,178886.34915972987,178886.34915972987
ndc_medce_gbl,NDC,"Medium CE, EU + partners",a,Global,Cement,Cement,2030,-7.127391933685044,%,plotted,"[""Total Annualised Cost|Industry|Non-Metallic Minerals|Cement""]",fig08_sector_costs,,,,,,"[""AFE"", ""AFN"", ""AFW"", ""AFZ"", ""ANZ"", ""ASC"", ""ASE"", ""ASO"", ""BRA"", ""CAN"", ""CHL"", ""CHN"", ""ENE"", ""ENW"", ""EUE"", ""EUM"", ""EUW"", ""IDN"", ""IND"", ""JPN"", ""LAM"", ""MDA"", ""MEA"", ""MEX"", ""NIG"", ""RUS"", ""SKT"", ""USA""]",Annualised sector-cost change,,,100.0,312622.1200689306,Millions USD_2010/yr,336613.91294805164,Millions USD_2010/yr,medce_gbl,,,,-100.0,ndc_noce,2030.0,,,,,312622.1200689306,336613.91294805164
ndc_medce_gbl,NDC,"Medium CE, EU + partners",a,Global,Cement,Cement,2035,-7.682185094373284,%,plotted,"[""Total Annualised Cost|Industry|Non-Metallic Minerals|Cement""]",fig08_sector_costs,,,,,,"[""AFE"", ""AFN"", ""AFW"", ""AFZ"", ""ANZ"", ""ASC"", ""ASE"", ""ASO"", ""BRA"", ""CAN"", ""CHL"", ""CHN"", ""ENE"", ""ENW"", ""EUE"", ""EUM"", ""EUW"", ""IDN"", ""IND"", ""JPN"", ""LAM"", ""MDA"", ""MEA"", ""MEX"", ""NIG"", ""RUS"", ""SKT"", ""USA""]",Annualised sector-cost change,,,100.0,382026.2167598051,Millions USD_2010/yr,413816.35511015635,Millions USD_2010/yr,medce_gbl,,,,-100.0,ndc_noce,2035.0,,,,,382026.2167598051,413816.35511015635
ndc_medce_gbl,NDC,"Medium CE, EU + partners",a,Global,Cement,Cement,2040,-9.217212599575495,%,plotted,"[""Total Annualised Cost|Industry|Non-Metallic Minerals|Cement""]",fig08_sector_costs,,,,,,"[""AFE"", ""AFN"", ""AFW"", ""AFZ"", ""ANZ"", ""ASC"", ""ASE"", ""ASO"", ""BRA"", ""CAN"", ""CHL"", ""CHN"", ""ENE"", ""ENW"", ""EUE"", ""EUM"", ""EUW"", ""IDN"", ""IND"", ""JPN"", ""LAM"", ""MDA"", ""MEA"", ""MEX"", ""NIG"", ""RUS"", ""SKT"", ""USA""]",Annualised sector-cost change,,,100.0,494144.0320956758,Millions USD_2010/yr,544314.6726880135,Millions USD_2010/yr,medce_gbl,,,,-100.0,ndc_noce,2040.0,,,,,494144.0320956758,544314.6726880135
ndc_medce_gbl,NDC,"Medium CE, EU + partners",a,Global,Cement,Cement,2050,-9.750247411711992,%,plotted,"[""Total Annualised Cost|Industry|Non-Metallic Minerals|Cement""]",fig08_sector_costs,,,,,,"[""AFE"", ""AFN"", ""AFW"", ""AFZ"", ""ANZ"", ""ASC"", ""ASE"", ""ASO"", ""BRA"", ""CAN"", ""CHL"", ""CHN"", ""ENE"", ""ENW"", ""EUE"", ""EUM"", ""EUW"", ""IDN"", ""IND"", ""JPN"", ""LAM"", ""MDA"", ""MEA"", ""MEX"", ""NIG"", ""RUS"", ""SKT"", ""USA""]",Annualised sector-cost change,,,100.0,659423.0894409467,Millions USD_2010/yr,730664.7060288142,Millions USD_2010/yr,medce_gbl,,,,-100.0,ndc_noce,2050.0,,,,,659423.0894409467,730664.7060288142
ndc_highce_gbl,NDC,"High CE, EU + partners",a,Global,Cement,Cement,2019,0.0,%,context,"[""Total Annualised Cost|Industry|Non-Metallic Minerals|Cement""]",fig08_sector_costs,,,,,,"[""AFE"", ""AFN"", ""AFW"", ""AFZ"", ""ANZ"", ""ASC"", ""ASE"", ""ASO"", ""BRA"", ""CAN"", ""CHL"", ""CHN"", ""ENE"", ""ENW"", ""EUE"", ""EUM"", ""EUW"", ""IDN"", ""IND"", ""JPN"", ""LAM"", ""MDA"", ""MEA"", ""MEX"", ""NIG"", ""RUS"", ""SKT"", ""USA""]",Annualised sector-cost change,,,100.0,104605.06988172908,Millions USD_2010/yr,104605.06988172908,Millions USD_2010/yr,highce_gbl,,,,-100.0,ndc_noce,2019.0,,,,,104605.06988172908,104605.06988172908
ndc_highce_gbl,NDC,"High CE, EU + partners",a,Global,Cement,Cement,2024,0.0,%,plotted,"[""Total Annualised Cost|Industry|Non-Metallic Minerals|Cement""]",fig08_sector_costs,,,,,,"[""AFE"", ""AFN"", ""AFW"", ""AFZ"", ""ANZ"", ""ASC"", ""ASE"", ""ASO"", ""BRA"", ""CAN"", ""CHL"", ""CHN"", ""ENE"", ""ENW"", ""EUE"", ""EUM"", ""EUW"", ""IDN"", ""IND"", ""JPN"", ""LAM"", ""MDA"", ""MEA"", ""MEX"", ""NIG"", ""RUS"", ""SKT"", ""USA""]",Annualised sector-cost change,,,100.0,178886.34915972987,Millions USD_2010/yr,178886.34915972987,Millions USD_2010/yr,highce_gbl,,,,-100.0,ndc_noce,2024.0,,,,,178886.34915972987,178886.34915972987
ndc_highce_gbl,NDC,"High CE, EU + partners",a,Global,Cement,Cement,2030,-10.643043706581436,%,plotted,"[""Total Annualised Cost|Industry|Non-Metallic Minerals|Cement""]",fig08_sector_costs,,,,,,"[""AFE"", ""AFN"", ""AFW"", ""AFZ"", ""ANZ"", ""ASC"", ""ASE"", ""ASO"", ""BRA"", ""CAN"", ""CHL"", ""CHN"", ""ENE"", ""ENW"", ""EUE"", ""EUM"", ""EUW"", ""IDN"", ""IND"", ""JPN"", ""LAM"", ""MDA"", ""MEA"", ""MEX"", ""NIG"", ""RUS"", ""SKT"", ""USA""]",Annualised sector-cost change,,,100.0,300787.9470705565,Millions USD_2010/yr,336613.91294805164,Millions USD_2010/yr,highce_gbl,,,,-100.0,ndc_noce,2030.0,,,,,300787.9470705565,336613.91294805164
ndc_highce_gbl,NDC,"High CE, EU + partners",a,Global,Cement,Cement,2035,-11.892658741746878,%,plotted,"[""Total Annualised Cost|Industry|Non-Metallic Minerals|Cement""]",fig08_sector_costs,,,,,,"[""AFE"", ""AFN"", ""AFW"", ""AFZ"", ""ANZ"", ""ASC"", ""ASE"", ""ASO"", ""BRA"", ""CAN"", ""CHL"", ""CHN"", ""ENE"", ""ENW"", ""EUE"", ""EUM"", ""EUW"", ""IDN"", ""IND"", ""JPN"", ""LAM"", ""MDA"", ""MEA"", ""MEX"", ""NIG"", ""RUS"", ""SKT"", ""USA""]",Annualised sector-cost change,,,100.0,364602.58817937004,Millions USD_2010/yr,413816.35511015635,Millions USD_2010/yr,highce_gbl,,,,-100.0,ndc_noce,2035.0,,,,,364602.58817937004,413816.35511015635
ndc_highce_gbl,NDC,"High CE, EU + partners",a,Global,Cement,Cement,2040,-16.629573493724823,%,plotted,"[""Total Annualised Cost|Industry|Non-Metallic Minerals|Cement""]",fig08_sector_costs,,,,,,"[""AFE"", ""AFN"", ""AFW"", ""AFZ"", ""ANZ"", ""ASC"", ""ASE"", ""ASO"", ""BRA"", ""CAN"", ""CHL"", ""CHN"", ""ENE"", ""ENW"", ""EUE"", ""EUM"", ""EUW"", ""IDN"", ""IND"", ""JPN"", ""LAM"", ""MDA"", ""MEA"", ""MEX"", ""NIG"", ""RUS"", ""SKT"", ""USA""]",Annualised sector-cost change,,,100.0,453797.4641562326,Millions USD_2010/yr,544314.6726880135,Millions USD_2010/yr,highce_gbl,,,,-100.0,ndc_noce,2040.0,,,,,453797.4641562326,544314.6726880135
ndc_highce_gbl,NDC,"High CE, EU + partners",a,Global,Cement,Cement,2050,-18.23290913016197,%,plotted,"[""Total Annualised Cost|Industry|Non-Metallic Minerals|Cement""]",fig08_sector_costs,,,,,,"[""AFE"", ""AFN"", ""AFW"", ""AFZ"", ""ANZ"", ""ASC"", ""ASE"", ""ASO"", ""BRA"", ""CAN"", ""CHL"", ""CHN"", ""ENE"", ""ENW"", ""EUE"", ""EUM"", ""EUW"", ""IDN"", ""IND"", ""JPN"", ""LAM"", ""MDA"", ""MEA"", ""MEX"", ""NIG"", ""RUS"", ""SKT"", ""USA""]",Annualised sector-cost change,,,100.0,597443.2741324154,Millions USD_2010/yr,730664.7060288142,Millions USD_2010/yr,highce_gbl,,,,-100.0,ndc_noce,2050.0,,,,,597443.2741324154,730664.7060288142
ndc_noce,NDC,No CE,b,Global,Iron and steel,Iron and steel,2019,0.0,%,context,"[""Total Annualised Cost|Industry|Iron and Steel""]",fig08_sector_costs,,,,,,"[""AFE"", ""AFN"", ""AFW"", ""AFZ"", ""ANZ"", ""ASC"", ""ASE"", ""ASO"", ""BRA"", ""CAN"", ""CHL"", ""CHN"", ""ENE"", ""ENW"", ""EUE"", ""EUM"", ""EUW"", ""IDN"", ""IND"", ""JPN"", ""LAM"", ""MDA"", ""MEA"", ""MEX"", ""NIG"", ""RUS"", ""SKT"", ""USA""]",Annualised sector-cost change,,,100.0,4959455.128965229,Millions USD_2010/yr,4959455.128965229,Millions USD_2010/yr,noce,,,,-100.0,ndc_noce,2019.0,,,,,4959455.128965229,4959455.128965229
ndc_noce,NDC,No CE,b,Global,Iron and steel,Iron and steel,2024,0.0,%,plotted,"[""Total Annualised Cost|Industry|Iron and Steel""]",fig08_sector_costs,,,,,,"[""AFE"", ""AFN"", ""AFW"", ""AFZ"", ""ANZ"", ""ASC"", ""ASE"", ""ASO"", ""BRA"", ""CAN"", ""CHL"", ""CHN"", ""ENE"", ""ENW"", ""EUE"", ""EUM"", ""EUW"", ""IDN"", ""IND"", ""JPN"", ""LAM"", ""MDA"", ""MEA"", ""MEX"", ""NIG"", ""RUS"", ""SKT"", ""USA""]",Annualised sector-cost change,,,100.0,201938.09721133878,Millions USD_2010/yr,201938.09721133878,Millions USD_2010/yr,noce,,,,-100.0,ndc_noce,2024.0,,,,,201938.09721133878,201938.09721133878
ndc_noce,NDC,No CE,b,Global,Iron and steel,Iron and steel,2030,0.0,%,plotted,"[""Total Annualised Cost|Industry|Iron and Steel""]",fig08_sector_costs,,,,,,"[""AFE"", ""AFN"", ""AFW"", ""AFZ"", ""ANZ"", ""ASC"", ""ASE"", ""ASO"", ""BRA"", ""CAN"", ""CHL"", ""CHN"", ""ENE"", ""ENW"", ""EUE"", ""EUM"", ""EUW"", ""IDN"", ""IND"", ""JPN"", ""LAM"", ""MDA"", ""MEA"", ""MEX"", ""NIG"", ""RUS"", ""SKT"", ""USA""]",Annualised sector-cost change,,,100.0,313008.43114290875,Millions USD_2010/yr,313008.43114290875,Millions USD_2010/yr,noce,,,,-100.0,ndc_noce,2030.0,,,,,313008.43114290875,313008.43114290875
ndc_noce,NDC,No CE,b,Global,Iron and steel,Iron and steel,2035,0.0,%,plotted,"[""Total Annualised Cost|Industry|Iron and Steel""]",fig08_sector_costs,,,,,,"[""AFE"", ""AFN"", ""AFW"", ""AFZ"", ""ANZ"", ""ASC"", ""ASE"", ""ASO"", ""BRA"", ""CAN"", ""CHL"", ""CHN"", ""ENE"", ""ENW"", ""EUE"", ""EUM"", ""EUW"", ""IDN"", ""IND"", ""JPN"", ""LAM"", ""MDA"", ""MEA"", ""MEX"", ""NIG"", ""RUS"", ""SKT"", ""USA""]",Annualised sector-cost change,,,100.0,309024.3316400723,Millions USD_2010/yr,309024.3316400723,Millions USD_2010/yr,noce,,,,-100.0,ndc_noce,2035.0,,,,,309024.3316400723,309024.3316400723
ndc_noce,NDC,No CE,b,Global,Iron and steel,Iron and steel,2040,0.0,%,plotted,"[""Total Annualised Cost|Industry|Iron and Steel""]",fig08_sector_costs,,,,,,"[""AFE"", ""AFN"", ""AFW"", ""AFZ"", ""ANZ"", ""ASC"", ""ASE"", ""ASO"", ""BRA"", ""CAN"", ""CHL"", ""CHN"", ""ENE"", ""ENW"", ""EUE"", ""EUM"", ""EUW"", ""IDN"", ""IND"", ""JPN"", ""LAM"", ""MDA"", ""MEA"", ""MEX"", ""NIG"", ""RUS"", ""SKT"", ""USA""]",Annualised sector-cost change,,,100.0,378692.134370259,Millions USD_2010/yr,378692.134370259,Millions USD_2010/yr,noce,,,,-100.0,ndc_noce,2040.0,,,,,378692.134370259,378692.134370259
ndc_noce,NDC,No CE,b,Global,Iron and steel,Iron and steel,2050,0.0,%,plotted,"[""Total Annualised Cost|Industry|Iron and Steel""]",fig08_sector_costs,,,,,,"[""AFE"", ""AFN"", ""AFW"", ""AFZ"", ""ANZ"", ""ASC"", ""ASE"", ""ASO"", ""BRA"", ""CAN"", ""CHL"", ""CHN"", ""ENE"", ""ENW"", ""EUE"", ""EUM"", ""EUW"", ""IDN"", ""IND"", ""JPN"", ""LAM"", ""MDA"", ""MEA"", ""MEX"", ""NIG"", ""RUS"", ""SKT"", ""USA""]",Annualised sector-cost change,,,100.0,525384.2355289025,Millions USD_2010/yr,525384.2355289025,Millions USD_2010/yr,noce,,,,-100.0,ndc_noce,2050.0,,,,,525384.2355289025,525384.2355289025
ndc_medce_eu,NDC,"Medium CE, EU",b,Global,Iron and steel,Iron and steel,2019,0.0,%,context,"[""Total Annualised Cost|Industry|Iron and Steel""]",fig08_sector_costs,,,,,,"[""AFE"", ""AFN"", ""AFW"", ""AFZ"", ""ANZ"", ""ASC"", ""ASE"", ""ASO"", ""BRA"", ""CAN"", ""CHL"", ""CHN"", ""ENE"", ""ENW"", ""EUE"", ""EUM"", ""EUW"", ""IDN"", ""IND"", ""JPN"", ""LAM"", ""MDA"", ""MEA"", ""MEX"", ""NIG"", ""RUS"", ""SKT"", ""USA""]",Annualised sector-cost change,,,100.0,4959455.128965229,Millions USD_2010/yr,4959455.128965229,Millions USD_2010/yr,medce_eu,,,,-100.0,ndc_noce,2019.0,,,,,4959455.128965229,4959455.128965229
ndc_medce_eu,NDC,"Medium CE, EU",b,Global,Iron and steel,Iron and steel,2024,0.0,%,plotted,"[""Total Annualised Cost|Industry|Iron and Steel""]",fig08_sector_costs,,,,,,"[""AFE"", ""AFN"", ""AFW"", ""AFZ"", ""ANZ"", ""ASC"", ""ASE"", ""ASO"", ""BRA"", ""CAN"", ""CHL"", ""CHN"", ""ENE"", ""ENW"", ""EUE"", ""EUM"", ""EUW"", ""IDN"", ""IND"", ""JPN"", ""LAM"", ""MDA"", ""MEA"", ""MEX"", ""NIG"", ""RUS"", ""SKT"", ""USA""]",Annualised sector-cost change,,,100.0,201938.09721133878,Millions USD_2010/yr,201938.09721133878,Millions USD_2010/yr,medce_eu,,,,-100.0,ndc_noce,2024.0,,,,,201938.09721133878,201938.09721133878
ndc_medce_eu,NDC,"Medium CE, EU",b,Global,Iron and steel,Iron and steel,2030,-3.1081483568208257,%,plotted,"[""Total Annualised Cost|Industry|Iron and Steel""]",fig08_sector_costs,,,,,,"[""AFE"", ""AFN"", ""AFW"", ""AFZ"", ""ANZ"", ""ASC"", ""ASE"", ""ASO"", ""BRA"", ""CAN"", ""CHL"", ""CHN"", ""ENE"", ""ENW"", ""EUE"", ""EUM"", ""EUW"", ""IDN"", ""IND"", ""JPN"", ""LAM"", ""MDA"", ""MEA"", ""MEX"", ""NIG"", ""RUS"", ""SKT"", ""USA""]",Annualised sector-cost change,,,100.0,303279.6647336298,Millions USD_2010/yr,313008.43114290875,Millions USD_2010/yr,medce_eu,,,,-100.0,ndc_noce,2030.0,,,,,303279.6647336298,313008.43114290875
ndc_medce_eu,NDC,"Medium CE, EU",b,Global,Iron and steel,Iron and steel,2035,-4.697891459741238,%,plotted,"[""Total Annualised Cost|Industry|Iron and Steel""]",fig08_sector_costs,,,,,,"[""AFE"", ""AFN"", ""AFW"", ""AFZ"", ""ANZ"", ""ASC"", ""ASE"", ""ASO"", ""BRA"", ""CAN"", ""CHL"", ""CHN"", ""ENE"", ""ENW"", ""EUE"", ""EUM"", ""EUW"", ""IDN"", ""IND"", ""JPN"", ""LAM"", ""MDA"", ""MEA"", ""MEX"", ""NIG"", ""RUS"", ""SKT"", ""USA""]",Annualised sector-cost change,,,100.0,294506.7039554309,Millions USD_2010/yr,309024.3316400723,Millions USD_2010/yr,medce_eu,,,,-100.0,ndc_noce,2035.0,,,,,294506.7039554309,309024.3316400723
ndc_medce_eu,NDC,"Medium CE, EU",b,Global,Iron and steel,Iron and steel,2040,-3.5541582065009134,%,plotted,"[""Total Annualised Cost|Industry|Iron and Steel""]",fig08_sector_costs,,,,,,"[""AFE"", ""AFN"", ""AFW"", ""AFZ"", ""ANZ"", ""ASC"", ""ASE"", ""ASO"", ""BRA"", ""CAN"", ""CHL"", ""CHN"", ""ENE"", ""ENW"", ""EUE"", ""EUM"", ""EUW"", ""IDN"", ""IND"", ""JPN"", ""LAM"", ""MDA"", ""MEA"", ""MEX"", ""NIG"", ""RUS"", ""SKT"", ""USA""]",Annualised sector-cost change,,,100.0,365232.816799165,Millions USD_2010/yr,378692.134370259,Millions USD_2010/yr,medce_eu,,,,-100.0,ndc_noce,2040.0,,,,,365232.816799165,378692.134370259
ndc_medce_eu,NDC,"Medium CE, EU",b,Global,Iron and steel,Iron and steel,2050,-5.911019964225112,%,plotted,"[""Total Annualised Cost|Industry|Iron and Steel""]",fig08_sector_costs,,,,,,"[""AFE"", ""AFN"", ""AFW"", ""AFZ"", ""ANZ"", ""ASC"", ""ASE"", ""ASO"", ""BRA"", ""CAN"", ""CHL"", ""CHN"", ""ENE"", ""ENW"", ""EUE"", ""EUM"", ""EUW"", ""IDN"", ""IND"", ""JPN"", ""LAM"", ""MDA"", ""MEA"", ""MEX"", ""NIG"", ""RUS"", ""SKT"", ""USA""]",Annualised sector-cost change,,,100.0,494328.6684778976,Millions USD_2010/yr,525384.2355289025,Millions USD_2010/yr,medce_eu,,,,-100.0,ndc_noce,2050.0,,,,,494328.6684778976,525384.2355289025
ndc_highce_eu,NDC,"High CE, EU",b,Global,Iron and steel,Iron and steel,2019,0.0,%,context,"[""Total Annualised Cost|Industry|Iron and Steel""]",fig08_sector_costs,,,,,,"[""AFE"", ""AFN"", ""AFW"", ""AFZ"", ""ANZ"", ""ASC"", ""ASE"", ""ASO"", ""BRA"", ""CAN"", ""CHL"", ""CHN"", ""ENE"", ""ENW"", ""EUE"", ""EUM"", ""EUW"", ""IDN"", ""IND"", ""JPN"", ""LAM"", ""MDA"", ""MEA"", ""MEX"", ""NIG"", ""RUS"", ""SKT"", ""USA""]",Annualised sector-cost change,,,100.0,4959455.128965229,Millions USD_2010/yr,4959455.128965229,Millions USD_2010/yr,highce_eu,,,,-100.0,ndc_noce,2019.0,,,,,4959455.128965229,4959455.128965229
ndc_highce_eu,NDC,"High CE, EU",b,Global,Iron and steel,Iron and steel,2024,0.0,%,plotted,"[""Total Annualised Cost|Industry|Iron and Steel""]",fig08_sector_costs,,,,,,"[""AFE"", ""AFN"", ""AFW"", ""AFZ"", ""ANZ"", ""ASC"", ""ASE"", ""ASO"", ""BRA"", ""CAN"", ""CHL"", ""CHN"", ""ENE"", ""ENW"", ""EUE"", ""EUM"", ""EUW"", ""IDN"", ""IND"", ""JPN"", ""LAM"", ""MDA"", ""MEA"", ""MEX"", ""NIG"", ""RUS"", ""SKT"", ""USA""]",Annualised sector-cost change,,,100.0,201938.09721133878,Millions USD_2010/yr,201938.09721133878,Millions USD_2010/yr,highce_eu,,,,-100.0,ndc_noce,2024.0,,,,,201938.09721133878,201938.09721133878
ndc_highce_eu,NDC,"High CE, EU",b,Global,Iron and steel,Iron and steel,2030,-3.183037473499986,%,plotted,"[""Total Annualised Cost|Industry|Iron and Steel""]",fig08_sector_costs,,,,,,"[""AFE"", ""AFN"", ""AFW"", ""AFZ"", ""ANZ"", ""ASC"", ""ASE"", ""ASO"", ""BRA"", ""CAN"", ""CHL"", ""CHN"", ""ENE"", ""ENW"", ""EUE"", ""EUM"", ""EUW"", ""IDN"", ""IND"", ""JPN"", ""LAM"", ""MDA"", ""MEA"", ""MEX"", ""NIG"", ""RUS"", ""SKT"", ""USA""]",Annualised sector-cost change,,,100.0,303045.25548441557,Millions USD_2010/yr,313008.43114290875,Millions USD_2010/yr,highce_eu,,,,-100.0,ndc_noce,2030.0,,,,,303045.25548441557,313008.43114290875
ndc_highce_eu,NDC,"High CE, EU",b,Global,Iron and steel,Iron and steel,2035,-4.738788665386947,%,plotted,"[""Total Annualised Cost|Industry|Iron and Steel""]",fig08_sector_costs,,,,,,"[""AFE"", ""AFN"", ""AFW"", ""AFZ"", ""ANZ"", ""ASC"", ""ASE"", ""ASO"", ""BRA"", ""CAN"", ""CHL"", ""CHN"", ""ENE"", ""ENW"", ""EUE"", ""EUM"", ""EUW"", ""IDN"", ""IND"", ""JPN"", ""LAM"", ""MDA"", ""MEA"", ""MEX"", ""NIG"", ""RUS"", ""SKT"", ""USA""]",Annualised sector-cost change,,,100.0,294380.32163902477,Millions USD_2010/yr,309024.3316400723,Millions USD_2010/yr,highce_eu,,,,-100.0,ndc_noce,2035.0,,,,,294380.32163902477,309024.3316400723
ndc_highce_eu,NDC,"High CE, EU",b,Global,Iron and steel,Iron and steel,2040,-3.5547420683079802,%,plotted,"[""Total Annualised Cost|Industry|Iron and Steel""]",fig08_sector_costs,,,,,,"[""AFE"", ""AFN"", ""AFW"", ""AFZ"", ""ANZ"", ""ASC"", ""ASE"", ""ASO"", ""BRA"", ""CAN"", ""CHL"", ""CHN"", ""ENE"", ""ENW"", ""EUE"", ""EUM"", ""EUW"", ""IDN"", ""IND"", ""JPN"", ""LAM"", ""MDA"", ""MEA"", ""MEX"", ""NIG"", ""RUS"", ""SKT"", ""USA""]",Annualised sector-cost change,,,100.0,365230.605760426,Millions USD_2010/yr,378692.134370259,Millions USD_2010/yr,highce_eu,,,,-100.0,ndc_noce,2040.0,,,,,365230.605760426,378692.134370259
ndc_highce_eu,NDC,"High CE, EU",b,Global,Iron and steel,Iron and steel,2050,-5.912048626760601,%,plotted,"[""Total Annualised Cost|Industry|Iron and Steel""]",fig08_sector_costs,,,,,,"[""AFE"", ""AFN"", ""AFW"", ""AFZ"", ""ANZ"", ""ASC"", ""ASE"", ""ASO"", ""BRA"", ""CAN"", ""CHL"", ""CHN"", ""ENE"", ""ENW"", ""EUE"", ""EUM"", ""EUW"", ""IDN"", ""IND"", ""JPN"", ""LAM"", ""MDA"", ""MEA"", ""MEX"", ""NIG"", ""RUS"", ""SKT"", ""USA""]",Annualised sector-cost change,,,100.0,494323.26404709934,Millions USD_2010/yr,525384.2355289025,Millions USD_2010/yr,highce_eu,,,,-100.0,ndc_noce,2050.0,,,,,494323.26404709934,525384.2355289025
ndc_medce_gbl,NDC,"Medium CE, EU + partners",b,Global,Iron and steel,Iron and steel,2019,0.0,%,context,"[""Total Annualised Cost|Industry|Iron and Steel""]",fig08_sector_costs,,,,,,"[""AFE"", ""AFN"", ""AFW"", ""AFZ"", ""ANZ"", ""ASC"", ""ASE"", ""ASO"", ""BRA"", ""CAN"", ""CHL"", ""CHN"", ""ENE"", ""ENW"", ""EUE"", ""EUM"", ""EUW"", ""IDN"", ""IND"", ""JPN"", ""LAM"", ""MDA"", ""MEA"", ""MEX"", ""NIG"", ""RUS"", ""SKT"", ""USA""]",Annualised sector-cost change,,,100.0,4959455.128965229,Millions USD_2010/yr,4959455.128965229,Millions USD_2010/yr,medce_gbl,,,,-100.0,ndc_noce,2019.0,,,,,4959455.128965229,4959455.128965229
ndc_medce_gbl,NDC,"Medium CE, EU + partners",b,Global,Iron and steel,Iron and steel,2024,0.0,%,plotted,"[""Total Annualised Cost|Industry|Iron and Steel""]",fig08_sector_costs,,,,,,"[""AFE"", ""AFN"", ""AFW"", ""AFZ"", ""ANZ"", ""ASC"", ""ASE"", ""ASO"", ""BRA"", ""CAN"", ""CHL"", ""CHN"", ""ENE"", ""ENW"", ""EUE"", ""EUM"", ""EUW"", ""IDN"", ""IND"", ""JPN"", ""LAM"", ""MDA"", ""MEA"", ""MEX"", ""NIG"", ""RUS"", ""SKT"", ""USA""]",Annualised sector-cost change,,,100.0,201938.09721133878,Millions USD_2010/yr,201938.09721133878,Millions USD_2010/yr,medce_gbl,,,,-100.0,ndc_noce,2024.0,,,,,201938.09721133878,201938.09721133878
ndc_medce_gbl,NDC,"Medium CE, EU + partners",b,Global,Iron and steel,Iron and steel,2030,-24.30521973753748,%,plotted,"[""Total Annualised Cost|Industry|Iron and Steel""]",fig08_sector_costs,,,,,,"[""AFE"", ""AFN"", ""AFW"", ""AFZ"", ""ANZ"", ""ASC"", ""ASE"", ""ASO"", ""BRA"", ""CAN"", ""CHL"", ""CHN"", ""ENE"", ""ENW"", ""EUE"", ""EUM"", ""EUW"", ""IDN"", ""IND"", ""JPN"", ""LAM"", ""MDA"", ""MEA"", ""MEX"", ""NIG"", ""RUS"", ""SKT"", ""USA""]",Annualised sector-cost change,,,100.0,236931.04415660608,Millions USD_2010/yr,313008.43114290875,Millions USD_2010/yr,medce_gbl,,,,-100.0,ndc_noce,2030.0,,,,,236931.04415660608,313008.43114290875
ndc_medce_gbl,NDC,"Medium CE, EU + partners",b,Global,Iron and steel,Iron and steel,2035,-23.699190507570194,%,plotted,"[""Total Annualised Cost|Industry|Iron and Steel""]",fig08_sector_costs,,,,,,"[""AFE"", ""AFN"", ""AFW"", ""AFZ"", ""ANZ"", ""ASC"", ""ASE"", ""ASO"", ""BRA"", ""CAN"", ""CHL"", ""CHN"", ""ENE"", ""ENW"", ""EUE"", ""EUM"", ""EUW"", ""IDN"", ""IND"", ""JPN"", ""LAM"", ""MDA"", ""MEA"", ""MEX"", ""NIG"", ""RUS"", ""SKT"", ""USA""]",Annualised sector-cost change,,,100.0,235788.06656994604,Millions USD_2010/yr,309024.3316400723,Millions USD_2010/yr,medce_gbl,,,,-100.0,ndc_noce,2035.0,,,,,235788.06656994604,309024.3316400723
ndc_medce_gbl,NDC,"Medium CE, EU + partners",b,Global,Iron and steel,Iron and steel,2040,-24.0371911605665,%,plotted,"[""Total Annualised Cost|Industry|Iron and Steel""]",fig08_sector_costs,,,,,,"[""AFE"", ""AFN"", ""AFW"", ""AFZ"", ""ANZ"", ""ASC"", ""ASE"", ""ASO"", ""BRA"", ""CAN"", ""CHL"", ""CHN"", ""ENE"", ""ENW"", ""EUE"", ""EUM"", ""EUW"", ""IDN"", ""IND"", ""JPN"", ""LAM"", ""MDA"", ""MEA"", ""MEX"", ""NIG"", ""RUS"", ""SKT"", ""USA""]",Annualised sector-cost change,,,100.0,287665.1821216505,Millions USD_2010/yr,378692.134370259,Millions USD_2010/yr,medce_gbl,,,,-100.0,ndc_noce,2040.0,,,,,287665.1821216505,378692.134370259
ndc_medce_gbl,NDC,"Medium CE, EU + partners",b,Global,Iron and steel,Iron and steel,2050,-33.198476884040936,%,plotted,"[""Total Annualised Cost|Industry|Iron and Steel""]",fig08_sector_costs,,,,,,"[""AFE"", ""AFN"", ""AFW"", ""AFZ"", ""ANZ"", ""ASC"", ""ASE"", ""ASO"", ""BRA"", ""CAN"", ""CHL"", ""CHN"", ""ENE"", ""ENW"", ""EUE"", ""EUM"", ""EUW"", ""IDN"", ""IND"", ""JPN"", ""LAM"", ""MDA"", ""MEA"", ""MEX"", ""NIG"", ""RUS"", ""SKT"", ""USA""]",Annualised sector-cost change,,,100.0,350964.67154444463,Millions USD_2010/yr,525384.2355289025,Millions USD_2010/yr,medce_gbl,,,,-100.0,ndc_noce,2050.0,,,,,350964.67154444463,525384.2355289025
ndc_highce_gbl,NDC,"High CE, EU + partners",b,Global,Iron and steel,Iron and steel,2019,0.0,%,context,"[""Total Annualised Cost|Industry|Iron and Steel""]",fig08_sector_costs,,,,,,"[""AFE"", ""AFN"", ""AFW"", ""AFZ"", ""ANZ"", ""ASC"", ""ASE"", ""ASO"", ""BRA"", ""CAN"", ""CHL"", ""CHN"", ""ENE"", ""ENW"", ""EUE"", ""EUM"", ""EUW"", ""IDN"", ""IND"", ""JPN"", ""LAM"", ""MDA"", ""MEA"", ""MEX"", ""NIG"", ""RUS"", ""SKT"", ""USA""]",Annualised sector-cost change,,,100.0,4959455.128965229,Millions USD_2010/yr,4959455.128965229,Millions USD_2010/yr,highce_gbl,,,,-100.0,ndc_noce,2019.0,,,,,4959455.128965229,4959455.128965229
ndc_highce_gbl,NDC,"High CE, EU + partners",b,Global,Iron and steel,Iron and steel,2024,0.0,%,plotted,"[""Total Annualised Cost|Industry|Iron and Steel""]",fig08_sector_costs,,,,,,"[""AFE"", ""AFN"", ""AFW"", ""AFZ"", ""ANZ"", ""ASC"", ""ASE"", ""ASO"", ""BRA"", ""CAN"", ""CHL"", ""CHN"", ""ENE"", ""ENW"", ""EUE"", ""EUM"", ""EUW"", ""IDN"", ""IND"", ""JPN"", ""LAM"", ""MDA"", ""MEA"", ""MEX"", ""NIG"", ""RUS"", ""SKT"", ""USA""]",Annualised sector-cost change,,,100.0,201938.09721133878,Millions USD_2010/yr,201938.09721133878,Millions USD_2010/yr,highce_gbl,,,,-100.0,ndc_noce,2024.0,,,,,201938.09721133878,201938.09721133878
ndc_highce_gbl,NDC,"High CE, EU + partners",b,Global,Iron and steel,Iron and steel,2030,-26.18181026856177,%,plotted,"[""Total Annualised Cost|Industry|Iron and Steel""]",fig08_sector_costs,,,,,,"[""AFE"", ""AFN"", ""AFW"", ""AFZ"", ""ANZ"", ""ASC"", ""ASE"", ""ASO"", ""BRA"", ""CAN"", ""CHL"", ""CHN"", ""ENE"", ""ENW"", ""EUE"", ""EUM"", ""EUW"", ""IDN"", ""IND"", ""JPN"", ""LAM"", ""MDA"", ""MEA"", ""MEX"", ""NIG"", ""RUS"", ""SKT"", ""USA""]",Annualised sector-cost change,,,100.0,231057.15757647058,Millions USD_2010/yr,313008.43114290875,Millions USD_2010/yr,highce_gbl,,,,-100.0,ndc_noce,2030.0,,,,,231057.15757647058,313008.43114290875
ndc_highce_gbl,NDC,"High CE, EU + partners",b,Global,Iron and steel,Iron and steel,2035,-25.513727463649357,%,plotted,"[""Total Annualised Cost|Industry|Iron and Steel""]",fig08_sector_costs,,,,,,"[""AFE"", ""AFN"", ""AFW"", ""AFZ"", ""ANZ"", ""ASC"", ""ASE"", ""ASO"", ""BRA"", ""CAN"", ""CHL"", ""CHN"", ""ENE"", ""ENW"", ""EUE"", ""EUM"", ""EUW"", ""IDN"", ""IND"", ""JPN"", ""LAM"", ""MDA"", ""MEA"", ""MEX"", ""NIG"", ""RUS"", ""SKT"", ""USA""]",Annualised sector-cost change,,,100.0,230180.7058690603,Millions USD_2010/yr,309024.3316400723,Millions USD_2010/yr,highce_gbl,,,,-100.0,ndc_noce,2035.0,,,,,230180.7058690603,309024.3316400723
ndc_highce_gbl,NDC,"High CE, EU + partners",b,Global,Iron and steel,Iron and steel,2040,-31.36062594905909,%,plotted,"[""Total Annualised Cost|Industry|Iron and Steel""]",fig08_sector_costs,,,,,,"[""AFE"", ""AFN"", ""AFW"", ""AFZ"", ""ANZ"", ""ASC"", ""ASE"", ""ASO"", ""BRA"", ""CAN"", ""CHL"", ""CHN"", ""ENE"", ""ENW"", ""EUE"", ""EUM"", ""EUW"", ""IDN"", ""IND"", ""JPN"", ""LAM"", ""MDA"", ""MEA"", ""MEX"", ""NIG"", ""RUS"", ""SKT"", ""USA""]",Annualised sector-cost change,,,100.0,259931.91061189384,Millions USD_2010/yr,378692.134370259,Millions USD_2010/yr,highce_gbl,,,,-100.0,ndc_noce,2040.0,,,,,259931.91061189384,378692.134370259
ndc_highce_gbl,NDC,"High CE, EU + partners",b,Global,Iron and steel,Iron and steel,2050,-46.35697799012512,%,plotted,"[""Total Annualised Cost|Industry|Iron and Steel""]",fig08_sector_costs,,,,,,"[""AFE"", ""AFN"", ""AFW"", ""AFZ"", ""ANZ"", ""ASC"", ""ASE"", ""ASO"", ""BRA"", ""CAN"", ""CHL"", ""CHN"", ""ENE"", ""ENW"", ""EUE"", ""EUM"", ""EUW"", ""IDN"", ""IND"", ""JPN"", ""LAM"", ""MDA"", ""MEA"", ""MEX"", ""NIG"", ""RUS"", ""SKT"", ""USA""]",Annualised sector-cost change,,,100.0,281831.98110118206,Millions USD_2010/yr,525384.2355289025,Millions USD_2010/yr,highce_gbl,,,,-100.0,ndc_noce,2050.0,,,,,281831.98110118206,525384.2355289025
ndc_noce,NDC,No CE,c,Global,Aluminium,Aluminium,2019,0.0,%,context,"[""Total Annualised Cost|Industry|Non-Ferrous Metals|Aluminum""]",fig08_sector_costs,,,,,,"[""AFE"", ""AFN"", ""AFW"", ""AFZ"", ""ANZ"", ""ASC"", ""ASE"", ""ASO"", ""BRA"", ""CAN"", ""CHL"", ""CHN"", ""ENE"", ""ENW"", ""EUE"", ""EUM"", ""EUW"", ""IDN"", ""IND"", ""JPN"", ""LAM"", ""MDA"", ""MEA"", ""MEX"", ""NIG"", ""RUS"", ""SKT"", ""USA""]",Annualised sector-cost change,,,100.0,25017.308460003063,Millions USD_2010/yr,25017.308460003063,Millions USD_2010/yr,noce,,,,-100.0,ndc_noce,2019.0,,,,,25017.308460003063,25017.308460003063
ndc_noce,NDC,No CE,c,Global,Aluminium,Aluminium,2024,0.0,%,plotted,"[""Total Annualised Cost|Industry|Non-Ferrous Metals|Aluminum""]",fig08_sector_costs,,,,,,"[""AFE"", ""AFN"", ""AFW"", ""AFZ"", ""ANZ"", ""ASC"", ""ASE"", ""ASO"", ""BRA"", ""CAN"", ""CHL"", ""CHN"", ""ENE"", ""ENW"", ""EUE"", ""EUM"", ""EUW"", ""IDN"", ""IND"", ""JPN"", ""LAM"", ""MDA"", ""MEA"", ""MEX"", ""NIG"", ""RUS"", ""SKT"", ""USA""]",Annualised sector-cost change,,,100.0,98177.01756529351,Millions USD_2010/yr,98177.01756529351,Millions USD_2010/yr,noce,,,,-100.0,ndc_noce,2024.0,,,,,98177.01756529351,98177.01756529351
ndc_noce,NDC,No CE,c,Global,Aluminium,Aluminium,2030,0.0,%,plotted,"[""Total Annualised Cost|Industry|Non-Ferrous Metals|Aluminum""]",fig08_sector_costs,,,,,,"[""AFE"", ""AFN"", ""AFW"", ""AFZ"", ""ANZ"", ""ASC"", ""ASE"", ""ASO"", ""BRA"", ""CAN"", ""CHL"", ""CHN"", ""ENE"", ""ENW"", ""EUE"", ""EUM"", ""EUW"", ""IDN"", ""IND"", ""JPN"", ""LAM"", ""MDA"", ""MEA"", ""MEX"", ""NIG"", ""RUS"", ""SKT"", ""USA""]",Annualised sector-cost change,,,100.0,189050.12343896012,Millions USD_2010/yr,189050.12343896012,Millions USD_2010/yr,noce,,,,-100.0,ndc_noce,2030.0,,,,,189050.12343896012,189050.12343896012
ndc_noce,NDC,No CE,c,Global,Aluminium,Aluminium,2035,0.0,%,plotted,"[""Total Annualised Cost|Industry|Non-Ferrous Metals|Aluminum""]",fig08_sector_costs,,,,,,"[""AFE"", ""AFN"", ""AFW"", ""AFZ"", ""ANZ"", ""ASC"", ""ASE"", ""ASO"", ""BRA"", ""CAN"", ""CHL"", ""CHN"", ""ENE"", ""ENW"", ""EUE"", ""EUM"", ""EUW"", ""IDN"", ""IND"", ""JPN"", ""LAM"", ""MDA"", ""MEA"", ""MEX"", ""NIG"", ""RUS"", ""SKT"", ""USA""]",Annualised sector-cost change,,,100.0,143833.6374745029,Millions USD_2010/yr,143833.6374745029,Millions USD_2010/yr,noce,,,,-100.0,ndc_noce,2035.0,,,,,143833.6374745029,143833.6374745029
ndc_noce,NDC,No CE,c,Global,Aluminium,Aluminium,2040,0.0,%,plotted,"[""Total Annualised Cost|Industry|Non-Ferrous Metals|Aluminum""]",fig08_sector_costs,,,,,,"[""AFE"", ""AFN"", ""AFW"", ""AFZ"", ""ANZ"", ""ASC"", ""ASE"", ""ASO"", ""BRA"", ""CAN"", ""CHL"", ""CHN"", ""ENE"", ""ENW"", ""EUE"", ""EUM"", ""EUW"", ""IDN"", ""IND"", ""JPN"", ""LAM"", ""MDA"", ""MEA"", ""MEX"", ""NIG"", ""RUS"", ""SKT"", ""USA""]",Annualised sector-cost change,,,100.0,164123.9053628405,Millions USD_2010/yr,164123.9053628405,Millions USD_2010/yr,noce,,,,-100.0,ndc_noce,2040.0,,,,,164123.9053628405,164123.9053628405
ndc_noce,NDC,No CE,c,Global,Aluminium,Aluminium,2050,0.0,%,plotted,"[""Total Annualised Cost|Industry|Non-Ferrous Metals|Aluminum""]",fig08_sector_costs,,,,,,"[""AFE"", ""AFN"", ""AFW"", ""AFZ"", ""ANZ"", ""ASC"", ""ASE"", ""ASO"", ""BRA"", ""CAN"", ""CHL"", ""CHN"", ""ENE"", ""ENW"", ""EUE"", ""EUM"", ""EUW"", ""IDN"", ""IND"", ""JPN"", ""LAM"", ""MDA"", ""MEA"", ""MEX"", ""NIG"", ""RUS"", ""SKT"", ""USA""]",Annualised sector-cost change,,,100.0,151442.6773772102,Millions USD_2010/yr,151442.6773772102,Millions USD_2010/yr,noce,,,,-100.0,ndc_noce,2050.0,,,,,151442.6773772102,151442.6773772102
ndc_medce_eu,NDC,"Medium CE, EU",c,Global,Aluminium,Aluminium,2019,0.0,%,context,"[""Total Annualised Cost|Industry|Non-Ferrous Metals|Aluminum""]",fig08_sector_costs,,,,,,"[""AFE"", ""AFN"", ""AFW"", ""AFZ"", ""ANZ"", ""ASC"", ""ASE"", ""ASO"", ""BRA"", ""CAN"", ""CHL"", ""CHN"", ""ENE"", ""ENW"", ""EUE"", ""EUM"", ""EUW"", ""IDN"", ""IND"", ""JPN"", ""LAM"", ""MDA"", ""MEA"", ""MEX"", ""NIG"", ""RUS"", ""SKT"", ""USA""]",Annualised sector-cost change,,,100.0,25017.308460003063,Millions USD_2010/yr,25017.308460003063,Millions USD_2010/yr,medce_eu,,,,-100.0,ndc_noce,2019.0,,,,,25017.308460003063,25017.308460003063
ndc_medce_eu,NDC,"Medium CE, EU",c,Global,Aluminium,Aluminium,2024,0.0,%,plotted,"[""Total Annualised Cost|Industry|Non-Ferrous Metals|Aluminum""]",fig08_sector_costs,,,,,,"[""AFE"", ""AFN"", ""AFW"", ""AFZ"", ""ANZ"", ""ASC"", ""ASE"", ""ASO"", ""BRA"", ""CAN"", ""CHL"", ""CHN"", ""ENE"", ""ENW"", ""EUE"", ""EUM"", ""EUW"", ""IDN"", ""IND"", ""JPN"", ""LAM"", ""MDA"", ""MEA"", ""MEX"", ""NIG"", ""RUS"", ""SKT"", ""USA""]",Annualised sector-cost change,,,100.0,98177.01756529351,Millions USD_2010/yr,98177.01756529351,Millions USD_2010/yr,medce_eu,,,,-100.0,ndc_noce,2024.0,,,,,98177.01756529351,98177.01756529351
ndc_medce_eu,NDC,"Medium CE, EU",c,Global,Aluminium,Aluminium,2030,0.2699567298112714,%,plotted,"[""Total Annualised Cost|Industry|Non-Ferrous Metals|Aluminum""]",fig08_sector_costs,,,,,,"[""AFE"", ""AFN"", ""AFW"", ""AFZ"", ""ANZ"", ""ASC"", ""ASE"", ""ASO"", ""BRA"", ""CAN"", ""CHL"", ""CHN"", ""ENE"", ""ENW"", ""EUE"", ""EUM"", ""EUW"", ""IDN"", ""IND"", ""JPN"", ""LAM"", ""MDA"", ""MEA"", ""MEX"", ""NIG"", ""RUS"", ""SKT"", ""USA""]",Annualised sector-cost change,,,100.0,189560.4769699001,Millions USD_2010/yr,189050.12343896012,Millions USD_2010/yr,medce_eu,,,,-100.0,ndc_noce,2030.0,,,,,189560.4769699001,189050.12343896012
ndc_medce_eu,NDC,"Medium CE, EU",c,Global,Aluminium,Aluminium,2035,0.38814248894036846,%,plotted,"[""Total Annualised Cost|Industry|Non-Ferrous Metals|Aluminum""]",fig08_sector_costs,,,,,,"[""AFE"", ""AFN"", ""AFW"", ""AFZ"", ""ANZ"", ""ASC"", ""ASE"", ""ASO"", ""BRA"", ""CAN"", ""CHL"", ""CHN"", ""ENE"", ""ENW"", ""EUE"", ""EUM"", ""EUW"", ""IDN"", ""IND"", ""JPN"", ""LAM"", ""MDA"", ""MEA"", ""MEX"", ""NIG"", ""RUS"", ""SKT"", ""USA""]",Annualised sector-cost change,,,100.0,144391.9169349299,Millions USD_2010/yr,143833.6374745029,Millions USD_2010/yr,medce_eu,,,,-100.0,ndc_noce,2035.0,,,,,144391.9169349299,143833.6374745029
ndc_medce_eu,NDC,"Medium CE, EU",c,Global,Aluminium,Aluminium,2040,0.8687194751982705,%,plotted,"[""Total Annualised Cost|Industry|Non-Ferrous Metals|Aluminum""]",fig08_sector_costs,,,,,,"[""AFE"", ""AFN"", ""AFW"", ""AFZ"", ""ANZ"", ""ASC"", ""ASE"", ""ASO"", ""BRA"", ""CAN"", ""CHL"", ""CHN"", ""ENE"", ""ENW"", ""EUE"", ""EUM"", ""EUW"", ""IDN"", ""IND"", ""JPN"", ""LAM"", ""MDA"", ""MEA"", ""MEX"", ""NIG"", ""RUS"", ""SKT"", ""USA""]",Annualised sector-cost change,,,100.0,165549.68169218348,Millions USD_2010/yr,164123.9053628405,Millions USD_2010/yr,medce_eu,,,,-100.0,ndc_noce,2040.0,,,,,165549.68169218348,164123.9053628405
ndc_medce_eu,NDC,"Medium CE, EU",c,Global,Aluminium,Aluminium,2050,-0.8585605439015355,%,plotted,"[""Total Annualised Cost|Industry|Non-Ferrous Metals|Aluminum""]",fig08_sector_costs,,,,,,"[""AFE"", ""AFN"", ""AFW"", ""AFZ"", ""ANZ"", ""ASC"", ""ASE"", ""ASO"", ""BRA"", ""CAN"", ""CHL"", ""CHN"", ""ENE"", ""ENW"", ""EUE"", ""EUM"", ""EUW"", ""IDN"", ""IND"", ""JPN"", ""LAM"", ""MDA"", ""MEA"", ""MEX"", ""NIG"", ""RUS"", ""SKT"", ""USA""]",Annualised sector-cost change,,,100.0,150142.45030262138,Millions USD_2010/yr,151442.6773772102,Millions USD_2010/yr,medce_eu,,,,-100.0,ndc_noce,2050.0,,,,,150142.45030262138,151442.6773772102
ndc_highce_eu,NDC,"High CE, EU",c,Global,Aluminium,Aluminium,2019,0.0,%,context,"[""Total Annualised Cost|Industry|Non-Ferrous Metals|Aluminum""]",fig08_sector_costs,,,,,,"[""AFE"", ""AFN"", ""AFW"", ""AFZ"", ""ANZ"", ""ASC"", ""ASE"", ""ASO"", ""BRA"", ""CAN"", ""CHL"", ""CHN"", ""ENE"", ""ENW"", ""EUE"", ""EUM"", ""EUW"", ""IDN"", ""IND"", ""JPN"", ""LAM"", ""MDA"", ""MEA"", ""MEX"", ""NIG"", ""RUS"", ""SKT"", ""USA""]",Annualised sector-cost change,,,100.0,25017.308460003063,Millions USD_2010/yr,25017.308460003063,Millions USD_2010/yr,highce_eu,,,,-100.0,ndc_noce,2019.0,,,,,25017.308460003063,25017.308460003063
ndc_highce_eu,NDC,"High CE, EU",c,Global,Aluminium,Aluminium,2024,0.0,%,plotted,"[""Total Annualised Cost|Industry|Non-Ferrous Metals|Aluminum""]",fig08_sector_costs,,,,,,"[""AFE"", ""AFN"", ""AFW"", ""AFZ"", ""ANZ"", ""ASC"", ""ASE"", ""ASO"", ""BRA"", ""CAN"", ""CHL"", ""CHN"", ""ENE"", ""ENW"", ""EUE"", ""EUM"", ""EUW"", ""IDN"", ""IND"", ""JPN"", ""LAM"", ""MDA"", ""MEA"", ""MEX"", ""NIG"", ""RUS"", ""SKT"", ""USA""]",Annualised sector-cost change,,,100.0,98177.01756529351,Millions USD_2010/yr,98177.01756529351,Millions USD_2010/yr,highce_eu,,,,-100.0,ndc_noce,2024.0,,,,,98177.01756529351,98177.01756529351
ndc_highce_eu,NDC,"High CE, EU",c,Global,Aluminium,Aluminium,2030,-0.7950170053779823,%,plotted,"[""Total Annualised Cost|Industry|Non-Ferrous Metals|Aluminum""]",fig08_sector_costs,,,,,,"[""AFE"", ""AFN"", ""AFW"", ""AFZ"", ""ANZ"", ""ASC"", ""ASE"", ""ASO"", ""BRA"", ""CAN"", ""CHL"", ""CHN"", ""ENE"", ""ENW"", ""EUE"", ""EUM"", ""EUW"", ""IDN"", ""IND"", ""JPN"", ""LAM"", ""MDA"", ""MEA"", ""MEX"", ""NIG"", ""RUS"", ""SKT"", ""USA""]",Annualised sector-cost change,,,100.0,187547.14280893232,Millions USD_2010/yr,189050.12343896012,Millions USD_2010/yr,highce_eu,,,,-100.0,ndc_noce,2030.0,,,,,187547.14280893232,189050.12343896012
ndc_highce_eu,NDC,"High CE, EU",c,Global,Aluminium,Aluminium,2035,-1.010754901110331,%,plotted,"[""Total Annualised Cost|Industry|Non-Ferrous Metals|Aluminum""]",fig08_sector_costs,,,,,,"[""AFE"", ""AFN"", ""AFW"", ""AFZ"", ""ANZ"", ""ASC"", ""ASE"", ""ASO"", ""BRA"", ""CAN"", ""CHL"", ""CHN"", ""ENE"", ""ENW"", ""EUE"", ""EUM"", ""EUW"", ""IDN"", ""IND"", ""JPN"", ""LAM"", ""MDA"", ""MEA"", ""MEX"", ""NIG"", ""RUS"", ""SKT"", ""USA""]",Annualised sector-cost change,,,100.0,142379.8319342841,Millions USD_2010/yr,143833.6374745029,Millions USD_2010/yr,highce_eu,,,,-100.0,ndc_noce,2035.0,,,,,142379.8319342841,143833.6374745029
ndc_highce_eu,NDC,"High CE, EU",c,Global,Aluminium,Aluminium,2040,-0.5855684376555292,%,plotted,"[""Total Annualised Cost|Industry|Non-Ferrous Metals|Aluminum""]",fig08_sector_costs,,,,,,"[""AFE"", ""AFN"", ""AFW"", ""AFZ"", ""ANZ"", ""ASC"", ""ASE"", ""ASO"", ""BRA"", ""CAN"", ""CHL"", ""CHN"", ""ENE"", ""ENW"", ""EUE"", ""EUM"", ""EUW"", ""IDN"", ""IND"", ""JPN"", ""LAM"", ""MDA"", ""MEA"", ""MEX"", ""NIG"", ""RUS"", ""SKT"", ""USA""]",Annualised sector-cost change,,,100.0,163162.84757438808,Millions USD_2010/yr,164123.9053628405,Millions USD_2010/yr,highce_eu,,,,-100.0,ndc_noce,2040.0,,,,,163162.84757438808,164123.9053628405
ndc_highce_eu,NDC,"High CE, EU",c,Global,Aluminium,Aluminium,2050,-2.6156838822901025,%,plotted,"[""Total Annualised Cost|Industry|Non-Ferrous Metals|Aluminum""]",fig08_sector_costs,,,,,,"[""AFE"", ""AFN"", ""AFW"", ""AFZ"", ""ANZ"", ""ASC"", ""ASE"", ""ASO"", ""BRA"", ""CAN"", ""CHL"", ""CHN"", ""ENE"", ""ENW"", ""EUE"", ""EUM"", ""EUW"", ""IDN"", ""IND"", ""JPN"", ""LAM"", ""MDA"", ""MEA"", ""MEX"", ""NIG"", ""RUS"", ""SKT"", ""USA""]",Annualised sector-cost change,,,100.0,147481.41567414592,Millions USD_2010/yr,151442.6773772102,Millions USD_2010/yr,highce_eu,,,,-100.0,ndc_noce,2050.0,,,,,147481.41567414592,151442.6773772102
ndc_medce_gbl,NDC,"Medium CE, EU + partners",c,Global,Aluminium,Aluminium,2019,0.0,%,context,"[""Total Annualised Cost|Industry|Non-Ferrous Metals|Aluminum""]",fig08_sector_costs,,,,,,"[""AFE"", ""AFN"", ""AFW"", ""AFZ"", ""ANZ"", ""ASC"", ""ASE"", ""ASO"", ""BRA"", ""CAN"", ""CHL"", ""CHN"", ""ENE"", ""ENW"", ""EUE"", ""EUM"", ""EUW"", ""IDN"", ""IND"", ""JPN"", ""LAM"", ""MDA"", ""MEA"", ""MEX"", ""NIG"", ""RUS"", ""SKT"", ""USA""]",Annualised sector-cost change,,,100.0,25017.308460003063,Millions USD_2010/yr,25017.308460003063,Millions USD_2010/yr,medce_gbl,,,,-100.0,ndc_noce,2019.0,,,,,25017.308460003063,25017.308460003063
ndc_medce_gbl,NDC,"Medium CE, EU + partners",c,Global,Aluminium,Aluminium,2024,0.0,%,plotted,"[""Total Annualised Cost|Industry|Non-Ferrous Metals|Aluminum""]",fig08_sector_costs,,,,,,"[""AFE"", ""AFN"", ""AFW"", ""AFZ"", ""ANZ"", ""ASC"", ""ASE"", ""ASO"", ""BRA"", ""CAN"", ""CHL"", ""CHN"", ""ENE"", ""ENW"", ""EUE"", ""EUM"", ""EUW"", ""IDN"", ""IND"", ""JPN"", ""LAM"", ""MDA"", ""MEA"", ""MEX"", ""NIG"", ""RUS"", ""SKT"", ""USA""]",Annualised sector-cost change,,,100.0,98177.01756529351,Millions USD_2010/yr,98177.01756529351,Millions USD_2010/yr,medce_gbl,,,,-100.0,ndc_noce,2024.0,,,,,98177.01756529351,98177.01756529351
ndc_medce_gbl,NDC,"Medium CE, EU + partners",c,Global,Aluminium,Aluminium,2030,-19.063274922541986,%,plotted,"[""Total Annualised Cost|Industry|Non-Ferrous Metals|Aluminum""]",fig08_sector_costs,,,,,,"[""AFE"", ""AFN"", ""AFW"", ""AFZ"", ""ANZ"", ""ASC"", ""ASE"", ""ASO"", ""BRA"", ""CAN"", ""CHL"", ""CHN"", ""ENE"", ""ENW"", ""EUE"", ""EUM"", ""EUW"", ""IDN"", ""IND"", ""JPN"", ""LAM"", ""MDA"", ""MEA"", ""MEX"", ""NIG"", ""RUS"", ""SKT"", ""USA""]",Annualised sector-cost change,,,100.0,153010.97866638616,Millions USD_2010/yr,189050.12343896012,Millions USD_2010/yr,medce_gbl,,,,-100.0,ndc_noce,2030.0,,,,,153010.97866638616,189050.12343896012
ndc_medce_gbl,NDC,"Medium CE, EU + partners",c,Global,Aluminium,Aluminium,2035,-13.884433356581347,%,plotted,"[""Total Annualised Cost|Industry|Non-Ferrous Metals|Aluminum""]",fig08_sector_costs,,,,,,"[""AFE"", ""AFN"", ""AFW"", ""AFZ"", ""ANZ"", ""ASC"", ""ASE"", ""ASO"", ""BRA"", ""CAN"", ""CHL"", ""CHN"", ""ENE"", ""ENW"", ""EUE"", ""EUM"", ""EUW"", ""IDN"", ""IND"", ""JPN"", ""LAM"", ""MDA"", ""MEA"", ""MEX"", ""NIG"", ""RUS"", ""SKT"", ""USA""]",Annualised sector-cost change,,,100.0,123863.15193500873,Millions USD_2010/yr,143833.6374745029,Millions USD_2010/yr,medce_gbl,,,,-100.0,ndc_noce,2035.0,,,,,123863.15193500873,143833.6374745029
ndc_medce_gbl,NDC,"Medium CE, EU + partners",c,Global,Aluminium,Aluminium,2040,-16.91810684902501,%,plotted,"[""Total Annualised Cost|Industry|Non-Ferrous Metals|Aluminum""]",fig08_sector_costs,,,,,,"[""AFE"", ""AFN"", ""AFW"", ""AFZ"", ""ANZ"", ""ASC"", ""ASE"", ""ASO"", ""BRA"", ""CAN"", ""CHL"", ""CHN"", ""ENE"", ""ENW"", ""EUE"", ""EUM"", ""EUW"", ""IDN"", ""IND"", ""JPN"", ""LAM"", ""MDA"", ""MEA"", ""MEX"", ""NIG"", ""RUS"", ""SKT"", ""USA""]",Annualised sector-cost change,,,100.0,136357.24768876247,Millions USD_2010/yr,164123.9053628405,Millions USD_2010/yr,medce_gbl,,,,-100.0,ndc_noce,2040.0,,,,,136357.24768876247,164123.9053628405
ndc_medce_gbl,NDC,"Medium CE, EU + partners",c,Global,Aluminium,Aluminium,2050,-23.04087916414241,%,plotted,"[""Total Annualised Cost|Industry|Non-Ferrous Metals|Aluminum""]",fig08_sector_costs,,,,,,"[""AFE"", ""AFN"", ""AFW"", ""AFZ"", ""ANZ"", ""ASC"", ""ASE"", ""ASO"", ""BRA"", ""CAN"", ""CHL"", ""CHN"", ""ENE"", ""ENW"", ""EUE"", ""EUM"", ""EUW"", ""IDN"", ""IND"", ""JPN"", ""LAM"", ""MDA"", ""MEA"", ""MEX"", ""NIG"", ""RUS"", ""SKT"", ""USA""]",Annualised sector-cost change,,,100.0,116548.95307978516,Millions USD_2010/yr,151442.6773772102,Millions USD_2010/yr,medce_gbl,,,,-100.0,ndc_noce,2050.0,,,,,116548.95307978516,151442.6773772102
ndc_highce_gbl,NDC,"High CE, EU + partners",c,Global,Aluminium,Aluminium,2019,0.0,%,context,"[""Total Annualised Cost|Industry|Non-Ferrous Metals|Aluminum""]",fig08_sector_costs,,,,,,"[""AFE"", ""AFN"", ""AFW"", ""AFZ"", ""ANZ"", ""ASC"", ""ASE"", ""ASO"", ""BRA"", ""CAN"", ""CHL"", ""CHN"", ""ENE"", ""ENW"", ""EUE"", ""EUM"", ""EUW"", ""IDN"", ""IND"", ""JPN"", ""LAM"", ""MDA"", ""MEA"", ""MEX"", ""NIG"", ""RUS"", ""SKT"", ""USA""]",Annualised sector-cost change,,,100.0,25017.308460003063,Millions USD_2010/yr,25017.308460003063,Millions USD_2010/yr,highce_gbl,,,,-100.0,ndc_noce,2019.0,,,,,25017.308460003063,25017.308460003063
ndc_highce_gbl,NDC,"High CE, EU + partners",c,Global,Aluminium,Aluminium,2024,0.0,%,plotted,"[""Total Annualised Cost|Industry|Non-Ferrous Metals|Aluminum""]",fig08_sector_costs,,,,,,"[""AFE"", ""AFN"", ""AFW"", ""AFZ"", ""ANZ"", ""ASC"", ""ASE"", ""ASO"", ""BRA"", ""CAN"", ""CHL"", ""CHN"", ""ENE"", ""ENW"", ""EUE"", ""EUM"", ""EUW"", ""IDN"", ""IND"", ""JPN"", ""LAM"", ""MDA"", ""MEA"", ""MEX"", ""NIG"", ""RUS"", ""SKT"", ""USA""]",Annualised sector-cost change,,,100.0,98177.01756529351,Millions USD_2010/yr,98177.01756529351,Millions USD_2010/yr,highce_gbl,,,,-100.0,ndc_noce,2024.0,,,,,98177.01756529351,98177.01756529351
ndc_highce_gbl,NDC,"High CE, EU + partners",c,Global,Aluminium,Aluminium,2030,-28.290856076268923,%,plotted,"[""Total Annualised Cost|Industry|Non-Ferrous Metals|Aluminum""]",fig08_sector_costs,,,,,,"[""AFE"", ""AFN"", ""AFW"", ""AFZ"", ""ANZ"", ""ASC"", ""ASE"", ""ASO"", ""BRA"", ""CAN"", ""CHL"", ""CHN"", ""ENE"", ""ENW"", ""EUE"", ""EUM"", ""EUW"", ""IDN"", ""IND"", ""JPN"", ""LAM"", ""MDA"", ""MEA"", ""MEX"", ""NIG"", ""RUS"", ""SKT"", ""USA""]",Annualised sector-cost change,,,100.0,135566.22510483518,Millions USD_2010/yr,189050.12343896012,Millions USD_2010/yr,highce_gbl,,,,-100.0,ndc_noce,2030.0,,,,,135566.22510483518,189050.12343896012
ndc_highce_gbl,NDC,"High CE, EU + partners",c,Global,Aluminium,Aluminium,2035,-26.309949895262925,%,plotted,"[""Total Annualised Cost|Industry|Non-Ferrous Metals|Aluminum""]",fig08_sector_costs,,,,,,"[""AFE"", ""AFN"", ""AFW"", ""AFZ"", ""ANZ"", ""ASC"", ""ASE"", ""ASO"", ""BRA"", ""CAN"", ""CHL"", ""CHN"", ""ENE"", ""ENW"", ""EUE"", ""EUM"", ""EUW"", ""IDN"", ""IND"", ""JPN"", ""LAM"", ""MDA"", ""MEA"", ""MEX"", ""NIG"", ""RUS"", ""SKT"", ""USA""]",Annualised sector-cost change,,,100.0,105991.07952242707,Millions USD_2010/yr,143833.6374745029,Millions USD_2010/yr,highce_gbl,,,,-100.0,ndc_noce,2035.0,,,,,105991.07952242707,143833.6374745029
ndc_highce_gbl,NDC,"High CE, EU + partners",c,Global,Aluminium,Aluminium,2040,-34.18123155272676,%,plotted,"[""Total Annualised Cost|Industry|Non-Ferrous Metals|Aluminum""]",fig08_sector_costs,,,,,,"[""AFE"", ""AFN"", ""AFW"", ""AFZ"", ""ANZ"", ""ASC"", ""ASE"", ""ASO"", ""BRA"", ""CAN"", ""CHL"", ""CHN"", ""ENE"", ""ENW"", ""EUE"", ""EUM"", ""EUW"", ""IDN"", ""IND"", ""JPN"", ""LAM"", ""MDA"", ""MEA"", ""MEX"", ""NIG"", ""RUS"", ""SKT"", ""USA""]",Annualised sector-cost change,,,100.0,108024.33323738986,Millions USD_2010/yr,164123.9053628405,Millions USD_2010/yr,highce_gbl,,,,-100.0,ndc_noce,2040.0,,,,,108024.33323738986,164123.9053628405
ndc_highce_gbl,NDC,"High CE, EU + partners",c,Global,Aluminium,Aluminium,2050,-44.520576978179356,%,plotted,"[""Total Annualised Cost|Industry|Non-Ferrous Metals|Aluminum""]",fig08_sector_costs,,,,,,"[""AFE"", ""AFN"", ""AFW"", ""AFZ"", ""ANZ"", ""ASC"", ""ASE"", ""ASO"", ""BRA"", ""CAN"", ""CHL"", ""CHN"", ""ENE"", ""ENW"", ""EUE"", ""EUM"", ""EUW"", ""IDN"", ""IND"", ""JPN"", ""LAM"", ""MDA"", ""MEA"", ""MEX"", ""NIG"", ""RUS"", ""SKT"", ""USA""]",Annualised sector-cost change,,,100.0,84019.52361767352,Millions USD_2010/yr,151442.6773772102,Millions USD_2010/yr,highce_gbl,,,,-100.0,ndc_noce,2050.0,,,,,84019.52361767352,151442.6773772102
baseline_noce,NDC+LTT,No CE,d,Global,Cement,Cement,2019,0.0,%,context,"[""Total Annualised Cost|Industry|Non-Metallic Minerals|Cement""]",fig08_sector_costs,,,,,,"[""AFE"", ""AFN"", ""AFW"", ""AFZ"", ""ANZ"", ""ASC"", ""ASE"", ""ASO"", ""BRA"", ""CAN"", ""CHL"", ""CHN"", ""ENE"", ""ENW"", ""EUE"", ""EUM"", ""EUW"", ""IDN"", ""IND"", ""JPN"", ""LAM"", ""MDA"", ""MEA"", ""MEX"", ""NIG"", ""RUS"", ""SKT"", ""USA""]",Annualised sector-cost change,,,100.0,104605.06988172908,Millions USD_2010/yr,104605.06988172908,Millions USD_2010/yr,noce,,,,-100.0,baseline_noce,2019.0,,,,,104605.06988172908,104605.06988172908
baseline_noce,NDC+LTT,No CE,d,Global,Cement,Cement,2024,0.0,%,plotted,"[""Total Annualised Cost|Industry|Non-Metallic Minerals|Cement""]",fig08_sector_costs,,,,,,"[""AFE"", ""AFN"", ""AFW"", ""AFZ"", ""ANZ"", ""ASC"", ""ASE"", ""ASO"", ""BRA"", ""CAN"", ""CHL"", ""CHN"", ""ENE"", ""ENW"", ""EUE"", ""EUM"", ""EUW"", ""IDN"", ""IND"", ""JPN"", ""LAM"", ""MDA"", ""MEA"", ""MEX"", ""NIG"", ""RUS"", ""SKT"", ""USA""]",Annualised sector-cost change,,,100.0,178886.34915972987,Millions USD_2010/yr,178886.34915972987,Millions USD_2010/yr,noce,,,,-100.0,baseline_noce,2024.0,,,,,178886.34915972987,178886.34915972987
baseline_noce,NDC+LTT,No CE,d,Global,Cement,Cement,2030,0.0,%,plotted,"[""Total Annualised Cost|Industry|Non-Metallic Minerals|Cement""]",fig08_sector_costs,,,,,,"[""AFE"", ""AFN"", ""AFW"", ""AFZ"", ""ANZ"", ""ASC"", ""ASE"", ""ASO"", ""BRA"", ""CAN"", ""CHL"", ""CHN"", ""ENE"", ""ENW"", ""EUE"", ""EUM"", ""EUW"", ""IDN"", ""IND"", ""JPN"", ""LAM"", ""MDA"", ""MEA"", ""MEX"", ""NIG"", ""RUS"", ""SKT"", ""USA""]",Annualised sector-cost change,,,100.0,331093.89253432816,Millions USD_2010/yr,331093.89253432816,Millions USD_2010/yr,noce,,,,-100.0,baseline_noce,2030.0,,,,,331093.89253432816,331093.89253432816
baseline_noce,NDC+LTT,No CE,d,Global,Cement,Cement,2035,0.0,%,plotted,"[""Total Annualised Cost|Industry|Non-Metallic Minerals|Cement""]",fig08_sector_costs,,,,,,"[""AFE"", ""AFN"", ""AFW"", ""AFZ"", ""ANZ"", ""ASC"", ""ASE"", ""ASO"", ""BRA"", ""CAN"", ""CHL"", ""CHN"", ""ENE"", ""ENW"", ""EUE"", ""EUM"", ""EUW"", ""IDN"", ""IND"", ""JPN"", ""LAM"", ""MDA"", ""MEA"", ""MEX"", ""NIG"", ""RUS"", ""SKT"", ""USA""]",Annualised sector-cost change,,,100.0,422932.6031034711,Millions USD_2010/yr,422932.6031034711,Millions USD_2010/yr,noce,,,,-100.0,baseline_noce,2035.0,,,,,422932.6031034711,422932.6031034711
baseline_noce,NDC+LTT,No CE,d,Global,Cement,Cement,2040,0.0,%,plotted,"[""Total Annualised Cost|Industry|Non-Metallic Minerals|Cement""]",fig08_sector_costs,,,,,,"[""AFE"", ""AFN"", ""AFW"", ""AFZ"", ""ANZ"", ""ASC"", ""ASE"", ""ASO"", ""BRA"", ""CAN"", ""CHL"", ""CHN"", ""ENE"", ""ENW"", ""EUE"", ""EUM"", ""EUW"", ""IDN"", ""IND"", ""JPN"", ""LAM"", ""MDA"", ""MEA"", ""MEX"", ""NIG"", ""RUS"", ""SKT"", ""USA""]",Annualised sector-cost change,,,100.0,584114.6752148796,Millions USD_2010/yr,584114.6752148796,Millions USD_2010/yr,noce,,,,-100.0,baseline_noce,2040.0,,,,,584114.6752148796,584114.6752148796
baseline_noce,NDC+LTT,No CE,d,Global,Cement,Cement,2050,0.0,%,plotted,"[""Total Annualised Cost|Industry|Non-Metallic Minerals|Cement""]",fig08_sector_costs,,,,,,"[""AFE"", ""AFN"", ""AFW"", ""AFZ"", ""ANZ"", ""ASC"", ""ASE"", ""ASO"", ""BRA"", ""CAN"", ""CHL"", ""CHN"", ""ENE"", ""ENW"", ""EUE"", ""EUM"", ""EUW"", ""IDN"", ""IND"", ""JPN"", ""LAM"", ""MDA"", ""MEA"", ""MEX"", ""NIG"", ""RUS"", ""SKT"", ""USA""]",Annualised sector-cost change,,,100.0,777142.3333003592,Millions USD_2010/yr,777142.3333003592,Millions USD_2010/yr,noce,,,,-100.0,baseline_noce,2050.0,,,,,777142.3333003592,777142.3333003592
baseline_medce_eu,NDC+LTT,"Medium CE, EU",d,Global,Cement,Cement,2019,0.0,%,context,"[""Total Annualised Cost|Industry|Non-Metallic Minerals|Cement""]",fig08_sector_costs,,,,,,"[""AFE"", ""AFN"", ""AFW"", ""AFZ"", ""ANZ"", ""ASC"", ""ASE"", ""ASO"", ""BRA"", ""CAN"", ""CHL"", ""CHN"", ""ENE"", ""ENW"", ""EUE"", ""EUM"", ""EUW"", ""IDN"", ""IND"", ""JPN"", ""LAM"", ""MDA"", ""MEA"", ""MEX"", ""NIG"", ""RUS"", ""SKT"", ""USA""]",Annualised sector-cost change,,,100.0,104605.06988172908,Millions USD_2010/yr,104605.06988172908,Millions USD_2010/yr,medce_eu,,,,-100.0,baseline_noce,2019.0,,,,,104605.06988172908,104605.06988172908
baseline_medce_eu,NDC+LTT,"Medium CE, EU",d,Global,Cement,Cement,2024,0.0,%,plotted,"[""Total Annualised Cost|Industry|Non-Metallic Minerals|Cement""]",fig08_sector_costs,,,,,,"[""AFE"", ""AFN"", ""AFW"", ""AFZ"", ""ANZ"", ""ASC"", ""ASE"", ""ASO"", ""BRA"", ""CAN"", ""CHL"", ""CHN"", ""ENE"", ""ENW"", ""EUE"", ""EUM"", ""EUW"", ""IDN"", ""IND"", ""JPN"", ""LAM"", ""MDA"", ""MEA"", ""MEX"", ""NIG"", ""RUS"", ""SKT"", ""USA""]",Annualised sector-cost change,,,100.0,178886.34915972987,Millions USD_2010/yr,178886.34915972987,Millions USD_2010/yr,medce_eu,,,,-100.0,baseline_noce,2024.0,,,,,178886.34915972987,178886.34915972987
baseline_medce_eu,NDC+LTT,"Medium CE, EU",d,Global,Cement,Cement,2030,1.802631860011614,%,plotted,"[""Total Annualised Cost|Industry|Non-Metallic Minerals|Cement""]",fig08_sector_costs,,,,,,"[""AFE"", ""AFN"", ""AFW"", ""AFZ"", ""ANZ"", ""ASC"", ""ASE"", ""ASO"", ""BRA"", ""CAN"", ""CHL"", ""CHN"", ""ENE"", ""ENW"", ""EUE"", ""EUM"", ""EUW"", ""IDN"", ""IND"", ""JPN"", ""LAM"", ""MDA"", ""MEA"", ""MEX"", ""NIG"", ""RUS"", ""SKT"", ""USA""]",Annualised sector-cost change,,,100.0,337062.2965277046,Millions USD_2010/yr,331093.89253432816,Millions USD_2010/yr,medce_eu,,,,-100.0,baseline_noce,2030.0,,,,,337062.2965277046,331093.89253432816
baseline_medce_eu,NDC+LTT,"Medium CE, EU",d,Global,Cement,Cement,2035,1.7688159828592436,%,plotted,"[""Total Annualised Cost|Industry|Non-Metallic Minerals|Cement""]",fig08_sector_costs,,,,,,"[""AFE"", ""AFN"", ""AFW"", ""AFZ"", ""ANZ"", ""ASC"", ""ASE"", ""ASO"", ""BRA"", ""CAN"", ""CHL"", ""CHN"", ""ENE"", ""ENW"", ""EUE"", ""EUM"", ""EUW"", ""IDN"", ""IND"", ""JPN"", ""LAM"", ""MDA"", ""MEA"", ""MEX"", ""NIG"", ""RUS"", ""SKT"", ""USA""]",Annualised sector-cost change,,,100.0,430413.50258388795,Millions USD_2010/yr,422932.6031034711,Millions USD_2010/yr,medce_eu,,,,-100.0,baseline_noce,2035.0,,,,,430413.50258388795,422932.6031034711
baseline_medce_eu,NDC+LTT,"Medium CE, EU",d,Global,Cement,Cement,2040,1.4216007823849652,%,plotted,"[""Total Annualised Cost|Industry|Non-Metallic Minerals|Cement""]",fig08_sector_costs,,,,,,"[""AFE"", ""AFN"", ""AFW"", ""AFZ"", ""ANZ"", ""ASC"", ""ASE"", ""ASO"", ""BRA"", ""CAN"", ""CHL"", ""CHN"", ""ENE"", ""ENW"", ""EUE"", ""EUM"", ""EUW"", ""IDN"", ""IND"", ""JPN"", ""LAM"", ""MDA"", ""MEA"", ""MEX"", ""NIG"", ""RUS"", ""SKT"", ""USA""]",Annualised sector-cost change,,,100.0,592418.4540077597,Millions USD_2010/yr,584114.6752148796,Millions USD_2010/yr,medce_eu,,,,-100.0,baseline_noce,2040.0,,,,,592418.4540077597,584114.6752148796
baseline_medce_eu,NDC+LTT,"Medium CE, EU",d,Global,Cement,Cement,2050,1.0280219415002572,%,plotted,"[""Total Annualised Cost|Industry|Non-Metallic Minerals|Cement""]",fig08_sector_costs,,,,,,"[""AFE"", ""AFN"", ""AFW"", ""AFZ"", ""ANZ"", ""ASC"", ""ASE"", ""ASO"", ""BRA"", ""CAN"", ""CHL"", ""CHN"", ""ENE"", ""ENW"", ""EUE"", ""EUM"", ""EUW"", ""IDN"", ""IND"", ""JPN"", ""LAM"", ""MDA"", ""MEA"", ""MEX"", ""NIG"", ""RUS"", ""SKT"", ""USA""]",Annualised sector-cost change,,,100.0,785131.527003374,Millions USD_2010/yr,777142.3333003592,Millions USD_2010/yr,medce_eu,,,,-100.0,baseline_noce,2050.0,,,,,785131.527003374,777142.3333003592
baseline_highce_eu,NDC+LTT,"High CE, EU",d,Global,Cement,Cement,2019,0.0,%,context,"[""Total Annualised Cost|Industry|Non-Metallic Minerals|Cement""]",fig08_sector_costs,,,,,,"[""AFE"", ""AFN"", ""AFW"", ""AFZ"", ""ANZ"", ""ASC"", ""ASE"", ""ASO"", ""BRA"", ""CAN"", ""CHL"", ""CHN"", ""ENE"", ""ENW"", ""EUE"", ""EUM"", ""EUW"", ""IDN"", ""IND"", ""JPN"", ""LAM"", ""MDA"", ""MEA"", ""MEX"", ""NIG"", ""RUS"", ""SKT"", ""USA""]",Annualised sector-cost change,,,100.0,104605.06988172908,Millions USD_2010/yr,104605.06988172908,Millions USD_2010/yr,highce_eu,,,,-100.0,baseline_noce,2019.0,,,,,104605.06988172908,104605.06988172908
baseline_highce_eu,NDC+LTT,"High CE, EU",d,Global,Cement,Cement,2024,0.0,%,plotted,"[""Total Annualised Cost|Industry|Non-Metallic Minerals|Cement""]",fig08_sector_costs,,,,,,"[""AFE"", ""AFN"", ""AFW"", ""AFZ"", ""ANZ"", ""ASC"", ""ASE"", ""ASO"", ""BRA"", ""CAN"", ""CHL"", ""CHN"", ""ENE"", ""ENW"", ""EUE"", ""EUM"", ""EUW"", ""IDN"", ""IND"", ""JPN"", ""LAM"", ""MDA"", ""MEA"", ""MEX"", ""NIG"", ""RUS"", ""SKT"", ""USA""]",Annualised sector-cost change,,,100.0,178886.34915972987,Millions USD_2010/yr,178886.34915972987,Millions USD_2010/yr,highce_eu,,,,-100.0,baseline_noce,2024.0,,,,,178886.34915972987,178886.34915972987
baseline_highce_eu,NDC+LTT,"High CE, EU",d,Global,Cement,Cement,2030,1.5664866012059318,%,plotted,"[""Total Annualised Cost|Industry|Non-Metallic Minerals|Cement""]",fig08_sector_costs,,,,,,"[""AFE"", ""AFN"", ""AFW"", ""AFZ"", ""ANZ"", ""ASC"", ""ASE"", ""ASO"", ""BRA"", ""CAN"", ""CHL"", ""CHN"", ""ENE"", ""ENW"", ""EUE"", ""EUM"", ""EUW"", ""IDN"", ""IND"", ""JPN"", ""LAM"", ""MDA"", ""MEA"", ""MEX"", ""NIG"", ""RUS"", ""SKT"", ""USA""]",Annualised sector-cost change,,,100.0,336280.4339982896,Millions USD_2010/yr,331093.89253432816,Millions USD_2010/yr,highce_eu,,,,-100.0,baseline_noce,2030.0,,,,,336280.4339982896,331093.89253432816
baseline_highce_eu,NDC+LTT,"High CE, EU",d,Global,Cement,Cement,2035,1.4375780510682192,%,plotted,"[""Total Annualised Cost|Industry|Non-Metallic Minerals|Cement""]",fig08_sector_costs,,,,,,"[""AFE"", ""AFN"", ""AFW"", ""AFZ"", ""ANZ"", ""ASC"", ""ASE"", ""ASO"", ""BRA"", ""CAN"", ""CHL"", ""CHN"", ""ENE"", ""ENW"", ""EUE"", ""EUM"", ""EUW"", ""IDN"", ""IND"", ""JPN"", ""LAM"", ""MDA"", ""MEA"", ""MEX"", ""NIG"", ""RUS"", ""SKT"", ""USA""]",Annualised sector-cost change,,,100.0,429012.5893764981,Millions USD_2010/yr,422932.6031034711,Millions USD_2010/yr,highce_eu,,,,-100.0,baseline_noce,2035.0,,,,,429012.5893764981,422932.6031034711
baseline_highce_eu,NDC+LTT,"High CE, EU",d,Global,Cement,Cement,2040,1.089601075926703,%,plotted,"[""Total Annualised Cost|Industry|Non-Metallic Minerals|Cement""]",fig08_sector_costs,,,,,,"[""AFE"", ""AFN"", ""AFW"", ""AFZ"", ""ANZ"", ""ASC"", ""ASE"", ""ASO"", ""BRA"", ""CAN"", ""CHL"", ""CHN"", ""ENE"", ""ENW"", ""EUE"", ""EUM"", ""EUW"", ""IDN"", ""IND"", ""JPN"", ""LAM"", ""MDA"", ""MEA"", ""MEX"", ""NIG"", ""RUS"", ""SKT"", ""USA""]",Annualised sector-cost change,,,100.0,590479.1950006667,Millions USD_2010/yr,584114.6752148796,Millions USD_2010/yr,highce_eu,,,,-100.0,baseline_noce,2040.0,,,,,590479.1950006667,584114.6752148796
baseline_highce_eu,NDC+LTT,"High CE, EU",d,Global,Cement,Cement,2050,0.688214509618209,%,plotted,"[""Total Annualised Cost|Industry|Non-Metallic Minerals|Cement""]",fig08_sector_costs,,,,,,"[""AFE"", ""AFN"", ""AFW"", ""AFZ"", ""ANZ"", ""ASC"", ""ASE"", ""ASO"", ""BRA"", ""CAN"", ""CHL"", ""CHN"", ""ENE"", ""ENW"", ""EUE"", ""EUM"", ""EUW"", ""IDN"", ""IND"", ""JPN"", ""LAM"", ""MDA"", ""MEA"", ""MEX"", ""NIG"", ""RUS"", ""SKT"", ""USA""]",Annualised sector-cost change,,,100.0,782490.7395985178,Millions USD_2010/yr,777142.3333003592,Millions USD_2010/yr,highce_eu,,,,-100.0,baseline_noce,2050.0,,,,,782490.7395985178,777142.3333003592
baseline_medce_gbl,NDC+LTT,"Medium CE, EU + partners",d,Global,Cement,Cement,2019,0.0,%,context,"[""Total Annualised Cost|Industry|Non-Metallic Minerals|Cement""]",fig08_sector_costs,,,,,,"[""AFE"", ""AFN"", ""AFW"", ""AFZ"", ""ANZ"", ""ASC"", ""ASE"", ""ASO"", ""BRA"", ""CAN"", ""CHL"", ""CHN"", ""ENE"", ""ENW"", ""EUE"", ""EUM"", ""EUW"", ""IDN"", ""IND"", ""JPN"", ""LAM"", ""MDA"", ""MEA"", ""MEX"", ""NIG"", ""RUS"", ""SKT"", ""USA""]",Annualised sector-cost change,,,100.0,104605.06988172908,Millions USD_2010/yr,104605.06988172908,Millions USD_2010/yr,medce_gbl,,,,-100.0,baseline_noce,2019.0,,,,,104605.06988172908,104605.06988172908
baseline_medce_gbl,NDC+LTT,"Medium CE, EU + partners",d,Global,Cement,Cement,2024,0.0,%,plotted,"[""Total Annualised Cost|Industry|Non-Metallic Minerals|Cement""]",fig08_sector_costs,,,,,,"[""AFE"", ""AFN"", ""AFW"", ""AFZ"", ""ANZ"", ""ASC"", ""ASE"", ""ASO"", ""BRA"", ""CAN"", ""CHL"", ""CHN"", ""ENE"", ""ENW"", ""EUE"", ""EUM"", ""EUW"", ""IDN"", ""IND"", ""JPN"", ""LAM"", ""MDA"", ""MEA"", ""MEX"", ""NIG"", ""RUS"", ""SKT"", ""USA""]",Annualised sector-cost change,,,100.0,178886.34915972987,Millions USD_2010/yr,178886.34915972987,Millions USD_2010/yr,medce_gbl,,,,-100.0,baseline_noce,2024.0,,,,,178886.34915972987,178886.34915972987
baseline_medce_gbl,NDC+LTT,"Medium CE, EU + partners",d,Global,Cement,Cement,2030,-6.188717053710407,%,plotted,"[""Total Annualised Cost|Industry|Non-Metallic Minerals|Cement""]",fig08_sector_costs,,,,,,"[""AFE"", ""AFN"", ""AFW"", ""AFZ"", ""ANZ"", ""ASC"", ""ASE"", ""ASO"", ""BRA"", ""CAN"", ""CHL"", ""CHN"", ""ENE"", ""ENW"", ""EUE"", ""EUM"", ""EUW"", ""IDN"", ""IND"", ""JPN"", ""LAM"", ""MDA"", ""MEA"", ""MEX"", ""NIG"", ""RUS"", ""SKT"", ""USA""]",Annualised sector-cost change,,,100.0,310603.4283432626,Millions USD_2010/yr,331093.89253432816,Millions USD_2010/yr,medce_gbl,,,,-100.0,baseline_noce,2030.0,,,,,310603.4283432626,331093.89253432816
baseline_medce_gbl,NDC+LTT,"Medium CE, EU + partners",d,Global,Cement,Cement,2035,-7.918486386330835,%,plotted,"[""Total Annualised Cost|Industry|Non-Metallic Minerals|Cement""]",fig08_sector_costs,,,,,,"[""AFE"", ""AFN"", ""AFW"", ""AFZ"", ""ANZ"", ""ASC"", ""ASE"", ""ASO"", ""BRA"", ""CAN"", ""CHL"", ""CHN"", ""ENE"", ""ENW"", ""EUE"", ""EUM"", ""EUW"", ""IDN"", ""IND"", ""JPN"", ""LAM"", ""MDA"", ""MEA"", ""MEX"", ""NIG"", ""RUS"", ""SKT"", ""USA""]",Annualised sector-cost change,,,100.0,389442.7425033681,Millions USD_2010/yr,422932.6031034711,Millions USD_2010/yr,medce_gbl,,,,-100.0,baseline_noce,2035.0,,,,,389442.7425033681,422932.6031034711
baseline_medce_gbl,NDC+LTT,"Medium CE, EU + partners",d,Global,Cement,Cement,2040,-8.809804987180634,%,plotted,"[""Total Annualised Cost|Industry|Non-Metallic Minerals|Cement""]",fig08_sector_costs,,,,,,"[""AFE"", ""AFN"", ""AFW"", ""AFZ"", ""ANZ"", ""ASC"", ""ASE"", ""ASO"", ""BRA"", ""CAN"", ""CHL"", ""CHN"", ""ENE"", ""ENW"", ""EUE"", ""EUM"", ""EUW"", ""IDN"", ""IND"", ""JPN"", ""LAM"", ""MDA"", ""MEA"", ""MEX"", ""NIG"", ""RUS"", ""SKT"", ""USA""]",Annualised sector-cost change,,,100.0,532655.3114269451,Millions USD_2010/yr,584114.6752148796,Millions USD_2010/yr,medce_gbl,,,,-100.0,baseline_noce,2040.0,,,,,532655.3114269451,584114.6752148796
baseline_medce_gbl,NDC+LTT,"Medium CE, EU + partners",d,Global,Cement,Cement,2050,-10.027877115264705,%,plotted,"[""Total Annualised Cost|Industry|Non-Metallic Minerals|Cement""]",fig08_sector_costs,,,,,,"[""AFE"", ""AFN"", ""AFW"", ""AFZ"", ""ANZ"", ""ASC"", ""ASE"", ""ASO"", ""BRA"", ""CAN"", ""CHL"", ""CHN"", ""ENE"", ""ENW"", ""EUE"", ""EUM"", ""EUW"", ""IDN"", ""IND"", ""JPN"", ""LAM"", ""MDA"", ""MEA"", ""MEX"", ""NIG"", ""RUS"", ""SKT"", ""USA""]",Annualised sector-cost change,,,100.0,699211.4551062983,Millions USD_2010/yr,777142.3333003592,Millions USD_2010/yr,medce_gbl,,,,-100.0,baseline_noce,2050.0,,,,,699211.4551062983,777142.3333003592
baseline_highce_gbl,NDC+LTT,"High CE, EU + partners",d,Global,Cement,Cement,2019,0.0,%,context,"[""Total Annualised Cost|Industry|Non-Metallic Minerals|Cement""]",fig08_sector_costs,,,,,,"[""AFE"", ""AFN"", ""AFW"", ""AFZ"", ""ANZ"", ""ASC"", ""ASE"", ""ASO"", ""BRA"", ""CAN"", ""CHL"", ""CHN"", ""ENE"", ""ENW"", ""EUE"", ""EUM"", ""EUW"", ""IDN"", ""IND"", ""JPN"", ""LAM"", ""MDA"", ""MEA"", ""MEX"", ""NIG"", ""RUS"", ""SKT"", ""USA""]",Annualised sector-cost change,,,100.0,104605.06988172908,Millions USD_2010/yr,104605.06988172908,Millions USD_2010/yr,highce_gbl,,,,-100.0,baseline_noce,2019.0,,,,,104605.06988172908,104605.06988172908
baseline_highce_gbl,NDC+LTT,"High CE, EU + partners",d,Global,Cement,Cement,2024,0.0,%,plotted,"[""Total Annualised Cost|Industry|Non-Metallic Minerals|Cement""]",fig08_sector_costs,,,,,,"[""AFE"", ""AFN"", ""AFW"", ""AFZ"", ""ANZ"", ""ASC"", ""ASE"", ""ASO"", ""BRA"", ""CAN"", ""CHL"", ""CHN"", ""ENE"", ""ENW"", ""EUE"", ""EUM"", ""EUW"", ""IDN"", ""IND"", ""JPN"", ""LAM"", ""MDA"", ""MEA"", ""MEX"", ""NIG"", ""RUS"", ""SKT"", ""USA""]",Annualised sector-cost change,,,100.0,178886.34915972987,Millions USD_2010/yr,178886.34915972987,Millions USD_2010/yr,highce_gbl,,,,-100.0,baseline_noce,2024.0,,,,,178886.34915972987,178886.34915972987
baseline_highce_gbl,NDC+LTT,"High CE, EU + partners",d,Global,Cement,Cement,2030,-9.2293792241953,%,plotted,"[""Total Annualised Cost|Industry|Non-Metallic Minerals|Cement""]",fig08_sector_costs,,,,,,"[""AFE"", ""AFN"", ""AFW"", ""AFZ"", ""ANZ"", ""ASC"", ""ASE"", ""ASO"", ""BRA"", ""CAN"", ""CHL"", ""CHN"", ""ENE"", ""ENW"", ""EUE"", ""EUM"", ""EUW"", ""IDN"", ""IND"", ""JPN"", ""LAM"", ""MDA"", ""MEA"", ""MEX"", ""NIG"", ""RUS"", ""SKT"", ""USA""]",Annualised sector-cost change,,,100.0,300535.98160418536,Millions USD_2010/yr,331093.89253432816,Millions USD_2010/yr,highce_gbl,,,,-100.0,baseline_noce,2030.0,,,,,300535.98160418536,331093.89253432816
baseline_highce_gbl,NDC+LTT,"High CE, EU + partners",d,Global,Cement,Cement,2035,-12.329731733120719,%,plotted,"[""Total Annualised Cost|Industry|Non-Metallic Minerals|Cement""]",fig08_sector_costs,,,,,,"[""AFE"", ""AFN"", ""AFW"", ""AFZ"", ""ANZ"", ""ASC"", ""ASE"", ""ASO"", ""BRA"", ""CAN"", ""CHL"", ""CHN"", ""ENE"", ""ENW"", ""EUE"", ""EUM"", ""EUW"", ""IDN"", ""IND"", ""JPN"", ""LAM"", ""MDA"", ""MEA"", ""MEX"", ""NIG"", ""RUS"", ""SKT"", ""USA""]",Annualised sector-cost change,,,100.0,370786.1477289089,Millions USD_2010/yr,422932.6031034711,Millions USD_2010/yr,highce_gbl,,,,-100.0,baseline_noce,2035.0,,,,,370786.1477289089,422932.6031034711
baseline_highce_gbl,NDC+LTT,"High CE, EU + partners",d,Global,Cement,Cement,2040,-16.168094816475314,%,plotted,"[""Total Annualised Cost|Industry|Non-Metallic Minerals|Cement""]",fig08_sector_costs,,,,,,"[""AFE"", ""AFN"", ""AFW"", ""AFZ"", ""ANZ"", ""ASC"", ""ASE"", ""ASO"", ""BRA"", ""CAN"", ""CHL"", ""CHN"", ""ENE"", ""ENW"", ""EUE"", ""EUM"", ""EUW"", ""IDN"", ""IND"", ""JPN"", ""LAM"", ""MDA"", ""MEA"", ""MEX"", ""NIG"", ""RUS"", ""SKT"", ""USA""]",Annualised sector-cost change,,,100.0,489674.460689191,Millions USD_2010/yr,584114.6752148796,Millions USD_2010/yr,highce_gbl,,,,-100.0,baseline_noce,2040.0,,,,,489674.460689191,584114.6752148796
baseline_highce_gbl,NDC+LTT,"High CE, EU + partners",d,Global,Cement,Cement,2050,-18.42187611093557,%,plotted,"[""Total Annualised Cost|Industry|Non-Metallic Minerals|Cement""]",fig08_sector_costs,,,,,,"[""AFE"", ""AFN"", ""AFW"", ""AFZ"", ""ANZ"", ""ASC"", ""ASE"", ""ASO"", ""BRA"", ""CAN"", ""CHL"", ""CHN"", ""ENE"", ""ENW"", ""EUE"", ""EUM"", ""EUW"", ""IDN"", ""IND"", ""JPN"", ""LAM"", ""MDA"", ""MEA"", ""MEX"", ""NIG"", ""RUS"", ""SKT"", ""USA""]",Annualised sector-cost change,,,100.0,633978.135454133,Millions USD_2010/yr,777142.3333003592,Millions USD_2010/yr,highce_gbl,,,,-100.0,baseline_noce,2050.0,,,,,633978.135454133,777142.3333003592
baseline_noce,NDC+LTT,No CE,e,Global,Iron and steel,Iron and steel,2019,0.0,%,context,"[""Total Annualised Cost|Industry|Iron and Steel""]",fig08_sector_costs,,,,,,"[""AFE"", ""AFN"", ""AFW"", ""AFZ"", ""ANZ"", ""ASC"", ""ASE"", ""ASO"", ""BRA"", ""CAN"", ""CHL"", ""CHN"", ""ENE"", ""ENW"", ""EUE"", ""EUM"", ""EUW"", ""IDN"", ""IND"", ""JPN"", ""LAM"", ""MDA"", ""MEA"", ""MEX"", ""NIG"", ""RUS"", ""SKT"", ""USA""]",Annualised sector-cost change,,,100.0,4959455.128965229,Millions USD_2010/yr,4959455.128965229,Millions USD_2010/yr,noce,,,,-100.0,baseline_noce,2019.0,,,,,4959455.128965229,4959455.128965229
baseline_noce,NDC+LTT,No CE,e,Global,Iron and steel,Iron and steel,2024,0.0,%,plotted,"[""Total Annualised Cost|Industry|Iron and Steel""]",fig08_sector_costs,,,,,,"[""AFE"", ""AFN"", ""AFW"", ""AFZ"", ""ANZ"", ""ASC"", ""ASE"", ""ASO"", ""BRA"", ""CAN"", ""CHL"", ""CHN"", ""ENE"", ""ENW"", ""EUE"", ""EUM"", ""EUW"", ""IDN"", ""IND"", ""JPN"", ""LAM"", ""MDA"", ""MEA"", ""MEX"", ""NIG"", ""RUS"", ""SKT"", ""USA""]",Annualised sector-cost change,,,100.0,201938.09721133878,Millions USD_2010/yr,201938.09721133878,Millions USD_2010/yr,noce,,,,-100.0,baseline_noce,2024.0,,,,,201938.09721133878,201938.09721133878
baseline_noce,NDC+LTT,No CE,e,Global,Iron and steel,Iron and steel,2030,0.0,%,plotted,"[""Total Annualised Cost|Industry|Iron and Steel""]",fig08_sector_costs,,,,,,"[""AFE"", ""AFN"", ""AFW"", ""AFZ"", ""ANZ"", ""ASC"", ""ASE"", ""ASO"", ""BRA"", ""CAN"", ""CHL"", ""CHN"", ""ENE"", ""ENW"", ""EUE"", ""EUM"", ""EUW"", ""IDN"", ""IND"", ""JPN"", ""LAM"", ""MDA"", ""MEA"", ""MEX"", ""NIG"", ""RUS"", ""SKT"", ""USA""]",Annualised sector-cost change,,,100.0,295982.7557650916,Millions USD_2010/yr,295982.7557650916,Millions USD_2010/yr,noce,,,,-100.0,baseline_noce,2030.0,,,,,295982.7557650916,295982.7557650916
baseline_noce,NDC+LTT,No CE,e,Global,Iron and steel,Iron and steel,2035,0.0,%,plotted,"[""Total Annualised Cost|Industry|Iron and Steel""]",fig08_sector_costs,,,,,,"[""AFE"", ""AFN"", ""AFW"", ""AFZ"", ""ANZ"", ""ASC"", ""ASE"", ""ASO"", ""BRA"", ""CAN"", ""CHL"", ""CHN"", ""ENE"", ""ENW"", ""EUE"", ""EUM"", ""EUW"", ""IDN"", ""IND"", ""JPN"", ""LAM"", ""MDA"", ""MEA"", ""MEX"", ""NIG"", ""RUS"", ""SKT"", ""USA""]",Annualised sector-cost change,,,100.0,319762.7455424265,Millions USD_2010/yr,319762.7455424265,Millions USD_2010/yr,noce,,,,-100.0,baseline_noce,2035.0,,,,,319762.7455424265,319762.7455424265
baseline_noce,NDC+LTT,No CE,e,Global,Iron and steel,Iron and steel,2040,0.0,%,plotted,"[""Total Annualised Cost|Industry|Iron and Steel""]",fig08_sector_costs,,,,,,"[""AFE"", ""AFN"", ""AFW"", ""AFZ"", ""ANZ"", ""ASC"", ""ASE"", ""ASO"", ""BRA"", ""CAN"", ""CHL"", ""CHN"", ""ENE"", ""ENW"", ""EUE"", ""EUM"", ""EUW"", ""IDN"", ""IND"", ""JPN"", ""LAM"", ""MDA"", ""MEA"", ""MEX"", ""NIG"", ""RUS"", ""SKT"", ""USA""]",Annualised sector-cost change,,,100.0,511224.19724813633,Millions USD_2010/yr,511224.19724813633,Millions USD_2010/yr,noce,,,,-100.0,baseline_noce,2040.0,,,,,511224.19724813633,511224.19724813633
baseline_noce,NDC+LTT,No CE,e,Global,Iron and steel,Iron and steel,2050,0.0,%,plotted,"[""Total Annualised Cost|Industry|Iron and Steel""]",fig08_sector_costs,,,,,,"[""AFE"", ""AFN"", ""AFW"", ""AFZ"", ""ANZ"", ""ASC"", ""ASE"", ""ASO"", ""BRA"", ""CAN"", ""CHL"", ""CHN"", ""ENE"", ""ENW"", ""EUE"", ""EUM"", ""EUW"", ""IDN"", ""IND"", ""JPN"", ""LAM"", ""MDA"", ""MEA"", ""MEX"", ""NIG"", ""RUS"", ""SKT"", ""USA""]",Annualised sector-cost change,,,100.0,709327.2214321663,Millions USD_2010/yr,709327.2214321663,Millions USD_2010/yr,noce,,,,-100.0,baseline_noce,2050.0,,,,,709327.2214321663,709327.2214321663
baseline_medce_eu,NDC+LTT,"Medium CE, EU",e,Global,Iron and steel,Iron and steel,2019,0.0,%,context,"[""Total Annualised Cost|Industry|Iron and Steel""]",fig08_sector_costs,,,,,,"[""AFE"", ""AFN"", ""AFW"", ""AFZ"", ""ANZ"", ""ASC"", ""ASE"", ""ASO"", ""BRA"", ""CAN"", ""CHL"", ""CHN"", ""ENE"", ""ENW"", ""EUE"", ""EUM"", ""EUW"", ""IDN"", ""IND"", ""JPN"", ""LAM"", ""MDA"", ""MEA"", ""MEX"", ""NIG"", ""RUS"", ""SKT"", ""USA""]",Annualised sector-cost change,,,100.0,4959455.128965229,Millions USD_2010/yr,4959455.128965229,Millions USD_2010/yr,medce_eu,,,,-100.0,baseline_noce,2019.0,,,,,4959455.128965229,4959455.128965229
baseline_medce_eu,NDC+LTT,"Medium CE, EU",e,Global,Iron and steel,Iron and steel,2024,0.0,%,plotted,"[""Total Annualised Cost|Industry|Iron and Steel""]",fig08_sector_costs,,,,,,"[""AFE"", ""AFN"", ""AFW"", ""AFZ"", ""ANZ"", ""ASC"", ""ASE"", ""ASO"", ""BRA"", ""CAN"", ""CHL"", ""CHN"", ""ENE"", ""ENW"", ""EUE"", ""EUM"", ""EUW"", ""IDN"", ""IND"", ""JPN"", ""LAM"", ""MDA"", ""MEA"", ""MEX"", ""NIG"", ""RUS"", ""SKT"", ""USA""]",Annualised sector-cost change,,,100.0,201938.09721133878,Millions USD_2010/yr,201938.09721133878,Millions USD_2010/yr,medce_eu,,,,-100.0,baseline_noce,2024.0,,,,,201938.09721133878,201938.09721133878
baseline_medce_eu,NDC+LTT,"Medium CE, EU",e,Global,Iron and steel,Iron and steel,2030,-3.1436010778623484,%,plotted,"[""Total Annualised Cost|Industry|Iron and Steel""]",fig08_sector_costs,,,,,,"[""AFE"", ""AFN"", ""AFW"", ""AFZ"", ""ANZ"", ""ASC"", ""ASE"", ""ASO"", ""BRA"", ""CAN"", ""CHL"", ""CHN"", ""ENE"", ""ENW"", ""EUE"", ""EUM"", ""EUW"", ""IDN"", ""IND"", ""JPN"", ""LAM"", ""MDA"", ""MEA"", ""MEX"", ""NIG"", ""RUS"", ""SKT"", ""USA""]",Annualised sector-cost change,,,100.0,286678.2386645735,Millions USD_2010/yr,295982.7557650916,Millions USD_2010/yr,medce_eu,,,,-100.0,baseline_noce,2030.0,,,,,286678.2386645735,295982.7557650916
baseline_medce_eu,NDC+LTT,"Medium CE, EU",e,Global,Iron and steel,Iron and steel,2035,-1.9092633570275415,%,plotted,"[""Total Annualised Cost|Industry|Iron and Steel""]",fig08_sector_costs,,,,,,"[""AFE"", ""AFN"", ""AFW"", ""AFZ"", ""ANZ"", ""ASC"", ""ASE"", ""ASO"", ""BRA"", ""CAN"", ""CHL"", ""CHN"", ""ENE"", ""ENW"", ""EUE"", ""EUM"", ""EUW"", ""IDN"", ""IND"", ""JPN"", ""LAM"", ""MDA"", ""MEA"", ""MEX"", ""NIG"", ""RUS"", ""SKT"", ""USA""]",Annualised sector-cost change,,,100.0,313657.6326123597,Millions USD_2010/yr,319762.7455424265,Millions USD_2010/yr,medce_eu,,,,-100.0,baseline_noce,2035.0,,,,,313657.6326123597,319762.7455424265
baseline_medce_eu,NDC+LTT,"Medium CE, EU",e,Global,Iron and steel,Iron and steel,2040,-3.8906562491802887,%,plotted,"[""Total Annualised Cost|Industry|Iron and Steel""]",fig08_sector_costs,,,,,,"[""AFE"", ""AFN"", ""AFW"", ""AFZ"", ""ANZ"", ""ASC"", ""ASE"", ""ASO"", ""BRA"", ""CAN"", ""CHL"", ""CHN"", ""ENE"", ""ENW"", ""EUE"", ""EUM"", ""EUW"", ""IDN"", ""IND"", ""JPN"", ""LAM"", ""MDA"", ""MEA"", ""MEX"", ""NIG"", ""RUS"", ""SKT"", ""USA""]",Annualised sector-cost change,,,100.0,491334.22107057995,Millions USD_2010/yr,511224.19724813633,Millions USD_2010/yr,medce_eu,,,,-100.0,baseline_noce,2040.0,,,,,491334.22107057995,511224.19724813633
baseline_medce_eu,NDC+LTT,"Medium CE, EU",e,Global,Iron and steel,Iron and steel,2050,-9.528160598261461,%,plotted,"[""Total Annualised Cost|Industry|Iron and Steel""]",fig08_sector_costs,,,,,,"[""AFE"", ""AFN"", ""AFW"", ""AFZ"", ""ANZ"", ""ASC"", ""ASE"", ""ASO"", ""BRA"", ""CAN"", ""CHL"", ""CHN"", ""ENE"", ""ENW"", ""EUE"", ""EUM"", ""EUW"", ""IDN"", ""IND"", ""JPN"", ""LAM"", ""MDA"", ""MEA"", ""MEX"", ""NIG"", ""RUS"", ""SKT"", ""USA""]",Annualised sector-cost change,,,100.0,641741.3846069238,Millions USD_2010/yr,709327.2214321663,Millions USD_2010/yr,medce_eu,,,,-100.0,baseline_noce,2050.0,,,,,641741.3846069238,709327.2214321663
baseline_highce_eu,NDC+LTT,"High CE, EU",e,Global,Iron and steel,Iron and steel,2019,0.0,%,context,"[""Total Annualised Cost|Industry|Iron and Steel""]",fig08_sector_costs,,,,,,"[""AFE"", ""AFN"", ""AFW"", ""AFZ"", ""ANZ"", ""ASC"", ""ASE"", ""ASO"", ""BRA"", ""CAN"", ""CHL"", ""CHN"", ""ENE"", ""ENW"", ""EUE"", ""EUM"", ""EUW"", ""IDN"", ""IND"", ""JPN"", ""LAM"", ""MDA"", ""MEA"", ""MEX"", ""NIG"", ""RUS"", ""SKT"", ""USA""]",Annualised sector-cost change,,,100.0,4959455.128965229,Millions USD_2010/yr,4959455.128965229,Millions USD_2010/yr,highce_eu,,,,-100.0,baseline_noce,2019.0,,,,,4959455.128965229,4959455.128965229
baseline_highce_eu,NDC+LTT,"High CE, EU",e,Global,Iron and steel,Iron and steel,2024,0.0,%,plotted,"[""Total Annualised Cost|Industry|Iron and Steel""]",fig08_sector_costs,,,,,,"[""AFE"", ""AFN"", ""AFW"", ""AFZ"", ""ANZ"", ""ASC"", ""ASE"", ""ASO"", ""BRA"", ""CAN"", ""CHL"", ""CHN"", ""ENE"", ""ENW"", ""EUE"", ""EUM"", ""EUW"", ""IDN"", ""IND"", ""JPN"", ""LAM"", ""MDA"", ""MEA"", ""MEX"", ""NIG"", ""RUS"", ""SKT"", ""USA""]",Annualised sector-cost change,,,100.0,201938.09721133878,Millions USD_2010/yr,201938.09721133878,Millions USD_2010/yr,highce_eu,,,,-100.0,baseline_noce,2024.0,,,,,201938.09721133878,201938.09721133878
baseline_highce_eu,NDC+LTT,"High CE, EU",e,Global,Iron and steel,Iron and steel,2030,-3.145475472394912,%,plotted,"[""Total Annualised Cost|Industry|Iron and Steel""]",fig08_sector_costs,,,,,,"[""AFE"", ""AFN"", ""AFW"", ""AFZ"", ""ANZ"", ""ASC"", ""ASE"", ""ASO"", ""BRA"", ""CAN"", ""CHL"", ""CHN"", ""ENE"", ""ENW"", ""EUE"", ""EUM"", ""EUW"", ""IDN"", ""IND"", ""JPN"", ""LAM"", ""MDA"", ""MEA"", ""MEX"", ""NIG"", ""RUS"", ""SKT"", ""USA""]",Annualised sector-cost change,,,100.0,286672.69077998213,Millions USD_2010/yr,295982.7557650916,Millions USD_2010/yr,highce_eu,,,,-100.0,baseline_noce,2030.0,,,,,286672.69077998213,295982.7557650916
baseline_highce_eu,NDC+LTT,"High CE, EU",e,Global,Iron and steel,Iron and steel,2035,-1.8897100157602764,%,plotted,"[""Total Annualised Cost|Industry|Iron and Steel""]",fig08_sector_costs,,,,,,"[""AFE"", ""AFN"", ""AFW"", ""AFZ"", ""ANZ"", ""ASC"", ""ASE"", ""ASO"", ""BRA"", ""CAN"", ""CHL"", ""CHN"", ""ENE"", ""ENW"", ""EUE"", ""EUM"", ""EUW"", ""IDN"", ""IND"", ""JPN"", ""LAM"", ""MDA"", ""MEA"", ""MEX"", ""NIG"", ""RUS"", ""SKT"", ""USA""]",Annualised sector-cost change,,,100.0,313720.1569132412,Millions USD_2010/yr,319762.7455424265,Millions USD_2010/yr,highce_eu,,,,-100.0,baseline_noce,2035.0,,,,,313720.1569132412,319762.7455424265
baseline_highce_eu,NDC+LTT,"High CE, EU",e,Global,Iron and steel,Iron and steel,2040,-3.931611975615338,%,plotted,"[""Total Annualised Cost|Industry|Iron and Steel""]",fig08_sector_costs,,,,,,"[""AFE"", ""AFN"", ""AFW"", ""AFZ"", ""ANZ"", ""ASC"", ""ASE"", ""ASO"", ""BRA"", ""CAN"", ""CHL"", ""CHN"", ""ENE"", ""ENW"", ""EUE"", ""EUM"", ""EUW"", ""IDN"", ""IND"", ""JPN"", ""LAM"", ""MDA"", ""MEA"", ""MEX"", ""NIG"", ""RUS"", ""SKT"", ""USA""]",Annualised sector-cost change,,,100.0,491124.8454868852,Millions USD_2010/yr,511224.19724813633,Millions USD_2010/yr,highce_eu,,,,-100.0,baseline_noce,2040.0,,,,,491124.8454868852,511224.19724813633
baseline_highce_eu,NDC+LTT,"High CE, EU",e,Global,Iron and steel,Iron and steel,2050,-9.639966907471436,%,plotted,"[""Total Annualised Cost|Industry|Iron and Steel""]",fig08_sector_costs,,,,,,"[""AFE"", ""AFN"", ""AFW"", ""AFZ"", ""ANZ"", ""ASC"", ""ASE"", ""ASO"", ""BRA"", ""CAN"", ""CHL"", ""CHN"", ""ENE"", ""ENW"", ""EUE"", ""EUM"", ""EUW"", ""IDN"", ""IND"", ""JPN"", ""LAM"", ""MDA"", ""MEA"", ""MEX"", ""NIG"", ""RUS"", ""SKT"", ""USA""]",Annualised sector-cost change,,,100.0,640948.3120204188,Millions USD_2010/yr,709327.2214321663,Millions USD_2010/yr,highce_eu,,,,-100.0,baseline_noce,2050.0,,,,,640948.3120204188,709327.2214321663
baseline_medce_gbl,NDC+LTT,"Medium CE, EU + partners",e,Global,Iron and steel,Iron and steel,2019,0.0,%,context,"[""Total Annualised Cost|Industry|Iron and Steel""]",fig08_sector_costs,,,,,,"[""AFE"", ""AFN"", ""AFW"", ""AFZ"", ""ANZ"", ""ASC"", ""ASE"", ""ASO"", ""BRA"", ""CAN"", ""CHL"", ""CHN"", ""ENE"", ""ENW"", ""EUE"", ""EUM"", ""EUW"", ""IDN"", ""IND"", ""JPN"", ""LAM"", ""MDA"", ""MEA"", ""MEX"", ""NIG"", ""RUS"", ""SKT"", ""USA""]",Annualised sector-cost change,,,100.0,4959455.128965229,Millions USD_2010/yr,4959455.128965229,Millions USD_2010/yr,medce_gbl,,,,-100.0,baseline_noce,2019.0,,,,,4959455.128965229,4959455.128965229
baseline_medce_gbl,NDC+LTT,"Medium CE, EU + partners",e,Global,Iron and steel,Iron and steel,2024,0.0,%,plotted,"[""Total Annualised Cost|Industry|Iron and Steel""]",fig08_sector_costs,,,,,,"[""AFE"", ""AFN"", ""AFW"", ""AFZ"", ""ANZ"", ""ASC"", ""ASE"", ""ASO"", ""BRA"", ""CAN"", ""CHL"", ""CHN"", ""ENE"", ""ENW"", ""EUE"", ""EUM"", ""EUW"", ""IDN"", ""IND"", ""JPN"", ""LAM"", ""MDA"", ""MEA"", ""MEX"", ""NIG"", ""RUS"", ""SKT"", ""USA""]",Annualised sector-cost change,,,100.0,201938.09721133878,Millions USD_2010/yr,201938.09721133878,Millions USD_2010/yr,medce_gbl,,,,-100.0,baseline_noce,2024.0,,,,,201938.09721133878,201938.09721133878
baseline_medce_gbl,NDC+LTT,"Medium CE, EU + partners",e,Global,Iron and steel,Iron and steel,2030,-22.178231859571113,%,plotted,"[""Total Annualised Cost|Industry|Iron and Steel""]",fig08_sector_costs,,,,,,"[""AFE"", ""AFN"", ""AFW"", ""AFZ"", ""ANZ"", ""ASC"", ""ASE"", ""ASO"", ""BRA"", ""CAN"", ""CHL"", ""CHN"", ""ENE"", ""ENW"", ""EUE"", ""EUM"", ""EUW"", ""IDN"", ""IND"", ""JPN"", ""LAM"", ""MDA"", ""MEA"", ""MEX"", ""NIG"", ""RUS"", ""SKT"", ""USA""]",Annualised sector-cost change,,,100.0,230339.01392716152,Millions USD_2010/yr,295982.7557650916,Millions USD_2010/yr,medce_gbl,,,,-100.0,baseline_noce,2030.0,,,,,230339.01392716152,295982.7557650916
baseline_medce_gbl,NDC+LTT,"Medium CE, EU + partners",e,Global,Iron and steel,Iron and steel,2035,-19.746985605028435,%,plotted,"[""Total Annualised Cost|Industry|Iron and Steel""]",fig08_sector_costs,,,,,,"[""AFE"", ""AFN"", ""AFW"", ""AFZ"", ""ANZ"", ""ASC"", ""ASE"", ""ASO"", ""BRA"", ""CAN"", ""CHL"", ""CHN"", ""ENE"", ""ENW"", ""EUE"", ""EUM"", ""EUW"", ""IDN"", ""IND"", ""JPN"", ""LAM"", ""MDA"", ""MEA"", ""MEX"", ""NIG"", ""RUS"", ""SKT"", ""USA""]",Annualised sector-cost change,,,100.0,256619.24220991982,Millions USD_2010/yr,319762.7455424265,Millions USD_2010/yr,medce_gbl,,,,-100.0,baseline_noce,2035.0,,,,,256619.24220991982,319762.7455424265
baseline_medce_gbl,NDC+LTT,"Medium CE, EU + partners",e,Global,Iron and steel,Iron and steel,2040,-25.410377536005026,%,plotted,"[""Total Annualised Cost|Industry|Iron and Steel""]",fig08_sector_costs,,,,,,"[""AFE"", ""AFN"", ""AFW"", ""AFZ"", ""ANZ"", ""ASC"", ""ASE"", ""ASO"", ""BRA"", ""CAN"", ""CHL"", ""CHN"", ""ENE"", ""ENW"", ""EUE"", ""EUM"", ""EUW"", ""IDN"", ""IND"", ""JPN"", ""LAM"", ""MDA"", ""MEA"", ""MEX"", ""NIG"", ""RUS"", ""SKT"", ""USA""]",Annualised sector-cost change,,,100.0,381320.1986719739,Millions USD_2010/yr,511224.19724813633,Millions USD_2010/yr,medce_gbl,,,,-100.0,baseline_noce,2040.0,,,,,381320.1986719739,511224.19724813633
baseline_medce_gbl,NDC+LTT,"Medium CE, EU + partners",e,Global,Iron and steel,Iron and steel,2050,-28.490169447447183,%,plotted,"[""Total Annualised Cost|Industry|Iron and Steel""]",fig08_sector_costs,,,,,,"[""AFE"", ""AFN"", ""AFW"", ""AFZ"", ""ANZ"", ""ASC"", ""ASE"", ""ASO"", ""BRA"", ""CAN"", ""CHL"", ""CHN"", ""ENE"", ""ENW"", ""EUE"", ""EUM"", ""EUW"", ""IDN"", ""IND"", ""JPN"", ""LAM"", ""MDA"", ""MEA"", ""MEX"", ""NIG"", ""RUS"", ""SKT"", ""USA""]",Annualised sector-cost change,,,100.0,507238.6941092732,Millions USD_2010/yr,709327.2214321663,Millions USD_2010/yr,medce_gbl,,,,-100.0,baseline_noce,2050.0,,,,,507238.6941092732,709327.2214321663
baseline_highce_gbl,NDC+LTT,"High CE, EU + partners",e,Global,Iron and steel,Iron and steel,2019,0.0,%,context,"[""Total Annualised Cost|Industry|Iron and Steel""]",fig08_sector_costs,,,,,,"[""AFE"", ""AFN"", ""AFW"", ""AFZ"", ""ANZ"", ""ASC"", ""ASE"", ""ASO"", ""BRA"", ""CAN"", ""CHL"", ""CHN"", ""ENE"", ""ENW"", ""EUE"", ""EUM"", ""EUW"", ""IDN"", ""IND"", ""JPN"", ""LAM"", ""MDA"", ""MEA"", ""MEX"", ""NIG"", ""RUS"", ""SKT"", ""USA""]",Annualised sector-cost change,,,100.0,4959455.128965229,Millions USD_2010/yr,4959455.128965229,Millions USD_2010/yr,highce_gbl,,,,-100.0,baseline_noce,2019.0,,,,,4959455.128965229,4959455.128965229
baseline_highce_gbl,NDC+LTT,"High CE, EU + partners",e,Global,Iron and steel,Iron and steel,2024,1.441225348690645e-14,%,plotted,"[""Total Annualised Cost|Industry|Iron and Steel""]",fig08_sector_costs,,,,,,"[""AFE"", ""AFN"", ""AFW"", ""AFZ"", ""ANZ"", ""ASC"", ""ASE"", ""ASO"", ""BRA"", ""CAN"", ""CHL"", ""CHN"", ""ENE"", ""ENW"", ""EUE"", ""EUM"", ""EUW"", ""IDN"", ""IND"", ""JPN"", ""LAM"", ""MDA"", ""MEA"", ""MEX"", ""NIG"", ""RUS"", ""SKT"", ""USA""]",Annualised sector-cost change,,,100.0,201938.0972113388,Millions USD_2010/yr,201938.09721133878,Millions USD_2010/yr,highce_gbl,,,,-100.0,baseline_noce,2024.0,,,,,201938.0972113388,201938.09721133878
baseline_highce_gbl,NDC+LTT,"High CE, EU + partners",e,Global,Iron and steel,Iron and steel,2030,-23.952921507819454,%,plotted,"[""Total Annualised Cost|Industry|Iron and Steel""]",fig08_sector_costs,,,,,,"[""AFE"", ""AFN"", ""AFW"", ""AFZ"", ""ANZ"", ""ASC"", ""ASE"", ""ASO"", ""BRA"", ""CAN"", ""CHL"", ""CHN"", ""ENE"", ""ENW"", ""EUE"", ""EUM"", ""EUW"", ""IDN"", ""IND"", ""JPN"", ""LAM"", ""MDA"", ""MEA"", ""MEX"", ""NIG"", ""RUS"", ""SKT"", ""USA""]",Annualised sector-cost change,,,100.0,225086.23859999827,Millions USD_2010/yr,295982.7557650916,Millions USD_2010/yr,highce_gbl,,,,-100.0,baseline_noce,2030.0,,,,,225086.23859999827,295982.7557650916
baseline_highce_gbl,NDC+LTT,"High CE, EU + partners",e,Global,Iron and steel,Iron and steel,2035,-22.267617796913587,%,plotted,"[""Total Annualised Cost|Industry|Iron and Steel""]",fig08_sector_costs,,,,,,"[""AFE"", ""AFN"", ""AFW"", ""AFZ"", ""ANZ"", ""ASC"", ""ASE"", ""ASO"", ""BRA"", ""CAN"", ""CHL"", ""CHN"", ""ENE"", ""ENW"", ""EUE"", ""EUM"", ""EUW"", ""IDN"", ""IND"", ""JPN"", ""LAM"", ""MDA"", ""MEA"", ""MEX"", ""NIG"", ""RUS"", ""SKT"", ""USA""]",Annualised sector-cost change,,,100.0,248559.19950812162,Millions USD_2010/yr,319762.7455424265,Millions USD_2010/yr,highce_gbl,,,,-100.0,baseline_noce,2035.0,,,,,248559.19950812162,319762.7455424265
baseline_highce_gbl,NDC+LTT,"High CE, EU + partners",e,Global,Iron and steel,Iron and steel,2040,-32.15302333063539,%,plotted,"[""Total Annualised Cost|Industry|Iron and Steel""]",fig08_sector_costs,,,,,,"[""AFE"", ""AFN"", ""AFW"", ""AFZ"", ""ANZ"", ""ASC"", ""ASE"", ""ASO"", ""BRA"", ""CAN"", ""CHL"", ""CHN"", ""ENE"", ""ENW"", ""EUE"", ""EUM"", ""EUW"", ""IDN"", ""IND"", ""JPN"", ""LAM"", ""MDA"", ""MEA"", ""MEX"", ""NIG"", ""RUS"", ""SKT"", ""USA""]",Annualised sector-cost change,,,100.0,346850.16183508956,Millions USD_2010/yr,511224.19724813633,Millions USD_2010/yr,highce_gbl,,,,-100.0,baseline_noce,2040.0,,,,,346850.16183508956,511224.19724813633
baseline_highce_gbl,NDC+LTT,"High CE, EU + partners",e,Global,Iron and steel,Iron and steel,2050,-41.52082575669176,%,plotted,"[""Total Annualised Cost|Industry|Iron and Steel""]",fig08_sector_costs,,,,,,"[""AFE"", ""AFN"", ""AFW"", ""AFZ"", ""ANZ"", ""ASC"", ""ASE"", ""ASO"", ""BRA"", ""CAN"", ""CHL"", ""CHN"", ""ENE"", ""ENW"", ""EUE"", ""EUM"", ""EUW"", ""IDN"", ""IND"", ""JPN"", ""LAM"", ""MDA"", ""MEA"", ""MEX"", ""NIG"", ""RUS"", ""SKT"", ""USA""]",Annualised sector-cost change,,,100.0,414808.7017765334,Millions USD_2010/yr,709327.2214321663,Millions USD_2010/yr,highce_gbl,,,,-100.0,baseline_noce,2050.0,,,,,414808.7017765334,709327.2214321663
baseline_noce,NDC+LTT,No CE,f,Global,Aluminium,Aluminium,2019,0.0,%,context,"[""Total Annualised Cost|Industry|Non-Ferrous Metals|Aluminum""]",fig08_sector_costs,,,,,,"[""AFE"", ""AFN"", ""AFW"", ""AFZ"", ""ANZ"", ""ASC"", ""ASE"", ""ASO"", ""BRA"", ""CAN"", ""CHL"", ""CHN"", ""ENE"", ""ENW"", ""EUE"", ""EUM"", ""EUW"", ""IDN"", ""IND"", ""JPN"", ""LAM"", ""MDA"", ""MEA"", ""MEX"", ""NIG"", ""RUS"", ""SKT"", ""USA""]",Annualised sector-cost change,,,100.0,25017.308460003063,Millions USD_2010/yr,25017.308460003063,Millions USD_2010/yr,noce,,,,-100.0,baseline_noce,2019.0,,,,,25017.308460003063,25017.308460003063
baseline_noce,NDC+LTT,No CE,f,Global,Aluminium,Aluminium,2024,0.0,%,plotted,"[""Total Annualised Cost|Industry|Non-Ferrous Metals|Aluminum""]",fig08_sector_costs,,,,,,"[""AFE"", ""AFN"", ""AFW"", ""AFZ"", ""ANZ"", ""ASC"", ""ASE"", ""ASO"", ""BRA"", ""CAN"", ""CHL"", ""CHN"", ""ENE"", ""ENW"", ""EUE"", ""EUM"", ""EUW"", ""IDN"", ""IND"", ""JPN"", ""LAM"", ""MDA"", ""MEA"", ""MEX"", ""NIG"", ""RUS"", ""SKT"", ""USA""]",Annualised sector-cost change,,,100.0,98177.01756529351,Millions USD_2010/yr,98177.01756529351,Millions USD_2010/yr,noce,,,,-100.0,baseline_noce,2024.0,,,,,98177.01756529351,98177.01756529351
baseline_noce,NDC+LTT,No CE,f,Global,Aluminium,Aluminium,2030,0.0,%,plotted,"[""Total Annualised Cost|Industry|Non-Ferrous Metals|Aluminum""]",fig08_sector_costs,,,,,,"[""AFE"", ""AFN"", ""AFW"", ""AFZ"", ""ANZ"", ""ASC"", ""ASE"", ""ASO"", ""BRA"", ""CAN"", ""CHL"", ""CHN"", ""ENE"", ""ENW"", ""EUE"", ""EUM"", ""EUW"", ""IDN"", ""IND"", ""JPN"", ""LAM"", ""MDA"", ""MEA"", ""MEX"", ""NIG"", ""RUS"", ""SKT"", ""USA""]",Annualised sector-cost change,,,100.0,188408.86133137334,Millions USD_2010/yr,188408.86133137334,Millions USD_2010/yr,noce,,,,-100.0,baseline_noce,2030.0,,,,,188408.86133137334,188408.86133137334
baseline_noce,NDC+LTT,No CE,f,Global,Aluminium,Aluminium,2035,0.0,%,plotted,"[""Total Annualised Cost|Industry|Non-Ferrous Metals|Aluminum""]",fig08_sector_costs,,,,,,"[""AFE"", ""AFN"", ""AFW"", ""AFZ"", ""ANZ"", ""ASC"", ""ASE"", ""ASO"", ""BRA"", ""CAN"", ""CHL"", ""CHN"", ""ENE"", ""ENW"", ""EUE"", ""EUM"", ""EUW"", ""IDN"", ""IND"", ""JPN"", ""LAM"", ""MDA"", ""MEA"", ""MEX"", ""NIG"", ""RUS"", ""SKT"", ""USA""]",Annualised sector-cost change,,,100.0,161632.351600966,Millions USD_2010/yr,161632.351600966,Millions USD_2010/yr,noce,,,,-100.0,baseline_noce,2035.0,,,,,161632.351600966,161632.351600966
baseline_noce,NDC+LTT,No CE,f,Global,Aluminium,Aluminium,2040,0.0,%,plotted,"[""Total Annualised Cost|Industry|Non-Ferrous Metals|Aluminum""]",fig08_sector_costs,,,,,,"[""AFE"", ""AFN"", ""AFW"", ""AFZ"", ""ANZ"", ""ASC"", ""ASE"", ""ASO"", ""BRA"", ""CAN"", ""CHL"", ""CHN"", ""ENE"", ""ENW"", ""EUE"", ""EUM"", ""EUW"", ""IDN"", ""IND"", ""JPN"", ""LAM"", ""MDA"", ""MEA"", ""MEX"", ""NIG"", ""RUS"", ""SKT"", ""USA""]",Annualised sector-cost change,,,100.0,229566.1253353859,Millions USD_2010/yr,229566.1253353859,Millions USD_2010/yr,noce,,,,-100.0,baseline_noce,2040.0,,,,,229566.1253353859,229566.1253353859
baseline_noce,NDC+LTT,No CE,f,Global,Aluminium,Aluminium,2050,0.0,%,plotted,"[""Total Annualised Cost|Industry|Non-Ferrous Metals|Aluminum""]",fig08_sector_costs,,,,,,"[""AFE"", ""AFN"", ""AFW"", ""AFZ"", ""ANZ"", ""ASC"", ""ASE"", ""ASO"", ""BRA"", ""CAN"", ""CHL"", ""CHN"", ""ENE"", ""ENW"", ""EUE"", ""EUM"", ""EUW"", ""IDN"", ""IND"", ""JPN"", ""LAM"", ""MDA"", ""MEA"", ""MEX"", ""NIG"", ""RUS"", ""SKT"", ""USA""]",Annualised sector-cost change,,,100.0,184475.09579221476,Millions USD_2010/yr,184475.09579221476,Millions USD_2010/yr,noce,,,,-100.0,baseline_noce,2050.0,,,,,184475.09579221476,184475.09579221476
baseline_medce_eu,NDC+LTT,"Medium CE, EU",f,Global,Aluminium,Aluminium,2019,0.0,%,context,"[""Total Annualised Cost|Industry|Non-Ferrous Metals|Aluminum""]",fig08_sector_costs,,,,,,"[""AFE"", ""AFN"", ""AFW"", ""AFZ"", ""ANZ"", ""ASC"", ""ASE"", ""ASO"", ""BRA"", ""CAN"", ""CHL"", ""CHN"", ""ENE"", ""ENW"", ""EUE"", ""EUM"", ""EUW"", ""IDN"", ""IND"", ""JPN"", ""LAM"", ""MDA"", ""MEA"", ""MEX"", ""NIG"", ""RUS"", ""SKT"", ""USA""]",Annualised sector-cost change,,,100.0,25017.308460003063,Millions USD_2010/yr,25017.308460003063,Millions USD_2010/yr,medce_eu,,,,-100.0,baseline_noce,2019.0,,,,,25017.308460003063,25017.308460003063
baseline_medce_eu,NDC+LTT,"Medium CE, EU",f,Global,Aluminium,Aluminium,2024,0.0,%,plotted,"[""Total Annualised Cost|Industry|Non-Ferrous Metals|Aluminum""]",fig08_sector_costs,,,,,,"[""AFE"", ""AFN"", ""AFW"", ""AFZ"", ""ANZ"", ""ASC"", ""ASE"", ""ASO"", ""BRA"", ""CAN"", ""CHL"", ""CHN"", ""ENE"", ""ENW"", ""EUE"", ""EUM"", ""EUW"", ""IDN"", ""IND"", ""JPN"", ""LAM"", ""MDA"", ""MEA"", ""MEX"", ""NIG"", ""RUS"", ""SKT"", ""USA""]",Annualised sector-cost change,,,100.0,98177.01756529351,Millions USD_2010/yr,98177.01756529351,Millions USD_2010/yr,medce_eu,,,,-100.0,baseline_noce,2024.0,,,,,98177.01756529351,98177.01756529351
baseline_medce_eu,NDC+LTT,"Medium CE, EU",f,Global,Aluminium,Aluminium,2030,0.03853930858212929,%,plotted,"[""Total Annualised Cost|Industry|Non-Ferrous Metals|Aluminum""]",fig08_sector_costs,,,,,,"[""AFE"", ""AFN"", ""AFW"", ""AFZ"", ""ANZ"", ""ASC"", ""ASE"", ""ASO"", ""BRA"", ""CAN"", ""CHL"", ""CHN"", ""ENE"", ""ENW"", ""EUE"", ""EUM"", ""EUW"", ""IDN"", ""IND"", ""JPN"", ""LAM"", ""MDA"", ""MEA"", ""MEX"", ""NIG"", ""RUS"", ""SKT"", ""USA""]",Annualised sector-cost change,,,100.0,188481.4728038379,Millions USD_2010/yr,188408.86133137334,Millions USD_2010/yr,medce_eu,,,,-100.0,baseline_noce,2030.0,,,,,188481.4728038379,188408.86133137334
baseline_medce_eu,NDC+LTT,"Medium CE, EU",f,Global,Aluminium,Aluminium,2035,1.0661168855989442,%,plotted,"[""Total Annualised Cost|Industry|Non-Ferrous Metals|Aluminum""]",fig08_sector_costs,,,,,,"[""AFE"", ""AFN"", ""AFW"", ""AFZ"", ""ANZ"", ""ASC"", ""ASE"", ""ASO"", ""BRA"", ""CAN"", ""CHL"", ""CHN"", ""ENE"", ""ENW"", ""EUE"", ""EUM"", ""EUW"", ""IDN"", ""IND"", ""JPN"", ""LAM"", ""MDA"", ""MEA"", ""MEX"", ""NIG"", ""RUS"", ""SKT"", ""USA""]",Annualised sector-cost change,,,100.0,163355.54139397456,Millions USD_2010/yr,161632.351600966,Millions USD_2010/yr,medce_eu,,,,-100.0,baseline_noce,2035.0,,,,,163355.54139397456,161632.351600966
baseline_medce_eu,NDC+LTT,"Medium CE, EU",f,Global,Aluminium,Aluminium,2040,-0.005001090253354549,%,plotted,"[""Total Annualised Cost|Industry|Non-Ferrous Metals|Aluminum""]",fig08_sector_costs,,,,,,"[""AFE"", ""AFN"", ""AFW"", ""AFZ"", ""ANZ"", ""ASC"", ""ASE"", ""ASO"", ""BRA"", ""CAN"", ""CHL"", ""CHN"", ""ENE"", ""ENW"", ""EUE"", ""EUM"", ""EUW"", ""IDN"", ""IND"", ""JPN"", ""LAM"", ""MDA"", ""MEA"", ""MEX"", ""NIG"", ""RUS"", ""SKT"", ""USA""]",Annualised sector-cost change,,,100.0,229554.64452626675,Millions USD_2010/yr,229566.1253353859,Millions USD_2010/yr,medce_eu,,,,-100.0,baseline_noce,2040.0,,,,,229554.64452626675,229566.1253353859
baseline_medce_eu,NDC+LTT,"Medium CE, EU",f,Global,Aluminium,Aluminium,2050,-1.1659778580205218,%,plotted,"[""Total Annualised Cost|Industry|Non-Ferrous Metals|Aluminum""]",fig08_sector_costs,,,,,,"[""AFE"", ""AFN"", ""AFW"", ""AFZ"", ""ANZ"", ""ASC"", ""ASE"", ""ASO"", ""BRA"", ""CAN"", ""CHL"", ""CHN"", ""ENE"", ""ENW"", ""EUE"", ""EUM"", ""EUW"", ""IDN"", ""IND"", ""JPN"", ""LAM"", ""MDA"", ""MEA"", ""MEX"", ""NIG"", ""RUS"", ""SKT"", ""USA""]",Annualised sector-cost change,,,100.0,182324.1570217154,Millions USD_2010/yr,184475.09579221476,Millions USD_2010/yr,medce_eu,,,,-100.0,baseline_noce,2050.0,,,,,182324.1570217154,184475.09579221476
baseline_highce_eu,NDC+LTT,"High CE, EU",f,Global,Aluminium,Aluminium,2019,0.0,%,context,"[""Total Annualised Cost|Industry|Non-Ferrous Metals|Aluminum""]",fig08_sector_costs,,,,,,"[""AFE"", ""AFN"", ""AFW"", ""AFZ"", ""ANZ"", ""ASC"", ""ASE"", ""ASO"", ""BRA"", ""CAN"", ""CHL"", ""CHN"", ""ENE"", ""ENW"", ""EUE"", ""EUM"", ""EUW"", ""IDN"", ""IND"", ""JPN"", ""LAM"", ""MDA"", ""MEA"", ""MEX"", ""NIG"", ""RUS"", ""SKT"", ""USA""]",Annualised sector-cost change,,,100.0,25017.308460003063,Millions USD_2010/yr,25017.308460003063,Millions USD_2010/yr,highce_eu,,,,-100.0,baseline_noce,2019.0,,,,,25017.308460003063,25017.308460003063
baseline_highce_eu,NDC+LTT,"High CE, EU",f,Global,Aluminium,Aluminium,2024,0.0,%,plotted,"[""Total Annualised Cost|Industry|Non-Ferrous Metals|Aluminum""]",fig08_sector_costs,,,,,,"[""AFE"", ""AFN"", ""AFW"", ""AFZ"", ""ANZ"", ""ASC"", ""ASE"", ""ASO"", ""BRA"", ""CAN"", ""CHL"", ""CHN"", ""ENE"", ""ENW"", ""EUE"", ""EUM"", ""EUW"", ""IDN"", ""IND"", ""JPN"", ""LAM"", ""MDA"", ""MEA"", ""MEX"", ""NIG"", ""RUS"", ""SKT"", ""USA""]",Annualised sector-cost change,,,100.0,98177.01756529351,Millions USD_2010/yr,98177.01756529351,Millions USD_2010/yr,highce_eu,,,,-100.0,baseline_noce,2024.0,,,,,98177.01756529351,98177.01756529351
baseline_highce_eu,NDC+LTT,"High CE, EU",f,Global,Aluminium,Aluminium,2030,-1.0074197339392952,%,plotted,"[""Total Annualised Cost|Industry|Non-Ferrous Metals|Aluminum""]",fig08_sector_costs,,,,,,"[""AFE"", ""AFN"", ""AFW"", ""AFZ"", ""ANZ"", ""ASC"", ""ASE"", ""ASO"", ""BRA"", ""CAN"", ""CHL"", ""CHN"", ""ENE"", ""ENW"", ""EUE"", ""EUM"", ""EUW"", ""IDN"", ""IND"", ""JPN"", ""LAM"", ""MDA"", ""MEA"", ""MEX"", ""NIG"", ""RUS"", ""SKT"", ""USA""]",Annualised sector-cost change,,,100.0,186510.79328183076,Millions USD_2010/yr,188408.86133137334,Millions USD_2010/yr,highce_eu,,,,-100.0,baseline_noce,2030.0,,,,,186510.79328183076,188408.86133137334
baseline_highce_eu,NDC+LTT,"High CE, EU",f,Global,Aluminium,Aluminium,2035,-0.1324921853035113,%,plotted,"[""Total Annualised Cost|Industry|Non-Ferrous Metals|Aluminum""]",fig08_sector_costs,,,,,,"[""AFE"", ""AFN"", ""AFW"", ""AFZ"", ""ANZ"", ""ASC"", ""ASE"", ""ASO"", ""BRA"", ""CAN"", ""CHL"", ""CHN"", ""ENE"", ""ENW"", ""EUE"", ""EUM"", ""EUW"", ""IDN"", ""IND"", ""JPN"", ""LAM"", ""MDA"", ""MEA"", ""MEX"", ""NIG"", ""RUS"", ""SKT"", ""USA""]",Annualised sector-cost change,,,100.0,161418.20136617243,Millions USD_2010/yr,161632.351600966,Millions USD_2010/yr,highce_eu,,,,-100.0,baseline_noce,2035.0,,,,,161418.20136617243,161632.351600966
baseline_highce_eu,NDC+LTT,"High CE, EU",f,Global,Aluminium,Aluminium,2040,-1.0703232522495252,%,plotted,"[""Total Annualised Cost|Industry|Non-Ferrous Metals|Aluminum""]",fig08_sector_costs,,,,,,"[""AFE"", ""AFN"", ""AFW"", ""AFZ"", ""ANZ"", ""ASC"", ""ASE"", ""ASO"", ""BRA"", ""CAN"", ""CHL"", ""CHN"", ""ENE"", ""ENW"", ""EUE"", ""EUM"", ""EUW"", ""IDN"", ""IND"", ""JPN"", ""LAM"", ""MDA"", ""MEA"", ""MEX"", ""NIG"", ""RUS"", ""SKT"", ""USA""]",Annualised sector-cost change,,,100.0,227109.02571663298,Millions USD_2010/yr,229566.1253353859,Millions USD_2010/yr,highce_eu,,,,-100.0,baseline_noce,2040.0,,,,,227109.02571663298,229566.1253353859
baseline_highce_eu,NDC+LTT,"High CE, EU",f,Global,Aluminium,Aluminium,2050,-2.8676669562777124,%,plotted,"[""Total Annualised Cost|Industry|Non-Ferrous Metals|Aluminum""]",fig08_sector_costs,,,,,,"[""AFE"", ""AFN"", ""AFW"", ""AFZ"", ""ANZ"", ""ASC"", ""ASE"", ""ASO"", ""BRA"", ""CAN"", ""CHL"", ""CHN"", ""ENE"", ""ENW"", ""EUE"", ""EUM"", ""EUW"", ""IDN"", ""IND"", ""JPN"", ""LAM"", ""MDA"", ""MEA"", ""MEX"", ""NIG"", ""RUS"", ""SKT"", ""USA""]",Annualised sector-cost change,,,100.0,179184.96442761977,Millions USD_2010/yr,184475.09579221476,Millions USD_2010/yr,highce_eu,,,,-100.0,baseline_noce,2050.0,,,,,179184.96442761977,184475.09579221476
baseline_medce_gbl,NDC+LTT,"Medium CE, EU + partners",f,Global,Aluminium,Aluminium,2019,0.0,%,context,"[""Total Annualised Cost|Industry|Non-Ferrous Metals|Aluminum""]",fig08_sector_costs,,,,,,"[""AFE"", ""AFN"", ""AFW"", ""AFZ"", ""ANZ"", ""ASC"", ""ASE"", ""ASO"", ""BRA"", ""CAN"", ""CHL"", ""CHN"", ""ENE"", ""ENW"", ""EUE"", ""EUM"", ""EUW"", ""IDN"", ""IND"", ""JPN"", ""LAM"", ""MDA"", ""MEA"", ""MEX"", ""NIG"", ""RUS"", ""SKT"", ""USA""]",Annualised sector-cost change,,,100.0,25017.308460003063,Millions USD_2010/yr,25017.308460003063,Millions USD_2010/yr,medce_gbl,,,,-100.0,baseline_noce,2019.0,,,,,25017.308460003063,25017.308460003063
baseline_medce_gbl,NDC+LTT,"Medium CE, EU + partners",f,Global,Aluminium,Aluminium,2024,0.0,%,plotted,"[""Total Annualised Cost|Industry|Non-Ferrous Metals|Aluminum""]",fig08_sector_costs,,,,,,"[""AFE"", ""AFN"", ""AFW"", ""AFZ"", ""ANZ"", ""ASC"", ""ASE"", ""ASO"", ""BRA"", ""CAN"", ""CHL"", ""CHN"", ""ENE"", ""ENW"", ""EUE"", ""EUM"", ""EUW"", ""IDN"", ""IND"", ""JPN"", ""LAM"", ""MDA"", ""MEA"", ""MEX"", ""NIG"", ""RUS"", ""SKT"", ""USA""]",Annualised sector-cost change,,,100.0,98177.01756529351,Millions USD_2010/yr,98177.01756529351,Millions USD_2010/yr,medce_gbl,,,,-100.0,baseline_noce,2024.0,,,,,98177.01756529351,98177.01756529351
baseline_medce_gbl,NDC+LTT,"Medium CE, EU + partners",f,Global,Aluminium,Aluminium,2030,-15.856800051330985,%,plotted,"[""Total Annualised Cost|Industry|Non-Ferrous Metals|Aluminum""]",fig08_sector_costs,,,,,,"[""AFE"", ""AFN"", ""AFW"", ""AFZ"", ""ANZ"", ""ASC"", ""ASE"", ""ASO"", ""BRA"", ""CAN"", ""CHL"", ""CHN"", ""ENE"", ""ENW"", ""EUE"", ""EUM"", ""EUW"", ""IDN"", ""IND"", ""JPN"", ""LAM"", ""MDA"", ""MEA"", ""MEX"", ""NIG"", ""RUS"", ""SKT"", ""USA""]",Annualised sector-cost change,,,100.0,158533.244911068,Millions USD_2010/yr,188408.86133137334,Millions USD_2010/yr,medce_gbl,,,,-100.0,baseline_noce,2030.0,,,,,158533.244911068,188408.86133137334
baseline_medce_gbl,NDC+LTT,"Medium CE, EU + partners",f,Global,Aluminium,Aluminium,2035,-14.163923014477831,%,plotted,"[""Total Annualised Cost|Industry|Non-Ferrous Metals|Aluminum""]",fig08_sector_costs,,,,,,"[""AFE"", ""AFN"", ""AFW"", ""AFZ"", ""ANZ"", ""ASC"", ""ASE"", ""ASO"", ""BRA"", ""CAN"", ""CHL"", ""CHN"", ""ENE"", ""ENW"", ""EUE"", ""EUM"", ""EUW"", ""IDN"", ""IND"", ""JPN"", ""LAM"", ""MDA"", ""MEA"", ""MEX"", ""NIG"", ""RUS"", ""SKT"", ""USA""]",Annualised sector-cost change,,,100.0,138738.86975371506,Millions USD_2010/yr,161632.351600966,Millions USD_2010/yr,medce_gbl,,,,-100.0,baseline_noce,2035.0,,,,,138738.86975371506,161632.351600966
baseline_medce_gbl,NDC+LTT,"Medium CE, EU + partners",f,Global,Aluminium,Aluminium,2040,-19.473339622085664,%,plotted,"[""Total Annualised Cost|Industry|Non-Ferrous Metals|Aluminum""]",fig08_sector_costs,,,,,,"[""AFE"", ""AFN"", ""AFW"", ""AFZ"", ""ANZ"", ""ASC"", ""ASE"", ""ASO"", ""BRA"", ""CAN"", ""CHL"", ""CHN"", ""ENE"", ""ENW"", ""EUE"", ""EUM"", ""EUW"", ""IDN"", ""IND"", ""JPN"", ""LAM"", ""MDA"", ""MEA"", ""MEX"", ""NIG"", ""RUS"", ""SKT"", ""USA""]",Annualised sector-cost change,,,100.0,184861.93409156337,Millions USD_2010/yr,229566.1253353859,Millions USD_2010/yr,medce_gbl,,,,-100.0,baseline_noce,2040.0,,,,,184861.93409156337,229566.1253353859
baseline_medce_gbl,NDC+LTT,"Medium CE, EU + partners",f,Global,Aluminium,Aluminium,2050,-20.52943804553783,%,plotted,"[""Total Annualised Cost|Industry|Non-Ferrous Metals|Aluminum""]",fig08_sector_costs,,,,,,"[""AFE"", ""AFN"", ""AFW"", ""AFZ"", ""ANZ"", ""ASC"", ""ASE"", ""ASO"", ""BRA"", ""CAN"", ""CHL"", ""CHN"", ""ENE"", ""ENW"", ""EUE"", ""EUM"", ""EUW"", ""IDN"", ""IND"", ""JPN"", ""LAM"", ""MDA"", ""MEA"", ""MEX"", ""NIG"", ""RUS"", ""SKT"", ""USA""]",Annualised sector-cost change,,,100.0,146603.39529210547,Millions USD_2010/yr,184475.09579221476,Millions USD_2010/yr,medce_gbl,,,,-100.0,baseline_noce,2050.0,,,,,146603.39529210547,184475.09579221476
baseline_highce_gbl,NDC+LTT,"High CE, EU + partners",f,Global,Aluminium,Aluminium,2019,0.0,%,context,"[""Total Annualised Cost|Industry|Non-Ferrous Metals|Aluminum""]",fig08_sector_costs,,,,,,"[""AFE"", ""AFN"", ""AFW"", ""AFZ"", ""ANZ"", ""ASC"", ""ASE"", ""ASO"", ""BRA"", ""CAN"", ""CHL"", ""CHN"", ""ENE"", ""ENW"", ""EUE"", ""EUM"", ""EUW"", ""IDN"", ""IND"", ""JPN"", ""LAM"", ""MDA"", ""MEA"", ""MEX"", ""NIG"", ""RUS"", ""SKT"", ""USA""]",Annualised sector-cost change,,,100.0,25017.308460003063,Millions USD_2010/yr,25017.308460003063,Millions USD_2010/yr,highce_gbl,,,,-100.0,baseline_noce,2019.0,,,,,25017.308460003063,25017.308460003063
baseline_highce_gbl,NDC+LTT,"High CE, EU + partners",f,Global,Aluminium,Aluminium,2024,0.0,%,plotted,"[""Total Annualised Cost|Industry|Non-Ferrous Metals|Aluminum""]",fig08_sector_costs,,,,,,"[""AFE"", ""AFN"", ""AFW"", ""AFZ"", ""ANZ"", ""ASC"", ""ASE"", ""ASO"", ""BRA"", ""CAN"", ""CHL"", ""CHN"", ""ENE"", ""ENW"", ""EUE"", ""EUM"", ""EUW"", ""IDN"", ""IND"", ""JPN"", ""LAM"", ""MDA"", ""MEA"", ""MEX"", ""NIG"", ""RUS"", ""SKT"", ""USA""]",Annualised sector-cost change,,,100.0,98177.01756529351,Millions USD_2010/yr,98177.01756529351,Millions USD_2010/yr,highce_gbl,,,,-100.0,baseline_noce,2024.0,,,,,98177.01756529351,98177.01756529351
baseline_highce_gbl,NDC+LTT,"High CE, EU + partners",f,Global,Aluminium,Aluminium,2030,-24.231710156626,%,plotted,"[""Total Annualised Cost|Industry|Non-Ferrous Metals|Aluminum""]",fig08_sector_costs,,,,,,"[""AFE"", ""AFN"", ""AFW"", ""AFZ"", ""ANZ"", ""ASC"", ""ASE"", ""ASO"", ""BRA"", ""CAN"", ""CHL"", ""CHN"", ""ENE"", ""ENW"", ""EUE"", ""EUM"", ""EUW"", ""IDN"", ""IND"", ""JPN"", ""LAM"", ""MDA"", ""MEA"", ""MEX"", ""NIG"", ""RUS"", ""SKT"", ""USA""]",Annualised sector-cost change,,,100.0,142754.17214415554,Millions USD_2010/yr,188408.86133137334,Millions USD_2010/yr,highce_gbl,,,,-100.0,baseline_noce,2030.0,,,,,142754.17214415554,188408.86133137334
baseline_highce_gbl,NDC+LTT,"High CE, EU + partners",f,Global,Aluminium,Aluminium,2035,-26.128059050053736,%,plotted,"[""Total Annualised Cost|Industry|Non-Ferrous Metals|Aluminum""]",fig08_sector_costs,,,,,,"[""AFE"", ""AFN"", ""AFW"", ""AFZ"", ""ANZ"", ""ASC"", ""ASE"", ""ASO"", ""BRA"", ""CAN"", ""CHL"", ""CHN"", ""ENE"", ""ENW"", ""EUE"", ""EUM"", ""EUW"", ""IDN"", ""IND"", ""JPN"", ""LAM"", ""MDA"", ""MEA"", ""MEX"", ""NIG"", ""RUS"", ""SKT"", ""USA""]",Annualised sector-cost change,,,100.0,119400.95533067513,Millions USD_2010/yr,161632.351600966,Millions USD_2010/yr,highce_gbl,,,,-100.0,baseline_noce,2035.0,,,,,119400.95533067513,161632.351600966
baseline_highce_gbl,NDC+LTT,"High CE, EU + partners",f,Global,Aluminium,Aluminium,2040,-34.53561204080609,%,plotted,"[""Total Annualised Cost|Industry|Non-Ferrous Metals|Aluminum""]",fig08_sector_costs,,,,,,"[""AFE"", ""AFN"", ""AFW"", ""AFZ"", ""ANZ"", ""ASC"", ""ASE"", ""ASO"", ""BRA"", ""CAN"", ""CHL"", ""CHN"", ""ENE"", ""ENW"", ""EUE"", ""EUM"", ""EUW"", ""IDN"", ""IND"", ""JPN"", ""LAM"", ""MDA"", ""MEA"", ""MEX"", ""NIG"", ""RUS"", ""SKT"", ""USA""]",Annualised sector-cost change,,,100.0,150284.05891244637,Millions USD_2010/yr,229566.1253353859,Millions USD_2010/yr,highce_gbl,,,,-100.0,baseline_noce,2040.0,,,,,150284.05891244637,229566.1253353859
baseline_highce_gbl,NDC+LTT,"High CE, EU + partners",f,Global,Aluminium,Aluminium,2050,-40.83080782046333,%,plotted,"[""Total Annualised Cost|Industry|Non-Ferrous Metals|Aluminum""]",fig08_sector_costs,,,,,,"[""AFE"", ""AFN"", ""AFW"", ""AFZ"", ""ANZ"", ""ASC"", ""ASE"", ""ASO"", ""BRA"", ""CAN"", ""CHL"", ""CHN"", ""ENE"", ""ENW"", ""EUE"", ""EUM"", ""EUW"", ""IDN"", ""IND"", ""JPN"", ""LAM"", ""MDA"", ""MEA"", ""MEX"", ""NIG"", ""RUS"", ""SKT"", ""USA""]",Annualised sector-cost change,,,100.0,109152.42395267992,Millions USD_2010/yr,184475.09579221476,Millions USD_2010/yr,highce_gbl,,,,-100.0,baseline_noce,2050.0,,,,,109152.42395267992,184475.09579221476
