Scenario,ClimatePathway,CE,Panel,Scope,Sector,Series,Metric,Policy,Year,Value,Unit,Role,SourceRegions,SourceVariables,Numerator,NumeratorUnit,Denominator,DenominatorUnit,ConversionFactor,Offset,ScenarioCost,ReferenceCost,ReferenceScenario,ReferenceYear
ndc_noce,NDC,No CE,a,Global,Cement,Cement,Annualised sector-cost change,noce,2019,0.0,%,context,"[""AFE"", ""AFN"", ""AFW"", ""AFZ"", ""ANZ"", ""ASC"", ""ASE"", ""ASO"", ""BRA"", ""CAN"", ""CHL"", ""CHN"", ""ENE"", ""ENW"", ""EUE"", ""EUM"", ""EUW"", ""IDN"", ""IND"", ""JPN"", ""LAM"", ""MDA"", ""MEA"", ""MEX"", ""NIG"", ""RUS"", ""SKT"", ""USA""]","[""Total Annualised Cost|Industry|Non-Metallic Minerals|Cement""]",104605.06988172908,Millions USD_2010/yr,104605.06988172908,Millions USD_2010/yr,100.0,-100.0,104605.06988172908,104605.06988172908,ndc_noce,2019
ndc_noce,NDC,No CE,a,Global,Cement,Cement,Annualised sector-cost change,noce,2024,0.0,%,plotted,"[""AFE"", ""AFN"", ""AFW"", ""AFZ"", ""ANZ"", ""ASC"", ""ASE"", ""ASO"", ""BRA"", ""CAN"", ""CHL"", ""CHN"", ""ENE"", ""ENW"", ""EUE"", ""EUM"", ""EUW"", ""IDN"", ""IND"", ""JPN"", ""LAM"", ""MDA"", ""MEA"", ""MEX"", ""NIG"", ""RUS"", ""SKT"", ""USA""]","[""Total Annualised Cost|Industry|Non-Metallic Minerals|Cement""]",178886.34915972987,Millions USD_2010/yr,178886.34915972987,Millions USD_2010/yr,100.0,-100.0,178886.34915972987,178886.34915972987,ndc_noce,2024
ndc_noce,NDC,No CE,a,Global,Cement,Cement,Annualised sector-cost change,noce,2030,0.0,%,plotted,"[""AFE"", ""AFN"", ""AFW"", ""AFZ"", ""ANZ"", ""ASC"", ""ASE"", ""ASO"", ""BRA"", ""CAN"", ""CHL"", ""CHN"", ""ENE"", ""ENW"", ""EUE"", ""EUM"", ""EUW"", ""IDN"", ""IND"", ""JPN"", ""LAM"", ""MDA"", ""MEA"", ""MEX"", ""NIG"", ""RUS"", ""SKT"", ""USA""]","[""Total Annualised Cost|Industry|Non-Metallic Minerals|Cement""]",336613.91294805164,Millions USD_2010/yr,336613.91294805164,Millions USD_2010/yr,100.0,-100.0,336613.91294805164,336613.91294805164,ndc_noce,2030
ndc_noce,NDC,No CE,a,Global,Cement,Cement,Annualised sector-cost change,noce,2035,0.0,%,plotted,"[""AFE"", ""AFN"", ""AFW"", ""AFZ"", ""ANZ"", ""ASC"", ""ASE"", ""ASO"", ""BRA"", ""CAN"", ""CHL"", ""CHN"", ""ENE"", ""ENW"", ""EUE"", ""EUM"", ""EUW"", ""IDN"", ""IND"", ""JPN"", ""LAM"", ""MDA"", ""MEA"", ""MEX"", ""NIG"", ""RUS"", ""SKT"", ""USA""]","[""Total Annualised Cost|Industry|Non-Metallic Minerals|Cement""]",413816.35511015635,Millions USD_2010/yr,413816.35511015635,Millions USD_2010/yr,100.0,-100.0,413816.35511015635,413816.35511015635,ndc_noce,2035
ndc_noce,NDC,No CE,a,Global,Cement,Cement,Annualised sector-cost change,noce,2040,0.0,%,plotted,"[""AFE"", ""AFN"", ""AFW"", ""AFZ"", ""ANZ"", ""ASC"", ""ASE"", ""ASO"", ""BRA"", ""CAN"", ""CHL"", ""CHN"", ""ENE"", ""ENW"", ""EUE"", ""EUM"", ""EUW"", ""IDN"", ""IND"", ""JPN"", ""LAM"", ""MDA"", ""MEA"", ""MEX"", ""NIG"", ""RUS"", ""SKT"", ""USA""]","[""Total Annualised Cost|Industry|Non-Metallic Minerals|Cement""]",544314.6726880135,Millions USD_2010/yr,544314.6726880135,Millions USD_2010/yr,100.0,-100.0,544314.6726880135,544314.6726880135,ndc_noce,2040
ndc_noce,NDC,No CE,a,Global,Cement,Cement,Annualised sector-cost change,noce,2050,0.0,%,plotted,"[""AFE"", ""AFN"", ""AFW"", ""AFZ"", ""ANZ"", ""ASC"", ""ASE"", ""ASO"", ""BRA"", ""CAN"", ""CHL"", ""CHN"", ""ENE"", ""ENW"", ""EUE"", ""EUM"", ""EUW"", ""IDN"", ""IND"", ""JPN"", ""LAM"", ""MDA"", ""MEA"", ""MEX"", ""NIG"", ""RUS"", ""SKT"", ""USA""]","[""Total Annualised Cost|Industry|Non-Metallic Minerals|Cement""]",730664.7060288142,Millions USD_2010/yr,730664.7060288142,Millions USD_2010/yr,100.0,-100.0,730664.7060288142,730664.7060288142,ndc_noce,2050
ndc_medce_eu,NDC,"Medium CE, EU",a,Global,Cement,Cement,Annualised sector-cost change,medce_eu,2019,0.0,%,context,"[""AFE"", ""AFN"", ""AFW"", ""AFZ"", ""ANZ"", ""ASC"", ""ASE"", ""ASO"", ""BRA"", ""CAN"", ""CHL"", ""CHN"", ""ENE"", ""ENW"", ""EUE"", ""EUM"", ""EUW"", ""IDN"", ""IND"", ""JPN"", ""LAM"", ""MDA"", ""MEA"", ""MEX"", ""NIG"", ""RUS"", ""SKT"", ""USA""]","[""Total Annualised Cost|Industry|Non-Metallic Minerals|Cement""]",104605.06988172908,Millions USD_2010/yr,104605.06988172908,Millions USD_2010/yr,100.0,-100.0,104605.06988172908,104605.06988172908,ndc_noce,2019
ndc_medce_eu,NDC,"Medium CE, EU",a,Global,Cement,Cement,Annualised sector-cost change,medce_eu,2024,0.0,%,plotted,"[""AFE"", ""AFN"", ""AFW"", ""AFZ"", ""ANZ"", ""ASC"", ""ASE"", ""ASO"", ""BRA"", ""CAN"", ""CHL"", ""CHN"", ""ENE"", ""ENW"", ""EUE"", ""EUM"", ""EUW"", ""IDN"", ""IND"", ""JPN"", ""LAM"", ""MDA"", ""MEA"", ""MEX"", ""NIG"", ""RUS"", ""SKT"", ""USA""]","[""Total Annualised Cost|Industry|Non-Metallic Minerals|Cement""]",178886.34915972987,Millions USD_2010/yr,178886.34915972987,Millions USD_2010/yr,100.0,-100.0,178886.34915972987,178886.34915972987,ndc_noce,2024
ndc_medce_eu,NDC,"Medium CE, EU",a,Global,Cement,Cement,Annualised sector-cost change,medce_eu,2030,-0.09769959370313196,%,plotted,"[""AFE"", ""AFN"", ""AFW"", ""AFZ"", ""ANZ"", ""ASC"", ""ASE"", ""ASO"", ""BRA"", ""CAN"", ""CHL"", ""CHN"", ""ENE"", ""ENW"", ""EUE"", ""EUM"", ""EUW"", ""IDN"", ""IND"", ""JPN"", ""LAM"", ""MDA"", ""MEA"", ""MEX"", ""NIG"", ""RUS"", ""SKT"", ""USA""]","[""Total Annualised Cost|Industry|Non-Metallic Minerals|Cement""]",336285.0425227532,Millions USD_2010/yr,336613.91294805164,Millions USD_2010/yr,100.0,-100.0,336285.0425227532,336613.91294805164,ndc_noce,2030
ndc_medce_eu,NDC,"Medium CE, EU",a,Global,Cement,Cement,Annualised sector-cost change,medce_eu,2035,-0.9289308025433521,%,plotted,"[""AFE"", ""AFN"", ""AFW"", ""AFZ"", ""ANZ"", ""ASC"", ""ASE"", ""ASO"", ""BRA"", ""CAN"", ""CHL"", ""CHN"", ""ENE"", ""ENW"", ""EUE"", ""EUM"", ""EUW"", ""IDN"", ""IND"", ""JPN"", ""LAM"", ""MDA"", ""MEA"", ""MEX"", ""NIG"", ""RUS"", ""SKT"", ""USA""]","[""Total Annualised Cost|Industry|Non-Metallic Minerals|Cement""]",409972.2875215759,Millions USD_2010/yr,413816.35511015635,Millions USD_2010/yr,100.0,-100.0,409972.2875215759,413816.35511015635,ndc_noce,2035
ndc_medce_eu,NDC,"Medium CE, EU",a,Global,Cement,Cement,Annualised sector-cost change,medce_eu,2040,-1.0421315866714076,%,plotted,"[""AFE"", ""AFN"", ""AFW"", ""AFZ"", ""ANZ"", ""ASC"", ""ASE"", ""ASO"", ""BRA"", ""CAN"", ""CHL"", ""CHN"", ""ENE"", ""ENW"", ""EUE"", ""EUM"", ""EUW"", ""IDN"", ""IND"", ""JPN"", ""LAM"", ""MDA"", ""MEA"", ""MEX"", ""NIG"", ""RUS"", ""SKT"", ""USA""]","[""Total Annualised Cost|Industry|Non-Metallic Minerals|Cement""]",538642.1975530447,Millions USD_2010/yr,544314.6726880135,Millions USD_2010/yr,100.0,-100.0,538642.1975530447,544314.6726880135,ndc_noce,2040
ndc_medce_eu,NDC,"Medium CE, EU",a,Global,Cement,Cement,Annualised sector-cost change,medce_eu,2050,-1.3087893818777767,%,plotted,"[""AFE"", ""AFN"", ""AFW"", ""AFZ"", ""ANZ"", ""ASC"", ""ASE"", ""ASO"", ""BRA"", ""CAN"", ""CHL"", ""CHN"", ""ENE"", ""ENW"", ""EUE"", ""EUM"", ""EUW"", ""IDN"", ""IND"", ""JPN"", ""LAM"", ""MDA"", ""MEA"", ""MEX"", ""NIG"", ""RUS"", ""SKT"", ""USA""]","[""Total Annualised Cost|Industry|Non-Metallic Minerals|Cement""]",721101.8439391806,Millions USD_2010/yr,730664.7060288142,Millions USD_2010/yr,100.0,-100.0,721101.8439391806,730664.7060288142,ndc_noce,2050
ndc_highce_eu,NDC,"High CE, EU",a,Global,Cement,Cement,Annualised sector-cost change,highce_eu,2019,0.0,%,context,"[""AFE"", ""AFN"", ""AFW"", ""AFZ"", ""ANZ"", ""ASC"", ""ASE"", ""ASO"", ""BRA"", ""CAN"", ""CHL"", ""CHN"", ""ENE"", ""ENW"", ""EUE"", ""EUM"", ""EUW"", ""IDN"", ""IND"", ""JPN"", ""LAM"", ""MDA"", ""MEA"", ""MEX"", ""NIG"", ""RUS"", ""SKT"", ""USA""]","[""Total Annualised Cost|Industry|Non-Metallic Minerals|Cement""]",104605.06988172908,Millions USD_2010/yr,104605.06988172908,Millions USD_2010/yr,100.0,-100.0,104605.06988172908,104605.06988172908,ndc_noce,2019
ndc_highce_eu,NDC,"High CE, EU",a,Global,Cement,Cement,Annualised sector-cost change,highce_eu,2024,0.0,%,plotted,"[""AFE"", ""AFN"", ""AFW"", ""AFZ"", ""ANZ"", ""ASC"", ""ASE"", ""ASO"", ""BRA"", ""CAN"", ""CHL"", ""CHN"", ""ENE"", ""ENW"", ""EUE"", ""EUM"", ""EUW"", ""IDN"", ""IND"", ""JPN"", ""LAM"", ""MDA"", ""MEA"", ""MEX"", ""NIG"", ""RUS"", ""SKT"", ""USA""]","[""Total Annualised Cost|Industry|Non-Metallic Minerals|Cement""]",178886.34915972987,Millions USD_2010/yr,178886.34915972987,Millions USD_2010/yr,100.0,-100.0,178886.34915972987,178886.34915972987,ndc_noce,2024
ndc_highce_eu,NDC,"High CE, EU",a,Global,Cement,Cement,Annualised sector-cost change,highce_eu,2030,-0.6461600992868777,%,plotted,"[""AFE"", ""AFN"", ""AFW"", ""AFZ"", ""ANZ"", ""ASC"", ""ASE"", ""ASO"", ""BRA"", ""CAN"", ""CHL"", ""CHN"", ""ENE"", ""ENW"", ""EUE"", ""EUM"", ""EUW"", ""IDN"", ""IND"", ""JPN"", ""LAM"", ""MDA"", ""MEA"", ""MEX"", ""NIG"", ""RUS"", ""SKT"", ""USA""]","[""Total Annualised Cost|Industry|Non-Metallic Minerals|Cement""]",334438.84815393307,Millions USD_2010/yr,336613.91294805164,Millions USD_2010/yr,100.0,-100.0,334438.84815393307,336613.91294805164,ndc_noce,2030
ndc_highce_eu,NDC,"High CE, EU",a,Global,Cement,Cement,Annualised sector-cost change,highce_eu,2035,-1.4386720270794844,%,plotted,"[""AFE"", ""AFN"", ""AFW"", ""AFZ"", ""ANZ"", ""ASC"", ""ASE"", ""ASO"", ""BRA"", ""CAN"", ""CHL"", ""CHN"", ""ENE"", ""ENW"", ""EUE"", ""EUM"", ""EUW"", ""IDN"", ""IND"", ""JPN"", ""LAM"", ""MDA"", ""MEA"", ""MEX"", ""NIG"", ""RUS"", ""SKT"", ""USA""]","[""Total Annualised Cost|Industry|Non-Metallic Minerals|Cement""]",407862.8949657066,Millions USD_2010/yr,413816.35511015635,Millions USD_2010/yr,100.0,-100.0,407862.8949657066,413816.35511015635,ndc_noce,2035
ndc_highce_eu,NDC,"High CE, EU",a,Global,Cement,Cement,Annualised sector-cost change,highce_eu,2040,-1.5510056978380604,%,plotted,"[""AFE"", ""AFN"", ""AFW"", ""AFZ"", ""ANZ"", ""ASC"", ""ASE"", ""ASO"", ""BRA"", ""CAN"", ""CHL"", ""CHN"", ""ENE"", ""ENW"", ""EUE"", ""EUM"", ""EUW"", ""IDN"", ""IND"", ""JPN"", ""LAM"", ""MDA"", ""MEA"", ""MEX"", ""NIG"", ""RUS"", ""SKT"", ""USA""]","[""Total Annualised Cost|Industry|Non-Metallic Minerals|Cement""]",535872.3211004538,Millions USD_2010/yr,544314.6726880135,Millions USD_2010/yr,100.0,-100.0,535872.3211004538,544314.6726880135,ndc_noce,2040
ndc_highce_eu,NDC,"High CE, EU",a,Global,Cement,Cement,Annualised sector-cost change,highce_eu,2050,-1.78636954219928,%,plotted,"[""AFE"", ""AFN"", ""AFW"", ""AFZ"", ""ANZ"", ""ASC"", ""ASE"", ""ASO"", ""BRA"", ""CAN"", ""CHL"", ""CHN"", ""ENE"", ""ENW"", ""EUE"", ""EUM"", ""EUW"", ""IDN"", ""IND"", ""JPN"", ""LAM"", ""MDA"", ""MEA"", ""MEX"", ""NIG"", ""RUS"", ""SKT"", ""USA""]","[""Total Annualised Cost|Industry|Non-Metallic Minerals|Cement""]",717612.3342647156,Millions USD_2010/yr,730664.7060288142,Millions USD_2010/yr,100.0,-100.0,717612.3342647156,730664.7060288142,ndc_noce,2050
ndc_medce_gbl,NDC,"Medium CE, EU + partners",a,Global,Cement,Cement,Annualised sector-cost change,medce_gbl,2019,0.0,%,context,"[""AFE"", ""AFN"", ""AFW"", ""AFZ"", ""ANZ"", ""ASC"", ""ASE"", ""ASO"", ""BRA"", ""CAN"", ""CHL"", ""CHN"", ""ENE"", ""ENW"", ""EUE"", ""EUM"", ""EUW"", ""IDN"", ""IND"", ""JPN"", ""LAM"", ""MDA"", ""MEA"", ""MEX"", ""NIG"", ""RUS"", ""SKT"", ""USA""]","[""Total Annualised Cost|Industry|Non-Metallic Minerals|Cement""]",104605.06988172908,Millions USD_2010/yr,104605.06988172908,Millions USD_2010/yr,100.0,-100.0,104605.06988172908,104605.06988172908,ndc_noce,2019
ndc_medce_gbl,NDC,"Medium CE, EU + partners",a,Global,Cement,Cement,Annualised sector-cost change,medce_gbl,2024,0.0,%,plotted,"[""AFE"", ""AFN"", ""AFW"", ""AFZ"", ""ANZ"", ""ASC"", ""ASE"", ""ASO"", ""BRA"", ""CAN"", ""CHL"", ""CHN"", ""ENE"", ""ENW"", ""EUE"", ""EUM"", ""EUW"", ""IDN"", ""IND"", ""JPN"", ""LAM"", ""MDA"", ""MEA"", ""MEX"", ""NIG"", ""RUS"", ""SKT"", ""USA""]","[""Total Annualised Cost|Industry|Non-Metallic Minerals|Cement""]",178886.34915972987,Millions USD_2010/yr,178886.34915972987,Millions USD_2010/yr,100.0,-100.0,178886.34915972987,178886.34915972987,ndc_noce,2024
ndc_medce_gbl,NDC,"Medium CE, EU + partners",a,Global,Cement,Cement,Annualised sector-cost change,medce_gbl,2030,-9.897594670130525,%,plotted,"[""AFE"", ""AFN"", ""AFW"", ""AFZ"", ""ANZ"", ""ASC"", ""ASE"", ""ASO"", ""BRA"", ""CAN"", ""CHL"", ""CHN"", ""ENE"", ""ENW"", ""EUE"", ""EUM"", ""EUW"", ""IDN"", ""IND"", ""JPN"", ""LAM"", ""MDA"", ""MEA"", ""MEX"", ""NIG"", ""RUS"", ""SKT"", ""USA""]","[""Total Annualised Cost|Industry|Non-Metallic Minerals|Cement""]",303297.2322411875,Millions USD_2010/yr,336613.91294805164,Millions USD_2010/yr,100.0,-100.0,303297.2322411875,336613.91294805164,ndc_noce,2030
ndc_medce_gbl,NDC,"Medium CE, EU + partners",a,Global,Cement,Cement,Annualised sector-cost change,medce_gbl,2035,-13.998906005654563,%,plotted,"[""AFE"", ""AFN"", ""AFW"", ""AFZ"", ""ANZ"", ""ASC"", ""ASE"", ""ASO"", ""BRA"", ""CAN"", ""CHL"", ""CHN"", ""ENE"", ""ENW"", ""EUE"", ""EUM"", ""EUW"", ""IDN"", ""IND"", ""JPN"", ""LAM"", ""MDA"", ""MEA"", ""MEX"", ""NIG"", ""RUS"", ""SKT"", ""USA""]","[""Total Annualised Cost|Industry|Non-Metallic Minerals|Cement""]",355886.59252225986,Millions USD_2010/yr,413816.35511015635,Millions USD_2010/yr,100.0,-100.0,355886.59252225986,413816.35511015635,ndc_noce,2035
ndc_medce_gbl,NDC,"Medium CE, EU + partners",a,Global,Cement,Cement,Annualised sector-cost change,medce_gbl,2040,-17.39534108570154,%,plotted,"[""AFE"", ""AFN"", ""AFW"", ""AFZ"", ""ANZ"", ""ASC"", ""ASE"", ""ASO"", ""BRA"", ""CAN"", ""CHL"", ""CHN"", ""ENE"", ""ENW"", ""EUE"", ""EUM"", ""EUW"", ""IDN"", ""IND"", ""JPN"", ""LAM"", ""MDA"", ""MEA"", ""MEX"", ""NIG"", ""RUS"", ""SKT"", ""USA""]","[""Total Annualised Cost|Industry|Non-Metallic Minerals|Cement""]",449629.27879441367,Millions USD_2010/yr,544314.6726880135,Millions USD_2010/yr,100.0,-100.0,449629.27879441367,544314.6726880135,ndc_noce,2040
ndc_medce_gbl,NDC,"Medium CE, EU + partners",a,Global,Cement,Cement,Annualised sector-cost change,medce_gbl,2050,-17.038065737350134,%,plotted,"[""AFE"", ""AFN"", ""AFW"", ""AFZ"", ""ANZ"", ""ASC"", ""ASE"", ""ASO"", ""BRA"", ""CAN"", ""CHL"", ""CHN"", ""ENE"", ""ENW"", ""EUE"", ""EUM"", ""EUW"", ""IDN"", ""IND"", ""JPN"", ""LAM"", ""MDA"", ""MEA"", ""MEX"", ""NIG"", ""RUS"", ""SKT"", ""USA""]","[""Total Annualised Cost|Industry|Non-Metallic Minerals|Cement""]",606173.5730960087,Millions USD_2010/yr,730664.7060288142,Millions USD_2010/yr,100.0,-100.0,606173.5730960087,730664.7060288142,ndc_noce,2050
ndc_highce_gbl,NDC,"High CE, EU + partners",a,Global,Cement,Cement,Annualised sector-cost change,highce_gbl,2019,0.0,%,context,"[""AFE"", ""AFN"", ""AFW"", ""AFZ"", ""ANZ"", ""ASC"", ""ASE"", ""ASO"", ""BRA"", ""CAN"", ""CHL"", ""CHN"", ""ENE"", ""ENW"", ""EUE"", ""EUM"", ""EUW"", ""IDN"", ""IND"", ""JPN"", ""LAM"", ""MDA"", ""MEA"", ""MEX"", ""NIG"", ""RUS"", ""SKT"", ""USA""]","[""Total Annualised Cost|Industry|Non-Metallic Minerals|Cement""]",104605.06988172908,Millions USD_2010/yr,104605.06988172908,Millions USD_2010/yr,100.0,-100.0,104605.06988172908,104605.06988172908,ndc_noce,2019
ndc_highce_gbl,NDC,"High CE, EU + partners",a,Global,Cement,Cement,Annualised sector-cost change,highce_gbl,2024,0.0,%,plotted,"[""AFE"", ""AFN"", ""AFW"", ""AFZ"", ""ANZ"", ""ASC"", ""ASE"", ""ASO"", ""BRA"", ""CAN"", ""CHL"", ""CHN"", ""ENE"", ""ENW"", ""EUE"", ""EUM"", ""EUW"", ""IDN"", ""IND"", ""JPN"", ""LAM"", ""MDA"", ""MEA"", ""MEX"", ""NIG"", ""RUS"", ""SKT"", ""USA""]","[""Total Annualised Cost|Industry|Non-Metallic Minerals|Cement""]",178886.34915972987,Millions USD_2010/yr,178886.34915972987,Millions USD_2010/yr,100.0,-100.0,178886.34915972987,178886.34915972987,ndc_noce,2024
ndc_highce_gbl,NDC,"High CE, EU + partners",a,Global,Cement,Cement,Annualised sector-cost change,highce_gbl,2030,-17.54690654293645,%,plotted,"[""AFE"", ""AFN"", ""AFW"", ""AFZ"", ""ANZ"", ""ASC"", ""ASE"", ""ASO"", ""BRA"", ""CAN"", ""CHL"", ""CHN"", ""ENE"", ""ENW"", ""EUE"", ""EUM"", ""EUW"", ""IDN"", ""IND"", ""JPN"", ""LAM"", ""MDA"", ""MEA"", ""MEX"", ""NIG"", ""RUS"", ""SKT"", ""USA""]","[""Total Annualised Cost|Industry|Non-Metallic Minerals|Cement""]",277548.58423253556,Millions USD_2010/yr,336613.91294805164,Millions USD_2010/yr,100.0,-100.0,277548.58423253556,336613.91294805164,ndc_noce,2030
ndc_highce_gbl,NDC,"High CE, EU + partners",a,Global,Cement,Cement,Annualised sector-cost change,highce_gbl,2035,-19.418393056844334,%,plotted,"[""AFE"", ""AFN"", ""AFW"", ""AFZ"", ""ANZ"", ""ASC"", ""ASE"", ""ASO"", ""BRA"", ""CAN"", ""CHL"", ""CHN"", ""ENE"", ""ENW"", ""EUE"", ""EUM"", ""EUW"", ""IDN"", ""IND"", ""JPN"", ""LAM"", ""MDA"", ""MEA"", ""MEX"", ""NIG"", ""RUS"", ""SKT"", ""USA""]","[""Total Annualised Cost|Industry|Non-Metallic Minerals|Cement""]",333459.86874135945,Millions USD_2010/yr,413816.35511015635,Millions USD_2010/yr,100.0,-100.0,333459.86874135945,413816.35511015635,ndc_noce,2035
ndc_highce_gbl,NDC,"High CE, EU + partners",a,Global,Cement,Cement,Annualised sector-cost change,highce_gbl,2040,-25.602166751527438,%,plotted,"[""AFE"", ""AFN"", ""AFW"", ""AFZ"", ""ANZ"", ""ASC"", ""ASE"", ""ASO"", ""BRA"", ""CAN"", ""CHL"", ""CHN"", ""ENE"", ""ENW"", ""EUE"", ""EUM"", ""EUW"", ""IDN"", ""IND"", ""JPN"", ""LAM"", ""MDA"", ""MEA"", ""MEX"", ""NIG"", ""RUS"", ""SKT"", ""USA""]","[""Total Annualised Cost|Industry|Non-Metallic Minerals|Cement""]",404958.3225333975,Millions USD_2010/yr,544314.6726880135,Millions USD_2010/yr,100.0,-100.0,404958.3225333975,544314.6726880135,ndc_noce,2040
ndc_highce_gbl,NDC,"High CE, EU + partners",a,Global,Cement,Cement,Annualised sector-cost change,highce_gbl,2050,-23.948778767563468,%,plotted,"[""AFE"", ""AFN"", ""AFW"", ""AFZ"", ""ANZ"", ""ASC"", ""ASE"", ""ASO"", ""BRA"", ""CAN"", ""CHL"", ""CHN"", ""ENE"", ""ENW"", ""EUE"", ""EUM"", ""EUW"", ""IDN"", ""IND"", ""JPN"", ""LAM"", ""MDA"", ""MEA"", ""MEX"", ""NIG"", ""RUS"", ""SKT"", ""USA""]","[""Total Annualised Cost|Industry|Non-Metallic Minerals|Cement""]",555679.4320493055,Millions USD_2010/yr,730664.7060288142,Millions USD_2010/yr,100.0,-100.0,555679.4320493055,730664.7060288142,ndc_noce,2050
ndc_noce,NDC,No CE,b,Global,Iron and steel,Iron and steel,Annualised sector-cost change,noce,2019,0.0,%,context,"[""AFE"", ""AFN"", ""AFW"", ""AFZ"", ""ANZ"", ""ASC"", ""ASE"", ""ASO"", ""BRA"", ""CAN"", ""CHL"", ""CHN"", ""ENE"", ""ENW"", ""EUE"", ""EUM"", ""EUW"", ""IDN"", ""IND"", ""JPN"", ""LAM"", ""MDA"", ""MEA"", ""MEX"", ""NIG"", ""RUS"", ""SKT"", ""USA""]","[""Total Annualised Cost|Industry|Iron and Steel""]",4959455.128965229,Millions USD_2010/yr,4959455.128965229,Millions USD_2010/yr,100.0,-100.0,4959455.128965229,4959455.128965229,ndc_noce,2019
ndc_noce,NDC,No CE,b,Global,Iron and steel,Iron and steel,Annualised sector-cost change,noce,2024,0.0,%,plotted,"[""AFE"", ""AFN"", ""AFW"", ""AFZ"", ""ANZ"", ""ASC"", ""ASE"", ""ASO"", ""BRA"", ""CAN"", ""CHL"", ""CHN"", ""ENE"", ""ENW"", ""EUE"", ""EUM"", ""EUW"", ""IDN"", ""IND"", ""JPN"", ""LAM"", ""MDA"", ""MEA"", ""MEX"", ""NIG"", ""RUS"", ""SKT"", ""USA""]","[""Total Annualised Cost|Industry|Iron and Steel""]",201938.09721133878,Millions USD_2010/yr,201938.09721133878,Millions USD_2010/yr,100.0,-100.0,201938.09721133878,201938.09721133878,ndc_noce,2024
ndc_noce,NDC,No CE,b,Global,Iron and steel,Iron and steel,Annualised sector-cost change,noce,2030,0.0,%,plotted,"[""AFE"", ""AFN"", ""AFW"", ""AFZ"", ""ANZ"", ""ASC"", ""ASE"", ""ASO"", ""BRA"", ""CAN"", ""CHL"", ""CHN"", ""ENE"", ""ENW"", ""EUE"", ""EUM"", ""EUW"", ""IDN"", ""IND"", ""JPN"", ""LAM"", ""MDA"", ""MEA"", ""MEX"", ""NIG"", ""RUS"", ""SKT"", ""USA""]","[""Total Annualised Cost|Industry|Iron and Steel""]",313008.43114290875,Millions USD_2010/yr,313008.43114290875,Millions USD_2010/yr,100.0,-100.0,313008.43114290875,313008.43114290875,ndc_noce,2030
ndc_noce,NDC,No CE,b,Global,Iron and steel,Iron and steel,Annualised sector-cost change,noce,2035,0.0,%,plotted,"[""AFE"", ""AFN"", ""AFW"", ""AFZ"", ""ANZ"", ""ASC"", ""ASE"", ""ASO"", ""BRA"", ""CAN"", ""CHL"", ""CHN"", ""ENE"", ""ENW"", ""EUE"", ""EUM"", ""EUW"", ""IDN"", ""IND"", ""JPN"", ""LAM"", ""MDA"", ""MEA"", ""MEX"", ""NIG"", ""RUS"", ""SKT"", ""USA""]","[""Total Annualised Cost|Industry|Iron and Steel""]",309024.3316400723,Millions USD_2010/yr,309024.3316400723,Millions USD_2010/yr,100.0,-100.0,309024.3316400723,309024.3316400723,ndc_noce,2035
ndc_noce,NDC,No CE,b,Global,Iron and steel,Iron and steel,Annualised sector-cost change,noce,2040,0.0,%,plotted,"[""AFE"", ""AFN"", ""AFW"", ""AFZ"", ""ANZ"", ""ASC"", ""ASE"", ""ASO"", ""BRA"", ""CAN"", ""CHL"", ""CHN"", ""ENE"", ""ENW"", ""EUE"", ""EUM"", ""EUW"", ""IDN"", ""IND"", ""JPN"", ""LAM"", ""MDA"", ""MEA"", ""MEX"", ""NIG"", ""RUS"", ""SKT"", ""USA""]","[""Total Annualised Cost|Industry|Iron and Steel""]",378692.134370259,Millions USD_2010/yr,378692.134370259,Millions USD_2010/yr,100.0,-100.0,378692.134370259,378692.134370259,ndc_noce,2040
ndc_noce,NDC,No CE,b,Global,Iron and steel,Iron and steel,Annualised sector-cost change,noce,2050,0.0,%,plotted,"[""AFE"", ""AFN"", ""AFW"", ""AFZ"", ""ANZ"", ""ASC"", ""ASE"", ""ASO"", ""BRA"", ""CAN"", ""CHL"", ""CHN"", ""ENE"", ""ENW"", ""EUE"", ""EUM"", ""EUW"", ""IDN"", ""IND"", ""JPN"", ""LAM"", ""MDA"", ""MEA"", ""MEX"", ""NIG"", ""RUS"", ""SKT"", ""USA""]","[""Total Annualised Cost|Industry|Iron and Steel""]",525384.2355289025,Millions USD_2010/yr,525384.2355289025,Millions USD_2010/yr,100.0,-100.0,525384.2355289025,525384.2355289025,ndc_noce,2050
ndc_medce_eu,NDC,"Medium CE, EU",b,Global,Iron and steel,Iron and steel,Annualised sector-cost change,medce_eu,2019,0.0,%,context,"[""AFE"", ""AFN"", ""AFW"", ""AFZ"", ""ANZ"", ""ASC"", ""ASE"", ""ASO"", ""BRA"", ""CAN"", ""CHL"", ""CHN"", ""ENE"", ""ENW"", ""EUE"", ""EUM"", ""EUW"", ""IDN"", ""IND"", ""JPN"", ""LAM"", ""MDA"", ""MEA"", ""MEX"", ""NIG"", ""RUS"", ""SKT"", ""USA""]","[""Total Annualised Cost|Industry|Iron and Steel""]",4959455.128965229,Millions USD_2010/yr,4959455.128965229,Millions USD_2010/yr,100.0,-100.0,4959455.128965229,4959455.128965229,ndc_noce,2019
ndc_medce_eu,NDC,"Medium CE, EU",b,Global,Iron and steel,Iron and steel,Annualised sector-cost change,medce_eu,2024,0.0,%,plotted,"[""AFE"", ""AFN"", ""AFW"", ""AFZ"", ""ANZ"", ""ASC"", ""ASE"", ""ASO"", ""BRA"", ""CAN"", ""CHL"", ""CHN"", ""ENE"", ""ENW"", ""EUE"", ""EUM"", ""EUW"", ""IDN"", ""IND"", ""JPN"", ""LAM"", ""MDA"", ""MEA"", ""MEX"", ""NIG"", ""RUS"", ""SKT"", ""USA""]","[""Total Annualised Cost|Industry|Iron and Steel""]",201938.09721133878,Millions USD_2010/yr,201938.09721133878,Millions USD_2010/yr,100.0,-100.0,201938.09721133878,201938.09721133878,ndc_noce,2024
ndc_medce_eu,NDC,"Medium CE, EU",b,Global,Iron and steel,Iron and steel,Annualised sector-cost change,medce_eu,2030,0.4620955369373634,%,plotted,"[""AFE"", ""AFN"", ""AFW"", ""AFZ"", ""ANZ"", ""ASC"", ""ASE"", ""ASO"", ""BRA"", ""CAN"", ""CHL"", ""CHN"", ""ENE"", ""ENW"", ""EUE"", ""EUM"", ""EUW"", ""IDN"", ""IND"", ""JPN"", ""LAM"", ""MDA"", ""MEA"", ""MEX"", ""NIG"", ""RUS"", ""SKT"", ""USA""]","[""Total Annualised Cost|Industry|Iron and Steel""]",314454.8291334578,Millions USD_2010/yr,313008.43114290875,Millions USD_2010/yr,100.0,-100.0,314454.8291334578,313008.43114290875,ndc_noce,2030
ndc_medce_eu,NDC,"Medium CE, EU",b,Global,Iron and steel,Iron and steel,Annualised sector-cost change,medce_eu,2035,-0.7563850509531181,%,plotted,"[""AFE"", ""AFN"", ""AFW"", ""AFZ"", ""ANZ"", ""ASC"", ""ASE"", ""ASO"", ""BRA"", ""CAN"", ""CHL"", ""CHN"", ""ENE"", ""ENW"", ""EUE"", ""EUM"", ""EUW"", ""IDN"", ""IND"", ""JPN"", ""LAM"", ""MDA"", ""MEA"", ""MEX"", ""NIG"", ""RUS"", ""SKT"", ""USA""]","[""Total Annualised Cost|Industry|Iron and Steel""]",306686.917791739,Millions USD_2010/yr,309024.3316400723,Millions USD_2010/yr,100.0,-100.0,306686.917791739,309024.3316400723,ndc_noce,2035
ndc_medce_eu,NDC,"Medium CE, EU",b,Global,Iron and steel,Iron and steel,Annualised sector-cost change,medce_eu,2040,-0.03766398421195588,%,plotted,"[""AFE"", ""AFN"", ""AFW"", ""AFZ"", ""ANZ"", ""ASC"", ""ASE"", ""ASO"", ""BRA"", ""CAN"", ""CHL"", ""CHN"", ""ENE"", ""ENW"", ""EUE"", ""EUM"", ""EUW"", ""IDN"", ""IND"", ""JPN"", ""LAM"", ""MDA"", ""MEA"", ""MEX"", ""NIG"", ""RUS"", ""SKT"", ""USA""]","[""Total Annualised Cost|Industry|Iron and Steel""]",378549.5038245579,Millions USD_2010/yr,378692.134370259,Millions USD_2010/yr,100.0,-100.0,378549.5038245579,378692.134370259,ndc_noce,2040
ndc_medce_eu,NDC,"Medium CE, EU",b,Global,Iron and steel,Iron and steel,Annualised sector-cost change,medce_eu,2050,-0.624429902133878,%,plotted,"[""AFE"", ""AFN"", ""AFW"", ""AFZ"", ""ANZ"", ""ASC"", ""ASE"", ""ASO"", ""BRA"", ""CAN"", ""CHL"", ""CHN"", ""ENE"", ""ENW"", ""EUE"", ""EUM"", ""EUW"", ""IDN"", ""IND"", ""JPN"", ""LAM"", ""MDA"", ""MEA"", ""MEX"", ""NIG"", ""RUS"", ""SKT"", ""USA""]","[""Total Annualised Cost|Industry|Iron and Steel""]",522103.57926116255,Millions USD_2010/yr,525384.2355289025,Millions USD_2010/yr,100.0,-100.0,522103.57926116255,525384.2355289025,ndc_noce,2050
ndc_highce_eu,NDC,"High CE, EU",b,Global,Iron and steel,Iron and steel,Annualised sector-cost change,highce_eu,2019,0.0,%,context,"[""AFE"", ""AFN"", ""AFW"", ""AFZ"", ""ANZ"", ""ASC"", ""ASE"", ""ASO"", ""BRA"", ""CAN"", ""CHL"", ""CHN"", ""ENE"", ""ENW"", ""EUE"", ""EUM"", ""EUW"", ""IDN"", ""IND"", ""JPN"", ""LAM"", ""MDA"", ""MEA"", ""MEX"", ""NIG"", ""RUS"", ""SKT"", ""USA""]","[""Total Annualised Cost|Industry|Iron and Steel""]",4959455.128965229,Millions USD_2010/yr,4959455.128965229,Millions USD_2010/yr,100.0,-100.0,4959455.128965229,4959455.128965229,ndc_noce,2019
ndc_highce_eu,NDC,"High CE, EU",b,Global,Iron and steel,Iron and steel,Annualised sector-cost change,highce_eu,2024,0.0,%,plotted,"[""AFE"", ""AFN"", ""AFW"", ""AFZ"", ""ANZ"", ""ASC"", ""ASE"", ""ASO"", ""BRA"", ""CAN"", ""CHL"", ""CHN"", ""ENE"", ""ENW"", ""EUE"", ""EUM"", ""EUW"", ""IDN"", ""IND"", ""JPN"", ""LAM"", ""MDA"", ""MEA"", ""MEX"", ""NIG"", ""RUS"", ""SKT"", ""USA""]","[""Total Annualised Cost|Industry|Iron and Steel""]",201938.09721133878,Millions USD_2010/yr,201938.09721133878,Millions USD_2010/yr,100.0,-100.0,201938.09721133878,201938.09721133878,ndc_noce,2024
ndc_highce_eu,NDC,"High CE, EU",b,Global,Iron and steel,Iron and steel,Annualised sector-cost change,highce_eu,2030,-1.0212790281930233,%,plotted,"[""AFE"", ""AFN"", ""AFW"", ""AFZ"", ""ANZ"", ""ASC"", ""ASE"", ""ASO"", ""BRA"", ""CAN"", ""CHL"", ""CHN"", ""ENE"", ""ENW"", ""EUE"", ""EUM"", ""EUW"", ""IDN"", ""IND"", ""JPN"", ""LAM"", ""MDA"", ""MEA"", ""MEX"", ""NIG"", ""RUS"", ""SKT"", ""USA""]","[""Total Annualised Cost|Industry|Iron and Steel""]",309811.7416791702,Millions USD_2010/yr,313008.43114290875,Millions USD_2010/yr,100.0,-100.0,309811.7416791702,313008.43114290875,ndc_noce,2030
ndc_highce_eu,NDC,"High CE, EU",b,Global,Iron and steel,Iron and steel,Annualised sector-cost change,highce_eu,2035,-1.640022519326876,%,plotted,"[""AFE"", ""AFN"", ""AFW"", ""AFZ"", ""ANZ"", ""ASC"", ""ASE"", ""ASO"", ""BRA"", ""CAN"", ""CHL"", ""CHN"", ""ENE"", ""ENW"", ""EUE"", ""EUM"", ""EUW"", ""IDN"", ""IND"", ""JPN"", ""LAM"", ""MDA"", ""MEA"", ""MEX"", ""NIG"", ""RUS"", ""SKT"", ""USA""]","[""Total Annualised Cost|Industry|Iron and Steel""]",303956.26301097573,Millions USD_2010/yr,309024.3316400723,Millions USD_2010/yr,100.0,-100.0,303956.26301097573,309024.3316400723,ndc_noce,2035
ndc_highce_eu,NDC,"High CE, EU",b,Global,Iron and steel,Iron and steel,Annualised sector-cost change,highce_eu,2040,-1.0313880932716588,%,plotted,"[""AFE"", ""AFN"", ""AFW"", ""AFZ"", ""ANZ"", ""ASC"", ""ASE"", ""ASO"", ""BRA"", ""CAN"", ""CHL"", ""CHN"", ""ENE"", ""ENW"", ""EUE"", ""EUM"", ""EUW"", ""IDN"", ""IND"", ""JPN"", ""LAM"", ""MDA"", ""MEA"", ""MEX"", ""NIG"", ""RUS"", ""SKT"", ""USA""]","[""Total Annualised Cost|Industry|Iron and Steel""]",374786.34878620785,Millions USD_2010/yr,378692.134370259,Millions USD_2010/yr,100.0,-100.0,374786.34878620785,378692.134370259,ndc_noce,2040
ndc_highce_eu,NDC,"High CE, EU",b,Global,Iron and steel,Iron and steel,Annualised sector-cost change,highce_eu,2050,-1.0649696728339242,%,plotted,"[""AFE"", ""AFN"", ""AFW"", ""AFZ"", ""ANZ"", ""ASC"", ""ASE"", ""ASO"", ""BRA"", ""CAN"", ""CHL"", ""CHN"", ""ENE"", ""ENW"", ""EUE"", ""EUM"", ""EUW"", ""IDN"", ""IND"", ""JPN"", ""LAM"", ""MDA"", ""MEA"", ""MEX"", ""NIG"", ""RUS"", ""SKT"", ""USA""]","[""Total Annualised Cost|Industry|Iron and Steel""]",519789.05275466933,Millions USD_2010/yr,525384.2355289025,Millions USD_2010/yr,100.0,-100.0,519789.05275466933,525384.2355289025,ndc_noce,2050
ndc_medce_gbl,NDC,"Medium CE, EU + partners",b,Global,Iron and steel,Iron and steel,Annualised sector-cost change,medce_gbl,2019,0.0,%,context,"[""AFE"", ""AFN"", ""AFW"", ""AFZ"", ""ANZ"", ""ASC"", ""ASE"", ""ASO"", ""BRA"", ""CAN"", ""CHL"", ""CHN"", ""ENE"", ""ENW"", ""EUE"", ""EUM"", ""EUW"", ""IDN"", ""IND"", ""JPN"", ""LAM"", ""MDA"", ""MEA"", ""MEX"", ""NIG"", ""RUS"", ""SKT"", ""USA""]","[""Total Annualised Cost|Industry|Iron and Steel""]",4959455.128965229,Millions USD_2010/yr,4959455.128965229,Millions USD_2010/yr,100.0,-100.0,4959455.128965229,4959455.128965229,ndc_noce,2019
ndc_medce_gbl,NDC,"Medium CE, EU + partners",b,Global,Iron and steel,Iron and steel,Annualised sector-cost change,medce_gbl,2024,0.0,%,plotted,"[""AFE"", ""AFN"", ""AFW"", ""AFZ"", ""ANZ"", ""ASC"", ""ASE"", ""ASO"", ""BRA"", ""CAN"", ""CHL"", ""CHN"", ""ENE"", ""ENW"", ""EUE"", ""EUM"", ""EUW"", ""IDN"", ""IND"", ""JPN"", ""LAM"", ""MDA"", ""MEA"", ""MEX"", ""NIG"", ""RUS"", ""SKT"", ""USA""]","[""Total Annualised Cost|Industry|Iron and Steel""]",201938.09721133878,Millions USD_2010/yr,201938.09721133878,Millions USD_2010/yr,100.0,-100.0,201938.09721133878,201938.09721133878,ndc_noce,2024
ndc_medce_gbl,NDC,"Medium CE, EU + partners",b,Global,Iron and steel,Iron and steel,Annualised sector-cost change,medce_gbl,2030,-17.039066102319584,%,plotted,"[""AFE"", ""AFN"", ""AFW"", ""AFZ"", ""ANZ"", ""ASC"", ""ASE"", ""ASO"", ""BRA"", ""CAN"", ""CHL"", ""CHN"", ""ENE"", ""ENW"", ""EUE"", ""EUM"", ""EUW"", ""IDN"", ""IND"", ""JPN"", ""LAM"", ""MDA"", ""MEA"", ""MEX"", ""NIG"", ""RUS"", ""SKT"", ""USA""]","[""Total Annualised Cost|Industry|Iron and Steel""]",259674.71765463505,Millions USD_2010/yr,313008.43114290875,Millions USD_2010/yr,100.0,-100.0,259674.71765463505,313008.43114290875,ndc_noce,2030
ndc_medce_gbl,NDC,"Medium CE, EU + partners",b,Global,Iron and steel,Iron and steel,Annualised sector-cost change,medce_gbl,2035,-19.93191879109745,%,plotted,"[""AFE"", ""AFN"", ""AFW"", ""AFZ"", ""ANZ"", ""ASC"", ""ASE"", ""ASO"", ""BRA"", ""CAN"", ""CHL"", ""CHN"", ""ENE"", ""ENW"", ""EUE"", ""EUM"", ""EUW"", ""IDN"", ""IND"", ""JPN"", ""LAM"", ""MDA"", ""MEA"", ""MEX"", ""NIG"", ""RUS"", ""SKT"", ""USA""]","[""Total Annualised Cost|Industry|Iron and Steel""]",247429.85281284142,Millions USD_2010/yr,309024.3316400723,Millions USD_2010/yr,100.0,-100.0,247429.85281284142,309024.3316400723,ndc_noce,2035
ndc_medce_gbl,NDC,"Medium CE, EU + partners",b,Global,Iron and steel,Iron and steel,Annualised sector-cost change,medce_gbl,2040,-18.312441882680528,%,plotted,"[""AFE"", ""AFN"", ""AFW"", ""AFZ"", ""ANZ"", ""ASC"", ""ASE"", ""ASO"", ""BRA"", ""CAN"", ""CHL"", ""CHN"", ""ENE"", ""ENW"", ""EUE"", ""EUM"", ""EUW"", ""IDN"", ""IND"", ""JPN"", ""LAM"", ""MDA"", ""MEA"", ""MEX"", ""NIG"", ""RUS"", ""SKT"", ""USA""]","[""Total Annualised Cost|Industry|Iron and Steel""]",309344.3573494229,Millions USD_2010/yr,378692.134370259,Millions USD_2010/yr,100.0,-100.0,309344.3573494229,378692.134370259,ndc_noce,2040
ndc_medce_gbl,NDC,"Medium CE, EU + partners",b,Global,Iron and steel,Iron and steel,Annualised sector-cost change,medce_gbl,2050,-22.76434278341789,%,plotted,"[""AFE"", ""AFN"", ""AFW"", ""AFZ"", ""ANZ"", ""ASC"", ""ASE"", ""ASO"", ""BRA"", ""CAN"", ""CHL"", ""CHN"", ""ENE"", ""ENW"", ""EUE"", ""EUM"", ""EUW"", ""IDN"", ""IND"", ""JPN"", ""LAM"", ""MDA"", ""MEA"", ""MEX"", ""NIG"", ""RUS"", ""SKT"", ""USA""]","[""Total Annualised Cost|Industry|Iron and Steel""]",405783.9672230635,Millions USD_2010/yr,525384.2355289025,Millions USD_2010/yr,100.0,-100.0,405783.9672230635,525384.2355289025,ndc_noce,2050
ndc_highce_gbl,NDC,"High CE, EU + partners",b,Global,Iron and steel,Iron and steel,Annualised sector-cost change,highce_gbl,2019,0.0,%,context,"[""AFE"", ""AFN"", ""AFW"", ""AFZ"", ""ANZ"", ""ASC"", ""ASE"", ""ASO"", ""BRA"", ""CAN"", ""CHL"", ""CHN"", ""ENE"", ""ENW"", ""EUE"", ""EUM"", ""EUW"", ""IDN"", ""IND"", ""JPN"", ""LAM"", ""MDA"", ""MEA"", ""MEX"", ""NIG"", ""RUS"", ""SKT"", ""USA""]","[""Total Annualised Cost|Industry|Iron and Steel""]",4959455.128965229,Millions USD_2010/yr,4959455.128965229,Millions USD_2010/yr,100.0,-100.0,4959455.128965229,4959455.128965229,ndc_noce,2019
ndc_highce_gbl,NDC,"High CE, EU + partners",b,Global,Iron and steel,Iron and steel,Annualised sector-cost change,highce_gbl,2024,0.0,%,plotted,"[""AFE"", ""AFN"", ""AFW"", ""AFZ"", ""ANZ"", ""ASC"", ""ASE"", ""ASO"", ""BRA"", ""CAN"", ""CHL"", ""CHN"", ""ENE"", ""ENW"", ""EUE"", ""EUM"", ""EUW"", ""IDN"", ""IND"", ""JPN"", ""LAM"", ""MDA"", ""MEA"", ""MEX"", ""NIG"", ""RUS"", ""SKT"", ""USA""]","[""Total Annualised Cost|Industry|Iron and Steel""]",201938.09721133878,Millions USD_2010/yr,201938.09721133878,Millions USD_2010/yr,100.0,-100.0,201938.09721133878,201938.09721133878,ndc_noce,2024
ndc_highce_gbl,NDC,"High CE, EU + partners",b,Global,Iron and steel,Iron and steel,Annualised sector-cost change,highce_gbl,2030,-25.35504733555139,%,plotted,"[""AFE"", ""AFN"", ""AFW"", ""AFZ"", ""ANZ"", ""ASC"", ""ASE"", ""ASO"", ""BRA"", ""CAN"", ""CHL"", ""CHN"", ""ENE"", ""ENW"", ""EUE"", ""EUM"", ""EUW"", ""IDN"", ""IND"", ""JPN"", ""LAM"", ""MDA"", ""MEA"", ""MEX"", ""NIG"", ""RUS"", ""SKT"", ""USA""]","[""Total Annualised Cost|Industry|Iron and Steel""]",233644.99526235746,Millions USD_2010/yr,313008.43114290875,Millions USD_2010/yr,100.0,-100.0,233644.99526235746,313008.43114290875,ndc_noce,2030
ndc_highce_gbl,NDC,"High CE, EU + partners",b,Global,Iron and steel,Iron and steel,Annualised sector-cost change,highce_gbl,2035,-26.937601101780988,%,plotted,"[""AFE"", ""AFN"", ""AFW"", ""AFZ"", ""ANZ"", ""ASC"", ""ASE"", ""ASO"", ""BRA"", ""CAN"", ""CHL"", ""CHN"", ""ENE"", ""ENW"", ""EUE"", ""EUM"", ""EUW"", ""IDN"", ""IND"", ""JPN"", ""LAM"", ""MDA"", ""MEA"", ""MEX"", ""NIG"", ""RUS"", ""SKT"", ""USA""]","[""Total Annualised Cost|Industry|Iron and Steel""]",225780.58987542483,Millions USD_2010/yr,309024.3316400723,Millions USD_2010/yr,100.0,-100.0,225780.58987542483,309024.3316400723,ndc_noce,2035
ndc_highce_gbl,NDC,"High CE, EU + partners",b,Global,Iron and steel,Iron and steel,Annualised sector-cost change,highce_gbl,2040,-29.15509437561462,%,plotted,"[""AFE"", ""AFN"", ""AFW"", ""AFZ"", ""ANZ"", ""ASC"", ""ASE"", ""ASO"", ""BRA"", ""CAN"", ""CHL"", ""CHN"", ""ENE"", ""ENW"", ""EUE"", ""EUM"", ""EUW"", ""IDN"", ""IND"", ""JPN"", ""LAM"", ""MDA"", ""MEA"", ""MEX"", ""NIG"", ""RUS"", ""SKT"", ""USA""]","[""Total Annualised Cost|Industry|Iron and Steel""]",268284.08520158066,Millions USD_2010/yr,378692.134370259,Millions USD_2010/yr,100.0,-100.0,268284.08520158066,378692.134370259,ndc_noce,2040
ndc_highce_gbl,NDC,"High CE, EU + partners",b,Global,Iron and steel,Iron and steel,Annualised sector-cost change,highce_gbl,2050,-33.14094935537615,%,plotted,"[""AFE"", ""AFN"", ""AFW"", ""AFZ"", ""ANZ"", ""ASC"", ""ASE"", ""ASO"", ""BRA"", ""CAN"", ""CHL"", ""CHN"", ""ENE"", ""ENW"", ""EUE"", ""EUM"", ""EUW"", ""IDN"", ""IND"", ""JPN"", ""LAM"", ""MDA"", ""MEA"", ""MEX"", ""NIG"", ""RUS"", ""SKT"", ""USA""]","[""Total Annualised Cost|Industry|Iron and Steel""]",351266.91211113875,Millions USD_2010/yr,525384.2355289025,Millions USD_2010/yr,100.0,-100.0,351266.91211113875,525384.2355289025,ndc_noce,2050
ndc_noce,NDC,No CE,c,Global,Aluminium,Aluminium,Annualised sector-cost change,noce,2019,0.0,%,context,"[""AFE"", ""AFN"", ""AFW"", ""AFZ"", ""ANZ"", ""ASC"", ""ASE"", ""ASO"", ""BRA"", ""CAN"", ""CHL"", ""CHN"", ""ENE"", ""ENW"", ""EUE"", ""EUM"", ""EUW"", ""IDN"", ""IND"", ""JPN"", ""LAM"", ""MDA"", ""MEA"", ""MEX"", ""NIG"", ""RUS"", ""SKT"", ""USA""]","[""Total Annualised Cost|Industry|Non-Ferrous Metals|Aluminum""]",25017.308460003063,Millions USD_2010/yr,25017.308460003063,Millions USD_2010/yr,100.0,-100.0,25017.308460003063,25017.308460003063,ndc_noce,2019
ndc_noce,NDC,No CE,c,Global,Aluminium,Aluminium,Annualised sector-cost change,noce,2024,0.0,%,plotted,"[""AFE"", ""AFN"", ""AFW"", ""AFZ"", ""ANZ"", ""ASC"", ""ASE"", ""ASO"", ""BRA"", ""CAN"", ""CHL"", ""CHN"", ""ENE"", ""ENW"", ""EUE"", ""EUM"", ""EUW"", ""IDN"", ""IND"", ""JPN"", ""LAM"", ""MDA"", ""MEA"", ""MEX"", ""NIG"", ""RUS"", ""SKT"", ""USA""]","[""Total Annualised Cost|Industry|Non-Ferrous Metals|Aluminum""]",98177.01756529351,Millions USD_2010/yr,98177.01756529351,Millions USD_2010/yr,100.0,-100.0,98177.01756529351,98177.01756529351,ndc_noce,2024
ndc_noce,NDC,No CE,c,Global,Aluminium,Aluminium,Annualised sector-cost change,noce,2030,0.0,%,plotted,"[""AFE"", ""AFN"", ""AFW"", ""AFZ"", ""ANZ"", ""ASC"", ""ASE"", ""ASO"", ""BRA"", ""CAN"", ""CHL"", ""CHN"", ""ENE"", ""ENW"", ""EUE"", ""EUM"", ""EUW"", ""IDN"", ""IND"", ""JPN"", ""LAM"", ""MDA"", ""MEA"", ""MEX"", ""NIG"", ""RUS"", ""SKT"", ""USA""]","[""Total Annualised Cost|Industry|Non-Ferrous Metals|Aluminum""]",189050.12343896012,Millions USD_2010/yr,189050.12343896012,Millions USD_2010/yr,100.0,-100.0,189050.12343896012,189050.12343896012,ndc_noce,2030
ndc_noce,NDC,No CE,c,Global,Aluminium,Aluminium,Annualised sector-cost change,noce,2035,0.0,%,plotted,"[""AFE"", ""AFN"", ""AFW"", ""AFZ"", ""ANZ"", ""ASC"", ""ASE"", ""ASO"", ""BRA"", ""CAN"", ""CHL"", ""CHN"", ""ENE"", ""ENW"", ""EUE"", ""EUM"", ""EUW"", ""IDN"", ""IND"", ""JPN"", ""LAM"", ""MDA"", ""MEA"", ""MEX"", ""NIG"", ""RUS"", ""SKT"", ""USA""]","[""Total Annualised Cost|Industry|Non-Ferrous Metals|Aluminum""]",143833.6374745029,Millions USD_2010/yr,143833.6374745029,Millions USD_2010/yr,100.0,-100.0,143833.6374745029,143833.6374745029,ndc_noce,2035
ndc_noce,NDC,No CE,c,Global,Aluminium,Aluminium,Annualised sector-cost change,noce,2040,0.0,%,plotted,"[""AFE"", ""AFN"", ""AFW"", ""AFZ"", ""ANZ"", ""ASC"", ""ASE"", ""ASO"", ""BRA"", ""CAN"", ""CHL"", ""CHN"", ""ENE"", ""ENW"", ""EUE"", ""EUM"", ""EUW"", ""IDN"", ""IND"", ""JPN"", ""LAM"", ""MDA"", ""MEA"", ""MEX"", ""NIG"", ""RUS"", ""SKT"", ""USA""]","[""Total Annualised Cost|Industry|Non-Ferrous Metals|Aluminum""]",164123.9053628405,Millions USD_2010/yr,164123.9053628405,Millions USD_2010/yr,100.0,-100.0,164123.9053628405,164123.9053628405,ndc_noce,2040
ndc_noce,NDC,No CE,c,Global,Aluminium,Aluminium,Annualised sector-cost change,noce,2050,0.0,%,plotted,"[""AFE"", ""AFN"", ""AFW"", ""AFZ"", ""ANZ"", ""ASC"", ""ASE"", ""ASO"", ""BRA"", ""CAN"", ""CHL"", ""CHN"", ""ENE"", ""ENW"", ""EUE"", ""EUM"", ""EUW"", ""IDN"", ""IND"", ""JPN"", ""LAM"", ""MDA"", ""MEA"", ""MEX"", ""NIG"", ""RUS"", ""SKT"", ""USA""]","[""Total Annualised Cost|Industry|Non-Ferrous Metals|Aluminum""]",151442.6773772102,Millions USD_2010/yr,151442.6773772102,Millions USD_2010/yr,100.0,-100.0,151442.6773772102,151442.6773772102,ndc_noce,2050
ndc_medce_eu,NDC,"Medium CE, EU",c,Global,Aluminium,Aluminium,Annualised sector-cost change,medce_eu,2019,0.0,%,context,"[""AFE"", ""AFN"", ""AFW"", ""AFZ"", ""ANZ"", ""ASC"", ""ASE"", ""ASO"", ""BRA"", ""CAN"", ""CHL"", ""CHN"", ""ENE"", ""ENW"", ""EUE"", ""EUM"", ""EUW"", ""IDN"", ""IND"", ""JPN"", ""LAM"", ""MDA"", ""MEA"", ""MEX"", ""NIG"", ""RUS"", ""SKT"", ""USA""]","[""Total Annualised Cost|Industry|Non-Ferrous Metals|Aluminum""]",25017.308460003063,Millions USD_2010/yr,25017.308460003063,Millions USD_2010/yr,100.0,-100.0,25017.308460003063,25017.308460003063,ndc_noce,2019
ndc_medce_eu,NDC,"Medium CE, EU",c,Global,Aluminium,Aluminium,Annualised sector-cost change,medce_eu,2024,0.0,%,plotted,"[""AFE"", ""AFN"", ""AFW"", ""AFZ"", ""ANZ"", ""ASC"", ""ASE"", ""ASO"", ""BRA"", ""CAN"", ""CHL"", ""CHN"", ""ENE"", ""ENW"", ""EUE"", ""EUM"", ""EUW"", ""IDN"", ""IND"", ""JPN"", ""LAM"", ""MDA"", ""MEA"", ""MEX"", ""NIG"", ""RUS"", ""SKT"", ""USA""]","[""Total Annualised Cost|Industry|Non-Ferrous Metals|Aluminum""]",98177.01756529351,Millions USD_2010/yr,98177.01756529351,Millions USD_2010/yr,100.0,-100.0,98177.01756529351,98177.01756529351,ndc_noce,2024
ndc_medce_eu,NDC,"Medium CE, EU",c,Global,Aluminium,Aluminium,Annualised sector-cost change,medce_eu,2030,-0.8515855604652147,%,plotted,"[""AFE"", ""AFN"", ""AFW"", ""AFZ"", ""ANZ"", ""ASC"", ""ASE"", ""ASO"", ""BRA"", ""CAN"", ""CHL"", ""CHN"", ""ENE"", ""ENW"", ""EUE"", ""EUM"", ""EUW"", ""IDN"", ""IND"", ""JPN"", ""LAM"", ""MDA"", ""MEA"", ""MEX"", ""NIG"", ""RUS"", ""SKT"", ""USA""]","[""Total Annualised Cost|Industry|Non-Ferrous Metals|Aluminum""]",187440.19988571227,Millions USD_2010/yr,189050.12343896012,Millions USD_2010/yr,100.0,-100.0,187440.19988571227,189050.12343896012,ndc_noce,2030
ndc_medce_eu,NDC,"Medium CE, EU",c,Global,Aluminium,Aluminium,Annualised sector-cost change,medce_eu,2035,-0.9073276588009083,%,plotted,"[""AFE"", ""AFN"", ""AFW"", ""AFZ"", ""ANZ"", ""ASC"", ""ASE"", ""ASO"", ""BRA"", ""CAN"", ""CHL"", ""CHN"", ""ENE"", ""ENW"", ""EUE"", ""EUM"", ""EUW"", ""IDN"", ""IND"", ""JPN"", ""LAM"", ""MDA"", ""MEA"", ""MEX"", ""NIG"", ""RUS"", ""SKT"", ""USA""]","[""Total Annualised Cost|Industry|Non-Ferrous Metals|Aluminum""]",142528.5950990373,Millions USD_2010/yr,143833.6374745029,Millions USD_2010/yr,100.0,-100.0,142528.5950990373,143833.6374745029,ndc_noce,2035
ndc_medce_eu,NDC,"Medium CE, EU",c,Global,Aluminium,Aluminium,Annualised sector-cost change,medce_eu,2040,-1.029901528822535,%,plotted,"[""AFE"", ""AFN"", ""AFW"", ""AFZ"", ""ANZ"", ""ASC"", ""ASE"", ""ASO"", ""BRA"", ""CAN"", ""CHL"", ""CHN"", ""ENE"", ""ENW"", ""EUE"", ""EUM"", ""EUW"", ""IDN"", ""IND"", ""JPN"", ""LAM"", ""MDA"", ""MEA"", ""MEX"", ""NIG"", ""RUS"", ""SKT"", ""USA""]","[""Total Annualised Cost|Industry|Non-Ferrous Metals|Aluminum""]",162433.59075234536,Millions USD_2010/yr,164123.9053628405,Millions USD_2010/yr,100.0,-100.0,162433.59075234536,164123.9053628405,ndc_noce,2040
ndc_medce_eu,NDC,"Medium CE, EU",c,Global,Aluminium,Aluminium,Annualised sector-cost change,medce_eu,2050,-1.61255438356243,%,plotted,"[""AFE"", ""AFN"", ""AFW"", ""AFZ"", ""ANZ"", ""ASC"", ""ASE"", ""ASO"", ""BRA"", ""CAN"", ""CHL"", ""CHN"", ""ENE"", ""ENW"", ""EUE"", ""EUM"", ""EUW"", ""IDN"", ""IND"", ""JPN"", ""LAM"", ""MDA"", ""MEA"", ""MEX"", ""NIG"", ""RUS"", ""SKT"", ""USA""]","[""Total Annualised Cost|Industry|Non-Ferrous Metals|Aluminum""]",149000.5818445797,Millions USD_2010/yr,151442.6773772102,Millions USD_2010/yr,100.0,-100.0,149000.5818445797,151442.6773772102,ndc_noce,2050
ndc_highce_eu,NDC,"High CE, EU",c,Global,Aluminium,Aluminium,Annualised sector-cost change,highce_eu,2019,0.0,%,context,"[""AFE"", ""AFN"", ""AFW"", ""AFZ"", ""ANZ"", ""ASC"", ""ASE"", ""ASO"", ""BRA"", ""CAN"", ""CHL"", ""CHN"", ""ENE"", ""ENW"", ""EUE"", ""EUM"", ""EUW"", ""IDN"", ""IND"", ""JPN"", ""LAM"", ""MDA"", ""MEA"", ""MEX"", ""NIG"", ""RUS"", ""SKT"", ""USA""]","[""Total Annualised Cost|Industry|Non-Ferrous Metals|Aluminum""]",25017.308460003063,Millions USD_2010/yr,25017.308460003063,Millions USD_2010/yr,100.0,-100.0,25017.308460003063,25017.308460003063,ndc_noce,2019
ndc_highce_eu,NDC,"High CE, EU",c,Global,Aluminium,Aluminium,Annualised sector-cost change,highce_eu,2024,0.0,%,plotted,"[""AFE"", ""AFN"", ""AFW"", ""AFZ"", ""ANZ"", ""ASC"", ""ASE"", ""ASO"", ""BRA"", ""CAN"", ""CHL"", ""CHN"", ""ENE"", ""ENW"", ""EUE"", ""EUM"", ""EUW"", ""IDN"", ""IND"", ""JPN"", ""LAM"", ""MDA"", ""MEA"", ""MEX"", ""NIG"", ""RUS"", ""SKT"", ""USA""]","[""Total Annualised Cost|Industry|Non-Ferrous Metals|Aluminum""]",98177.01756529351,Millions USD_2010/yr,98177.01756529351,Millions USD_2010/yr,100.0,-100.0,98177.01756529351,98177.01756529351,ndc_noce,2024
ndc_highce_eu,NDC,"High CE, EU",c,Global,Aluminium,Aluminium,Annualised sector-cost change,highce_eu,2030,-2.31649753622173,%,plotted,"[""AFE"", ""AFN"", ""AFW"", ""AFZ"", ""ANZ"", ""ASC"", ""ASE"", ""ASO"", ""BRA"", ""CAN"", ""CHL"", ""CHN"", ""ENE"", ""ENW"", ""EUE"", ""EUM"", ""EUW"", ""IDN"", ""IND"", ""JPN"", ""LAM"", ""MDA"", ""MEA"", ""MEX"", ""NIG"", ""RUS"", ""SKT"", ""USA""]","[""Total Annualised Cost|Industry|Non-Ferrous Metals|Aluminum""]",184670.78198727246,Millions USD_2010/yr,189050.12343896012,Millions USD_2010/yr,100.0,-100.0,184670.78198727246,189050.12343896012,ndc_noce,2030
ndc_highce_eu,NDC,"High CE, EU",c,Global,Aluminium,Aluminium,Annualised sector-cost change,highce_eu,2035,-2.3898581149127054,%,plotted,"[""AFE"", ""AFN"", ""AFW"", ""AFZ"", ""ANZ"", ""ASC"", ""ASE"", ""ASO"", ""BRA"", ""CAN"", ""CHL"", ""CHN"", ""ENE"", ""ENW"", ""EUE"", ""EUM"", ""EUW"", ""IDN"", ""IND"", ""JPN"", ""LAM"", ""MDA"", ""MEA"", ""MEX"", ""NIG"", ""RUS"", ""SKT"", ""USA""]","[""Total Annualised Cost|Industry|Non-Ferrous Metals|Aluminum""]",140396.21761734437,Millions USD_2010/yr,143833.6374745029,Millions USD_2010/yr,100.0,-100.0,140396.21761734437,143833.6374745029,ndc_noce,2035
ndc_highce_eu,NDC,"High CE, EU",c,Global,Aluminium,Aluminium,Annualised sector-cost change,highce_eu,2040,-2.5974753418274323,%,plotted,"[""AFE"", ""AFN"", ""AFW"", ""AFZ"", ""ANZ"", ""ASC"", ""ASE"", ""ASO"", ""BRA"", ""CAN"", ""CHL"", ""CHN"", ""ENE"", ""ENW"", ""EUE"", ""EUM"", ""EUW"", ""IDN"", ""IND"", ""JPN"", ""LAM"", ""MDA"", ""MEA"", ""MEX"", ""NIG"", ""RUS"", ""SKT"", ""USA""]","[""Total Annualised Cost|Industry|Non-Ferrous Metals|Aluminum""]",159860.82739099654,Millions USD_2010/yr,164123.9053628405,Millions USD_2010/yr,100.0,-100.0,159860.82739099654,164123.9053628405,ndc_noce,2040
ndc_highce_eu,NDC,"High CE, EU",c,Global,Aluminium,Aluminium,Annualised sector-cost change,highce_eu,2050,-3.5159356620513185,%,plotted,"[""AFE"", ""AFN"", ""AFW"", ""AFZ"", ""ANZ"", ""ASC"", ""ASE"", ""ASO"", ""BRA"", ""CAN"", ""CHL"", ""CHN"", ""ENE"", ""ENW"", ""EUE"", ""EUM"", ""EUW"", ""IDN"", ""IND"", ""JPN"", ""LAM"", ""MDA"", ""MEA"", ""MEX"", ""NIG"", ""RUS"", ""SKT"", ""USA""]","[""Total Annualised Cost|Industry|Non-Ferrous Metals|Aluminum""]",146118.05027573954,Millions USD_2010/yr,151442.6773772102,Millions USD_2010/yr,100.0,-100.0,146118.05027573954,151442.6773772102,ndc_noce,2050
ndc_medce_gbl,NDC,"Medium CE, EU + partners",c,Global,Aluminium,Aluminium,Annualised sector-cost change,medce_gbl,2019,0.0,%,context,"[""AFE"", ""AFN"", ""AFW"", ""AFZ"", ""ANZ"", ""ASC"", ""ASE"", ""ASO"", ""BRA"", ""CAN"", ""CHL"", ""CHN"", ""ENE"", ""ENW"", ""EUE"", ""EUM"", ""EUW"", ""IDN"", ""IND"", ""JPN"", ""LAM"", ""MDA"", ""MEA"", ""MEX"", ""NIG"", ""RUS"", ""SKT"", ""USA""]","[""Total Annualised Cost|Industry|Non-Ferrous Metals|Aluminum""]",25017.308460003063,Millions USD_2010/yr,25017.308460003063,Millions USD_2010/yr,100.0,-100.0,25017.308460003063,25017.308460003063,ndc_noce,2019
ndc_medce_gbl,NDC,"Medium CE, EU + partners",c,Global,Aluminium,Aluminium,Annualised sector-cost change,medce_gbl,2024,0.0,%,plotted,"[""AFE"", ""AFN"", ""AFW"", ""AFZ"", ""ANZ"", ""ASC"", ""ASE"", ""ASO"", ""BRA"", ""CAN"", ""CHL"", ""CHN"", ""ENE"", ""ENW"", ""EUE"", ""EUM"", ""EUW"", ""IDN"", ""IND"", ""JPN"", ""LAM"", ""MDA"", ""MEA"", ""MEX"", ""NIG"", ""RUS"", ""SKT"", ""USA""]","[""Total Annualised Cost|Industry|Non-Ferrous Metals|Aluminum""]",98177.01756529351,Millions USD_2010/yr,98177.01756529351,Millions USD_2010/yr,100.0,-100.0,98177.01756529351,98177.01756529351,ndc_noce,2024
ndc_medce_gbl,NDC,"Medium CE, EU + partners",c,Global,Aluminium,Aluminium,Annualised sector-cost change,medce_gbl,2030,-10.228641868996048,%,plotted,"[""AFE"", ""AFN"", ""AFW"", ""AFZ"", ""ANZ"", ""ASC"", ""ASE"", ""ASO"", ""BRA"", ""CAN"", ""CHL"", ""CHN"", ""ENE"", ""ENW"", ""EUE"", ""EUM"", ""EUW"", ""IDN"", ""IND"", ""JPN"", ""LAM"", ""MDA"", ""MEA"", ""MEX"", ""NIG"", ""RUS"", ""SKT"", ""USA""]","[""Total Annualised Cost|Industry|Non-Ferrous Metals|Aluminum""]",169712.86335949393,Millions USD_2010/yr,189050.12343896012,Millions USD_2010/yr,100.0,-100.0,169712.86335949393,189050.12343896012,ndc_noce,2030
ndc_medce_gbl,NDC,"Medium CE, EU + partners",c,Global,Aluminium,Aluminium,Annualised sector-cost change,medce_gbl,2035,-13.27314502370815,%,plotted,"[""AFE"", ""AFN"", ""AFW"", ""AFZ"", ""ANZ"", ""ASC"", ""ASE"", ""ASO"", ""BRA"", ""CAN"", ""CHL"", ""CHN"", ""ENE"", ""ENW"", ""EUE"", ""EUM"", ""EUW"", ""IDN"", ""IND"", ""JPN"", ""LAM"", ""MDA"", ""MEA"", ""MEX"", ""NIG"", ""RUS"", ""SKT"", ""USA""]","[""Total Annualised Cost|Industry|Non-Ferrous Metals|Aluminum""]",124742.3901796375,Millions USD_2010/yr,143833.6374745029,Millions USD_2010/yr,100.0,-100.0,124742.3901796375,143833.6374745029,ndc_noce,2035
ndc_medce_gbl,NDC,"Medium CE, EU + partners",c,Global,Aluminium,Aluminium,Annualised sector-cost change,medce_gbl,2040,-17.233947417942556,%,plotted,"[""AFE"", ""AFN"", ""AFW"", ""AFZ"", ""ANZ"", ""ASC"", ""ASE"", ""ASO"", ""BRA"", ""CAN"", ""CHL"", ""CHN"", ""ENE"", ""ENW"", ""EUE"", ""EUM"", ""EUW"", ""IDN"", ""IND"", ""JPN"", ""LAM"", ""MDA"", ""MEA"", ""MEX"", ""NIG"", ""RUS"", ""SKT"", ""USA""]","[""Total Annualised Cost|Industry|Non-Ferrous Metals|Aluminum""]",135838.87781233477,Millions USD_2010/yr,164123.9053628405,Millions USD_2010/yr,100.0,-100.0,135838.87781233477,164123.9053628405,ndc_noce,2040
ndc_medce_gbl,NDC,"Medium CE, EU + partners",c,Global,Aluminium,Aluminium,Annualised sector-cost change,medce_gbl,2050,-23.111673676426317,%,plotted,"[""AFE"", ""AFN"", ""AFW"", ""AFZ"", ""ANZ"", ""ASC"", ""ASE"", ""ASO"", ""BRA"", ""CAN"", ""CHL"", ""CHN"", ""ENE"", ""ENW"", ""EUE"", ""EUM"", ""EUW"", ""IDN"", ""IND"", ""JPN"", ""LAM"", ""MDA"", ""MEA"", ""MEX"", ""NIG"", ""RUS"", ""SKT"", ""USA""]","[""Total Annualised Cost|Industry|Non-Ferrous Metals|Aluminum""]",116441.73997494628,Millions USD_2010/yr,151442.6773772102,Millions USD_2010/yr,100.0,-100.0,116441.73997494628,151442.6773772102,ndc_noce,2050
ndc_highce_gbl,NDC,"High CE, EU + partners",c,Global,Aluminium,Aluminium,Annualised sector-cost change,highce_gbl,2019,0.0,%,context,"[""AFE"", ""AFN"", ""AFW"", ""AFZ"", ""ANZ"", ""ASC"", ""ASE"", ""ASO"", ""BRA"", ""CAN"", ""CHL"", ""CHN"", ""ENE"", ""ENW"", ""EUE"", ""EUM"", ""EUW"", ""IDN"", ""IND"", ""JPN"", ""LAM"", ""MDA"", ""MEA"", ""MEX"", ""NIG"", ""RUS"", ""SKT"", ""USA""]","[""Total Annualised Cost|Industry|Non-Ferrous Metals|Aluminum""]",25017.308460003063,Millions USD_2010/yr,25017.308460003063,Millions USD_2010/yr,100.0,-100.0,25017.308460003063,25017.308460003063,ndc_noce,2019
ndc_highce_gbl,NDC,"High CE, EU + partners",c,Global,Aluminium,Aluminium,Annualised sector-cost change,highce_gbl,2024,0.0,%,plotted,"[""AFE"", ""AFN"", ""AFW"", ""AFZ"", ""ANZ"", ""ASC"", ""ASE"", ""ASO"", ""BRA"", ""CAN"", ""CHL"", ""CHN"", ""ENE"", ""ENW"", ""EUE"", ""EUM"", ""EUW"", ""IDN"", ""IND"", ""JPN"", ""LAM"", ""MDA"", ""MEA"", ""MEX"", ""NIG"", ""RUS"", ""SKT"", ""USA""]","[""Total Annualised Cost|Industry|Non-Ferrous Metals|Aluminum""]",98177.01756529351,Millions USD_2010/yr,98177.01756529351,Millions USD_2010/yr,100.0,-100.0,98177.01756529351,98177.01756529351,ndc_noce,2024
ndc_highce_gbl,NDC,"High CE, EU + partners",c,Global,Aluminium,Aluminium,Annualised sector-cost change,highce_gbl,2030,-20.788291389728652,%,plotted,"[""AFE"", ""AFN"", ""AFW"", ""AFZ"", ""ANZ"", ""ASC"", ""ASE"", ""ASO"", ""BRA"", ""CAN"", ""CHL"", ""CHN"", ""ENE"", ""ENW"", ""EUE"", ""EUM"", ""EUW"", ""IDN"", ""IND"", ""JPN"", ""LAM"", ""MDA"", ""MEA"", ""MEX"", ""NIG"", ""RUS"", ""SKT"", ""USA""]","[""Total Annualised Cost|Industry|Non-Ferrous Metals|Aluminum""]",149749.83290582738,Millions USD_2010/yr,189050.12343896012,Millions USD_2010/yr,100.0,-100.0,149749.83290582738,189050.12343896012,ndc_noce,2030
ndc_highce_gbl,NDC,"High CE, EU + partners",c,Global,Aluminium,Aluminium,Annualised sector-cost change,highce_gbl,2035,-24.30082699202002,%,plotted,"[""AFE"", ""AFN"", ""AFW"", ""AFZ"", ""ANZ"", ""ASC"", ""ASE"", ""ASO"", ""BRA"", ""CAN"", ""CHL"", ""CHN"", ""ENE"", ""ENW"", ""EUE"", ""EUM"", ""EUW"", ""IDN"", ""IND"", ""JPN"", ""LAM"", ""MDA"", ""MEA"", ""MEX"", ""NIG"", ""RUS"", ""SKT"", ""USA""]","[""Total Annualised Cost|Industry|Non-Ferrous Metals|Aluminum""]",108880.87407549468,Millions USD_2010/yr,143833.6374745029,Millions USD_2010/yr,100.0,-100.0,108880.87407549468,143833.6374745029,ndc_noce,2035
ndc_highce_gbl,NDC,"High CE, EU + partners",c,Global,Aluminium,Aluminium,Annualised sector-cost change,highce_gbl,2040,-32.77362506105405,%,plotted,"[""AFE"", ""AFN"", ""AFW"", ""AFZ"", ""ANZ"", ""ASC"", ""ASE"", ""ASO"", ""BRA"", ""CAN"", ""CHL"", ""CHN"", ""ENE"", ""ENW"", ""EUE"", ""EUM"", ""EUW"", ""IDN"", ""IND"", ""JPN"", ""LAM"", ""MDA"", ""MEA"", ""MEX"", ""NIG"", ""RUS"", ""SKT"", ""USA""]","[""Total Annualised Cost|Industry|Non-Ferrous Metals|Aluminum""]",110334.55198366399,Millions USD_2010/yr,164123.9053628405,Millions USD_2010/yr,100.0,-100.0,110334.55198366399,164123.9053628405,ndc_noce,2040
ndc_highce_gbl,NDC,"High CE, EU + partners",c,Global,Aluminium,Aluminium,Annualised sector-cost change,highce_gbl,2050,-42.20274024055475,%,plotted,"[""AFE"", ""AFN"", ""AFW"", ""AFZ"", ""ANZ"", ""ASC"", ""ASE"", ""ASO"", ""BRA"", ""CAN"", ""CHL"", ""CHN"", ""ENE"", ""ENW"", ""EUE"", ""EUM"", ""EUW"", ""IDN"", ""IND"", ""JPN"", ""LAM"", ""MDA"", ""MEA"", ""MEX"", ""NIG"", ""RUS"", ""SKT"", ""USA""]","[""Total Annualised Cost|Industry|Non-Ferrous Metals|Aluminum""]",87529.7176303648,Millions USD_2010/yr,151442.6773772102,Millions USD_2010/yr,100.0,-100.0,87529.7176303648,151442.6773772102,ndc_noce,2050
baseline_noce,NDC+LTT,No CE,d,Global,Cement,Cement,Annualised sector-cost change,noce,2019,0.0,%,context,"[""AFE"", ""AFN"", ""AFW"", ""AFZ"", ""ANZ"", ""ASC"", ""ASE"", ""ASO"", ""BRA"", ""CAN"", ""CHL"", ""CHN"", ""ENE"", ""ENW"", ""EUE"", ""EUM"", ""EUW"", ""IDN"", ""IND"", ""JPN"", ""LAM"", ""MDA"", ""MEA"", ""MEX"", ""NIG"", ""RUS"", ""SKT"", ""USA""]","[""Total Annualised Cost|Industry|Non-Metallic Minerals|Cement""]",104605.06988172908,Millions USD_2010/yr,104605.06988172908,Millions USD_2010/yr,100.0,-100.0,104605.06988172908,104605.06988172908,baseline_noce,2019
baseline_noce,NDC+LTT,No CE,d,Global,Cement,Cement,Annualised sector-cost change,noce,2024,0.0,%,plotted,"[""AFE"", ""AFN"", ""AFW"", ""AFZ"", ""ANZ"", ""ASC"", ""ASE"", ""ASO"", ""BRA"", ""CAN"", ""CHL"", ""CHN"", ""ENE"", ""ENW"", ""EUE"", ""EUM"", ""EUW"", ""IDN"", ""IND"", ""JPN"", ""LAM"", ""MDA"", ""MEA"", ""MEX"", ""NIG"", ""RUS"", ""SKT"", ""USA""]","[""Total Annualised Cost|Industry|Non-Metallic Minerals|Cement""]",178886.34915972987,Millions USD_2010/yr,178886.34915972987,Millions USD_2010/yr,100.0,-100.0,178886.34915972987,178886.34915972987,baseline_noce,2024
baseline_noce,NDC+LTT,No CE,d,Global,Cement,Cement,Annualised sector-cost change,noce,2030,0.0,%,plotted,"[""AFE"", ""AFN"", ""AFW"", ""AFZ"", ""ANZ"", ""ASC"", ""ASE"", ""ASO"", ""BRA"", ""CAN"", ""CHL"", ""CHN"", ""ENE"", ""ENW"", ""EUE"", ""EUM"", ""EUW"", ""IDN"", ""IND"", ""JPN"", ""LAM"", ""MDA"", ""MEA"", ""MEX"", ""NIG"", ""RUS"", ""SKT"", ""USA""]","[""Total Annualised Cost|Industry|Non-Metallic Minerals|Cement""]",331093.89253432816,Millions USD_2010/yr,331093.89253432816,Millions USD_2010/yr,100.0,-100.0,331093.89253432816,331093.89253432816,baseline_noce,2030
baseline_noce,NDC+LTT,No CE,d,Global,Cement,Cement,Annualised sector-cost change,noce,2035,0.0,%,plotted,"[""AFE"", ""AFN"", ""AFW"", ""AFZ"", ""ANZ"", ""ASC"", ""ASE"", ""ASO"", ""BRA"", ""CAN"", ""CHL"", ""CHN"", ""ENE"", ""ENW"", ""EUE"", ""EUM"", ""EUW"", ""IDN"", ""IND"", ""JPN"", ""LAM"", ""MDA"", ""MEA"", ""MEX"", ""NIG"", ""RUS"", ""SKT"", ""USA""]","[""Total Annualised Cost|Industry|Non-Metallic Minerals|Cement""]",422932.6031034711,Millions USD_2010/yr,422932.6031034711,Millions USD_2010/yr,100.0,-100.0,422932.6031034711,422932.6031034711,baseline_noce,2035
baseline_noce,NDC+LTT,No CE,d,Global,Cement,Cement,Annualised sector-cost change,noce,2040,0.0,%,plotted,"[""AFE"", ""AFN"", ""AFW"", ""AFZ"", ""ANZ"", ""ASC"", ""ASE"", ""ASO"", ""BRA"", ""CAN"", ""CHL"", ""CHN"", ""ENE"", ""ENW"", ""EUE"", ""EUM"", ""EUW"", ""IDN"", ""IND"", ""JPN"", ""LAM"", ""MDA"", ""MEA"", ""MEX"", ""NIG"", ""RUS"", ""SKT"", ""USA""]","[""Total Annualised Cost|Industry|Non-Metallic Minerals|Cement""]",584114.6752148796,Millions USD_2010/yr,584114.6752148796,Millions USD_2010/yr,100.0,-100.0,584114.6752148796,584114.6752148796,baseline_noce,2040
baseline_noce,NDC+LTT,No CE,d,Global,Cement,Cement,Annualised sector-cost change,noce,2050,0.0,%,plotted,"[""AFE"", ""AFN"", ""AFW"", ""AFZ"", ""ANZ"", ""ASC"", ""ASE"", ""ASO"", ""BRA"", ""CAN"", ""CHL"", ""CHN"", ""ENE"", ""ENW"", ""EUE"", ""EUM"", ""EUW"", ""IDN"", ""IND"", ""JPN"", ""LAM"", ""MDA"", ""MEA"", ""MEX"", ""NIG"", ""RUS"", ""SKT"", ""USA""]","[""Total Annualised Cost|Industry|Non-Metallic Minerals|Cement""]",777142.3333003592,Millions USD_2010/yr,777142.3333003592,Millions USD_2010/yr,100.0,-100.0,777142.3333003592,777142.3333003592,baseline_noce,2050
baseline_medce_eu,NDC+LTT,"Medium CE, EU",d,Global,Cement,Cement,Annualised sector-cost change,medce_eu,2019,0.0,%,context,"[""AFE"", ""AFN"", ""AFW"", ""AFZ"", ""ANZ"", ""ASC"", ""ASE"", ""ASO"", ""BRA"", ""CAN"", ""CHL"", ""CHN"", ""ENE"", ""ENW"", ""EUE"", ""EUM"", ""EUW"", ""IDN"", ""IND"", ""JPN"", ""LAM"", ""MDA"", ""MEA"", ""MEX"", ""NIG"", ""RUS"", ""SKT"", ""USA""]","[""Total Annualised Cost|Industry|Non-Metallic Minerals|Cement""]",104605.06988172908,Millions USD_2010/yr,104605.06988172908,Millions USD_2010/yr,100.0,-100.0,104605.06988172908,104605.06988172908,baseline_noce,2019
baseline_medce_eu,NDC+LTT,"Medium CE, EU",d,Global,Cement,Cement,Annualised sector-cost change,medce_eu,2024,0.0,%,plotted,"[""AFE"", ""AFN"", ""AFW"", ""AFZ"", ""ANZ"", ""ASC"", ""ASE"", ""ASO"", ""BRA"", ""CAN"", ""CHL"", ""CHN"", ""ENE"", ""ENW"", ""EUE"", ""EUM"", ""EUW"", ""IDN"", ""IND"", ""JPN"", ""LAM"", ""MDA"", ""MEA"", ""MEX"", ""NIG"", ""RUS"", ""SKT"", ""USA""]","[""Total Annualised Cost|Industry|Non-Metallic Minerals|Cement""]",178886.34915972987,Millions USD_2010/yr,178886.34915972987,Millions USD_2010/yr,100.0,-100.0,178886.34915972987,178886.34915972987,baseline_noce,2024
baseline_medce_eu,NDC+LTT,"Medium CE, EU",d,Global,Cement,Cement,Annualised sector-cost change,medce_eu,2030,-0.16180288565682352,%,plotted,"[""AFE"", ""AFN"", ""AFW"", ""AFZ"", ""ANZ"", ""ASC"", ""ASE"", ""ASO"", ""BRA"", ""CAN"", ""CHL"", ""CHN"", ""ENE"", ""ENW"", ""EUE"", ""EUM"", ""EUW"", ""IDN"", ""IND"", ""JPN"", ""LAM"", ""MDA"", ""MEA"", ""MEX"", ""NIG"", ""RUS"", ""SKT"", ""USA""]","[""Total Annualised Cost|Industry|Non-Metallic Minerals|Cement""]",330558.1730619741,Millions USD_2010/yr,331093.89253432816,Millions USD_2010/yr,100.0,-100.0,330558.1730619741,331093.89253432816,baseline_noce,2030
baseline_medce_eu,NDC+LTT,"Medium CE, EU",d,Global,Cement,Cement,Annualised sector-cost change,medce_eu,2035,-0.7437283919205271,%,plotted,"[""AFE"", ""AFN"", ""AFW"", ""AFZ"", ""ANZ"", ""ASC"", ""ASE"", ""ASO"", ""BRA"", ""CAN"", ""CHL"", ""CHN"", ""ENE"", ""ENW"", ""EUE"", ""EUM"", ""EUW"", ""IDN"", ""IND"", ""JPN"", ""LAM"", ""MDA"", ""MEA"", ""MEX"", ""NIG"", ""RUS"", ""SKT"", ""USA""]","[""Total Annualised Cost|Industry|Non-Metallic Minerals|Cement""]",419787.13325550203,Millions USD_2010/yr,422932.6031034711,Millions USD_2010/yr,100.0,-100.0,419787.13325550203,422932.6031034711,baseline_noce,2035
baseline_medce_eu,NDC+LTT,"Medium CE, EU",d,Global,Cement,Cement,Annualised sector-cost change,medce_eu,2040,-0.9543898773225272,%,plotted,"[""AFE"", ""AFN"", ""AFW"", ""AFZ"", ""ANZ"", ""ASC"", ""ASE"", ""ASO"", ""BRA"", ""CAN"", ""CHL"", ""CHN"", ""ENE"", ""ENW"", ""EUE"", ""EUM"", ""EUW"", ""IDN"", ""IND"", ""JPN"", ""LAM"", ""MDA"", ""MEA"", ""MEX"", ""NIG"", ""RUS"", ""SKT"", ""USA""]","[""Total Annualised Cost|Industry|Non-Metallic Minerals|Cement""]",578539.9438826734,Millions USD_2010/yr,584114.6752148796,Millions USD_2010/yr,100.0,-100.0,578539.9438826734,584114.6752148796,baseline_noce,2040
baseline_medce_eu,NDC+LTT,"Medium CE, EU",d,Global,Cement,Cement,Annualised sector-cost change,medce_eu,2050,-1.1275776287249617,%,plotted,"[""AFE"", ""AFN"", ""AFW"", ""AFZ"", ""ANZ"", ""ASC"", ""ASE"", ""ASO"", ""BRA"", ""CAN"", ""CHL"", ""CHN"", ""ENE"", ""ENW"", ""EUE"", ""EUM"", ""EUW"", ""IDN"", ""IND"", ""JPN"", ""LAM"", ""MDA"", ""MEA"", ""MEX"", ""NIG"", ""RUS"", ""SKT"", ""USA""]","[""Total Annualised Cost|Industry|Non-Metallic Minerals|Cement""]",768379.4502067132,Millions USD_2010/yr,777142.3333003592,Millions USD_2010/yr,100.0,-100.0,768379.4502067132,777142.3333003592,baseline_noce,2050
baseline_highce_eu,NDC+LTT,"High CE, EU",d,Global,Cement,Cement,Annualised sector-cost change,highce_eu,2019,0.0,%,context,"[""AFE"", ""AFN"", ""AFW"", ""AFZ"", ""ANZ"", ""ASC"", ""ASE"", ""ASO"", ""BRA"", ""CAN"", ""CHL"", ""CHN"", ""ENE"", ""ENW"", ""EUE"", ""EUM"", ""EUW"", ""IDN"", ""IND"", ""JPN"", ""LAM"", ""MDA"", ""MEA"", ""MEX"", ""NIG"", ""RUS"", ""SKT"", ""USA""]","[""Total Annualised Cost|Industry|Non-Metallic Minerals|Cement""]",104605.06988172908,Millions USD_2010/yr,104605.06988172908,Millions USD_2010/yr,100.0,-100.0,104605.06988172908,104605.06988172908,baseline_noce,2019
baseline_highce_eu,NDC+LTT,"High CE, EU",d,Global,Cement,Cement,Annualised sector-cost change,highce_eu,2024,0.0,%,plotted,"[""AFE"", ""AFN"", ""AFW"", ""AFZ"", ""ANZ"", ""ASC"", ""ASE"", ""ASO"", ""BRA"", ""CAN"", ""CHL"", ""CHN"", ""ENE"", ""ENW"", ""EUE"", ""EUM"", ""EUW"", ""IDN"", ""IND"", ""JPN"", ""LAM"", ""MDA"", ""MEA"", ""MEX"", ""NIG"", ""RUS"", ""SKT"", ""USA""]","[""Total Annualised Cost|Industry|Non-Metallic Minerals|Cement""]",178886.34915972987,Millions USD_2010/yr,178886.34915972987,Millions USD_2010/yr,100.0,-100.0,178886.34915972987,178886.34915972987,baseline_noce,2024
baseline_highce_eu,NDC+LTT,"High CE, EU",d,Global,Cement,Cement,Annualised sector-cost change,highce_eu,2030,-0.6395552659114752,%,plotted,"[""AFE"", ""AFN"", ""AFW"", ""AFZ"", ""ANZ"", ""ASC"", ""ASE"", ""ASO"", ""BRA"", ""CAN"", ""CHL"", ""CHN"", ""ENE"", ""ENW"", ""EUE"", ""EUM"", ""EUW"", ""IDN"", ""IND"", ""JPN"", ""LAM"", ""MDA"", ""MEA"", ""MEX"", ""NIG"", ""RUS"", ""SKT"", ""USA""]","[""Total Annualised Cost|Industry|Non-Metallic Minerals|Cement""]",328976.3641095136,Millions USD_2010/yr,331093.89253432816,Millions USD_2010/yr,100.0,-100.0,328976.3641095136,331093.89253432816,baseline_noce,2030
baseline_highce_eu,NDC+LTT,"High CE, EU",d,Global,Cement,Cement,Annualised sector-cost change,highce_eu,2035,-1.257884975856474,%,plotted,"[""AFE"", ""AFN"", ""AFW"", ""AFZ"", ""ANZ"", ""ASC"", ""ASE"", ""ASO"", ""BRA"", ""CAN"", ""CHL"", ""CHN"", ""ENE"", ""ENW"", ""EUE"", ""EUM"", ""EUW"", ""IDN"", ""IND"", ""JPN"", ""LAM"", ""MDA"", ""MEA"", ""MEX"", ""NIG"", ""RUS"", ""SKT"", ""USA""]","[""Total Annualised Cost|Industry|Non-Metallic Minerals|Cement""]",417612.59743103385,Millions USD_2010/yr,422932.6031034711,Millions USD_2010/yr,100.0,-100.0,417612.59743103385,422932.6031034711,baseline_noce,2035
baseline_highce_eu,NDC+LTT,"High CE, EU",d,Global,Cement,Cement,Annualised sector-cost change,highce_eu,2040,-1.4936578717000475,%,plotted,"[""AFE"", ""AFN"", ""AFW"", ""AFZ"", ""ANZ"", ""ASC"", ""ASE"", ""ASO"", ""BRA"", ""CAN"", ""CHL"", ""CHN"", ""ENE"", ""ENW"", ""EUE"", ""EUM"", ""EUW"", ""IDN"", ""IND"", ""JPN"", ""LAM"", ""MDA"", ""MEA"", ""MEX"", ""NIG"", ""RUS"", ""SKT"", ""USA""]","[""Total Annualised Cost|Industry|Non-Metallic Minerals|Cement""]",575390.0003887773,Millions USD_2010/yr,584114.6752148796,Millions USD_2010/yr,100.0,-100.0,575390.0003887773,584114.6752148796,baseline_noce,2040
baseline_highce_eu,NDC+LTT,"High CE, EU",d,Global,Cement,Cement,Annualised sector-cost change,highce_eu,2050,-1.5942051133129576,%,plotted,"[""AFE"", ""AFN"", ""AFW"", ""AFZ"", ""ANZ"", ""ASC"", ""ASE"", ""ASO"", ""BRA"", ""CAN"", ""CHL"", ""CHN"", ""ENE"", ""ENW"", ""EUE"", ""EUM"", ""EUW"", ""IDN"", ""IND"", ""JPN"", ""LAM"", ""MDA"", ""MEA"", ""MEX"", ""NIG"", ""RUS"", ""SKT"", ""USA""]","[""Total Annualised Cost|Industry|Non-Metallic Minerals|Cement""]",764753.0904851652,Millions USD_2010/yr,777142.3333003592,Millions USD_2010/yr,100.0,-100.0,764753.0904851652,777142.3333003592,baseline_noce,2050
baseline_medce_gbl,NDC+LTT,"Medium CE, EU + partners",d,Global,Cement,Cement,Annualised sector-cost change,medce_gbl,2019,0.0,%,context,"[""AFE"", ""AFN"", ""AFW"", ""AFZ"", ""ANZ"", ""ASC"", ""ASE"", ""ASO"", ""BRA"", ""CAN"", ""CHL"", ""CHN"", ""ENE"", ""ENW"", ""EUE"", ""EUM"", ""EUW"", ""IDN"", ""IND"", ""JPN"", ""LAM"", ""MDA"", ""MEA"", ""MEX"", ""NIG"", ""RUS"", ""SKT"", ""USA""]","[""Total Annualised Cost|Industry|Non-Metallic Minerals|Cement""]",104605.06988172908,Millions USD_2010/yr,104605.06988172908,Millions USD_2010/yr,100.0,-100.0,104605.06988172908,104605.06988172908,baseline_noce,2019
baseline_medce_gbl,NDC+LTT,"Medium CE, EU + partners",d,Global,Cement,Cement,Annualised sector-cost change,medce_gbl,2024,0.0,%,plotted,"[""AFE"", ""AFN"", ""AFW"", ""AFZ"", ""ANZ"", ""ASC"", ""ASE"", ""ASO"", ""BRA"", ""CAN"", ""CHL"", ""CHN"", ""ENE"", ""ENW"", ""EUE"", ""EUM"", ""EUW"", ""IDN"", ""IND"", ""JPN"", ""LAM"", ""MDA"", ""MEA"", ""MEX"", ""NIG"", ""RUS"", ""SKT"", ""USA""]","[""Total Annualised Cost|Industry|Non-Metallic Minerals|Cement""]",178886.34915972987,Millions USD_2010/yr,178886.34915972987,Millions USD_2010/yr,100.0,-100.0,178886.34915972987,178886.34915972987,baseline_noce,2024
baseline_medce_gbl,NDC+LTT,"Medium CE, EU + partners",d,Global,Cement,Cement,Annualised sector-cost change,medce_gbl,2030,-9.676903213578726,%,plotted,"[""AFE"", ""AFN"", ""AFW"", ""AFZ"", ""ANZ"", ""ASC"", ""ASE"", ""ASO"", ""BRA"", ""CAN"", ""CHL"", ""CHN"", ""ENE"", ""ENW"", ""EUE"", ""EUM"", ""EUW"", ""IDN"", ""IND"", ""JPN"", ""LAM"", ""MDA"", ""MEA"", ""MEX"", ""NIG"", ""RUS"", ""SKT"", ""USA""]","[""Total Annualised Cost|Industry|Non-Metallic Minerals|Cement""]",299054.25700771087,Millions USD_2010/yr,331093.89253432816,Millions USD_2010/yr,100.0,-100.0,299054.25700771087,331093.89253432816,baseline_noce,2030
baseline_medce_gbl,NDC+LTT,"Medium CE, EU + partners",d,Global,Cement,Cement,Annualised sector-cost change,medce_gbl,2035,-13.778165624247146,%,plotted,"[""AFE"", ""AFN"", ""AFW"", ""AFZ"", ""ANZ"", ""ASC"", ""ASE"", ""ASO"", ""BRA"", ""CAN"", ""CHL"", ""CHN"", ""ENE"", ""ENW"", ""EUE"", ""EUM"", ""EUW"", ""IDN"", ""IND"", ""JPN"", ""LAM"", ""MDA"", ""MEA"", ""MEX"", ""NIG"", ""RUS"", ""SKT"", ""USA""]","[""Total Annualised Cost|Industry|Non-Metallic Minerals|Cement""]",364660.248568935,Millions USD_2010/yr,422932.6031034711,Millions USD_2010/yr,100.0,-100.0,364660.248568935,422932.6031034711,baseline_noce,2035
baseline_medce_gbl,NDC+LTT,"Medium CE, EU + partners",d,Global,Cement,Cement,Annualised sector-cost change,medce_gbl,2040,-16.74936565851456,%,plotted,"[""AFE"", ""AFN"", ""AFW"", ""AFZ"", ""ANZ"", ""ASC"", ""ASE"", ""ASO"", ""BRA"", ""CAN"", ""CHL"", ""CHN"", ""ENE"", ""ENW"", ""EUE"", ""EUM"", ""EUW"", ""IDN"", ""IND"", ""JPN"", ""LAM"", ""MDA"", ""MEA"", ""MEX"", ""NIG"", ""RUS"", ""SKT"", ""USA""]","[""Total Annualised Cost|Industry|Non-Metallic Minerals|Cement""]",486279.17239809467,Millions USD_2010/yr,584114.6752148796,Millions USD_2010/yr,100.0,-100.0,486279.17239809467,584114.6752148796,baseline_noce,2040
baseline_medce_gbl,NDC+LTT,"Medium CE, EU + partners",d,Global,Cement,Cement,Annualised sector-cost change,medce_gbl,2050,-17.512234081774615,%,plotted,"[""AFE"", ""AFN"", ""AFW"", ""AFZ"", ""ANZ"", ""ASC"", ""ASE"", ""ASO"", ""BRA"", ""CAN"", ""CHL"", ""CHN"", ""ENE"", ""ENW"", ""EUE"", ""EUM"", ""EUW"", ""IDN"", ""IND"", ""JPN"", ""LAM"", ""MDA"", ""MEA"", ""MEX"", ""NIG"", ""RUS"", ""SKT"", ""USA""]","[""Total Annualised Cost|Industry|Non-Metallic Minerals|Cement""]",641047.3487442352,Millions USD_2010/yr,777142.3333003592,Millions USD_2010/yr,100.0,-100.0,641047.3487442352,777142.3333003592,baseline_noce,2050
baseline_highce_gbl,NDC+LTT,"High CE, EU + partners",d,Global,Cement,Cement,Annualised sector-cost change,highce_gbl,2019,0.0,%,context,"[""AFE"", ""AFN"", ""AFW"", ""AFZ"", ""ANZ"", ""ASC"", ""ASE"", ""ASO"", ""BRA"", ""CAN"", ""CHL"", ""CHN"", ""ENE"", ""ENW"", ""EUE"", ""EUM"", ""EUW"", ""IDN"", ""IND"", ""JPN"", ""LAM"", ""MDA"", ""MEA"", ""MEX"", ""NIG"", ""RUS"", ""SKT"", ""USA""]","[""Total Annualised Cost|Industry|Non-Metallic Minerals|Cement""]",104605.06988172908,Millions USD_2010/yr,104605.06988172908,Millions USD_2010/yr,100.0,-100.0,104605.06988172908,104605.06988172908,baseline_noce,2019
baseline_highce_gbl,NDC+LTT,"High CE, EU + partners",d,Global,Cement,Cement,Annualised sector-cost change,highce_gbl,2024,0.0,%,plotted,"[""AFE"", ""AFN"", ""AFW"", ""AFZ"", ""ANZ"", ""ASC"", ""ASE"", ""ASO"", ""BRA"", ""CAN"", ""CHL"", ""CHN"", ""ENE"", ""ENW"", ""EUE"", ""EUM"", ""EUW"", ""IDN"", ""IND"", ""JPN"", ""LAM"", ""MDA"", ""MEA"", ""MEX"", ""NIG"", ""RUS"", ""SKT"", ""USA""]","[""Total Annualised Cost|Industry|Non-Metallic Minerals|Cement""]",178886.34915972987,Millions USD_2010/yr,178886.34915972987,Millions USD_2010/yr,100.0,-100.0,178886.34915972987,178886.34915972987,baseline_noce,2024
baseline_highce_gbl,NDC+LTT,"High CE, EU + partners",d,Global,Cement,Cement,Annualised sector-cost change,highce_gbl,2030,-16.735787931411554,%,plotted,"[""AFE"", ""AFN"", ""AFW"", ""AFZ"", ""ANZ"", ""ASC"", ""ASE"", ""ASO"", ""BRA"", ""CAN"", ""CHL"", ""CHN"", ""ENE"", ""ENW"", ""EUE"", ""EUM"", ""EUW"", ""IDN"", ""IND"", ""JPN"", ""LAM"", ""MDA"", ""MEA"", ""MEX"", ""NIG"", ""RUS"", ""SKT"", ""USA""]","[""Total Annualised Cost|Industry|Non-Metallic Minerals|Cement""]",275682.72082592733,Millions USD_2010/yr,331093.89253432816,Millions USD_2010/yr,100.0,-100.0,275682.72082592733,331093.89253432816,baseline_noce,2030
baseline_highce_gbl,NDC+LTT,"High CE, EU + partners",d,Global,Cement,Cement,Annualised sector-cost change,highce_gbl,2035,-20.106367528894182,%,plotted,"[""AFE"", ""AFN"", ""AFW"", ""AFZ"", ""ANZ"", ""ASC"", ""ASE"", ""ASO"", ""BRA"", ""CAN"", ""CHL"", ""CHN"", ""ENE"", ""ENW"", ""EUE"", ""EUM"", ""EUW"", ""IDN"", ""IND"", ""JPN"", ""LAM"", ""MDA"", ""MEA"", ""MEX"", ""NIG"", ""RUS"", ""SKT"", ""USA""]","[""Total Annualised Cost|Industry|Non-Metallic Minerals|Cement""]",337896.2195239679,Millions USD_2010/yr,422932.6031034711,Millions USD_2010/yr,100.0,-100.0,337896.2195239679,422932.6031034711,baseline_noce,2035
baseline_highce_gbl,NDC+LTT,"High CE, EU + partners",d,Global,Cement,Cement,Annualised sector-cost change,highce_gbl,2040,-24.82455870387175,%,plotted,"[""AFE"", ""AFN"", ""AFW"", ""AFZ"", ""ANZ"", ""ASC"", ""ASE"", ""ASO"", ""BRA"", ""CAN"", ""CHL"", ""CHN"", ""ENE"", ""ENW"", ""EUE"", ""EUM"", ""EUW"", ""IDN"", ""IND"", ""JPN"", ""LAM"", ""MDA"", ""MEA"", ""MEX"", ""NIG"", ""RUS"", ""SKT"", ""USA""]","[""Total Annualised Cost|Industry|Non-Metallic Minerals|Cement""]",439110.78476823197,Millions USD_2010/yr,584114.6752148796,Millions USD_2010/yr,100.0,-100.0,439110.78476823197,584114.6752148796,baseline_noce,2040
baseline_highce_gbl,NDC+LTT,"High CE, EU + partners",d,Global,Cement,Cement,Annualised sector-cost change,highce_gbl,2050,-24.219953304940226,%,plotted,"[""AFE"", ""AFN"", ""AFW"", ""AFZ"", ""ANZ"", ""ASC"", ""ASE"", ""ASO"", ""BRA"", ""CAN"", ""CHL"", ""CHN"", ""ENE"", ""ENW"", ""EUE"", ""EUM"", ""EUW"", ""IDN"", ""IND"", ""JPN"", ""LAM"", ""MDA"", ""MEA"", ""MEX"", ""NIG"", ""RUS"", ""SKT"", ""USA""]","[""Total Annualised Cost|Industry|Non-Metallic Minerals|Cement""]",588918.8230620893,Millions USD_2010/yr,777142.3333003592,Millions USD_2010/yr,100.0,-100.0,588918.8230620893,777142.3333003592,baseline_noce,2050
baseline_noce,NDC+LTT,No CE,e,Global,Iron and steel,Iron and steel,Annualised sector-cost change,noce,2019,0.0,%,context,"[""AFE"", ""AFN"", ""AFW"", ""AFZ"", ""ANZ"", ""ASC"", ""ASE"", ""ASO"", ""BRA"", ""CAN"", ""CHL"", ""CHN"", ""ENE"", ""ENW"", ""EUE"", ""EUM"", ""EUW"", ""IDN"", ""IND"", ""JPN"", ""LAM"", ""MDA"", ""MEA"", ""MEX"", ""NIG"", ""RUS"", ""SKT"", ""USA""]","[""Total Annualised Cost|Industry|Iron and Steel""]",4959455.128965229,Millions USD_2010/yr,4959455.128965229,Millions USD_2010/yr,100.0,-100.0,4959455.128965229,4959455.128965229,baseline_noce,2019
baseline_noce,NDC+LTT,No CE,e,Global,Iron and steel,Iron and steel,Annualised sector-cost change,noce,2024,0.0,%,plotted,"[""AFE"", ""AFN"", ""AFW"", ""AFZ"", ""ANZ"", ""ASC"", ""ASE"", ""ASO"", ""BRA"", ""CAN"", ""CHL"", ""CHN"", ""ENE"", ""ENW"", ""EUE"", ""EUM"", ""EUW"", ""IDN"", ""IND"", ""JPN"", ""LAM"", ""MDA"", ""MEA"", ""MEX"", ""NIG"", ""RUS"", ""SKT"", ""USA""]","[""Total Annualised Cost|Industry|Iron and Steel""]",201938.09721133878,Millions USD_2010/yr,201938.09721133878,Millions USD_2010/yr,100.0,-100.0,201938.09721133878,201938.09721133878,baseline_noce,2024
baseline_noce,NDC+LTT,No CE,e,Global,Iron and steel,Iron and steel,Annualised sector-cost change,noce,2030,0.0,%,plotted,"[""AFE"", ""AFN"", ""AFW"", ""AFZ"", ""ANZ"", ""ASC"", ""ASE"", ""ASO"", ""BRA"", ""CAN"", ""CHL"", ""CHN"", ""ENE"", ""ENW"", ""EUE"", ""EUM"", ""EUW"", ""IDN"", ""IND"", ""JPN"", ""LAM"", ""MDA"", ""MEA"", ""MEX"", ""NIG"", ""RUS"", ""SKT"", ""USA""]","[""Total Annualised Cost|Industry|Iron and Steel""]",295982.7557650916,Millions USD_2010/yr,295982.7557650916,Millions USD_2010/yr,100.0,-100.0,295982.7557650916,295982.7557650916,baseline_noce,2030
baseline_noce,NDC+LTT,No CE,e,Global,Iron and steel,Iron and steel,Annualised sector-cost change,noce,2035,0.0,%,plotted,"[""AFE"", ""AFN"", ""AFW"", ""AFZ"", ""ANZ"", ""ASC"", ""ASE"", ""ASO"", ""BRA"", ""CAN"", ""CHL"", ""CHN"", ""ENE"", ""ENW"", ""EUE"", ""EUM"", ""EUW"", ""IDN"", ""IND"", ""JPN"", ""LAM"", ""MDA"", ""MEA"", ""MEX"", ""NIG"", ""RUS"", ""SKT"", ""USA""]","[""Total Annualised Cost|Industry|Iron and Steel""]",319762.7455424265,Millions USD_2010/yr,319762.7455424265,Millions USD_2010/yr,100.0,-100.0,319762.7455424265,319762.7455424265,baseline_noce,2035
baseline_noce,NDC+LTT,No CE,e,Global,Iron and steel,Iron and steel,Annualised sector-cost change,noce,2040,0.0,%,plotted,"[""AFE"", ""AFN"", ""AFW"", ""AFZ"", ""ANZ"", ""ASC"", ""ASE"", ""ASO"", ""BRA"", ""CAN"", ""CHL"", ""CHN"", ""ENE"", ""ENW"", ""EUE"", ""EUM"", ""EUW"", ""IDN"", ""IND"", ""JPN"", ""LAM"", ""MDA"", ""MEA"", ""MEX"", ""NIG"", ""RUS"", ""SKT"", ""USA""]","[""Total Annualised Cost|Industry|Iron and Steel""]",511224.19724813633,Millions USD_2010/yr,511224.19724813633,Millions USD_2010/yr,100.0,-100.0,511224.19724813633,511224.19724813633,baseline_noce,2040
baseline_noce,NDC+LTT,No CE,e,Global,Iron and steel,Iron and steel,Annualised sector-cost change,noce,2050,0.0,%,plotted,"[""AFE"", ""AFN"", ""AFW"", ""AFZ"", ""ANZ"", ""ASC"", ""ASE"", ""ASO"", ""BRA"", ""CAN"", ""CHL"", ""CHN"", ""ENE"", ""ENW"", ""EUE"", ""EUM"", ""EUW"", ""IDN"", ""IND"", ""JPN"", ""LAM"", ""MDA"", ""MEA"", ""MEX"", ""NIG"", ""RUS"", ""SKT"", ""USA""]","[""Total Annualised Cost|Industry|Iron and Steel""]",709327.2214321663,Millions USD_2010/yr,709327.2214321663,Millions USD_2010/yr,100.0,-100.0,709327.2214321663,709327.2214321663,baseline_noce,2050
baseline_medce_eu,NDC+LTT,"Medium CE, EU",e,Global,Iron and steel,Iron and steel,Annualised sector-cost change,medce_eu,2019,0.0,%,context,"[""AFE"", ""AFN"", ""AFW"", ""AFZ"", ""ANZ"", ""ASC"", ""ASE"", ""ASO"", ""BRA"", ""CAN"", ""CHL"", ""CHN"", ""ENE"", ""ENW"", ""EUE"", ""EUM"", ""EUW"", ""IDN"", ""IND"", ""JPN"", ""LAM"", ""MDA"", ""MEA"", ""MEX"", ""NIG"", ""RUS"", ""SKT"", ""USA""]","[""Total Annualised Cost|Industry|Iron and Steel""]",4959455.128965229,Millions USD_2010/yr,4959455.128965229,Millions USD_2010/yr,100.0,-100.0,4959455.128965229,4959455.128965229,baseline_noce,2019
baseline_medce_eu,NDC+LTT,"Medium CE, EU",e,Global,Iron and steel,Iron and steel,Annualised sector-cost change,medce_eu,2024,0.0,%,plotted,"[""AFE"", ""AFN"", ""AFW"", ""AFZ"", ""ANZ"", ""ASC"", ""ASE"", ""ASO"", ""BRA"", ""CAN"", ""CHL"", ""CHN"", ""ENE"", ""ENW"", ""EUE"", ""EUM"", ""EUW"", ""IDN"", ""IND"", ""JPN"", ""LAM"", ""MDA"", ""MEA"", ""MEX"", ""NIG"", ""RUS"", ""SKT"", ""USA""]","[""Total Annualised Cost|Industry|Iron and Steel""]",201938.09721133878,Millions USD_2010/yr,201938.09721133878,Millions USD_2010/yr,100.0,-100.0,201938.09721133878,201938.09721133878,baseline_noce,2024
baseline_medce_eu,NDC+LTT,"Medium CE, EU",e,Global,Iron and steel,Iron and steel,Annualised sector-cost change,medce_eu,2030,0.41180551714526087,%,plotted,"[""AFE"", ""AFN"", ""AFW"", ""AFZ"", ""ANZ"", ""ASC"", ""ASE"", ""ASO"", ""BRA"", ""CAN"", ""CHL"", ""CHN"", ""ENE"", ""ENW"", ""EUE"", ""EUM"", ""EUW"", ""IDN"", ""IND"", ""JPN"", ""LAM"", ""MDA"", ""MEA"", ""MEX"", ""NIG"", ""RUS"", ""SKT"", ""USA""]","[""Total Annualised Cost|Industry|Iron and Steel""]",297201.62908313086,Millions USD_2010/yr,295982.7557650916,Millions USD_2010/yr,100.0,-100.0,297201.62908313086,295982.7557650916,baseline_noce,2030
baseline_medce_eu,NDC+LTT,"Medium CE, EU",e,Global,Iron and steel,Iron and steel,Annualised sector-cost change,medce_eu,2035,0.91292898733409,%,plotted,"[""AFE"", ""AFN"", ""AFW"", ""AFZ"", ""ANZ"", ""ASC"", ""ASE"", ""ASO"", ""BRA"", ""CAN"", ""CHL"", ""CHN"", ""ENE"", ""ENW"", ""EUE"", ""EUM"", ""EUW"", ""IDN"", ""IND"", ""JPN"", ""LAM"", ""MDA"", ""MEA"", ""MEX"", ""NIG"", ""RUS"", ""SKT"", ""USA""]","[""Total Annualised Cost|Industry|Iron and Steel""]",322681.95233717863,Millions USD_2010/yr,319762.7455424265,Millions USD_2010/yr,100.0,-100.0,322681.95233717863,319762.7455424265,baseline_noce,2035
baseline_medce_eu,NDC+LTT,"Medium CE, EU",e,Global,Iron and steel,Iron and steel,Annualised sector-cost change,medce_eu,2040,0.35419633680153007,%,plotted,"[""AFE"", ""AFN"", ""AFW"", ""AFZ"", ""ANZ"", ""ASC"", ""ASE"", ""ASO"", ""BRA"", ""CAN"", ""CHL"", ""CHN"", ""ENE"", ""ENW"", ""EUE"", ""EUM"", ""EUW"", ""IDN"", ""IND"", ""JPN"", ""LAM"", ""MDA"", ""MEA"", ""MEX"", ""NIG"", ""RUS"", ""SKT"", ""USA""]","[""Total Annualised Cost|Industry|Iron and Steel""]",513034.93462763226,Millions USD_2010/yr,511224.19724813633,Millions USD_2010/yr,100.0,-100.0,513034.93462763226,511224.19724813633,baseline_noce,2040
baseline_medce_eu,NDC+LTT,"Medium CE, EU",e,Global,Iron and steel,Iron and steel,Annualised sector-cost change,medce_eu,2050,-0.9425997211353491,%,plotted,"[""AFE"", ""AFN"", ""AFW"", ""AFZ"", ""ANZ"", ""ASC"", ""ASE"", ""ASO"", ""BRA"", ""CAN"", ""CHL"", ""CHN"", ""ENE"", ""ENW"", ""EUE"", ""EUM"", ""EUW"", ""IDN"", ""IND"", ""JPN"", ""LAM"", ""MDA"", ""MEA"", ""MEX"", ""NIG"", ""RUS"", ""SKT"", ""USA""]","[""Total Annualised Cost|Industry|Iron and Steel""]",702641.1050210096,Millions USD_2010/yr,709327.2214321663,Millions USD_2010/yr,100.0,-100.0,702641.1050210096,709327.2214321663,baseline_noce,2050
baseline_highce_eu,NDC+LTT,"High CE, EU",e,Global,Iron and steel,Iron and steel,Annualised sector-cost change,highce_eu,2019,0.0,%,context,"[""AFE"", ""AFN"", ""AFW"", ""AFZ"", ""ANZ"", ""ASC"", ""ASE"", ""ASO"", ""BRA"", ""CAN"", ""CHL"", ""CHN"", ""ENE"", ""ENW"", ""EUE"", ""EUM"", ""EUW"", ""IDN"", ""IND"", ""JPN"", ""LAM"", ""MDA"", ""MEA"", ""MEX"", ""NIG"", ""RUS"", ""SKT"", ""USA""]","[""Total Annualised Cost|Industry|Iron and Steel""]",4959455.128965229,Millions USD_2010/yr,4959455.128965229,Millions USD_2010/yr,100.0,-100.0,4959455.128965229,4959455.128965229,baseline_noce,2019
baseline_highce_eu,NDC+LTT,"High CE, EU",e,Global,Iron and steel,Iron and steel,Annualised sector-cost change,highce_eu,2024,1.441225348690645e-14,%,plotted,"[""AFE"", ""AFN"", ""AFW"", ""AFZ"", ""ANZ"", ""ASC"", ""ASE"", ""ASO"", ""BRA"", ""CAN"", ""CHL"", ""CHN"", ""ENE"", ""ENW"", ""EUE"", ""EUM"", ""EUW"", ""IDN"", ""IND"", ""JPN"", ""LAM"", ""MDA"", ""MEA"", ""MEX"", ""NIG"", ""RUS"", ""SKT"", ""USA""]","[""Total Annualised Cost|Industry|Iron and Steel""]",201938.0972113388,Millions USD_2010/yr,201938.09721133878,Millions USD_2010/yr,100.0,-100.0,201938.0972113388,201938.09721133878,baseline_noce,2024
baseline_highce_eu,NDC+LTT,"High CE, EU",e,Global,Iron and steel,Iron and steel,Annualised sector-cost change,highce_eu,2030,-1.0361028535791734,%,plotted,"[""AFE"", ""AFN"", ""AFW"", ""AFZ"", ""ANZ"", ""ASC"", ""ASE"", ""ASO"", ""BRA"", ""CAN"", ""CHL"", ""CHN"", ""ENE"", ""ENW"", ""EUE"", ""EUM"", ""EUW"", ""IDN"", ""IND"", ""JPN"", ""LAM"", ""MDA"", ""MEA"", ""MEX"", ""NIG"", ""RUS"", ""SKT"", ""USA""]","[""Total Annualised Cost|Industry|Iron and Steel""]",292916.06998650724,Millions USD_2010/yr,295982.7557650916,Millions USD_2010/yr,100.0,-100.0,292916.06998650724,295982.7557650916,baseline_noce,2030
baseline_highce_eu,NDC+LTT,"High CE, EU",e,Global,Iron and steel,Iron and steel,Annualised sector-cost change,highce_eu,2035,0.07568549101016528,%,plotted,"[""AFE"", ""AFN"", ""AFW"", ""AFZ"", ""ANZ"", ""ASC"", ""ASE"", ""ASO"", ""BRA"", ""CAN"", ""CHL"", ""CHN"", ""ENE"", ""ENW"", ""EUE"", ""EUM"", ""EUW"", ""IDN"", ""IND"", ""JPN"", ""LAM"", ""MDA"", ""MEA"", ""MEX"", ""NIG"", ""RUS"", ""SKT"", ""USA""]","[""Total Annualised Cost|Industry|Iron and Steel""]",320004.75954645785,Millions USD_2010/yr,319762.7455424265,Millions USD_2010/yr,100.0,-100.0,320004.75954645785,319762.7455424265,baseline_noce,2035
baseline_highce_eu,NDC+LTT,"High CE, EU",e,Global,Iron and steel,Iron and steel,Annualised sector-cost change,highce_eu,2040,-0.5637757556050909,%,plotted,"[""AFE"", ""AFN"", ""AFW"", ""AFZ"", ""ANZ"", ""ASC"", ""ASE"", ""ASO"", ""BRA"", ""CAN"", ""CHL"", ""CHN"", ""ENE"", ""ENW"", ""EUE"", ""EUM"", ""EUW"", ""IDN"", ""IND"", ""JPN"", ""LAM"", ""MDA"", ""MEA"", ""MEX"", ""NIG"", ""RUS"", ""SKT"", ""USA""]","[""Total Annualised Cost|Industry|Iron and Steel""]",508342.0391672646,Millions USD_2010/yr,511224.19724813633,Millions USD_2010/yr,100.0,-100.0,508342.0391672646,511224.19724813633,baseline_noce,2040
baseline_highce_eu,NDC+LTT,"High CE, EU",e,Global,Iron and steel,Iron and steel,Annualised sector-cost change,highce_eu,2050,-1.3258908265603866,%,plotted,"[""AFE"", ""AFN"", ""AFW"", ""AFZ"", ""ANZ"", ""ASC"", ""ASE"", ""ASO"", ""BRA"", ""CAN"", ""CHL"", ""CHN"", ""ENE"", ""ENW"", ""EUE"", ""EUM"", ""EUW"", ""IDN"", ""IND"", ""JPN"", ""LAM"", ""MDA"", ""MEA"", ""MEX"", ""NIG"", ""RUS"", ""SKT"", ""USA""]","[""Total Annualised Cost|Industry|Iron and Steel""]",699922.3168729015,Millions USD_2010/yr,709327.2214321663,Millions USD_2010/yr,100.0,-100.0,699922.3168729015,709327.2214321663,baseline_noce,2050
baseline_medce_gbl,NDC+LTT,"Medium CE, EU + partners",e,Global,Iron and steel,Iron and steel,Annualised sector-cost change,medce_gbl,2019,0.0,%,context,"[""AFE"", ""AFN"", ""AFW"", ""AFZ"", ""ANZ"", ""ASC"", ""ASE"", ""ASO"", ""BRA"", ""CAN"", ""CHL"", ""CHN"", ""ENE"", ""ENW"", ""EUE"", ""EUM"", ""EUW"", ""IDN"", ""IND"", ""JPN"", ""LAM"", ""MDA"", ""MEA"", ""MEX"", ""NIG"", ""RUS"", ""SKT"", ""USA""]","[""Total Annualised Cost|Industry|Iron and Steel""]",4959455.128965229,Millions USD_2010/yr,4959455.128965229,Millions USD_2010/yr,100.0,-100.0,4959455.128965229,4959455.128965229,baseline_noce,2019
baseline_medce_gbl,NDC+LTT,"Medium CE, EU + partners",e,Global,Iron and steel,Iron and steel,Annualised sector-cost change,medce_gbl,2024,0.0,%,plotted,"[""AFE"", ""AFN"", ""AFW"", ""AFZ"", ""ANZ"", ""ASC"", ""ASE"", ""ASO"", ""BRA"", ""CAN"", ""CHL"", ""CHN"", ""ENE"", ""ENW"", ""EUE"", ""EUM"", ""EUW"", ""IDN"", ""IND"", ""JPN"", ""LAM"", ""MDA"", ""MEA"", ""MEX"", ""NIG"", ""RUS"", ""SKT"", ""USA""]","[""Total Annualised Cost|Industry|Iron and Steel""]",201938.09721133878,Millions USD_2010/yr,201938.09721133878,Millions USD_2010/yr,100.0,-100.0,201938.09721133878,201938.09721133878,baseline_noce,2024
baseline_medce_gbl,NDC+LTT,"Medium CE, EU + partners",e,Global,Iron and steel,Iron and steel,Annualised sector-cost change,medce_gbl,2030,-15.90797252180344,%,plotted,"[""AFE"", ""AFN"", ""AFW"", ""AFZ"", ""ANZ"", ""ASC"", ""ASE"", ""ASO"", ""BRA"", ""CAN"", ""CHL"", ""CHN"", ""ENE"", ""ENW"", ""EUE"", ""EUM"", ""EUW"", ""IDN"", ""IND"", ""JPN"", ""LAM"", ""MDA"", ""MEA"", ""MEX"", ""NIG"", ""RUS"", ""SKT"", ""USA""]","[""Total Annualised Cost|Industry|Iron and Steel""]",248897.90030870427,Millions USD_2010/yr,295982.7557650916,Millions USD_2010/yr,100.0,-100.0,248897.90030870427,295982.7557650916,baseline_noce,2030
baseline_medce_gbl,NDC+LTT,"Medium CE, EU + partners",e,Global,Iron and steel,Iron and steel,Annualised sector-cost change,medce_gbl,2035,-14.930769664291125,%,plotted,"[""AFE"", ""AFN"", ""AFW"", ""AFZ"", ""ANZ"", ""ASC"", ""ASE"", ""ASO"", ""BRA"", ""CAN"", ""CHL"", ""CHN"", ""ENE"", ""ENW"", ""EUE"", ""EUM"", ""EUW"", ""IDN"", ""IND"", ""JPN"", ""LAM"", ""MDA"", ""MEA"", ""MEX"", ""NIG"", ""RUS"", ""SKT"", ""USA""]","[""Total Annualised Cost|Industry|Iron and Steel""]",272019.70653327345,Millions USD_2010/yr,319762.7455424265,Millions USD_2010/yr,100.0,-100.0,272019.70653327345,319762.7455424265,baseline_noce,2035
baseline_medce_gbl,NDC+LTT,"Medium CE, EU + partners",e,Global,Iron and steel,Iron and steel,Annualised sector-cost change,medce_gbl,2040,-21.508571767607762,%,plotted,"[""AFE"", ""AFN"", ""AFW"", ""AFZ"", ""ANZ"", ""ASC"", ""ASE"", ""ASO"", ""BRA"", ""CAN"", ""CHL"", ""CHN"", ""ENE"", ""ENW"", ""EUE"", ""EUM"", ""EUW"", ""IDN"", ""IND"", ""JPN"", ""LAM"", ""MDA"", ""MEA"", ""MEX"", ""NIG"", ""RUS"", ""SKT"", ""USA""]","[""Total Annualised Cost|Industry|Iron and Steel""]",401267.17388964427,Millions USD_2010/yr,511224.19724813633,Millions USD_2010/yr,100.0,-100.0,401267.17388964427,511224.19724813633,baseline_noce,2040
baseline_medce_gbl,NDC+LTT,"Medium CE, EU + partners",e,Global,Iron and steel,Iron and steel,Annualised sector-cost change,medce_gbl,2050,-21.04124805346768,%,plotted,"[""AFE"", ""AFN"", ""AFW"", ""AFZ"", ""ANZ"", ""ASC"", ""ASE"", ""ASO"", ""BRA"", ""CAN"", ""CHL"", ""CHN"", ""ENE"", ""ENW"", ""EUE"", ""EUM"", ""EUW"", ""IDN"", ""IND"", ""JPN"", ""LAM"", ""MDA"", ""MEA"", ""MEX"", ""NIG"", ""RUS"", ""SKT"", ""USA""]","[""Total Annualised Cost|Industry|Iron and Steel""]",560075.9212598542,Millions USD_2010/yr,709327.2214321663,Millions USD_2010/yr,100.0,-100.0,560075.9212598542,709327.2214321663,baseline_noce,2050
baseline_highce_gbl,NDC+LTT,"High CE, EU + partners",e,Global,Iron and steel,Iron and steel,Annualised sector-cost change,highce_gbl,2019,0.0,%,context,"[""AFE"", ""AFN"", ""AFW"", ""AFZ"", ""ANZ"", ""ASC"", ""ASE"", ""ASO"", ""BRA"", ""CAN"", ""CHL"", ""CHN"", ""ENE"", ""ENW"", ""EUE"", ""EUM"", ""EUW"", ""IDN"", ""IND"", ""JPN"", ""LAM"", ""MDA"", ""MEA"", ""MEX"", ""NIG"", ""RUS"", ""SKT"", ""USA""]","[""Total Annualised Cost|Industry|Iron and Steel""]",4959455.128965229,Millions USD_2010/yr,4959455.128965229,Millions USD_2010/yr,100.0,-100.0,4959455.128965229,4959455.128965229,baseline_noce,2019
baseline_highce_gbl,NDC+LTT,"High CE, EU + partners",e,Global,Iron and steel,Iron and steel,Annualised sector-cost change,highce_gbl,2024,0.0,%,plotted,"[""AFE"", ""AFN"", ""AFW"", ""AFZ"", ""ANZ"", ""ASC"", ""ASE"", ""ASO"", ""BRA"", ""CAN"", ""CHL"", ""CHN"", ""ENE"", ""ENW"", ""EUE"", ""EUM"", ""EUW"", ""IDN"", ""IND"", ""JPN"", ""LAM"", ""MDA"", ""MEA"", ""MEX"", ""NIG"", ""RUS"", ""SKT"", ""USA""]","[""Total Annualised Cost|Industry|Iron and Steel""]",201938.09721133878,Millions USD_2010/yr,201938.09721133878,Millions USD_2010/yr,100.0,-100.0,201938.09721133878,201938.09721133878,baseline_noce,2024
baseline_highce_gbl,NDC+LTT,"High CE, EU + partners",e,Global,Iron and steel,Iron and steel,Annualised sector-cost change,highce_gbl,2030,-22.681828695914394,%,plotted,"[""AFE"", ""AFN"", ""AFW"", ""AFZ"", ""ANZ"", ""ASC"", ""ASE"", ""ASO"", ""BRA"", ""CAN"", ""CHL"", ""CHN"", ""ENE"", ""ENW"", ""EUE"", ""EUM"", ""EUW"", ""IDN"", ""IND"", ""JPN"", ""LAM"", ""MDA"", ""MEA"", ""MEX"", ""NIG"", ""RUS"", ""SKT"", ""USA""]","[""Total Annualised Cost|Industry|Iron and Steel""]",228848.45413300686,Millions USD_2010/yr,295982.7557650916,Millions USD_2010/yr,100.0,-100.0,228848.45413300686,295982.7557650916,baseline_noce,2030
baseline_highce_gbl,NDC+LTT,"High CE, EU + partners",e,Global,Iron and steel,Iron and steel,Annualised sector-cost change,highce_gbl,2035,-23.817739108772802,%,plotted,"[""AFE"", ""AFN"", ""AFW"", ""AFZ"", ""ANZ"", ""ASC"", ""ASE"", ""ASO"", ""BRA"", ""CAN"", ""CHL"", ""CHN"", ""ENE"", ""ENW"", ""EUE"", ""EUM"", ""EUW"", ""IDN"", ""IND"", ""JPN"", ""LAM"", ""MDA"", ""MEA"", ""MEX"", ""NIG"", ""RUS"", ""SKT"", ""USA""]","[""Total Annualised Cost|Industry|Iron and Steel""]",243602.4890420823,Millions USD_2010/yr,319762.7455424265,Millions USD_2010/yr,100.0,-100.0,243602.4890420823,319762.7455424265,baseline_noce,2035
baseline_highce_gbl,NDC+LTT,"High CE, EU + partners",e,Global,Iron and steel,Iron and steel,Annualised sector-cost change,highce_gbl,2040,-28.709524317344215,%,plotted,"[""AFE"", ""AFN"", ""AFW"", ""AFZ"", ""ANZ"", ""ASC"", ""ASE"", ""ASO"", ""BRA"", ""CAN"", ""CHL"", ""CHN"", ""ENE"", ""ENW"", ""EUE"", ""EUM"", ""EUW"", ""IDN"", ""IND"", ""JPN"", ""LAM"", ""MDA"", ""MEA"", ""MEX"", ""NIG"", ""RUS"", ""SKT"", ""USA""]","[""Total Annualised Cost|Industry|Iron and Steel""]",364454.1620230349,Millions USD_2010/yr,511224.19724813633,Millions USD_2010/yr,100.0,-100.0,364454.1620230349,511224.19724813633,baseline_noce,2040
baseline_highce_gbl,NDC+LTT,"High CE, EU + partners",e,Global,Iron and steel,Iron and steel,Annualised sector-cost change,highce_gbl,2050,-30.952704790278823,%,plotted,"[""AFE"", ""AFN"", ""AFW"", ""AFZ"", ""ANZ"", ""ASC"", ""ASE"", ""ASO"", ""BRA"", ""CAN"", ""CHL"", ""CHN"", ""ENE"", ""ENW"", ""EUE"", ""EUM"", ""EUW"", ""IDN"", ""IND"", ""JPN"", ""LAM"", ""MDA"", ""MEA"", ""MEX"", ""NIG"", ""RUS"", ""SKT"", ""USA""]","[""Total Annualised Cost|Industry|Iron and Steel""]",489771.2605851805,Millions USD_2010/yr,709327.2214321663,Millions USD_2010/yr,100.0,-100.0,489771.2605851805,709327.2214321663,baseline_noce,2050
baseline_noce,NDC+LTT,No CE,f,Global,Aluminium,Aluminium,Annualised sector-cost change,noce,2019,0.0,%,context,"[""AFE"", ""AFN"", ""AFW"", ""AFZ"", ""ANZ"", ""ASC"", ""ASE"", ""ASO"", ""BRA"", ""CAN"", ""CHL"", ""CHN"", ""ENE"", ""ENW"", ""EUE"", ""EUM"", ""EUW"", ""IDN"", ""IND"", ""JPN"", ""LAM"", ""MDA"", ""MEA"", ""MEX"", ""NIG"", ""RUS"", ""SKT"", ""USA""]","[""Total Annualised Cost|Industry|Non-Ferrous Metals|Aluminum""]",25017.308460003063,Millions USD_2010/yr,25017.308460003063,Millions USD_2010/yr,100.0,-100.0,25017.308460003063,25017.308460003063,baseline_noce,2019
baseline_noce,NDC+LTT,No CE,f,Global,Aluminium,Aluminium,Annualised sector-cost change,noce,2024,0.0,%,plotted,"[""AFE"", ""AFN"", ""AFW"", ""AFZ"", ""ANZ"", ""ASC"", ""ASE"", ""ASO"", ""BRA"", ""CAN"", ""CHL"", ""CHN"", ""ENE"", ""ENW"", ""EUE"", ""EUM"", ""EUW"", ""IDN"", ""IND"", ""JPN"", ""LAM"", ""MDA"", ""MEA"", ""MEX"", ""NIG"", ""RUS"", ""SKT"", ""USA""]","[""Total Annualised Cost|Industry|Non-Ferrous Metals|Aluminum""]",98177.01756529351,Millions USD_2010/yr,98177.01756529351,Millions USD_2010/yr,100.0,-100.0,98177.01756529351,98177.01756529351,baseline_noce,2024
baseline_noce,NDC+LTT,No CE,f,Global,Aluminium,Aluminium,Annualised sector-cost change,noce,2030,0.0,%,plotted,"[""AFE"", ""AFN"", ""AFW"", ""AFZ"", ""ANZ"", ""ASC"", ""ASE"", ""ASO"", ""BRA"", ""CAN"", ""CHL"", ""CHN"", ""ENE"", ""ENW"", ""EUE"", ""EUM"", ""EUW"", ""IDN"", ""IND"", ""JPN"", ""LAM"", ""MDA"", ""MEA"", ""MEX"", ""NIG"", ""RUS"", ""SKT"", ""USA""]","[""Total Annualised Cost|Industry|Non-Ferrous Metals|Aluminum""]",188408.86133137334,Millions USD_2010/yr,188408.86133137334,Millions USD_2010/yr,100.0,-100.0,188408.86133137334,188408.86133137334,baseline_noce,2030
baseline_noce,NDC+LTT,No CE,f,Global,Aluminium,Aluminium,Annualised sector-cost change,noce,2035,0.0,%,plotted,"[""AFE"", ""AFN"", ""AFW"", ""AFZ"", ""ANZ"", ""ASC"", ""ASE"", ""ASO"", ""BRA"", ""CAN"", ""CHL"", ""CHN"", ""ENE"", ""ENW"", ""EUE"", ""EUM"", ""EUW"", ""IDN"", ""IND"", ""JPN"", ""LAM"", ""MDA"", ""MEA"", ""MEX"", ""NIG"", ""RUS"", ""SKT"", ""USA""]","[""Total Annualised Cost|Industry|Non-Ferrous Metals|Aluminum""]",161632.351600966,Millions USD_2010/yr,161632.351600966,Millions USD_2010/yr,100.0,-100.0,161632.351600966,161632.351600966,baseline_noce,2035
baseline_noce,NDC+LTT,No CE,f,Global,Aluminium,Aluminium,Annualised sector-cost change,noce,2040,0.0,%,plotted,"[""AFE"", ""AFN"", ""AFW"", ""AFZ"", ""ANZ"", ""ASC"", ""ASE"", ""ASO"", ""BRA"", ""CAN"", ""CHL"", ""CHN"", ""ENE"", ""ENW"", ""EUE"", ""EUM"", ""EUW"", ""IDN"", ""IND"", ""JPN"", ""LAM"", ""MDA"", ""MEA"", ""MEX"", ""NIG"", ""RUS"", ""SKT"", ""USA""]","[""Total Annualised Cost|Industry|Non-Ferrous Metals|Aluminum""]",229566.1253353859,Millions USD_2010/yr,229566.1253353859,Millions USD_2010/yr,100.0,-100.0,229566.1253353859,229566.1253353859,baseline_noce,2040
baseline_noce,NDC+LTT,No CE,f,Global,Aluminium,Aluminium,Annualised sector-cost change,noce,2050,0.0,%,plotted,"[""AFE"", ""AFN"", ""AFW"", ""AFZ"", ""ANZ"", ""ASC"", ""ASE"", ""ASO"", ""BRA"", ""CAN"", ""CHL"", ""CHN"", ""ENE"", ""ENW"", ""EUE"", ""EUM"", ""EUW"", ""IDN"", ""IND"", ""JPN"", ""LAM"", ""MDA"", ""MEA"", ""MEX"", ""NIG"", ""RUS"", ""SKT"", ""USA""]","[""Total Annualised Cost|Industry|Non-Ferrous Metals|Aluminum""]",184475.09579221476,Millions USD_2010/yr,184475.09579221476,Millions USD_2010/yr,100.0,-100.0,184475.09579221476,184475.09579221476,baseline_noce,2050
baseline_medce_eu,NDC+LTT,"Medium CE, EU",f,Global,Aluminium,Aluminium,Annualised sector-cost change,medce_eu,2019,0.0,%,context,"[""AFE"", ""AFN"", ""AFW"", ""AFZ"", ""ANZ"", ""ASC"", ""ASE"", ""ASO"", ""BRA"", ""CAN"", ""CHL"", ""CHN"", ""ENE"", ""ENW"", ""EUE"", ""EUM"", ""EUW"", ""IDN"", ""IND"", ""JPN"", ""LAM"", ""MDA"", ""MEA"", ""MEX"", ""NIG"", ""RUS"", ""SKT"", ""USA""]","[""Total Annualised Cost|Industry|Non-Ferrous Metals|Aluminum""]",25017.308460003063,Millions USD_2010/yr,25017.308460003063,Millions USD_2010/yr,100.0,-100.0,25017.308460003063,25017.308460003063,baseline_noce,2019
baseline_medce_eu,NDC+LTT,"Medium CE, EU",f,Global,Aluminium,Aluminium,Annualised sector-cost change,medce_eu,2024,0.0,%,plotted,"[""AFE"", ""AFN"", ""AFW"", ""AFZ"", ""ANZ"", ""ASC"", ""ASE"", ""ASO"", ""BRA"", ""CAN"", ""CHL"", ""CHN"", ""ENE"", ""ENW"", ""EUE"", ""EUM"", ""EUW"", ""IDN"", ""IND"", ""JPN"", ""LAM"", ""MDA"", ""MEA"", ""MEX"", ""NIG"", ""RUS"", ""SKT"", ""USA""]","[""Total Annualised Cost|Industry|Non-Ferrous Metals|Aluminum""]",98177.01756529351,Millions USD_2010/yr,98177.01756529351,Millions USD_2010/yr,100.0,-100.0,98177.01756529351,98177.01756529351,baseline_noce,2024
baseline_medce_eu,NDC+LTT,"Medium CE, EU",f,Global,Aluminium,Aluminium,Annualised sector-cost change,medce_eu,2030,-1.0856354728610653,%,plotted,"[""AFE"", ""AFN"", ""AFW"", ""AFZ"", ""ANZ"", ""ASC"", ""ASE"", ""ASO"", ""BRA"", ""CAN"", ""CHL"", ""CHN"", ""ENE"", ""ENW"", ""EUE"", ""EUM"", ""EUW"", ""IDN"", ""IND"", ""JPN"", ""LAM"", ""MDA"", ""MEA"", ""MEX"", ""NIG"", ""RUS"", ""SKT"", ""USA""]","[""Total Annualised Cost|Industry|Non-Ferrous Metals|Aluminum""]",186363.42789874633,Millions USD_2010/yr,188408.86133137334,Millions USD_2010/yr,100.0,-100.0,186363.42789874633,188408.86133137334,baseline_noce,2030
baseline_medce_eu,NDC+LTT,"Medium CE, EU",f,Global,Aluminium,Aluminium,Annualised sector-cost change,medce_eu,2035,-0.32116743902672934,%,plotted,"[""AFE"", ""AFN"", ""AFW"", ""AFZ"", ""ANZ"", ""ASC"", ""ASE"", ""ASO"", ""BRA"", ""CAN"", ""CHL"", ""CHN"", ""ENE"", ""ENW"", ""EUE"", ""EUM"", ""EUW"", ""IDN"", ""IND"", ""JPN"", ""LAM"", ""MDA"", ""MEA"", ""MEX"", ""NIG"", ""RUS"", ""SKT"", ""USA""]","[""Total Annualised Cost|Industry|Non-Ferrous Metals|Aluminum""]",161113.2411166905,Millions USD_2010/yr,161632.351600966,Millions USD_2010/yr,100.0,-100.0,161113.2411166905,161632.351600966,baseline_noce,2035
baseline_medce_eu,NDC+LTT,"Medium CE, EU",f,Global,Aluminium,Aluminium,Annualised sector-cost change,medce_eu,2040,-1.071512507572285,%,plotted,"[""AFE"", ""AFN"", ""AFW"", ""AFZ"", ""ANZ"", ""ASC"", ""ASE"", ""ASO"", ""BRA"", ""CAN"", ""CHL"", ""CHN"", ""ENE"", ""ENW"", ""EUE"", ""EUM"", ""EUW"", ""IDN"", ""IND"", ""JPN"", ""LAM"", ""MDA"", ""MEA"", ""MEX"", ""NIG"", ""RUS"", ""SKT"", ""USA""]","[""Total Annualised Cost|Industry|Non-Ferrous Metals|Aluminum""]",227106.29558926818,Millions USD_2010/yr,229566.1253353859,Millions USD_2010/yr,100.0,-100.0,227106.29558926818,229566.1253353859,baseline_noce,2040
baseline_medce_eu,NDC+LTT,"Medium CE, EU",f,Global,Aluminium,Aluminium,Annualised sector-cost change,medce_eu,2050,-2.3370017637213527,%,plotted,"[""AFE"", ""AFN"", ""AFW"", ""AFZ"", ""ANZ"", ""ASC"", ""ASE"", ""ASO"", ""BRA"", ""CAN"", ""CHL"", ""CHN"", ""ENE"", ""ENW"", ""EUE"", ""EUM"", ""EUW"", ""IDN"", ""IND"", ""JPN"", ""LAM"", ""MDA"", ""MEA"", ""MEX"", ""NIG"", ""RUS"", ""SKT"", ""USA""]","[""Total Annualised Cost|Industry|Non-Ferrous Metals|Aluminum""]",180163.90954992405,Millions USD_2010/yr,184475.09579221476,Millions USD_2010/yr,100.0,-100.0,180163.90954992405,184475.09579221476,baseline_noce,2050
baseline_highce_eu,NDC+LTT,"High CE, EU",f,Global,Aluminium,Aluminium,Annualised sector-cost change,highce_eu,2019,0.0,%,context,"[""AFE"", ""AFN"", ""AFW"", ""AFZ"", ""ANZ"", ""ASC"", ""ASE"", ""ASO"", ""BRA"", ""CAN"", ""CHL"", ""CHN"", ""ENE"", ""ENW"", ""EUE"", ""EUM"", ""EUW"", ""IDN"", ""IND"", ""JPN"", ""LAM"", ""MDA"", ""MEA"", ""MEX"", ""NIG"", ""RUS"", ""SKT"", ""USA""]","[""Total Annualised Cost|Industry|Non-Ferrous Metals|Aluminum""]",25017.308460003063,Millions USD_2010/yr,25017.308460003063,Millions USD_2010/yr,100.0,-100.0,25017.308460003063,25017.308460003063,baseline_noce,2019
baseline_highce_eu,NDC+LTT,"High CE, EU",f,Global,Aluminium,Aluminium,Annualised sector-cost change,highce_eu,2024,0.0,%,plotted,"[""AFE"", ""AFN"", ""AFW"", ""AFZ"", ""ANZ"", ""ASC"", ""ASE"", ""ASO"", ""BRA"", ""CAN"", ""CHL"", ""CHN"", ""ENE"", ""ENW"", ""EUE"", ""EUM"", ""EUW"", ""IDN"", ""IND"", ""JPN"", ""LAM"", ""MDA"", ""MEA"", ""MEX"", ""NIG"", ""RUS"", ""SKT"", ""USA""]","[""Total Annualised Cost|Industry|Non-Ferrous Metals|Aluminum""]",98177.01756529351,Millions USD_2010/yr,98177.01756529351,Millions USD_2010/yr,100.0,-100.0,98177.01756529351,98177.01756529351,baseline_noce,2024
baseline_highce_eu,NDC+LTT,"High CE, EU",f,Global,Aluminium,Aluminium,Annualised sector-cost change,highce_eu,2030,-2.078908505163248,%,plotted,"[""AFE"", ""AFN"", ""AFW"", ""AFZ"", ""ANZ"", ""ASC"", ""ASE"", ""ASO"", ""BRA"", ""CAN"", ""CHL"", ""CHN"", ""ENE"", ""ENW"", ""EUE"", ""EUM"", ""EUW"", ""IDN"", ""IND"", ""JPN"", ""LAM"", ""MDA"", ""MEA"", ""MEX"", ""NIG"", ""RUS"", ""SKT"", ""USA""]","[""Total Annualised Cost|Industry|Non-Ferrous Metals|Aluminum""]",184492.0134886742,Millions USD_2010/yr,188408.86133137334,Millions USD_2010/yr,100.0,-100.0,184492.0134886742,188408.86133137334,baseline_noce,2030
baseline_highce_eu,NDC+LTT,"High CE, EU",f,Global,Aluminium,Aluminium,Annualised sector-cost change,highce_eu,2035,-1.5105414049350718,%,plotted,"[""AFE"", ""AFN"", ""AFW"", ""AFZ"", ""ANZ"", ""ASC"", ""ASE"", ""ASO"", ""BRA"", ""CAN"", ""CHL"", ""CHN"", ""ENE"", ""ENW"", ""EUE"", ""EUM"", ""EUW"", ""IDN"", ""IND"", ""JPN"", ""LAM"", ""MDA"", ""MEA"", ""MEX"", ""NIG"", ""RUS"", ""SKT"", ""USA""]","[""Total Annualised Cost|Industry|Non-Ferrous Metals|Aluminum""]",159190.82800626318,Millions USD_2010/yr,161632.351600966,Millions USD_2010/yr,100.0,-100.0,159190.82800626318,161632.351600966,baseline_noce,2035
baseline_highce_eu,NDC+LTT,"High CE, EU",f,Global,Aluminium,Aluminium,Annualised sector-cost change,highce_eu,2040,-2.3049539362609774,%,plotted,"[""AFE"", ""AFN"", ""AFW"", ""AFZ"", ""ANZ"", ""ASC"", ""ASE"", ""ASO"", ""BRA"", ""CAN"", ""CHL"", ""CHN"", ""ENE"", ""ENW"", ""EUE"", ""EUM"", ""EUW"", ""IDN"", ""IND"", ""JPN"", ""LAM"", ""MDA"", ""MEA"", ""MEX"", ""NIG"", ""RUS"", ""SKT"", ""USA""]","[""Total Annualised Cost|Industry|Non-Ferrous Metals|Aluminum""]",224274.73189314612,Millions USD_2010/yr,229566.1253353859,Millions USD_2010/yr,100.0,-100.0,224274.73189314612,229566.1253353859,baseline_noce,2040
baseline_highce_eu,NDC+LTT,"High CE, EU",f,Global,Aluminium,Aluminium,Annualised sector-cost change,highce_eu,2050,-4.176722517342038,%,plotted,"[""AFE"", ""AFN"", ""AFW"", ""AFZ"", ""ANZ"", ""ASC"", ""ASE"", ""ASO"", ""BRA"", ""CAN"", ""CHL"", ""CHN"", ""ENE"", ""ENW"", ""EUE"", ""EUM"", ""EUW"", ""IDN"", ""IND"", ""JPN"", ""LAM"", ""MDA"", ""MEA"", ""MEX"", ""NIG"", ""RUS"", ""SKT"", ""USA""]","[""Total Annualised Cost|Industry|Non-Ferrous Metals|Aluminum""]",176770.08292737303,Millions USD_2010/yr,184475.09579221476,Millions USD_2010/yr,100.0,-100.0,176770.08292737303,184475.09579221476,baseline_noce,2050
baseline_medce_gbl,NDC+LTT,"Medium CE, EU + partners",f,Global,Aluminium,Aluminium,Annualised sector-cost change,medce_gbl,2019,0.0,%,context,"[""AFE"", ""AFN"", ""AFW"", ""AFZ"", ""ANZ"", ""ASC"", ""ASE"", ""ASO"", ""BRA"", ""CAN"", ""CHL"", ""CHN"", ""ENE"", ""ENW"", ""EUE"", ""EUM"", ""EUW"", ""IDN"", ""IND"", ""JPN"", ""LAM"", ""MDA"", ""MEA"", ""MEX"", ""NIG"", ""RUS"", ""SKT"", ""USA""]","[""Total Annualised Cost|Industry|Non-Ferrous Metals|Aluminum""]",25017.308460003063,Millions USD_2010/yr,25017.308460003063,Millions USD_2010/yr,100.0,-100.0,25017.308460003063,25017.308460003063,baseline_noce,2019
baseline_medce_gbl,NDC+LTT,"Medium CE, EU + partners",f,Global,Aluminium,Aluminium,Annualised sector-cost change,medce_gbl,2024,0.0,%,plotted,"[""AFE"", ""AFN"", ""AFW"", ""AFZ"", ""ANZ"", ""ASC"", ""ASE"", ""ASO"", ""BRA"", ""CAN"", ""CHL"", ""CHN"", ""ENE"", ""ENW"", ""EUE"", ""EUM"", ""EUW"", ""IDN"", ""IND"", ""JPN"", ""LAM"", ""MDA"", ""MEA"", ""MEX"", ""NIG"", ""RUS"", ""SKT"", ""USA""]","[""Total Annualised Cost|Industry|Non-Ferrous Metals|Aluminum""]",98177.01756529351,Millions USD_2010/yr,98177.01756529351,Millions USD_2010/yr,100.0,-100.0,98177.01756529351,98177.01756529351,baseline_noce,2024
baseline_medce_gbl,NDC+LTT,"Medium CE, EU + partners",f,Global,Aluminium,Aluminium,Annualised sector-cost change,medce_gbl,2030,-10.569566030317473,%,plotted,"[""AFE"", ""AFN"", ""AFW"", ""AFZ"", ""ANZ"", ""ASC"", ""ASE"", ""ASO"", ""BRA"", ""CAN"", ""CHL"", ""CHN"", ""ENE"", ""ENW"", ""EUE"", ""EUM"", ""EUW"", ""IDN"", ""IND"", ""JPN"", ""LAM"", ""MDA"", ""MEA"", ""MEX"", ""NIG"", ""RUS"", ""SKT"", ""USA""]","[""Total Annualised Cost|Industry|Non-Ferrous Metals|Aluminum""]",168494.86232598455,Millions USD_2010/yr,188408.86133137334,Millions USD_2010/yr,100.0,-100.0,168494.86232598455,188408.86133137334,baseline_noce,2030
baseline_medce_gbl,NDC+LTT,"Medium CE, EU + partners",f,Global,Aluminium,Aluminium,Annualised sector-cost change,medce_gbl,2035,-12.197026026070718,%,plotted,"[""AFE"", ""AFN"", ""AFW"", ""AFZ"", ""ANZ"", ""ASC"", ""ASE"", ""ASO"", ""BRA"", ""CAN"", ""CHL"", ""CHN"", ""ENE"", ""ENW"", ""EUE"", ""EUM"", ""EUW"", ""IDN"", ""IND"", ""JPN"", ""LAM"", ""MDA"", ""MEA"", ""MEX"", ""NIG"", ""RUS"", ""SKT"", ""USA""]","[""Total Annualised Cost|Industry|Non-Ferrous Metals|Aluminum""]",141918.01160964606,Millions USD_2010/yr,161632.351600966,Millions USD_2010/yr,100.0,-100.0,141918.01160964606,161632.351600966,baseline_noce,2035
baseline_medce_gbl,NDC+LTT,"Medium CE, EU + partners",f,Global,Aluminium,Aluminium,Annualised sector-cost change,medce_gbl,2040,-19.31735606274495,%,plotted,"[""AFE"", ""AFN"", ""AFW"", ""AFZ"", ""ANZ"", ""ASC"", ""ASE"", ""ASO"", ""BRA"", ""CAN"", ""CHL"", ""CHN"", ""ENE"", ""ENW"", ""EUE"", ""EUM"", ""EUW"", ""IDN"", ""IND"", ""JPN"", ""LAM"", ""MDA"", ""MEA"", ""MEX"", ""NIG"", ""RUS"", ""SKT"", ""USA""]","[""Total Annualised Cost|Industry|Non-Ferrous Metals|Aluminum""]",185220.01950490207,Millions USD_2010/yr,229566.1253353859,Millions USD_2010/yr,100.0,-100.0,185220.01950490207,229566.1253353859,baseline_noce,2040
baseline_medce_gbl,NDC+LTT,"Medium CE, EU + partners",f,Global,Aluminium,Aluminium,Annualised sector-cost change,medce_gbl,2050,-21.62410276532022,%,plotted,"[""AFE"", ""AFN"", ""AFW"", ""AFZ"", ""ANZ"", ""ASC"", ""ASE"", ""ASO"", ""BRA"", ""CAN"", ""CHL"", ""CHN"", ""ENE"", ""ENW"", ""EUE"", ""EUM"", ""EUW"", ""IDN"", ""IND"", ""JPN"", ""LAM"", ""MDA"", ""MEA"", ""MEX"", ""NIG"", ""RUS"", ""SKT"", ""USA""]","[""Total Annualised Cost|Industry|Non-Ferrous Metals|Aluminum""]",144584.01150168333,Millions USD_2010/yr,184475.09579221476,Millions USD_2010/yr,100.0,-100.0,144584.01150168333,184475.09579221476,baseline_noce,2050
baseline_highce_gbl,NDC+LTT,"High CE, EU + partners",f,Global,Aluminium,Aluminium,Annualised sector-cost change,highce_gbl,2019,0.0,%,context,"[""AFE"", ""AFN"", ""AFW"", ""AFZ"", ""ANZ"", ""ASC"", ""ASE"", ""ASO"", ""BRA"", ""CAN"", ""CHL"", ""CHN"", ""ENE"", ""ENW"", ""EUE"", ""EUM"", ""EUW"", ""IDN"", ""IND"", ""JPN"", ""LAM"", ""MDA"", ""MEA"", ""MEX"", ""NIG"", ""RUS"", ""SKT"", ""USA""]","[""Total Annualised Cost|Industry|Non-Ferrous Metals|Aluminum""]",25017.308460003063,Millions USD_2010/yr,25017.308460003063,Millions USD_2010/yr,100.0,-100.0,25017.308460003063,25017.308460003063,baseline_noce,2019
baseline_highce_gbl,NDC+LTT,"High CE, EU + partners",f,Global,Aluminium,Aluminium,Annualised sector-cost change,highce_gbl,2024,0.0,%,plotted,"[""AFE"", ""AFN"", ""AFW"", ""AFZ"", ""ANZ"", ""ASC"", ""ASE"", ""ASO"", ""BRA"", ""CAN"", ""CHL"", ""CHN"", ""ENE"", ""ENW"", ""EUE"", ""EUM"", ""EUW"", ""IDN"", ""IND"", ""JPN"", ""LAM"", ""MDA"", ""MEA"", ""MEX"", ""NIG"", ""RUS"", ""SKT"", ""USA""]","[""Total Annualised Cost|Industry|Non-Ferrous Metals|Aluminum""]",98177.01756529351,Millions USD_2010/yr,98177.01756529351,Millions USD_2010/yr,100.0,-100.0,98177.01756529351,98177.01756529351,baseline_noce,2024
baseline_highce_gbl,NDC+LTT,"High CE, EU + partners",f,Global,Aluminium,Aluminium,Annualised sector-cost change,highce_gbl,2030,-19.510437153261513,%,plotted,"[""AFE"", ""AFN"", ""AFW"", ""AFZ"", ""ANZ"", ""ASC"", ""ASE"", ""ASO"", ""BRA"", ""CAN"", ""CHL"", ""CHN"", ""ENE"", ""ENW"", ""EUE"", ""EUM"", ""EUW"", ""IDN"", ""IND"", ""JPN"", ""LAM"", ""MDA"", ""MEA"", ""MEX"", ""NIG"", ""RUS"", ""SKT"", ""USA""]","[""Total Annualised Cost|Industry|Non-Ferrous Metals|Aluminum""]",151649.4688501401,Millions USD_2010/yr,188408.86133137334,Millions USD_2010/yr,100.0,-100.0,151649.4688501401,188408.86133137334,baseline_noce,2030
baseline_highce_gbl,NDC+LTT,"High CE, EU + partners",f,Global,Aluminium,Aluminium,Annualised sector-cost change,highce_gbl,2035,-24.26358709506085,%,plotted,"[""AFE"", ""AFN"", ""AFW"", ""AFZ"", ""ANZ"", ""ASC"", ""ASE"", ""ASO"", ""BRA"", ""CAN"", ""CHL"", ""CHN"", ""ENE"", ""ENW"", ""EUE"", ""EUM"", ""EUW"", ""IDN"", ""IND"", ""JPN"", ""LAM"", ""MDA"", ""MEA"", ""MEX"", ""NIG"", ""RUS"", ""SKT"", ""USA""]","[""Total Annualised Cost|Industry|Non-Ferrous Metals|Aluminum""]",122414.54519647064,Millions USD_2010/yr,161632.351600966,Millions USD_2010/yr,100.0,-100.0,122414.54519647064,161632.351600966,baseline_noce,2035
baseline_highce_gbl,NDC+LTT,"High CE, EU + partners",f,Global,Aluminium,Aluminium,Annualised sector-cost change,highce_gbl,2040,-32.847484864548754,%,plotted,"[""AFE"", ""AFN"", ""AFW"", ""AFZ"", ""ANZ"", ""ASC"", ""ASE"", ""ASO"", ""BRA"", ""CAN"", ""CHL"", ""CHN"", ""ENE"", ""ENW"", ""EUE"", ""EUM"", ""EUW"", ""IDN"", ""IND"", ""JPN"", ""LAM"", ""MDA"", ""MEA"", ""MEX"", ""NIG"", ""RUS"", ""SKT"", ""USA""]","[""Total Annualised Cost|Industry|Non-Ferrous Metals|Aluminum""]",154159.427061714,Millions USD_2010/yr,229566.1253353859,Millions USD_2010/yr,100.0,-100.0,154159.427061714,229566.1253353859,baseline_noce,2040
baseline_highce_gbl,NDC+LTT,"High CE, EU + partners",f,Global,Aluminium,Aluminium,Annualised sector-cost change,highce_gbl,2050,-39.218350388180596,%,plotted,"[""AFE"", ""AFN"", ""AFW"", ""AFZ"", ""ANZ"", ""ASC"", ""ASE"", ""ASO"", ""BRA"", ""CAN"", ""CHL"", ""CHN"", ""ENE"", ""ENW"", ""EUE"", ""EUM"", ""EUW"", ""IDN"", ""IND"", ""JPN"", ""LAM"", ""MDA"", ""MEA"", ""MEX"", ""NIG"", ""RUS"", ""SKT"", ""USA""]","[""Total Annualised Cost|Industry|Non-Ferrous Metals|Aluminum""]",112127.00634549218,Millions USD_2010/yr,184475.09579221476,Millions USD_2010/yr,100.0,-100.0,112127.00634549218,184475.09579221476,baseline_noce,2050
