Scenario,ClimatePathway,CE,Panel,Scope,Sector,Year,SourceRegions,Policy,BarOrder,BarType,BarLabel,Metric,Series,Value,Unit,Role,SourceVariables,Numerator,NumeratorUnit,Denominator,DenominatorUnit,ConversionFactor,Offset,ReferenceScenario,ReferenceYear
ndc_noce,NDC,No CE,a,Global,Cement,2019,"[""AFE"", ""AFN"", ""AFW"", ""AFZ"", ""ANZ"", ""ASC"", ""ASE"", ""ASO"", ""BRA"", ""CAN"", ""CHL"", ""CHN"", ""ENE"", ""ENW"", ""EUE"", ""EUM"", ""EUW"", ""IDN"", ""IND"", ""JPN"", ""LAM"", ""MDA"", ""MEA"", ""MEX"", ""NIG"", ""RUS"", ""SKT"", ""USA""]",noce,0,historical,2019,Final energy,Electricity,1.7112106174892017,EJ/yr,plotted,"[""Final Energy|Industry|Non-Metallic Minerals|Cement|Electricity""]",1.7112106174892017,EJ/yr,,,1.0,0.0,,
ndc_noce,NDC,No CE,a,Global,Cement,2019,"[""AFE"", ""AFN"", ""AFW"", ""AFZ"", ""ANZ"", ""ASC"", ""ASE"", ""ASO"", ""BRA"", ""CAN"", ""CHL"", ""CHN"", ""ENE"", ""ENW"", ""EUE"", ""EUM"", ""EUW"", ""IDN"", ""IND"", ""JPN"", ""LAM"", ""MDA"", ""MEA"", ""MEX"", ""NIG"", ""RUS"", ""SKT"", ""USA""]",noce,0,historical,2019,Final energy,Gases,1.5175769436631676,EJ/yr,plotted,"[""Final Energy|Industry|Non-Metallic Minerals|Cement|Gases""]",1.5175769436631676,EJ/yr,,,1.0,0.0,,
ndc_noce,NDC,No CE,a,Global,Cement,2019,"[""AFE"", ""AFN"", ""AFW"", ""AFZ"", ""ANZ"", ""ASC"", ""ASE"", ""ASO"", ""BRA"", ""CAN"", ""CHL"", ""CHN"", ""ENE"", ""ENW"", ""EUE"", ""EUM"", ""EUW"", ""IDN"", ""IND"", ""JPN"", ""LAM"", ""MDA"", ""MEA"", ""MEX"", ""NIG"", ""RUS"", ""SKT"", ""USA""]",noce,0,historical,2019,Final energy,Liquids,1.3209977760460607,EJ/yr,plotted,"[""Final Energy|Industry|Non-Metallic Minerals|Cement|Liquids""]",1.3209977760460607,EJ/yr,,,1.0,0.0,,
ndc_noce,NDC,No CE,a,Global,Cement,2019,"[""AFE"", ""AFN"", ""AFW"", ""AFZ"", ""ANZ"", ""ASC"", ""ASE"", ""ASO"", ""BRA"", ""CAN"", ""CHL"", ""CHN"", ""ENE"", ""ENW"", ""EUE"", ""EUM"", ""EUW"", ""IDN"", ""IND"", ""JPN"", ""LAM"", ""MDA"", ""MEA"", ""MEX"", ""NIG"", ""RUS"", ""SKT"", ""USA""]",noce,0,historical,2019,Final energy,Solids,7.657858569560997,EJ/yr,plotted,"[""Final Energy|Industry|Non-Metallic Minerals|Cement|Solids""]",7.657858569560997,EJ/yr,,,1.0,0.0,,
ndc_noce,NDC,No CE,a,Global,Cement,2019,"[""AFE"", ""AFN"", ""AFW"", ""AFZ"", ""ANZ"", ""ASC"", ""ASE"", ""ASO"", ""BRA"", ""CAN"", ""CHL"", ""CHN"", ""ENE"", ""ENW"", ""EUE"", ""EUM"", ""EUW"", ""IDN"", ""IND"", ""JPN"", ""LAM"", ""MDA"", ""MEA"", ""MEX"", ""NIG"", ""RUS"", ""SKT"", ""USA""]",noce,0,historical,2019,Final energy,Total,12.207643906759426,EJ/yr,context,"[""Final Energy|Industry|Non-Metallic Minerals|Cement|Electricity"", ""Final Energy|Industry|Non-Metallic Minerals|Cement|Gases"", ""Final Energy|Industry|Non-Metallic Minerals|Cement|Liquids"", ""Final Energy|Industry|Non-Metallic Minerals|Cement|Solids""]",12.207643906759426,EJ/yr,,,1.0,0.0,,
ndc_noce,NDC,No CE,a,Global,Cement,2050,"[""AFE"", ""AFN"", ""AFW"", ""AFZ"", ""ANZ"", ""ASC"", ""ASE"", ""ASO"", ""BRA"", ""CAN"", ""CHL"", ""CHN"", ""ENE"", ""ENW"", ""EUE"", ""EUM"", ""EUW"", ""IDN"", ""IND"", ""JPN"", ""LAM"", ""MDA"", ""MEA"", ""MEX"", ""NIG"", ""RUS"", ""SKT"", ""USA""]",noce,1,future,No CE,Final energy,Electricity,2.171451779546254,EJ/yr,plotted,"[""Final Energy|Industry|Non-Metallic Minerals|Cement|Electricity""]",2.171451779546254,EJ/yr,,,1.0,0.0,,
ndc_noce,NDC,No CE,a,Global,Cement,2050,"[""AFE"", ""AFN"", ""AFW"", ""AFZ"", ""ANZ"", ""ASC"", ""ASE"", ""ASO"", ""BRA"", ""CAN"", ""CHL"", ""CHN"", ""ENE"", ""ENW"", ""EUE"", ""EUM"", ""EUW"", ""IDN"", ""IND"", ""JPN"", ""LAM"", ""MDA"", ""MEA"", ""MEX"", ""NIG"", ""RUS"", ""SKT"", ""USA""]",noce,1,future,No CE,Final energy,Gases,1.2247294921766279,EJ/yr,plotted,"[""Final Energy|Industry|Non-Metallic Minerals|Cement|Gases""]",1.2247294921766279,EJ/yr,,,1.0,0.0,,
ndc_noce,NDC,No CE,a,Global,Cement,2050,"[""AFE"", ""AFN"", ""AFW"", ""AFZ"", ""ANZ"", ""ASC"", ""ASE"", ""ASO"", ""BRA"", ""CAN"", ""CHL"", ""CHN"", ""ENE"", ""ENW"", ""EUE"", ""EUM"", ""EUW"", ""IDN"", ""IND"", ""JPN"", ""LAM"", ""MDA"", ""MEA"", ""MEX"", ""NIG"", ""RUS"", ""SKT"", ""USA""]",noce,1,future,No CE,Final energy,Liquids,0.8927975146341738,EJ/yr,plotted,"[""Final Energy|Industry|Non-Metallic Minerals|Cement|Liquids""]",0.8927975146341738,EJ/yr,,,1.0,0.0,,
ndc_noce,NDC,No CE,a,Global,Cement,2050,"[""AFE"", ""AFN"", ""AFW"", ""AFZ"", ""ANZ"", ""ASC"", ""ASE"", ""ASO"", ""BRA"", ""CAN"", ""CHL"", ""CHN"", ""ENE"", ""ENW"", ""EUE"", ""EUM"", ""EUW"", ""IDN"", ""IND"", ""JPN"", ""LAM"", ""MDA"", ""MEA"", ""MEX"", ""NIG"", ""RUS"", ""SKT"", ""USA""]",noce,1,future,No CE,Final energy,Solids,5.890762860998873,EJ/yr,plotted,"[""Final Energy|Industry|Non-Metallic Minerals|Cement|Solids""]",5.890762860998873,EJ/yr,,,1.0,0.0,,
ndc_noce,NDC,No CE,a,Global,Cement,2050,"[""AFE"", ""AFN"", ""AFW"", ""AFZ"", ""ANZ"", ""ASC"", ""ASE"", ""ASO"", ""BRA"", ""CAN"", ""CHL"", ""CHN"", ""ENE"", ""ENW"", ""EUE"", ""EUM"", ""EUW"", ""IDN"", ""IND"", ""JPN"", ""LAM"", ""MDA"", ""MEA"", ""MEX"", ""NIG"", ""RUS"", ""SKT"", ""USA""]",noce,1,future,No CE,Final energy,Total,10.179741647355929,EJ/yr,context,"[""Final Energy|Industry|Non-Metallic Minerals|Cement|Electricity"", ""Final Energy|Industry|Non-Metallic Minerals|Cement|Gases"", ""Final Energy|Industry|Non-Metallic Minerals|Cement|Liquids"", ""Final Energy|Industry|Non-Metallic Minerals|Cement|Solids""]",10.179741647355929,EJ/yr,,,1.0,0.0,,
ndc_noce,NDC,No CE,a,Global,Cement,2050,"[""AFE"", ""AFN"", ""AFW"", ""AFZ"", ""ANZ"", ""ASC"", ""ASE"", ""ASO"", ""BRA"", ""CAN"", ""CHL"", ""CHN"", ""ENE"", ""ENW"", ""EUE"", ""EUM"", ""EUW"", ""IDN"", ""IND"", ""JPN"", ""LAM"", ""MDA"", ""MEA"", ""MEX"", ""NIG"", ""RUS"", ""SKT"", ""USA""]",noce,1,future,No CE,Final energy change from no CE,Total,0.0,%,context,"[""Final Energy|Industry|Non-Metallic Minerals|Cement|Electricity"", ""Final Energy|Industry|Non-Metallic Minerals|Cement|Gases"", ""Final Energy|Industry|Non-Metallic Minerals|Cement|Liquids"", ""Final Energy|Industry|Non-Metallic Minerals|Cement|Solids""]",10.179741647355929,EJ/yr,10.179741647355929,EJ/yr,100.0,-100.0,ndc_noce,2050.0
ndc_medce_eu,NDC,"Medium CE, EU",a,Global,Cement,2050,"[""AFE"", ""AFN"", ""AFW"", ""AFZ"", ""ANZ"", ""ASC"", ""ASE"", ""ASO"", ""BRA"", ""CAN"", ""CHL"", ""CHN"", ""ENE"", ""ENW"", ""EUE"", ""EUM"", ""EUW"", ""IDN"", ""IND"", ""JPN"", ""LAM"", ""MDA"", ""MEA"", ""MEX"", ""NIG"", ""RUS"", ""SKT"", ""USA""]",medce_eu,2,future,M–EU,Final energy,Electricity,2.144461677000089,EJ/yr,plotted,"[""Final Energy|Industry|Non-Metallic Minerals|Cement|Electricity""]",2.144461677000089,EJ/yr,,,1.0,0.0,,
ndc_medce_eu,NDC,"Medium CE, EU",a,Global,Cement,2050,"[""AFE"", ""AFN"", ""AFW"", ""AFZ"", ""ANZ"", ""ASC"", ""ASE"", ""ASO"", ""BRA"", ""CAN"", ""CHL"", ""CHN"", ""ENE"", ""ENW"", ""EUE"", ""EUM"", ""EUW"", ""IDN"", ""IND"", ""JPN"", ""LAM"", ""MDA"", ""MEA"", ""MEX"", ""NIG"", ""RUS"", ""SKT"", ""USA""]",medce_eu,2,future,M–EU,Final energy,Gases,1.1917325792532967,EJ/yr,plotted,"[""Final Energy|Industry|Non-Metallic Minerals|Cement|Gases""]",1.1917325792532967,EJ/yr,,,1.0,0.0,,
ndc_medce_eu,NDC,"Medium CE, EU",a,Global,Cement,2050,"[""AFE"", ""AFN"", ""AFW"", ""AFZ"", ""ANZ"", ""ASC"", ""ASE"", ""ASO"", ""BRA"", ""CAN"", ""CHL"", ""CHN"", ""ENE"", ""ENW"", ""EUE"", ""EUM"", ""EUW"", ""IDN"", ""IND"", ""JPN"", ""LAM"", ""MDA"", ""MEA"", ""MEX"", ""NIG"", ""RUS"", ""SKT"", ""USA""]",medce_eu,2,future,M–EU,Final energy,Liquids,0.8789975489036136,EJ/yr,plotted,"[""Final Energy|Industry|Non-Metallic Minerals|Cement|Liquids""]",0.8789975489036136,EJ/yr,,,1.0,0.0,,
ndc_medce_eu,NDC,"Medium CE, EU",a,Global,Cement,2050,"[""AFE"", ""AFN"", ""AFW"", ""AFZ"", ""ANZ"", ""ASC"", ""ASE"", ""ASO"", ""BRA"", ""CAN"", ""CHL"", ""CHN"", ""ENE"", ""ENW"", ""EUE"", ""EUM"", ""EUW"", ""IDN"", ""IND"", ""JPN"", ""LAM"", ""MDA"", ""MEA"", ""MEX"", ""NIG"", ""RUS"", ""SKT"", ""USA""]",medce_eu,2,future,M–EU,Final energy,Solids,5.815400286278116,EJ/yr,plotted,"[""Final Energy|Industry|Non-Metallic Minerals|Cement|Solids""]",5.815400286278116,EJ/yr,,,1.0,0.0,,
ndc_medce_eu,NDC,"Medium CE, EU",a,Global,Cement,2050,"[""AFE"", ""AFN"", ""AFW"", ""AFZ"", ""ANZ"", ""ASC"", ""ASE"", ""ASO"", ""BRA"", ""CAN"", ""CHL"", ""CHN"", ""ENE"", ""ENW"", ""EUE"", ""EUM"", ""EUW"", ""IDN"", ""IND"", ""JPN"", ""LAM"", ""MDA"", ""MEA"", ""MEX"", ""NIG"", ""RUS"", ""SKT"", ""USA""]",medce_eu,2,future,M–EU,Final energy,Total,10.030592091435114,EJ/yr,context,"[""Final Energy|Industry|Non-Metallic Minerals|Cement|Electricity"", ""Final Energy|Industry|Non-Metallic Minerals|Cement|Gases"", ""Final Energy|Industry|Non-Metallic Minerals|Cement|Liquids"", ""Final Energy|Industry|Non-Metallic Minerals|Cement|Solids""]",10.030592091435114,EJ/yr,,,1.0,0.0,,
ndc_medce_eu,NDC,"Medium CE, EU",a,Global,Cement,2050,"[""AFE"", ""AFN"", ""AFW"", ""AFZ"", ""ANZ"", ""ASC"", ""ASE"", ""ASO"", ""BRA"", ""CAN"", ""CHL"", ""CHN"", ""ENE"", ""ENW"", ""EUE"", ""EUM"", ""EUW"", ""IDN"", ""IND"", ""JPN"", ""LAM"", ""MDA"", ""MEA"", ""MEX"", ""NIG"", ""RUS"", ""SKT"", ""USA""]",medce_eu,2,future,M–EU,Final energy change from no CE,Total,-1.4651605226106454,%,context,"[""Final Energy|Industry|Non-Metallic Minerals|Cement|Electricity"", ""Final Energy|Industry|Non-Metallic Minerals|Cement|Gases"", ""Final Energy|Industry|Non-Metallic Minerals|Cement|Liquids"", ""Final Energy|Industry|Non-Metallic Minerals|Cement|Solids""]",10.030592091435114,EJ/yr,10.179741647355929,EJ/yr,100.0,-100.0,ndc_noce,2050.0
ndc_highce_eu,NDC,"High CE, EU",a,Global,Cement,2050,"[""AFE"", ""AFN"", ""AFW"", ""AFZ"", ""ANZ"", ""ASC"", ""ASE"", ""ASO"", ""BRA"", ""CAN"", ""CHL"", ""CHN"", ""ENE"", ""ENW"", ""EUE"", ""EUM"", ""EUW"", ""IDN"", ""IND"", ""JPN"", ""LAM"", ""MDA"", ""MEA"", ""MEX"", ""NIG"", ""RUS"", ""SKT"", ""USA""]",highce_eu,3,future,H–EU,Final energy,Electricity,2.1340041652172674,EJ/yr,plotted,"[""Final Energy|Industry|Non-Metallic Minerals|Cement|Electricity""]",2.1340041652172674,EJ/yr,,,1.0,0.0,,
ndc_highce_eu,NDC,"High CE, EU",a,Global,Cement,2050,"[""AFE"", ""AFN"", ""AFW"", ""AFZ"", ""ANZ"", ""ASC"", ""ASE"", ""ASO"", ""BRA"", ""CAN"", ""CHL"", ""CHN"", ""ENE"", ""ENW"", ""EUE"", ""EUM"", ""EUW"", ""IDN"", ""IND"", ""JPN"", ""LAM"", ""MDA"", ""MEA"", ""MEX"", ""NIG"", ""RUS"", ""SKT"", ""USA""]",highce_eu,3,future,H–EU,Final energy,Gases,1.1868619408853491,EJ/yr,plotted,"[""Final Energy|Industry|Non-Metallic Minerals|Cement|Gases""]",1.1868619408853491,EJ/yr,,,1.0,0.0,,
ndc_highce_eu,NDC,"High CE, EU",a,Global,Cement,2050,"[""AFE"", ""AFN"", ""AFW"", ""AFZ"", ""ANZ"", ""ASC"", ""ASE"", ""ASO"", ""BRA"", ""CAN"", ""CHL"", ""CHN"", ""ENE"", ""ENW"", ""EUE"", ""EUM"", ""EUW"", ""IDN"", ""IND"", ""JPN"", ""LAM"", ""MDA"", ""MEA"", ""MEX"", ""NIG"", ""RUS"", ""SKT"", ""USA""]",highce_eu,3,future,H–EU,Final energy,Liquids,0.8744170537147912,EJ/yr,plotted,"[""Final Energy|Industry|Non-Metallic Minerals|Cement|Liquids""]",0.8744170537147912,EJ/yr,,,1.0,0.0,,
ndc_highce_eu,NDC,"High CE, EU",a,Global,Cement,2050,"[""AFE"", ""AFN"", ""AFW"", ""AFZ"", ""ANZ"", ""ASC"", ""ASE"", ""ASO"", ""BRA"", ""CAN"", ""CHL"", ""CHN"", ""ENE"", ""ENW"", ""EUE"", ""EUM"", ""EUW"", ""IDN"", ""IND"", ""JPN"", ""LAM"", ""MDA"", ""MEA"", ""MEX"", ""NIG"", ""RUS"", ""SKT"", ""USA""]",highce_eu,3,future,H–EU,Final energy,Solids,5.784789669241587,EJ/yr,plotted,"[""Final Energy|Industry|Non-Metallic Minerals|Cement|Solids""]",5.784789669241587,EJ/yr,,,1.0,0.0,,
ndc_highce_eu,NDC,"High CE, EU",a,Global,Cement,2050,"[""AFE"", ""AFN"", ""AFW"", ""AFZ"", ""ANZ"", ""ASC"", ""ASE"", ""ASO"", ""BRA"", ""CAN"", ""CHL"", ""CHN"", ""ENE"", ""ENW"", ""EUE"", ""EUM"", ""EUW"", ""IDN"", ""IND"", ""JPN"", ""LAM"", ""MDA"", ""MEA"", ""MEX"", ""NIG"", ""RUS"", ""SKT"", ""USA""]",highce_eu,3,future,H–EU,Final energy,Total,9.980072829058996,EJ/yr,context,"[""Final Energy|Industry|Non-Metallic Minerals|Cement|Electricity"", ""Final Energy|Industry|Non-Metallic Minerals|Cement|Gases"", ""Final Energy|Industry|Non-Metallic Minerals|Cement|Liquids"", ""Final Energy|Industry|Non-Metallic Minerals|Cement|Solids""]",9.980072829058996,EJ/yr,,,1.0,0.0,,
ndc_highce_eu,NDC,"High CE, EU",a,Global,Cement,2050,"[""AFE"", ""AFN"", ""AFW"", ""AFZ"", ""ANZ"", ""ASC"", ""ASE"", ""ASO"", ""BRA"", ""CAN"", ""CHL"", ""CHN"", ""ENE"", ""ENW"", ""EUE"", ""EUM"", ""EUW"", ""IDN"", ""IND"", ""JPN"", ""LAM"", ""MDA"", ""MEA"", ""MEX"", ""NIG"", ""RUS"", ""SKT"", ""USA""]",highce_eu,3,future,H–EU,Final energy change from no CE,Total,-1.9614330619951943,%,context,"[""Final Energy|Industry|Non-Metallic Minerals|Cement|Electricity"", ""Final Energy|Industry|Non-Metallic Minerals|Cement|Gases"", ""Final Energy|Industry|Non-Metallic Minerals|Cement|Liquids"", ""Final Energy|Industry|Non-Metallic Minerals|Cement|Solids""]",9.980072829058996,EJ/yr,10.179741647355929,EJ/yr,100.0,-100.0,ndc_noce,2050.0
ndc_medce_gbl,NDC,"Medium CE, EU + partners",a,Global,Cement,2050,"[""AFE"", ""AFN"", ""AFW"", ""AFZ"", ""ANZ"", ""ASC"", ""ASE"", ""ASO"", ""BRA"", ""CAN"", ""CHL"", ""CHN"", ""ENE"", ""ENW"", ""EUE"", ""EUM"", ""EUW"", ""IDN"", ""IND"", ""JPN"", ""LAM"", ""MDA"", ""MEA"", ""MEX"", ""NIG"", ""RUS"", ""SKT"", ""USA""]",medce_gbl,4,future,M–EU+,Final energy,Electricity,1.822912661334108,EJ/yr,plotted,"[""Final Energy|Industry|Non-Metallic Minerals|Cement|Electricity""]",1.822912661334108,EJ/yr,,,1.0,0.0,,
ndc_medce_gbl,NDC,"Medium CE, EU + partners",a,Global,Cement,2050,"[""AFE"", ""AFN"", ""AFW"", ""AFZ"", ""ANZ"", ""ASC"", ""ASE"", ""ASO"", ""BRA"", ""CAN"", ""CHL"", ""CHN"", ""ENE"", ""ENW"", ""EUE"", ""EUM"", ""EUW"", ""IDN"", ""IND"", ""JPN"", ""LAM"", ""MDA"", ""MEA"", ""MEX"", ""NIG"", ""RUS"", ""SKT"", ""USA""]",medce_gbl,4,future,M–EU+,Final energy,Gases,1.0873213328255327,EJ/yr,plotted,"[""Final Energy|Industry|Non-Metallic Minerals|Cement|Gases""]",1.0873213328255327,EJ/yr,,,1.0,0.0,,
ndc_medce_gbl,NDC,"Medium CE, EU + partners",a,Global,Cement,2050,"[""AFE"", ""AFN"", ""AFW"", ""AFZ"", ""ANZ"", ""ASC"", ""ASE"", ""ASO"", ""BRA"", ""CAN"", ""CHL"", ""CHN"", ""ENE"", ""ENW"", ""EUE"", ""EUM"", ""EUW"", ""IDN"", ""IND"", ""JPN"", ""LAM"", ""MDA"", ""MEA"", ""MEX"", ""NIG"", ""RUS"", ""SKT"", ""USA""]",medce_gbl,4,future,M–EU+,Final energy,Liquids,0.7183913905463608,EJ/yr,plotted,"[""Final Energy|Industry|Non-Metallic Minerals|Cement|Liquids""]",0.7183913905463608,EJ/yr,,,1.0,0.0,,
ndc_medce_gbl,NDC,"Medium CE, EU + partners",a,Global,Cement,2050,"[""AFE"", ""AFN"", ""AFW"", ""AFZ"", ""ANZ"", ""ASC"", ""ASE"", ""ASO"", ""BRA"", ""CAN"", ""CHL"", ""CHN"", ""ENE"", ""ENW"", ""EUE"", ""EUM"", ""EUW"", ""IDN"", ""IND"", ""JPN"", ""LAM"", ""MDA"", ""MEA"", ""MEX"", ""NIG"", ""RUS"", ""SKT"", ""USA""]",medce_gbl,4,future,M–EU+,Final energy,Solids,4.635627527672413,EJ/yr,plotted,"[""Final Energy|Industry|Non-Metallic Minerals|Cement|Solids""]",4.635627527672413,EJ/yr,,,1.0,0.0,,
ndc_medce_gbl,NDC,"Medium CE, EU + partners",a,Global,Cement,2050,"[""AFE"", ""AFN"", ""AFW"", ""AFZ"", ""ANZ"", ""ASC"", ""ASE"", ""ASO"", ""BRA"", ""CAN"", ""CHL"", ""CHN"", ""ENE"", ""ENW"", ""EUE"", ""EUM"", ""EUW"", ""IDN"", ""IND"", ""JPN"", ""LAM"", ""MDA"", ""MEA"", ""MEX"", ""NIG"", ""RUS"", ""SKT"", ""USA""]",medce_gbl,4,future,M–EU+,Final energy,Total,8.264252912378414,EJ/yr,context,"[""Final Energy|Industry|Non-Metallic Minerals|Cement|Electricity"", ""Final Energy|Industry|Non-Metallic Minerals|Cement|Gases"", ""Final Energy|Industry|Non-Metallic Minerals|Cement|Liquids"", ""Final Energy|Industry|Non-Metallic Minerals|Cement|Solids""]",8.264252912378414,EJ/yr,,,1.0,0.0,,
ndc_medce_gbl,NDC,"Medium CE, EU + partners",a,Global,Cement,2050,"[""AFE"", ""AFN"", ""AFW"", ""AFZ"", ""ANZ"", ""ASC"", ""ASE"", ""ASO"", ""BRA"", ""CAN"", ""CHL"", ""CHN"", ""ENE"", ""ENW"", ""EUE"", ""EUM"", ""EUW"", ""IDN"", ""IND"", ""JPN"", ""LAM"", ""MDA"", ""MEA"", ""MEX"", ""NIG"", ""RUS"", ""SKT"", ""USA""]",medce_gbl,4,future,M–EU+,Final energy change from no CE,Total,-18.81667336297322,%,context,"[""Final Energy|Industry|Non-Metallic Minerals|Cement|Electricity"", ""Final Energy|Industry|Non-Metallic Minerals|Cement|Gases"", ""Final Energy|Industry|Non-Metallic Minerals|Cement|Liquids"", ""Final Energy|Industry|Non-Metallic Minerals|Cement|Solids""]",8.264252912378414,EJ/yr,10.179741647355929,EJ/yr,100.0,-100.0,ndc_noce,2050.0
ndc_highce_gbl,NDC,"High CE, EU + partners",a,Global,Cement,2050,"[""AFE"", ""AFN"", ""AFW"", ""AFZ"", ""ANZ"", ""ASC"", ""ASE"", ""ASO"", ""BRA"", ""CAN"", ""CHL"", ""CHN"", ""ENE"", ""ENW"", ""EUE"", ""EUM"", ""EUW"", ""IDN"", ""IND"", ""JPN"", ""LAM"", ""MDA"", ""MEA"", ""MEX"", ""NIG"", ""RUS"", ""SKT"", ""USA""]",highce_gbl,5,future,H–EU+,Final energy,Electricity,1.6805961837842012,EJ/yr,plotted,"[""Final Energy|Industry|Non-Metallic Minerals|Cement|Electricity""]",1.6805961837842012,EJ/yr,,,1.0,0.0,,
ndc_highce_gbl,NDC,"High CE, EU + partners",a,Global,Cement,2050,"[""AFE"", ""AFN"", ""AFW"", ""AFZ"", ""ANZ"", ""ASC"", ""ASE"", ""ASO"", ""BRA"", ""CAN"", ""CHL"", ""CHN"", ""ENE"", ""ENW"", ""EUE"", ""EUM"", ""EUW"", ""IDN"", ""IND"", ""JPN"", ""LAM"", ""MDA"", ""MEA"", ""MEX"", ""NIG"", ""RUS"", ""SKT"", ""USA""]",highce_gbl,5,future,H–EU+,Final energy,Gases,1.026452955729294,EJ/yr,plotted,"[""Final Energy|Industry|Non-Metallic Minerals|Cement|Gases""]",1.026452955729294,EJ/yr,,,1.0,0.0,,
ndc_highce_gbl,NDC,"High CE, EU + partners",a,Global,Cement,2050,"[""AFE"", ""AFN"", ""AFW"", ""AFZ"", ""ANZ"", ""ASC"", ""ASE"", ""ASO"", ""BRA"", ""CAN"", ""CHL"", ""CHN"", ""ENE"", ""ENW"", ""EUE"", ""EUM"", ""EUW"", ""IDN"", ""IND"", ""JPN"", ""LAM"", ""MDA"", ""MEA"", ""MEX"", ""NIG"", ""RUS"", ""SKT"", ""USA""]",highce_gbl,5,future,H–EU+,Final energy,Liquids,0.6506903839276821,EJ/yr,plotted,"[""Final Energy|Industry|Non-Metallic Minerals|Cement|Liquids""]",0.6506903839276821,EJ/yr,,,1.0,0.0,,
ndc_highce_gbl,NDC,"High CE, EU + partners",a,Global,Cement,2050,"[""AFE"", ""AFN"", ""AFW"", ""AFZ"", ""ANZ"", ""ASC"", ""ASE"", ""ASO"", ""BRA"", ""CAN"", ""CHL"", ""CHN"", ""ENE"", ""ENW"", ""EUE"", ""EUM"", ""EUW"", ""IDN"", ""IND"", ""JPN"", ""LAM"", ""MDA"", ""MEA"", ""MEX"", ""NIG"", ""RUS"", ""SKT"", ""USA""]",highce_gbl,5,future,H–EU+,Final energy,Solids,4.157112856604117,EJ/yr,plotted,"[""Final Energy|Industry|Non-Metallic Minerals|Cement|Solids""]",4.157112856604117,EJ/yr,,,1.0,0.0,,
ndc_highce_gbl,NDC,"High CE, EU + partners",a,Global,Cement,2050,"[""AFE"", ""AFN"", ""AFW"", ""AFZ"", ""ANZ"", ""ASC"", ""ASE"", ""ASO"", ""BRA"", ""CAN"", ""CHL"", ""CHN"", ""ENE"", ""ENW"", ""EUE"", ""EUM"", ""EUW"", ""IDN"", ""IND"", ""JPN"", ""LAM"", ""MDA"", ""MEA"", ""MEX"", ""NIG"", ""RUS"", ""SKT"", ""USA""]",highce_gbl,5,future,H–EU+,Final energy,Total,7.514852380045294,EJ/yr,context,"[""Final Energy|Industry|Non-Metallic Minerals|Cement|Electricity"", ""Final Energy|Industry|Non-Metallic Minerals|Cement|Gases"", ""Final Energy|Industry|Non-Metallic Minerals|Cement|Liquids"", ""Final Energy|Industry|Non-Metallic Minerals|Cement|Solids""]",7.514852380045294,EJ/yr,,,1.0,0.0,,
ndc_highce_gbl,NDC,"High CE, EU + partners",a,Global,Cement,2050,"[""AFE"", ""AFN"", ""AFW"", ""AFZ"", ""ANZ"", ""ASC"", ""ASE"", ""ASO"", ""BRA"", ""CAN"", ""CHL"", ""CHN"", ""ENE"", ""ENW"", ""EUE"", ""EUM"", ""EUW"", ""IDN"", ""IND"", ""JPN"", ""LAM"", ""MDA"", ""MEA"", ""MEX"", ""NIG"", ""RUS"", ""SKT"", ""USA""]",highce_gbl,5,future,H–EU+,Final energy change from no CE,Total,-26.178358544126795,%,context,"[""Final Energy|Industry|Non-Metallic Minerals|Cement|Electricity"", ""Final Energy|Industry|Non-Metallic Minerals|Cement|Gases"", ""Final Energy|Industry|Non-Metallic Minerals|Cement|Liquids"", ""Final Energy|Industry|Non-Metallic Minerals|Cement|Solids""]",7.514852380045294,EJ/yr,10.179741647355929,EJ/yr,100.0,-100.0,ndc_noce,2050.0
ndc_noce,NDC,No CE,b,Global,Iron and steel,2019,"[""AFE"", ""AFN"", ""AFW"", ""AFZ"", ""ANZ"", ""ASC"", ""ASE"", ""ASO"", ""BRA"", ""CAN"", ""CHL"", ""CHN"", ""ENE"", ""ENW"", ""EUE"", ""EUM"", ""EUW"", ""IDN"", ""IND"", ""JPN"", ""LAM"", ""MDA"", ""MEA"", ""MEX"", ""NIG"", ""RUS"", ""SKT"", ""USA""]",noce,0,historical,2019,Final energy,Electricity,4.450102658833501,EJ/yr,plotted,"[""Final Energy|Industry|Iron and Steel|Electricity""]",4.450102658833501,EJ/yr,,,1.0,0.0,,
ndc_noce,NDC,No CE,b,Global,Iron and steel,2019,"[""AFE"", ""AFN"", ""AFW"", ""AFZ"", ""ANZ"", ""ASC"", ""ASE"", ""ASO"", ""BRA"", ""CAN"", ""CHL"", ""CHN"", ""ENE"", ""ENW"", ""EUE"", ""EUM"", ""EUW"", ""IDN"", ""IND"", ""JPN"", ""LAM"", ""MDA"", ""MEA"", ""MEX"", ""NIG"", ""RUS"", ""SKT"", ""USA""]",noce,0,historical,2019,Final energy,Gases,2.5956495325091713,EJ/yr,plotted,"[""Final Energy|Industry|Iron and Steel|Gases""]",2.5956495325091713,EJ/yr,,,1.0,0.0,,
ndc_noce,NDC,No CE,b,Global,Iron and steel,2019,"[""AFE"", ""AFN"", ""AFW"", ""AFZ"", ""ANZ"", ""ASC"", ""ASE"", ""ASO"", ""BRA"", ""CAN"", ""CHL"", ""CHN"", ""ENE"", ""ENW"", ""EUE"", ""EUM"", ""EUW"", ""IDN"", ""IND"", ""JPN"", ""LAM"", ""MDA"", ""MEA"", ""MEX"", ""NIG"", ""RUS"", ""SKT"", ""USA""]",noce,0,historical,2019,Final energy,Hydrogen,0.0,EJ/yr,plotted,"[""Final Energy|Industry|Iron and Steel|Hydrogen""]",0.0,EJ/yr,,,1.0,0.0,,
ndc_noce,NDC,No CE,b,Global,Iron and steel,2019,"[""AFE"", ""AFN"", ""AFW"", ""AFZ"", ""ANZ"", ""ASC"", ""ASE"", ""ASO"", ""BRA"", ""CAN"", ""CHL"", ""CHN"", ""ENE"", ""ENW"", ""EUE"", ""EUM"", ""EUW"", ""IDN"", ""IND"", ""JPN"", ""LAM"", ""MDA"", ""MEA"", ""MEX"", ""NIG"", ""RUS"", ""SKT"", ""USA""]",noce,0,historical,2019,Final energy,Liquids,0.2912064779786795,EJ/yr,plotted,"[""Final Energy|Industry|Iron and Steel|Liquids""]",0.2912064779786795,EJ/yr,,,1.0,0.0,,
ndc_noce,NDC,No CE,b,Global,Iron and steel,2019,"[""AFE"", ""AFN"", ""AFW"", ""AFZ"", ""ANZ"", ""ASC"", ""ASE"", ""ASO"", ""BRA"", ""CAN"", ""CHL"", ""CHN"", ""ENE"", ""ENW"", ""EUE"", ""EUM"", ""EUW"", ""IDN"", ""IND"", ""JPN"", ""LAM"", ""MDA"", ""MEA"", ""MEX"", ""NIG"", ""RUS"", ""SKT"", ""USA""]",noce,0,historical,2019,Final energy,Solids,22.90554446435401,EJ/yr,plotted,"[""Final Energy|Industry|Iron and Steel|Solids""]",22.90554446435401,EJ/yr,,,1.0,0.0,,
ndc_noce,NDC,No CE,b,Global,Iron and steel,2019,"[""AFE"", ""AFN"", ""AFW"", ""AFZ"", ""ANZ"", ""ASC"", ""ASE"", ""ASO"", ""BRA"", ""CAN"", ""CHL"", ""CHN"", ""ENE"", ""ENW"", ""EUE"", ""EUM"", ""EUW"", ""IDN"", ""IND"", ""JPN"", ""LAM"", ""MDA"", ""MEA"", ""MEX"", ""NIG"", ""RUS"", ""SKT"", ""USA""]",noce,0,historical,2019,Final energy,Total,30.24250313367536,EJ/yr,context,"[""Final Energy|Industry|Iron and Steel|Electricity"", ""Final Energy|Industry|Iron and Steel|Gases"", ""Final Energy|Industry|Iron and Steel|Hydrogen"", ""Final Energy|Industry|Iron and Steel|Liquids"", ""Final Energy|Industry|Iron and Steel|Solids""]",30.24250313367536,EJ/yr,,,1.0,0.0,,
ndc_noce,NDC,No CE,b,Global,Iron and steel,2050,"[""AFE"", ""AFN"", ""AFW"", ""AFZ"", ""ANZ"", ""ASC"", ""ASE"", ""ASO"", ""BRA"", ""CAN"", ""CHL"", ""CHN"", ""ENE"", ""ENW"", ""EUE"", ""EUM"", ""EUW"", ""IDN"", ""IND"", ""JPN"", ""LAM"", ""MDA"", ""MEA"", ""MEX"", ""NIG"", ""RUS"", ""SKT"", ""USA""]",noce,1,future,No CE,Final energy,Electricity,5.871106287870795,EJ/yr,plotted,"[""Final Energy|Industry|Iron and Steel|Electricity""]",5.871106287870795,EJ/yr,,,1.0,0.0,,
ndc_noce,NDC,No CE,b,Global,Iron and steel,2050,"[""AFE"", ""AFN"", ""AFW"", ""AFZ"", ""ANZ"", ""ASC"", ""ASE"", ""ASO"", ""BRA"", ""CAN"", ""CHL"", ""CHN"", ""ENE"", ""ENW"", ""EUE"", ""EUM"", ""EUW"", ""IDN"", ""IND"", ""JPN"", ""LAM"", ""MDA"", ""MEA"", ""MEX"", ""NIG"", ""RUS"", ""SKT"", ""USA""]",noce,1,future,No CE,Final energy,Gases,4.372101926577202,EJ/yr,plotted,"[""Final Energy|Industry|Iron and Steel|Gases""]",4.372101926577202,EJ/yr,,,1.0,0.0,,
ndc_noce,NDC,No CE,b,Global,Iron and steel,2050,"[""AFE"", ""AFN"", ""AFW"", ""AFZ"", ""ANZ"", ""ASC"", ""ASE"", ""ASO"", ""BRA"", ""CAN"", ""CHL"", ""CHN"", ""ENE"", ""ENW"", ""EUE"", ""EUM"", ""EUW"", ""IDN"", ""IND"", ""JPN"", ""LAM"", ""MDA"", ""MEA"", ""MEX"", ""NIG"", ""RUS"", ""SKT"", ""USA""]",noce,1,future,No CE,Final energy,Hydrogen,1.3893356332507933,EJ/yr,plotted,"[""Final Energy|Industry|Iron and Steel|Hydrogen""]",1.3893356332507933,EJ/yr,,,1.0,0.0,,
ndc_noce,NDC,No CE,b,Global,Iron and steel,2050,"[""AFE"", ""AFN"", ""AFW"", ""AFZ"", ""ANZ"", ""ASC"", ""ASE"", ""ASO"", ""BRA"", ""CAN"", ""CHL"", ""CHN"", ""ENE"", ""ENW"", ""EUE"", ""EUM"", ""EUW"", ""IDN"", ""IND"", ""JPN"", ""LAM"", ""MDA"", ""MEA"", ""MEX"", ""NIG"", ""RUS"", ""SKT"", ""USA""]",noce,1,future,No CE,Final energy,Liquids,0.0,EJ/yr,plotted,"[""Final Energy|Industry|Iron and Steel|Liquids""]",0.0,EJ/yr,,,1.0,0.0,,
ndc_noce,NDC,No CE,b,Global,Iron and steel,2050,"[""AFE"", ""AFN"", ""AFW"", ""AFZ"", ""ANZ"", ""ASC"", ""ASE"", ""ASO"", ""BRA"", ""CAN"", ""CHL"", ""CHN"", ""ENE"", ""ENW"", ""EUE"", ""EUM"", ""EUW"", ""IDN"", ""IND"", ""JPN"", ""LAM"", ""MDA"", ""MEA"", ""MEX"", ""NIG"", ""RUS"", ""SKT"", ""USA""]",noce,1,future,No CE,Final energy,Solids,8.977730848502727,EJ/yr,plotted,"[""Final Energy|Industry|Iron and Steel|Solids""]",8.977730848502727,EJ/yr,,,1.0,0.0,,
ndc_noce,NDC,No CE,b,Global,Iron and steel,2050,"[""AFE"", ""AFN"", ""AFW"", ""AFZ"", ""ANZ"", ""ASC"", ""ASE"", ""ASO"", ""BRA"", ""CAN"", ""CHL"", ""CHN"", ""ENE"", ""ENW"", ""EUE"", ""EUM"", ""EUW"", ""IDN"", ""IND"", ""JPN"", ""LAM"", ""MDA"", ""MEA"", ""MEX"", ""NIG"", ""RUS"", ""SKT"", ""USA""]",noce,1,future,No CE,Final energy,Total,20.610274696201515,EJ/yr,context,"[""Final Energy|Industry|Iron and Steel|Electricity"", ""Final Energy|Industry|Iron and Steel|Gases"", ""Final Energy|Industry|Iron and Steel|Hydrogen"", ""Final Energy|Industry|Iron and Steel|Liquids"", ""Final Energy|Industry|Iron and Steel|Solids""]",20.610274696201515,EJ/yr,,,1.0,0.0,,
ndc_noce,NDC,No CE,b,Global,Iron and steel,2050,"[""AFE"", ""AFN"", ""AFW"", ""AFZ"", ""ANZ"", ""ASC"", ""ASE"", ""ASO"", ""BRA"", ""CAN"", ""CHL"", ""CHN"", ""ENE"", ""ENW"", ""EUE"", ""EUM"", ""EUW"", ""IDN"", ""IND"", ""JPN"", ""LAM"", ""MDA"", ""MEA"", ""MEX"", ""NIG"", ""RUS"", ""SKT"", ""USA""]",noce,1,future,No CE,Final energy change from no CE,Total,0.0,%,context,"[""Final Energy|Industry|Iron and Steel|Electricity"", ""Final Energy|Industry|Iron and Steel|Gases"", ""Final Energy|Industry|Iron and Steel|Hydrogen"", ""Final Energy|Industry|Iron and Steel|Liquids"", ""Final Energy|Industry|Iron and Steel|Solids""]",20.610274696201515,EJ/yr,20.610274696201515,EJ/yr,100.0,-100.0,ndc_noce,2050.0
ndc_medce_eu,NDC,"Medium CE, EU",b,Global,Iron and steel,2050,"[""AFE"", ""AFN"", ""AFW"", ""AFZ"", ""ANZ"", ""ASC"", ""ASE"", ""ASO"", ""BRA"", ""CAN"", ""CHL"", ""CHN"", ""ENE"", ""ENW"", ""EUE"", ""EUM"", ""EUW"", ""IDN"", ""IND"", ""JPN"", ""LAM"", ""MDA"", ""MEA"", ""MEX"", ""NIG"", ""RUS"", ""SKT"", ""USA""]",medce_eu,2,future,M–EU,Final energy,Electricity,5.823907427121482,EJ/yr,plotted,"[""Final Energy|Industry|Iron and Steel|Electricity""]",5.823907427121482,EJ/yr,,,1.0,0.0,,
ndc_medce_eu,NDC,"Medium CE, EU",b,Global,Iron and steel,2050,"[""AFE"", ""AFN"", ""AFW"", ""AFZ"", ""ANZ"", ""ASC"", ""ASE"", ""ASO"", ""BRA"", ""CAN"", ""CHL"", ""CHN"", ""ENE"", ""ENW"", ""EUE"", ""EUM"", ""EUW"", ""IDN"", ""IND"", ""JPN"", ""LAM"", ""MDA"", ""MEA"", ""MEX"", ""NIG"", ""RUS"", ""SKT"", ""USA""]",medce_eu,2,future,M–EU,Final energy,Gases,4.390047563426594,EJ/yr,plotted,"[""Final Energy|Industry|Iron and Steel|Gases""]",4.390047563426594,EJ/yr,,,1.0,0.0,,
ndc_medce_eu,NDC,"Medium CE, EU",b,Global,Iron and steel,2050,"[""AFE"", ""AFN"", ""AFW"", ""AFZ"", ""ANZ"", ""ASC"", ""ASE"", ""ASO"", ""BRA"", ""CAN"", ""CHL"", ""CHN"", ""ENE"", ""ENW"", ""EUE"", ""EUM"", ""EUW"", ""IDN"", ""IND"", ""JPN"", ""LAM"", ""MDA"", ""MEA"", ""MEX"", ""NIG"", ""RUS"", ""SKT"", ""USA""]",medce_eu,2,future,M–EU,Final energy,Hydrogen,1.4018684797807022,EJ/yr,plotted,"[""Final Energy|Industry|Iron and Steel|Hydrogen""]",1.4018684797807022,EJ/yr,,,1.0,0.0,,
ndc_medce_eu,NDC,"Medium CE, EU",b,Global,Iron and steel,2050,"[""AFE"", ""AFN"", ""AFW"", ""AFZ"", ""ANZ"", ""ASC"", ""ASE"", ""ASO"", ""BRA"", ""CAN"", ""CHL"", ""CHN"", ""ENE"", ""ENW"", ""EUE"", ""EUM"", ""EUW"", ""IDN"", ""IND"", ""JPN"", ""LAM"", ""MDA"", ""MEA"", ""MEX"", ""NIG"", ""RUS"", ""SKT"", ""USA""]",medce_eu,2,future,M–EU,Final energy,Liquids,0.0,EJ/yr,plotted,"[""Final Energy|Industry|Iron and Steel|Liquids""]",0.0,EJ/yr,,,1.0,0.0,,
ndc_medce_eu,NDC,"Medium CE, EU",b,Global,Iron and steel,2050,"[""AFE"", ""AFN"", ""AFW"", ""AFZ"", ""ANZ"", ""ASC"", ""ASE"", ""ASO"", ""BRA"", ""CAN"", ""CHL"", ""CHN"", ""ENE"", ""ENW"", ""EUE"", ""EUM"", ""EUW"", ""IDN"", ""IND"", ""JPN"", ""LAM"", ""MDA"", ""MEA"", ""MEX"", ""NIG"", ""RUS"", ""SKT"", ""USA""]",medce_eu,2,future,M–EU,Final energy,Solids,8.849345318096942,EJ/yr,plotted,"[""Final Energy|Industry|Iron and Steel|Solids""]",8.849345318096942,EJ/yr,,,1.0,0.0,,
ndc_medce_eu,NDC,"Medium CE, EU",b,Global,Iron and steel,2050,"[""AFE"", ""AFN"", ""AFW"", ""AFZ"", ""ANZ"", ""ASC"", ""ASE"", ""ASO"", ""BRA"", ""CAN"", ""CHL"", ""CHN"", ""ENE"", ""ENW"", ""EUE"", ""EUM"", ""EUW"", ""IDN"", ""IND"", ""JPN"", ""LAM"", ""MDA"", ""MEA"", ""MEX"", ""NIG"", ""RUS"", ""SKT"", ""USA""]",medce_eu,2,future,M–EU,Final energy,Total,20.46516878842572,EJ/yr,context,"[""Final Energy|Industry|Iron and Steel|Electricity"", ""Final Energy|Industry|Iron and Steel|Gases"", ""Final Energy|Industry|Iron and Steel|Hydrogen"", ""Final Energy|Industry|Iron and Steel|Liquids"", ""Final Energy|Industry|Iron and Steel|Solids""]",20.46516878842572,EJ/yr,,,1.0,0.0,,
ndc_medce_eu,NDC,"Medium CE, EU",b,Global,Iron and steel,2050,"[""AFE"", ""AFN"", ""AFW"", ""AFZ"", ""ANZ"", ""ASC"", ""ASE"", ""ASO"", ""BRA"", ""CAN"", ""CHL"", ""CHN"", ""ENE"", ""ENW"", ""EUE"", ""EUM"", ""EUW"", ""IDN"", ""IND"", ""JPN"", ""LAM"", ""MDA"", ""MEA"", ""MEX"", ""NIG"", ""RUS"", ""SKT"", ""USA""]",medce_eu,2,future,M–EU,Final energy change from no CE,Total,-0.7040464521442544,%,context,"[""Final Energy|Industry|Iron and Steel|Electricity"", ""Final Energy|Industry|Iron and Steel|Gases"", ""Final Energy|Industry|Iron and Steel|Hydrogen"", ""Final Energy|Industry|Iron and Steel|Liquids"", ""Final Energy|Industry|Iron and Steel|Solids""]",20.46516878842572,EJ/yr,20.610274696201515,EJ/yr,100.0,-100.0,ndc_noce,2050.0
ndc_highce_eu,NDC,"High CE, EU",b,Global,Iron and steel,2050,"[""AFE"", ""AFN"", ""AFW"", ""AFZ"", ""ANZ"", ""ASC"", ""ASE"", ""ASO"", ""BRA"", ""CAN"", ""CHL"", ""CHN"", ""ENE"", ""ENW"", ""EUE"", ""EUM"", ""EUW"", ""IDN"", ""IND"", ""JPN"", ""LAM"", ""MDA"", ""MEA"", ""MEX"", ""NIG"", ""RUS"", ""SKT"", ""USA""]",highce_eu,3,future,H–EU,Final energy,Electricity,5.792453808324815,EJ/yr,plotted,"[""Final Energy|Industry|Iron and Steel|Electricity""]",5.792453808324815,EJ/yr,,,1.0,0.0,,
ndc_highce_eu,NDC,"High CE, EU",b,Global,Iron and steel,2050,"[""AFE"", ""AFN"", ""AFW"", ""AFZ"", ""ANZ"", ""ASC"", ""ASE"", ""ASO"", ""BRA"", ""CAN"", ""CHL"", ""CHN"", ""ENE"", ""ENW"", ""EUE"", ""EUM"", ""EUW"", ""IDN"", ""IND"", ""JPN"", ""LAM"", ""MDA"", ""MEA"", ""MEX"", ""NIG"", ""RUS"", ""SKT"", ""USA""]",highce_eu,3,future,H–EU,Final energy,Gases,4.355426741212873,EJ/yr,plotted,"[""Final Energy|Industry|Iron and Steel|Gases""]",4.355426741212873,EJ/yr,,,1.0,0.0,,
ndc_highce_eu,NDC,"High CE, EU",b,Global,Iron and steel,2050,"[""AFE"", ""AFN"", ""AFW"", ""AFZ"", ""ANZ"", ""ASC"", ""ASE"", ""ASO"", ""BRA"", ""CAN"", ""CHL"", ""CHN"", ""ENE"", ""ENW"", ""EUE"", ""EUM"", ""EUW"", ""IDN"", ""IND"", ""JPN"", ""LAM"", ""MDA"", ""MEA"", ""MEX"", ""NIG"", ""RUS"", ""SKT"", ""USA""]",highce_eu,3,future,H–EU,Final energy,Hydrogen,1.3893282268132605,EJ/yr,plotted,"[""Final Energy|Industry|Iron and Steel|Hydrogen""]",1.3893282268132605,EJ/yr,,,1.0,0.0,,
ndc_highce_eu,NDC,"High CE, EU",b,Global,Iron and steel,2050,"[""AFE"", ""AFN"", ""AFW"", ""AFZ"", ""ANZ"", ""ASC"", ""ASE"", ""ASO"", ""BRA"", ""CAN"", ""CHL"", ""CHN"", ""ENE"", ""ENW"", ""EUE"", ""EUM"", ""EUW"", ""IDN"", ""IND"", ""JPN"", ""LAM"", ""MDA"", ""MEA"", ""MEX"", ""NIG"", ""RUS"", ""SKT"", ""USA""]",highce_eu,3,future,H–EU,Final energy,Liquids,0.0,EJ/yr,plotted,"[""Final Energy|Industry|Iron and Steel|Liquids""]",0.0,EJ/yr,,,1.0,0.0,,
ndc_highce_eu,NDC,"High CE, EU",b,Global,Iron and steel,2050,"[""AFE"", ""AFN"", ""AFW"", ""AFZ"", ""ANZ"", ""ASC"", ""ASE"", ""ASO"", ""BRA"", ""CAN"", ""CHL"", ""CHN"", ""ENE"", ""ENW"", ""EUE"", ""EUM"", ""EUW"", ""IDN"", ""IND"", ""JPN"", ""LAM"", ""MDA"", ""MEA"", ""MEX"", ""NIG"", ""RUS"", ""SKT"", ""USA""]",highce_eu,3,future,H–EU,Final energy,Solids,8.850233060787561,EJ/yr,plotted,"[""Final Energy|Industry|Iron and Steel|Solids""]",8.850233060787561,EJ/yr,,,1.0,0.0,,
ndc_highce_eu,NDC,"High CE, EU",b,Global,Iron and steel,2050,"[""AFE"", ""AFN"", ""AFW"", ""AFZ"", ""ANZ"", ""ASC"", ""ASE"", ""ASO"", ""BRA"", ""CAN"", ""CHL"", ""CHN"", ""ENE"", ""ENW"", ""EUE"", ""EUM"", ""EUW"", ""IDN"", ""IND"", ""JPN"", ""LAM"", ""MDA"", ""MEA"", ""MEX"", ""NIG"", ""RUS"", ""SKT"", ""USA""]",highce_eu,3,future,H–EU,Final energy,Total,20.38744183713851,EJ/yr,context,"[""Final Energy|Industry|Iron and Steel|Electricity"", ""Final Energy|Industry|Iron and Steel|Gases"", ""Final Energy|Industry|Iron and Steel|Hydrogen"", ""Final Energy|Industry|Iron and Steel|Liquids"", ""Final Energy|Industry|Iron and Steel|Solids""]",20.38744183713851,EJ/yr,,,1.0,0.0,,
ndc_highce_eu,NDC,"High CE, EU",b,Global,Iron and steel,2050,"[""AFE"", ""AFN"", ""AFW"", ""AFZ"", ""ANZ"", ""ASC"", ""ASE"", ""ASO"", ""BRA"", ""CAN"", ""CHL"", ""CHN"", ""ENE"", ""ENW"", ""EUE"", ""EUM"", ""EUW"", ""IDN"", ""IND"", ""JPN"", ""LAM"", ""MDA"", ""MEA"", ""MEX"", ""NIG"", ""RUS"", ""SKT"", ""USA""]",highce_eu,3,future,H–EU,Final energy change from no CE,Total,-1.081173649296744,%,context,"[""Final Energy|Industry|Iron and Steel|Electricity"", ""Final Energy|Industry|Iron and Steel|Gases"", ""Final Energy|Industry|Iron and Steel|Hydrogen"", ""Final Energy|Industry|Iron and Steel|Liquids"", ""Final Energy|Industry|Iron and Steel|Solids""]",20.38744183713851,EJ/yr,20.610274696201515,EJ/yr,100.0,-100.0,ndc_noce,2050.0
ndc_medce_gbl,NDC,"Medium CE, EU + partners",b,Global,Iron and steel,2050,"[""AFE"", ""AFN"", ""AFW"", ""AFZ"", ""ANZ"", ""ASC"", ""ASE"", ""ASO"", ""BRA"", ""CAN"", ""CHL"", ""CHN"", ""ENE"", ""ENW"", ""EUE"", ""EUM"", ""EUW"", ""IDN"", ""IND"", ""JPN"", ""LAM"", ""MDA"", ""MEA"", ""MEX"", ""NIG"", ""RUS"", ""SKT"", ""USA""]",medce_gbl,4,future,M–EU+,Final energy,Electricity,5.305096543536928,EJ/yr,plotted,"[""Final Energy|Industry|Iron and Steel|Electricity""]",5.305096543536928,EJ/yr,,,1.0,0.0,,
ndc_medce_gbl,NDC,"Medium CE, EU + partners",b,Global,Iron and steel,2050,"[""AFE"", ""AFN"", ""AFW"", ""AFZ"", ""ANZ"", ""ASC"", ""ASE"", ""ASO"", ""BRA"", ""CAN"", ""CHL"", ""CHN"", ""ENE"", ""ENW"", ""EUE"", ""EUM"", ""EUW"", ""IDN"", ""IND"", ""JPN"", ""LAM"", ""MDA"", ""MEA"", ""MEX"", ""NIG"", ""RUS"", ""SKT"", ""USA""]",medce_gbl,4,future,M–EU+,Final energy,Gases,2.0849130933341895,EJ/yr,plotted,"[""Final Energy|Industry|Iron and Steel|Gases""]",2.0849130933341895,EJ/yr,,,1.0,0.0,,
ndc_medce_gbl,NDC,"Medium CE, EU + partners",b,Global,Iron and steel,2050,"[""AFE"", ""AFN"", ""AFW"", ""AFZ"", ""ANZ"", ""ASC"", ""ASE"", ""ASO"", ""BRA"", ""CAN"", ""CHL"", ""CHN"", ""ENE"", ""ENW"", ""EUE"", ""EUM"", ""EUW"", ""IDN"", ""IND"", ""JPN"", ""LAM"", ""MDA"", ""MEA"", ""MEX"", ""NIG"", ""RUS"", ""SKT"", ""USA""]",medce_gbl,4,future,M–EU+,Final energy,Hydrogen,1.3102835969949937,EJ/yr,plotted,"[""Final Energy|Industry|Iron and Steel|Hydrogen""]",1.3102835969949937,EJ/yr,,,1.0,0.0,,
ndc_medce_gbl,NDC,"Medium CE, EU + partners",b,Global,Iron and steel,2050,"[""AFE"", ""AFN"", ""AFW"", ""AFZ"", ""ANZ"", ""ASC"", ""ASE"", ""ASO"", ""BRA"", ""CAN"", ""CHL"", ""CHN"", ""ENE"", ""ENW"", ""EUE"", ""EUM"", ""EUW"", ""IDN"", ""IND"", ""JPN"", ""LAM"", ""MDA"", ""MEA"", ""MEX"", ""NIG"", ""RUS"", ""SKT"", ""USA""]",medce_gbl,4,future,M–EU+,Final energy,Liquids,0.0,EJ/yr,plotted,"[""Final Energy|Industry|Iron and Steel|Liquids""]",0.0,EJ/yr,,,1.0,0.0,,
ndc_medce_gbl,NDC,"Medium CE, EU + partners",b,Global,Iron and steel,2050,"[""AFE"", ""AFN"", ""AFW"", ""AFZ"", ""ANZ"", ""ASC"", ""ASE"", ""ASO"", ""BRA"", ""CAN"", ""CHL"", ""CHN"", ""ENE"", ""ENW"", ""EUE"", ""EUM"", ""EUW"", ""IDN"", ""IND"", ""JPN"", ""LAM"", ""MDA"", ""MEA"", ""MEX"", ""NIG"", ""RUS"", ""SKT"", ""USA""]",medce_gbl,4,future,M–EU+,Final energy,Solids,7.8251764767629926,EJ/yr,plotted,"[""Final Energy|Industry|Iron and Steel|Solids""]",7.8251764767629926,EJ/yr,,,1.0,0.0,,
ndc_medce_gbl,NDC,"Medium CE, EU + partners",b,Global,Iron and steel,2050,"[""AFE"", ""AFN"", ""AFW"", ""AFZ"", ""ANZ"", ""ASC"", ""ASE"", ""ASO"", ""BRA"", ""CAN"", ""CHL"", ""CHN"", ""ENE"", ""ENW"", ""EUE"", ""EUM"", ""EUW"", ""IDN"", ""IND"", ""JPN"", ""LAM"", ""MDA"", ""MEA"", ""MEX"", ""NIG"", ""RUS"", ""SKT"", ""USA""]",medce_gbl,4,future,M–EU+,Final energy,Total,16.525469710629103,EJ/yr,context,"[""Final Energy|Industry|Iron and Steel|Electricity"", ""Final Energy|Industry|Iron and Steel|Gases"", ""Final Energy|Industry|Iron and Steel|Hydrogen"", ""Final Energy|Industry|Iron and Steel|Liquids"", ""Final Energy|Industry|Iron and Steel|Solids""]",16.525469710629103,EJ/yr,,,1.0,0.0,,
ndc_medce_gbl,NDC,"Medium CE, EU + partners",b,Global,Iron and steel,2050,"[""AFE"", ""AFN"", ""AFW"", ""AFZ"", ""ANZ"", ""ASC"", ""ASE"", ""ASO"", ""BRA"", ""CAN"", ""CHL"", ""CHN"", ""ENE"", ""ENW"", ""EUE"", ""EUM"", ""EUW"", ""IDN"", ""IND"", ""JPN"", ""LAM"", ""MDA"", ""MEA"", ""MEX"", ""NIG"", ""RUS"", ""SKT"", ""USA""]",medce_gbl,4,future,M–EU+,Final energy change from no CE,Total,-19.819265127627062,%,context,"[""Final Energy|Industry|Iron and Steel|Electricity"", ""Final Energy|Industry|Iron and Steel|Gases"", ""Final Energy|Industry|Iron and Steel|Hydrogen"", ""Final Energy|Industry|Iron and Steel|Liquids"", ""Final Energy|Industry|Iron and Steel|Solids""]",16.525469710629103,EJ/yr,20.610274696201515,EJ/yr,100.0,-100.0,ndc_noce,2050.0
ndc_highce_gbl,NDC,"High CE, EU + partners",b,Global,Iron and steel,2050,"[""AFE"", ""AFN"", ""AFW"", ""AFZ"", ""ANZ"", ""ASC"", ""ASE"", ""ASO"", ""BRA"", ""CAN"", ""CHL"", ""CHN"", ""ENE"", ""ENW"", ""EUE"", ""EUM"", ""EUW"", ""IDN"", ""IND"", ""JPN"", ""LAM"", ""MDA"", ""MEA"", ""MEX"", ""NIG"", ""RUS"", ""SKT"", ""USA""]",highce_gbl,5,future,H–EU+,Final energy,Electricity,5.08250889196994,EJ/yr,plotted,"[""Final Energy|Industry|Iron and Steel|Electricity""]",5.08250889196994,EJ/yr,,,1.0,0.0,,
ndc_highce_gbl,NDC,"High CE, EU + partners",b,Global,Iron and steel,2050,"[""AFE"", ""AFN"", ""AFW"", ""AFZ"", ""ANZ"", ""ASC"", ""ASE"", ""ASO"", ""BRA"", ""CAN"", ""CHL"", ""CHN"", ""ENE"", ""ENW"", ""EUE"", ""EUM"", ""EUW"", ""IDN"", ""IND"", ""JPN"", ""LAM"", ""MDA"", ""MEA"", ""MEX"", ""NIG"", ""RUS"", ""SKT"", ""USA""]",highce_gbl,5,future,H–EU+,Final energy,Gases,1.056547892715559,EJ/yr,plotted,"[""Final Energy|Industry|Iron and Steel|Gases""]",1.056547892715559,EJ/yr,,,1.0,0.0,,
ndc_highce_gbl,NDC,"High CE, EU + partners",b,Global,Iron and steel,2050,"[""AFE"", ""AFN"", ""AFW"", ""AFZ"", ""ANZ"", ""ASC"", ""ASE"", ""ASO"", ""BRA"", ""CAN"", ""CHL"", ""CHN"", ""ENE"", ""ENW"", ""EUE"", ""EUM"", ""EUW"", ""IDN"", ""IND"", ""JPN"", ""LAM"", ""MDA"", ""MEA"", ""MEX"", ""NIG"", ""RUS"", ""SKT"", ""USA""]",highce_gbl,5,future,H–EU+,Final energy,Hydrogen,1.210198370093101,EJ/yr,plotted,"[""Final Energy|Industry|Iron and Steel|Hydrogen""]",1.210198370093101,EJ/yr,,,1.0,0.0,,
ndc_highce_gbl,NDC,"High CE, EU + partners",b,Global,Iron and steel,2050,"[""AFE"", ""AFN"", ""AFW"", ""AFZ"", ""ANZ"", ""ASC"", ""ASE"", ""ASO"", ""BRA"", ""CAN"", ""CHL"", ""CHN"", ""ENE"", ""ENW"", ""EUE"", ""EUM"", ""EUW"", ""IDN"", ""IND"", ""JPN"", ""LAM"", ""MDA"", ""MEA"", ""MEX"", ""NIG"", ""RUS"", ""SKT"", ""USA""]",highce_gbl,5,future,H–EU+,Final energy,Liquids,0.0,EJ/yr,plotted,"[""Final Energy|Industry|Iron and Steel|Liquids""]",0.0,EJ/yr,,,1.0,0.0,,
ndc_highce_gbl,NDC,"High CE, EU + partners",b,Global,Iron and steel,2050,"[""AFE"", ""AFN"", ""AFW"", ""AFZ"", ""ANZ"", ""ASC"", ""ASE"", ""ASO"", ""BRA"", ""CAN"", ""CHL"", ""CHN"", ""ENE"", ""ENW"", ""EUE"", ""EUM"", ""EUW"", ""IDN"", ""IND"", ""JPN"", ""LAM"", ""MDA"", ""MEA"", ""MEX"", ""NIG"", ""RUS"", ""SKT"", ""USA""]",highce_gbl,5,future,H–EU+,Final energy,Solids,5.8176014788866715,EJ/yr,plotted,"[""Final Energy|Industry|Iron and Steel|Solids""]",5.8176014788866715,EJ/yr,,,1.0,0.0,,
ndc_highce_gbl,NDC,"High CE, EU + partners",b,Global,Iron and steel,2050,"[""AFE"", ""AFN"", ""AFW"", ""AFZ"", ""ANZ"", ""ASC"", ""ASE"", ""ASO"", ""BRA"", ""CAN"", ""CHL"", ""CHN"", ""ENE"", ""ENW"", ""EUE"", ""EUM"", ""EUW"", ""IDN"", ""IND"", ""JPN"", ""LAM"", ""MDA"", ""MEA"", ""MEX"", ""NIG"", ""RUS"", ""SKT"", ""USA""]",highce_gbl,5,future,H–EU+,Final energy,Total,13.166856633665272,EJ/yr,context,"[""Final Energy|Industry|Iron and Steel|Electricity"", ""Final Energy|Industry|Iron and Steel|Gases"", ""Final Energy|Industry|Iron and Steel|Hydrogen"", ""Final Energy|Industry|Iron and Steel|Liquids"", ""Final Energy|Industry|Iron and Steel|Solids""]",13.166856633665272,EJ/yr,,,1.0,0.0,,
ndc_highce_gbl,NDC,"High CE, EU + partners",b,Global,Iron and steel,2050,"[""AFE"", ""AFN"", ""AFW"", ""AFZ"", ""ANZ"", ""ASC"", ""ASE"", ""ASO"", ""BRA"", ""CAN"", ""CHL"", ""CHN"", ""ENE"", ""ENW"", ""EUE"", ""EUM"", ""EUW"", ""IDN"", ""IND"", ""JPN"", ""LAM"", ""MDA"", ""MEA"", ""MEX"", ""NIG"", ""RUS"", ""SKT"", ""USA""]",highce_gbl,5,future,H–EU+,Final energy change from no CE,Total,-36.11508421044028,%,context,"[""Final Energy|Industry|Iron and Steel|Electricity"", ""Final Energy|Industry|Iron and Steel|Gases"", ""Final Energy|Industry|Iron and Steel|Hydrogen"", ""Final Energy|Industry|Iron and Steel|Liquids"", ""Final Energy|Industry|Iron and Steel|Solids""]",13.166856633665272,EJ/yr,20.610274696201515,EJ/yr,100.0,-100.0,ndc_noce,2050.0
ndc_noce,NDC,No CE,c,Global,Aluminium,2019,"[""AFE"", ""AFN"", ""AFW"", ""AFZ"", ""ANZ"", ""ASC"", ""ASE"", ""ASO"", ""BRA"", ""CAN"", ""CHL"", ""CHN"", ""ENE"", ""ENW"", ""EUE"", ""EUM"", ""EUW"", ""IDN"", ""IND"", ""JPN"", ""LAM"", ""MDA"", ""MEA"", ""MEX"", ""NIG"", ""RUS"", ""SKT"", ""USA""]",noce,0,historical,2019,Final energy,Electricity,3.4030921983279416,EJ/yr,plotted,"[""Final Energy|Industry|Non-Ferrous Metals|Aluminum|Electricity""]",3.4030921983279416,EJ/yr,,,1.0,0.0,,
ndc_noce,NDC,No CE,c,Global,Aluminium,2019,"[""AFE"", ""AFN"", ""AFW"", ""AFZ"", ""ANZ"", ""ASC"", ""ASE"", ""ASO"", ""BRA"", ""CAN"", ""CHL"", ""CHN"", ""ENE"", ""ENW"", ""EUE"", ""EUM"", ""EUW"", ""IDN"", ""IND"", ""JPN"", ""LAM"", ""MDA"", ""MEA"", ""MEX"", ""NIG"", ""RUS"", ""SKT"", ""USA""]",noce,0,historical,2019,Final energy,Gases,0.49666926405350864,EJ/yr,plotted,"[""Final Energy|Industry|Non-Ferrous Metals|Aluminum|Gases""]",0.49666926405350864,EJ/yr,,,1.0,0.0,,
ndc_noce,NDC,No CE,c,Global,Aluminium,2019,"[""AFE"", ""AFN"", ""AFW"", ""AFZ"", ""ANZ"", ""ASC"", ""ASE"", ""ASO"", ""BRA"", ""CAN"", ""CHL"", ""CHN"", ""ENE"", ""ENW"", ""EUE"", ""EUM"", ""EUW"", ""IDN"", ""IND"", ""JPN"", ""LAM"", ""MDA"", ""MEA"", ""MEX"", ""NIG"", ""RUS"", ""SKT"", ""USA""]",noce,0,historical,2019,Final energy,Hydrogen,0.0,EJ/yr,plotted,"[""Final Energy|Industry|Non-Ferrous Metals|Aluminum|Hydrogen""]",0.0,EJ/yr,,,1.0,0.0,,
ndc_noce,NDC,No CE,c,Global,Aluminium,2019,"[""AFE"", ""AFN"", ""AFW"", ""AFZ"", ""ANZ"", ""ASC"", ""ASE"", ""ASO"", ""BRA"", ""CAN"", ""CHL"", ""CHN"", ""ENE"", ""ENW"", ""EUE"", ""EUM"", ""EUW"", ""IDN"", ""IND"", ""JPN"", ""LAM"", ""MDA"", ""MEA"", ""MEX"", ""NIG"", ""RUS"", ""SKT"", ""USA""]",noce,0,historical,2019,Final energy,Liquids,0.08640766076555549,EJ/yr,plotted,"[""Final Energy|Industry|Non-Ferrous Metals|Aluminum|Liquids""]",0.08640766076555549,EJ/yr,,,1.0,0.0,,
ndc_noce,NDC,No CE,c,Global,Aluminium,2019,"[""AFE"", ""AFN"", ""AFW"", ""AFZ"", ""ANZ"", ""ASC"", ""ASE"", ""ASO"", ""BRA"", ""CAN"", ""CHL"", ""CHN"", ""ENE"", ""ENW"", ""EUE"", ""EUM"", ""EUW"", ""IDN"", ""IND"", ""JPN"", ""LAM"", ""MDA"", ""MEA"", ""MEX"", ""NIG"", ""RUS"", ""SKT"", ""USA""]",noce,0,historical,2019,Final energy,Solids,0.6947787453102924,EJ/yr,plotted,"[""Final Energy|Industry|Non-Ferrous Metals|Aluminum|Solids""]",0.6947787453102924,EJ/yr,,,1.0,0.0,,
ndc_noce,NDC,No CE,c,Global,Aluminium,2019,"[""AFE"", ""AFN"", ""AFW"", ""AFZ"", ""ANZ"", ""ASC"", ""ASE"", ""ASO"", ""BRA"", ""CAN"", ""CHL"", ""CHN"", ""ENE"", ""ENW"", ""EUE"", ""EUM"", ""EUW"", ""IDN"", ""IND"", ""JPN"", ""LAM"", ""MDA"", ""MEA"", ""MEX"", ""NIG"", ""RUS"", ""SKT"", ""USA""]",noce,0,historical,2019,Final energy,Total,4.680947868457298,EJ/yr,context,"[""Final Energy|Industry|Non-Ferrous Metals|Aluminum|Electricity"", ""Final Energy|Industry|Non-Ferrous Metals|Aluminum|Gases"", ""Final Energy|Industry|Non-Ferrous Metals|Aluminum|Hydrogen"", ""Final Energy|Industry|Non-Ferrous Metals|Aluminum|Liquids"", ""Final Energy|Industry|Non-Ferrous Metals|Aluminum|Solids""]",4.680947868457298,EJ/yr,,,1.0,0.0,,
ndc_noce,NDC,No CE,c,Global,Aluminium,2050,"[""AFE"", ""AFN"", ""AFW"", ""AFZ"", ""ANZ"", ""ASC"", ""ASE"", ""ASO"", ""BRA"", ""CAN"", ""CHL"", ""CHN"", ""ENE"", ""ENW"", ""EUE"", ""EUM"", ""EUW"", ""IDN"", ""IND"", ""JPN"", ""LAM"", ""MDA"", ""MEA"", ""MEX"", ""NIG"", ""RUS"", ""SKT"", ""USA""]",noce,1,future,No CE,Final energy,Electricity,4.082934146674068,EJ/yr,plotted,"[""Final Energy|Industry|Non-Ferrous Metals|Aluminum|Electricity""]",4.082934146674068,EJ/yr,,,1.0,0.0,,
ndc_noce,NDC,No CE,c,Global,Aluminium,2050,"[""AFE"", ""AFN"", ""AFW"", ""AFZ"", ""ANZ"", ""ASC"", ""ASE"", ""ASO"", ""BRA"", ""CAN"", ""CHL"", ""CHN"", ""ENE"", ""ENW"", ""EUE"", ""EUM"", ""EUW"", ""IDN"", ""IND"", ""JPN"", ""LAM"", ""MDA"", ""MEA"", ""MEX"", ""NIG"", ""RUS"", ""SKT"", ""USA""]",noce,1,future,No CE,Final energy,Gases,0.6855848820820668,EJ/yr,plotted,"[""Final Energy|Industry|Non-Ferrous Metals|Aluminum|Gases""]",0.6855848820820668,EJ/yr,,,1.0,0.0,,
ndc_noce,NDC,No CE,c,Global,Aluminium,2050,"[""AFE"", ""AFN"", ""AFW"", ""AFZ"", ""ANZ"", ""ASC"", ""ASE"", ""ASO"", ""BRA"", ""CAN"", ""CHL"", ""CHN"", ""ENE"", ""ENW"", ""EUE"", ""EUM"", ""EUW"", ""IDN"", ""IND"", ""JPN"", ""LAM"", ""MDA"", ""MEA"", ""MEX"", ""NIG"", ""RUS"", ""SKT"", ""USA""]",noce,1,future,No CE,Final energy,Hydrogen,0.4203146370633831,EJ/yr,plotted,"[""Final Energy|Industry|Non-Ferrous Metals|Aluminum|Hydrogen""]",0.4203146370633831,EJ/yr,,,1.0,0.0,,
ndc_noce,NDC,No CE,c,Global,Aluminium,2050,"[""AFE"", ""AFN"", ""AFW"", ""AFZ"", ""ANZ"", ""ASC"", ""ASE"", ""ASO"", ""BRA"", ""CAN"", ""CHL"", ""CHN"", ""ENE"", ""ENW"", ""EUE"", ""EUM"", ""EUW"", ""IDN"", ""IND"", ""JPN"", ""LAM"", ""MDA"", ""MEA"", ""MEX"", ""NIG"", ""RUS"", ""SKT"", ""USA""]",noce,1,future,No CE,Final energy,Liquids,0.0,EJ/yr,plotted,"[""Final Energy|Industry|Non-Ferrous Metals|Aluminum|Liquids""]",0.0,EJ/yr,,,1.0,0.0,,
ndc_noce,NDC,No CE,c,Global,Aluminium,2050,"[""AFE"", ""AFN"", ""AFW"", ""AFZ"", ""ANZ"", ""ASC"", ""ASE"", ""ASO"", ""BRA"", ""CAN"", ""CHL"", ""CHN"", ""ENE"", ""ENW"", ""EUE"", ""EUM"", ""EUW"", ""IDN"", ""IND"", ""JPN"", ""LAM"", ""MDA"", ""MEA"", ""MEX"", ""NIG"", ""RUS"", ""SKT"", ""USA""]",noce,1,future,No CE,Final energy,Solids,0.0,EJ/yr,plotted,"[""Final Energy|Industry|Non-Ferrous Metals|Aluminum|Solids""]",0.0,EJ/yr,,,1.0,0.0,,
ndc_noce,NDC,No CE,c,Global,Aluminium,2050,"[""AFE"", ""AFN"", ""AFW"", ""AFZ"", ""ANZ"", ""ASC"", ""ASE"", ""ASO"", ""BRA"", ""CAN"", ""CHL"", ""CHN"", ""ENE"", ""ENW"", ""EUE"", ""EUM"", ""EUW"", ""IDN"", ""IND"", ""JPN"", ""LAM"", ""MDA"", ""MEA"", ""MEX"", ""NIG"", ""RUS"", ""SKT"", ""USA""]",noce,1,future,No CE,Final energy,Total,5.1888336658195175,EJ/yr,context,"[""Final Energy|Industry|Non-Ferrous Metals|Aluminum|Electricity"", ""Final Energy|Industry|Non-Ferrous Metals|Aluminum|Gases"", ""Final Energy|Industry|Non-Ferrous Metals|Aluminum|Hydrogen"", ""Final Energy|Industry|Non-Ferrous Metals|Aluminum|Liquids"", ""Final Energy|Industry|Non-Ferrous Metals|Aluminum|Solids""]",5.1888336658195175,EJ/yr,,,1.0,0.0,,
ndc_noce,NDC,No CE,c,Global,Aluminium,2050,"[""AFE"", ""AFN"", ""AFW"", ""AFZ"", ""ANZ"", ""ASC"", ""ASE"", ""ASO"", ""BRA"", ""CAN"", ""CHL"", ""CHN"", ""ENE"", ""ENW"", ""EUE"", ""EUM"", ""EUW"", ""IDN"", ""IND"", ""JPN"", ""LAM"", ""MDA"", ""MEA"", ""MEX"", ""NIG"", ""RUS"", ""SKT"", ""USA""]",noce,1,future,No CE,Final energy change from no CE,Total,1.4210854715202004e-14,%,context,"[""Final Energy|Industry|Non-Ferrous Metals|Aluminum|Electricity"", ""Final Energy|Industry|Non-Ferrous Metals|Aluminum|Gases"", ""Final Energy|Industry|Non-Ferrous Metals|Aluminum|Hydrogen"", ""Final Energy|Industry|Non-Ferrous Metals|Aluminum|Liquids"", ""Final Energy|Industry|Non-Ferrous Metals|Aluminum|Solids""]",5.1888336658195175,EJ/yr,5.1888336658195175,EJ/yr,100.0,-100.0,ndc_noce,2050.0
ndc_medce_eu,NDC,"Medium CE, EU",c,Global,Aluminium,2050,"[""AFE"", ""AFN"", ""AFW"", ""AFZ"", ""ANZ"", ""ASC"", ""ASE"", ""ASO"", ""BRA"", ""CAN"", ""CHL"", ""CHN"", ""ENE"", ""ENW"", ""EUE"", ""EUM"", ""EUW"", ""IDN"", ""IND"", ""JPN"", ""LAM"", ""MDA"", ""MEA"", ""MEX"", ""NIG"", ""RUS"", ""SKT"", ""USA""]",medce_eu,2,future,M–EU,Final energy,Electricity,3.9471702481694857,EJ/yr,plotted,"[""Final Energy|Industry|Non-Ferrous Metals|Aluminum|Electricity""]",3.9471702481694857,EJ/yr,,,1.0,0.0,,
ndc_medce_eu,NDC,"Medium CE, EU",c,Global,Aluminium,2050,"[""AFE"", ""AFN"", ""AFW"", ""AFZ"", ""ANZ"", ""ASC"", ""ASE"", ""ASO"", ""BRA"", ""CAN"", ""CHL"", ""CHN"", ""ENE"", ""ENW"", ""EUE"", ""EUM"", ""EUW"", ""IDN"", ""IND"", ""JPN"", ""LAM"", ""MDA"", ""MEA"", ""MEX"", ""NIG"", ""RUS"", ""SKT"", ""USA""]",medce_eu,2,future,M–EU,Final energy,Gases,0.7077680224727686,EJ/yr,plotted,"[""Final Energy|Industry|Non-Ferrous Metals|Aluminum|Gases""]",0.7077680224727686,EJ/yr,,,1.0,0.0,,
ndc_medce_eu,NDC,"Medium CE, EU",c,Global,Aluminium,2050,"[""AFE"", ""AFN"", ""AFW"", ""AFZ"", ""ANZ"", ""ASC"", ""ASE"", ""ASO"", ""BRA"", ""CAN"", ""CHL"", ""CHN"", ""ENE"", ""ENW"", ""EUE"", ""EUM"", ""EUW"", ""IDN"", ""IND"", ""JPN"", ""LAM"", ""MDA"", ""MEA"", ""MEX"", ""NIG"", ""RUS"", ""SKT"", ""USA""]",medce_eu,2,future,M–EU,Final energy,Hydrogen,0.4294442126659103,EJ/yr,plotted,"[""Final Energy|Industry|Non-Ferrous Metals|Aluminum|Hydrogen""]",0.4294442126659103,EJ/yr,,,1.0,0.0,,
ndc_medce_eu,NDC,"Medium CE, EU",c,Global,Aluminium,2050,"[""AFE"", ""AFN"", ""AFW"", ""AFZ"", ""ANZ"", ""ASC"", ""ASE"", ""ASO"", ""BRA"", ""CAN"", ""CHL"", ""CHN"", ""ENE"", ""ENW"", ""EUE"", ""EUM"", ""EUW"", ""IDN"", ""IND"", ""JPN"", ""LAM"", ""MDA"", ""MEA"", ""MEX"", ""NIG"", ""RUS"", ""SKT"", ""USA""]",medce_eu,2,future,M–EU,Final energy,Liquids,0.0,EJ/yr,plotted,"[""Final Energy|Industry|Non-Ferrous Metals|Aluminum|Liquids""]",0.0,EJ/yr,,,1.0,0.0,,
ndc_medce_eu,NDC,"Medium CE, EU",c,Global,Aluminium,2050,"[""AFE"", ""AFN"", ""AFW"", ""AFZ"", ""ANZ"", ""ASC"", ""ASE"", ""ASO"", ""BRA"", ""CAN"", ""CHL"", ""CHN"", ""ENE"", ""ENW"", ""EUE"", ""EUM"", ""EUW"", ""IDN"", ""IND"", ""JPN"", ""LAM"", ""MDA"", ""MEA"", ""MEX"", ""NIG"", ""RUS"", ""SKT"", ""USA""]",medce_eu,2,future,M–EU,Final energy,Solids,0.0,EJ/yr,plotted,"[""Final Energy|Industry|Non-Ferrous Metals|Aluminum|Solids""]",0.0,EJ/yr,,,1.0,0.0,,
ndc_medce_eu,NDC,"Medium CE, EU",c,Global,Aluminium,2050,"[""AFE"", ""AFN"", ""AFW"", ""AFZ"", ""ANZ"", ""ASC"", ""ASE"", ""ASO"", ""BRA"", ""CAN"", ""CHL"", ""CHN"", ""ENE"", ""ENW"", ""EUE"", ""EUM"", ""EUW"", ""IDN"", ""IND"", ""JPN"", ""LAM"", ""MDA"", ""MEA"", ""MEX"", ""NIG"", ""RUS"", ""SKT"", ""USA""]",medce_eu,2,future,M–EU,Final energy,Total,5.084382483308164,EJ/yr,context,"[""Final Energy|Industry|Non-Ferrous Metals|Aluminum|Electricity"", ""Final Energy|Industry|Non-Ferrous Metals|Aluminum|Gases"", ""Final Energy|Industry|Non-Ferrous Metals|Aluminum|Hydrogen"", ""Final Energy|Industry|Non-Ferrous Metals|Aluminum|Liquids"", ""Final Energy|Industry|Non-Ferrous Metals|Aluminum|Solids""]",5.084382483308164,EJ/yr,,,1.0,0.0,,
ndc_medce_eu,NDC,"Medium CE, EU",c,Global,Aluminium,2050,"[""AFE"", ""AFN"", ""AFW"", ""AFZ"", ""ANZ"", ""ASC"", ""ASE"", ""ASO"", ""BRA"", ""CAN"", ""CHL"", ""CHN"", ""ENE"", ""ENW"", ""EUE"", ""EUM"", ""EUW"", ""IDN"", ""IND"", ""JPN"", ""LAM"", ""MDA"", ""MEA"", ""MEX"", ""NIG"", ""RUS"", ""SKT"", ""USA""]",medce_eu,2,future,M–EU,Final energy change from no CE,Total,-2.012999244886302,%,context,"[""Final Energy|Industry|Non-Ferrous Metals|Aluminum|Electricity"", ""Final Energy|Industry|Non-Ferrous Metals|Aluminum|Gases"", ""Final Energy|Industry|Non-Ferrous Metals|Aluminum|Hydrogen"", ""Final Energy|Industry|Non-Ferrous Metals|Aluminum|Liquids"", ""Final Energy|Industry|Non-Ferrous Metals|Aluminum|Solids""]",5.084382483308164,EJ/yr,5.1888336658195175,EJ/yr,100.0,-100.0,ndc_noce,2050.0
ndc_highce_eu,NDC,"High CE, EU",c,Global,Aluminium,2050,"[""AFE"", ""AFN"", ""AFW"", ""AFZ"", ""ANZ"", ""ASC"", ""ASE"", ""ASO"", ""BRA"", ""CAN"", ""CHL"", ""CHN"", ""ENE"", ""ENW"", ""EUE"", ""EUM"", ""EUW"", ""IDN"", ""IND"", ""JPN"", ""LAM"", ""MDA"", ""MEA"", ""MEX"", ""NIG"", ""RUS"", ""SKT"", ""USA""]",highce_eu,3,future,H–EU,Final energy,Electricity,3.8600526516515385,EJ/yr,plotted,"[""Final Energy|Industry|Non-Ferrous Metals|Aluminum|Electricity""]",3.8600526516515385,EJ/yr,,,1.0,0.0,,
ndc_highce_eu,NDC,"High CE, EU",c,Global,Aluminium,2050,"[""AFE"", ""AFN"", ""AFW"", ""AFZ"", ""ANZ"", ""ASC"", ""ASE"", ""ASO"", ""BRA"", ""CAN"", ""CHL"", ""CHN"", ""ENE"", ""ENW"", ""EUE"", ""EUM"", ""EUW"", ""IDN"", ""IND"", ""JPN"", ""LAM"", ""MDA"", ""MEA"", ""MEX"", ""NIG"", ""RUS"", ""SKT"", ""USA""]",highce_eu,3,future,H–EU,Final energy,Gases,0.7012880385610358,EJ/yr,plotted,"[""Final Energy|Industry|Non-Ferrous Metals|Aluminum|Gases""]",0.7012880385610358,EJ/yr,,,1.0,0.0,,
ndc_highce_eu,NDC,"High CE, EU",c,Global,Aluminium,2050,"[""AFE"", ""AFN"", ""AFW"", ""AFZ"", ""ANZ"", ""ASC"", ""ASE"", ""ASO"", ""BRA"", ""CAN"", ""CHL"", ""CHN"", ""ENE"", ""ENW"", ""EUE"", ""EUM"", ""EUW"", ""IDN"", ""IND"", ""JPN"", ""LAM"", ""MDA"", ""MEA"", ""MEX"", ""NIG"", ""RUS"", ""SKT"", ""USA""]",highce_eu,3,future,H–EU,Final energy,Hydrogen,0.43025386929865067,EJ/yr,plotted,"[""Final Energy|Industry|Non-Ferrous Metals|Aluminum|Hydrogen""]",0.43025386929865067,EJ/yr,,,1.0,0.0,,
ndc_highce_eu,NDC,"High CE, EU",c,Global,Aluminium,2050,"[""AFE"", ""AFN"", ""AFW"", ""AFZ"", ""ANZ"", ""ASC"", ""ASE"", ""ASO"", ""BRA"", ""CAN"", ""CHL"", ""CHN"", ""ENE"", ""ENW"", ""EUE"", ""EUM"", ""EUW"", ""IDN"", ""IND"", ""JPN"", ""LAM"", ""MDA"", ""MEA"", ""MEX"", ""NIG"", ""RUS"", ""SKT"", ""USA""]",highce_eu,3,future,H–EU,Final energy,Liquids,0.0,EJ/yr,plotted,"[""Final Energy|Industry|Non-Ferrous Metals|Aluminum|Liquids""]",0.0,EJ/yr,,,1.0,0.0,,
ndc_highce_eu,NDC,"High CE, EU",c,Global,Aluminium,2050,"[""AFE"", ""AFN"", ""AFW"", ""AFZ"", ""ANZ"", ""ASC"", ""ASE"", ""ASO"", ""BRA"", ""CAN"", ""CHL"", ""CHN"", ""ENE"", ""ENW"", ""EUE"", ""EUM"", ""EUW"", ""IDN"", ""IND"", ""JPN"", ""LAM"", ""MDA"", ""MEA"", ""MEX"", ""NIG"", ""RUS"", ""SKT"", ""USA""]",highce_eu,3,future,H–EU,Final energy,Solids,0.0,EJ/yr,plotted,"[""Final Energy|Industry|Non-Ferrous Metals|Aluminum|Solids""]",0.0,EJ/yr,,,1.0,0.0,,
ndc_highce_eu,NDC,"High CE, EU",c,Global,Aluminium,2050,"[""AFE"", ""AFN"", ""AFW"", ""AFZ"", ""ANZ"", ""ASC"", ""ASE"", ""ASO"", ""BRA"", ""CAN"", ""CHL"", ""CHN"", ""ENE"", ""ENW"", ""EUE"", ""EUM"", ""EUW"", ""IDN"", ""IND"", ""JPN"", ""LAM"", ""MDA"", ""MEA"", ""MEX"", ""NIG"", ""RUS"", ""SKT"", ""USA""]",highce_eu,3,future,H–EU,Final energy,Total,4.991594559511225,EJ/yr,context,"[""Final Energy|Industry|Non-Ferrous Metals|Aluminum|Electricity"", ""Final Energy|Industry|Non-Ferrous Metals|Aluminum|Gases"", ""Final Energy|Industry|Non-Ferrous Metals|Aluminum|Hydrogen"", ""Final Energy|Industry|Non-Ferrous Metals|Aluminum|Liquids"", ""Final Energy|Industry|Non-Ferrous Metals|Aluminum|Solids""]",4.991594559511225,EJ/yr,,,1.0,0.0,,
ndc_highce_eu,NDC,"High CE, EU",c,Global,Aluminium,2050,"[""AFE"", ""AFN"", ""AFW"", ""AFZ"", ""ANZ"", ""ASC"", ""ASE"", ""ASO"", ""BRA"", ""CAN"", ""CHL"", ""CHN"", ""ENE"", ""ENW"", ""EUE"", ""EUM"", ""EUW"", ""IDN"", ""IND"", ""JPN"", ""LAM"", ""MDA"", ""MEA"", ""MEX"", ""NIG"", ""RUS"", ""SKT"", ""USA""]",highce_eu,3,future,H–EU,Final energy change from no CE,Total,-3.8012223750313865,%,context,"[""Final Energy|Industry|Non-Ferrous Metals|Aluminum|Electricity"", ""Final Energy|Industry|Non-Ferrous Metals|Aluminum|Gases"", ""Final Energy|Industry|Non-Ferrous Metals|Aluminum|Hydrogen"", ""Final Energy|Industry|Non-Ferrous Metals|Aluminum|Liquids"", ""Final Energy|Industry|Non-Ferrous Metals|Aluminum|Solids""]",4.991594559511225,EJ/yr,5.1888336658195175,EJ/yr,100.0,-100.0,ndc_noce,2050.0
ndc_medce_gbl,NDC,"Medium CE, EU + partners",c,Global,Aluminium,2050,"[""AFE"", ""AFN"", ""AFW"", ""AFZ"", ""ANZ"", ""ASC"", ""ASE"", ""ASO"", ""BRA"", ""CAN"", ""CHL"", ""CHN"", ""ENE"", ""ENW"", ""EUE"", ""EUM"", ""EUW"", ""IDN"", ""IND"", ""JPN"", ""LAM"", ""MDA"", ""MEA"", ""MEX"", ""NIG"", ""RUS"", ""SKT"", ""USA""]",medce_gbl,4,future,M–EU+,Final energy,Electricity,3.205310882763179,EJ/yr,plotted,"[""Final Energy|Industry|Non-Ferrous Metals|Aluminum|Electricity""]",3.205310882763179,EJ/yr,,,1.0,0.0,,
ndc_medce_gbl,NDC,"Medium CE, EU + partners",c,Global,Aluminium,2050,"[""AFE"", ""AFN"", ""AFW"", ""AFZ"", ""ANZ"", ""ASC"", ""ASE"", ""ASO"", ""BRA"", ""CAN"", ""CHL"", ""CHN"", ""ENE"", ""ENW"", ""EUE"", ""EUM"", ""EUW"", ""IDN"", ""IND"", ""JPN"", ""LAM"", ""MDA"", ""MEA"", ""MEX"", ""NIG"", ""RUS"", ""SKT"", ""USA""]",medce_gbl,4,future,M–EU+,Final energy,Gases,0.6154730576884752,EJ/yr,plotted,"[""Final Energy|Industry|Non-Ferrous Metals|Aluminum|Gases""]",0.6154730576884752,EJ/yr,,,1.0,0.0,,
ndc_medce_gbl,NDC,"Medium CE, EU + partners",c,Global,Aluminium,2050,"[""AFE"", ""AFN"", ""AFW"", ""AFZ"", ""ANZ"", ""ASC"", ""ASE"", ""ASO"", ""BRA"", ""CAN"", ""CHL"", ""CHN"", ""ENE"", ""ENW"", ""EUE"", ""EUM"", ""EUW"", ""IDN"", ""IND"", ""JPN"", ""LAM"", ""MDA"", ""MEA"", ""MEX"", ""NIG"", ""RUS"", ""SKT"", ""USA""]",medce_gbl,4,future,M–EU+,Final energy,Hydrogen,0.35219443032727793,EJ/yr,plotted,"[""Final Energy|Industry|Non-Ferrous Metals|Aluminum|Hydrogen""]",0.35219443032727793,EJ/yr,,,1.0,0.0,,
ndc_medce_gbl,NDC,"Medium CE, EU + partners",c,Global,Aluminium,2050,"[""AFE"", ""AFN"", ""AFW"", ""AFZ"", ""ANZ"", ""ASC"", ""ASE"", ""ASO"", ""BRA"", ""CAN"", ""CHL"", ""CHN"", ""ENE"", ""ENW"", ""EUE"", ""EUM"", ""EUW"", ""IDN"", ""IND"", ""JPN"", ""LAM"", ""MDA"", ""MEA"", ""MEX"", ""NIG"", ""RUS"", ""SKT"", ""USA""]",medce_gbl,4,future,M–EU+,Final energy,Liquids,0.0,EJ/yr,plotted,"[""Final Energy|Industry|Non-Ferrous Metals|Aluminum|Liquids""]",0.0,EJ/yr,,,1.0,0.0,,
ndc_medce_gbl,NDC,"Medium CE, EU + partners",c,Global,Aluminium,2050,"[""AFE"", ""AFN"", ""AFW"", ""AFZ"", ""ANZ"", ""ASC"", ""ASE"", ""ASO"", ""BRA"", ""CAN"", ""CHL"", ""CHN"", ""ENE"", ""ENW"", ""EUE"", ""EUM"", ""EUW"", ""IDN"", ""IND"", ""JPN"", ""LAM"", ""MDA"", ""MEA"", ""MEX"", ""NIG"", ""RUS"", ""SKT"", ""USA""]",medce_gbl,4,future,M–EU+,Final energy,Solids,0.0,EJ/yr,plotted,"[""Final Energy|Industry|Non-Ferrous Metals|Aluminum|Solids""]",0.0,EJ/yr,,,1.0,0.0,,
ndc_medce_gbl,NDC,"Medium CE, EU + partners",c,Global,Aluminium,2050,"[""AFE"", ""AFN"", ""AFW"", ""AFZ"", ""ANZ"", ""ASC"", ""ASE"", ""ASO"", ""BRA"", ""CAN"", ""CHL"", ""CHN"", ""ENE"", ""ENW"", ""EUE"", ""EUM"", ""EUW"", ""IDN"", ""IND"", ""JPN"", ""LAM"", ""MDA"", ""MEA"", ""MEX"", ""NIG"", ""RUS"", ""SKT"", ""USA""]",medce_gbl,4,future,M–EU+,Final energy,Total,4.172978370778932,EJ/yr,context,"[""Final Energy|Industry|Non-Ferrous Metals|Aluminum|Electricity"", ""Final Energy|Industry|Non-Ferrous Metals|Aluminum|Gases"", ""Final Energy|Industry|Non-Ferrous Metals|Aluminum|Hydrogen"", ""Final Energy|Industry|Non-Ferrous Metals|Aluminum|Liquids"", ""Final Energy|Industry|Non-Ferrous Metals|Aluminum|Solids""]",4.172978370778932,EJ/yr,,,1.0,0.0,,
ndc_medce_gbl,NDC,"Medium CE, EU + partners",c,Global,Aluminium,2050,"[""AFE"", ""AFN"", ""AFW"", ""AFZ"", ""ANZ"", ""ASC"", ""ASE"", ""ASO"", ""BRA"", ""CAN"", ""CHL"", ""CHN"", ""ENE"", ""ENW"", ""EUE"", ""EUM"", ""EUW"", ""IDN"", ""IND"", ""JPN"", ""LAM"", ""MDA"", ""MEA"", ""MEX"", ""NIG"", ""RUS"", ""SKT"", ""USA""]",medce_gbl,4,future,M–EU+,Final energy change from no CE,Total,-19.577719396409734,%,context,"[""Final Energy|Industry|Non-Ferrous Metals|Aluminum|Electricity"", ""Final Energy|Industry|Non-Ferrous Metals|Aluminum|Gases"", ""Final Energy|Industry|Non-Ferrous Metals|Aluminum|Hydrogen"", ""Final Energy|Industry|Non-Ferrous Metals|Aluminum|Liquids"", ""Final Energy|Industry|Non-Ferrous Metals|Aluminum|Solids""]",4.172978370778932,EJ/yr,5.1888336658195175,EJ/yr,100.0,-100.0,ndc_noce,2050.0
ndc_highce_gbl,NDC,"High CE, EU + partners",c,Global,Aluminium,2050,"[""AFE"", ""AFN"", ""AFW"", ""AFZ"", ""ANZ"", ""ASC"", ""ASE"", ""ASO"", ""BRA"", ""CAN"", ""CHL"", ""CHN"", ""ENE"", ""ENW"", ""EUE"", ""EUM"", ""EUW"", ""IDN"", ""IND"", ""JPN"", ""LAM"", ""MDA"", ""MEA"", ""MEX"", ""NIG"", ""RUS"", ""SKT"", ""USA""]",highce_gbl,5,future,H–EU+,Final energy,Electricity,2.41153237711825,EJ/yr,plotted,"[""Final Energy|Industry|Non-Ferrous Metals|Aluminum|Electricity""]",2.41153237711825,EJ/yr,,,1.0,0.0,,
ndc_highce_gbl,NDC,"High CE, EU + partners",c,Global,Aluminium,2050,"[""AFE"", ""AFN"", ""AFW"", ""AFZ"", ""ANZ"", ""ASC"", ""ASE"", ""ASO"", ""BRA"", ""CAN"", ""CHL"", ""CHN"", ""ENE"", ""ENW"", ""EUE"", ""EUM"", ""EUW"", ""IDN"", ""IND"", ""JPN"", ""LAM"", ""MDA"", ""MEA"", ""MEX"", ""NIG"", ""RUS"", ""SKT"", ""USA""]",highce_gbl,5,future,H–EU+,Final energy,Gases,0.6129294258512094,EJ/yr,plotted,"[""Final Energy|Industry|Non-Ferrous Metals|Aluminum|Gases""]",0.6129294258512094,EJ/yr,,,1.0,0.0,,
ndc_highce_gbl,NDC,"High CE, EU + partners",c,Global,Aluminium,2050,"[""AFE"", ""AFN"", ""AFW"", ""AFZ"", ""ANZ"", ""ASC"", ""ASE"", ""ASO"", ""BRA"", ""CAN"", ""CHL"", ""CHN"", ""ENE"", ""ENW"", ""EUE"", ""EUM"", ""EUW"", ""IDN"", ""IND"", ""JPN"", ""LAM"", ""MDA"", ""MEA"", ""MEX"", ""NIG"", ""RUS"", ""SKT"", ""USA""]",highce_gbl,5,future,H–EU+,Final energy,Hydrogen,0.2936926846873479,EJ/yr,plotted,"[""Final Energy|Industry|Non-Ferrous Metals|Aluminum|Hydrogen""]",0.2936926846873479,EJ/yr,,,1.0,0.0,,
ndc_highce_gbl,NDC,"High CE, EU + partners",c,Global,Aluminium,2050,"[""AFE"", ""AFN"", ""AFW"", ""AFZ"", ""ANZ"", ""ASC"", ""ASE"", ""ASO"", ""BRA"", ""CAN"", ""CHL"", ""CHN"", ""ENE"", ""ENW"", ""EUE"", ""EUM"", ""EUW"", ""IDN"", ""IND"", ""JPN"", ""LAM"", ""MDA"", ""MEA"", ""MEX"", ""NIG"", ""RUS"", ""SKT"", ""USA""]",highce_gbl,5,future,H–EU+,Final energy,Liquids,0.0,EJ/yr,plotted,"[""Final Energy|Industry|Non-Ferrous Metals|Aluminum|Liquids""]",0.0,EJ/yr,,,1.0,0.0,,
ndc_highce_gbl,NDC,"High CE, EU + partners",c,Global,Aluminium,2050,"[""AFE"", ""AFN"", ""AFW"", ""AFZ"", ""ANZ"", ""ASC"", ""ASE"", ""ASO"", ""BRA"", ""CAN"", ""CHL"", ""CHN"", ""ENE"", ""ENW"", ""EUE"", ""EUM"", ""EUW"", ""IDN"", ""IND"", ""JPN"", ""LAM"", ""MDA"", ""MEA"", ""MEX"", ""NIG"", ""RUS"", ""SKT"", ""USA""]",highce_gbl,5,future,H–EU+,Final energy,Solids,0.0,EJ/yr,plotted,"[""Final Energy|Industry|Non-Ferrous Metals|Aluminum|Solids""]",0.0,EJ/yr,,,1.0,0.0,,
ndc_highce_gbl,NDC,"High CE, EU + partners",c,Global,Aluminium,2050,"[""AFE"", ""AFN"", ""AFW"", ""AFZ"", ""ANZ"", ""ASC"", ""ASE"", ""ASO"", ""BRA"", ""CAN"", ""CHL"", ""CHN"", ""ENE"", ""ENW"", ""EUE"", ""EUM"", ""EUW"", ""IDN"", ""IND"", ""JPN"", ""LAM"", ""MDA"", ""MEA"", ""MEX"", ""NIG"", ""RUS"", ""SKT"", ""USA""]",highce_gbl,5,future,H–EU+,Final energy,Total,3.318154487656807,EJ/yr,context,"[""Final Energy|Industry|Non-Ferrous Metals|Aluminum|Electricity"", ""Final Energy|Industry|Non-Ferrous Metals|Aluminum|Gases"", ""Final Energy|Industry|Non-Ferrous Metals|Aluminum|Hydrogen"", ""Final Energy|Industry|Non-Ferrous Metals|Aluminum|Liquids"", ""Final Energy|Industry|Non-Ferrous Metals|Aluminum|Solids""]",3.318154487656807,EJ/yr,,,1.0,0.0,,
ndc_highce_gbl,NDC,"High CE, EU + partners",c,Global,Aluminium,2050,"[""AFE"", ""AFN"", ""AFW"", ""AFZ"", ""ANZ"", ""ASC"", ""ASE"", ""ASO"", ""BRA"", ""CAN"", ""CHL"", ""CHN"", ""ENE"", ""ENW"", ""EUE"", ""EUM"", ""EUW"", ""IDN"", ""IND"", ""JPN"", ""LAM"", ""MDA"", ""MEA"", ""MEX"", ""NIG"", ""RUS"", ""SKT"", ""USA""]",highce_gbl,5,future,H–EU+,Final energy change from no CE,Total,-36.05201666967017,%,context,"[""Final Energy|Industry|Non-Ferrous Metals|Aluminum|Electricity"", ""Final Energy|Industry|Non-Ferrous Metals|Aluminum|Gases"", ""Final Energy|Industry|Non-Ferrous Metals|Aluminum|Hydrogen"", ""Final Energy|Industry|Non-Ferrous Metals|Aluminum|Liquids"", ""Final Energy|Industry|Non-Ferrous Metals|Aluminum|Solids""]",3.318154487656807,EJ/yr,5.1888336658195175,EJ/yr,100.0,-100.0,ndc_noce,2050.0
baseline_noce,NDC+LTT,No CE,d,Global,Cement,2019,"[""AFE"", ""AFN"", ""AFW"", ""AFZ"", ""ANZ"", ""ASC"", ""ASE"", ""ASO"", ""BRA"", ""CAN"", ""CHL"", ""CHN"", ""ENE"", ""ENW"", ""EUE"", ""EUM"", ""EUW"", ""IDN"", ""IND"", ""JPN"", ""LAM"", ""MDA"", ""MEA"", ""MEX"", ""NIG"", ""RUS"", ""SKT"", ""USA""]",noce,0,historical,2019,Final energy,Electricity,1.7112106174892012,EJ/yr,plotted,"[""Final Energy|Industry|Non-Metallic Minerals|Cement|Electricity""]",1.7112106174892012,EJ/yr,,,1.0,0.0,,
baseline_noce,NDC+LTT,No CE,d,Global,Cement,2019,"[""AFE"", ""AFN"", ""AFW"", ""AFZ"", ""ANZ"", ""ASC"", ""ASE"", ""ASO"", ""BRA"", ""CAN"", ""CHL"", ""CHN"", ""ENE"", ""ENW"", ""EUE"", ""EUM"", ""EUW"", ""IDN"", ""IND"", ""JPN"", ""LAM"", ""MDA"", ""MEA"", ""MEX"", ""NIG"", ""RUS"", ""SKT"", ""USA""]",noce,0,historical,2019,Final energy,Gases,1.5175769436631676,EJ/yr,plotted,"[""Final Energy|Industry|Non-Metallic Minerals|Cement|Gases""]",1.5175769436631676,EJ/yr,,,1.0,0.0,,
baseline_noce,NDC+LTT,No CE,d,Global,Cement,2019,"[""AFE"", ""AFN"", ""AFW"", ""AFZ"", ""ANZ"", ""ASC"", ""ASE"", ""ASO"", ""BRA"", ""CAN"", ""CHL"", ""CHN"", ""ENE"", ""ENW"", ""EUE"", ""EUM"", ""EUW"", ""IDN"", ""IND"", ""JPN"", ""LAM"", ""MDA"", ""MEA"", ""MEX"", ""NIG"", ""RUS"", ""SKT"", ""USA""]",noce,0,historical,2019,Final energy,Liquids,1.3209977760460607,EJ/yr,plotted,"[""Final Energy|Industry|Non-Metallic Minerals|Cement|Liquids""]",1.3209977760460607,EJ/yr,,,1.0,0.0,,
baseline_noce,NDC+LTT,No CE,d,Global,Cement,2019,"[""AFE"", ""AFN"", ""AFW"", ""AFZ"", ""ANZ"", ""ASC"", ""ASE"", ""ASO"", ""BRA"", ""CAN"", ""CHL"", ""CHN"", ""ENE"", ""ENW"", ""EUE"", ""EUM"", ""EUW"", ""IDN"", ""IND"", ""JPN"", ""LAM"", ""MDA"", ""MEA"", ""MEX"", ""NIG"", ""RUS"", ""SKT"", ""USA""]",noce,0,historical,2019,Final energy,Solids,7.657858569560997,EJ/yr,plotted,"[""Final Energy|Industry|Non-Metallic Minerals|Cement|Solids""]",7.657858569560997,EJ/yr,,,1.0,0.0,,
baseline_noce,NDC+LTT,No CE,d,Global,Cement,2019,"[""AFE"", ""AFN"", ""AFW"", ""AFZ"", ""ANZ"", ""ASC"", ""ASE"", ""ASO"", ""BRA"", ""CAN"", ""CHL"", ""CHN"", ""ENE"", ""ENW"", ""EUE"", ""EUM"", ""EUW"", ""IDN"", ""IND"", ""JPN"", ""LAM"", ""MDA"", ""MEA"", ""MEX"", ""NIG"", ""RUS"", ""SKT"", ""USA""]",noce,0,historical,2019,Final energy,Total,12.207643906759426,EJ/yr,context,"[""Final Energy|Industry|Non-Metallic Minerals|Cement|Electricity"", ""Final Energy|Industry|Non-Metallic Minerals|Cement|Gases"", ""Final Energy|Industry|Non-Metallic Minerals|Cement|Liquids"", ""Final Energy|Industry|Non-Metallic Minerals|Cement|Solids""]",12.207643906759426,EJ/yr,,,1.0,0.0,,
baseline_noce,NDC+LTT,No CE,d,Global,Cement,2050,"[""AFE"", ""AFN"", ""AFW"", ""AFZ"", ""ANZ"", ""ASC"", ""ASE"", ""ASO"", ""BRA"", ""CAN"", ""CHL"", ""CHN"", ""ENE"", ""ENW"", ""EUE"", ""EUM"", ""EUW"", ""IDN"", ""IND"", ""JPN"", ""LAM"", ""MDA"", ""MEA"", ""MEX"", ""NIG"", ""RUS"", ""SKT"", ""USA""]",noce,1,future,No CE,Final energy,Electricity,2.1890857994097614,EJ/yr,plotted,"[""Final Energy|Industry|Non-Metallic Minerals|Cement|Electricity""]",2.1890857994097614,EJ/yr,,,1.0,0.0,,
baseline_noce,NDC+LTT,No CE,d,Global,Cement,2050,"[""AFE"", ""AFN"", ""AFW"", ""AFZ"", ""ANZ"", ""ASC"", ""ASE"", ""ASO"", ""BRA"", ""CAN"", ""CHL"", ""CHN"", ""ENE"", ""ENW"", ""EUE"", ""EUM"", ""EUW"", ""IDN"", ""IND"", ""JPN"", ""LAM"", ""MDA"", ""MEA"", ""MEX"", ""NIG"", ""RUS"", ""SKT"", ""USA""]",noce,1,future,No CE,Final energy,Gases,1.4045064239806693,EJ/yr,plotted,"[""Final Energy|Industry|Non-Metallic Minerals|Cement|Gases""]",1.4045064239806693,EJ/yr,,,1.0,0.0,,
baseline_noce,NDC+LTT,No CE,d,Global,Cement,2050,"[""AFE"", ""AFN"", ""AFW"", ""AFZ"", ""ANZ"", ""ASC"", ""ASE"", ""ASO"", ""BRA"", ""CAN"", ""CHL"", ""CHN"", ""ENE"", ""ENW"", ""EUE"", ""EUM"", ""EUW"", ""IDN"", ""IND"", ""JPN"", ""LAM"", ""MDA"", ""MEA"", ""MEX"", ""NIG"", ""RUS"", ""SKT"", ""USA""]",noce,1,future,No CE,Final energy,Liquids,0.8942463104980527,EJ/yr,plotted,"[""Final Energy|Industry|Non-Metallic Minerals|Cement|Liquids""]",0.8942463104980527,EJ/yr,,,1.0,0.0,,
baseline_noce,NDC+LTT,No CE,d,Global,Cement,2050,"[""AFE"", ""AFN"", ""AFW"", ""AFZ"", ""ANZ"", ""ASC"", ""ASE"", ""ASO"", ""BRA"", ""CAN"", ""CHL"", ""CHN"", ""ENE"", ""ENW"", ""EUE"", ""EUM"", ""EUW"", ""IDN"", ""IND"", ""JPN"", ""LAM"", ""MDA"", ""MEA"", ""MEX"", ""NIG"", ""RUS"", ""SKT"", ""USA""]",noce,1,future,No CE,Final energy,Solids,5.706391063400986,EJ/yr,plotted,"[""Final Energy|Industry|Non-Metallic Minerals|Cement|Solids""]",5.706391063400986,EJ/yr,,,1.0,0.0,,
baseline_noce,NDC+LTT,No CE,d,Global,Cement,2050,"[""AFE"", ""AFN"", ""AFW"", ""AFZ"", ""ANZ"", ""ASC"", ""ASE"", ""ASO"", ""BRA"", ""CAN"", ""CHL"", ""CHN"", ""ENE"", ""ENW"", ""EUE"", ""EUM"", ""EUW"", ""IDN"", ""IND"", ""JPN"", ""LAM"", ""MDA"", ""MEA"", ""MEX"", ""NIG"", ""RUS"", ""SKT"", ""USA""]",noce,1,future,No CE,Final energy,Total,10.19422959728947,EJ/yr,context,"[""Final Energy|Industry|Non-Metallic Minerals|Cement|Electricity"", ""Final Energy|Industry|Non-Metallic Minerals|Cement|Gases"", ""Final Energy|Industry|Non-Metallic Minerals|Cement|Liquids"", ""Final Energy|Industry|Non-Metallic Minerals|Cement|Solids""]",10.19422959728947,EJ/yr,,,1.0,0.0,,
baseline_noce,NDC+LTT,No CE,d,Global,Cement,2050,"[""AFE"", ""AFN"", ""AFW"", ""AFZ"", ""ANZ"", ""ASC"", ""ASE"", ""ASO"", ""BRA"", ""CAN"", ""CHL"", ""CHN"", ""ENE"", ""ENW"", ""EUE"", ""EUM"", ""EUW"", ""IDN"", ""IND"", ""JPN"", ""LAM"", ""MDA"", ""MEA"", ""MEX"", ""NIG"", ""RUS"", ""SKT"", ""USA""]",noce,1,future,No CE,Final energy change from no CE,Total,0.0,%,context,"[""Final Energy|Industry|Non-Metallic Minerals|Cement|Electricity"", ""Final Energy|Industry|Non-Metallic Minerals|Cement|Gases"", ""Final Energy|Industry|Non-Metallic Minerals|Cement|Liquids"", ""Final Energy|Industry|Non-Metallic Minerals|Cement|Solids""]",10.19422959728947,EJ/yr,10.19422959728947,EJ/yr,100.0,-100.0,baseline_noce,2050.0
baseline_medce_eu,NDC+LTT,"Medium CE, EU",d,Global,Cement,2050,"[""AFE"", ""AFN"", ""AFW"", ""AFZ"", ""ANZ"", ""ASC"", ""ASE"", ""ASO"", ""BRA"", ""CAN"", ""CHL"", ""CHN"", ""ENE"", ""ENW"", ""EUE"", ""EUM"", ""EUW"", ""IDN"", ""IND"", ""JPN"", ""LAM"", ""MDA"", ""MEA"", ""MEX"", ""NIG"", ""RUS"", ""SKT"", ""USA""]",medce_eu,2,future,M–EU,Final energy,Electricity,2.1644014952962136,EJ/yr,plotted,"[""Final Energy|Industry|Non-Metallic Minerals|Cement|Electricity""]",2.1644014952962136,EJ/yr,,,1.0,0.0,,
baseline_medce_eu,NDC+LTT,"Medium CE, EU",d,Global,Cement,2050,"[""AFE"", ""AFN"", ""AFW"", ""AFZ"", ""ANZ"", ""ASC"", ""ASE"", ""ASO"", ""BRA"", ""CAN"", ""CHL"", ""CHN"", ""ENE"", ""ENW"", ""EUE"", ""EUM"", ""EUW"", ""IDN"", ""IND"", ""JPN"", ""LAM"", ""MDA"", ""MEA"", ""MEX"", ""NIG"", ""RUS"", ""SKT"", ""USA""]",medce_eu,2,future,M–EU,Final energy,Gases,1.3960198735720426,EJ/yr,plotted,"[""Final Energy|Industry|Non-Metallic Minerals|Cement|Gases""]",1.3960198735720426,EJ/yr,,,1.0,0.0,,
baseline_medce_eu,NDC+LTT,"Medium CE, EU",d,Global,Cement,2050,"[""AFE"", ""AFN"", ""AFW"", ""AFZ"", ""ANZ"", ""ASC"", ""ASE"", ""ASO"", ""BRA"", ""CAN"", ""CHL"", ""CHN"", ""ENE"", ""ENW"", ""EUE"", ""EUM"", ""EUW"", ""IDN"", ""IND"", ""JPN"", ""LAM"", ""MDA"", ""MEA"", ""MEX"", ""NIG"", ""RUS"", ""SKT"", ""USA""]",medce_eu,2,future,M–EU,Final energy,Liquids,0.880711896353694,EJ/yr,plotted,"[""Final Energy|Industry|Non-Metallic Minerals|Cement|Liquids""]",0.880711896353694,EJ/yr,,,1.0,0.0,,
baseline_medce_eu,NDC+LTT,"Medium CE, EU",d,Global,Cement,2050,"[""AFE"", ""AFN"", ""AFW"", ""AFZ"", ""ANZ"", ""ASC"", ""ASE"", ""ASO"", ""BRA"", ""CAN"", ""CHL"", ""CHN"", ""ENE"", ""ENW"", ""EUE"", ""EUM"", ""EUW"", ""IDN"", ""IND"", ""JPN"", ""LAM"", ""MDA"", ""MEA"", ""MEX"", ""NIG"", ""RUS"", ""SKT"", ""USA""]",medce_eu,2,future,M–EU,Final energy,Solids,5.606602300710158,EJ/yr,plotted,"[""Final Energy|Industry|Non-Metallic Minerals|Cement|Solids""]",5.606602300710158,EJ/yr,,,1.0,0.0,,
baseline_medce_eu,NDC+LTT,"Medium CE, EU",d,Global,Cement,2050,"[""AFE"", ""AFN"", ""AFW"", ""AFZ"", ""ANZ"", ""ASC"", ""ASE"", ""ASO"", ""BRA"", ""CAN"", ""CHL"", ""CHN"", ""ENE"", ""ENW"", ""EUE"", ""EUM"", ""EUW"", ""IDN"", ""IND"", ""JPN"", ""LAM"", ""MDA"", ""MEA"", ""MEX"", ""NIG"", ""RUS"", ""SKT"", ""USA""]",medce_eu,2,future,M–EU,Final energy,Total,10.047735565932108,EJ/yr,context,"[""Final Energy|Industry|Non-Metallic Minerals|Cement|Electricity"", ""Final Energy|Industry|Non-Metallic Minerals|Cement|Gases"", ""Final Energy|Industry|Non-Metallic Minerals|Cement|Liquids"", ""Final Energy|Industry|Non-Metallic Minerals|Cement|Solids""]",10.047735565932108,EJ/yr,,,1.0,0.0,,
baseline_medce_eu,NDC+LTT,"Medium CE, EU",d,Global,Cement,2050,"[""AFE"", ""AFN"", ""AFW"", ""AFZ"", ""ANZ"", ""ASC"", ""ASE"", ""ASO"", ""BRA"", ""CAN"", ""CHL"", ""CHN"", ""ENE"", ""ENW"", ""EUE"", ""EUM"", ""EUW"", ""IDN"", ""IND"", ""JPN"", ""LAM"", ""MDA"", ""MEA"", ""MEX"", ""NIG"", ""RUS"", ""SKT"", ""USA""]",medce_eu,2,future,M–EU,Final energy change from no CE,Total,-1.437028957993192,%,context,"[""Final Energy|Industry|Non-Metallic Minerals|Cement|Electricity"", ""Final Energy|Industry|Non-Metallic Minerals|Cement|Gases"", ""Final Energy|Industry|Non-Metallic Minerals|Cement|Liquids"", ""Final Energy|Industry|Non-Metallic Minerals|Cement|Solids""]",10.047735565932108,EJ/yr,10.19422959728947,EJ/yr,100.0,-100.0,baseline_noce,2050.0
baseline_highce_eu,NDC+LTT,"High CE, EU",d,Global,Cement,2050,"[""AFE"", ""AFN"", ""AFW"", ""AFZ"", ""ANZ"", ""ASC"", ""ASE"", ""ASO"", ""BRA"", ""CAN"", ""CHL"", ""CHN"", ""ENE"", ""ENW"", ""EUE"", ""EUM"", ""EUW"", ""IDN"", ""IND"", ""JPN"", ""LAM"", ""MDA"", ""MEA"", ""MEX"", ""NIG"", ""RUS"", ""SKT"", ""USA""]",highce_eu,3,future,H–EU,Final energy,Electricity,2.1554720324820713,EJ/yr,plotted,"[""Final Energy|Industry|Non-Metallic Minerals|Cement|Electricity""]",2.1554720324820713,EJ/yr,,,1.0,0.0,,
baseline_highce_eu,NDC+LTT,"High CE, EU",d,Global,Cement,2050,"[""AFE"", ""AFN"", ""AFW"", ""AFZ"", ""ANZ"", ""ASC"", ""ASE"", ""ASO"", ""BRA"", ""CAN"", ""CHL"", ""CHN"", ""ENE"", ""ENW"", ""EUE"", ""EUM"", ""EUW"", ""IDN"", ""IND"", ""JPN"", ""LAM"", ""MDA"", ""MEA"", ""MEX"", ""NIG"", ""RUS"", ""SKT"", ""USA""]",highce_eu,3,future,H–EU,Final energy,Gases,1.3939122479962733,EJ/yr,plotted,"[""Final Energy|Industry|Non-Metallic Minerals|Cement|Gases""]",1.3939122479962733,EJ/yr,,,1.0,0.0,,
baseline_highce_eu,NDC+LTT,"High CE, EU",d,Global,Cement,2050,"[""AFE"", ""AFN"", ""AFW"", ""AFZ"", ""ANZ"", ""ASC"", ""ASE"", ""ASO"", ""BRA"", ""CAN"", ""CHL"", ""CHN"", ""ENE"", ""ENW"", ""EUE"", ""EUM"", ""EUW"", ""IDN"", ""IND"", ""JPN"", ""LAM"", ""MDA"", ""MEA"", ""MEX"", ""NIG"", ""RUS"", ""SKT"", ""USA""]",highce_eu,3,future,H–EU,Final energy,Liquids,0.8764967440132029,EJ/yr,plotted,"[""Final Energy|Industry|Non-Metallic Minerals|Cement|Liquids""]",0.8764967440132029,EJ/yr,,,1.0,0.0,,
baseline_highce_eu,NDC+LTT,"High CE, EU",d,Global,Cement,2050,"[""AFE"", ""AFN"", ""AFW"", ""AFZ"", ""ANZ"", ""ASC"", ""ASE"", ""ASO"", ""BRA"", ""CAN"", ""CHL"", ""CHN"", ""ENE"", ""ENW"", ""EUE"", ""EUM"", ""EUW"", ""IDN"", ""IND"", ""JPN"", ""LAM"", ""MDA"", ""MEA"", ""MEX"", ""NIG"", ""RUS"", ""SKT"", ""USA""]",highce_eu,3,future,H–EU,Final energy,Solids,5.574988707576083,EJ/yr,plotted,"[""Final Energy|Industry|Non-Metallic Minerals|Cement|Solids""]",5.574988707576083,EJ/yr,,,1.0,0.0,,
baseline_highce_eu,NDC+LTT,"High CE, EU",d,Global,Cement,2050,"[""AFE"", ""AFN"", ""AFW"", ""AFZ"", ""ANZ"", ""ASC"", ""ASE"", ""ASO"", ""BRA"", ""CAN"", ""CHL"", ""CHN"", ""ENE"", ""ENW"", ""EUE"", ""EUM"", ""EUW"", ""IDN"", ""IND"", ""JPN"", ""LAM"", ""MDA"", ""MEA"", ""MEX"", ""NIG"", ""RUS"", ""SKT"", ""USA""]",highce_eu,3,future,H–EU,Final energy,Total,10.000869732067631,EJ/yr,context,"[""Final Energy|Industry|Non-Metallic Minerals|Cement|Electricity"", ""Final Energy|Industry|Non-Metallic Minerals|Cement|Gases"", ""Final Energy|Industry|Non-Metallic Minerals|Cement|Liquids"", ""Final Energy|Industry|Non-Metallic Minerals|Cement|Solids""]",10.000869732067631,EJ/yr,,,1.0,0.0,,
baseline_highce_eu,NDC+LTT,"High CE, EU",d,Global,Cement,2050,"[""AFE"", ""AFN"", ""AFW"", ""AFZ"", ""ANZ"", ""ASC"", ""ASE"", ""ASO"", ""BRA"", ""CAN"", ""CHL"", ""CHN"", ""ENE"", ""ENW"", ""EUE"", ""EUM"", ""EUW"", ""IDN"", ""IND"", ""JPN"", ""LAM"", ""MDA"", ""MEA"", ""MEX"", ""NIG"", ""RUS"", ""SKT"", ""USA""]",highce_eu,3,future,H–EU,Final energy change from no CE,Total,-1.89675799800753,%,context,"[""Final Energy|Industry|Non-Metallic Minerals|Cement|Electricity"", ""Final Energy|Industry|Non-Metallic Minerals|Cement|Gases"", ""Final Energy|Industry|Non-Metallic Minerals|Cement|Liquids"", ""Final Energy|Industry|Non-Metallic Minerals|Cement|Solids""]",10.000869732067631,EJ/yr,10.19422959728947,EJ/yr,100.0,-100.0,baseline_noce,2050.0
baseline_medce_gbl,NDC+LTT,"Medium CE, EU + partners",d,Global,Cement,2050,"[""AFE"", ""AFN"", ""AFW"", ""AFZ"", ""ANZ"", ""ASC"", ""ASE"", ""ASO"", ""BRA"", ""CAN"", ""CHL"", ""CHN"", ""ENE"", ""ENW"", ""EUE"", ""EUM"", ""EUW"", ""IDN"", ""IND"", ""JPN"", ""LAM"", ""MDA"", ""MEA"", ""MEX"", ""NIG"", ""RUS"", ""SKT"", ""USA""]",medce_gbl,4,future,M–EU+,Final energy,Electricity,1.8388900861618929,EJ/yr,plotted,"[""Final Energy|Industry|Non-Metallic Minerals|Cement|Electricity""]",1.8388900861618929,EJ/yr,,,1.0,0.0,,
baseline_medce_gbl,NDC+LTT,"Medium CE, EU + partners",d,Global,Cement,2050,"[""AFE"", ""AFN"", ""AFW"", ""AFZ"", ""ANZ"", ""ASC"", ""ASE"", ""ASO"", ""BRA"", ""CAN"", ""CHL"", ""CHN"", ""ENE"", ""ENW"", ""EUE"", ""EUM"", ""EUW"", ""IDN"", ""IND"", ""JPN"", ""LAM"", ""MDA"", ""MEA"", ""MEX"", ""NIG"", ""RUS"", ""SKT"", ""USA""]",medce_gbl,4,future,M–EU+,Final energy,Gases,1.1581564985085198,EJ/yr,plotted,"[""Final Energy|Industry|Non-Metallic Minerals|Cement|Gases""]",1.1581564985085198,EJ/yr,,,1.0,0.0,,
baseline_medce_gbl,NDC+LTT,"Medium CE, EU + partners",d,Global,Cement,2050,"[""AFE"", ""AFN"", ""AFW"", ""AFZ"", ""ANZ"", ""ASC"", ""ASE"", ""ASO"", ""BRA"", ""CAN"", ""CHL"", ""CHN"", ""ENE"", ""ENW"", ""EUE"", ""EUM"", ""EUW"", ""IDN"", ""IND"", ""JPN"", ""LAM"", ""MDA"", ""MEA"", ""MEX"", ""NIG"", ""RUS"", ""SKT"", ""USA""]",medce_gbl,4,future,M–EU+,Final energy,Liquids,0.7200628350157595,EJ/yr,plotted,"[""Final Energy|Industry|Non-Metallic Minerals|Cement|Liquids""]",0.7200628350157595,EJ/yr,,,1.0,0.0,,
baseline_medce_gbl,NDC+LTT,"Medium CE, EU + partners",d,Global,Cement,2050,"[""AFE"", ""AFN"", ""AFW"", ""AFZ"", ""ANZ"", ""ASC"", ""ASE"", ""ASO"", ""BRA"", ""CAN"", ""CHL"", ""CHN"", ""ENE"", ""ENW"", ""EUE"", ""EUM"", ""EUW"", ""IDN"", ""IND"", ""JPN"", ""LAM"", ""MDA"", ""MEA"", ""MEX"", ""NIG"", ""RUS"", ""SKT"", ""USA""]",medce_gbl,4,future,M–EU+,Final energy,Solids,4.563857937377675,EJ/yr,plotted,"[""Final Energy|Industry|Non-Metallic Minerals|Cement|Solids""]",4.563857937377675,EJ/yr,,,1.0,0.0,,
baseline_medce_gbl,NDC+LTT,"Medium CE, EU + partners",d,Global,Cement,2050,"[""AFE"", ""AFN"", ""AFW"", ""AFZ"", ""ANZ"", ""ASC"", ""ASE"", ""ASO"", ""BRA"", ""CAN"", ""CHL"", ""CHN"", ""ENE"", ""ENW"", ""EUE"", ""EUM"", ""EUW"", ""IDN"", ""IND"", ""JPN"", ""LAM"", ""MDA"", ""MEA"", ""MEX"", ""NIG"", ""RUS"", ""SKT"", ""USA""]",medce_gbl,4,future,M–EU+,Final energy,Total,8.280967357063847,EJ/yr,context,"[""Final Energy|Industry|Non-Metallic Minerals|Cement|Electricity"", ""Final Energy|Industry|Non-Metallic Minerals|Cement|Gases"", ""Final Energy|Industry|Non-Metallic Minerals|Cement|Liquids"", ""Final Energy|Industry|Non-Metallic Minerals|Cement|Solids""]",8.280967357063847,EJ/yr,,,1.0,0.0,,
baseline_medce_gbl,NDC+LTT,"Medium CE, EU + partners",d,Global,Cement,2050,"[""AFE"", ""AFN"", ""AFW"", ""AFZ"", ""ANZ"", ""ASC"", ""ASE"", ""ASO"", ""BRA"", ""CAN"", ""CHL"", ""CHN"", ""ENE"", ""ENW"", ""EUE"", ""EUM"", ""EUW"", ""IDN"", ""IND"", ""JPN"", ""LAM"", ""MDA"", ""MEA"", ""MEX"", ""NIG"", ""RUS"", ""SKT"", ""USA""]",medce_gbl,4,future,M–EU+,Final energy change from no CE,Total,-18.76809053559414,%,context,"[""Final Energy|Industry|Non-Metallic Minerals|Cement|Electricity"", ""Final Energy|Industry|Non-Metallic Minerals|Cement|Gases"", ""Final Energy|Industry|Non-Metallic Minerals|Cement|Liquids"", ""Final Energy|Industry|Non-Metallic Minerals|Cement|Solids""]",8.280967357063847,EJ/yr,10.19422959728947,EJ/yr,100.0,-100.0,baseline_noce,2050.0
baseline_highce_gbl,NDC+LTT,"High CE, EU + partners",d,Global,Cement,2050,"[""AFE"", ""AFN"", ""AFW"", ""AFZ"", ""ANZ"", ""ASC"", ""ASE"", ""ASO"", ""BRA"", ""CAN"", ""CHL"", ""CHN"", ""ENE"", ""ENW"", ""EUE"", ""EUM"", ""EUW"", ""IDN"", ""IND"", ""JPN"", ""LAM"", ""MDA"", ""MEA"", ""MEX"", ""NIG"", ""RUS"", ""SKT"", ""USA""]",highce_gbl,5,future,H–EU+,Final energy,Electricity,1.697563457276036,EJ/yr,plotted,"[""Final Energy|Industry|Non-Metallic Minerals|Cement|Electricity""]",1.697563457276036,EJ/yr,,,1.0,0.0,,
baseline_highce_gbl,NDC+LTT,"High CE, EU + partners",d,Global,Cement,2050,"[""AFE"", ""AFN"", ""AFW"", ""AFZ"", ""ANZ"", ""ASC"", ""ASE"", ""ASO"", ""BRA"", ""CAN"", ""CHL"", ""CHN"", ""ENE"", ""ENW"", ""EUE"", ""EUM"", ""EUW"", ""IDN"", ""IND"", ""JPN"", ""LAM"", ""MDA"", ""MEA"", ""MEX"", ""NIG"", ""RUS"", ""SKT"", ""USA""]",highce_gbl,5,future,H–EU+,Final energy,Gases,1.0723090769139605,EJ/yr,plotted,"[""Final Energy|Industry|Non-Metallic Minerals|Cement|Gases""]",1.0723090769139605,EJ/yr,,,1.0,0.0,,
baseline_highce_gbl,NDC+LTT,"High CE, EU + partners",d,Global,Cement,2050,"[""AFE"", ""AFN"", ""AFW"", ""AFZ"", ""ANZ"", ""ASC"", ""ASE"", ""ASO"", ""BRA"", ""CAN"", ""CHL"", ""CHN"", ""ENE"", ""ENW"", ""EUE"", ""EUM"", ""EUW"", ""IDN"", ""IND"", ""JPN"", ""LAM"", ""MDA"", ""MEA"", ""MEX"", ""NIG"", ""RUS"", ""SKT"", ""USA""]",highce_gbl,5,future,H–EU+,Final energy,Liquids,0.6522650037607827,EJ/yr,plotted,"[""Final Energy|Industry|Non-Metallic Minerals|Cement|Liquids""]",0.6522650037607827,EJ/yr,,,1.0,0.0,,
baseline_highce_gbl,NDC+LTT,"High CE, EU + partners",d,Global,Cement,2050,"[""AFE"", ""AFN"", ""AFW"", ""AFZ"", ""ANZ"", ""ASC"", ""ASE"", ""ASO"", ""BRA"", ""CAN"", ""CHL"", ""CHN"", ""ENE"", ""ENW"", ""EUE"", ""EUM"", ""EUW"", ""IDN"", ""IND"", ""JPN"", ""LAM"", ""MDA"", ""MEA"", ""MEX"", ""NIG"", ""RUS"", ""SKT"", ""USA""]",highce_gbl,5,future,H–EU+,Final energy,Solids,4.108461040370228,EJ/yr,plotted,"[""Final Energy|Industry|Non-Metallic Minerals|Cement|Solids""]",4.108461040370228,EJ/yr,,,1.0,0.0,,
baseline_highce_gbl,NDC+LTT,"High CE, EU + partners",d,Global,Cement,2050,"[""AFE"", ""AFN"", ""AFW"", ""AFZ"", ""ANZ"", ""ASC"", ""ASE"", ""ASO"", ""BRA"", ""CAN"", ""CHL"", ""CHN"", ""ENE"", ""ENW"", ""EUE"", ""EUM"", ""EUW"", ""IDN"", ""IND"", ""JPN"", ""LAM"", ""MDA"", ""MEA"", ""MEX"", ""NIG"", ""RUS"", ""SKT"", ""USA""]",highce_gbl,5,future,H–EU+,Final energy,Total,7.530598578321007,EJ/yr,context,"[""Final Energy|Industry|Non-Metallic Minerals|Cement|Electricity"", ""Final Energy|Industry|Non-Metallic Minerals|Cement|Gases"", ""Final Energy|Industry|Non-Metallic Minerals|Cement|Liquids"", ""Final Energy|Industry|Non-Metallic Minerals|Cement|Solids""]",7.530598578321007,EJ/yr,,,1.0,0.0,,
baseline_highce_gbl,NDC+LTT,"High CE, EU + partners",d,Global,Cement,2050,"[""AFE"", ""AFN"", ""AFW"", ""AFZ"", ""ANZ"", ""ASC"", ""ASE"", ""ASO"", ""BRA"", ""CAN"", ""CHL"", ""CHN"", ""ENE"", ""ENW"", ""EUE"", ""EUM"", ""EUW"", ""IDN"", ""IND"", ""JPN"", ""LAM"", ""MDA"", ""MEA"", ""MEX"", ""NIG"", ""RUS"", ""SKT"", ""USA""]",highce_gbl,5,future,H–EU+,Final energy change from no CE,Total,-26.128811339276595,%,context,"[""Final Energy|Industry|Non-Metallic Minerals|Cement|Electricity"", ""Final Energy|Industry|Non-Metallic Minerals|Cement|Gases"", ""Final Energy|Industry|Non-Metallic Minerals|Cement|Liquids"", ""Final Energy|Industry|Non-Metallic Minerals|Cement|Solids""]",7.530598578321007,EJ/yr,10.19422959728947,EJ/yr,100.0,-100.0,baseline_noce,2050.0
baseline_noce,NDC+LTT,No CE,e,Global,Iron and steel,2019,"[""AFE"", ""AFN"", ""AFW"", ""AFZ"", ""ANZ"", ""ASC"", ""ASE"", ""ASO"", ""BRA"", ""CAN"", ""CHL"", ""CHN"", ""ENE"", ""ENW"", ""EUE"", ""EUM"", ""EUW"", ""IDN"", ""IND"", ""JPN"", ""LAM"", ""MDA"", ""MEA"", ""MEX"", ""NIG"", ""RUS"", ""SKT"", ""USA""]",noce,0,historical,2019,Final energy,Electricity,4.450102658833501,EJ/yr,plotted,"[""Final Energy|Industry|Iron and Steel|Electricity""]",4.450102658833501,EJ/yr,,,1.0,0.0,,
baseline_noce,NDC+LTT,No CE,e,Global,Iron and steel,2019,"[""AFE"", ""AFN"", ""AFW"", ""AFZ"", ""ANZ"", ""ASC"", ""ASE"", ""ASO"", ""BRA"", ""CAN"", ""CHL"", ""CHN"", ""ENE"", ""ENW"", ""EUE"", ""EUM"", ""EUW"", ""IDN"", ""IND"", ""JPN"", ""LAM"", ""MDA"", ""MEA"", ""MEX"", ""NIG"", ""RUS"", ""SKT"", ""USA""]",noce,0,historical,2019,Final energy,Gases,2.5956495325091713,EJ/yr,plotted,"[""Final Energy|Industry|Iron and Steel|Gases""]",2.5956495325091713,EJ/yr,,,1.0,0.0,,
baseline_noce,NDC+LTT,No CE,e,Global,Iron and steel,2019,"[""AFE"", ""AFN"", ""AFW"", ""AFZ"", ""ANZ"", ""ASC"", ""ASE"", ""ASO"", ""BRA"", ""CAN"", ""CHL"", ""CHN"", ""ENE"", ""ENW"", ""EUE"", ""EUM"", ""EUW"", ""IDN"", ""IND"", ""JPN"", ""LAM"", ""MDA"", ""MEA"", ""MEX"", ""NIG"", ""RUS"", ""SKT"", ""USA""]",noce,0,historical,2019,Final energy,Hydrogen,0.0,EJ/yr,plotted,"[""Final Energy|Industry|Iron and Steel|Hydrogen""]",0.0,EJ/yr,,,1.0,0.0,,
baseline_noce,NDC+LTT,No CE,e,Global,Iron and steel,2019,"[""AFE"", ""AFN"", ""AFW"", ""AFZ"", ""ANZ"", ""ASC"", ""ASE"", ""ASO"", ""BRA"", ""CAN"", ""CHL"", ""CHN"", ""ENE"", ""ENW"", ""EUE"", ""EUM"", ""EUW"", ""IDN"", ""IND"", ""JPN"", ""LAM"", ""MDA"", ""MEA"", ""MEX"", ""NIG"", ""RUS"", ""SKT"", ""USA""]",noce,0,historical,2019,Final energy,Liquids,0.2912064779786795,EJ/yr,plotted,"[""Final Energy|Industry|Iron and Steel|Liquids""]",0.2912064779786795,EJ/yr,,,1.0,0.0,,
baseline_noce,NDC+LTT,No CE,e,Global,Iron and steel,2019,"[""AFE"", ""AFN"", ""AFW"", ""AFZ"", ""ANZ"", ""ASC"", ""ASE"", ""ASO"", ""BRA"", ""CAN"", ""CHL"", ""CHN"", ""ENE"", ""ENW"", ""EUE"", ""EUM"", ""EUW"", ""IDN"", ""IND"", ""JPN"", ""LAM"", ""MDA"", ""MEA"", ""MEX"", ""NIG"", ""RUS"", ""SKT"", ""USA""]",noce,0,historical,2019,Final energy,Solids,22.90554446435401,EJ/yr,plotted,"[""Final Energy|Industry|Iron and Steel|Solids""]",22.90554446435401,EJ/yr,,,1.0,0.0,,
baseline_noce,NDC+LTT,No CE,e,Global,Iron and steel,2019,"[""AFE"", ""AFN"", ""AFW"", ""AFZ"", ""ANZ"", ""ASC"", ""ASE"", ""ASO"", ""BRA"", ""CAN"", ""CHL"", ""CHN"", ""ENE"", ""ENW"", ""EUE"", ""EUM"", ""EUW"", ""IDN"", ""IND"", ""JPN"", ""LAM"", ""MDA"", ""MEA"", ""MEX"", ""NIG"", ""RUS"", ""SKT"", ""USA""]",noce,0,historical,2019,Final energy,Total,30.24250313367536,EJ/yr,context,"[""Final Energy|Industry|Iron and Steel|Electricity"", ""Final Energy|Industry|Iron and Steel|Gases"", ""Final Energy|Industry|Iron and Steel|Hydrogen"", ""Final Energy|Industry|Iron and Steel|Liquids"", ""Final Energy|Industry|Iron and Steel|Solids""]",30.24250313367536,EJ/yr,,,1.0,0.0,,
baseline_noce,NDC+LTT,No CE,e,Global,Iron and steel,2050,"[""AFE"", ""AFN"", ""AFW"", ""AFZ"", ""ANZ"", ""ASC"", ""ASE"", ""ASO"", ""BRA"", ""CAN"", ""CHL"", ""CHN"", ""ENE"", ""ENW"", ""EUE"", ""EUM"", ""EUW"", ""IDN"", ""IND"", ""JPN"", ""LAM"", ""MDA"", ""MEA"", ""MEX"", ""NIG"", ""RUS"", ""SKT"", ""USA""]",noce,1,future,No CE,Final energy,Electricity,8.53883974932105,EJ/yr,plotted,"[""Final Energy|Industry|Iron and Steel|Electricity""]",8.53883974932105,EJ/yr,,,1.0,0.0,,
baseline_noce,NDC+LTT,No CE,e,Global,Iron and steel,2050,"[""AFE"", ""AFN"", ""AFW"", ""AFZ"", ""ANZ"", ""ASC"", ""ASE"", ""ASO"", ""BRA"", ""CAN"", ""CHL"", ""CHN"", ""ENE"", ""ENW"", ""EUE"", ""EUM"", ""EUW"", ""IDN"", ""IND"", ""JPN"", ""LAM"", ""MDA"", ""MEA"", ""MEX"", ""NIG"", ""RUS"", ""SKT"", ""USA""]",noce,1,future,No CE,Final energy,Gases,4.092643563447301,EJ/yr,plotted,"[""Final Energy|Industry|Iron and Steel|Gases""]",4.092643563447301,EJ/yr,,,1.0,0.0,,
baseline_noce,NDC+LTT,No CE,e,Global,Iron and steel,2050,"[""AFE"", ""AFN"", ""AFW"", ""AFZ"", ""ANZ"", ""ASC"", ""ASE"", ""ASO"", ""BRA"", ""CAN"", ""CHL"", ""CHN"", ""ENE"", ""ENW"", ""EUE"", ""EUM"", ""EUW"", ""IDN"", ""IND"", ""JPN"", ""LAM"", ""MDA"", ""MEA"", ""MEX"", ""NIG"", ""RUS"", ""SKT"", ""USA""]",noce,1,future,No CE,Final energy,Hydrogen,1.4592124417736076,EJ/yr,plotted,"[""Final Energy|Industry|Iron and Steel|Hydrogen""]",1.4592124417736076,EJ/yr,,,1.0,0.0,,
baseline_noce,NDC+LTT,No CE,e,Global,Iron and steel,2050,"[""AFE"", ""AFN"", ""AFW"", ""AFZ"", ""ANZ"", ""ASC"", ""ASE"", ""ASO"", ""BRA"", ""CAN"", ""CHL"", ""CHN"", ""ENE"", ""ENW"", ""EUE"", ""EUM"", ""EUW"", ""IDN"", ""IND"", ""JPN"", ""LAM"", ""MDA"", ""MEA"", ""MEX"", ""NIG"", ""RUS"", ""SKT"", ""USA""]",noce,1,future,No CE,Final energy,Liquids,0.0,EJ/yr,plotted,"[""Final Energy|Industry|Iron and Steel|Liquids""]",0.0,EJ/yr,,,1.0,0.0,,
baseline_noce,NDC+LTT,No CE,e,Global,Iron and steel,2050,"[""AFE"", ""AFN"", ""AFW"", ""AFZ"", ""ANZ"", ""ASC"", ""ASE"", ""ASO"", ""BRA"", ""CAN"", ""CHL"", ""CHN"", ""ENE"", ""ENW"", ""EUE"", ""EUM"", ""EUW"", ""IDN"", ""IND"", ""JPN"", ""LAM"", ""MDA"", ""MEA"", ""MEX"", ""NIG"", ""RUS"", ""SKT"", ""USA""]",noce,1,future,No CE,Final energy,Solids,0.6229008840848573,EJ/yr,plotted,"[""Final Energy|Industry|Iron and Steel|Solids""]",0.6229008840848573,EJ/yr,,,1.0,0.0,,
baseline_noce,NDC+LTT,No CE,e,Global,Iron and steel,2050,"[""AFE"", ""AFN"", ""AFW"", ""AFZ"", ""ANZ"", ""ASC"", ""ASE"", ""ASO"", ""BRA"", ""CAN"", ""CHL"", ""CHN"", ""ENE"", ""ENW"", ""EUE"", ""EUM"", ""EUW"", ""IDN"", ""IND"", ""JPN"", ""LAM"", ""MDA"", ""MEA"", ""MEX"", ""NIG"", ""RUS"", ""SKT"", ""USA""]",noce,1,future,No CE,Final energy,Total,14.713596638626818,EJ/yr,context,"[""Final Energy|Industry|Iron and Steel|Electricity"", ""Final Energy|Industry|Iron and Steel|Gases"", ""Final Energy|Industry|Iron and Steel|Hydrogen"", ""Final Energy|Industry|Iron and Steel|Liquids"", ""Final Energy|Industry|Iron and Steel|Solids""]",14.713596638626818,EJ/yr,,,1.0,0.0,,
baseline_noce,NDC+LTT,No CE,e,Global,Iron and steel,2050,"[""AFE"", ""AFN"", ""AFW"", ""AFZ"", ""ANZ"", ""ASC"", ""ASE"", ""ASO"", ""BRA"", ""CAN"", ""CHL"", ""CHN"", ""ENE"", ""ENW"", ""EUE"", ""EUM"", ""EUW"", ""IDN"", ""IND"", ""JPN"", ""LAM"", ""MDA"", ""MEA"", ""MEX"", ""NIG"", ""RUS"", ""SKT"", ""USA""]",noce,1,future,No CE,Final energy change from no CE,Total,0.0,%,context,"[""Final Energy|Industry|Iron and Steel|Electricity"", ""Final Energy|Industry|Iron and Steel|Gases"", ""Final Energy|Industry|Iron and Steel|Hydrogen"", ""Final Energy|Industry|Iron and Steel|Liquids"", ""Final Energy|Industry|Iron and Steel|Solids""]",14.713596638626818,EJ/yr,14.713596638626818,EJ/yr,100.0,-100.0,baseline_noce,2050.0
baseline_medce_eu,NDC+LTT,"Medium CE, EU",e,Global,Iron and steel,2050,"[""AFE"", ""AFN"", ""AFW"", ""AFZ"", ""ANZ"", ""ASC"", ""ASE"", ""ASO"", ""BRA"", ""CAN"", ""CHL"", ""CHN"", ""ENE"", ""ENW"", ""EUE"", ""EUM"", ""EUW"", ""IDN"", ""IND"", ""JPN"", ""LAM"", ""MDA"", ""MEA"", ""MEX"", ""NIG"", ""RUS"", ""SKT"", ""USA""]",medce_eu,2,future,M–EU,Final energy,Electricity,8.461038329949918,EJ/yr,plotted,"[""Final Energy|Industry|Iron and Steel|Electricity""]",8.461038329949918,EJ/yr,,,1.0,0.0,,
baseline_medce_eu,NDC+LTT,"Medium CE, EU",e,Global,Iron and steel,2050,"[""AFE"", ""AFN"", ""AFW"", ""AFZ"", ""ANZ"", ""ASC"", ""ASE"", ""ASO"", ""BRA"", ""CAN"", ""CHL"", ""CHN"", ""ENE"", ""ENW"", ""EUE"", ""EUM"", ""EUW"", ""IDN"", ""IND"", ""JPN"", ""LAM"", ""MDA"", ""MEA"", ""MEX"", ""NIG"", ""RUS"", ""SKT"", ""USA""]",medce_eu,2,future,M–EU,Final energy,Gases,4.086783562518538,EJ/yr,plotted,"[""Final Energy|Industry|Iron and Steel|Gases""]",4.086783562518538,EJ/yr,,,1.0,0.0,,
baseline_medce_eu,NDC+LTT,"Medium CE, EU",e,Global,Iron and steel,2050,"[""AFE"", ""AFN"", ""AFW"", ""AFZ"", ""ANZ"", ""ASC"", ""ASE"", ""ASO"", ""BRA"", ""CAN"", ""CHL"", ""CHN"", ""ENE"", ""ENW"", ""EUE"", ""EUM"", ""EUW"", ""IDN"", ""IND"", ""JPN"", ""LAM"", ""MDA"", ""MEA"", ""MEX"", ""NIG"", ""RUS"", ""SKT"", ""USA""]",medce_eu,2,future,M–EU,Final energy,Hydrogen,1.459212664467064,EJ/yr,plotted,"[""Final Energy|Industry|Iron and Steel|Hydrogen""]",1.459212664467064,EJ/yr,,,1.0,0.0,,
baseline_medce_eu,NDC+LTT,"Medium CE, EU",e,Global,Iron and steel,2050,"[""AFE"", ""AFN"", ""AFW"", ""AFZ"", ""ANZ"", ""ASC"", ""ASE"", ""ASO"", ""BRA"", ""CAN"", ""CHL"", ""CHN"", ""ENE"", ""ENW"", ""EUE"", ""EUM"", ""EUW"", ""IDN"", ""IND"", ""JPN"", ""LAM"", ""MDA"", ""MEA"", ""MEX"", ""NIG"", ""RUS"", ""SKT"", ""USA""]",medce_eu,2,future,M–EU,Final energy,Liquids,0.0,EJ/yr,plotted,"[""Final Energy|Industry|Iron and Steel|Liquids""]",0.0,EJ/yr,,,1.0,0.0,,
baseline_medce_eu,NDC+LTT,"Medium CE, EU",e,Global,Iron and steel,2050,"[""AFE"", ""AFN"", ""AFW"", ""AFZ"", ""ANZ"", ""ASC"", ""ASE"", ""ASO"", ""BRA"", ""CAN"", ""CHL"", ""CHN"", ""ENE"", ""ENW"", ""EUE"", ""EUM"", ""EUW"", ""IDN"", ""IND"", ""JPN"", ""LAM"", ""MDA"", ""MEA"", ""MEX"", ""NIG"", ""RUS"", ""SKT"", ""USA""]",medce_eu,2,future,M–EU,Final energy,Solids,0.6489664040640051,EJ/yr,plotted,"[""Final Energy|Industry|Iron and Steel|Solids""]",0.6489664040640051,EJ/yr,,,1.0,0.0,,
baseline_medce_eu,NDC+LTT,"Medium CE, EU",e,Global,Iron and steel,2050,"[""AFE"", ""AFN"", ""AFW"", ""AFZ"", ""ANZ"", ""ASC"", ""ASE"", ""ASO"", ""BRA"", ""CAN"", ""CHL"", ""CHN"", ""ENE"", ""ENW"", ""EUE"", ""EUM"", ""EUW"", ""IDN"", ""IND"", ""JPN"", ""LAM"", ""MDA"", ""MEA"", ""MEX"", ""NIG"", ""RUS"", ""SKT"", ""USA""]",medce_eu,2,future,M–EU,Final energy,Total,14.656000960999524,EJ/yr,context,"[""Final Energy|Industry|Iron and Steel|Electricity"", ""Final Energy|Industry|Iron and Steel|Gases"", ""Final Energy|Industry|Iron and Steel|Hydrogen"", ""Final Energy|Industry|Iron and Steel|Liquids"", ""Final Energy|Industry|Iron and Steel|Solids""]",14.656000960999524,EJ/yr,,,1.0,0.0,,
baseline_medce_eu,NDC+LTT,"Medium CE, EU",e,Global,Iron and steel,2050,"[""AFE"", ""AFN"", ""AFW"", ""AFZ"", ""ANZ"", ""ASC"", ""ASE"", ""ASO"", ""BRA"", ""CAN"", ""CHL"", ""CHN"", ""ENE"", ""ENW"", ""EUE"", ""EUM"", ""EUW"", ""IDN"", ""IND"", ""JPN"", ""LAM"", ""MDA"", ""MEA"", ""MEX"", ""NIG"", ""RUS"", ""SKT"", ""USA""]",medce_eu,2,future,M–EU,Final energy change from no CE,Total,-0.39144526686351355,%,context,"[""Final Energy|Industry|Iron and Steel|Electricity"", ""Final Energy|Industry|Iron and Steel|Gases"", ""Final Energy|Industry|Iron and Steel|Hydrogen"", ""Final Energy|Industry|Iron and Steel|Liquids"", ""Final Energy|Industry|Iron and Steel|Solids""]",14.656000960999524,EJ/yr,14.713596638626818,EJ/yr,100.0,-100.0,baseline_noce,2050.0
baseline_highce_eu,NDC+LTT,"High CE, EU",e,Global,Iron and steel,2050,"[""AFE"", ""AFN"", ""AFW"", ""AFZ"", ""ANZ"", ""ASC"", ""ASE"", ""ASO"", ""BRA"", ""CAN"", ""CHL"", ""CHN"", ""ENE"", ""ENW"", ""EUE"", ""EUM"", ""EUW"", ""IDN"", ""IND"", ""JPN"", ""LAM"", ""MDA"", ""MEA"", ""MEX"", ""NIG"", ""RUS"", ""SKT"", ""USA""]",highce_eu,3,future,H–EU,Final energy,Electricity,8.406047620247772,EJ/yr,plotted,"[""Final Energy|Industry|Iron and Steel|Electricity""]",8.406047620247772,EJ/yr,,,1.0,0.0,,
baseline_highce_eu,NDC+LTT,"High CE, EU",e,Global,Iron and steel,2050,"[""AFE"", ""AFN"", ""AFW"", ""AFZ"", ""ANZ"", ""ASC"", ""ASE"", ""ASO"", ""BRA"", ""CAN"", ""CHL"", ""CHN"", ""ENE"", ""ENW"", ""EUE"", ""EUM"", ""EUW"", ""IDN"", ""IND"", ""JPN"", ""LAM"", ""MDA"", ""MEA"", ""MEX"", ""NIG"", ""RUS"", ""SKT"", ""USA""]",highce_eu,3,future,H–EU,Final energy,Gases,4.095824353112199,EJ/yr,plotted,"[""Final Energy|Industry|Iron and Steel|Gases""]",4.095824353112199,EJ/yr,,,1.0,0.0,,
baseline_highce_eu,NDC+LTT,"High CE, EU",e,Global,Iron and steel,2050,"[""AFE"", ""AFN"", ""AFW"", ""AFZ"", ""ANZ"", ""ASC"", ""ASE"", ""ASO"", ""BRA"", ""CAN"", ""CHL"", ""CHN"", ""ENE"", ""ENW"", ""EUE"", ""EUM"", ""EUW"", ""IDN"", ""IND"", ""JPN"", ""LAM"", ""MDA"", ""MEA"", ""MEX"", ""NIG"", ""RUS"", ""SKT"", ""USA""]",highce_eu,3,future,H–EU,Final energy,Hydrogen,1.4592126664132048,EJ/yr,plotted,"[""Final Energy|Industry|Iron and Steel|Hydrogen""]",1.4592126664132048,EJ/yr,,,1.0,0.0,,
baseline_highce_eu,NDC+LTT,"High CE, EU",e,Global,Iron and steel,2050,"[""AFE"", ""AFN"", ""AFW"", ""AFZ"", ""ANZ"", ""ASC"", ""ASE"", ""ASO"", ""BRA"", ""CAN"", ""CHL"", ""CHN"", ""ENE"", ""ENW"", ""EUE"", ""EUM"", ""EUW"", ""IDN"", ""IND"", ""JPN"", ""LAM"", ""MDA"", ""MEA"", ""MEX"", ""NIG"", ""RUS"", ""SKT"", ""USA""]",highce_eu,3,future,H–EU,Final energy,Liquids,0.0,EJ/yr,plotted,"[""Final Energy|Industry|Iron and Steel|Liquids""]",0.0,EJ/yr,,,1.0,0.0,,
baseline_highce_eu,NDC+LTT,"High CE, EU",e,Global,Iron and steel,2050,"[""AFE"", ""AFN"", ""AFW"", ""AFZ"", ""ANZ"", ""ASC"", ""ASE"", ""ASO"", ""BRA"", ""CAN"", ""CHL"", ""CHN"", ""ENE"", ""ENW"", ""EUE"", ""EUM"", ""EUW"", ""IDN"", ""IND"", ""JPN"", ""LAM"", ""MDA"", ""MEA"", ""MEX"", ""NIG"", ""RUS"", ""SKT"", ""USA""]",highce_eu,3,future,H–EU,Final energy,Solids,0.6490017088049739,EJ/yr,plotted,"[""Final Energy|Industry|Iron and Steel|Solids""]",0.6490017088049739,EJ/yr,,,1.0,0.0,,
baseline_highce_eu,NDC+LTT,"High CE, EU",e,Global,Iron and steel,2050,"[""AFE"", ""AFN"", ""AFW"", ""AFZ"", ""ANZ"", ""ASC"", ""ASE"", ""ASO"", ""BRA"", ""CAN"", ""CHL"", ""CHN"", ""ENE"", ""ENW"", ""EUE"", ""EUM"", ""EUW"", ""IDN"", ""IND"", ""JPN"", ""LAM"", ""MDA"", ""MEA"", ""MEX"", ""NIG"", ""RUS"", ""SKT"", ""USA""]",highce_eu,3,future,H–EU,Final energy,Total,14.61008634857815,EJ/yr,context,"[""Final Energy|Industry|Iron and Steel|Electricity"", ""Final Energy|Industry|Iron and Steel|Gases"", ""Final Energy|Industry|Iron and Steel|Hydrogen"", ""Final Energy|Industry|Iron and Steel|Liquids"", ""Final Energy|Industry|Iron and Steel|Solids""]",14.61008634857815,EJ/yr,,,1.0,0.0,,
baseline_highce_eu,NDC+LTT,"High CE, EU",e,Global,Iron and steel,2050,"[""AFE"", ""AFN"", ""AFW"", ""AFZ"", ""ANZ"", ""ASC"", ""ASE"", ""ASO"", ""BRA"", ""CAN"", ""CHL"", ""CHN"", ""ENE"", ""ENW"", ""EUE"", ""EUM"", ""EUW"", ""IDN"", ""IND"", ""JPN"", ""LAM"", ""MDA"", ""MEA"", ""MEX"", ""NIG"", ""RUS"", ""SKT"", ""USA""]",highce_eu,3,future,H–EU,Final energy change from no CE,Total,-0.7035009358414044,%,context,"[""Final Energy|Industry|Iron and Steel|Electricity"", ""Final Energy|Industry|Iron and Steel|Gases"", ""Final Energy|Industry|Iron and Steel|Hydrogen"", ""Final Energy|Industry|Iron and Steel|Liquids"", ""Final Energy|Industry|Iron and Steel|Solids""]",14.61008634857815,EJ/yr,14.713596638626818,EJ/yr,100.0,-100.0,baseline_noce,2050.0
baseline_medce_gbl,NDC+LTT,"Medium CE, EU + partners",e,Global,Iron and steel,2050,"[""AFE"", ""AFN"", ""AFW"", ""AFZ"", ""ANZ"", ""ASC"", ""ASE"", ""ASO"", ""BRA"", ""CAN"", ""CHL"", ""CHN"", ""ENE"", ""ENW"", ""EUE"", ""EUM"", ""EUW"", ""IDN"", ""IND"", ""JPN"", ""LAM"", ""MDA"", ""MEA"", ""MEX"", ""NIG"", ""RUS"", ""SKT"", ""USA""]",medce_gbl,4,future,M–EU+,Final energy,Electricity,7.22962128802176,EJ/yr,plotted,"[""Final Energy|Industry|Iron and Steel|Electricity""]",7.22962128802176,EJ/yr,,,1.0,0.0,,
baseline_medce_gbl,NDC+LTT,"Medium CE, EU + partners",e,Global,Iron and steel,2050,"[""AFE"", ""AFN"", ""AFW"", ""AFZ"", ""ANZ"", ""ASC"", ""ASE"", ""ASO"", ""BRA"", ""CAN"", ""CHL"", ""CHN"", ""ENE"", ""ENW"", ""EUE"", ""EUM"", ""EUW"", ""IDN"", ""IND"", ""JPN"", ""LAM"", ""MDA"", ""MEA"", ""MEX"", ""NIG"", ""RUS"", ""SKT"", ""USA""]",medce_gbl,4,future,M–EU+,Final energy,Gases,1.277833603409817,EJ/yr,plotted,"[""Final Energy|Industry|Iron and Steel|Gases""]",1.277833603409817,EJ/yr,,,1.0,0.0,,
baseline_medce_gbl,NDC+LTT,"Medium CE, EU + partners",e,Global,Iron and steel,2050,"[""AFE"", ""AFN"", ""AFW"", ""AFZ"", ""ANZ"", ""ASC"", ""ASE"", ""ASO"", ""BRA"", ""CAN"", ""CHL"", ""CHN"", ""ENE"", ""ENW"", ""EUE"", ""EUM"", ""EUW"", ""IDN"", ""IND"", ""JPN"", ""LAM"", ""MDA"", ""MEA"", ""MEX"", ""NIG"", ""RUS"", ""SKT"", ""USA""]",medce_gbl,4,future,M–EU+,Final energy,Hydrogen,1.525220692045747,EJ/yr,plotted,"[""Final Energy|Industry|Iron and Steel|Hydrogen""]",1.525220692045747,EJ/yr,,,1.0,0.0,,
baseline_medce_gbl,NDC+LTT,"Medium CE, EU + partners",e,Global,Iron and steel,2050,"[""AFE"", ""AFN"", ""AFW"", ""AFZ"", ""ANZ"", ""ASC"", ""ASE"", ""ASO"", ""BRA"", ""CAN"", ""CHL"", ""CHN"", ""ENE"", ""ENW"", ""EUE"", ""EUM"", ""EUW"", ""IDN"", ""IND"", ""JPN"", ""LAM"", ""MDA"", ""MEA"", ""MEX"", ""NIG"", ""RUS"", ""SKT"", ""USA""]",medce_gbl,4,future,M–EU+,Final energy,Liquids,0.0,EJ/yr,plotted,"[""Final Energy|Industry|Iron and Steel|Liquids""]",0.0,EJ/yr,,,1.0,0.0,,
baseline_medce_gbl,NDC+LTT,"Medium CE, EU + partners",e,Global,Iron and steel,2050,"[""AFE"", ""AFN"", ""AFW"", ""AFZ"", ""ANZ"", ""ASC"", ""ASE"", ""ASO"", ""BRA"", ""CAN"", ""CHL"", ""CHN"", ""ENE"", ""ENW"", ""EUE"", ""EUM"", ""EUW"", ""IDN"", ""IND"", ""JPN"", ""LAM"", ""MDA"", ""MEA"", ""MEX"", ""NIG"", ""RUS"", ""SKT"", ""USA""]",medce_gbl,4,future,M–EU+,Final energy,Solids,2.320756850393367,EJ/yr,plotted,"[""Final Energy|Industry|Iron and Steel|Solids""]",2.320756850393367,EJ/yr,,,1.0,0.0,,
baseline_medce_gbl,NDC+LTT,"Medium CE, EU + partners",e,Global,Iron and steel,2050,"[""AFE"", ""AFN"", ""AFW"", ""AFZ"", ""ANZ"", ""ASC"", ""ASE"", ""ASO"", ""BRA"", ""CAN"", ""CHL"", ""CHN"", ""ENE"", ""ENW"", ""EUE"", ""EUM"", ""EUW"", ""IDN"", ""IND"", ""JPN"", ""LAM"", ""MDA"", ""MEA"", ""MEX"", ""NIG"", ""RUS"", ""SKT"", ""USA""]",medce_gbl,4,future,M–EU+,Final energy,Total,12.353432433870692,EJ/yr,context,"[""Final Energy|Industry|Iron and Steel|Electricity"", ""Final Energy|Industry|Iron and Steel|Gases"", ""Final Energy|Industry|Iron and Steel|Hydrogen"", ""Final Energy|Industry|Iron and Steel|Liquids"", ""Final Energy|Industry|Iron and Steel|Solids""]",12.353432433870692,EJ/yr,,,1.0,0.0,,
baseline_medce_gbl,NDC+LTT,"Medium CE, EU + partners",e,Global,Iron and steel,2050,"[""AFE"", ""AFN"", ""AFW"", ""AFZ"", ""ANZ"", ""ASC"", ""ASE"", ""ASO"", ""BRA"", ""CAN"", ""CHL"", ""CHN"", ""ENE"", ""ENW"", ""EUE"", ""EUM"", ""EUW"", ""IDN"", ""IND"", ""JPN"", ""LAM"", ""MDA"", ""MEA"", ""MEX"", ""NIG"", ""RUS"", ""SKT"", ""USA""]",medce_gbl,4,future,M–EU+,Final energy change from no CE,Total,-16.040702098357883,%,context,"[""Final Energy|Industry|Iron and Steel|Electricity"", ""Final Energy|Industry|Iron and Steel|Gases"", ""Final Energy|Industry|Iron and Steel|Hydrogen"", ""Final Energy|Industry|Iron and Steel|Liquids"", ""Final Energy|Industry|Iron and Steel|Solids""]",12.353432433870692,EJ/yr,14.713596638626818,EJ/yr,100.0,-100.0,baseline_noce,2050.0
baseline_highce_gbl,NDC+LTT,"High CE, EU + partners",e,Global,Iron and steel,2050,"[""AFE"", ""AFN"", ""AFW"", ""AFZ"", ""ANZ"", ""ASC"", ""ASE"", ""ASO"", ""BRA"", ""CAN"", ""CHL"", ""CHN"", ""ENE"", ""ENW"", ""EUE"", ""EUM"", ""EUW"", ""IDN"", ""IND"", ""JPN"", ""LAM"", ""MDA"", ""MEA"", ""MEX"", ""NIG"", ""RUS"", ""SKT"", ""USA""]",highce_gbl,5,future,H–EU+,Final energy,Electricity,6.570553455858996,EJ/yr,plotted,"[""Final Energy|Industry|Iron and Steel|Electricity""]",6.570553455858996,EJ/yr,,,1.0,0.0,,
baseline_highce_gbl,NDC+LTT,"High CE, EU + partners",e,Global,Iron and steel,2050,"[""AFE"", ""AFN"", ""AFW"", ""AFZ"", ""ANZ"", ""ASC"", ""ASE"", ""ASO"", ""BRA"", ""CAN"", ""CHL"", ""CHN"", ""ENE"", ""ENW"", ""EUE"", ""EUM"", ""EUW"", ""IDN"", ""IND"", ""JPN"", ""LAM"", ""MDA"", ""MEA"", ""MEX"", ""NIG"", ""RUS"", ""SKT"", ""USA""]",highce_gbl,5,future,H–EU+,Final energy,Gases,0.7067715245219012,EJ/yr,plotted,"[""Final Energy|Industry|Iron and Steel|Gases""]",0.7067715245219012,EJ/yr,,,1.0,0.0,,
baseline_highce_gbl,NDC+LTT,"High CE, EU + partners",e,Global,Iron and steel,2050,"[""AFE"", ""AFN"", ""AFW"", ""AFZ"", ""ANZ"", ""ASC"", ""ASE"", ""ASO"", ""BRA"", ""CAN"", ""CHL"", ""CHN"", ""ENE"", ""ENW"", ""EUE"", ""EUM"", ""EUW"", ""IDN"", ""IND"", ""JPN"", ""LAM"", ""MDA"", ""MEA"", ""MEX"", ""NIG"", ""RUS"", ""SKT"", ""USA""]",highce_gbl,5,future,H–EU+,Final energy,Hydrogen,1.3726675110357751,EJ/yr,plotted,"[""Final Energy|Industry|Iron and Steel|Hydrogen""]",1.3726675110357751,EJ/yr,,,1.0,0.0,,
baseline_highce_gbl,NDC+LTT,"High CE, EU + partners",e,Global,Iron and steel,2050,"[""AFE"", ""AFN"", ""AFW"", ""AFZ"", ""ANZ"", ""ASC"", ""ASE"", ""ASO"", ""BRA"", ""CAN"", ""CHL"", ""CHN"", ""ENE"", ""ENW"", ""EUE"", ""EUM"", ""EUW"", ""IDN"", ""IND"", ""JPN"", ""LAM"", ""MDA"", ""MEA"", ""MEX"", ""NIG"", ""RUS"", ""SKT"", ""USA""]",highce_gbl,5,future,H–EU+,Final energy,Liquids,0.0,EJ/yr,plotted,"[""Final Energy|Industry|Iron and Steel|Liquids""]",0.0,EJ/yr,,,1.0,0.0,,
baseline_highce_gbl,NDC+LTT,"High CE, EU + partners",e,Global,Iron and steel,2050,"[""AFE"", ""AFN"", ""AFW"", ""AFZ"", ""ANZ"", ""ASC"", ""ASE"", ""ASO"", ""BRA"", ""CAN"", ""CHL"", ""CHN"", ""ENE"", ""ENW"", ""EUE"", ""EUM"", ""EUW"", ""IDN"", ""IND"", ""JPN"", ""LAM"", ""MDA"", ""MEA"", ""MEX"", ""NIG"", ""RUS"", ""SKT"", ""USA""]",highce_gbl,5,future,H–EU+,Final energy,Solids,1.2515730721038245,EJ/yr,plotted,"[""Final Energy|Industry|Iron and Steel|Solids""]",1.2515730721038245,EJ/yr,,,1.0,0.0,,
baseline_highce_gbl,NDC+LTT,"High CE, EU + partners",e,Global,Iron and steel,2050,"[""AFE"", ""AFN"", ""AFW"", ""AFZ"", ""ANZ"", ""ASC"", ""ASE"", ""ASO"", ""BRA"", ""CAN"", ""CHL"", ""CHN"", ""ENE"", ""ENW"", ""EUE"", ""EUM"", ""EUW"", ""IDN"", ""IND"", ""JPN"", ""LAM"", ""MDA"", ""MEA"", ""MEX"", ""NIG"", ""RUS"", ""SKT"", ""USA""]",highce_gbl,5,future,H–EU+,Final energy,Total,9.901565563520496,EJ/yr,context,"[""Final Energy|Industry|Iron and Steel|Electricity"", ""Final Energy|Industry|Iron and Steel|Gases"", ""Final Energy|Industry|Iron and Steel|Hydrogen"", ""Final Energy|Industry|Iron and Steel|Liquids"", ""Final Energy|Industry|Iron and Steel|Solids""]",9.901565563520496,EJ/yr,,,1.0,0.0,,
baseline_highce_gbl,NDC+LTT,"High CE, EU + partners",e,Global,Iron and steel,2050,"[""AFE"", ""AFN"", ""AFW"", ""AFZ"", ""ANZ"", ""ASC"", ""ASE"", ""ASO"", ""BRA"", ""CAN"", ""CHL"", ""CHN"", ""ENE"", ""ENW"", ""EUE"", ""EUM"", ""EUW"", ""IDN"", ""IND"", ""JPN"", ""LAM"", ""MDA"", ""MEA"", ""MEX"", ""NIG"", ""RUS"", ""SKT"", ""USA""]",highce_gbl,5,future,H–EU+,Final energy change from no CE,Total,-32.704655382991504,%,context,"[""Final Energy|Industry|Iron and Steel|Electricity"", ""Final Energy|Industry|Iron and Steel|Gases"", ""Final Energy|Industry|Iron and Steel|Hydrogen"", ""Final Energy|Industry|Iron and Steel|Liquids"", ""Final Energy|Industry|Iron and Steel|Solids""]",9.901565563520496,EJ/yr,14.713596638626818,EJ/yr,100.0,-100.0,baseline_noce,2050.0
baseline_noce,NDC+LTT,No CE,f,Global,Aluminium,2019,"[""AFE"", ""AFN"", ""AFW"", ""AFZ"", ""ANZ"", ""ASC"", ""ASE"", ""ASO"", ""BRA"", ""CAN"", ""CHL"", ""CHN"", ""ENE"", ""ENW"", ""EUE"", ""EUM"", ""EUW"", ""IDN"", ""IND"", ""JPN"", ""LAM"", ""MDA"", ""MEA"", ""MEX"", ""NIG"", ""RUS"", ""SKT"", ""USA""]",noce,0,historical,2019,Final energy,Electricity,3.4030921983279416,EJ/yr,plotted,"[""Final Energy|Industry|Non-Ferrous Metals|Aluminum|Electricity""]",3.4030921983279416,EJ/yr,,,1.0,0.0,,
baseline_noce,NDC+LTT,No CE,f,Global,Aluminium,2019,"[""AFE"", ""AFN"", ""AFW"", ""AFZ"", ""ANZ"", ""ASC"", ""ASE"", ""ASO"", ""BRA"", ""CAN"", ""CHL"", ""CHN"", ""ENE"", ""ENW"", ""EUE"", ""EUM"", ""EUW"", ""IDN"", ""IND"", ""JPN"", ""LAM"", ""MDA"", ""MEA"", ""MEX"", ""NIG"", ""RUS"", ""SKT"", ""USA""]",noce,0,historical,2019,Final energy,Gases,0.49666926405350864,EJ/yr,plotted,"[""Final Energy|Industry|Non-Ferrous Metals|Aluminum|Gases""]",0.49666926405350864,EJ/yr,,,1.0,0.0,,
baseline_noce,NDC+LTT,No CE,f,Global,Aluminium,2019,"[""AFE"", ""AFN"", ""AFW"", ""AFZ"", ""ANZ"", ""ASC"", ""ASE"", ""ASO"", ""BRA"", ""CAN"", ""CHL"", ""CHN"", ""ENE"", ""ENW"", ""EUE"", ""EUM"", ""EUW"", ""IDN"", ""IND"", ""JPN"", ""LAM"", ""MDA"", ""MEA"", ""MEX"", ""NIG"", ""RUS"", ""SKT"", ""USA""]",noce,0,historical,2019,Final energy,Hydrogen,0.0,EJ/yr,plotted,"[""Final Energy|Industry|Non-Ferrous Metals|Aluminum|Hydrogen""]",0.0,EJ/yr,,,1.0,0.0,,
baseline_noce,NDC+LTT,No CE,f,Global,Aluminium,2019,"[""AFE"", ""AFN"", ""AFW"", ""AFZ"", ""ANZ"", ""ASC"", ""ASE"", ""ASO"", ""BRA"", ""CAN"", ""CHL"", ""CHN"", ""ENE"", ""ENW"", ""EUE"", ""EUM"", ""EUW"", ""IDN"", ""IND"", ""JPN"", ""LAM"", ""MDA"", ""MEA"", ""MEX"", ""NIG"", ""RUS"", ""SKT"", ""USA""]",noce,0,historical,2019,Final energy,Liquids,0.08640766076555549,EJ/yr,plotted,"[""Final Energy|Industry|Non-Ferrous Metals|Aluminum|Liquids""]",0.08640766076555549,EJ/yr,,,1.0,0.0,,
baseline_noce,NDC+LTT,No CE,f,Global,Aluminium,2019,"[""AFE"", ""AFN"", ""AFW"", ""AFZ"", ""ANZ"", ""ASC"", ""ASE"", ""ASO"", ""BRA"", ""CAN"", ""CHL"", ""CHN"", ""ENE"", ""ENW"", ""EUE"", ""EUM"", ""EUW"", ""IDN"", ""IND"", ""JPN"", ""LAM"", ""MDA"", ""MEA"", ""MEX"", ""NIG"", ""RUS"", ""SKT"", ""USA""]",noce,0,historical,2019,Final energy,Solids,0.6947787453102924,EJ/yr,plotted,"[""Final Energy|Industry|Non-Ferrous Metals|Aluminum|Solids""]",0.6947787453102924,EJ/yr,,,1.0,0.0,,
baseline_noce,NDC+LTT,No CE,f,Global,Aluminium,2019,"[""AFE"", ""AFN"", ""AFW"", ""AFZ"", ""ANZ"", ""ASC"", ""ASE"", ""ASO"", ""BRA"", ""CAN"", ""CHL"", ""CHN"", ""ENE"", ""ENW"", ""EUE"", ""EUM"", ""EUW"", ""IDN"", ""IND"", ""JPN"", ""LAM"", ""MDA"", ""MEA"", ""MEX"", ""NIG"", ""RUS"", ""SKT"", ""USA""]",noce,0,historical,2019,Final energy,Total,4.680947868457298,EJ/yr,context,"[""Final Energy|Industry|Non-Ferrous Metals|Aluminum|Electricity"", ""Final Energy|Industry|Non-Ferrous Metals|Aluminum|Gases"", ""Final Energy|Industry|Non-Ferrous Metals|Aluminum|Hydrogen"", ""Final Energy|Industry|Non-Ferrous Metals|Aluminum|Liquids"", ""Final Energy|Industry|Non-Ferrous Metals|Aluminum|Solids""]",4.680947868457298,EJ/yr,,,1.0,0.0,,
baseline_noce,NDC+LTT,No CE,f,Global,Aluminium,2050,"[""AFE"", ""AFN"", ""AFW"", ""AFZ"", ""ANZ"", ""ASC"", ""ASE"", ""ASO"", ""BRA"", ""CAN"", ""CHL"", ""CHN"", ""ENE"", ""ENW"", ""EUE"", ""EUM"", ""EUW"", ""IDN"", ""IND"", ""JPN"", ""LAM"", ""MDA"", ""MEA"", ""MEX"", ""NIG"", ""RUS"", ""SKT"", ""USA""]",noce,1,future,No CE,Final energy,Electricity,4.386633712430457,EJ/yr,plotted,"[""Final Energy|Industry|Non-Ferrous Metals|Aluminum|Electricity""]",4.386633712430457,EJ/yr,,,1.0,0.0,,
baseline_noce,NDC+LTT,No CE,f,Global,Aluminium,2050,"[""AFE"", ""AFN"", ""AFW"", ""AFZ"", ""ANZ"", ""ASC"", ""ASE"", ""ASO"", ""BRA"", ""CAN"", ""CHL"", ""CHN"", ""ENE"", ""ENW"", ""EUE"", ""EUM"", ""EUW"", ""IDN"", ""IND"", ""JPN"", ""LAM"", ""MDA"", ""MEA"", ""MEX"", ""NIG"", ""RUS"", ""SKT"", ""USA""]",noce,1,future,No CE,Final energy,Gases,0.4626941687174066,EJ/yr,plotted,"[""Final Energy|Industry|Non-Ferrous Metals|Aluminum|Gases""]",0.4626941687174066,EJ/yr,,,1.0,0.0,,
baseline_noce,NDC+LTT,No CE,f,Global,Aluminium,2050,"[""AFE"", ""AFN"", ""AFW"", ""AFZ"", ""ANZ"", ""ASC"", ""ASE"", ""ASO"", ""BRA"", ""CAN"", ""CHL"", ""CHN"", ""ENE"", ""ENW"", ""EUE"", ""EUM"", ""EUW"", ""IDN"", ""IND"", ""JPN"", ""LAM"", ""MDA"", ""MEA"", ""MEX"", ""NIG"", ""RUS"", ""SKT"", ""USA""]",noce,1,future,No CE,Final energy,Hydrogen,0.29749364827974933,EJ/yr,plotted,"[""Final Energy|Industry|Non-Ferrous Metals|Aluminum|Hydrogen""]",0.29749364827974933,EJ/yr,,,1.0,0.0,,
baseline_noce,NDC+LTT,No CE,f,Global,Aluminium,2050,"[""AFE"", ""AFN"", ""AFW"", ""AFZ"", ""ANZ"", ""ASC"", ""ASE"", ""ASO"", ""BRA"", ""CAN"", ""CHL"", ""CHN"", ""ENE"", ""ENW"", ""EUE"", ""EUM"", ""EUW"", ""IDN"", ""IND"", ""JPN"", ""LAM"", ""MDA"", ""MEA"", ""MEX"", ""NIG"", ""RUS"", ""SKT"", ""USA""]",noce,1,future,No CE,Final energy,Liquids,0.0,EJ/yr,plotted,"[""Final Energy|Industry|Non-Ferrous Metals|Aluminum|Liquids""]",0.0,EJ/yr,,,1.0,0.0,,
baseline_noce,NDC+LTT,No CE,f,Global,Aluminium,2050,"[""AFE"", ""AFN"", ""AFW"", ""AFZ"", ""ANZ"", ""ASC"", ""ASE"", ""ASO"", ""BRA"", ""CAN"", ""CHL"", ""CHN"", ""ENE"", ""ENW"", ""EUE"", ""EUM"", ""EUW"", ""IDN"", ""IND"", ""JPN"", ""LAM"", ""MDA"", ""MEA"", ""MEX"", ""NIG"", ""RUS"", ""SKT"", ""USA""]",noce,1,future,No CE,Final energy,Solids,0.0,EJ/yr,plotted,"[""Final Energy|Industry|Non-Ferrous Metals|Aluminum|Solids""]",0.0,EJ/yr,,,1.0,0.0,,
baseline_noce,NDC+LTT,No CE,f,Global,Aluminium,2050,"[""AFE"", ""AFN"", ""AFW"", ""AFZ"", ""ANZ"", ""ASC"", ""ASE"", ""ASO"", ""BRA"", ""CAN"", ""CHL"", ""CHN"", ""ENE"", ""ENW"", ""EUE"", ""EUM"", ""EUW"", ""IDN"", ""IND"", ""JPN"", ""LAM"", ""MDA"", ""MEA"", ""MEX"", ""NIG"", ""RUS"", ""SKT"", ""USA""]",noce,1,future,No CE,Final energy,Total,5.146821529427612,EJ/yr,context,"[""Final Energy|Industry|Non-Ferrous Metals|Aluminum|Electricity"", ""Final Energy|Industry|Non-Ferrous Metals|Aluminum|Gases"", ""Final Energy|Industry|Non-Ferrous Metals|Aluminum|Hydrogen"", ""Final Energy|Industry|Non-Ferrous Metals|Aluminum|Liquids"", ""Final Energy|Industry|Non-Ferrous Metals|Aluminum|Solids""]",5.146821529427612,EJ/yr,,,1.0,0.0,,
baseline_noce,NDC+LTT,No CE,f,Global,Aluminium,2050,"[""AFE"", ""AFN"", ""AFW"", ""AFZ"", ""ANZ"", ""ASC"", ""ASE"", ""ASO"", ""BRA"", ""CAN"", ""CHL"", ""CHN"", ""ENE"", ""ENW"", ""EUE"", ""EUM"", ""EUW"", ""IDN"", ""IND"", ""JPN"", ""LAM"", ""MDA"", ""MEA"", ""MEX"", ""NIG"", ""RUS"", ""SKT"", ""USA""]",noce,1,future,No CE,Final energy change from no CE,Total,-1.4210854715202004e-14,%,context,"[""Final Energy|Industry|Non-Ferrous Metals|Aluminum|Electricity"", ""Final Energy|Industry|Non-Ferrous Metals|Aluminum|Gases"", ""Final Energy|Industry|Non-Ferrous Metals|Aluminum|Hydrogen"", ""Final Energy|Industry|Non-Ferrous Metals|Aluminum|Liquids"", ""Final Energy|Industry|Non-Ferrous Metals|Aluminum|Solids""]",5.146821529427612,EJ/yr,5.146821529427612,EJ/yr,100.0,-100.0,baseline_noce,2050.0
baseline_medce_eu,NDC+LTT,"Medium CE, EU",f,Global,Aluminium,2050,"[""AFE"", ""AFN"", ""AFW"", ""AFZ"", ""ANZ"", ""ASC"", ""ASE"", ""ASO"", ""BRA"", ""CAN"", ""CHL"", ""CHN"", ""ENE"", ""ENW"", ""EUE"", ""EUM"", ""EUW"", ""IDN"", ""IND"", ""JPN"", ""LAM"", ""MDA"", ""MEA"", ""MEX"", ""NIG"", ""RUS"", ""SKT"", ""USA""]",medce_eu,2,future,M–EU,Final energy,Electricity,4.229843687200438,EJ/yr,plotted,"[""Final Energy|Industry|Non-Ferrous Metals|Aluminum|Electricity""]",4.229843687200438,EJ/yr,,,1.0,0.0,,
baseline_medce_eu,NDC+LTT,"Medium CE, EU",f,Global,Aluminium,2050,"[""AFE"", ""AFN"", ""AFW"", ""AFZ"", ""ANZ"", ""ASC"", ""ASE"", ""ASO"", ""BRA"", ""CAN"", ""CHL"", ""CHN"", ""ENE"", ""ENW"", ""EUE"", ""EUM"", ""EUW"", ""IDN"", ""IND"", ""JPN"", ""LAM"", ""MDA"", ""MEA"", ""MEX"", ""NIG"", ""RUS"", ""SKT"", ""USA""]",medce_eu,2,future,M–EU,Final energy,Gases,0.5061775180620496,EJ/yr,plotted,"[""Final Energy|Industry|Non-Ferrous Metals|Aluminum|Gases""]",0.5061775180620496,EJ/yr,,,1.0,0.0,,
baseline_medce_eu,NDC+LTT,"Medium CE, EU",f,Global,Aluminium,2050,"[""AFE"", ""AFN"", ""AFW"", ""AFZ"", ""ANZ"", ""ASC"", ""ASE"", ""ASO"", ""BRA"", ""CAN"", ""CHL"", ""CHN"", ""ENE"", ""ENW"", ""EUE"", ""EUM"", ""EUW"", ""IDN"", ""IND"", ""JPN"", ""LAM"", ""MDA"", ""MEA"", ""MEX"", ""NIG"", ""RUS"", ""SKT"", ""USA""]",medce_eu,2,future,M–EU,Final energy,Hydrogen,0.31018675355765635,EJ/yr,plotted,"[""Final Energy|Industry|Non-Ferrous Metals|Aluminum|Hydrogen""]",0.31018675355765635,EJ/yr,,,1.0,0.0,,
baseline_medce_eu,NDC+LTT,"Medium CE, EU",f,Global,Aluminium,2050,"[""AFE"", ""AFN"", ""AFW"", ""AFZ"", ""ANZ"", ""ASC"", ""ASE"", ""ASO"", ""BRA"", ""CAN"", ""CHL"", ""CHN"", ""ENE"", ""ENW"", ""EUE"", ""EUM"", ""EUW"", ""IDN"", ""IND"", ""JPN"", ""LAM"", ""MDA"", ""MEA"", ""MEX"", ""NIG"", ""RUS"", ""SKT"", ""USA""]",medce_eu,2,future,M–EU,Final energy,Liquids,0.0,EJ/yr,plotted,"[""Final Energy|Industry|Non-Ferrous Metals|Aluminum|Liquids""]",0.0,EJ/yr,,,1.0,0.0,,
baseline_medce_eu,NDC+LTT,"Medium CE, EU",f,Global,Aluminium,2050,"[""AFE"", ""AFN"", ""AFW"", ""AFZ"", ""ANZ"", ""ASC"", ""ASE"", ""ASO"", ""BRA"", ""CAN"", ""CHL"", ""CHN"", ""ENE"", ""ENW"", ""EUE"", ""EUM"", ""EUW"", ""IDN"", ""IND"", ""JPN"", ""LAM"", ""MDA"", ""MEA"", ""MEX"", ""NIG"", ""RUS"", ""SKT"", ""USA""]",medce_eu,2,future,M–EU,Final energy,Solids,0.0,EJ/yr,plotted,"[""Final Energy|Industry|Non-Ferrous Metals|Aluminum|Solids""]",0.0,EJ/yr,,,1.0,0.0,,
baseline_medce_eu,NDC+LTT,"Medium CE, EU",f,Global,Aluminium,2050,"[""AFE"", ""AFN"", ""AFW"", ""AFZ"", ""ANZ"", ""ASC"", ""ASE"", ""ASO"", ""BRA"", ""CAN"", ""CHL"", ""CHN"", ""ENE"", ""ENW"", ""EUE"", ""EUM"", ""EUW"", ""IDN"", ""IND"", ""JPN"", ""LAM"", ""MDA"", ""MEA"", ""MEX"", ""NIG"", ""RUS"", ""SKT"", ""USA""]",medce_eu,2,future,M–EU,Final energy,Total,5.046207958820143,EJ/yr,context,"[""Final Energy|Industry|Non-Ferrous Metals|Aluminum|Electricity"", ""Final Energy|Industry|Non-Ferrous Metals|Aluminum|Gases"", ""Final Energy|Industry|Non-Ferrous Metals|Aluminum|Hydrogen"", ""Final Energy|Industry|Non-Ferrous Metals|Aluminum|Liquids"", ""Final Energy|Industry|Non-Ferrous Metals|Aluminum|Solids""]",5.046207958820143,EJ/yr,,,1.0,0.0,,
baseline_medce_eu,NDC+LTT,"Medium CE, EU",f,Global,Aluminium,2050,"[""AFE"", ""AFN"", ""AFW"", ""AFZ"", ""ANZ"", ""ASC"", ""ASE"", ""ASO"", ""BRA"", ""CAN"", ""CHL"", ""CHN"", ""ENE"", ""ENW"", ""EUE"", ""EUM"", ""EUW"", ""IDN"", ""IND"", ""JPN"", ""LAM"", ""MDA"", ""MEA"", ""MEX"", ""NIG"", ""RUS"", ""SKT"", ""USA""]",medce_eu,2,future,M–EU,Final energy change from no CE,Total,-1.9548680682280946,%,context,"[""Final Energy|Industry|Non-Ferrous Metals|Aluminum|Electricity"", ""Final Energy|Industry|Non-Ferrous Metals|Aluminum|Gases"", ""Final Energy|Industry|Non-Ferrous Metals|Aluminum|Hydrogen"", ""Final Energy|Industry|Non-Ferrous Metals|Aluminum|Liquids"", ""Final Energy|Industry|Non-Ferrous Metals|Aluminum|Solids""]",5.046207958820143,EJ/yr,5.146821529427612,EJ/yr,100.0,-100.0,baseline_noce,2050.0
baseline_highce_eu,NDC+LTT,"High CE, EU",f,Global,Aluminium,2050,"[""AFE"", ""AFN"", ""AFW"", ""AFZ"", ""ANZ"", ""ASC"", ""ASE"", ""ASO"", ""BRA"", ""CAN"", ""CHL"", ""CHN"", ""ENE"", ""ENW"", ""EUE"", ""EUM"", ""EUW"", ""IDN"", ""IND"", ""JPN"", ""LAM"", ""MDA"", ""MEA"", ""MEX"", ""NIG"", ""RUS"", ""SKT"", ""USA""]",highce_eu,3,future,H–EU,Final energy,Electricity,4.143827483336505,EJ/yr,plotted,"[""Final Energy|Industry|Non-Ferrous Metals|Aluminum|Electricity""]",4.143827483336505,EJ/yr,,,1.0,0.0,,
baseline_highce_eu,NDC+LTT,"High CE, EU",f,Global,Aluminium,2050,"[""AFE"", ""AFN"", ""AFW"", ""AFZ"", ""ANZ"", ""ASC"", ""ASE"", ""ASO"", ""BRA"", ""CAN"", ""CHL"", ""CHN"", ""ENE"", ""ENW"", ""EUE"", ""EUM"", ""EUW"", ""IDN"", ""IND"", ""JPN"", ""LAM"", ""MDA"", ""MEA"", ""MEX"", ""NIG"", ""RUS"", ""SKT"", ""USA""]",highce_eu,3,future,H–EU,Final energy,Gases,0.5067915131260353,EJ/yr,plotted,"[""Final Energy|Industry|Non-Ferrous Metals|Aluminum|Gases""]",0.5067915131260353,EJ/yr,,,1.0,0.0,,
baseline_highce_eu,NDC+LTT,"High CE, EU",f,Global,Aluminium,2050,"[""AFE"", ""AFN"", ""AFW"", ""AFZ"", ""ANZ"", ""ASC"", ""ASE"", ""ASO"", ""BRA"", ""CAN"", ""CHL"", ""CHN"", ""ENE"", ""ENW"", ""EUE"", ""EUM"", ""EUW"", ""IDN"", ""IND"", ""JPN"", ""LAM"", ""MDA"", ""MEA"", ""MEX"", ""NIG"", ""RUS"", ""SKT"", ""USA""]",highce_eu,3,future,H–EU,Final energy,Hydrogen,0.3030801362141852,EJ/yr,plotted,"[""Final Energy|Industry|Non-Ferrous Metals|Aluminum|Hydrogen""]",0.3030801362141852,EJ/yr,,,1.0,0.0,,
baseline_highce_eu,NDC+LTT,"High CE, EU",f,Global,Aluminium,2050,"[""AFE"", ""AFN"", ""AFW"", ""AFZ"", ""ANZ"", ""ASC"", ""ASE"", ""ASO"", ""BRA"", ""CAN"", ""CHL"", ""CHN"", ""ENE"", ""ENW"", ""EUE"", ""EUM"", ""EUW"", ""IDN"", ""IND"", ""JPN"", ""LAM"", ""MDA"", ""MEA"", ""MEX"", ""NIG"", ""RUS"", ""SKT"", ""USA""]",highce_eu,3,future,H–EU,Final energy,Liquids,0.0,EJ/yr,plotted,"[""Final Energy|Industry|Non-Ferrous Metals|Aluminum|Liquids""]",0.0,EJ/yr,,,1.0,0.0,,
baseline_highce_eu,NDC+LTT,"High CE, EU",f,Global,Aluminium,2050,"[""AFE"", ""AFN"", ""AFW"", ""AFZ"", ""ANZ"", ""ASC"", ""ASE"", ""ASO"", ""BRA"", ""CAN"", ""CHL"", ""CHN"", ""ENE"", ""ENW"", ""EUE"", ""EUM"", ""EUW"", ""IDN"", ""IND"", ""JPN"", ""LAM"", ""MDA"", ""MEA"", ""MEX"", ""NIG"", ""RUS"", ""SKT"", ""USA""]",highce_eu,3,future,H–EU,Final energy,Solids,0.0,EJ/yr,plotted,"[""Final Energy|Industry|Non-Ferrous Metals|Aluminum|Solids""]",0.0,EJ/yr,,,1.0,0.0,,
baseline_highce_eu,NDC+LTT,"High CE, EU",f,Global,Aluminium,2050,"[""AFE"", ""AFN"", ""AFW"", ""AFZ"", ""ANZ"", ""ASC"", ""ASE"", ""ASO"", ""BRA"", ""CAN"", ""CHL"", ""CHN"", ""ENE"", ""ENW"", ""EUE"", ""EUM"", ""EUW"", ""IDN"", ""IND"", ""JPN"", ""LAM"", ""MDA"", ""MEA"", ""MEX"", ""NIG"", ""RUS"", ""SKT"", ""USA""]",highce_eu,3,future,H–EU,Final energy,Total,4.953699132676726,EJ/yr,context,"[""Final Energy|Industry|Non-Ferrous Metals|Aluminum|Electricity"", ""Final Energy|Industry|Non-Ferrous Metals|Aluminum|Gases"", ""Final Energy|Industry|Non-Ferrous Metals|Aluminum|Hydrogen"", ""Final Energy|Industry|Non-Ferrous Metals|Aluminum|Liquids"", ""Final Energy|Industry|Non-Ferrous Metals|Aluminum|Solids""]",4.953699132676726,EJ/yr,,,1.0,0.0,,
baseline_highce_eu,NDC+LTT,"High CE, EU",f,Global,Aluminium,2050,"[""AFE"", ""AFN"", ""AFW"", ""AFZ"", ""ANZ"", ""ASC"", ""ASE"", ""ASO"", ""BRA"", ""CAN"", ""CHL"", ""CHN"", ""ENE"", ""ENW"", ""EUE"", ""EUM"", ""EUW"", ""IDN"", ""IND"", ""JPN"", ""LAM"", ""MDA"", ""MEA"", ""MEX"", ""NIG"", ""RUS"", ""SKT"", ""USA""]",highce_eu,3,future,H–EU,Final energy change from no CE,Total,-3.7522652698696533,%,context,"[""Final Energy|Industry|Non-Ferrous Metals|Aluminum|Electricity"", ""Final Energy|Industry|Non-Ferrous Metals|Aluminum|Gases"", ""Final Energy|Industry|Non-Ferrous Metals|Aluminum|Hydrogen"", ""Final Energy|Industry|Non-Ferrous Metals|Aluminum|Liquids"", ""Final Energy|Industry|Non-Ferrous Metals|Aluminum|Solids""]",4.953699132676726,EJ/yr,5.146821529427612,EJ/yr,100.0,-100.0,baseline_noce,2050.0
baseline_medce_gbl,NDC+LTT,"Medium CE, EU + partners",f,Global,Aluminium,2050,"[""AFE"", ""AFN"", ""AFW"", ""AFZ"", ""ANZ"", ""ASC"", ""ASE"", ""ASO"", ""BRA"", ""CAN"", ""CHL"", ""CHN"", ""ENE"", ""ENW"", ""EUE"", ""EUM"", ""EUW"", ""IDN"", ""IND"", ""JPN"", ""LAM"", ""MDA"", ""MEA"", ""MEX"", ""NIG"", ""RUS"", ""SKT"", ""USA""]",medce_gbl,4,future,M–EU+,Final energy,Electricity,3.4588441633494345,EJ/yr,plotted,"[""Final Energy|Industry|Non-Ferrous Metals|Aluminum|Electricity""]",3.4588441633494345,EJ/yr,,,1.0,0.0,,
baseline_medce_gbl,NDC+LTT,"Medium CE, EU + partners",f,Global,Aluminium,2050,"[""AFE"", ""AFN"", ""AFW"", ""AFZ"", ""ANZ"", ""ASC"", ""ASE"", ""ASO"", ""BRA"", ""CAN"", ""CHL"", ""CHN"", ""ENE"", ""ENW"", ""EUE"", ""EUM"", ""EUW"", ""IDN"", ""IND"", ""JPN"", ""LAM"", ""MDA"", ""MEA"", ""MEX"", ""NIG"", ""RUS"", ""SKT"", ""USA""]",medce_gbl,4,future,M–EU+,Final energy,Gases,0.4431522372688502,EJ/yr,plotted,"[""Final Energy|Industry|Non-Ferrous Metals|Aluminum|Gases""]",0.4431522372688502,EJ/yr,,,1.0,0.0,,
baseline_medce_gbl,NDC+LTT,"Medium CE, EU + partners",f,Global,Aluminium,2050,"[""AFE"", ""AFN"", ""AFW"", ""AFZ"", ""ANZ"", ""ASC"", ""ASE"", ""ASO"", ""BRA"", ""CAN"", ""CHL"", ""CHN"", ""ENE"", ""ENW"", ""EUE"", ""EUM"", ""EUW"", ""IDN"", ""IND"", ""JPN"", ""LAM"", ""MDA"", ""MEA"", ""MEX"", ""NIG"", ""RUS"", ""SKT"", ""USA""]",medce_gbl,4,future,M–EU+,Final energy,Hydrogen,0.23569624905047815,EJ/yr,plotted,"[""Final Energy|Industry|Non-Ferrous Metals|Aluminum|Hydrogen""]",0.23569624905047815,EJ/yr,,,1.0,0.0,,
baseline_medce_gbl,NDC+LTT,"Medium CE, EU + partners",f,Global,Aluminium,2050,"[""AFE"", ""AFN"", ""AFW"", ""AFZ"", ""ANZ"", ""ASC"", ""ASE"", ""ASO"", ""BRA"", ""CAN"", ""CHL"", ""CHN"", ""ENE"", ""ENW"", ""EUE"", ""EUM"", ""EUW"", ""IDN"", ""IND"", ""JPN"", ""LAM"", ""MDA"", ""MEA"", ""MEX"", ""NIG"", ""RUS"", ""SKT"", ""USA""]",medce_gbl,4,future,M–EU+,Final energy,Liquids,0.0,EJ/yr,plotted,"[""Final Energy|Industry|Non-Ferrous Metals|Aluminum|Liquids""]",0.0,EJ/yr,,,1.0,0.0,,
baseline_medce_gbl,NDC+LTT,"Medium CE, EU + partners",f,Global,Aluminium,2050,"[""AFE"", ""AFN"", ""AFW"", ""AFZ"", ""ANZ"", ""ASC"", ""ASE"", ""ASO"", ""BRA"", ""CAN"", ""CHL"", ""CHN"", ""ENE"", ""ENW"", ""EUE"", ""EUM"", ""EUW"", ""IDN"", ""IND"", ""JPN"", ""LAM"", ""MDA"", ""MEA"", ""MEX"", ""NIG"", ""RUS"", ""SKT"", ""USA""]",medce_gbl,4,future,M–EU+,Final energy,Solids,0.0,EJ/yr,plotted,"[""Final Energy|Industry|Non-Ferrous Metals|Aluminum|Solids""]",0.0,EJ/yr,,,1.0,0.0,,
baseline_medce_gbl,NDC+LTT,"Medium CE, EU + partners",f,Global,Aluminium,2050,"[""AFE"", ""AFN"", ""AFW"", ""AFZ"", ""ANZ"", ""ASC"", ""ASE"", ""ASO"", ""BRA"", ""CAN"", ""CHL"", ""CHN"", ""ENE"", ""ENW"", ""EUE"", ""EUM"", ""EUW"", ""IDN"", ""IND"", ""JPN"", ""LAM"", ""MDA"", ""MEA"", ""MEX"", ""NIG"", ""RUS"", ""SKT"", ""USA""]",medce_gbl,4,future,M–EU+,Final energy,Total,4.137692649668763,EJ/yr,context,"[""Final Energy|Industry|Non-Ferrous Metals|Aluminum|Electricity"", ""Final Energy|Industry|Non-Ferrous Metals|Aluminum|Gases"", ""Final Energy|Industry|Non-Ferrous Metals|Aluminum|Hydrogen"", ""Final Energy|Industry|Non-Ferrous Metals|Aluminum|Liquids"", ""Final Energy|Industry|Non-Ferrous Metals|Aluminum|Solids""]",4.137692649668763,EJ/yr,,,1.0,0.0,,
baseline_medce_gbl,NDC+LTT,"Medium CE, EU + partners",f,Global,Aluminium,2050,"[""AFE"", ""AFN"", ""AFW"", ""AFZ"", ""ANZ"", ""ASC"", ""ASE"", ""ASO"", ""BRA"", ""CAN"", ""CHL"", ""CHN"", ""ENE"", ""ENW"", ""EUE"", ""EUM"", ""EUW"", ""IDN"", ""IND"", ""JPN"", ""LAM"", ""MDA"", ""MEA"", ""MEX"", ""NIG"", ""RUS"", ""SKT"", ""USA""]",medce_gbl,4,future,M–EU+,Final energy change from no CE,Total,-19.606836452148684,%,context,"[""Final Energy|Industry|Non-Ferrous Metals|Aluminum|Electricity"", ""Final Energy|Industry|Non-Ferrous Metals|Aluminum|Gases"", ""Final Energy|Industry|Non-Ferrous Metals|Aluminum|Hydrogen"", ""Final Energy|Industry|Non-Ferrous Metals|Aluminum|Liquids"", ""Final Energy|Industry|Non-Ferrous Metals|Aluminum|Solids""]",4.137692649668763,EJ/yr,5.146821529427612,EJ/yr,100.0,-100.0,baseline_noce,2050.0
baseline_highce_gbl,NDC+LTT,"High CE, EU + partners",f,Global,Aluminium,2050,"[""AFE"", ""AFN"", ""AFW"", ""AFZ"", ""ANZ"", ""ASC"", ""ASE"", ""ASO"", ""BRA"", ""CAN"", ""CHL"", ""CHN"", ""ENE"", ""ENW"", ""EUE"", ""EUM"", ""EUW"", ""IDN"", ""IND"", ""JPN"", ""LAM"", ""MDA"", ""MEA"", ""MEX"", ""NIG"", ""RUS"", ""SKT"", ""USA""]",highce_gbl,5,future,H–EU+,Final energy,Electricity,2.65827077120332,EJ/yr,plotted,"[""Final Energy|Industry|Non-Ferrous Metals|Aluminum|Electricity""]",2.65827077120332,EJ/yr,,,1.0,0.0,,
baseline_highce_gbl,NDC+LTT,"High CE, EU + partners",f,Global,Aluminium,2050,"[""AFE"", ""AFN"", ""AFW"", ""AFZ"", ""ANZ"", ""ASC"", ""ASE"", ""ASO"", ""BRA"", ""CAN"", ""CHL"", ""CHN"", ""ENE"", ""ENW"", ""EUE"", ""EUM"", ""EUW"", ""IDN"", ""IND"", ""JPN"", ""LAM"", ""MDA"", ""MEA"", ""MEX"", ""NIG"", ""RUS"", ""SKT"", ""USA""]",highce_gbl,5,future,H–EU+,Final energy,Gases,0.41145587962062485,EJ/yr,plotted,"[""Final Energy|Industry|Non-Ferrous Metals|Aluminum|Gases""]",0.41145587962062485,EJ/yr,,,1.0,0.0,,
baseline_highce_gbl,NDC+LTT,"High CE, EU + partners",f,Global,Aluminium,2050,"[""AFE"", ""AFN"", ""AFW"", ""AFZ"", ""ANZ"", ""ASC"", ""ASE"", ""ASO"", ""BRA"", ""CAN"", ""CHL"", ""CHN"", ""ENE"", ""ENW"", ""EUE"", ""EUM"", ""EUW"", ""IDN"", ""IND"", ""JPN"", ""LAM"", ""MDA"", ""MEA"", ""MEX"", ""NIG"", ""RUS"", ""SKT"", ""USA""]",highce_gbl,5,future,H–EU+,Final energy,Hydrogen,0.21261327082869882,EJ/yr,plotted,"[""Final Energy|Industry|Non-Ferrous Metals|Aluminum|Hydrogen""]",0.21261327082869882,EJ/yr,,,1.0,0.0,,
baseline_highce_gbl,NDC+LTT,"High CE, EU + partners",f,Global,Aluminium,2050,"[""AFE"", ""AFN"", ""AFW"", ""AFZ"", ""ANZ"", ""ASC"", ""ASE"", ""ASO"", ""BRA"", ""CAN"", ""CHL"", ""CHN"", ""ENE"", ""ENW"", ""EUE"", ""EUM"", ""EUW"", ""IDN"", ""IND"", ""JPN"", ""LAM"", ""MDA"", ""MEA"", ""MEX"", ""NIG"", ""RUS"", ""SKT"", ""USA""]",highce_gbl,5,future,H–EU+,Final energy,Liquids,0.0,EJ/yr,plotted,"[""Final Energy|Industry|Non-Ferrous Metals|Aluminum|Liquids""]",0.0,EJ/yr,,,1.0,0.0,,
baseline_highce_gbl,NDC+LTT,"High CE, EU + partners",f,Global,Aluminium,2050,"[""AFE"", ""AFN"", ""AFW"", ""AFZ"", ""ANZ"", ""ASC"", ""ASE"", ""ASO"", ""BRA"", ""CAN"", ""CHL"", ""CHN"", ""ENE"", ""ENW"", ""EUE"", ""EUM"", ""EUW"", ""IDN"", ""IND"", ""JPN"", ""LAM"", ""MDA"", ""MEA"", ""MEX"", ""NIG"", ""RUS"", ""SKT"", ""USA""]",highce_gbl,5,future,H–EU+,Final energy,Solids,0.0,EJ/yr,plotted,"[""Final Energy|Industry|Non-Ferrous Metals|Aluminum|Solids""]",0.0,EJ/yr,,,1.0,0.0,,
baseline_highce_gbl,NDC+LTT,"High CE, EU + partners",f,Global,Aluminium,2050,"[""AFE"", ""AFN"", ""AFW"", ""AFZ"", ""ANZ"", ""ASC"", ""ASE"", ""ASO"", ""BRA"", ""CAN"", ""CHL"", ""CHN"", ""ENE"", ""ENW"", ""EUE"", ""EUM"", ""EUW"", ""IDN"", ""IND"", ""JPN"", ""LAM"", ""MDA"", ""MEA"", ""MEX"", ""NIG"", ""RUS"", ""SKT"", ""USA""]",highce_gbl,5,future,H–EU+,Final energy,Total,3.2823399216526434,EJ/yr,context,"[""Final Energy|Industry|Non-Ferrous Metals|Aluminum|Electricity"", ""Final Energy|Industry|Non-Ferrous Metals|Aluminum|Gases"", ""Final Energy|Industry|Non-Ferrous Metals|Aluminum|Hydrogen"", ""Final Energy|Industry|Non-Ferrous Metals|Aluminum|Liquids"", ""Final Energy|Industry|Non-Ferrous Metals|Aluminum|Solids""]",3.2823399216526434,EJ/yr,,,1.0,0.0,,
baseline_highce_gbl,NDC+LTT,"High CE, EU + partners",f,Global,Aluminium,2050,"[""AFE"", ""AFN"", ""AFW"", ""AFZ"", ""ANZ"", ""ASC"", ""ASE"", ""ASO"", ""BRA"", ""CAN"", ""CHL"", ""CHN"", ""ENE"", ""ENW"", ""EUE"", ""EUM"", ""EUW"", ""IDN"", ""IND"", ""JPN"", ""LAM"", ""MDA"", ""MEA"", ""MEX"", ""NIG"", ""RUS"", ""SKT"", ""USA""]",highce_gbl,5,future,H–EU+,Final energy change from no CE,Total,-36.225884210566775,%,context,"[""Final Energy|Industry|Non-Ferrous Metals|Aluminum|Electricity"", ""Final Energy|Industry|Non-Ferrous Metals|Aluminum|Gases"", ""Final Energy|Industry|Non-Ferrous Metals|Aluminum|Hydrogen"", ""Final Energy|Industry|Non-Ferrous Metals|Aluminum|Liquids"", ""Final Energy|Industry|Non-Ferrous Metals|Aluminum|Solids""]",3.2823399216526434,EJ/yr,5.146821529427612,EJ/yr,100.0,-100.0,baseline_noce,2050.0
