Scenario,ClimatePathway,CE,Panel,Scope,Sector,Series,Year,Value,Unit,Role,SourceVariables,Figure,RankingScenario,RankingYear,Group,Rank,DisplayOrder,SourceRegions,Metric,Numerator_EJ_yr,Denominator_Mt_yr,ConversionFactor,Numerator,NumeratorUnit,Denominator,DenominatorUnit,Policy,BarOrder,BarType,BarLabel,Offset,ReferenceScenario,ReferenceYear,PanelKind,SourceCoefficients,ScenarioValue,ReferenceValue,ScenarioCost,ReferenceCost
ndc_noce,NDC,No CE,a,Global,Cement,Cement,2019,4201.409299940433,Mt/yr,plotted,"[""Production|Non-Metallic Minerals|Cement""]",fig01_production,,,,,,,,,,,,,,,,,,,,,,,,,,,
ndc_noce,NDC,No CE,a,Global,Cement,Cement,2024,3949.47131787373,Mt/yr,plotted,"[""Production|Non-Metallic Minerals|Cement""]",fig01_production,,,,,,,,,,,,,,,,,,,,,,,,,,,
ndc_noce,NDC,No CE,a,Global,Cement,Cement,2030,3754.6568242399608,Mt/yr,plotted,"[""Production|Non-Metallic Minerals|Cement""]",fig01_production,,,,,,,,,,,,,,,,,,,,,,,,,,,
ndc_noce,NDC,No CE,a,Global,Cement,Cement,2035,3663.033186138421,Mt/yr,plotted,"[""Production|Non-Metallic Minerals|Cement""]",fig01_production,,,,,,,,,,,,,,,,,,,,,,,,,,,
ndc_noce,NDC,No CE,a,Global,Cement,Cement,2040,3660.4167606536453,Mt/yr,plotted,"[""Production|Non-Metallic Minerals|Cement""]",fig01_production,,,,,,,,,,,,,,,,,,,,,,,,,,,
ndc_noce,NDC,No CE,a,Global,Cement,Cement,2050,3660.1359678777544,Mt/yr,plotted,"[""Production|Non-Metallic Minerals|Cement""]",fig01_production,,,,,,,,,,,,,,,,,,,,,,,,,,,
ndc_noce,NDC,No CE,a,Global,Cement,Clinker,2019,3030.4398866528886,Mt/yr,plotted,"[""Production|Non-Metallic Minerals|Cement Clinker""]",fig01_production,,,,,,,,,,,,,,,,,,,,,,,,,,,
ndc_noce,NDC,No CE,a,Global,Cement,Clinker,2024,2864.3071106476964,Mt/yr,plotted,"[""Production|Non-Metallic Minerals|Cement Clinker""]",fig01_production,,,,,,,,,,,,,,,,,,,,,,,,,,,
ndc_noce,NDC,No CE,a,Global,Cement,Clinker,2030,2728.4964696637635,Mt/yr,plotted,"[""Production|Non-Metallic Minerals|Cement Clinker""]",fig01_production,,,,,,,,,,,,,,,,,,,,,,,,,,,
ndc_noce,NDC,No CE,a,Global,Cement,Clinker,2035,2659.5047726896332,Mt/yr,plotted,"[""Production|Non-Metallic Minerals|Cement Clinker""]",fig01_production,,,,,,,,,,,,,,,,,,,,,,,,,,,
ndc_noce,NDC,No CE,a,Global,Cement,Clinker,2040,2634.0168072184115,Mt/yr,plotted,"[""Production|Non-Metallic Minerals|Cement Clinker""]",fig01_production,,,,,,,,,,,,,,,,,,,,,,,,,,,
ndc_noce,NDC,No CE,a,Global,Cement,Clinker,2050,2599.115854230405,Mt/yr,plotted,"[""Production|Non-Metallic Minerals|Cement Clinker""]",fig01_production,,,,,,,,,,,,,,,,,,,,,,,,,,,
ndc_noce,NDC,No CE,b,Global,Iron and steel,Total,2019,1754.711551232852,Mt/yr,plotted,"[""Production|Iron and Steel|Primary"", ""Production|Iron and Steel|Secondary""]",fig01_production,,,,,,,,,,,,,,,,,,,,,,,,,,,
ndc_noce,NDC,No CE,b,Global,Iron and steel,Total,2024,1725.0794351254624,Mt/yr,plotted,"[""Production|Iron and Steel|Primary"", ""Production|Iron and Steel|Secondary""]",fig01_production,,,,,,,,,,,,,,,,,,,,,,,,,,,
ndc_noce,NDC,No CE,b,Global,Iron and steel,Total,2030,1641.98915461347,Mt/yr,plotted,"[""Production|Iron and Steel|Primary"", ""Production|Iron and Steel|Secondary""]",fig01_production,,,,,,,,,,,,,,,,,,,,,,,,,,,
ndc_noce,NDC,No CE,b,Global,Iron and steel,Total,2035,1595.6388088647288,Mt/yr,plotted,"[""Production|Iron and Steel|Primary"", ""Production|Iron and Steel|Secondary""]",fig01_production,,,,,,,,,,,,,,,,,,,,,,,,,,,
ndc_noce,NDC,No CE,b,Global,Iron and steel,Total,2040,1683.460665063078,Mt/yr,plotted,"[""Production|Iron and Steel|Primary"", ""Production|Iron and Steel|Secondary""]",fig01_production,,,,,,,,,,,,,,,,,,,,,,,,,,,
ndc_noce,NDC,No CE,b,Global,Iron and steel,Total,2050,2186.9297730849707,Mt/yr,plotted,"[""Production|Iron and Steel|Primary"", ""Production|Iron and Steel|Secondary""]",fig01_production,,,,,,,,,,,,,,,,,,,,,,,,,,,
ndc_noce,NDC,No CE,b,Global,Iron and steel,Primary,2019,1409.4021422034127,Mt/yr,plotted,"[""Production|Iron and Steel|Primary""]",fig01_production,,,,,,,,,,,,,,,,,,,,,,,,,,,
ndc_noce,NDC,No CE,b,Global,Iron and steel,Primary,2024,1300.4264955551444,Mt/yr,plotted,"[""Production|Iron and Steel|Primary""]",fig01_production,,,,,,,,,,,,,,,,,,,,,,,,,,,
ndc_noce,NDC,No CE,b,Global,Iron and steel,Primary,2030,1159.4461344018102,Mt/yr,plotted,"[""Production|Iron and Steel|Primary""]",fig01_production,,,,,,,,,,,,,,,,,,,,,,,,,,,
ndc_noce,NDC,No CE,b,Global,Iron and steel,Primary,2035,1100.3400380900787,Mt/yr,plotted,"[""Production|Iron and Steel|Primary""]",fig01_production,,,,,,,,,,,,,,,,,,,,,,,,,,,
ndc_noce,NDC,No CE,b,Global,Iron and steel,Primary,2040,1133.0724839292711,Mt/yr,plotted,"[""Production|Iron and Steel|Primary""]",fig01_production,,,,,,,,,,,,,,,,,,,,,,,,,,,
ndc_noce,NDC,No CE,b,Global,Iron and steel,Primary,2050,1399.6350714434163,Mt/yr,plotted,"[""Production|Iron and Steel|Primary""]",fig01_production,,,,,,,,,,,,,,,,,,,,,,,,,,,
ndc_noce,NDC,No CE,b,Global,Iron and steel,Secondary,2019,345.30940902943917,Mt/yr,plotted,"[""Production|Iron and Steel|Secondary""]",fig01_production,,,,,,,,,,,,,,,,,,,,,,,,,,,
ndc_noce,NDC,No CE,b,Global,Iron and steel,Secondary,2024,424.652939570318,Mt/yr,plotted,"[""Production|Iron and Steel|Secondary""]",fig01_production,,,,,,,,,,,,,,,,,,,,,,,,,,,
ndc_noce,NDC,No CE,b,Global,Iron and steel,Secondary,2030,482.5430202116597,Mt/yr,plotted,"[""Production|Iron and Steel|Secondary""]",fig01_production,,,,,,,,,,,,,,,,,,,,,,,,,,,
ndc_noce,NDC,No CE,b,Global,Iron and steel,Secondary,2035,495.2987707746502,Mt/yr,plotted,"[""Production|Iron and Steel|Secondary""]",fig01_production,,,,,,,,,,,,,,,,,,,,,,,,,,,
ndc_noce,NDC,No CE,b,Global,Iron and steel,Secondary,2040,550.3881811338068,Mt/yr,plotted,"[""Production|Iron and Steel|Secondary""]",fig01_production,,,,,,,,,,,,,,,,,,,,,,,,,,,
ndc_noce,NDC,No CE,b,Global,Iron and steel,Secondary,2050,787.2947016415544,Mt/yr,plotted,"[""Production|Iron and Steel|Secondary""]",fig01_production,,,,,,,,,,,,,,,,,,,,,,,,,,,
ndc_noce,NDC,No CE,c,Global,Aluminium,Total,2019,94.49997372278058,Mt/yr,plotted,"[""Production|Non-Ferrous Metals|Aluminum|Primary"", ""Production|Non-Ferrous Metals|Aluminum|Secondary""]",fig01_production,,,,,,,,,,,,,,,,,,,,,,,,,,,
ndc_noce,NDC,No CE,c,Global,Aluminium,Total,2024,121.01332192264523,Mt/yr,plotted,"[""Production|Non-Ferrous Metals|Aluminum|Primary"", ""Production|Non-Ferrous Metals|Aluminum|Secondary""]",fig01_production,,,,,,,,,,,,,,,,,,,,,,,,,,,
ndc_noce,NDC,No CE,c,Global,Aluminium,Total,2030,124.37818210547911,Mt/yr,plotted,"[""Production|Non-Ferrous Metals|Aluminum|Primary"", ""Production|Non-Ferrous Metals|Aluminum|Secondary""]",fig01_production,,,,,,,,,,,,,,,,,,,,,,,,,,,
ndc_noce,NDC,No CE,c,Global,Aluminium,Total,2035,127.02730774686012,Mt/yr,plotted,"[""Production|Non-Ferrous Metals|Aluminum|Primary"", ""Production|Non-Ferrous Metals|Aluminum|Secondary""]",fig01_production,,,,,,,,,,,,,,,,,,,,,,,,,,,
ndc_noce,NDC,No CE,c,Global,Aluminium,Total,2040,131.46124002864838,Mt/yr,plotted,"[""Production|Non-Ferrous Metals|Aluminum|Primary"", ""Production|Non-Ferrous Metals|Aluminum|Secondary""]",fig01_production,,,,,,,,,,,,,,,,,,,,,,,,,,,
ndc_noce,NDC,No CE,c,Global,Aluminium,Total,2050,133.0141126535924,Mt/yr,plotted,"[""Production|Non-Ferrous Metals|Aluminum|Primary"", ""Production|Non-Ferrous Metals|Aluminum|Secondary""]",fig01_production,,,,,,,,,,,,,,,,,,,,,,,,,,,
ndc_noce,NDC,No CE,c,Global,Aluminium,Primary,2019,62.749973727086626,Mt/yr,plotted,"[""Production|Non-Ferrous Metals|Aluminum|Primary""]",fig01_production,,,,,,,,,,,,,,,,,,,,,,,,,,,
ndc_noce,NDC,No CE,c,Global,Aluminium,Primary,2024,78.04114761610496,Mt/yr,plotted,"[""Production|Non-Ferrous Metals|Aluminum|Primary""]",fig01_production,,,,,,,,,,,,,,,,,,,,,,,,,,,
ndc_noce,NDC,No CE,c,Global,Aluminium,Primary,2030,75.17942370967707,Mt/yr,plotted,"[""Production|Non-Ferrous Metals|Aluminum|Primary""]",fig01_production,,,,,,,,,,,,,,,,,,,,,,,,,,,
ndc_noce,NDC,No CE,c,Global,Aluminium,Primary,2035,71.69352445693875,Mt/yr,plotted,"[""Production|Non-Ferrous Metals|Aluminum|Primary""]",fig01_production,,,,,,,,,,,,,,,,,,,,,,,,,,,
ndc_noce,NDC,No CE,c,Global,Aluminium,Primary,2040,72.65700467808372,Mt/yr,plotted,"[""Production|Non-Ferrous Metals|Aluminum|Primary""]",fig01_production,,,,,,,,,,,,,,,,,,,,,,,,,,,
ndc_noce,NDC,No CE,c,Global,Aluminium,Primary,2050,68.45860254240496,Mt/yr,plotted,"[""Production|Non-Ferrous Metals|Aluminum|Primary""]",fig01_production,,,,,,,,,,,,,,,,,,,,,,,,,,,
ndc_noce,NDC,No CE,c,Global,Aluminium,Secondary,2019,31.74999999569395,Mt/yr,plotted,"[""Production|Non-Ferrous Metals|Aluminum|Secondary""]",fig01_production,,,,,,,,,,,,,,,,,,,,,,,,,,,
ndc_noce,NDC,No CE,c,Global,Aluminium,Secondary,2024,42.97217430654027,Mt/yr,plotted,"[""Production|Non-Ferrous Metals|Aluminum|Secondary""]",fig01_production,,,,,,,,,,,,,,,,,,,,,,,,,,,
ndc_noce,NDC,No CE,c,Global,Aluminium,Secondary,2030,49.198758395802045,Mt/yr,plotted,"[""Production|Non-Ferrous Metals|Aluminum|Secondary""]",fig01_production,,,,,,,,,,,,,,,,,,,,,,,,,,,
ndc_noce,NDC,No CE,c,Global,Aluminium,Secondary,2035,55.33378328992138,Mt/yr,plotted,"[""Production|Non-Ferrous Metals|Aluminum|Secondary""]",fig01_production,,,,,,,,,,,,,,,,,,,,,,,,,,,
ndc_noce,NDC,No CE,c,Global,Aluminium,Secondary,2040,58.80423535056464,Mt/yr,plotted,"[""Production|Non-Ferrous Metals|Aluminum|Secondary""]",fig01_production,,,,,,,,,,,,,,,,,,,,,,,,,,,
ndc_noce,NDC,No CE,c,Global,Aluminium,Secondary,2050,64.55551011118743,Mt/yr,plotted,"[""Production|Non-Ferrous Metals|Aluminum|Secondary""]",fig01_production,,,,,,,,,,,,,,,,,,,,,,,,,,,
baseline_noce,NDC+LTT,No CE,d,Global,Cement,Cement,2019,4201.409299940433,Mt/yr,plotted,"[""Production|Non-Metallic Minerals|Cement""]",fig01_production,,,,,,,,,,,,,,,,,,,,,,,,,,,
baseline_noce,NDC+LTT,No CE,d,Global,Cement,Cement,2024,3949.47131787373,Mt/yr,plotted,"[""Production|Non-Metallic Minerals|Cement""]",fig01_production,,,,,,,,,,,,,,,,,,,,,,,,,,,
baseline_noce,NDC+LTT,No CE,d,Global,Cement,Cement,2030,3754.656802568388,Mt/yr,plotted,"[""Production|Non-Metallic Minerals|Cement""]",fig01_production,,,,,,,,,,,,,,,,,,,,,,,,,,,
baseline_noce,NDC+LTT,No CE,d,Global,Cement,Cement,2035,3663.033167717458,Mt/yr,plotted,"[""Production|Non-Metallic Minerals|Cement""]",fig01_production,,,,,,,,,,,,,,,,,,,,,,,,,,,
baseline_noce,NDC+LTT,No CE,d,Global,Cement,Cement,2040,3660.4167449910474,Mt/yr,plotted,"[""Production|Non-Metallic Minerals|Cement""]",fig01_production,,,,,,,,,,,,,,,,,,,,,,,,,,,
baseline_noce,NDC+LTT,No CE,d,Global,Cement,Cement,2050,3660.135942423824,Mt/yr,plotted,"[""Production|Non-Metallic Minerals|Cement""]",fig01_production,,,,,,,,,,,,,,,,,,,,,,,,,,,
baseline_noce,NDC+LTT,No CE,d,Global,Cement,Clinker,2019,3030.4398866528886,Mt/yr,plotted,"[""Production|Non-Metallic Minerals|Cement Clinker""]",fig01_production,,,,,,,,,,,,,,,,,,,,,,,,,,,
baseline_noce,NDC+LTT,No CE,d,Global,Cement,Clinker,2024,2864.3071106476964,Mt/yr,plotted,"[""Production|Non-Metallic Minerals|Cement Clinker""]",fig01_production,,,,,,,,,,,,,,,,,,,,,,,,,,,
baseline_noce,NDC+LTT,No CE,d,Global,Cement,Clinker,2030,2726.8563868435053,Mt/yr,plotted,"[""Production|Non-Metallic Minerals|Cement Clinker""]",fig01_production,,,,,,,,,,,,,,,,,,,,,,,,,,,
baseline_noce,NDC+LTT,No CE,d,Global,Cement,Clinker,2035,2659.5047763533066,Mt/yr,plotted,"[""Production|Non-Metallic Minerals|Cement Clinker""]",fig01_production,,,,,,,,,,,,,,,,,,,,,,,,,,,
baseline_noce,NDC+LTT,No CE,d,Global,Cement,Clinker,2040,2636.3747900615363,Mt/yr,plotted,"[""Production|Non-Metallic Minerals|Cement Clinker""]",fig01_production,,,,,,,,,,,,,,,,,,,,,,,,,,,
baseline_noce,NDC+LTT,No CE,d,Global,Cement,Clinker,2050,2599.115827280662,Mt/yr,plotted,"[""Production|Non-Metallic Minerals|Cement Clinker""]",fig01_production,,,,,,,,,,,,,,,,,,,,,,,,,,,
baseline_noce,NDC+LTT,No CE,e,Global,Iron and steel,Total,2019,1754.711551232852,Mt/yr,plotted,"[""Production|Iron and Steel|Primary"", ""Production|Iron and Steel|Secondary""]",fig01_production,,,,,,,,,,,,,,,,,,,,,,,,,,,
baseline_noce,NDC+LTT,No CE,e,Global,Iron and steel,Total,2024,1725.0794351254624,Mt/yr,plotted,"[""Production|Iron and Steel|Primary"", ""Production|Iron and Steel|Secondary""]",fig01_production,,,,,,,,,,,,,,,,,,,,,,,,,,,
baseline_noce,NDC+LTT,No CE,e,Global,Iron and steel,Total,2030,1641.9891338095165,Mt/yr,plotted,"[""Production|Iron and Steel|Primary"", ""Production|Iron and Steel|Secondary""]",fig01_production,,,,,,,,,,,,,,,,,,,,,,,,,,,
baseline_noce,NDC+LTT,No CE,e,Global,Iron and steel,Total,2035,1595.6387432321321,Mt/yr,plotted,"[""Production|Iron and Steel|Primary"", ""Production|Iron and Steel|Secondary""]",fig01_production,,,,,,,,,,,,,,,,,,,,,,,,,,,
baseline_noce,NDC+LTT,No CE,e,Global,Iron and steel,Total,2040,1683.4605942344915,Mt/yr,plotted,"[""Production|Iron and Steel|Primary"", ""Production|Iron and Steel|Secondary""]",fig01_production,,,,,,,,,,,,,,,,,,,,,,,,,,,
baseline_noce,NDC+LTT,No CE,e,Global,Iron and steel,Total,2050,2186.929691103253,Mt/yr,plotted,"[""Production|Iron and Steel|Primary"", ""Production|Iron and Steel|Secondary""]",fig01_production,,,,,,,,,,,,,,,,,,,,,,,,,,,
baseline_noce,NDC+LTT,No CE,e,Global,Iron and steel,Primary,2019,1409.4021422034127,Mt/yr,plotted,"[""Production|Iron and Steel|Primary""]",fig01_production,,,,,,,,,,,,,,,,,,,,,,,,,,,
baseline_noce,NDC+LTT,No CE,e,Global,Iron and steel,Primary,2024,1300.4264955551444,Mt/yr,plotted,"[""Production|Iron and Steel|Primary""]",fig01_production,,,,,,,,,,,,,,,,,,,,,,,,,,,
baseline_noce,NDC+LTT,No CE,e,Global,Iron and steel,Primary,2030,1159.4461112611052,Mt/yr,plotted,"[""Production|Iron and Steel|Primary""]",fig01_production,,,,,,,,,,,,,,,,,,,,,,,,,,,
baseline_noce,NDC+LTT,No CE,e,Global,Iron and steel,Primary,2035,1100.3399785320971,Mt/yr,plotted,"[""Production|Iron and Steel|Primary""]",fig01_production,,,,,,,,,,,,,,,,,,,,,,,,,,,
baseline_noce,NDC+LTT,No CE,e,Global,Iron and steel,Primary,2040,1133.0724194653944,Mt/yr,plotted,"[""Production|Iron and Steel|Primary""]",fig01_production,,,,,,,,,,,,,,,,,,,,,,,,,,,
baseline_noce,NDC+LTT,No CE,e,Global,Iron and steel,Primary,2050,1399.6350022548183,Mt/yr,plotted,"[""Production|Iron and Steel|Primary""]",fig01_production,,,,,,,,,,,,,,,,,,,,,,,,,,,
baseline_noce,NDC+LTT,No CE,e,Global,Iron and steel,Secondary,2019,345.30940902943917,Mt/yr,plotted,"[""Production|Iron and Steel|Secondary""]",fig01_production,,,,,,,,,,,,,,,,,,,,,,,,,,,
baseline_noce,NDC+LTT,No CE,e,Global,Iron and steel,Secondary,2024,424.652939570318,Mt/yr,plotted,"[""Production|Iron and Steel|Secondary""]",fig01_production,,,,,,,,,,,,,,,,,,,,,,,,,,,
baseline_noce,NDC+LTT,No CE,e,Global,Iron and steel,Secondary,2030,482.54302254841133,Mt/yr,plotted,"[""Production|Iron and Steel|Secondary""]",fig01_production,,,,,,,,,,,,,,,,,,,,,,,,,,,
baseline_noce,NDC+LTT,No CE,e,Global,Iron and steel,Secondary,2035,495.29876470003495,Mt/yr,plotted,"[""Production|Iron and Steel|Secondary""]",fig01_production,,,,,,,,,,,,,,,,,,,,,,,,,,,
baseline_noce,NDC+LTT,No CE,e,Global,Iron and steel,Secondary,2040,550.388174769097,Mt/yr,plotted,"[""Production|Iron and Steel|Secondary""]",fig01_production,,,,,,,,,,,,,,,,,,,,,,,,,,,
baseline_noce,NDC+LTT,No CE,e,Global,Iron and steel,Secondary,2050,787.2946888484346,Mt/yr,plotted,"[""Production|Iron and Steel|Secondary""]",fig01_production,,,,,,,,,,,,,,,,,,,,,,,,,,,
baseline_noce,NDC+LTT,No CE,f,Global,Aluminium,Total,2019,94.49997372278058,Mt/yr,plotted,"[""Production|Non-Ferrous Metals|Aluminum|Primary"", ""Production|Non-Ferrous Metals|Aluminum|Secondary""]",fig01_production,,,,,,,,,,,,,,,,,,,,,,,,,,,
baseline_noce,NDC+LTT,No CE,f,Global,Aluminium,Total,2024,121.01332192264523,Mt/yr,plotted,"[""Production|Non-Ferrous Metals|Aluminum|Primary"", ""Production|Non-Ferrous Metals|Aluminum|Secondary""]",fig01_production,,,,,,,,,,,,,,,,,,,,,,,,,,,
baseline_noce,NDC+LTT,No CE,f,Global,Aluminium,Total,2030,124.37817188226649,Mt/yr,plotted,"[""Production|Non-Ferrous Metals|Aluminum|Primary"", ""Production|Non-Ferrous Metals|Aluminum|Secondary""]",fig01_production,,,,,,,,,,,,,,,,,,,,,,,,,,,
baseline_noce,NDC+LTT,No CE,f,Global,Aluminium,Total,2035,127.02728582773696,Mt/yr,plotted,"[""Production|Non-Ferrous Metals|Aluminum|Primary"", ""Production|Non-Ferrous Metals|Aluminum|Secondary""]",fig01_production,,,,,,,,,,,,,,,,,,,,,,,,,,,
baseline_noce,NDC+LTT,No CE,f,Global,Aluminium,Total,2040,131.46121772284212,Mt/yr,plotted,"[""Production|Non-Ferrous Metals|Aluminum|Primary"", ""Production|Non-Ferrous Metals|Aluminum|Secondary""]",fig01_production,,,,,,,,,,,,,,,,,,,,,,,,,,,
baseline_noce,NDC+LTT,No CE,f,Global,Aluminium,Total,2050,133.01408676120656,Mt/yr,plotted,"[""Production|Non-Ferrous Metals|Aluminum|Primary"", ""Production|Non-Ferrous Metals|Aluminum|Secondary""]",fig01_production,,,,,,,,,,,,,,,,,,,,,,,,,,,
baseline_noce,NDC+LTT,No CE,f,Global,Aluminium,Primary,2019,62.749973727086626,Mt/yr,plotted,"[""Production|Non-Ferrous Metals|Aluminum|Primary""]",fig01_production,,,,,,,,,,,,,,,,,,,,,,,,,,,
baseline_noce,NDC+LTT,No CE,f,Global,Aluminium,Primary,2024,78.04114761610496,Mt/yr,plotted,"[""Production|Non-Ferrous Metals|Aluminum|Primary""]",fig01_production,,,,,,,,,,,,,,,,,,,,,,,,,,,
baseline_noce,NDC+LTT,No CE,f,Global,Aluminium,Primary,2030,75.17941660782321,Mt/yr,plotted,"[""Production|Non-Ferrous Metals|Aluminum|Primary""]",fig01_production,,,,,,,,,,,,,,,,,,,,,,,,,,,
baseline_noce,NDC+LTT,No CE,f,Global,Aluminium,Primary,2035,71.6935049598691,Mt/yr,plotted,"[""Production|Non-Ferrous Metals|Aluminum|Primary""]",fig01_production,,,,,,,,,,,,,,,,,,,,,,,,,,,
baseline_noce,NDC+LTT,No CE,f,Global,Aluminium,Primary,2040,72.65698446754533,Mt/yr,plotted,"[""Production|Non-Ferrous Metals|Aluminum|Primary""]",fig01_production,,,,,,,,,,,,,,,,,,,,,,,,,,,
baseline_noce,NDC+LTT,No CE,f,Global,Aluminium,Primary,2050,68.45857888402483,Mt/yr,plotted,"[""Production|Non-Ferrous Metals|Aluminum|Primary""]",fig01_production,,,,,,,,,,,,,,,,,,,,,,,,,,,
baseline_noce,NDC+LTT,No CE,f,Global,Aluminium,Secondary,2019,31.74999999569395,Mt/yr,plotted,"[""Production|Non-Ferrous Metals|Aluminum|Secondary""]",fig01_production,,,,,,,,,,,,,,,,,,,,,,,,,,,
baseline_noce,NDC+LTT,No CE,f,Global,Aluminium,Secondary,2024,42.97217430654027,Mt/yr,plotted,"[""Production|Non-Ferrous Metals|Aluminum|Secondary""]",fig01_production,,,,,,,,,,,,,,,,,,,,,,,,,,,
baseline_noce,NDC+LTT,No CE,f,Global,Aluminium,Secondary,2030,49.198755274443265,Mt/yr,plotted,"[""Production|Non-Ferrous Metals|Aluminum|Secondary""]",fig01_production,,,,,,,,,,,,,,,,,,,,,,,,,,,
baseline_noce,NDC+LTT,No CE,f,Global,Aluminium,Secondary,2035,55.33378086786785,Mt/yr,plotted,"[""Production|Non-Ferrous Metals|Aluminum|Secondary""]",fig01_production,,,,,,,,,,,,,,,,,,,,,,,,,,,
baseline_noce,NDC+LTT,No CE,f,Global,Aluminium,Secondary,2040,58.804233255296786,Mt/yr,plotted,"[""Production|Non-Ferrous Metals|Aluminum|Secondary""]",fig01_production,,,,,,,,,,,,,,,,,,,,,,,,,,,
baseline_noce,NDC+LTT,No CE,f,Global,Aluminium,Secondary,2050,64.55550787718173,Mt/yr,plotted,"[""Production|Non-Ferrous Metals|Aluminum|Secondary""]",fig01_production,,,,,,,,,,,,,,,,,,,,,,,,,,,
ndc_noce,NDC,No CE,a,Producer regions,Cement,Cement,2019,2357.17696299718,Mt/yr,plotted,"[""Production|Non-Metallic Minerals|Cement""]",fig02_leading_producers,baseline_noce,2050.0,China region,1.0,1.0,"[""CHN""]",,,,,,,,,,,,,,,,,,,,,
ndc_noce,NDC,No CE,a,Producer regions,Cement,Cement,2050,940.513609464344,Mt/yr,plotted,"[""Production|Non-Metallic Minerals|Cement""]",fig02_leading_producers,baseline_noce,2050.0,China region,1.0,1.0,"[""CHN""]",,,,,,,,,,,,,,,,,,,,,
ndc_noce,NDC,No CE,a,Producer regions,Cement,Cement,2019,338.922999997768,Mt/yr,plotted,"[""Production|Non-Metallic Minerals|Cement""]",fig02_leading_producers,baseline_noce,2050.0,India,2.0,2.0,"[""IND""]",,,,,,,,,,,,,,,,,,,,,
ndc_noce,NDC,No CE,a,Producer regions,Cement,Cement,2050,678.862769413349,Mt/yr,plotted,"[""Production|Non-Metallic Minerals|Cement""]",fig02_leading_producers,baseline_noce,2050.0,India,2.0,2.0,"[""IND""]",,,,,,,,,,,,,,,,,,,,,
ndc_noce,NDC,No CE,a,Producer regions,Cement,Cement,2019,205.1329999978,Mt/yr,plotted,"[""Production|Non-Metallic Minerals|Cement""]",fig02_leading_producers,baseline_noce,2050.0,Indonesia group,3.0,3.0,"[""IDN""]",,,,,,,,,,,,,,,,,,,,,
ndc_noce,NDC,No CE,a,Producer regions,Cement,Cement,2050,255.185453256374,Mt/yr,plotted,"[""Production|Non-Metallic Minerals|Cement""]",fig02_leading_producers,baseline_noce,2050.0,Indonesia group,3.0,3.0,"[""IDN""]",,,,,,,,,,,,,,,,,,,,,
ndc_noce,NDC,No CE,a,Producer regions,Cement,Cement,2019,161.832199997759,Mt/yr,plotted,"[""Production|Non-Metallic Minerals|Cement""]",fig02_leading_producers,baseline_noce,2050.0,Gulf & Iran,4.0,4.0,"[""MEA""]",,,,,,,,,,,,,,,,,,,,,
ndc_noce,NDC,No CE,a,Producer regions,Cement,Cement,2050,218.635303202511,Mt/yr,plotted,"[""Production|Non-Metallic Minerals|Cement""]",fig02_leading_producers,baseline_noce,2050.0,Gulf & Iran,4.0,4.0,"[""MEA""]",,,,,,,,,,,,,,,,,,,,,
ndc_noce,NDC,No CE,a,Producer regions,Cement,Cement,2019,88.6989999980088,Mt/yr,plotted,"[""Production|Non-Metallic Minerals|Cement""]",fig02_leading_producers,baseline_noce,2050.0,Other South Asia,5.0,5.0,"[""ASO""]",,,,,,,,,,,,,,,,,,,,,
ndc_noce,NDC,No CE,a,Producer regions,Cement,Cement,2050,202.499818183405,Mt/yr,plotted,"[""Production|Non-Metallic Minerals|Cement""]",fig02_leading_producers,baseline_noce,2050.0,Other South Asia,5.0,5.0,"[""ASO""]",,,,,,,,,,,,,,,,,,,,,
ndc_noce,NDC,No CE,a,Producer regions,Cement,Cement,2019,206.0375999892213,Mt/yr,plotted,"[""Production|Non-Metallic Minerals|Cement""]",fig02_leading_producers,baseline_noce,2050.0,Europe,6.0,6.0,"[""ENE"", ""ENW"", ""EUE"", ""EUM"", ""EUW""]",,,,,,,,,,,,,,,,,,,,,
ndc_noce,NDC,No CE,a,Producer regions,Cement,Cement,2050,198.6868363746056,Mt/yr,plotted,"[""Production|Non-Metallic Minerals|Cement""]",fig02_leading_producers,baseline_noce,2050.0,Europe,6.0,6.0,"[""ENE"", ""ENW"", ""EUE"", ""EUM"", ""EUW""]",,,,,,,,,,,,,,,,,,,,,
ndc_noce,NDC,No CE,a,Producer regions,Cement,Cement,2019,99.4559999978603,Mt/yr,plotted,"[""Production|Non-Metallic Minerals|Cement""]",fig02_leading_producers,baseline_noce,2050.0,Northern Africa,7.0,7.0,"[""AFN""]",,,,,,,,,,,,,,,,,,,,,
ndc_noce,NDC,No CE,a,Producer regions,Cement,Cement,2050,135.359617195832,Mt/yr,plotted,"[""Production|Non-Metallic Minerals|Cement""]",fig02_leading_producers,baseline_noce,2050.0,Northern Africa,7.0,7.0,"[""AFN""]",,,,,,,,,,,,,,,,,,,,,
ndc_noce,NDC,No CE,a,Producer regions,Cement,Cement,2019,85.081199997775,Mt/yr,plotted,"[""Production|Non-Metallic Minerals|Cement""]",fig02_leading_producers,baseline_noce,2050.0,Other Asia–Pacific,8.0,8.0,"[""ASE""]",,,,,,,,,,,,,,,,,,,,,
ndc_noce,NDC,No CE,a,Producer regions,Cement,Cement,2050,128.812937605491,Mt/yr,plotted,"[""Production|Non-Metallic Minerals|Cement""]",fig02_leading_producers,baseline_noce,2050.0,Other Asia–Pacific,8.0,8.0,"[""ASE""]",,,,,,,,,,,,,,,,,,,,,
ndc_noce,NDC,No CE,a,Producer regions,Cement,Cement,2019,70.8392999978275,Mt/yr,plotted,"[""Production|Non-Metallic Minerals|Cement""]",fig02_leading_producers,baseline_noce,2050.0,Turkey & Levant,9.0,9.0,"[""MDA""]",,,,,,,,,,,,,,,,,,,,,
ndc_noce,NDC,No CE,a,Producer regions,Cement,Cement,2050,104.629647292629,Mt/yr,plotted,"[""Production|Non-Metallic Minerals|Cement""]",fig02_leading_producers,baseline_noce,2050.0,Turkey & Levant,9.0,9.0,"[""MDA""]",,,,,,,,,,,,,,,,,,,,,
ndc_noce,NDC,No CE,a,Producer regions,Cement,Cement,2019,88.0999999977914,Mt/yr,plotted,"[""Production|Non-Metallic Minerals|Cement""]",fig02_leading_producers,baseline_noce,2050.0,United States,10.0,10.0,"[""USA""]",,,,,,,,,,,,,,,,,,,,,
ndc_noce,NDC,No CE,a,Producer regions,Cement,Cement,2050,99.3768001612069,Mt/yr,plotted,"[""Production|Non-Metallic Minerals|Cement""]",fig02_leading_producers,baseline_noce,2050.0,United States,10.0,10.0,"[""USA""]",,,,,,,,,,,,,,,,,,,,,
ndc_noce,NDC,No CE,a,Producer regions,Cement,Cement,2019,66.1435999978778,Mt/yr,plotted,"[""Production|Non-Metallic Minerals|Cement""]",fig02_leading_producers,baseline_noce,2050.0,Other Latin America,11.0,11.0,"[""LAM""]",,,,,,,,,,,,,,,,,,,,,
ndc_noce,NDC,No CE,a,Producer regions,Cement,Cement,2050,97.0326623605222,Mt/yr,plotted,"[""Production|Non-Metallic Minerals|Cement""]",fig02_leading_producers,baseline_noce,2050.0,Other Latin America,11.0,11.0,"[""LAM""]",,,,,,,,,,,,,,,,,,,,,
ndc_noce,NDC,No CE,a,Producer regions,Cement,Cement,2019,26.2281999978476,Mt/yr,plotted,"[""Production|Non-Metallic Minerals|Cement""]",fig02_leading_producers,baseline_noce,2050.0,Eastern Africa,12.0,12.0,"[""AFE""]",,,,,,,,,,,,,,,,,,,,,
ndc_noce,NDC,No CE,a,Producer regions,Cement,Cement,2050,78.2124932951709,Mt/yr,plotted,"[""Production|Non-Metallic Minerals|Cement""]",fig02_leading_producers,baseline_noce,2050.0,Eastern Africa,12.0,12.0,"[""AFE""]",,,,,,,,,,,,,,,,,,,,,
ndc_noce,NDC,No CE,a,Producer regions,Cement,Cement,2019,407.7592369757163,Mt/yr,plotted,"[""Production|Non-Metallic Minerals|Cement""]",fig02_leading_producers,baseline_noce,2050.0,Other model regions,,13.0,"[""CAN"", ""MEX"", ""BRA"", ""CHL"", ""ANZ"", ""JPN"", ""SKT"", ""RUS"", ""ASC"", ""AFW"", ""AFZ"", ""NIG""]",,,,,,,,,,,,,,,,,,,,,
ndc_noce,NDC,No CE,a,Producer regions,Cement,Cement,2050,522.3280200723136,Mt/yr,plotted,"[""Production|Non-Metallic Minerals|Cement""]",fig02_leading_producers,baseline_noce,2050.0,Other model regions,,13.0,"[""CAN"", ""MEX"", ""BRA"", ""CHL"", ""ANZ"", ""JPN"", ""SKT"", ""RUS"", ""ASC"", ""AFW"", ""AFZ"", ""NIG""]",,,,,,,,,,,,,,,,,,,,,
ndc_noce,NDC,No CE,a,Selected producers,Cement,Selected producer coverage,2019,90.2947033277263,%,context,"[""Production|Non-Metallic Minerals|Cement""]",fig02_leading_producers,baseline_noce,2050.0,Selected producers,,,"[""CHN"", ""IND"", ""IDN"", ""MEA"", ""ASO"", ""ENE"", ""ENW"", ""EUE"", ""EUM"", ""EUW"", ""AFN"", ""ASE"", ""MDA"", ""USA"", ""LAM"", ""AFE""]",,,,,,,,,,,,,,,,,,,,,
ndc_noce,NDC,No CE,a,Selected producers,Cement,Selected producer coverage,2024,89.0648927414148,%,context,"[""Production|Non-Metallic Minerals|Cement""]",fig02_leading_producers,baseline_noce,2050.0,Selected producers,,,"[""CHN"", ""IND"", ""IDN"", ""MEA"", ""ASO"", ""ENE"", ""ENW"", ""EUE"", ""EUM"", ""EUW"", ""AFN"", ""ASE"", ""MDA"", ""USA"", ""LAM"", ""AFE""]",,,,,,,,,,,,,,,,,,,,,
ndc_noce,NDC,No CE,a,Selected producers,Cement,Selected producer coverage,2030,88.17780321892384,%,context,"[""Production|Non-Metallic Minerals|Cement""]",fig02_leading_producers,baseline_noce,2050.0,Selected producers,,,"[""CHN"", ""IND"", ""IDN"", ""MEA"", ""ASO"", ""ENE"", ""ENW"", ""EUE"", ""EUM"", ""EUW"", ""AFN"", ""ASE"", ""MDA"", ""USA"", ""LAM"", ""AFE""]",,,,,,,,,,,,,,,,,,,,,
ndc_noce,NDC,No CE,a,Selected producers,Cement,Selected producer coverage,2035,87.35506722445089,%,context,"[""Production|Non-Metallic Minerals|Cement""]",fig02_leading_producers,baseline_noce,2050.0,Selected producers,,,"[""CHN"", ""IND"", ""IDN"", ""MEA"", ""ASO"", ""ENE"", ""ENW"", ""EUE"", ""EUM"", ""EUW"", ""AFN"", ""ASE"", ""MDA"", ""USA"", ""LAM"", ""AFE""]",,,,,,,,,,,,,,,,,,,,,
ndc_noce,NDC,No CE,a,Selected producers,Cement,Selected producer coverage,2040,86.80677307269069,%,context,"[""Production|Non-Metallic Minerals|Cement""]",fig02_leading_producers,baseline_noce,2050.0,Selected producers,,,"[""CHN"", ""IND"", ""IDN"", ""MEA"", ""ASO"", ""ENE"", ""ENW"", ""EUE"", ""EUM"", ""EUW"", ""AFN"", ""ASE"", ""MDA"", ""USA"", ""LAM"", ""AFE""]",,,,,,,,,,,,,,,,,,,,,
ndc_noce,NDC,No CE,a,Selected producers,Cement,Selected producer coverage,2050,85.72927277411573,%,context,"[""Production|Non-Metallic Minerals|Cement""]",fig02_leading_producers,baseline_noce,2050.0,Selected producers,,,"[""CHN"", ""IND"", ""IDN"", ""MEA"", ""ASO"", ""ENE"", ""ENW"", ""EUE"", ""EUM"", ""EUW"", ""AFN"", ""ASE"", ""MDA"", ""USA"", ""LAM"", ""AFE""]",,,,,,,,,,,,,,,,,,,,,
baseline_noce,NDC+LTT,No CE,a,Producer regions,Cement,Cement,2019,2357.17696299718,Mt/yr,plotted,"[""Production|Non-Metallic Minerals|Cement""]",fig02_leading_producers,baseline_noce,2050.0,China region,1.0,1.0,"[""CHN""]",,,,,,,,,,,,,,,,,,,,,
baseline_noce,NDC+LTT,No CE,a,Producer regions,Cement,Cement,2050,940.513607988705,Mt/yr,plotted,"[""Production|Non-Metallic Minerals|Cement""]",fig02_leading_producers,baseline_noce,2050.0,China region,1.0,1.0,"[""CHN""]",,,,,,,,,,,,,,,,,,,,,
baseline_noce,NDC+LTT,No CE,a,Producer regions,Cement,Cement,2019,338.922999997768,Mt/yr,plotted,"[""Production|Non-Metallic Minerals|Cement""]",fig02_leading_producers,baseline_noce,2050.0,India,2.0,2.0,"[""IND""]",,,,,,,,,,,,,,,,,,,,,
baseline_noce,NDC+LTT,No CE,a,Producer regions,Cement,Cement,2050,678.862769001465,Mt/yr,plotted,"[""Production|Non-Metallic Minerals|Cement""]",fig02_leading_producers,baseline_noce,2050.0,India,2.0,2.0,"[""IND""]",,,,,,,,,,,,,,,,,,,,,
baseline_noce,NDC+LTT,No CE,a,Producer regions,Cement,Cement,2019,205.1329999978,Mt/yr,plotted,"[""Production|Non-Metallic Minerals|Cement""]",fig02_leading_producers,baseline_noce,2050.0,Indonesia group,3.0,3.0,"[""IDN""]",,,,,,,,,,,,,,,,,,,,,
baseline_noce,NDC+LTT,No CE,a,Producer regions,Cement,Cement,2050,255.185452031926,Mt/yr,plotted,"[""Production|Non-Metallic Minerals|Cement""]",fig02_leading_producers,baseline_noce,2050.0,Indonesia group,3.0,3.0,"[""IDN""]",,,,,,,,,,,,,,,,,,,,,
baseline_noce,NDC+LTT,No CE,a,Producer regions,Cement,Cement,2019,161.832199997759,Mt/yr,plotted,"[""Production|Non-Metallic Minerals|Cement""]",fig02_leading_producers,baseline_noce,2050.0,Gulf & Iran,4.0,4.0,"[""MEA""]",,,,,,,,,,,,,,,,,,,,,
baseline_noce,NDC+LTT,No CE,a,Producer regions,Cement,Cement,2050,218.635302203846,Mt/yr,plotted,"[""Production|Non-Metallic Minerals|Cement""]",fig02_leading_producers,baseline_noce,2050.0,Gulf & Iran,4.0,4.0,"[""MEA""]",,,,,,,,,,,,,,,,,,,,,
baseline_noce,NDC+LTT,No CE,a,Producer regions,Cement,Cement,2019,88.6989999980088,Mt/yr,plotted,"[""Production|Non-Metallic Minerals|Cement""]",fig02_leading_producers,baseline_noce,2050.0,Other South Asia,5.0,5.0,"[""ASO""]",,,,,,,,,,,,,,,,,,,,,
baseline_noce,NDC+LTT,No CE,a,Producer regions,Cement,Cement,2050,202.499816997962,Mt/yr,plotted,"[""Production|Non-Metallic Minerals|Cement""]",fig02_leading_producers,baseline_noce,2050.0,Other South Asia,5.0,5.0,"[""ASO""]",,,,,,,,,,,,,,,,,,,,,
baseline_noce,NDC+LTT,No CE,a,Producer regions,Cement,Cement,2019,206.0375999892213,Mt/yr,plotted,"[""Production|Non-Metallic Minerals|Cement""]",fig02_leading_producers,baseline_noce,2050.0,Europe,6.0,6.0,"[""ENE"", ""ENW"", ""EUE"", ""EUM"", ""EUW""]",,,,,,,,,,,,,,,,,,,,,
baseline_noce,NDC+LTT,No CE,a,Producer regions,Cement,Cement,2050,198.6868325113928,Mt/yr,plotted,"[""Production|Non-Metallic Minerals|Cement""]",fig02_leading_producers,baseline_noce,2050.0,Europe,6.0,6.0,"[""ENE"", ""ENW"", ""EUE"", ""EUM"", ""EUW""]",,,,,,,,,,,,,,,,,,,,,
baseline_noce,NDC+LTT,No CE,a,Producer regions,Cement,Cement,2019,99.4559999978603,Mt/yr,plotted,"[""Production|Non-Metallic Minerals|Cement""]",fig02_leading_producers,baseline_noce,2050.0,Northern Africa,7.0,7.0,"[""AFN""]",,,,,,,,,,,,,,,,,,,,,
baseline_noce,NDC+LTT,No CE,a,Producer regions,Cement,Cement,2050,135.359616001031,Mt/yr,plotted,"[""Production|Non-Metallic Minerals|Cement""]",fig02_leading_producers,baseline_noce,2050.0,Northern Africa,7.0,7.0,"[""AFN""]",,,,,,,,,,,,,,,,,,,,,
baseline_noce,NDC+LTT,No CE,a,Producer regions,Cement,Cement,2019,85.081199997775,Mt/yr,plotted,"[""Production|Non-Metallic Minerals|Cement""]",fig02_leading_producers,baseline_noce,2050.0,Other Asia–Pacific,8.0,8.0,"[""ASE""]",,,,,,,,,,,,,,,,,,,,,
baseline_noce,NDC+LTT,No CE,a,Producer regions,Cement,Cement,2050,128.812936813576,Mt/yr,plotted,"[""Production|Non-Metallic Minerals|Cement""]",fig02_leading_producers,baseline_noce,2050.0,Other Asia–Pacific,8.0,8.0,"[""ASE""]",,,,,,,,,,,,,,,,,,,,,
baseline_noce,NDC+LTT,No CE,a,Producer regions,Cement,Cement,2019,70.8392999978275,Mt/yr,plotted,"[""Production|Non-Metallic Minerals|Cement""]",fig02_leading_producers,baseline_noce,2050.0,Turkey & Levant,9.0,9.0,"[""MDA""]",,,,,,,,,,,,,,,,,,,,,
baseline_noce,NDC+LTT,No CE,a,Producer regions,Cement,Cement,2050,104.629646096887,Mt/yr,plotted,"[""Production|Non-Metallic Minerals|Cement""]",fig02_leading_producers,baseline_noce,2050.0,Turkey & Levant,9.0,9.0,"[""MDA""]",,,,,,,,,,,,,,,,,,,,,
baseline_noce,NDC+LTT,No CE,a,Producer regions,Cement,Cement,2019,88.0999999977914,Mt/yr,plotted,"[""Production|Non-Metallic Minerals|Cement""]",fig02_leading_producers,baseline_noce,2050.0,United States,10.0,10.0,"[""USA""]",,,,,,,,,,,,,,,,,,,,,
baseline_noce,NDC+LTT,No CE,a,Producer regions,Cement,Cement,2050,99.3768000124692,Mt/yr,plotted,"[""Production|Non-Metallic Minerals|Cement""]",fig02_leading_producers,baseline_noce,2050.0,United States,10.0,10.0,"[""USA""]",,,,,,,,,,,,,,,,,,,,,
baseline_noce,NDC+LTT,No CE,a,Producer regions,Cement,Cement,2019,66.1435999978778,Mt/yr,plotted,"[""Production|Non-Metallic Minerals|Cement""]",fig02_leading_producers,baseline_noce,2050.0,Other Latin America,11.0,11.0,"[""LAM""]",,,,,,,,,,,,,,,,,,,,,
baseline_noce,NDC+LTT,No CE,a,Producer regions,Cement,Cement,2050,97.0326612008168,Mt/yr,plotted,"[""Production|Non-Metallic Minerals|Cement""]",fig02_leading_producers,baseline_noce,2050.0,Other Latin America,11.0,11.0,"[""LAM""]",,,,,,,,,,,,,,,,,,,,,
baseline_noce,NDC+LTT,No CE,a,Producer regions,Cement,Cement,2019,26.2281999978476,Mt/yr,plotted,"[""Production|Non-Metallic Minerals|Cement""]",fig02_leading_producers,baseline_noce,2050.0,Eastern Africa,12.0,12.0,"[""AFE""]",,,,,,,,,,,,,,,,,,,,,
baseline_noce,NDC+LTT,No CE,a,Producer regions,Cement,Cement,2050,78.212492403725,Mt/yr,plotted,"[""Production|Non-Metallic Minerals|Cement""]",fig02_leading_producers,baseline_noce,2050.0,Eastern Africa,12.0,12.0,"[""AFE""]",,,,,,,,,,,,,,,,,,,,,
baseline_noce,NDC+LTT,No CE,a,Producer regions,Cement,Cement,2019,407.7592369757163,Mt/yr,plotted,"[""Production|Non-Metallic Minerals|Cement""]",fig02_leading_producers,baseline_noce,2050.0,Other model regions,,13.0,"[""CAN"", ""MEX"", ""BRA"", ""CHL"", ""ANZ"", ""JPN"", ""SKT"", ""RUS"", ""ASC"", ""AFW"", ""AFZ"", ""NIG""]",,,,,,,,,,,,,,,,,,,,,
baseline_noce,NDC+LTT,No CE,a,Producer regions,Cement,Cement,2050,522.328009160022,Mt/yr,plotted,"[""Production|Non-Metallic Minerals|Cement""]",fig02_leading_producers,baseline_noce,2050.0,Other model regions,,13.0,"[""CAN"", ""MEX"", ""BRA"", ""CHL"", ""ANZ"", ""JPN"", ""SKT"", ""RUS"", ""ASC"", ""AFW"", ""AFZ"", ""NIG""]",,,,,,,,,,,,,,,,,,,,,
baseline_noce,NDC+LTT,No CE,a,Selected producers,Cement,Selected producer coverage,2019,90.2947033277263,%,context,"[""Production|Non-Metallic Minerals|Cement""]",fig02_leading_producers,baseline_noce,2050.0,Selected producers,,,"[""CHN"", ""IND"", ""IDN"", ""MEA"", ""ASO"", ""ENE"", ""ENW"", ""EUE"", ""EUM"", ""EUW"", ""AFN"", ""ASE"", ""MDA"", ""USA"", ""LAM"", ""AFE""]",,,,,,,,,,,,,,,,,,,,,
baseline_noce,NDC+LTT,No CE,a,Selected producers,Cement,Selected producer coverage,2024,89.0648927414148,%,context,"[""Production|Non-Metallic Minerals|Cement""]",fig02_leading_producers,baseline_noce,2050.0,Selected producers,,,"[""CHN"", ""IND"", ""IDN"", ""MEA"", ""ASO"", ""ENE"", ""ENW"", ""EUE"", ""EUM"", ""EUW"", ""AFN"", ""ASE"", ""MDA"", ""USA"", ""LAM"", ""AFE""]",,,,,,,,,,,,,,,,,,,,,
baseline_noce,NDC+LTT,No CE,a,Selected producers,Cement,Selected producer coverage,2030,88.17780333669639,%,context,"[""Production|Non-Metallic Minerals|Cement""]",fig02_leading_producers,baseline_noce,2050.0,Selected producers,,,"[""CHN"", ""IND"", ""IDN"", ""MEA"", ""ASO"", ""ENE"", ""ENW"", ""EUE"", ""EUM"", ""EUW"", ""AFN"", ""ASE"", ""MDA"", ""USA"", ""LAM"", ""AFE""]",,,,,,,,,,,,,,,,,,,,,
baseline_noce,NDC+LTT,No CE,a,Selected producers,Cement,Selected producer coverage,2035,87.35506737859555,%,context,"[""Production|Non-Metallic Minerals|Cement""]",fig02_leading_producers,baseline_noce,2050.0,Selected producers,,,"[""CHN"", ""IND"", ""IDN"", ""MEA"", ""ASO"", ""ENE"", ""ENW"", ""EUE"", ""EUM"", ""EUW"", ""AFN"", ""ASE"", ""MDA"", ""USA"", ""LAM"", ""AFE""]",,,,,,,,,,,,,,,,,,,,,
baseline_noce,NDC+LTT,No CE,a,Selected producers,Cement,Selected producer coverage,2040,86.80677320286175,%,context,"[""Production|Non-Metallic Minerals|Cement""]",fig02_leading_producers,baseline_noce,2050.0,Selected producers,,,"[""CHN"", ""IND"", ""IDN"", ""MEA"", ""ASO"", ""ENE"", ""ENW"", ""EUE"", ""EUM"", ""EUW"", ""AFN"", ""ASE"", ""MDA"", ""USA"", ""LAM"", ""AFE""]",,,,,,,,,,,,,,,,,,,,,
baseline_noce,NDC+LTT,No CE,a,Selected producers,Cement,Selected producer coverage,2050,85.72927297301081,%,context,"[""Production|Non-Metallic Minerals|Cement""]",fig02_leading_producers,baseline_noce,2050.0,Selected producers,,,"[""CHN"", ""IND"", ""IDN"", ""MEA"", ""ASO"", ""ENE"", ""ENW"", ""EUE"", ""EUM"", ""EUW"", ""AFN"", ""ASE"", ""MDA"", ""USA"", ""LAM"", ""AFE""]",,,,,,,,,,,,,,,,,,,,,
ndc_noce,NDC,No CE,b,Producer regions,Iron and steel,Total,2019,948.2701578582521,Mt/yr,plotted,"[""Production|Iron and Steel|Primary"", ""Production|Iron and Steel|Secondary""]",fig02_leading_producers,baseline_noce,2050.0,China region,1.0,1.0,"[""CHN""]",,,,,,,,,,,,,,,,,,,,,
ndc_noce,NDC,No CE,b,Producer regions,Iron and steel,Total,2050,796.5469360049549,Mt/yr,plotted,"[""Production|Iron and Steel|Primary"", ""Production|Iron and Steel|Secondary""]",fig02_leading_producers,baseline_noce,2050.0,China region,1.0,1.0,"[""CHN""]",,,,,,,,,,,,,,,,,,,,,
ndc_noce,NDC,No CE,b,Producer regions,Iron and steel,Total,2019,104.7509878412537,Mt/yr,plotted,"[""Production|Iron and Steel|Primary"", ""Production|Iron and Steel|Secondary""]",fig02_leading_producers,baseline_noce,2050.0,India,2.0,2.0,"[""IND""]",,,,,,,,,,,,,,,,,,,,,
ndc_noce,NDC,No CE,b,Producer regions,Iron and steel,Total,2050,749.912325125238,Mt/yr,plotted,"[""Production|Iron and Steel|Primary"", ""Production|Iron and Steel|Secondary""]",fig02_leading_producers,baseline_noce,2050.0,India,2.0,2.0,"[""IND""]",,,,,,,,,,,,,,,,,,,,,
ndc_noce,NDC,No CE,b,Producer regions,Iron and steel,Total,2019,202.59573381823873,Mt/yr,plotted,"[""Production|Iron and Steel|Primary"", ""Production|Iron and Steel|Secondary""]",fig02_leading_producers,baseline_noce,2050.0,Europe,3.0,3.0,"[""ENE"", ""ENW"", ""EUE"", ""EUM"", ""EUW""]",,,,,,,,,,,,,,,,,,,,,
ndc_noce,NDC,No CE,b,Producer regions,Iron and steel,Total,2050,98.0484818755622,Mt/yr,plotted,"[""Production|Iron and Steel|Primary"", ""Production|Iron and Steel|Secondary""]",fig02_leading_producers,baseline_noce,2050.0,Europe,3.0,3.0,"[""ENE"", ""ENW"", ""EUE"", ""EUM"", ""EUW""]",,,,,,,,,,,,,,,,,,,,,
ndc_noce,NDC,No CE,b,Producer regions,Iron and steel,Total,2019,31.608432953420397,Mt/yr,plotted,"[""Production|Iron and Steel|Primary"", ""Production|Iron and Steel|Secondary""]",fig02_leading_producers,baseline_noce,2050.0,Brazil,4.0,4.0,"[""BRA""]",,,,,,,,,,,,,,,,,,,,,
ndc_noce,NDC,No CE,b,Producer regions,Iron and steel,Total,2050,72.6677916330759,Mt/yr,plotted,"[""Production|Iron and Steel|Primary"", ""Production|Iron and Steel|Secondary""]",fig02_leading_producers,baseline_noce,2050.0,Brazil,4.0,4.0,"[""BRA""]",,,,,,,,,,,,,,,,,,,,,
ndc_noce,NDC,No CE,b,Producer regions,Iron and steel,Total,2019,102.44869842908881,Mt/yr,plotted,"[""Production|Iron and Steel|Primary"", ""Production|Iron and Steel|Secondary""]",fig02_leading_producers,baseline_noce,2050.0,Japan,5.0,5.0,"[""JPN""]",,,,,,,,,,,,,,,,,,,,,
ndc_noce,NDC,No CE,b,Producer regions,Iron and steel,Total,2050,69.05042508945729,Mt/yr,plotted,"[""Production|Iron and Steel|Primary"", ""Production|Iron and Steel|Secondary""]",fig02_leading_producers,baseline_noce,2050.0,Japan,5.0,5.0,"[""JPN""]",,,,,,,,,,,,,,,,,,,,,
ndc_noce,NDC,No CE,b,Producer regions,Iron and steel,Total,2019,75.7816577158891,Mt/yr,plotted,"[""Production|Iron and Steel|Primary"", ""Production|Iron and Steel|Secondary""]",fig02_leading_producers,baseline_noce,2050.0,Russia,6.0,6.0,"[""RUS""]",,,,,,,,,,,,,,,,,,,,,
ndc_noce,NDC,No CE,b,Producer regions,Iron and steel,Total,2050,64.1870667408406,Mt/yr,plotted,"[""Production|Iron and Steel|Primary"", ""Production|Iron and Steel|Secondary""]",fig02_leading_producers,baseline_noce,2050.0,Russia,6.0,6.0,"[""RUS""]",,,,,,,,,,,,,,,,,,,,,
ndc_noce,NDC,No CE,b,Producer regions,Iron and steel,Total,2019,86.7126257604092,Mt/yr,plotted,"[""Production|Iron and Steel|Primary"", ""Production|Iron and Steel|Secondary""]",fig02_leading_producers,baseline_noce,2050.0,United States,7.0,7.0,"[""USA""]",,,,,,,,,,,,,,,,,,,,,
ndc_noce,NDC,No CE,b,Producer regions,Iron and steel,Total,2050,50.90031435103735,Mt/yr,plotted,"[""Production|Iron and Steel|Primary"", ""Production|Iron and Steel|Secondary""]",fig02_leading_producers,baseline_noce,2050.0,United States,7.0,7.0,"[""USA""]",,,,,,,,,,,,,,,,,,,,,
ndc_noce,NDC,No CE,b,Producer regions,Iron and steel,Total,2019,69.3145074752365,Mt/yr,plotted,"[""Production|Iron and Steel|Primary"", ""Production|Iron and Steel|Secondary""]",fig02_leading_producers,baseline_noce,2050.0,South Korea,8.0,8.0,"[""SKT""]",,,,,,,,,,,,,,,,,,,,,
ndc_noce,NDC,No CE,b,Producer regions,Iron and steel,Total,2050,43.5988279575382,Mt/yr,plotted,"[""Production|Iron and Steel|Primary"", ""Production|Iron and Steel|Secondary""]",fig02_leading_producers,baseline_noce,2050.0,South Korea,8.0,8.0,"[""SKT""]",,,,,,,,,,,,,,,,,,,,,
ndc_noce,NDC,No CE,b,Producer regions,Iron and steel,Total,2019,20.38263213914522,Mt/yr,plotted,"[""Production|Iron and Steel|Primary"", ""Production|Iron and Steel|Secondary""]",fig02_leading_producers,baseline_noce,2050.0,Turkey & Levant,9.0,9.0,"[""MDA""]",,,,,,,,,,,,,,,,,,,,,
ndc_noce,NDC,No CE,b,Producer regions,Iron and steel,Total,2050,39.0327438840528,Mt/yr,plotted,"[""Production|Iron and Steel|Primary"", ""Production|Iron and Steel|Secondary""]",fig02_leading_producers,baseline_noce,2050.0,Turkey & Levant,9.0,9.0,"[""MDA""]",,,,,,,,,,,,,,,,,,,,,
ndc_noce,NDC,No CE,b,Producer regions,Iron and steel,Total,2019,18.99695005129331,Mt/yr,plotted,"[""Production|Iron and Steel|Primary"", ""Production|Iron and Steel|Secondary""]",fig02_leading_producers,baseline_noce,2050.0,Indonesia group,10.0,10.0,"[""IDN""]",,,,,,,,,,,,,,,,,,,,,
ndc_noce,NDC,No CE,b,Producer regions,Iron and steel,Total,2050,34.06153542476862,Mt/yr,plotted,"[""Production|Iron and Steel|Primary"", ""Production|Iron and Steel|Secondary""]",fig02_leading_producers,baseline_noce,2050.0,Indonesia group,10.0,10.0,"[""IDN""]",,,,,,,,,,,,,,,,,,,,,
ndc_noce,NDC,No CE,b,Producer regions,Iron and steel,Total,2019,18.76949401900283,Mt/yr,plotted,"[""Production|Iron and Steel|Primary"", ""Production|Iron and Steel|Secondary""]",fig02_leading_producers,baseline_noce,2050.0,Gulf & Iran,11.0,11.0,"[""MEA""]",,,,,,,,,,,,,,,,,,,,,
ndc_noce,NDC,No CE,b,Producer regions,Iron and steel,Total,2050,30.8758200079798,Mt/yr,plotted,"[""Production|Iron and Steel|Primary"", ""Production|Iron and Steel|Secondary""]",fig02_leading_producers,baseline_noce,2050.0,Gulf & Iran,11.0,11.0,"[""MEA""]",,,,,,,,,,,,,,,,,,,,,
ndc_noce,NDC,No CE,b,Producer regions,Iron and steel,Total,2019,10.039200444466541,Mt/yr,plotted,"[""Production|Iron and Steel|Primary"", ""Production|Iron and Steel|Secondary""]",fig02_leading_producers,baseline_noce,2050.0,Other Latin America,12.0,12.0,"[""LAM""]",,,,,,,,,,,,,,,,,,,,,
ndc_noce,NDC,No CE,b,Producer regions,Iron and steel,Total,2050,30.107564269954743,Mt/yr,plotted,"[""Production|Iron and Steel|Primary"", ""Production|Iron and Steel|Secondary""]",fig02_leading_producers,baseline_noce,2050.0,Other Latin America,12.0,12.0,"[""LAM""]",,,,,,,,,,,,,,,,,,,,,
ndc_noce,NDC,No CE,b,Producer regions,Iron and steel,Total,2019,65.04047272715546,Mt/yr,plotted,"[""Production|Iron and Steel|Primary"", ""Production|Iron and Steel|Secondary""]",fig02_leading_producers,baseline_noce,2050.0,Other model regions,,13.0,"[""CAN"", ""MEX"", ""CHL"", ""ANZ"", ""ASE"", ""ASO"", ""ASC"", ""AFE"", ""AFN"", ""AFW"", ""AFZ"", ""NIG""]",,,,,,,,,,,,,,,,,,,,,
ndc_noce,NDC,No CE,b,Producer regions,Iron and steel,Total,2050,107.93994072051017,Mt/yr,plotted,"[""Production|Iron and Steel|Primary"", ""Production|Iron and Steel|Secondary""]",fig02_leading_producers,baseline_noce,2050.0,Other model regions,,13.0,"[""CAN"", ""MEX"", ""CHL"", ""ANZ"", ""ASE"", ""ASO"", ""ASC"", ""AFE"", ""AFN"", ""AFW"", ""AFZ"", ""NIG""]",,,,,,,,,,,,,,,,,,,,,
ndc_noce,NDC,No CE,b,Selected producers,Iron and steel,Selected producer coverage,2019,96.29338094449439,%,context,"[""Production|Iron and Steel|Primary"", ""Production|Iron and Steel|Secondary""]",fig02_leading_producers,baseline_noce,2050.0,Selected producers,,,"[""CHN"", ""IND"", ""ENE"", ""ENW"", ""EUE"", ""EUM"", ""EUW"", ""BRA"", ""JPN"", ""RUS"", ""USA"", ""SKT"", ""MDA"", ""IDN"", ""MEA"", ""LAM""]",,,,,,,,,,,,,,,,,,,,,
ndc_noce,NDC,No CE,b,Selected producers,Iron and steel,Selected producer coverage,2024,96.09481509253153,%,context,"[""Production|Iron and Steel|Primary"", ""Production|Iron and Steel|Secondary""]",fig02_leading_producers,baseline_noce,2050.0,Selected producers,,,"[""CHN"", ""IND"", ""ENE"", ""ENW"", ""EUE"", ""EUM"", ""EUW"", ""BRA"", ""JPN"", ""RUS"", ""USA"", ""SKT"", ""MDA"", ""IDN"", ""MEA"", ""LAM""]",,,,,,,,,,,,,,,,,,,,,
ndc_noce,NDC,No CE,b,Selected producers,Iron and steel,Selected producer coverage,2030,95.65754553944802,%,context,"[""Production|Iron and Steel|Primary"", ""Production|Iron and Steel|Secondary""]",fig02_leading_producers,baseline_noce,2050.0,Selected producers,,,"[""CHN"", ""IND"", ""ENE"", ""ENW"", ""EUE"", ""EUM"", ""EUW"", ""BRA"", ""JPN"", ""RUS"", ""USA"", ""SKT"", ""MDA"", ""IDN"", ""MEA"", ""LAM""]",,,,,,,,,,,,,,,,,,,,,
ndc_noce,NDC,No CE,b,Selected producers,Iron and steel,Selected producer coverage,2035,95.09335315705792,%,context,"[""Production|Iron and Steel|Primary"", ""Production|Iron and Steel|Secondary""]",fig02_leading_producers,baseline_noce,2050.0,Selected producers,,,"[""CHN"", ""IND"", ""ENE"", ""ENW"", ""EUE"", ""EUM"", ""EUW"", ""BRA"", ""JPN"", ""RUS"", ""USA"", ""SKT"", ""MDA"", ""IDN"", ""MEA"", ""LAM""]",,,,,,,,,,,,,,,,,,,,,
ndc_noce,NDC,No CE,b,Selected producers,Iron and steel,Selected producer coverage,2040,94.85648706481122,%,context,"[""Production|Iron and Steel|Primary"", ""Production|Iron and Steel|Secondary""]",fig02_leading_producers,baseline_noce,2050.0,Selected producers,,,"[""CHN"", ""IND"", ""ENE"", ""ENW"", ""EUE"", ""EUM"", ""EUW"", ""BRA"", ""JPN"", ""RUS"", ""USA"", ""SKT"", ""MDA"", ""IDN"", ""MEA"", ""LAM""]",,,,,,,,,,,,,,,,,,,,,
ndc_noce,NDC,No CE,b,Selected producers,Iron and steel,Selected producer coverage,2050,95.06431609972341,%,context,"[""Production|Iron and Steel|Primary"", ""Production|Iron and Steel|Secondary""]",fig02_leading_producers,baseline_noce,2050.0,Selected producers,,,"[""CHN"", ""IND"", ""ENE"", ""ENW"", ""EUE"", ""EUM"", ""EUW"", ""BRA"", ""JPN"", ""RUS"", ""USA"", ""SKT"", ""MDA"", ""IDN"", ""MEA"", ""LAM""]",,,,,,,,,,,,,,,,,,,,,
baseline_noce,NDC+LTT,No CE,b,Producer regions,Iron and steel,Total,2019,948.2701578582521,Mt/yr,plotted,"[""Production|Iron and Steel|Primary"", ""Production|Iron and Steel|Secondary""]",fig02_leading_producers,baseline_noce,2050.0,China region,1.0,1.0,"[""CHN""]",,,,,,,,,,,,,,,,,,,,,
baseline_noce,NDC+LTT,No CE,b,Producer regions,Iron and steel,Total,2050,796.546932491431,Mt/yr,plotted,"[""Production|Iron and Steel|Primary"", ""Production|Iron and Steel|Secondary""]",fig02_leading_producers,baseline_noce,2050.0,China region,1.0,1.0,"[""CHN""]",,,,,,,,,,,,,,,,,,,,,
baseline_noce,NDC+LTT,No CE,b,Producer regions,Iron and steel,Total,2019,104.7509878412537,Mt/yr,plotted,"[""Production|Iron and Steel|Primary"", ""Production|Iron and Steel|Secondary""]",fig02_leading_producers,baseline_noce,2050.0,India,2.0,2.0,"[""IND""]",,,,,,,,,,,,,,,,,,,,,
baseline_noce,NDC+LTT,No CE,b,Producer regions,Iron and steel,Total,2050,749.912321099726,Mt/yr,plotted,"[""Production|Iron and Steel|Primary"", ""Production|Iron and Steel|Secondary""]",fig02_leading_producers,baseline_noce,2050.0,India,2.0,2.0,"[""IND""]",,,,,,,,,,,,,,,,,,,,,
baseline_noce,NDC+LTT,No CE,b,Producer regions,Iron and steel,Total,2019,202.59573381823873,Mt/yr,plotted,"[""Production|Iron and Steel|Primary"", ""Production|Iron and Steel|Secondary""]",fig02_leading_producers,baseline_noce,2050.0,Europe,3.0,3.0,"[""ENE"", ""ENW"", ""EUE"", ""EUM"", ""EUW""]",,,,,,,,,,,,,,,,,,,,,
baseline_noce,NDC+LTT,No CE,b,Producer regions,Iron and steel,Total,2050,98.04846925110728,Mt/yr,plotted,"[""Production|Iron and Steel|Primary"", ""Production|Iron and Steel|Secondary""]",fig02_leading_producers,baseline_noce,2050.0,Europe,3.0,3.0,"[""ENE"", ""ENW"", ""EUE"", ""EUM"", ""EUW""]",,,,,,,,,,,,,,,,,,,,,
baseline_noce,NDC+LTT,No CE,b,Producer regions,Iron and steel,Total,2019,31.608432953420397,Mt/yr,plotted,"[""Production|Iron and Steel|Primary"", ""Production|Iron and Steel|Secondary""]",fig02_leading_producers,baseline_noce,2050.0,Brazil,4.0,4.0,"[""BRA""]",,,,,,,,,,,,,,,,,,,,,
baseline_noce,NDC+LTT,No CE,b,Producer regions,Iron and steel,Total,2050,72.6677873800857,Mt/yr,plotted,"[""Production|Iron and Steel|Primary"", ""Production|Iron and Steel|Secondary""]",fig02_leading_producers,baseline_noce,2050.0,Brazil,4.0,4.0,"[""BRA""]",,,,,,,,,,,,,,,,,,,,,
baseline_noce,NDC+LTT,No CE,b,Producer regions,Iron and steel,Total,2019,102.44869842908881,Mt/yr,plotted,"[""Production|Iron and Steel|Primary"", ""Production|Iron and Steel|Secondary""]",fig02_leading_producers,baseline_noce,2050.0,Japan,5.0,5.0,"[""JPN""]",,,,,,,,,,,,,,,,,,,,,
baseline_noce,NDC+LTT,No CE,b,Producer regions,Iron and steel,Total,2050,69.05042271244578,Mt/yr,plotted,"[""Production|Iron and Steel|Primary"", ""Production|Iron and Steel|Secondary""]",fig02_leading_producers,baseline_noce,2050.0,Japan,5.0,5.0,"[""JPN""]",,,,,,,,,,,,,,,,,,,,,
baseline_noce,NDC+LTT,No CE,b,Producer regions,Iron and steel,Total,2019,75.7816577158891,Mt/yr,plotted,"[""Production|Iron and Steel|Primary"", ""Production|Iron and Steel|Secondary""]",fig02_leading_producers,baseline_noce,2050.0,Russia,6.0,6.0,"[""RUS""]",,,,,,,,,,,,,,,,,,,,,
baseline_noce,NDC+LTT,No CE,b,Producer regions,Iron and steel,Total,2050,64.1870640538941,Mt/yr,plotted,"[""Production|Iron and Steel|Primary"", ""Production|Iron and Steel|Secondary""]",fig02_leading_producers,baseline_noce,2050.0,Russia,6.0,6.0,"[""RUS""]",,,,,,,,,,,,,,,,,,,,,
baseline_noce,NDC+LTT,No CE,b,Producer regions,Iron and steel,Total,2019,86.7126257604092,Mt/yr,plotted,"[""Production|Iron and Steel|Primary"", ""Production|Iron and Steel|Secondary""]",fig02_leading_producers,baseline_noce,2050.0,United States,7.0,7.0,"[""USA""]",,,,,,,,,,,,,,,,,,,,,
baseline_noce,NDC+LTT,No CE,b,Producer regions,Iron and steel,Total,2050,50.9003112543322,Mt/yr,plotted,"[""Production|Iron and Steel|Primary"", ""Production|Iron and Steel|Secondary""]",fig02_leading_producers,baseline_noce,2050.0,United States,7.0,7.0,"[""USA""]",,,,,,,,,,,,,,,,,,,,,
baseline_noce,NDC+LTT,No CE,b,Producer regions,Iron and steel,Total,2019,69.3145074752365,Mt/yr,plotted,"[""Production|Iron and Steel|Primary"", ""Production|Iron and Steel|Secondary""]",fig02_leading_producers,baseline_noce,2050.0,South Korea,8.0,8.0,"[""SKT""]",,,,,,,,,,,,,,,,,,,,,
baseline_noce,NDC+LTT,No CE,b,Producer regions,Iron and steel,Total,2050,43.598825182875,Mt/yr,plotted,"[""Production|Iron and Steel|Primary"", ""Production|Iron and Steel|Secondary""]",fig02_leading_producers,baseline_noce,2050.0,South Korea,8.0,8.0,"[""SKT""]",,,,,,,,,,,,,,,,,,,,,
baseline_noce,NDC+LTT,No CE,b,Producer regions,Iron and steel,Total,2019,20.38263213914522,Mt/yr,plotted,"[""Production|Iron and Steel|Primary"", ""Production|Iron and Steel|Secondary""]",fig02_leading_producers,baseline_noce,2050.0,Turkey & Levant,9.0,9.0,"[""MDA""]",,,,,,,,,,,,,,,,,,,,,
baseline_noce,NDC+LTT,No CE,b,Producer regions,Iron and steel,Total,2050,39.0327405277318,Mt/yr,plotted,"[""Production|Iron and Steel|Primary"", ""Production|Iron and Steel|Secondary""]",fig02_leading_producers,baseline_noce,2050.0,Turkey & Levant,9.0,9.0,"[""MDA""]",,,,,,,,,,,,,,,,,,,,,
baseline_noce,NDC+LTT,No CE,b,Producer regions,Iron and steel,Total,2019,18.99695005129331,Mt/yr,plotted,"[""Production|Iron and Steel|Primary"", ""Production|Iron and Steel|Secondary""]",fig02_leading_producers,baseline_noce,2050.0,Indonesia group,10.0,10.0,"[""IDN""]",,,,,,,,,,,,,,,,,,,,,
baseline_noce,NDC+LTT,No CE,b,Producer regions,Iron and steel,Total,2050,34.06153139572441,Mt/yr,plotted,"[""Production|Iron and Steel|Primary"", ""Production|Iron and Steel|Secondary""]",fig02_leading_producers,baseline_noce,2050.0,Indonesia group,10.0,10.0,"[""IDN""]",,,,,,,,,,,,,,,,,,,,,
baseline_noce,NDC+LTT,No CE,b,Producer regions,Iron and steel,Total,2019,18.76949401900283,Mt/yr,plotted,"[""Production|Iron and Steel|Primary"", ""Production|Iron and Steel|Secondary""]",fig02_leading_producers,baseline_noce,2050.0,Gulf & Iran,11.0,11.0,"[""MEA""]",,,,,,,,,,,,,,,,,,,,,
baseline_noce,NDC+LTT,No CE,b,Producer regions,Iron and steel,Total,2050,30.875817655842198,Mt/yr,plotted,"[""Production|Iron and Steel|Primary"", ""Production|Iron and Steel|Secondary""]",fig02_leading_producers,baseline_noce,2050.0,Gulf & Iran,11.0,11.0,"[""MEA""]",,,,,,,,,,,,,,,,,,,,,
baseline_noce,NDC+LTT,No CE,b,Producer regions,Iron and steel,Total,2019,10.039200444466541,Mt/yr,plotted,"[""Production|Iron and Steel|Primary"", ""Production|Iron and Steel|Secondary""]",fig02_leading_producers,baseline_noce,2050.0,Other Latin America,12.0,12.0,"[""LAM""]",,,,,,,,,,,,,,,,,,,,,
baseline_noce,NDC+LTT,No CE,b,Producer regions,Iron and steel,Total,2050,30.10756211754141,Mt/yr,plotted,"[""Production|Iron and Steel|Primary"", ""Production|Iron and Steel|Secondary""]",fig02_leading_producers,baseline_noce,2050.0,Other Latin America,12.0,12.0,"[""LAM""]",,,,,,,,,,,,,,,,,,,,,
baseline_noce,NDC+LTT,No CE,b,Producer regions,Iron and steel,Total,2019,65.04047272715546,Mt/yr,plotted,"[""Production|Iron and Steel|Primary"", ""Production|Iron and Steel|Secondary""]",fig02_leading_producers,baseline_noce,2050.0,Other model regions,,13.0,"[""CAN"", ""MEX"", ""CHL"", ""ANZ"", ""ASE"", ""ASO"", ""ASC"", ""AFE"", ""AFN"", ""AFW"", ""AFZ"", ""NIG""]",,,,,,,,,,,,,,,,,,,,,
baseline_noce,NDC+LTT,No CE,b,Producer regions,Iron and steel,Total,2050,107.93990598051575,Mt/yr,plotted,"[""Production|Iron and Steel|Primary"", ""Production|Iron and Steel|Secondary""]",fig02_leading_producers,baseline_noce,2050.0,Other model regions,,13.0,"[""CAN"", ""MEX"", ""CHL"", ""ANZ"", ""ASE"", ""ASO"", ""ASC"", ""AFE"", ""AFN"", ""AFW"", ""AFZ"", ""NIG""]",,,,,,,,,,,,,,,,,,,,,
baseline_noce,NDC+LTT,No CE,b,Selected producers,Iron and steel,Selected producer coverage,2019,96.29338094449439,%,context,"[""Production|Iron and Steel|Primary"", ""Production|Iron and Steel|Secondary""]",fig02_leading_producers,baseline_noce,2050.0,Selected producers,,,"[""CHN"", ""IND"", ""ENE"", ""ENW"", ""EUE"", ""EUM"", ""EUW"", ""BRA"", ""JPN"", ""RUS"", ""USA"", ""SKT"", ""MDA"", ""IDN"", ""MEA"", ""LAM""]",,,,,,,,,,,,,,,,,,,,,
baseline_noce,NDC+LTT,No CE,b,Selected producers,Iron and steel,Selected producer coverage,2024,96.09481509253153,%,context,"[""Production|Iron and Steel|Primary"", ""Production|Iron and Steel|Secondary""]",fig02_leading_producers,baseline_noce,2050.0,Selected producers,,,"[""CHN"", ""IND"", ""ENE"", ""ENW"", ""EUE"", ""EUM"", ""EUW"", ""BRA"", ""JPN"", ""RUS"", ""USA"", ""SKT"", ""MDA"", ""IDN"", ""MEA"", ""LAM""]",,,,,,,,,,,,,,,,,,,,,
baseline_noce,NDC+LTT,No CE,b,Selected producers,Iron and steel,Selected producer coverage,2030,95.65754618896011,%,context,"[""Production|Iron and Steel|Primary"", ""Production|Iron and Steel|Secondary""]",fig02_leading_producers,baseline_noce,2050.0,Selected producers,,,"[""CHN"", ""IND"", ""ENE"", ""ENW"", ""EUE"", ""EUM"", ""EUW"", ""BRA"", ""JPN"", ""RUS"", ""USA"", ""SKT"", ""MDA"", ""IDN"", ""MEA"", ""LAM""]",,,,,,,,,,,,,,,,,,,,,
baseline_noce,NDC+LTT,No CE,b,Selected producers,Iron and steel,Selected producer coverage,2035,95.09335453481219,%,context,"[""Production|Iron and Steel|Primary"", ""Production|Iron and Steel|Secondary""]",fig02_leading_producers,baseline_noce,2050.0,Selected producers,,,"[""CHN"", ""IND"", ""ENE"", ""ENW"", ""EUE"", ""EUM"", ""EUW"", ""BRA"", ""JPN"", ""RUS"", ""USA"", ""SKT"", ""MDA"", ""IDN"", ""MEA"", ""LAM""]",,,,,,,,,,,,,,,,,,,,,
baseline_noce,NDC+LTT,No CE,b,Selected producers,Iron and steel,Selected producer coverage,2040,94.85648845548678,%,context,"[""Production|Iron and Steel|Primary"", ""Production|Iron and Steel|Secondary""]",fig02_leading_producers,baseline_noce,2050.0,Selected producers,,,"[""CHN"", ""IND"", ""ENE"", ""ENW"", ""EUE"", ""EUM"", ""EUW"", ""BRA"", ""JPN"", ""RUS"", ""USA"", ""SKT"", ""MDA"", ""IDN"", ""MEA"", ""LAM""]",,,,,,,,,,,,,,,,,,,,,
baseline_noce,NDC+LTT,No CE,b,Selected producers,Iron and steel,Selected producer coverage,2050,95.06431750322696,%,context,"[""Production|Iron and Steel|Primary"", ""Production|Iron and Steel|Secondary""]",fig02_leading_producers,baseline_noce,2050.0,Selected producers,,,"[""CHN"", ""IND"", ""ENE"", ""ENW"", ""EUE"", ""EUM"", ""EUW"", ""BRA"", ""JPN"", ""RUS"", ""USA"", ""SKT"", ""MDA"", ""IDN"", ""MEA"", ""LAM""]",,,,,,,,,,,,,,,,,,,,,
ndc_noce,NDC,No CE,c,Producer regions,Aluminium,Total,2019,45.6540000439702,Mt/yr,plotted,"[""Production|Non-Ferrous Metals|Aluminum|Primary"", ""Production|Non-Ferrous Metals|Aluminum|Secondary""]",fig02_leading_producers,baseline_noce,2050.0,China region,1.0,1.0,"[""CHN""]",,,,,,,,,,,,,,,,,,,,,
ndc_noce,NDC,No CE,c,Producer regions,Aluminium,Total,2050,54.4652230638117,Mt/yr,plotted,"[""Production|Non-Ferrous Metals|Aluminum|Primary"", ""Production|Non-Ferrous Metals|Aluminum|Secondary""]",fig02_leading_producers,baseline_noce,2050.0,China region,1.0,1.0,"[""CHN""]",,,,,,,,,,,,,,,,,,,,,
ndc_noce,NDC,No CE,c,Producer regions,Aluminium,Total,2019,5.02999999512509,Mt/yr,plotted,"[""Production|Non-Ferrous Metals|Aluminum|Primary"", ""Production|Non-Ferrous Metals|Aluminum|Secondary""]",fig02_leading_producers,baseline_noce,2050.0,India,2.0,2.0,"[""IND""]",,,,,,,,,,,,,,,,,,,,,
ndc_noce,NDC,No CE,c,Producer regions,Aluminium,Total,2050,14.008551444663969,Mt/yr,plotted,"[""Production|Non-Ferrous Metals|Aluminum|Primary"", ""Production|Non-Ferrous Metals|Aluminum|Secondary""]",fig02_leading_producers,baseline_noce,2050.0,India,2.0,2.0,"[""IND""]",,,,,,,,,,,,,,,,,,,,,
ndc_noce,NDC,No CE,c,Producer regions,Aluminium,Total,2019,11.327999971290446,Mt/yr,plotted,"[""Production|Non-Ferrous Metals|Aluminum|Primary"", ""Production|Non-Ferrous Metals|Aluminum|Secondary""]",fig02_leading_producers,baseline_noce,2050.0,Europe,3.0,3.0,"[""ENE"", ""ENW"", ""EUE"", ""EUM"", ""EUW""]",,,,,,,,,,,,,,,,,,,,,
ndc_noce,NDC,No CE,c,Producer regions,Aluminium,Total,2050,12.48974739680704,Mt/yr,plotted,"[""Production|Non-Ferrous Metals|Aluminum|Primary"", ""Production|Non-Ferrous Metals|Aluminum|Secondary""]",fig02_leading_producers,baseline_noce,2050.0,Europe,3.0,3.0,"[""ENE"", ""ENW"", ""EUE"", ""EUM"", ""EUW""]",,,,,,,,,,,,,,,,,,,,,
ndc_noce,NDC,No CE,c,Producer regions,Aluminium,Total,2019,6.602999999837697,Mt/yr,plotted,"[""Production|Non-Ferrous Metals|Aluminum|Primary"", ""Production|Non-Ferrous Metals|Aluminum|Secondary""]",fig02_leading_producers,baseline_noce,2050.0,Gulf & Iran,4.0,4.0,"[""MEA""]",,,,,,,,,,,,,,,,,,,,,
ndc_noce,NDC,No CE,c,Producer regions,Aluminium,Total,2050,9.178171038294693,Mt/yr,plotted,"[""Production|Non-Ferrous Metals|Aluminum|Primary"", ""Production|Non-Ferrous Metals|Aluminum|Secondary""]",fig02_leading_producers,baseline_noce,2050.0,Gulf & Iran,4.0,4.0,"[""MEA""]",,,,,,,,,,,,,,,,,,,,,
ndc_noce,NDC,No CE,c,Producer regions,Aluminium,Total,2019,4.96000001439774,Mt/yr,plotted,"[""Production|Non-Ferrous Metals|Aluminum|Primary"", ""Production|Non-Ferrous Metals|Aluminum|Secondary""]",fig02_leading_producers,baseline_noce,2050.0,United States,5.0,5.0,"[""USA""]",,,,,,,,,,,,,,,,,,,,,
ndc_noce,NDC,No CE,c,Producer regions,Aluminium,Total,2050,8.481601713784704,Mt/yr,plotted,"[""Production|Non-Ferrous Metals|Aluminum|Primary"", ""Production|Non-Ferrous Metals|Aluminum|Secondary""]",fig02_leading_producers,baseline_noce,2050.0,United States,5.0,5.0,"[""USA""]",,,,,,,,,,,,,,,,,,,,,
ndc_noce,NDC,No CE,c,Producer regions,Aluminium,Total,2019,1.0499999961879931,Mt/yr,plotted,"[""Production|Non-Ferrous Metals|Aluminum|Primary"", ""Production|Non-Ferrous Metals|Aluminum|Secondary""]",fig02_leading_producers,baseline_noce,2050.0,Other Asia–Pacific,6.0,6.0,"[""ASE""]",,,,,,,,,,,,,,,,,,,,,
ndc_noce,NDC,No CE,c,Producer regions,Aluminium,Total,2050,6.83340107373396,Mt/yr,plotted,"[""Production|Non-Ferrous Metals|Aluminum|Primary"", ""Production|Non-Ferrous Metals|Aluminum|Secondary""]",fig02_leading_producers,baseline_noce,2050.0,Other Asia–Pacific,6.0,6.0,"[""ASE""]",,,,,,,,,,,,,,,,,,,,,
ndc_noce,NDC,No CE,c,Producer regions,Aluminium,Total,2019,3.956999993172909,Mt/yr,plotted,"[""Production|Non-Ferrous Metals|Aluminum|Primary"", ""Production|Non-Ferrous Metals|Aluminum|Secondary""]",fig02_leading_producers,baseline_noce,2050.0,Russia,7.0,7.0,"[""RUS""]",,,,,,,,,,,,,,,,,,,,,
ndc_noce,NDC,No CE,c,Producer regions,Aluminium,Total,2050,5.63476903048384,Mt/yr,plotted,"[""Production|Non-Ferrous Metals|Aluminum|Primary"", ""Production|Non-Ferrous Metals|Aluminum|Secondary""]",fig02_leading_producers,baseline_noce,2050.0,Russia,7.0,7.0,"[""RUS""]",,,,,,,,,,,,,,,,,,,,,
ndc_noce,NDC,No CE,c,Producer regions,Aluminium,Total,2019,1.331999992097333,Mt/yr,plotted,"[""Production|Non-Ferrous Metals|Aluminum|Primary"", ""Production|Non-Ferrous Metals|Aluminum|Secondary""]",fig02_leading_producers,baseline_noce,2050.0,Southern Africa,8.0,8.0,"[""AFZ""]",,,,,,,,,,,,,,,,,,,,,
ndc_noce,NDC,No CE,c,Producer regions,Aluminium,Total,2050,3.651012939609944,Mt/yr,plotted,"[""Production|Non-Ferrous Metals|Aluminum|Primary"", ""Production|Non-Ferrous Metals|Aluminum|Secondary""]",fig02_leading_producers,baseline_noce,2050.0,Southern Africa,8.0,8.0,"[""AFZ""]",,,,,,,,,,,,,,,,,,,,,
ndc_noce,NDC,No CE,c,Producer regions,Aluminium,Total,2019,0.28000001126525353,Mt/yr,plotted,"[""Production|Non-Ferrous Metals|Aluminum|Primary"", ""Production|Non-Ferrous Metals|Aluminum|Secondary""]",fig02_leading_producers,baseline_noce,2050.0,Indonesia group,9.0,9.0,"[""IDN""]",,,,,,,,,,,,,,,,,,,,,
ndc_noce,NDC,No CE,c,Producer regions,Aluminium,Total,2050,3.028481136256394,Mt/yr,plotted,"[""Production|Non-Ferrous Metals|Aluminum|Primary"", ""Production|Non-Ferrous Metals|Aluminum|Secondary""]",fig02_leading_producers,baseline_noce,2050.0,Indonesia group,9.0,9.0,"[""IDN""]",,,,,,,,,,,,,,,,,,,,,
ndc_noce,NDC,No CE,c,Producer regions,Aluminium,Total,2019,1.323973740353655,Mt/yr,plotted,"[""Production|Non-Ferrous Metals|Aluminum|Primary"", ""Production|Non-Ferrous Metals|Aluminum|Secondary""]",fig02_leading_producers,baseline_noce,2050.0,Brazil,10.0,10.0,"[""BRA""]",,,,,,,,,,,,,,,,,,,,,
ndc_noce,NDC,No CE,c,Producer regions,Aluminium,Total,2050,2.726361591645917,Mt/yr,plotted,"[""Production|Non-Ferrous Metals|Aluminum|Primary"", ""Production|Non-Ferrous Metals|Aluminum|Secondary""]",fig02_leading_producers,baseline_noce,2050.0,Brazil,10.0,10.0,"[""BRA""]",,,,,,,,,,,,,,,,,,,,,
ndc_noce,NDC,No CE,c,Producer regions,Aluminium,Total,2019,1.99999999824504,Mt/yr,plotted,"[""Production|Non-Ferrous Metals|Aluminum|Primary"", ""Production|Non-Ferrous Metals|Aluminum|Secondary""]",fig02_leading_producers,baseline_noce,2050.0,South Korea,11.0,11.0,"[""SKT""]",,,,,,,,,,,,,,,,,,,,,
ndc_noce,NDC,No CE,c,Producer regions,Aluminium,Total,2050,2.400001187831463,Mt/yr,plotted,"[""Production|Non-Ferrous Metals|Aluminum|Primary"", ""Production|Non-Ferrous Metals|Aluminum|Secondary""]",fig02_leading_producers,baseline_noce,2050.0,South Korea,11.0,11.0,"[""SKT""]",,,,,,,,,,,,,,,,,,,,,
ndc_noce,NDC,No CE,c,Producer regions,Aluminium,Total,2019,4.56399999412659,Mt/yr,plotted,"[""Production|Non-Ferrous Metals|Aluminum|Primary"", ""Production|Non-Ferrous Metals|Aluminum|Secondary""]",fig02_leading_producers,baseline_noce,2050.0,Canada,12.0,12.0,"[""CAN""]",,,,,,,,,,,,,,,,,,,,,
ndc_noce,NDC,No CE,c,Producer regions,Aluminium,Total,2050,2.154209613095677,Mt/yr,plotted,"[""Production|Non-Ferrous Metals|Aluminum|Primary"", ""Production|Non-Ferrous Metals|Aluminum|Secondary""]",fig02_leading_producers,baseline_noce,2050.0,Canada,12.0,12.0,"[""CAN""]",,,,,,,,,,,,,,,,,,,,,
ndc_noce,NDC,No CE,c,Producer regions,Aluminium,Total,2019,6.417999972710631,Mt/yr,plotted,"[""Production|Non-Ferrous Metals|Aluminum|Primary"", ""Production|Non-Ferrous Metals|Aluminum|Secondary""]",fig02_leading_producers,baseline_noce,2050.0,Other model regions,,13.0,"[""MEX"", ""CHL"", ""LAM"", ""ANZ"", ""JPN"", ""ASO"", ""ASC"", ""AFE"", ""AFN"", ""AFW"", ""NIG"", ""MDA""]",,,,,,,,,,,,,,,,,,,,,
ndc_noce,NDC,No CE,c,Producer regions,Aluminium,Total,2050,7.962581423573093,Mt/yr,plotted,"[""Production|Non-Ferrous Metals|Aluminum|Primary"", ""Production|Non-Ferrous Metals|Aluminum|Secondary""]",fig02_leading_producers,baseline_noce,2050.0,Other model regions,,13.0,"[""MEX"", ""CHL"", ""LAM"", ""ANZ"", ""JPN"", ""ASO"", ""ASC"", ""AFE"", ""AFN"", ""AFW"", ""NIG"", ""MDA""]",,,,,,,,,,,,,,,,,,,,,
ndc_noce,NDC,No CE,c,Selected producers,Aluminium,Selected producer coverage,2019,93.2084637488492,%,context,"[""Production|Non-Ferrous Metals|Aluminum|Primary"", ""Production|Non-Ferrous Metals|Aluminum|Secondary""]",fig02_leading_producers,baseline_noce,2050.0,Selected producers,,,"[""CHN"", ""IND"", ""ENE"", ""ENW"", ""EUE"", ""EUM"", ""EUW"", ""MEA"", ""USA"", ""ASE"", ""RUS"", ""AFZ"", ""IDN"", ""BRA"", ""SKT"", ""CAN""]",,,,,,,,,,,,,,,,,,,,,
ndc_noce,NDC,No CE,c,Selected producers,Aluminium,Selected producer coverage,2024,94.14394918869276,%,context,"[""Production|Non-Ferrous Metals|Aluminum|Primary"", ""Production|Non-Ferrous Metals|Aluminum|Secondary""]",fig02_leading_producers,baseline_noce,2050.0,Selected producers,,,"[""CHN"", ""IND"", ""ENE"", ""ENW"", ""EUE"", ""EUM"", ""EUW"", ""MEA"", ""USA"", ""ASE"", ""RUS"", ""AFZ"", ""IDN"", ""BRA"", ""SKT"", ""CAN""]",,,,,,,,,,,,,,,,,,,,,
ndc_noce,NDC,No CE,c,Selected producers,Aluminium,Selected producer coverage,2030,94.57798103119006,%,context,"[""Production|Non-Ferrous Metals|Aluminum|Primary"", ""Production|Non-Ferrous Metals|Aluminum|Secondary""]",fig02_leading_producers,baseline_noce,2050.0,Selected producers,,,"[""CHN"", ""IND"", ""ENE"", ""ENW"", ""EUE"", ""EUM"", ""EUW"", ""MEA"", ""USA"", ""ASE"", ""RUS"", ""AFZ"", ""IDN"", ""BRA"", ""SKT"", ""CAN""]",,,,,,,,,,,,,,,,,,,,,
ndc_noce,NDC,No CE,c,Selected producers,Aluminium,Selected producer coverage,2035,94.69442528426293,%,context,"[""Production|Non-Ferrous Metals|Aluminum|Primary"", ""Production|Non-Ferrous Metals|Aluminum|Secondary""]",fig02_leading_producers,baseline_noce,2050.0,Selected producers,,,"[""CHN"", ""IND"", ""ENE"", ""ENW"", ""EUE"", ""EUM"", ""EUW"", ""MEA"", ""USA"", ""ASE"", ""RUS"", ""AFZ"", ""IDN"", ""BRA"", ""SKT"", ""CAN""]",,,,,,,,,,,,,,,,,,,,,
ndc_noce,NDC,No CE,c,Selected producers,Aluminium,Selected producer coverage,2040,94.61026184176062,%,context,"[""Production|Non-Ferrous Metals|Aluminum|Primary"", ""Production|Non-Ferrous Metals|Aluminum|Secondary""]",fig02_leading_producers,baseline_noce,2050.0,Selected producers,,,"[""CHN"", ""IND"", ""ENE"", ""ENW"", ""EUE"", ""EUM"", ""EUW"", ""MEA"", ""USA"", ""ASE"", ""RUS"", ""AFZ"", ""IDN"", ""BRA"", ""SKT"", ""CAN""]",,,,,,,,,,,,,,,,,,,,,
ndc_noce,NDC,No CE,c,Selected producers,Aluminium,Selected producer coverage,2050,94.01373187797748,%,context,"[""Production|Non-Ferrous Metals|Aluminum|Primary"", ""Production|Non-Ferrous Metals|Aluminum|Secondary""]",fig02_leading_producers,baseline_noce,2050.0,Selected producers,,,"[""CHN"", ""IND"", ""ENE"", ""ENW"", ""EUE"", ""EUM"", ""EUW"", ""MEA"", ""USA"", ""ASE"", ""RUS"", ""AFZ"", ""IDN"", ""BRA"", ""SKT"", ""CAN""]",,,,,,,,,,,,,,,,,,,,,
baseline_noce,NDC+LTT,No CE,c,Producer regions,Aluminium,Total,2019,45.6540000439702,Mt/yr,plotted,"[""Production|Non-Ferrous Metals|Aluminum|Primary"", ""Production|Non-Ferrous Metals|Aluminum|Secondary""]",fig02_leading_producers,baseline_noce,2050.0,China region,1.0,1.0,"[""CHN""]",,,,,,,,,,,,,,,,,,,,,
baseline_noce,NDC+LTT,No CE,c,Producer regions,Aluminium,Total,2050,54.465221990221096,Mt/yr,plotted,"[""Production|Non-Ferrous Metals|Aluminum|Primary"", ""Production|Non-Ferrous Metals|Aluminum|Secondary""]",fig02_leading_producers,baseline_noce,2050.0,China region,1.0,1.0,"[""CHN""]",,,,,,,,,,,,,,,,,,,,,
baseline_noce,NDC+LTT,No CE,c,Producer regions,Aluminium,Total,2019,5.02999999512509,Mt/yr,plotted,"[""Production|Non-Ferrous Metals|Aluminum|Primary"", ""Production|Non-Ferrous Metals|Aluminum|Secondary""]",fig02_leading_producers,baseline_noce,2050.0,India,2.0,2.0,"[""IND""]",,,,,,,,,,,,,,,,,,,,,
baseline_noce,NDC+LTT,No CE,c,Producer regions,Aluminium,Total,2050,14.00855000128593,Mt/yr,plotted,"[""Production|Non-Ferrous Metals|Aluminum|Primary"", ""Production|Non-Ferrous Metals|Aluminum|Secondary""]",fig02_leading_producers,baseline_noce,2050.0,India,2.0,2.0,"[""IND""]",,,,,,,,,,,,,,,,,,,,,
baseline_noce,NDC+LTT,No CE,c,Producer regions,Aluminium,Total,2019,11.327999971290446,Mt/yr,plotted,"[""Production|Non-Ferrous Metals|Aluminum|Primary"", ""Production|Non-Ferrous Metals|Aluminum|Secondary""]",fig02_leading_producers,baseline_noce,2050.0,Europe,3.0,3.0,"[""ENE"", ""ENW"", ""EUE"", ""EUM"", ""EUW""]",,,,,,,,,,,,,,,,,,,,,
baseline_noce,NDC+LTT,No CE,c,Producer regions,Aluminium,Total,2050,12.489742933518158,Mt/yr,plotted,"[""Production|Non-Ferrous Metals|Aluminum|Primary"", ""Production|Non-Ferrous Metals|Aluminum|Secondary""]",fig02_leading_producers,baseline_noce,2050.0,Europe,3.0,3.0,"[""ENE"", ""ENW"", ""EUE"", ""EUM"", ""EUW""]",,,,,,,,,,,,,,,,,,,,,
baseline_noce,NDC+LTT,No CE,c,Producer regions,Aluminium,Total,2019,6.602999999837697,Mt/yr,plotted,"[""Production|Non-Ferrous Metals|Aluminum|Primary"", ""Production|Non-Ferrous Metals|Aluminum|Secondary""]",fig02_leading_producers,baseline_noce,2050.0,Gulf & Iran,4.0,4.0,"[""MEA""]",,,,,,,,,,,,,,,,,,,,,
baseline_noce,NDC+LTT,No CE,c,Producer regions,Aluminium,Total,2050,9.1781699907469,Mt/yr,plotted,"[""Production|Non-Ferrous Metals|Aluminum|Primary"", ""Production|Non-Ferrous Metals|Aluminum|Secondary""]",fig02_leading_producers,baseline_noce,2050.0,Gulf & Iran,4.0,4.0,"[""MEA""]",,,,,,,,,,,,,,,,,,,,,
baseline_noce,NDC+LTT,No CE,c,Producer regions,Aluminium,Total,2019,4.96000001439774,Mt/yr,plotted,"[""Production|Non-Ferrous Metals|Aluminum|Primary"", ""Production|Non-Ferrous Metals|Aluminum|Secondary""]",fig02_leading_producers,baseline_noce,2050.0,United States,5.0,5.0,"[""USA""]",,,,,,,,,,,,,,,,,,,,,
baseline_noce,NDC+LTT,No CE,c,Producer regions,Aluminium,Total,2050,8.48159999992278,Mt/yr,plotted,"[""Production|Non-Ferrous Metals|Aluminum|Primary"", ""Production|Non-Ferrous Metals|Aluminum|Secondary""]",fig02_leading_producers,baseline_noce,2050.0,United States,5.0,5.0,"[""USA""]",,,,,,,,,,,,,,,,,,,,,
baseline_noce,NDC+LTT,No CE,c,Producer regions,Aluminium,Total,2019,1.0499999961879931,Mt/yr,plotted,"[""Production|Non-Ferrous Metals|Aluminum|Primary"", ""Production|Non-Ferrous Metals|Aluminum|Secondary""]",fig02_leading_producers,baseline_noce,2050.0,Other Asia–Pacific,6.0,6.0,"[""ASE""]",,,,,,,,,,,,,,,,,,,,,
baseline_noce,NDC+LTT,No CE,c,Producer regions,Aluminium,Total,2050,6.83339999373108,Mt/yr,plotted,"[""Production|Non-Ferrous Metals|Aluminum|Primary"", ""Production|Non-Ferrous Metals|Aluminum|Secondary""]",fig02_leading_producers,baseline_noce,2050.0,Other Asia–Pacific,6.0,6.0,"[""ASE""]",,,,,,,,,,,,,,,,,,,,,
baseline_noce,NDC+LTT,No CE,c,Producer regions,Aluminium,Total,2019,3.956999993172909,Mt/yr,plotted,"[""Production|Non-Ferrous Metals|Aluminum|Primary"", ""Production|Non-Ferrous Metals|Aluminum|Secondary""]",fig02_leading_producers,baseline_noce,2050.0,Russia,7.0,7.0,"[""RUS""]",,,,,,,,,,,,,,,,,,,,,
baseline_noce,NDC+LTT,No CE,c,Producer regions,Aluminium,Total,2050,5.63476798484544,Mt/yr,plotted,"[""Production|Non-Ferrous Metals|Aluminum|Primary"", ""Production|Non-Ferrous Metals|Aluminum|Secondary""]",fig02_leading_producers,baseline_noce,2050.0,Russia,7.0,7.0,"[""RUS""]",,,,,,,,,,,,,,,,,,,,,
baseline_noce,NDC+LTT,No CE,c,Producer regions,Aluminium,Total,2019,1.331999992097333,Mt/yr,plotted,"[""Production|Non-Ferrous Metals|Aluminum|Primary"", ""Production|Non-Ferrous Metals|Aluminum|Secondary""]",fig02_leading_producers,baseline_noce,2050.0,Southern Africa,8.0,8.0,"[""AFZ""]",,,,,,,,,,,,,,,,,,,,,
baseline_noce,NDC+LTT,No CE,c,Producer regions,Aluminium,Total,2050,3.6510119850575,Mt/yr,plotted,"[""Production|Non-Ferrous Metals|Aluminum|Primary"", ""Production|Non-Ferrous Metals|Aluminum|Secondary""]",fig02_leading_producers,baseline_noce,2050.0,Southern Africa,8.0,8.0,"[""AFZ""]",,,,,,,,,,,,,,,,,,,,,
baseline_noce,NDC+LTT,No CE,c,Producer regions,Aluminium,Total,2019,0.28000001126525353,Mt/yr,plotted,"[""Production|Non-Ferrous Metals|Aluminum|Primary"", ""Production|Non-Ferrous Metals|Aluminum|Secondary""]",fig02_leading_producers,baseline_noce,2050.0,Indonesia group,9.0,9.0,"[""IDN""]",,,,,,,,,,,,,,,,,,,,,
baseline_noce,NDC+LTT,No CE,c,Producer regions,Aluminium,Total,2050,3.0284799887125153,Mt/yr,plotted,"[""Production|Non-Ferrous Metals|Aluminum|Primary"", ""Production|Non-Ferrous Metals|Aluminum|Secondary""]",fig02_leading_producers,baseline_noce,2050.0,Indonesia group,9.0,9.0,"[""IDN""]",,,,,,,,,,,,,,,,,,,,,
baseline_noce,NDC+LTT,No CE,c,Producer regions,Aluminium,Total,2019,1.323973740353655,Mt/yr,plotted,"[""Production|Non-Ferrous Metals|Aluminum|Primary"", ""Production|Non-Ferrous Metals|Aluminum|Secondary""]",fig02_leading_producers,baseline_noce,2050.0,Brazil,10.0,10.0,"[""BRA""]",,,,,,,,,,,,,,,,,,,,,
baseline_noce,NDC+LTT,No CE,c,Producer regions,Aluminium,Total,2050,2.72635999216373,Mt/yr,plotted,"[""Production|Non-Ferrous Metals|Aluminum|Primary"", ""Production|Non-Ferrous Metals|Aluminum|Secondary""]",fig02_leading_producers,baseline_noce,2050.0,Brazil,10.0,10.0,"[""BRA""]",,,,,,,,,,,,,,,,,,,,,
baseline_noce,NDC+LTT,No CE,c,Producer regions,Aluminium,Total,2019,1.99999999824504,Mt/yr,plotted,"[""Production|Non-Ferrous Metals|Aluminum|Primary"", ""Production|Non-Ferrous Metals|Aluminum|Secondary""]",fig02_leading_producers,baseline_noce,2050.0,South Korea,11.0,11.0,"[""SKT""]",,,,,,,,,,,,,,,,,,,,,
baseline_noce,NDC+LTT,No CE,c,Producer regions,Aluminium,Total,2050,2.39999999679711,Mt/yr,plotted,"[""Production|Non-Ferrous Metals|Aluminum|Primary"", ""Production|Non-Ferrous Metals|Aluminum|Secondary""]",fig02_leading_producers,baseline_noce,2050.0,South Korea,11.0,11.0,"[""SKT""]",,,,,,,,,,,,,,,,,,,,,
baseline_noce,NDC+LTT,No CE,c,Producer regions,Aluminium,Total,2019,4.56399999412659,Mt/yr,plotted,"[""Production|Non-Ferrous Metals|Aluminum|Primary"", ""Production|Non-Ferrous Metals|Aluminum|Secondary""]",fig02_leading_producers,baseline_noce,2050.0,Canada,12.0,12.0,"[""CAN""]",,,,,,,,,,,,,,,,,,,,,
baseline_noce,NDC+LTT,No CE,c,Producer regions,Aluminium,Total,2050,2.15420799591033,Mt/yr,plotted,"[""Production|Non-Ferrous Metals|Aluminum|Primary"", ""Production|Non-Ferrous Metals|Aluminum|Secondary""]",fig02_leading_producers,baseline_noce,2050.0,Canada,12.0,12.0,"[""CAN""]",,,,,,,,,,,,,,,,,,,,,
baseline_noce,NDC+LTT,No CE,c,Producer regions,Aluminium,Total,2019,6.417999972710631,Mt/yr,plotted,"[""Production|Non-Ferrous Metals|Aluminum|Primary"", ""Production|Non-Ferrous Metals|Aluminum|Secondary""]",fig02_leading_producers,baseline_noce,2050.0,Other model regions,,13.0,"[""MEX"", ""CHL"", ""LAM"", ""ANZ"", ""JPN"", ""ASO"", ""ASC"", ""AFE"", ""AFN"", ""AFW"", ""NIG"", ""MDA""]",,,,,,,,,,,,,,,,,,,,,
baseline_noce,NDC+LTT,No CE,c,Producer regions,Aluminium,Total,2050,7.962573908293997,Mt/yr,plotted,"[""Production|Non-Ferrous Metals|Aluminum|Primary"", ""Production|Non-Ferrous Metals|Aluminum|Secondary""]",fig02_leading_producers,baseline_noce,2050.0,Other model regions,,13.0,"[""MEX"", ""CHL"", ""LAM"", ""ANZ"", ""JPN"", ""ASO"", ""ASC"", ""AFE"", ""AFN"", ""AFW"", ""NIG"", ""MDA""]",,,,,,,,,,,,,,,,,,,,,
baseline_noce,NDC+LTT,No CE,c,Selected producers,Aluminium,Selected producer coverage,2019,93.2084637488492,%,context,"[""Production|Non-Ferrous Metals|Aluminum|Primary"", ""Production|Non-Ferrous Metals|Aluminum|Secondary""]",fig02_leading_producers,baseline_noce,2050.0,Selected producers,,,"[""CHN"", ""IND"", ""ENE"", ""ENW"", ""EUE"", ""EUM"", ""EUW"", ""MEA"", ""USA"", ""ASE"", ""RUS"", ""AFZ"", ""IDN"", ""BRA"", ""SKT"", ""CAN""]",,,,,,,,,,,,,,,,,,,,,
baseline_noce,NDC+LTT,No CE,c,Selected producers,Aluminium,Selected producer coverage,2024,94.14394918869276,%,context,"[""Production|Non-Ferrous Metals|Aluminum|Primary"", ""Production|Non-Ferrous Metals|Aluminum|Secondary""]",fig02_leading_producers,baseline_noce,2050.0,Selected producers,,,"[""CHN"", ""IND"", ""ENE"", ""ENW"", ""EUE"", ""EUM"", ""EUW"", ""MEA"", ""USA"", ""ASE"", ""RUS"", ""AFZ"", ""IDN"", ""BRA"", ""SKT"", ""CAN""]",,,,,,,,,,,,,,,,,,,,,
baseline_noce,NDC+LTT,No CE,c,Selected producers,Aluminium,Selected producer coverage,2030,94.57798432899783,%,context,"[""Production|Non-Ferrous Metals|Aluminum|Primary"", ""Production|Non-Ferrous Metals|Aluminum|Secondary""]",fig02_leading_producers,baseline_noce,2050.0,Selected producers,,,"[""CHN"", ""IND"", ""ENE"", ""ENW"", ""EUE"", ""EUM"", ""EUW"", ""MEA"", ""USA"", ""ASE"", ""RUS"", ""AFZ"", ""IDN"", ""BRA"", ""SKT"", ""CAN""]",,,,,,,,,,,,,,,,,,,,,
baseline_noce,NDC+LTT,No CE,c,Selected producers,Aluminium,Selected producer coverage,2035,94.69443050283742,%,context,"[""Production|Non-Ferrous Metals|Aluminum|Primary"", ""Production|Non-Ferrous Metals|Aluminum|Secondary""]",fig02_leading_producers,baseline_noce,2050.0,Selected producers,,,"[""CHN"", ""IND"", ""ENE"", ""ENW"", ""EUE"", ""EUM"", ""EUW"", ""MEA"", ""USA"", ""ASE"", ""RUS"", ""AFZ"", ""IDN"", ""BRA"", ""SKT"", ""CAN""]",,,,,,,,,,,,,,,,,,,,,
baseline_noce,NDC+LTT,No CE,c,Selected producers,Aluminium,Selected producer coverage,2040,94.61026678676734,%,context,"[""Production|Non-Ferrous Metals|Aluminum|Primary"", ""Production|Non-Ferrous Metals|Aluminum|Secondary""]",fig02_leading_producers,baseline_noce,2050.0,Selected producers,,,"[""CHN"", ""IND"", ""ENE"", ""ENW"", ""EUE"", ""EUM"", ""EUW"", ""MEA"", ""USA"", ""ASE"", ""RUS"", ""AFZ"", ""IDN"", ""BRA"", ""SKT"", ""CAN""]",,,,,,,,,,,,,,,,,,,,,
baseline_noce,NDC+LTT,No CE,c,Selected producers,Aluminium,Selected producer coverage,2050,94.01373636268404,%,context,"[""Production|Non-Ferrous Metals|Aluminum|Primary"", ""Production|Non-Ferrous Metals|Aluminum|Secondary""]",fig02_leading_producers,baseline_noce,2050.0,Selected producers,,,"[""CHN"", ""IND"", ""ENE"", ""ENW"", ""EUE"", ""EUM"", ""EUW"", ""MEA"", ""USA"", ""ASE"", ""RUS"", ""AFZ"", ""IDN"", ""BRA"", ""SKT"", ""CAN""]",,,,,,,,,,,,,,,,,,,,,
ndc_noce,NDC,No CE,a,Global,Cement,Cement,2019,12.207643906759428,EJ/yr,plotted,"[""Final Energy|Industry|Non-Metallic Minerals|Cement|Electricity"", ""Final Energy|Industry|Non-Metallic Minerals|Cement|Gases"", ""Final Energy|Industry|Non-Metallic Minerals|Cement|Liquids"", ""Final Energy|Industry|Non-Metallic Minerals|Cement|Solids""]",fig03_energy,,,,,,"[""AFE"", ""AFN"", ""AFW"", ""AFZ"", ""ANZ"", ""ASC"", ""ASE"", ""ASO"", ""BRA"", ""CAN"", ""CHL"", ""CHN"", ""ENE"", ""ENW"", ""EUE"", ""EUM"", ""EUW"", ""IDN"", ""IND"", ""JPN"", ""LAM"", ""MDA"", ""MEA"", ""MEX"", ""NIG"", ""RUS"", ""SKT"", ""USA""]",Final energy,12.207643906759428,,,,,,,,,,,,,,,,,,,
ndc_noce,NDC,No CE,a,Global,Cement,Cement,2024,11.408035618838122,EJ/yr,plotted,"[""Final Energy|Industry|Non-Metallic Minerals|Cement|Electricity"", ""Final Energy|Industry|Non-Metallic Minerals|Cement|Gases"", ""Final Energy|Industry|Non-Metallic Minerals|Cement|Liquids"", ""Final Energy|Industry|Non-Metallic Minerals|Cement|Solids""]",fig03_energy,,,,,,"[""AFE"", ""AFN"", ""AFW"", ""AFZ"", ""ANZ"", ""ASC"", ""ASE"", ""ASO"", ""BRA"", ""CAN"", ""CHL"", ""CHN"", ""ENE"", ""ENW"", ""EUE"", ""EUM"", ""EUW"", ""IDN"", ""IND"", ""JPN"", ""LAM"", ""MDA"", ""MEA"", ""MEX"", ""NIG"", ""RUS"", ""SKT"", ""USA""]",Final energy,11.408035618838122,,,,,,,,,,,,,,,,,,,
ndc_noce,NDC,No CE,a,Global,Cement,Cement,2030,10.841622929671104,EJ/yr,plotted,"[""Final Energy|Industry|Non-Metallic Minerals|Cement|Electricity"", ""Final Energy|Industry|Non-Metallic Minerals|Cement|Gases"", ""Final Energy|Industry|Non-Metallic Minerals|Cement|Liquids"", ""Final Energy|Industry|Non-Metallic Minerals|Cement|Solids""]",fig03_energy,,,,,,"[""AFE"", ""AFN"", ""AFW"", ""AFZ"", ""ANZ"", ""ASC"", ""ASE"", ""ASO"", ""BRA"", ""CAN"", ""CHL"", ""CHN"", ""ENE"", ""ENW"", ""EUE"", ""EUM"", ""EUW"", ""IDN"", ""IND"", ""JPN"", ""LAM"", ""MDA"", ""MEA"", ""MEX"", ""NIG"", ""RUS"", ""SKT"", ""USA""]",Final energy,10.841622929671104,,,,,,,,,,,,,,,,,,,
ndc_noce,NDC,No CE,a,Global,Cement,Cement,2035,10.571914922389587,EJ/yr,plotted,"[""Final Energy|Industry|Non-Metallic Minerals|Cement|Electricity"", ""Final Energy|Industry|Non-Metallic Minerals|Cement|Gases"", ""Final Energy|Industry|Non-Metallic Minerals|Cement|Liquids"", ""Final Energy|Industry|Non-Metallic Minerals|Cement|Solids""]",fig03_energy,,,,,,"[""AFE"", ""AFN"", ""AFW"", ""AFZ"", ""ANZ"", ""ASC"", ""ASE"", ""ASO"", ""BRA"", ""CAN"", ""CHL"", ""CHN"", ""ENE"", ""ENW"", ""EUE"", ""EUM"", ""EUW"", ""IDN"", ""IND"", ""JPN"", ""LAM"", ""MDA"", ""MEA"", ""MEX"", ""NIG"", ""RUS"", ""SKT"", ""USA""]",Final energy,10.571914922389587,,,,,,,,,,,,,,,,,,,
ndc_noce,NDC,No CE,a,Global,Cement,Cement,2040,10.412080476061908,EJ/yr,plotted,"[""Final Energy|Industry|Non-Metallic Minerals|Cement|Electricity"", ""Final Energy|Industry|Non-Metallic Minerals|Cement|Gases"", ""Final Energy|Industry|Non-Metallic Minerals|Cement|Liquids"", ""Final Energy|Industry|Non-Metallic Minerals|Cement|Solids""]",fig03_energy,,,,,,"[""AFE"", ""AFN"", ""AFW"", ""AFZ"", ""ANZ"", ""ASC"", ""ASE"", ""ASO"", ""BRA"", ""CAN"", ""CHL"", ""CHN"", ""ENE"", ""ENW"", ""EUE"", ""EUM"", ""EUW"", ""IDN"", ""IND"", ""JPN"", ""LAM"", ""MDA"", ""MEA"", ""MEX"", ""NIG"", ""RUS"", ""SKT"", ""USA""]",Final energy,10.412080476061908,,,,,,,,,,,,,,,,,,,
ndc_noce,NDC,No CE,a,Global,Cement,Cement,2050,10.179741647355927,EJ/yr,plotted,"[""Final Energy|Industry|Non-Metallic Minerals|Cement|Electricity"", ""Final Energy|Industry|Non-Metallic Minerals|Cement|Gases"", ""Final Energy|Industry|Non-Metallic Minerals|Cement|Liquids"", ""Final Energy|Industry|Non-Metallic Minerals|Cement|Solids""]",fig03_energy,,,,,,"[""AFE"", ""AFN"", ""AFW"", ""AFZ"", ""ANZ"", ""ASC"", ""ASE"", ""ASO"", ""BRA"", ""CAN"", ""CHL"", ""CHN"", ""ENE"", ""ENW"", ""EUE"", ""EUM"", ""EUW"", ""IDN"", ""IND"", ""JPN"", ""LAM"", ""MDA"", ""MEA"", ""MEX"", ""NIG"", ""RUS"", ""SKT"", ""USA""]",Final energy,10.179741647355927,,,,,,,,,,,,,,,,,,,
ndc_noce,NDC,No CE,d,Global,Cement,Cement,2019,2.9056069131213915,GJ/t,plotted,"[""Final Energy|Industry|Non-Metallic Minerals|Cement|Electricity"", ""Final Energy|Industry|Non-Metallic Minerals|Cement|Gases"", ""Final Energy|Industry|Non-Metallic Minerals|Cement|Liquids"", ""Final Energy|Industry|Non-Metallic Minerals|Cement|Solids"", ""Production|Non-Metallic Minerals|Cement""]",fig03_energy,,,,,,"[""AFE"", ""AFN"", ""AFW"", ""AFZ"", ""ANZ"", ""ASC"", ""ASE"", ""ASO"", ""BRA"", ""CAN"", ""CHL"", ""CHN"", ""ENE"", ""ENW"", ""EUE"", ""EUM"", ""EUW"", ""IDN"", ""IND"", ""JPN"", ""LAM"", ""MDA"", ""MEA"", ""MEX"", ""NIG"", ""RUS"", ""SKT"", ""USA""]",Derived energy intensity,12.207643906759428,4201.409299940433,1000.0,,,,,,,,,,,,,,,,,
ndc_noce,NDC,No CE,d,Global,Cement,Cement,2024,2.888496890003963,GJ/t,plotted,"[""Final Energy|Industry|Non-Metallic Minerals|Cement|Electricity"", ""Final Energy|Industry|Non-Metallic Minerals|Cement|Gases"", ""Final Energy|Industry|Non-Metallic Minerals|Cement|Liquids"", ""Final Energy|Industry|Non-Metallic Minerals|Cement|Solids"", ""Production|Non-Metallic Minerals|Cement""]",fig03_energy,,,,,,"[""AFE"", ""AFN"", ""AFW"", ""AFZ"", ""ANZ"", ""ASC"", ""ASE"", ""ASO"", ""BRA"", ""CAN"", ""CHL"", ""CHN"", ""ENE"", ""ENW"", ""EUE"", ""EUM"", ""EUW"", ""IDN"", ""IND"", ""JPN"", ""LAM"", ""MDA"", ""MEA"", ""MEX"", ""NIG"", ""RUS"", ""SKT"", ""USA""]",Derived energy intensity,11.408035618838122,3949.47131787373,1000.0,,,,,,,,,,,,,,,,,
ndc_noce,NDC,No CE,d,Global,Cement,Cement,2030,2.887513676264069,GJ/t,plotted,"[""Final Energy|Industry|Non-Metallic Minerals|Cement|Electricity"", ""Final Energy|Industry|Non-Metallic Minerals|Cement|Gases"", ""Final Energy|Industry|Non-Metallic Minerals|Cement|Liquids"", ""Final Energy|Industry|Non-Metallic Minerals|Cement|Solids"", ""Production|Non-Metallic Minerals|Cement""]",fig03_energy,,,,,,"[""AFE"", ""AFN"", ""AFW"", ""AFZ"", ""ANZ"", ""ASC"", ""ASE"", ""ASO"", ""BRA"", ""CAN"", ""CHL"", ""CHN"", ""ENE"", ""ENW"", ""EUE"", ""EUM"", ""EUW"", ""IDN"", ""IND"", ""JPN"", ""LAM"", ""MDA"", ""MEA"", ""MEX"", ""NIG"", ""RUS"", ""SKT"", ""USA""]",Derived energy intensity,10.841622929671104,3754.6568242399608,1000.0,,,,,,,,,,,,,,,,,
ndc_noce,NDC,No CE,d,Global,Cement,Cement,2035,2.886109512301341,GJ/t,plotted,"[""Final Energy|Industry|Non-Metallic Minerals|Cement|Electricity"", ""Final Energy|Industry|Non-Metallic Minerals|Cement|Gases"", ""Final Energy|Industry|Non-Metallic Minerals|Cement|Liquids"", ""Final Energy|Industry|Non-Metallic Minerals|Cement|Solids"", ""Production|Non-Metallic Minerals|Cement""]",fig03_energy,,,,,,"[""AFE"", ""AFN"", ""AFW"", ""AFZ"", ""ANZ"", ""ASC"", ""ASE"", ""ASO"", ""BRA"", ""CAN"", ""CHL"", ""CHN"", ""ENE"", ""ENW"", ""EUE"", ""EUM"", ""EUW"", ""IDN"", ""IND"", ""JPN"", ""LAM"", ""MDA"", ""MEA"", ""MEX"", ""NIG"", ""RUS"", ""SKT"", ""USA""]",Derived energy intensity,10.571914922389587,3663.033186138421,1000.0,,,,,,,,,,,,,,,,,
ndc_noce,NDC,No CE,d,Global,Cement,Cement,2040,2.844506829927915,GJ/t,plotted,"[""Final Energy|Industry|Non-Metallic Minerals|Cement|Electricity"", ""Final Energy|Industry|Non-Metallic Minerals|Cement|Gases"", ""Final Energy|Industry|Non-Metallic Minerals|Cement|Liquids"", ""Final Energy|Industry|Non-Metallic Minerals|Cement|Solids"", ""Production|Non-Metallic Minerals|Cement""]",fig03_energy,,,,,,"[""AFE"", ""AFN"", ""AFW"", ""AFZ"", ""ANZ"", ""ASC"", ""ASE"", ""ASO"", ""BRA"", ""CAN"", ""CHL"", ""CHN"", ""ENE"", ""ENW"", ""EUE"", ""EUM"", ""EUW"", ""IDN"", ""IND"", ""JPN"", ""LAM"", ""MDA"", ""MEA"", ""MEX"", ""NIG"", ""RUS"", ""SKT"", ""USA""]",Derived energy intensity,10.412080476061908,3660.4167606536453,1000.0,,,,,,,,,,,,,,,,,
ndc_noce,NDC,No CE,d,Global,Cement,Cement,2050,2.7812468544053615,GJ/t,plotted,"[""Final Energy|Industry|Non-Metallic Minerals|Cement|Electricity"", ""Final Energy|Industry|Non-Metallic Minerals|Cement|Gases"", ""Final Energy|Industry|Non-Metallic Minerals|Cement|Liquids"", ""Final Energy|Industry|Non-Metallic Minerals|Cement|Solids"", ""Production|Non-Metallic Minerals|Cement""]",fig03_energy,,,,,,"[""AFE"", ""AFN"", ""AFW"", ""AFZ"", ""ANZ"", ""ASC"", ""ASE"", ""ASO"", ""BRA"", ""CAN"", ""CHL"", ""CHN"", ""ENE"", ""ENW"", ""EUE"", ""EUM"", ""EUW"", ""IDN"", ""IND"", ""JPN"", ""LAM"", ""MDA"", ""MEA"", ""MEX"", ""NIG"", ""RUS"", ""SKT"", ""USA""]",Derived energy intensity,10.179741647355927,3660.1359678777544,1000.0,,,,,,,,,,,,,,,,,
baseline_noce,NDC+LTT,No CE,a,Global,Cement,Cement,2019,12.207643906759428,EJ/yr,plotted,"[""Final Energy|Industry|Non-Metallic Minerals|Cement|Electricity"", ""Final Energy|Industry|Non-Metallic Minerals|Cement|Gases"", ""Final Energy|Industry|Non-Metallic Minerals|Cement|Liquids"", ""Final Energy|Industry|Non-Metallic Minerals|Cement|Solids""]",fig03_energy,,,,,,"[""AFE"", ""AFN"", ""AFW"", ""AFZ"", ""ANZ"", ""ASC"", ""ASE"", ""ASO"", ""BRA"", ""CAN"", ""CHL"", ""CHN"", ""ENE"", ""ENW"", ""EUE"", ""EUM"", ""EUW"", ""IDN"", ""IND"", ""JPN"", ""LAM"", ""MDA"", ""MEA"", ""MEX"", ""NIG"", ""RUS"", ""SKT"", ""USA""]",Final energy,12.207643906759428,,,,,,,,,,,,,,,,,,,
baseline_noce,NDC+LTT,No CE,a,Global,Cement,Cement,2024,11.408035618838122,EJ/yr,plotted,"[""Final Energy|Industry|Non-Metallic Minerals|Cement|Electricity"", ""Final Energy|Industry|Non-Metallic Minerals|Cement|Gases"", ""Final Energy|Industry|Non-Metallic Minerals|Cement|Liquids"", ""Final Energy|Industry|Non-Metallic Minerals|Cement|Solids""]",fig03_energy,,,,,,"[""AFE"", ""AFN"", ""AFW"", ""AFZ"", ""ANZ"", ""ASC"", ""ASE"", ""ASO"", ""BRA"", ""CAN"", ""CHL"", ""CHN"", ""ENE"", ""ENW"", ""EUE"", ""EUM"", ""EUW"", ""IDN"", ""IND"", ""JPN"", ""LAM"", ""MDA"", ""MEA"", ""MEX"", ""NIG"", ""RUS"", ""SKT"", ""USA""]",Final energy,11.408035618838122,,,,,,,,,,,,,,,,,,,
baseline_noce,NDC+LTT,No CE,a,Global,Cement,Cement,2030,10.8312103463963,EJ/yr,plotted,"[""Final Energy|Industry|Non-Metallic Minerals|Cement|Electricity"", ""Final Energy|Industry|Non-Metallic Minerals|Cement|Gases"", ""Final Energy|Industry|Non-Metallic Minerals|Cement|Liquids"", ""Final Energy|Industry|Non-Metallic Minerals|Cement|Solids""]",fig03_energy,,,,,,"[""AFE"", ""AFN"", ""AFW"", ""AFZ"", ""ANZ"", ""ASC"", ""ASE"", ""ASO"", ""BRA"", ""CAN"", ""CHL"", ""CHN"", ""ENE"", ""ENW"", ""EUE"", ""EUM"", ""EUW"", ""IDN"", ""IND"", ""JPN"", ""LAM"", ""MDA"", ""MEA"", ""MEX"", ""NIG"", ""RUS"", ""SKT"", ""USA""]",Final energy,10.8312103463963,,,,,,,,,,,,,,,,,,,
baseline_noce,NDC+LTT,No CE,a,Global,Cement,Cement,2035,10.569945632238756,EJ/yr,plotted,"[""Final Energy|Industry|Non-Metallic Minerals|Cement|Electricity"", ""Final Energy|Industry|Non-Metallic Minerals|Cement|Gases"", ""Final Energy|Industry|Non-Metallic Minerals|Cement|Liquids"", ""Final Energy|Industry|Non-Metallic Minerals|Cement|Solids""]",fig03_energy,,,,,,"[""AFE"", ""AFN"", ""AFW"", ""AFZ"", ""ANZ"", ""ASC"", ""ASE"", ""ASO"", ""BRA"", ""CAN"", ""CHL"", ""CHN"", ""ENE"", ""ENW"", ""EUE"", ""EUM"", ""EUW"", ""IDN"", ""IND"", ""JPN"", ""LAM"", ""MDA"", ""MEA"", ""MEX"", ""NIG"", ""RUS"", ""SKT"", ""USA""]",Final energy,10.569945632238756,,,,,,,,,,,,,,,,,,,
baseline_noce,NDC+LTT,No CE,a,Global,Cement,Cement,2040,10.421978867098595,EJ/yr,plotted,"[""Final Energy|Industry|Non-Metallic Minerals|Cement|Electricity"", ""Final Energy|Industry|Non-Metallic Minerals|Cement|Gases"", ""Final Energy|Industry|Non-Metallic Minerals|Cement|Liquids"", ""Final Energy|Industry|Non-Metallic Minerals|Cement|Solids""]",fig03_energy,,,,,,"[""AFE"", ""AFN"", ""AFW"", ""AFZ"", ""ANZ"", ""ASC"", ""ASE"", ""ASO"", ""BRA"", ""CAN"", ""CHL"", ""CHN"", ""ENE"", ""ENW"", ""EUE"", ""EUM"", ""EUW"", ""IDN"", ""IND"", ""JPN"", ""LAM"", ""MDA"", ""MEA"", ""MEX"", ""NIG"", ""RUS"", ""SKT"", ""USA""]",Final energy,10.421978867098595,,,,,,,,,,,,,,,,,,,
baseline_noce,NDC+LTT,No CE,a,Global,Cement,Cement,2050,10.194229597289471,EJ/yr,plotted,"[""Final Energy|Industry|Non-Metallic Minerals|Cement|Electricity"", ""Final Energy|Industry|Non-Metallic Minerals|Cement|Gases"", ""Final Energy|Industry|Non-Metallic Minerals|Cement|Liquids"", ""Final Energy|Industry|Non-Metallic Minerals|Cement|Solids""]",fig03_energy,,,,,,"[""AFE"", ""AFN"", ""AFW"", ""AFZ"", ""ANZ"", ""ASC"", ""ASE"", ""ASO"", ""BRA"", ""CAN"", ""CHL"", ""CHN"", ""ENE"", ""ENW"", ""EUE"", ""EUM"", ""EUW"", ""IDN"", ""IND"", ""JPN"", ""LAM"", ""MDA"", ""MEA"", ""MEX"", ""NIG"", ""RUS"", ""SKT"", ""USA""]",Final energy,10.194229597289471,,,,,,,,,,,,,,,,,,,
baseline_noce,NDC+LTT,No CE,d,Global,Cement,Cement,2019,2.9056069131213915,GJ/t,plotted,"[""Final Energy|Industry|Non-Metallic Minerals|Cement|Electricity"", ""Final Energy|Industry|Non-Metallic Minerals|Cement|Gases"", ""Final Energy|Industry|Non-Metallic Minerals|Cement|Liquids"", ""Final Energy|Industry|Non-Metallic Minerals|Cement|Solids"", ""Production|Non-Metallic Minerals|Cement""]",fig03_energy,,,,,,"[""AFE"", ""AFN"", ""AFW"", ""AFZ"", ""ANZ"", ""ASC"", ""ASE"", ""ASO"", ""BRA"", ""CAN"", ""CHL"", ""CHN"", ""ENE"", ""ENW"", ""EUE"", ""EUM"", ""EUW"", ""IDN"", ""IND"", ""JPN"", ""LAM"", ""MDA"", ""MEA"", ""MEX"", ""NIG"", ""RUS"", ""SKT"", ""USA""]",Derived energy intensity,12.207643906759428,4201.409299940433,1000.0,,,,,,,,,,,,,,,,,
baseline_noce,NDC+LTT,No CE,d,Global,Cement,Cement,2024,2.888496890003963,GJ/t,plotted,"[""Final Energy|Industry|Non-Metallic Minerals|Cement|Electricity"", ""Final Energy|Industry|Non-Metallic Minerals|Cement|Gases"", ""Final Energy|Industry|Non-Metallic Minerals|Cement|Liquids"", ""Final Energy|Industry|Non-Metallic Minerals|Cement|Solids"", ""Production|Non-Metallic Minerals|Cement""]",fig03_energy,,,,,,"[""AFE"", ""AFN"", ""AFW"", ""AFZ"", ""ANZ"", ""ASC"", ""ASE"", ""ASO"", ""BRA"", ""CAN"", ""CHL"", ""CHN"", ""ENE"", ""ENW"", ""EUE"", ""EUM"", ""EUW"", ""IDN"", ""IND"", ""JPN"", ""LAM"", ""MDA"", ""MEA"", ""MEX"", ""NIG"", ""RUS"", ""SKT"", ""USA""]",Derived energy intensity,11.408035618838122,3949.47131787373,1000.0,,,,,,,,,,,,,,,,,
baseline_noce,NDC+LTT,No CE,d,Global,Cement,Cement,2030,2.884740447911822,GJ/t,plotted,"[""Final Energy|Industry|Non-Metallic Minerals|Cement|Electricity"", ""Final Energy|Industry|Non-Metallic Minerals|Cement|Gases"", ""Final Energy|Industry|Non-Metallic Minerals|Cement|Liquids"", ""Final Energy|Industry|Non-Metallic Minerals|Cement|Solids"", ""Production|Non-Metallic Minerals|Cement""]",fig03_energy,,,,,,"[""AFE"", ""AFN"", ""AFW"", ""AFZ"", ""ANZ"", ""ASC"", ""ASE"", ""ASO"", ""BRA"", ""CAN"", ""CHL"", ""CHN"", ""ENE"", ""ENW"", ""EUE"", ""EUM"", ""EUW"", ""IDN"", ""IND"", ""JPN"", ""LAM"", ""MDA"", ""MEA"", ""MEX"", ""NIG"", ""RUS"", ""SKT"", ""USA""]",Derived energy intensity,10.8312103463963,3754.656802568388,1000.0,,,,,,,,,,,,,,,,,
baseline_noce,NDC+LTT,No CE,d,Global,Cement,Cement,2035,2.885571914934419,GJ/t,plotted,"[""Final Energy|Industry|Non-Metallic Minerals|Cement|Electricity"", ""Final Energy|Industry|Non-Metallic Minerals|Cement|Gases"", ""Final Energy|Industry|Non-Metallic Minerals|Cement|Liquids"", ""Final Energy|Industry|Non-Metallic Minerals|Cement|Solids"", ""Production|Non-Metallic Minerals|Cement""]",fig03_energy,,,,,,"[""AFE"", ""AFN"", ""AFW"", ""AFZ"", ""ANZ"", ""ASC"", ""ASE"", ""ASO"", ""BRA"", ""CAN"", ""CHL"", ""CHN"", ""ENE"", ""ENW"", ""EUE"", ""EUM"", ""EUW"", ""IDN"", ""IND"", ""JPN"", ""LAM"", ""MDA"", ""MEA"", ""MEX"", ""NIG"", ""RUS"", ""SKT"", ""USA""]",Derived energy intensity,10.569945632238756,3663.033167717458,1000.0,,,,,,,,,,,,,,,,,
baseline_noce,NDC+LTT,No CE,d,Global,Cement,Cement,2040,2.847211012614927,GJ/t,plotted,"[""Final Energy|Industry|Non-Metallic Minerals|Cement|Electricity"", ""Final Energy|Industry|Non-Metallic Minerals|Cement|Gases"", ""Final Energy|Industry|Non-Metallic Minerals|Cement|Liquids"", ""Final Energy|Industry|Non-Metallic Minerals|Cement|Solids"", ""Production|Non-Metallic Minerals|Cement""]",fig03_energy,,,,,,"[""AFE"", ""AFN"", ""AFW"", ""AFZ"", ""ANZ"", ""ASC"", ""ASE"", ""ASO"", ""BRA"", ""CAN"", ""CHL"", ""CHN"", ""ENE"", ""ENW"", ""EUE"", ""EUM"", ""EUW"", ""IDN"", ""IND"", ""JPN"", ""LAM"", ""MDA"", ""MEA"", ""MEX"", ""NIG"", ""RUS"", ""SKT"", ""USA""]",Derived energy intensity,10.421978867098595,3660.4167449910474,1000.0,,,,,,,,,,,,,,,,,
baseline_noce,NDC+LTT,No CE,d,Global,Cement,Cement,2050,2.7852051829907234,GJ/t,plotted,"[""Final Energy|Industry|Non-Metallic Minerals|Cement|Electricity"", ""Final Energy|Industry|Non-Metallic Minerals|Cement|Gases"", ""Final Energy|Industry|Non-Metallic Minerals|Cement|Liquids"", ""Final Energy|Industry|Non-Metallic Minerals|Cement|Solids"", ""Production|Non-Metallic Minerals|Cement""]",fig03_energy,,,,,,"[""AFE"", ""AFN"", ""AFW"", ""AFZ"", ""ANZ"", ""ASC"", ""ASE"", ""ASO"", ""BRA"", ""CAN"", ""CHL"", ""CHN"", ""ENE"", ""ENW"", ""EUE"", ""EUM"", ""EUW"", ""IDN"", ""IND"", ""JPN"", ""LAM"", ""MDA"", ""MEA"", ""MEX"", ""NIG"", ""RUS"", ""SKT"", ""USA""]",Derived energy intensity,10.194229597289471,3660.135942423824,1000.0,,,,,,,,,,,,,,,,,
ndc_noce,NDC,No CE,b,Global,Iron and steel,Iron and steel,2019,30.242503133675367,EJ/yr,plotted,"[""Final Energy|Industry|Iron and Steel|Electricity"", ""Final Energy|Industry|Iron and Steel|Gases"", ""Final Energy|Industry|Iron and Steel|Hydrogen"", ""Final Energy|Industry|Iron and Steel|Liquids"", ""Final Energy|Industry|Iron and Steel|Solids""]",fig03_energy,,,,,,"[""AFE"", ""AFN"", ""AFW"", ""AFZ"", ""ANZ"", ""ASC"", ""ASE"", ""ASO"", ""BRA"", ""CAN"", ""CHL"", ""CHN"", ""ENE"", ""ENW"", ""EUE"", ""EUM"", ""EUW"", ""IDN"", ""IND"", ""JPN"", ""LAM"", ""MDA"", ""MEA"", ""MEX"", ""NIG"", ""RUS"", ""SKT"", ""USA""]",Final energy,30.242503133675367,,,,,,,,,,,,,,,,,,,
ndc_noce,NDC,No CE,b,Global,Iron and steel,Iron and steel,2024,27.031373511905567,EJ/yr,plotted,"[""Final Energy|Industry|Iron and Steel|Electricity"", ""Final Energy|Industry|Iron and Steel|Gases"", ""Final Energy|Industry|Iron and Steel|Hydrogen"", ""Final Energy|Industry|Iron and Steel|Liquids"", ""Final Energy|Industry|Iron and Steel|Solids""]",fig03_energy,,,,,,"[""AFE"", ""AFN"", ""AFW"", ""AFZ"", ""ANZ"", ""ASC"", ""ASE"", ""ASO"", ""BRA"", ""CAN"", ""CHL"", ""CHN"", ""ENE"", ""ENW"", ""EUE"", ""EUM"", ""EUW"", ""IDN"", ""IND"", ""JPN"", ""LAM"", ""MDA"", ""MEA"", ""MEX"", ""NIG"", ""RUS"", ""SKT"", ""USA""]",Final energy,27.031373511905567,,,,,,,,,,,,,,,,,,,
ndc_noce,NDC,No CE,b,Global,Iron and steel,Iron and steel,2030,22.309703851877636,EJ/yr,plotted,"[""Final Energy|Industry|Iron and Steel|Electricity"", ""Final Energy|Industry|Iron and Steel|Gases"", ""Final Energy|Industry|Iron and Steel|Hydrogen"", ""Final Energy|Industry|Iron and Steel|Liquids"", ""Final Energy|Industry|Iron and Steel|Solids""]",fig03_energy,,,,,,"[""AFE"", ""AFN"", ""AFW"", ""AFZ"", ""ANZ"", ""ASC"", ""ASE"", ""ASO"", ""BRA"", ""CAN"", ""CHL"", ""CHN"", ""ENE"", ""ENW"", ""EUE"", ""EUM"", ""EUW"", ""IDN"", ""IND"", ""JPN"", ""LAM"", ""MDA"", ""MEA"", ""MEX"", ""NIG"", ""RUS"", ""SKT"", ""USA""]",Final energy,22.309703851877636,,,,,,,,,,,,,,,,,,,
ndc_noce,NDC,No CE,b,Global,Iron and steel,Iron and steel,2035,18.921314716239195,EJ/yr,plotted,"[""Final Energy|Industry|Iron and Steel|Electricity"", ""Final Energy|Industry|Iron and Steel|Gases"", ""Final Energy|Industry|Iron and Steel|Hydrogen"", ""Final Energy|Industry|Iron and Steel|Liquids"", ""Final Energy|Industry|Iron and Steel|Solids""]",fig03_energy,,,,,,"[""AFE"", ""AFN"", ""AFW"", ""AFZ"", ""ANZ"", ""ASC"", ""ASE"", ""ASO"", ""BRA"", ""CAN"", ""CHL"", ""CHN"", ""ENE"", ""ENW"", ""EUE"", ""EUM"", ""EUW"", ""IDN"", ""IND"", ""JPN"", ""LAM"", ""MDA"", ""MEA"", ""MEX"", ""NIG"", ""RUS"", ""SKT"", ""USA""]",Final energy,18.921314716239195,,,,,,,,,,,,,,,,,,,
ndc_noce,NDC,No CE,b,Global,Iron and steel,Iron and steel,2040,18.192661559306416,EJ/yr,plotted,"[""Final Energy|Industry|Iron and Steel|Electricity"", ""Final Energy|Industry|Iron and Steel|Gases"", ""Final Energy|Industry|Iron and Steel|Hydrogen"", ""Final Energy|Industry|Iron and Steel|Liquids"", ""Final Energy|Industry|Iron and Steel|Solids""]",fig03_energy,,,,,,"[""AFE"", ""AFN"", ""AFW"", ""AFZ"", ""ANZ"", ""ASC"", ""ASE"", ""ASO"", ""BRA"", ""CAN"", ""CHL"", ""CHN"", ""ENE"", ""ENW"", ""EUE"", ""EUM"", ""EUW"", ""IDN"", ""IND"", ""JPN"", ""LAM"", ""MDA"", ""MEA"", ""MEX"", ""NIG"", ""RUS"", ""SKT"", ""USA""]",Final energy,18.192661559306416,,,,,,,,,,,,,,,,,,,
ndc_noce,NDC,No CE,b,Global,Iron and steel,Iron and steel,2050,20.610274696201518,EJ/yr,plotted,"[""Final Energy|Industry|Iron and Steel|Electricity"", ""Final Energy|Industry|Iron and Steel|Gases"", ""Final Energy|Industry|Iron and Steel|Hydrogen"", ""Final Energy|Industry|Iron and Steel|Liquids"", ""Final Energy|Industry|Iron and Steel|Solids""]",fig03_energy,,,,,,"[""AFE"", ""AFN"", ""AFW"", ""AFZ"", ""ANZ"", ""ASC"", ""ASE"", ""ASO"", ""BRA"", ""CAN"", ""CHL"", ""CHN"", ""ENE"", ""ENW"", ""EUE"", ""EUM"", ""EUW"", ""IDN"", ""IND"", ""JPN"", ""LAM"", ""MDA"", ""MEA"", ""MEX"", ""NIG"", ""RUS"", ""SKT"", ""USA""]",Final energy,20.610274696201518,,,,,,,,,,,,,,,,,,,
ndc_noce,NDC,No CE,e,Global,Iron and steel,Iron and steel,2019,17.2350282372206,GJ/t,plotted,"[""Final Energy|Industry|Iron and Steel|Electricity"", ""Final Energy|Industry|Iron and Steel|Gases"", ""Final Energy|Industry|Iron and Steel|Hydrogen"", ""Final Energy|Industry|Iron and Steel|Liquids"", ""Final Energy|Industry|Iron and Steel|Solids"", ""Production|Iron and Steel|Primary"", ""Production|Iron and Steel|Secondary""]",fig03_energy,,,,,,"[""AFE"", ""AFN"", ""AFW"", ""AFZ"", ""ANZ"", ""ASC"", ""ASE"", ""ASO"", ""BRA"", ""CAN"", ""CHL"", ""CHN"", ""ENE"", ""ENW"", ""EUE"", ""EUM"", ""EUW"", ""IDN"", ""IND"", ""JPN"", ""LAM"", ""MDA"", ""MEA"", ""MEX"", ""NIG"", ""RUS"", ""SKT"", ""USA""]",Derived energy intensity,30.242503133675367,1754.711551232852,1000.0,,,,,,,,,,,,,,,,,
ndc_noce,NDC,No CE,e,Global,Iron and steel,Iron and steel,2024,15.66963987947582,GJ/t,plotted,"[""Final Energy|Industry|Iron and Steel|Electricity"", ""Final Energy|Industry|Iron and Steel|Gases"", ""Final Energy|Industry|Iron and Steel|Hydrogen"", ""Final Energy|Industry|Iron and Steel|Liquids"", ""Final Energy|Industry|Iron and Steel|Solids"", ""Production|Iron and Steel|Primary"", ""Production|Iron and Steel|Secondary""]",fig03_energy,,,,,,"[""AFE"", ""AFN"", ""AFW"", ""AFZ"", ""ANZ"", ""ASC"", ""ASE"", ""ASO"", ""BRA"", ""CAN"", ""CHL"", ""CHN"", ""ENE"", ""ENW"", ""EUE"", ""EUM"", ""EUW"", ""IDN"", ""IND"", ""JPN"", ""LAM"", ""MDA"", ""MEA"", ""MEX"", ""NIG"", ""RUS"", ""SKT"", ""USA""]",Derived energy intensity,27.031373511905567,1725.0794351254624,1000.0,,,,,,,,,,,,,,,,,
ndc_noce,NDC,No CE,e,Global,Iron and steel,Iron and steel,2030,13.586998299711315,GJ/t,plotted,"[""Final Energy|Industry|Iron and Steel|Electricity"", ""Final Energy|Industry|Iron and Steel|Gases"", ""Final Energy|Industry|Iron and Steel|Hydrogen"", ""Final Energy|Industry|Iron and Steel|Liquids"", ""Final Energy|Industry|Iron and Steel|Solids"", ""Production|Iron and Steel|Primary"", ""Production|Iron and Steel|Secondary""]",fig03_energy,,,,,,"[""AFE"", ""AFN"", ""AFW"", ""AFZ"", ""ANZ"", ""ASC"", ""ASE"", ""ASO"", ""BRA"", ""CAN"", ""CHL"", ""CHN"", ""ENE"", ""ENW"", ""EUE"", ""EUM"", ""EUW"", ""IDN"", ""IND"", ""JPN"", ""LAM"", ""MDA"", ""MEA"", ""MEX"", ""NIG"", ""RUS"", ""SKT"", ""USA""]",Derived energy intensity,22.309703851877636,1641.98915461347,1000.0,,,,,,,,,,,,,,,,,
ndc_noce,NDC,No CE,e,Global,Iron and steel,Iron and steel,2035,11.8581439678704,GJ/t,plotted,"[""Final Energy|Industry|Iron and Steel|Electricity"", ""Final Energy|Industry|Iron and Steel|Gases"", ""Final Energy|Industry|Iron and Steel|Hydrogen"", ""Final Energy|Industry|Iron and Steel|Liquids"", ""Final Energy|Industry|Iron and Steel|Solids"", ""Production|Iron and Steel|Primary"", ""Production|Iron and Steel|Secondary""]",fig03_energy,,,,,,"[""AFE"", ""AFN"", ""AFW"", ""AFZ"", ""ANZ"", ""ASC"", ""ASE"", ""ASO"", ""BRA"", ""CAN"", ""CHL"", ""CHN"", ""ENE"", ""ENW"", ""EUE"", ""EUM"", ""EUW"", ""IDN"", ""IND"", ""JPN"", ""LAM"", ""MDA"", ""MEA"", ""MEX"", ""NIG"", ""RUS"", ""SKT"", ""USA""]",Derived energy intensity,18.921314716239195,1595.6388088647288,1000.0,,,,,,,,,,,,,,,,,
ndc_noce,NDC,No CE,e,Global,Iron and steel,Iron and steel,2040,10.806704271064598,GJ/t,plotted,"[""Final Energy|Industry|Iron and Steel|Electricity"", ""Final Energy|Industry|Iron and Steel|Gases"", ""Final Energy|Industry|Iron and Steel|Hydrogen"", ""Final Energy|Industry|Iron and Steel|Liquids"", ""Final Energy|Industry|Iron and Steel|Solids"", ""Production|Iron and Steel|Primary"", ""Production|Iron and Steel|Secondary""]",fig03_energy,,,,,,"[""AFE"", ""AFN"", ""AFW"", ""AFZ"", ""ANZ"", ""ASC"", ""ASE"", ""ASO"", ""BRA"", ""CAN"", ""CHL"", ""CHN"", ""ENE"", ""ENW"", ""EUE"", ""EUM"", ""EUW"", ""IDN"", ""IND"", ""JPN"", ""LAM"", ""MDA"", ""MEA"", ""MEX"", ""NIG"", ""RUS"", ""SKT"", ""USA""]",Derived energy intensity,18.192661559306416,1683.460665063078,1000.0,,,,,,,,,,,,,,,,,
ndc_noce,NDC,No CE,e,Global,Iron and steel,Iron and steel,2050,9.42429654114034,GJ/t,plotted,"[""Final Energy|Industry|Iron and Steel|Electricity"", ""Final Energy|Industry|Iron and Steel|Gases"", ""Final Energy|Industry|Iron and Steel|Hydrogen"", ""Final Energy|Industry|Iron and Steel|Liquids"", ""Final Energy|Industry|Iron and Steel|Solids"", ""Production|Iron and Steel|Primary"", ""Production|Iron and Steel|Secondary""]",fig03_energy,,,,,,"[""AFE"", ""AFN"", ""AFW"", ""AFZ"", ""ANZ"", ""ASC"", ""ASE"", ""ASO"", ""BRA"", ""CAN"", ""CHL"", ""CHN"", ""ENE"", ""ENW"", ""EUE"", ""EUM"", ""EUW"", ""IDN"", ""IND"", ""JPN"", ""LAM"", ""MDA"", ""MEA"", ""MEX"", ""NIG"", ""RUS"", ""SKT"", ""USA""]",Derived energy intensity,20.610274696201518,2186.9297730849707,1000.0,,,,,,,,,,,,,,,,,
baseline_noce,NDC+LTT,No CE,b,Global,Iron and steel,Iron and steel,2019,30.242503133675367,EJ/yr,plotted,"[""Final Energy|Industry|Iron and Steel|Electricity"", ""Final Energy|Industry|Iron and Steel|Gases"", ""Final Energy|Industry|Iron and Steel|Hydrogen"", ""Final Energy|Industry|Iron and Steel|Liquids"", ""Final Energy|Industry|Iron and Steel|Solids""]",fig03_energy,,,,,,"[""AFE"", ""AFN"", ""AFW"", ""AFZ"", ""ANZ"", ""ASC"", ""ASE"", ""ASO"", ""BRA"", ""CAN"", ""CHL"", ""CHN"", ""ENE"", ""ENW"", ""EUE"", ""EUM"", ""EUW"", ""IDN"", ""IND"", ""JPN"", ""LAM"", ""MDA"", ""MEA"", ""MEX"", ""NIG"", ""RUS"", ""SKT"", ""USA""]",Final energy,30.242503133675367,,,,,,,,,,,,,,,,,,,
baseline_noce,NDC+LTT,No CE,b,Global,Iron and steel,Iron and steel,2024,27.031373511905567,EJ/yr,plotted,"[""Final Energy|Industry|Iron and Steel|Electricity"", ""Final Energy|Industry|Iron and Steel|Gases"", ""Final Energy|Industry|Iron and Steel|Hydrogen"", ""Final Energy|Industry|Iron and Steel|Liquids"", ""Final Energy|Industry|Iron and Steel|Solids""]",fig03_energy,,,,,,"[""AFE"", ""AFN"", ""AFW"", ""AFZ"", ""ANZ"", ""ASC"", ""ASE"", ""ASO"", ""BRA"", ""CAN"", ""CHL"", ""CHN"", ""ENE"", ""ENW"", ""EUE"", ""EUM"", ""EUW"", ""IDN"", ""IND"", ""JPN"", ""LAM"", ""MDA"", ""MEA"", ""MEX"", ""NIG"", ""RUS"", ""SKT"", ""USA""]",Final energy,27.031373511905567,,,,,,,,,,,,,,,,,,,
baseline_noce,NDC+LTT,No CE,b,Global,Iron and steel,Iron and steel,2030,22.413982158138463,EJ/yr,plotted,"[""Final Energy|Industry|Iron and Steel|Electricity"", ""Final Energy|Industry|Iron and Steel|Gases"", ""Final Energy|Industry|Iron and Steel|Hydrogen"", ""Final Energy|Industry|Iron and Steel|Liquids"", ""Final Energy|Industry|Iron and Steel|Solids""]",fig03_energy,,,,,,"[""AFE"", ""AFN"", ""AFW"", ""AFZ"", ""ANZ"", ""ASC"", ""ASE"", ""ASO"", ""BRA"", ""CAN"", ""CHL"", ""CHN"", ""ENE"", ""ENW"", ""EUE"", ""EUM"", ""EUW"", ""IDN"", ""IND"", ""JPN"", ""LAM"", ""MDA"", ""MEA"", ""MEX"", ""NIG"", ""RUS"", ""SKT"", ""USA""]",Final energy,22.413982158138463,,,,,,,,,,,,,,,,,,,
baseline_noce,NDC+LTT,No CE,b,Global,Iron and steel,Iron and steel,2035,18.318203391361617,EJ/yr,plotted,"[""Final Energy|Industry|Iron and Steel|Electricity"", ""Final Energy|Industry|Iron and Steel|Gases"", ""Final Energy|Industry|Iron and Steel|Hydrogen"", ""Final Energy|Industry|Iron and Steel|Liquids"", ""Final Energy|Industry|Iron and Steel|Solids""]",fig03_energy,,,,,,"[""AFE"", ""AFN"", ""AFW"", ""AFZ"", ""ANZ"", ""ASC"", ""ASE"", ""ASO"", ""BRA"", ""CAN"", ""CHL"", ""CHN"", ""ENE"", ""ENW"", ""EUE"", ""EUM"", ""EUW"", ""IDN"", ""IND"", ""JPN"", ""LAM"", ""MDA"", ""MEA"", ""MEX"", ""NIG"", ""RUS"", ""SKT"", ""USA""]",Final energy,18.318203391361617,,,,,,,,,,,,,,,,,,,
baseline_noce,NDC+LTT,No CE,b,Global,Iron and steel,Iron and steel,2040,15.883302892301622,EJ/yr,plotted,"[""Final Energy|Industry|Iron and Steel|Electricity"", ""Final Energy|Industry|Iron and Steel|Gases"", ""Final Energy|Industry|Iron and Steel|Hydrogen"", ""Final Energy|Industry|Iron and Steel|Liquids"", ""Final Energy|Industry|Iron and Steel|Solids""]",fig03_energy,,,,,,"[""AFE"", ""AFN"", ""AFW"", ""AFZ"", ""ANZ"", ""ASC"", ""ASE"", ""ASO"", ""BRA"", ""CAN"", ""CHL"", ""CHN"", ""ENE"", ""ENW"", ""EUE"", ""EUM"", ""EUW"", ""IDN"", ""IND"", ""JPN"", ""LAM"", ""MDA"", ""MEA"", ""MEX"", ""NIG"", ""RUS"", ""SKT"", ""USA""]",Final energy,15.883302892301622,,,,,,,,,,,,,,,,,,,
baseline_noce,NDC+LTT,No CE,b,Global,Iron and steel,Iron and steel,2050,14.713596638626818,EJ/yr,plotted,"[""Final Energy|Industry|Iron and Steel|Electricity"", ""Final Energy|Industry|Iron and Steel|Gases"", ""Final Energy|Industry|Iron and Steel|Hydrogen"", ""Final Energy|Industry|Iron and Steel|Liquids"", ""Final Energy|Industry|Iron and Steel|Solids""]",fig03_energy,,,,,,"[""AFE"", ""AFN"", ""AFW"", ""AFZ"", ""ANZ"", ""ASC"", ""ASE"", ""ASO"", ""BRA"", ""CAN"", ""CHL"", ""CHN"", ""ENE"", ""ENW"", ""EUE"", ""EUM"", ""EUW"", ""IDN"", ""IND"", ""JPN"", ""LAM"", ""MDA"", ""MEA"", ""MEX"", ""NIG"", ""RUS"", ""SKT"", ""USA""]",Final energy,14.713596638626818,,,,,,,,,,,,,,,,,,,
baseline_noce,NDC+LTT,No CE,e,Global,Iron and steel,Iron and steel,2019,17.2350282372206,GJ/t,plotted,"[""Final Energy|Industry|Iron and Steel|Electricity"", ""Final Energy|Industry|Iron and Steel|Gases"", ""Final Energy|Industry|Iron and Steel|Hydrogen"", ""Final Energy|Industry|Iron and Steel|Liquids"", ""Final Energy|Industry|Iron and Steel|Solids"", ""Production|Iron and Steel|Primary"", ""Production|Iron and Steel|Secondary""]",fig03_energy,,,,,,"[""AFE"", ""AFN"", ""AFW"", ""AFZ"", ""ANZ"", ""ASC"", ""ASE"", ""ASO"", ""BRA"", ""CAN"", ""CHL"", ""CHN"", ""ENE"", ""ENW"", ""EUE"", ""EUM"", ""EUW"", ""IDN"", ""IND"", ""JPN"", ""LAM"", ""MDA"", ""MEA"", ""MEX"", ""NIG"", ""RUS"", ""SKT"", ""USA""]",Derived energy intensity,30.242503133675367,1754.711551232852,1000.0,,,,,,,,,,,,,,,,,
baseline_noce,NDC+LTT,No CE,e,Global,Iron and steel,Iron and steel,2024,15.66963987947582,GJ/t,plotted,"[""Final Energy|Industry|Iron and Steel|Electricity"", ""Final Energy|Industry|Iron and Steel|Gases"", ""Final Energy|Industry|Iron and Steel|Hydrogen"", ""Final Energy|Industry|Iron and Steel|Liquids"", ""Final Energy|Industry|Iron and Steel|Solids"", ""Production|Iron and Steel|Primary"", ""Production|Iron and Steel|Secondary""]",fig03_energy,,,,,,"[""AFE"", ""AFN"", ""AFW"", ""AFZ"", ""ANZ"", ""ASC"", ""ASE"", ""ASO"", ""BRA"", ""CAN"", ""CHL"", ""CHN"", ""ENE"", ""ENW"", ""EUE"", ""EUM"", ""EUW"", ""IDN"", ""IND"", ""JPN"", ""LAM"", ""MDA"", ""MEA"", ""MEX"", ""NIG"", ""RUS"", ""SKT"", ""USA""]",Derived energy intensity,27.031373511905567,1725.0794351254624,1000.0,,,,,,,,,,,,,,,,,
baseline_noce,NDC+LTT,No CE,e,Global,Iron and steel,Iron and steel,2030,13.650505777791986,GJ/t,plotted,"[""Final Energy|Industry|Iron and Steel|Electricity"", ""Final Energy|Industry|Iron and Steel|Gases"", ""Final Energy|Industry|Iron and Steel|Hydrogen"", ""Final Energy|Industry|Iron and Steel|Liquids"", ""Final Energy|Industry|Iron and Steel|Solids"", ""Production|Iron and Steel|Primary"", ""Production|Iron and Steel|Secondary""]",fig03_energy,,,,,,"[""AFE"", ""AFN"", ""AFW"", ""AFZ"", ""ANZ"", ""ASC"", ""ASE"", ""ASO"", ""BRA"", ""CAN"", ""CHL"", ""CHN"", ""ENE"", ""ENW"", ""EUE"", ""EUM"", ""EUW"", ""IDN"", ""IND"", ""JPN"", ""LAM"", ""MDA"", ""MEA"", ""MEX"", ""NIG"", ""RUS"", ""SKT"", ""USA""]",Derived energy intensity,22.413982158138463,1641.9891338095165,1000.0,,,,,,,,,,,,,,,,,
baseline_noce,NDC+LTT,No CE,e,Global,Iron and steel,Iron and steel,2035,11.480169599201504,GJ/t,plotted,"[""Final Energy|Industry|Iron and Steel|Electricity"", ""Final Energy|Industry|Iron and Steel|Gases"", ""Final Energy|Industry|Iron and Steel|Hydrogen"", ""Final Energy|Industry|Iron and Steel|Liquids"", ""Final Energy|Industry|Iron and Steel|Solids"", ""Production|Iron and Steel|Primary"", ""Production|Iron and Steel|Secondary""]",fig03_energy,,,,,,"[""AFE"", ""AFN"", ""AFW"", ""AFZ"", ""ANZ"", ""ASC"", ""ASE"", ""ASO"", ""BRA"", ""CAN"", ""CHL"", ""CHN"", ""ENE"", ""ENW"", ""EUE"", ""EUM"", ""EUW"", ""IDN"", ""IND"", ""JPN"", ""LAM"", ""MDA"", ""MEA"", ""MEX"", ""NIG"", ""RUS"", ""SKT"", ""USA""]",Derived energy intensity,18.318203391361617,1595.6387432321321,1000.0,,,,,,,,,,,,,,,,,
baseline_noce,NDC+LTT,No CE,e,Global,Iron and steel,Iron and steel,2040,9.43491219616229,GJ/t,plotted,"[""Final Energy|Industry|Iron and Steel|Electricity"", ""Final Energy|Industry|Iron and Steel|Gases"", ""Final Energy|Industry|Iron and Steel|Hydrogen"", ""Final Energy|Industry|Iron and Steel|Liquids"", ""Final Energy|Industry|Iron and Steel|Solids"", ""Production|Iron and Steel|Primary"", ""Production|Iron and Steel|Secondary""]",fig03_energy,,,,,,"[""AFE"", ""AFN"", ""AFW"", ""AFZ"", ""ANZ"", ""ASC"", ""ASE"", ""ASO"", ""BRA"", ""CAN"", ""CHL"", ""CHN"", ""ENE"", ""ENW"", ""EUE"", ""EUM"", ""EUW"", ""IDN"", ""IND"", ""JPN"", ""LAM"", ""MDA"", ""MEA"", ""MEX"", ""NIG"", ""RUS"", ""SKT"", ""USA""]",Derived energy intensity,15.883302892301622,1683.4605942344915,1000.0,,,,,,,,,,,,,,,,,
baseline_noce,NDC+LTT,No CE,e,Global,Iron and steel,Iron and steel,2050,6.727969672954673,GJ/t,plotted,"[""Final Energy|Industry|Iron and Steel|Electricity"", ""Final Energy|Industry|Iron and Steel|Gases"", ""Final Energy|Industry|Iron and Steel|Hydrogen"", ""Final Energy|Industry|Iron and Steel|Liquids"", ""Final Energy|Industry|Iron and Steel|Solids"", ""Production|Iron and Steel|Primary"", ""Production|Iron and Steel|Secondary""]",fig03_energy,,,,,,"[""AFE"", ""AFN"", ""AFW"", ""AFZ"", ""ANZ"", ""ASC"", ""ASE"", ""ASO"", ""BRA"", ""CAN"", ""CHL"", ""CHN"", ""ENE"", ""ENW"", ""EUE"", ""EUM"", ""EUW"", ""IDN"", ""IND"", ""JPN"", ""LAM"", ""MDA"", ""MEA"", ""MEX"", ""NIG"", ""RUS"", ""SKT"", ""USA""]",Derived energy intensity,14.713596638626818,2186.929691103253,1000.0,,,,,,,,,,,,,,,,,
ndc_noce,NDC,No CE,c,Global,Aluminium,Aluminium,2019,4.680947868457299,EJ/yr,plotted,"[""Final Energy|Industry|Non-Ferrous Metals|Aluminum|Electricity"", ""Final Energy|Industry|Non-Ferrous Metals|Aluminum|Gases"", ""Final Energy|Industry|Non-Ferrous Metals|Aluminum|Hydrogen"", ""Final Energy|Industry|Non-Ferrous Metals|Aluminum|Liquids"", ""Final Energy|Industry|Non-Ferrous Metals|Aluminum|Solids""]",fig03_energy,,,,,,"[""AFE"", ""AFN"", ""AFW"", ""AFZ"", ""ANZ"", ""ASC"", ""ASE"", ""ASO"", ""BRA"", ""CAN"", ""CHL"", ""CHN"", ""ENE"", ""ENW"", ""EUE"", ""EUM"", ""EUW"", ""IDN"", ""IND"", ""JPN"", ""LAM"", ""MDA"", ""MEA"", ""MEX"", ""NIG"", ""RUS"", ""SKT"", ""USA""]",Final energy,4.680947868457299,,,,,,,,,,,,,,,,,,,
ndc_noce,NDC,No CE,c,Global,Aluminium,Aluminium,2024,5.860733662726895,EJ/yr,plotted,"[""Final Energy|Industry|Non-Ferrous Metals|Aluminum|Electricity"", ""Final Energy|Industry|Non-Ferrous Metals|Aluminum|Gases"", ""Final Energy|Industry|Non-Ferrous Metals|Aluminum|Hydrogen"", ""Final Energy|Industry|Non-Ferrous Metals|Aluminum|Liquids"", ""Final Energy|Industry|Non-Ferrous Metals|Aluminum|Solids""]",fig03_energy,,,,,,"[""AFE"", ""AFN"", ""AFW"", ""AFZ"", ""ANZ"", ""ASC"", ""ASE"", ""ASO"", ""BRA"", ""CAN"", ""CHL"", ""CHN"", ""ENE"", ""ENW"", ""EUE"", ""EUM"", ""EUW"", ""IDN"", ""IND"", ""JPN"", ""LAM"", ""MDA"", ""MEA"", ""MEX"", ""NIG"", ""RUS"", ""SKT"", ""USA""]",Final energy,5.860733662726895,,,,,,,,,,,,,,,,,,,
ndc_noce,NDC,No CE,c,Global,Aluminium,Aluminium,2030,5.655919360460341,EJ/yr,plotted,"[""Final Energy|Industry|Non-Ferrous Metals|Aluminum|Electricity"", ""Final Energy|Industry|Non-Ferrous Metals|Aluminum|Gases"", ""Final Energy|Industry|Non-Ferrous Metals|Aluminum|Hydrogen"", ""Final Energy|Industry|Non-Ferrous Metals|Aluminum|Liquids"", ""Final Energy|Industry|Non-Ferrous Metals|Aluminum|Solids""]",fig03_energy,,,,,,"[""AFE"", ""AFN"", ""AFW"", ""AFZ"", ""ANZ"", ""ASC"", ""ASE"", ""ASO"", ""BRA"", ""CAN"", ""CHL"", ""CHN"", ""ENE"", ""ENW"", ""EUE"", ""EUM"", ""EUW"", ""IDN"", ""IND"", ""JPN"", ""LAM"", ""MDA"", ""MEA"", ""MEX"", ""NIG"", ""RUS"", ""SKT"", ""USA""]",Final energy,5.655919360460341,,,,,,,,,,,,,,,,,,,
ndc_noce,NDC,No CE,c,Global,Aluminium,Aluminium,2035,5.41495260550056,EJ/yr,plotted,"[""Final Energy|Industry|Non-Ferrous Metals|Aluminum|Electricity"", ""Final Energy|Industry|Non-Ferrous Metals|Aluminum|Gases"", ""Final Energy|Industry|Non-Ferrous Metals|Aluminum|Hydrogen"", ""Final Energy|Industry|Non-Ferrous Metals|Aluminum|Liquids"", ""Final Energy|Industry|Non-Ferrous Metals|Aluminum|Solids""]",fig03_energy,,,,,,"[""AFE"", ""AFN"", ""AFW"", ""AFZ"", ""ANZ"", ""ASC"", ""ASE"", ""ASO"", ""BRA"", ""CAN"", ""CHL"", ""CHN"", ""ENE"", ""ENW"", ""EUE"", ""EUM"", ""EUW"", ""IDN"", ""IND"", ""JPN"", ""LAM"", ""MDA"", ""MEA"", ""MEX"", ""NIG"", ""RUS"", ""SKT"", ""USA""]",Final energy,5.41495260550056,,,,,,,,,,,,,,,,,,,
ndc_noce,NDC,No CE,c,Global,Aluminium,Aluminium,2040,5.489405813907431,EJ/yr,plotted,"[""Final Energy|Industry|Non-Ferrous Metals|Aluminum|Electricity"", ""Final Energy|Industry|Non-Ferrous Metals|Aluminum|Gases"", ""Final Energy|Industry|Non-Ferrous Metals|Aluminum|Hydrogen"", ""Final Energy|Industry|Non-Ferrous Metals|Aluminum|Liquids"", ""Final Energy|Industry|Non-Ferrous Metals|Aluminum|Solids""]",fig03_energy,,,,,,"[""AFE"", ""AFN"", ""AFW"", ""AFZ"", ""ANZ"", ""ASC"", ""ASE"", ""ASO"", ""BRA"", ""CAN"", ""CHL"", ""CHN"", ""ENE"", ""ENW"", ""EUE"", ""EUM"", ""EUW"", ""IDN"", ""IND"", ""JPN"", ""LAM"", ""MDA"", ""MEA"", ""MEX"", ""NIG"", ""RUS"", ""SKT"", ""USA""]",Final energy,5.489405813907431,,,,,,,,,,,,,,,,,,,
ndc_noce,NDC,No CE,c,Global,Aluminium,Aluminium,2050,5.1888336658195175,EJ/yr,plotted,"[""Final Energy|Industry|Non-Ferrous Metals|Aluminum|Electricity"", ""Final Energy|Industry|Non-Ferrous Metals|Aluminum|Gases"", ""Final Energy|Industry|Non-Ferrous Metals|Aluminum|Hydrogen"", ""Final Energy|Industry|Non-Ferrous Metals|Aluminum|Liquids"", ""Final Energy|Industry|Non-Ferrous Metals|Aluminum|Solids""]",fig03_energy,,,,,,"[""AFE"", ""AFN"", ""AFW"", ""AFZ"", ""ANZ"", ""ASC"", ""ASE"", ""ASO"", ""BRA"", ""CAN"", ""CHL"", ""CHN"", ""ENE"", ""ENW"", ""EUE"", ""EUM"", ""EUW"", ""IDN"", ""IND"", ""JPN"", ""LAM"", ""MDA"", ""MEA"", ""MEX"", ""NIG"", ""RUS"", ""SKT"", ""USA""]",Final energy,5.1888336658195175,,,,,,,,,,,,,,,,,,,
ndc_noce,NDC,No CE,f,Global,Aluminium,Aluminium,2019,49.53385365152635,GJ/t,plotted,"[""Final Energy|Industry|Non-Ferrous Metals|Aluminum|Electricity"", ""Final Energy|Industry|Non-Ferrous Metals|Aluminum|Gases"", ""Final Energy|Industry|Non-Ferrous Metals|Aluminum|Hydrogen"", ""Final Energy|Industry|Non-Ferrous Metals|Aluminum|Liquids"", ""Final Energy|Industry|Non-Ferrous Metals|Aluminum|Solids"", ""Production|Non-Ferrous Metals|Aluminum|Primary"", ""Production|Non-Ferrous Metals|Aluminum|Secondary""]",fig03_energy,,,,,,"[""AFE"", ""AFN"", ""AFW"", ""AFZ"", ""ANZ"", ""ASC"", ""ASE"", ""ASO"", ""BRA"", ""CAN"", ""CHL"", ""CHN"", ""ENE"", ""ENW"", ""EUE"", ""EUM"", ""EUW"", ""IDN"", ""IND"", ""JPN"", ""LAM"", ""MDA"", ""MEA"", ""MEX"", ""NIG"", ""RUS"", ""SKT"", ""USA""]",Derived energy intensity,4.680947868457299,94.49997372278058,1000.0,,,,,,,,,,,,,,,,,
ndc_noce,NDC,No CE,f,Global,Aluminium,Aluminium,2024,48.4304832692158,GJ/t,plotted,"[""Final Energy|Industry|Non-Ferrous Metals|Aluminum|Electricity"", ""Final Energy|Industry|Non-Ferrous Metals|Aluminum|Gases"", ""Final Energy|Industry|Non-Ferrous Metals|Aluminum|Hydrogen"", ""Final Energy|Industry|Non-Ferrous Metals|Aluminum|Liquids"", ""Final Energy|Industry|Non-Ferrous Metals|Aluminum|Solids"", ""Production|Non-Ferrous Metals|Aluminum|Primary"", ""Production|Non-Ferrous Metals|Aluminum|Secondary""]",fig03_energy,,,,,,"[""AFE"", ""AFN"", ""AFW"", ""AFZ"", ""ANZ"", ""ASC"", ""ASE"", ""ASO"", ""BRA"", ""CAN"", ""CHL"", ""CHN"", ""ENE"", ""ENW"", ""EUE"", ""EUM"", ""EUW"", ""IDN"", ""IND"", ""JPN"", ""LAM"", ""MDA"", ""MEA"", ""MEX"", ""NIG"", ""RUS"", ""SKT"", ""USA""]",Derived energy intensity,5.860733662726895,121.01332192264523,1000.0,,,,,,,,,,,,,,,,,
ndc_noce,NDC,No CE,f,Global,Aluminium,Aluminium,2030,45.47356509571614,GJ/t,plotted,"[""Final Energy|Industry|Non-Ferrous Metals|Aluminum|Electricity"", ""Final Energy|Industry|Non-Ferrous Metals|Aluminum|Gases"", ""Final Energy|Industry|Non-Ferrous Metals|Aluminum|Hydrogen"", ""Final Energy|Industry|Non-Ferrous Metals|Aluminum|Liquids"", ""Final Energy|Industry|Non-Ferrous Metals|Aluminum|Solids"", ""Production|Non-Ferrous Metals|Aluminum|Primary"", ""Production|Non-Ferrous Metals|Aluminum|Secondary""]",fig03_energy,,,,,,"[""AFE"", ""AFN"", ""AFW"", ""AFZ"", ""ANZ"", ""ASC"", ""ASE"", ""ASO"", ""BRA"", ""CAN"", ""CHL"", ""CHN"", ""ENE"", ""ENW"", ""EUE"", ""EUM"", ""EUW"", ""IDN"", ""IND"", ""JPN"", ""LAM"", ""MDA"", ""MEA"", ""MEX"", ""NIG"", ""RUS"", ""SKT"", ""USA""]",Derived energy intensity,5.655919360460341,124.37818210547911,1000.0,,,,,,,,,,,,,,,,,
ndc_noce,NDC,No CE,f,Global,Aluminium,Aluminium,2035,42.628256093496624,GJ/t,plotted,"[""Final Energy|Industry|Non-Ferrous Metals|Aluminum|Electricity"", ""Final Energy|Industry|Non-Ferrous Metals|Aluminum|Gases"", ""Final Energy|Industry|Non-Ferrous Metals|Aluminum|Hydrogen"", ""Final Energy|Industry|Non-Ferrous Metals|Aluminum|Liquids"", ""Final Energy|Industry|Non-Ferrous Metals|Aluminum|Solids"", ""Production|Non-Ferrous Metals|Aluminum|Primary"", ""Production|Non-Ferrous Metals|Aluminum|Secondary""]",fig03_energy,,,,,,"[""AFE"", ""AFN"", ""AFW"", ""AFZ"", ""ANZ"", ""ASC"", ""ASE"", ""ASO"", ""BRA"", ""CAN"", ""CHL"", ""CHN"", ""ENE"", ""ENW"", ""EUE"", ""EUM"", ""EUW"", ""IDN"", ""IND"", ""JPN"", ""LAM"", ""MDA"", ""MEA"", ""MEX"", ""NIG"", ""RUS"", ""SKT"", ""USA""]",Derived energy intensity,5.41495260550056,127.02730774686012,1000.0,,,,,,,,,,,,,,,,,
ndc_noce,NDC,No CE,f,Global,Aluminium,Aluminium,2040,41.75683884246919,GJ/t,plotted,"[""Final Energy|Industry|Non-Ferrous Metals|Aluminum|Electricity"", ""Final Energy|Industry|Non-Ferrous Metals|Aluminum|Gases"", ""Final Energy|Industry|Non-Ferrous Metals|Aluminum|Hydrogen"", ""Final Energy|Industry|Non-Ferrous Metals|Aluminum|Liquids"", ""Final Energy|Industry|Non-Ferrous Metals|Aluminum|Solids"", ""Production|Non-Ferrous Metals|Aluminum|Primary"", ""Production|Non-Ferrous Metals|Aluminum|Secondary""]",fig03_energy,,,,,,"[""AFE"", ""AFN"", ""AFW"", ""AFZ"", ""ANZ"", ""ASC"", ""ASE"", ""ASO"", ""BRA"", ""CAN"", ""CHL"", ""CHN"", ""ENE"", ""ENW"", ""EUE"", ""EUM"", ""EUW"", ""IDN"", ""IND"", ""JPN"", ""LAM"", ""MDA"", ""MEA"", ""MEX"", ""NIG"", ""RUS"", ""SKT"", ""USA""]",Derived energy intensity,5.489405813907431,131.46124002864838,1000.0,,,,,,,,,,,,,,,,,
ndc_noce,NDC,No CE,f,Global,Aluminium,Aluminium,2050,39.009647640418095,GJ/t,plotted,"[""Final Energy|Industry|Non-Ferrous Metals|Aluminum|Electricity"", ""Final Energy|Industry|Non-Ferrous Metals|Aluminum|Gases"", ""Final Energy|Industry|Non-Ferrous Metals|Aluminum|Hydrogen"", ""Final Energy|Industry|Non-Ferrous Metals|Aluminum|Liquids"", ""Final Energy|Industry|Non-Ferrous Metals|Aluminum|Solids"", ""Production|Non-Ferrous Metals|Aluminum|Primary"", ""Production|Non-Ferrous Metals|Aluminum|Secondary""]",fig03_energy,,,,,,"[""AFE"", ""AFN"", ""AFW"", ""AFZ"", ""ANZ"", ""ASC"", ""ASE"", ""ASO"", ""BRA"", ""CAN"", ""CHL"", ""CHN"", ""ENE"", ""ENW"", ""EUE"", ""EUM"", ""EUW"", ""IDN"", ""IND"", ""JPN"", ""LAM"", ""MDA"", ""MEA"", ""MEX"", ""NIG"", ""RUS"", ""SKT"", ""USA""]",Derived energy intensity,5.1888336658195175,133.0141126535924,1000.0,,,,,,,,,,,,,,,,,
baseline_noce,NDC+LTT,No CE,c,Global,Aluminium,Aluminium,2019,4.680947868457299,EJ/yr,plotted,"[""Final Energy|Industry|Non-Ferrous Metals|Aluminum|Electricity"", ""Final Energy|Industry|Non-Ferrous Metals|Aluminum|Gases"", ""Final Energy|Industry|Non-Ferrous Metals|Aluminum|Hydrogen"", ""Final Energy|Industry|Non-Ferrous Metals|Aluminum|Liquids"", ""Final Energy|Industry|Non-Ferrous Metals|Aluminum|Solids""]",fig03_energy,,,,,,"[""AFE"", ""AFN"", ""AFW"", ""AFZ"", ""ANZ"", ""ASC"", ""ASE"", ""ASO"", ""BRA"", ""CAN"", ""CHL"", ""CHN"", ""ENE"", ""ENW"", ""EUE"", ""EUM"", ""EUW"", ""IDN"", ""IND"", ""JPN"", ""LAM"", ""MDA"", ""MEA"", ""MEX"", ""NIG"", ""RUS"", ""SKT"", ""USA""]",Final energy,4.680947868457299,,,,,,,,,,,,,,,,,,,
baseline_noce,NDC+LTT,No CE,c,Global,Aluminium,Aluminium,2024,5.860733662726905,EJ/yr,plotted,"[""Final Energy|Industry|Non-Ferrous Metals|Aluminum|Electricity"", ""Final Energy|Industry|Non-Ferrous Metals|Aluminum|Gases"", ""Final Energy|Industry|Non-Ferrous Metals|Aluminum|Hydrogen"", ""Final Energy|Industry|Non-Ferrous Metals|Aluminum|Liquids"", ""Final Energy|Industry|Non-Ferrous Metals|Aluminum|Solids""]",fig03_energy,,,,,,"[""AFE"", ""AFN"", ""AFW"", ""AFZ"", ""ANZ"", ""ASC"", ""ASE"", ""ASO"", ""BRA"", ""CAN"", ""CHL"", ""CHN"", ""ENE"", ""ENW"", ""EUE"", ""EUM"", ""EUW"", ""IDN"", ""IND"", ""JPN"", ""LAM"", ""MDA"", ""MEA"", ""MEX"", ""NIG"", ""RUS"", ""SKT"", ""USA""]",Final energy,5.860733662726905,,,,,,,,,,,,,,,,,,,
baseline_noce,NDC+LTT,No CE,c,Global,Aluminium,Aluminium,2030,5.6547165276259586,EJ/yr,plotted,"[""Final Energy|Industry|Non-Ferrous Metals|Aluminum|Electricity"", ""Final Energy|Industry|Non-Ferrous Metals|Aluminum|Gases"", ""Final Energy|Industry|Non-Ferrous Metals|Aluminum|Hydrogen"", ""Final Energy|Industry|Non-Ferrous Metals|Aluminum|Liquids"", ""Final Energy|Industry|Non-Ferrous Metals|Aluminum|Solids""]",fig03_energy,,,,,,"[""AFE"", ""AFN"", ""AFW"", ""AFZ"", ""ANZ"", ""ASC"", ""ASE"", ""ASO"", ""BRA"", ""CAN"", ""CHL"", ""CHN"", ""ENE"", ""ENW"", ""EUE"", ""EUM"", ""EUW"", ""IDN"", ""IND"", ""JPN"", ""LAM"", ""MDA"", ""MEA"", ""MEX"", ""NIG"", ""RUS"", ""SKT"", ""USA""]",Final energy,5.6547165276259586,,,,,,,,,,,,,,,,,,,
baseline_noce,NDC+LTT,No CE,c,Global,Aluminium,Aluminium,2035,5.406990438221566,EJ/yr,plotted,"[""Final Energy|Industry|Non-Ferrous Metals|Aluminum|Electricity"", ""Final Energy|Industry|Non-Ferrous Metals|Aluminum|Gases"", ""Final Energy|Industry|Non-Ferrous Metals|Aluminum|Hydrogen"", ""Final Energy|Industry|Non-Ferrous Metals|Aluminum|Liquids"", ""Final Energy|Industry|Non-Ferrous Metals|Aluminum|Solids""]",fig03_energy,,,,,,"[""AFE"", ""AFN"", ""AFW"", ""AFZ"", ""ANZ"", ""ASC"", ""ASE"", ""ASO"", ""BRA"", ""CAN"", ""CHL"", ""CHN"", ""ENE"", ""ENW"", ""EUE"", ""EUM"", ""EUW"", ""IDN"", ""IND"", ""JPN"", ""LAM"", ""MDA"", ""MEA"", ""MEX"", ""NIG"", ""RUS"", ""SKT"", ""USA""]",Final energy,5.406990438221566,,,,,,,,,,,,,,,,,,,
baseline_noce,NDC+LTT,No CE,c,Global,Aluminium,Aluminium,2040,5.470412460904511,EJ/yr,plotted,"[""Final Energy|Industry|Non-Ferrous Metals|Aluminum|Electricity"", ""Final Energy|Industry|Non-Ferrous Metals|Aluminum|Gases"", ""Final Energy|Industry|Non-Ferrous Metals|Aluminum|Hydrogen"", ""Final Energy|Industry|Non-Ferrous Metals|Aluminum|Liquids"", ""Final Energy|Industry|Non-Ferrous Metals|Aluminum|Solids""]",fig03_energy,,,,,,"[""AFE"", ""AFN"", ""AFW"", ""AFZ"", ""ANZ"", ""ASC"", ""ASE"", ""ASO"", ""BRA"", ""CAN"", ""CHL"", ""CHN"", ""ENE"", ""ENW"", ""EUE"", ""EUM"", ""EUW"", ""IDN"", ""IND"", ""JPN"", ""LAM"", ""MDA"", ""MEA"", ""MEX"", ""NIG"", ""RUS"", ""SKT"", ""USA""]",Final energy,5.470412460904511,,,,,,,,,,,,,,,,,,,
baseline_noce,NDC+LTT,No CE,c,Global,Aluminium,Aluminium,2050,5.146821529427613,EJ/yr,plotted,"[""Final Energy|Industry|Non-Ferrous Metals|Aluminum|Electricity"", ""Final Energy|Industry|Non-Ferrous Metals|Aluminum|Gases"", ""Final Energy|Industry|Non-Ferrous Metals|Aluminum|Hydrogen"", ""Final Energy|Industry|Non-Ferrous Metals|Aluminum|Liquids"", ""Final Energy|Industry|Non-Ferrous Metals|Aluminum|Solids""]",fig03_energy,,,,,,"[""AFE"", ""AFN"", ""AFW"", ""AFZ"", ""ANZ"", ""ASC"", ""ASE"", ""ASO"", ""BRA"", ""CAN"", ""CHL"", ""CHN"", ""ENE"", ""ENW"", ""EUE"", ""EUM"", ""EUW"", ""IDN"", ""IND"", ""JPN"", ""LAM"", ""MDA"", ""MEA"", ""MEX"", ""NIG"", ""RUS"", ""SKT"", ""USA""]",Final energy,5.146821529427613,,,,,,,,,,,,,,,,,,,
baseline_noce,NDC+LTT,No CE,f,Global,Aluminium,Aluminium,2019,49.53385365152635,GJ/t,plotted,"[""Final Energy|Industry|Non-Ferrous Metals|Aluminum|Electricity"", ""Final Energy|Industry|Non-Ferrous Metals|Aluminum|Gases"", ""Final Energy|Industry|Non-Ferrous Metals|Aluminum|Hydrogen"", ""Final Energy|Industry|Non-Ferrous Metals|Aluminum|Liquids"", ""Final Energy|Industry|Non-Ferrous Metals|Aluminum|Solids"", ""Production|Non-Ferrous Metals|Aluminum|Primary"", ""Production|Non-Ferrous Metals|Aluminum|Secondary""]",fig03_energy,,,,,,"[""AFE"", ""AFN"", ""AFW"", ""AFZ"", ""ANZ"", ""ASC"", ""ASE"", ""ASO"", ""BRA"", ""CAN"", ""CHL"", ""CHN"", ""ENE"", ""ENW"", ""EUE"", ""EUM"", ""EUW"", ""IDN"", ""IND"", ""JPN"", ""LAM"", ""MDA"", ""MEA"", ""MEX"", ""NIG"", ""RUS"", ""SKT"", ""USA""]",Derived energy intensity,4.680947868457299,94.49997372278058,1000.0,,,,,,,,,,,,,,,,,
baseline_noce,NDC+LTT,No CE,f,Global,Aluminium,Aluminium,2024,48.430483269215884,GJ/t,plotted,"[""Final Energy|Industry|Non-Ferrous Metals|Aluminum|Electricity"", ""Final Energy|Industry|Non-Ferrous Metals|Aluminum|Gases"", ""Final Energy|Industry|Non-Ferrous Metals|Aluminum|Hydrogen"", ""Final Energy|Industry|Non-Ferrous Metals|Aluminum|Liquids"", ""Final Energy|Industry|Non-Ferrous Metals|Aluminum|Solids"", ""Production|Non-Ferrous Metals|Aluminum|Primary"", ""Production|Non-Ferrous Metals|Aluminum|Secondary""]",fig03_energy,,,,,,"[""AFE"", ""AFN"", ""AFW"", ""AFZ"", ""ANZ"", ""ASC"", ""ASE"", ""ASO"", ""BRA"", ""CAN"", ""CHL"", ""CHN"", ""ENE"", ""ENW"", ""EUE"", ""EUM"", ""EUW"", ""IDN"", ""IND"", ""JPN"", ""LAM"", ""MDA"", ""MEA"", ""MEX"", ""NIG"", ""RUS"", ""SKT"", ""USA""]",Derived energy intensity,5.860733662726905,121.01332192264523,1000.0,,,,,,,,,,,,,,,,,
baseline_noce,NDC+LTT,No CE,f,Global,Aluminium,Aluminium,2030,45.46389806226275,GJ/t,plotted,"[""Final Energy|Industry|Non-Ferrous Metals|Aluminum|Electricity"", ""Final Energy|Industry|Non-Ferrous Metals|Aluminum|Gases"", ""Final Energy|Industry|Non-Ferrous Metals|Aluminum|Hydrogen"", ""Final Energy|Industry|Non-Ferrous Metals|Aluminum|Liquids"", ""Final Energy|Industry|Non-Ferrous Metals|Aluminum|Solids"", ""Production|Non-Ferrous Metals|Aluminum|Primary"", ""Production|Non-Ferrous Metals|Aluminum|Secondary""]",fig03_energy,,,,,,"[""AFE"", ""AFN"", ""AFW"", ""AFZ"", ""ANZ"", ""ASC"", ""ASE"", ""ASO"", ""BRA"", ""CAN"", ""CHL"", ""CHN"", ""ENE"", ""ENW"", ""EUE"", ""EUM"", ""EUW"", ""IDN"", ""IND"", ""JPN"", ""LAM"", ""MDA"", ""MEA"", ""MEX"", ""NIG"", ""RUS"", ""SKT"", ""USA""]",Derived energy intensity,5.6547165276259586,124.37817188226649,1000.0,,,,,,,,,,,,,,,,,
baseline_noce,NDC+LTT,No CE,f,Global,Aluminium,Aluminium,2035,42.565582685550275,GJ/t,plotted,"[""Final Energy|Industry|Non-Ferrous Metals|Aluminum|Electricity"", ""Final Energy|Industry|Non-Ferrous Metals|Aluminum|Gases"", ""Final Energy|Industry|Non-Ferrous Metals|Aluminum|Hydrogen"", ""Final Energy|Industry|Non-Ferrous Metals|Aluminum|Liquids"", ""Final Energy|Industry|Non-Ferrous Metals|Aluminum|Solids"", ""Production|Non-Ferrous Metals|Aluminum|Primary"", ""Production|Non-Ferrous Metals|Aluminum|Secondary""]",fig03_energy,,,,,,"[""AFE"", ""AFN"", ""AFW"", ""AFZ"", ""ANZ"", ""ASC"", ""ASE"", ""ASO"", ""BRA"", ""CAN"", ""CHL"", ""CHN"", ""ENE"", ""ENW"", ""EUE"", ""EUM"", ""EUW"", ""IDN"", ""IND"", ""JPN"", ""LAM"", ""MDA"", ""MEA"", ""MEX"", ""NIG"", ""RUS"", ""SKT"", ""USA""]",Derived energy intensity,5.406990438221566,127.02728582773696,1000.0,,,,,,,,,,,,,,,,,
baseline_noce,NDC+LTT,No CE,f,Global,Aluminium,Aluminium,2040,41.6123671730906,GJ/t,plotted,"[""Final Energy|Industry|Non-Ferrous Metals|Aluminum|Electricity"", ""Final Energy|Industry|Non-Ferrous Metals|Aluminum|Gases"", ""Final Energy|Industry|Non-Ferrous Metals|Aluminum|Hydrogen"", ""Final Energy|Industry|Non-Ferrous Metals|Aluminum|Liquids"", ""Final Energy|Industry|Non-Ferrous Metals|Aluminum|Solids"", ""Production|Non-Ferrous Metals|Aluminum|Primary"", ""Production|Non-Ferrous Metals|Aluminum|Secondary""]",fig03_energy,,,,,,"[""AFE"", ""AFN"", ""AFW"", ""AFZ"", ""ANZ"", ""ASC"", ""ASE"", ""ASO"", ""BRA"", ""CAN"", ""CHL"", ""CHN"", ""ENE"", ""ENW"", ""EUE"", ""EUM"", ""EUW"", ""IDN"", ""IND"", ""JPN"", ""LAM"", ""MDA"", ""MEA"", ""MEX"", ""NIG"", ""RUS"", ""SKT"", ""USA""]",Derived energy intensity,5.470412460904511,131.46121772284212,1000.0,,,,,,,,,,,,,,,,,
baseline_noce,NDC+LTT,No CE,f,Global,Aluminium,Aluminium,2050,38.69380796236597,GJ/t,plotted,"[""Final Energy|Industry|Non-Ferrous Metals|Aluminum|Electricity"", ""Final Energy|Industry|Non-Ferrous Metals|Aluminum|Gases"", ""Final Energy|Industry|Non-Ferrous Metals|Aluminum|Hydrogen"", ""Final Energy|Industry|Non-Ferrous Metals|Aluminum|Liquids"", ""Final Energy|Industry|Non-Ferrous Metals|Aluminum|Solids"", ""Production|Non-Ferrous Metals|Aluminum|Primary"", ""Production|Non-Ferrous Metals|Aluminum|Secondary""]",fig03_energy,,,,,,"[""AFE"", ""AFN"", ""AFW"", ""AFZ"", ""ANZ"", ""ASC"", ""ASE"", ""ASO"", ""BRA"", ""CAN"", ""CHL"", ""CHN"", ""ENE"", ""ENW"", ""EUE"", ""EUM"", ""EUW"", ""IDN"", ""IND"", ""JPN"", ""LAM"", ""MDA"", ""MEA"", ""MEX"", ""NIG"", ""RUS"", ""SKT"", ""USA""]",Derived energy intensity,5.146821529427613,133.01408676120656,1000.0,,,,,,,,,,,,,,,,,
ndc_noce,NDC,No CE,a,Global,Cement,Cement,2019,2.542758438447978,GtCO2e/yr,plotted,"[""Emissions|GHG|Industry|Non-Metallic Minerals|Cement""]",fig04_emissions,,,,,,"[""AFE"", ""AFN"", ""AFW"", ""AFZ"", ""ANZ"", ""ASC"", ""ASE"", ""ASO"", ""BRA"", ""CAN"", ""CHL"", ""CHN"", ""ENE"", ""ENW"", ""EUE"", ""EUM"", ""EUW"", ""IDN"", ""IND"", ""JPN"", ""LAM"", ""MDA"", ""MEA"", ""MEX"", ""NIG"", ""RUS"", ""SKT"", ""USA""]",Sector GHG emissions,,,0.001,2542.758438447978,MtCO2e/yr,,,,,,,,,,,,,,,
ndc_noce,NDC,No CE,a,Global,Cement,Cement,2024,2.36069368367247,GtCO2e/yr,plotted,"[""Emissions|GHG|Industry|Non-Metallic Minerals|Cement""]",fig04_emissions,,,,,,"[""AFE"", ""AFN"", ""AFW"", ""AFZ"", ""ANZ"", ""ASC"", ""ASE"", ""ASO"", ""BRA"", ""CAN"", ""CHL"", ""CHN"", ""ENE"", ""ENW"", ""EUE"", ""EUM"", ""EUW"", ""IDN"", ""IND"", ""JPN"", ""LAM"", ""MDA"", ""MEA"", ""MEX"", ""NIG"", ""RUS"", ""SKT"", ""USA""]",Sector GHG emissions,,,0.001,2360.6936836724703,MtCO2e/yr,,,,,,,,,,,,,,,
ndc_noce,NDC,No CE,a,Global,Cement,Cement,2030,2.1019035280152876,GtCO2e/yr,plotted,"[""Emissions|GHG|Industry|Non-Metallic Minerals|Cement""]",fig04_emissions,,,,,,"[""AFE"", ""AFN"", ""AFW"", ""AFZ"", ""ANZ"", ""ASC"", ""ASE"", ""ASO"", ""BRA"", ""CAN"", ""CHL"", ""CHN"", ""ENE"", ""ENW"", ""EUE"", ""EUM"", ""EUW"", ""IDN"", ""IND"", ""JPN"", ""LAM"", ""MDA"", ""MEA"", ""MEX"", ""NIG"", ""RUS"", ""SKT"", ""USA""]",Sector GHG emissions,,,0.001,2101.9035280152875,MtCO2e/yr,,,,,,,,,,,,,,,
ndc_noce,NDC,No CE,a,Global,Cement,Cement,2035,2.002443544300818,GtCO2e/yr,plotted,"[""Emissions|GHG|Industry|Non-Metallic Minerals|Cement""]",fig04_emissions,,,,,,"[""AFE"", ""AFN"", ""AFW"", ""AFZ"", ""ANZ"", ""ASC"", ""ASE"", ""ASO"", ""BRA"", ""CAN"", ""CHL"", ""CHN"", ""ENE"", ""ENW"", ""EUE"", ""EUM"", ""EUW"", ""IDN"", ""IND"", ""JPN"", ""LAM"", ""MDA"", ""MEA"", ""MEX"", ""NIG"", ""RUS"", ""SKT"", ""USA""]",Sector GHG emissions,,,0.001,2002.4435443008183,MtCO2e/yr,,,,,,,,,,,,,,,
ndc_noce,NDC,No CE,a,Global,Cement,Cement,2040,1.927351789079734,GtCO2e/yr,plotted,"[""Emissions|GHG|Industry|Non-Metallic Minerals|Cement""]",fig04_emissions,,,,,,"[""AFE"", ""AFN"", ""AFW"", ""AFZ"", ""ANZ"", ""ASC"", ""ASE"", ""ASO"", ""BRA"", ""CAN"", ""CHL"", ""CHN"", ""ENE"", ""ENW"", ""EUE"", ""EUM"", ""EUW"", ""IDN"", ""IND"", ""JPN"", ""LAM"", ""MDA"", ""MEA"", ""MEX"", ""NIG"", ""RUS"", ""SKT"", ""USA""]",Sector GHG emissions,,,0.001,1927.351789079734,MtCO2e/yr,,,,,,,,,,,,,,,
ndc_noce,NDC,No CE,a,Global,Cement,Cement,2050,1.8066775162798043,GtCO2e/yr,plotted,"[""Emissions|GHG|Industry|Non-Metallic Minerals|Cement""]",fig04_emissions,,,,,,"[""AFE"", ""AFN"", ""AFW"", ""AFZ"", ""ANZ"", ""ASC"", ""ASE"", ""ASO"", ""BRA"", ""CAN"", ""CHL"", ""CHN"", ""ENE"", ""ENW"", ""EUE"", ""EUM"", ""EUW"", ""IDN"", ""IND"", ""JPN"", ""LAM"", ""MDA"", ""MEA"", ""MEX"", ""NIG"", ""RUS"", ""SKT"", ""USA""]",Sector GHG emissions,,,0.001,1806.6775162798044,MtCO2e/yr,,,,,,,,,,,,,,,
ndc_noce,NDC,No CE,b,Global,Cement,Cement,2019,27.356840966058222,%,plotted,"[""Emissions|GHG|Industry|Non-Metallic Minerals|Cement"", ""Emissions|GHG|Industry""]",fig04_emissions,,,,,,"[""AFE"", ""AFN"", ""AFW"", ""AFZ"", ""ANZ"", ""ASC"", ""ASE"", ""ASO"", ""BRA"", ""CAN"", ""CHL"", ""CHN"", ""ENE"", ""ENW"", ""EUE"", ""EUM"", ""EUW"", ""IDN"", ""IND"", ""JPN"", ""LAM"", ""MDA"", ""MEA"", ""MEX"", ""NIG"", ""RUS"", ""SKT"", ""USA""]",Share of industrial GHG emissions,,,100.0,2542.758438447978,MtCO2e/yr,9294.780934694878,MtCO2e/yr,,,,,,,,,,,,,
ndc_noce,NDC,No CE,b,Global,Cement,Cement,2024,24.127643958029335,%,plotted,"[""Emissions|GHG|Industry|Non-Metallic Minerals|Cement"", ""Emissions|GHG|Industry""]",fig04_emissions,,,,,,"[""AFE"", ""AFN"", ""AFW"", ""AFZ"", ""ANZ"", ""ASC"", ""ASE"", ""ASO"", ""BRA"", ""CAN"", ""CHL"", ""CHN"", ""ENE"", ""ENW"", ""EUE"", ""EUM"", ""EUW"", ""IDN"", ""IND"", ""JPN"", ""LAM"", ""MDA"", ""MEA"", ""MEX"", ""NIG"", ""RUS"", ""SKT"", ""USA""]",Share of industrial GHG emissions,,,100.0,2360.6936836724703,MtCO2e/yr,9784.186503161927,MtCO2e/yr,,,,,,,,,,,,,
ndc_noce,NDC,No CE,b,Global,Cement,Cement,2030,21.64500977074712,%,plotted,"[""Emissions|GHG|Industry|Non-Metallic Minerals|Cement"", ""Emissions|GHG|Industry""]",fig04_emissions,,,,,,"[""AFE"", ""AFN"", ""AFW"", ""AFZ"", ""ANZ"", ""ASC"", ""ASE"", ""ASO"", ""BRA"", ""CAN"", ""CHL"", ""CHN"", ""ENE"", ""ENW"", ""EUE"", ""EUM"", ""EUW"", ""IDN"", ""IND"", ""JPN"", ""LAM"", ""MDA"", ""MEA"", ""MEX"", ""NIG"", ""RUS"", ""SKT"", ""USA""]",Share of industrial GHG emissions,,,100.0,2101.9035280152875,MtCO2e/yr,9710.799626692597,MtCO2e/yr,,,,,,,,,,,,,
ndc_noce,NDC,No CE,b,Global,Cement,Cement,2035,20.289242198804907,%,plotted,"[""Emissions|GHG|Industry|Non-Metallic Minerals|Cement"", ""Emissions|GHG|Industry""]",fig04_emissions,,,,,,"[""AFE"", ""AFN"", ""AFW"", ""AFZ"", ""ANZ"", ""ASC"", ""ASE"", ""ASO"", ""BRA"", ""CAN"", ""CHL"", ""CHN"", ""ENE"", ""ENW"", ""EUE"", ""EUM"", ""EUW"", ""IDN"", ""IND"", ""JPN"", ""LAM"", ""MDA"", ""MEA"", ""MEX"", ""NIG"", ""RUS"", ""SKT"", ""USA""]",Share of industrial GHG emissions,,,100.0,2002.4435443008183,MtCO2e/yr,9869.484156578148,MtCO2e/yr,,,,,,,,,,,,,
ndc_noce,NDC,No CE,b,Global,Cement,Cement,2040,18.927502213411383,%,plotted,"[""Emissions|GHG|Industry|Non-Metallic Minerals|Cement"", ""Emissions|GHG|Industry""]",fig04_emissions,,,,,,"[""AFE"", ""AFN"", ""AFW"", ""AFZ"", ""ANZ"", ""ASC"", ""ASE"", ""ASO"", ""BRA"", ""CAN"", ""CHL"", ""CHN"", ""ENE"", ""ENW"", ""EUE"", ""EUM"", ""EUW"", ""IDN"", ""IND"", ""JPN"", ""LAM"", ""MDA"", ""MEA"", ""MEX"", ""NIG"", ""RUS"", ""SKT"", ""USA""]",Share of industrial GHG emissions,,,100.0,1927.351789079734,MtCO2e/yr,10182.811061641713,MtCO2e/yr,,,,,,,,,,,,,
ndc_noce,NDC,No CE,b,Global,Cement,Cement,2050,16.674815714474818,%,plotted,"[""Emissions|GHG|Industry|Non-Metallic Minerals|Cement"", ""Emissions|GHG|Industry""]",fig04_emissions,,,,,,"[""AFE"", ""AFN"", ""AFW"", ""AFZ"", ""ANZ"", ""ASC"", ""ASE"", ""ASO"", ""BRA"", ""CAN"", ""CHL"", ""CHN"", ""ENE"", ""ENW"", ""EUE"", ""EUM"", ""EUW"", ""IDN"", ""IND"", ""JPN"", ""LAM"", ""MDA"", ""MEA"", ""MEX"", ""NIG"", ""RUS"", ""SKT"", ""USA""]",Share of industrial GHG emissions,,,100.0,1806.6775162798044,MtCO2e/yr,10834.76751537045,MtCO2e/yr,,,,,,,,,,,,,
ndc_noce,NDC,No CE,c,Global,Cement,Cement,2019,0.6052155971768874,tCO2e/t,plotted,"[""Emissions|GHG|Industry|Non-Metallic Minerals|Cement"", ""Production|Non-Metallic Minerals|Cement""]",fig04_emissions,,,,,,"[""AFE"", ""AFN"", ""AFW"", ""AFZ"", ""ANZ"", ""ASC"", ""ASE"", ""ASO"", ""BRA"", ""CAN"", ""CHL"", ""CHN"", ""ENE"", ""ENW"", ""EUE"", ""EUM"", ""EUW"", ""IDN"", ""IND"", ""JPN"", ""LAM"", ""MDA"", ""MEA"", ""MEX"", ""NIG"", ""RUS"", ""SKT"", ""USA""]",Derived emissions intensity,,,1.0,2542.758438447978,MtCO2e/yr,4201.409299940433,Mt/yr,,,,,,,,,,,,,
ndc_noce,NDC,No CE,c,Global,Cement,Cement,2024,0.5977239720640364,tCO2e/t,plotted,"[""Emissions|GHG|Industry|Non-Metallic Minerals|Cement"", ""Production|Non-Metallic Minerals|Cement""]",fig04_emissions,,,,,,"[""AFE"", ""AFN"", ""AFW"", ""AFZ"", ""ANZ"", ""ASC"", ""ASE"", ""ASO"", ""BRA"", ""CAN"", ""CHL"", ""CHN"", ""ENE"", ""ENW"", ""EUE"", ""EUM"", ""EUW"", ""IDN"", ""IND"", ""JPN"", ""LAM"", ""MDA"", ""MEA"", ""MEX"", ""NIG"", ""RUS"", ""SKT"", ""USA""]",Derived emissions intensity,,,1.0,2360.6936836724703,MtCO2e/yr,3949.47131787373,Mt/yr,,,,,,,,,,,,,
ndc_noce,NDC,No CE,c,Global,Cement,Cement,2030,0.559812421323157,tCO2e/t,plotted,"[""Emissions|GHG|Industry|Non-Metallic Minerals|Cement"", ""Production|Non-Metallic Minerals|Cement""]",fig04_emissions,,,,,,"[""AFE"", ""AFN"", ""AFW"", ""AFZ"", ""ANZ"", ""ASC"", ""ASE"", ""ASO"", ""BRA"", ""CAN"", ""CHL"", ""CHN"", ""ENE"", ""ENW"", ""EUE"", ""EUM"", ""EUW"", ""IDN"", ""IND"", ""JPN"", ""LAM"", ""MDA"", ""MEA"", ""MEX"", ""NIG"", ""RUS"", ""SKT"", ""USA""]",Derived emissions intensity,,,1.0,2101.9035280152875,MtCO2e/yr,3754.6568242399608,Mt/yr,,,,,,,,,,,,,
ndc_noce,NDC,No CE,c,Global,Cement,Cement,2035,0.5466626815936111,tCO2e/t,plotted,"[""Emissions|GHG|Industry|Non-Metallic Minerals|Cement"", ""Production|Non-Metallic Minerals|Cement""]",fig04_emissions,,,,,,"[""AFE"", ""AFN"", ""AFW"", ""AFZ"", ""ANZ"", ""ASC"", ""ASE"", ""ASO"", ""BRA"", ""CAN"", ""CHL"", ""CHN"", ""ENE"", ""ENW"", ""EUE"", ""EUM"", ""EUW"", ""IDN"", ""IND"", ""JPN"", ""LAM"", ""MDA"", ""MEA"", ""MEX"", ""NIG"", ""RUS"", ""SKT"", ""USA""]",Derived emissions intensity,,,1.0,2002.4435443008183,MtCO2e/yr,3663.033186138421,Mt/yr,,,,,,,,,,,,,
ndc_noce,NDC,No CE,c,Global,Cement,Cement,2040,0.5265388930017806,tCO2e/t,plotted,"[""Emissions|GHG|Industry|Non-Metallic Minerals|Cement"", ""Production|Non-Metallic Minerals|Cement""]",fig04_emissions,,,,,,"[""AFE"", ""AFN"", ""AFW"", ""AFZ"", ""ANZ"", ""ASC"", ""ASE"", ""ASO"", ""BRA"", ""CAN"", ""CHL"", ""CHN"", ""ENE"", ""ENW"", ""EUE"", ""EUM"", ""EUW"", ""IDN"", ""IND"", ""JPN"", ""LAM"", ""MDA"", ""MEA"", ""MEX"", ""NIG"", ""RUS"", ""SKT"", ""USA""]",Derived emissions intensity,,,1.0,1927.351789079734,MtCO2e/yr,3660.4167606536453,Mt/yr,,,,,,,,,,,,,
ndc_noce,NDC,No CE,c,Global,Cement,Cement,2050,0.49360939925064173,tCO2e/t,plotted,"[""Emissions|GHG|Industry|Non-Metallic Minerals|Cement"", ""Production|Non-Metallic Minerals|Cement""]",fig04_emissions,,,,,,"[""AFE"", ""AFN"", ""AFW"", ""AFZ"", ""ANZ"", ""ASC"", ""ASE"", ""ASO"", ""BRA"", ""CAN"", ""CHL"", ""CHN"", ""ENE"", ""ENW"", ""EUE"", ""EUM"", ""EUW"", ""IDN"", ""IND"", ""JPN"", ""LAM"", ""MDA"", ""MEA"", ""MEX"", ""NIG"", ""RUS"", ""SKT"", ""USA""]",Derived emissions intensity,,,1.0,1806.6775162798044,MtCO2e/yr,3660.1359678777544,Mt/yr,,,,,,,,,,,,,
ndc_noce,NDC,No CE,d,Global,Cement,Cement,2019,0.0,MtCO2/yr,plotted,"[""Carbon Capture|Industry|Non-Metallic Minerals|Cement""]",fig04_emissions,,,,,,"[""AFE"", ""AFN"", ""AFW"", ""AFZ"", ""ANZ"", ""ASC"", ""ASE"", ""ASO"", ""BRA"", ""CAN"", ""CHL"", ""CHN"", ""ENE"", ""ENW"", ""EUE"", ""EUM"", ""EUW"", ""IDN"", ""IND"", ""JPN"", ""LAM"", ""MDA"", ""MEA"", ""MEX"", ""NIG"", ""RUS"", ""SKT"", ""USA""]",Carbon capture,,,1.0,0.0,MtCO2/yr,,,,,,,,,,,,,,,
ndc_noce,NDC,No CE,d,Global,Cement,Cement,2024,0.0,MtCO2/yr,plotted,"[""Carbon Capture|Industry|Non-Metallic Minerals|Cement""]",fig04_emissions,,,,,,"[""AFE"", ""AFN"", ""AFW"", ""AFZ"", ""ANZ"", ""ASC"", ""ASE"", ""ASO"", ""BRA"", ""CAN"", ""CHL"", ""CHN"", ""ENE"", ""ENW"", ""EUE"", ""EUM"", ""EUW"", ""IDN"", ""IND"", ""JPN"", ""LAM"", ""MDA"", ""MEA"", ""MEX"", ""NIG"", ""RUS"", ""SKT"", ""USA""]",Carbon capture,,,1.0,0.0,MtCO2/yr,,,,,,,,,,,,,,,
ndc_noce,NDC,No CE,d,Global,Cement,Cement,2030,107.18634823186241,MtCO2/yr,plotted,"[""Carbon Capture|Industry|Non-Metallic Minerals|Cement""]",fig04_emissions,,,,,,"[""AFE"", ""AFN"", ""AFW"", ""AFZ"", ""ANZ"", ""ASC"", ""ASE"", ""ASO"", ""BRA"", ""CAN"", ""CHL"", ""CHN"", ""ENE"", ""ENW"", ""EUE"", ""EUM"", ""EUW"", ""IDN"", ""IND"", ""JPN"", ""LAM"", ""MDA"", ""MEA"", ""MEX"", ""NIG"", ""RUS"", ""SKT"", ""USA""]",Carbon capture,,,1.0,107.18634823186241,MtCO2/yr,,,,,,,,,,,,,,,
ndc_noce,NDC,No CE,d,Global,Cement,Cement,2035,110.29710659915459,MtCO2/yr,plotted,"[""Carbon Capture|Industry|Non-Metallic Minerals|Cement""]",fig04_emissions,,,,,,"[""AFE"", ""AFN"", ""AFW"", ""AFZ"", ""ANZ"", ""ASC"", ""ASE"", ""ASO"", ""BRA"", ""CAN"", ""CHL"", ""CHN"", ""ENE"", ""ENW"", ""EUE"", ""EUM"", ""EUW"", ""IDN"", ""IND"", ""JPN"", ""LAM"", ""MDA"", ""MEA"", ""MEX"", ""NIG"", ""RUS"", ""SKT"", ""USA""]",Carbon capture,,,1.0,110.29710659915459,MtCO2/yr,,,,,,,,,,,,,,,
ndc_noce,NDC,No CE,d,Global,Cement,Cement,2040,118.90638289578148,MtCO2/yr,plotted,"[""Carbon Capture|Industry|Non-Metallic Minerals|Cement""]",fig04_emissions,,,,,,"[""AFE"", ""AFN"", ""AFW"", ""AFZ"", ""ANZ"", ""ASC"", ""ASE"", ""ASO"", ""BRA"", ""CAN"", ""CHL"", ""CHN"", ""ENE"", ""ENW"", ""EUE"", ""EUM"", ""EUW"", ""IDN"", ""IND"", ""JPN"", ""LAM"", ""MDA"", ""MEA"", ""MEX"", ""NIG"", ""RUS"", ""SKT"", ""USA""]",Carbon capture,,,1.0,118.90638289578148,MtCO2/yr,,,,,,,,,,,,,,,
ndc_noce,NDC,No CE,d,Global,Cement,Cement,2050,133.8702929406786,MtCO2/yr,plotted,"[""Carbon Capture|Industry|Non-Metallic Minerals|Cement""]",fig04_emissions,,,,,,"[""AFE"", ""AFN"", ""AFW"", ""AFZ"", ""ANZ"", ""ASC"", ""ASE"", ""ASO"", ""BRA"", ""CAN"", ""CHL"", ""CHN"", ""ENE"", ""ENW"", ""EUE"", ""EUM"", ""EUW"", ""IDN"", ""IND"", ""JPN"", ""LAM"", ""MDA"", ""MEA"", ""MEX"", ""NIG"", ""RUS"", ""SKT"", ""USA""]",Carbon capture,,,1.0,133.8702929406786,MtCO2/yr,,,,,,,,,,,,,,,
ndc_noce,NDC,No CE,a,Global,Iron and steel,Iron and steel,2019,2.74565603423791,GtCO2e/yr,plotted,"[""Emissions|GHG|Industry|Iron and Steel""]",fig04_emissions,,,,,,"[""AFE"", ""AFN"", ""AFW"", ""AFZ"", ""ANZ"", ""ASC"", ""ASE"", ""ASO"", ""BRA"", ""CAN"", ""CHL"", ""CHN"", ""ENE"", ""ENW"", ""EUE"", ""EUM"", ""EUW"", ""IDN"", ""IND"", ""JPN"", ""LAM"", ""MDA"", ""MEA"", ""MEX"", ""NIG"", ""RUS"", ""SKT"", ""USA""]",Sector GHG emissions,,,0.001,2745.6560342379103,MtCO2e/yr,,,,,,,,,,,,,,,
ndc_noce,NDC,No CE,a,Global,Iron and steel,Iron and steel,2024,2.6405834046078245,GtCO2e/yr,plotted,"[""Emissions|GHG|Industry|Iron and Steel""]",fig04_emissions,,,,,,"[""AFE"", ""AFN"", ""AFW"", ""AFZ"", ""ANZ"", ""ASC"", ""ASE"", ""ASO"", ""BRA"", ""CAN"", ""CHL"", ""CHN"", ""ENE"", ""ENW"", ""EUE"", ""EUM"", ""EUW"", ""IDN"", ""IND"", ""JPN"", ""LAM"", ""MDA"", ""MEA"", ""MEX"", ""NIG"", ""RUS"", ""SKT"", ""USA""]",Sector GHG emissions,,,0.001,2640.5834046078244,MtCO2e/yr,,,,,,,,,,,,,,,
ndc_noce,NDC,No CE,a,Global,Iron and steel,Iron and steel,2030,2.25455810055937,GtCO2e/yr,plotted,"[""Emissions|GHG|Industry|Iron and Steel""]",fig04_emissions,,,,,,"[""AFE"", ""AFN"", ""AFW"", ""AFZ"", ""ANZ"", ""ASC"", ""ASE"", ""ASO"", ""BRA"", ""CAN"", ""CHL"", ""CHN"", ""ENE"", ""ENW"", ""EUE"", ""EUM"", ""EUW"", ""IDN"", ""IND"", ""JPN"", ""LAM"", ""MDA"", ""MEA"", ""MEX"", ""NIG"", ""RUS"", ""SKT"", ""USA""]",Sector GHG emissions,,,0.001,2254.55810055937,MtCO2e/yr,,,,,,,,,,,,,,,
ndc_noce,NDC,No CE,a,Global,Iron and steel,Iron and steel,2035,1.908115830467237,GtCO2e/yr,plotted,"[""Emissions|GHG|Industry|Iron and Steel""]",fig04_emissions,,,,,,"[""AFE"", ""AFN"", ""AFW"", ""AFZ"", ""ANZ"", ""ASC"", ""ASE"", ""ASO"", ""BRA"", ""CAN"", ""CHL"", ""CHN"", ""ENE"", ""ENW"", ""EUE"", ""EUM"", ""EUW"", ""IDN"", ""IND"", ""JPN"", ""LAM"", ""MDA"", ""MEA"", ""MEX"", ""NIG"", ""RUS"", ""SKT"", ""USA""]",Sector GHG emissions,,,0.001,1908.115830467237,MtCO2e/yr,,,,,,,,,,,,,,,
ndc_noce,NDC,No CE,a,Global,Iron and steel,Iron and steel,2040,1.9034229335061859,GtCO2e/yr,plotted,"[""Emissions|GHG|Industry|Iron and Steel""]",fig04_emissions,,,,,,"[""AFE"", ""AFN"", ""AFW"", ""AFZ"", ""ANZ"", ""ASC"", ""ASE"", ""ASO"", ""BRA"", ""CAN"", ""CHL"", ""CHN"", ""ENE"", ""ENW"", ""EUE"", ""EUM"", ""EUW"", ""IDN"", ""IND"", ""JPN"", ""LAM"", ""MDA"", ""MEA"", ""MEX"", ""NIG"", ""RUS"", ""SKT"", ""USA""]",Sector GHG emissions,,,0.001,1903.422933506186,MtCO2e/yr,,,,,,,,,,,,,,,
ndc_noce,NDC,No CE,a,Global,Iron and steel,Iron and steel,2050,1.8763737764524242,GtCO2e/yr,plotted,"[""Emissions|GHG|Industry|Iron and Steel""]",fig04_emissions,,,,,,"[""AFE"", ""AFN"", ""AFW"", ""AFZ"", ""ANZ"", ""ASC"", ""ASE"", ""ASO"", ""BRA"", ""CAN"", ""CHL"", ""CHN"", ""ENE"", ""ENW"", ""EUE"", ""EUM"", ""EUW"", ""IDN"", ""IND"", ""JPN"", ""LAM"", ""MDA"", ""MEA"", ""MEX"", ""NIG"", ""RUS"", ""SKT"", ""USA""]",Sector GHG emissions,,,0.001,1876.3737764524242,MtCO2e/yr,,,,,,,,,,,,,,,
ndc_noce,NDC,No CE,b,Global,Iron and steel,Iron and steel,2019,29.539760576703067,%,plotted,"[""Emissions|GHG|Industry|Iron and Steel"", ""Emissions|GHG|Industry""]",fig04_emissions,,,,,,"[""AFE"", ""AFN"", ""AFW"", ""AFZ"", ""ANZ"", ""ASC"", ""ASE"", ""ASO"", ""BRA"", ""CAN"", ""CHL"", ""CHN"", ""ENE"", ""ENW"", ""EUE"", ""EUM"", ""EUW"", ""IDN"", ""IND"", ""JPN"", ""LAM"", ""MDA"", ""MEA"", ""MEX"", ""NIG"", ""RUS"", ""SKT"", ""USA""]",Share of industrial GHG emissions,,,100.0,2745.6560342379103,MtCO2e/yr,9294.780934694878,MtCO2e/yr,,,,,,,,,,,,,
ndc_noce,NDC,No CE,b,Global,Iron and steel,Iron and steel,2024,26.98827750017311,%,plotted,"[""Emissions|GHG|Industry|Iron and Steel"", ""Emissions|GHG|Industry""]",fig04_emissions,,,,,,"[""AFE"", ""AFN"", ""AFW"", ""AFZ"", ""ANZ"", ""ASC"", ""ASE"", ""ASO"", ""BRA"", ""CAN"", ""CHL"", ""CHN"", ""ENE"", ""ENW"", ""EUE"", ""EUM"", ""EUW"", ""IDN"", ""IND"", ""JPN"", ""LAM"", ""MDA"", ""MEA"", ""MEX"", ""NIG"", ""RUS"", ""SKT"", ""USA""]",Share of industrial GHG emissions,,,100.0,2640.5834046078244,MtCO2e/yr,9784.186503161927,MtCO2e/yr,,,,,,,,,,,,,
ndc_noce,NDC,No CE,b,Global,Iron and steel,Iron and steel,2030,23.217018033840848,%,plotted,"[""Emissions|GHG|Industry|Iron and Steel"", ""Emissions|GHG|Industry""]",fig04_emissions,,,,,,"[""AFE"", ""AFN"", ""AFW"", ""AFZ"", ""ANZ"", ""ASC"", ""ASE"", ""ASO"", ""BRA"", ""CAN"", ""CHL"", ""CHN"", ""ENE"", ""ENW"", ""EUE"", ""EUM"", ""EUW"", ""IDN"", ""IND"", ""JPN"", ""LAM"", ""MDA"", ""MEA"", ""MEX"", ""NIG"", ""RUS"", ""SKT"", ""USA""]",Share of industrial GHG emissions,,,100.0,2254.55810055937,MtCO2e/yr,9710.799626692597,MtCO2e/yr,,,,,,,,,,,,,
ndc_noce,NDC,No CE,b,Global,Iron and steel,Iron and steel,2035,19.33349099299634,%,plotted,"[""Emissions|GHG|Industry|Iron and Steel"", ""Emissions|GHG|Industry""]",fig04_emissions,,,,,,"[""AFE"", ""AFN"", ""AFW"", ""AFZ"", ""ANZ"", ""ASC"", ""ASE"", ""ASO"", ""BRA"", ""CAN"", ""CHL"", ""CHN"", ""ENE"", ""ENW"", ""EUE"", ""EUM"", ""EUW"", ""IDN"", ""IND"", ""JPN"", ""LAM"", ""MDA"", ""MEA"", ""MEX"", ""NIG"", ""RUS"", ""SKT"", ""USA""]",Share of industrial GHG emissions,,,100.0,1908.115830467237,MtCO2e/yr,9869.484156578148,MtCO2e/yr,,,,,,,,,,,,,
ndc_noce,NDC,No CE,b,Global,Iron and steel,Iron and steel,2040,18.69250958290204,%,plotted,"[""Emissions|GHG|Industry|Iron and Steel"", ""Emissions|GHG|Industry""]",fig04_emissions,,,,,,"[""AFE"", ""AFN"", ""AFW"", ""AFZ"", ""ANZ"", ""ASC"", ""ASE"", ""ASO"", ""BRA"", ""CAN"", ""CHL"", ""CHN"", ""ENE"", ""ENW"", ""EUE"", ""EUM"", ""EUW"", ""IDN"", ""IND"", ""JPN"", ""LAM"", ""MDA"", ""MEA"", ""MEX"", ""NIG"", ""RUS"", ""SKT"", ""USA""]",Share of industrial GHG emissions,,,100.0,1903.422933506186,MtCO2e/yr,10182.811061641713,MtCO2e/yr,,,,,,,,,,,,,
ndc_noce,NDC,No CE,b,Global,Iron and steel,Iron and steel,2050,17.318080649082294,%,plotted,"[""Emissions|GHG|Industry|Iron and Steel"", ""Emissions|GHG|Industry""]",fig04_emissions,,,,,,"[""AFE"", ""AFN"", ""AFW"", ""AFZ"", ""ANZ"", ""ASC"", ""ASE"", ""ASO"", ""BRA"", ""CAN"", ""CHL"", ""CHN"", ""ENE"", ""ENW"", ""EUE"", ""EUM"", ""EUW"", ""IDN"", ""IND"", ""JPN"", ""LAM"", ""MDA"", ""MEA"", ""MEX"", ""NIG"", ""RUS"", ""SKT"", ""USA""]",Share of industrial GHG emissions,,,100.0,1876.3737764524242,MtCO2e/yr,10834.76751537045,MtCO2e/yr,,,,,,,,,,,,,
ndc_noce,NDC,No CE,c,Global,Iron and steel,Iron and steel,2019,1.5647335496873123,tCO2e/t,plotted,"[""Emissions|GHG|Industry|Iron and Steel"", ""Production|Iron and Steel|Primary"", ""Production|Iron and Steel|Secondary""]",fig04_emissions,,,,,,"[""AFE"", ""AFN"", ""AFW"", ""AFZ"", ""ANZ"", ""ASC"", ""ASE"", ""ASO"", ""BRA"", ""CAN"", ""CHL"", ""CHN"", ""ENE"", ""ENW"", ""EUE"", ""EUM"", ""EUW"", ""IDN"", ""IND"", ""JPN"", ""LAM"", ""MDA"", ""MEA"", ""MEX"", ""NIG"", ""RUS"", ""SKT"", ""USA""]",Derived emissions intensity,,,1.0,2745.6560342379103,MtCO2e/yr,1754.711551232852,Mt/yr,,,,,,,,,,,,,
ndc_noce,NDC,No CE,c,Global,Iron and steel,Iron and steel,2024,1.5307025003261827,tCO2e/t,plotted,"[""Emissions|GHG|Industry|Iron and Steel"", ""Production|Iron and Steel|Primary"", ""Production|Iron and Steel|Secondary""]",fig04_emissions,,,,,,"[""AFE"", ""AFN"", ""AFW"", ""AFZ"", ""ANZ"", ""ASC"", ""ASE"", ""ASO"", ""BRA"", ""CAN"", ""CHL"", ""CHN"", ""ENE"", ""ENW"", ""EUE"", ""EUM"", ""EUW"", ""IDN"", ""IND"", ""JPN"", ""LAM"", ""MDA"", ""MEA"", ""MEX"", ""NIG"", ""RUS"", ""SKT"", ""USA""]",Derived emissions intensity,,,1.0,2640.5834046078244,MtCO2e/yr,1725.0794351254624,Mt/yr,,,,,,,,,,,,,
ndc_noce,NDC,No CE,c,Global,Iron and steel,Iron and steel,2030,1.3730651595503995,tCO2e/t,plotted,"[""Emissions|GHG|Industry|Iron and Steel"", ""Production|Iron and Steel|Primary"", ""Production|Iron and Steel|Secondary""]",fig04_emissions,,,,,,"[""AFE"", ""AFN"", ""AFW"", ""AFZ"", ""ANZ"", ""ASC"", ""ASE"", ""ASO"", ""BRA"", ""CAN"", ""CHL"", ""CHN"", ""ENE"", ""ENW"", ""EUE"", ""EUM"", ""EUW"", ""IDN"", ""IND"", ""JPN"", ""LAM"", ""MDA"", ""MEA"", ""MEX"", ""NIG"", ""RUS"", ""SKT"", ""USA""]",Derived emissions intensity,,,1.0,2254.55810055937,MtCO2e/yr,1641.98915461347,Mt/yr,,,,,,,,,,,,,
ndc_noce,NDC,No CE,c,Global,Iron and steel,Iron and steel,2035,1.1958319262896535,tCO2e/t,plotted,"[""Emissions|GHG|Industry|Iron and Steel"", ""Production|Iron and Steel|Primary"", ""Production|Iron and Steel|Secondary""]",fig04_emissions,,,,,,"[""AFE"", ""AFN"", ""AFW"", ""AFZ"", ""ANZ"", ""ASC"", ""ASE"", ""ASO"", ""BRA"", ""CAN"", ""CHL"", ""CHN"", ""ENE"", ""ENW"", ""EUE"", ""EUM"", ""EUW"", ""IDN"", ""IND"", ""JPN"", ""LAM"", ""MDA"", ""MEA"", ""MEX"", ""NIG"", ""RUS"", ""SKT"", ""USA""]",Derived emissions intensity,,,1.0,1908.115830467237,MtCO2e/yr,1595.6388088647288,Mt/yr,,,,,,,,,,,,,
ndc_noce,NDC,No CE,c,Global,Iron and steel,Iron and steel,2040,1.1306607709986891,tCO2e/t,plotted,"[""Emissions|GHG|Industry|Iron and Steel"", ""Production|Iron and Steel|Primary"", ""Production|Iron and Steel|Secondary""]",fig04_emissions,,,,,,"[""AFE"", ""AFN"", ""AFW"", ""AFZ"", ""ANZ"", ""ASC"", ""ASE"", ""ASO"", ""BRA"", ""CAN"", ""CHL"", ""CHN"", ""ENE"", ""ENW"", ""EUE"", ""EUM"", ""EUW"", ""IDN"", ""IND"", ""JPN"", ""LAM"", ""MDA"", ""MEA"", ""MEX"", ""NIG"", ""RUS"", ""SKT"", ""USA""]",Derived emissions intensity,,,1.0,1903.422933506186,MtCO2e/yr,1683.460665063078,Mt/yr,,,,,,,,,,,,,
ndc_noce,NDC,No CE,c,Global,Iron and steel,Iron and steel,2050,0.8579945270970161,tCO2e/t,plotted,"[""Emissions|GHG|Industry|Iron and Steel"", ""Production|Iron and Steel|Primary"", ""Production|Iron and Steel|Secondary""]",fig04_emissions,,,,,,"[""AFE"", ""AFN"", ""AFW"", ""AFZ"", ""ANZ"", ""ASC"", ""ASE"", ""ASO"", ""BRA"", ""CAN"", ""CHL"", ""CHN"", ""ENE"", ""ENW"", ""EUE"", ""EUM"", ""EUW"", ""IDN"", ""IND"", ""JPN"", ""LAM"", ""MDA"", ""MEA"", ""MEX"", ""NIG"", ""RUS"", ""SKT"", ""USA""]",Derived emissions intensity,,,1.0,1876.3737764524242,MtCO2e/yr,2186.9297730849707,Mt/yr,,,,,,,,,,,,,
ndc_noce,NDC,No CE,d,Global,Iron and steel,Iron and steel,2019,0.0,MtCO2/yr,plotted,"[""Carbon Capture|Industry|Iron and Steel""]",fig04_emissions,,,,,,"[""AFE"", ""AFN"", ""AFW"", ""AFZ"", ""ANZ"", ""ASC"", ""ASE"", ""ASO"", ""BRA"", ""CAN"", ""CHL"", ""CHN"", ""ENE"", ""ENW"", ""EUE"", ""EUM"", ""EUW"", ""IDN"", ""IND"", ""JPN"", ""LAM"", ""MDA"", ""MEA"", ""MEX"", ""NIG"", ""RUS"", ""SKT"", ""USA""]",Carbon capture,,,1.0,0.0,MtCO2/yr,,,,,,,,,,,,,,,
ndc_noce,NDC,No CE,d,Global,Iron and steel,Iron and steel,2024,0.0,MtCO2/yr,plotted,"[""Carbon Capture|Industry|Iron and Steel""]",fig04_emissions,,,,,,"[""AFE"", ""AFN"", ""AFW"", ""AFZ"", ""ANZ"", ""ASC"", ""ASE"", ""ASO"", ""BRA"", ""CAN"", ""CHL"", ""CHN"", ""ENE"", ""ENW"", ""EUE"", ""EUM"", ""EUW"", ""IDN"", ""IND"", ""JPN"", ""LAM"", ""MDA"", ""MEA"", ""MEX"", ""NIG"", ""RUS"", ""SKT"", ""USA""]",Carbon capture,,,1.0,0.0,MtCO2/yr,,,,,,,,,,,,,,,
ndc_noce,NDC,No CE,d,Global,Iron and steel,Iron and steel,2030,0.0,MtCO2/yr,plotted,"[""Carbon Capture|Industry|Iron and Steel""]",fig04_emissions,,,,,,"[""AFE"", ""AFN"", ""AFW"", ""AFZ"", ""ANZ"", ""ASC"", ""ASE"", ""ASO"", ""BRA"", ""CAN"", ""CHL"", ""CHN"", ""ENE"", ""ENW"", ""EUE"", ""EUM"", ""EUW"", ""IDN"", ""IND"", ""JPN"", ""LAM"", ""MDA"", ""MEA"", ""MEX"", ""NIG"", ""RUS"", ""SKT"", ""USA""]",Carbon capture,,,1.0,0.0,MtCO2/yr,,,,,,,,,,,,,,,
ndc_noce,NDC,No CE,d,Global,Iron and steel,Iron and steel,2035,19.883883415222503,MtCO2/yr,plotted,"[""Carbon Capture|Industry|Iron and Steel""]",fig04_emissions,,,,,,"[""AFE"", ""AFN"", ""AFW"", ""AFZ"", ""ANZ"", ""ASC"", ""ASE"", ""ASO"", ""BRA"", ""CAN"", ""CHL"", ""CHN"", ""ENE"", ""ENW"", ""EUE"", ""EUM"", ""EUW"", ""IDN"", ""IND"", ""JPN"", ""LAM"", ""MDA"", ""MEA"", ""MEX"", ""NIG"", ""RUS"", ""SKT"", ""USA""]",Carbon capture,,,1.0,19.883883415222503,MtCO2/yr,,,,,,,,,,,,,,,
ndc_noce,NDC,No CE,d,Global,Iron and steel,Iron and steel,2040,20.555950090288963,MtCO2/yr,plotted,"[""Carbon Capture|Industry|Iron and Steel""]",fig04_emissions,,,,,,"[""AFE"", ""AFN"", ""AFW"", ""AFZ"", ""ANZ"", ""ASC"", ""ASE"", ""ASO"", ""BRA"", ""CAN"", ""CHL"", ""CHN"", ""ENE"", ""ENW"", ""EUE"", ""EUM"", ""EUW"", ""IDN"", ""IND"", ""JPN"", ""LAM"", ""MDA"", ""MEA"", ""MEX"", ""NIG"", ""RUS"", ""SKT"", ""USA""]",Carbon capture,,,1.0,20.555950090288963,MtCO2/yr,,,,,,,,,,,,,,,
ndc_noce,NDC,No CE,d,Global,Iron and steel,Iron and steel,2050,177.22044640206744,MtCO2/yr,plotted,"[""Carbon Capture|Industry|Iron and Steel""]",fig04_emissions,,,,,,"[""AFE"", ""AFN"", ""AFW"", ""AFZ"", ""ANZ"", ""ASC"", ""ASE"", ""ASO"", ""BRA"", ""CAN"", ""CHL"", ""CHN"", ""ENE"", ""ENW"", ""EUE"", ""EUM"", ""EUW"", ""IDN"", ""IND"", ""JPN"", ""LAM"", ""MDA"", ""MEA"", ""MEX"", ""NIG"", ""RUS"", ""SKT"", ""USA""]",Carbon capture,,,1.0,177.22044640206744,MtCO2/yr,,,,,,,,,,,,,,,
ndc_noce,NDC,No CE,a,Global,Aluminium,Aluminium,2019,0.20657298142796365,GtCO2e/yr,plotted,"[""Emissions|GHG|Industry|Non-Ferrous Metals|Aluminum""]",fig04_emissions,,,,,,"[""AFE"", ""AFN"", ""AFW"", ""AFZ"", ""ANZ"", ""ASC"", ""ASE"", ""ASO"", ""BRA"", ""CAN"", ""CHL"", ""CHN"", ""ENE"", ""ENW"", ""EUE"", ""EUM"", ""EUW"", ""IDN"", ""IND"", ""JPN"", ""LAM"", ""MDA"", ""MEA"", ""MEX"", ""NIG"", ""RUS"", ""SKT"", ""USA""]",Sector GHG emissions,,,0.001,206.57298142796364,MtCO2e/yr,,,,,,,,,,,,,,,
ndc_noce,NDC,No CE,a,Global,Aluminium,Aluminium,2024,0.24798624821972323,GtCO2e/yr,plotted,"[""Emissions|GHG|Industry|Non-Ferrous Metals|Aluminum""]",fig04_emissions,,,,,,"[""AFE"", ""AFN"", ""AFW"", ""AFZ"", ""ANZ"", ""ASC"", ""ASE"", ""ASO"", ""BRA"", ""CAN"", ""CHL"", ""CHN"", ""ENE"", ""ENW"", ""EUE"", ""EUM"", ""EUW"", ""IDN"", ""IND"", ""JPN"", ""LAM"", ""MDA"", ""MEA"", ""MEX"", ""NIG"", ""RUS"", ""SKT"", ""USA""]",Sector GHG emissions,,,0.001,247.98624821972322,MtCO2e/yr,,,,,,,,,,,,,,,
ndc_noce,NDC,No CE,a,Global,Aluminium,Aluminium,2030,0.2058740961820145,GtCO2e/yr,plotted,"[""Emissions|GHG|Industry|Non-Ferrous Metals|Aluminum""]",fig04_emissions,,,,,,"[""AFE"", ""AFN"", ""AFW"", ""AFZ"", ""ANZ"", ""ASC"", ""ASE"", ""ASO"", ""BRA"", ""CAN"", ""CHL"", ""CHN"", ""ENE"", ""ENW"", ""EUE"", ""EUM"", ""EUW"", ""IDN"", ""IND"", ""JPN"", ""LAM"", ""MDA"", ""MEA"", ""MEX"", ""NIG"", ""RUS"", ""SKT"", ""USA""]",Sector GHG emissions,,,0.001,205.87409618201448,MtCO2e/yr,,,,,,,,,,,,,,,
ndc_noce,NDC,No CE,a,Global,Aluminium,Aluminium,2035,0.173434616038934,GtCO2e/yr,plotted,"[""Emissions|GHG|Industry|Non-Ferrous Metals|Aluminum""]",fig04_emissions,,,,,,"[""AFE"", ""AFN"", ""AFW"", ""AFZ"", ""ANZ"", ""ASC"", ""ASE"", ""ASO"", ""BRA"", ""CAN"", ""CHL"", ""CHN"", ""ENE"", ""ENW"", ""EUE"", ""EUM"", ""EUW"", ""IDN"", ""IND"", ""JPN"", ""LAM"", ""MDA"", ""MEA"", ""MEX"", ""NIG"", ""RUS"", ""SKT"", ""USA""]",Sector GHG emissions,,,0.001,173.434616038934,MtCO2e/yr,,,,,,,,,,,,,,,
ndc_noce,NDC,No CE,a,Global,Aluminium,Aluminium,2040,0.14175203140818193,GtCO2e/yr,plotted,"[""Emissions|GHG|Industry|Non-Ferrous Metals|Aluminum""]",fig04_emissions,,,,,,"[""AFE"", ""AFN"", ""AFW"", ""AFZ"", ""ANZ"", ""ASC"", ""ASE"", ""ASO"", ""BRA"", ""CAN"", ""CHL"", ""CHN"", ""ENE"", ""ENW"", ""EUE"", ""EUM"", ""EUW"", ""IDN"", ""IND"", ""JPN"", ""LAM"", ""MDA"", ""MEA"", ""MEX"", ""NIG"", ""RUS"", ""SKT"", ""USA""]",Sector GHG emissions,,,0.001,141.75203140818192,MtCO2e/yr,,,,,,,,,,,,,,,
ndc_noce,NDC,No CE,a,Global,Aluminium,Aluminium,2050,0.08008544224828724,GtCO2e/yr,plotted,"[""Emissions|GHG|Industry|Non-Ferrous Metals|Aluminum""]",fig04_emissions,,,,,,"[""AFE"", ""AFN"", ""AFW"", ""AFZ"", ""ANZ"", ""ASC"", ""ASE"", ""ASO"", ""BRA"", ""CAN"", ""CHL"", ""CHN"", ""ENE"", ""ENW"", ""EUE"", ""EUM"", ""EUW"", ""IDN"", ""IND"", ""JPN"", ""LAM"", ""MDA"", ""MEA"", ""MEX"", ""NIG"", ""RUS"", ""SKT"", ""USA""]",Sector GHG emissions,,,0.001,80.08544224828725,MtCO2e/yr,,,,,,,,,,,,,,,
ndc_noce,NDC,No CE,b,Global,Aluminium,Aluminium,2019,2.2224620771521697,%,plotted,"[""Emissions|GHG|Industry|Non-Ferrous Metals|Aluminum"", ""Emissions|GHG|Industry""]",fig04_emissions,,,,,,"[""AFE"", ""AFN"", ""AFW"", ""AFZ"", ""ANZ"", ""ASC"", ""ASE"", ""ASO"", ""BRA"", ""CAN"", ""CHL"", ""CHN"", ""ENE"", ""ENW"", ""EUE"", ""EUM"", ""EUW"", ""IDN"", ""IND"", ""JPN"", ""LAM"", ""MDA"", ""MEA"", ""MEX"", ""NIG"", ""RUS"", ""SKT"", ""USA""]",Share of industrial GHG emissions,,,100.0,206.57298142796364,MtCO2e/yr,9294.780934694878,MtCO2e/yr,,,,,,,,,,,,,
ndc_noce,NDC,No CE,b,Global,Aluminium,Aluminium,2024,2.5345617455225558,%,plotted,"[""Emissions|GHG|Industry|Non-Ferrous Metals|Aluminum"", ""Emissions|GHG|Industry""]",fig04_emissions,,,,,,"[""AFE"", ""AFN"", ""AFW"", ""AFZ"", ""ANZ"", ""ASC"", ""ASE"", ""ASO"", ""BRA"", ""CAN"", ""CHL"", ""CHN"", ""ENE"", ""ENW"", ""EUE"", ""EUM"", ""EUW"", ""IDN"", ""IND"", ""JPN"", ""LAM"", ""MDA"", ""MEA"", ""MEX"", ""NIG"", ""RUS"", ""SKT"", ""USA""]",Share of industrial GHG emissions,,,100.0,247.98624821972322,MtCO2e/yr,9784.186503161927,MtCO2e/yr,,,,,,,,,,,,,
ndc_noce,NDC,No CE,b,Global,Aluminium,Aluminium,2030,2.120052972940738,%,plotted,"[""Emissions|GHG|Industry|Non-Ferrous Metals|Aluminum"", ""Emissions|GHG|Industry""]",fig04_emissions,,,,,,"[""AFE"", ""AFN"", ""AFW"", ""AFZ"", ""ANZ"", ""ASC"", ""ASE"", ""ASO"", ""BRA"", ""CAN"", ""CHL"", ""CHN"", ""ENE"", ""ENW"", ""EUE"", ""EUM"", ""EUW"", ""IDN"", ""IND"", ""JPN"", ""LAM"", ""MDA"", ""MEA"", ""MEX"", ""NIG"", ""RUS"", ""SKT"", ""USA""]",Share of industrial GHG emissions,,,100.0,205.87409618201448,MtCO2e/yr,9710.799626692597,MtCO2e/yr,,,,,,,,,,,,,
ndc_noce,NDC,No CE,b,Global,Aluminium,Aluminium,2035,1.7572814676776942,%,plotted,"[""Emissions|GHG|Industry|Non-Ferrous Metals|Aluminum"", ""Emissions|GHG|Industry""]",fig04_emissions,,,,,,"[""AFE"", ""AFN"", ""AFW"", ""AFZ"", ""ANZ"", ""ASC"", ""ASE"", ""ASO"", ""BRA"", ""CAN"", ""CHL"", ""CHN"", ""ENE"", ""ENW"", ""EUE"", ""EUM"", ""EUW"", ""IDN"", ""IND"", ""JPN"", ""LAM"", ""MDA"", ""MEA"", ""MEX"", ""NIG"", ""RUS"", ""SKT"", ""USA""]",Share of industrial GHG emissions,,,100.0,173.434616038934,MtCO2e/yr,9869.484156578148,MtCO2e/yr,,,,,,,,,,,,,
ndc_noce,NDC,No CE,b,Global,Aluminium,Aluminium,2040,1.3920717034823202,%,plotted,"[""Emissions|GHG|Industry|Non-Ferrous Metals|Aluminum"", ""Emissions|GHG|Industry""]",fig04_emissions,,,,,,"[""AFE"", ""AFN"", ""AFW"", ""AFZ"", ""ANZ"", ""ASC"", ""ASE"", ""ASO"", ""BRA"", ""CAN"", ""CHL"", ""CHN"", ""ENE"", ""ENW"", ""EUE"", ""EUM"", ""EUW"", ""IDN"", ""IND"", ""JPN"", ""LAM"", ""MDA"", ""MEA"", ""MEX"", ""NIG"", ""RUS"", ""SKT"", ""USA""]",Share of industrial GHG emissions,,,100.0,141.75203140818192,MtCO2e/yr,10182.811061641713,MtCO2e/yr,,,,,,,,,,,,,
ndc_noce,NDC,No CE,b,Global,Aluminium,Aluminium,2050,0.7391523826854265,%,plotted,"[""Emissions|GHG|Industry|Non-Ferrous Metals|Aluminum"", ""Emissions|GHG|Industry""]",fig04_emissions,,,,,,"[""AFE"", ""AFN"", ""AFW"", ""AFZ"", ""ANZ"", ""ASC"", ""ASE"", ""ASO"", ""BRA"", ""CAN"", ""CHL"", ""CHN"", ""ENE"", ""ENW"", ""EUE"", ""EUM"", ""EUW"", ""IDN"", ""IND"", ""JPN"", ""LAM"", ""MDA"", ""MEA"", ""MEX"", ""NIG"", ""RUS"", ""SKT"", ""USA""]",Share of industrial GHG emissions,,,100.0,80.08544224828725,MtCO2e/yr,10834.76751537045,MtCO2e/yr,,,,,,,,,,,,,
ndc_noce,NDC,No CE,c,Global,Aluminium,Aluminium,2019,2.1859580832684005,tCO2e/t,plotted,"[""Emissions|GHG|Industry|Non-Ferrous Metals|Aluminum"", ""Production|Non-Ferrous Metals|Aluminum|Primary"", ""Production|Non-Ferrous Metals|Aluminum|Secondary""]",fig04_emissions,,,,,,"[""AFE"", ""AFN"", ""AFW"", ""AFZ"", ""ANZ"", ""ASC"", ""ASE"", ""ASO"", ""BRA"", ""CAN"", ""CHL"", ""CHN"", ""ENE"", ""ENW"", ""EUE"", ""EUM"", ""EUW"", ""IDN"", ""IND"", ""JPN"", ""LAM"", ""MDA"", ""MEA"", ""MEX"", ""NIG"", ""RUS"", ""SKT"", ""USA""]",Derived emissions intensity,,,1.0,206.57298142796364,MtCO2e/yr,94.49997372278058,Mt/yr,,,,,,,,,,,,,
ndc_noce,NDC,No CE,c,Global,Aluminium,Aluminium,2024,2.0492475066360236,tCO2e/t,plotted,"[""Emissions|GHG|Industry|Non-Ferrous Metals|Aluminum"", ""Production|Non-Ferrous Metals|Aluminum|Primary"", ""Production|Non-Ferrous Metals|Aluminum|Secondary""]",fig04_emissions,,,,,,"[""AFE"", ""AFN"", ""AFW"", ""AFZ"", ""ANZ"", ""ASC"", ""ASE"", ""ASO"", ""BRA"", ""CAN"", ""CHL"", ""CHN"", ""ENE"", ""ENW"", ""EUE"", ""EUM"", ""EUW"", ""IDN"", ""IND"", ""JPN"", ""LAM"", ""MDA"", ""MEA"", ""MEX"", ""NIG"", ""RUS"", ""SKT"", ""USA""]",Derived emissions intensity,,,1.0,247.98624821972322,MtCO2e/yr,121.01332192264523,Mt/yr,,,,,,,,,,,,,
ndc_noce,NDC,No CE,c,Global,Aluminium,Aluminium,2030,1.6552267664390097,tCO2e/t,plotted,"[""Emissions|GHG|Industry|Non-Ferrous Metals|Aluminum"", ""Production|Non-Ferrous Metals|Aluminum|Primary"", ""Production|Non-Ferrous Metals|Aluminum|Secondary""]",fig04_emissions,,,,,,"[""AFE"", ""AFN"", ""AFW"", ""AFZ"", ""ANZ"", ""ASC"", ""ASE"", ""ASO"", ""BRA"", ""CAN"", ""CHL"", ""CHN"", ""ENE"", ""ENW"", ""EUE"", ""EUM"", ""EUW"", ""IDN"", ""IND"", ""JPN"", ""LAM"", ""MDA"", ""MEA"", ""MEX"", ""NIG"", ""RUS"", ""SKT"", ""USA""]",Derived emissions intensity,,,1.0,205.87409618201448,MtCO2e/yr,124.37818210547911,Mt/yr,,,,,,,,,,,,,
ndc_noce,NDC,No CE,c,Global,Aluminium,Aluminium,2035,1.3653333217496375,tCO2e/t,plotted,"[""Emissions|GHG|Industry|Non-Ferrous Metals|Aluminum"", ""Production|Non-Ferrous Metals|Aluminum|Primary"", ""Production|Non-Ferrous Metals|Aluminum|Secondary""]",fig04_emissions,,,,,,"[""AFE"", ""AFN"", ""AFW"", ""AFZ"", ""ANZ"", ""ASC"", ""ASE"", ""ASO"", ""BRA"", ""CAN"", ""CHL"", ""CHN"", ""ENE"", ""ENW"", ""EUE"", ""EUM"", ""EUW"", ""IDN"", ""IND"", ""JPN"", ""LAM"", ""MDA"", ""MEA"", ""MEX"", ""NIG"", ""RUS"", ""SKT"", ""USA""]",Derived emissions intensity,,,1.0,173.434616038934,MtCO2e/yr,127.02730774686012,Mt/yr,,,,,,,,,,,,,
ndc_noce,NDC,No CE,c,Global,Aluminium,Aluminium,2040,1.0782800419141867,tCO2e/t,plotted,"[""Emissions|GHG|Industry|Non-Ferrous Metals|Aluminum"", ""Production|Non-Ferrous Metals|Aluminum|Primary"", ""Production|Non-Ferrous Metals|Aluminum|Secondary""]",fig04_emissions,,,,,,"[""AFE"", ""AFN"", ""AFW"", ""AFZ"", ""ANZ"", ""ASC"", ""ASE"", ""ASO"", ""BRA"", ""CAN"", ""CHL"", ""CHN"", ""ENE"", ""ENW"", ""EUE"", ""EUM"", ""EUW"", ""IDN"", ""IND"", ""JPN"", ""LAM"", ""MDA"", ""MEA"", ""MEX"", ""NIG"", ""RUS"", ""SKT"", ""USA""]",Derived emissions intensity,,,1.0,141.75203140818192,MtCO2e/yr,131.46124002864838,Mt/yr,,,,,,,,,,,,,
ndc_noce,NDC,No CE,c,Global,Aluminium,Aluminium,2050,0.6020822952587981,tCO2e/t,plotted,"[""Emissions|GHG|Industry|Non-Ferrous Metals|Aluminum"", ""Production|Non-Ferrous Metals|Aluminum|Primary"", ""Production|Non-Ferrous Metals|Aluminum|Secondary""]",fig04_emissions,,,,,,"[""AFE"", ""AFN"", ""AFW"", ""AFZ"", ""ANZ"", ""ASC"", ""ASE"", ""ASO"", ""BRA"", ""CAN"", ""CHL"", ""CHN"", ""ENE"", ""ENW"", ""EUE"", ""EUM"", ""EUW"", ""IDN"", ""IND"", ""JPN"", ""LAM"", ""MDA"", ""MEA"", ""MEX"", ""NIG"", ""RUS"", ""SKT"", ""USA""]",Derived emissions intensity,,,1.0,80.08544224828725,MtCO2e/yr,133.0141126535924,Mt/yr,,,,,,,,,,,,,
ndc_noce,NDC,No CE,d,Global,Aluminium,Aluminium,2019,0.0,MtCO2/yr,plotted,"[""Carbon Capture|Industry|Non-Ferrous Metals|Aluminum""]",fig04_emissions,,,,,,"[""AFE"", ""AFN"", ""AFW"", ""AFZ"", ""ANZ"", ""ASC"", ""ASE"", ""ASO"", ""BRA"", ""CAN"", ""CHL"", ""CHN"", ""ENE"", ""ENW"", ""EUE"", ""EUM"", ""EUW"", ""IDN"", ""IND"", ""JPN"", ""LAM"", ""MDA"", ""MEA"", ""MEX"", ""NIG"", ""RUS"", ""SKT"", ""USA""]",Carbon capture,,,1.0,0.0,MtCO2/yr,,,,,,,,,,,,,,,
ndc_noce,NDC,No CE,d,Global,Aluminium,Aluminium,2024,0.0,MtCO2/yr,plotted,"[""Carbon Capture|Industry|Non-Ferrous Metals|Aluminum""]",fig04_emissions,,,,,,"[""AFE"", ""AFN"", ""AFW"", ""AFZ"", ""ANZ"", ""ASC"", ""ASE"", ""ASO"", ""BRA"", ""CAN"", ""CHL"", ""CHN"", ""ENE"", ""ENW"", ""EUE"", ""EUM"", ""EUW"", ""IDN"", ""IND"", ""JPN"", ""LAM"", ""MDA"", ""MEA"", ""MEX"", ""NIG"", ""RUS"", ""SKT"", ""USA""]",Carbon capture,,,1.0,0.0,MtCO2/yr,,,,,,,,,,,,,,,
ndc_noce,NDC,No CE,d,Global,Aluminium,Aluminium,2030,6.192093818112701e-06,MtCO2/yr,plotted,"[""Carbon Capture|Industry|Non-Ferrous Metals|Aluminum""]",fig04_emissions,,,,,,"[""AFE"", ""AFN"", ""AFW"", ""AFZ"", ""ANZ"", ""ASC"", ""ASE"", ""ASO"", ""BRA"", ""CAN"", ""CHL"", ""CHN"", ""ENE"", ""ENW"", ""EUE"", ""EUM"", ""EUW"", ""IDN"", ""IND"", ""JPN"", ""LAM"", ""MDA"", ""MEA"", ""MEX"", ""NIG"", ""RUS"", ""SKT"", ""USA""]",Carbon capture,,,1.0,6.192093818112701e-06,MtCO2/yr,,,,,,,,,,,,,,,
ndc_noce,NDC,No CE,d,Global,Aluminium,Aluminium,2035,2.9810719697958605e-05,MtCO2/yr,plotted,"[""Carbon Capture|Industry|Non-Ferrous Metals|Aluminum""]",fig04_emissions,,,,,,"[""AFE"", ""AFN"", ""AFW"", ""AFZ"", ""ANZ"", ""ASC"", ""ASE"", ""ASO"", ""BRA"", ""CAN"", ""CHL"", ""CHN"", ""ENE"", ""ENW"", ""EUE"", ""EUM"", ""EUW"", ""IDN"", ""IND"", ""JPN"", ""LAM"", ""MDA"", ""MEA"", ""MEX"", ""NIG"", ""RUS"", ""SKT"", ""USA""]",Carbon capture,,,1.0,2.9810719697958605e-05,MtCO2/yr,,,,,,,,,,,,,,,
ndc_noce,NDC,No CE,d,Global,Aluminium,Aluminium,2040,4.948709604880988e-05,MtCO2/yr,plotted,"[""Carbon Capture|Industry|Non-Ferrous Metals|Aluminum""]",fig04_emissions,,,,,,"[""AFE"", ""AFN"", ""AFW"", ""AFZ"", ""ANZ"", ""ASC"", ""ASE"", ""ASO"", ""BRA"", ""CAN"", ""CHL"", ""CHN"", ""ENE"", ""ENW"", ""EUE"", ""EUM"", ""EUW"", ""IDN"", ""IND"", ""JPN"", ""LAM"", ""MDA"", ""MEA"", ""MEX"", ""NIG"", ""RUS"", ""SKT"", ""USA""]",Carbon capture,,,1.0,4.948709604880988e-05,MtCO2/yr,,,,,,,,,,,,,,,
ndc_noce,NDC,No CE,d,Global,Aluminium,Aluminium,2050,0.00010401732243766891,MtCO2/yr,plotted,"[""Carbon Capture|Industry|Non-Ferrous Metals|Aluminum""]",fig04_emissions,,,,,,"[""AFE"", ""AFN"", ""AFW"", ""AFZ"", ""ANZ"", ""ASC"", ""ASE"", ""ASO"", ""BRA"", ""CAN"", ""CHL"", ""CHN"", ""ENE"", ""ENW"", ""EUE"", ""EUM"", ""EUW"", ""IDN"", ""IND"", ""JPN"", ""LAM"", ""MDA"", ""MEA"", ""MEX"", ""NIG"", ""RUS"", ""SKT"", ""USA""]",Carbon capture,,,1.0,0.00010401732243766891,MtCO2/yr,,,,,,,,,,,,,,,
baseline_noce,NDC+LTT,No CE,a,Global,Cement,Cement,2019,2.542758438447978,GtCO2e/yr,plotted,"[""Emissions|GHG|Industry|Non-Metallic Minerals|Cement""]",fig04_emissions,,,,,,"[""AFE"", ""AFN"", ""AFW"", ""AFZ"", ""ANZ"", ""ASC"", ""ASE"", ""ASO"", ""BRA"", ""CAN"", ""CHL"", ""CHN"", ""ENE"", ""ENW"", ""EUE"", ""EUM"", ""EUW"", ""IDN"", ""IND"", ""JPN"", ""LAM"", ""MDA"", ""MEA"", ""MEX"", ""NIG"", ""RUS"", ""SKT"", ""USA""]",Sector GHG emissions,,,0.001,2542.758438447978,MtCO2e/yr,,,,,,,,,,,,,,,
baseline_noce,NDC+LTT,No CE,a,Global,Cement,Cement,2024,2.36069368367247,GtCO2e/yr,plotted,"[""Emissions|GHG|Industry|Non-Metallic Minerals|Cement""]",fig04_emissions,,,,,,"[""AFE"", ""AFN"", ""AFW"", ""AFZ"", ""ANZ"", ""ASC"", ""ASE"", ""ASO"", ""BRA"", ""CAN"", ""CHL"", ""CHN"", ""ENE"", ""ENW"", ""EUE"", ""EUM"", ""EUW"", ""IDN"", ""IND"", ""JPN"", ""LAM"", ""MDA"", ""MEA"", ""MEX"", ""NIG"", ""RUS"", ""SKT"", ""USA""]",Sector GHG emissions,,,0.001,2360.6936836724703,MtCO2e/yr,,,,,,,,,,,,,,,
baseline_noce,NDC+LTT,No CE,a,Global,Cement,Cement,2030,2.0977976651628745,GtCO2e/yr,plotted,"[""Emissions|GHG|Industry|Non-Metallic Minerals|Cement""]",fig04_emissions,,,,,,"[""AFE"", ""AFN"", ""AFW"", ""AFZ"", ""ANZ"", ""ASC"", ""ASE"", ""ASO"", ""BRA"", ""CAN"", ""CHL"", ""CHN"", ""ENE"", ""ENW"", ""EUE"", ""EUM"", ""EUW"", ""IDN"", ""IND"", ""JPN"", ""LAM"", ""MDA"", ""MEA"", ""MEX"", ""NIG"", ""RUS"", ""SKT"", ""USA""]",Sector GHG emissions,,,0.001,2097.7976651628746,MtCO2e/yr,,,,,,,,,,,,,,,
baseline_noce,NDC+LTT,No CE,a,Global,Cement,Cement,2035,1.9921680957149694,GtCO2e/yr,plotted,"[""Emissions|GHG|Industry|Non-Metallic Minerals|Cement""]",fig04_emissions,,,,,,"[""AFE"", ""AFN"", ""AFW"", ""AFZ"", ""ANZ"", ""ASC"", ""ASE"", ""ASO"", ""BRA"", ""CAN"", ""CHL"", ""CHN"", ""ENE"", ""ENW"", ""EUE"", ""EUM"", ""EUW"", ""IDN"", ""IND"", ""JPN"", ""LAM"", ""MDA"", ""MEA"", ""MEX"", ""NIG"", ""RUS"", ""SKT"", ""USA""]",Sector GHG emissions,,,0.001,1992.1680957149695,MtCO2e/yr,,,,,,,,,,,,,,,
baseline_noce,NDC+LTT,No CE,a,Global,Cement,Cement,2040,1.9110899971156512,GtCO2e/yr,plotted,"[""Emissions|GHG|Industry|Non-Metallic Minerals|Cement""]",fig04_emissions,,,,,,"[""AFE"", ""AFN"", ""AFW"", ""AFZ"", ""ANZ"", ""ASC"", ""ASE"", ""ASO"", ""BRA"", ""CAN"", ""CHL"", ""CHN"", ""ENE"", ""ENW"", ""EUE"", ""EUM"", ""EUW"", ""IDN"", ""IND"", ""JPN"", ""LAM"", ""MDA"", ""MEA"", ""MEX"", ""NIG"", ""RUS"", ""SKT"", ""USA""]",Sector GHG emissions,,,0.001,1911.0899971156512,MtCO2e/yr,,,,,,,,,,,,,,,
baseline_noce,NDC+LTT,No CE,a,Global,Cement,Cement,2050,1.7181234608434015,GtCO2e/yr,plotted,"[""Emissions|GHG|Industry|Non-Metallic Minerals|Cement""]",fig04_emissions,,,,,,"[""AFE"", ""AFN"", ""AFW"", ""AFZ"", ""ANZ"", ""ASC"", ""ASE"", ""ASO"", ""BRA"", ""CAN"", ""CHL"", ""CHN"", ""ENE"", ""ENW"", ""EUE"", ""EUM"", ""EUW"", ""IDN"", ""IND"", ""JPN"", ""LAM"", ""MDA"", ""MEA"", ""MEX"", ""NIG"", ""RUS"", ""SKT"", ""USA""]",Sector GHG emissions,,,0.001,1718.1234608434015,MtCO2e/yr,,,,,,,,,,,,,,,
baseline_noce,NDC+LTT,No CE,b,Global,Cement,Cement,2019,27.356840966058222,%,plotted,"[""Emissions|GHG|Industry|Non-Metallic Minerals|Cement"", ""Emissions|GHG|Industry""]",fig04_emissions,,,,,,"[""AFE"", ""AFN"", ""AFW"", ""AFZ"", ""ANZ"", ""ASC"", ""ASE"", ""ASO"", ""BRA"", ""CAN"", ""CHL"", ""CHN"", ""ENE"", ""ENW"", ""EUE"", ""EUM"", ""EUW"", ""IDN"", ""IND"", ""JPN"", ""LAM"", ""MDA"", ""MEA"", ""MEX"", ""NIG"", ""RUS"", ""SKT"", ""USA""]",Share of industrial GHG emissions,,,100.0,2542.758438447978,MtCO2e/yr,9294.780934694878,MtCO2e/yr,,,,,,,,,,,,,
baseline_noce,NDC+LTT,No CE,b,Global,Cement,Cement,2024,24.127643958029335,%,plotted,"[""Emissions|GHG|Industry|Non-Metallic Minerals|Cement"", ""Emissions|GHG|Industry""]",fig04_emissions,,,,,,"[""AFE"", ""AFN"", ""AFW"", ""AFZ"", ""ANZ"", ""ASC"", ""ASE"", ""ASO"", ""BRA"", ""CAN"", ""CHL"", ""CHN"", ""ENE"", ""ENW"", ""EUE"", ""EUM"", ""EUW"", ""IDN"", ""IND"", ""JPN"", ""LAM"", ""MDA"", ""MEA"", ""MEX"", ""NIG"", ""RUS"", ""SKT"", ""USA""]",Share of industrial GHG emissions,,,100.0,2360.6936836724703,MtCO2e/yr,9784.186503161927,MtCO2e/yr,,,,,,,,,,,,,
baseline_noce,NDC+LTT,No CE,b,Global,Cement,Cement,2030,21.29557149365643,%,plotted,"[""Emissions|GHG|Industry|Non-Metallic Minerals|Cement"", ""Emissions|GHG|Industry""]",fig04_emissions,,,,,,"[""AFE"", ""AFN"", ""AFW"", ""AFZ"", ""ANZ"", ""ASC"", ""ASE"", ""ASO"", ""BRA"", ""CAN"", ""CHL"", ""CHN"", ""ENE"", ""ENW"", ""EUE"", ""EUM"", ""EUW"", ""IDN"", ""IND"", ""JPN"", ""LAM"", ""MDA"", ""MEA"", ""MEX"", ""NIG"", ""RUS"", ""SKT"", ""USA""]",Share of industrial GHG emissions,,,100.0,2097.7976651628746,MtCO2e/yr,9850.863433215545,MtCO2e/yr,,,,,,,,,,,,,
baseline_noce,NDC+LTT,No CE,b,Global,Cement,Cement,2035,21.049018098421573,%,plotted,"[""Emissions|GHG|Industry|Non-Metallic Minerals|Cement"", ""Emissions|GHG|Industry""]",fig04_emissions,,,,,,"[""AFE"", ""AFN"", ""AFW"", ""AFZ"", ""ANZ"", ""ASC"", ""ASE"", ""ASO"", ""BRA"", ""CAN"", ""CHL"", ""CHN"", ""ENE"", ""ENW"", ""EUE"", ""EUM"", ""EUW"", ""IDN"", ""IND"", ""JPN"", ""LAM"", ""MDA"", ""MEA"", ""MEX"", ""NIG"", ""RUS"", ""SKT"", ""USA""]",Share of industrial GHG emissions,,,100.0,1992.1680957149695,MtCO2e/yr,9464.422931273732,MtCO2e/yr,,,,,,,,,,,,,
baseline_noce,NDC+LTT,No CE,b,Global,Cement,Cement,2040,21.940987495881746,%,plotted,"[""Emissions|GHG|Industry|Non-Metallic Minerals|Cement"", ""Emissions|GHG|Industry""]",fig04_emissions,,,,,,"[""AFE"", ""AFN"", ""AFW"", ""AFZ"", ""ANZ"", ""ASC"", ""ASE"", ""ASO"", ""BRA"", ""CAN"", ""CHL"", ""CHN"", ""ENE"", ""ENW"", ""EUE"", ""EUM"", ""EUW"", ""IDN"", ""IND"", ""JPN"", ""LAM"", ""MDA"", ""MEA"", ""MEX"", ""NIG"", ""RUS"", ""SKT"", ""USA""]",Share of industrial GHG emissions,,,100.0,1911.0899971156512,MtCO2e/yr,8710.13666761515,MtCO2e/yr,,,,,,,,,,,,,
baseline_noce,NDC+LTT,No CE,b,Global,Cement,Cement,2050,38.587980260746875,%,plotted,"[""Emissions|GHG|Industry|Non-Metallic Minerals|Cement"", ""Emissions|GHG|Industry""]",fig04_emissions,,,,,,"[""AFE"", ""AFN"", ""AFW"", ""AFZ"", ""ANZ"", ""ASC"", ""ASE"", ""ASO"", ""BRA"", ""CAN"", ""CHL"", ""CHN"", ""ENE"", ""ENW"", ""EUE"", ""EUM"", ""EUW"", ""IDN"", ""IND"", ""JPN"", ""LAM"", ""MDA"", ""MEA"", ""MEX"", ""NIG"", ""RUS"", ""SKT"", ""USA""]",Share of industrial GHG emissions,,,100.0,1718.1234608434015,MtCO2e/yr,4452.483517493504,MtCO2e/yr,,,,,,,,,,,,,
baseline_noce,NDC+LTT,No CE,c,Global,Cement,Cement,2019,0.6052155971768874,tCO2e/t,plotted,"[""Emissions|GHG|Industry|Non-Metallic Minerals|Cement"", ""Production|Non-Metallic Minerals|Cement""]",fig04_emissions,,,,,,"[""AFE"", ""AFN"", ""AFW"", ""AFZ"", ""ANZ"", ""ASC"", ""ASE"", ""ASO"", ""BRA"", ""CAN"", ""CHL"", ""CHN"", ""ENE"", ""ENW"", ""EUE"", ""EUM"", ""EUW"", ""IDN"", ""IND"", ""JPN"", ""LAM"", ""MDA"", ""MEA"", ""MEX"", ""NIG"", ""RUS"", ""SKT"", ""USA""]",Derived emissions intensity,,,1.0,2542.758438447978,MtCO2e/yr,4201.409299940433,Mt/yr,,,,,,,,,,,,,
baseline_noce,NDC+LTT,No CE,c,Global,Cement,Cement,2024,0.5977239720640364,tCO2e/t,plotted,"[""Emissions|GHG|Industry|Non-Metallic Minerals|Cement"", ""Production|Non-Metallic Minerals|Cement""]",fig04_emissions,,,,,,"[""AFE"", ""AFN"", ""AFW"", ""AFZ"", ""ANZ"", ""ASC"", ""ASE"", ""ASO"", ""BRA"", ""CAN"", ""CHL"", ""CHN"", ""ENE"", ""ENW"", ""EUE"", ""EUM"", ""EUW"", ""IDN"", ""IND"", ""JPN"", ""LAM"", ""MDA"", ""MEA"", ""MEX"", ""NIG"", ""RUS"", ""SKT"", ""USA""]",Derived emissions intensity,,,1.0,2360.6936836724703,MtCO2e/yr,3949.47131787373,Mt/yr,,,,,,,,,,,,,
baseline_noce,NDC+LTT,No CE,c,Global,Cement,Cement,2030,0.5587188857655027,tCO2e/t,plotted,"[""Emissions|GHG|Industry|Non-Metallic Minerals|Cement"", ""Production|Non-Metallic Minerals|Cement""]",fig04_emissions,,,,,,"[""AFE"", ""AFN"", ""AFW"", ""AFZ"", ""ANZ"", ""ASC"", ""ASE"", ""ASO"", ""BRA"", ""CAN"", ""CHL"", ""CHN"", ""ENE"", ""ENW"", ""EUE"", ""EUM"", ""EUW"", ""IDN"", ""IND"", ""JPN"", ""LAM"", ""MDA"", ""MEA"", ""MEX"", ""NIG"", ""RUS"", ""SKT"", ""USA""]",Derived emissions intensity,,,1.0,2097.7976651628746,MtCO2e/yr,3754.656802568388,Mt/yr,,,,,,,,,,,,,
baseline_noce,NDC+LTT,No CE,c,Global,Cement,Cement,2035,0.5438575094738624,tCO2e/t,plotted,"[""Emissions|GHG|Industry|Non-Metallic Minerals|Cement"", ""Production|Non-Metallic Minerals|Cement""]",fig04_emissions,,,,,,"[""AFE"", ""AFN"", ""AFW"", ""AFZ"", ""ANZ"", ""ASC"", ""ASE"", ""ASO"", ""BRA"", ""CAN"", ""CHL"", ""CHN"", ""ENE"", ""ENW"", ""EUE"", ""EUM"", ""EUW"", ""IDN"", ""IND"", ""JPN"", ""LAM"", ""MDA"", ""MEA"", ""MEX"", ""NIG"", ""RUS"", ""SKT"", ""USA""]",Derived emissions intensity,,,1.0,1992.1680957149695,MtCO2e/yr,3663.033167717458,Mt/yr,,,,,,,,,,,,,
baseline_noce,NDC+LTT,No CE,c,Global,Cement,Cement,2040,0.5220962885526099,tCO2e/t,plotted,"[""Emissions|GHG|Industry|Non-Metallic Minerals|Cement"", ""Production|Non-Metallic Minerals|Cement""]",fig04_emissions,,,,,,"[""AFE"", ""AFN"", ""AFW"", ""AFZ"", ""ANZ"", ""ASC"", ""ASE"", ""ASO"", ""BRA"", ""CAN"", ""CHL"", ""CHN"", ""ENE"", ""ENW"", ""EUE"", ""EUM"", ""EUW"", ""IDN"", ""IND"", ""JPN"", ""LAM"", ""MDA"", ""MEA"", ""MEX"", ""NIG"", ""RUS"", ""SKT"", ""USA""]",Derived emissions intensity,,,1.0,1911.0899971156512,MtCO2e/yr,3660.4167449910474,Mt/yr,,,,,,,,,,,,,
baseline_noce,NDC+LTT,No CE,c,Global,Cement,Cement,2050,0.4694152042084048,tCO2e/t,plotted,"[""Emissions|GHG|Industry|Non-Metallic Minerals|Cement"", ""Production|Non-Metallic Minerals|Cement""]",fig04_emissions,,,,,,"[""AFE"", ""AFN"", ""AFW"", ""AFZ"", ""ANZ"", ""ASC"", ""ASE"", ""ASO"", ""BRA"", ""CAN"", ""CHL"", ""CHN"", ""ENE"", ""ENW"", ""EUE"", ""EUM"", ""EUW"", ""IDN"", ""IND"", ""JPN"", ""LAM"", ""MDA"", ""MEA"", ""MEX"", ""NIG"", ""RUS"", ""SKT"", ""USA""]",Derived emissions intensity,,,1.0,1718.1234608434015,MtCO2e/yr,3660.135942423824,Mt/yr,,,,,,,,,,,,,
baseline_noce,NDC+LTT,No CE,d,Global,Cement,Cement,2019,0.0,MtCO2/yr,plotted,"[""Carbon Capture|Industry|Non-Metallic Minerals|Cement""]",fig04_emissions,,,,,,"[""AFE"", ""AFN"", ""AFW"", ""AFZ"", ""ANZ"", ""ASC"", ""ASE"", ""ASO"", ""BRA"", ""CAN"", ""CHL"", ""CHN"", ""ENE"", ""ENW"", ""EUE"", ""EUM"", ""EUW"", ""IDN"", ""IND"", ""JPN"", ""LAM"", ""MDA"", ""MEA"", ""MEX"", ""NIG"", ""RUS"", ""SKT"", ""USA""]",Carbon capture,,,1.0,0.0,MtCO2/yr,,,,,,,,,,,,,,,
baseline_noce,NDC+LTT,No CE,d,Global,Cement,Cement,2024,0.0,MtCO2/yr,plotted,"[""Carbon Capture|Industry|Non-Metallic Minerals|Cement""]",fig04_emissions,,,,,,"[""AFE"", ""AFN"", ""AFW"", ""AFZ"", ""ANZ"", ""ASC"", ""ASE"", ""ASO"", ""BRA"", ""CAN"", ""CHL"", ""CHN"", ""ENE"", ""ENW"", ""EUE"", ""EUM"", ""EUW"", ""IDN"", ""IND"", ""JPN"", ""LAM"", ""MDA"", ""MEA"", ""MEX"", ""NIG"", ""RUS"", ""SKT"", ""USA""]",Carbon capture,,,1.0,0.0,MtCO2/yr,,,,,,,,,,,,,,,
baseline_noce,NDC+LTT,No CE,d,Global,Cement,Cement,2030,104.46842434605666,MtCO2/yr,plotted,"[""Carbon Capture|Industry|Non-Metallic Minerals|Cement""]",fig04_emissions,,,,,,"[""AFE"", ""AFN"", ""AFW"", ""AFZ"", ""ANZ"", ""ASC"", ""ASE"", ""ASO"", ""BRA"", ""CAN"", ""CHL"", ""CHN"", ""ENE"", ""ENW"", ""EUE"", ""EUM"", ""EUW"", ""IDN"", ""IND"", ""JPN"", ""LAM"", ""MDA"", ""MEA"", ""MEX"", ""NIG"", ""RUS"", ""SKT"", ""USA""]",Carbon capture,,,1.0,104.46842434605666,MtCO2/yr,,,,,,,,,,,,,,,
baseline_noce,NDC+LTT,No CE,d,Global,Cement,Cement,2035,109.5682659859391,MtCO2/yr,plotted,"[""Carbon Capture|Industry|Non-Metallic Minerals|Cement""]",fig04_emissions,,,,,,"[""AFE"", ""AFN"", ""AFW"", ""AFZ"", ""ANZ"", ""ASC"", ""ASE"", ""ASO"", ""BRA"", ""CAN"", ""CHL"", ""CHN"", ""ENE"", ""ENW"", ""EUE"", ""EUM"", ""EUW"", ""IDN"", ""IND"", ""JPN"", ""LAM"", ""MDA"", ""MEA"", ""MEX"", ""NIG"", ""RUS"", ""SKT"", ""USA""]",Carbon capture,,,1.0,109.5682659859391,MtCO2/yr,,,,,,,,,,,,,,,
baseline_noce,NDC+LTT,No CE,d,Global,Cement,Cement,2040,120.90375097364259,MtCO2/yr,plotted,"[""Carbon Capture|Industry|Non-Metallic Minerals|Cement""]",fig04_emissions,,,,,,"[""AFE"", ""AFN"", ""AFW"", ""AFZ"", ""ANZ"", ""ASC"", ""ASE"", ""ASO"", ""BRA"", ""CAN"", ""CHL"", ""CHN"", ""ENE"", ""ENW"", ""EUE"", ""EUM"", ""EUW"", ""IDN"", ""IND"", ""JPN"", ""LAM"", ""MDA"", ""MEA"", ""MEX"", ""NIG"", ""RUS"", ""SKT"", ""USA""]",Carbon capture,,,1.0,120.90375097364259,MtCO2/yr,,,,,,,,,,,,,,,
baseline_noce,NDC+LTT,No CE,d,Global,Cement,Cement,2050,155.19738104906853,MtCO2/yr,plotted,"[""Carbon Capture|Industry|Non-Metallic Minerals|Cement""]",fig04_emissions,,,,,,"[""AFE"", ""AFN"", ""AFW"", ""AFZ"", ""ANZ"", ""ASC"", ""ASE"", ""ASO"", ""BRA"", ""CAN"", ""CHL"", ""CHN"", ""ENE"", ""ENW"", ""EUE"", ""EUM"", ""EUW"", ""IDN"", ""IND"", ""JPN"", ""LAM"", ""MDA"", ""MEA"", ""MEX"", ""NIG"", ""RUS"", ""SKT"", ""USA""]",Carbon capture,,,1.0,155.19738104906853,MtCO2/yr,,,,,,,,,,,,,,,
baseline_noce,NDC+LTT,No CE,a,Global,Iron and steel,Iron and steel,2019,2.74565603423791,GtCO2e/yr,plotted,"[""Emissions|GHG|Industry|Iron and Steel""]",fig04_emissions,,,,,,"[""AFE"", ""AFN"", ""AFW"", ""AFZ"", ""ANZ"", ""ASC"", ""ASE"", ""ASO"", ""BRA"", ""CAN"", ""CHL"", ""CHN"", ""ENE"", ""ENW"", ""EUE"", ""EUM"", ""EUW"", ""IDN"", ""IND"", ""JPN"", ""LAM"", ""MDA"", ""MEA"", ""MEX"", ""NIG"", ""RUS"", ""SKT"", ""USA""]",Sector GHG emissions,,,0.001,2745.6560342379103,MtCO2e/yr,,,,,,,,,,,,,,,
baseline_noce,NDC+LTT,No CE,a,Global,Iron and steel,Iron and steel,2024,2.6405834046078245,GtCO2e/yr,plotted,"[""Emissions|GHG|Industry|Iron and Steel""]",fig04_emissions,,,,,,"[""AFE"", ""AFN"", ""AFW"", ""AFZ"", ""ANZ"", ""ASC"", ""ASE"", ""ASO"", ""BRA"", ""CAN"", ""CHL"", ""CHN"", ""ENE"", ""ENW"", ""EUE"", ""EUM"", ""EUW"", ""IDN"", ""IND"", ""JPN"", ""LAM"", ""MDA"", ""MEA"", ""MEX"", ""NIG"", ""RUS"", ""SKT"", ""USA""]",Sector GHG emissions,,,0.001,2640.5834046078244,MtCO2e/yr,,,,,,,,,,,,,,,
baseline_noce,NDC+LTT,No CE,a,Global,Iron and steel,Iron and steel,2030,2.273480511099978,GtCO2e/yr,plotted,"[""Emissions|GHG|Industry|Iron and Steel""]",fig04_emissions,,,,,,"[""AFE"", ""AFN"", ""AFW"", ""AFZ"", ""ANZ"", ""ASC"", ""ASE"", ""ASO"", ""BRA"", ""CAN"", ""CHL"", ""CHN"", ""ENE"", ""ENW"", ""EUE"", ""EUM"", ""EUW"", ""IDN"", ""IND"", ""JPN"", ""LAM"", ""MDA"", ""MEA"", ""MEX"", ""NIG"", ""RUS"", ""SKT"", ""USA""]",Sector GHG emissions,,,0.001,2273.4805110999782,MtCO2e/yr,,,,,,,,,,,,,,,
baseline_noce,NDC+LTT,No CE,a,Global,Iron and steel,Iron and steel,2035,1.7835914059599014,GtCO2e/yr,plotted,"[""Emissions|GHG|Industry|Iron and Steel""]",fig04_emissions,,,,,,"[""AFE"", ""AFN"", ""AFW"", ""AFZ"", ""ANZ"", ""ASC"", ""ASE"", ""ASO"", ""BRA"", ""CAN"", ""CHL"", ""CHN"", ""ENE"", ""ENW"", ""EUE"", ""EUM"", ""EUW"", ""IDN"", ""IND"", ""JPN"", ""LAM"", ""MDA"", ""MEA"", ""MEX"", ""NIG"", ""RUS"", ""SKT"", ""USA""]",Sector GHG emissions,,,0.001,1783.5914059599013,MtCO2e/yr,,,,,,,,,,,,,,,
baseline_noce,NDC+LTT,No CE,a,Global,Iron and steel,Iron and steel,2040,1.402917936420128,GtCO2e/yr,plotted,"[""Emissions|GHG|Industry|Iron and Steel""]",fig04_emissions,,,,,,"[""AFE"", ""AFN"", ""AFW"", ""AFZ"", ""ANZ"", ""ASC"", ""ASE"", ""ASO"", ""BRA"", ""CAN"", ""CHL"", ""CHN"", ""ENE"", ""ENW"", ""EUE"", ""EUM"", ""EUW"", ""IDN"", ""IND"", ""JPN"", ""LAM"", ""MDA"", ""MEA"", ""MEX"", ""NIG"", ""RUS"", ""SKT"", ""USA""]",Sector GHG emissions,,,0.001,1402.9179364201282,MtCO2e/yr,,,,,,,,,,,,,,,
baseline_noce,NDC+LTT,No CE,a,Global,Iron and steel,Iron and steel,2050,0.740806396665101,GtCO2e/yr,plotted,"[""Emissions|GHG|Industry|Iron and Steel""]",fig04_emissions,,,,,,"[""AFE"", ""AFN"", ""AFW"", ""AFZ"", ""ANZ"", ""ASC"", ""ASE"", ""ASO"", ""BRA"", ""CAN"", ""CHL"", ""CHN"", ""ENE"", ""ENW"", ""EUE"", ""EUM"", ""EUW"", ""IDN"", ""IND"", ""JPN"", ""LAM"", ""MDA"", ""MEA"", ""MEX"", ""NIG"", ""RUS"", ""SKT"", ""USA""]",Sector GHG emissions,,,0.001,740.8063966651009,MtCO2e/yr,,,,,,,,,,,,,,,
baseline_noce,NDC+LTT,No CE,b,Global,Iron and steel,Iron and steel,2019,29.539760576703067,%,plotted,"[""Emissions|GHG|Industry|Iron and Steel"", ""Emissions|GHG|Industry""]",fig04_emissions,,,,,,"[""AFE"", ""AFN"", ""AFW"", ""AFZ"", ""ANZ"", ""ASC"", ""ASE"", ""ASO"", ""BRA"", ""CAN"", ""CHL"", ""CHN"", ""ENE"", ""ENW"", ""EUE"", ""EUM"", ""EUW"", ""IDN"", ""IND"", ""JPN"", ""LAM"", ""MDA"", ""MEA"", ""MEX"", ""NIG"", ""RUS"", ""SKT"", ""USA""]",Share of industrial GHG emissions,,,100.0,2745.6560342379103,MtCO2e/yr,9294.780934694878,MtCO2e/yr,,,,,,,,,,,,,
baseline_noce,NDC+LTT,No CE,b,Global,Iron and steel,Iron and steel,2024,26.98827750017311,%,plotted,"[""Emissions|GHG|Industry|Iron and Steel"", ""Emissions|GHG|Industry""]",fig04_emissions,,,,,,"[""AFE"", ""AFN"", ""AFW"", ""AFZ"", ""ANZ"", ""ASC"", ""ASE"", ""ASO"", ""BRA"", ""CAN"", ""CHL"", ""CHN"", ""ENE"", ""ENW"", ""EUE"", ""EUM"", ""EUW"", ""IDN"", ""IND"", ""JPN"", ""LAM"", ""MDA"", ""MEA"", ""MEX"", ""NIG"", ""RUS"", ""SKT"", ""USA""]",Share of industrial GHG emissions,,,100.0,2640.5834046078244,MtCO2e/yr,9784.186503161927,MtCO2e/yr,,,,,,,,,,,,,
baseline_noce,NDC+LTT,No CE,b,Global,Iron and steel,Iron and steel,2030,23.078997354020395,%,plotted,"[""Emissions|GHG|Industry|Iron and Steel"", ""Emissions|GHG|Industry""]",fig04_emissions,,,,,,"[""AFE"", ""AFN"", ""AFW"", ""AFZ"", ""ANZ"", ""ASC"", ""ASE"", ""ASO"", ""BRA"", ""CAN"", ""CHL"", ""CHN"", ""ENE"", ""ENW"", ""EUE"", ""EUM"", ""EUW"", ""IDN"", ""IND"", ""JPN"", ""LAM"", ""MDA"", ""MEA"", ""MEX"", ""NIG"", ""RUS"", ""SKT"", ""USA""]",Share of industrial GHG emissions,,,100.0,2273.4805110999782,MtCO2e/yr,9850.863433215545,MtCO2e/yr,,,,,,,,,,,,,
baseline_noce,NDC+LTT,No CE,b,Global,Iron and steel,Iron and steel,2035,18.845220875181916,%,plotted,"[""Emissions|GHG|Industry|Iron and Steel"", ""Emissions|GHG|Industry""]",fig04_emissions,,,,,,"[""AFE"", ""AFN"", ""AFW"", ""AFZ"", ""ANZ"", ""ASC"", ""ASE"", ""ASO"", ""BRA"", ""CAN"", ""CHL"", ""CHN"", ""ENE"", ""ENW"", ""EUE"", ""EUM"", ""EUW"", ""IDN"", ""IND"", ""JPN"", ""LAM"", ""MDA"", ""MEA"", ""MEX"", ""NIG"", ""RUS"", ""SKT"", ""USA""]",Share of industrial GHG emissions,,,100.0,1783.5914059599013,MtCO2e/yr,9464.422931273732,MtCO2e/yr,,,,,,,,,,,,,
baseline_noce,NDC+LTT,No CE,b,Global,Iron and steel,Iron and steel,2040,16.106727023426252,%,plotted,"[""Emissions|GHG|Industry|Iron and Steel"", ""Emissions|GHG|Industry""]",fig04_emissions,,,,,,"[""AFE"", ""AFN"", ""AFW"", ""AFZ"", ""ANZ"", ""ASC"", ""ASE"", ""ASO"", ""BRA"", ""CAN"", ""CHL"", ""CHN"", ""ENE"", ""ENW"", ""EUE"", ""EUM"", ""EUW"", ""IDN"", ""IND"", ""JPN"", ""LAM"", ""MDA"", ""MEA"", ""MEX"", ""NIG"", ""RUS"", ""SKT"", ""USA""]",Share of industrial GHG emissions,,,100.0,1402.9179364201282,MtCO2e/yr,8710.13666761515,MtCO2e/yr,,,,,,,,,,,,,
baseline_noce,NDC+LTT,No CE,b,Global,Iron and steel,Iron and steel,2050,16.638049164124315,%,plotted,"[""Emissions|GHG|Industry|Iron and Steel"", ""Emissions|GHG|Industry""]",fig04_emissions,,,,,,"[""AFE"", ""AFN"", ""AFW"", ""AFZ"", ""ANZ"", ""ASC"", ""ASE"", ""ASO"", ""BRA"", ""CAN"", ""CHL"", ""CHN"", ""ENE"", ""ENW"", ""EUE"", ""EUM"", ""EUW"", ""IDN"", ""IND"", ""JPN"", ""LAM"", ""MDA"", ""MEA"", ""MEX"", ""NIG"", ""RUS"", ""SKT"", ""USA""]",Share of industrial GHG emissions,,,100.0,740.8063966651009,MtCO2e/yr,4452.483517493504,MtCO2e/yr,,,,,,,,,,,,,
baseline_noce,NDC+LTT,No CE,c,Global,Iron and steel,Iron and steel,2019,1.5647335496873123,tCO2e/t,plotted,"[""Emissions|GHG|Industry|Iron and Steel"", ""Production|Iron and Steel|Primary"", ""Production|Iron and Steel|Secondary""]",fig04_emissions,,,,,,"[""AFE"", ""AFN"", ""AFW"", ""AFZ"", ""ANZ"", ""ASC"", ""ASE"", ""ASO"", ""BRA"", ""CAN"", ""CHL"", ""CHN"", ""ENE"", ""ENW"", ""EUE"", ""EUM"", ""EUW"", ""IDN"", ""IND"", ""JPN"", ""LAM"", ""MDA"", ""MEA"", ""MEX"", ""NIG"", ""RUS"", ""SKT"", ""USA""]",Derived emissions intensity,,,1.0,2745.6560342379103,MtCO2e/yr,1754.711551232852,Mt/yr,,,,,,,,,,,,,
baseline_noce,NDC+LTT,No CE,c,Global,Iron and steel,Iron and steel,2024,1.5307025003261827,tCO2e/t,plotted,"[""Emissions|GHG|Industry|Iron and Steel"", ""Production|Iron and Steel|Primary"", ""Production|Iron and Steel|Secondary""]",fig04_emissions,,,,,,"[""AFE"", ""AFN"", ""AFW"", ""AFZ"", ""ANZ"", ""ASC"", ""ASE"", ""ASO"", ""BRA"", ""CAN"", ""CHL"", ""CHN"", ""ENE"", ""ENW"", ""EUE"", ""EUM"", ""EUW"", ""IDN"", ""IND"", ""JPN"", ""LAM"", ""MDA"", ""MEA"", ""MEX"", ""NIG"", ""RUS"", ""SKT"", ""USA""]",Derived emissions intensity,,,1.0,2640.5834046078244,MtCO2e/yr,1725.0794351254624,Mt/yr,,,,,,,,,,,,,
baseline_noce,NDC+LTT,No CE,c,Global,Iron and steel,Iron and steel,2030,1.3845892547567369,tCO2e/t,plotted,"[""Emissions|GHG|Industry|Iron and Steel"", ""Production|Iron and Steel|Primary"", ""Production|Iron and Steel|Secondary""]",fig04_emissions,,,,,,"[""AFE"", ""AFN"", ""AFW"", ""AFZ"", ""ANZ"", ""ASC"", ""ASE"", ""ASO"", ""BRA"", ""CAN"", ""CHL"", ""CHN"", ""ENE"", ""ENW"", ""EUE"", ""EUM"", ""EUW"", ""IDN"", ""IND"", ""JPN"", ""LAM"", ""MDA"", ""MEA"", ""MEX"", ""NIG"", ""RUS"", ""SKT"", ""USA""]",Derived emissions intensity,,,1.0,2273.4805110999782,MtCO2e/yr,1641.9891338095165,Mt/yr,,,,,,,,,,,,,
baseline_noce,NDC+LTT,No CE,c,Global,Iron and steel,Iron and steel,2035,1.1177914885339595,tCO2e/t,plotted,"[""Emissions|GHG|Industry|Iron and Steel"", ""Production|Iron and Steel|Primary"", ""Production|Iron and Steel|Secondary""]",fig04_emissions,,,,,,"[""AFE"", ""AFN"", ""AFW"", ""AFZ"", ""ANZ"", ""ASC"", ""ASE"", ""ASO"", ""BRA"", ""CAN"", ""CHL"", ""CHN"", ""ENE"", ""ENW"", ""EUE"", ""EUM"", ""EUW"", ""IDN"", ""IND"", ""JPN"", ""LAM"", ""MDA"", ""MEA"", ""MEX"", ""NIG"", ""RUS"", ""SKT"", ""USA""]",Derived emissions intensity,,,1.0,1783.5914059599013,MtCO2e/yr,1595.6387432321321,Mt/yr,,,,,,,,,,,,,
baseline_noce,NDC+LTT,No CE,c,Global,Iron and steel,Iron and steel,2040,0.8333535939153167,tCO2e/t,plotted,"[""Emissions|GHG|Industry|Iron and Steel"", ""Production|Iron and Steel|Primary"", ""Production|Iron and Steel|Secondary""]",fig04_emissions,,,,,,"[""AFE"", ""AFN"", ""AFW"", ""AFZ"", ""ANZ"", ""ASC"", ""ASE"", ""ASO"", ""BRA"", ""CAN"", ""CHL"", ""CHN"", ""ENE"", ""ENW"", ""EUE"", ""EUM"", ""EUW"", ""IDN"", ""IND"", ""JPN"", ""LAM"", ""MDA"", ""MEA"", ""MEX"", ""NIG"", ""RUS"", ""SKT"", ""USA""]",Derived emissions intensity,,,1.0,1402.9179364201282,MtCO2e/yr,1683.4605942344915,Mt/yr,,,,,,,,,,,,,
baseline_noce,NDC+LTT,No CE,c,Global,Iron and steel,Iron and steel,2050,0.33874266725574614,tCO2e/t,plotted,"[""Emissions|GHG|Industry|Iron and Steel"", ""Production|Iron and Steel|Primary"", ""Production|Iron and Steel|Secondary""]",fig04_emissions,,,,,,"[""AFE"", ""AFN"", ""AFW"", ""AFZ"", ""ANZ"", ""ASC"", ""ASE"", ""ASO"", ""BRA"", ""CAN"", ""CHL"", ""CHN"", ""ENE"", ""ENW"", ""EUE"", ""EUM"", ""EUW"", ""IDN"", ""IND"", ""JPN"", ""LAM"", ""MDA"", ""MEA"", ""MEX"", ""NIG"", ""RUS"", ""SKT"", ""USA""]",Derived emissions intensity,,,1.0,740.8063966651009,MtCO2e/yr,2186.929691103253,Mt/yr,,,,,,,,,,,,,
baseline_noce,NDC+LTT,No CE,d,Global,Iron and steel,Iron and steel,2019,0.0,MtCO2/yr,plotted,"[""Carbon Capture|Industry|Iron and Steel""]",fig04_emissions,,,,,,"[""AFE"", ""AFN"", ""AFW"", ""AFZ"", ""ANZ"", ""ASC"", ""ASE"", ""ASO"", ""BRA"", ""CAN"", ""CHL"", ""CHN"", ""ENE"", ""ENW"", ""EUE"", ""EUM"", ""EUW"", ""IDN"", ""IND"", ""JPN"", ""LAM"", ""MDA"", ""MEA"", ""MEX"", ""NIG"", ""RUS"", ""SKT"", ""USA""]",Carbon capture,,,1.0,0.0,MtCO2/yr,,,,,,,,,,,,,,,
baseline_noce,NDC+LTT,No CE,d,Global,Iron and steel,Iron and steel,2024,0.0,MtCO2/yr,plotted,"[""Carbon Capture|Industry|Iron and Steel""]",fig04_emissions,,,,,,"[""AFE"", ""AFN"", ""AFW"", ""AFZ"", ""ANZ"", ""ASC"", ""ASE"", ""ASO"", ""BRA"", ""CAN"", ""CHL"", ""CHN"", ""ENE"", ""ENW"", ""EUE"", ""EUM"", ""EUW"", ""IDN"", ""IND"", ""JPN"", ""LAM"", ""MDA"", ""MEA"", ""MEX"", ""NIG"", ""RUS"", ""SKT"", ""USA""]",Carbon capture,,,1.0,0.0,MtCO2/yr,,,,,,,,,,,,,,,
baseline_noce,NDC+LTT,No CE,d,Global,Iron and steel,Iron and steel,2030,0.0,MtCO2/yr,plotted,"[""Carbon Capture|Industry|Iron and Steel""]",fig04_emissions,,,,,,"[""AFE"", ""AFN"", ""AFW"", ""AFZ"", ""ANZ"", ""ASC"", ""ASE"", ""ASO"", ""BRA"", ""CAN"", ""CHL"", ""CHN"", ""ENE"", ""ENW"", ""EUE"", ""EUM"", ""EUW"", ""IDN"", ""IND"", ""JPN"", ""LAM"", ""MDA"", ""MEA"", ""MEX"", ""NIG"", ""RUS"", ""SKT"", ""USA""]",Carbon capture,,,1.0,0.0,MtCO2/yr,,,,,,,,,,,,,,,
baseline_noce,NDC+LTT,No CE,d,Global,Iron and steel,Iron and steel,2035,27.747017596744534,MtCO2/yr,plotted,"[""Carbon Capture|Industry|Iron and Steel""]",fig04_emissions,,,,,,"[""AFE"", ""AFN"", ""AFW"", ""AFZ"", ""ANZ"", ""ASC"", ""ASE"", ""ASO"", ""BRA"", ""CAN"", ""CHL"", ""CHN"", ""ENE"", ""ENW"", ""EUE"", ""EUM"", ""EUW"", ""IDN"", ""IND"", ""JPN"", ""LAM"", ""MDA"", ""MEA"", ""MEX"", ""NIG"", ""RUS"", ""SKT"", ""USA""]",Carbon capture,,,1.0,27.747017596744534,MtCO2/yr,,,,,,,,,,,,,,,
baseline_noce,NDC+LTT,No CE,d,Global,Iron and steel,Iron and steel,2040,34.88531854523063,MtCO2/yr,plotted,"[""Carbon Capture|Industry|Iron and Steel""]",fig04_emissions,,,,,,"[""AFE"", ""AFN"", ""AFW"", ""AFZ"", ""ANZ"", ""ASC"", ""ASE"", ""ASO"", ""BRA"", ""CAN"", ""CHL"", ""CHN"", ""ENE"", ""ENW"", ""EUE"", ""EUM"", ""EUW"", ""IDN"", ""IND"", ""JPN"", ""LAM"", ""MDA"", ""MEA"", ""MEX"", ""NIG"", ""RUS"", ""SKT"", ""USA""]",Carbon capture,,,1.0,34.88531854523063,MtCO2/yr,,,,,,,,,,,,,,,
baseline_noce,NDC+LTT,No CE,d,Global,Iron and steel,Iron and steel,2050,40.73594903048325,MtCO2/yr,plotted,"[""Carbon Capture|Industry|Iron and Steel""]",fig04_emissions,,,,,,"[""AFE"", ""AFN"", ""AFW"", ""AFZ"", ""ANZ"", ""ASC"", ""ASE"", ""ASO"", ""BRA"", ""CAN"", ""CHL"", ""CHN"", ""ENE"", ""ENW"", ""EUE"", ""EUM"", ""EUW"", ""IDN"", ""IND"", ""JPN"", ""LAM"", ""MDA"", ""MEA"", ""MEX"", ""NIG"", ""RUS"", ""SKT"", ""USA""]",Carbon capture,,,1.0,40.73594903048325,MtCO2/yr,,,,,,,,,,,,,,,
baseline_noce,NDC+LTT,No CE,a,Global,Aluminium,Aluminium,2019,0.20657298142796365,GtCO2e/yr,plotted,"[""Emissions|GHG|Industry|Non-Ferrous Metals|Aluminum""]",fig04_emissions,,,,,,"[""AFE"", ""AFN"", ""AFW"", ""AFZ"", ""ANZ"", ""ASC"", ""ASE"", ""ASO"", ""BRA"", ""CAN"", ""CHL"", ""CHN"", ""ENE"", ""ENW"", ""EUE"", ""EUM"", ""EUW"", ""IDN"", ""IND"", ""JPN"", ""LAM"", ""MDA"", ""MEA"", ""MEX"", ""NIG"", ""RUS"", ""SKT"", ""USA""]",Sector GHG emissions,,,0.001,206.57298142796364,MtCO2e/yr,,,,,,,,,,,,,,,
baseline_noce,NDC+LTT,No CE,a,Global,Aluminium,Aluminium,2024,0.24798624821972323,GtCO2e/yr,plotted,"[""Emissions|GHG|Industry|Non-Ferrous Metals|Aluminum""]",fig04_emissions,,,,,,"[""AFE"", ""AFN"", ""AFW"", ""AFZ"", ""ANZ"", ""ASC"", ""ASE"", ""ASO"", ""BRA"", ""CAN"", ""CHL"", ""CHN"", ""ENE"", ""ENW"", ""EUE"", ""EUM"", ""EUW"", ""IDN"", ""IND"", ""JPN"", ""LAM"", ""MDA"", ""MEA"", ""MEX"", ""NIG"", ""RUS"", ""SKT"", ""USA""]",Sector GHG emissions,,,0.001,247.98624821972322,MtCO2e/yr,,,,,,,,,,,,,,,
baseline_noce,NDC+LTT,No CE,a,Global,Aluminium,Aluminium,2030,0.20450892873301849,GtCO2e/yr,plotted,"[""Emissions|GHG|Industry|Non-Ferrous Metals|Aluminum""]",fig04_emissions,,,,,,"[""AFE"", ""AFN"", ""AFW"", ""AFZ"", ""ANZ"", ""ASC"", ""ASE"", ""ASO"", ""BRA"", ""CAN"", ""CHL"", ""CHN"", ""ENE"", ""ENW"", ""EUE"", ""EUM"", ""EUW"", ""IDN"", ""IND"", ""JPN"", ""LAM"", ""MDA"", ""MEA"", ""MEX"", ""NIG"", ""RUS"", ""SKT"", ""USA""]",Sector GHG emissions,,,0.001,204.50892873301848,MtCO2e/yr,,,,,,,,,,,,,,,
baseline_noce,NDC+LTT,No CE,a,Global,Aluminium,Aluminium,2035,0.16650441627348747,GtCO2e/yr,plotted,"[""Emissions|GHG|Industry|Non-Ferrous Metals|Aluminum""]",fig04_emissions,,,,,,"[""AFE"", ""AFN"", ""AFW"", ""AFZ"", ""ANZ"", ""ASC"", ""ASE"", ""ASO"", ""BRA"", ""CAN"", ""CHL"", ""CHN"", ""ENE"", ""ENW"", ""EUE"", ""EUM"", ""EUW"", ""IDN"", ""IND"", ""JPN"", ""LAM"", ""MDA"", ""MEA"", ""MEX"", ""NIG"", ""RUS"", ""SKT"", ""USA""]",Sector GHG emissions,,,0.001,166.50441627348746,MtCO2e/yr,,,,,,,,,,,,,,,
baseline_noce,NDC+LTT,No CE,a,Global,Aluminium,Aluminium,2040,0.1263006604449046,GtCO2e/yr,plotted,"[""Emissions|GHG|Industry|Non-Ferrous Metals|Aluminum""]",fig04_emissions,,,,,,"[""AFE"", ""AFN"", ""AFW"", ""AFZ"", ""ANZ"", ""ASC"", ""ASE"", ""ASO"", ""BRA"", ""CAN"", ""CHL"", ""CHN"", ""ENE"", ""ENW"", ""EUE"", ""EUM"", ""EUW"", ""IDN"", ""IND"", ""JPN"", ""LAM"", ""MDA"", ""MEA"", ""MEX"", ""NIG"", ""RUS"", ""SKT"", ""USA""]",Sector GHG emissions,,,0.001,126.30066044490461,MtCO2e/yr,,,,,,,,,,,,,,,
baseline_noce,NDC+LTT,No CE,a,Global,Aluminium,Aluminium,2050,0.051151960773940935,GtCO2e/yr,plotted,"[""Emissions|GHG|Industry|Non-Ferrous Metals|Aluminum""]",fig04_emissions,,,,,,"[""AFE"", ""AFN"", ""AFW"", ""AFZ"", ""ANZ"", ""ASC"", ""ASE"", ""ASO"", ""BRA"", ""CAN"", ""CHL"", ""CHN"", ""ENE"", ""ENW"", ""EUE"", ""EUM"", ""EUW"", ""IDN"", ""IND"", ""JPN"", ""LAM"", ""MDA"", ""MEA"", ""MEX"", ""NIG"", ""RUS"", ""SKT"", ""USA""]",Sector GHG emissions,,,0.001,51.151960773940935,MtCO2e/yr,,,,,,,,,,,,,,,
baseline_noce,NDC+LTT,No CE,b,Global,Aluminium,Aluminium,2019,2.2224620771521697,%,plotted,"[""Emissions|GHG|Industry|Non-Ferrous Metals|Aluminum"", ""Emissions|GHG|Industry""]",fig04_emissions,,,,,,"[""AFE"", ""AFN"", ""AFW"", ""AFZ"", ""ANZ"", ""ASC"", ""ASE"", ""ASO"", ""BRA"", ""CAN"", ""CHL"", ""CHN"", ""ENE"", ""ENW"", ""EUE"", ""EUM"", ""EUW"", ""IDN"", ""IND"", ""JPN"", ""LAM"", ""MDA"", ""MEA"", ""MEX"", ""NIG"", ""RUS"", ""SKT"", ""USA""]",Share of industrial GHG emissions,,,100.0,206.57298142796364,MtCO2e/yr,9294.780934694878,MtCO2e/yr,,,,,,,,,,,,,
baseline_noce,NDC+LTT,No CE,b,Global,Aluminium,Aluminium,2024,2.5345617455225558,%,plotted,"[""Emissions|GHG|Industry|Non-Ferrous Metals|Aluminum"", ""Emissions|GHG|Industry""]",fig04_emissions,,,,,,"[""AFE"", ""AFN"", ""AFW"", ""AFZ"", ""ANZ"", ""ASC"", ""ASE"", ""ASO"", ""BRA"", ""CAN"", ""CHL"", ""CHN"", ""ENE"", ""ENW"", ""EUE"", ""EUM"", ""EUW"", ""IDN"", ""IND"", ""JPN"", ""LAM"", ""MDA"", ""MEA"", ""MEX"", ""NIG"", ""RUS"", ""SKT"", ""USA""]",Share of industrial GHG emissions,,,100.0,247.98624821972322,MtCO2e/yr,9784.186503161927,MtCO2e/yr,,,,,,,,,,,,,
baseline_noce,NDC+LTT,No CE,b,Global,Aluminium,Aluminium,2030,2.0760507961509944,%,plotted,"[""Emissions|GHG|Industry|Non-Ferrous Metals|Aluminum"", ""Emissions|GHG|Industry""]",fig04_emissions,,,,,,"[""AFE"", ""AFN"", ""AFW"", ""AFZ"", ""ANZ"", ""ASC"", ""ASE"", ""ASO"", ""BRA"", ""CAN"", ""CHL"", ""CHN"", ""ENE"", ""ENW"", ""EUE"", ""EUM"", ""EUW"", ""IDN"", ""IND"", ""JPN"", ""LAM"", ""MDA"", ""MEA"", ""MEX"", ""NIG"", ""RUS"", ""SKT"", ""USA""]",Share of industrial GHG emissions,,,100.0,204.50892873301848,MtCO2e/yr,9850.863433215545,MtCO2e/yr,,,,,,,,,,,,,
baseline_noce,NDC+LTT,No CE,b,Global,Aluminium,Aluminium,2035,1.759266438984877,%,plotted,"[""Emissions|GHG|Industry|Non-Ferrous Metals|Aluminum"", ""Emissions|GHG|Industry""]",fig04_emissions,,,,,,"[""AFE"", ""AFN"", ""AFW"", ""AFZ"", ""ANZ"", ""ASC"", ""ASE"", ""ASO"", ""BRA"", ""CAN"", ""CHL"", ""CHN"", ""ENE"", ""ENW"", ""EUE"", ""EUM"", ""EUW"", ""IDN"", ""IND"", ""JPN"", ""LAM"", ""MDA"", ""MEA"", ""MEX"", ""NIG"", ""RUS"", ""SKT"", ""USA""]",Share of industrial GHG emissions,,,100.0,166.50441627348746,MtCO2e/yr,9464.422931273732,MtCO2e/yr,,,,,,,,,,,,,
baseline_noce,NDC+LTT,No CE,b,Global,Aluminium,Aluminium,2040,1.4500422354392968,%,plotted,"[""Emissions|GHG|Industry|Non-Ferrous Metals|Aluminum"", ""Emissions|GHG|Industry""]",fig04_emissions,,,,,,"[""AFE"", ""AFN"", ""AFW"", ""AFZ"", ""ANZ"", ""ASC"", ""ASE"", ""ASO"", ""BRA"", ""CAN"", ""CHL"", ""CHN"", ""ENE"", ""ENW"", ""EUE"", ""EUM"", ""EUW"", ""IDN"", ""IND"", ""JPN"", ""LAM"", ""MDA"", ""MEA"", ""MEX"", ""NIG"", ""RUS"", ""SKT"", ""USA""]",Share of industrial GHG emissions,,,100.0,126.30066044490461,MtCO2e/yr,8710.13666761515,MtCO2e/yr,,,,,,,,,,,,,
baseline_noce,NDC+LTT,No CE,b,Global,Aluminium,Aluminium,2050,1.1488411034643558,%,plotted,"[""Emissions|GHG|Industry|Non-Ferrous Metals|Aluminum"", ""Emissions|GHG|Industry""]",fig04_emissions,,,,,,"[""AFE"", ""AFN"", ""AFW"", ""AFZ"", ""ANZ"", ""ASC"", ""ASE"", ""ASO"", ""BRA"", ""CAN"", ""CHL"", ""CHN"", ""ENE"", ""ENW"", ""EUE"", ""EUM"", ""EUW"", ""IDN"", ""IND"", ""JPN"", ""LAM"", ""MDA"", ""MEA"", ""MEX"", ""NIG"", ""RUS"", ""SKT"", ""USA""]",Share of industrial GHG emissions,,,100.0,51.151960773940935,MtCO2e/yr,4452.483517493504,MtCO2e/yr,,,,,,,,,,,,,
baseline_noce,NDC+LTT,No CE,c,Global,Aluminium,Aluminium,2019,2.1859580832684005,tCO2e/t,plotted,"[""Emissions|GHG|Industry|Non-Ferrous Metals|Aluminum"", ""Production|Non-Ferrous Metals|Aluminum|Primary"", ""Production|Non-Ferrous Metals|Aluminum|Secondary""]",fig04_emissions,,,,,,"[""AFE"", ""AFN"", ""AFW"", ""AFZ"", ""ANZ"", ""ASC"", ""ASE"", ""ASO"", ""BRA"", ""CAN"", ""CHL"", ""CHN"", ""ENE"", ""ENW"", ""EUE"", ""EUM"", ""EUW"", ""IDN"", ""IND"", ""JPN"", ""LAM"", ""MDA"", ""MEA"", ""MEX"", ""NIG"", ""RUS"", ""SKT"", ""USA""]",Derived emissions intensity,,,1.0,206.57298142796364,MtCO2e/yr,94.49997372278058,Mt/yr,,,,,,,,,,,,,
baseline_noce,NDC+LTT,No CE,c,Global,Aluminium,Aluminium,2024,2.0492475066360236,tCO2e/t,plotted,"[""Emissions|GHG|Industry|Non-Ferrous Metals|Aluminum"", ""Production|Non-Ferrous Metals|Aluminum|Primary"", ""Production|Non-Ferrous Metals|Aluminum|Secondary""]",fig04_emissions,,,,,,"[""AFE"", ""AFN"", ""AFW"", ""AFZ"", ""ANZ"", ""ASC"", ""ASE"", ""ASO"", ""BRA"", ""CAN"", ""CHL"", ""CHN"", ""ENE"", ""ENW"", ""EUE"", ""EUM"", ""EUW"", ""IDN"", ""IND"", ""JPN"", ""LAM"", ""MDA"", ""MEA"", ""MEX"", ""NIG"", ""RUS"", ""SKT"", ""USA""]",Derived emissions intensity,,,1.0,247.98624821972322,MtCO2e/yr,121.01332192264523,Mt/yr,,,,,,,,,,,,,
baseline_noce,NDC+LTT,No CE,c,Global,Aluminium,Aluminium,2030,1.6442509617089558,tCO2e/t,plotted,"[""Emissions|GHG|Industry|Non-Ferrous Metals|Aluminum"", ""Production|Non-Ferrous Metals|Aluminum|Primary"", ""Production|Non-Ferrous Metals|Aluminum|Secondary""]",fig04_emissions,,,,,,"[""AFE"", ""AFN"", ""AFW"", ""AFZ"", ""ANZ"", ""ASC"", ""ASE"", ""ASO"", ""BRA"", ""CAN"", ""CHL"", ""CHN"", ""ENE"", ""ENW"", ""EUE"", ""EUM"", ""EUW"", ""IDN"", ""IND"", ""JPN"", ""LAM"", ""MDA"", ""MEA"", ""MEX"", ""NIG"", ""RUS"", ""SKT"", ""USA""]",Derived emissions intensity,,,1.0,204.50892873301848,MtCO2e/yr,124.37817188226649,Mt/yr,,,,,,,,,,,,,
baseline_noce,NDC+LTT,No CE,c,Global,Aluminium,Aluminium,2035,1.3107767767256386,tCO2e/t,plotted,"[""Emissions|GHG|Industry|Non-Ferrous Metals|Aluminum"", ""Production|Non-Ferrous Metals|Aluminum|Primary"", ""Production|Non-Ferrous Metals|Aluminum|Secondary""]",fig04_emissions,,,,,,"[""AFE"", ""AFN"", ""AFW"", ""AFZ"", ""ANZ"", ""ASC"", ""ASE"", ""ASO"", ""BRA"", ""CAN"", ""CHL"", ""CHN"", ""ENE"", ""ENW"", ""EUE"", ""EUM"", ""EUW"", ""IDN"", ""IND"", ""JPN"", ""LAM"", ""MDA"", ""MEA"", ""MEX"", ""NIG"", ""RUS"", ""SKT"", ""USA""]",Derived emissions intensity,,,1.0,166.50441627348746,MtCO2e/yr,127.02728582773696,Mt/yr,,,,,,,,,,,,,
baseline_noce,NDC+LTT,No CE,c,Global,Aluminium,Aluminium,2040,0.9607446411395835,tCO2e/t,plotted,"[""Emissions|GHG|Industry|Non-Ferrous Metals|Aluminum"", ""Production|Non-Ferrous Metals|Aluminum|Primary"", ""Production|Non-Ferrous Metals|Aluminum|Secondary""]",fig04_emissions,,,,,,"[""AFE"", ""AFN"", ""AFW"", ""AFZ"", ""ANZ"", ""ASC"", ""ASE"", ""ASO"", ""BRA"", ""CAN"", ""CHL"", ""CHN"", ""ENE"", ""ENW"", ""EUE"", ""EUM"", ""EUW"", ""IDN"", ""IND"", ""JPN"", ""LAM"", ""MDA"", ""MEA"", ""MEX"", ""NIG"", ""RUS"", ""SKT"", ""USA""]",Derived emissions intensity,,,1.0,126.30066044490461,MtCO2e/yr,131.46121772284212,Mt/yr,,,,,,,,,,,,,
baseline_noce,NDC+LTT,No CE,c,Global,Aluminium,Aluminium,2050,0.38456047791217374,tCO2e/t,plotted,"[""Emissions|GHG|Industry|Non-Ferrous Metals|Aluminum"", ""Production|Non-Ferrous Metals|Aluminum|Primary"", ""Production|Non-Ferrous Metals|Aluminum|Secondary""]",fig04_emissions,,,,,,"[""AFE"", ""AFN"", ""AFW"", ""AFZ"", ""ANZ"", ""ASC"", ""ASE"", ""ASO"", ""BRA"", ""CAN"", ""CHL"", ""CHN"", ""ENE"", ""ENW"", ""EUE"", ""EUM"", ""EUW"", ""IDN"", ""IND"", ""JPN"", ""LAM"", ""MDA"", ""MEA"", ""MEX"", ""NIG"", ""RUS"", ""SKT"", ""USA""]",Derived emissions intensity,,,1.0,51.151960773940935,MtCO2e/yr,133.01408676120656,Mt/yr,,,,,,,,,,,,,
baseline_noce,NDC+LTT,No CE,d,Global,Aluminium,Aluminium,2019,0.0,MtCO2/yr,plotted,"[""Carbon Capture|Industry|Non-Ferrous Metals|Aluminum""]",fig04_emissions,,,,,,"[""AFE"", ""AFN"", ""AFW"", ""AFZ"", ""ANZ"", ""ASC"", ""ASE"", ""ASO"", ""BRA"", ""CAN"", ""CHL"", ""CHN"", ""ENE"", ""ENW"", ""EUE"", ""EUM"", ""EUW"", ""IDN"", ""IND"", ""JPN"", ""LAM"", ""MDA"", ""MEA"", ""MEX"", ""NIG"", ""RUS"", ""SKT"", ""USA""]",Carbon capture,,,1.0,0.0,MtCO2/yr,,,,,,,,,,,,,,,
baseline_noce,NDC+LTT,No CE,d,Global,Aluminium,Aluminium,2024,0.0,MtCO2/yr,plotted,"[""Carbon Capture|Industry|Non-Ferrous Metals|Aluminum""]",fig04_emissions,,,,,,"[""AFE"", ""AFN"", ""AFW"", ""AFZ"", ""ANZ"", ""ASC"", ""ASE"", ""ASO"", ""BRA"", ""CAN"", ""CHL"", ""CHN"", ""ENE"", ""ENW"", ""EUE"", ""EUM"", ""EUW"", ""IDN"", ""IND"", ""JPN"", ""LAM"", ""MDA"", ""MEA"", ""MEX"", ""NIG"", ""RUS"", ""SKT"", ""USA""]",Carbon capture,,,1.0,0.0,MtCO2/yr,,,,,,,,,,,,,,,
baseline_noce,NDC+LTT,No CE,d,Global,Aluminium,Aluminium,2030,0.0933544648818979,MtCO2/yr,plotted,"[""Carbon Capture|Industry|Non-Ferrous Metals|Aluminum""]",fig04_emissions,,,,,,"[""AFE"", ""AFN"", ""AFW"", ""AFZ"", ""ANZ"", ""ASC"", ""ASE"", ""ASO"", ""BRA"", ""CAN"", ""CHL"", ""CHN"", ""ENE"", ""ENW"", ""EUE"", ""EUM"", ""EUW"", ""IDN"", ""IND"", ""JPN"", ""LAM"", ""MDA"", ""MEA"", ""MEX"", ""NIG"", ""RUS"", ""SKT"", ""USA""]",Carbon capture,,,1.0,0.0933544648818979,MtCO2/yr,,,,,,,,,,,,,,,
baseline_noce,NDC+LTT,No CE,d,Global,Aluminium,Aluminium,2035,0.0933544658397913,MtCO2/yr,plotted,"[""Carbon Capture|Industry|Non-Ferrous Metals|Aluminum""]",fig04_emissions,,,,,,"[""AFE"", ""AFN"", ""AFW"", ""AFZ"", ""ANZ"", ""ASC"", ""ASE"", ""ASO"", ""BRA"", ""CAN"", ""CHL"", ""CHN"", ""ENE"", ""ENW"", ""EUE"", ""EUM"", ""EUW"", ""IDN"", ""IND"", ""JPN"", ""LAM"", ""MDA"", ""MEA"", ""MEX"", ""NIG"", ""RUS"", ""SKT"", ""USA""]",Carbon capture,,,1.0,0.0933544658397913,MtCO2/yr,,,,,,,,,,,,,,,
baseline_noce,NDC+LTT,No CE,d,Global,Aluminium,Aluminium,2040,0.0933544676169414,MtCO2/yr,plotted,"[""Carbon Capture|Industry|Non-Ferrous Metals|Aluminum""]",fig04_emissions,,,,,,"[""AFE"", ""AFN"", ""AFW"", ""AFZ"", ""ANZ"", ""ASC"", ""ASE"", ""ASO"", ""BRA"", ""CAN"", ""CHL"", ""CHN"", ""ENE"", ""ENW"", ""EUE"", ""EUM"", ""EUW"", ""IDN"", ""IND"", ""JPN"", ""LAM"", ""MDA"", ""MEA"", ""MEX"", ""NIG"", ""RUS"", ""SKT"", ""USA""]",Carbon capture,,,1.0,0.0933544676169414,MtCO2/yr,,,,,,,,,,,,,,,
baseline_noce,NDC+LTT,No CE,d,Global,Aluminium,Aluminium,2050,4.2872008007625296e-05,MtCO2/yr,plotted,"[""Carbon Capture|Industry|Non-Ferrous Metals|Aluminum""]",fig04_emissions,,,,,,"[""AFE"", ""AFN"", ""AFW"", ""AFZ"", ""ANZ"", ""ASC"", ""ASE"", ""ASO"", ""BRA"", ""CAN"", ""CHL"", ""CHN"", ""ENE"", ""ENW"", ""EUE"", ""EUM"", ""EUW"", ""IDN"", ""IND"", ""JPN"", ""LAM"", ""MDA"", ""MEA"", ""MEX"", ""NIG"", ""RUS"", ""SKT"", ""USA""]",Carbon capture,,,1.0,4.2872008007625296e-05,MtCO2/yr,,,,,,,,,,,,,,,
ndc_noce,NDC,No CE,a,Global,Cement,Cement,2019,4201.409299940433,Mt/yr,plotted,"[""Production|Non-Metallic Minerals|Cement""]",fig05_material_production,,,,,,"[""AFE"", ""AFN"", ""AFW"", ""AFZ"", ""ANZ"", ""ASC"", ""ASE"", ""ASO"", ""BRA"", ""CAN"", ""CHL"", ""CHN"", ""ENE"", ""ENW"", ""EUE"", ""EUM"", ""EUW"", ""IDN"", ""IND"", ""JPN"", ""LAM"", ""MDA"", ""MEA"", ""MEX"", ""NIG"", ""RUS"", ""SKT"", ""USA""]",Material production,,,1.0,4201.409299940433,Mt/yr,,,noce,0.0,historical,2019,0.0,,,,,,,,
ndc_noce,NDC,No CE,a,Global,Cement,Clinker,2019,3030.4398866528886,Mt/yr,plotted,"[""Production|Non-Metallic Minerals|Cement Clinker""]",fig05_material_production,,,,,,"[""AFE"", ""AFN"", ""AFW"", ""AFZ"", ""ANZ"", ""ASC"", ""ASE"", ""ASO"", ""BRA"", ""CAN"", ""CHL"", ""CHN"", ""ENE"", ""ENW"", ""EUE"", ""EUM"", ""EUW"", ""IDN"", ""IND"", ""JPN"", ""LAM"", ""MDA"", ""MEA"", ""MEX"", ""NIG"", ""RUS"", ""SKT"", ""USA""]",Material production,,,1.0,3030.4398866528886,Mt/yr,,,noce,0.0,historical,2019,0.0,,,,,,,,
ndc_noce,NDC,No CE,a,Global,Cement,Cement,2050,3660.1359678777544,Mt/yr,plotted,"[""Production|Non-Metallic Minerals|Cement""]",fig05_material_production,,,,,,"[""AFE"", ""AFN"", ""AFW"", ""AFZ"", ""ANZ"", ""ASC"", ""ASE"", ""ASO"", ""BRA"", ""CAN"", ""CHL"", ""CHN"", ""ENE"", ""ENW"", ""EUE"", ""EUM"", ""EUW"", ""IDN"", ""IND"", ""JPN"", ""LAM"", ""MDA"", ""MEA"", ""MEX"", ""NIG"", ""RUS"", ""SKT"", ""USA""]",Material production,,,1.0,3660.1359678777544,Mt/yr,,,noce,1.0,future,No CE,0.0,,,,,,,,
ndc_noce,NDC,No CE,a,Global,Cement,Clinker,2050,2599.115854230405,Mt/yr,plotted,"[""Production|Non-Metallic Minerals|Cement Clinker""]",fig05_material_production,,,,,,"[""AFE"", ""AFN"", ""AFW"", ""AFZ"", ""ANZ"", ""ASC"", ""ASE"", ""ASO"", ""BRA"", ""CAN"", ""CHL"", ""CHN"", ""ENE"", ""ENW"", ""EUE"", ""EUM"", ""EUW"", ""IDN"", ""IND"", ""JPN"", ""LAM"", ""MDA"", ""MEA"", ""MEX"", ""NIG"", ""RUS"", ""SKT"", ""USA""]",Material production,,,1.0,2599.115854230405,Mt/yr,,,noce,1.0,future,No CE,0.0,,,,,,,,
ndc_noce,NDC,No CE,a,Global,Cement,Cement,2050,0.0,%,context,"[""Production|Non-Metallic Minerals|Cement""]",fig05_material_production,,,,,,"[""AFE"", ""AFN"", ""AFW"", ""AFZ"", ""ANZ"", ""ASC"", ""ASE"", ""ASO"", ""BRA"", ""CAN"", ""CHL"", ""CHN"", ""ENE"", ""ENW"", ""EUE"", ""EUM"", ""EUW"", ""IDN"", ""IND"", ""JPN"", ""LAM"", ""MDA"", ""MEA"", ""MEX"", ""NIG"", ""RUS"", ""SKT"", ""USA""]",Production change from no CE,,,100.0,3660.1359678777544,Mt/yr,3660.1359678777544,Mt/yr,noce,1.0,future,No CE,-100.0,ndc_noce,2050.0,,,,,,
ndc_medce_eu,NDC,"Medium CE, EU",a,Global,Cement,Cement,2050,3627.5339251431465,Mt/yr,plotted,"[""Production|Non-Metallic Minerals|Cement""]",fig05_material_production,,,,,,"[""AFE"", ""AFN"", ""AFW"", ""AFZ"", ""ANZ"", ""ASC"", ""ASE"", ""ASO"", ""BRA"", ""CAN"", ""CHL"", ""CHN"", ""ENE"", ""ENW"", ""EUE"", ""EUM"", ""EUW"", ""IDN"", ""IND"", ""JPN"", ""LAM"", ""MDA"", ""MEA"", ""MEX"", ""NIG"", ""RUS"", ""SKT"", ""USA""]",Material production,,,1.0,3627.5339251431465,Mt/yr,,,medce_eu,2.0,future,M–EU,0.0,,,,,,,,
ndc_medce_eu,NDC,"Medium CE, EU",a,Global,Cement,Clinker,2050,2559.380861506334,Mt/yr,plotted,"[""Production|Non-Metallic Minerals|Cement Clinker""]",fig05_material_production,,,,,,"[""AFE"", ""AFN"", ""AFW"", ""AFZ"", ""ANZ"", ""ASC"", ""ASE"", ""ASO"", ""BRA"", ""CAN"", ""CHL"", ""CHN"", ""ENE"", ""ENW"", ""EUE"", ""EUM"", ""EUW"", ""IDN"", ""IND"", ""JPN"", ""LAM"", ""MDA"", ""MEA"", ""MEX"", ""NIG"", ""RUS"", ""SKT"", ""USA""]",Material production,,,1.0,2559.380861506334,Mt/yr,,,medce_eu,2.0,future,M–EU,0.0,,,,,,,,
ndc_medce_eu,NDC,"Medium CE, EU",a,Global,Cement,Cement,2050,-0.8907331044729432,%,context,"[""Production|Non-Metallic Minerals|Cement""]",fig05_material_production,,,,,,"[""AFE"", ""AFN"", ""AFW"", ""AFZ"", ""ANZ"", ""ASC"", ""ASE"", ""ASO"", ""BRA"", ""CAN"", ""CHL"", ""CHN"", ""ENE"", ""ENW"", ""EUE"", ""EUM"", ""EUW"", ""IDN"", ""IND"", ""JPN"", ""LAM"", ""MDA"", ""MEA"", ""MEX"", ""NIG"", ""RUS"", ""SKT"", ""USA""]",Production change from no CE,,,100.0,3627.5339251431465,Mt/yr,3660.1359678777544,Mt/yr,medce_eu,2.0,future,M–EU,-100.0,ndc_noce,2050.0,,,,,,
ndc_highce_eu,NDC,"High CE, EU",a,Global,Cement,Cement,2050,3613.74939155288,Mt/yr,plotted,"[""Production|Non-Metallic Minerals|Cement""]",fig05_material_production,,,,,,"[""AFE"", ""AFN"", ""AFW"", ""AFZ"", ""ANZ"", ""ASC"", ""ASE"", ""ASO"", ""BRA"", ""CAN"", ""CHL"", ""CHN"", ""ENE"", ""ENW"", ""EUE"", ""EUM"", ""EUW"", ""IDN"", ""IND"", ""JPN"", ""LAM"", ""MDA"", ""MEA"", ""MEX"", ""NIG"", ""RUS"", ""SKT"", ""USA""]",Material production,,,1.0,3613.74939155288,Mt/yr,,,highce_eu,3.0,future,H–EU,0.0,,,,,,,,
ndc_highce_eu,NDC,"High CE, EU",a,Global,Cement,Clinker,2050,2546.3916431920925,Mt/yr,plotted,"[""Production|Non-Metallic Minerals|Cement Clinker""]",fig05_material_production,,,,,,"[""AFE"", ""AFN"", ""AFW"", ""AFZ"", ""ANZ"", ""ASC"", ""ASE"", ""ASO"", ""BRA"", ""CAN"", ""CHL"", ""CHN"", ""ENE"", ""ENW"", ""EUE"", ""EUM"", ""EUW"", ""IDN"", ""IND"", ""JPN"", ""LAM"", ""MDA"", ""MEA"", ""MEX"", ""NIG"", ""RUS"", ""SKT"", ""USA""]",Material production,,,1.0,2546.3916431920925,Mt/yr,,,highce_eu,3.0,future,H–EU,0.0,,,,,,,,
ndc_highce_eu,NDC,"High CE, EU",a,Global,Cement,Cement,2050,-1.267345714256919,%,context,"[""Production|Non-Metallic Minerals|Cement""]",fig05_material_production,,,,,,"[""AFE"", ""AFN"", ""AFW"", ""AFZ"", ""ANZ"", ""ASC"", ""ASE"", ""ASO"", ""BRA"", ""CAN"", ""CHL"", ""CHN"", ""ENE"", ""ENW"", ""EUE"", ""EUM"", ""EUW"", ""IDN"", ""IND"", ""JPN"", ""LAM"", ""MDA"", ""MEA"", ""MEX"", ""NIG"", ""RUS"", ""SKT"", ""USA""]",Production change from no CE,,,100.0,3613.74939155288,Mt/yr,3660.1359678777544,Mt/yr,highce_eu,3.0,future,H–EU,-100.0,ndc_noce,2050.0,,,,,,
ndc_medce_gbl,NDC,"Medium CE, EU + partners",a,Global,Cement,Cement,2050,3158.8859851310053,Mt/yr,plotted,"[""Production|Non-Metallic Minerals|Cement""]",fig05_material_production,,,,,,"[""AFE"", ""AFN"", ""AFW"", ""AFZ"", ""ANZ"", ""ASC"", ""ASE"", ""ASO"", ""BRA"", ""CAN"", ""CHL"", ""CHN"", ""ENE"", ""ENW"", ""EUE"", ""EUM"", ""EUW"", ""IDN"", ""IND"", ""JPN"", ""LAM"", ""MDA"", ""MEA"", ""MEX"", ""NIG"", ""RUS"", ""SKT"", ""USA""]",Material production,,,1.0,3158.8859851310053,Mt/yr,,,medce_gbl,4.0,future,M–EU+,0.0,,,,,,,,
ndc_medce_gbl,NDC,"Medium CE, EU + partners",a,Global,Cement,Clinker,2050,2083.6904824590947,Mt/yr,plotted,"[""Production|Non-Metallic Minerals|Cement Clinker""]",fig05_material_production,,,,,,"[""AFE"", ""AFN"", ""AFW"", ""AFZ"", ""ANZ"", ""ASC"", ""ASE"", ""ASO"", ""BRA"", ""CAN"", ""CHL"", ""CHN"", ""ENE"", ""ENW"", ""EUE"", ""EUM"", ""EUW"", ""IDN"", ""IND"", ""JPN"", ""LAM"", ""MDA"", ""MEA"", ""MEX"", ""NIG"", ""RUS"", ""SKT"", ""USA""]",Material production,,,1.0,2083.6904824590947,Mt/yr,,,medce_gbl,4.0,future,M–EU+,0.0,,,,,,,,
ndc_medce_gbl,NDC,"Medium CE, EU + partners",a,Global,Cement,Cement,2050,-13.69484596052827,%,context,"[""Production|Non-Metallic Minerals|Cement""]",fig05_material_production,,,,,,"[""AFE"", ""AFN"", ""AFW"", ""AFZ"", ""ANZ"", ""ASC"", ""ASE"", ""ASO"", ""BRA"", ""CAN"", ""CHL"", ""CHN"", ""ENE"", ""ENW"", ""EUE"", ""EUM"", ""EUW"", ""IDN"", ""IND"", ""JPN"", ""LAM"", ""MDA"", ""MEA"", ""MEX"", ""NIG"", ""RUS"", ""SKT"", ""USA""]",Production change from no CE,,,100.0,3158.8859851310053,Mt/yr,3660.1359678777544,Mt/yr,medce_gbl,4.0,future,M–EU+,-100.0,ndc_noce,2050.0,,,,,,
ndc_highce_gbl,NDC,"High CE, EU + partners",a,Global,Cement,Cement,2050,2947.217955463377,Mt/yr,plotted,"[""Production|Non-Metallic Minerals|Cement""]",fig05_material_production,,,,,,"[""AFE"", ""AFN"", ""AFW"", ""AFZ"", ""ANZ"", ""ASC"", ""ASE"", ""ASO"", ""BRA"", ""CAN"", ""CHL"", ""CHN"", ""ENE"", ""ENW"", ""EUE"", ""EUM"", ""EUW"", ""IDN"", ""IND"", ""JPN"", ""LAM"", ""MDA"", ""MEA"", ""MEX"", ""NIG"", ""RUS"", ""SKT"", ""USA""]",Material production,,,1.0,2947.217955463377,Mt/yr,,,highce_gbl,5.0,future,H–EU+,0.0,,,,,,,,
ndc_highce_gbl,NDC,"High CE, EU + partners",a,Global,Cement,Clinker,2050,1884.203014792611,Mt/yr,plotted,"[""Production|Non-Metallic Minerals|Cement Clinker""]",fig05_material_production,,,,,,"[""AFE"", ""AFN"", ""AFW"", ""AFZ"", ""ANZ"", ""ASC"", ""ASE"", ""ASO"", ""BRA"", ""CAN"", ""CHL"", ""CHN"", ""ENE"", ""ENW"", ""EUE"", ""EUM"", ""EUW"", ""IDN"", ""IND"", ""JPN"", ""LAM"", ""MDA"", ""MEA"", ""MEX"", ""NIG"", ""RUS"", ""SKT"", ""USA""]",Material production,,,1.0,1884.203014792611,Mt/yr,,,highce_gbl,5.0,future,H–EU+,0.0,,,,,,,,
ndc_highce_gbl,NDC,"High CE, EU + partners",a,Global,Cement,Cement,2050,-19.4779106205649,%,context,"[""Production|Non-Metallic Minerals|Cement""]",fig05_material_production,,,,,,"[""AFE"", ""AFN"", ""AFW"", ""AFZ"", ""ANZ"", ""ASC"", ""ASE"", ""ASO"", ""BRA"", ""CAN"", ""CHL"", ""CHN"", ""ENE"", ""ENW"", ""EUE"", ""EUM"", ""EUW"", ""IDN"", ""IND"", ""JPN"", ""LAM"", ""MDA"", ""MEA"", ""MEX"", ""NIG"", ""RUS"", ""SKT"", ""USA""]",Production change from no CE,,,100.0,2947.217955463377,Mt/yr,3660.1359678777544,Mt/yr,highce_gbl,5.0,future,H–EU+,-100.0,ndc_noce,2050.0,,,,,,
ndc_noce,NDC,No CE,b,Global,Iron and steel,Total,2019,1754.711551232852,Mt/yr,context,"[""Production|Iron and Steel|Primary"", ""Production|Iron and Steel|Secondary""]",fig05_material_production,,,,,,"[""AFE"", ""AFN"", ""AFW"", ""AFZ"", ""ANZ"", ""ASC"", ""ASE"", ""ASO"", ""BRA"", ""CAN"", ""CHL"", ""CHN"", ""ENE"", ""ENW"", ""EUE"", ""EUM"", ""EUW"", ""IDN"", ""IND"", ""JPN"", ""LAM"", ""MDA"", ""MEA"", ""MEX"", ""NIG"", ""RUS"", ""SKT"", ""USA""]",Material production,,,1.0,1754.711551232852,Mt/yr,,,noce,0.0,historical,2019,0.0,,,,,,,,
ndc_noce,NDC,No CE,b,Global,Iron and steel,Primary,2019,1409.4021422034127,Mt/yr,plotted,"[""Production|Iron and Steel|Primary""]",fig05_material_production,,,,,,"[""AFE"", ""AFN"", ""AFW"", ""AFZ"", ""ANZ"", ""ASC"", ""ASE"", ""ASO"", ""BRA"", ""CAN"", ""CHL"", ""CHN"", ""ENE"", ""ENW"", ""EUE"", ""EUM"", ""EUW"", ""IDN"", ""IND"", ""JPN"", ""LAM"", ""MDA"", ""MEA"", ""MEX"", ""NIG"", ""RUS"", ""SKT"", ""USA""]",Material production,,,1.0,1409.4021422034127,Mt/yr,,,noce,0.0,historical,2019,0.0,,,,,,,,
ndc_noce,NDC,No CE,b,Global,Iron and steel,Secondary,2019,345.30940902943917,Mt/yr,plotted,"[""Production|Iron and Steel|Secondary""]",fig05_material_production,,,,,,"[""AFE"", ""AFN"", ""AFW"", ""AFZ"", ""ANZ"", ""ASC"", ""ASE"", ""ASO"", ""BRA"", ""CAN"", ""CHL"", ""CHN"", ""ENE"", ""ENW"", ""EUE"", ""EUM"", ""EUW"", ""IDN"", ""IND"", ""JPN"", ""LAM"", ""MDA"", ""MEA"", ""MEX"", ""NIG"", ""RUS"", ""SKT"", ""USA""]",Material production,,,1.0,345.30940902943917,Mt/yr,,,noce,0.0,historical,2019,0.0,,,,,,,,
ndc_noce,NDC,No CE,b,Global,Iron and steel,Secondary,2019,19.678984206083697,%,context,"[""Production|Iron and Steel|Primary"", ""Production|Iron and Steel|Secondary""]",fig05_material_production,,,,,,"[""AFE"", ""AFN"", ""AFW"", ""AFZ"", ""ANZ"", ""ASC"", ""ASE"", ""ASO"", ""BRA"", ""CAN"", ""CHL"", ""CHN"", ""ENE"", ""ENW"", ""EUE"", ""EUM"", ""EUW"", ""IDN"", ""IND"", ""JPN"", ""LAM"", ""MDA"", ""MEA"", ""MEX"", ""NIG"", ""RUS"", ""SKT"", ""USA""]",Secondary production share,,,100.0,345.30940902943917,Mt/yr,1754.711551232852,Mt/yr,noce,0.0,historical,2019,0.0,ndc_noce,2019.0,,,,,,
ndc_noce,NDC,No CE,b,Global,Iron and steel,Total,2050,2186.9297730849707,Mt/yr,context,"[""Production|Iron and Steel|Primary"", ""Production|Iron and Steel|Secondary""]",fig05_material_production,,,,,,"[""AFE"", ""AFN"", ""AFW"", ""AFZ"", ""ANZ"", ""ASC"", ""ASE"", ""ASO"", ""BRA"", ""CAN"", ""CHL"", ""CHN"", ""ENE"", ""ENW"", ""EUE"", ""EUM"", ""EUW"", ""IDN"", ""IND"", ""JPN"", ""LAM"", ""MDA"", ""MEA"", ""MEX"", ""NIG"", ""RUS"", ""SKT"", ""USA""]",Material production,,,1.0,2186.9297730849707,Mt/yr,,,noce,1.0,future,No CE,0.0,,,,,,,,
ndc_noce,NDC,No CE,b,Global,Iron and steel,Primary,2050,1399.6350714434163,Mt/yr,plotted,"[""Production|Iron and Steel|Primary""]",fig05_material_production,,,,,,"[""AFE"", ""AFN"", ""AFW"", ""AFZ"", ""ANZ"", ""ASC"", ""ASE"", ""ASO"", ""BRA"", ""CAN"", ""CHL"", ""CHN"", ""ENE"", ""ENW"", ""EUE"", ""EUM"", ""EUW"", ""IDN"", ""IND"", ""JPN"", ""LAM"", ""MDA"", ""MEA"", ""MEX"", ""NIG"", ""RUS"", ""SKT"", ""USA""]",Material production,,,1.0,1399.6350714434163,Mt/yr,,,noce,1.0,future,No CE,0.0,,,,,,,,
ndc_noce,NDC,No CE,b,Global,Iron and steel,Secondary,2050,787.2947016415544,Mt/yr,plotted,"[""Production|Iron and Steel|Secondary""]",fig05_material_production,,,,,,"[""AFE"", ""AFN"", ""AFW"", ""AFZ"", ""ANZ"", ""ASC"", ""ASE"", ""ASO"", ""BRA"", ""CAN"", ""CHL"", ""CHN"", ""ENE"", ""ENW"", ""EUE"", ""EUM"", ""EUW"", ""IDN"", ""IND"", ""JPN"", ""LAM"", ""MDA"", ""MEA"", ""MEX"", ""NIG"", ""RUS"", ""SKT"", ""USA""]",Material production,,,1.0,787.2947016415544,Mt/yr,,,noce,1.0,future,No CE,0.0,,,,,,,,
ndc_noce,NDC,No CE,b,Global,Iron and steel,Secondary,2050,35.99999923778828,%,context,"[""Production|Iron and Steel|Primary"", ""Production|Iron and Steel|Secondary""]",fig05_material_production,,,,,,"[""AFE"", ""AFN"", ""AFW"", ""AFZ"", ""ANZ"", ""ASC"", ""ASE"", ""ASO"", ""BRA"", ""CAN"", ""CHL"", ""CHN"", ""ENE"", ""ENW"", ""EUE"", ""EUM"", ""EUW"", ""IDN"", ""IND"", ""JPN"", ""LAM"", ""MDA"", ""MEA"", ""MEX"", ""NIG"", ""RUS"", ""SKT"", ""USA""]",Secondary production share,,,100.0,787.2947016415544,Mt/yr,2186.9297730849707,Mt/yr,noce,1.0,future,No CE,0.0,ndc_noce,2050.0,,,,,,
ndc_noce,NDC,No CE,b,Global,Iron and steel,Total,2050,0.0,%,context,"[""Production|Iron and Steel|Primary"", ""Production|Iron and Steel|Secondary""]",fig05_material_production,,,,,,"[""AFE"", ""AFN"", ""AFW"", ""AFZ"", ""ANZ"", ""ASC"", ""ASE"", ""ASO"", ""BRA"", ""CAN"", ""CHL"", ""CHN"", ""ENE"", ""ENW"", ""EUE"", ""EUM"", ""EUW"", ""IDN"", ""IND"", ""JPN"", ""LAM"", ""MDA"", ""MEA"", ""MEX"", ""NIG"", ""RUS"", ""SKT"", ""USA""]",Production change from no CE,,,100.0,2186.9297730849707,Mt/yr,2186.9297730849707,Mt/yr,noce,1.0,future,No CE,-100.0,ndc_noce,2050.0,,,,,,
ndc_medce_eu,NDC,"Medium CE, EU",b,Global,Iron and steel,Total,2050,2184.4384398707944,Mt/yr,context,"[""Production|Iron and Steel|Primary"", ""Production|Iron and Steel|Secondary""]",fig05_material_production,,,,,,"[""AFE"", ""AFN"", ""AFW"", ""AFZ"", ""ANZ"", ""ASC"", ""ASE"", ""ASO"", ""BRA"", ""CAN"", ""CHL"", ""CHN"", ""ENE"", ""ENW"", ""EUE"", ""EUM"", ""EUW"", ""IDN"", ""IND"", ""JPN"", ""LAM"", ""MDA"", ""MEA"", ""MEX"", ""NIG"", ""RUS"", ""SKT"", ""USA""]",Material production,,,1.0,2184.4384398707944,Mt/yr,,,medce_eu,2.0,future,M–EU,0.0,,,,,,,,
ndc_medce_eu,NDC,"Medium CE, EU",b,Global,Iron and steel,Primary,2050,1385.8837931026792,Mt/yr,plotted,"[""Production|Iron and Steel|Primary""]",fig05_material_production,,,,,,"[""AFE"", ""AFN"", ""AFW"", ""AFZ"", ""ANZ"", ""ASC"", ""ASE"", ""ASO"", ""BRA"", ""CAN"", ""CHL"", ""CHN"", ""ENE"", ""ENW"", ""EUE"", ""EUM"", ""EUW"", ""IDN"", ""IND"", ""JPN"", ""LAM"", ""MDA"", ""MEA"", ""MEX"", ""NIG"", ""RUS"", ""SKT"", ""USA""]",Material production,,,1.0,1385.8837931026792,Mt/yr,,,medce_eu,2.0,future,M–EU,0.0,,,,,,,,
ndc_medce_eu,NDC,"Medium CE, EU",b,Global,Iron and steel,Secondary,2050,798.5546467681152,Mt/yr,plotted,"[""Production|Iron and Steel|Secondary""]",fig05_material_production,,,,,,"[""AFE"", ""AFN"", ""AFW"", ""AFZ"", ""ANZ"", ""ASC"", ""ASE"", ""ASO"", ""BRA"", ""CAN"", ""CHL"", ""CHN"", ""ENE"", ""ENW"", ""EUE"", ""EUM"", ""EUW"", ""IDN"", ""IND"", ""JPN"", ""LAM"", ""MDA"", ""MEA"", ""MEX"", ""NIG"", ""RUS"", ""SKT"", ""USA""]",Material production,,,1.0,798.5546467681152,Mt/yr,,,medce_eu,2.0,future,M–EU,0.0,,,,,,,,
ndc_medce_eu,NDC,"Medium CE, EU",b,Global,Iron and steel,Secondary,2050,36.55651870030946,%,context,"[""Production|Iron and Steel|Primary"", ""Production|Iron and Steel|Secondary""]",fig05_material_production,,,,,,"[""AFE"", ""AFN"", ""AFW"", ""AFZ"", ""ANZ"", ""ASC"", ""ASE"", ""ASO"", ""BRA"", ""CAN"", ""CHL"", ""CHN"", ""ENE"", ""ENW"", ""EUE"", ""EUM"", ""EUW"", ""IDN"", ""IND"", ""JPN"", ""LAM"", ""MDA"", ""MEA"", ""MEX"", ""NIG"", ""RUS"", ""SKT"", ""USA""]",Secondary production share,,,100.0,798.5546467681152,Mt/yr,2184.4384398707944,Mt/yr,medce_eu,2.0,future,M–EU,0.0,ndc_medce_eu,2050.0,,,,,,
ndc_medce_eu,NDC,"Medium CE, EU",b,Global,Iron and steel,Total,2050,-0.11391921427188834,%,context,"[""Production|Iron and Steel|Primary"", ""Production|Iron and Steel|Secondary""]",fig05_material_production,,,,,,"[""AFE"", ""AFN"", ""AFW"", ""AFZ"", ""ANZ"", ""ASC"", ""ASE"", ""ASO"", ""BRA"", ""CAN"", ""CHL"", ""CHN"", ""ENE"", ""ENW"", ""EUE"", ""EUM"", ""EUW"", ""IDN"", ""IND"", ""JPN"", ""LAM"", ""MDA"", ""MEA"", ""MEX"", ""NIG"", ""RUS"", ""SKT"", ""USA""]",Production change from no CE,,,100.0,2184.4384398707944,Mt/yr,2186.9297730849707,Mt/yr,medce_eu,2.0,future,M–EU,-100.0,ndc_noce,2050.0,,,,,,
ndc_highce_eu,NDC,"High CE, EU",b,Global,Iron and steel,Total,2050,2183.3546198156414,Mt/yr,context,"[""Production|Iron and Steel|Primary"", ""Production|Iron and Steel|Secondary""]",fig05_material_production,,,,,,"[""AFE"", ""AFN"", ""AFW"", ""AFZ"", ""ANZ"", ""ASC"", ""ASE"", ""ASO"", ""BRA"", ""CAN"", ""CHL"", ""CHN"", ""ENE"", ""ENW"", ""EUE"", ""EUM"", ""EUW"", ""IDN"", ""IND"", ""JPN"", ""LAM"", ""MDA"", ""MEA"", ""MEX"", ""NIG"", ""RUS"", ""SKT"", ""USA""]",Material production,,,1.0,2183.3546198156414,Mt/yr,,,highce_eu,3.0,future,H–EU,0.0,,,,,,,,
ndc_highce_eu,NDC,"High CE, EU",b,Global,Iron and steel,Primary,2050,1375.6270494325845,Mt/yr,plotted,"[""Production|Iron and Steel|Primary""]",fig05_material_production,,,,,,"[""AFE"", ""AFN"", ""AFW"", ""AFZ"", ""ANZ"", ""ASC"", ""ASE"", ""ASO"", ""BRA"", ""CAN"", ""CHL"", ""CHN"", ""ENE"", ""ENW"", ""EUE"", ""EUM"", ""EUW"", ""IDN"", ""IND"", ""JPN"", ""LAM"", ""MDA"", ""MEA"", ""MEX"", ""NIG"", ""RUS"", ""SKT"", ""USA""]",Material production,,,1.0,1375.6270494325845,Mt/yr,,,highce_eu,3.0,future,H–EU,0.0,,,,,,,,
ndc_highce_eu,NDC,"High CE, EU",b,Global,Iron and steel,Secondary,2050,807.7275703830568,Mt/yr,plotted,"[""Production|Iron and Steel|Secondary""]",fig05_material_production,,,,,,"[""AFE"", ""AFN"", ""AFW"", ""AFZ"", ""ANZ"", ""ASC"", ""ASE"", ""ASO"", ""BRA"", ""CAN"", ""CHL"", ""CHN"", ""ENE"", ""ENW"", ""EUE"", ""EUM"", ""EUW"", ""IDN"", ""IND"", ""JPN"", ""LAM"", ""MDA"", ""MEA"", ""MEX"", ""NIG"", ""RUS"", ""SKT"", ""USA""]",Material production,,,1.0,807.7275703830568,Mt/yr,,,highce_eu,3.0,future,H–EU,0.0,,,,,,,,
ndc_highce_eu,NDC,"High CE, EU",b,Global,Iron and steel,Secondary,2050,36.99479521339781,%,context,"[""Production|Iron and Steel|Primary"", ""Production|Iron and Steel|Secondary""]",fig05_material_production,,,,,,"[""AFE"", ""AFN"", ""AFW"", ""AFZ"", ""ANZ"", ""ASC"", ""ASE"", ""ASO"", ""BRA"", ""CAN"", ""CHL"", ""CHN"", ""ENE"", ""ENW"", ""EUE"", ""EUM"", ""EUW"", ""IDN"", ""IND"", ""JPN"", ""LAM"", ""MDA"", ""MEA"", ""MEX"", ""NIG"", ""RUS"", ""SKT"", ""USA""]",Secondary production share,,,100.0,807.7275703830568,Mt/yr,2183.3546198156414,Mt/yr,highce_eu,3.0,future,H–EU,0.0,ndc_highce_eu,2050.0,,,,,,
ndc_highce_eu,NDC,"High CE, EU",b,Global,Iron and steel,Total,2050,-0.16347819273072162,%,context,"[""Production|Iron and Steel|Primary"", ""Production|Iron and Steel|Secondary""]",fig05_material_production,,,,,,"[""AFE"", ""AFN"", ""AFW"", ""AFZ"", ""ANZ"", ""ASC"", ""ASE"", ""ASO"", ""BRA"", ""CAN"", ""CHL"", ""CHN"", ""ENE"", ""ENW"", ""EUE"", ""EUM"", ""EUW"", ""IDN"", ""IND"", ""JPN"", ""LAM"", ""MDA"", ""MEA"", ""MEX"", ""NIG"", ""RUS"", ""SKT"", ""USA""]",Production change from no CE,,,100.0,2183.3546198156414,Mt/yr,2186.9297730849707,Mt/yr,highce_eu,3.0,future,H–EU,-100.0,ndc_noce,2050.0,,,,,,
ndc_medce_gbl,NDC,"Medium CE, EU + partners",b,Global,Iron and steel,Total,2050,2124.152489639885,Mt/yr,context,"[""Production|Iron and Steel|Primary"", ""Production|Iron and Steel|Secondary""]",fig05_material_production,,,,,,"[""AFE"", ""AFN"", ""AFW"", ""AFZ"", ""ANZ"", ""ASC"", ""ASE"", ""ASO"", ""BRA"", ""CAN"", ""CHL"", ""CHN"", ""ENE"", ""ENW"", ""EUE"", ""EUM"", ""EUW"", ""IDN"", ""IND"", ""JPN"", ""LAM"", ""MDA"", ""MEA"", ""MEX"", ""NIG"", ""RUS"", ""SKT"", ""USA""]",Material production,,,1.0,2124.152489639885,Mt/yr,,,medce_gbl,4.0,future,M–EU+,0.0,,,,,,,,
ndc_medce_gbl,NDC,"Medium CE, EU + partners",b,Global,Iron and steel,Primary,2050,1045.9689686843165,Mt/yr,plotted,"[""Production|Iron and Steel|Primary""]",fig05_material_production,,,,,,"[""AFE"", ""AFN"", ""AFW"", ""AFZ"", ""ANZ"", ""ASC"", ""ASE"", ""ASO"", ""BRA"", ""CAN"", ""CHL"", ""CHN"", ""ENE"", ""ENW"", ""EUE"", ""EUM"", ""EUW"", ""IDN"", ""IND"", ""JPN"", ""LAM"", ""MDA"", ""MEA"", ""MEX"", ""NIG"", ""RUS"", ""SKT"", ""USA""]",Material production,,,1.0,1045.9689686843165,Mt/yr,,,medce_gbl,4.0,future,M–EU+,0.0,,,,,,,,
ndc_medce_gbl,NDC,"Medium CE, EU + partners",b,Global,Iron and steel,Secondary,2050,1078.1835209555684,Mt/yr,plotted,"[""Production|Iron and Steel|Secondary""]",fig05_material_production,,,,,,"[""AFE"", ""AFN"", ""AFW"", ""AFZ"", ""ANZ"", ""ASC"", ""ASE"", ""ASO"", ""BRA"", ""CAN"", ""CHL"", ""CHN"", ""ENE"", ""ENW"", ""EUE"", ""EUM"", ""EUW"", ""IDN"", ""IND"", ""JPN"", ""LAM"", ""MDA"", ""MEA"", ""MEX"", ""NIG"", ""RUS"", ""SKT"", ""USA""]",Material production,,,1.0,1078.1835209555684,Mt/yr,,,medce_gbl,4.0,future,M–EU+,0.0,,,,,,,,
ndc_medce_gbl,NDC,"Medium CE, EU + partners",b,Global,Iron and steel,Secondary,2050,50.75829189355217,%,context,"[""Production|Iron and Steel|Primary"", ""Production|Iron and Steel|Secondary""]",fig05_material_production,,,,,,"[""AFE"", ""AFN"", ""AFW"", ""AFZ"", ""ANZ"", ""ASC"", ""ASE"", ""ASO"", ""BRA"", ""CAN"", ""CHL"", ""CHN"", ""ENE"", ""ENW"", ""EUE"", ""EUM"", ""EUW"", ""IDN"", ""IND"", ""JPN"", ""LAM"", ""MDA"", ""MEA"", ""MEX"", ""NIG"", ""RUS"", ""SKT"", ""USA""]",Secondary production share,,,100.0,1078.1835209555684,Mt/yr,2124.152489639885,Mt/yr,medce_gbl,4.0,future,M–EU+,0.0,ndc_medce_gbl,2050.0,,,,,,
ndc_medce_gbl,NDC,"Medium CE, EU + partners",b,Global,Iron and steel,Total,2050,-2.87056695727955,%,context,"[""Production|Iron and Steel|Primary"", ""Production|Iron and Steel|Secondary""]",fig05_material_production,,,,,,"[""AFE"", ""AFN"", ""AFW"", ""AFZ"", ""ANZ"", ""ASC"", ""ASE"", ""ASO"", ""BRA"", ""CAN"", ""CHL"", ""CHN"", ""ENE"", ""ENW"", ""EUE"", ""EUM"", ""EUW"", ""IDN"", ""IND"", ""JPN"", ""LAM"", ""MDA"", ""MEA"", ""MEX"", ""NIG"", ""RUS"", ""SKT"", ""USA""]",Production change from no CE,,,100.0,2124.152489639885,Mt/yr,2186.9297730849707,Mt/yr,medce_gbl,4.0,future,M–EU+,-100.0,ndc_noce,2050.0,,,,,,
ndc_highce_gbl,NDC,"High CE, EU + partners",b,Global,Iron and steel,Total,2050,2095.1975670819306,Mt/yr,context,"[""Production|Iron and Steel|Primary"", ""Production|Iron and Steel|Secondary""]",fig05_material_production,,,,,,"[""AFE"", ""AFN"", ""AFW"", ""AFZ"", ""ANZ"", ""ASC"", ""ASE"", ""ASO"", ""BRA"", ""CAN"", ""CHL"", ""CHN"", ""ENE"", ""ENW"", ""EUE"", ""EUM"", ""EUW"", ""IDN"", ""IND"", ""JPN"", ""LAM"", ""MDA"", ""MEA"", ""MEX"", ""NIG"", ""RUS"", ""SKT"", ""USA""]",Material production,,,1.0,2095.1975670819306,Mt/yr,,,highce_gbl,5.0,future,H–EU+,0.0,,,,,,,,
ndc_highce_gbl,NDC,"High CE, EU + partners",b,Global,Iron and steel,Primary,2050,781.125238259651,Mt/yr,plotted,"[""Production|Iron and Steel|Primary""]",fig05_material_production,,,,,,"[""AFE"", ""AFN"", ""AFW"", ""AFZ"", ""ANZ"", ""ASC"", ""ASE"", ""ASO"", ""BRA"", ""CAN"", ""CHL"", ""CHN"", ""ENE"", ""ENW"", ""EUE"", ""EUM"", ""EUW"", ""IDN"", ""IND"", ""JPN"", ""LAM"", ""MDA"", ""MEA"", ""MEX"", ""NIG"", ""RUS"", ""SKT"", ""USA""]",Material production,,,1.0,781.125238259651,Mt/yr,,,highce_gbl,5.0,future,H–EU+,0.0,,,,,,,,
ndc_highce_gbl,NDC,"High CE, EU + partners",b,Global,Iron and steel,Secondary,2050,1314.0723288222796,Mt/yr,plotted,"[""Production|Iron and Steel|Secondary""]",fig05_material_production,,,,,,"[""AFE"", ""AFN"", ""AFW"", ""AFZ"", ""ANZ"", ""ASC"", ""ASE"", ""ASO"", ""BRA"", ""CAN"", ""CHL"", ""CHN"", ""ENE"", ""ENW"", ""EUE"", ""EUM"", ""EUW"", ""IDN"", ""IND"", ""JPN"", ""LAM"", ""MDA"", ""MEA"", ""MEX"", ""NIG"", ""RUS"", ""SKT"", ""USA""]",Material production,,,1.0,1314.0723288222796,Mt/yr,,,highce_gbl,5.0,future,H–EU+,0.0,,,,,,,,
ndc_highce_gbl,NDC,"High CE, EU + partners",b,Global,Iron and steel,Secondary,2050,62.71830158014373,%,context,"[""Production|Iron and Steel|Primary"", ""Production|Iron and Steel|Secondary""]",fig05_material_production,,,,,,"[""AFE"", ""AFN"", ""AFW"", ""AFZ"", ""ANZ"", ""ASC"", ""ASE"", ""ASO"", ""BRA"", ""CAN"", ""CHL"", ""CHN"", ""ENE"", ""ENW"", ""EUE"", ""EUM"", ""EUW"", ""IDN"", ""IND"", ""JPN"", ""LAM"", ""MDA"", ""MEA"", ""MEX"", ""NIG"", ""RUS"", ""SKT"", ""USA""]",Secondary production share,,,100.0,1314.0723288222796,Mt/yr,2095.1975670819306,Mt/yr,highce_gbl,5.0,future,H–EU+,0.0,ndc_highce_gbl,2050.0,,,,,,
ndc_highce_gbl,NDC,"High CE, EU + partners",b,Global,Iron and steel,Total,2050,-4.194565693512828,%,context,"[""Production|Iron and Steel|Primary"", ""Production|Iron and Steel|Secondary""]",fig05_material_production,,,,,,"[""AFE"", ""AFN"", ""AFW"", ""AFZ"", ""ANZ"", ""ASC"", ""ASE"", ""ASO"", ""BRA"", ""CAN"", ""CHL"", ""CHN"", ""ENE"", ""ENW"", ""EUE"", ""EUM"", ""EUW"", ""IDN"", ""IND"", ""JPN"", ""LAM"", ""MDA"", ""MEA"", ""MEX"", ""NIG"", ""RUS"", ""SKT"", ""USA""]",Production change from no CE,,,100.0,2095.1975670819306,Mt/yr,2186.9297730849707,Mt/yr,highce_gbl,5.0,future,H–EU+,-100.0,ndc_noce,2050.0,,,,,,
ndc_noce,NDC,No CE,c,Global,Aluminium,Total,2019,94.49997372278058,Mt/yr,context,"[""Production|Non-Ferrous Metals|Aluminum|Primary"", ""Production|Non-Ferrous Metals|Aluminum|Secondary""]",fig05_material_production,,,,,,"[""AFE"", ""AFN"", ""AFW"", ""AFZ"", ""ANZ"", ""ASC"", ""ASE"", ""ASO"", ""BRA"", ""CAN"", ""CHL"", ""CHN"", ""ENE"", ""ENW"", ""EUE"", ""EUM"", ""EUW"", ""IDN"", ""IND"", ""JPN"", ""LAM"", ""MDA"", ""MEA"", ""MEX"", ""NIG"", ""RUS"", ""SKT"", ""USA""]",Material production,,,1.0,94.49997372278058,Mt/yr,,,noce,0.0,historical,2019,0.0,,,,,,,,
ndc_noce,NDC,No CE,c,Global,Aluminium,Primary,2019,62.749973727086626,Mt/yr,plotted,"[""Production|Non-Ferrous Metals|Aluminum|Primary""]",fig05_material_production,,,,,,"[""AFE"", ""AFN"", ""AFW"", ""AFZ"", ""ANZ"", ""ASC"", ""ASE"", ""ASO"", ""BRA"", ""CAN"", ""CHL"", ""CHN"", ""ENE"", ""ENW"", ""EUE"", ""EUM"", ""EUW"", ""IDN"", ""IND"", ""JPN"", ""LAM"", ""MDA"", ""MEA"", ""MEX"", ""NIG"", ""RUS"", ""SKT"", ""USA""]",Material production,,,1.0,62.749973727086626,Mt/yr,,,noce,0.0,historical,2019,0.0,,,,,,,,
ndc_noce,NDC,No CE,c,Global,Aluminium,Secondary,2019,31.74999999569395,Mt/yr,plotted,"[""Production|Non-Ferrous Metals|Aluminum|Secondary""]",fig05_material_production,,,,,,"[""AFE"", ""AFN"", ""AFW"", ""AFZ"", ""ANZ"", ""ASC"", ""ASE"", ""ASO"", ""BRA"", ""CAN"", ""CHL"", ""CHN"", ""ENE"", ""ENW"", ""EUE"", ""EUM"", ""EUW"", ""IDN"", ""IND"", ""JPN"", ""LAM"", ""MDA"", ""MEA"", ""MEX"", ""NIG"", ""RUS"", ""SKT"", ""USA""]",Material production,,,1.0,31.74999999569395,Mt/yr,,,noce,0.0,historical,2019,0.0,,,,,,,,
ndc_noce,NDC,No CE,c,Global,Aluminium,Secondary,2019,33.59789293575238,%,context,"[""Production|Non-Ferrous Metals|Aluminum|Primary"", ""Production|Non-Ferrous Metals|Aluminum|Secondary""]",fig05_material_production,,,,,,"[""AFE"", ""AFN"", ""AFW"", ""AFZ"", ""ANZ"", ""ASC"", ""ASE"", ""ASO"", ""BRA"", ""CAN"", ""CHL"", ""CHN"", ""ENE"", ""ENW"", ""EUE"", ""EUM"", ""EUW"", ""IDN"", ""IND"", ""JPN"", ""LAM"", ""MDA"", ""MEA"", ""MEX"", ""NIG"", ""RUS"", ""SKT"", ""USA""]",Secondary production share,,,100.0,31.74999999569395,Mt/yr,94.49997372278058,Mt/yr,noce,0.0,historical,2019,0.0,ndc_noce,2019.0,,,,,,
ndc_noce,NDC,No CE,c,Global,Aluminium,Total,2050,133.0141126535924,Mt/yr,context,"[""Production|Non-Ferrous Metals|Aluminum|Primary"", ""Production|Non-Ferrous Metals|Aluminum|Secondary""]",fig05_material_production,,,,,,"[""AFE"", ""AFN"", ""AFW"", ""AFZ"", ""ANZ"", ""ASC"", ""ASE"", ""ASO"", ""BRA"", ""CAN"", ""CHL"", ""CHN"", ""ENE"", ""ENW"", ""EUE"", ""EUM"", ""EUW"", ""IDN"", ""IND"", ""JPN"", ""LAM"", ""MDA"", ""MEA"", ""MEX"", ""NIG"", ""RUS"", ""SKT"", ""USA""]",Material production,,,1.0,133.0141126535924,Mt/yr,,,noce,1.0,future,No CE,0.0,,,,,,,,
ndc_noce,NDC,No CE,c,Global,Aluminium,Primary,2050,68.45860254240496,Mt/yr,plotted,"[""Production|Non-Ferrous Metals|Aluminum|Primary""]",fig05_material_production,,,,,,"[""AFE"", ""AFN"", ""AFW"", ""AFZ"", ""ANZ"", ""ASC"", ""ASE"", ""ASO"", ""BRA"", ""CAN"", ""CHL"", ""CHN"", ""ENE"", ""ENW"", ""EUE"", ""EUM"", ""EUW"", ""IDN"", ""IND"", ""JPN"", ""LAM"", ""MDA"", ""MEA"", ""MEX"", ""NIG"", ""RUS"", ""SKT"", ""USA""]",Material production,,,1.0,68.45860254240496,Mt/yr,,,noce,1.0,future,No CE,0.0,,,,,,,,
ndc_noce,NDC,No CE,c,Global,Aluminium,Secondary,2050,64.55551011118743,Mt/yr,plotted,"[""Production|Non-Ferrous Metals|Aluminum|Secondary""]",fig05_material_production,,,,,,"[""AFE"", ""AFN"", ""AFW"", ""AFZ"", ""ANZ"", ""ASC"", ""ASE"", ""ASO"", ""BRA"", ""CAN"", ""CHL"", ""CHN"", ""ENE"", ""ENW"", ""EUE"", ""EUM"", ""EUW"", ""IDN"", ""IND"", ""JPN"", ""LAM"", ""MDA"", ""MEA"", ""MEX"", ""NIG"", ""RUS"", ""SKT"", ""USA""]",Material production,,,1.0,64.55551011118743,Mt/yr,,,noce,1.0,future,No CE,0.0,,,,,,,,
ndc_noce,NDC,No CE,c,Global,Aluminium,Secondary,2050,48.532827700252255,%,context,"[""Production|Non-Ferrous Metals|Aluminum|Primary"", ""Production|Non-Ferrous Metals|Aluminum|Secondary""]",fig05_material_production,,,,,,"[""AFE"", ""AFN"", ""AFW"", ""AFZ"", ""ANZ"", ""ASC"", ""ASE"", ""ASO"", ""BRA"", ""CAN"", ""CHL"", ""CHN"", ""ENE"", ""ENW"", ""EUE"", ""EUM"", ""EUW"", ""IDN"", ""IND"", ""JPN"", ""LAM"", ""MDA"", ""MEA"", ""MEX"", ""NIG"", ""RUS"", ""SKT"", ""USA""]",Secondary production share,,,100.0,64.55551011118743,Mt/yr,133.0141126535924,Mt/yr,noce,1.0,future,No CE,0.0,ndc_noce,2050.0,,,,,,
ndc_noce,NDC,No CE,c,Global,Aluminium,Total,2050,0.0,%,context,"[""Production|Non-Ferrous Metals|Aluminum|Primary"", ""Production|Non-Ferrous Metals|Aluminum|Secondary""]",fig05_material_production,,,,,,"[""AFE"", ""AFN"", ""AFW"", ""AFZ"", ""ANZ"", ""ASC"", ""ASE"", ""ASO"", ""BRA"", ""CAN"", ""CHL"", ""CHN"", ""ENE"", ""ENW"", ""EUE"", ""EUM"", ""EUW"", ""IDN"", ""IND"", ""JPN"", ""LAM"", ""MDA"", ""MEA"", ""MEX"", ""NIG"", ""RUS"", ""SKT"", ""USA""]",Production change from no CE,,,100.0,133.0141126535924,Mt/yr,133.0141126535924,Mt/yr,noce,1.0,future,No CE,-100.0,ndc_noce,2050.0,,,,,,
ndc_medce_eu,NDC,"Medium CE, EU",c,Global,Aluminium,Total,2050,131.7829466759616,Mt/yr,context,"[""Production|Non-Ferrous Metals|Aluminum|Primary"", ""Production|Non-Ferrous Metals|Aluminum|Secondary""]",fig05_material_production,,,,,,"[""AFE"", ""AFN"", ""AFW"", ""AFZ"", ""ANZ"", ""ASC"", ""ASE"", ""ASO"", ""BRA"", ""CAN"", ""CHL"", ""CHN"", ""ENE"", ""ENW"", ""EUE"", ""EUM"", ""EUW"", ""IDN"", ""IND"", ""JPN"", ""LAM"", ""MDA"", ""MEA"", ""MEX"", ""NIG"", ""RUS"", ""SKT"", ""USA""]",Material production,,,1.0,131.7829466759616,Mt/yr,,,medce_eu,2.0,future,M–EU,0.0,,,,,,,,
ndc_medce_eu,NDC,"Medium CE, EU",c,Global,Aluminium,Primary,2050,66.91987715242247,Mt/yr,plotted,"[""Production|Non-Ferrous Metals|Aluminum|Primary""]",fig05_material_production,,,,,,"[""AFE"", ""AFN"", ""AFW"", ""AFZ"", ""ANZ"", ""ASC"", ""ASE"", ""ASO"", ""BRA"", ""CAN"", ""CHL"", ""CHN"", ""ENE"", ""ENW"", ""EUE"", ""EUM"", ""EUW"", ""IDN"", ""IND"", ""JPN"", ""LAM"", ""MDA"", ""MEA"", ""MEX"", ""NIG"", ""RUS"", ""SKT"", ""USA""]",Material production,,,1.0,66.91987715242247,Mt/yr,,,medce_eu,2.0,future,M–EU,0.0,,,,,,,,
ndc_medce_eu,NDC,"Medium CE, EU",c,Global,Aluminium,Secondary,2050,64.86306952353912,Mt/yr,plotted,"[""Production|Non-Ferrous Metals|Aluminum|Secondary""]",fig05_material_production,,,,,,"[""AFE"", ""AFN"", ""AFW"", ""AFZ"", ""ANZ"", ""ASC"", ""ASE"", ""ASO"", ""BRA"", ""CAN"", ""CHL"", ""CHN"", ""ENE"", ""ENW"", ""EUE"", ""EUM"", ""EUW"", ""IDN"", ""IND"", ""JPN"", ""LAM"", ""MDA"", ""MEA"", ""MEX"", ""NIG"", ""RUS"", ""SKT"", ""USA""]",Material production,,,1.0,64.86306952353912,Mt/yr,,,medce_eu,2.0,future,M–EU,0.0,,,,,,,,
ndc_medce_eu,NDC,"Medium CE, EU",c,Global,Aluminium,Secondary,2050,49.21962299342843,%,context,"[""Production|Non-Ferrous Metals|Aluminum|Primary"", ""Production|Non-Ferrous Metals|Aluminum|Secondary""]",fig05_material_production,,,,,,"[""AFE"", ""AFN"", ""AFW"", ""AFZ"", ""ANZ"", ""ASC"", ""ASE"", ""ASO"", ""BRA"", ""CAN"", ""CHL"", ""CHN"", ""ENE"", ""ENW"", ""EUE"", ""EUM"", ""EUW"", ""IDN"", ""IND"", ""JPN"", ""LAM"", ""MDA"", ""MEA"", ""MEX"", ""NIG"", ""RUS"", ""SKT"", ""USA""]",Secondary production share,,,100.0,64.86306952353912,Mt/yr,131.7829466759616,Mt/yr,medce_eu,2.0,future,M–EU,0.0,ndc_medce_eu,2050.0,,,,,,
ndc_medce_eu,NDC,"Medium CE, EU",c,Global,Aluminium,Total,2050,-0.9255904904144501,%,context,"[""Production|Non-Ferrous Metals|Aluminum|Primary"", ""Production|Non-Ferrous Metals|Aluminum|Secondary""]",fig05_material_production,,,,,,"[""AFE"", ""AFN"", ""AFW"", ""AFZ"", ""ANZ"", ""ASC"", ""ASE"", ""ASO"", ""BRA"", ""CAN"", ""CHL"", ""CHN"", ""ENE"", ""ENW"", ""EUE"", ""EUM"", ""EUW"", ""IDN"", ""IND"", ""JPN"", ""LAM"", ""MDA"", ""MEA"", ""MEX"", ""NIG"", ""RUS"", ""SKT"", ""USA""]",Production change from no CE,,,100.0,131.7829466759616,Mt/yr,133.0141126535924,Mt/yr,medce_eu,2.0,future,M–EU,-100.0,ndc_noce,2050.0,,,,,,
ndc_highce_eu,NDC,"High CE, EU",c,Global,Aluminium,Total,2050,131.0235267484698,Mt/yr,context,"[""Production|Non-Ferrous Metals|Aluminum|Primary"", ""Production|Non-Ferrous Metals|Aluminum|Secondary""]",fig05_material_production,,,,,,"[""AFE"", ""AFN"", ""AFW"", ""AFZ"", ""ANZ"", ""ASC"", ""ASE"", ""ASO"", ""BRA"", ""CAN"", ""CHL"", ""CHN"", ""ENE"", ""ENW"", ""EUE"", ""EUM"", ""EUW"", ""IDN"", ""IND"", ""JPN"", ""LAM"", ""MDA"", ""MEA"", ""MEX"", ""NIG"", ""RUS"", ""SKT"", ""USA""]",Material production,,,1.0,131.0235267484698,Mt/yr,,,highce_eu,3.0,future,H–EU,0.0,,,,,,,,
ndc_highce_eu,NDC,"High CE, EU",c,Global,Aluminium,Primary,2050,65.6003526424434,Mt/yr,plotted,"[""Production|Non-Ferrous Metals|Aluminum|Primary""]",fig05_material_production,,,,,,"[""AFE"", ""AFN"", ""AFW"", ""AFZ"", ""ANZ"", ""ASC"", ""ASE"", ""ASO"", ""BRA"", ""CAN"", ""CHL"", ""CHN"", ""ENE"", ""ENW"", ""EUE"", ""EUM"", ""EUW"", ""IDN"", ""IND"", ""JPN"", ""LAM"", ""MDA"", ""MEA"", ""MEX"", ""NIG"", ""RUS"", ""SKT"", ""USA""]",Material production,,,1.0,65.6003526424434,Mt/yr,,,highce_eu,3.0,future,H–EU,0.0,,,,,,,,
ndc_highce_eu,NDC,"High CE, EU",c,Global,Aluminium,Secondary,2050,65.4231741060264,Mt/yr,plotted,"[""Production|Non-Ferrous Metals|Aluminum|Secondary""]",fig05_material_production,,,,,,"[""AFE"", ""AFN"", ""AFW"", ""AFZ"", ""ANZ"", ""ASC"", ""ASE"", ""ASO"", ""BRA"", ""CAN"", ""CHL"", ""CHN"", ""ENE"", ""ENW"", ""EUE"", ""EUM"", ""EUW"", ""IDN"", ""IND"", ""JPN"", ""LAM"", ""MDA"", ""MEA"", ""MEX"", ""NIG"", ""RUS"", ""SKT"", ""USA""]",Material production,,,1.0,65.4231741060264,Mt/yr,,,highce_eu,3.0,future,H–EU,0.0,,,,,,,,
ndc_highce_eu,NDC,"High CE, EU",c,Global,Aluminium,Secondary,2050,49.932386747321665,%,context,"[""Production|Non-Ferrous Metals|Aluminum|Primary"", ""Production|Non-Ferrous Metals|Aluminum|Secondary""]",fig05_material_production,,,,,,"[""AFE"", ""AFN"", ""AFW"", ""AFZ"", ""ANZ"", ""ASC"", ""ASE"", ""ASO"", ""BRA"", ""CAN"", ""CHL"", ""CHN"", ""ENE"", ""ENW"", ""EUE"", ""EUM"", ""EUW"", ""IDN"", ""IND"", ""JPN"", ""LAM"", ""MDA"", ""MEA"", ""MEX"", ""NIG"", ""RUS"", ""SKT"", ""USA""]",Secondary production share,,,100.0,65.4231741060264,Mt/yr,131.0235267484698,Mt/yr,highce_eu,3.0,future,H–EU,0.0,ndc_highce_eu,2050.0,,,,,,
ndc_highce_eu,NDC,"High CE, EU",c,Global,Aluminium,Total,2050,-1.49652233542065,%,context,"[""Production|Non-Ferrous Metals|Aluminum|Primary"", ""Production|Non-Ferrous Metals|Aluminum|Secondary""]",fig05_material_production,,,,,,"[""AFE"", ""AFN"", ""AFW"", ""AFZ"", ""ANZ"", ""ASC"", ""ASE"", ""ASO"", ""BRA"", ""CAN"", ""CHL"", ""CHN"", ""ENE"", ""ENW"", ""EUE"", ""EUM"", ""EUW"", ""IDN"", ""IND"", ""JPN"", ""LAM"", ""MDA"", ""MEA"", ""MEX"", ""NIG"", ""RUS"", ""SKT"", ""USA""]",Production change from no CE,,,100.0,131.0235267484698,Mt/yr,133.0141126535924,Mt/yr,highce_eu,3.0,future,H–EU,-100.0,ndc_noce,2050.0,,,,,,
ndc_medce_gbl,NDC,"Medium CE, EU + partners",c,Global,Aluminium,Total,2050,121.67389275652519,Mt/yr,context,"[""Production|Non-Ferrous Metals|Aluminum|Primary"", ""Production|Non-Ferrous Metals|Aluminum|Secondary""]",fig05_material_production,,,,,,"[""AFE"", ""AFN"", ""AFW"", ""AFZ"", ""ANZ"", ""ASC"", ""ASE"", ""ASO"", ""BRA"", ""CAN"", ""CHL"", ""CHN"", ""ENE"", ""ENW"", ""EUE"", ""EUM"", ""EUW"", ""IDN"", ""IND"", ""JPN"", ""LAM"", ""MDA"", ""MEA"", ""MEX"", ""NIG"", ""RUS"", ""SKT"", ""USA""]",Material production,,,1.0,121.67389275652519,Mt/yr,,,medce_gbl,4.0,future,M–EU+,0.0,,,,,,,,
ndc_medce_gbl,NDC,"Medium CE, EU + partners",c,Global,Aluminium,Primary,2050,54.269379063176316,Mt/yr,plotted,"[""Production|Non-Ferrous Metals|Aluminum|Primary""]",fig05_material_production,,,,,,"[""AFE"", ""AFN"", ""AFW"", ""AFZ"", ""ANZ"", ""ASC"", ""ASE"", ""ASO"", ""BRA"", ""CAN"", ""CHL"", ""CHN"", ""ENE"", ""ENW"", ""EUE"", ""EUM"", ""EUW"", ""IDN"", ""IND"", ""JPN"", ""LAM"", ""MDA"", ""MEA"", ""MEX"", ""NIG"", ""RUS"", ""SKT"", ""USA""]",Material production,,,1.0,54.269379063176316,Mt/yr,,,medce_gbl,4.0,future,M–EU+,0.0,,,,,,,,
ndc_medce_gbl,NDC,"Medium CE, EU + partners",c,Global,Aluminium,Secondary,2050,67.40451369334887,Mt/yr,plotted,"[""Production|Non-Ferrous Metals|Aluminum|Secondary""]",fig05_material_production,,,,,,"[""AFE"", ""AFN"", ""AFW"", ""AFZ"", ""ANZ"", ""ASC"", ""ASE"", ""ASO"", ""BRA"", ""CAN"", ""CHL"", ""CHN"", ""ENE"", ""ENW"", ""EUE"", ""EUM"", ""EUW"", ""IDN"", ""IND"", ""JPN"", ""LAM"", ""MDA"", ""MEA"", ""MEX"", ""NIG"", ""RUS"", ""SKT"", ""USA""]",Material production,,,1.0,67.40451369334887,Mt/yr,,,medce_gbl,4.0,future,M–EU+,0.0,,,,,,,,
ndc_medce_gbl,NDC,"Medium CE, EU + partners",c,Global,Aluminium,Secondary,2050,55.39767995113649,%,context,"[""Production|Non-Ferrous Metals|Aluminum|Primary"", ""Production|Non-Ferrous Metals|Aluminum|Secondary""]",fig05_material_production,,,,,,"[""AFE"", ""AFN"", ""AFW"", ""AFZ"", ""ANZ"", ""ASC"", ""ASE"", ""ASO"", ""BRA"", ""CAN"", ""CHL"", ""CHN"", ""ENE"", ""ENW"", ""EUE"", ""EUM"", ""EUW"", ""IDN"", ""IND"", ""JPN"", ""LAM"", ""MDA"", ""MEA"", ""MEX"", ""NIG"", ""RUS"", ""SKT"", ""USA""]",Secondary production share,,,100.0,67.40451369334887,Mt/yr,121.67389275652519,Mt/yr,medce_gbl,4.0,future,M–EU+,0.0,ndc_medce_gbl,2050.0,,,,,,
ndc_medce_gbl,NDC,"Medium CE, EU + partners",c,Global,Aluminium,Total,2050,-8.525576475182348,%,context,"[""Production|Non-Ferrous Metals|Aluminum|Primary"", ""Production|Non-Ferrous Metals|Aluminum|Secondary""]",fig05_material_production,,,,,,"[""AFE"", ""AFN"", ""AFW"", ""AFZ"", ""ANZ"", ""ASC"", ""ASE"", ""ASO"", ""BRA"", ""CAN"", ""CHL"", ""CHN"", ""ENE"", ""ENW"", ""EUE"", ""EUM"", ""EUW"", ""IDN"", ""IND"", ""JPN"", ""LAM"", ""MDA"", ""MEA"", ""MEX"", ""NIG"", ""RUS"", ""SKT"", ""USA""]",Production change from no CE,,,100.0,121.67389275652519,Mt/yr,133.0141126535924,Mt/yr,medce_gbl,4.0,future,M–EU+,-100.0,ndc_noce,2050.0,,,,,,
ndc_highce_gbl,NDC,"High CE, EU + partners",c,Global,Aluminium,Total,2050,114.6589936931592,Mt/yr,context,"[""Production|Non-Ferrous Metals|Aluminum|Primary"", ""Production|Non-Ferrous Metals|Aluminum|Secondary""]",fig05_material_production,,,,,,"[""AFE"", ""AFN"", ""AFW"", ""AFZ"", ""ANZ"", ""ASC"", ""ASE"", ""ASO"", ""BRA"", ""CAN"", ""CHL"", ""CHN"", ""ENE"", ""ENW"", ""EUE"", ""EUM"", ""EUW"", ""IDN"", ""IND"", ""JPN"", ""LAM"", ""MDA"", ""MEA"", ""MEX"", ""NIG"", ""RUS"", ""SKT"", ""USA""]",Material production,,,1.0,114.6589936931592,Mt/yr,,,highce_gbl,5.0,future,H–EU+,0.0,,,,,,,,
ndc_highce_gbl,NDC,"High CE, EU + partners",c,Global,Aluminium,Primary,2050,42.089621022059724,Mt/yr,plotted,"[""Production|Non-Ferrous Metals|Aluminum|Primary""]",fig05_material_production,,,,,,"[""AFE"", ""AFN"", ""AFW"", ""AFZ"", ""ANZ"", ""ASC"", ""ASE"", ""ASO"", ""BRA"", ""CAN"", ""CHL"", ""CHN"", ""ENE"", ""ENW"", ""EUE"", ""EUM"", ""EUW"", ""IDN"", ""IND"", ""JPN"", ""LAM"", ""MDA"", ""MEA"", ""MEX"", ""NIG"", ""RUS"", ""SKT"", ""USA""]",Material production,,,1.0,42.089621022059724,Mt/yr,,,highce_gbl,5.0,future,H–EU+,0.0,,,,,,,,
ndc_highce_gbl,NDC,"High CE, EU + partners",c,Global,Aluminium,Secondary,2050,72.56937267109947,Mt/yr,plotted,"[""Production|Non-Ferrous Metals|Aluminum|Secondary""]",fig05_material_production,,,,,,"[""AFE"", ""AFN"", ""AFW"", ""AFZ"", ""ANZ"", ""ASC"", ""ASE"", ""ASO"", ""BRA"", ""CAN"", ""CHL"", ""CHN"", ""ENE"", ""ENW"", ""EUE"", ""EUM"", ""EUW"", ""IDN"", ""IND"", ""JPN"", ""LAM"", ""MDA"", ""MEA"", ""MEX"", ""NIG"", ""RUS"", ""SKT"", ""USA""]",Material production,,,1.0,72.56937267109947,Mt/yr,,,highce_gbl,5.0,future,H–EU+,0.0,,,,,,,,
ndc_highce_gbl,NDC,"High CE, EU + partners",c,Global,Aluminium,Secondary,2050,63.291478787354045,%,context,"[""Production|Non-Ferrous Metals|Aluminum|Primary"", ""Production|Non-Ferrous Metals|Aluminum|Secondary""]",fig05_material_production,,,,,,"[""AFE"", ""AFN"", ""AFW"", ""AFZ"", ""ANZ"", ""ASC"", ""ASE"", ""ASO"", ""BRA"", ""CAN"", ""CHL"", ""CHN"", ""ENE"", ""ENW"", ""EUE"", ""EUM"", ""EUW"", ""IDN"", ""IND"", ""JPN"", ""LAM"", ""MDA"", ""MEA"", ""MEX"", ""NIG"", ""RUS"", ""SKT"", ""USA""]",Secondary production share,,,100.0,72.56937267109947,Mt/yr,114.6589936931592,Mt/yr,highce_gbl,5.0,future,H–EU+,0.0,ndc_highce_gbl,2050.0,,,,,,
ndc_highce_gbl,NDC,"High CE, EU + partners",c,Global,Aluminium,Total,2050,-13.799377069285342,%,context,"[""Production|Non-Ferrous Metals|Aluminum|Primary"", ""Production|Non-Ferrous Metals|Aluminum|Secondary""]",fig05_material_production,,,,,,"[""AFE"", ""AFN"", ""AFW"", ""AFZ"", ""ANZ"", ""ASC"", ""ASE"", ""ASO"", ""BRA"", ""CAN"", ""CHL"", ""CHN"", ""ENE"", ""ENW"", ""EUE"", ""EUM"", ""EUW"", ""IDN"", ""IND"", ""JPN"", ""LAM"", ""MDA"", ""MEA"", ""MEX"", ""NIG"", ""RUS"", ""SKT"", ""USA""]",Production change from no CE,,,100.0,114.6589936931592,Mt/yr,133.0141126535924,Mt/yr,highce_gbl,5.0,future,H–EU+,-100.0,ndc_noce,2050.0,,,,,,
baseline_noce,NDC+LTT,No CE,d,Global,Cement,Cement,2019,4201.409299940433,Mt/yr,plotted,"[""Production|Non-Metallic Minerals|Cement""]",fig05_material_production,,,,,,"[""AFE"", ""AFN"", ""AFW"", ""AFZ"", ""ANZ"", ""ASC"", ""ASE"", ""ASO"", ""BRA"", ""CAN"", ""CHL"", ""CHN"", ""ENE"", ""ENW"", ""EUE"", ""EUM"", ""EUW"", ""IDN"", ""IND"", ""JPN"", ""LAM"", ""MDA"", ""MEA"", ""MEX"", ""NIG"", ""RUS"", ""SKT"", ""USA""]",Material production,,,1.0,4201.409299940433,Mt/yr,,,noce,0.0,historical,2019,0.0,,,,,,,,
baseline_noce,NDC+LTT,No CE,d,Global,Cement,Clinker,2019,3030.4398866528886,Mt/yr,plotted,"[""Production|Non-Metallic Minerals|Cement Clinker""]",fig05_material_production,,,,,,"[""AFE"", ""AFN"", ""AFW"", ""AFZ"", ""ANZ"", ""ASC"", ""ASE"", ""ASO"", ""BRA"", ""CAN"", ""CHL"", ""CHN"", ""ENE"", ""ENW"", ""EUE"", ""EUM"", ""EUW"", ""IDN"", ""IND"", ""JPN"", ""LAM"", ""MDA"", ""MEA"", ""MEX"", ""NIG"", ""RUS"", ""SKT"", ""USA""]",Material production,,,1.0,3030.4398866528886,Mt/yr,,,noce,0.0,historical,2019,0.0,,,,,,,,
baseline_noce,NDC+LTT,No CE,d,Global,Cement,Cement,2050,3660.135942423824,Mt/yr,plotted,"[""Production|Non-Metallic Minerals|Cement""]",fig05_material_production,,,,,,"[""AFE"", ""AFN"", ""AFW"", ""AFZ"", ""ANZ"", ""ASC"", ""ASE"", ""ASO"", ""BRA"", ""CAN"", ""CHL"", ""CHN"", ""ENE"", ""ENW"", ""EUE"", ""EUM"", ""EUW"", ""IDN"", ""IND"", ""JPN"", ""LAM"", ""MDA"", ""MEA"", ""MEX"", ""NIG"", ""RUS"", ""SKT"", ""USA""]",Material production,,,1.0,3660.135942423824,Mt/yr,,,noce,1.0,future,No CE,0.0,,,,,,,,
baseline_noce,NDC+LTT,No CE,d,Global,Cement,Clinker,2050,2599.115827280662,Mt/yr,plotted,"[""Production|Non-Metallic Minerals|Cement Clinker""]",fig05_material_production,,,,,,"[""AFE"", ""AFN"", ""AFW"", ""AFZ"", ""ANZ"", ""ASC"", ""ASE"", ""ASO"", ""BRA"", ""CAN"", ""CHL"", ""CHN"", ""ENE"", ""ENW"", ""EUE"", ""EUM"", ""EUW"", ""IDN"", ""IND"", ""JPN"", ""LAM"", ""MDA"", ""MEA"", ""MEX"", ""NIG"", ""RUS"", ""SKT"", ""USA""]",Material production,,,1.0,2599.115827280662,Mt/yr,,,noce,1.0,future,No CE,0.0,,,,,,,,
baseline_noce,NDC+LTT,No CE,d,Global,Cement,Cement,2050,0.0,%,context,"[""Production|Non-Metallic Minerals|Cement""]",fig05_material_production,,,,,,"[""AFE"", ""AFN"", ""AFW"", ""AFZ"", ""ANZ"", ""ASC"", ""ASE"", ""ASO"", ""BRA"", ""CAN"", ""CHL"", ""CHN"", ""ENE"", ""ENW"", ""EUE"", ""EUM"", ""EUW"", ""IDN"", ""IND"", ""JPN"", ""LAM"", ""MDA"", ""MEA"", ""MEX"", ""NIG"", ""RUS"", ""SKT"", ""USA""]",Production change from no CE,,,100.0,3660.135942423824,Mt/yr,3660.135942423824,Mt/yr,noce,1.0,future,No CE,-100.0,baseline_noce,2050.0,,,,,,
baseline_medce_eu,NDC+LTT,"Medium CE, EU",d,Global,Cement,Cement,2050,3627.5339251320734,Mt/yr,plotted,"[""Production|Non-Metallic Minerals|Cement""]",fig05_material_production,,,,,,"[""AFE"", ""AFN"", ""AFW"", ""AFZ"", ""ANZ"", ""ASC"", ""ASE"", ""ASO"", ""BRA"", ""CAN"", ""CHL"", ""CHN"", ""ENE"", ""ENW"", ""EUE"", ""EUM"", ""EUW"", ""IDN"", ""IND"", ""JPN"", ""LAM"", ""MDA"", ""MEA"", ""MEX"", ""NIG"", ""RUS"", ""SKT"", ""USA""]",Material production,,,1.0,3627.5339251320734,Mt/yr,,,medce_eu,2.0,future,M–EU,0.0,,,,,,,,
baseline_medce_eu,NDC+LTT,"Medium CE, EU",d,Global,Cement,Clinker,2050,2559.3808613365522,Mt/yr,plotted,"[""Production|Non-Metallic Minerals|Cement Clinker""]",fig05_material_production,,,,,,"[""AFE"", ""AFN"", ""AFW"", ""AFZ"", ""ANZ"", ""ASC"", ""ASE"", ""ASO"", ""BRA"", ""CAN"", ""CHL"", ""CHN"", ""ENE"", ""ENW"", ""EUE"", ""EUM"", ""EUW"", ""IDN"", ""IND"", ""JPN"", ""LAM"", ""MDA"", ""MEA"", ""MEX"", ""NIG"", ""RUS"", ""SKT"", ""USA""]",Material production,,,1.0,2559.3808613365522,Mt/yr,,,medce_eu,2.0,future,M–EU,0.0,,,,,,,,
baseline_medce_eu,NDC+LTT,"Medium CE, EU",d,Global,Cement,Cement,2050,-0.8907324155332077,%,context,"[""Production|Non-Metallic Minerals|Cement""]",fig05_material_production,,,,,,"[""AFE"", ""AFN"", ""AFW"", ""AFZ"", ""ANZ"", ""ASC"", ""ASE"", ""ASO"", ""BRA"", ""CAN"", ""CHL"", ""CHN"", ""ENE"", ""ENW"", ""EUE"", ""EUM"", ""EUW"", ""IDN"", ""IND"", ""JPN"", ""LAM"", ""MDA"", ""MEA"", ""MEX"", ""NIG"", ""RUS"", ""SKT"", ""USA""]",Production change from no CE,,,100.0,3627.5339251320734,Mt/yr,3660.135942423824,Mt/yr,medce_eu,2.0,future,M–EU,-100.0,baseline_noce,2050.0,,,,,,
baseline_highce_eu,NDC+LTT,"High CE, EU",d,Global,Cement,Cement,2050,3613.749391624557,Mt/yr,plotted,"[""Production|Non-Metallic Minerals|Cement""]",fig05_material_production,,,,,,"[""AFE"", ""AFN"", ""AFW"", ""AFZ"", ""ANZ"", ""ASC"", ""ASE"", ""ASO"", ""BRA"", ""CAN"", ""CHL"", ""CHN"", ""ENE"", ""ENW"", ""EUE"", ""EUM"", ""EUW"", ""IDN"", ""IND"", ""JPN"", ""LAM"", ""MDA"", ""MEA"", ""MEX"", ""NIG"", ""RUS"", ""SKT"", ""USA""]",Material production,,,1.0,3613.749391624557,Mt/yr,,,highce_eu,3.0,future,H–EU,0.0,,,,,,,,
baseline_highce_eu,NDC+LTT,"High CE, EU",d,Global,Cement,Clinker,2050,2546.3916428762786,Mt/yr,plotted,"[""Production|Non-Metallic Minerals|Cement Clinker""]",fig05_material_production,,,,,,"[""AFE"", ""AFN"", ""AFW"", ""AFZ"", ""ANZ"", ""ASC"", ""ASE"", ""ASO"", ""BRA"", ""CAN"", ""CHL"", ""CHN"", ""ENE"", ""ENW"", ""EUE"", ""EUM"", ""EUW"", ""IDN"", ""IND"", ""JPN"", ""LAM"", ""MDA"", ""MEA"", ""MEX"", ""NIG"", ""RUS"", ""SKT"", ""USA""]",Material production,,,1.0,2546.3916428762786,Mt/yr,,,highce_eu,3.0,future,H–EU,0.0,,,,,,,,
baseline_highce_eu,NDC+LTT,"High CE, EU",d,Global,Cement,Cement,2050,-1.267345025675425,%,context,"[""Production|Non-Metallic Minerals|Cement""]",fig05_material_production,,,,,,"[""AFE"", ""AFN"", ""AFW"", ""AFZ"", ""ANZ"", ""ASC"", ""ASE"", ""ASO"", ""BRA"", ""CAN"", ""CHL"", ""CHN"", ""ENE"", ""ENW"", ""EUE"", ""EUM"", ""EUW"", ""IDN"", ""IND"", ""JPN"", ""LAM"", ""MDA"", ""MEA"", ""MEX"", ""NIG"", ""RUS"", ""SKT"", ""USA""]",Production change from no CE,,,100.0,3613.749391624557,Mt/yr,3660.135942423824,Mt/yr,highce_eu,3.0,future,H–EU,-100.0,baseline_noce,2050.0,,,,,,
baseline_medce_gbl,NDC+LTT,"Medium CE, EU + partners",d,Global,Cement,Cement,2050,3158.8859851059724,Mt/yr,plotted,"[""Production|Non-Metallic Minerals|Cement""]",fig05_material_production,,,,,,"[""AFE"", ""AFN"", ""AFW"", ""AFZ"", ""ANZ"", ""ASC"", ""ASE"", ""ASO"", ""BRA"", ""CAN"", ""CHL"", ""CHN"", ""ENE"", ""ENW"", ""EUE"", ""EUM"", ""EUW"", ""IDN"", ""IND"", ""JPN"", ""LAM"", ""MDA"", ""MEA"", ""MEX"", ""NIG"", ""RUS"", ""SKT"", ""USA""]",Material production,,,1.0,3158.8859851059724,Mt/yr,,,medce_gbl,4.0,future,M–EU+,0.0,,,,,,,,
baseline_medce_gbl,NDC+LTT,"Medium CE, EU + partners",d,Global,Cement,Clinker,2050,2083.6904822764113,Mt/yr,plotted,"[""Production|Non-Metallic Minerals|Cement Clinker""]",fig05_material_production,,,,,,"[""AFE"", ""AFN"", ""AFW"", ""AFZ"", ""ANZ"", ""ASC"", ""ASE"", ""ASO"", ""BRA"", ""CAN"", ""CHL"", ""CHN"", ""ENE"", ""ENW"", ""EUE"", ""EUM"", ""EUW"", ""IDN"", ""IND"", ""JPN"", ""LAM"", ""MDA"", ""MEA"", ""MEX"", ""NIG"", ""RUS"", ""SKT"", ""USA""]",Material production,,,1.0,2083.6904822764113,Mt/yr,,,medce_gbl,4.0,future,M–EU+,0.0,,,,,,,,
baseline_medce_gbl,NDC+LTT,"Medium CE, EU + partners",d,Global,Cement,Cement,2050,-13.694845361014444,%,context,"[""Production|Non-Metallic Minerals|Cement""]",fig05_material_production,,,,,,"[""AFE"", ""AFN"", ""AFW"", ""AFZ"", ""ANZ"", ""ASC"", ""ASE"", ""ASO"", ""BRA"", ""CAN"", ""CHL"", ""CHN"", ""ENE"", ""ENW"", ""EUE"", ""EUM"", ""EUW"", ""IDN"", ""IND"", ""JPN"", ""LAM"", ""MDA"", ""MEA"", ""MEX"", ""NIG"", ""RUS"", ""SKT"", ""USA""]",Production change from no CE,,,100.0,3158.8859851059724,Mt/yr,3660.135942423824,Mt/yr,medce_gbl,4.0,future,M–EU+,-100.0,baseline_noce,2050.0,,,,,,
baseline_highce_gbl,NDC+LTT,"High CE, EU + partners",d,Global,Cement,Cement,2050,2947.2179553016663,Mt/yr,plotted,"[""Production|Non-Metallic Minerals|Cement""]",fig05_material_production,,,,,,"[""AFE"", ""AFN"", ""AFW"", ""AFZ"", ""ANZ"", ""ASC"", ""ASE"", ""ASO"", ""BRA"", ""CAN"", ""CHL"", ""CHN"", ""ENE"", ""ENW"", ""EUE"", ""EUM"", ""EUW"", ""IDN"", ""IND"", ""JPN"", ""LAM"", ""MDA"", ""MEA"", ""MEX"", ""NIG"", ""RUS"", ""SKT"", ""USA""]",Material production,,,1.0,2947.2179553016663,Mt/yr,,,highce_gbl,5.0,future,H–EU+,0.0,,,,,,,,
baseline_highce_gbl,NDC+LTT,"High CE, EU + partners",d,Global,Cement,Clinker,2050,1884.2030146186078,Mt/yr,plotted,"[""Production|Non-Metallic Minerals|Cement Clinker""]",fig05_material_production,,,,,,"[""AFE"", ""AFN"", ""AFW"", ""AFZ"", ""ANZ"", ""ASC"", ""ASE"", ""ASO"", ""BRA"", ""CAN"", ""CHL"", ""CHN"", ""ENE"", ""ENW"", ""EUE"", ""EUM"", ""EUW"", ""IDN"", ""IND"", ""JPN"", ""LAM"", ""MDA"", ""MEA"", ""MEX"", ""NIG"", ""RUS"", ""SKT"", ""USA""]",Material production,,,1.0,1884.2030146186078,Mt/yr,,,highce_gbl,5.0,future,H–EU+,0.0,,,,,,,,
baseline_highce_gbl,NDC+LTT,"High CE, EU + partners",d,Global,Cement,Cement,2050,-19.47791006500286,%,context,"[""Production|Non-Metallic Minerals|Cement""]",fig05_material_production,,,,,,"[""AFE"", ""AFN"", ""AFW"", ""AFZ"", ""ANZ"", ""ASC"", ""ASE"", ""ASO"", ""BRA"", ""CAN"", ""CHL"", ""CHN"", ""ENE"", ""ENW"", ""EUE"", ""EUM"", ""EUW"", ""IDN"", ""IND"", ""JPN"", ""LAM"", ""MDA"", ""MEA"", ""MEX"", ""NIG"", ""RUS"", ""SKT"", ""USA""]",Production change from no CE,,,100.0,2947.2179553016663,Mt/yr,3660.135942423824,Mt/yr,highce_gbl,5.0,future,H–EU+,-100.0,baseline_noce,2050.0,,,,,,
baseline_noce,NDC+LTT,No CE,e,Global,Iron and steel,Total,2019,1754.711551232852,Mt/yr,context,"[""Production|Iron and Steel|Primary"", ""Production|Iron and Steel|Secondary""]",fig05_material_production,,,,,,"[""AFE"", ""AFN"", ""AFW"", ""AFZ"", ""ANZ"", ""ASC"", ""ASE"", ""ASO"", ""BRA"", ""CAN"", ""CHL"", ""CHN"", ""ENE"", ""ENW"", ""EUE"", ""EUM"", ""EUW"", ""IDN"", ""IND"", ""JPN"", ""LAM"", ""MDA"", ""MEA"", ""MEX"", ""NIG"", ""RUS"", ""SKT"", ""USA""]",Material production,,,1.0,1754.711551232852,Mt/yr,,,noce,0.0,historical,2019,0.0,,,,,,,,
baseline_noce,NDC+LTT,No CE,e,Global,Iron and steel,Primary,2019,1409.4021422034127,Mt/yr,plotted,"[""Production|Iron and Steel|Primary""]",fig05_material_production,,,,,,"[""AFE"", ""AFN"", ""AFW"", ""AFZ"", ""ANZ"", ""ASC"", ""ASE"", ""ASO"", ""BRA"", ""CAN"", ""CHL"", ""CHN"", ""ENE"", ""ENW"", ""EUE"", ""EUM"", ""EUW"", ""IDN"", ""IND"", ""JPN"", ""LAM"", ""MDA"", ""MEA"", ""MEX"", ""NIG"", ""RUS"", ""SKT"", ""USA""]",Material production,,,1.0,1409.4021422034127,Mt/yr,,,noce,0.0,historical,2019,0.0,,,,,,,,
baseline_noce,NDC+LTT,No CE,e,Global,Iron and steel,Secondary,2019,345.30940902943917,Mt/yr,plotted,"[""Production|Iron and Steel|Secondary""]",fig05_material_production,,,,,,"[""AFE"", ""AFN"", ""AFW"", ""AFZ"", ""ANZ"", ""ASC"", ""ASE"", ""ASO"", ""BRA"", ""CAN"", ""CHL"", ""CHN"", ""ENE"", ""ENW"", ""EUE"", ""EUM"", ""EUW"", ""IDN"", ""IND"", ""JPN"", ""LAM"", ""MDA"", ""MEA"", ""MEX"", ""NIG"", ""RUS"", ""SKT"", ""USA""]",Material production,,,1.0,345.30940902943917,Mt/yr,,,noce,0.0,historical,2019,0.0,,,,,,,,
baseline_noce,NDC+LTT,No CE,e,Global,Iron and steel,Secondary,2019,19.678984206083697,%,context,"[""Production|Iron and Steel|Primary"", ""Production|Iron and Steel|Secondary""]",fig05_material_production,,,,,,"[""AFE"", ""AFN"", ""AFW"", ""AFZ"", ""ANZ"", ""ASC"", ""ASE"", ""ASO"", ""BRA"", ""CAN"", ""CHL"", ""CHN"", ""ENE"", ""ENW"", ""EUE"", ""EUM"", ""EUW"", ""IDN"", ""IND"", ""JPN"", ""LAM"", ""MDA"", ""MEA"", ""MEX"", ""NIG"", ""RUS"", ""SKT"", ""USA""]",Secondary production share,,,100.0,345.30940902943917,Mt/yr,1754.711551232852,Mt/yr,noce,0.0,historical,2019,0.0,baseline_noce,2019.0,,,,,,
baseline_noce,NDC+LTT,No CE,e,Global,Iron and steel,Total,2050,2186.929691103253,Mt/yr,context,"[""Production|Iron and Steel|Primary"", ""Production|Iron and Steel|Secondary""]",fig05_material_production,,,,,,"[""AFE"", ""AFN"", ""AFW"", ""AFZ"", ""ANZ"", ""ASC"", ""ASE"", ""ASO"", ""BRA"", ""CAN"", ""CHL"", ""CHN"", ""ENE"", ""ENW"", ""EUE"", ""EUM"", ""EUW"", ""IDN"", ""IND"", ""JPN"", ""LAM"", ""MDA"", ""MEA"", ""MEX"", ""NIG"", ""RUS"", ""SKT"", ""USA""]",Material production,,,1.0,2186.929691103253,Mt/yr,,,noce,1.0,future,No CE,0.0,,,,,,,,
baseline_noce,NDC+LTT,No CE,e,Global,Iron and steel,Primary,2050,1399.6350022548183,Mt/yr,plotted,"[""Production|Iron and Steel|Primary""]",fig05_material_production,,,,,,"[""AFE"", ""AFN"", ""AFW"", ""AFZ"", ""ANZ"", ""ASC"", ""ASE"", ""ASO"", ""BRA"", ""CAN"", ""CHL"", ""CHN"", ""ENE"", ""ENW"", ""EUE"", ""EUM"", ""EUW"", ""IDN"", ""IND"", ""JPN"", ""LAM"", ""MDA"", ""MEA"", ""MEX"", ""NIG"", ""RUS"", ""SKT"", ""USA""]",Material production,,,1.0,1399.6350022548183,Mt/yr,,,noce,1.0,future,No CE,0.0,,,,,,,,
baseline_noce,NDC+LTT,No CE,e,Global,Iron and steel,Secondary,2050,787.2946888484346,Mt/yr,plotted,"[""Production|Iron and Steel|Secondary""]",fig05_material_production,,,,,,"[""AFE"", ""AFN"", ""AFW"", ""AFZ"", ""ANZ"", ""ASC"", ""ASE"", ""ASO"", ""BRA"", ""CAN"", ""CHL"", ""CHN"", ""ENE"", ""ENW"", ""EUE"", ""EUM"", ""EUW"", ""IDN"", ""IND"", ""JPN"", ""LAM"", ""MDA"", ""MEA"", ""MEX"", ""NIG"", ""RUS"", ""SKT"", ""USA""]",Material production,,,1.0,787.2946888484346,Mt/yr,,,noce,1.0,future,No CE,0.0,,,,,,,,
baseline_noce,NDC+LTT,No CE,e,Global,Iron and steel,Secondary,2050,36.00000000234409,%,context,"[""Production|Iron and Steel|Primary"", ""Production|Iron and Steel|Secondary""]",fig05_material_production,,,,,,"[""AFE"", ""AFN"", ""AFW"", ""AFZ"", ""ANZ"", ""ASC"", ""ASE"", ""ASO"", ""BRA"", ""CAN"", ""CHL"", ""CHN"", ""ENE"", ""ENW"", ""EUE"", ""EUM"", ""EUW"", ""IDN"", ""IND"", ""JPN"", ""LAM"", ""MDA"", ""MEA"", ""MEX"", ""NIG"", ""RUS"", ""SKT"", ""USA""]",Secondary production share,,,100.0,787.2946888484346,Mt/yr,2186.929691103253,Mt/yr,noce,1.0,future,No CE,0.0,baseline_noce,2050.0,,,,,,
baseline_noce,NDC+LTT,No CE,e,Global,Iron and steel,Total,2050,0.0,%,context,"[""Production|Iron and Steel|Primary"", ""Production|Iron and Steel|Secondary""]",fig05_material_production,,,,,,"[""AFE"", ""AFN"", ""AFW"", ""AFZ"", ""ANZ"", ""ASC"", ""ASE"", ""ASO"", ""BRA"", ""CAN"", ""CHL"", ""CHN"", ""ENE"", ""ENW"", ""EUE"", ""EUM"", ""EUW"", ""IDN"", ""IND"", ""JPN"", ""LAM"", ""MDA"", ""MEA"", ""MEX"", ""NIG"", ""RUS"", ""SKT"", ""USA""]",Production change from no CE,,,100.0,2186.929691103253,Mt/yr,2186.929691103253,Mt/yr,noce,1.0,future,No CE,-100.0,baseline_noce,2050.0,,,,,,
baseline_medce_eu,NDC+LTT,"Medium CE, EU",e,Global,Iron and steel,Total,2050,2184.438439804528,Mt/yr,context,"[""Production|Iron and Steel|Primary"", ""Production|Iron and Steel|Secondary""]",fig05_material_production,,,,,,"[""AFE"", ""AFN"", ""AFW"", ""AFZ"", ""ANZ"", ""ASC"", ""ASE"", ""ASO"", ""BRA"", ""CAN"", ""CHL"", ""CHN"", ""ENE"", ""ENW"", ""EUE"", ""EUM"", ""EUW"", ""IDN"", ""IND"", ""JPN"", ""LAM"", ""MDA"", ""MEA"", ""MEX"", ""NIG"", ""RUS"", ""SKT"", ""USA""]",Material production,,,1.0,2184.438439804528,Mt/yr,,,medce_eu,2.0,future,M–EU,0.0,,,,,,,,
baseline_medce_eu,NDC+LTT,"Medium CE, EU",e,Global,Iron and steel,Primary,2050,1385.8837930535244,Mt/yr,plotted,"[""Production|Iron and Steel|Primary""]",fig05_material_production,,,,,,"[""AFE"", ""AFN"", ""AFW"", ""AFZ"", ""ANZ"", ""ASC"", ""ASE"", ""ASO"", ""BRA"", ""CAN"", ""CHL"", ""CHN"", ""ENE"", ""ENW"", ""EUE"", ""EUM"", ""EUW"", ""IDN"", ""IND"", ""JPN"", ""LAM"", ""MDA"", ""MEA"", ""MEX"", ""NIG"", ""RUS"", ""SKT"", ""USA""]",Material production,,,1.0,1385.8837930535244,Mt/yr,,,medce_eu,2.0,future,M–EU,0.0,,,,,,,,
baseline_medce_eu,NDC+LTT,"Medium CE, EU",e,Global,Iron and steel,Secondary,2050,798.5546467510037,Mt/yr,plotted,"[""Production|Iron and Steel|Secondary""]",fig05_material_production,,,,,,"[""AFE"", ""AFN"", ""AFW"", ""AFZ"", ""ANZ"", ""ASC"", ""ASE"", ""ASO"", ""BRA"", ""CAN"", ""CHL"", ""CHN"", ""ENE"", ""ENW"", ""EUE"", ""EUM"", ""EUW"", ""IDN"", ""IND"", ""JPN"", ""LAM"", ""MDA"", ""MEA"", ""MEX"", ""NIG"", ""RUS"", ""SKT"", ""USA""]",Material production,,,1.0,798.5546467510037,Mt/yr,,,medce_eu,2.0,future,M–EU,0.0,,,,,,,,
baseline_medce_eu,NDC+LTT,"Medium CE, EU",e,Global,Iron and steel,Secondary,2050,36.55651870063509,%,context,"[""Production|Iron and Steel|Primary"", ""Production|Iron and Steel|Secondary""]",fig05_material_production,,,,,,"[""AFE"", ""AFN"", ""AFW"", ""AFZ"", ""ANZ"", ""ASC"", ""ASE"", ""ASO"", ""BRA"", ""CAN"", ""CHL"", ""CHN"", ""ENE"", ""ENW"", ""EUE"", ""EUM"", ""EUW"", ""IDN"", ""IND"", ""JPN"", ""LAM"", ""MDA"", ""MEA"", ""MEX"", ""NIG"", ""RUS"", ""SKT"", ""USA""]",Secondary production share,,,100.0,798.5546467510037,Mt/yr,2184.438439804528,Mt/yr,medce_eu,2.0,future,M–EU,0.0,baseline_medce_eu,2050.0,,,,,,
baseline_medce_eu,NDC+LTT,"Medium CE, EU",e,Global,Iron and steel,Total,2050,-0.11391547285948889,%,context,"[""Production|Iron and Steel|Primary"", ""Production|Iron and Steel|Secondary""]",fig05_material_production,,,,,,"[""AFE"", ""AFN"", ""AFW"", ""AFZ"", ""ANZ"", ""ASC"", ""ASE"", ""ASO"", ""BRA"", ""CAN"", ""CHL"", ""CHN"", ""ENE"", ""ENW"", ""EUE"", ""EUM"", ""EUW"", ""IDN"", ""IND"", ""JPN"", ""LAM"", ""MDA"", ""MEA"", ""MEX"", ""NIG"", ""RUS"", ""SKT"", ""USA""]",Production change from no CE,,,100.0,2184.438439804528,Mt/yr,2186.929691103253,Mt/yr,medce_eu,2.0,future,M–EU,-100.0,baseline_noce,2050.0,,,,,,
baseline_highce_eu,NDC+LTT,"High CE, EU",e,Global,Iron and steel,Total,2050,2183.3546196545976,Mt/yr,context,"[""Production|Iron and Steel|Primary"", ""Production|Iron and Steel|Secondary""]",fig05_material_production,,,,,,"[""AFE"", ""AFN"", ""AFW"", ""AFZ"", ""ANZ"", ""ASC"", ""ASE"", ""ASO"", ""BRA"", ""CAN"", ""CHL"", ""CHN"", ""ENE"", ""ENW"", ""EUE"", ""EUM"", ""EUW"", ""IDN"", ""IND"", ""JPN"", ""LAM"", ""MDA"", ""MEA"", ""MEX"", ""NIG"", ""RUS"", ""SKT"", ""USA""]",Material production,,,1.0,2183.3546196545976,Mt/yr,,,highce_eu,3.0,future,H–EU,0.0,,,,,,,,
baseline_highce_eu,NDC+LTT,"High CE, EU",e,Global,Iron and steel,Primary,2050,1375.6270491499063,Mt/yr,plotted,"[""Production|Iron and Steel|Primary""]",fig05_material_production,,,,,,"[""AFE"", ""AFN"", ""AFW"", ""AFZ"", ""ANZ"", ""ASC"", ""ASE"", ""ASO"", ""BRA"", ""CAN"", ""CHL"", ""CHN"", ""ENE"", ""ENW"", ""EUE"", ""EUM"", ""EUW"", ""IDN"", ""IND"", ""JPN"", ""LAM"", ""MDA"", ""MEA"", ""MEX"", ""NIG"", ""RUS"", ""SKT"", ""USA""]",Material production,,,1.0,1375.6270491499063,Mt/yr,,,highce_eu,3.0,future,H–EU,0.0,,,,,,,,
baseline_highce_eu,NDC+LTT,"High CE, EU",e,Global,Iron and steel,Secondary,2050,807.7275705046911,Mt/yr,plotted,"[""Production|Iron and Steel|Secondary""]",fig05_material_production,,,,,,"[""AFE"", ""AFN"", ""AFW"", ""AFZ"", ""ANZ"", ""ASC"", ""ASE"", ""ASO"", ""BRA"", ""CAN"", ""CHL"", ""CHN"", ""ENE"", ""ENW"", ""EUE"", ""EUM"", ""EUW"", ""IDN"", ""IND"", ""JPN"", ""LAM"", ""MDA"", ""MEA"", ""MEX"", ""NIG"", ""RUS"", ""SKT"", ""USA""]",Material production,,,1.0,807.7275705046911,Mt/yr,,,highce_eu,3.0,future,H–EU,0.0,,,,,,,,
baseline_highce_eu,NDC+LTT,"High CE, EU",e,Global,Iron and steel,Secondary,2050,36.994795221697515,%,context,"[""Production|Iron and Steel|Primary"", ""Production|Iron and Steel|Secondary""]",fig05_material_production,,,,,,"[""AFE"", ""AFN"", ""AFW"", ""AFZ"", ""ANZ"", ""ASC"", ""ASE"", ""ASO"", ""BRA"", ""CAN"", ""CHL"", ""CHN"", ""ENE"", ""ENW"", ""EUE"", ""EUM"", ""EUW"", ""IDN"", ""IND"", ""JPN"", ""LAM"", ""MDA"", ""MEA"", ""MEX"", ""NIG"", ""RUS"", ""SKT"", ""USA""]",Secondary production share,,,100.0,807.7275705046911,Mt/yr,2183.3546196545976,Mt/yr,highce_eu,3.0,future,H–EU,0.0,baseline_highce_eu,2050.0,,,,,,
baseline_highce_eu,NDC+LTT,"High CE, EU",e,Global,Iron and steel,Total,2050,-0.16347445750996314,%,context,"[""Production|Iron and Steel|Primary"", ""Production|Iron and Steel|Secondary""]",fig05_material_production,,,,,,"[""AFE"", ""AFN"", ""AFW"", ""AFZ"", ""ANZ"", ""ASC"", ""ASE"", ""ASO"", ""BRA"", ""CAN"", ""CHL"", ""CHN"", ""ENE"", ""ENW"", ""EUE"", ""EUM"", ""EUW"", ""IDN"", ""IND"", ""JPN"", ""LAM"", ""MDA"", ""MEA"", ""MEX"", ""NIG"", ""RUS"", ""SKT"", ""USA""]",Production change from no CE,,,100.0,2183.3546196545976,Mt/yr,2186.929691103253,Mt/yr,highce_eu,3.0,future,H–EU,-100.0,baseline_noce,2050.0,,,,,,
baseline_medce_gbl,NDC+LTT,"Medium CE, EU + partners",e,Global,Iron and steel,Total,2050,2124.1524894719405,Mt/yr,context,"[""Production|Iron and Steel|Primary"", ""Production|Iron and Steel|Secondary""]",fig05_material_production,,,,,,"[""AFE"", ""AFN"", ""AFW"", ""AFZ"", ""ANZ"", ""ASC"", ""ASE"", ""ASO"", ""BRA"", ""CAN"", ""CHL"", ""CHN"", ""ENE"", ""ENW"", ""EUE"", ""EUM"", ""EUW"", ""IDN"", ""IND"", ""JPN"", ""LAM"", ""MDA"", ""MEA"", ""MEX"", ""NIG"", ""RUS"", ""SKT"", ""USA""]",Material production,,,1.0,2124.1524894719405,Mt/yr,,,medce_gbl,4.0,future,M–EU+,0.0,,,,,,,,
baseline_medce_gbl,NDC+LTT,"Medium CE, EU + partners",e,Global,Iron and steel,Primary,2050,1045.9689685715605,Mt/yr,plotted,"[""Production|Iron and Steel|Primary""]",fig05_material_production,,,,,,"[""AFE"", ""AFN"", ""AFW"", ""AFZ"", ""ANZ"", ""ASC"", ""ASE"", ""ASO"", ""BRA"", ""CAN"", ""CHL"", ""CHN"", ""ENE"", ""ENW"", ""EUE"", ""EUM"", ""EUW"", ""IDN"", ""IND"", ""JPN"", ""LAM"", ""MDA"", ""MEA"", ""MEX"", ""NIG"", ""RUS"", ""SKT"", ""USA""]",Material production,,,1.0,1045.9689685715605,Mt/yr,,,medce_gbl,4.0,future,M–EU+,0.0,,,,,,,,
baseline_medce_gbl,NDC+LTT,"Medium CE, EU + partners",e,Global,Iron and steel,Secondary,2050,1078.1835209003798,Mt/yr,plotted,"[""Production|Iron and Steel|Secondary""]",fig05_material_production,,,,,,"[""AFE"", ""AFN"", ""AFW"", ""AFZ"", ""ANZ"", ""ASC"", ""ASE"", ""ASO"", ""BRA"", ""CAN"", ""CHL"", ""CHN"", ""ENE"", ""ENW"", ""EUE"", ""EUM"", ""EUW"", ""IDN"", ""IND"", ""JPN"", ""LAM"", ""MDA"", ""MEA"", ""MEX"", ""NIG"", ""RUS"", ""SKT"", ""USA""]",Material production,,,1.0,1078.1835209003798,Mt/yr,,,medce_gbl,4.0,future,M–EU+,0.0,,,,,,,,
baseline_medce_gbl,NDC+LTT,"Medium CE, EU + partners",e,Global,Iron and steel,Secondary,2050,50.75829189496719,%,context,"[""Production|Iron and Steel|Primary"", ""Production|Iron and Steel|Secondary""]",fig05_material_production,,,,,,"[""AFE"", ""AFN"", ""AFW"", ""AFZ"", ""ANZ"", ""ASC"", ""ASE"", ""ASO"", ""BRA"", ""CAN"", ""CHL"", ""CHN"", ""ENE"", ""ENW"", ""EUE"", ""EUM"", ""EUW"", ""IDN"", ""IND"", ""JPN"", ""LAM"", ""MDA"", ""MEA"", ""MEX"", ""NIG"", ""RUS"", ""SKT"", ""USA""]",Secondary production share,,,100.0,1078.1835209003798,Mt/yr,2124.1524894719405,Mt/yr,medce_gbl,4.0,future,M–EU+,0.0,baseline_medce_gbl,2050.0,,,,,,
baseline_medce_gbl,NDC+LTT,"Medium CE, EU + partners",e,Global,Iron and steel,Total,2050,-2.870563323855322,%,context,"[""Production|Iron and Steel|Primary"", ""Production|Iron and Steel|Secondary""]",fig05_material_production,,,,,,"[""AFE"", ""AFN"", ""AFW"", ""AFZ"", ""ANZ"", ""ASC"", ""ASE"", ""ASO"", ""BRA"", ""CAN"", ""CHL"", ""CHN"", ""ENE"", ""ENW"", ""EUE"", ""EUM"", ""EUW"", ""IDN"", ""IND"", ""JPN"", ""LAM"", ""MDA"", ""MEA"", ""MEX"", ""NIG"", ""RUS"", ""SKT"", ""USA""]",Production change from no CE,,,100.0,2124.1524894719405,Mt/yr,2186.929691103253,Mt/yr,medce_gbl,4.0,future,M–EU+,-100.0,baseline_noce,2050.0,,,,,,
baseline_highce_gbl,NDC+LTT,"High CE, EU + partners",e,Global,Iron and steel,Total,2050,2095.1975670216607,Mt/yr,context,"[""Production|Iron and Steel|Primary"", ""Production|Iron and Steel|Secondary""]",fig05_material_production,,,,,,"[""AFE"", ""AFN"", ""AFW"", ""AFZ"", ""ANZ"", ""ASC"", ""ASE"", ""ASO"", ""BRA"", ""CAN"", ""CHL"", ""CHN"", ""ENE"", ""ENW"", ""EUE"", ""EUM"", ""EUW"", ""IDN"", ""IND"", ""JPN"", ""LAM"", ""MDA"", ""MEA"", ""MEX"", ""NIG"", ""RUS"", ""SKT"", ""USA""]",Material production,,,1.0,2095.1975670216607,Mt/yr,,,highce_gbl,5.0,future,H–EU+,0.0,,,,,,,,
baseline_highce_gbl,NDC+LTT,"High CE, EU + partners",e,Global,Iron and steel,Primary,2050,781.125238175271,Mt/yr,plotted,"[""Production|Iron and Steel|Primary""]",fig05_material_production,,,,,,"[""AFE"", ""AFN"", ""AFW"", ""AFZ"", ""ANZ"", ""ASC"", ""ASE"", ""ASO"", ""BRA"", ""CAN"", ""CHL"", ""CHN"", ""ENE"", ""ENW"", ""EUE"", ""EUM"", ""EUW"", ""IDN"", ""IND"", ""JPN"", ""LAM"", ""MDA"", ""MEA"", ""MEX"", ""NIG"", ""RUS"", ""SKT"", ""USA""]",Material production,,,1.0,781.125238175271,Mt/yr,,,highce_gbl,5.0,future,H–EU+,0.0,,,,,,,,
baseline_highce_gbl,NDC+LTT,"High CE, EU + partners",e,Global,Iron and steel,Secondary,2050,1314.0723288463896,Mt/yr,plotted,"[""Production|Iron and Steel|Secondary""]",fig05_material_production,,,,,,"[""AFE"", ""AFN"", ""AFW"", ""AFZ"", ""ANZ"", ""ASC"", ""ASE"", ""ASO"", ""BRA"", ""CAN"", ""CHL"", ""CHN"", ""ENE"", ""ENW"", ""EUE"", ""EUM"", ""EUW"", ""IDN"", ""IND"", ""JPN"", ""LAM"", ""MDA"", ""MEA"", ""MEX"", ""NIG"", ""RUS"", ""SKT"", ""USA""]",Material production,,,1.0,1314.0723288463896,Mt/yr,,,highce_gbl,5.0,future,H–EU+,0.0,,,,,,,,
baseline_highce_gbl,NDC+LTT,"High CE, EU + partners",e,Global,Iron and steel,Secondary,2050,62.71830158309861,%,context,"[""Production|Iron and Steel|Primary"", ""Production|Iron and Steel|Secondary""]",fig05_material_production,,,,,,"[""AFE"", ""AFN"", ""AFW"", ""AFZ"", ""ANZ"", ""ASC"", ""ASE"", ""ASO"", ""BRA"", ""CAN"", ""CHL"", ""CHN"", ""ENE"", ""ENW"", ""EUE"", ""EUM"", ""EUW"", ""IDN"", ""IND"", ""JPN"", ""LAM"", ""MDA"", ""MEA"", ""MEX"", ""NIG"", ""RUS"", ""SKT"", ""USA""]",Secondary production share,,,100.0,1314.0723288463896,Mt/yr,2095.1975670216607,Mt/yr,highce_gbl,5.0,future,H–EU+,0.0,baseline_highce_gbl,2050.0,,,,,,
baseline_highce_gbl,NDC+LTT,"High CE, EU + partners",e,Global,Iron and steel,Total,2050,-4.194562104797967,%,context,"[""Production|Iron and Steel|Primary"", ""Production|Iron and Steel|Secondary""]",fig05_material_production,,,,,,"[""AFE"", ""AFN"", ""AFW"", ""AFZ"", ""ANZ"", ""ASC"", ""ASE"", ""ASO"", ""BRA"", ""CAN"", ""CHL"", ""CHN"", ""ENE"", ""ENW"", ""EUE"", ""EUM"", ""EUW"", ""IDN"", ""IND"", ""JPN"", ""LAM"", ""MDA"", ""MEA"", ""MEX"", ""NIG"", ""RUS"", ""SKT"", ""USA""]",Production change from no CE,,,100.0,2095.1975670216607,Mt/yr,2186.929691103253,Mt/yr,highce_gbl,5.0,future,H–EU+,-100.0,baseline_noce,2050.0,,,,,,
baseline_noce,NDC+LTT,No CE,f,Global,Aluminium,Total,2019,94.49997372278058,Mt/yr,context,"[""Production|Non-Ferrous Metals|Aluminum|Primary"", ""Production|Non-Ferrous Metals|Aluminum|Secondary""]",fig05_material_production,,,,,,"[""AFE"", ""AFN"", ""AFW"", ""AFZ"", ""ANZ"", ""ASC"", ""ASE"", ""ASO"", ""BRA"", ""CAN"", ""CHL"", ""CHN"", ""ENE"", ""ENW"", ""EUE"", ""EUM"", ""EUW"", ""IDN"", ""IND"", ""JPN"", ""LAM"", ""MDA"", ""MEA"", ""MEX"", ""NIG"", ""RUS"", ""SKT"", ""USA""]",Material production,,,1.0,94.49997372278058,Mt/yr,,,noce,0.0,historical,2019,0.0,,,,,,,,
baseline_noce,NDC+LTT,No CE,f,Global,Aluminium,Primary,2019,62.749973727086626,Mt/yr,plotted,"[""Production|Non-Ferrous Metals|Aluminum|Primary""]",fig05_material_production,,,,,,"[""AFE"", ""AFN"", ""AFW"", ""AFZ"", ""ANZ"", ""ASC"", ""ASE"", ""ASO"", ""BRA"", ""CAN"", ""CHL"", ""CHN"", ""ENE"", ""ENW"", ""EUE"", ""EUM"", ""EUW"", ""IDN"", ""IND"", ""JPN"", ""LAM"", ""MDA"", ""MEA"", ""MEX"", ""NIG"", ""RUS"", ""SKT"", ""USA""]",Material production,,,1.0,62.749973727086626,Mt/yr,,,noce,0.0,historical,2019,0.0,,,,,,,,
baseline_noce,NDC+LTT,No CE,f,Global,Aluminium,Secondary,2019,31.74999999569395,Mt/yr,plotted,"[""Production|Non-Ferrous Metals|Aluminum|Secondary""]",fig05_material_production,,,,,,"[""AFE"", ""AFN"", ""AFW"", ""AFZ"", ""ANZ"", ""ASC"", ""ASE"", ""ASO"", ""BRA"", ""CAN"", ""CHL"", ""CHN"", ""ENE"", ""ENW"", ""EUE"", ""EUM"", ""EUW"", ""IDN"", ""IND"", ""JPN"", ""LAM"", ""MDA"", ""MEA"", ""MEX"", ""NIG"", ""RUS"", ""SKT"", ""USA""]",Material production,,,1.0,31.74999999569395,Mt/yr,,,noce,0.0,historical,2019,0.0,,,,,,,,
baseline_noce,NDC+LTT,No CE,f,Global,Aluminium,Secondary,2019,33.59789293575238,%,context,"[""Production|Non-Ferrous Metals|Aluminum|Primary"", ""Production|Non-Ferrous Metals|Aluminum|Secondary""]",fig05_material_production,,,,,,"[""AFE"", ""AFN"", ""AFW"", ""AFZ"", ""ANZ"", ""ASC"", ""ASE"", ""ASO"", ""BRA"", ""CAN"", ""CHL"", ""CHN"", ""ENE"", ""ENW"", ""EUE"", ""EUM"", ""EUW"", ""IDN"", ""IND"", ""JPN"", ""LAM"", ""MDA"", ""MEA"", ""MEX"", ""NIG"", ""RUS"", ""SKT"", ""USA""]",Secondary production share,,,100.0,31.74999999569395,Mt/yr,94.49997372278058,Mt/yr,noce,0.0,historical,2019,0.0,baseline_noce,2019.0,,,,,,
baseline_noce,NDC+LTT,No CE,f,Global,Aluminium,Total,2050,133.01408676120656,Mt/yr,context,"[""Production|Non-Ferrous Metals|Aluminum|Primary"", ""Production|Non-Ferrous Metals|Aluminum|Secondary""]",fig05_material_production,,,,,,"[""AFE"", ""AFN"", ""AFW"", ""AFZ"", ""ANZ"", ""ASC"", ""ASE"", ""ASO"", ""BRA"", ""CAN"", ""CHL"", ""CHN"", ""ENE"", ""ENW"", ""EUE"", ""EUM"", ""EUW"", ""IDN"", ""IND"", ""JPN"", ""LAM"", ""MDA"", ""MEA"", ""MEX"", ""NIG"", ""RUS"", ""SKT"", ""USA""]",Material production,,,1.0,133.01408676120656,Mt/yr,,,noce,1.0,future,No CE,0.0,,,,,,,,
baseline_noce,NDC+LTT,No CE,f,Global,Aluminium,Primary,2050,68.45857888402483,Mt/yr,plotted,"[""Production|Non-Ferrous Metals|Aluminum|Primary""]",fig05_material_production,,,,,,"[""AFE"", ""AFN"", ""AFW"", ""AFZ"", ""ANZ"", ""ASC"", ""ASE"", ""ASO"", ""BRA"", ""CAN"", ""CHL"", ""CHN"", ""ENE"", ""ENW"", ""EUE"", ""EUM"", ""EUW"", ""IDN"", ""IND"", ""JPN"", ""LAM"", ""MDA"", ""MEA"", ""MEX"", ""NIG"", ""RUS"", ""SKT"", ""USA""]",Material production,,,1.0,68.45857888402483,Mt/yr,,,noce,1.0,future,No CE,0.0,,,,,,,,
baseline_noce,NDC+LTT,No CE,f,Global,Aluminium,Secondary,2050,64.55550787718173,Mt/yr,plotted,"[""Production|Non-Ferrous Metals|Aluminum|Secondary""]",fig05_material_production,,,,,,"[""AFE"", ""AFN"", ""AFW"", ""AFZ"", ""ANZ"", ""ASC"", ""ASE"", ""ASO"", ""BRA"", ""CAN"", ""CHL"", ""CHN"", ""ENE"", ""ENW"", ""EUE"", ""EUM"", ""EUW"", ""IDN"", ""IND"", ""JPN"", ""LAM"", ""MDA"", ""MEA"", ""MEX"", ""NIG"", ""RUS"", ""SKT"", ""USA""]",Material production,,,1.0,64.55550787718173,Mt/yr,,,noce,1.0,future,No CE,0.0,,,,,,,,
baseline_noce,NDC+LTT,No CE,f,Global,Aluminium,Secondary,2050,48.53283546807712,%,context,"[""Production|Non-Ferrous Metals|Aluminum|Primary"", ""Production|Non-Ferrous Metals|Aluminum|Secondary""]",fig05_material_production,,,,,,"[""AFE"", ""AFN"", ""AFW"", ""AFZ"", ""ANZ"", ""ASC"", ""ASE"", ""ASO"", ""BRA"", ""CAN"", ""CHL"", ""CHN"", ""ENE"", ""ENW"", ""EUE"", ""EUM"", ""EUW"", ""IDN"", ""IND"", ""JPN"", ""LAM"", ""MDA"", ""MEA"", ""MEX"", ""NIG"", ""RUS"", ""SKT"", ""USA""]",Secondary production share,,,100.0,64.55550787718173,Mt/yr,133.01408676120656,Mt/yr,noce,1.0,future,No CE,0.0,baseline_noce,2050.0,,,,,,
baseline_noce,NDC+LTT,No CE,f,Global,Aluminium,Total,2050,0.0,%,context,"[""Production|Non-Ferrous Metals|Aluminum|Primary"", ""Production|Non-Ferrous Metals|Aluminum|Secondary""]",fig05_material_production,,,,,,"[""AFE"", ""AFN"", ""AFW"", ""AFZ"", ""ANZ"", ""ASC"", ""ASE"", ""ASO"", ""BRA"", ""CAN"", ""CHL"", ""CHN"", ""ENE"", ""ENW"", ""EUE"", ""EUM"", ""EUW"", ""IDN"", ""IND"", ""JPN"", ""LAM"", ""MDA"", ""MEA"", ""MEX"", ""NIG"", ""RUS"", ""SKT"", ""USA""]",Production change from no CE,,,100.0,133.01408676120656,Mt/yr,133.01408676120656,Mt/yr,noce,1.0,future,No CE,-100.0,baseline_noce,2050.0,,,,,,
baseline_medce_eu,NDC+LTT,"Medium CE, EU",f,Global,Aluminium,Total,2050,131.7829467643458,Mt/yr,context,"[""Production|Non-Ferrous Metals|Aluminum|Primary"", ""Production|Non-Ferrous Metals|Aluminum|Secondary""]",fig05_material_production,,,,,,"[""AFE"", ""AFN"", ""AFW"", ""AFZ"", ""ANZ"", ""ASC"", ""ASE"", ""ASO"", ""BRA"", ""CAN"", ""CHL"", ""CHN"", ""ENE"", ""ENW"", ""EUE"", ""EUM"", ""EUW"", ""IDN"", ""IND"", ""JPN"", ""LAM"", ""MDA"", ""MEA"", ""MEX"", ""NIG"", ""RUS"", ""SKT"", ""USA""]",Material production,,,1.0,131.7829467643458,Mt/yr,,,medce_eu,2.0,future,M–EU,0.0,,,,,,,,
baseline_medce_eu,NDC+LTT,"Medium CE, EU",f,Global,Aluminium,Primary,2050,66.91987726060664,Mt/yr,plotted,"[""Production|Non-Ferrous Metals|Aluminum|Primary""]",fig05_material_production,,,,,,"[""AFE"", ""AFN"", ""AFW"", ""AFZ"", ""ANZ"", ""ASC"", ""ASE"", ""ASO"", ""BRA"", ""CAN"", ""CHL"", ""CHN"", ""ENE"", ""ENW"", ""EUE"", ""EUM"", ""EUW"", ""IDN"", ""IND"", ""JPN"", ""LAM"", ""MDA"", ""MEA"", ""MEX"", ""NIG"", ""RUS"", ""SKT"", ""USA""]",Material production,,,1.0,66.91987726060664,Mt/yr,,,medce_eu,2.0,future,M–EU,0.0,,,,,,,,
baseline_medce_eu,NDC+LTT,"Medium CE, EU",f,Global,Aluminium,Secondary,2050,64.86306950373917,Mt/yr,plotted,"[""Production|Non-Ferrous Metals|Aluminum|Secondary""]",fig05_material_production,,,,,,"[""AFE"", ""AFN"", ""AFW"", ""AFZ"", ""ANZ"", ""ASC"", ""ASE"", ""ASO"", ""BRA"", ""CAN"", ""CHL"", ""CHN"", ""ENE"", ""ENW"", ""EUE"", ""EUM"", ""EUW"", ""IDN"", ""IND"", ""JPN"", ""LAM"", ""MDA"", ""MEA"", ""MEX"", ""NIG"", ""RUS"", ""SKT"", ""USA""]",Material production,,,1.0,64.86306950373917,Mt/yr,,,medce_eu,2.0,future,M–EU,0.0,,,,,,,,
baseline_medce_eu,NDC+LTT,"Medium CE, EU",f,Global,Aluminium,Secondary,2050,49.219622945393134,%,context,"[""Production|Non-Ferrous Metals|Aluminum|Primary"", ""Production|Non-Ferrous Metals|Aluminum|Secondary""]",fig05_material_production,,,,,,"[""AFE"", ""AFN"", ""AFW"", ""AFZ"", ""ANZ"", ""ASC"", ""ASE"", ""ASO"", ""BRA"", ""CAN"", ""CHL"", ""CHN"", ""ENE"", ""ENW"", ""EUE"", ""EUM"", ""EUW"", ""IDN"", ""IND"", ""JPN"", ""LAM"", ""MDA"", ""MEA"", ""MEX"", ""NIG"", ""RUS"", ""SKT"", ""USA""]",Secondary production share,,,100.0,64.86306950373917,Mt/yr,131.7829467643458,Mt/yr,medce_eu,2.0,future,M–EU,0.0,baseline_medce_eu,2050.0,,,,,,
baseline_medce_eu,NDC+LTT,"Medium CE, EU",f,Global,Aluminium,Total,2050,-0.9255711382441376,%,context,"[""Production|Non-Ferrous Metals|Aluminum|Primary"", ""Production|Non-Ferrous Metals|Aluminum|Secondary""]",fig05_material_production,,,,,,"[""AFE"", ""AFN"", ""AFW"", ""AFZ"", ""ANZ"", ""ASC"", ""ASE"", ""ASO"", ""BRA"", ""CAN"", ""CHL"", ""CHN"", ""ENE"", ""ENW"", ""EUE"", ""EUM"", ""EUW"", ""IDN"", ""IND"", ""JPN"", ""LAM"", ""MDA"", ""MEA"", ""MEX"", ""NIG"", ""RUS"", ""SKT"", ""USA""]",Production change from no CE,,,100.0,131.7829467643458,Mt/yr,133.01408676120656,Mt/yr,medce_eu,2.0,future,M–EU,-100.0,baseline_noce,2050.0,,,,,,
baseline_highce_eu,NDC+LTT,"High CE, EU",f,Global,Aluminium,Total,2050,131.0235267868248,Mt/yr,context,"[""Production|Non-Ferrous Metals|Aluminum|Primary"", ""Production|Non-Ferrous Metals|Aluminum|Secondary""]",fig05_material_production,,,,,,"[""AFE"", ""AFN"", ""AFW"", ""AFZ"", ""ANZ"", ""ASC"", ""ASE"", ""ASO"", ""BRA"", ""CAN"", ""CHL"", ""CHN"", ""ENE"", ""ENW"", ""EUE"", ""EUM"", ""EUW"", ""IDN"", ""IND"", ""JPN"", ""LAM"", ""MDA"", ""MEA"", ""MEX"", ""NIG"", ""RUS"", ""SKT"", ""USA""]",Material production,,,1.0,131.0235267868248,Mt/yr,,,highce_eu,3.0,future,H–EU,0.0,,,,,,,,
baseline_highce_eu,NDC+LTT,"High CE, EU",f,Global,Aluminium,Primary,2050,65.60035267542978,Mt/yr,plotted,"[""Production|Non-Ferrous Metals|Aluminum|Primary""]",fig05_material_production,,,,,,"[""AFE"", ""AFN"", ""AFW"", ""AFZ"", ""ANZ"", ""ASC"", ""ASE"", ""ASO"", ""BRA"", ""CAN"", ""CHL"", ""CHN"", ""ENE"", ""ENW"", ""EUE"", ""EUM"", ""EUW"", ""IDN"", ""IND"", ""JPN"", ""LAM"", ""MDA"", ""MEA"", ""MEX"", ""NIG"", ""RUS"", ""SKT"", ""USA""]",Material production,,,1.0,65.60035267542978,Mt/yr,,,highce_eu,3.0,future,H–EU,0.0,,,,,,,,
baseline_highce_eu,NDC+LTT,"High CE, EU",f,Global,Aluminium,Secondary,2050,65.423174111395,Mt/yr,plotted,"[""Production|Non-Ferrous Metals|Aluminum|Secondary""]",fig05_material_production,,,,,,"[""AFE"", ""AFN"", ""AFW"", ""AFZ"", ""ANZ"", ""ASC"", ""ASE"", ""ASO"", ""BRA"", ""CAN"", ""CHL"", ""CHN"", ""ENE"", ""ENW"", ""EUE"", ""EUM"", ""EUW"", ""IDN"", ""IND"", ""JPN"", ""LAM"", ""MDA"", ""MEA"", ""MEX"", ""NIG"", ""RUS"", ""SKT"", ""USA""]",Material production,,,1.0,65.423174111395,Mt/yr,,,highce_eu,3.0,future,H–EU,0.0,,,,,,,,
baseline_highce_eu,NDC+LTT,"High CE, EU",f,Global,Aluminium,Secondary,2050,49.932386736802215,%,context,"[""Production|Non-Ferrous Metals|Aluminum|Primary"", ""Production|Non-Ferrous Metals|Aluminum|Secondary""]",fig05_material_production,,,,,,"[""AFE"", ""AFN"", ""AFW"", ""AFZ"", ""ANZ"", ""ASC"", ""ASE"", ""ASO"", ""BRA"", ""CAN"", ""CHL"", ""CHN"", ""ENE"", ""ENW"", ""EUE"", ""EUM"", ""EUW"", ""IDN"", ""IND"", ""JPN"", ""LAM"", ""MDA"", ""MEA"", ""MEX"", ""NIG"", ""RUS"", ""SKT"", ""USA""]",Secondary production share,,,100.0,65.423174111395,Mt/yr,131.0235267868248,Mt/yr,highce_eu,3.0,future,H–EU,0.0,baseline_highce_eu,2050.0,,,,,,
baseline_highce_eu,NDC+LTT,"High CE, EU",f,Global,Aluminium,Total,2050,-1.496503131999333,%,context,"[""Production|Non-Ferrous Metals|Aluminum|Primary"", ""Production|Non-Ferrous Metals|Aluminum|Secondary""]",fig05_material_production,,,,,,"[""AFE"", ""AFN"", ""AFW"", ""AFZ"", ""ANZ"", ""ASC"", ""ASE"", ""ASO"", ""BRA"", ""CAN"", ""CHL"", ""CHN"", ""ENE"", ""ENW"", ""EUE"", ""EUM"", ""EUW"", ""IDN"", ""IND"", ""JPN"", ""LAM"", ""MDA"", ""MEA"", ""MEX"", ""NIG"", ""RUS"", ""SKT"", ""USA""]",Production change from no CE,,,100.0,131.0235267868248,Mt/yr,133.01408676120656,Mt/yr,highce_eu,3.0,future,H–EU,-100.0,baseline_noce,2050.0,,,,,,
baseline_medce_gbl,NDC+LTT,"Medium CE, EU + partners",f,Global,Aluminium,Total,2050,121.67389276978787,Mt/yr,context,"[""Production|Non-Ferrous Metals|Aluminum|Primary"", ""Production|Non-Ferrous Metals|Aluminum|Secondary""]",fig05_material_production,,,,,,"[""AFE"", ""AFN"", ""AFW"", ""AFZ"", ""ANZ"", ""ASC"", ""ASE"", ""ASO"", ""BRA"", ""CAN"", ""CHL"", ""CHN"", ""ENE"", ""ENW"", ""EUE"", ""EUM"", ""EUW"", ""IDN"", ""IND"", ""JPN"", ""LAM"", ""MDA"", ""MEA"", ""MEX"", ""NIG"", ""RUS"", ""SKT"", ""USA""]",Material production,,,1.0,121.67389276978787,Mt/yr,,,medce_gbl,4.0,future,M–EU+,0.0,,,,,,,,
baseline_medce_gbl,NDC+LTT,"Medium CE, EU + partners",f,Global,Aluminium,Primary,2050,54.269379130792395,Mt/yr,plotted,"[""Production|Non-Ferrous Metals|Aluminum|Primary""]",fig05_material_production,,,,,,"[""AFE"", ""AFN"", ""AFW"", ""AFZ"", ""ANZ"", ""ASC"", ""ASE"", ""ASO"", ""BRA"", ""CAN"", ""CHL"", ""CHN"", ""ENE"", ""ENW"", ""EUE"", ""EUM"", ""EUW"", ""IDN"", ""IND"", ""JPN"", ""LAM"", ""MDA"", ""MEA"", ""MEX"", ""NIG"", ""RUS"", ""SKT"", ""USA""]",Material production,,,1.0,54.269379130792395,Mt/yr,,,medce_gbl,4.0,future,M–EU+,0.0,,,,,,,,
baseline_medce_gbl,NDC+LTT,"Medium CE, EU + partners",f,Global,Aluminium,Secondary,2050,67.40451363899548,Mt/yr,plotted,"[""Production|Non-Ferrous Metals|Aluminum|Secondary""]",fig05_material_production,,,,,,"[""AFE"", ""AFN"", ""AFW"", ""AFZ"", ""ANZ"", ""ASC"", ""ASE"", ""ASO"", ""BRA"", ""CAN"", ""CHL"", ""CHN"", ""ENE"", ""ENW"", ""EUE"", ""EUM"", ""EUW"", ""IDN"", ""IND"", ""JPN"", ""LAM"", ""MDA"", ""MEA"", ""MEX"", ""NIG"", ""RUS"", ""SKT"", ""USA""]",Material production,,,1.0,67.40451363899548,Mt/yr,,,medce_gbl,4.0,future,M–EU+,0.0,,,,,,,,
baseline_medce_gbl,NDC+LTT,"Medium CE, EU + partners",f,Global,Aluminium,Secondary,2050,55.39767990042668,%,context,"[""Production|Non-Ferrous Metals|Aluminum|Primary"", ""Production|Non-Ferrous Metals|Aluminum|Secondary""]",fig05_material_production,,,,,,"[""AFE"", ""AFN"", ""AFW"", ""AFZ"", ""ANZ"", ""ASC"", ""ASE"", ""ASO"", ""BRA"", ""CAN"", ""CHL"", ""CHN"", ""ENE"", ""ENW"", ""EUE"", ""EUM"", ""EUW"", ""IDN"", ""IND"", ""JPN"", ""LAM"", ""MDA"", ""MEA"", ""MEX"", ""NIG"", ""RUS"", ""SKT"", ""USA""]",Secondary production share,,,100.0,67.40451363899548,Mt/yr,121.67389276978787,Mt/yr,medce_gbl,4.0,future,M–EU+,0.0,baseline_medce_gbl,2050.0,,,,,,
baseline_medce_gbl,NDC+LTT,"Medium CE, EU + partners",f,Global,Aluminium,Total,2050,-8.5255586588939,%,context,"[""Production|Non-Ferrous Metals|Aluminum|Primary"", ""Production|Non-Ferrous Metals|Aluminum|Secondary""]",fig05_material_production,,,,,,"[""AFE"", ""AFN"", ""AFW"", ""AFZ"", ""ANZ"", ""ASC"", ""ASE"", ""ASO"", ""BRA"", ""CAN"", ""CHL"", ""CHN"", ""ENE"", ""ENW"", ""EUE"", ""EUM"", ""EUW"", ""IDN"", ""IND"", ""JPN"", ""LAM"", ""MDA"", ""MEA"", ""MEX"", ""NIG"", ""RUS"", ""SKT"", ""USA""]",Production change from no CE,,,100.0,121.67389276978787,Mt/yr,133.01408676120656,Mt/yr,medce_gbl,4.0,future,M–EU+,-100.0,baseline_noce,2050.0,,,,,,
baseline_highce_gbl,NDC+LTT,"High CE, EU + partners",f,Global,Aluminium,Total,2050,114.65899376867615,Mt/yr,context,"[""Production|Non-Ferrous Metals|Aluminum|Primary"", ""Production|Non-Ferrous Metals|Aluminum|Secondary""]",fig05_material_production,,,,,,"[""AFE"", ""AFN"", ""AFW"", ""AFZ"", ""ANZ"", ""ASC"", ""ASE"", ""ASO"", ""BRA"", ""CAN"", ""CHL"", ""CHN"", ""ENE"", ""ENW"", ""EUE"", ""EUM"", ""EUW"", ""IDN"", ""IND"", ""JPN"", ""LAM"", ""MDA"", ""MEA"", ""MEX"", ""NIG"", ""RUS"", ""SKT"", ""USA""]",Material production,,,1.0,114.65899376867615,Mt/yr,,,highce_gbl,5.0,future,H–EU+,0.0,,,,,,,,
baseline_highce_gbl,NDC+LTT,"High CE, EU + partners",f,Global,Aluminium,Primary,2050,42.08962112744827,Mt/yr,plotted,"[""Production|Non-Ferrous Metals|Aluminum|Primary""]",fig05_material_production,,,,,,"[""AFE"", ""AFN"", ""AFW"", ""AFZ"", ""ANZ"", ""ASC"", ""ASE"", ""ASO"", ""BRA"", ""CAN"", ""CHL"", ""CHN"", ""ENE"", ""ENW"", ""EUE"", ""EUM"", ""EUW"", ""IDN"", ""IND"", ""JPN"", ""LAM"", ""MDA"", ""MEA"", ""MEX"", ""NIG"", ""RUS"", ""SKT"", ""USA""]",Material production,,,1.0,42.08962112744827,Mt/yr,,,highce_gbl,5.0,future,H–EU+,0.0,,,,,,,,
baseline_highce_gbl,NDC+LTT,"High CE, EU + partners",f,Global,Aluminium,Secondary,2050,72.56937264122789,Mt/yr,plotted,"[""Production|Non-Ferrous Metals|Aluminum|Secondary""]",fig05_material_production,,,,,,"[""AFE"", ""AFN"", ""AFW"", ""AFZ"", ""ANZ"", ""ASC"", ""ASE"", ""ASO"", ""BRA"", ""CAN"", ""CHL"", ""CHN"", ""ENE"", ""ENW"", ""EUE"", ""EUM"", ""EUW"", ""IDN"", ""IND"", ""JPN"", ""LAM"", ""MDA"", ""MEA"", ""MEX"", ""NIG"", ""RUS"", ""SKT"", ""USA""]",Material production,,,1.0,72.56937264122789,Mt/yr,,,highce_gbl,5.0,future,H–EU+,0.0,,,,,,,,
baseline_highce_gbl,NDC+LTT,"High CE, EU + partners",f,Global,Aluminium,Secondary,2050,63.29147871961633,%,context,"[""Production|Non-Ferrous Metals|Aluminum|Primary"", ""Production|Non-Ferrous Metals|Aluminum|Secondary""]",fig05_material_production,,,,,,"[""AFE"", ""AFN"", ""AFW"", ""AFZ"", ""ANZ"", ""ASC"", ""ASE"", ""ASO"", ""BRA"", ""CAN"", ""CHL"", ""CHN"", ""ENE"", ""ENW"", ""EUE"", ""EUM"", ""EUW"", ""IDN"", ""IND"", ""JPN"", ""LAM"", ""MDA"", ""MEA"", ""MEX"", ""NIG"", ""RUS"", ""SKT"", ""USA""]",Secondary production share,,,100.0,72.56937264122789,Mt/yr,114.65899376867615,Mt/yr,highce_gbl,5.0,future,H–EU+,0.0,baseline_highce_gbl,2050.0,,,,,,
baseline_highce_gbl,NDC+LTT,"High CE, EU + partners",f,Global,Aluminium,Total,2050,-13.799360232786753,%,context,"[""Production|Non-Ferrous Metals|Aluminum|Primary"", ""Production|Non-Ferrous Metals|Aluminum|Secondary""]",fig05_material_production,,,,,,"[""AFE"", ""AFN"", ""AFW"", ""AFZ"", ""ANZ"", ""ASC"", ""ASE"", ""ASO"", ""BRA"", ""CAN"", ""CHL"", ""CHN"", ""ENE"", ""ENW"", ""EUE"", ""EUM"", ""EUW"", ""IDN"", ""IND"", ""JPN"", ""LAM"", ""MDA"", ""MEA"", ""MEX"", ""NIG"", ""RUS"", ""SKT"", ""USA""]",Production change from no CE,,,100.0,114.65899376867615,Mt/yr,133.01408676120656,Mt/yr,highce_gbl,5.0,future,H–EU+,-100.0,baseline_noce,2050.0,,,,,,
ndc_noce,NDC,No CE,a,Global,Cement,Electricity,2019,1.7112106174892017,EJ/yr,plotted,"[""Final Energy|Industry|Non-Metallic Minerals|Cement|Electricity""]",fig06_energy_mix,,,,,,"[""AFE"", ""AFN"", ""AFW"", ""AFZ"", ""ANZ"", ""ASC"", ""ASE"", ""ASO"", ""BRA"", ""CAN"", ""CHL"", ""CHN"", ""ENE"", ""ENW"", ""EUE"", ""EUM"", ""EUW"", ""IDN"", ""IND"", ""JPN"", ""LAM"", ""MDA"", ""MEA"", ""MEX"", ""NIG"", ""RUS"", ""SKT"", ""USA""]",Final energy,,,1.0,1.7112106174892017,EJ/yr,,,noce,0.0,historical,2019,0.0,,,,,,,,
ndc_noce,NDC,No CE,a,Global,Cement,Gases,2019,1.5175769436631676,EJ/yr,plotted,"[""Final Energy|Industry|Non-Metallic Minerals|Cement|Gases""]",fig06_energy_mix,,,,,,"[""AFE"", ""AFN"", ""AFW"", ""AFZ"", ""ANZ"", ""ASC"", ""ASE"", ""ASO"", ""BRA"", ""CAN"", ""CHL"", ""CHN"", ""ENE"", ""ENW"", ""EUE"", ""EUM"", ""EUW"", ""IDN"", ""IND"", ""JPN"", ""LAM"", ""MDA"", ""MEA"", ""MEX"", ""NIG"", ""RUS"", ""SKT"", ""USA""]",Final energy,,,1.0,1.5175769436631676,EJ/yr,,,noce,0.0,historical,2019,0.0,,,,,,,,
ndc_noce,NDC,No CE,a,Global,Cement,Liquids,2019,1.3209977760460607,EJ/yr,plotted,"[""Final Energy|Industry|Non-Metallic Minerals|Cement|Liquids""]",fig06_energy_mix,,,,,,"[""AFE"", ""AFN"", ""AFW"", ""AFZ"", ""ANZ"", ""ASC"", ""ASE"", ""ASO"", ""BRA"", ""CAN"", ""CHL"", ""CHN"", ""ENE"", ""ENW"", ""EUE"", ""EUM"", ""EUW"", ""IDN"", ""IND"", ""JPN"", ""LAM"", ""MDA"", ""MEA"", ""MEX"", ""NIG"", ""RUS"", ""SKT"", ""USA""]",Final energy,,,1.0,1.3209977760460607,EJ/yr,,,noce,0.0,historical,2019,0.0,,,,,,,,
ndc_noce,NDC,No CE,a,Global,Cement,Solids,2019,7.657858569560997,EJ/yr,plotted,"[""Final Energy|Industry|Non-Metallic Minerals|Cement|Solids""]",fig06_energy_mix,,,,,,"[""AFE"", ""AFN"", ""AFW"", ""AFZ"", ""ANZ"", ""ASC"", ""ASE"", ""ASO"", ""BRA"", ""CAN"", ""CHL"", ""CHN"", ""ENE"", ""ENW"", ""EUE"", ""EUM"", ""EUW"", ""IDN"", ""IND"", ""JPN"", ""LAM"", ""MDA"", ""MEA"", ""MEX"", ""NIG"", ""RUS"", ""SKT"", ""USA""]",Final energy,,,1.0,7.657858569560997,EJ/yr,,,noce,0.0,historical,2019,0.0,,,,,,,,
ndc_noce,NDC,No CE,a,Global,Cement,Total,2019,12.207643906759426,EJ/yr,context,"[""Final Energy|Industry|Non-Metallic Minerals|Cement|Electricity"", ""Final Energy|Industry|Non-Metallic Minerals|Cement|Gases"", ""Final Energy|Industry|Non-Metallic Minerals|Cement|Liquids"", ""Final Energy|Industry|Non-Metallic Minerals|Cement|Solids""]",fig06_energy_mix,,,,,,"[""AFE"", ""AFN"", ""AFW"", ""AFZ"", ""ANZ"", ""ASC"", ""ASE"", ""ASO"", ""BRA"", ""CAN"", ""CHL"", ""CHN"", ""ENE"", ""ENW"", ""EUE"", ""EUM"", ""EUW"", ""IDN"", ""IND"", ""JPN"", ""LAM"", ""MDA"", ""MEA"", ""MEX"", ""NIG"", ""RUS"", ""SKT"", ""USA""]",Final energy,,,1.0,12.207643906759426,EJ/yr,,,noce,0.0,historical,2019,0.0,,,,,,,,
ndc_noce,NDC,No CE,a,Global,Cement,Electricity,2050,2.171451779546254,EJ/yr,plotted,"[""Final Energy|Industry|Non-Metallic Minerals|Cement|Electricity""]",fig06_energy_mix,,,,,,"[""AFE"", ""AFN"", ""AFW"", ""AFZ"", ""ANZ"", ""ASC"", ""ASE"", ""ASO"", ""BRA"", ""CAN"", ""CHL"", ""CHN"", ""ENE"", ""ENW"", ""EUE"", ""EUM"", ""EUW"", ""IDN"", ""IND"", ""JPN"", ""LAM"", ""MDA"", ""MEA"", ""MEX"", ""NIG"", ""RUS"", ""SKT"", ""USA""]",Final energy,,,1.0,2.171451779546254,EJ/yr,,,noce,1.0,future,No CE,0.0,,,,,,,,
ndc_noce,NDC,No CE,a,Global,Cement,Gases,2050,1.2247294921766279,EJ/yr,plotted,"[""Final Energy|Industry|Non-Metallic Minerals|Cement|Gases""]",fig06_energy_mix,,,,,,"[""AFE"", ""AFN"", ""AFW"", ""AFZ"", ""ANZ"", ""ASC"", ""ASE"", ""ASO"", ""BRA"", ""CAN"", ""CHL"", ""CHN"", ""ENE"", ""ENW"", ""EUE"", ""EUM"", ""EUW"", ""IDN"", ""IND"", ""JPN"", ""LAM"", ""MDA"", ""MEA"", ""MEX"", ""NIG"", ""RUS"", ""SKT"", ""USA""]",Final energy,,,1.0,1.2247294921766279,EJ/yr,,,noce,1.0,future,No CE,0.0,,,,,,,,
ndc_noce,NDC,No CE,a,Global,Cement,Liquids,2050,0.8927975146341738,EJ/yr,plotted,"[""Final Energy|Industry|Non-Metallic Minerals|Cement|Liquids""]",fig06_energy_mix,,,,,,"[""AFE"", ""AFN"", ""AFW"", ""AFZ"", ""ANZ"", ""ASC"", ""ASE"", ""ASO"", ""BRA"", ""CAN"", ""CHL"", ""CHN"", ""ENE"", ""ENW"", ""EUE"", ""EUM"", ""EUW"", ""IDN"", ""IND"", ""JPN"", ""LAM"", ""MDA"", ""MEA"", ""MEX"", ""NIG"", ""RUS"", ""SKT"", ""USA""]",Final energy,,,1.0,0.8927975146341738,EJ/yr,,,noce,1.0,future,No CE,0.0,,,,,,,,
ndc_noce,NDC,No CE,a,Global,Cement,Solids,2050,5.890762860998873,EJ/yr,plotted,"[""Final Energy|Industry|Non-Metallic Minerals|Cement|Solids""]",fig06_energy_mix,,,,,,"[""AFE"", ""AFN"", ""AFW"", ""AFZ"", ""ANZ"", ""ASC"", ""ASE"", ""ASO"", ""BRA"", ""CAN"", ""CHL"", ""CHN"", ""ENE"", ""ENW"", ""EUE"", ""EUM"", ""EUW"", ""IDN"", ""IND"", ""JPN"", ""LAM"", ""MDA"", ""MEA"", ""MEX"", ""NIG"", ""RUS"", ""SKT"", ""USA""]",Final energy,,,1.0,5.890762860998873,EJ/yr,,,noce,1.0,future,No CE,0.0,,,,,,,,
ndc_noce,NDC,No CE,a,Global,Cement,Total,2050,10.179741647355929,EJ/yr,context,"[""Final Energy|Industry|Non-Metallic Minerals|Cement|Electricity"", ""Final Energy|Industry|Non-Metallic Minerals|Cement|Gases"", ""Final Energy|Industry|Non-Metallic Minerals|Cement|Liquids"", ""Final Energy|Industry|Non-Metallic Minerals|Cement|Solids""]",fig06_energy_mix,,,,,,"[""AFE"", ""AFN"", ""AFW"", ""AFZ"", ""ANZ"", ""ASC"", ""ASE"", ""ASO"", ""BRA"", ""CAN"", ""CHL"", ""CHN"", ""ENE"", ""ENW"", ""EUE"", ""EUM"", ""EUW"", ""IDN"", ""IND"", ""JPN"", ""LAM"", ""MDA"", ""MEA"", ""MEX"", ""NIG"", ""RUS"", ""SKT"", ""USA""]",Final energy,,,1.0,10.179741647355929,EJ/yr,,,noce,1.0,future,No CE,0.0,,,,,,,,
ndc_noce,NDC,No CE,a,Global,Cement,Total,2050,0.0,%,context,"[""Final Energy|Industry|Non-Metallic Minerals|Cement|Electricity"", ""Final Energy|Industry|Non-Metallic Minerals|Cement|Gases"", ""Final Energy|Industry|Non-Metallic Minerals|Cement|Liquids"", ""Final Energy|Industry|Non-Metallic Minerals|Cement|Solids""]",fig06_energy_mix,,,,,,"[""AFE"", ""AFN"", ""AFW"", ""AFZ"", ""ANZ"", ""ASC"", ""ASE"", ""ASO"", ""BRA"", ""CAN"", ""CHL"", ""CHN"", ""ENE"", ""ENW"", ""EUE"", ""EUM"", ""EUW"", ""IDN"", ""IND"", ""JPN"", ""LAM"", ""MDA"", ""MEA"", ""MEX"", ""NIG"", ""RUS"", ""SKT"", ""USA""]",Final energy change from no CE,,,100.0,10.179741647355929,EJ/yr,10.179741647355929,EJ/yr,noce,1.0,future,No CE,-100.0,ndc_noce,2050.0,,,,,,
ndc_medce_eu,NDC,"Medium CE, EU",a,Global,Cement,Electricity,2050,2.144461677000089,EJ/yr,plotted,"[""Final Energy|Industry|Non-Metallic Minerals|Cement|Electricity""]",fig06_energy_mix,,,,,,"[""AFE"", ""AFN"", ""AFW"", ""AFZ"", ""ANZ"", ""ASC"", ""ASE"", ""ASO"", ""BRA"", ""CAN"", ""CHL"", ""CHN"", ""ENE"", ""ENW"", ""EUE"", ""EUM"", ""EUW"", ""IDN"", ""IND"", ""JPN"", ""LAM"", ""MDA"", ""MEA"", ""MEX"", ""NIG"", ""RUS"", ""SKT"", ""USA""]",Final energy,,,1.0,2.144461677000089,EJ/yr,,,medce_eu,2.0,future,M–EU,0.0,,,,,,,,
ndc_medce_eu,NDC,"Medium CE, EU",a,Global,Cement,Gases,2050,1.1917325792532967,EJ/yr,plotted,"[""Final Energy|Industry|Non-Metallic Minerals|Cement|Gases""]",fig06_energy_mix,,,,,,"[""AFE"", ""AFN"", ""AFW"", ""AFZ"", ""ANZ"", ""ASC"", ""ASE"", ""ASO"", ""BRA"", ""CAN"", ""CHL"", ""CHN"", ""ENE"", ""ENW"", ""EUE"", ""EUM"", ""EUW"", ""IDN"", ""IND"", ""JPN"", ""LAM"", ""MDA"", ""MEA"", ""MEX"", ""NIG"", ""RUS"", ""SKT"", ""USA""]",Final energy,,,1.0,1.1917325792532967,EJ/yr,,,medce_eu,2.0,future,M–EU,0.0,,,,,,,,
ndc_medce_eu,NDC,"Medium CE, EU",a,Global,Cement,Liquids,2050,0.8789975489036136,EJ/yr,plotted,"[""Final Energy|Industry|Non-Metallic Minerals|Cement|Liquids""]",fig06_energy_mix,,,,,,"[""AFE"", ""AFN"", ""AFW"", ""AFZ"", ""ANZ"", ""ASC"", ""ASE"", ""ASO"", ""BRA"", ""CAN"", ""CHL"", ""CHN"", ""ENE"", ""ENW"", ""EUE"", ""EUM"", ""EUW"", ""IDN"", ""IND"", ""JPN"", ""LAM"", ""MDA"", ""MEA"", ""MEX"", ""NIG"", ""RUS"", ""SKT"", ""USA""]",Final energy,,,1.0,0.8789975489036136,EJ/yr,,,medce_eu,2.0,future,M–EU,0.0,,,,,,,,
ndc_medce_eu,NDC,"Medium CE, EU",a,Global,Cement,Solids,2050,5.815400286278116,EJ/yr,plotted,"[""Final Energy|Industry|Non-Metallic Minerals|Cement|Solids""]",fig06_energy_mix,,,,,,"[""AFE"", ""AFN"", ""AFW"", ""AFZ"", ""ANZ"", ""ASC"", ""ASE"", ""ASO"", ""BRA"", ""CAN"", ""CHL"", ""CHN"", ""ENE"", ""ENW"", ""EUE"", ""EUM"", ""EUW"", ""IDN"", ""IND"", ""JPN"", ""LAM"", ""MDA"", ""MEA"", ""MEX"", ""NIG"", ""RUS"", ""SKT"", ""USA""]",Final energy,,,1.0,5.815400286278116,EJ/yr,,,medce_eu,2.0,future,M–EU,0.0,,,,,,,,
ndc_medce_eu,NDC,"Medium CE, EU",a,Global,Cement,Total,2050,10.030592091435114,EJ/yr,context,"[""Final Energy|Industry|Non-Metallic Minerals|Cement|Electricity"", ""Final Energy|Industry|Non-Metallic Minerals|Cement|Gases"", ""Final Energy|Industry|Non-Metallic Minerals|Cement|Liquids"", ""Final Energy|Industry|Non-Metallic Minerals|Cement|Solids""]",fig06_energy_mix,,,,,,"[""AFE"", ""AFN"", ""AFW"", ""AFZ"", ""ANZ"", ""ASC"", ""ASE"", ""ASO"", ""BRA"", ""CAN"", ""CHL"", ""CHN"", ""ENE"", ""ENW"", ""EUE"", ""EUM"", ""EUW"", ""IDN"", ""IND"", ""JPN"", ""LAM"", ""MDA"", ""MEA"", ""MEX"", ""NIG"", ""RUS"", ""SKT"", ""USA""]",Final energy,,,1.0,10.030592091435114,EJ/yr,,,medce_eu,2.0,future,M–EU,0.0,,,,,,,,
ndc_medce_eu,NDC,"Medium CE, EU",a,Global,Cement,Total,2050,-1.4651605226106454,%,context,"[""Final Energy|Industry|Non-Metallic Minerals|Cement|Electricity"", ""Final Energy|Industry|Non-Metallic Minerals|Cement|Gases"", ""Final Energy|Industry|Non-Metallic Minerals|Cement|Liquids"", ""Final Energy|Industry|Non-Metallic Minerals|Cement|Solids""]",fig06_energy_mix,,,,,,"[""AFE"", ""AFN"", ""AFW"", ""AFZ"", ""ANZ"", ""ASC"", ""ASE"", ""ASO"", ""BRA"", ""CAN"", ""CHL"", ""CHN"", ""ENE"", ""ENW"", ""EUE"", ""EUM"", ""EUW"", ""IDN"", ""IND"", ""JPN"", ""LAM"", ""MDA"", ""MEA"", ""MEX"", ""NIG"", ""RUS"", ""SKT"", ""USA""]",Final energy change from no CE,,,100.0,10.030592091435114,EJ/yr,10.179741647355929,EJ/yr,medce_eu,2.0,future,M–EU,-100.0,ndc_noce,2050.0,,,,,,
ndc_highce_eu,NDC,"High CE, EU",a,Global,Cement,Electricity,2050,2.1340041652172674,EJ/yr,plotted,"[""Final Energy|Industry|Non-Metallic Minerals|Cement|Electricity""]",fig06_energy_mix,,,,,,"[""AFE"", ""AFN"", ""AFW"", ""AFZ"", ""ANZ"", ""ASC"", ""ASE"", ""ASO"", ""BRA"", ""CAN"", ""CHL"", ""CHN"", ""ENE"", ""ENW"", ""EUE"", ""EUM"", ""EUW"", ""IDN"", ""IND"", ""JPN"", ""LAM"", ""MDA"", ""MEA"", ""MEX"", ""NIG"", ""RUS"", ""SKT"", ""USA""]",Final energy,,,1.0,2.1340041652172674,EJ/yr,,,highce_eu,3.0,future,H–EU,0.0,,,,,,,,
ndc_highce_eu,NDC,"High CE, EU",a,Global,Cement,Gases,2050,1.1868619408853491,EJ/yr,plotted,"[""Final Energy|Industry|Non-Metallic Minerals|Cement|Gases""]",fig06_energy_mix,,,,,,"[""AFE"", ""AFN"", ""AFW"", ""AFZ"", ""ANZ"", ""ASC"", ""ASE"", ""ASO"", ""BRA"", ""CAN"", ""CHL"", ""CHN"", ""ENE"", ""ENW"", ""EUE"", ""EUM"", ""EUW"", ""IDN"", ""IND"", ""JPN"", ""LAM"", ""MDA"", ""MEA"", ""MEX"", ""NIG"", ""RUS"", ""SKT"", ""USA""]",Final energy,,,1.0,1.1868619408853491,EJ/yr,,,highce_eu,3.0,future,H–EU,0.0,,,,,,,,
ndc_highce_eu,NDC,"High CE, EU",a,Global,Cement,Liquids,2050,0.8744170537147912,EJ/yr,plotted,"[""Final Energy|Industry|Non-Metallic Minerals|Cement|Liquids""]",fig06_energy_mix,,,,,,"[""AFE"", ""AFN"", ""AFW"", ""AFZ"", ""ANZ"", ""ASC"", ""ASE"", ""ASO"", ""BRA"", ""CAN"", ""CHL"", ""CHN"", ""ENE"", ""ENW"", ""EUE"", ""EUM"", ""EUW"", ""IDN"", ""IND"", ""JPN"", ""LAM"", ""MDA"", ""MEA"", ""MEX"", ""NIG"", ""RUS"", ""SKT"", ""USA""]",Final energy,,,1.0,0.8744170537147912,EJ/yr,,,highce_eu,3.0,future,H–EU,0.0,,,,,,,,
ndc_highce_eu,NDC,"High CE, EU",a,Global,Cement,Solids,2050,5.784789669241587,EJ/yr,plotted,"[""Final Energy|Industry|Non-Metallic Minerals|Cement|Solids""]",fig06_energy_mix,,,,,,"[""AFE"", ""AFN"", ""AFW"", ""AFZ"", ""ANZ"", ""ASC"", ""ASE"", ""ASO"", ""BRA"", ""CAN"", ""CHL"", ""CHN"", ""ENE"", ""ENW"", ""EUE"", ""EUM"", ""EUW"", ""IDN"", ""IND"", ""JPN"", ""LAM"", ""MDA"", ""MEA"", ""MEX"", ""NIG"", ""RUS"", ""SKT"", ""USA""]",Final energy,,,1.0,5.784789669241587,EJ/yr,,,highce_eu,3.0,future,H–EU,0.0,,,,,,,,
ndc_highce_eu,NDC,"High CE, EU",a,Global,Cement,Total,2050,9.980072829058996,EJ/yr,context,"[""Final Energy|Industry|Non-Metallic Minerals|Cement|Electricity"", ""Final Energy|Industry|Non-Metallic Minerals|Cement|Gases"", ""Final Energy|Industry|Non-Metallic Minerals|Cement|Liquids"", ""Final Energy|Industry|Non-Metallic Minerals|Cement|Solids""]",fig06_energy_mix,,,,,,"[""AFE"", ""AFN"", ""AFW"", ""AFZ"", ""ANZ"", ""ASC"", ""ASE"", ""ASO"", ""BRA"", ""CAN"", ""CHL"", ""CHN"", ""ENE"", ""ENW"", ""EUE"", ""EUM"", ""EUW"", ""IDN"", ""IND"", ""JPN"", ""LAM"", ""MDA"", ""MEA"", ""MEX"", ""NIG"", ""RUS"", ""SKT"", ""USA""]",Final energy,,,1.0,9.980072829058996,EJ/yr,,,highce_eu,3.0,future,H–EU,0.0,,,,,,,,
ndc_highce_eu,NDC,"High CE, EU",a,Global,Cement,Total,2050,-1.9614330619951943,%,context,"[""Final Energy|Industry|Non-Metallic Minerals|Cement|Electricity"", ""Final Energy|Industry|Non-Metallic Minerals|Cement|Gases"", ""Final Energy|Industry|Non-Metallic Minerals|Cement|Liquids"", ""Final Energy|Industry|Non-Metallic Minerals|Cement|Solids""]",fig06_energy_mix,,,,,,"[""AFE"", ""AFN"", ""AFW"", ""AFZ"", ""ANZ"", ""ASC"", ""ASE"", ""ASO"", ""BRA"", ""CAN"", ""CHL"", ""CHN"", ""ENE"", ""ENW"", ""EUE"", ""EUM"", ""EUW"", ""IDN"", ""IND"", ""JPN"", ""LAM"", ""MDA"", ""MEA"", ""MEX"", ""NIG"", ""RUS"", ""SKT"", ""USA""]",Final energy change from no CE,,,100.0,9.980072829058996,EJ/yr,10.179741647355929,EJ/yr,highce_eu,3.0,future,H–EU,-100.0,ndc_noce,2050.0,,,,,,
ndc_medce_gbl,NDC,"Medium CE, EU + partners",a,Global,Cement,Electricity,2050,1.822912661334108,EJ/yr,plotted,"[""Final Energy|Industry|Non-Metallic Minerals|Cement|Electricity""]",fig06_energy_mix,,,,,,"[""AFE"", ""AFN"", ""AFW"", ""AFZ"", ""ANZ"", ""ASC"", ""ASE"", ""ASO"", ""BRA"", ""CAN"", ""CHL"", ""CHN"", ""ENE"", ""ENW"", ""EUE"", ""EUM"", ""EUW"", ""IDN"", ""IND"", ""JPN"", ""LAM"", ""MDA"", ""MEA"", ""MEX"", ""NIG"", ""RUS"", ""SKT"", ""USA""]",Final energy,,,1.0,1.822912661334108,EJ/yr,,,medce_gbl,4.0,future,M–EU+,0.0,,,,,,,,
ndc_medce_gbl,NDC,"Medium CE, EU + partners",a,Global,Cement,Gases,2050,1.0873213328255327,EJ/yr,plotted,"[""Final Energy|Industry|Non-Metallic Minerals|Cement|Gases""]",fig06_energy_mix,,,,,,"[""AFE"", ""AFN"", ""AFW"", ""AFZ"", ""ANZ"", ""ASC"", ""ASE"", ""ASO"", ""BRA"", ""CAN"", ""CHL"", ""CHN"", ""ENE"", ""ENW"", ""EUE"", ""EUM"", ""EUW"", ""IDN"", ""IND"", ""JPN"", ""LAM"", ""MDA"", ""MEA"", ""MEX"", ""NIG"", ""RUS"", ""SKT"", ""USA""]",Final energy,,,1.0,1.0873213328255327,EJ/yr,,,medce_gbl,4.0,future,M–EU+,0.0,,,,,,,,
ndc_medce_gbl,NDC,"Medium CE, EU + partners",a,Global,Cement,Liquids,2050,0.7183913905463608,EJ/yr,plotted,"[""Final Energy|Industry|Non-Metallic Minerals|Cement|Liquids""]",fig06_energy_mix,,,,,,"[""AFE"", ""AFN"", ""AFW"", ""AFZ"", ""ANZ"", ""ASC"", ""ASE"", ""ASO"", ""BRA"", ""CAN"", ""CHL"", ""CHN"", ""ENE"", ""ENW"", ""EUE"", ""EUM"", ""EUW"", ""IDN"", ""IND"", ""JPN"", ""LAM"", ""MDA"", ""MEA"", ""MEX"", ""NIG"", ""RUS"", ""SKT"", ""USA""]",Final energy,,,1.0,0.7183913905463608,EJ/yr,,,medce_gbl,4.0,future,M–EU+,0.0,,,,,,,,
ndc_medce_gbl,NDC,"Medium CE, EU + partners",a,Global,Cement,Solids,2050,4.635627527672413,EJ/yr,plotted,"[""Final Energy|Industry|Non-Metallic Minerals|Cement|Solids""]",fig06_energy_mix,,,,,,"[""AFE"", ""AFN"", ""AFW"", ""AFZ"", ""ANZ"", ""ASC"", ""ASE"", ""ASO"", ""BRA"", ""CAN"", ""CHL"", ""CHN"", ""ENE"", ""ENW"", ""EUE"", ""EUM"", ""EUW"", ""IDN"", ""IND"", ""JPN"", ""LAM"", ""MDA"", ""MEA"", ""MEX"", ""NIG"", ""RUS"", ""SKT"", ""USA""]",Final energy,,,1.0,4.635627527672413,EJ/yr,,,medce_gbl,4.0,future,M–EU+,0.0,,,,,,,,
ndc_medce_gbl,NDC,"Medium CE, EU + partners",a,Global,Cement,Total,2050,8.264252912378414,EJ/yr,context,"[""Final Energy|Industry|Non-Metallic Minerals|Cement|Electricity"", ""Final Energy|Industry|Non-Metallic Minerals|Cement|Gases"", ""Final Energy|Industry|Non-Metallic Minerals|Cement|Liquids"", ""Final Energy|Industry|Non-Metallic Minerals|Cement|Solids""]",fig06_energy_mix,,,,,,"[""AFE"", ""AFN"", ""AFW"", ""AFZ"", ""ANZ"", ""ASC"", ""ASE"", ""ASO"", ""BRA"", ""CAN"", ""CHL"", ""CHN"", ""ENE"", ""ENW"", ""EUE"", ""EUM"", ""EUW"", ""IDN"", ""IND"", ""JPN"", ""LAM"", ""MDA"", ""MEA"", ""MEX"", ""NIG"", ""RUS"", ""SKT"", ""USA""]",Final energy,,,1.0,8.264252912378414,EJ/yr,,,medce_gbl,4.0,future,M–EU+,0.0,,,,,,,,
ndc_medce_gbl,NDC,"Medium CE, EU + partners",a,Global,Cement,Total,2050,-18.81667336297322,%,context,"[""Final Energy|Industry|Non-Metallic Minerals|Cement|Electricity"", ""Final Energy|Industry|Non-Metallic Minerals|Cement|Gases"", ""Final Energy|Industry|Non-Metallic Minerals|Cement|Liquids"", ""Final Energy|Industry|Non-Metallic Minerals|Cement|Solids""]",fig06_energy_mix,,,,,,"[""AFE"", ""AFN"", ""AFW"", ""AFZ"", ""ANZ"", ""ASC"", ""ASE"", ""ASO"", ""BRA"", ""CAN"", ""CHL"", ""CHN"", ""ENE"", ""ENW"", ""EUE"", ""EUM"", ""EUW"", ""IDN"", ""IND"", ""JPN"", ""LAM"", ""MDA"", ""MEA"", ""MEX"", ""NIG"", ""RUS"", ""SKT"", ""USA""]",Final energy change from no CE,,,100.0,8.264252912378414,EJ/yr,10.179741647355929,EJ/yr,medce_gbl,4.0,future,M–EU+,-100.0,ndc_noce,2050.0,,,,,,
ndc_highce_gbl,NDC,"High CE, EU + partners",a,Global,Cement,Electricity,2050,1.6805961837842012,EJ/yr,plotted,"[""Final Energy|Industry|Non-Metallic Minerals|Cement|Electricity""]",fig06_energy_mix,,,,,,"[""AFE"", ""AFN"", ""AFW"", ""AFZ"", ""ANZ"", ""ASC"", ""ASE"", ""ASO"", ""BRA"", ""CAN"", ""CHL"", ""CHN"", ""ENE"", ""ENW"", ""EUE"", ""EUM"", ""EUW"", ""IDN"", ""IND"", ""JPN"", ""LAM"", ""MDA"", ""MEA"", ""MEX"", ""NIG"", ""RUS"", ""SKT"", ""USA""]",Final energy,,,1.0,1.6805961837842012,EJ/yr,,,highce_gbl,5.0,future,H–EU+,0.0,,,,,,,,
ndc_highce_gbl,NDC,"High CE, EU + partners",a,Global,Cement,Gases,2050,1.026452955729294,EJ/yr,plotted,"[""Final Energy|Industry|Non-Metallic Minerals|Cement|Gases""]",fig06_energy_mix,,,,,,"[""AFE"", ""AFN"", ""AFW"", ""AFZ"", ""ANZ"", ""ASC"", ""ASE"", ""ASO"", ""BRA"", ""CAN"", ""CHL"", ""CHN"", ""ENE"", ""ENW"", ""EUE"", ""EUM"", ""EUW"", ""IDN"", ""IND"", ""JPN"", ""LAM"", ""MDA"", ""MEA"", ""MEX"", ""NIG"", ""RUS"", ""SKT"", ""USA""]",Final energy,,,1.0,1.026452955729294,EJ/yr,,,highce_gbl,5.0,future,H–EU+,0.0,,,,,,,,
ndc_highce_gbl,NDC,"High CE, EU + partners",a,Global,Cement,Liquids,2050,0.6506903839276821,EJ/yr,plotted,"[""Final Energy|Industry|Non-Metallic Minerals|Cement|Liquids""]",fig06_energy_mix,,,,,,"[""AFE"", ""AFN"", ""AFW"", ""AFZ"", ""ANZ"", ""ASC"", ""ASE"", ""ASO"", ""BRA"", ""CAN"", ""CHL"", ""CHN"", ""ENE"", ""ENW"", ""EUE"", ""EUM"", ""EUW"", ""IDN"", ""IND"", ""JPN"", ""LAM"", ""MDA"", ""MEA"", ""MEX"", ""NIG"", ""RUS"", ""SKT"", ""USA""]",Final energy,,,1.0,0.6506903839276821,EJ/yr,,,highce_gbl,5.0,future,H–EU+,0.0,,,,,,,,
ndc_highce_gbl,NDC,"High CE, EU + partners",a,Global,Cement,Solids,2050,4.157112856604117,EJ/yr,plotted,"[""Final Energy|Industry|Non-Metallic Minerals|Cement|Solids""]",fig06_energy_mix,,,,,,"[""AFE"", ""AFN"", ""AFW"", ""AFZ"", ""ANZ"", ""ASC"", ""ASE"", ""ASO"", ""BRA"", ""CAN"", ""CHL"", ""CHN"", ""ENE"", ""ENW"", ""EUE"", ""EUM"", ""EUW"", ""IDN"", ""IND"", ""JPN"", ""LAM"", ""MDA"", ""MEA"", ""MEX"", ""NIG"", ""RUS"", ""SKT"", ""USA""]",Final energy,,,1.0,4.157112856604117,EJ/yr,,,highce_gbl,5.0,future,H–EU+,0.0,,,,,,,,
ndc_highce_gbl,NDC,"High CE, EU + partners",a,Global,Cement,Total,2050,7.514852380045294,EJ/yr,context,"[""Final Energy|Industry|Non-Metallic Minerals|Cement|Electricity"", ""Final Energy|Industry|Non-Metallic Minerals|Cement|Gases"", ""Final Energy|Industry|Non-Metallic Minerals|Cement|Liquids"", ""Final Energy|Industry|Non-Metallic Minerals|Cement|Solids""]",fig06_energy_mix,,,,,,"[""AFE"", ""AFN"", ""AFW"", ""AFZ"", ""ANZ"", ""ASC"", ""ASE"", ""ASO"", ""BRA"", ""CAN"", ""CHL"", ""CHN"", ""ENE"", ""ENW"", ""EUE"", ""EUM"", ""EUW"", ""IDN"", ""IND"", ""JPN"", ""LAM"", ""MDA"", ""MEA"", ""MEX"", ""NIG"", ""RUS"", ""SKT"", ""USA""]",Final energy,,,1.0,7.514852380045294,EJ/yr,,,highce_gbl,5.0,future,H–EU+,0.0,,,,,,,,
ndc_highce_gbl,NDC,"High CE, EU + partners",a,Global,Cement,Total,2050,-26.178358544126795,%,context,"[""Final Energy|Industry|Non-Metallic Minerals|Cement|Electricity"", ""Final Energy|Industry|Non-Metallic Minerals|Cement|Gases"", ""Final Energy|Industry|Non-Metallic Minerals|Cement|Liquids"", ""Final Energy|Industry|Non-Metallic Minerals|Cement|Solids""]",fig06_energy_mix,,,,,,"[""AFE"", ""AFN"", ""AFW"", ""AFZ"", ""ANZ"", ""ASC"", ""ASE"", ""ASO"", ""BRA"", ""CAN"", ""CHL"", ""CHN"", ""ENE"", ""ENW"", ""EUE"", ""EUM"", ""EUW"", ""IDN"", ""IND"", ""JPN"", ""LAM"", ""MDA"", ""MEA"", ""MEX"", ""NIG"", ""RUS"", ""SKT"", ""USA""]",Final energy change from no CE,,,100.0,7.514852380045294,EJ/yr,10.179741647355929,EJ/yr,highce_gbl,5.0,future,H–EU+,-100.0,ndc_noce,2050.0,,,,,,
ndc_noce,NDC,No CE,b,Global,Iron and steel,Electricity,2019,4.450102658833501,EJ/yr,plotted,"[""Final Energy|Industry|Iron and Steel|Electricity""]",fig06_energy_mix,,,,,,"[""AFE"", ""AFN"", ""AFW"", ""AFZ"", ""ANZ"", ""ASC"", ""ASE"", ""ASO"", ""BRA"", ""CAN"", ""CHL"", ""CHN"", ""ENE"", ""ENW"", ""EUE"", ""EUM"", ""EUW"", ""IDN"", ""IND"", ""JPN"", ""LAM"", ""MDA"", ""MEA"", ""MEX"", ""NIG"", ""RUS"", ""SKT"", ""USA""]",Final energy,,,1.0,4.450102658833501,EJ/yr,,,noce,0.0,historical,2019,0.0,,,,,,,,
ndc_noce,NDC,No CE,b,Global,Iron and steel,Gases,2019,2.5956495325091713,EJ/yr,plotted,"[""Final Energy|Industry|Iron and Steel|Gases""]",fig06_energy_mix,,,,,,"[""AFE"", ""AFN"", ""AFW"", ""AFZ"", ""ANZ"", ""ASC"", ""ASE"", ""ASO"", ""BRA"", ""CAN"", ""CHL"", ""CHN"", ""ENE"", ""ENW"", ""EUE"", ""EUM"", ""EUW"", ""IDN"", ""IND"", ""JPN"", ""LAM"", ""MDA"", ""MEA"", ""MEX"", ""NIG"", ""RUS"", ""SKT"", ""USA""]",Final energy,,,1.0,2.5956495325091713,EJ/yr,,,noce,0.0,historical,2019,0.0,,,,,,,,
ndc_noce,NDC,No CE,b,Global,Iron and steel,Hydrogen,2019,0.0,EJ/yr,plotted,"[""Final Energy|Industry|Iron and Steel|Hydrogen""]",fig06_energy_mix,,,,,,"[""AFE"", ""AFN"", ""AFW"", ""AFZ"", ""ANZ"", ""ASC"", ""ASE"", ""ASO"", ""BRA"", ""CAN"", ""CHL"", ""CHN"", ""ENE"", ""ENW"", ""EUE"", ""EUM"", ""EUW"", ""IDN"", ""IND"", ""JPN"", ""LAM"", ""MDA"", ""MEA"", ""MEX"", ""NIG"", ""RUS"", ""SKT"", ""USA""]",Final energy,,,1.0,0.0,EJ/yr,,,noce,0.0,historical,2019,0.0,,,,,,,,
ndc_noce,NDC,No CE,b,Global,Iron and steel,Liquids,2019,0.2912064779786795,EJ/yr,plotted,"[""Final Energy|Industry|Iron and Steel|Liquids""]",fig06_energy_mix,,,,,,"[""AFE"", ""AFN"", ""AFW"", ""AFZ"", ""ANZ"", ""ASC"", ""ASE"", ""ASO"", ""BRA"", ""CAN"", ""CHL"", ""CHN"", ""ENE"", ""ENW"", ""EUE"", ""EUM"", ""EUW"", ""IDN"", ""IND"", ""JPN"", ""LAM"", ""MDA"", ""MEA"", ""MEX"", ""NIG"", ""RUS"", ""SKT"", ""USA""]",Final energy,,,1.0,0.2912064779786795,EJ/yr,,,noce,0.0,historical,2019,0.0,,,,,,,,
ndc_noce,NDC,No CE,b,Global,Iron and steel,Solids,2019,22.90554446435401,EJ/yr,plotted,"[""Final Energy|Industry|Iron and Steel|Solids""]",fig06_energy_mix,,,,,,"[""AFE"", ""AFN"", ""AFW"", ""AFZ"", ""ANZ"", ""ASC"", ""ASE"", ""ASO"", ""BRA"", ""CAN"", ""CHL"", ""CHN"", ""ENE"", ""ENW"", ""EUE"", ""EUM"", ""EUW"", ""IDN"", ""IND"", ""JPN"", ""LAM"", ""MDA"", ""MEA"", ""MEX"", ""NIG"", ""RUS"", ""SKT"", ""USA""]",Final energy,,,1.0,22.90554446435401,EJ/yr,,,noce,0.0,historical,2019,0.0,,,,,,,,
ndc_noce,NDC,No CE,b,Global,Iron and steel,Total,2019,30.24250313367536,EJ/yr,context,"[""Final Energy|Industry|Iron and Steel|Electricity"", ""Final Energy|Industry|Iron and Steel|Gases"", ""Final Energy|Industry|Iron and Steel|Hydrogen"", ""Final Energy|Industry|Iron and Steel|Liquids"", ""Final Energy|Industry|Iron and Steel|Solids""]",fig06_energy_mix,,,,,,"[""AFE"", ""AFN"", ""AFW"", ""AFZ"", ""ANZ"", ""ASC"", ""ASE"", ""ASO"", ""BRA"", ""CAN"", ""CHL"", ""CHN"", ""ENE"", ""ENW"", ""EUE"", ""EUM"", ""EUW"", ""IDN"", ""IND"", ""JPN"", ""LAM"", ""MDA"", ""MEA"", ""MEX"", ""NIG"", ""RUS"", ""SKT"", ""USA""]",Final energy,,,1.0,30.24250313367536,EJ/yr,,,noce,0.0,historical,2019,0.0,,,,,,,,
ndc_noce,NDC,No CE,b,Global,Iron and steel,Electricity,2050,5.871106287870795,EJ/yr,plotted,"[""Final Energy|Industry|Iron and Steel|Electricity""]",fig06_energy_mix,,,,,,"[""AFE"", ""AFN"", ""AFW"", ""AFZ"", ""ANZ"", ""ASC"", ""ASE"", ""ASO"", ""BRA"", ""CAN"", ""CHL"", ""CHN"", ""ENE"", ""ENW"", ""EUE"", ""EUM"", ""EUW"", ""IDN"", ""IND"", ""JPN"", ""LAM"", ""MDA"", ""MEA"", ""MEX"", ""NIG"", ""RUS"", ""SKT"", ""USA""]",Final energy,,,1.0,5.871106287870795,EJ/yr,,,noce,1.0,future,No CE,0.0,,,,,,,,
ndc_noce,NDC,No CE,b,Global,Iron and steel,Gases,2050,4.372101926577202,EJ/yr,plotted,"[""Final Energy|Industry|Iron and Steel|Gases""]",fig06_energy_mix,,,,,,"[""AFE"", ""AFN"", ""AFW"", ""AFZ"", ""ANZ"", ""ASC"", ""ASE"", ""ASO"", ""BRA"", ""CAN"", ""CHL"", ""CHN"", ""ENE"", ""ENW"", ""EUE"", ""EUM"", ""EUW"", ""IDN"", ""IND"", ""JPN"", ""LAM"", ""MDA"", ""MEA"", ""MEX"", ""NIG"", ""RUS"", ""SKT"", ""USA""]",Final energy,,,1.0,4.372101926577202,EJ/yr,,,noce,1.0,future,No CE,0.0,,,,,,,,
ndc_noce,NDC,No CE,b,Global,Iron and steel,Hydrogen,2050,1.3893356332507933,EJ/yr,plotted,"[""Final Energy|Industry|Iron and Steel|Hydrogen""]",fig06_energy_mix,,,,,,"[""AFE"", ""AFN"", ""AFW"", ""AFZ"", ""ANZ"", ""ASC"", ""ASE"", ""ASO"", ""BRA"", ""CAN"", ""CHL"", ""CHN"", ""ENE"", ""ENW"", ""EUE"", ""EUM"", ""EUW"", ""IDN"", ""IND"", ""JPN"", ""LAM"", ""MDA"", ""MEA"", ""MEX"", ""NIG"", ""RUS"", ""SKT"", ""USA""]",Final energy,,,1.0,1.3893356332507933,EJ/yr,,,noce,1.0,future,No CE,0.0,,,,,,,,
ndc_noce,NDC,No CE,b,Global,Iron and steel,Liquids,2050,0.0,EJ/yr,plotted,"[""Final Energy|Industry|Iron and Steel|Liquids""]",fig06_energy_mix,,,,,,"[""AFE"", ""AFN"", ""AFW"", ""AFZ"", ""ANZ"", ""ASC"", ""ASE"", ""ASO"", ""BRA"", ""CAN"", ""CHL"", ""CHN"", ""ENE"", ""ENW"", ""EUE"", ""EUM"", ""EUW"", ""IDN"", ""IND"", ""JPN"", ""LAM"", ""MDA"", ""MEA"", ""MEX"", ""NIG"", ""RUS"", ""SKT"", ""USA""]",Final energy,,,1.0,0.0,EJ/yr,,,noce,1.0,future,No CE,0.0,,,,,,,,
ndc_noce,NDC,No CE,b,Global,Iron and steel,Solids,2050,8.977730848502727,EJ/yr,plotted,"[""Final Energy|Industry|Iron and Steel|Solids""]",fig06_energy_mix,,,,,,"[""AFE"", ""AFN"", ""AFW"", ""AFZ"", ""ANZ"", ""ASC"", ""ASE"", ""ASO"", ""BRA"", ""CAN"", ""CHL"", ""CHN"", ""ENE"", ""ENW"", ""EUE"", ""EUM"", ""EUW"", ""IDN"", ""IND"", ""JPN"", ""LAM"", ""MDA"", ""MEA"", ""MEX"", ""NIG"", ""RUS"", ""SKT"", ""USA""]",Final energy,,,1.0,8.977730848502727,EJ/yr,,,noce,1.0,future,No CE,0.0,,,,,,,,
ndc_noce,NDC,No CE,b,Global,Iron and steel,Total,2050,20.610274696201515,EJ/yr,context,"[""Final Energy|Industry|Iron and Steel|Electricity"", ""Final Energy|Industry|Iron and Steel|Gases"", ""Final Energy|Industry|Iron and Steel|Hydrogen"", ""Final Energy|Industry|Iron and Steel|Liquids"", ""Final Energy|Industry|Iron and Steel|Solids""]",fig06_energy_mix,,,,,,"[""AFE"", ""AFN"", ""AFW"", ""AFZ"", ""ANZ"", ""ASC"", ""ASE"", ""ASO"", ""BRA"", ""CAN"", ""CHL"", ""CHN"", ""ENE"", ""ENW"", ""EUE"", ""EUM"", ""EUW"", ""IDN"", ""IND"", ""JPN"", ""LAM"", ""MDA"", ""MEA"", ""MEX"", ""NIG"", ""RUS"", ""SKT"", ""USA""]",Final energy,,,1.0,20.610274696201515,EJ/yr,,,noce,1.0,future,No CE,0.0,,,,,,,,
ndc_noce,NDC,No CE,b,Global,Iron and steel,Total,2050,0.0,%,context,"[""Final Energy|Industry|Iron and Steel|Electricity"", ""Final Energy|Industry|Iron and Steel|Gases"", ""Final Energy|Industry|Iron and Steel|Hydrogen"", ""Final Energy|Industry|Iron and Steel|Liquids"", ""Final Energy|Industry|Iron and Steel|Solids""]",fig06_energy_mix,,,,,,"[""AFE"", ""AFN"", ""AFW"", ""AFZ"", ""ANZ"", ""ASC"", ""ASE"", ""ASO"", ""BRA"", ""CAN"", ""CHL"", ""CHN"", ""ENE"", ""ENW"", ""EUE"", ""EUM"", ""EUW"", ""IDN"", ""IND"", ""JPN"", ""LAM"", ""MDA"", ""MEA"", ""MEX"", ""NIG"", ""RUS"", ""SKT"", ""USA""]",Final energy change from no CE,,,100.0,20.610274696201515,EJ/yr,20.610274696201515,EJ/yr,noce,1.0,future,No CE,-100.0,ndc_noce,2050.0,,,,,,
ndc_medce_eu,NDC,"Medium CE, EU",b,Global,Iron and steel,Electricity,2050,5.823907427121482,EJ/yr,plotted,"[""Final Energy|Industry|Iron and Steel|Electricity""]",fig06_energy_mix,,,,,,"[""AFE"", ""AFN"", ""AFW"", ""AFZ"", ""ANZ"", ""ASC"", ""ASE"", ""ASO"", ""BRA"", ""CAN"", ""CHL"", ""CHN"", ""ENE"", ""ENW"", ""EUE"", ""EUM"", ""EUW"", ""IDN"", ""IND"", ""JPN"", ""LAM"", ""MDA"", ""MEA"", ""MEX"", ""NIG"", ""RUS"", ""SKT"", ""USA""]",Final energy,,,1.0,5.823907427121482,EJ/yr,,,medce_eu,2.0,future,M–EU,0.0,,,,,,,,
ndc_medce_eu,NDC,"Medium CE, EU",b,Global,Iron and steel,Gases,2050,4.390047563426594,EJ/yr,plotted,"[""Final Energy|Industry|Iron and Steel|Gases""]",fig06_energy_mix,,,,,,"[""AFE"", ""AFN"", ""AFW"", ""AFZ"", ""ANZ"", ""ASC"", ""ASE"", ""ASO"", ""BRA"", ""CAN"", ""CHL"", ""CHN"", ""ENE"", ""ENW"", ""EUE"", ""EUM"", ""EUW"", ""IDN"", ""IND"", ""JPN"", ""LAM"", ""MDA"", ""MEA"", ""MEX"", ""NIG"", ""RUS"", ""SKT"", ""USA""]",Final energy,,,1.0,4.390047563426594,EJ/yr,,,medce_eu,2.0,future,M–EU,0.0,,,,,,,,
ndc_medce_eu,NDC,"Medium CE, EU",b,Global,Iron and steel,Hydrogen,2050,1.4018684797807022,EJ/yr,plotted,"[""Final Energy|Industry|Iron and Steel|Hydrogen""]",fig06_energy_mix,,,,,,"[""AFE"", ""AFN"", ""AFW"", ""AFZ"", ""ANZ"", ""ASC"", ""ASE"", ""ASO"", ""BRA"", ""CAN"", ""CHL"", ""CHN"", ""ENE"", ""ENW"", ""EUE"", ""EUM"", ""EUW"", ""IDN"", ""IND"", ""JPN"", ""LAM"", ""MDA"", ""MEA"", ""MEX"", ""NIG"", ""RUS"", ""SKT"", ""USA""]",Final energy,,,1.0,1.4018684797807022,EJ/yr,,,medce_eu,2.0,future,M–EU,0.0,,,,,,,,
ndc_medce_eu,NDC,"Medium CE, EU",b,Global,Iron and steel,Liquids,2050,0.0,EJ/yr,plotted,"[""Final Energy|Industry|Iron and Steel|Liquids""]",fig06_energy_mix,,,,,,"[""AFE"", ""AFN"", ""AFW"", ""AFZ"", ""ANZ"", ""ASC"", ""ASE"", ""ASO"", ""BRA"", ""CAN"", ""CHL"", ""CHN"", ""ENE"", ""ENW"", ""EUE"", ""EUM"", ""EUW"", ""IDN"", ""IND"", ""JPN"", ""LAM"", ""MDA"", ""MEA"", ""MEX"", ""NIG"", ""RUS"", ""SKT"", ""USA""]",Final energy,,,1.0,0.0,EJ/yr,,,medce_eu,2.0,future,M–EU,0.0,,,,,,,,
ndc_medce_eu,NDC,"Medium CE, EU",b,Global,Iron and steel,Solids,2050,8.849345318096942,EJ/yr,plotted,"[""Final Energy|Industry|Iron and Steel|Solids""]",fig06_energy_mix,,,,,,"[""AFE"", ""AFN"", ""AFW"", ""AFZ"", ""ANZ"", ""ASC"", ""ASE"", ""ASO"", ""BRA"", ""CAN"", ""CHL"", ""CHN"", ""ENE"", ""ENW"", ""EUE"", ""EUM"", ""EUW"", ""IDN"", ""IND"", ""JPN"", ""LAM"", ""MDA"", ""MEA"", ""MEX"", ""NIG"", ""RUS"", ""SKT"", ""USA""]",Final energy,,,1.0,8.849345318096942,EJ/yr,,,medce_eu,2.0,future,M–EU,0.0,,,,,,,,
ndc_medce_eu,NDC,"Medium CE, EU",b,Global,Iron and steel,Total,2050,20.46516878842572,EJ/yr,context,"[""Final Energy|Industry|Iron and Steel|Electricity"", ""Final Energy|Industry|Iron and Steel|Gases"", ""Final Energy|Industry|Iron and Steel|Hydrogen"", ""Final Energy|Industry|Iron and Steel|Liquids"", ""Final Energy|Industry|Iron and Steel|Solids""]",fig06_energy_mix,,,,,,"[""AFE"", ""AFN"", ""AFW"", ""AFZ"", ""ANZ"", ""ASC"", ""ASE"", ""ASO"", ""BRA"", ""CAN"", ""CHL"", ""CHN"", ""ENE"", ""ENW"", ""EUE"", ""EUM"", ""EUW"", ""IDN"", ""IND"", ""JPN"", ""LAM"", ""MDA"", ""MEA"", ""MEX"", ""NIG"", ""RUS"", ""SKT"", ""USA""]",Final energy,,,1.0,20.46516878842572,EJ/yr,,,medce_eu,2.0,future,M–EU,0.0,,,,,,,,
ndc_medce_eu,NDC,"Medium CE, EU",b,Global,Iron and steel,Total,2050,-0.7040464521442544,%,context,"[""Final Energy|Industry|Iron and Steel|Electricity"", ""Final Energy|Industry|Iron and Steel|Gases"", ""Final Energy|Industry|Iron and Steel|Hydrogen"", ""Final Energy|Industry|Iron and Steel|Liquids"", ""Final Energy|Industry|Iron and Steel|Solids""]",fig06_energy_mix,,,,,,"[""AFE"", ""AFN"", ""AFW"", ""AFZ"", ""ANZ"", ""ASC"", ""ASE"", ""ASO"", ""BRA"", ""CAN"", ""CHL"", ""CHN"", ""ENE"", ""ENW"", ""EUE"", ""EUM"", ""EUW"", ""IDN"", ""IND"", ""JPN"", ""LAM"", ""MDA"", ""MEA"", ""MEX"", ""NIG"", ""RUS"", ""SKT"", ""USA""]",Final energy change from no CE,,,100.0,20.46516878842572,EJ/yr,20.610274696201515,EJ/yr,medce_eu,2.0,future,M–EU,-100.0,ndc_noce,2050.0,,,,,,
ndc_highce_eu,NDC,"High CE, EU",b,Global,Iron and steel,Electricity,2050,5.792453808324815,EJ/yr,plotted,"[""Final Energy|Industry|Iron and Steel|Electricity""]",fig06_energy_mix,,,,,,"[""AFE"", ""AFN"", ""AFW"", ""AFZ"", ""ANZ"", ""ASC"", ""ASE"", ""ASO"", ""BRA"", ""CAN"", ""CHL"", ""CHN"", ""ENE"", ""ENW"", ""EUE"", ""EUM"", ""EUW"", ""IDN"", ""IND"", ""JPN"", ""LAM"", ""MDA"", ""MEA"", ""MEX"", ""NIG"", ""RUS"", ""SKT"", ""USA""]",Final energy,,,1.0,5.792453808324815,EJ/yr,,,highce_eu,3.0,future,H–EU,0.0,,,,,,,,
ndc_highce_eu,NDC,"High CE, EU",b,Global,Iron and steel,Gases,2050,4.355426741212873,EJ/yr,plotted,"[""Final Energy|Industry|Iron and Steel|Gases""]",fig06_energy_mix,,,,,,"[""AFE"", ""AFN"", ""AFW"", ""AFZ"", ""ANZ"", ""ASC"", ""ASE"", ""ASO"", ""BRA"", ""CAN"", ""CHL"", ""CHN"", ""ENE"", ""ENW"", ""EUE"", ""EUM"", ""EUW"", ""IDN"", ""IND"", ""JPN"", ""LAM"", ""MDA"", ""MEA"", ""MEX"", ""NIG"", ""RUS"", ""SKT"", ""USA""]",Final energy,,,1.0,4.355426741212873,EJ/yr,,,highce_eu,3.0,future,H–EU,0.0,,,,,,,,
ndc_highce_eu,NDC,"High CE, EU",b,Global,Iron and steel,Hydrogen,2050,1.3893282268132605,EJ/yr,plotted,"[""Final Energy|Industry|Iron and Steel|Hydrogen""]",fig06_energy_mix,,,,,,"[""AFE"", ""AFN"", ""AFW"", ""AFZ"", ""ANZ"", ""ASC"", ""ASE"", ""ASO"", ""BRA"", ""CAN"", ""CHL"", ""CHN"", ""ENE"", ""ENW"", ""EUE"", ""EUM"", ""EUW"", ""IDN"", ""IND"", ""JPN"", ""LAM"", ""MDA"", ""MEA"", ""MEX"", ""NIG"", ""RUS"", ""SKT"", ""USA""]",Final energy,,,1.0,1.3893282268132605,EJ/yr,,,highce_eu,3.0,future,H–EU,0.0,,,,,,,,
ndc_highce_eu,NDC,"High CE, EU",b,Global,Iron and steel,Liquids,2050,0.0,EJ/yr,plotted,"[""Final Energy|Industry|Iron and Steel|Liquids""]",fig06_energy_mix,,,,,,"[""AFE"", ""AFN"", ""AFW"", ""AFZ"", ""ANZ"", ""ASC"", ""ASE"", ""ASO"", ""BRA"", ""CAN"", ""CHL"", ""CHN"", ""ENE"", ""ENW"", ""EUE"", ""EUM"", ""EUW"", ""IDN"", ""IND"", ""JPN"", ""LAM"", ""MDA"", ""MEA"", ""MEX"", ""NIG"", ""RUS"", ""SKT"", ""USA""]",Final energy,,,1.0,0.0,EJ/yr,,,highce_eu,3.0,future,H–EU,0.0,,,,,,,,
ndc_highce_eu,NDC,"High CE, EU",b,Global,Iron and steel,Solids,2050,8.850233060787561,EJ/yr,plotted,"[""Final Energy|Industry|Iron and Steel|Solids""]",fig06_energy_mix,,,,,,"[""AFE"", ""AFN"", ""AFW"", ""AFZ"", ""ANZ"", ""ASC"", ""ASE"", ""ASO"", ""BRA"", ""CAN"", ""CHL"", ""CHN"", ""ENE"", ""ENW"", ""EUE"", ""EUM"", ""EUW"", ""IDN"", ""IND"", ""JPN"", ""LAM"", ""MDA"", ""MEA"", ""MEX"", ""NIG"", ""RUS"", ""SKT"", ""USA""]",Final energy,,,1.0,8.850233060787561,EJ/yr,,,highce_eu,3.0,future,H–EU,0.0,,,,,,,,
ndc_highce_eu,NDC,"High CE, EU",b,Global,Iron and steel,Total,2050,20.38744183713851,EJ/yr,context,"[""Final Energy|Industry|Iron and Steel|Electricity"", ""Final Energy|Industry|Iron and Steel|Gases"", ""Final Energy|Industry|Iron and Steel|Hydrogen"", ""Final Energy|Industry|Iron and Steel|Liquids"", ""Final Energy|Industry|Iron and Steel|Solids""]",fig06_energy_mix,,,,,,"[""AFE"", ""AFN"", ""AFW"", ""AFZ"", ""ANZ"", ""ASC"", ""ASE"", ""ASO"", ""BRA"", ""CAN"", ""CHL"", ""CHN"", ""ENE"", ""ENW"", ""EUE"", ""EUM"", ""EUW"", ""IDN"", ""IND"", ""JPN"", ""LAM"", ""MDA"", ""MEA"", ""MEX"", ""NIG"", ""RUS"", ""SKT"", ""USA""]",Final energy,,,1.0,20.38744183713851,EJ/yr,,,highce_eu,3.0,future,H–EU,0.0,,,,,,,,
ndc_highce_eu,NDC,"High CE, EU",b,Global,Iron and steel,Total,2050,-1.081173649296744,%,context,"[""Final Energy|Industry|Iron and Steel|Electricity"", ""Final Energy|Industry|Iron and Steel|Gases"", ""Final Energy|Industry|Iron and Steel|Hydrogen"", ""Final Energy|Industry|Iron and Steel|Liquids"", ""Final Energy|Industry|Iron and Steel|Solids""]",fig06_energy_mix,,,,,,"[""AFE"", ""AFN"", ""AFW"", ""AFZ"", ""ANZ"", ""ASC"", ""ASE"", ""ASO"", ""BRA"", ""CAN"", ""CHL"", ""CHN"", ""ENE"", ""ENW"", ""EUE"", ""EUM"", ""EUW"", ""IDN"", ""IND"", ""JPN"", ""LAM"", ""MDA"", ""MEA"", ""MEX"", ""NIG"", ""RUS"", ""SKT"", ""USA""]",Final energy change from no CE,,,100.0,20.38744183713851,EJ/yr,20.610274696201515,EJ/yr,highce_eu,3.0,future,H–EU,-100.0,ndc_noce,2050.0,,,,,,
ndc_medce_gbl,NDC,"Medium CE, EU + partners",b,Global,Iron and steel,Electricity,2050,5.305096543536928,EJ/yr,plotted,"[""Final Energy|Industry|Iron and Steel|Electricity""]",fig06_energy_mix,,,,,,"[""AFE"", ""AFN"", ""AFW"", ""AFZ"", ""ANZ"", ""ASC"", ""ASE"", ""ASO"", ""BRA"", ""CAN"", ""CHL"", ""CHN"", ""ENE"", ""ENW"", ""EUE"", ""EUM"", ""EUW"", ""IDN"", ""IND"", ""JPN"", ""LAM"", ""MDA"", ""MEA"", ""MEX"", ""NIG"", ""RUS"", ""SKT"", ""USA""]",Final energy,,,1.0,5.305096543536928,EJ/yr,,,medce_gbl,4.0,future,M–EU+,0.0,,,,,,,,
ndc_medce_gbl,NDC,"Medium CE, EU + partners",b,Global,Iron and steel,Gases,2050,2.0849130933341895,EJ/yr,plotted,"[""Final Energy|Industry|Iron and Steel|Gases""]",fig06_energy_mix,,,,,,"[""AFE"", ""AFN"", ""AFW"", ""AFZ"", ""ANZ"", ""ASC"", ""ASE"", ""ASO"", ""BRA"", ""CAN"", ""CHL"", ""CHN"", ""ENE"", ""ENW"", ""EUE"", ""EUM"", ""EUW"", ""IDN"", ""IND"", ""JPN"", ""LAM"", ""MDA"", ""MEA"", ""MEX"", ""NIG"", ""RUS"", ""SKT"", ""USA""]",Final energy,,,1.0,2.0849130933341895,EJ/yr,,,medce_gbl,4.0,future,M–EU+,0.0,,,,,,,,
ndc_medce_gbl,NDC,"Medium CE, EU + partners",b,Global,Iron and steel,Hydrogen,2050,1.3102835969949937,EJ/yr,plotted,"[""Final Energy|Industry|Iron and Steel|Hydrogen""]",fig06_energy_mix,,,,,,"[""AFE"", ""AFN"", ""AFW"", ""AFZ"", ""ANZ"", ""ASC"", ""ASE"", ""ASO"", ""BRA"", ""CAN"", ""CHL"", ""CHN"", ""ENE"", ""ENW"", ""EUE"", ""EUM"", ""EUW"", ""IDN"", ""IND"", ""JPN"", ""LAM"", ""MDA"", ""MEA"", ""MEX"", ""NIG"", ""RUS"", ""SKT"", ""USA""]",Final energy,,,1.0,1.3102835969949937,EJ/yr,,,medce_gbl,4.0,future,M–EU+,0.0,,,,,,,,
ndc_medce_gbl,NDC,"Medium CE, EU + partners",b,Global,Iron and steel,Liquids,2050,0.0,EJ/yr,plotted,"[""Final Energy|Industry|Iron and Steel|Liquids""]",fig06_energy_mix,,,,,,"[""AFE"", ""AFN"", ""AFW"", ""AFZ"", ""ANZ"", ""ASC"", ""ASE"", ""ASO"", ""BRA"", ""CAN"", ""CHL"", ""CHN"", ""ENE"", ""ENW"", ""EUE"", ""EUM"", ""EUW"", ""IDN"", ""IND"", ""JPN"", ""LAM"", ""MDA"", ""MEA"", ""MEX"", ""NIG"", ""RUS"", ""SKT"", ""USA""]",Final energy,,,1.0,0.0,EJ/yr,,,medce_gbl,4.0,future,M–EU+,0.0,,,,,,,,
ndc_medce_gbl,NDC,"Medium CE, EU + partners",b,Global,Iron and steel,Solids,2050,7.8251764767629926,EJ/yr,plotted,"[""Final Energy|Industry|Iron and Steel|Solids""]",fig06_energy_mix,,,,,,"[""AFE"", ""AFN"", ""AFW"", ""AFZ"", ""ANZ"", ""ASC"", ""ASE"", ""ASO"", ""BRA"", ""CAN"", ""CHL"", ""CHN"", ""ENE"", ""ENW"", ""EUE"", ""EUM"", ""EUW"", ""IDN"", ""IND"", ""JPN"", ""LAM"", ""MDA"", ""MEA"", ""MEX"", ""NIG"", ""RUS"", ""SKT"", ""USA""]",Final energy,,,1.0,7.8251764767629926,EJ/yr,,,medce_gbl,4.0,future,M–EU+,0.0,,,,,,,,
ndc_medce_gbl,NDC,"Medium CE, EU + partners",b,Global,Iron and steel,Total,2050,16.525469710629103,EJ/yr,context,"[""Final Energy|Industry|Iron and Steel|Electricity"", ""Final Energy|Industry|Iron and Steel|Gases"", ""Final Energy|Industry|Iron and Steel|Hydrogen"", ""Final Energy|Industry|Iron and Steel|Liquids"", ""Final Energy|Industry|Iron and Steel|Solids""]",fig06_energy_mix,,,,,,"[""AFE"", ""AFN"", ""AFW"", ""AFZ"", ""ANZ"", ""ASC"", ""ASE"", ""ASO"", ""BRA"", ""CAN"", ""CHL"", ""CHN"", ""ENE"", ""ENW"", ""EUE"", ""EUM"", ""EUW"", ""IDN"", ""IND"", ""JPN"", ""LAM"", ""MDA"", ""MEA"", ""MEX"", ""NIG"", ""RUS"", ""SKT"", ""USA""]",Final energy,,,1.0,16.525469710629103,EJ/yr,,,medce_gbl,4.0,future,M–EU+,0.0,,,,,,,,
ndc_medce_gbl,NDC,"Medium CE, EU + partners",b,Global,Iron and steel,Total,2050,-19.819265127627062,%,context,"[""Final Energy|Industry|Iron and Steel|Electricity"", ""Final Energy|Industry|Iron and Steel|Gases"", ""Final Energy|Industry|Iron and Steel|Hydrogen"", ""Final Energy|Industry|Iron and Steel|Liquids"", ""Final Energy|Industry|Iron and Steel|Solids""]",fig06_energy_mix,,,,,,"[""AFE"", ""AFN"", ""AFW"", ""AFZ"", ""ANZ"", ""ASC"", ""ASE"", ""ASO"", ""BRA"", ""CAN"", ""CHL"", ""CHN"", ""ENE"", ""ENW"", ""EUE"", ""EUM"", ""EUW"", ""IDN"", ""IND"", ""JPN"", ""LAM"", ""MDA"", ""MEA"", ""MEX"", ""NIG"", ""RUS"", ""SKT"", ""USA""]",Final energy change from no CE,,,100.0,16.525469710629103,EJ/yr,20.610274696201515,EJ/yr,medce_gbl,4.0,future,M–EU+,-100.0,ndc_noce,2050.0,,,,,,
ndc_highce_gbl,NDC,"High CE, EU + partners",b,Global,Iron and steel,Electricity,2050,5.08250889196994,EJ/yr,plotted,"[""Final Energy|Industry|Iron and Steel|Electricity""]",fig06_energy_mix,,,,,,"[""AFE"", ""AFN"", ""AFW"", ""AFZ"", ""ANZ"", ""ASC"", ""ASE"", ""ASO"", ""BRA"", ""CAN"", ""CHL"", ""CHN"", ""ENE"", ""ENW"", ""EUE"", ""EUM"", ""EUW"", ""IDN"", ""IND"", ""JPN"", ""LAM"", ""MDA"", ""MEA"", ""MEX"", ""NIG"", ""RUS"", ""SKT"", ""USA""]",Final energy,,,1.0,5.08250889196994,EJ/yr,,,highce_gbl,5.0,future,H–EU+,0.0,,,,,,,,
ndc_highce_gbl,NDC,"High CE, EU + partners",b,Global,Iron and steel,Gases,2050,1.056547892715559,EJ/yr,plotted,"[""Final Energy|Industry|Iron and Steel|Gases""]",fig06_energy_mix,,,,,,"[""AFE"", ""AFN"", ""AFW"", ""AFZ"", ""ANZ"", ""ASC"", ""ASE"", ""ASO"", ""BRA"", ""CAN"", ""CHL"", ""CHN"", ""ENE"", ""ENW"", ""EUE"", ""EUM"", ""EUW"", ""IDN"", ""IND"", ""JPN"", ""LAM"", ""MDA"", ""MEA"", ""MEX"", ""NIG"", ""RUS"", ""SKT"", ""USA""]",Final energy,,,1.0,1.056547892715559,EJ/yr,,,highce_gbl,5.0,future,H–EU+,0.0,,,,,,,,
ndc_highce_gbl,NDC,"High CE, EU + partners",b,Global,Iron and steel,Hydrogen,2050,1.210198370093101,EJ/yr,plotted,"[""Final Energy|Industry|Iron and Steel|Hydrogen""]",fig06_energy_mix,,,,,,"[""AFE"", ""AFN"", ""AFW"", ""AFZ"", ""ANZ"", ""ASC"", ""ASE"", ""ASO"", ""BRA"", ""CAN"", ""CHL"", ""CHN"", ""ENE"", ""ENW"", ""EUE"", ""EUM"", ""EUW"", ""IDN"", ""IND"", ""JPN"", ""LAM"", ""MDA"", ""MEA"", ""MEX"", ""NIG"", ""RUS"", ""SKT"", ""USA""]",Final energy,,,1.0,1.210198370093101,EJ/yr,,,highce_gbl,5.0,future,H–EU+,0.0,,,,,,,,
ndc_highce_gbl,NDC,"High CE, EU + partners",b,Global,Iron and steel,Liquids,2050,0.0,EJ/yr,plotted,"[""Final Energy|Industry|Iron and Steel|Liquids""]",fig06_energy_mix,,,,,,"[""AFE"", ""AFN"", ""AFW"", ""AFZ"", ""ANZ"", ""ASC"", ""ASE"", ""ASO"", ""BRA"", ""CAN"", ""CHL"", ""CHN"", ""ENE"", ""ENW"", ""EUE"", ""EUM"", ""EUW"", ""IDN"", ""IND"", ""JPN"", ""LAM"", ""MDA"", ""MEA"", ""MEX"", ""NIG"", ""RUS"", ""SKT"", ""USA""]",Final energy,,,1.0,0.0,EJ/yr,,,highce_gbl,5.0,future,H–EU+,0.0,,,,,,,,
ndc_highce_gbl,NDC,"High CE, EU + partners",b,Global,Iron and steel,Solids,2050,5.8176014788866715,EJ/yr,plotted,"[""Final Energy|Industry|Iron and Steel|Solids""]",fig06_energy_mix,,,,,,"[""AFE"", ""AFN"", ""AFW"", ""AFZ"", ""ANZ"", ""ASC"", ""ASE"", ""ASO"", ""BRA"", ""CAN"", ""CHL"", ""CHN"", ""ENE"", ""ENW"", ""EUE"", ""EUM"", ""EUW"", ""IDN"", ""IND"", ""JPN"", ""LAM"", ""MDA"", ""MEA"", ""MEX"", ""NIG"", ""RUS"", ""SKT"", ""USA""]",Final energy,,,1.0,5.8176014788866715,EJ/yr,,,highce_gbl,5.0,future,H–EU+,0.0,,,,,,,,
ndc_highce_gbl,NDC,"High CE, EU + partners",b,Global,Iron and steel,Total,2050,13.166856633665272,EJ/yr,context,"[""Final Energy|Industry|Iron and Steel|Electricity"", ""Final Energy|Industry|Iron and Steel|Gases"", ""Final Energy|Industry|Iron and Steel|Hydrogen"", ""Final Energy|Industry|Iron and Steel|Liquids"", ""Final Energy|Industry|Iron and Steel|Solids""]",fig06_energy_mix,,,,,,"[""AFE"", ""AFN"", ""AFW"", ""AFZ"", ""ANZ"", ""ASC"", ""ASE"", ""ASO"", ""BRA"", ""CAN"", ""CHL"", ""CHN"", ""ENE"", ""ENW"", ""EUE"", ""EUM"", ""EUW"", ""IDN"", ""IND"", ""JPN"", ""LAM"", ""MDA"", ""MEA"", ""MEX"", ""NIG"", ""RUS"", ""SKT"", ""USA""]",Final energy,,,1.0,13.166856633665272,EJ/yr,,,highce_gbl,5.0,future,H–EU+,0.0,,,,,,,,
ndc_highce_gbl,NDC,"High CE, EU + partners",b,Global,Iron and steel,Total,2050,-36.11508421044028,%,context,"[""Final Energy|Industry|Iron and Steel|Electricity"", ""Final Energy|Industry|Iron and Steel|Gases"", ""Final Energy|Industry|Iron and Steel|Hydrogen"", ""Final Energy|Industry|Iron and Steel|Liquids"", ""Final Energy|Industry|Iron and Steel|Solids""]",fig06_energy_mix,,,,,,"[""AFE"", ""AFN"", ""AFW"", ""AFZ"", ""ANZ"", ""ASC"", ""ASE"", ""ASO"", ""BRA"", ""CAN"", ""CHL"", ""CHN"", ""ENE"", ""ENW"", ""EUE"", ""EUM"", ""EUW"", ""IDN"", ""IND"", ""JPN"", ""LAM"", ""MDA"", ""MEA"", ""MEX"", ""NIG"", ""RUS"", ""SKT"", ""USA""]",Final energy change from no CE,,,100.0,13.166856633665272,EJ/yr,20.610274696201515,EJ/yr,highce_gbl,5.0,future,H–EU+,-100.0,ndc_noce,2050.0,,,,,,
ndc_noce,NDC,No CE,c,Global,Aluminium,Electricity,2019,3.4030921983279416,EJ/yr,plotted,"[""Final Energy|Industry|Non-Ferrous Metals|Aluminum|Electricity""]",fig06_energy_mix,,,,,,"[""AFE"", ""AFN"", ""AFW"", ""AFZ"", ""ANZ"", ""ASC"", ""ASE"", ""ASO"", ""BRA"", ""CAN"", ""CHL"", ""CHN"", ""ENE"", ""ENW"", ""EUE"", ""EUM"", ""EUW"", ""IDN"", ""IND"", ""JPN"", ""LAM"", ""MDA"", ""MEA"", ""MEX"", ""NIG"", ""RUS"", ""SKT"", ""USA""]",Final energy,,,1.0,3.4030921983279416,EJ/yr,,,noce,0.0,historical,2019,0.0,,,,,,,,
ndc_noce,NDC,No CE,c,Global,Aluminium,Gases,2019,0.49666926405350864,EJ/yr,plotted,"[""Final Energy|Industry|Non-Ferrous Metals|Aluminum|Gases""]",fig06_energy_mix,,,,,,"[""AFE"", ""AFN"", ""AFW"", ""AFZ"", ""ANZ"", ""ASC"", ""ASE"", ""ASO"", ""BRA"", ""CAN"", ""CHL"", ""CHN"", ""ENE"", ""ENW"", ""EUE"", ""EUM"", ""EUW"", ""IDN"", ""IND"", ""JPN"", ""LAM"", ""MDA"", ""MEA"", ""MEX"", ""NIG"", ""RUS"", ""SKT"", ""USA""]",Final energy,,,1.0,0.49666926405350864,EJ/yr,,,noce,0.0,historical,2019,0.0,,,,,,,,
ndc_noce,NDC,No CE,c,Global,Aluminium,Hydrogen,2019,0.0,EJ/yr,plotted,"[""Final Energy|Industry|Non-Ferrous Metals|Aluminum|Hydrogen""]",fig06_energy_mix,,,,,,"[""AFE"", ""AFN"", ""AFW"", ""AFZ"", ""ANZ"", ""ASC"", ""ASE"", ""ASO"", ""BRA"", ""CAN"", ""CHL"", ""CHN"", ""ENE"", ""ENW"", ""EUE"", ""EUM"", ""EUW"", ""IDN"", ""IND"", ""JPN"", ""LAM"", ""MDA"", ""MEA"", ""MEX"", ""NIG"", ""RUS"", ""SKT"", ""USA""]",Final energy,,,1.0,0.0,EJ/yr,,,noce,0.0,historical,2019,0.0,,,,,,,,
ndc_noce,NDC,No CE,c,Global,Aluminium,Liquids,2019,0.08640766076555549,EJ/yr,plotted,"[""Final Energy|Industry|Non-Ferrous Metals|Aluminum|Liquids""]",fig06_energy_mix,,,,,,"[""AFE"", ""AFN"", ""AFW"", ""AFZ"", ""ANZ"", ""ASC"", ""ASE"", ""ASO"", ""BRA"", ""CAN"", ""CHL"", ""CHN"", ""ENE"", ""ENW"", ""EUE"", ""EUM"", ""EUW"", ""IDN"", ""IND"", ""JPN"", ""LAM"", ""MDA"", ""MEA"", ""MEX"", ""NIG"", ""RUS"", ""SKT"", ""USA""]",Final energy,,,1.0,0.08640766076555549,EJ/yr,,,noce,0.0,historical,2019,0.0,,,,,,,,
ndc_noce,NDC,No CE,c,Global,Aluminium,Solids,2019,0.6947787453102924,EJ/yr,plotted,"[""Final Energy|Industry|Non-Ferrous Metals|Aluminum|Solids""]",fig06_energy_mix,,,,,,"[""AFE"", ""AFN"", ""AFW"", ""AFZ"", ""ANZ"", ""ASC"", ""ASE"", ""ASO"", ""BRA"", ""CAN"", ""CHL"", ""CHN"", ""ENE"", ""ENW"", ""EUE"", ""EUM"", ""EUW"", ""IDN"", ""IND"", ""JPN"", ""LAM"", ""MDA"", ""MEA"", ""MEX"", ""NIG"", ""RUS"", ""SKT"", ""USA""]",Final energy,,,1.0,0.6947787453102924,EJ/yr,,,noce,0.0,historical,2019,0.0,,,,,,,,
ndc_noce,NDC,No CE,c,Global,Aluminium,Total,2019,4.680947868457298,EJ/yr,context,"[""Final Energy|Industry|Non-Ferrous Metals|Aluminum|Electricity"", ""Final Energy|Industry|Non-Ferrous Metals|Aluminum|Gases"", ""Final Energy|Industry|Non-Ferrous Metals|Aluminum|Hydrogen"", ""Final Energy|Industry|Non-Ferrous Metals|Aluminum|Liquids"", ""Final Energy|Industry|Non-Ferrous Metals|Aluminum|Solids""]",fig06_energy_mix,,,,,,"[""AFE"", ""AFN"", ""AFW"", ""AFZ"", ""ANZ"", ""ASC"", ""ASE"", ""ASO"", ""BRA"", ""CAN"", ""CHL"", ""CHN"", ""ENE"", ""ENW"", ""EUE"", ""EUM"", ""EUW"", ""IDN"", ""IND"", ""JPN"", ""LAM"", ""MDA"", ""MEA"", ""MEX"", ""NIG"", ""RUS"", ""SKT"", ""USA""]",Final energy,,,1.0,4.680947868457298,EJ/yr,,,noce,0.0,historical,2019,0.0,,,,,,,,
ndc_noce,NDC,No CE,c,Global,Aluminium,Electricity,2050,4.082934146674068,EJ/yr,plotted,"[""Final Energy|Industry|Non-Ferrous Metals|Aluminum|Electricity""]",fig06_energy_mix,,,,,,"[""AFE"", ""AFN"", ""AFW"", ""AFZ"", ""ANZ"", ""ASC"", ""ASE"", ""ASO"", ""BRA"", ""CAN"", ""CHL"", ""CHN"", ""ENE"", ""ENW"", ""EUE"", ""EUM"", ""EUW"", ""IDN"", ""IND"", ""JPN"", ""LAM"", ""MDA"", ""MEA"", ""MEX"", ""NIG"", ""RUS"", ""SKT"", ""USA""]",Final energy,,,1.0,4.082934146674068,EJ/yr,,,noce,1.0,future,No CE,0.0,,,,,,,,
ndc_noce,NDC,No CE,c,Global,Aluminium,Gases,2050,0.6855848820820668,EJ/yr,plotted,"[""Final Energy|Industry|Non-Ferrous Metals|Aluminum|Gases""]",fig06_energy_mix,,,,,,"[""AFE"", ""AFN"", ""AFW"", ""AFZ"", ""ANZ"", ""ASC"", ""ASE"", ""ASO"", ""BRA"", ""CAN"", ""CHL"", ""CHN"", ""ENE"", ""ENW"", ""EUE"", ""EUM"", ""EUW"", ""IDN"", ""IND"", ""JPN"", ""LAM"", ""MDA"", ""MEA"", ""MEX"", ""NIG"", ""RUS"", ""SKT"", ""USA""]",Final energy,,,1.0,0.6855848820820668,EJ/yr,,,noce,1.0,future,No CE,0.0,,,,,,,,
ndc_noce,NDC,No CE,c,Global,Aluminium,Hydrogen,2050,0.4203146370633831,EJ/yr,plotted,"[""Final Energy|Industry|Non-Ferrous Metals|Aluminum|Hydrogen""]",fig06_energy_mix,,,,,,"[""AFE"", ""AFN"", ""AFW"", ""AFZ"", ""ANZ"", ""ASC"", ""ASE"", ""ASO"", ""BRA"", ""CAN"", ""CHL"", ""CHN"", ""ENE"", ""ENW"", ""EUE"", ""EUM"", ""EUW"", ""IDN"", ""IND"", ""JPN"", ""LAM"", ""MDA"", ""MEA"", ""MEX"", ""NIG"", ""RUS"", ""SKT"", ""USA""]",Final energy,,,1.0,0.4203146370633831,EJ/yr,,,noce,1.0,future,No CE,0.0,,,,,,,,
ndc_noce,NDC,No CE,c,Global,Aluminium,Liquids,2050,0.0,EJ/yr,plotted,"[""Final Energy|Industry|Non-Ferrous Metals|Aluminum|Liquids""]",fig06_energy_mix,,,,,,"[""AFE"", ""AFN"", ""AFW"", ""AFZ"", ""ANZ"", ""ASC"", ""ASE"", ""ASO"", ""BRA"", ""CAN"", ""CHL"", ""CHN"", ""ENE"", ""ENW"", ""EUE"", ""EUM"", ""EUW"", ""IDN"", ""IND"", ""JPN"", ""LAM"", ""MDA"", ""MEA"", ""MEX"", ""NIG"", ""RUS"", ""SKT"", ""USA""]",Final energy,,,1.0,0.0,EJ/yr,,,noce,1.0,future,No CE,0.0,,,,,,,,
ndc_noce,NDC,No CE,c,Global,Aluminium,Solids,2050,0.0,EJ/yr,plotted,"[""Final Energy|Industry|Non-Ferrous Metals|Aluminum|Solids""]",fig06_energy_mix,,,,,,"[""AFE"", ""AFN"", ""AFW"", ""AFZ"", ""ANZ"", ""ASC"", ""ASE"", ""ASO"", ""BRA"", ""CAN"", ""CHL"", ""CHN"", ""ENE"", ""ENW"", ""EUE"", ""EUM"", ""EUW"", ""IDN"", ""IND"", ""JPN"", ""LAM"", ""MDA"", ""MEA"", ""MEX"", ""NIG"", ""RUS"", ""SKT"", ""USA""]",Final energy,,,1.0,0.0,EJ/yr,,,noce,1.0,future,No CE,0.0,,,,,,,,
ndc_noce,NDC,No CE,c,Global,Aluminium,Total,2050,5.1888336658195175,EJ/yr,context,"[""Final Energy|Industry|Non-Ferrous Metals|Aluminum|Electricity"", ""Final Energy|Industry|Non-Ferrous Metals|Aluminum|Gases"", ""Final Energy|Industry|Non-Ferrous Metals|Aluminum|Hydrogen"", ""Final Energy|Industry|Non-Ferrous Metals|Aluminum|Liquids"", ""Final Energy|Industry|Non-Ferrous Metals|Aluminum|Solids""]",fig06_energy_mix,,,,,,"[""AFE"", ""AFN"", ""AFW"", ""AFZ"", ""ANZ"", ""ASC"", ""ASE"", ""ASO"", ""BRA"", ""CAN"", ""CHL"", ""CHN"", ""ENE"", ""ENW"", ""EUE"", ""EUM"", ""EUW"", ""IDN"", ""IND"", ""JPN"", ""LAM"", ""MDA"", ""MEA"", ""MEX"", ""NIG"", ""RUS"", ""SKT"", ""USA""]",Final energy,,,1.0,5.1888336658195175,EJ/yr,,,noce,1.0,future,No CE,0.0,,,,,,,,
ndc_noce,NDC,No CE,c,Global,Aluminium,Total,2050,1.4210854715202004e-14,%,context,"[""Final Energy|Industry|Non-Ferrous Metals|Aluminum|Electricity"", ""Final Energy|Industry|Non-Ferrous Metals|Aluminum|Gases"", ""Final Energy|Industry|Non-Ferrous Metals|Aluminum|Hydrogen"", ""Final Energy|Industry|Non-Ferrous Metals|Aluminum|Liquids"", ""Final Energy|Industry|Non-Ferrous Metals|Aluminum|Solids""]",fig06_energy_mix,,,,,,"[""AFE"", ""AFN"", ""AFW"", ""AFZ"", ""ANZ"", ""ASC"", ""ASE"", ""ASO"", ""BRA"", ""CAN"", ""CHL"", ""CHN"", ""ENE"", ""ENW"", ""EUE"", ""EUM"", ""EUW"", ""IDN"", ""IND"", ""JPN"", ""LAM"", ""MDA"", ""MEA"", ""MEX"", ""NIG"", ""RUS"", ""SKT"", ""USA""]",Final energy change from no CE,,,100.0,5.1888336658195175,EJ/yr,5.1888336658195175,EJ/yr,noce,1.0,future,No CE,-100.0,ndc_noce,2050.0,,,,,,
ndc_medce_eu,NDC,"Medium CE, EU",c,Global,Aluminium,Electricity,2050,3.9471702481694857,EJ/yr,plotted,"[""Final Energy|Industry|Non-Ferrous Metals|Aluminum|Electricity""]",fig06_energy_mix,,,,,,"[""AFE"", ""AFN"", ""AFW"", ""AFZ"", ""ANZ"", ""ASC"", ""ASE"", ""ASO"", ""BRA"", ""CAN"", ""CHL"", ""CHN"", ""ENE"", ""ENW"", ""EUE"", ""EUM"", ""EUW"", ""IDN"", ""IND"", ""JPN"", ""LAM"", ""MDA"", ""MEA"", ""MEX"", ""NIG"", ""RUS"", ""SKT"", ""USA""]",Final energy,,,1.0,3.9471702481694857,EJ/yr,,,medce_eu,2.0,future,M–EU,0.0,,,,,,,,
ndc_medce_eu,NDC,"Medium CE, EU",c,Global,Aluminium,Gases,2050,0.7077680224727686,EJ/yr,plotted,"[""Final Energy|Industry|Non-Ferrous Metals|Aluminum|Gases""]",fig06_energy_mix,,,,,,"[""AFE"", ""AFN"", ""AFW"", ""AFZ"", ""ANZ"", ""ASC"", ""ASE"", ""ASO"", ""BRA"", ""CAN"", ""CHL"", ""CHN"", ""ENE"", ""ENW"", ""EUE"", ""EUM"", ""EUW"", ""IDN"", ""IND"", ""JPN"", ""LAM"", ""MDA"", ""MEA"", ""MEX"", ""NIG"", ""RUS"", ""SKT"", ""USA""]",Final energy,,,1.0,0.7077680224727686,EJ/yr,,,medce_eu,2.0,future,M–EU,0.0,,,,,,,,
ndc_medce_eu,NDC,"Medium CE, EU",c,Global,Aluminium,Hydrogen,2050,0.4294442126659103,EJ/yr,plotted,"[""Final Energy|Industry|Non-Ferrous Metals|Aluminum|Hydrogen""]",fig06_energy_mix,,,,,,"[""AFE"", ""AFN"", ""AFW"", ""AFZ"", ""ANZ"", ""ASC"", ""ASE"", ""ASO"", ""BRA"", ""CAN"", ""CHL"", ""CHN"", ""ENE"", ""ENW"", ""EUE"", ""EUM"", ""EUW"", ""IDN"", ""IND"", ""JPN"", ""LAM"", ""MDA"", ""MEA"", ""MEX"", ""NIG"", ""RUS"", ""SKT"", ""USA""]",Final energy,,,1.0,0.4294442126659103,EJ/yr,,,medce_eu,2.0,future,M–EU,0.0,,,,,,,,
ndc_medce_eu,NDC,"Medium CE, EU",c,Global,Aluminium,Liquids,2050,0.0,EJ/yr,plotted,"[""Final Energy|Industry|Non-Ferrous Metals|Aluminum|Liquids""]",fig06_energy_mix,,,,,,"[""AFE"", ""AFN"", ""AFW"", ""AFZ"", ""ANZ"", ""ASC"", ""ASE"", ""ASO"", ""BRA"", ""CAN"", ""CHL"", ""CHN"", ""ENE"", ""ENW"", ""EUE"", ""EUM"", ""EUW"", ""IDN"", ""IND"", ""JPN"", ""LAM"", ""MDA"", ""MEA"", ""MEX"", ""NIG"", ""RUS"", ""SKT"", ""USA""]",Final energy,,,1.0,0.0,EJ/yr,,,medce_eu,2.0,future,M–EU,0.0,,,,,,,,
ndc_medce_eu,NDC,"Medium CE, EU",c,Global,Aluminium,Solids,2050,0.0,EJ/yr,plotted,"[""Final Energy|Industry|Non-Ferrous Metals|Aluminum|Solids""]",fig06_energy_mix,,,,,,"[""AFE"", ""AFN"", ""AFW"", ""AFZ"", ""ANZ"", ""ASC"", ""ASE"", ""ASO"", ""BRA"", ""CAN"", ""CHL"", ""CHN"", ""ENE"", ""ENW"", ""EUE"", ""EUM"", ""EUW"", ""IDN"", ""IND"", ""JPN"", ""LAM"", ""MDA"", ""MEA"", ""MEX"", ""NIG"", ""RUS"", ""SKT"", ""USA""]",Final energy,,,1.0,0.0,EJ/yr,,,medce_eu,2.0,future,M–EU,0.0,,,,,,,,
ndc_medce_eu,NDC,"Medium CE, EU",c,Global,Aluminium,Total,2050,5.084382483308164,EJ/yr,context,"[""Final Energy|Industry|Non-Ferrous Metals|Aluminum|Electricity"", ""Final Energy|Industry|Non-Ferrous Metals|Aluminum|Gases"", ""Final Energy|Industry|Non-Ferrous Metals|Aluminum|Hydrogen"", ""Final Energy|Industry|Non-Ferrous Metals|Aluminum|Liquids"", ""Final Energy|Industry|Non-Ferrous Metals|Aluminum|Solids""]",fig06_energy_mix,,,,,,"[""AFE"", ""AFN"", ""AFW"", ""AFZ"", ""ANZ"", ""ASC"", ""ASE"", ""ASO"", ""BRA"", ""CAN"", ""CHL"", ""CHN"", ""ENE"", ""ENW"", ""EUE"", ""EUM"", ""EUW"", ""IDN"", ""IND"", ""JPN"", ""LAM"", ""MDA"", ""MEA"", ""MEX"", ""NIG"", ""RUS"", ""SKT"", ""USA""]",Final energy,,,1.0,5.084382483308164,EJ/yr,,,medce_eu,2.0,future,M–EU,0.0,,,,,,,,
ndc_medce_eu,NDC,"Medium CE, EU",c,Global,Aluminium,Total,2050,-2.012999244886302,%,context,"[""Final Energy|Industry|Non-Ferrous Metals|Aluminum|Electricity"", ""Final Energy|Industry|Non-Ferrous Metals|Aluminum|Gases"", ""Final Energy|Industry|Non-Ferrous Metals|Aluminum|Hydrogen"", ""Final Energy|Industry|Non-Ferrous Metals|Aluminum|Liquids"", ""Final Energy|Industry|Non-Ferrous Metals|Aluminum|Solids""]",fig06_energy_mix,,,,,,"[""AFE"", ""AFN"", ""AFW"", ""AFZ"", ""ANZ"", ""ASC"", ""ASE"", ""ASO"", ""BRA"", ""CAN"", ""CHL"", ""CHN"", ""ENE"", ""ENW"", ""EUE"", ""EUM"", ""EUW"", ""IDN"", ""IND"", ""JPN"", ""LAM"", ""MDA"", ""MEA"", ""MEX"", ""NIG"", ""RUS"", ""SKT"", ""USA""]",Final energy change from no CE,,,100.0,5.084382483308164,EJ/yr,5.1888336658195175,EJ/yr,medce_eu,2.0,future,M–EU,-100.0,ndc_noce,2050.0,,,,,,
ndc_highce_eu,NDC,"High CE, EU",c,Global,Aluminium,Electricity,2050,3.8600526516515385,EJ/yr,plotted,"[""Final Energy|Industry|Non-Ferrous Metals|Aluminum|Electricity""]",fig06_energy_mix,,,,,,"[""AFE"", ""AFN"", ""AFW"", ""AFZ"", ""ANZ"", ""ASC"", ""ASE"", ""ASO"", ""BRA"", ""CAN"", ""CHL"", ""CHN"", ""ENE"", ""ENW"", ""EUE"", ""EUM"", ""EUW"", ""IDN"", ""IND"", ""JPN"", ""LAM"", ""MDA"", ""MEA"", ""MEX"", ""NIG"", ""RUS"", ""SKT"", ""USA""]",Final energy,,,1.0,3.8600526516515385,EJ/yr,,,highce_eu,3.0,future,H–EU,0.0,,,,,,,,
ndc_highce_eu,NDC,"High CE, EU",c,Global,Aluminium,Gases,2050,0.7012880385610358,EJ/yr,plotted,"[""Final Energy|Industry|Non-Ferrous Metals|Aluminum|Gases""]",fig06_energy_mix,,,,,,"[""AFE"", ""AFN"", ""AFW"", ""AFZ"", ""ANZ"", ""ASC"", ""ASE"", ""ASO"", ""BRA"", ""CAN"", ""CHL"", ""CHN"", ""ENE"", ""ENW"", ""EUE"", ""EUM"", ""EUW"", ""IDN"", ""IND"", ""JPN"", ""LAM"", ""MDA"", ""MEA"", ""MEX"", ""NIG"", ""RUS"", ""SKT"", ""USA""]",Final energy,,,1.0,0.7012880385610358,EJ/yr,,,highce_eu,3.0,future,H–EU,0.0,,,,,,,,
ndc_highce_eu,NDC,"High CE, EU",c,Global,Aluminium,Hydrogen,2050,0.43025386929865067,EJ/yr,plotted,"[""Final Energy|Industry|Non-Ferrous Metals|Aluminum|Hydrogen""]",fig06_energy_mix,,,,,,"[""AFE"", ""AFN"", ""AFW"", ""AFZ"", ""ANZ"", ""ASC"", ""ASE"", ""ASO"", ""BRA"", ""CAN"", ""CHL"", ""CHN"", ""ENE"", ""ENW"", ""EUE"", ""EUM"", ""EUW"", ""IDN"", ""IND"", ""JPN"", ""LAM"", ""MDA"", ""MEA"", ""MEX"", ""NIG"", ""RUS"", ""SKT"", ""USA""]",Final energy,,,1.0,0.43025386929865067,EJ/yr,,,highce_eu,3.0,future,H–EU,0.0,,,,,,,,
ndc_highce_eu,NDC,"High CE, EU",c,Global,Aluminium,Liquids,2050,0.0,EJ/yr,plotted,"[""Final Energy|Industry|Non-Ferrous Metals|Aluminum|Liquids""]",fig06_energy_mix,,,,,,"[""AFE"", ""AFN"", ""AFW"", ""AFZ"", ""ANZ"", ""ASC"", ""ASE"", ""ASO"", ""BRA"", ""CAN"", ""CHL"", ""CHN"", ""ENE"", ""ENW"", ""EUE"", ""EUM"", ""EUW"", ""IDN"", ""IND"", ""JPN"", ""LAM"", ""MDA"", ""MEA"", ""MEX"", ""NIG"", ""RUS"", ""SKT"", ""USA""]",Final energy,,,1.0,0.0,EJ/yr,,,highce_eu,3.0,future,H–EU,0.0,,,,,,,,
ndc_highce_eu,NDC,"High CE, EU",c,Global,Aluminium,Solids,2050,0.0,EJ/yr,plotted,"[""Final Energy|Industry|Non-Ferrous Metals|Aluminum|Solids""]",fig06_energy_mix,,,,,,"[""AFE"", ""AFN"", ""AFW"", ""AFZ"", ""ANZ"", ""ASC"", ""ASE"", ""ASO"", ""BRA"", ""CAN"", ""CHL"", ""CHN"", ""ENE"", ""ENW"", ""EUE"", ""EUM"", ""EUW"", ""IDN"", ""IND"", ""JPN"", ""LAM"", ""MDA"", ""MEA"", ""MEX"", ""NIG"", ""RUS"", ""SKT"", ""USA""]",Final energy,,,1.0,0.0,EJ/yr,,,highce_eu,3.0,future,H–EU,0.0,,,,,,,,
ndc_highce_eu,NDC,"High CE, EU",c,Global,Aluminium,Total,2050,4.991594559511225,EJ/yr,context,"[""Final Energy|Industry|Non-Ferrous Metals|Aluminum|Electricity"", ""Final Energy|Industry|Non-Ferrous Metals|Aluminum|Gases"", ""Final Energy|Industry|Non-Ferrous Metals|Aluminum|Hydrogen"", ""Final Energy|Industry|Non-Ferrous Metals|Aluminum|Liquids"", ""Final Energy|Industry|Non-Ferrous Metals|Aluminum|Solids""]",fig06_energy_mix,,,,,,"[""AFE"", ""AFN"", ""AFW"", ""AFZ"", ""ANZ"", ""ASC"", ""ASE"", ""ASO"", ""BRA"", ""CAN"", ""CHL"", ""CHN"", ""ENE"", ""ENW"", ""EUE"", ""EUM"", ""EUW"", ""IDN"", ""IND"", ""JPN"", ""LAM"", ""MDA"", ""MEA"", ""MEX"", ""NIG"", ""RUS"", ""SKT"", ""USA""]",Final energy,,,1.0,4.991594559511225,EJ/yr,,,highce_eu,3.0,future,H–EU,0.0,,,,,,,,
ndc_highce_eu,NDC,"High CE, EU",c,Global,Aluminium,Total,2050,-3.8012223750313865,%,context,"[""Final Energy|Industry|Non-Ferrous Metals|Aluminum|Electricity"", ""Final Energy|Industry|Non-Ferrous Metals|Aluminum|Gases"", ""Final Energy|Industry|Non-Ferrous Metals|Aluminum|Hydrogen"", ""Final Energy|Industry|Non-Ferrous Metals|Aluminum|Liquids"", ""Final Energy|Industry|Non-Ferrous Metals|Aluminum|Solids""]",fig06_energy_mix,,,,,,"[""AFE"", ""AFN"", ""AFW"", ""AFZ"", ""ANZ"", ""ASC"", ""ASE"", ""ASO"", ""BRA"", ""CAN"", ""CHL"", ""CHN"", ""ENE"", ""ENW"", ""EUE"", ""EUM"", ""EUW"", ""IDN"", ""IND"", ""JPN"", ""LAM"", ""MDA"", ""MEA"", ""MEX"", ""NIG"", ""RUS"", ""SKT"", ""USA""]",Final energy change from no CE,,,100.0,4.991594559511225,EJ/yr,5.1888336658195175,EJ/yr,highce_eu,3.0,future,H–EU,-100.0,ndc_noce,2050.0,,,,,,
ndc_medce_gbl,NDC,"Medium CE, EU + partners",c,Global,Aluminium,Electricity,2050,3.205310882763179,EJ/yr,plotted,"[""Final Energy|Industry|Non-Ferrous Metals|Aluminum|Electricity""]",fig06_energy_mix,,,,,,"[""AFE"", ""AFN"", ""AFW"", ""AFZ"", ""ANZ"", ""ASC"", ""ASE"", ""ASO"", ""BRA"", ""CAN"", ""CHL"", ""CHN"", ""ENE"", ""ENW"", ""EUE"", ""EUM"", ""EUW"", ""IDN"", ""IND"", ""JPN"", ""LAM"", ""MDA"", ""MEA"", ""MEX"", ""NIG"", ""RUS"", ""SKT"", ""USA""]",Final energy,,,1.0,3.205310882763179,EJ/yr,,,medce_gbl,4.0,future,M–EU+,0.0,,,,,,,,
ndc_medce_gbl,NDC,"Medium CE, EU + partners",c,Global,Aluminium,Gases,2050,0.6154730576884752,EJ/yr,plotted,"[""Final Energy|Industry|Non-Ferrous Metals|Aluminum|Gases""]",fig06_energy_mix,,,,,,"[""AFE"", ""AFN"", ""AFW"", ""AFZ"", ""ANZ"", ""ASC"", ""ASE"", ""ASO"", ""BRA"", ""CAN"", ""CHL"", ""CHN"", ""ENE"", ""ENW"", ""EUE"", ""EUM"", ""EUW"", ""IDN"", ""IND"", ""JPN"", ""LAM"", ""MDA"", ""MEA"", ""MEX"", ""NIG"", ""RUS"", ""SKT"", ""USA""]",Final energy,,,1.0,0.6154730576884752,EJ/yr,,,medce_gbl,4.0,future,M–EU+,0.0,,,,,,,,
ndc_medce_gbl,NDC,"Medium CE, EU + partners",c,Global,Aluminium,Hydrogen,2050,0.35219443032727793,EJ/yr,plotted,"[""Final Energy|Industry|Non-Ferrous Metals|Aluminum|Hydrogen""]",fig06_energy_mix,,,,,,"[""AFE"", ""AFN"", ""AFW"", ""AFZ"", ""ANZ"", ""ASC"", ""ASE"", ""ASO"", ""BRA"", ""CAN"", ""CHL"", ""CHN"", ""ENE"", ""ENW"", ""EUE"", ""EUM"", ""EUW"", ""IDN"", ""IND"", ""JPN"", ""LAM"", ""MDA"", ""MEA"", ""MEX"", ""NIG"", ""RUS"", ""SKT"", ""USA""]",Final energy,,,1.0,0.35219443032727793,EJ/yr,,,medce_gbl,4.0,future,M–EU+,0.0,,,,,,,,
ndc_medce_gbl,NDC,"Medium CE, EU + partners",c,Global,Aluminium,Liquids,2050,0.0,EJ/yr,plotted,"[""Final Energy|Industry|Non-Ferrous Metals|Aluminum|Liquids""]",fig06_energy_mix,,,,,,"[""AFE"", ""AFN"", ""AFW"", ""AFZ"", ""ANZ"", ""ASC"", ""ASE"", ""ASO"", ""BRA"", ""CAN"", ""CHL"", ""CHN"", ""ENE"", ""ENW"", ""EUE"", ""EUM"", ""EUW"", ""IDN"", ""IND"", ""JPN"", ""LAM"", ""MDA"", ""MEA"", ""MEX"", ""NIG"", ""RUS"", ""SKT"", ""USA""]",Final energy,,,1.0,0.0,EJ/yr,,,medce_gbl,4.0,future,M–EU+,0.0,,,,,,,,
ndc_medce_gbl,NDC,"Medium CE, EU + partners",c,Global,Aluminium,Solids,2050,0.0,EJ/yr,plotted,"[""Final Energy|Industry|Non-Ferrous Metals|Aluminum|Solids""]",fig06_energy_mix,,,,,,"[""AFE"", ""AFN"", ""AFW"", ""AFZ"", ""ANZ"", ""ASC"", ""ASE"", ""ASO"", ""BRA"", ""CAN"", ""CHL"", ""CHN"", ""ENE"", ""ENW"", ""EUE"", ""EUM"", ""EUW"", ""IDN"", ""IND"", ""JPN"", ""LAM"", ""MDA"", ""MEA"", ""MEX"", ""NIG"", ""RUS"", ""SKT"", ""USA""]",Final energy,,,1.0,0.0,EJ/yr,,,medce_gbl,4.0,future,M–EU+,0.0,,,,,,,,
ndc_medce_gbl,NDC,"Medium CE, EU + partners",c,Global,Aluminium,Total,2050,4.172978370778932,EJ/yr,context,"[""Final Energy|Industry|Non-Ferrous Metals|Aluminum|Electricity"", ""Final Energy|Industry|Non-Ferrous Metals|Aluminum|Gases"", ""Final Energy|Industry|Non-Ferrous Metals|Aluminum|Hydrogen"", ""Final Energy|Industry|Non-Ferrous Metals|Aluminum|Liquids"", ""Final Energy|Industry|Non-Ferrous Metals|Aluminum|Solids""]",fig06_energy_mix,,,,,,"[""AFE"", ""AFN"", ""AFW"", ""AFZ"", ""ANZ"", ""ASC"", ""ASE"", ""ASO"", ""BRA"", ""CAN"", ""CHL"", ""CHN"", ""ENE"", ""ENW"", ""EUE"", ""EUM"", ""EUW"", ""IDN"", ""IND"", ""JPN"", ""LAM"", ""MDA"", ""MEA"", ""MEX"", ""NIG"", ""RUS"", ""SKT"", ""USA""]",Final energy,,,1.0,4.172978370778932,EJ/yr,,,medce_gbl,4.0,future,M–EU+,0.0,,,,,,,,
ndc_medce_gbl,NDC,"Medium CE, EU + partners",c,Global,Aluminium,Total,2050,-19.577719396409734,%,context,"[""Final Energy|Industry|Non-Ferrous Metals|Aluminum|Electricity"", ""Final Energy|Industry|Non-Ferrous Metals|Aluminum|Gases"", ""Final Energy|Industry|Non-Ferrous Metals|Aluminum|Hydrogen"", ""Final Energy|Industry|Non-Ferrous Metals|Aluminum|Liquids"", ""Final Energy|Industry|Non-Ferrous Metals|Aluminum|Solids""]",fig06_energy_mix,,,,,,"[""AFE"", ""AFN"", ""AFW"", ""AFZ"", ""ANZ"", ""ASC"", ""ASE"", ""ASO"", ""BRA"", ""CAN"", ""CHL"", ""CHN"", ""ENE"", ""ENW"", ""EUE"", ""EUM"", ""EUW"", ""IDN"", ""IND"", ""JPN"", ""LAM"", ""MDA"", ""MEA"", ""MEX"", ""NIG"", ""RUS"", ""SKT"", ""USA""]",Final energy change from no CE,,,100.0,4.172978370778932,EJ/yr,5.1888336658195175,EJ/yr,medce_gbl,4.0,future,M–EU+,-100.0,ndc_noce,2050.0,,,,,,
ndc_highce_gbl,NDC,"High CE, EU + partners",c,Global,Aluminium,Electricity,2050,2.41153237711825,EJ/yr,plotted,"[""Final Energy|Industry|Non-Ferrous Metals|Aluminum|Electricity""]",fig06_energy_mix,,,,,,"[""AFE"", ""AFN"", ""AFW"", ""AFZ"", ""ANZ"", ""ASC"", ""ASE"", ""ASO"", ""BRA"", ""CAN"", ""CHL"", ""CHN"", ""ENE"", ""ENW"", ""EUE"", ""EUM"", ""EUW"", ""IDN"", ""IND"", ""JPN"", ""LAM"", ""MDA"", ""MEA"", ""MEX"", ""NIG"", ""RUS"", ""SKT"", ""USA""]",Final energy,,,1.0,2.41153237711825,EJ/yr,,,highce_gbl,5.0,future,H–EU+,0.0,,,,,,,,
ndc_highce_gbl,NDC,"High CE, EU + partners",c,Global,Aluminium,Gases,2050,0.6129294258512094,EJ/yr,plotted,"[""Final Energy|Industry|Non-Ferrous Metals|Aluminum|Gases""]",fig06_energy_mix,,,,,,"[""AFE"", ""AFN"", ""AFW"", ""AFZ"", ""ANZ"", ""ASC"", ""ASE"", ""ASO"", ""BRA"", ""CAN"", ""CHL"", ""CHN"", ""ENE"", ""ENW"", ""EUE"", ""EUM"", ""EUW"", ""IDN"", ""IND"", ""JPN"", ""LAM"", ""MDA"", ""MEA"", ""MEX"", ""NIG"", ""RUS"", ""SKT"", ""USA""]",Final energy,,,1.0,0.6129294258512094,EJ/yr,,,highce_gbl,5.0,future,H–EU+,0.0,,,,,,,,
ndc_highce_gbl,NDC,"High CE, EU + partners",c,Global,Aluminium,Hydrogen,2050,0.2936926846873479,EJ/yr,plotted,"[""Final Energy|Industry|Non-Ferrous Metals|Aluminum|Hydrogen""]",fig06_energy_mix,,,,,,"[""AFE"", ""AFN"", ""AFW"", ""AFZ"", ""ANZ"", ""ASC"", ""ASE"", ""ASO"", ""BRA"", ""CAN"", ""CHL"", ""CHN"", ""ENE"", ""ENW"", ""EUE"", ""EUM"", ""EUW"", ""IDN"", ""IND"", ""JPN"", ""LAM"", ""MDA"", ""MEA"", ""MEX"", ""NIG"", ""RUS"", ""SKT"", ""USA""]",Final energy,,,1.0,0.2936926846873479,EJ/yr,,,highce_gbl,5.0,future,H–EU+,0.0,,,,,,,,
ndc_highce_gbl,NDC,"High CE, EU + partners",c,Global,Aluminium,Liquids,2050,0.0,EJ/yr,plotted,"[""Final Energy|Industry|Non-Ferrous Metals|Aluminum|Liquids""]",fig06_energy_mix,,,,,,"[""AFE"", ""AFN"", ""AFW"", ""AFZ"", ""ANZ"", ""ASC"", ""ASE"", ""ASO"", ""BRA"", ""CAN"", ""CHL"", ""CHN"", ""ENE"", ""ENW"", ""EUE"", ""EUM"", ""EUW"", ""IDN"", ""IND"", ""JPN"", ""LAM"", ""MDA"", ""MEA"", ""MEX"", ""NIG"", ""RUS"", ""SKT"", ""USA""]",Final energy,,,1.0,0.0,EJ/yr,,,highce_gbl,5.0,future,H–EU+,0.0,,,,,,,,
ndc_highce_gbl,NDC,"High CE, EU + partners",c,Global,Aluminium,Solids,2050,0.0,EJ/yr,plotted,"[""Final Energy|Industry|Non-Ferrous Metals|Aluminum|Solids""]",fig06_energy_mix,,,,,,"[""AFE"", ""AFN"", ""AFW"", ""AFZ"", ""ANZ"", ""ASC"", ""ASE"", ""ASO"", ""BRA"", ""CAN"", ""CHL"", ""CHN"", ""ENE"", ""ENW"", ""EUE"", ""EUM"", ""EUW"", ""IDN"", ""IND"", ""JPN"", ""LAM"", ""MDA"", ""MEA"", ""MEX"", ""NIG"", ""RUS"", ""SKT"", ""USA""]",Final energy,,,1.0,0.0,EJ/yr,,,highce_gbl,5.0,future,H–EU+,0.0,,,,,,,,
ndc_highce_gbl,NDC,"High CE, EU + partners",c,Global,Aluminium,Total,2050,3.318154487656807,EJ/yr,context,"[""Final Energy|Industry|Non-Ferrous Metals|Aluminum|Electricity"", ""Final Energy|Industry|Non-Ferrous Metals|Aluminum|Gases"", ""Final Energy|Industry|Non-Ferrous Metals|Aluminum|Hydrogen"", ""Final Energy|Industry|Non-Ferrous Metals|Aluminum|Liquids"", ""Final Energy|Industry|Non-Ferrous Metals|Aluminum|Solids""]",fig06_energy_mix,,,,,,"[""AFE"", ""AFN"", ""AFW"", ""AFZ"", ""ANZ"", ""ASC"", ""ASE"", ""ASO"", ""BRA"", ""CAN"", ""CHL"", ""CHN"", ""ENE"", ""ENW"", ""EUE"", ""EUM"", ""EUW"", ""IDN"", ""IND"", ""JPN"", ""LAM"", ""MDA"", ""MEA"", ""MEX"", ""NIG"", ""RUS"", ""SKT"", ""USA""]",Final energy,,,1.0,3.318154487656807,EJ/yr,,,highce_gbl,5.0,future,H–EU+,0.0,,,,,,,,
ndc_highce_gbl,NDC,"High CE, EU + partners",c,Global,Aluminium,Total,2050,-36.05201666967017,%,context,"[""Final Energy|Industry|Non-Ferrous Metals|Aluminum|Electricity"", ""Final Energy|Industry|Non-Ferrous Metals|Aluminum|Gases"", ""Final Energy|Industry|Non-Ferrous Metals|Aluminum|Hydrogen"", ""Final Energy|Industry|Non-Ferrous Metals|Aluminum|Liquids"", ""Final Energy|Industry|Non-Ferrous Metals|Aluminum|Solids""]",fig06_energy_mix,,,,,,"[""AFE"", ""AFN"", ""AFW"", ""AFZ"", ""ANZ"", ""ASC"", ""ASE"", ""ASO"", ""BRA"", ""CAN"", ""CHL"", ""CHN"", ""ENE"", ""ENW"", ""EUE"", ""EUM"", ""EUW"", ""IDN"", ""IND"", ""JPN"", ""LAM"", ""MDA"", ""MEA"", ""MEX"", ""NIG"", ""RUS"", ""SKT"", ""USA""]",Final energy change from no CE,,,100.0,3.318154487656807,EJ/yr,5.1888336658195175,EJ/yr,highce_gbl,5.0,future,H–EU+,-100.0,ndc_noce,2050.0,,,,,,
baseline_noce,NDC+LTT,No CE,d,Global,Cement,Electricity,2019,1.7112106174892012,EJ/yr,plotted,"[""Final Energy|Industry|Non-Metallic Minerals|Cement|Electricity""]",fig06_energy_mix,,,,,,"[""AFE"", ""AFN"", ""AFW"", ""AFZ"", ""ANZ"", ""ASC"", ""ASE"", ""ASO"", ""BRA"", ""CAN"", ""CHL"", ""CHN"", ""ENE"", ""ENW"", ""EUE"", ""EUM"", ""EUW"", ""IDN"", ""IND"", ""JPN"", ""LAM"", ""MDA"", ""MEA"", ""MEX"", ""NIG"", ""RUS"", ""SKT"", ""USA""]",Final energy,,,1.0,1.7112106174892012,EJ/yr,,,noce,0.0,historical,2019,0.0,,,,,,,,
baseline_noce,NDC+LTT,No CE,d,Global,Cement,Gases,2019,1.5175769436631676,EJ/yr,plotted,"[""Final Energy|Industry|Non-Metallic Minerals|Cement|Gases""]",fig06_energy_mix,,,,,,"[""AFE"", ""AFN"", ""AFW"", ""AFZ"", ""ANZ"", ""ASC"", ""ASE"", ""ASO"", ""BRA"", ""CAN"", ""CHL"", ""CHN"", ""ENE"", ""ENW"", ""EUE"", ""EUM"", ""EUW"", ""IDN"", ""IND"", ""JPN"", ""LAM"", ""MDA"", ""MEA"", ""MEX"", ""NIG"", ""RUS"", ""SKT"", ""USA""]",Final energy,,,1.0,1.5175769436631676,EJ/yr,,,noce,0.0,historical,2019,0.0,,,,,,,,
baseline_noce,NDC+LTT,No CE,d,Global,Cement,Liquids,2019,1.3209977760460607,EJ/yr,plotted,"[""Final Energy|Industry|Non-Metallic Minerals|Cement|Liquids""]",fig06_energy_mix,,,,,,"[""AFE"", ""AFN"", ""AFW"", ""AFZ"", ""ANZ"", ""ASC"", ""ASE"", ""ASO"", ""BRA"", ""CAN"", ""CHL"", ""CHN"", ""ENE"", ""ENW"", ""EUE"", ""EUM"", ""EUW"", ""IDN"", ""IND"", ""JPN"", ""LAM"", ""MDA"", ""MEA"", ""MEX"", ""NIG"", ""RUS"", ""SKT"", ""USA""]",Final energy,,,1.0,1.3209977760460607,EJ/yr,,,noce,0.0,historical,2019,0.0,,,,,,,,
baseline_noce,NDC+LTT,No CE,d,Global,Cement,Solids,2019,7.657858569560997,EJ/yr,plotted,"[""Final Energy|Industry|Non-Metallic Minerals|Cement|Solids""]",fig06_energy_mix,,,,,,"[""AFE"", ""AFN"", ""AFW"", ""AFZ"", ""ANZ"", ""ASC"", ""ASE"", ""ASO"", ""BRA"", ""CAN"", ""CHL"", ""CHN"", ""ENE"", ""ENW"", ""EUE"", ""EUM"", ""EUW"", ""IDN"", ""IND"", ""JPN"", ""LAM"", ""MDA"", ""MEA"", ""MEX"", ""NIG"", ""RUS"", ""SKT"", ""USA""]",Final energy,,,1.0,7.657858569560997,EJ/yr,,,noce,0.0,historical,2019,0.0,,,,,,,,
baseline_noce,NDC+LTT,No CE,d,Global,Cement,Total,2019,12.207643906759426,EJ/yr,context,"[""Final Energy|Industry|Non-Metallic Minerals|Cement|Electricity"", ""Final Energy|Industry|Non-Metallic Minerals|Cement|Gases"", ""Final Energy|Industry|Non-Metallic Minerals|Cement|Liquids"", ""Final Energy|Industry|Non-Metallic Minerals|Cement|Solids""]",fig06_energy_mix,,,,,,"[""AFE"", ""AFN"", ""AFW"", ""AFZ"", ""ANZ"", ""ASC"", ""ASE"", ""ASO"", ""BRA"", ""CAN"", ""CHL"", ""CHN"", ""ENE"", ""ENW"", ""EUE"", ""EUM"", ""EUW"", ""IDN"", ""IND"", ""JPN"", ""LAM"", ""MDA"", ""MEA"", ""MEX"", ""NIG"", ""RUS"", ""SKT"", ""USA""]",Final energy,,,1.0,12.207643906759426,EJ/yr,,,noce,0.0,historical,2019,0.0,,,,,,,,
baseline_noce,NDC+LTT,No CE,d,Global,Cement,Electricity,2050,2.1890857994097614,EJ/yr,plotted,"[""Final Energy|Industry|Non-Metallic Minerals|Cement|Electricity""]",fig06_energy_mix,,,,,,"[""AFE"", ""AFN"", ""AFW"", ""AFZ"", ""ANZ"", ""ASC"", ""ASE"", ""ASO"", ""BRA"", ""CAN"", ""CHL"", ""CHN"", ""ENE"", ""ENW"", ""EUE"", ""EUM"", ""EUW"", ""IDN"", ""IND"", ""JPN"", ""LAM"", ""MDA"", ""MEA"", ""MEX"", ""NIG"", ""RUS"", ""SKT"", ""USA""]",Final energy,,,1.0,2.1890857994097614,EJ/yr,,,noce,1.0,future,No CE,0.0,,,,,,,,
baseline_noce,NDC+LTT,No CE,d,Global,Cement,Gases,2050,1.4045064239806693,EJ/yr,plotted,"[""Final Energy|Industry|Non-Metallic Minerals|Cement|Gases""]",fig06_energy_mix,,,,,,"[""AFE"", ""AFN"", ""AFW"", ""AFZ"", ""ANZ"", ""ASC"", ""ASE"", ""ASO"", ""BRA"", ""CAN"", ""CHL"", ""CHN"", ""ENE"", ""ENW"", ""EUE"", ""EUM"", ""EUW"", ""IDN"", ""IND"", ""JPN"", ""LAM"", ""MDA"", ""MEA"", ""MEX"", ""NIG"", ""RUS"", ""SKT"", ""USA""]",Final energy,,,1.0,1.4045064239806693,EJ/yr,,,noce,1.0,future,No CE,0.0,,,,,,,,
baseline_noce,NDC+LTT,No CE,d,Global,Cement,Liquids,2050,0.8942463104980527,EJ/yr,plotted,"[""Final Energy|Industry|Non-Metallic Minerals|Cement|Liquids""]",fig06_energy_mix,,,,,,"[""AFE"", ""AFN"", ""AFW"", ""AFZ"", ""ANZ"", ""ASC"", ""ASE"", ""ASO"", ""BRA"", ""CAN"", ""CHL"", ""CHN"", ""ENE"", ""ENW"", ""EUE"", ""EUM"", ""EUW"", ""IDN"", ""IND"", ""JPN"", ""LAM"", ""MDA"", ""MEA"", ""MEX"", ""NIG"", ""RUS"", ""SKT"", ""USA""]",Final energy,,,1.0,0.8942463104980527,EJ/yr,,,noce,1.0,future,No CE,0.0,,,,,,,,
baseline_noce,NDC+LTT,No CE,d,Global,Cement,Solids,2050,5.706391063400986,EJ/yr,plotted,"[""Final Energy|Industry|Non-Metallic Minerals|Cement|Solids""]",fig06_energy_mix,,,,,,"[""AFE"", ""AFN"", ""AFW"", ""AFZ"", ""ANZ"", ""ASC"", ""ASE"", ""ASO"", ""BRA"", ""CAN"", ""CHL"", ""CHN"", ""ENE"", ""ENW"", ""EUE"", ""EUM"", ""EUW"", ""IDN"", ""IND"", ""JPN"", ""LAM"", ""MDA"", ""MEA"", ""MEX"", ""NIG"", ""RUS"", ""SKT"", ""USA""]",Final energy,,,1.0,5.706391063400986,EJ/yr,,,noce,1.0,future,No CE,0.0,,,,,,,,
baseline_noce,NDC+LTT,No CE,d,Global,Cement,Total,2050,10.19422959728947,EJ/yr,context,"[""Final Energy|Industry|Non-Metallic Minerals|Cement|Electricity"", ""Final Energy|Industry|Non-Metallic Minerals|Cement|Gases"", ""Final Energy|Industry|Non-Metallic Minerals|Cement|Liquids"", ""Final Energy|Industry|Non-Metallic Minerals|Cement|Solids""]",fig06_energy_mix,,,,,,"[""AFE"", ""AFN"", ""AFW"", ""AFZ"", ""ANZ"", ""ASC"", ""ASE"", ""ASO"", ""BRA"", ""CAN"", ""CHL"", ""CHN"", ""ENE"", ""ENW"", ""EUE"", ""EUM"", ""EUW"", ""IDN"", ""IND"", ""JPN"", ""LAM"", ""MDA"", ""MEA"", ""MEX"", ""NIG"", ""RUS"", ""SKT"", ""USA""]",Final energy,,,1.0,10.19422959728947,EJ/yr,,,noce,1.0,future,No CE,0.0,,,,,,,,
baseline_noce,NDC+LTT,No CE,d,Global,Cement,Total,2050,0.0,%,context,"[""Final Energy|Industry|Non-Metallic Minerals|Cement|Electricity"", ""Final Energy|Industry|Non-Metallic Minerals|Cement|Gases"", ""Final Energy|Industry|Non-Metallic Minerals|Cement|Liquids"", ""Final Energy|Industry|Non-Metallic Minerals|Cement|Solids""]",fig06_energy_mix,,,,,,"[""AFE"", ""AFN"", ""AFW"", ""AFZ"", ""ANZ"", ""ASC"", ""ASE"", ""ASO"", ""BRA"", ""CAN"", ""CHL"", ""CHN"", ""ENE"", ""ENW"", ""EUE"", ""EUM"", ""EUW"", ""IDN"", ""IND"", ""JPN"", ""LAM"", ""MDA"", ""MEA"", ""MEX"", ""NIG"", ""RUS"", ""SKT"", ""USA""]",Final energy change from no CE,,,100.0,10.19422959728947,EJ/yr,10.19422959728947,EJ/yr,noce,1.0,future,No CE,-100.0,baseline_noce,2050.0,,,,,,
baseline_medce_eu,NDC+LTT,"Medium CE, EU",d,Global,Cement,Electricity,2050,2.1644014952962136,EJ/yr,plotted,"[""Final Energy|Industry|Non-Metallic Minerals|Cement|Electricity""]",fig06_energy_mix,,,,,,"[""AFE"", ""AFN"", ""AFW"", ""AFZ"", ""ANZ"", ""ASC"", ""ASE"", ""ASO"", ""BRA"", ""CAN"", ""CHL"", ""CHN"", ""ENE"", ""ENW"", ""EUE"", ""EUM"", ""EUW"", ""IDN"", ""IND"", ""JPN"", ""LAM"", ""MDA"", ""MEA"", ""MEX"", ""NIG"", ""RUS"", ""SKT"", ""USA""]",Final energy,,,1.0,2.1644014952962136,EJ/yr,,,medce_eu,2.0,future,M–EU,0.0,,,,,,,,
baseline_medce_eu,NDC+LTT,"Medium CE, EU",d,Global,Cement,Gases,2050,1.3960198735720426,EJ/yr,plotted,"[""Final Energy|Industry|Non-Metallic Minerals|Cement|Gases""]",fig06_energy_mix,,,,,,"[""AFE"", ""AFN"", ""AFW"", ""AFZ"", ""ANZ"", ""ASC"", ""ASE"", ""ASO"", ""BRA"", ""CAN"", ""CHL"", ""CHN"", ""ENE"", ""ENW"", ""EUE"", ""EUM"", ""EUW"", ""IDN"", ""IND"", ""JPN"", ""LAM"", ""MDA"", ""MEA"", ""MEX"", ""NIG"", ""RUS"", ""SKT"", ""USA""]",Final energy,,,1.0,1.3960198735720426,EJ/yr,,,medce_eu,2.0,future,M–EU,0.0,,,,,,,,
baseline_medce_eu,NDC+LTT,"Medium CE, EU",d,Global,Cement,Liquids,2050,0.880711896353694,EJ/yr,plotted,"[""Final Energy|Industry|Non-Metallic Minerals|Cement|Liquids""]",fig06_energy_mix,,,,,,"[""AFE"", ""AFN"", ""AFW"", ""AFZ"", ""ANZ"", ""ASC"", ""ASE"", ""ASO"", ""BRA"", ""CAN"", ""CHL"", ""CHN"", ""ENE"", ""ENW"", ""EUE"", ""EUM"", ""EUW"", ""IDN"", ""IND"", ""JPN"", ""LAM"", ""MDA"", ""MEA"", ""MEX"", ""NIG"", ""RUS"", ""SKT"", ""USA""]",Final energy,,,1.0,0.880711896353694,EJ/yr,,,medce_eu,2.0,future,M–EU,0.0,,,,,,,,
baseline_medce_eu,NDC+LTT,"Medium CE, EU",d,Global,Cement,Solids,2050,5.606602300710158,EJ/yr,plotted,"[""Final Energy|Industry|Non-Metallic Minerals|Cement|Solids""]",fig06_energy_mix,,,,,,"[""AFE"", ""AFN"", ""AFW"", ""AFZ"", ""ANZ"", ""ASC"", ""ASE"", ""ASO"", ""BRA"", ""CAN"", ""CHL"", ""CHN"", ""ENE"", ""ENW"", ""EUE"", ""EUM"", ""EUW"", ""IDN"", ""IND"", ""JPN"", ""LAM"", ""MDA"", ""MEA"", ""MEX"", ""NIG"", ""RUS"", ""SKT"", ""USA""]",Final energy,,,1.0,5.606602300710158,EJ/yr,,,medce_eu,2.0,future,M–EU,0.0,,,,,,,,
baseline_medce_eu,NDC+LTT,"Medium CE, EU",d,Global,Cement,Total,2050,10.047735565932108,EJ/yr,context,"[""Final Energy|Industry|Non-Metallic Minerals|Cement|Electricity"", ""Final Energy|Industry|Non-Metallic Minerals|Cement|Gases"", ""Final Energy|Industry|Non-Metallic Minerals|Cement|Liquids"", ""Final Energy|Industry|Non-Metallic Minerals|Cement|Solids""]",fig06_energy_mix,,,,,,"[""AFE"", ""AFN"", ""AFW"", ""AFZ"", ""ANZ"", ""ASC"", ""ASE"", ""ASO"", ""BRA"", ""CAN"", ""CHL"", ""CHN"", ""ENE"", ""ENW"", ""EUE"", ""EUM"", ""EUW"", ""IDN"", ""IND"", ""JPN"", ""LAM"", ""MDA"", ""MEA"", ""MEX"", ""NIG"", ""RUS"", ""SKT"", ""USA""]",Final energy,,,1.0,10.047735565932108,EJ/yr,,,medce_eu,2.0,future,M–EU,0.0,,,,,,,,
baseline_medce_eu,NDC+LTT,"Medium CE, EU",d,Global,Cement,Total,2050,-1.437028957993192,%,context,"[""Final Energy|Industry|Non-Metallic Minerals|Cement|Electricity"", ""Final Energy|Industry|Non-Metallic Minerals|Cement|Gases"", ""Final Energy|Industry|Non-Metallic Minerals|Cement|Liquids"", ""Final Energy|Industry|Non-Metallic Minerals|Cement|Solids""]",fig06_energy_mix,,,,,,"[""AFE"", ""AFN"", ""AFW"", ""AFZ"", ""ANZ"", ""ASC"", ""ASE"", ""ASO"", ""BRA"", ""CAN"", ""CHL"", ""CHN"", ""ENE"", ""ENW"", ""EUE"", ""EUM"", ""EUW"", ""IDN"", ""IND"", ""JPN"", ""LAM"", ""MDA"", ""MEA"", ""MEX"", ""NIG"", ""RUS"", ""SKT"", ""USA""]",Final energy change from no CE,,,100.0,10.047735565932108,EJ/yr,10.19422959728947,EJ/yr,medce_eu,2.0,future,M–EU,-100.0,baseline_noce,2050.0,,,,,,
baseline_highce_eu,NDC+LTT,"High CE, EU",d,Global,Cement,Electricity,2050,2.1554720324820713,EJ/yr,plotted,"[""Final Energy|Industry|Non-Metallic Minerals|Cement|Electricity""]",fig06_energy_mix,,,,,,"[""AFE"", ""AFN"", ""AFW"", ""AFZ"", ""ANZ"", ""ASC"", ""ASE"", ""ASO"", ""BRA"", ""CAN"", ""CHL"", ""CHN"", ""ENE"", ""ENW"", ""EUE"", ""EUM"", ""EUW"", ""IDN"", ""IND"", ""JPN"", ""LAM"", ""MDA"", ""MEA"", ""MEX"", ""NIG"", ""RUS"", ""SKT"", ""USA""]",Final energy,,,1.0,2.1554720324820713,EJ/yr,,,highce_eu,3.0,future,H–EU,0.0,,,,,,,,
baseline_highce_eu,NDC+LTT,"High CE, EU",d,Global,Cement,Gases,2050,1.3939122479962733,EJ/yr,plotted,"[""Final Energy|Industry|Non-Metallic Minerals|Cement|Gases""]",fig06_energy_mix,,,,,,"[""AFE"", ""AFN"", ""AFW"", ""AFZ"", ""ANZ"", ""ASC"", ""ASE"", ""ASO"", ""BRA"", ""CAN"", ""CHL"", ""CHN"", ""ENE"", ""ENW"", ""EUE"", ""EUM"", ""EUW"", ""IDN"", ""IND"", ""JPN"", ""LAM"", ""MDA"", ""MEA"", ""MEX"", ""NIG"", ""RUS"", ""SKT"", ""USA""]",Final energy,,,1.0,1.3939122479962733,EJ/yr,,,highce_eu,3.0,future,H–EU,0.0,,,,,,,,
baseline_highce_eu,NDC+LTT,"High CE, EU",d,Global,Cement,Liquids,2050,0.8764967440132029,EJ/yr,plotted,"[""Final Energy|Industry|Non-Metallic Minerals|Cement|Liquids""]",fig06_energy_mix,,,,,,"[""AFE"", ""AFN"", ""AFW"", ""AFZ"", ""ANZ"", ""ASC"", ""ASE"", ""ASO"", ""BRA"", ""CAN"", ""CHL"", ""CHN"", ""ENE"", ""ENW"", ""EUE"", ""EUM"", ""EUW"", ""IDN"", ""IND"", ""JPN"", ""LAM"", ""MDA"", ""MEA"", ""MEX"", ""NIG"", ""RUS"", ""SKT"", ""USA""]",Final energy,,,1.0,0.8764967440132029,EJ/yr,,,highce_eu,3.0,future,H–EU,0.0,,,,,,,,
baseline_highce_eu,NDC+LTT,"High CE, EU",d,Global,Cement,Solids,2050,5.574988707576083,EJ/yr,plotted,"[""Final Energy|Industry|Non-Metallic Minerals|Cement|Solids""]",fig06_energy_mix,,,,,,"[""AFE"", ""AFN"", ""AFW"", ""AFZ"", ""ANZ"", ""ASC"", ""ASE"", ""ASO"", ""BRA"", ""CAN"", ""CHL"", ""CHN"", ""ENE"", ""ENW"", ""EUE"", ""EUM"", ""EUW"", ""IDN"", ""IND"", ""JPN"", ""LAM"", ""MDA"", ""MEA"", ""MEX"", ""NIG"", ""RUS"", ""SKT"", ""USA""]",Final energy,,,1.0,5.574988707576083,EJ/yr,,,highce_eu,3.0,future,H–EU,0.0,,,,,,,,
baseline_highce_eu,NDC+LTT,"High CE, EU",d,Global,Cement,Total,2050,10.000869732067631,EJ/yr,context,"[""Final Energy|Industry|Non-Metallic Minerals|Cement|Electricity"", ""Final Energy|Industry|Non-Metallic Minerals|Cement|Gases"", ""Final Energy|Industry|Non-Metallic Minerals|Cement|Liquids"", ""Final Energy|Industry|Non-Metallic Minerals|Cement|Solids""]",fig06_energy_mix,,,,,,"[""AFE"", ""AFN"", ""AFW"", ""AFZ"", ""ANZ"", ""ASC"", ""ASE"", ""ASO"", ""BRA"", ""CAN"", ""CHL"", ""CHN"", ""ENE"", ""ENW"", ""EUE"", ""EUM"", ""EUW"", ""IDN"", ""IND"", ""JPN"", ""LAM"", ""MDA"", ""MEA"", ""MEX"", ""NIG"", ""RUS"", ""SKT"", ""USA""]",Final energy,,,1.0,10.000869732067631,EJ/yr,,,highce_eu,3.0,future,H–EU,0.0,,,,,,,,
baseline_highce_eu,NDC+LTT,"High CE, EU",d,Global,Cement,Total,2050,-1.89675799800753,%,context,"[""Final Energy|Industry|Non-Metallic Minerals|Cement|Electricity"", ""Final Energy|Industry|Non-Metallic Minerals|Cement|Gases"", ""Final Energy|Industry|Non-Metallic Minerals|Cement|Liquids"", ""Final Energy|Industry|Non-Metallic Minerals|Cement|Solids""]",fig06_energy_mix,,,,,,"[""AFE"", ""AFN"", ""AFW"", ""AFZ"", ""ANZ"", ""ASC"", ""ASE"", ""ASO"", ""BRA"", ""CAN"", ""CHL"", ""CHN"", ""ENE"", ""ENW"", ""EUE"", ""EUM"", ""EUW"", ""IDN"", ""IND"", ""JPN"", ""LAM"", ""MDA"", ""MEA"", ""MEX"", ""NIG"", ""RUS"", ""SKT"", ""USA""]",Final energy change from no CE,,,100.0,10.000869732067631,EJ/yr,10.19422959728947,EJ/yr,highce_eu,3.0,future,H–EU,-100.0,baseline_noce,2050.0,,,,,,
baseline_medce_gbl,NDC+LTT,"Medium CE, EU + partners",d,Global,Cement,Electricity,2050,1.8388900861618929,EJ/yr,plotted,"[""Final Energy|Industry|Non-Metallic Minerals|Cement|Electricity""]",fig06_energy_mix,,,,,,"[""AFE"", ""AFN"", ""AFW"", ""AFZ"", ""ANZ"", ""ASC"", ""ASE"", ""ASO"", ""BRA"", ""CAN"", ""CHL"", ""CHN"", ""ENE"", ""ENW"", ""EUE"", ""EUM"", ""EUW"", ""IDN"", ""IND"", ""JPN"", ""LAM"", ""MDA"", ""MEA"", ""MEX"", ""NIG"", ""RUS"", ""SKT"", ""USA""]",Final energy,,,1.0,1.8388900861618929,EJ/yr,,,medce_gbl,4.0,future,M–EU+,0.0,,,,,,,,
baseline_medce_gbl,NDC+LTT,"Medium CE, EU + partners",d,Global,Cement,Gases,2050,1.1581564985085198,EJ/yr,plotted,"[""Final Energy|Industry|Non-Metallic Minerals|Cement|Gases""]",fig06_energy_mix,,,,,,"[""AFE"", ""AFN"", ""AFW"", ""AFZ"", ""ANZ"", ""ASC"", ""ASE"", ""ASO"", ""BRA"", ""CAN"", ""CHL"", ""CHN"", ""ENE"", ""ENW"", ""EUE"", ""EUM"", ""EUW"", ""IDN"", ""IND"", ""JPN"", ""LAM"", ""MDA"", ""MEA"", ""MEX"", ""NIG"", ""RUS"", ""SKT"", ""USA""]",Final energy,,,1.0,1.1581564985085198,EJ/yr,,,medce_gbl,4.0,future,M–EU+,0.0,,,,,,,,
baseline_medce_gbl,NDC+LTT,"Medium CE, EU + partners",d,Global,Cement,Liquids,2050,0.7200628350157595,EJ/yr,plotted,"[""Final Energy|Industry|Non-Metallic Minerals|Cement|Liquids""]",fig06_energy_mix,,,,,,"[""AFE"", ""AFN"", ""AFW"", ""AFZ"", ""ANZ"", ""ASC"", ""ASE"", ""ASO"", ""BRA"", ""CAN"", ""CHL"", ""CHN"", ""ENE"", ""ENW"", ""EUE"", ""EUM"", ""EUW"", ""IDN"", ""IND"", ""JPN"", ""LAM"", ""MDA"", ""MEA"", ""MEX"", ""NIG"", ""RUS"", ""SKT"", ""USA""]",Final energy,,,1.0,0.7200628350157595,EJ/yr,,,medce_gbl,4.0,future,M–EU+,0.0,,,,,,,,
baseline_medce_gbl,NDC+LTT,"Medium CE, EU + partners",d,Global,Cement,Solids,2050,4.563857937377675,EJ/yr,plotted,"[""Final Energy|Industry|Non-Metallic Minerals|Cement|Solids""]",fig06_energy_mix,,,,,,"[""AFE"", ""AFN"", ""AFW"", ""AFZ"", ""ANZ"", ""ASC"", ""ASE"", ""ASO"", ""BRA"", ""CAN"", ""CHL"", ""CHN"", ""ENE"", ""ENW"", ""EUE"", ""EUM"", ""EUW"", ""IDN"", ""IND"", ""JPN"", ""LAM"", ""MDA"", ""MEA"", ""MEX"", ""NIG"", ""RUS"", ""SKT"", ""USA""]",Final energy,,,1.0,4.563857937377675,EJ/yr,,,medce_gbl,4.0,future,M–EU+,0.0,,,,,,,,
baseline_medce_gbl,NDC+LTT,"Medium CE, EU + partners",d,Global,Cement,Total,2050,8.280967357063847,EJ/yr,context,"[""Final Energy|Industry|Non-Metallic Minerals|Cement|Electricity"", ""Final Energy|Industry|Non-Metallic Minerals|Cement|Gases"", ""Final Energy|Industry|Non-Metallic Minerals|Cement|Liquids"", ""Final Energy|Industry|Non-Metallic Minerals|Cement|Solids""]",fig06_energy_mix,,,,,,"[""AFE"", ""AFN"", ""AFW"", ""AFZ"", ""ANZ"", ""ASC"", ""ASE"", ""ASO"", ""BRA"", ""CAN"", ""CHL"", ""CHN"", ""ENE"", ""ENW"", ""EUE"", ""EUM"", ""EUW"", ""IDN"", ""IND"", ""JPN"", ""LAM"", ""MDA"", ""MEA"", ""MEX"", ""NIG"", ""RUS"", ""SKT"", ""USA""]",Final energy,,,1.0,8.280967357063847,EJ/yr,,,medce_gbl,4.0,future,M–EU+,0.0,,,,,,,,
baseline_medce_gbl,NDC+LTT,"Medium CE, EU + partners",d,Global,Cement,Total,2050,-18.76809053559414,%,context,"[""Final Energy|Industry|Non-Metallic Minerals|Cement|Electricity"", ""Final Energy|Industry|Non-Metallic Minerals|Cement|Gases"", ""Final Energy|Industry|Non-Metallic Minerals|Cement|Liquids"", ""Final Energy|Industry|Non-Metallic Minerals|Cement|Solids""]",fig06_energy_mix,,,,,,"[""AFE"", ""AFN"", ""AFW"", ""AFZ"", ""ANZ"", ""ASC"", ""ASE"", ""ASO"", ""BRA"", ""CAN"", ""CHL"", ""CHN"", ""ENE"", ""ENW"", ""EUE"", ""EUM"", ""EUW"", ""IDN"", ""IND"", ""JPN"", ""LAM"", ""MDA"", ""MEA"", ""MEX"", ""NIG"", ""RUS"", ""SKT"", ""USA""]",Final energy change from no CE,,,100.0,8.280967357063847,EJ/yr,10.19422959728947,EJ/yr,medce_gbl,4.0,future,M–EU+,-100.0,baseline_noce,2050.0,,,,,,
baseline_highce_gbl,NDC+LTT,"High CE, EU + partners",d,Global,Cement,Electricity,2050,1.697563457276036,EJ/yr,plotted,"[""Final Energy|Industry|Non-Metallic Minerals|Cement|Electricity""]",fig06_energy_mix,,,,,,"[""AFE"", ""AFN"", ""AFW"", ""AFZ"", ""ANZ"", ""ASC"", ""ASE"", ""ASO"", ""BRA"", ""CAN"", ""CHL"", ""CHN"", ""ENE"", ""ENW"", ""EUE"", ""EUM"", ""EUW"", ""IDN"", ""IND"", ""JPN"", ""LAM"", ""MDA"", ""MEA"", ""MEX"", ""NIG"", ""RUS"", ""SKT"", ""USA""]",Final energy,,,1.0,1.697563457276036,EJ/yr,,,highce_gbl,5.0,future,H–EU+,0.0,,,,,,,,
baseline_highce_gbl,NDC+LTT,"High CE, EU + partners",d,Global,Cement,Gases,2050,1.0723090769139605,EJ/yr,plotted,"[""Final Energy|Industry|Non-Metallic Minerals|Cement|Gases""]",fig06_energy_mix,,,,,,"[""AFE"", ""AFN"", ""AFW"", ""AFZ"", ""ANZ"", ""ASC"", ""ASE"", ""ASO"", ""BRA"", ""CAN"", ""CHL"", ""CHN"", ""ENE"", ""ENW"", ""EUE"", ""EUM"", ""EUW"", ""IDN"", ""IND"", ""JPN"", ""LAM"", ""MDA"", ""MEA"", ""MEX"", ""NIG"", ""RUS"", ""SKT"", ""USA""]",Final energy,,,1.0,1.0723090769139605,EJ/yr,,,highce_gbl,5.0,future,H–EU+,0.0,,,,,,,,
baseline_highce_gbl,NDC+LTT,"High CE, EU + partners",d,Global,Cement,Liquids,2050,0.6522650037607827,EJ/yr,plotted,"[""Final Energy|Industry|Non-Metallic Minerals|Cement|Liquids""]",fig06_energy_mix,,,,,,"[""AFE"", ""AFN"", ""AFW"", ""AFZ"", ""ANZ"", ""ASC"", ""ASE"", ""ASO"", ""BRA"", ""CAN"", ""CHL"", ""CHN"", ""ENE"", ""ENW"", ""EUE"", ""EUM"", ""EUW"", ""IDN"", ""IND"", ""JPN"", ""LAM"", ""MDA"", ""MEA"", ""MEX"", ""NIG"", ""RUS"", ""SKT"", ""USA""]",Final energy,,,1.0,0.6522650037607827,EJ/yr,,,highce_gbl,5.0,future,H–EU+,0.0,,,,,,,,
baseline_highce_gbl,NDC+LTT,"High CE, EU + partners",d,Global,Cement,Solids,2050,4.108461040370228,EJ/yr,plotted,"[""Final Energy|Industry|Non-Metallic Minerals|Cement|Solids""]",fig06_energy_mix,,,,,,"[""AFE"", ""AFN"", ""AFW"", ""AFZ"", ""ANZ"", ""ASC"", ""ASE"", ""ASO"", ""BRA"", ""CAN"", ""CHL"", ""CHN"", ""ENE"", ""ENW"", ""EUE"", ""EUM"", ""EUW"", ""IDN"", ""IND"", ""JPN"", ""LAM"", ""MDA"", ""MEA"", ""MEX"", ""NIG"", ""RUS"", ""SKT"", ""USA""]",Final energy,,,1.0,4.108461040370228,EJ/yr,,,highce_gbl,5.0,future,H–EU+,0.0,,,,,,,,
baseline_highce_gbl,NDC+LTT,"High CE, EU + partners",d,Global,Cement,Total,2050,7.530598578321007,EJ/yr,context,"[""Final Energy|Industry|Non-Metallic Minerals|Cement|Electricity"", ""Final Energy|Industry|Non-Metallic Minerals|Cement|Gases"", ""Final Energy|Industry|Non-Metallic Minerals|Cement|Liquids"", ""Final Energy|Industry|Non-Metallic Minerals|Cement|Solids""]",fig06_energy_mix,,,,,,"[""AFE"", ""AFN"", ""AFW"", ""AFZ"", ""ANZ"", ""ASC"", ""ASE"", ""ASO"", ""BRA"", ""CAN"", ""CHL"", ""CHN"", ""ENE"", ""ENW"", ""EUE"", ""EUM"", ""EUW"", ""IDN"", ""IND"", ""JPN"", ""LAM"", ""MDA"", ""MEA"", ""MEX"", ""NIG"", ""RUS"", ""SKT"", ""USA""]",Final energy,,,1.0,7.530598578321007,EJ/yr,,,highce_gbl,5.0,future,H–EU+,0.0,,,,,,,,
baseline_highce_gbl,NDC+LTT,"High CE, EU + partners",d,Global,Cement,Total,2050,-26.128811339276595,%,context,"[""Final Energy|Industry|Non-Metallic Minerals|Cement|Electricity"", ""Final Energy|Industry|Non-Metallic Minerals|Cement|Gases"", ""Final Energy|Industry|Non-Metallic Minerals|Cement|Liquids"", ""Final Energy|Industry|Non-Metallic Minerals|Cement|Solids""]",fig06_energy_mix,,,,,,"[""AFE"", ""AFN"", ""AFW"", ""AFZ"", ""ANZ"", ""ASC"", ""ASE"", ""ASO"", ""BRA"", ""CAN"", ""CHL"", ""CHN"", ""ENE"", ""ENW"", ""EUE"", ""EUM"", ""EUW"", ""IDN"", ""IND"", ""JPN"", ""LAM"", ""MDA"", ""MEA"", ""MEX"", ""NIG"", ""RUS"", ""SKT"", ""USA""]",Final energy change from no CE,,,100.0,7.530598578321007,EJ/yr,10.19422959728947,EJ/yr,highce_gbl,5.0,future,H–EU+,-100.0,baseline_noce,2050.0,,,,,,
baseline_noce,NDC+LTT,No CE,e,Global,Iron and steel,Electricity,2019,4.450102658833501,EJ/yr,plotted,"[""Final Energy|Industry|Iron and Steel|Electricity""]",fig06_energy_mix,,,,,,"[""AFE"", ""AFN"", ""AFW"", ""AFZ"", ""ANZ"", ""ASC"", ""ASE"", ""ASO"", ""BRA"", ""CAN"", ""CHL"", ""CHN"", ""ENE"", ""ENW"", ""EUE"", ""EUM"", ""EUW"", ""IDN"", ""IND"", ""JPN"", ""LAM"", ""MDA"", ""MEA"", ""MEX"", ""NIG"", ""RUS"", ""SKT"", ""USA""]",Final energy,,,1.0,4.450102658833501,EJ/yr,,,noce,0.0,historical,2019,0.0,,,,,,,,
baseline_noce,NDC+LTT,No CE,e,Global,Iron and steel,Gases,2019,2.5956495325091713,EJ/yr,plotted,"[""Final Energy|Industry|Iron and Steel|Gases""]",fig06_energy_mix,,,,,,"[""AFE"", ""AFN"", ""AFW"", ""AFZ"", ""ANZ"", ""ASC"", ""ASE"", ""ASO"", ""BRA"", ""CAN"", ""CHL"", ""CHN"", ""ENE"", ""ENW"", ""EUE"", ""EUM"", ""EUW"", ""IDN"", ""IND"", ""JPN"", ""LAM"", ""MDA"", ""MEA"", ""MEX"", ""NIG"", ""RUS"", ""SKT"", ""USA""]",Final energy,,,1.0,2.5956495325091713,EJ/yr,,,noce,0.0,historical,2019,0.0,,,,,,,,
baseline_noce,NDC+LTT,No CE,e,Global,Iron and steel,Hydrogen,2019,0.0,EJ/yr,plotted,"[""Final Energy|Industry|Iron and Steel|Hydrogen""]",fig06_energy_mix,,,,,,"[""AFE"", ""AFN"", ""AFW"", ""AFZ"", ""ANZ"", ""ASC"", ""ASE"", ""ASO"", ""BRA"", ""CAN"", ""CHL"", ""CHN"", ""ENE"", ""ENW"", ""EUE"", ""EUM"", ""EUW"", ""IDN"", ""IND"", ""JPN"", ""LAM"", ""MDA"", ""MEA"", ""MEX"", ""NIG"", ""RUS"", ""SKT"", ""USA""]",Final energy,,,1.0,0.0,EJ/yr,,,noce,0.0,historical,2019,0.0,,,,,,,,
baseline_noce,NDC+LTT,No CE,e,Global,Iron and steel,Liquids,2019,0.2912064779786795,EJ/yr,plotted,"[""Final Energy|Industry|Iron and Steel|Liquids""]",fig06_energy_mix,,,,,,"[""AFE"", ""AFN"", ""AFW"", ""AFZ"", ""ANZ"", ""ASC"", ""ASE"", ""ASO"", ""BRA"", ""CAN"", ""CHL"", ""CHN"", ""ENE"", ""ENW"", ""EUE"", ""EUM"", ""EUW"", ""IDN"", ""IND"", ""JPN"", ""LAM"", ""MDA"", ""MEA"", ""MEX"", ""NIG"", ""RUS"", ""SKT"", ""USA""]",Final energy,,,1.0,0.2912064779786795,EJ/yr,,,noce,0.0,historical,2019,0.0,,,,,,,,
baseline_noce,NDC+LTT,No CE,e,Global,Iron and steel,Solids,2019,22.90554446435401,EJ/yr,plotted,"[""Final Energy|Industry|Iron and Steel|Solids""]",fig06_energy_mix,,,,,,"[""AFE"", ""AFN"", ""AFW"", ""AFZ"", ""ANZ"", ""ASC"", ""ASE"", ""ASO"", ""BRA"", ""CAN"", ""CHL"", ""CHN"", ""ENE"", ""ENW"", ""EUE"", ""EUM"", ""EUW"", ""IDN"", ""IND"", ""JPN"", ""LAM"", ""MDA"", ""MEA"", ""MEX"", ""NIG"", ""RUS"", ""SKT"", ""USA""]",Final energy,,,1.0,22.90554446435401,EJ/yr,,,noce,0.0,historical,2019,0.0,,,,,,,,
baseline_noce,NDC+LTT,No CE,e,Global,Iron and steel,Total,2019,30.24250313367536,EJ/yr,context,"[""Final Energy|Industry|Iron and Steel|Electricity"", ""Final Energy|Industry|Iron and Steel|Gases"", ""Final Energy|Industry|Iron and Steel|Hydrogen"", ""Final Energy|Industry|Iron and Steel|Liquids"", ""Final Energy|Industry|Iron and Steel|Solids""]",fig06_energy_mix,,,,,,"[""AFE"", ""AFN"", ""AFW"", ""AFZ"", ""ANZ"", ""ASC"", ""ASE"", ""ASO"", ""BRA"", ""CAN"", ""CHL"", ""CHN"", ""ENE"", ""ENW"", ""EUE"", ""EUM"", ""EUW"", ""IDN"", ""IND"", ""JPN"", ""LAM"", ""MDA"", ""MEA"", ""MEX"", ""NIG"", ""RUS"", ""SKT"", ""USA""]",Final energy,,,1.0,30.24250313367536,EJ/yr,,,noce,0.0,historical,2019,0.0,,,,,,,,
baseline_noce,NDC+LTT,No CE,e,Global,Iron and steel,Electricity,2050,8.53883974932105,EJ/yr,plotted,"[""Final Energy|Industry|Iron and Steel|Electricity""]",fig06_energy_mix,,,,,,"[""AFE"", ""AFN"", ""AFW"", ""AFZ"", ""ANZ"", ""ASC"", ""ASE"", ""ASO"", ""BRA"", ""CAN"", ""CHL"", ""CHN"", ""ENE"", ""ENW"", ""EUE"", ""EUM"", ""EUW"", ""IDN"", ""IND"", ""JPN"", ""LAM"", ""MDA"", ""MEA"", ""MEX"", ""NIG"", ""RUS"", ""SKT"", ""USA""]",Final energy,,,1.0,8.53883974932105,EJ/yr,,,noce,1.0,future,No CE,0.0,,,,,,,,
baseline_noce,NDC+LTT,No CE,e,Global,Iron and steel,Gases,2050,4.092643563447301,EJ/yr,plotted,"[""Final Energy|Industry|Iron and Steel|Gases""]",fig06_energy_mix,,,,,,"[""AFE"", ""AFN"", ""AFW"", ""AFZ"", ""ANZ"", ""ASC"", ""ASE"", ""ASO"", ""BRA"", ""CAN"", ""CHL"", ""CHN"", ""ENE"", ""ENW"", ""EUE"", ""EUM"", ""EUW"", ""IDN"", ""IND"", ""JPN"", ""LAM"", ""MDA"", ""MEA"", ""MEX"", ""NIG"", ""RUS"", ""SKT"", ""USA""]",Final energy,,,1.0,4.092643563447301,EJ/yr,,,noce,1.0,future,No CE,0.0,,,,,,,,
baseline_noce,NDC+LTT,No CE,e,Global,Iron and steel,Hydrogen,2050,1.4592124417736076,EJ/yr,plotted,"[""Final Energy|Industry|Iron and Steel|Hydrogen""]",fig06_energy_mix,,,,,,"[""AFE"", ""AFN"", ""AFW"", ""AFZ"", ""ANZ"", ""ASC"", ""ASE"", ""ASO"", ""BRA"", ""CAN"", ""CHL"", ""CHN"", ""ENE"", ""ENW"", ""EUE"", ""EUM"", ""EUW"", ""IDN"", ""IND"", ""JPN"", ""LAM"", ""MDA"", ""MEA"", ""MEX"", ""NIG"", ""RUS"", ""SKT"", ""USA""]",Final energy,,,1.0,1.4592124417736076,EJ/yr,,,noce,1.0,future,No CE,0.0,,,,,,,,
baseline_noce,NDC+LTT,No CE,e,Global,Iron and steel,Liquids,2050,0.0,EJ/yr,plotted,"[""Final Energy|Industry|Iron and Steel|Liquids""]",fig06_energy_mix,,,,,,"[""AFE"", ""AFN"", ""AFW"", ""AFZ"", ""ANZ"", ""ASC"", ""ASE"", ""ASO"", ""BRA"", ""CAN"", ""CHL"", ""CHN"", ""ENE"", ""ENW"", ""EUE"", ""EUM"", ""EUW"", ""IDN"", ""IND"", ""JPN"", ""LAM"", ""MDA"", ""MEA"", ""MEX"", ""NIG"", ""RUS"", ""SKT"", ""USA""]",Final energy,,,1.0,0.0,EJ/yr,,,noce,1.0,future,No CE,0.0,,,,,,,,
baseline_noce,NDC+LTT,No CE,e,Global,Iron and steel,Solids,2050,0.6229008840848573,EJ/yr,plotted,"[""Final Energy|Industry|Iron and Steel|Solids""]",fig06_energy_mix,,,,,,"[""AFE"", ""AFN"", ""AFW"", ""AFZ"", ""ANZ"", ""ASC"", ""ASE"", ""ASO"", ""BRA"", ""CAN"", ""CHL"", ""CHN"", ""ENE"", ""ENW"", ""EUE"", ""EUM"", ""EUW"", ""IDN"", ""IND"", ""JPN"", ""LAM"", ""MDA"", ""MEA"", ""MEX"", ""NIG"", ""RUS"", ""SKT"", ""USA""]",Final energy,,,1.0,0.6229008840848573,EJ/yr,,,noce,1.0,future,No CE,0.0,,,,,,,,
baseline_noce,NDC+LTT,No CE,e,Global,Iron and steel,Total,2050,14.713596638626818,EJ/yr,context,"[""Final Energy|Industry|Iron and Steel|Electricity"", ""Final Energy|Industry|Iron and Steel|Gases"", ""Final Energy|Industry|Iron and Steel|Hydrogen"", ""Final Energy|Industry|Iron and Steel|Liquids"", ""Final Energy|Industry|Iron and Steel|Solids""]",fig06_energy_mix,,,,,,"[""AFE"", ""AFN"", ""AFW"", ""AFZ"", ""ANZ"", ""ASC"", ""ASE"", ""ASO"", ""BRA"", ""CAN"", ""CHL"", ""CHN"", ""ENE"", ""ENW"", ""EUE"", ""EUM"", ""EUW"", ""IDN"", ""IND"", ""JPN"", ""LAM"", ""MDA"", ""MEA"", ""MEX"", ""NIG"", ""RUS"", ""SKT"", ""USA""]",Final energy,,,1.0,14.713596638626818,EJ/yr,,,noce,1.0,future,No CE,0.0,,,,,,,,
baseline_noce,NDC+LTT,No CE,e,Global,Iron and steel,Total,2050,0.0,%,context,"[""Final Energy|Industry|Iron and Steel|Electricity"", ""Final Energy|Industry|Iron and Steel|Gases"", ""Final Energy|Industry|Iron and Steel|Hydrogen"", ""Final Energy|Industry|Iron and Steel|Liquids"", ""Final Energy|Industry|Iron and Steel|Solids""]",fig06_energy_mix,,,,,,"[""AFE"", ""AFN"", ""AFW"", ""AFZ"", ""ANZ"", ""ASC"", ""ASE"", ""ASO"", ""BRA"", ""CAN"", ""CHL"", ""CHN"", ""ENE"", ""ENW"", ""EUE"", ""EUM"", ""EUW"", ""IDN"", ""IND"", ""JPN"", ""LAM"", ""MDA"", ""MEA"", ""MEX"", ""NIG"", ""RUS"", ""SKT"", ""USA""]",Final energy change from no CE,,,100.0,14.713596638626818,EJ/yr,14.713596638626818,EJ/yr,noce,1.0,future,No CE,-100.0,baseline_noce,2050.0,,,,,,
baseline_medce_eu,NDC+LTT,"Medium CE, EU",e,Global,Iron and steel,Electricity,2050,8.461038329949918,EJ/yr,plotted,"[""Final Energy|Industry|Iron and Steel|Electricity""]",fig06_energy_mix,,,,,,"[""AFE"", ""AFN"", ""AFW"", ""AFZ"", ""ANZ"", ""ASC"", ""ASE"", ""ASO"", ""BRA"", ""CAN"", ""CHL"", ""CHN"", ""ENE"", ""ENW"", ""EUE"", ""EUM"", ""EUW"", ""IDN"", ""IND"", ""JPN"", ""LAM"", ""MDA"", ""MEA"", ""MEX"", ""NIG"", ""RUS"", ""SKT"", ""USA""]",Final energy,,,1.0,8.461038329949918,EJ/yr,,,medce_eu,2.0,future,M–EU,0.0,,,,,,,,
baseline_medce_eu,NDC+LTT,"Medium CE, EU",e,Global,Iron and steel,Gases,2050,4.086783562518538,EJ/yr,plotted,"[""Final Energy|Industry|Iron and Steel|Gases""]",fig06_energy_mix,,,,,,"[""AFE"", ""AFN"", ""AFW"", ""AFZ"", ""ANZ"", ""ASC"", ""ASE"", ""ASO"", ""BRA"", ""CAN"", ""CHL"", ""CHN"", ""ENE"", ""ENW"", ""EUE"", ""EUM"", ""EUW"", ""IDN"", ""IND"", ""JPN"", ""LAM"", ""MDA"", ""MEA"", ""MEX"", ""NIG"", ""RUS"", ""SKT"", ""USA""]",Final energy,,,1.0,4.086783562518538,EJ/yr,,,medce_eu,2.0,future,M–EU,0.0,,,,,,,,
baseline_medce_eu,NDC+LTT,"Medium CE, EU",e,Global,Iron and steel,Hydrogen,2050,1.459212664467064,EJ/yr,plotted,"[""Final Energy|Industry|Iron and Steel|Hydrogen""]",fig06_energy_mix,,,,,,"[""AFE"", ""AFN"", ""AFW"", ""AFZ"", ""ANZ"", ""ASC"", ""ASE"", ""ASO"", ""BRA"", ""CAN"", ""CHL"", ""CHN"", ""ENE"", ""ENW"", ""EUE"", ""EUM"", ""EUW"", ""IDN"", ""IND"", ""JPN"", ""LAM"", ""MDA"", ""MEA"", ""MEX"", ""NIG"", ""RUS"", ""SKT"", ""USA""]",Final energy,,,1.0,1.459212664467064,EJ/yr,,,medce_eu,2.0,future,M–EU,0.0,,,,,,,,
baseline_medce_eu,NDC+LTT,"Medium CE, EU",e,Global,Iron and steel,Liquids,2050,0.0,EJ/yr,plotted,"[""Final Energy|Industry|Iron and Steel|Liquids""]",fig06_energy_mix,,,,,,"[""AFE"", ""AFN"", ""AFW"", ""AFZ"", ""ANZ"", ""ASC"", ""ASE"", ""ASO"", ""BRA"", ""CAN"", ""CHL"", ""CHN"", ""ENE"", ""ENW"", ""EUE"", ""EUM"", ""EUW"", ""IDN"", ""IND"", ""JPN"", ""LAM"", ""MDA"", ""MEA"", ""MEX"", ""NIG"", ""RUS"", ""SKT"", ""USA""]",Final energy,,,1.0,0.0,EJ/yr,,,medce_eu,2.0,future,M–EU,0.0,,,,,,,,
baseline_medce_eu,NDC+LTT,"Medium CE, EU",e,Global,Iron and steel,Solids,2050,0.6489664040640051,EJ/yr,plotted,"[""Final Energy|Industry|Iron and Steel|Solids""]",fig06_energy_mix,,,,,,"[""AFE"", ""AFN"", ""AFW"", ""AFZ"", ""ANZ"", ""ASC"", ""ASE"", ""ASO"", ""BRA"", ""CAN"", ""CHL"", ""CHN"", ""ENE"", ""ENW"", ""EUE"", ""EUM"", ""EUW"", ""IDN"", ""IND"", ""JPN"", ""LAM"", ""MDA"", ""MEA"", ""MEX"", ""NIG"", ""RUS"", ""SKT"", ""USA""]",Final energy,,,1.0,0.6489664040640051,EJ/yr,,,medce_eu,2.0,future,M–EU,0.0,,,,,,,,
baseline_medce_eu,NDC+LTT,"Medium CE, EU",e,Global,Iron and steel,Total,2050,14.656000960999524,EJ/yr,context,"[""Final Energy|Industry|Iron and Steel|Electricity"", ""Final Energy|Industry|Iron and Steel|Gases"", ""Final Energy|Industry|Iron and Steel|Hydrogen"", ""Final Energy|Industry|Iron and Steel|Liquids"", ""Final Energy|Industry|Iron and Steel|Solids""]",fig06_energy_mix,,,,,,"[""AFE"", ""AFN"", ""AFW"", ""AFZ"", ""ANZ"", ""ASC"", ""ASE"", ""ASO"", ""BRA"", ""CAN"", ""CHL"", ""CHN"", ""ENE"", ""ENW"", ""EUE"", ""EUM"", ""EUW"", ""IDN"", ""IND"", ""JPN"", ""LAM"", ""MDA"", ""MEA"", ""MEX"", ""NIG"", ""RUS"", ""SKT"", ""USA""]",Final energy,,,1.0,14.656000960999524,EJ/yr,,,medce_eu,2.0,future,M–EU,0.0,,,,,,,,
baseline_medce_eu,NDC+LTT,"Medium CE, EU",e,Global,Iron and steel,Total,2050,-0.39144526686351355,%,context,"[""Final Energy|Industry|Iron and Steel|Electricity"", ""Final Energy|Industry|Iron and Steel|Gases"", ""Final Energy|Industry|Iron and Steel|Hydrogen"", ""Final Energy|Industry|Iron and Steel|Liquids"", ""Final Energy|Industry|Iron and Steel|Solids""]",fig06_energy_mix,,,,,,"[""AFE"", ""AFN"", ""AFW"", ""AFZ"", ""ANZ"", ""ASC"", ""ASE"", ""ASO"", ""BRA"", ""CAN"", ""CHL"", ""CHN"", ""ENE"", ""ENW"", ""EUE"", ""EUM"", ""EUW"", ""IDN"", ""IND"", ""JPN"", ""LAM"", ""MDA"", ""MEA"", ""MEX"", ""NIG"", ""RUS"", ""SKT"", ""USA""]",Final energy change from no CE,,,100.0,14.656000960999524,EJ/yr,14.713596638626818,EJ/yr,medce_eu,2.0,future,M–EU,-100.0,baseline_noce,2050.0,,,,,,
baseline_highce_eu,NDC+LTT,"High CE, EU",e,Global,Iron and steel,Electricity,2050,8.406047620247772,EJ/yr,plotted,"[""Final Energy|Industry|Iron and Steel|Electricity""]",fig06_energy_mix,,,,,,"[""AFE"", ""AFN"", ""AFW"", ""AFZ"", ""ANZ"", ""ASC"", ""ASE"", ""ASO"", ""BRA"", ""CAN"", ""CHL"", ""CHN"", ""ENE"", ""ENW"", ""EUE"", ""EUM"", ""EUW"", ""IDN"", ""IND"", ""JPN"", ""LAM"", ""MDA"", ""MEA"", ""MEX"", ""NIG"", ""RUS"", ""SKT"", ""USA""]",Final energy,,,1.0,8.406047620247772,EJ/yr,,,highce_eu,3.0,future,H–EU,0.0,,,,,,,,
baseline_highce_eu,NDC+LTT,"High CE, EU",e,Global,Iron and steel,Gases,2050,4.095824353112199,EJ/yr,plotted,"[""Final Energy|Industry|Iron and Steel|Gases""]",fig06_energy_mix,,,,,,"[""AFE"", ""AFN"", ""AFW"", ""AFZ"", ""ANZ"", ""ASC"", ""ASE"", ""ASO"", ""BRA"", ""CAN"", ""CHL"", ""CHN"", ""ENE"", ""ENW"", ""EUE"", ""EUM"", ""EUW"", ""IDN"", ""IND"", ""JPN"", ""LAM"", ""MDA"", ""MEA"", ""MEX"", ""NIG"", ""RUS"", ""SKT"", ""USA""]",Final energy,,,1.0,4.095824353112199,EJ/yr,,,highce_eu,3.0,future,H–EU,0.0,,,,,,,,
baseline_highce_eu,NDC+LTT,"High CE, EU",e,Global,Iron and steel,Hydrogen,2050,1.4592126664132048,EJ/yr,plotted,"[""Final Energy|Industry|Iron and Steel|Hydrogen""]",fig06_energy_mix,,,,,,"[""AFE"", ""AFN"", ""AFW"", ""AFZ"", ""ANZ"", ""ASC"", ""ASE"", ""ASO"", ""BRA"", ""CAN"", ""CHL"", ""CHN"", ""ENE"", ""ENW"", ""EUE"", ""EUM"", ""EUW"", ""IDN"", ""IND"", ""JPN"", ""LAM"", ""MDA"", ""MEA"", ""MEX"", ""NIG"", ""RUS"", ""SKT"", ""USA""]",Final energy,,,1.0,1.4592126664132048,EJ/yr,,,highce_eu,3.0,future,H–EU,0.0,,,,,,,,
baseline_highce_eu,NDC+LTT,"High CE, EU",e,Global,Iron and steel,Liquids,2050,0.0,EJ/yr,plotted,"[""Final Energy|Industry|Iron and Steel|Liquids""]",fig06_energy_mix,,,,,,"[""AFE"", ""AFN"", ""AFW"", ""AFZ"", ""ANZ"", ""ASC"", ""ASE"", ""ASO"", ""BRA"", ""CAN"", ""CHL"", ""CHN"", ""ENE"", ""ENW"", ""EUE"", ""EUM"", ""EUW"", ""IDN"", ""IND"", ""JPN"", ""LAM"", ""MDA"", ""MEA"", ""MEX"", ""NIG"", ""RUS"", ""SKT"", ""USA""]",Final energy,,,1.0,0.0,EJ/yr,,,highce_eu,3.0,future,H–EU,0.0,,,,,,,,
baseline_highce_eu,NDC+LTT,"High CE, EU",e,Global,Iron and steel,Solids,2050,0.6490017088049739,EJ/yr,plotted,"[""Final Energy|Industry|Iron and Steel|Solids""]",fig06_energy_mix,,,,,,"[""AFE"", ""AFN"", ""AFW"", ""AFZ"", ""ANZ"", ""ASC"", ""ASE"", ""ASO"", ""BRA"", ""CAN"", ""CHL"", ""CHN"", ""ENE"", ""ENW"", ""EUE"", ""EUM"", ""EUW"", ""IDN"", ""IND"", ""JPN"", ""LAM"", ""MDA"", ""MEA"", ""MEX"", ""NIG"", ""RUS"", ""SKT"", ""USA""]",Final energy,,,1.0,0.6490017088049739,EJ/yr,,,highce_eu,3.0,future,H–EU,0.0,,,,,,,,
baseline_highce_eu,NDC+LTT,"High CE, EU",e,Global,Iron and steel,Total,2050,14.61008634857815,EJ/yr,context,"[""Final Energy|Industry|Iron and Steel|Electricity"", ""Final Energy|Industry|Iron and Steel|Gases"", ""Final Energy|Industry|Iron and Steel|Hydrogen"", ""Final Energy|Industry|Iron and Steel|Liquids"", ""Final Energy|Industry|Iron and Steel|Solids""]",fig06_energy_mix,,,,,,"[""AFE"", ""AFN"", ""AFW"", ""AFZ"", ""ANZ"", ""ASC"", ""ASE"", ""ASO"", ""BRA"", ""CAN"", ""CHL"", ""CHN"", ""ENE"", ""ENW"", ""EUE"", ""EUM"", ""EUW"", ""IDN"", ""IND"", ""JPN"", ""LAM"", ""MDA"", ""MEA"", ""MEX"", ""NIG"", ""RUS"", ""SKT"", ""USA""]",Final energy,,,1.0,14.61008634857815,EJ/yr,,,highce_eu,3.0,future,H–EU,0.0,,,,,,,,
baseline_highce_eu,NDC+LTT,"High CE, EU",e,Global,Iron and steel,Total,2050,-0.7035009358414044,%,context,"[""Final Energy|Industry|Iron and Steel|Electricity"", ""Final Energy|Industry|Iron and Steel|Gases"", ""Final Energy|Industry|Iron and Steel|Hydrogen"", ""Final Energy|Industry|Iron and Steel|Liquids"", ""Final Energy|Industry|Iron and Steel|Solids""]",fig06_energy_mix,,,,,,"[""AFE"", ""AFN"", ""AFW"", ""AFZ"", ""ANZ"", ""ASC"", ""ASE"", ""ASO"", ""BRA"", ""CAN"", ""CHL"", ""CHN"", ""ENE"", ""ENW"", ""EUE"", ""EUM"", ""EUW"", ""IDN"", ""IND"", ""JPN"", ""LAM"", ""MDA"", ""MEA"", ""MEX"", ""NIG"", ""RUS"", ""SKT"", ""USA""]",Final energy change from no CE,,,100.0,14.61008634857815,EJ/yr,14.713596638626818,EJ/yr,highce_eu,3.0,future,H–EU,-100.0,baseline_noce,2050.0,,,,,,
baseline_medce_gbl,NDC+LTT,"Medium CE, EU + partners",e,Global,Iron and steel,Electricity,2050,7.22962128802176,EJ/yr,plotted,"[""Final Energy|Industry|Iron and Steel|Electricity""]",fig06_energy_mix,,,,,,"[""AFE"", ""AFN"", ""AFW"", ""AFZ"", ""ANZ"", ""ASC"", ""ASE"", ""ASO"", ""BRA"", ""CAN"", ""CHL"", ""CHN"", ""ENE"", ""ENW"", ""EUE"", ""EUM"", ""EUW"", ""IDN"", ""IND"", ""JPN"", ""LAM"", ""MDA"", ""MEA"", ""MEX"", ""NIG"", ""RUS"", ""SKT"", ""USA""]",Final energy,,,1.0,7.22962128802176,EJ/yr,,,medce_gbl,4.0,future,M–EU+,0.0,,,,,,,,
baseline_medce_gbl,NDC+LTT,"Medium CE, EU + partners",e,Global,Iron and steel,Gases,2050,1.277833603409817,EJ/yr,plotted,"[""Final Energy|Industry|Iron and Steel|Gases""]",fig06_energy_mix,,,,,,"[""AFE"", ""AFN"", ""AFW"", ""AFZ"", ""ANZ"", ""ASC"", ""ASE"", ""ASO"", ""BRA"", ""CAN"", ""CHL"", ""CHN"", ""ENE"", ""ENW"", ""EUE"", ""EUM"", ""EUW"", ""IDN"", ""IND"", ""JPN"", ""LAM"", ""MDA"", ""MEA"", ""MEX"", ""NIG"", ""RUS"", ""SKT"", ""USA""]",Final energy,,,1.0,1.277833603409817,EJ/yr,,,medce_gbl,4.0,future,M–EU+,0.0,,,,,,,,
baseline_medce_gbl,NDC+LTT,"Medium CE, EU + partners",e,Global,Iron and steel,Hydrogen,2050,1.525220692045747,EJ/yr,plotted,"[""Final Energy|Industry|Iron and Steel|Hydrogen""]",fig06_energy_mix,,,,,,"[""AFE"", ""AFN"", ""AFW"", ""AFZ"", ""ANZ"", ""ASC"", ""ASE"", ""ASO"", ""BRA"", ""CAN"", ""CHL"", ""CHN"", ""ENE"", ""ENW"", ""EUE"", ""EUM"", ""EUW"", ""IDN"", ""IND"", ""JPN"", ""LAM"", ""MDA"", ""MEA"", ""MEX"", ""NIG"", ""RUS"", ""SKT"", ""USA""]",Final energy,,,1.0,1.525220692045747,EJ/yr,,,medce_gbl,4.0,future,M–EU+,0.0,,,,,,,,
baseline_medce_gbl,NDC+LTT,"Medium CE, EU + partners",e,Global,Iron and steel,Liquids,2050,0.0,EJ/yr,plotted,"[""Final Energy|Industry|Iron and Steel|Liquids""]",fig06_energy_mix,,,,,,"[""AFE"", ""AFN"", ""AFW"", ""AFZ"", ""ANZ"", ""ASC"", ""ASE"", ""ASO"", ""BRA"", ""CAN"", ""CHL"", ""CHN"", ""ENE"", ""ENW"", ""EUE"", ""EUM"", ""EUW"", ""IDN"", ""IND"", ""JPN"", ""LAM"", ""MDA"", ""MEA"", ""MEX"", ""NIG"", ""RUS"", ""SKT"", ""USA""]",Final energy,,,1.0,0.0,EJ/yr,,,medce_gbl,4.0,future,M–EU+,0.0,,,,,,,,
baseline_medce_gbl,NDC+LTT,"Medium CE, EU + partners",e,Global,Iron and steel,Solids,2050,2.320756850393367,EJ/yr,plotted,"[""Final Energy|Industry|Iron and Steel|Solids""]",fig06_energy_mix,,,,,,"[""AFE"", ""AFN"", ""AFW"", ""AFZ"", ""ANZ"", ""ASC"", ""ASE"", ""ASO"", ""BRA"", ""CAN"", ""CHL"", ""CHN"", ""ENE"", ""ENW"", ""EUE"", ""EUM"", ""EUW"", ""IDN"", ""IND"", ""JPN"", ""LAM"", ""MDA"", ""MEA"", ""MEX"", ""NIG"", ""RUS"", ""SKT"", ""USA""]",Final energy,,,1.0,2.320756850393367,EJ/yr,,,medce_gbl,4.0,future,M–EU+,0.0,,,,,,,,
baseline_medce_gbl,NDC+LTT,"Medium CE, EU + partners",e,Global,Iron and steel,Total,2050,12.353432433870692,EJ/yr,context,"[""Final Energy|Industry|Iron and Steel|Electricity"", ""Final Energy|Industry|Iron and Steel|Gases"", ""Final Energy|Industry|Iron and Steel|Hydrogen"", ""Final Energy|Industry|Iron and Steel|Liquids"", ""Final Energy|Industry|Iron and Steel|Solids""]",fig06_energy_mix,,,,,,"[""AFE"", ""AFN"", ""AFW"", ""AFZ"", ""ANZ"", ""ASC"", ""ASE"", ""ASO"", ""BRA"", ""CAN"", ""CHL"", ""CHN"", ""ENE"", ""ENW"", ""EUE"", ""EUM"", ""EUW"", ""IDN"", ""IND"", ""JPN"", ""LAM"", ""MDA"", ""MEA"", ""MEX"", ""NIG"", ""RUS"", ""SKT"", ""USA""]",Final energy,,,1.0,12.353432433870692,EJ/yr,,,medce_gbl,4.0,future,M–EU+,0.0,,,,,,,,
baseline_medce_gbl,NDC+LTT,"Medium CE, EU + partners",e,Global,Iron and steel,Total,2050,-16.040702098357883,%,context,"[""Final Energy|Industry|Iron and Steel|Electricity"", ""Final Energy|Industry|Iron and Steel|Gases"", ""Final Energy|Industry|Iron and Steel|Hydrogen"", ""Final Energy|Industry|Iron and Steel|Liquids"", ""Final Energy|Industry|Iron and Steel|Solids""]",fig06_energy_mix,,,,,,"[""AFE"", ""AFN"", ""AFW"", ""AFZ"", ""ANZ"", ""ASC"", ""ASE"", ""ASO"", ""BRA"", ""CAN"", ""CHL"", ""CHN"", ""ENE"", ""ENW"", ""EUE"", ""EUM"", ""EUW"", ""IDN"", ""IND"", ""JPN"", ""LAM"", ""MDA"", ""MEA"", ""MEX"", ""NIG"", ""RUS"", ""SKT"", ""USA""]",Final energy change from no CE,,,100.0,12.353432433870692,EJ/yr,14.713596638626818,EJ/yr,medce_gbl,4.0,future,M–EU+,-100.0,baseline_noce,2050.0,,,,,,
baseline_highce_gbl,NDC+LTT,"High CE, EU + partners",e,Global,Iron and steel,Electricity,2050,6.570553455858996,EJ/yr,plotted,"[""Final Energy|Industry|Iron and Steel|Electricity""]",fig06_energy_mix,,,,,,"[""AFE"", ""AFN"", ""AFW"", ""AFZ"", ""ANZ"", ""ASC"", ""ASE"", ""ASO"", ""BRA"", ""CAN"", ""CHL"", ""CHN"", ""ENE"", ""ENW"", ""EUE"", ""EUM"", ""EUW"", ""IDN"", ""IND"", ""JPN"", ""LAM"", ""MDA"", ""MEA"", ""MEX"", ""NIG"", ""RUS"", ""SKT"", ""USA""]",Final energy,,,1.0,6.570553455858996,EJ/yr,,,highce_gbl,5.0,future,H–EU+,0.0,,,,,,,,
baseline_highce_gbl,NDC+LTT,"High CE, EU + partners",e,Global,Iron and steel,Gases,2050,0.7067715245219012,EJ/yr,plotted,"[""Final Energy|Industry|Iron and Steel|Gases""]",fig06_energy_mix,,,,,,"[""AFE"", ""AFN"", ""AFW"", ""AFZ"", ""ANZ"", ""ASC"", ""ASE"", ""ASO"", ""BRA"", ""CAN"", ""CHL"", ""CHN"", ""ENE"", ""ENW"", ""EUE"", ""EUM"", ""EUW"", ""IDN"", ""IND"", ""JPN"", ""LAM"", ""MDA"", ""MEA"", ""MEX"", ""NIG"", ""RUS"", ""SKT"", ""USA""]",Final energy,,,1.0,0.7067715245219012,EJ/yr,,,highce_gbl,5.0,future,H–EU+,0.0,,,,,,,,
baseline_highce_gbl,NDC+LTT,"High CE, EU + partners",e,Global,Iron and steel,Hydrogen,2050,1.3726675110357751,EJ/yr,plotted,"[""Final Energy|Industry|Iron and Steel|Hydrogen""]",fig06_energy_mix,,,,,,"[""AFE"", ""AFN"", ""AFW"", ""AFZ"", ""ANZ"", ""ASC"", ""ASE"", ""ASO"", ""BRA"", ""CAN"", ""CHL"", ""CHN"", ""ENE"", ""ENW"", ""EUE"", ""EUM"", ""EUW"", ""IDN"", ""IND"", ""JPN"", ""LAM"", ""MDA"", ""MEA"", ""MEX"", ""NIG"", ""RUS"", ""SKT"", ""USA""]",Final energy,,,1.0,1.3726675110357751,EJ/yr,,,highce_gbl,5.0,future,H–EU+,0.0,,,,,,,,
baseline_highce_gbl,NDC+LTT,"High CE, EU + partners",e,Global,Iron and steel,Liquids,2050,0.0,EJ/yr,plotted,"[""Final Energy|Industry|Iron and Steel|Liquids""]",fig06_energy_mix,,,,,,"[""AFE"", ""AFN"", ""AFW"", ""AFZ"", ""ANZ"", ""ASC"", ""ASE"", ""ASO"", ""BRA"", ""CAN"", ""CHL"", ""CHN"", ""ENE"", ""ENW"", ""EUE"", ""EUM"", ""EUW"", ""IDN"", ""IND"", ""JPN"", ""LAM"", ""MDA"", ""MEA"", ""MEX"", ""NIG"", ""RUS"", ""SKT"", ""USA""]",Final energy,,,1.0,0.0,EJ/yr,,,highce_gbl,5.0,future,H–EU+,0.0,,,,,,,,
baseline_highce_gbl,NDC+LTT,"High CE, EU + partners",e,Global,Iron and steel,Solids,2050,1.2515730721038245,EJ/yr,plotted,"[""Final Energy|Industry|Iron and Steel|Solids""]",fig06_energy_mix,,,,,,"[""AFE"", ""AFN"", ""AFW"", ""AFZ"", ""ANZ"", ""ASC"", ""ASE"", ""ASO"", ""BRA"", ""CAN"", ""CHL"", ""CHN"", ""ENE"", ""ENW"", ""EUE"", ""EUM"", ""EUW"", ""IDN"", ""IND"", ""JPN"", ""LAM"", ""MDA"", ""MEA"", ""MEX"", ""NIG"", ""RUS"", ""SKT"", ""USA""]",Final energy,,,1.0,1.2515730721038245,EJ/yr,,,highce_gbl,5.0,future,H–EU+,0.0,,,,,,,,
baseline_highce_gbl,NDC+LTT,"High CE, EU + partners",e,Global,Iron and steel,Total,2050,9.901565563520496,EJ/yr,context,"[""Final Energy|Industry|Iron and Steel|Electricity"", ""Final Energy|Industry|Iron and Steel|Gases"", ""Final Energy|Industry|Iron and Steel|Hydrogen"", ""Final Energy|Industry|Iron and Steel|Liquids"", ""Final Energy|Industry|Iron and Steel|Solids""]",fig06_energy_mix,,,,,,"[""AFE"", ""AFN"", ""AFW"", ""AFZ"", ""ANZ"", ""ASC"", ""ASE"", ""ASO"", ""BRA"", ""CAN"", ""CHL"", ""CHN"", ""ENE"", ""ENW"", ""EUE"", ""EUM"", ""EUW"", ""IDN"", ""IND"", ""JPN"", ""LAM"", ""MDA"", ""MEA"", ""MEX"", ""NIG"", ""RUS"", ""SKT"", ""USA""]",Final energy,,,1.0,9.901565563520496,EJ/yr,,,highce_gbl,5.0,future,H–EU+,0.0,,,,,,,,
baseline_highce_gbl,NDC+LTT,"High CE, EU + partners",e,Global,Iron and steel,Total,2050,-32.704655382991504,%,context,"[""Final Energy|Industry|Iron and Steel|Electricity"", ""Final Energy|Industry|Iron and Steel|Gases"", ""Final Energy|Industry|Iron and Steel|Hydrogen"", ""Final Energy|Industry|Iron and Steel|Liquids"", ""Final Energy|Industry|Iron and Steel|Solids""]",fig06_energy_mix,,,,,,"[""AFE"", ""AFN"", ""AFW"", ""AFZ"", ""ANZ"", ""ASC"", ""ASE"", ""ASO"", ""BRA"", ""CAN"", ""CHL"", ""CHN"", ""ENE"", ""ENW"", ""EUE"", ""EUM"", ""EUW"", ""IDN"", ""IND"", ""JPN"", ""LAM"", ""MDA"", ""MEA"", ""MEX"", ""NIG"", ""RUS"", ""SKT"", ""USA""]",Final energy change from no CE,,,100.0,9.901565563520496,EJ/yr,14.713596638626818,EJ/yr,highce_gbl,5.0,future,H–EU+,-100.0,baseline_noce,2050.0,,,,,,
baseline_noce,NDC+LTT,No CE,f,Global,Aluminium,Electricity,2019,3.4030921983279416,EJ/yr,plotted,"[""Final Energy|Industry|Non-Ferrous Metals|Aluminum|Electricity""]",fig06_energy_mix,,,,,,"[""AFE"", ""AFN"", ""AFW"", ""AFZ"", ""ANZ"", ""ASC"", ""ASE"", ""ASO"", ""BRA"", ""CAN"", ""CHL"", ""CHN"", ""ENE"", ""ENW"", ""EUE"", ""EUM"", ""EUW"", ""IDN"", ""IND"", ""JPN"", ""LAM"", ""MDA"", ""MEA"", ""MEX"", ""NIG"", ""RUS"", ""SKT"", ""USA""]",Final energy,,,1.0,3.4030921983279416,EJ/yr,,,noce,0.0,historical,2019,0.0,,,,,,,,
baseline_noce,NDC+LTT,No CE,f,Global,Aluminium,Gases,2019,0.49666926405350864,EJ/yr,plotted,"[""Final Energy|Industry|Non-Ferrous Metals|Aluminum|Gases""]",fig06_energy_mix,,,,,,"[""AFE"", ""AFN"", ""AFW"", ""AFZ"", ""ANZ"", ""ASC"", ""ASE"", ""ASO"", ""BRA"", ""CAN"", ""CHL"", ""CHN"", ""ENE"", ""ENW"", ""EUE"", ""EUM"", ""EUW"", ""IDN"", ""IND"", ""JPN"", ""LAM"", ""MDA"", ""MEA"", ""MEX"", ""NIG"", ""RUS"", ""SKT"", ""USA""]",Final energy,,,1.0,0.49666926405350864,EJ/yr,,,noce,0.0,historical,2019,0.0,,,,,,,,
baseline_noce,NDC+LTT,No CE,f,Global,Aluminium,Hydrogen,2019,0.0,EJ/yr,plotted,"[""Final Energy|Industry|Non-Ferrous Metals|Aluminum|Hydrogen""]",fig06_energy_mix,,,,,,"[""AFE"", ""AFN"", ""AFW"", ""AFZ"", ""ANZ"", ""ASC"", ""ASE"", ""ASO"", ""BRA"", ""CAN"", ""CHL"", ""CHN"", ""ENE"", ""ENW"", ""EUE"", ""EUM"", ""EUW"", ""IDN"", ""IND"", ""JPN"", ""LAM"", ""MDA"", ""MEA"", ""MEX"", ""NIG"", ""RUS"", ""SKT"", ""USA""]",Final energy,,,1.0,0.0,EJ/yr,,,noce,0.0,historical,2019,0.0,,,,,,,,
baseline_noce,NDC+LTT,No CE,f,Global,Aluminium,Liquids,2019,0.08640766076555549,EJ/yr,plotted,"[""Final Energy|Industry|Non-Ferrous Metals|Aluminum|Liquids""]",fig06_energy_mix,,,,,,"[""AFE"", ""AFN"", ""AFW"", ""AFZ"", ""ANZ"", ""ASC"", ""ASE"", ""ASO"", ""BRA"", ""CAN"", ""CHL"", ""CHN"", ""ENE"", ""ENW"", ""EUE"", ""EUM"", ""EUW"", ""IDN"", ""IND"", ""JPN"", ""LAM"", ""MDA"", ""MEA"", ""MEX"", ""NIG"", ""RUS"", ""SKT"", ""USA""]",Final energy,,,1.0,0.08640766076555549,EJ/yr,,,noce,0.0,historical,2019,0.0,,,,,,,,
baseline_noce,NDC+LTT,No CE,f,Global,Aluminium,Solids,2019,0.6947787453102924,EJ/yr,plotted,"[""Final Energy|Industry|Non-Ferrous Metals|Aluminum|Solids""]",fig06_energy_mix,,,,,,"[""AFE"", ""AFN"", ""AFW"", ""AFZ"", ""ANZ"", ""ASC"", ""ASE"", ""ASO"", ""BRA"", ""CAN"", ""CHL"", ""CHN"", ""ENE"", ""ENW"", ""EUE"", ""EUM"", ""EUW"", ""IDN"", ""IND"", ""JPN"", ""LAM"", ""MDA"", ""MEA"", ""MEX"", ""NIG"", ""RUS"", ""SKT"", ""USA""]",Final energy,,,1.0,0.6947787453102924,EJ/yr,,,noce,0.0,historical,2019,0.0,,,,,,,,
baseline_noce,NDC+LTT,No CE,f,Global,Aluminium,Total,2019,4.680947868457298,EJ/yr,context,"[""Final Energy|Industry|Non-Ferrous Metals|Aluminum|Electricity"", ""Final Energy|Industry|Non-Ferrous Metals|Aluminum|Gases"", ""Final Energy|Industry|Non-Ferrous Metals|Aluminum|Hydrogen"", ""Final Energy|Industry|Non-Ferrous Metals|Aluminum|Liquids"", ""Final Energy|Industry|Non-Ferrous Metals|Aluminum|Solids""]",fig06_energy_mix,,,,,,"[""AFE"", ""AFN"", ""AFW"", ""AFZ"", ""ANZ"", ""ASC"", ""ASE"", ""ASO"", ""BRA"", ""CAN"", ""CHL"", ""CHN"", ""ENE"", ""ENW"", ""EUE"", ""EUM"", ""EUW"", ""IDN"", ""IND"", ""JPN"", ""LAM"", ""MDA"", ""MEA"", ""MEX"", ""NIG"", ""RUS"", ""SKT"", ""USA""]",Final energy,,,1.0,4.680947868457298,EJ/yr,,,noce,0.0,historical,2019,0.0,,,,,,,,
baseline_noce,NDC+LTT,No CE,f,Global,Aluminium,Electricity,2050,4.386633712430457,EJ/yr,plotted,"[""Final Energy|Industry|Non-Ferrous Metals|Aluminum|Electricity""]",fig06_energy_mix,,,,,,"[""AFE"", ""AFN"", ""AFW"", ""AFZ"", ""ANZ"", ""ASC"", ""ASE"", ""ASO"", ""BRA"", ""CAN"", ""CHL"", ""CHN"", ""ENE"", ""ENW"", ""EUE"", ""EUM"", ""EUW"", ""IDN"", ""IND"", ""JPN"", ""LAM"", ""MDA"", ""MEA"", ""MEX"", ""NIG"", ""RUS"", ""SKT"", ""USA""]",Final energy,,,1.0,4.386633712430457,EJ/yr,,,noce,1.0,future,No CE,0.0,,,,,,,,
baseline_noce,NDC+LTT,No CE,f,Global,Aluminium,Gases,2050,0.4626941687174066,EJ/yr,plotted,"[""Final Energy|Industry|Non-Ferrous Metals|Aluminum|Gases""]",fig06_energy_mix,,,,,,"[""AFE"", ""AFN"", ""AFW"", ""AFZ"", ""ANZ"", ""ASC"", ""ASE"", ""ASO"", ""BRA"", ""CAN"", ""CHL"", ""CHN"", ""ENE"", ""ENW"", ""EUE"", ""EUM"", ""EUW"", ""IDN"", ""IND"", ""JPN"", ""LAM"", ""MDA"", ""MEA"", ""MEX"", ""NIG"", ""RUS"", ""SKT"", ""USA""]",Final energy,,,1.0,0.4626941687174066,EJ/yr,,,noce,1.0,future,No CE,0.0,,,,,,,,
baseline_noce,NDC+LTT,No CE,f,Global,Aluminium,Hydrogen,2050,0.29749364827974933,EJ/yr,plotted,"[""Final Energy|Industry|Non-Ferrous Metals|Aluminum|Hydrogen""]",fig06_energy_mix,,,,,,"[""AFE"", ""AFN"", ""AFW"", ""AFZ"", ""ANZ"", ""ASC"", ""ASE"", ""ASO"", ""BRA"", ""CAN"", ""CHL"", ""CHN"", ""ENE"", ""ENW"", ""EUE"", ""EUM"", ""EUW"", ""IDN"", ""IND"", ""JPN"", ""LAM"", ""MDA"", ""MEA"", ""MEX"", ""NIG"", ""RUS"", ""SKT"", ""USA""]",Final energy,,,1.0,0.29749364827974933,EJ/yr,,,noce,1.0,future,No CE,0.0,,,,,,,,
baseline_noce,NDC+LTT,No CE,f,Global,Aluminium,Liquids,2050,0.0,EJ/yr,plotted,"[""Final Energy|Industry|Non-Ferrous Metals|Aluminum|Liquids""]",fig06_energy_mix,,,,,,"[""AFE"", ""AFN"", ""AFW"", ""AFZ"", ""ANZ"", ""ASC"", ""ASE"", ""ASO"", ""BRA"", ""CAN"", ""CHL"", ""CHN"", ""ENE"", ""ENW"", ""EUE"", ""EUM"", ""EUW"", ""IDN"", ""IND"", ""JPN"", ""LAM"", ""MDA"", ""MEA"", ""MEX"", ""NIG"", ""RUS"", ""SKT"", ""USA""]",Final energy,,,1.0,0.0,EJ/yr,,,noce,1.0,future,No CE,0.0,,,,,,,,
baseline_noce,NDC+LTT,No CE,f,Global,Aluminium,Solids,2050,0.0,EJ/yr,plotted,"[""Final Energy|Industry|Non-Ferrous Metals|Aluminum|Solids""]",fig06_energy_mix,,,,,,"[""AFE"", ""AFN"", ""AFW"", ""AFZ"", ""ANZ"", ""ASC"", ""ASE"", ""ASO"", ""BRA"", ""CAN"", ""CHL"", ""CHN"", ""ENE"", ""ENW"", ""EUE"", ""EUM"", ""EUW"", ""IDN"", ""IND"", ""JPN"", ""LAM"", ""MDA"", ""MEA"", ""MEX"", ""NIG"", ""RUS"", ""SKT"", ""USA""]",Final energy,,,1.0,0.0,EJ/yr,,,noce,1.0,future,No CE,0.0,,,,,,,,
baseline_noce,NDC+LTT,No CE,f,Global,Aluminium,Total,2050,5.146821529427612,EJ/yr,context,"[""Final Energy|Industry|Non-Ferrous Metals|Aluminum|Electricity"", ""Final Energy|Industry|Non-Ferrous Metals|Aluminum|Gases"", ""Final Energy|Industry|Non-Ferrous Metals|Aluminum|Hydrogen"", ""Final Energy|Industry|Non-Ferrous Metals|Aluminum|Liquids"", ""Final Energy|Industry|Non-Ferrous Metals|Aluminum|Solids""]",fig06_energy_mix,,,,,,"[""AFE"", ""AFN"", ""AFW"", ""AFZ"", ""ANZ"", ""ASC"", ""ASE"", ""ASO"", ""BRA"", ""CAN"", ""CHL"", ""CHN"", ""ENE"", ""ENW"", ""EUE"", ""EUM"", ""EUW"", ""IDN"", ""IND"", ""JPN"", ""LAM"", ""MDA"", ""MEA"", ""MEX"", ""NIG"", ""RUS"", ""SKT"", ""USA""]",Final energy,,,1.0,5.146821529427612,EJ/yr,,,noce,1.0,future,No CE,0.0,,,,,,,,
baseline_noce,NDC+LTT,No CE,f,Global,Aluminium,Total,2050,-1.4210854715202004e-14,%,context,"[""Final Energy|Industry|Non-Ferrous Metals|Aluminum|Electricity"", ""Final Energy|Industry|Non-Ferrous Metals|Aluminum|Gases"", ""Final Energy|Industry|Non-Ferrous Metals|Aluminum|Hydrogen"", ""Final Energy|Industry|Non-Ferrous Metals|Aluminum|Liquids"", ""Final Energy|Industry|Non-Ferrous Metals|Aluminum|Solids""]",fig06_energy_mix,,,,,,"[""AFE"", ""AFN"", ""AFW"", ""AFZ"", ""ANZ"", ""ASC"", ""ASE"", ""ASO"", ""BRA"", ""CAN"", ""CHL"", ""CHN"", ""ENE"", ""ENW"", ""EUE"", ""EUM"", ""EUW"", ""IDN"", ""IND"", ""JPN"", ""LAM"", ""MDA"", ""MEA"", ""MEX"", ""NIG"", ""RUS"", ""SKT"", ""USA""]",Final energy change from no CE,,,100.0,5.146821529427612,EJ/yr,5.146821529427612,EJ/yr,noce,1.0,future,No CE,-100.0,baseline_noce,2050.0,,,,,,
baseline_medce_eu,NDC+LTT,"Medium CE, EU",f,Global,Aluminium,Electricity,2050,4.229843687200438,EJ/yr,plotted,"[""Final Energy|Industry|Non-Ferrous Metals|Aluminum|Electricity""]",fig06_energy_mix,,,,,,"[""AFE"", ""AFN"", ""AFW"", ""AFZ"", ""ANZ"", ""ASC"", ""ASE"", ""ASO"", ""BRA"", ""CAN"", ""CHL"", ""CHN"", ""ENE"", ""ENW"", ""EUE"", ""EUM"", ""EUW"", ""IDN"", ""IND"", ""JPN"", ""LAM"", ""MDA"", ""MEA"", ""MEX"", ""NIG"", ""RUS"", ""SKT"", ""USA""]",Final energy,,,1.0,4.229843687200438,EJ/yr,,,medce_eu,2.0,future,M–EU,0.0,,,,,,,,
baseline_medce_eu,NDC+LTT,"Medium CE, EU",f,Global,Aluminium,Gases,2050,0.5061775180620496,EJ/yr,plotted,"[""Final Energy|Industry|Non-Ferrous Metals|Aluminum|Gases""]",fig06_energy_mix,,,,,,"[""AFE"", ""AFN"", ""AFW"", ""AFZ"", ""ANZ"", ""ASC"", ""ASE"", ""ASO"", ""BRA"", ""CAN"", ""CHL"", ""CHN"", ""ENE"", ""ENW"", ""EUE"", ""EUM"", ""EUW"", ""IDN"", ""IND"", ""JPN"", ""LAM"", ""MDA"", ""MEA"", ""MEX"", ""NIG"", ""RUS"", ""SKT"", ""USA""]",Final energy,,,1.0,0.5061775180620496,EJ/yr,,,medce_eu,2.0,future,M–EU,0.0,,,,,,,,
baseline_medce_eu,NDC+LTT,"Medium CE, EU",f,Global,Aluminium,Hydrogen,2050,0.31018675355765635,EJ/yr,plotted,"[""Final Energy|Industry|Non-Ferrous Metals|Aluminum|Hydrogen""]",fig06_energy_mix,,,,,,"[""AFE"", ""AFN"", ""AFW"", ""AFZ"", ""ANZ"", ""ASC"", ""ASE"", ""ASO"", ""BRA"", ""CAN"", ""CHL"", ""CHN"", ""ENE"", ""ENW"", ""EUE"", ""EUM"", ""EUW"", ""IDN"", ""IND"", ""JPN"", ""LAM"", ""MDA"", ""MEA"", ""MEX"", ""NIG"", ""RUS"", ""SKT"", ""USA""]",Final energy,,,1.0,0.31018675355765635,EJ/yr,,,medce_eu,2.0,future,M–EU,0.0,,,,,,,,
baseline_medce_eu,NDC+LTT,"Medium CE, EU",f,Global,Aluminium,Liquids,2050,0.0,EJ/yr,plotted,"[""Final Energy|Industry|Non-Ferrous Metals|Aluminum|Liquids""]",fig06_energy_mix,,,,,,"[""AFE"", ""AFN"", ""AFW"", ""AFZ"", ""ANZ"", ""ASC"", ""ASE"", ""ASO"", ""BRA"", ""CAN"", ""CHL"", ""CHN"", ""ENE"", ""ENW"", ""EUE"", ""EUM"", ""EUW"", ""IDN"", ""IND"", ""JPN"", ""LAM"", ""MDA"", ""MEA"", ""MEX"", ""NIG"", ""RUS"", ""SKT"", ""USA""]",Final energy,,,1.0,0.0,EJ/yr,,,medce_eu,2.0,future,M–EU,0.0,,,,,,,,
baseline_medce_eu,NDC+LTT,"Medium CE, EU",f,Global,Aluminium,Solids,2050,0.0,EJ/yr,plotted,"[""Final Energy|Industry|Non-Ferrous Metals|Aluminum|Solids""]",fig06_energy_mix,,,,,,"[""AFE"", ""AFN"", ""AFW"", ""AFZ"", ""ANZ"", ""ASC"", ""ASE"", ""ASO"", ""BRA"", ""CAN"", ""CHL"", ""CHN"", ""ENE"", ""ENW"", ""EUE"", ""EUM"", ""EUW"", ""IDN"", ""IND"", ""JPN"", ""LAM"", ""MDA"", ""MEA"", ""MEX"", ""NIG"", ""RUS"", ""SKT"", ""USA""]",Final energy,,,1.0,0.0,EJ/yr,,,medce_eu,2.0,future,M–EU,0.0,,,,,,,,
baseline_medce_eu,NDC+LTT,"Medium CE, EU",f,Global,Aluminium,Total,2050,5.046207958820143,EJ/yr,context,"[""Final Energy|Industry|Non-Ferrous Metals|Aluminum|Electricity"", ""Final Energy|Industry|Non-Ferrous Metals|Aluminum|Gases"", ""Final Energy|Industry|Non-Ferrous Metals|Aluminum|Hydrogen"", ""Final Energy|Industry|Non-Ferrous Metals|Aluminum|Liquids"", ""Final Energy|Industry|Non-Ferrous Metals|Aluminum|Solids""]",fig06_energy_mix,,,,,,"[""AFE"", ""AFN"", ""AFW"", ""AFZ"", ""ANZ"", ""ASC"", ""ASE"", ""ASO"", ""BRA"", ""CAN"", ""CHL"", ""CHN"", ""ENE"", ""ENW"", ""EUE"", ""EUM"", ""EUW"", ""IDN"", ""IND"", ""JPN"", ""LAM"", ""MDA"", ""MEA"", ""MEX"", ""NIG"", ""RUS"", ""SKT"", ""USA""]",Final energy,,,1.0,5.046207958820143,EJ/yr,,,medce_eu,2.0,future,M–EU,0.0,,,,,,,,
baseline_medce_eu,NDC+LTT,"Medium CE, EU",f,Global,Aluminium,Total,2050,-1.9548680682280946,%,context,"[""Final Energy|Industry|Non-Ferrous Metals|Aluminum|Electricity"", ""Final Energy|Industry|Non-Ferrous Metals|Aluminum|Gases"", ""Final Energy|Industry|Non-Ferrous Metals|Aluminum|Hydrogen"", ""Final Energy|Industry|Non-Ferrous Metals|Aluminum|Liquids"", ""Final Energy|Industry|Non-Ferrous Metals|Aluminum|Solids""]",fig06_energy_mix,,,,,,"[""AFE"", ""AFN"", ""AFW"", ""AFZ"", ""ANZ"", ""ASC"", ""ASE"", ""ASO"", ""BRA"", ""CAN"", ""CHL"", ""CHN"", ""ENE"", ""ENW"", ""EUE"", ""EUM"", ""EUW"", ""IDN"", ""IND"", ""JPN"", ""LAM"", ""MDA"", ""MEA"", ""MEX"", ""NIG"", ""RUS"", ""SKT"", ""USA""]",Final energy change from no CE,,,100.0,5.046207958820143,EJ/yr,5.146821529427612,EJ/yr,medce_eu,2.0,future,M–EU,-100.0,baseline_noce,2050.0,,,,,,
baseline_highce_eu,NDC+LTT,"High CE, EU",f,Global,Aluminium,Electricity,2050,4.143827483336505,EJ/yr,plotted,"[""Final Energy|Industry|Non-Ferrous Metals|Aluminum|Electricity""]",fig06_energy_mix,,,,,,"[""AFE"", ""AFN"", ""AFW"", ""AFZ"", ""ANZ"", ""ASC"", ""ASE"", ""ASO"", ""BRA"", ""CAN"", ""CHL"", ""CHN"", ""ENE"", ""ENW"", ""EUE"", ""EUM"", ""EUW"", ""IDN"", ""IND"", ""JPN"", ""LAM"", ""MDA"", ""MEA"", ""MEX"", ""NIG"", ""RUS"", ""SKT"", ""USA""]",Final energy,,,1.0,4.143827483336505,EJ/yr,,,highce_eu,3.0,future,H–EU,0.0,,,,,,,,
baseline_highce_eu,NDC+LTT,"High CE, EU",f,Global,Aluminium,Gases,2050,0.5067915131260353,EJ/yr,plotted,"[""Final Energy|Industry|Non-Ferrous Metals|Aluminum|Gases""]",fig06_energy_mix,,,,,,"[""AFE"", ""AFN"", ""AFW"", ""AFZ"", ""ANZ"", ""ASC"", ""ASE"", ""ASO"", ""BRA"", ""CAN"", ""CHL"", ""CHN"", ""ENE"", ""ENW"", ""EUE"", ""EUM"", ""EUW"", ""IDN"", ""IND"", ""JPN"", ""LAM"", ""MDA"", ""MEA"", ""MEX"", ""NIG"", ""RUS"", ""SKT"", ""USA""]",Final energy,,,1.0,0.5067915131260353,EJ/yr,,,highce_eu,3.0,future,H–EU,0.0,,,,,,,,
baseline_highce_eu,NDC+LTT,"High CE, EU",f,Global,Aluminium,Hydrogen,2050,0.3030801362141852,EJ/yr,plotted,"[""Final Energy|Industry|Non-Ferrous Metals|Aluminum|Hydrogen""]",fig06_energy_mix,,,,,,"[""AFE"", ""AFN"", ""AFW"", ""AFZ"", ""ANZ"", ""ASC"", ""ASE"", ""ASO"", ""BRA"", ""CAN"", ""CHL"", ""CHN"", ""ENE"", ""ENW"", ""EUE"", ""EUM"", ""EUW"", ""IDN"", ""IND"", ""JPN"", ""LAM"", ""MDA"", ""MEA"", ""MEX"", ""NIG"", ""RUS"", ""SKT"", ""USA""]",Final energy,,,1.0,0.3030801362141852,EJ/yr,,,highce_eu,3.0,future,H–EU,0.0,,,,,,,,
baseline_highce_eu,NDC+LTT,"High CE, EU",f,Global,Aluminium,Liquids,2050,0.0,EJ/yr,plotted,"[""Final Energy|Industry|Non-Ferrous Metals|Aluminum|Liquids""]",fig06_energy_mix,,,,,,"[""AFE"", ""AFN"", ""AFW"", ""AFZ"", ""ANZ"", ""ASC"", ""ASE"", ""ASO"", ""BRA"", ""CAN"", ""CHL"", ""CHN"", ""ENE"", ""ENW"", ""EUE"", ""EUM"", ""EUW"", ""IDN"", ""IND"", ""JPN"", ""LAM"", ""MDA"", ""MEA"", ""MEX"", ""NIG"", ""RUS"", ""SKT"", ""USA""]",Final energy,,,1.0,0.0,EJ/yr,,,highce_eu,3.0,future,H–EU,0.0,,,,,,,,
baseline_highce_eu,NDC+LTT,"High CE, EU",f,Global,Aluminium,Solids,2050,0.0,EJ/yr,plotted,"[""Final Energy|Industry|Non-Ferrous Metals|Aluminum|Solids""]",fig06_energy_mix,,,,,,"[""AFE"", ""AFN"", ""AFW"", ""AFZ"", ""ANZ"", ""ASC"", ""ASE"", ""ASO"", ""BRA"", ""CAN"", ""CHL"", ""CHN"", ""ENE"", ""ENW"", ""EUE"", ""EUM"", ""EUW"", ""IDN"", ""IND"", ""JPN"", ""LAM"", ""MDA"", ""MEA"", ""MEX"", ""NIG"", ""RUS"", ""SKT"", ""USA""]",Final energy,,,1.0,0.0,EJ/yr,,,highce_eu,3.0,future,H–EU,0.0,,,,,,,,
baseline_highce_eu,NDC+LTT,"High CE, EU",f,Global,Aluminium,Total,2050,4.953699132676726,EJ/yr,context,"[""Final Energy|Industry|Non-Ferrous Metals|Aluminum|Electricity"", ""Final Energy|Industry|Non-Ferrous Metals|Aluminum|Gases"", ""Final Energy|Industry|Non-Ferrous Metals|Aluminum|Hydrogen"", ""Final Energy|Industry|Non-Ferrous Metals|Aluminum|Liquids"", ""Final Energy|Industry|Non-Ferrous Metals|Aluminum|Solids""]",fig06_energy_mix,,,,,,"[""AFE"", ""AFN"", ""AFW"", ""AFZ"", ""ANZ"", ""ASC"", ""ASE"", ""ASO"", ""BRA"", ""CAN"", ""CHL"", ""CHN"", ""ENE"", ""ENW"", ""EUE"", ""EUM"", ""EUW"", ""IDN"", ""IND"", ""JPN"", ""LAM"", ""MDA"", ""MEA"", ""MEX"", ""NIG"", ""RUS"", ""SKT"", ""USA""]",Final energy,,,1.0,4.953699132676726,EJ/yr,,,highce_eu,3.0,future,H–EU,0.0,,,,,,,,
baseline_highce_eu,NDC+LTT,"High CE, EU",f,Global,Aluminium,Total,2050,-3.7522652698696533,%,context,"[""Final Energy|Industry|Non-Ferrous Metals|Aluminum|Electricity"", ""Final Energy|Industry|Non-Ferrous Metals|Aluminum|Gases"", ""Final Energy|Industry|Non-Ferrous Metals|Aluminum|Hydrogen"", ""Final Energy|Industry|Non-Ferrous Metals|Aluminum|Liquids"", ""Final Energy|Industry|Non-Ferrous Metals|Aluminum|Solids""]",fig06_energy_mix,,,,,,"[""AFE"", ""AFN"", ""AFW"", ""AFZ"", ""ANZ"", ""ASC"", ""ASE"", ""ASO"", ""BRA"", ""CAN"", ""CHL"", ""CHN"", ""ENE"", ""ENW"", ""EUE"", ""EUM"", ""EUW"", ""IDN"", ""IND"", ""JPN"", ""LAM"", ""MDA"", ""MEA"", ""MEX"", ""NIG"", ""RUS"", ""SKT"", ""USA""]",Final energy change from no CE,,,100.0,4.953699132676726,EJ/yr,5.146821529427612,EJ/yr,highce_eu,3.0,future,H–EU,-100.0,baseline_noce,2050.0,,,,,,
baseline_medce_gbl,NDC+LTT,"Medium CE, EU + partners",f,Global,Aluminium,Electricity,2050,3.4588441633494345,EJ/yr,plotted,"[""Final Energy|Industry|Non-Ferrous Metals|Aluminum|Electricity""]",fig06_energy_mix,,,,,,"[""AFE"", ""AFN"", ""AFW"", ""AFZ"", ""ANZ"", ""ASC"", ""ASE"", ""ASO"", ""BRA"", ""CAN"", ""CHL"", ""CHN"", ""ENE"", ""ENW"", ""EUE"", ""EUM"", ""EUW"", ""IDN"", ""IND"", ""JPN"", ""LAM"", ""MDA"", ""MEA"", ""MEX"", ""NIG"", ""RUS"", ""SKT"", ""USA""]",Final energy,,,1.0,3.4588441633494345,EJ/yr,,,medce_gbl,4.0,future,M–EU+,0.0,,,,,,,,
baseline_medce_gbl,NDC+LTT,"Medium CE, EU + partners",f,Global,Aluminium,Gases,2050,0.4431522372688502,EJ/yr,plotted,"[""Final Energy|Industry|Non-Ferrous Metals|Aluminum|Gases""]",fig06_energy_mix,,,,,,"[""AFE"", ""AFN"", ""AFW"", ""AFZ"", ""ANZ"", ""ASC"", ""ASE"", ""ASO"", ""BRA"", ""CAN"", ""CHL"", ""CHN"", ""ENE"", ""ENW"", ""EUE"", ""EUM"", ""EUW"", ""IDN"", ""IND"", ""JPN"", ""LAM"", ""MDA"", ""MEA"", ""MEX"", ""NIG"", ""RUS"", ""SKT"", ""USA""]",Final energy,,,1.0,0.4431522372688502,EJ/yr,,,medce_gbl,4.0,future,M–EU+,0.0,,,,,,,,
baseline_medce_gbl,NDC+LTT,"Medium CE, EU + partners",f,Global,Aluminium,Hydrogen,2050,0.23569624905047815,EJ/yr,plotted,"[""Final Energy|Industry|Non-Ferrous Metals|Aluminum|Hydrogen""]",fig06_energy_mix,,,,,,"[""AFE"", ""AFN"", ""AFW"", ""AFZ"", ""ANZ"", ""ASC"", ""ASE"", ""ASO"", ""BRA"", ""CAN"", ""CHL"", ""CHN"", ""ENE"", ""ENW"", ""EUE"", ""EUM"", ""EUW"", ""IDN"", ""IND"", ""JPN"", ""LAM"", ""MDA"", ""MEA"", ""MEX"", ""NIG"", ""RUS"", ""SKT"", ""USA""]",Final energy,,,1.0,0.23569624905047815,EJ/yr,,,medce_gbl,4.0,future,M–EU+,0.0,,,,,,,,
baseline_medce_gbl,NDC+LTT,"Medium CE, EU + partners",f,Global,Aluminium,Liquids,2050,0.0,EJ/yr,plotted,"[""Final Energy|Industry|Non-Ferrous Metals|Aluminum|Liquids""]",fig06_energy_mix,,,,,,"[""AFE"", ""AFN"", ""AFW"", ""AFZ"", ""ANZ"", ""ASC"", ""ASE"", ""ASO"", ""BRA"", ""CAN"", ""CHL"", ""CHN"", ""ENE"", ""ENW"", ""EUE"", ""EUM"", ""EUW"", ""IDN"", ""IND"", ""JPN"", ""LAM"", ""MDA"", ""MEA"", ""MEX"", ""NIG"", ""RUS"", ""SKT"", ""USA""]",Final energy,,,1.0,0.0,EJ/yr,,,medce_gbl,4.0,future,M–EU+,0.0,,,,,,,,
baseline_medce_gbl,NDC+LTT,"Medium CE, EU + partners",f,Global,Aluminium,Solids,2050,0.0,EJ/yr,plotted,"[""Final Energy|Industry|Non-Ferrous Metals|Aluminum|Solids""]",fig06_energy_mix,,,,,,"[""AFE"", ""AFN"", ""AFW"", ""AFZ"", ""ANZ"", ""ASC"", ""ASE"", ""ASO"", ""BRA"", ""CAN"", ""CHL"", ""CHN"", ""ENE"", ""ENW"", ""EUE"", ""EUM"", ""EUW"", ""IDN"", ""IND"", ""JPN"", ""LAM"", ""MDA"", ""MEA"", ""MEX"", ""NIG"", ""RUS"", ""SKT"", ""USA""]",Final energy,,,1.0,0.0,EJ/yr,,,medce_gbl,4.0,future,M–EU+,0.0,,,,,,,,
baseline_medce_gbl,NDC+LTT,"Medium CE, EU + partners",f,Global,Aluminium,Total,2050,4.137692649668763,EJ/yr,context,"[""Final Energy|Industry|Non-Ferrous Metals|Aluminum|Electricity"", ""Final Energy|Industry|Non-Ferrous Metals|Aluminum|Gases"", ""Final Energy|Industry|Non-Ferrous Metals|Aluminum|Hydrogen"", ""Final Energy|Industry|Non-Ferrous Metals|Aluminum|Liquids"", ""Final Energy|Industry|Non-Ferrous Metals|Aluminum|Solids""]",fig06_energy_mix,,,,,,"[""AFE"", ""AFN"", ""AFW"", ""AFZ"", ""ANZ"", ""ASC"", ""ASE"", ""ASO"", ""BRA"", ""CAN"", ""CHL"", ""CHN"", ""ENE"", ""ENW"", ""EUE"", ""EUM"", ""EUW"", ""IDN"", ""IND"", ""JPN"", ""LAM"", ""MDA"", ""MEA"", ""MEX"", ""NIG"", ""RUS"", ""SKT"", ""USA""]",Final energy,,,1.0,4.137692649668763,EJ/yr,,,medce_gbl,4.0,future,M–EU+,0.0,,,,,,,,
baseline_medce_gbl,NDC+LTT,"Medium CE, EU + partners",f,Global,Aluminium,Total,2050,-19.606836452148684,%,context,"[""Final Energy|Industry|Non-Ferrous Metals|Aluminum|Electricity"", ""Final Energy|Industry|Non-Ferrous Metals|Aluminum|Gases"", ""Final Energy|Industry|Non-Ferrous Metals|Aluminum|Hydrogen"", ""Final Energy|Industry|Non-Ferrous Metals|Aluminum|Liquids"", ""Final Energy|Industry|Non-Ferrous Metals|Aluminum|Solids""]",fig06_energy_mix,,,,,,"[""AFE"", ""AFN"", ""AFW"", ""AFZ"", ""ANZ"", ""ASC"", ""ASE"", ""ASO"", ""BRA"", ""CAN"", ""CHL"", ""CHN"", ""ENE"", ""ENW"", ""EUE"", ""EUM"", ""EUW"", ""IDN"", ""IND"", ""JPN"", ""LAM"", ""MDA"", ""MEA"", ""MEX"", ""NIG"", ""RUS"", ""SKT"", ""USA""]",Final energy change from no CE,,,100.0,4.137692649668763,EJ/yr,5.146821529427612,EJ/yr,medce_gbl,4.0,future,M–EU+,-100.0,baseline_noce,2050.0,,,,,,
baseline_highce_gbl,NDC+LTT,"High CE, EU + partners",f,Global,Aluminium,Electricity,2050,2.65827077120332,EJ/yr,plotted,"[""Final Energy|Industry|Non-Ferrous Metals|Aluminum|Electricity""]",fig06_energy_mix,,,,,,"[""AFE"", ""AFN"", ""AFW"", ""AFZ"", ""ANZ"", ""ASC"", ""ASE"", ""ASO"", ""BRA"", ""CAN"", ""CHL"", ""CHN"", ""ENE"", ""ENW"", ""EUE"", ""EUM"", ""EUW"", ""IDN"", ""IND"", ""JPN"", ""LAM"", ""MDA"", ""MEA"", ""MEX"", ""NIG"", ""RUS"", ""SKT"", ""USA""]",Final energy,,,1.0,2.65827077120332,EJ/yr,,,highce_gbl,5.0,future,H–EU+,0.0,,,,,,,,
baseline_highce_gbl,NDC+LTT,"High CE, EU + partners",f,Global,Aluminium,Gases,2050,0.41145587962062485,EJ/yr,plotted,"[""Final Energy|Industry|Non-Ferrous Metals|Aluminum|Gases""]",fig06_energy_mix,,,,,,"[""AFE"", ""AFN"", ""AFW"", ""AFZ"", ""ANZ"", ""ASC"", ""ASE"", ""ASO"", ""BRA"", ""CAN"", ""CHL"", ""CHN"", ""ENE"", ""ENW"", ""EUE"", ""EUM"", ""EUW"", ""IDN"", ""IND"", ""JPN"", ""LAM"", ""MDA"", ""MEA"", ""MEX"", ""NIG"", ""RUS"", ""SKT"", ""USA""]",Final energy,,,1.0,0.41145587962062485,EJ/yr,,,highce_gbl,5.0,future,H–EU+,0.0,,,,,,,,
baseline_highce_gbl,NDC+LTT,"High CE, EU + partners",f,Global,Aluminium,Hydrogen,2050,0.21261327082869882,EJ/yr,plotted,"[""Final Energy|Industry|Non-Ferrous Metals|Aluminum|Hydrogen""]",fig06_energy_mix,,,,,,"[""AFE"", ""AFN"", ""AFW"", ""AFZ"", ""ANZ"", ""ASC"", ""ASE"", ""ASO"", ""BRA"", ""CAN"", ""CHL"", ""CHN"", ""ENE"", ""ENW"", ""EUE"", ""EUM"", ""EUW"", ""IDN"", ""IND"", ""JPN"", ""LAM"", ""MDA"", ""MEA"", ""MEX"", ""NIG"", ""RUS"", ""SKT"", ""USA""]",Final energy,,,1.0,0.21261327082869882,EJ/yr,,,highce_gbl,5.0,future,H–EU+,0.0,,,,,,,,
baseline_highce_gbl,NDC+LTT,"High CE, EU + partners",f,Global,Aluminium,Liquids,2050,0.0,EJ/yr,plotted,"[""Final Energy|Industry|Non-Ferrous Metals|Aluminum|Liquids""]",fig06_energy_mix,,,,,,"[""AFE"", ""AFN"", ""AFW"", ""AFZ"", ""ANZ"", ""ASC"", ""ASE"", ""ASO"", ""BRA"", ""CAN"", ""CHL"", ""CHN"", ""ENE"", ""ENW"", ""EUE"", ""EUM"", ""EUW"", ""IDN"", ""IND"", ""JPN"", ""LAM"", ""MDA"", ""MEA"", ""MEX"", ""NIG"", ""RUS"", ""SKT"", ""USA""]",Final energy,,,1.0,0.0,EJ/yr,,,highce_gbl,5.0,future,H–EU+,0.0,,,,,,,,
baseline_highce_gbl,NDC+LTT,"High CE, EU + partners",f,Global,Aluminium,Solids,2050,0.0,EJ/yr,plotted,"[""Final Energy|Industry|Non-Ferrous Metals|Aluminum|Solids""]",fig06_energy_mix,,,,,,"[""AFE"", ""AFN"", ""AFW"", ""AFZ"", ""ANZ"", ""ASC"", ""ASE"", ""ASO"", ""BRA"", ""CAN"", ""CHL"", ""CHN"", ""ENE"", ""ENW"", ""EUE"", ""EUM"", ""EUW"", ""IDN"", ""IND"", ""JPN"", ""LAM"", ""MDA"", ""MEA"", ""MEX"", ""NIG"", ""RUS"", ""SKT"", ""USA""]",Final energy,,,1.0,0.0,EJ/yr,,,highce_gbl,5.0,future,H–EU+,0.0,,,,,,,,
baseline_highce_gbl,NDC+LTT,"High CE, EU + partners",f,Global,Aluminium,Total,2050,3.2823399216526434,EJ/yr,context,"[""Final Energy|Industry|Non-Ferrous Metals|Aluminum|Electricity"", ""Final Energy|Industry|Non-Ferrous Metals|Aluminum|Gases"", ""Final Energy|Industry|Non-Ferrous Metals|Aluminum|Hydrogen"", ""Final Energy|Industry|Non-Ferrous Metals|Aluminum|Liquids"", ""Final Energy|Industry|Non-Ferrous Metals|Aluminum|Solids""]",fig06_energy_mix,,,,,,"[""AFE"", ""AFN"", ""AFW"", ""AFZ"", ""ANZ"", ""ASC"", ""ASE"", ""ASO"", ""BRA"", ""CAN"", ""CHL"", ""CHN"", ""ENE"", ""ENW"", ""EUE"", ""EUM"", ""EUW"", ""IDN"", ""IND"", ""JPN"", ""LAM"", ""MDA"", ""MEA"", ""MEX"", ""NIG"", ""RUS"", ""SKT"", ""USA""]",Final energy,,,1.0,3.2823399216526434,EJ/yr,,,highce_gbl,5.0,future,H–EU+,0.0,,,,,,,,
baseline_highce_gbl,NDC+LTT,"High CE, EU + partners",f,Global,Aluminium,Total,2050,-36.225884210566775,%,context,"[""Final Energy|Industry|Non-Ferrous Metals|Aluminum|Electricity"", ""Final Energy|Industry|Non-Ferrous Metals|Aluminum|Gases"", ""Final Energy|Industry|Non-Ferrous Metals|Aluminum|Hydrogen"", ""Final Energy|Industry|Non-Ferrous Metals|Aluminum|Liquids"", ""Final Energy|Industry|Non-Ferrous Metals|Aluminum|Solids""]",fig06_energy_mix,,,,,,"[""AFE"", ""AFN"", ""AFW"", ""AFZ"", ""ANZ"", ""ASC"", ""ASE"", ""ASO"", ""BRA"", ""CAN"", ""CHL"", ""CHN"", ""ENE"", ""ENW"", ""EUE"", ""EUM"", ""EUW"", ""IDN"", ""IND"", ""JPN"", ""LAM"", ""MDA"", ""MEA"", ""MEX"", ""NIG"", ""RUS"", ""SKT"", ""USA""]",Final energy change from no CE,,,100.0,3.2823399216526434,EJ/yr,5.146821529427612,EJ/yr,highce_gbl,5.0,future,H–EU+,-100.0,baseline_noce,2050.0,,,,,,
ndc_noce,NDC,No CE,a,Global,Three sectors,Three sectors,2019,5494.987454113852,MtCO2e/yr,plotted,"[""Emissions|GHG|Industry|Non-Metallic Minerals|Cement"", ""Emissions|GHG|Industry|Iron and Steel"", ""Emissions|GHG|Industry|Non-Ferrous Metals|Aluminum""]",fig07_emissions_response,,,,,,"[""AFE"", ""AFN"", ""AFW"", ""AFZ"", ""ANZ"", ""ASC"", ""ASE"", ""ASO"", ""BRA"", ""CAN"", ""CHL"", ""CHN"", ""ENE"", ""ENW"", ""EUE"", ""EUM"", ""EUW"", ""IDN"", ""IND"", ""JPN"", ""LAM"", ""MDA"", ""MEA"", ""MEX"", ""NIG"", ""RUS"", ""SKT"", ""USA""]",GHG emissions,,,,,,,,noce,,,,,,,trajectory,"[1, 1, 1]",5494.987454113852,,,
ndc_noce,NDC,No CE,a,Global,Three sectors,Three sectors,2024,5249.263336500017,MtCO2e/yr,plotted,"[""Emissions|GHG|Industry|Non-Metallic Minerals|Cement"", ""Emissions|GHG|Industry|Iron and Steel"", ""Emissions|GHG|Industry|Non-Ferrous Metals|Aluminum""]",fig07_emissions_response,,,,,,"[""AFE"", ""AFN"", ""AFW"", ""AFZ"", ""ANZ"", ""ASC"", ""ASE"", ""ASO"", ""BRA"", ""CAN"", ""CHL"", ""CHN"", ""ENE"", ""ENW"", ""EUE"", ""EUM"", ""EUW"", ""IDN"", ""IND"", ""JPN"", ""LAM"", ""MDA"", ""MEA"", ""MEX"", ""NIG"", ""RUS"", ""SKT"", ""USA""]",GHG emissions,,,,,,,,noce,,,,,,,trajectory,"[1, 1, 1]",5249.263336500017,,,
ndc_noce,NDC,No CE,a,Global,Three sectors,Three sectors,2030,4562.335724756673,MtCO2e/yr,plotted,"[""Emissions|GHG|Industry|Non-Metallic Minerals|Cement"", ""Emissions|GHG|Industry|Iron and Steel"", ""Emissions|GHG|Industry|Non-Ferrous Metals|Aluminum""]",fig07_emissions_response,,,,,,"[""AFE"", ""AFN"", ""AFW"", ""AFZ"", ""ANZ"", ""ASC"", ""ASE"", ""ASO"", ""BRA"", ""CAN"", ""CHL"", ""CHN"", ""ENE"", ""ENW"", ""EUE"", ""EUM"", ""EUW"", ""IDN"", ""IND"", ""JPN"", ""LAM"", ""MDA"", ""MEA"", ""MEX"", ""NIG"", ""RUS"", ""SKT"", ""USA""]",GHG emissions,,,,,,,,noce,,,,,,,trajectory,"[1, 1, 1]",4562.335724756673,,,
ndc_noce,NDC,No CE,a,Global,Three sectors,Three sectors,2035,4083.993990806989,MtCO2e/yr,plotted,"[""Emissions|GHG|Industry|Non-Metallic Minerals|Cement"", ""Emissions|GHG|Industry|Iron and Steel"", ""Emissions|GHG|Industry|Non-Ferrous Metals|Aluminum""]",fig07_emissions_response,,,,,,"[""AFE"", ""AFN"", ""AFW"", ""AFZ"", ""ANZ"", ""ASC"", ""ASE"", ""ASO"", ""BRA"", ""CAN"", ""CHL"", ""CHN"", ""ENE"", ""ENW"", ""EUE"", ""EUM"", ""EUW"", ""IDN"", ""IND"", ""JPN"", ""LAM"", ""MDA"", ""MEA"", ""MEX"", ""NIG"", ""RUS"", ""SKT"", ""USA""]",GHG emissions,,,,,,,,noce,,,,,,,trajectory,"[1, 1, 1]",4083.993990806989,,,
ndc_noce,NDC,No CE,a,Global,Three sectors,Three sectors,2040,3972.5267539941024,MtCO2e/yr,plotted,"[""Emissions|GHG|Industry|Non-Metallic Minerals|Cement"", ""Emissions|GHG|Industry|Iron and Steel"", ""Emissions|GHG|Industry|Non-Ferrous Metals|Aluminum""]",fig07_emissions_response,,,,,,"[""AFE"", ""AFN"", ""AFW"", ""AFZ"", ""ANZ"", ""ASC"", ""ASE"", ""ASO"", ""BRA"", ""CAN"", ""CHL"", ""CHN"", ""ENE"", ""ENW"", ""EUE"", ""EUM"", ""EUW"", ""IDN"", ""IND"", ""JPN"", ""LAM"", ""MDA"", ""MEA"", ""MEX"", ""NIG"", ""RUS"", ""SKT"", ""USA""]",GHG emissions,,,,,,,,noce,,,,,,,trajectory,"[1, 1, 1]",3972.5267539941024,,,
ndc_noce,NDC,No CE,a,Global,Three sectors,Three sectors,2050,3763.136734980516,MtCO2e/yr,plotted,"[""Emissions|GHG|Industry|Non-Metallic Minerals|Cement"", ""Emissions|GHG|Industry|Iron and Steel"", ""Emissions|GHG|Industry|Non-Ferrous Metals|Aluminum""]",fig07_emissions_response,,,,,,"[""AFE"", ""AFN"", ""AFW"", ""AFZ"", ""ANZ"", ""ASC"", ""ASE"", ""ASO"", ""BRA"", ""CAN"", ""CHL"", ""CHN"", ""ENE"", ""ENW"", ""EUE"", ""EUM"", ""EUW"", ""IDN"", ""IND"", ""JPN"", ""LAM"", ""MDA"", ""MEA"", ""MEX"", ""NIG"", ""RUS"", ""SKT"", ""USA""]",GHG emissions,,,,,,,,noce,,,,,,,trajectory,"[1, 1, 1]",3763.136734980516,,,
ndc_medce_eu,NDC,"Medium CE, EU",a,Global,Three sectors,Three sectors,2019,5494.987454113852,MtCO2e/yr,plotted,"[""Emissions|GHG|Industry|Non-Metallic Minerals|Cement"", ""Emissions|GHG|Industry|Iron and Steel"", ""Emissions|GHG|Industry|Non-Ferrous Metals|Aluminum""]",fig07_emissions_response,,,,,,"[""AFE"", ""AFN"", ""AFW"", ""AFZ"", ""ANZ"", ""ASC"", ""ASE"", ""ASO"", ""BRA"", ""CAN"", ""CHL"", ""CHN"", ""ENE"", ""ENW"", ""EUE"", ""EUM"", ""EUW"", ""IDN"", ""IND"", ""JPN"", ""LAM"", ""MDA"", ""MEA"", ""MEX"", ""NIG"", ""RUS"", ""SKT"", ""USA""]",GHG emissions,,,,,,,,medce_eu,,,,,,,trajectory,"[1, 1, 1]",5494.987454113852,,,
ndc_medce_eu,NDC,"Medium CE, EU",a,Global,Three sectors,Three sectors,2024,5249.263336500017,MtCO2e/yr,plotted,"[""Emissions|GHG|Industry|Non-Metallic Minerals|Cement"", ""Emissions|GHG|Industry|Iron and Steel"", ""Emissions|GHG|Industry|Non-Ferrous Metals|Aluminum""]",fig07_emissions_response,,,,,,"[""AFE"", ""AFN"", ""AFW"", ""AFZ"", ""ANZ"", ""ASC"", ""ASE"", ""ASO"", ""BRA"", ""CAN"", ""CHL"", ""CHN"", ""ENE"", ""ENW"", ""EUE"", ""EUM"", ""EUW"", ""IDN"", ""IND"", ""JPN"", ""LAM"", ""MDA"", ""MEA"", ""MEX"", ""NIG"", ""RUS"", ""SKT"", ""USA""]",GHG emissions,,,,,,,,medce_eu,,,,,,,trajectory,"[1, 1, 1]",5249.263336500017,,,
ndc_medce_eu,NDC,"Medium CE, EU",a,Global,Three sectors,Three sectors,2030,4495.381107794648,MtCO2e/yr,plotted,"[""Emissions|GHG|Industry|Non-Metallic Minerals|Cement"", ""Emissions|GHG|Industry|Iron and Steel"", ""Emissions|GHG|Industry|Non-Ferrous Metals|Aluminum""]",fig07_emissions_response,,,,,,"[""AFE"", ""AFN"", ""AFW"", ""AFZ"", ""ANZ"", ""ASC"", ""ASE"", ""ASO"", ""BRA"", ""CAN"", ""CHL"", ""CHN"", ""ENE"", ""ENW"", ""EUE"", ""EUM"", ""EUW"", ""IDN"", ""IND"", ""JPN"", ""LAM"", ""MDA"", ""MEA"", ""MEX"", ""NIG"", ""RUS"", ""SKT"", ""USA""]",GHG emissions,,,,,,,,medce_eu,,,,,,,trajectory,"[1, 1, 1]",4495.381107794648,,,
ndc_medce_eu,NDC,"Medium CE, EU",a,Global,Three sectors,Three sectors,2035,4012.548194486156,MtCO2e/yr,plotted,"[""Emissions|GHG|Industry|Non-Metallic Minerals|Cement"", ""Emissions|GHG|Industry|Iron and Steel"", ""Emissions|GHG|Industry|Non-Ferrous Metals|Aluminum""]",fig07_emissions_response,,,,,,"[""AFE"", ""AFN"", ""AFW"", ""AFZ"", ""ANZ"", ""ASC"", ""ASE"", ""ASO"", ""BRA"", ""CAN"", ""CHL"", ""CHN"", ""ENE"", ""ENW"", ""EUE"", ""EUM"", ""EUW"", ""IDN"", ""IND"", ""JPN"", ""LAM"", ""MDA"", ""MEA"", ""MEX"", ""NIG"", ""RUS"", ""SKT"", ""USA""]",GHG emissions,,,,,,,,medce_eu,,,,,,,trajectory,"[1, 1, 1]",4012.548194486156,,,
ndc_medce_eu,NDC,"Medium CE, EU",a,Global,Three sectors,Three sectors,2040,3894.8066683996794,MtCO2e/yr,plotted,"[""Emissions|GHG|Industry|Non-Metallic Minerals|Cement"", ""Emissions|GHG|Industry|Iron and Steel"", ""Emissions|GHG|Industry|Non-Ferrous Metals|Aluminum""]",fig07_emissions_response,,,,,,"[""AFE"", ""AFN"", ""AFW"", ""AFZ"", ""ANZ"", ""ASC"", ""ASE"", ""ASO"", ""BRA"", ""CAN"", ""CHL"", ""CHN"", ""ENE"", ""ENW"", ""EUE"", ""EUM"", ""EUW"", ""IDN"", ""IND"", ""JPN"", ""LAM"", ""MDA"", ""MEA"", ""MEX"", ""NIG"", ""RUS"", ""SKT"", ""USA""]",GHG emissions,,,,,,,,medce_eu,,,,,,,trajectory,"[1, 1, 1]",3894.8066683996794,,,
ndc_medce_eu,NDC,"Medium CE, EU",a,Global,Three sectors,Three sectors,2050,3731.086850955089,MtCO2e/yr,plotted,"[""Emissions|GHG|Industry|Non-Metallic Minerals|Cement"", ""Emissions|GHG|Industry|Iron and Steel"", ""Emissions|GHG|Industry|Non-Ferrous Metals|Aluminum""]",fig07_emissions_response,,,,,,"[""AFE"", ""AFN"", ""AFW"", ""AFZ"", ""ANZ"", ""ASC"", ""ASE"", ""ASO"", ""BRA"", ""CAN"", ""CHL"", ""CHN"", ""ENE"", ""ENW"", ""EUE"", ""EUM"", ""EUW"", ""IDN"", ""IND"", ""JPN"", ""LAM"", ""MDA"", ""MEA"", ""MEX"", ""NIG"", ""RUS"", ""SKT"", ""USA""]",GHG emissions,,,,,,,,medce_eu,,,,,,,trajectory,"[1, 1, 1]",3731.086850955089,,,
ndc_highce_eu,NDC,"High CE, EU",a,Global,Three sectors,Three sectors,2019,5494.987454113852,MtCO2e/yr,plotted,"[""Emissions|GHG|Industry|Non-Metallic Minerals|Cement"", ""Emissions|GHG|Industry|Iron and Steel"", ""Emissions|GHG|Industry|Non-Ferrous Metals|Aluminum""]",fig07_emissions_response,,,,,,"[""AFE"", ""AFN"", ""AFW"", ""AFZ"", ""ANZ"", ""ASC"", ""ASE"", ""ASO"", ""BRA"", ""CAN"", ""CHL"", ""CHN"", ""ENE"", ""ENW"", ""EUE"", ""EUM"", ""EUW"", ""IDN"", ""IND"", ""JPN"", ""LAM"", ""MDA"", ""MEA"", ""MEX"", ""NIG"", ""RUS"", ""SKT"", ""USA""]",GHG emissions,,,,,,,,highce_eu,,,,,,,trajectory,"[1, 1, 1]",5494.987454113852,,,
ndc_highce_eu,NDC,"High CE, EU",a,Global,Three sectors,Three sectors,2024,5249.263336500017,MtCO2e/yr,plotted,"[""Emissions|GHG|Industry|Non-Metallic Minerals|Cement"", ""Emissions|GHG|Industry|Iron and Steel"", ""Emissions|GHG|Industry|Non-Ferrous Metals|Aluminum""]",fig07_emissions_response,,,,,,"[""AFE"", ""AFN"", ""AFW"", ""AFZ"", ""ANZ"", ""ASC"", ""ASE"", ""ASO"", ""BRA"", ""CAN"", ""CHL"", ""CHN"", ""ENE"", ""ENW"", ""EUE"", ""EUM"", ""EUW"", ""IDN"", ""IND"", ""JPN"", ""LAM"", ""MDA"", ""MEA"", ""MEX"", ""NIG"", ""RUS"", ""SKT"", ""USA""]",GHG emissions,,,,,,,,highce_eu,,,,,,,trajectory,"[1, 1, 1]",5249.263336500017,,,
ndc_highce_eu,NDC,"High CE, EU",a,Global,Three sectors,Three sectors,2030,4478.66849958107,MtCO2e/yr,plotted,"[""Emissions|GHG|Industry|Non-Metallic Minerals|Cement"", ""Emissions|GHG|Industry|Iron and Steel"", ""Emissions|GHG|Industry|Non-Ferrous Metals|Aluminum""]",fig07_emissions_response,,,,,,"[""AFE"", ""AFN"", ""AFW"", ""AFZ"", ""ANZ"", ""ASC"", ""ASE"", ""ASO"", ""BRA"", ""CAN"", ""CHL"", ""CHN"", ""ENE"", ""ENW"", ""EUE"", ""EUM"", ""EUW"", ""IDN"", ""IND"", ""JPN"", ""LAM"", ""MDA"", ""MEA"", ""MEX"", ""NIG"", ""RUS"", ""SKT"", ""USA""]",GHG emissions,,,,,,,,highce_eu,,,,,,,trajectory,"[1, 1, 1]",4478.66849958107,,,
ndc_highce_eu,NDC,"High CE, EU",a,Global,Three sectors,Three sectors,2035,3998.083517487633,MtCO2e/yr,plotted,"[""Emissions|GHG|Industry|Non-Metallic Minerals|Cement"", ""Emissions|GHG|Industry|Iron and Steel"", ""Emissions|GHG|Industry|Non-Ferrous Metals|Aluminum""]",fig07_emissions_response,,,,,,"[""AFE"", ""AFN"", ""AFW"", ""AFZ"", ""ANZ"", ""ASC"", ""ASE"", ""ASO"", ""BRA"", ""CAN"", ""CHL"", ""CHN"", ""ENE"", ""ENW"", ""EUE"", ""EUM"", ""EUW"", ""IDN"", ""IND"", ""JPN"", ""LAM"", ""MDA"", ""MEA"", ""MEX"", ""NIG"", ""RUS"", ""SKT"", ""USA""]",GHG emissions,,,,,,,,highce_eu,,,,,,,trajectory,"[1, 1, 1]",3998.083517487633,,,
ndc_highce_eu,NDC,"High CE, EU",a,Global,Three sectors,Three sectors,2040,3890.268509197988,MtCO2e/yr,plotted,"[""Emissions|GHG|Industry|Non-Metallic Minerals|Cement"", ""Emissions|GHG|Industry|Iron and Steel"", ""Emissions|GHG|Industry|Non-Ferrous Metals|Aluminum""]",fig07_emissions_response,,,,,,"[""AFE"", ""AFN"", ""AFW"", ""AFZ"", ""ANZ"", ""ASC"", ""ASE"", ""ASO"", ""BRA"", ""CAN"", ""CHL"", ""CHN"", ""ENE"", ""ENW"", ""EUE"", ""EUM"", ""EUW"", ""IDN"", ""IND"", ""JPN"", ""LAM"", ""MDA"", ""MEA"", ""MEX"", ""NIG"", ""RUS"", ""SKT"", ""USA""]",GHG emissions,,,,,,,,highce_eu,,,,,,,trajectory,"[1, 1, 1]",3890.268509197988,,,
ndc_highce_eu,NDC,"High CE, EU",a,Global,Three sectors,Three sectors,2050,3723.889474420699,MtCO2e/yr,plotted,"[""Emissions|GHG|Industry|Non-Metallic Minerals|Cement"", ""Emissions|GHG|Industry|Iron and Steel"", ""Emissions|GHG|Industry|Non-Ferrous Metals|Aluminum""]",fig07_emissions_response,,,,,,"[""AFE"", ""AFN"", ""AFW"", ""AFZ"", ""ANZ"", ""ASC"", ""ASE"", ""ASO"", ""BRA"", ""CAN"", ""CHL"", ""CHN"", ""ENE"", ""ENW"", ""EUE"", ""EUM"", ""EUW"", ""IDN"", ""IND"", ""JPN"", ""LAM"", ""MDA"", ""MEA"", ""MEX"", ""NIG"", ""RUS"", ""SKT"", ""USA""]",GHG emissions,,,,,,,,highce_eu,,,,,,,trajectory,"[1, 1, 1]",3723.889474420699,,,
ndc_medce_gbl,NDC,"Medium CE, EU + partners",a,Global,Three sectors,Three sectors,2019,5494.987454113852,MtCO2e/yr,plotted,"[""Emissions|GHG|Industry|Non-Metallic Minerals|Cement"", ""Emissions|GHG|Industry|Iron and Steel"", ""Emissions|GHG|Industry|Non-Ferrous Metals|Aluminum""]",fig07_emissions_response,,,,,,"[""AFE"", ""AFN"", ""AFW"", ""AFZ"", ""ANZ"", ""ASC"", ""ASE"", ""ASO"", ""BRA"", ""CAN"", ""CHL"", ""CHN"", ""ENE"", ""ENW"", ""EUE"", ""EUM"", ""EUW"", ""IDN"", ""IND"", ""JPN"", ""LAM"", ""MDA"", ""MEA"", ""MEX"", ""NIG"", ""RUS"", ""SKT"", ""USA""]",GHG emissions,,,,,,,,medce_gbl,,,,,,,trajectory,"[1, 1, 1]",5494.987454113852,,,
ndc_medce_gbl,NDC,"Medium CE, EU + partners",a,Global,Three sectors,Three sectors,2024,5249.263336500017,MtCO2e/yr,plotted,"[""Emissions|GHG|Industry|Non-Metallic Minerals|Cement"", ""Emissions|GHG|Industry|Iron and Steel"", ""Emissions|GHG|Industry|Non-Ferrous Metals|Aluminum""]",fig07_emissions_response,,,,,,"[""AFE"", ""AFN"", ""AFW"", ""AFZ"", ""ANZ"", ""ASC"", ""ASE"", ""ASO"", ""BRA"", ""CAN"", ""CHL"", ""CHN"", ""ENE"", ""ENW"", ""EUE"", ""EUM"", ""EUW"", ""IDN"", ""IND"", ""JPN"", ""LAM"", ""MDA"", ""MEA"", ""MEX"", ""NIG"", ""RUS"", ""SKT"", ""USA""]",GHG emissions,,,,,,,,medce_gbl,,,,,,,trajectory,"[1, 1, 1]",5249.263336500017,,,
ndc_medce_gbl,NDC,"Medium CE, EU + partners",a,Global,Three sectors,Three sectors,2030,4017.1754945418224,MtCO2e/yr,plotted,"[""Emissions|GHG|Industry|Non-Metallic Minerals|Cement"", ""Emissions|GHG|Industry|Iron and Steel"", ""Emissions|GHG|Industry|Non-Ferrous Metals|Aluminum""]",fig07_emissions_response,,,,,,"[""AFE"", ""AFN"", ""AFW"", ""AFZ"", ""ANZ"", ""ASC"", ""ASE"", ""ASO"", ""BRA"", ""CAN"", ""CHL"", ""CHN"", ""ENE"", ""ENW"", ""EUE"", ""EUM"", ""EUW"", ""IDN"", ""IND"", ""JPN"", ""LAM"", ""MDA"", ""MEA"", ""MEX"", ""NIG"", ""RUS"", ""SKT"", ""USA""]",GHG emissions,,,,,,,,medce_gbl,,,,,,,trajectory,"[1, 1, 1]",4017.1754945418224,,,
ndc_medce_gbl,NDC,"Medium CE, EU + partners",a,Global,Three sectors,Three sectors,2035,3584.8403910376633,MtCO2e/yr,plotted,"[""Emissions|GHG|Industry|Non-Metallic Minerals|Cement"", ""Emissions|GHG|Industry|Iron and Steel"", ""Emissions|GHG|Industry|Non-Ferrous Metals|Aluminum""]",fig07_emissions_response,,,,,,"[""AFE"", ""AFN"", ""AFW"", ""AFZ"", ""ANZ"", ""ASC"", ""ASE"", ""ASO"", ""BRA"", ""CAN"", ""CHL"", ""CHN"", ""ENE"", ""ENW"", ""EUE"", ""EUM"", ""EUW"", ""IDN"", ""IND"", ""JPN"", ""LAM"", ""MDA"", ""MEA"", ""MEX"", ""NIG"", ""RUS"", ""SKT"", ""USA""]",GHG emissions,,,,,,,,medce_gbl,,,,,,,trajectory,"[1, 1, 1]",3584.8403910376633,,,
ndc_medce_gbl,NDC,"Medium CE, EU + partners",a,Global,Three sectors,Three sectors,2040,3432.8385235974247,MtCO2e/yr,plotted,"[""Emissions|GHG|Industry|Non-Metallic Minerals|Cement"", ""Emissions|GHG|Industry|Iron and Steel"", ""Emissions|GHG|Industry|Non-Ferrous Metals|Aluminum""]",fig07_emissions_response,,,,,,"[""AFE"", ""AFN"", ""AFW"", ""AFZ"", ""ANZ"", ""ASC"", ""ASE"", ""ASO"", ""BRA"", ""CAN"", ""CHL"", ""CHN"", ""ENE"", ""ENW"", ""EUE"", ""EUM"", ""EUW"", ""IDN"", ""IND"", ""JPN"", ""LAM"", ""MDA"", ""MEA"", ""MEX"", ""NIG"", ""RUS"", ""SKT"", ""USA""]",GHG emissions,,,,,,,,medce_gbl,,,,,,,trajectory,"[1, 1, 1]",3432.8385235974247,,,
ndc_medce_gbl,NDC,"Medium CE, EU + partners",a,Global,Three sectors,Three sectors,2050,3111.6205591712637,MtCO2e/yr,plotted,"[""Emissions|GHG|Industry|Non-Metallic Minerals|Cement"", ""Emissions|GHG|Industry|Iron and Steel"", ""Emissions|GHG|Industry|Non-Ferrous Metals|Aluminum""]",fig07_emissions_response,,,,,,"[""AFE"", ""AFN"", ""AFW"", ""AFZ"", ""ANZ"", ""ASC"", ""ASE"", ""ASO"", ""BRA"", ""CAN"", ""CHL"", ""CHN"", ""ENE"", ""ENW"", ""EUE"", ""EUM"", ""EUW"", ""IDN"", ""IND"", ""JPN"", ""LAM"", ""MDA"", ""MEA"", ""MEX"", ""NIG"", ""RUS"", ""SKT"", ""USA""]",GHG emissions,,,,,,,,medce_gbl,,,,,,,trajectory,"[1, 1, 1]",3111.6205591712637,,,
ndc_highce_gbl,NDC,"High CE, EU + partners",a,Global,Three sectors,Three sectors,2019,5494.987454113852,MtCO2e/yr,plotted,"[""Emissions|GHG|Industry|Non-Metallic Minerals|Cement"", ""Emissions|GHG|Industry|Iron and Steel"", ""Emissions|GHG|Industry|Non-Ferrous Metals|Aluminum""]",fig07_emissions_response,,,,,,"[""AFE"", ""AFN"", ""AFW"", ""AFZ"", ""ANZ"", ""ASC"", ""ASE"", ""ASO"", ""BRA"", ""CAN"", ""CHL"", ""CHN"", ""ENE"", ""ENW"", ""EUE"", ""EUM"", ""EUW"", ""IDN"", ""IND"", ""JPN"", ""LAM"", ""MDA"", ""MEA"", ""MEX"", ""NIG"", ""RUS"", ""SKT"", ""USA""]",GHG emissions,,,,,,,,highce_gbl,,,,,,,trajectory,"[1, 1, 1]",5494.987454113852,,,
ndc_highce_gbl,NDC,"High CE, EU + partners",a,Global,Three sectors,Three sectors,2024,5249.263336500017,MtCO2e/yr,plotted,"[""Emissions|GHG|Industry|Non-Metallic Minerals|Cement"", ""Emissions|GHG|Industry|Iron and Steel"", ""Emissions|GHG|Industry|Non-Ferrous Metals|Aluminum""]",fig07_emissions_response,,,,,,"[""AFE"", ""AFN"", ""AFW"", ""AFZ"", ""ANZ"", ""ASC"", ""ASE"", ""ASO"", ""BRA"", ""CAN"", ""CHL"", ""CHN"", ""ENE"", ""ENW"", ""EUE"", ""EUM"", ""EUW"", ""IDN"", ""IND"", ""JPN"", ""LAM"", ""MDA"", ""MEA"", ""MEX"", ""NIG"", ""RUS"", ""SKT"", ""USA""]",GHG emissions,,,,,,,,highce_gbl,,,,,,,trajectory,"[1, 1, 1]",5249.263336500017,,,
ndc_highce_gbl,NDC,"High CE, EU + partners",a,Global,Three sectors,Three sectors,2030,3688.012033642236,MtCO2e/yr,plotted,"[""Emissions|GHG|Industry|Non-Metallic Minerals|Cement"", ""Emissions|GHG|Industry|Iron and Steel"", ""Emissions|GHG|Industry|Non-Ferrous Metals|Aluminum""]",fig07_emissions_response,,,,,,"[""AFE"", ""AFN"", ""AFW"", ""AFZ"", ""ANZ"", ""ASC"", ""ASE"", ""ASO"", ""BRA"", ""CAN"", ""CHL"", ""CHN"", ""ENE"", ""ENW"", ""EUE"", ""EUM"", ""EUW"", ""IDN"", ""IND"", ""JPN"", ""LAM"", ""MDA"", ""MEA"", ""MEX"", ""NIG"", ""RUS"", ""SKT"", ""USA""]",GHG emissions,,,,,,,,highce_gbl,,,,,,,trajectory,"[1, 1, 1]",3688.012033642236,,,
ndc_highce_gbl,NDC,"High CE, EU + partners",a,Global,Three sectors,Three sectors,2035,3250.783351993523,MtCO2e/yr,plotted,"[""Emissions|GHG|Industry|Non-Metallic Minerals|Cement"", ""Emissions|GHG|Industry|Iron and Steel"", ""Emissions|GHG|Industry|Non-Ferrous Metals|Aluminum""]",fig07_emissions_response,,,,,,"[""AFE"", ""AFN"", ""AFW"", ""AFZ"", ""ANZ"", ""ASC"", ""ASE"", ""ASO"", ""BRA"", ""CAN"", ""CHL"", ""CHN"", ""ENE"", ""ENW"", ""EUE"", ""EUM"", ""EUW"", ""IDN"", ""IND"", ""JPN"", ""LAM"", ""MDA"", ""MEA"", ""MEX"", ""NIG"", ""RUS"", ""SKT"", ""USA""]",GHG emissions,,,,,,,,highce_gbl,,,,,,,trajectory,"[1, 1, 1]",3250.783351993523,,,
ndc_highce_gbl,NDC,"High CE, EU + partners",a,Global,Three sectors,Three sectors,2040,3080.022488192454,MtCO2e/yr,plotted,"[""Emissions|GHG|Industry|Non-Metallic Minerals|Cement"", ""Emissions|GHG|Industry|Iron and Steel"", ""Emissions|GHG|Industry|Non-Ferrous Metals|Aluminum""]",fig07_emissions_response,,,,,,"[""AFE"", ""AFN"", ""AFW"", ""AFZ"", ""ANZ"", ""ASC"", ""ASE"", ""ASO"", ""BRA"", ""CAN"", ""CHL"", ""CHN"", ""ENE"", ""ENW"", ""EUE"", ""EUM"", ""EUW"", ""IDN"", ""IND"", ""JPN"", ""LAM"", ""MDA"", ""MEA"", ""MEX"", ""NIG"", ""RUS"", ""SKT"", ""USA""]",GHG emissions,,,,,,,,highce_gbl,,,,,,,trajectory,"[1, 1, 1]",3080.022488192454,,,
ndc_highce_gbl,NDC,"High CE, EU + partners",a,Global,Three sectors,Three sectors,2050,2591.43991519135,MtCO2e/yr,plotted,"[""Emissions|GHG|Industry|Non-Metallic Minerals|Cement"", ""Emissions|GHG|Industry|Iron and Steel"", ""Emissions|GHG|Industry|Non-Ferrous Metals|Aluminum""]",fig07_emissions_response,,,,,,"[""AFE"", ""AFN"", ""AFW"", ""AFZ"", ""ANZ"", ""ASC"", ""ASE"", ""ASO"", ""BRA"", ""CAN"", ""CHL"", ""CHN"", ""ENE"", ""ENW"", ""EUE"", ""EUM"", ""EUW"", ""IDN"", ""IND"", ""JPN"", ""LAM"", ""MDA"", ""MEA"", ""MEX"", ""NIG"", ""RUS"", ""SKT"", ""USA""]",GHG emissions,,,,,,,,highce_gbl,,,,,,,trajectory,"[1, 1, 1]",2591.43991519135,,,
ndc_medce_eu,NDC,"Medium CE, EU",c,Global,Cement,Cement,2050,-23.548168254601478,MtCO2e/yr,plotted,"[""Emissions|GHG|Industry|Non-Metallic Minerals|Cement""]",fig07_emissions_response,,,,,,"[""AFE"", ""AFN"", ""AFW"", ""AFZ"", ""ANZ"", ""ASC"", ""ASE"", ""ASO"", ""BRA"", ""CAN"", ""CHL"", ""CHN"", ""ENE"", ""ENW"", ""EUE"", ""EUM"", ""EUW"", ""IDN"", ""IND"", ""JPN"", ""LAM"", ""MDA"", ""MEA"", ""MEX"", ""NIG"", ""RUS"", ""SKT"", ""USA""]",GHG emissions change,,,,,,,,medce_eu,,,,,ndc_noce,2050.0,industry,[1],1783.129348025203,1806.6775162798044,,
ndc_medce_eu,NDC,"Medium CE, EU",c,Global,Iron and steel,Iron and steel,2050,-11.29084677178048,MtCO2e/yr,plotted,"[""Emissions|GHG|Industry|Iron and Steel""]",fig07_emissions_response,,,,,,"[""AFE"", ""AFN"", ""AFW"", ""AFZ"", ""ANZ"", ""ASC"", ""ASE"", ""ASO"", ""BRA"", ""CAN"", ""CHL"", ""CHN"", ""ENE"", ""ENW"", ""EUE"", ""EUM"", ""EUW"", ""IDN"", ""IND"", ""JPN"", ""LAM"", ""MDA"", ""MEA"", ""MEX"", ""NIG"", ""RUS"", ""SKT"", ""USA""]",GHG emissions change,,,,,,,,medce_eu,,,,,ndc_noce,2050.0,industry,[1],1865.0829296806437,1876.3737764524242,,
ndc_medce_eu,NDC,"Medium CE, EU",c,Global,Aluminium,Aluminium,2050,2.789131000955095,MtCO2e/yr,plotted,"[""Emissions|GHG|Industry|Non-Ferrous Metals|Aluminum""]",fig07_emissions_response,,,,,,"[""AFE"", ""AFN"", ""AFW"", ""AFZ"", ""ANZ"", ""ASC"", ""ASE"", ""ASO"", ""BRA"", ""CAN"", ""CHL"", ""CHN"", ""ENE"", ""ENW"", ""EUE"", ""EUM"", ""EUW"", ""IDN"", ""IND"", ""JPN"", ""LAM"", ""MDA"", ""MEA"", ""MEX"", ""NIG"", ""RUS"", ""SKT"", ""USA""]",GHG emissions change,,,,,,,,medce_eu,,,,,ndc_noce,2050.0,industry,[1],82.87457324924235,80.08544224828725,,
ndc_medce_eu,NDC,"Medium CE, EU",c,Global,Other industry,Other industry,2050,15.477135140291466,MtCO2e/yr,plotted,"[""Emissions|GHG|Industry"", ""Emissions|GHG|Industry|Non-Metallic Minerals|Cement"", ""Emissions|GHG|Industry|Iron and Steel"", ""Emissions|GHG|Industry|Non-Ferrous Metals|Aluminum""]",fig07_emissions_response,,,,,,"[""AFE"", ""AFN"", ""AFW"", ""AFZ"", ""ANZ"", ""ASC"", ""ASE"", ""ASO"", ""BRA"", ""CAN"", ""CHL"", ""CHN"", ""ENE"", ""ENW"", ""EUE"", ""EUM"", ""EUW"", ""IDN"", ""IND"", ""JPN"", ""LAM"", ""MDA"", ""MEA"", ""MEX"", ""NIG"", ""RUS"", ""SKT"", ""USA""]",GHG emissions change,,,,,,,,medce_eu,,,,,ndc_noce,2050.0,industry,"[1, -1, -1, -1]",7087.107915530225,7071.6307803899335,,
ndc_medce_eu,NDC,"Medium CE, EU",c,Global,Total industry,Total industry,2050,-16.572748885135297,MtCO2e/yr,net,"[""Emissions|GHG|Industry""]",fig07_emissions_response,,,,,,"[""AFE"", ""AFN"", ""AFW"", ""AFZ"", ""ANZ"", ""ASC"", ""ASE"", ""ASO"", ""BRA"", ""CAN"", ""CHL"", ""CHN"", ""ENE"", ""ENW"", ""EUE"", ""EUM"", ""EUW"", ""IDN"", ""IND"", ""JPN"", ""LAM"", ""MDA"", ""MEA"", ""MEX"", ""NIG"", ""RUS"", ""SKT"", ""USA""]",GHG emissions change,,,,,,,,medce_eu,,,,,ndc_noce,2050.0,industry,[1],10818.194766485314,10834.76751537045,,
ndc_medce_eu,NDC,"Medium CE, EU",e,EU,Three sectors,EU,2050,-20.298665776200323,MtCO2e/yr,plotted,"[""Emissions|GHG|Industry|Non-Metallic Minerals|Cement"", ""Emissions|GHG|Industry|Iron and Steel"", ""Emissions|GHG|Industry|Non-Ferrous Metals|Aluminum""]",fig07_emissions_response,,,,,,"[""EUE"", ""EUM"", ""EUW""]",GHG emissions change,,,,,,,,medce_eu,,,,,ndc_noce,2050.0,geography,"[1, 1, 1]",50.38783632590014,70.68650210210046,,
ndc_medce_eu,NDC,"Medium CE, EU",e,India,Three sectors,India,2050,0.006852474541119591,MtCO2e/yr,plotted,"[""Emissions|GHG|Industry|Non-Metallic Minerals|Cement"", ""Emissions|GHG|Industry|Iron and Steel"", ""Emissions|GHG|Industry|Non-Ferrous Metals|Aluminum""]",fig07_emissions_response,,,,,,"[""IND""]",GHG emissions change,,,,,,,,medce_eu,,,,,ndc_noce,2050.0,geography,"[1, 1, 1]",897.6413981547541,897.634545680213,,
ndc_medce_eu,NDC,"Medium CE, EU",e,China,Three sectors,China,2050,-12.019139511496405,MtCO2e/yr,plotted,"[""Emissions|GHG|Industry|Non-Metallic Minerals|Cement"", ""Emissions|GHG|Industry|Iron and Steel"", ""Emissions|GHG|Industry|Non-Ferrous Metals|Aluminum""]",fig07_emissions_response,,,,,,"[""CHN""]",GHG emissions change,,,,,,,,medce_eu,,,,,ndc_noce,2050.0,geography,"[1, 1, 1]",1505.1319870365899,1517.1511265480863,,
ndc_medce_eu,NDC,"Medium CE, EU",e,Indonesia group,Three sectors,Indonesia group,2050,0.9012563841904182,MtCO2e/yr,plotted,"[""Emissions|GHG|Industry|Non-Metallic Minerals|Cement"", ""Emissions|GHG|Industry|Iron and Steel"", ""Emissions|GHG|Industry|Non-Ferrous Metals|Aluminum""]",fig07_emissions_response,,,,,,"[""IDN""]",GHG emissions change,,,,,,,,medce_eu,,,,,ndc_noce,2050.0,geography,"[1, 1, 1]",239.07836587752672,238.1771094933363,,
ndc_medce_eu,NDC,"Medium CE, EU",e,Other partners,Three sectors,Other partners,2050,0.013180000372301492,MtCO2e/yr,plotted,"[""Emissions|GHG|Industry|Non-Metallic Minerals|Cement"", ""Emissions|GHG|Industry|Iron and Steel"", ""Emissions|GHG|Industry|Non-Ferrous Metals|Aluminum""]",fig07_emissions_response,,,,,,"[""ANZ"", ""BRA"", ""CAN"", ""CHL"", ""ENE"", ""ENW"", ""JPN"", ""MEX"", ""RUS"", ""SKT"", ""USA""]",GHG emissions change,,,,,,,,medce_eu,,,,,ndc_noce,2050.0,geography,"[1, 1, 1]",257.090923390583,257.0777433902107,,
ndc_medce_eu,NDC,"Medium CE, EU",e,Rest of world,Three sectors,Rest of world,2050,-0.6533675968346415,MtCO2e/yr,plotted,"[""Emissions|GHG|Industry|Non-Metallic Minerals|Cement"", ""Emissions|GHG|Industry|Iron and Steel"", ""Emissions|GHG|Industry|Non-Ferrous Metals|Aluminum""]",fig07_emissions_response,,,,,,"[""AFE"", ""AFN"", ""AFW"", ""AFZ"", ""ASC"", ""ASE"", ""ASO"", ""LAM"", ""MDA"", ""MEA"", ""NIG""]",GHG emissions change,,,,,,,,medce_eu,,,,,ndc_noce,2050.0,geography,"[1, 1, 1]",781.7563401697346,782.4097077665692,,
ndc_medce_eu,NDC,"Medium CE, EU",e,Global,Three sectors,Global net,2050,-32.04988402542676,MtCO2e/yr,net,"[""Emissions|GHG|Industry|Non-Metallic Minerals|Cement"", ""Emissions|GHG|Industry|Iron and Steel"", ""Emissions|GHG|Industry|Non-Ferrous Metals|Aluminum""]",fig07_emissions_response,,,,,,"[""AFE"", ""AFN"", ""AFW"", ""AFZ"", ""ANZ"", ""ASC"", ""ASE"", ""ASO"", ""BRA"", ""CAN"", ""CHL"", ""CHN"", ""ENE"", ""ENW"", ""EUE"", ""EUM"", ""EUW"", ""IDN"", ""IND"", ""JPN"", ""LAM"", ""MDA"", ""MEA"", ""MEX"", ""NIG"", ""RUS"", ""SKT"", ""USA""]",GHG emissions change,,,,,,,,medce_eu,,,,,ndc_noce,2050.0,geography,"[1, 1, 1]",3731.086850955089,3763.136734980516,,
ndc_highce_eu,NDC,"High CE, EU",c,Global,Cement,Cement,2050,-30.576994940509394,MtCO2e/yr,plotted,"[""Emissions|GHG|Industry|Non-Metallic Minerals|Cement""]",fig07_emissions_response,,,,,,"[""AFE"", ""AFN"", ""AFW"", ""AFZ"", ""ANZ"", ""ASC"", ""ASE"", ""ASO"", ""BRA"", ""CAN"", ""CHL"", ""CHN"", ""ENE"", ""ENW"", ""EUE"", ""EUM"", ""EUW"", ""IDN"", ""IND"", ""JPN"", ""LAM"", ""MDA"", ""MEA"", ""MEX"", ""NIG"", ""RUS"", ""SKT"", ""USA""]",GHG emissions change,,,,,,,,highce_eu,,,,,ndc_noce,2050.0,industry,[1],1776.100521339295,1806.6775162798044,,
ndc_highce_eu,NDC,"High CE, EU",c,Global,Iron and steel,Iron and steel,2050,-10.539121096823237,MtCO2e/yr,plotted,"[""Emissions|GHG|Industry|Iron and Steel""]",fig07_emissions_response,,,,,,"[""AFE"", ""AFN"", ""AFW"", ""AFZ"", ""ANZ"", ""ASC"", ""ASE"", ""ASO"", ""BRA"", ""CAN"", ""CHL"", ""CHN"", ""ENE"", ""ENW"", ""EUE"", ""EUM"", ""EUW"", ""IDN"", ""IND"", ""JPN"", ""LAM"", ""MDA"", ""MEA"", ""MEX"", ""NIG"", ""RUS"", ""SKT"", ""USA""]",GHG emissions change,,,,,,,,highce_eu,,,,,ndc_noce,2050.0,industry,[1],1865.834655355601,1876.3737764524242,,
ndc_highce_eu,NDC,"High CE, EU",c,Global,Aluminium,Aluminium,2050,1.868855477516206,MtCO2e/yr,plotted,"[""Emissions|GHG|Industry|Non-Ferrous Metals|Aluminum""]",fig07_emissions_response,,,,,,"[""AFE"", ""AFN"", ""AFW"", ""AFZ"", ""ANZ"", ""ASC"", ""ASE"", ""ASO"", ""BRA"", ""CAN"", ""CHL"", ""CHN"", ""ENE"", ""ENW"", ""EUE"", ""EUM"", ""EUW"", ""IDN"", ""IND"", ""JPN"", ""LAM"", ""MDA"", ""MEA"", ""MEX"", ""NIG"", ""RUS"", ""SKT"", ""USA""]",GHG emissions change,,,,,,,,highce_eu,,,,,ndc_noce,2050.0,industry,[1],81.95429772580346,80.08544224828725,,
ndc_highce_eu,NDC,"High CE, EU",c,Global,Other industry,Other industry,2050,18.606128023987367,MtCO2e/yr,plotted,"[""Emissions|GHG|Industry"", ""Emissions|GHG|Industry|Non-Metallic Minerals|Cement"", ""Emissions|GHG|Industry|Iron and Steel"", ""Emissions|GHG|Industry|Non-Ferrous Metals|Aluminum""]",fig07_emissions_response,,,,,,"[""AFE"", ""AFN"", ""AFW"", ""AFZ"", ""ANZ"", ""ASC"", ""ASE"", ""ASO"", ""BRA"", ""CAN"", ""CHL"", ""CHN"", ""ENE"", ""ENW"", ""EUE"", ""EUM"", ""EUW"", ""IDN"", ""IND"", ""JPN"", ""LAM"", ""MDA"", ""MEA"", ""MEX"", ""NIG"", ""RUS"", ""SKT"", ""USA""]",GHG emissions change,,,,,,,,highce_eu,,,,,ndc_noce,2050.0,industry,"[1, -1, -1, -1]",7090.236908413921,7071.6307803899335,,
ndc_highce_eu,NDC,"High CE, EU",c,Global,Total industry,Total industry,2050,-20.641132535829456,MtCO2e/yr,net,"[""Emissions|GHG|Industry""]",fig07_emissions_response,,,,,,"[""AFE"", ""AFN"", ""AFW"", ""AFZ"", ""ANZ"", ""ASC"", ""ASE"", ""ASO"", ""BRA"", ""CAN"", ""CHL"", ""CHN"", ""ENE"", ""ENW"", ""EUE"", ""EUM"", ""EUW"", ""IDN"", ""IND"", ""JPN"", ""LAM"", ""MDA"", ""MEA"", ""MEX"", ""NIG"", ""RUS"", ""SKT"", ""USA""]",GHG emissions change,,,,,,,,highce_eu,,,,,ndc_noce,2050.0,industry,[1],10814.12638283462,10834.76751537045,,
ndc_highce_eu,NDC,"High CE, EU",e,EU,Three sectors,EU,2050,-27.072595114832716,MtCO2e/yr,plotted,"[""Emissions|GHG|Industry|Non-Metallic Minerals|Cement"", ""Emissions|GHG|Industry|Iron and Steel"", ""Emissions|GHG|Industry|Non-Ferrous Metals|Aluminum""]",fig07_emissions_response,,,,,,"[""EUE"", ""EUM"", ""EUW""]",GHG emissions change,,,,,,,,highce_eu,,,,,ndc_noce,2050.0,geography,"[1, 1, 1]",43.61390698726775,70.68650210210046,,
ndc_highce_eu,NDC,"High CE, EU",e,India,Three sectors,India,2050,0.006849765889910486,MtCO2e/yr,plotted,"[""Emissions|GHG|Industry|Non-Metallic Minerals|Cement"", ""Emissions|GHG|Industry|Iron and Steel"", ""Emissions|GHG|Industry|Non-Ferrous Metals|Aluminum""]",fig07_emissions_response,,,,,,"[""IND""]",GHG emissions change,,,,,,,,highce_eu,,,,,ndc_noce,2050.0,geography,"[1, 1, 1]",897.6413954461029,897.634545680213,,
ndc_highce_eu,NDC,"High CE, EU",e,China,Three sectors,China,2050,-12.410643816122729,MtCO2e/yr,plotted,"[""Emissions|GHG|Industry|Non-Metallic Minerals|Cement"", ""Emissions|GHG|Industry|Iron and Steel"", ""Emissions|GHG|Industry|Non-Ferrous Metals|Aluminum""]",fig07_emissions_response,,,,,,"[""CHN""]",GHG emissions change,,,,,,,,highce_eu,,,,,ndc_noce,2050.0,geography,"[1, 1, 1]",1504.7404827319635,1517.1511265480863,,
ndc_highce_eu,NDC,"High CE, EU",e,Indonesia group,Three sectors,Indonesia group,2050,0.901255052294573,MtCO2e/yr,plotted,"[""Emissions|GHG|Industry|Non-Metallic Minerals|Cement"", ""Emissions|GHG|Industry|Iron and Steel"", ""Emissions|GHG|Industry|Non-Ferrous Metals|Aluminum""]",fig07_emissions_response,,,,,,"[""IDN""]",GHG emissions change,,,,,,,,highce_eu,,,,,ndc_noce,2050.0,geography,"[1, 1, 1]",239.07836454563088,238.1771094933363,,
ndc_highce_eu,NDC,"High CE, EU",e,Other partners,Three sectors,Other partners,2050,0.04667586534299062,MtCO2e/yr,plotted,"[""Emissions|GHG|Industry|Non-Metallic Minerals|Cement"", ""Emissions|GHG|Industry|Iron and Steel"", ""Emissions|GHG|Industry|Non-Ferrous Metals|Aluminum""]",fig07_emissions_response,,,,,,"[""ANZ"", ""BRA"", ""CAN"", ""CHL"", ""ENE"", ""ENW"", ""JPN"", ""MEX"", ""RUS"", ""SKT"", ""USA""]",GHG emissions change,,,,,,,,highce_eu,,,,,ndc_noce,2050.0,geography,"[1, 1, 1]",257.1244192555537,257.0777433902107,,
ndc_highce_eu,NDC,"High CE, EU",e,Rest of world,Three sectors,Rest of world,2050,-0.7188023123890162,MtCO2e/yr,plotted,"[""Emissions|GHG|Industry|Non-Metallic Minerals|Cement"", ""Emissions|GHG|Industry|Iron and Steel"", ""Emissions|GHG|Industry|Non-Ferrous Metals|Aluminum""]",fig07_emissions_response,,,,,,"[""AFE"", ""AFN"", ""AFW"", ""AFZ"", ""ASC"", ""ASE"", ""ASO"", ""LAM"", ""MDA"", ""MEA"", ""NIG""]",GHG emissions change,,,,,,,,highce_eu,,,,,ndc_noce,2050.0,geography,"[1, 1, 1]",781.6909054541802,782.4097077665692,,
ndc_highce_eu,NDC,"High CE, EU",e,Global,Three sectors,Global net,2050,-39.24726055981682,MtCO2e/yr,net,"[""Emissions|GHG|Industry|Non-Metallic Minerals|Cement"", ""Emissions|GHG|Industry|Iron and Steel"", ""Emissions|GHG|Industry|Non-Ferrous Metals|Aluminum""]",fig07_emissions_response,,,,,,"[""AFE"", ""AFN"", ""AFW"", ""AFZ"", ""ANZ"", ""ASC"", ""ASE"", ""ASO"", ""BRA"", ""CAN"", ""CHL"", ""CHN"", ""ENE"", ""ENW"", ""EUE"", ""EUM"", ""EUW"", ""IDN"", ""IND"", ""JPN"", ""LAM"", ""MDA"", ""MEA"", ""MEX"", ""NIG"", ""RUS"", ""SKT"", ""USA""]",GHG emissions change,,,,,,,,highce_eu,,,,,ndc_noce,2050.0,geography,"[1, 1, 1]",3723.889474420699,3763.136734980516,,
ndc_medce_gbl,NDC,"Medium CE, EU + partners",c,Global,Cement,Cement,2050,-370.0567113608895,MtCO2e/yr,plotted,"[""Emissions|GHG|Industry|Non-Metallic Minerals|Cement""]",fig07_emissions_response,,,,,,"[""AFE"", ""AFN"", ""AFW"", ""AFZ"", ""ANZ"", ""ASC"", ""ASE"", ""ASO"", ""BRA"", ""CAN"", ""CHL"", ""CHN"", ""ENE"", ""ENW"", ""EUE"", ""EUM"", ""EUW"", ""IDN"", ""IND"", ""JPN"", ""LAM"", ""MDA"", ""MEA"", ""MEX"", ""NIG"", ""RUS"", ""SKT"", ""USA""]",GHG emissions change,,,,,,,,medce_gbl,,,,,ndc_noce,2050.0,industry,[1],1436.620804918915,1806.6775162798044,,
ndc_medce_gbl,NDC,"Medium CE, EU + partners",c,Global,Iron and steel,Iron and steel,2050,-271.43664152388214,MtCO2e/yr,plotted,"[""Emissions|GHG|Industry|Iron and Steel""]",fig07_emissions_response,,,,,,"[""AFE"", ""AFN"", ""AFW"", ""AFZ"", ""ANZ"", ""ASC"", ""ASE"", ""ASO"", ""BRA"", ""CAN"", ""CHL"", ""CHN"", ""ENE"", ""ENW"", ""EUE"", ""EUM"", ""EUW"", ""IDN"", ""IND"", ""JPN"", ""LAM"", ""MDA"", ""MEA"", ""MEX"", ""NIG"", ""RUS"", ""SKT"", ""USA""]",GHG emissions change,,,,,,,,medce_gbl,,,,,ndc_noce,2050.0,industry,[1],1604.937134928542,1876.3737764524242,,
ndc_medce_gbl,NDC,"Medium CE, EU + partners",c,Global,Aluminium,Aluminium,2050,-10.022822924480636,MtCO2e/yr,plotted,"[""Emissions|GHG|Industry|Non-Ferrous Metals|Aluminum""]",fig07_emissions_response,,,,,,"[""AFE"", ""AFN"", ""AFW"", ""AFZ"", ""ANZ"", ""ASC"", ""ASE"", ""ASO"", ""BRA"", ""CAN"", ""CHL"", ""CHN"", ""ENE"", ""ENW"", ""EUE"", ""EUM"", ""EUW"", ""IDN"", ""IND"", ""JPN"", ""LAM"", ""MDA"", ""MEA"", ""MEX"", ""NIG"", ""RUS"", ""SKT"", ""USA""]",GHG emissions change,,,,,,,,medce_gbl,,,,,ndc_noce,2050.0,industry,[1],70.06261932380662,80.08544224828725,,
ndc_medce_gbl,NDC,"Medium CE, EU + partners",c,Global,Other industry,Other industry,2050,31.78852416213249,MtCO2e/yr,plotted,"[""Emissions|GHG|Industry"", ""Emissions|GHG|Industry|Non-Metallic Minerals|Cement"", ""Emissions|GHG|Industry|Iron and Steel"", ""Emissions|GHG|Industry|Non-Ferrous Metals|Aluminum""]",fig07_emissions_response,,,,,,"[""AFE"", ""AFN"", ""AFW"", ""AFZ"", ""ANZ"", ""ASC"", ""ASE"", ""ASO"", ""BRA"", ""CAN"", ""CHL"", ""CHN"", ""ENE"", ""ENW"", ""EUE"", ""EUM"", ""EUW"", ""IDN"", ""IND"", ""JPN"", ""LAM"", ""MDA"", ""MEA"", ""MEX"", ""NIG"", ""RUS"", ""SKT"", ""USA""]",GHG emissions change,,,,,,,,medce_gbl,,,,,ndc_noce,2050.0,industry,"[1, -1, -1, -1]",7103.419304552066,7071.6307803899335,,
ndc_medce_gbl,NDC,"Medium CE, EU + partners",c,Global,Total industry,Total industry,2050,-619.7276516471193,MtCO2e/yr,net,"[""Emissions|GHG|Industry""]",fig07_emissions_response,,,,,,"[""AFE"", ""AFN"", ""AFW"", ""AFZ"", ""ANZ"", ""ASC"", ""ASE"", ""ASO"", ""BRA"", ""CAN"", ""CHL"", ""CHN"", ""ENE"", ""ENW"", ""EUE"", ""EUM"", ""EUW"", ""IDN"", ""IND"", ""JPN"", ""LAM"", ""MDA"", ""MEA"", ""MEX"", ""NIG"", ""RUS"", ""SKT"", ""USA""]",GHG emissions change,,,,,,,,medce_gbl,,,,,ndc_noce,2050.0,industry,[1],10215.03986372333,10834.76751537045,,
ndc_medce_gbl,NDC,"Medium CE, EU + partners",e,EU,Three sectors,EU,2050,-20.233756107251153,MtCO2e/yr,plotted,"[""Emissions|GHG|Industry|Non-Metallic Minerals|Cement"", ""Emissions|GHG|Industry|Iron and Steel"", ""Emissions|GHG|Industry|Non-Ferrous Metals|Aluminum""]",fig07_emissions_response,,,,,,"[""EUE"", ""EUM"", ""EUW""]",GHG emissions change,,,,,,,,medce_gbl,,,,,ndc_noce,2050.0,geography,"[1, 1, 1]",50.45274599484931,70.68650210210046,,
ndc_medce_gbl,NDC,"Medium CE, EU + partners",e,India,Three sectors,India,2050,-228.17192769683436,MtCO2e/yr,plotted,"[""Emissions|GHG|Industry|Non-Metallic Minerals|Cement"", ""Emissions|GHG|Industry|Iron and Steel"", ""Emissions|GHG|Industry|Non-Ferrous Metals|Aluminum""]",fig07_emissions_response,,,,,,"[""IND""]",GHG emissions change,,,,,,,,medce_gbl,,,,,ndc_noce,2050.0,geography,"[1, 1, 1]",669.4626179833787,897.634545680213,,
ndc_medce_gbl,NDC,"Medium CE, EU + partners",e,China,Three sectors,China,2050,-278.94393565123596,MtCO2e/yr,plotted,"[""Emissions|GHG|Industry|Non-Metallic Minerals|Cement"", ""Emissions|GHG|Industry|Iron and Steel"", ""Emissions|GHG|Industry|Non-Ferrous Metals|Aluminum""]",fig07_emissions_response,,,,,,"[""CHN""]",GHG emissions change,,,,,,,,medce_gbl,,,,,ndc_noce,2050.0,geography,"[1, 1, 1]",1238.2071908968503,1517.1511265480863,,
ndc_medce_gbl,NDC,"Medium CE, EU + partners",e,Indonesia group,Three sectors,Indonesia group,2050,-84.12909959374329,MtCO2e/yr,plotted,"[""Emissions|GHG|Industry|Non-Metallic Minerals|Cement"", ""Emissions|GHG|Industry|Iron and Steel"", ""Emissions|GHG|Industry|Non-Ferrous Metals|Aluminum""]",fig07_emissions_response,,,,,,"[""IDN""]",GHG emissions change,,,,,,,,medce_gbl,,,,,ndc_noce,2050.0,geography,"[1, 1, 1]",154.048009899593,238.1771094933363,,
ndc_medce_gbl,NDC,"Medium CE, EU + partners",e,Other partners,Three sectors,Other partners,2050,-73.91746731878226,MtCO2e/yr,plotted,"[""Emissions|GHG|Industry|Non-Metallic Minerals|Cement"", ""Emissions|GHG|Industry|Iron and Steel"", ""Emissions|GHG|Industry|Non-Ferrous Metals|Aluminum""]",fig07_emissions_response,,,,,,"[""ANZ"", ""BRA"", ""CAN"", ""CHL"", ""ENE"", ""ENW"", ""JPN"", ""MEX"", ""RUS"", ""SKT"", ""USA""]",GHG emissions change,,,,,,,,medce_gbl,,,,,ndc_noce,2050.0,geography,"[1, 1, 1]",183.16027607142843,257.0777433902107,,
ndc_medce_gbl,NDC,"Medium CE, EU + partners",e,Rest of world,Three sectors,Rest of world,2050,33.880010558593995,MtCO2e/yr,plotted,"[""Emissions|GHG|Industry|Non-Metallic Minerals|Cement"", ""Emissions|GHG|Industry|Iron and Steel"", ""Emissions|GHG|Industry|Non-Ferrous Metals|Aluminum""]",fig07_emissions_response,,,,,,"[""AFE"", ""AFN"", ""AFW"", ""AFZ"", ""ASC"", ""ASE"", ""ASO"", ""LAM"", ""MDA"", ""MEA"", ""NIG""]",GHG emissions change,,,,,,,,medce_gbl,,,,,ndc_noce,2050.0,geography,"[1, 1, 1]",816.2897183251632,782.4097077665692,,
ndc_medce_gbl,NDC,"Medium CE, EU + partners",e,Global,Three sectors,Global net,2050,-651.5161758092522,MtCO2e/yr,net,"[""Emissions|GHG|Industry|Non-Metallic Minerals|Cement"", ""Emissions|GHG|Industry|Iron and Steel"", ""Emissions|GHG|Industry|Non-Ferrous Metals|Aluminum""]",fig07_emissions_response,,,,,,"[""AFE"", ""AFN"", ""AFW"", ""AFZ"", ""ANZ"", ""ASC"", ""ASE"", ""ASO"", ""BRA"", ""CAN"", ""CHL"", ""CHN"", ""ENE"", ""ENW"", ""EUE"", ""EUM"", ""EUW"", ""IDN"", ""IND"", ""JPN"", ""LAM"", ""MDA"", ""MEA"", ""MEX"", ""NIG"", ""RUS"", ""SKT"", ""USA""]",GHG emissions change,,,,,,,,medce_gbl,,,,,ndc_noce,2050.0,geography,"[1, 1, 1]",3111.6205591712637,3763.136734980516,,
ndc_highce_gbl,NDC,"High CE, EU + partners",c,Global,Cement,Cement,2050,-511.8102184962029,MtCO2e/yr,plotted,"[""Emissions|GHG|Industry|Non-Metallic Minerals|Cement""]",fig07_emissions_response,,,,,,"[""AFE"", ""AFN"", ""AFW"", ""AFZ"", ""ANZ"", ""ASC"", ""ASE"", ""ASO"", ""BRA"", ""CAN"", ""CHL"", ""CHN"", ""ENE"", ""ENW"", ""EUE"", ""EUM"", ""EUW"", ""IDN"", ""IND"", ""JPN"", ""LAM"", ""MDA"", ""MEA"", ""MEX"", ""NIG"", ""RUS"", ""SKT"", ""USA""]",GHG emissions change,,,,,,,,highce_gbl,,,,,ndc_noce,2050.0,industry,[1],1294.8672977836015,1806.6775162798044,,
ndc_highce_gbl,NDC,"High CE, EU + partners",c,Global,Iron and steel,Iron and steel,2050,-649.0691501665231,MtCO2e/yr,plotted,"[""Emissions|GHG|Industry|Iron and Steel""]",fig07_emissions_response,,,,,,"[""AFE"", ""AFN"", ""AFW"", ""AFZ"", ""ANZ"", ""ASC"", ""ASE"", ""ASO"", ""BRA"", ""CAN"", ""CHL"", ""CHN"", ""ENE"", ""ENW"", ""EUE"", ""EUM"", ""EUW"", ""IDN"", ""IND"", ""JPN"", ""LAM"", ""MDA"", ""MEA"", ""MEX"", ""NIG"", ""RUS"", ""SKT"", ""USA""]",GHG emissions change,,,,,,,,highce_gbl,,,,,ndc_noce,2050.0,industry,[1],1227.3046262859011,1876.3737764524242,,
ndc_highce_gbl,NDC,"High CE, EU + partners",c,Global,Aluminium,Aluminium,2050,-10.817451126440346,MtCO2e/yr,plotted,"[""Emissions|GHG|Industry|Non-Ferrous Metals|Aluminum""]",fig07_emissions_response,,,,,,"[""AFE"", ""AFN"", ""AFW"", ""AFZ"", ""ANZ"", ""ASC"", ""ASE"", ""ASO"", ""BRA"", ""CAN"", ""CHL"", ""CHN"", ""ENE"", ""ENW"", ""EUE"", ""EUM"", ""EUW"", ""IDN"", ""IND"", ""JPN"", ""LAM"", ""MDA"", ""MEA"", ""MEX"", ""NIG"", ""RUS"", ""SKT"", ""USA""]",GHG emissions change,,,,,,,,highce_gbl,,,,,ndc_noce,2050.0,industry,[1],69.2679911218469,80.08544224828725,,
ndc_highce_gbl,NDC,"High CE, EU + partners",c,Global,Other industry,Other industry,2050,70.5147513231559,MtCO2e/yr,plotted,"[""Emissions|GHG|Industry"", ""Emissions|GHG|Industry|Non-Metallic Minerals|Cement"", ""Emissions|GHG|Industry|Iron and Steel"", ""Emissions|GHG|Industry|Non-Ferrous Metals|Aluminum""]",fig07_emissions_response,,,,,,"[""AFE"", ""AFN"", ""AFW"", ""AFZ"", ""ANZ"", ""ASC"", ""ASE"", ""ASO"", ""BRA"", ""CAN"", ""CHL"", ""CHN"", ""ENE"", ""ENW"", ""EUE"", ""EUM"", ""EUW"", ""IDN"", ""IND"", ""JPN"", ""LAM"", ""MDA"", ""MEA"", ""MEX"", ""NIG"", ""RUS"", ""SKT"", ""USA""]",GHG emissions change,,,,,,,,highce_gbl,,,,,ndc_noce,2050.0,industry,"[1, -1, -1, -1]",7142.145531713089,7071.6307803899335,,
ndc_highce_gbl,NDC,"High CE, EU + partners",c,Global,Total industry,Total industry,2050,-1101.1820684660106,MtCO2e/yr,net,"[""Emissions|GHG|Industry""]",fig07_emissions_response,,,,,,"[""AFE"", ""AFN"", ""AFW"", ""AFZ"", ""ANZ"", ""ASC"", ""ASE"", ""ASO"", ""BRA"", ""CAN"", ""CHL"", ""CHN"", ""ENE"", ""ENW"", ""EUE"", ""EUM"", ""EUW"", ""IDN"", ""IND"", ""JPN"", ""LAM"", ""MDA"", ""MEA"", ""MEX"", ""NIG"", ""RUS"", ""SKT"", ""USA""]",GHG emissions change,,,,,,,,highce_gbl,,,,,ndc_noce,2050.0,industry,[1],9733.585446904439,10834.76751537045,,
ndc_highce_gbl,NDC,"High CE, EU + partners",e,EU,Three sectors,EU,2050,-24.737635822153607,MtCO2e/yr,plotted,"[""Emissions|GHG|Industry|Non-Metallic Minerals|Cement"", ""Emissions|GHG|Industry|Iron and Steel"", ""Emissions|GHG|Industry|Non-Ferrous Metals|Aluminum""]",fig07_emissions_response,,,,,,"[""EUE"", ""EUM"", ""EUW""]",GHG emissions change,,,,,,,,highce_gbl,,,,,ndc_noce,2050.0,geography,"[1, 1, 1]",45.948866279946856,70.68650210210046,,
ndc_highce_gbl,NDC,"High CE, EU + partners",e,India,Three sectors,India,2050,-414.0037755877576,MtCO2e/yr,plotted,"[""Emissions|GHG|Industry|Non-Metallic Minerals|Cement"", ""Emissions|GHG|Industry|Iron and Steel"", ""Emissions|GHG|Industry|Non-Ferrous Metals|Aluminum""]",fig07_emissions_response,,,,,,"[""IND""]",GHG emissions change,,,,,,,,highce_gbl,,,,,ndc_noce,2050.0,geography,"[1, 1, 1]",483.6307700924554,897.634545680213,,
ndc_highce_gbl,NDC,"High CE, EU + partners",e,China,Three sectors,China,2050,-534.8774238037122,MtCO2e/yr,plotted,"[""Emissions|GHG|Industry|Non-Metallic Minerals|Cement"", ""Emissions|GHG|Industry|Iron and Steel"", ""Emissions|GHG|Industry|Non-Ferrous Metals|Aluminum""]",fig07_emissions_response,,,,,,"[""CHN""]",GHG emissions change,,,,,,,,highce_gbl,,,,,ndc_noce,2050.0,geography,"[1, 1, 1]",982.2737027443741,1517.1511265480863,,
ndc_highce_gbl,NDC,"High CE, EU + partners",e,Indonesia group,Three sectors,Indonesia group,2050,-128.49465246555562,MtCO2e/yr,plotted,"[""Emissions|GHG|Industry|Non-Metallic Minerals|Cement"", ""Emissions|GHG|Industry|Iron and Steel"", ""Emissions|GHG|Industry|Non-Ferrous Metals|Aluminum""]",fig07_emissions_response,,,,,,"[""IDN""]",GHG emissions change,,,,,,,,highce_gbl,,,,,ndc_noce,2050.0,geography,"[1, 1, 1]",109.68245702778069,238.1771094933363,,
ndc_highce_gbl,NDC,"High CE, EU + partners",e,Other partners,Three sectors,Other partners,2050,-106.23809540319405,MtCO2e/yr,plotted,"[""Emissions|GHG|Industry|Non-Metallic Minerals|Cement"", ""Emissions|GHG|Industry|Iron and Steel"", ""Emissions|GHG|Industry|Non-Ferrous Metals|Aluminum""]",fig07_emissions_response,,,,,,"[""ANZ"", ""BRA"", ""CAN"", ""CHL"", ""ENE"", ""ENW"", ""JPN"", ""MEX"", ""RUS"", ""SKT"", ""USA""]",GHG emissions change,,,,,,,,highce_gbl,,,,,ndc_noce,2050.0,geography,"[1, 1, 1]",150.83964798701663,257.0777433902107,,
ndc_highce_gbl,NDC,"High CE, EU + partners",e,Rest of world,Three sectors,Rest of world,2050,36.654763293207,MtCO2e/yr,plotted,"[""Emissions|GHG|Industry|Non-Metallic Minerals|Cement"", ""Emissions|GHG|Industry|Iron and Steel"", ""Emissions|GHG|Industry|Non-Ferrous Metals|Aluminum""]",fig07_emissions_response,,,,,,"[""AFE"", ""AFN"", ""AFW"", ""AFZ"", ""ASC"", ""ASE"", ""ASO"", ""LAM"", ""MDA"", ""MEA"", ""NIG""]",GHG emissions change,,,,,,,,highce_gbl,,,,,ndc_noce,2050.0,geography,"[1, 1, 1]",819.0644710597762,782.4097077665692,,
ndc_highce_gbl,NDC,"High CE, EU + partners",e,Global,Three sectors,Global net,2050,-1171.696819789166,MtCO2e/yr,net,"[""Emissions|GHG|Industry|Non-Metallic Minerals|Cement"", ""Emissions|GHG|Industry|Iron and Steel"", ""Emissions|GHG|Industry|Non-Ferrous Metals|Aluminum""]",fig07_emissions_response,,,,,,"[""AFE"", ""AFN"", ""AFW"", ""AFZ"", ""ANZ"", ""ASC"", ""ASE"", ""ASO"", ""BRA"", ""CAN"", ""CHL"", ""CHN"", ""ENE"", ""ENW"", ""EUE"", ""EUM"", ""EUW"", ""IDN"", ""IND"", ""JPN"", ""LAM"", ""MDA"", ""MEA"", ""MEX"", ""NIG"", ""RUS"", ""SKT"", ""USA""]",GHG emissions change,,,,,,,,highce_gbl,,,,,ndc_noce,2050.0,geography,"[1, 1, 1]",2591.43991519135,3763.136734980516,,
baseline_noce,NDC+LTT,No CE,b,Global,Three sectors,Three sectors,2019,5494.987454113852,MtCO2e/yr,plotted,"[""Emissions|GHG|Industry|Non-Metallic Minerals|Cement"", ""Emissions|GHG|Industry|Iron and Steel"", ""Emissions|GHG|Industry|Non-Ferrous Metals|Aluminum""]",fig07_emissions_response,,,,,,"[""AFE"", ""AFN"", ""AFW"", ""AFZ"", ""ANZ"", ""ASC"", ""ASE"", ""ASO"", ""BRA"", ""CAN"", ""CHL"", ""CHN"", ""ENE"", ""ENW"", ""EUE"", ""EUM"", ""EUW"", ""IDN"", ""IND"", ""JPN"", ""LAM"", ""MDA"", ""MEA"", ""MEX"", ""NIG"", ""RUS"", ""SKT"", ""USA""]",GHG emissions,,,,,,,,noce,,,,,,,trajectory,"[1, 1, 1]",5494.987454113852,,,
baseline_noce,NDC+LTT,No CE,b,Global,Three sectors,Three sectors,2024,5249.263336500017,MtCO2e/yr,plotted,"[""Emissions|GHG|Industry|Non-Metallic Minerals|Cement"", ""Emissions|GHG|Industry|Iron and Steel"", ""Emissions|GHG|Industry|Non-Ferrous Metals|Aluminum""]",fig07_emissions_response,,,,,,"[""AFE"", ""AFN"", ""AFW"", ""AFZ"", ""ANZ"", ""ASC"", ""ASE"", ""ASO"", ""BRA"", ""CAN"", ""CHL"", ""CHN"", ""ENE"", ""ENW"", ""EUE"", ""EUM"", ""EUW"", ""IDN"", ""IND"", ""JPN"", ""LAM"", ""MDA"", ""MEA"", ""MEX"", ""NIG"", ""RUS"", ""SKT"", ""USA""]",GHG emissions,,,,,,,,noce,,,,,,,trajectory,"[1, 1, 1]",5249.263336500017,,,
baseline_noce,NDC+LTT,No CE,b,Global,Three sectors,Three sectors,2030,4575.787104995871,MtCO2e/yr,plotted,"[""Emissions|GHG|Industry|Non-Metallic Minerals|Cement"", ""Emissions|GHG|Industry|Iron and Steel"", ""Emissions|GHG|Industry|Non-Ferrous Metals|Aluminum""]",fig07_emissions_response,,,,,,"[""AFE"", ""AFN"", ""AFW"", ""AFZ"", ""ANZ"", ""ASC"", ""ASE"", ""ASO"", ""BRA"", ""CAN"", ""CHL"", ""CHN"", ""ENE"", ""ENW"", ""EUE"", ""EUM"", ""EUW"", ""IDN"", ""IND"", ""JPN"", ""LAM"", ""MDA"", ""MEA"", ""MEX"", ""NIG"", ""RUS"", ""SKT"", ""USA""]",GHG emissions,,,,,,,,noce,,,,,,,trajectory,"[1, 1, 1]",4575.787104995871,,,
baseline_noce,NDC+LTT,No CE,b,Global,Three sectors,Three sectors,2035,3942.2639179483585,MtCO2e/yr,plotted,"[""Emissions|GHG|Industry|Non-Metallic Minerals|Cement"", ""Emissions|GHG|Industry|Iron and Steel"", ""Emissions|GHG|Industry|Non-Ferrous Metals|Aluminum""]",fig07_emissions_response,,,,,,"[""AFE"", ""AFN"", ""AFW"", ""AFZ"", ""ANZ"", ""ASC"", ""ASE"", ""ASO"", ""BRA"", ""CAN"", ""CHL"", ""CHN"", ""ENE"", ""ENW"", ""EUE"", ""EUM"", ""EUW"", ""IDN"", ""IND"", ""JPN"", ""LAM"", ""MDA"", ""MEA"", ""MEX"", ""NIG"", ""RUS"", ""SKT"", ""USA""]",GHG emissions,,,,,,,,noce,,,,,,,trajectory,"[1, 1, 1]",3942.2639179483585,,,
baseline_noce,NDC+LTT,No CE,b,Global,Three sectors,Three sectors,2040,3440.3085939806842,MtCO2e/yr,plotted,"[""Emissions|GHG|Industry|Non-Metallic Minerals|Cement"", ""Emissions|GHG|Industry|Iron and Steel"", ""Emissions|GHG|Industry|Non-Ferrous Metals|Aluminum""]",fig07_emissions_response,,,,,,"[""AFE"", ""AFN"", ""AFW"", ""AFZ"", ""ANZ"", ""ASC"", ""ASE"", ""ASO"", ""BRA"", ""CAN"", ""CHL"", ""CHN"", ""ENE"", ""ENW"", ""EUE"", ""EUM"", ""EUW"", ""IDN"", ""IND"", ""JPN"", ""LAM"", ""MDA"", ""MEA"", ""MEX"", ""NIG"", ""RUS"", ""SKT"", ""USA""]",GHG emissions,,,,,,,,noce,,,,,,,trajectory,"[1, 1, 1]",3440.3085939806842,,,
baseline_noce,NDC+LTT,No CE,b,Global,Three sectors,Three sectors,2050,2510.0818182824432,MtCO2e/yr,plotted,"[""Emissions|GHG|Industry|Non-Metallic Minerals|Cement"", ""Emissions|GHG|Industry|Iron and Steel"", ""Emissions|GHG|Industry|Non-Ferrous Metals|Aluminum""]",fig07_emissions_response,,,,,,"[""AFE"", ""AFN"", ""AFW"", ""AFZ"", ""ANZ"", ""ASC"", ""ASE"", ""ASO"", ""BRA"", ""CAN"", ""CHL"", ""CHN"", ""ENE"", ""ENW"", ""EUE"", ""EUM"", ""EUW"", ""IDN"", ""IND"", ""JPN"", ""LAM"", ""MDA"", ""MEA"", ""MEX"", ""NIG"", ""RUS"", ""SKT"", ""USA""]",GHG emissions,,,,,,,,noce,,,,,,,trajectory,"[1, 1, 1]",2510.0818182824432,,,
baseline_medce_eu,NDC+LTT,"Medium CE, EU",b,Global,Three sectors,Three sectors,2019,5494.987454113852,MtCO2e/yr,plotted,"[""Emissions|GHG|Industry|Non-Metallic Minerals|Cement"", ""Emissions|GHG|Industry|Iron and Steel"", ""Emissions|GHG|Industry|Non-Ferrous Metals|Aluminum""]",fig07_emissions_response,,,,,,"[""AFE"", ""AFN"", ""AFW"", ""AFZ"", ""ANZ"", ""ASC"", ""ASE"", ""ASO"", ""BRA"", ""CAN"", ""CHL"", ""CHN"", ""ENE"", ""ENW"", ""EUE"", ""EUM"", ""EUW"", ""IDN"", ""IND"", ""JPN"", ""LAM"", ""MDA"", ""MEA"", ""MEX"", ""NIG"", ""RUS"", ""SKT"", ""USA""]",GHG emissions,,,,,,,,medce_eu,,,,,,,trajectory,"[1, 1, 1]",5494.987454113852,,,
baseline_medce_eu,NDC+LTT,"Medium CE, EU",b,Global,Three sectors,Three sectors,2024,5249.263336500017,MtCO2e/yr,plotted,"[""Emissions|GHG|Industry|Non-Metallic Minerals|Cement"", ""Emissions|GHG|Industry|Iron and Steel"", ""Emissions|GHG|Industry|Non-Ferrous Metals|Aluminum""]",fig07_emissions_response,,,,,,"[""AFE"", ""AFN"", ""AFW"", ""AFZ"", ""ANZ"", ""ASC"", ""ASE"", ""ASO"", ""BRA"", ""CAN"", ""CHL"", ""CHN"", ""ENE"", ""ENW"", ""EUE"", ""EUM"", ""EUW"", ""IDN"", ""IND"", ""JPN"", ""LAM"", ""MDA"", ""MEA"", ""MEX"", ""NIG"", ""RUS"", ""SKT"", ""USA""]",GHG emissions,,,,,,,,medce_eu,,,,,,,trajectory,"[1, 1, 1]",5249.263336500017,,,
baseline_medce_eu,NDC+LTT,"Medium CE, EU",b,Global,Three sectors,Three sectors,2030,4506.54275186187,MtCO2e/yr,plotted,"[""Emissions|GHG|Industry|Non-Metallic Minerals|Cement"", ""Emissions|GHG|Industry|Iron and Steel"", ""Emissions|GHG|Industry|Non-Ferrous Metals|Aluminum""]",fig07_emissions_response,,,,,,"[""AFE"", ""AFN"", ""AFW"", ""AFZ"", ""ANZ"", ""ASC"", ""ASE"", ""ASO"", ""BRA"", ""CAN"", ""CHL"", ""CHN"", ""ENE"", ""ENW"", ""EUE"", ""EUM"", ""EUW"", ""IDN"", ""IND"", ""JPN"", ""LAM"", ""MDA"", ""MEA"", ""MEX"", ""NIG"", ""RUS"", ""SKT"", ""USA""]",GHG emissions,,,,,,,,medce_eu,,,,,,,trajectory,"[1, 1, 1]",4506.54275186187,,,
baseline_medce_eu,NDC+LTT,"Medium CE, EU",b,Global,Three sectors,Three sectors,2035,3852.33233097722,MtCO2e/yr,plotted,"[""Emissions|GHG|Industry|Non-Metallic Minerals|Cement"", ""Emissions|GHG|Industry|Iron and Steel"", ""Emissions|GHG|Industry|Non-Ferrous Metals|Aluminum""]",fig07_emissions_response,,,,,,"[""AFE"", ""AFN"", ""AFW"", ""AFZ"", ""ANZ"", ""ASC"", ""ASE"", ""ASO"", ""BRA"", ""CAN"", ""CHL"", ""CHN"", ""ENE"", ""ENW"", ""EUE"", ""EUM"", ""EUW"", ""IDN"", ""IND"", ""JPN"", ""LAM"", ""MDA"", ""MEA"", ""MEX"", ""NIG"", ""RUS"", ""SKT"", ""USA""]",GHG emissions,,,,,,,,medce_eu,,,,,,,trajectory,"[1, 1, 1]",3852.33233097722,,,
baseline_medce_eu,NDC+LTT,"Medium CE, EU",b,Global,Three sectors,Three sectors,2040,3330.4352839204107,MtCO2e/yr,plotted,"[""Emissions|GHG|Industry|Non-Metallic Minerals|Cement"", ""Emissions|GHG|Industry|Iron and Steel"", ""Emissions|GHG|Industry|Non-Ferrous Metals|Aluminum""]",fig07_emissions_response,,,,,,"[""AFE"", ""AFN"", ""AFW"", ""AFZ"", ""ANZ"", ""ASC"", ""ASE"", ""ASO"", ""BRA"", ""CAN"", ""CHL"", ""CHN"", ""ENE"", ""ENW"", ""EUE"", ""EUM"", ""EUW"", ""IDN"", ""IND"", ""JPN"", ""LAM"", ""MDA"", ""MEA"", ""MEX"", ""NIG"", ""RUS"", ""SKT"", ""USA""]",GHG emissions,,,,,,,,medce_eu,,,,,,,trajectory,"[1, 1, 1]",3330.4352839204107,,,
baseline_medce_eu,NDC+LTT,"Medium CE, EU",b,Global,Three sectors,Three sectors,2050,2494.7682988301954,MtCO2e/yr,plotted,"[""Emissions|GHG|Industry|Non-Metallic Minerals|Cement"", ""Emissions|GHG|Industry|Iron and Steel"", ""Emissions|GHG|Industry|Non-Ferrous Metals|Aluminum""]",fig07_emissions_response,,,,,,"[""AFE"", ""AFN"", ""AFW"", ""AFZ"", ""ANZ"", ""ASC"", ""ASE"", ""ASO"", ""BRA"", ""CAN"", ""CHL"", ""CHN"", ""ENE"", ""ENW"", ""EUE"", ""EUM"", ""EUW"", ""IDN"", ""IND"", ""JPN"", ""LAM"", ""MDA"", ""MEA"", ""MEX"", ""NIG"", ""RUS"", ""SKT"", ""USA""]",GHG emissions,,,,,,,,medce_eu,,,,,,,trajectory,"[1, 1, 1]",2494.7682988301954,,,
baseline_highce_eu,NDC+LTT,"High CE, EU",b,Global,Three sectors,Three sectors,2019,5494.987454113852,MtCO2e/yr,plotted,"[""Emissions|GHG|Industry|Non-Metallic Minerals|Cement"", ""Emissions|GHG|Industry|Iron and Steel"", ""Emissions|GHG|Industry|Non-Ferrous Metals|Aluminum""]",fig07_emissions_response,,,,,,"[""AFE"", ""AFN"", ""AFW"", ""AFZ"", ""ANZ"", ""ASC"", ""ASE"", ""ASO"", ""BRA"", ""CAN"", ""CHL"", ""CHN"", ""ENE"", ""ENW"", ""EUE"", ""EUM"", ""EUW"", ""IDN"", ""IND"", ""JPN"", ""LAM"", ""MDA"", ""MEA"", ""MEX"", ""NIG"", ""RUS"", ""SKT"", ""USA""]",GHG emissions,,,,,,,,highce_eu,,,,,,,trajectory,"[1, 1, 1]",5494.987454113852,,,
baseline_highce_eu,NDC+LTT,"High CE, EU",b,Global,Three sectors,Three sectors,2024,5249.263336500017,MtCO2e/yr,plotted,"[""Emissions|GHG|Industry|Non-Metallic Minerals|Cement"", ""Emissions|GHG|Industry|Iron and Steel"", ""Emissions|GHG|Industry|Non-Ferrous Metals|Aluminum""]",fig07_emissions_response,,,,,,"[""AFE"", ""AFN"", ""AFW"", ""AFZ"", ""ANZ"", ""ASC"", ""ASE"", ""ASO"", ""BRA"", ""CAN"", ""CHL"", ""CHN"", ""ENE"", ""ENW"", ""EUE"", ""EUM"", ""EUW"", ""IDN"", ""IND"", ""JPN"", ""LAM"", ""MDA"", ""MEA"", ""MEX"", ""NIG"", ""RUS"", ""SKT"", ""USA""]",GHG emissions,,,,,,,,highce_eu,,,,,,,trajectory,"[1, 1, 1]",5249.263336500017,,,
baseline_highce_eu,NDC+LTT,"High CE, EU",b,Global,Three sectors,Three sectors,2030,4490.987171007719,MtCO2e/yr,plotted,"[""Emissions|GHG|Industry|Non-Metallic Minerals|Cement"", ""Emissions|GHG|Industry|Iron and Steel"", ""Emissions|GHG|Industry|Non-Ferrous Metals|Aluminum""]",fig07_emissions_response,,,,,,"[""AFE"", ""AFN"", ""AFW"", ""AFZ"", ""ANZ"", ""ASC"", ""ASE"", ""ASO"", ""BRA"", ""CAN"", ""CHL"", ""CHN"", ""ENE"", ""ENW"", ""EUE"", ""EUM"", ""EUW"", ""IDN"", ""IND"", ""JPN"", ""LAM"", ""MDA"", ""MEA"", ""MEX"", ""NIG"", ""RUS"", ""SKT"", ""USA""]",GHG emissions,,,,,,,,highce_eu,,,,,,,trajectory,"[1, 1, 1]",4490.987171007719,,,
baseline_highce_eu,NDC+LTT,"High CE, EU",b,Global,Three sectors,Three sectors,2035,3835.8942194106994,MtCO2e/yr,plotted,"[""Emissions|GHG|Industry|Non-Metallic Minerals|Cement"", ""Emissions|GHG|Industry|Iron and Steel"", ""Emissions|GHG|Industry|Non-Ferrous Metals|Aluminum""]",fig07_emissions_response,,,,,,"[""AFE"", ""AFN"", ""AFW"", ""AFZ"", ""ANZ"", ""ASC"", ""ASE"", ""ASO"", ""BRA"", ""CAN"", ""CHL"", ""CHN"", ""ENE"", ""ENW"", ""EUE"", ""EUM"", ""EUW"", ""IDN"", ""IND"", ""JPN"", ""LAM"", ""MDA"", ""MEA"", ""MEX"", ""NIG"", ""RUS"", ""SKT"", ""USA""]",GHG emissions,,,,,,,,highce_eu,,,,,,,trajectory,"[1, 1, 1]",3835.8942194106994,,,
baseline_highce_eu,NDC+LTT,"High CE, EU",b,Global,Three sectors,Three sectors,2040,3321.669241924263,MtCO2e/yr,plotted,"[""Emissions|GHG|Industry|Non-Metallic Minerals|Cement"", ""Emissions|GHG|Industry|Iron and Steel"", ""Emissions|GHG|Industry|Non-Ferrous Metals|Aluminum""]",fig07_emissions_response,,,,,,"[""AFE"", ""AFN"", ""AFW"", ""AFZ"", ""ANZ"", ""ASC"", ""ASE"", ""ASO"", ""BRA"", ""CAN"", ""CHL"", ""CHN"", ""ENE"", ""ENW"", ""EUE"", ""EUM"", ""EUW"", ""IDN"", ""IND"", ""JPN"", ""LAM"", ""MDA"", ""MEA"", ""MEX"", ""NIG"", ""RUS"", ""SKT"", ""USA""]",GHG emissions,,,,,,,,highce_eu,,,,,,,trajectory,"[1, 1, 1]",3321.669241924263,,,
baseline_highce_eu,NDC+LTT,"High CE, EU",b,Global,Three sectors,Three sectors,2050,2486.5179392373893,MtCO2e/yr,plotted,"[""Emissions|GHG|Industry|Non-Metallic Minerals|Cement"", ""Emissions|GHG|Industry|Iron and Steel"", ""Emissions|GHG|Industry|Non-Ferrous Metals|Aluminum""]",fig07_emissions_response,,,,,,"[""AFE"", ""AFN"", ""AFW"", ""AFZ"", ""ANZ"", ""ASC"", ""ASE"", ""ASO"", ""BRA"", ""CAN"", ""CHL"", ""CHN"", ""ENE"", ""ENW"", ""EUE"", ""EUM"", ""EUW"", ""IDN"", ""IND"", ""JPN"", ""LAM"", ""MDA"", ""MEA"", ""MEX"", ""NIG"", ""RUS"", ""SKT"", ""USA""]",GHG emissions,,,,,,,,highce_eu,,,,,,,trajectory,"[1, 1, 1]",2486.5179392373893,,,
baseline_medce_gbl,NDC+LTT,"Medium CE, EU + partners",b,Global,Three sectors,Three sectors,2019,5494.987454113852,MtCO2e/yr,plotted,"[""Emissions|GHG|Industry|Non-Metallic Minerals|Cement"", ""Emissions|GHG|Industry|Iron and Steel"", ""Emissions|GHG|Industry|Non-Ferrous Metals|Aluminum""]",fig07_emissions_response,,,,,,"[""AFE"", ""AFN"", ""AFW"", ""AFZ"", ""ANZ"", ""ASC"", ""ASE"", ""ASO"", ""BRA"", ""CAN"", ""CHL"", ""CHN"", ""ENE"", ""ENW"", ""EUE"", ""EUM"", ""EUW"", ""IDN"", ""IND"", ""JPN"", ""LAM"", ""MDA"", ""MEA"", ""MEX"", ""NIG"", ""RUS"", ""SKT"", ""USA""]",GHG emissions,,,,,,,,medce_gbl,,,,,,,trajectory,"[1, 1, 1]",5494.987454113852,,,
baseline_medce_gbl,NDC+LTT,"Medium CE, EU + partners",b,Global,Three sectors,Three sectors,2024,5249.263336500017,MtCO2e/yr,plotted,"[""Emissions|GHG|Industry|Non-Metallic Minerals|Cement"", ""Emissions|GHG|Industry|Iron and Steel"", ""Emissions|GHG|Industry|Non-Ferrous Metals|Aluminum""]",fig07_emissions_response,,,,,,"[""AFE"", ""AFN"", ""AFW"", ""AFZ"", ""ANZ"", ""ASC"", ""ASE"", ""ASO"", ""BRA"", ""CAN"", ""CHL"", ""CHN"", ""ENE"", ""ENW"", ""EUE"", ""EUM"", ""EUW"", ""IDN"", ""IND"", ""JPN"", ""LAM"", ""MDA"", ""MEA"", ""MEX"", ""NIG"", ""RUS"", ""SKT"", ""USA""]",GHG emissions,,,,,,,,medce_gbl,,,,,,,trajectory,"[1, 1, 1]",5249.263336500017,,,
baseline_medce_gbl,NDC+LTT,"Medium CE, EU + partners",b,Global,Three sectors,Three sectors,2030,4012.650040667248,MtCO2e/yr,plotted,"[""Emissions|GHG|Industry|Non-Metallic Minerals|Cement"", ""Emissions|GHG|Industry|Iron and Steel"", ""Emissions|GHG|Industry|Non-Ferrous Metals|Aluminum""]",fig07_emissions_response,,,,,,"[""AFE"", ""AFN"", ""AFW"", ""AFZ"", ""ANZ"", ""ASC"", ""ASE"", ""ASO"", ""BRA"", ""CAN"", ""CHL"", ""CHN"", ""ENE"", ""ENW"", ""EUE"", ""EUM"", ""EUW"", ""IDN"", ""IND"", ""JPN"", ""LAM"", ""MDA"", ""MEA"", ""MEX"", ""NIG"", ""RUS"", ""SKT"", ""USA""]",GHG emissions,,,,,,,,medce_gbl,,,,,,,trajectory,"[1, 1, 1]",4012.650040667248,,,
baseline_medce_gbl,NDC+LTT,"Medium CE, EU + partners",b,Global,Three sectors,Three sectors,2035,3530.57808015595,MtCO2e/yr,plotted,"[""Emissions|GHG|Industry|Non-Metallic Minerals|Cement"", ""Emissions|GHG|Industry|Iron and Steel"", ""Emissions|GHG|Industry|Non-Ferrous Metals|Aluminum""]",fig07_emissions_response,,,,,,"[""AFE"", ""AFN"", ""AFW"", ""AFZ"", ""ANZ"", ""ASC"", ""ASE"", ""ASO"", ""BRA"", ""CAN"", ""CHL"", ""CHN"", ""ENE"", ""ENW"", ""EUE"", ""EUM"", ""EUW"", ""IDN"", ""IND"", ""JPN"", ""LAM"", ""MDA"", ""MEA"", ""MEX"", ""NIG"", ""RUS"", ""SKT"", ""USA""]",GHG emissions,,,,,,,,medce_gbl,,,,,,,trajectory,"[1, 1, 1]",3530.57808015595,,,
baseline_medce_gbl,NDC+LTT,"Medium CE, EU + partners",b,Global,Three sectors,Three sectors,2040,2975.6870383443284,MtCO2e/yr,plotted,"[""Emissions|GHG|Industry|Non-Metallic Minerals|Cement"", ""Emissions|GHG|Industry|Iron and Steel"", ""Emissions|GHG|Industry|Non-Ferrous Metals|Aluminum""]",fig07_emissions_response,,,,,,"[""AFE"", ""AFN"", ""AFW"", ""AFZ"", ""ANZ"", ""ASC"", ""ASE"", ""ASO"", ""BRA"", ""CAN"", ""CHL"", ""CHN"", ""ENE"", ""ENW"", ""EUE"", ""EUM"", ""EUW"", ""IDN"", ""IND"", ""JPN"", ""LAM"", ""MDA"", ""MEA"", ""MEX"", ""NIG"", ""RUS"", ""SKT"", ""USA""]",GHG emissions,,,,,,,,medce_gbl,,,,,,,trajectory,"[1, 1, 1]",2975.6870383443284,,,
baseline_medce_gbl,NDC+LTT,"Medium CE, EU + partners",b,Global,Three sectors,Three sectors,2050,2035.605027486971,MtCO2e/yr,plotted,"[""Emissions|GHG|Industry|Non-Metallic Minerals|Cement"", ""Emissions|GHG|Industry|Iron and Steel"", ""Emissions|GHG|Industry|Non-Ferrous Metals|Aluminum""]",fig07_emissions_response,,,,,,"[""AFE"", ""AFN"", ""AFW"", ""AFZ"", ""ANZ"", ""ASC"", ""ASE"", ""ASO"", ""BRA"", ""CAN"", ""CHL"", ""CHN"", ""ENE"", ""ENW"", ""EUE"", ""EUM"", ""EUW"", ""IDN"", ""IND"", ""JPN"", ""LAM"", ""MDA"", ""MEA"", ""MEX"", ""NIG"", ""RUS"", ""SKT"", ""USA""]",GHG emissions,,,,,,,,medce_gbl,,,,,,,trajectory,"[1, 1, 1]",2035.605027486971,,,
baseline_highce_gbl,NDC+LTT,"High CE, EU + partners",b,Global,Three sectors,Three sectors,2019,5494.987454113852,MtCO2e/yr,plotted,"[""Emissions|GHG|Industry|Non-Metallic Minerals|Cement"", ""Emissions|GHG|Industry|Iron and Steel"", ""Emissions|GHG|Industry|Non-Ferrous Metals|Aluminum""]",fig07_emissions_response,,,,,,"[""AFE"", ""AFN"", ""AFW"", ""AFZ"", ""ANZ"", ""ASC"", ""ASE"", ""ASO"", ""BRA"", ""CAN"", ""CHL"", ""CHN"", ""ENE"", ""ENW"", ""EUE"", ""EUM"", ""EUW"", ""IDN"", ""IND"", ""JPN"", ""LAM"", ""MDA"", ""MEA"", ""MEX"", ""NIG"", ""RUS"", ""SKT"", ""USA""]",GHG emissions,,,,,,,,highce_gbl,,,,,,,trajectory,"[1, 1, 1]",5494.987454113852,,,
baseline_highce_gbl,NDC+LTT,"High CE, EU + partners",b,Global,Three sectors,Three sectors,2024,5249.263336500017,MtCO2e/yr,plotted,"[""Emissions|GHG|Industry|Non-Metallic Minerals|Cement"", ""Emissions|GHG|Industry|Iron and Steel"", ""Emissions|GHG|Industry|Non-Ferrous Metals|Aluminum""]",fig07_emissions_response,,,,,,"[""AFE"", ""AFN"", ""AFW"", ""AFZ"", ""ANZ"", ""ASC"", ""ASE"", ""ASO"", ""BRA"", ""CAN"", ""CHL"", ""CHN"", ""ENE"", ""ENW"", ""EUE"", ""EUM"", ""EUW"", ""IDN"", ""IND"", ""JPN"", ""LAM"", ""MDA"", ""MEA"", ""MEX"", ""NIG"", ""RUS"", ""SKT"", ""USA""]",GHG emissions,,,,,,,,highce_gbl,,,,,,,trajectory,"[1, 1, 1]",5249.263336500017,,,
baseline_highce_gbl,NDC+LTT,"High CE, EU + partners",b,Global,Three sectors,Three sectors,2030,3683.5788453668406,MtCO2e/yr,plotted,"[""Emissions|GHG|Industry|Non-Metallic Minerals|Cement"", ""Emissions|GHG|Industry|Iron and Steel"", ""Emissions|GHG|Industry|Non-Ferrous Metals|Aluminum""]",fig07_emissions_response,,,,,,"[""AFE"", ""AFN"", ""AFW"", ""AFZ"", ""ANZ"", ""ASC"", ""ASE"", ""ASO"", ""BRA"", ""CAN"", ""CHL"", ""CHN"", ""ENE"", ""ENW"", ""EUE"", ""EUM"", ""EUW"", ""IDN"", ""IND"", ""JPN"", ""LAM"", ""MDA"", ""MEA"", ""MEX"", ""NIG"", ""RUS"", ""SKT"", ""USA""]",GHG emissions,,,,,,,,highce_gbl,,,,,,,trajectory,"[1, 1, 1]",3683.5788453668406,,,
baseline_highce_gbl,NDC+LTT,"High CE, EU + partners",b,Global,Three sectors,Three sectors,2035,3191.240482532682,MtCO2e/yr,plotted,"[""Emissions|GHG|Industry|Non-Metallic Minerals|Cement"", ""Emissions|GHG|Industry|Iron and Steel"", ""Emissions|GHG|Industry|Non-Ferrous Metals|Aluminum""]",fig07_emissions_response,,,,,,"[""AFE"", ""AFN"", ""AFW"", ""AFZ"", ""ANZ"", ""ASC"", ""ASE"", ""ASO"", ""BRA"", ""CAN"", ""CHL"", ""CHN"", ""ENE"", ""ENW"", ""EUE"", ""EUM"", ""EUW"", ""IDN"", ""IND"", ""JPN"", ""LAM"", ""MDA"", ""MEA"", ""MEX"", ""NIG"", ""RUS"", ""SKT"", ""USA""]",GHG emissions,,,,,,,,highce_gbl,,,,,,,trajectory,"[1, 1, 1]",3191.240482532682,,,
baseline_highce_gbl,NDC+LTT,"High CE, EU + partners",b,Global,Three sectors,Three sectors,2040,2617.156568995846,MtCO2e/yr,plotted,"[""Emissions|GHG|Industry|Non-Metallic Minerals|Cement"", ""Emissions|GHG|Industry|Iron and Steel"", ""Emissions|GHG|Industry|Non-Ferrous Metals|Aluminum""]",fig07_emissions_response,,,,,,"[""AFE"", ""AFN"", ""AFW"", ""AFZ"", ""ANZ"", ""ASC"", ""ASE"", ""ASO"", ""BRA"", ""CAN"", ""CHL"", ""CHN"", ""ENE"", ""ENW"", ""EUE"", ""EUM"", ""EUW"", ""IDN"", ""IND"", ""JPN"", ""LAM"", ""MDA"", ""MEA"", ""MEX"", ""NIG"", ""RUS"", ""SKT"", ""USA""]",GHG emissions,,,,,,,,highce_gbl,,,,,,,trajectory,"[1, 1, 1]",2617.156568995846,,,
baseline_highce_gbl,NDC+LTT,"High CE, EU + partners",b,Global,Three sectors,Three sectors,2050,1729.4727844616923,MtCO2e/yr,plotted,"[""Emissions|GHG|Industry|Non-Metallic Minerals|Cement"", ""Emissions|GHG|Industry|Iron and Steel"", ""Emissions|GHG|Industry|Non-Ferrous Metals|Aluminum""]",fig07_emissions_response,,,,,,"[""AFE"", ""AFN"", ""AFW"", ""AFZ"", ""ANZ"", ""ASC"", ""ASE"", ""ASO"", ""BRA"", ""CAN"", ""CHL"", ""CHN"", ""ENE"", ""ENW"", ""EUE"", ""EUM"", ""EUW"", ""IDN"", ""IND"", ""JPN"", ""LAM"", ""MDA"", ""MEA"", ""MEX"", ""NIG"", ""RUS"", ""SKT"", ""USA""]",GHG emissions,,,,,,,,highce_gbl,,,,,,,trajectory,"[1, 1, 1]",1729.4727844616923,,,
baseline_medce_eu,NDC+LTT,"Medium CE, EU",d,Global,Cement,Cement,2050,-27.143285292451992,MtCO2e/yr,plotted,"[""Emissions|GHG|Industry|Non-Metallic Minerals|Cement""]",fig07_emissions_response,,,,,,"[""AFE"", ""AFN"", ""AFW"", ""AFZ"", ""ANZ"", ""ASC"", ""ASE"", ""ASO"", ""BRA"", ""CAN"", ""CHL"", ""CHN"", ""ENE"", ""ENW"", ""EUE"", ""EUM"", ""EUW"", ""IDN"", ""IND"", ""JPN"", ""LAM"", ""MDA"", ""MEA"", ""MEX"", ""NIG"", ""RUS"", ""SKT"", ""USA""]",GHG emissions change,,,,,,,,medce_eu,,,,,baseline_noce,2050.0,industry,[1],1690.9801755509495,1718.1234608434015,,
baseline_medce_eu,NDC+LTT,"Medium CE, EU",d,Global,Iron and steel,Iron and steel,2050,5.799093627152047,MtCO2e/yr,plotted,"[""Emissions|GHG|Industry|Iron and Steel""]",fig07_emissions_response,,,,,,"[""AFE"", ""AFN"", ""AFW"", ""AFZ"", ""ANZ"", ""ASC"", ""ASE"", ""ASO"", ""BRA"", ""CAN"", ""CHL"", ""CHN"", ""ENE"", ""ENW"", ""EUE"", ""EUM"", ""EUW"", ""IDN"", ""IND"", ""JPN"", ""LAM"", ""MDA"", ""MEA"", ""MEX"", ""NIG"", ""RUS"", ""SKT"", ""USA""]",GHG emissions change,,,,,,,,medce_eu,,,,,baseline_noce,2050.0,industry,[1],746.605490292253,740.8063966651009,,
baseline_medce_eu,NDC+LTT,"Medium CE, EU",d,Global,Aluminium,Aluminium,2050,6.030672213051766,MtCO2e/yr,plotted,"[""Emissions|GHG|Industry|Non-Ferrous Metals|Aluminum""]",fig07_emissions_response,,,,,,"[""AFE"", ""AFN"", ""AFW"", ""AFZ"", ""ANZ"", ""ASC"", ""ASE"", ""ASO"", ""BRA"", ""CAN"", ""CHL"", ""CHN"", ""ENE"", ""ENW"", ""EUE"", ""EUM"", ""EUW"", ""IDN"", ""IND"", ""JPN"", ""LAM"", ""MDA"", ""MEA"", ""MEX"", ""NIG"", ""RUS"", ""SKT"", ""USA""]",GHG emissions change,,,,,,,,medce_eu,,,,,baseline_noce,2050.0,industry,[1],57.1826329869927,51.151960773940935,,
baseline_medce_eu,NDC+LTT,"Medium CE, EU",d,Global,Other industry,Other industry,2050,-4.020976872384836,MtCO2e/yr,plotted,"[""Emissions|GHG|Industry"", ""Emissions|GHG|Industry|Non-Metallic Minerals|Cement"", ""Emissions|GHG|Industry|Iron and Steel"", ""Emissions|GHG|Industry|Non-Ferrous Metals|Aluminum""]",fig07_emissions_response,,,,,,"[""AFE"", ""AFN"", ""AFW"", ""AFZ"", ""ANZ"", ""ASC"", ""ASE"", ""ASO"", ""BRA"", ""CAN"", ""CHL"", ""CHN"", ""ENE"", ""ENW"", ""EUE"", ""EUM"", ""EUW"", ""IDN"", ""IND"", ""JPN"", ""LAM"", ""MDA"", ""MEA"", ""MEX"", ""NIG"", ""RUS"", ""SKT"", ""USA""]",GHG emissions change,,,,,,,,medce_eu,,,,,baseline_noce,2050.0,industry,"[1, -1, -1, -1]",1938.3807223386762,1942.401699211061,,
baseline_medce_eu,NDC+LTT,"Medium CE, EU",d,Global,Total industry,Total industry,2050,-19.33449632463271,MtCO2e/yr,net,"[""Emissions|GHG|Industry""]",fig07_emissions_response,,,,,,"[""AFE"", ""AFN"", ""AFW"", ""AFZ"", ""ANZ"", ""ASC"", ""ASE"", ""ASO"", ""BRA"", ""CAN"", ""CHL"", ""CHN"", ""ENE"", ""ENW"", ""EUE"", ""EUM"", ""EUW"", ""IDN"", ""IND"", ""JPN"", ""LAM"", ""MDA"", ""MEA"", ""MEX"", ""NIG"", ""RUS"", ""SKT"", ""USA""]",GHG emissions change,,,,,,,,medce_eu,,,,,baseline_noce,2050.0,industry,[1],4433.1490211688715,4452.483517493504,,
baseline_medce_eu,NDC+LTT,"Medium CE, EU",f,EU,Three sectors,EU,2050,-18.894354481052602,MtCO2e/yr,plotted,"[""Emissions|GHG|Industry|Non-Metallic Minerals|Cement"", ""Emissions|GHG|Industry|Iron and Steel"", ""Emissions|GHG|Industry|Non-Ferrous Metals|Aluminum""]",fig07_emissions_response,,,,,,"[""EUE"", ""EUM"", ""EUW""]",GHG emissions change,,,,,,,,medce_eu,,,,,baseline_noce,2050.0,geography,"[1, 1, 1]",48.78516766099378,67.67952214204638,,
baseline_medce_eu,NDC+LTT,"Medium CE, EU",f,India,Three sectors,India,2050,0.0006568255773800047,MtCO2e/yr,plotted,"[""Emissions|GHG|Industry|Non-Metallic Minerals|Cement"", ""Emissions|GHG|Industry|Iron and Steel"", ""Emissions|GHG|Industry|Non-Ferrous Metals|Aluminum""]",fig07_emissions_response,,,,,,"[""IND""]",GHG emissions change,,,,,,,,medce_eu,,,,,baseline_noce,2050.0,geography,"[1, 1, 1]",952.2243582144971,952.2237013889197,,
baseline_medce_eu,NDC+LTT,"Medium CE, EU",f,China,Three sectors,China,2050,4.796298202067931,MtCO2e/yr,plotted,"[""Emissions|GHG|Industry|Non-Metallic Minerals|Cement"", ""Emissions|GHG|Industry|Iron and Steel"", ""Emissions|GHG|Industry|Non-Ferrous Metals|Aluminum""]",fig07_emissions_response,,,,,,"[""CHN""]",GHG emissions change,,,,,,,,medce_eu,,,,,baseline_noce,2050.0,geography,"[1, 1, 1]",514.5158361349314,509.7195379328635,,
baseline_medce_eu,NDC+LTT,"Medium CE, EU",f,Indonesia group,Three sectors,Indonesia group,2050,-0.027206563361460212,MtCO2e/yr,plotted,"[""Emissions|GHG|Industry|Non-Metallic Minerals|Cement"", ""Emissions|GHG|Industry|Iron and Steel"", ""Emissions|GHG|Industry|Non-Ferrous Metals|Aluminum""]",fig07_emissions_response,,,,,,"[""IDN""]",GHG emissions change,,,,,,,,medce_eu,,,,,baseline_noce,2050.0,geography,"[1, 1, 1]",152.11243047936685,152.1396370427283,,
baseline_medce_eu,NDC+LTT,"Medium CE, EU",f,Other partners,Three sectors,Other partners,2050,-2.015850683186443,MtCO2e/yr,plotted,"[""Emissions|GHG|Industry|Non-Metallic Minerals|Cement"", ""Emissions|GHG|Industry|Iron and Steel"", ""Emissions|GHG|Industry|Non-Ferrous Metals|Aluminum""]",fig07_emissions_response,,,,,,"[""ANZ"", ""BRA"", ""CAN"", ""CHL"", ""ENE"", ""ENW"", ""JPN"", ""MEX"", ""RUS"", ""SKT"", ""USA""]",GHG emissions change,,,,,,,,medce_eu,,,,,baseline_noce,2050.0,geography,"[1, 1, 1]",210.33409005872264,212.34994074190908,,
baseline_medce_eu,NDC+LTT,"Medium CE, EU",f,Rest of world,Three sectors,Rest of world,2050,0.8269372477070647,MtCO2e/yr,plotted,"[""Emissions|GHG|Industry|Non-Metallic Minerals|Cement"", ""Emissions|GHG|Industry|Iron and Steel"", ""Emissions|GHG|Industry|Non-Ferrous Metals|Aluminum""]",fig07_emissions_response,,,,,,"[""AFE"", ""AFN"", ""AFW"", ""AFZ"", ""ASC"", ""ASE"", ""ASO"", ""LAM"", ""MDA"", ""MEA"", ""NIG""]",GHG emissions change,,,,,,,,medce_eu,,,,,baseline_noce,2050.0,geography,"[1, 1, 1]",616.7964162816834,615.9694790339763,,
baseline_medce_eu,NDC+LTT,"Medium CE, EU",f,Global,Three sectors,Global net,2050,-15.313519452247874,MtCO2e/yr,net,"[""Emissions|GHG|Industry|Non-Metallic Minerals|Cement"", ""Emissions|GHG|Industry|Iron and Steel"", ""Emissions|GHG|Industry|Non-Ferrous Metals|Aluminum""]",fig07_emissions_response,,,,,,"[""AFE"", ""AFN"", ""AFW"", ""AFZ"", ""ANZ"", ""ASC"", ""ASE"", ""ASO"", ""BRA"", ""CAN"", ""CHL"", ""CHN"", ""ENE"", ""ENW"", ""EUE"", ""EUM"", ""EUW"", ""IDN"", ""IND"", ""JPN"", ""LAM"", ""MDA"", ""MEA"", ""MEX"", ""NIG"", ""RUS"", ""SKT"", ""USA""]",GHG emissions change,,,,,,,,medce_eu,,,,,baseline_noce,2050.0,geography,"[1, 1, 1]",2494.7682988301954,2510.0818182824432,,
baseline_highce_eu,NDC+LTT,"High CE, EU",d,Global,Cement,Cement,2050,-37.18671596161994,MtCO2e/yr,plotted,"[""Emissions|GHG|Industry|Non-Metallic Minerals|Cement""]",fig07_emissions_response,,,,,,"[""AFE"", ""AFN"", ""AFW"", ""AFZ"", ""ANZ"", ""ASC"", ""ASE"", ""ASO"", ""BRA"", ""CAN"", ""CHL"", ""CHN"", ""ENE"", ""ENW"", ""EUE"", ""EUM"", ""EUW"", ""IDN"", ""IND"", ""JPN"", ""LAM"", ""MDA"", ""MEA"", ""MEX"", ""NIG"", ""RUS"", ""SKT"", ""USA""]",GHG emissions change,,,,,,,,highce_eu,,,,,baseline_noce,2050.0,industry,[1],1680.9367448817816,1718.1234608434015,,
baseline_highce_eu,NDC+LTT,"High CE, EU",d,Global,Iron and steel,Iron and steel,2050,7.509142197138317,MtCO2e/yr,plotted,"[""Emissions|GHG|Industry|Iron and Steel""]",fig07_emissions_response,,,,,,"[""AFE"", ""AFN"", ""AFW"", ""AFZ"", ""ANZ"", ""ASC"", ""ASE"", ""ASO"", ""BRA"", ""CAN"", ""CHL"", ""CHN"", ""ENE"", ""ENW"", ""EUE"", ""EUM"", ""EUW"", ""IDN"", ""IND"", ""JPN"", ""LAM"", ""MDA"", ""MEA"", ""MEX"", ""NIG"", ""RUS"", ""SKT"", ""USA""]",GHG emissions change,,,,,,,,highce_eu,,,,,baseline_noce,2050.0,industry,[1],748.3155388622392,740.8063966651009,,
baseline_highce_eu,NDC+LTT,"High CE, EU",d,Global,Aluminium,Aluminium,2050,6.113694719427301,MtCO2e/yr,plotted,"[""Emissions|GHG|Industry|Non-Ferrous Metals|Aluminum""]",fig07_emissions_response,,,,,,"[""AFE"", ""AFN"", ""AFW"", ""AFZ"", ""ANZ"", ""ASC"", ""ASE"", ""ASO"", ""BRA"", ""CAN"", ""CHL"", ""CHN"", ""ENE"", ""ENW"", ""EUE"", ""EUM"", ""EUW"", ""IDN"", ""IND"", ""JPN"", ""LAM"", ""MDA"", ""MEA"", ""MEX"", ""NIG"", ""RUS"", ""SKT"", ""USA""]",GHG emissions change,,,,,,,,highce_eu,,,,,baseline_noce,2050.0,industry,[1],57.265655493368236,51.151960773940935,,
baseline_highce_eu,NDC+LTT,"High CE, EU",d,Global,Other industry,Other industry,2050,-10.918596688721664,MtCO2e/yr,plotted,"[""Emissions|GHG|Industry"", ""Emissions|GHG|Industry|Non-Metallic Minerals|Cement"", ""Emissions|GHG|Industry|Iron and Steel"", ""Emissions|GHG|Industry|Non-Ferrous Metals|Aluminum""]",fig07_emissions_response,,,,,,"[""AFE"", ""AFN"", ""AFW"", ""AFZ"", ""ANZ"", ""ASC"", ""ASE"", ""ASO"", ""BRA"", ""CAN"", ""CHL"", ""CHN"", ""ENE"", ""ENW"", ""EUE"", ""EUM"", ""EUW"", ""IDN"", ""IND"", ""JPN"", ""LAM"", ""MDA"", ""MEA"", ""MEX"", ""NIG"", ""RUS"", ""SKT"", ""USA""]",GHG emissions change,,,,,,,,highce_eu,,,,,baseline_noce,2050.0,industry,"[1, -1, -1, -1]",1931.4831025223393,1942.401699211061,,
baseline_highce_eu,NDC+LTT,"High CE, EU",d,Global,Total industry,Total industry,2050,-34.48247573377557,MtCO2e/yr,net,"[""Emissions|GHG|Industry""]",fig07_emissions_response,,,,,,"[""AFE"", ""AFN"", ""AFW"", ""AFZ"", ""ANZ"", ""ASC"", ""ASE"", ""ASO"", ""BRA"", ""CAN"", ""CHL"", ""CHN"", ""ENE"", ""ENW"", ""EUE"", ""EUM"", ""EUW"", ""IDN"", ""IND"", ""JPN"", ""LAM"", ""MDA"", ""MEA"", ""MEX"", ""NIG"", ""RUS"", ""SKT"", ""USA""]",GHG emissions change,,,,,,,,highce_eu,,,,,baseline_noce,2050.0,industry,[1],4418.001041759729,4452.483517493504,,
baseline_highce_eu,NDC+LTT,"High CE, EU",f,EU,Three sectors,EU,2050,-25.74452542465245,MtCO2e/yr,plotted,"[""Emissions|GHG|Industry|Non-Metallic Minerals|Cement"", ""Emissions|GHG|Industry|Iron and Steel"", ""Emissions|GHG|Industry|Non-Ferrous Metals|Aluminum""]",fig07_emissions_response,,,,,,"[""EUE"", ""EUM"", ""EUW""]",GHG emissions change,,,,,,,,highce_eu,,,,,baseline_noce,2050.0,geography,"[1, 1, 1]",41.93499671739393,67.67952214204638,,
baseline_highce_eu,NDC+LTT,"High CE, EU",f,India,Three sectors,India,2050,0.001842534170577892,MtCO2e/yr,plotted,"[""Emissions|GHG|Industry|Non-Metallic Minerals|Cement"", ""Emissions|GHG|Industry|Iron and Steel"", ""Emissions|GHG|Industry|Non-Ferrous Metals|Aluminum""]",fig07_emissions_response,,,,,,"[""IND""]",GHG emissions change,,,,,,,,highce_eu,,,,,baseline_noce,2050.0,geography,"[1, 1, 1]",952.2255439230903,952.2237013889197,,
baseline_highce_eu,NDC+LTT,"High CE, EU",f,China,Three sectors,China,2050,4.995327894316631,MtCO2e/yr,plotted,"[""Emissions|GHG|Industry|Non-Metallic Minerals|Cement"", ""Emissions|GHG|Industry|Iron and Steel"", ""Emissions|GHG|Industry|Non-Ferrous Metals|Aluminum""]",fig07_emissions_response,,,,,,"[""CHN""]",GHG emissions change,,,,,,,,highce_eu,,,,,baseline_noce,2050.0,geography,"[1, 1, 1]",514.7148658271801,509.7195379328635,,
baseline_highce_eu,NDC+LTT,"High CE, EU",f,Indonesia group,Three sectors,Indonesia group,2050,-0.02720659582649887,MtCO2e/yr,plotted,"[""Emissions|GHG|Industry|Non-Metallic Minerals|Cement"", ""Emissions|GHG|Industry|Iron and Steel"", ""Emissions|GHG|Industry|Non-Ferrous Metals|Aluminum""]",fig07_emissions_response,,,,,,"[""IDN""]",GHG emissions change,,,,,,,,highce_eu,,,,,baseline_noce,2050.0,geography,"[1, 1, 1]",152.1124304469018,152.1396370427283,,
baseline_highce_eu,NDC+LTT,"High CE, EU",f,Other partners,Three sectors,Other partners,2050,-3.5579955789432063,MtCO2e/yr,plotted,"[""Emissions|GHG|Industry|Non-Metallic Minerals|Cement"", ""Emissions|GHG|Industry|Iron and Steel"", ""Emissions|GHG|Industry|Non-Ferrous Metals|Aluminum""]",fig07_emissions_response,,,,,,"[""ANZ"", ""BRA"", ""CAN"", ""CHL"", ""ENE"", ""ENW"", ""JPN"", ""MEX"", ""RUS"", ""SKT"", ""USA""]",GHG emissions change,,,,,,,,highce_eu,,,,,baseline_noce,2050.0,geography,"[1, 1, 1]",208.79194516296587,212.34994074190908,,
baseline_highce_eu,NDC+LTT,"High CE, EU",f,Rest of world,Three sectors,Rest of world,2050,0.7686781258810242,MtCO2e/yr,plotted,"[""Emissions|GHG|Industry|Non-Metallic Minerals|Cement"", ""Emissions|GHG|Industry|Iron and Steel"", ""Emissions|GHG|Industry|Non-Ferrous Metals|Aluminum""]",fig07_emissions_response,,,,,,"[""AFE"", ""AFN"", ""AFW"", ""AFZ"", ""ASC"", ""ASE"", ""ASO"", ""LAM"", ""MDA"", ""MEA"", ""NIG""]",GHG emissions change,,,,,,,,highce_eu,,,,,baseline_noce,2050.0,geography,"[1, 1, 1]",616.7381571598573,615.9694790339763,,
baseline_highce_eu,NDC+LTT,"High CE, EU",f,Global,Three sectors,Global net,2050,-23.56387904505391,MtCO2e/yr,net,"[""Emissions|GHG|Industry|Non-Metallic Minerals|Cement"", ""Emissions|GHG|Industry|Iron and Steel"", ""Emissions|GHG|Industry|Non-Ferrous Metals|Aluminum""]",fig07_emissions_response,,,,,,"[""AFE"", ""AFN"", ""AFW"", ""AFZ"", ""ANZ"", ""ASC"", ""ASE"", ""ASO"", ""BRA"", ""CAN"", ""CHL"", ""CHN"", ""ENE"", ""ENW"", ""EUE"", ""EUM"", ""EUW"", ""IDN"", ""IND"", ""JPN"", ""LAM"", ""MDA"", ""MEA"", ""MEX"", ""NIG"", ""RUS"", ""SKT"", ""USA""]",GHG emissions change,,,,,,,,highce_eu,,,,,baseline_noce,2050.0,geography,"[1, 1, 1]",2486.5179392373893,2510.0818182824432,,
baseline_medce_gbl,NDC+LTT,"Medium CE, EU + partners",d,Global,Cement,Cement,2050,-367.88296540482725,MtCO2e/yr,plotted,"[""Emissions|GHG|Industry|Non-Metallic Minerals|Cement""]",fig07_emissions_response,,,,,,"[""AFE"", ""AFN"", ""AFW"", ""AFZ"", ""ANZ"", ""ASC"", ""ASE"", ""ASO"", ""BRA"", ""CAN"", ""CHL"", ""CHN"", ""ENE"", ""ENW"", ""EUE"", ""EUM"", ""EUW"", ""IDN"", ""IND"", ""JPN"", ""LAM"", ""MDA"", ""MEA"", ""MEX"", ""NIG"", ""RUS"", ""SKT"", ""USA""]",GHG emissions change,,,,,,,,medce_gbl,,,,,baseline_noce,2050.0,industry,[1],1350.2404954385743,1718.1234608434015,,
baseline_medce_gbl,NDC+LTT,"Medium CE, EU + partners",d,Global,Iron and steel,Iron and steel,2050,-102.35384721350647,MtCO2e/yr,plotted,"[""Emissions|GHG|Industry|Iron and Steel""]",fig07_emissions_response,,,,,,"[""AFE"", ""AFN"", ""AFW"", ""AFZ"", ""ANZ"", ""ASC"", ""ASE"", ""ASO"", ""BRA"", ""CAN"", ""CHL"", ""CHN"", ""ENE"", ""ENW"", ""EUE"", ""EUM"", ""EUW"", ""IDN"", ""IND"", ""JPN"", ""LAM"", ""MDA"", ""MEA"", ""MEX"", ""NIG"", ""RUS"", ""SKT"", ""USA""]",GHG emissions change,,,,,,,,medce_gbl,,,,,baseline_noce,2050.0,industry,[1],638.4525494515945,740.8063966651009,,
baseline_medce_gbl,NDC+LTT,"Medium CE, EU + partners",d,Global,Aluminium,Aluminium,2050,-4.239978177138681,MtCO2e/yr,plotted,"[""Emissions|GHG|Industry|Non-Ferrous Metals|Aluminum""]",fig07_emissions_response,,,,,,"[""AFE"", ""AFN"", ""AFW"", ""AFZ"", ""ANZ"", ""ASC"", ""ASE"", ""ASO"", ""BRA"", ""CAN"", ""CHL"", ""CHN"", ""ENE"", ""ENW"", ""EUE"", ""EUM"", ""EUW"", ""IDN"", ""IND"", ""JPN"", ""LAM"", ""MDA"", ""MEA"", ""MEX"", ""NIG"", ""RUS"", ""SKT"", ""USA""]",GHG emissions change,,,,,,,,medce_gbl,,,,,baseline_noce,2050.0,industry,[1],46.911982596802254,51.151960773940935,,
baseline_medce_gbl,NDC+LTT,"Medium CE, EU + partners",d,Global,Other industry,Other industry,2050,143.9159728049044,MtCO2e/yr,plotted,"[""Emissions|GHG|Industry"", ""Emissions|GHG|Industry|Non-Metallic Minerals|Cement"", ""Emissions|GHG|Industry|Iron and Steel"", ""Emissions|GHG|Industry|Non-Ferrous Metals|Aluminum""]",fig07_emissions_response,,,,,,"[""AFE"", ""AFN"", ""AFW"", ""AFZ"", ""ANZ"", ""ASC"", ""ASE"", ""ASO"", ""BRA"", ""CAN"", ""CHL"", ""CHN"", ""ENE"", ""ENW"", ""EUE"", ""EUM"", ""EUW"", ""IDN"", ""IND"", ""JPN"", ""LAM"", ""MDA"", ""MEA"", ""MEX"", ""NIG"", ""RUS"", ""SKT"", ""USA""]",GHG emissions change,,,,,,,,medce_gbl,,,,,baseline_noce,2050.0,industry,"[1, -1, -1, -1]",2086.3176720159654,1942.401699211061,,
baseline_medce_gbl,NDC+LTT,"Medium CE, EU + partners",d,Global,Total industry,Total industry,2050,-330.56081799056756,MtCO2e/yr,net,"[""Emissions|GHG|Industry""]",fig07_emissions_response,,,,,,"[""AFE"", ""AFN"", ""AFW"", ""AFZ"", ""ANZ"", ""ASC"", ""ASE"", ""ASO"", ""BRA"", ""CAN"", ""CHL"", ""CHN"", ""ENE"", ""ENW"", ""EUE"", ""EUM"", ""EUW"", ""IDN"", ""IND"", ""JPN"", ""LAM"", ""MDA"", ""MEA"", ""MEX"", ""NIG"", ""RUS"", ""SKT"", ""USA""]",GHG emissions change,,,,,,,,medce_gbl,,,,,baseline_noce,2050.0,industry,[1],4121.922699502937,4452.483517493504,,
baseline_medce_gbl,NDC+LTT,"Medium CE, EU + partners",f,EU,Three sectors,EU,2050,-26.006087307109034,MtCO2e/yr,plotted,"[""Emissions|GHG|Industry|Non-Metallic Minerals|Cement"", ""Emissions|GHG|Industry|Iron and Steel"", ""Emissions|GHG|Industry|Non-Ferrous Metals|Aluminum""]",fig07_emissions_response,,,,,,"[""EUE"", ""EUM"", ""EUW""]",GHG emissions change,,,,,,,,medce_gbl,,,,,baseline_noce,2050.0,geography,"[1, 1, 1]",41.673434834937346,67.67952214204638,,
baseline_medce_gbl,NDC+LTT,"Medium CE, EU + partners",f,India,Three sectors,India,2050,-249.4192705998455,MtCO2e/yr,plotted,"[""Emissions|GHG|Industry|Non-Metallic Minerals|Cement"", ""Emissions|GHG|Industry|Iron and Steel"", ""Emissions|GHG|Industry|Non-Ferrous Metals|Aluminum""]",fig07_emissions_response,,,,,,"[""IND""]",GHG emissions change,,,,,,,,medce_gbl,,,,,baseline_noce,2050.0,geography,"[1, 1, 1]",702.8044307890742,952.2237013889197,,
baseline_medce_gbl,NDC+LTT,"Medium CE, EU + partners",f,China,Three sectors,China,2050,-78.34347136016419,MtCO2e/yr,plotted,"[""Emissions|GHG|Industry|Non-Metallic Minerals|Cement"", ""Emissions|GHG|Industry|Iron and Steel"", ""Emissions|GHG|Industry|Non-Ferrous Metals|Aluminum""]",fig07_emissions_response,,,,,,"[""CHN""]",GHG emissions change,,,,,,,,medce_gbl,,,,,baseline_noce,2050.0,geography,"[1, 1, 1]",431.3760665726993,509.7195379328635,,
baseline_medce_gbl,NDC+LTT,"Medium CE, EU + partners",f,Indonesia group,Three sectors,Indonesia group,2050,-56.537422564973255,MtCO2e/yr,plotted,"[""Emissions|GHG|Industry|Non-Metallic Minerals|Cement"", ""Emissions|GHG|Industry|Iron and Steel"", ""Emissions|GHG|Industry|Non-Ferrous Metals|Aluminum""]",fig07_emissions_response,,,,,,"[""IDN""]",GHG emissions change,,,,,,,,medce_gbl,,,,,baseline_noce,2050.0,geography,"[1, 1, 1]",95.60221447775506,152.1396370427283,,
baseline_medce_gbl,NDC+LTT,"Medium CE, EU + partners",f,Other partners,Three sectors,Other partners,2050,-65.83301426929043,MtCO2e/yr,plotted,"[""Emissions|GHG|Industry|Non-Metallic Minerals|Cement"", ""Emissions|GHG|Industry|Iron and Steel"", ""Emissions|GHG|Industry|Non-Ferrous Metals|Aluminum""]",fig07_emissions_response,,,,,,"[""ANZ"", ""BRA"", ""CAN"", ""CHL"", ""ENE"", ""ENW"", ""JPN"", ""MEX"", ""RUS"", ""SKT"", ""USA""]",GHG emissions change,,,,,,,,medce_gbl,,,,,baseline_noce,2050.0,geography,"[1, 1, 1]",146.51692647261865,212.34994074190908,,
baseline_medce_gbl,NDC+LTT,"Medium CE, EU + partners",f,Rest of world,Three sectors,Rest of world,2050,1.6624753059098794,MtCO2e/yr,plotted,"[""Emissions|GHG|Industry|Non-Metallic Minerals|Cement"", ""Emissions|GHG|Industry|Iron and Steel"", ""Emissions|GHG|Industry|Non-Ferrous Metals|Aluminum""]",fig07_emissions_response,,,,,,"[""AFE"", ""AFN"", ""AFW"", ""AFZ"", ""ASC"", ""ASE"", ""ASO"", ""LAM"", ""MDA"", ""MEA"", ""NIG""]",GHG emissions change,,,,,,,,medce_gbl,,,,,baseline_noce,2050.0,geography,"[1, 1, 1]",617.6319543398862,615.9694790339763,,
baseline_medce_gbl,NDC+LTT,"Medium CE, EU + partners",f,Global,Three sectors,Global net,2050,-474.4767907954722,MtCO2e/yr,net,"[""Emissions|GHG|Industry|Non-Metallic Minerals|Cement"", ""Emissions|GHG|Industry|Iron and Steel"", ""Emissions|GHG|Industry|Non-Ferrous Metals|Aluminum""]",fig07_emissions_response,,,,,,"[""AFE"", ""AFN"", ""AFW"", ""AFZ"", ""ANZ"", ""ASC"", ""ASE"", ""ASO"", ""BRA"", ""CAN"", ""CHL"", ""CHN"", ""ENE"", ""ENW"", ""EUE"", ""EUM"", ""EUW"", ""IDN"", ""IND"", ""JPN"", ""LAM"", ""MDA"", ""MEA"", ""MEX"", ""NIG"", ""RUS"", ""SKT"", ""USA""]",GHG emissions change,,,,,,,,medce_gbl,,,,,baseline_noce,2050.0,geography,"[1, 1, 1]",2035.605027486971,2510.0818182824432,,
baseline_highce_gbl,NDC+LTT,"High CE, EU + partners",d,Global,Cement,Cement,2050,-508.95750487797864,MtCO2e/yr,plotted,"[""Emissions|GHG|Industry|Non-Metallic Minerals|Cement""]",fig07_emissions_response,,,,,,"[""AFE"", ""AFN"", ""AFW"", ""AFZ"", ""ANZ"", ""ASC"", ""ASE"", ""ASO"", ""BRA"", ""CAN"", ""CHL"", ""CHN"", ""ENE"", ""ENW"", ""EUE"", ""EUM"", ""EUW"", ""IDN"", ""IND"", ""JPN"", ""LAM"", ""MDA"", ""MEA"", ""MEX"", ""NIG"", ""RUS"", ""SKT"", ""USA""]",GHG emissions change,,,,,,,,highce_gbl,,,,,baseline_noce,2050.0,industry,[1],1209.1659559654229,1718.1234608434015,,
baseline_highce_gbl,NDC+LTT,"High CE, EU + partners",d,Global,Iron and steel,Iron and steel,2050,-263.0518538130651,MtCO2e/yr,plotted,"[""Emissions|GHG|Industry|Iron and Steel""]",fig07_emissions_response,,,,,,"[""AFE"", ""AFN"", ""AFW"", ""AFZ"", ""ANZ"", ""ASC"", ""ASE"", ""ASO"", ""BRA"", ""CAN"", ""CHL"", ""CHN"", ""ENE"", ""ENW"", ""EUE"", ""EUM"", ""EUW"", ""IDN"", ""IND"", ""JPN"", ""LAM"", ""MDA"", ""MEA"", ""MEX"", ""NIG"", ""RUS"", ""SKT"", ""USA""]",GHG emissions change,,,,,,,,highce_gbl,,,,,baseline_noce,2050.0,industry,[1],477.7545428520358,740.8063966651009,,
baseline_highce_gbl,NDC+LTT,"High CE, EU + partners",d,Global,Aluminium,Aluminium,2050,-8.599675129707364,MtCO2e/yr,plotted,"[""Emissions|GHG|Industry|Non-Ferrous Metals|Aluminum""]",fig07_emissions_response,,,,,,"[""AFE"", ""AFN"", ""AFW"", ""AFZ"", ""ANZ"", ""ASC"", ""ASE"", ""ASO"", ""BRA"", ""CAN"", ""CHL"", ""CHN"", ""ENE"", ""ENW"", ""EUE"", ""EUM"", ""EUW"", ""IDN"", ""IND"", ""JPN"", ""LAM"", ""MDA"", ""MEA"", ""MEX"", ""NIG"", ""RUS"", ""SKT"", ""USA""]",GHG emissions change,,,,,,,,highce_gbl,,,,,baseline_noce,2050.0,industry,[1],42.55228564423357,51.151960773940935,,
baseline_highce_gbl,NDC+LTT,"High CE, EU + partners",d,Global,Other industry,Other industry,2050,440.54724961000875,MtCO2e/yr,plotted,"[""Emissions|GHG|Industry"", ""Emissions|GHG|Industry|Non-Metallic Minerals|Cement"", ""Emissions|GHG|Industry|Iron and Steel"", ""Emissions|GHG|Industry|Non-Ferrous Metals|Aluminum""]",fig07_emissions_response,,,,,,"[""AFE"", ""AFN"", ""AFW"", ""AFZ"", ""ANZ"", ""ASC"", ""ASE"", ""ASO"", ""BRA"", ""CAN"", ""CHL"", ""CHN"", ""ENE"", ""ENW"", ""EUE"", ""EUM"", ""EUW"", ""IDN"", ""IND"", ""JPN"", ""LAM"", ""MDA"", ""MEA"", ""MEX"", ""NIG"", ""RUS"", ""SKT"", ""USA""]",GHG emissions change,,,,,,,,highce_gbl,,,,,baseline_noce,2050.0,industry,"[1, -1, -1, -1]",2382.9489488210697,1942.401699211061,,
baseline_highce_gbl,NDC+LTT,"High CE, EU + partners",d,Global,Total industry,Total industry,2050,-340.0617842107422,MtCO2e/yr,net,"[""Emissions|GHG|Industry""]",fig07_emissions_response,,,,,,"[""AFE"", ""AFN"", ""AFW"", ""AFZ"", ""ANZ"", ""ASC"", ""ASE"", ""ASO"", ""BRA"", ""CAN"", ""CHL"", ""CHN"", ""ENE"", ""ENW"", ""EUE"", ""EUM"", ""EUW"", ""IDN"", ""IND"", ""JPN"", ""LAM"", ""MDA"", ""MEA"", ""MEX"", ""NIG"", ""RUS"", ""SKT"", ""USA""]",GHG emissions change,,,,,,,,highce_gbl,,,,,baseline_noce,2050.0,industry,[1],4112.421733282762,4452.483517493504,,
baseline_highce_gbl,NDC+LTT,"High CE, EU + partners",f,EU,Three sectors,EU,2050,-34.507384581441606,MtCO2e/yr,plotted,"[""Emissions|GHG|Industry|Non-Metallic Minerals|Cement"", ""Emissions|GHG|Industry|Iron and Steel"", ""Emissions|GHG|Industry|Non-Ferrous Metals|Aluminum""]",fig07_emissions_response,,,,,,"[""EUE"", ""EUM"", ""EUW""]",GHG emissions change,,,,,,,,highce_gbl,,,,,baseline_noce,2050.0,geography,"[1, 1, 1]",33.172137560604774,67.67952214204638,,
baseline_highce_gbl,NDC+LTT,"High CE, EU + partners",f,India,Three sectors,India,2050,-468.64906939997525,MtCO2e/yr,plotted,"[""Emissions|GHG|Industry|Non-Metallic Minerals|Cement"", ""Emissions|GHG|Industry|Iron and Steel"", ""Emissions|GHG|Industry|Non-Ferrous Metals|Aluminum""]",fig07_emissions_response,,,,,,"[""IND""]",GHG emissions change,,,,,,,,highce_gbl,,,,,baseline_noce,2050.0,geography,"[1, 1, 1]",483.5746319889445,952.2237013889197,,
baseline_highce_gbl,NDC+LTT,"High CE, EU + partners",f,China,Three sectors,China,2050,-126.6698539371261,MtCO2e/yr,plotted,"[""Emissions|GHG|Industry|Non-Metallic Minerals|Cement"", ""Emissions|GHG|Industry|Iron and Steel"", ""Emissions|GHG|Industry|Non-Ferrous Metals|Aluminum""]",fig07_emissions_response,,,,,,"[""CHN""]",GHG emissions change,,,,,,,,highce_gbl,,,,,baseline_noce,2050.0,geography,"[1, 1, 1]",383.0496839957374,509.7195379328635,,
baseline_highce_gbl,NDC+LTT,"High CE, EU + partners",f,Indonesia group,Three sectors,Indonesia group,2050,-72.33497785066912,MtCO2e/yr,plotted,"[""Emissions|GHG|Industry|Non-Metallic Minerals|Cement"", ""Emissions|GHG|Industry|Iron and Steel"", ""Emissions|GHG|Industry|Non-Ferrous Metals|Aluminum""]",fig07_emissions_response,,,,,,"[""IDN""]",GHG emissions change,,,,,,,,highce_gbl,,,,,baseline_noce,2050.0,geography,"[1, 1, 1]",79.80465919205919,152.1396370427283,,
baseline_highce_gbl,NDC+LTT,"High CE, EU + partners",f,Other partners,Three sectors,Other partners,2050,-80.38128766654913,MtCO2e/yr,plotted,"[""Emissions|GHG|Industry|Non-Metallic Minerals|Cement"", ""Emissions|GHG|Industry|Iron and Steel"", ""Emissions|GHG|Industry|Non-Ferrous Metals|Aluminum""]",fig07_emissions_response,,,,,,"[""ANZ"", ""BRA"", ""CAN"", ""CHL"", ""ENE"", ""ENW"", ""JPN"", ""MEX"", ""RUS"", ""SKT"", ""USA""]",GHG emissions change,,,,,,,,highce_gbl,,,,,baseline_noce,2050.0,geography,"[1, 1, 1]",131.96865307535995,212.34994074190908,,
baseline_highce_gbl,NDC+LTT,"High CE, EU + partners",f,Rest of world,Three sectors,Rest of world,2050,1.9335396150102042,MtCO2e/yr,plotted,"[""Emissions|GHG|Industry|Non-Metallic Minerals|Cement"", ""Emissions|GHG|Industry|Iron and Steel"", ""Emissions|GHG|Industry|Non-Ferrous Metals|Aluminum""]",fig07_emissions_response,,,,,,"[""AFE"", ""AFN"", ""AFW"", ""AFZ"", ""ASC"", ""ASE"", ""ASO"", ""LAM"", ""MDA"", ""MEA"", ""NIG""]",GHG emissions change,,,,,,,,highce_gbl,,,,,baseline_noce,2050.0,geography,"[1, 1, 1]",617.9030186489865,615.9694790339763,,
baseline_highce_gbl,NDC+LTT,"High CE, EU + partners",f,Global,Three sectors,Global net,2050,-780.6090338207509,MtCO2e/yr,net,"[""Emissions|GHG|Industry|Non-Metallic Minerals|Cement"", ""Emissions|GHG|Industry|Iron and Steel"", ""Emissions|GHG|Industry|Non-Ferrous Metals|Aluminum""]",fig07_emissions_response,,,,,,"[""AFE"", ""AFN"", ""AFW"", ""AFZ"", ""ANZ"", ""ASC"", ""ASE"", ""ASO"", ""BRA"", ""CAN"", ""CHL"", ""CHN"", ""ENE"", ""ENW"", ""EUE"", ""EUM"", ""EUW"", ""IDN"", ""IND"", ""JPN"", ""LAM"", ""MDA"", ""MEA"", ""MEX"", ""NIG"", ""RUS"", ""SKT"", ""USA""]",GHG emissions change,,,,,,,,highce_gbl,,,,,baseline_noce,2050.0,geography,"[1, 1, 1]",1729.4727844616923,2510.0818182824432,,
ndc_noce,NDC,No CE,a,Global,Cement,Cement,2019,0.0,%,context,"[""Total Annualised Cost|Industry|Non-Metallic Minerals|Cement""]",fig08_sector_costs,,,,,,"[""AFE"", ""AFN"", ""AFW"", ""AFZ"", ""ANZ"", ""ASC"", ""ASE"", ""ASO"", ""BRA"", ""CAN"", ""CHL"", ""CHN"", ""ENE"", ""ENW"", ""EUE"", ""EUM"", ""EUW"", ""IDN"", ""IND"", ""JPN"", ""LAM"", ""MDA"", ""MEA"", ""MEX"", ""NIG"", ""RUS"", ""SKT"", ""USA""]",Annualised sector-cost change,,,100.0,104605.06988172908,Millions USD_2010/yr,104605.06988172908,Millions USD_2010/yr,noce,,,,-100.0,ndc_noce,2019.0,,,,,104605.06988172908,104605.06988172908
ndc_noce,NDC,No CE,a,Global,Cement,Cement,2024,0.0,%,plotted,"[""Total Annualised Cost|Industry|Non-Metallic Minerals|Cement""]",fig08_sector_costs,,,,,,"[""AFE"", ""AFN"", ""AFW"", ""AFZ"", ""ANZ"", ""ASC"", ""ASE"", ""ASO"", ""BRA"", ""CAN"", ""CHL"", ""CHN"", ""ENE"", ""ENW"", ""EUE"", ""EUM"", ""EUW"", ""IDN"", ""IND"", ""JPN"", ""LAM"", ""MDA"", ""MEA"", ""MEX"", ""NIG"", ""RUS"", ""SKT"", ""USA""]",Annualised sector-cost change,,,100.0,178886.34915972987,Millions USD_2010/yr,178886.34915972987,Millions USD_2010/yr,noce,,,,-100.0,ndc_noce,2024.0,,,,,178886.34915972987,178886.34915972987
ndc_noce,NDC,No CE,a,Global,Cement,Cement,2030,0.0,%,plotted,"[""Total Annualised Cost|Industry|Non-Metallic Minerals|Cement""]",fig08_sector_costs,,,,,,"[""AFE"", ""AFN"", ""AFW"", ""AFZ"", ""ANZ"", ""ASC"", ""ASE"", ""ASO"", ""BRA"", ""CAN"", ""CHL"", ""CHN"", ""ENE"", ""ENW"", ""EUE"", ""EUM"", ""EUW"", ""IDN"", ""IND"", ""JPN"", ""LAM"", ""MDA"", ""MEA"", ""MEX"", ""NIG"", ""RUS"", ""SKT"", ""USA""]",Annualised sector-cost change,,,100.0,336613.91294805164,Millions USD_2010/yr,336613.91294805164,Millions USD_2010/yr,noce,,,,-100.0,ndc_noce,2030.0,,,,,336613.91294805164,336613.91294805164
ndc_noce,NDC,No CE,a,Global,Cement,Cement,2035,0.0,%,plotted,"[""Total Annualised Cost|Industry|Non-Metallic Minerals|Cement""]",fig08_sector_costs,,,,,,"[""AFE"", ""AFN"", ""AFW"", ""AFZ"", ""ANZ"", ""ASC"", ""ASE"", ""ASO"", ""BRA"", ""CAN"", ""CHL"", ""CHN"", ""ENE"", ""ENW"", ""EUE"", ""EUM"", ""EUW"", ""IDN"", ""IND"", ""JPN"", ""LAM"", ""MDA"", ""MEA"", ""MEX"", ""NIG"", ""RUS"", ""SKT"", ""USA""]",Annualised sector-cost change,,,100.0,413816.35511015635,Millions USD_2010/yr,413816.35511015635,Millions USD_2010/yr,noce,,,,-100.0,ndc_noce,2035.0,,,,,413816.35511015635,413816.35511015635
ndc_noce,NDC,No CE,a,Global,Cement,Cement,2040,0.0,%,plotted,"[""Total Annualised Cost|Industry|Non-Metallic Minerals|Cement""]",fig08_sector_costs,,,,,,"[""AFE"", ""AFN"", ""AFW"", ""AFZ"", ""ANZ"", ""ASC"", ""ASE"", ""ASO"", ""BRA"", ""CAN"", ""CHL"", ""CHN"", ""ENE"", ""ENW"", ""EUE"", ""EUM"", ""EUW"", ""IDN"", ""IND"", ""JPN"", ""LAM"", ""MDA"", ""MEA"", ""MEX"", ""NIG"", ""RUS"", ""SKT"", ""USA""]",Annualised sector-cost change,,,100.0,544314.6726880135,Millions USD_2010/yr,544314.6726880135,Millions USD_2010/yr,noce,,,,-100.0,ndc_noce,2040.0,,,,,544314.6726880135,544314.6726880135
ndc_noce,NDC,No CE,a,Global,Cement,Cement,2050,0.0,%,plotted,"[""Total Annualised Cost|Industry|Non-Metallic Minerals|Cement""]",fig08_sector_costs,,,,,,"[""AFE"", ""AFN"", ""AFW"", ""AFZ"", ""ANZ"", ""ASC"", ""ASE"", ""ASO"", ""BRA"", ""CAN"", ""CHL"", ""CHN"", ""ENE"", ""ENW"", ""EUE"", ""EUM"", ""EUW"", ""IDN"", ""IND"", ""JPN"", ""LAM"", ""MDA"", ""MEA"", ""MEX"", ""NIG"", ""RUS"", ""SKT"", ""USA""]",Annualised sector-cost change,,,100.0,730664.7060288142,Millions USD_2010/yr,730664.7060288142,Millions USD_2010/yr,noce,,,,-100.0,ndc_noce,2050.0,,,,,730664.7060288142,730664.7060288142
ndc_medce_eu,NDC,"Medium CE, EU",a,Global,Cement,Cement,2019,0.0,%,context,"[""Total Annualised Cost|Industry|Non-Metallic Minerals|Cement""]",fig08_sector_costs,,,,,,"[""AFE"", ""AFN"", ""AFW"", ""AFZ"", ""ANZ"", ""ASC"", ""ASE"", ""ASO"", ""BRA"", ""CAN"", ""CHL"", ""CHN"", ""ENE"", ""ENW"", ""EUE"", ""EUM"", ""EUW"", ""IDN"", ""IND"", ""JPN"", ""LAM"", ""MDA"", ""MEA"", ""MEX"", ""NIG"", ""RUS"", ""SKT"", ""USA""]",Annualised sector-cost change,,,100.0,104605.06988172908,Millions USD_2010/yr,104605.06988172908,Millions USD_2010/yr,medce_eu,,,,-100.0,ndc_noce,2019.0,,,,,104605.06988172908,104605.06988172908
ndc_medce_eu,NDC,"Medium CE, EU",a,Global,Cement,Cement,2024,0.0,%,plotted,"[""Total Annualised Cost|Industry|Non-Metallic Minerals|Cement""]",fig08_sector_costs,,,,,,"[""AFE"", ""AFN"", ""AFW"", ""AFZ"", ""ANZ"", ""ASC"", ""ASE"", ""ASO"", ""BRA"", ""CAN"", ""CHL"", ""CHN"", ""ENE"", ""ENW"", ""EUE"", ""EUM"", ""EUW"", ""IDN"", ""IND"", ""JPN"", ""LAM"", ""MDA"", ""MEA"", ""MEX"", ""NIG"", ""RUS"", ""SKT"", ""USA""]",Annualised sector-cost change,,,100.0,178886.34915972987,Millions USD_2010/yr,178886.34915972987,Millions USD_2010/yr,medce_eu,,,,-100.0,ndc_noce,2024.0,,,,,178886.34915972987,178886.34915972987
ndc_medce_eu,NDC,"Medium CE, EU",a,Global,Cement,Cement,2030,-0.09769959370313196,%,plotted,"[""Total Annualised Cost|Industry|Non-Metallic Minerals|Cement""]",fig08_sector_costs,,,,,,"[""AFE"", ""AFN"", ""AFW"", ""AFZ"", ""ANZ"", ""ASC"", ""ASE"", ""ASO"", ""BRA"", ""CAN"", ""CHL"", ""CHN"", ""ENE"", ""ENW"", ""EUE"", ""EUM"", ""EUW"", ""IDN"", ""IND"", ""JPN"", ""LAM"", ""MDA"", ""MEA"", ""MEX"", ""NIG"", ""RUS"", ""SKT"", ""USA""]",Annualised sector-cost change,,,100.0,336285.0425227532,Millions USD_2010/yr,336613.91294805164,Millions USD_2010/yr,medce_eu,,,,-100.0,ndc_noce,2030.0,,,,,336285.0425227532,336613.91294805164
ndc_medce_eu,NDC,"Medium CE, EU",a,Global,Cement,Cement,2035,-0.9289308025433521,%,plotted,"[""Total Annualised Cost|Industry|Non-Metallic Minerals|Cement""]",fig08_sector_costs,,,,,,"[""AFE"", ""AFN"", ""AFW"", ""AFZ"", ""ANZ"", ""ASC"", ""ASE"", ""ASO"", ""BRA"", ""CAN"", ""CHL"", ""CHN"", ""ENE"", ""ENW"", ""EUE"", ""EUM"", ""EUW"", ""IDN"", ""IND"", ""JPN"", ""LAM"", ""MDA"", ""MEA"", ""MEX"", ""NIG"", ""RUS"", ""SKT"", ""USA""]",Annualised sector-cost change,,,100.0,409972.2875215759,Millions USD_2010/yr,413816.35511015635,Millions USD_2010/yr,medce_eu,,,,-100.0,ndc_noce,2035.0,,,,,409972.2875215759,413816.35511015635
ndc_medce_eu,NDC,"Medium CE, EU",a,Global,Cement,Cement,2040,-1.0421315866714076,%,plotted,"[""Total Annualised Cost|Industry|Non-Metallic Minerals|Cement""]",fig08_sector_costs,,,,,,"[""AFE"", ""AFN"", ""AFW"", ""AFZ"", ""ANZ"", ""ASC"", ""ASE"", ""ASO"", ""BRA"", ""CAN"", ""CHL"", ""CHN"", ""ENE"", ""ENW"", ""EUE"", ""EUM"", ""EUW"", ""IDN"", ""IND"", ""JPN"", ""LAM"", ""MDA"", ""MEA"", ""MEX"", ""NIG"", ""RUS"", ""SKT"", ""USA""]",Annualised sector-cost change,,,100.0,538642.1975530447,Millions USD_2010/yr,544314.6726880135,Millions USD_2010/yr,medce_eu,,,,-100.0,ndc_noce,2040.0,,,,,538642.1975530447,544314.6726880135
ndc_medce_eu,NDC,"Medium CE, EU",a,Global,Cement,Cement,2050,-1.3087893818777767,%,plotted,"[""Total Annualised Cost|Industry|Non-Metallic Minerals|Cement""]",fig08_sector_costs,,,,,,"[""AFE"", ""AFN"", ""AFW"", ""AFZ"", ""ANZ"", ""ASC"", ""ASE"", ""ASO"", ""BRA"", ""CAN"", ""CHL"", ""CHN"", ""ENE"", ""ENW"", ""EUE"", ""EUM"", ""EUW"", ""IDN"", ""IND"", ""JPN"", ""LAM"", ""MDA"", ""MEA"", ""MEX"", ""NIG"", ""RUS"", ""SKT"", ""USA""]",Annualised sector-cost change,,,100.0,721101.8439391806,Millions USD_2010/yr,730664.7060288142,Millions USD_2010/yr,medce_eu,,,,-100.0,ndc_noce,2050.0,,,,,721101.8439391806,730664.7060288142
ndc_highce_eu,NDC,"High CE, EU",a,Global,Cement,Cement,2019,0.0,%,context,"[""Total Annualised Cost|Industry|Non-Metallic Minerals|Cement""]",fig08_sector_costs,,,,,,"[""AFE"", ""AFN"", ""AFW"", ""AFZ"", ""ANZ"", ""ASC"", ""ASE"", ""ASO"", ""BRA"", ""CAN"", ""CHL"", ""CHN"", ""ENE"", ""ENW"", ""EUE"", ""EUM"", ""EUW"", ""IDN"", ""IND"", ""JPN"", ""LAM"", ""MDA"", ""MEA"", ""MEX"", ""NIG"", ""RUS"", ""SKT"", ""USA""]",Annualised sector-cost change,,,100.0,104605.06988172908,Millions USD_2010/yr,104605.06988172908,Millions USD_2010/yr,highce_eu,,,,-100.0,ndc_noce,2019.0,,,,,104605.06988172908,104605.06988172908
ndc_highce_eu,NDC,"High CE, EU",a,Global,Cement,Cement,2024,0.0,%,plotted,"[""Total Annualised Cost|Industry|Non-Metallic Minerals|Cement""]",fig08_sector_costs,,,,,,"[""AFE"", ""AFN"", ""AFW"", ""AFZ"", ""ANZ"", ""ASC"", ""ASE"", ""ASO"", ""BRA"", ""CAN"", ""CHL"", ""CHN"", ""ENE"", ""ENW"", ""EUE"", ""EUM"", ""EUW"", ""IDN"", ""IND"", ""JPN"", ""LAM"", ""MDA"", ""MEA"", ""MEX"", ""NIG"", ""RUS"", ""SKT"", ""USA""]",Annualised sector-cost change,,,100.0,178886.34915972987,Millions USD_2010/yr,178886.34915972987,Millions USD_2010/yr,highce_eu,,,,-100.0,ndc_noce,2024.0,,,,,178886.34915972987,178886.34915972987
ndc_highce_eu,NDC,"High CE, EU",a,Global,Cement,Cement,2030,-0.6461600992868777,%,plotted,"[""Total Annualised Cost|Industry|Non-Metallic Minerals|Cement""]",fig08_sector_costs,,,,,,"[""AFE"", ""AFN"", ""AFW"", ""AFZ"", ""ANZ"", ""ASC"", ""ASE"", ""ASO"", ""BRA"", ""CAN"", ""CHL"", ""CHN"", ""ENE"", ""ENW"", ""EUE"", ""EUM"", ""EUW"", ""IDN"", ""IND"", ""JPN"", ""LAM"", ""MDA"", ""MEA"", ""MEX"", ""NIG"", ""RUS"", ""SKT"", ""USA""]",Annualised sector-cost change,,,100.0,334438.84815393307,Millions USD_2010/yr,336613.91294805164,Millions USD_2010/yr,highce_eu,,,,-100.0,ndc_noce,2030.0,,,,,334438.84815393307,336613.91294805164
ndc_highce_eu,NDC,"High CE, EU",a,Global,Cement,Cement,2035,-1.4386720270794844,%,plotted,"[""Total Annualised Cost|Industry|Non-Metallic Minerals|Cement""]",fig08_sector_costs,,,,,,"[""AFE"", ""AFN"", ""AFW"", ""AFZ"", ""ANZ"", ""ASC"", ""ASE"", ""ASO"", ""BRA"", ""CAN"", ""CHL"", ""CHN"", ""ENE"", ""ENW"", ""EUE"", ""EUM"", ""EUW"", ""IDN"", ""IND"", ""JPN"", ""LAM"", ""MDA"", ""MEA"", ""MEX"", ""NIG"", ""RUS"", ""SKT"", ""USA""]",Annualised sector-cost change,,,100.0,407862.8949657066,Millions USD_2010/yr,413816.35511015635,Millions USD_2010/yr,highce_eu,,,,-100.0,ndc_noce,2035.0,,,,,407862.8949657066,413816.35511015635
ndc_highce_eu,NDC,"High CE, EU",a,Global,Cement,Cement,2040,-1.5510056978380604,%,plotted,"[""Total Annualised Cost|Industry|Non-Metallic Minerals|Cement""]",fig08_sector_costs,,,,,,"[""AFE"", ""AFN"", ""AFW"", ""AFZ"", ""ANZ"", ""ASC"", ""ASE"", ""ASO"", ""BRA"", ""CAN"", ""CHL"", ""CHN"", ""ENE"", ""ENW"", ""EUE"", ""EUM"", ""EUW"", ""IDN"", ""IND"", ""JPN"", ""LAM"", ""MDA"", ""MEA"", ""MEX"", ""NIG"", ""RUS"", ""SKT"", ""USA""]",Annualised sector-cost change,,,100.0,535872.3211004538,Millions USD_2010/yr,544314.6726880135,Millions USD_2010/yr,highce_eu,,,,-100.0,ndc_noce,2040.0,,,,,535872.3211004538,544314.6726880135
ndc_highce_eu,NDC,"High CE, EU",a,Global,Cement,Cement,2050,-1.78636954219928,%,plotted,"[""Total Annualised Cost|Industry|Non-Metallic Minerals|Cement""]",fig08_sector_costs,,,,,,"[""AFE"", ""AFN"", ""AFW"", ""AFZ"", ""ANZ"", ""ASC"", ""ASE"", ""ASO"", ""BRA"", ""CAN"", ""CHL"", ""CHN"", ""ENE"", ""ENW"", ""EUE"", ""EUM"", ""EUW"", ""IDN"", ""IND"", ""JPN"", ""LAM"", ""MDA"", ""MEA"", ""MEX"", ""NIG"", ""RUS"", ""SKT"", ""USA""]",Annualised sector-cost change,,,100.0,717612.3342647156,Millions USD_2010/yr,730664.7060288142,Millions USD_2010/yr,highce_eu,,,,-100.0,ndc_noce,2050.0,,,,,717612.3342647156,730664.7060288142
ndc_medce_gbl,NDC,"Medium CE, EU + partners",a,Global,Cement,Cement,2019,0.0,%,context,"[""Total Annualised Cost|Industry|Non-Metallic Minerals|Cement""]",fig08_sector_costs,,,,,,"[""AFE"", ""AFN"", ""AFW"", ""AFZ"", ""ANZ"", ""ASC"", ""ASE"", ""ASO"", ""BRA"", ""CAN"", ""CHL"", ""CHN"", ""ENE"", ""ENW"", ""EUE"", ""EUM"", ""EUW"", ""IDN"", ""IND"", ""JPN"", ""LAM"", ""MDA"", ""MEA"", ""MEX"", ""NIG"", ""RUS"", ""SKT"", ""USA""]",Annualised sector-cost change,,,100.0,104605.06988172908,Millions USD_2010/yr,104605.06988172908,Millions USD_2010/yr,medce_gbl,,,,-100.0,ndc_noce,2019.0,,,,,104605.06988172908,104605.06988172908
ndc_medce_gbl,NDC,"Medium CE, EU + partners",a,Global,Cement,Cement,2024,0.0,%,plotted,"[""Total Annualised Cost|Industry|Non-Metallic Minerals|Cement""]",fig08_sector_costs,,,,,,"[""AFE"", ""AFN"", ""AFW"", ""AFZ"", ""ANZ"", ""ASC"", ""ASE"", ""ASO"", ""BRA"", ""CAN"", ""CHL"", ""CHN"", ""ENE"", ""ENW"", ""EUE"", ""EUM"", ""EUW"", ""IDN"", ""IND"", ""JPN"", ""LAM"", ""MDA"", ""MEA"", ""MEX"", ""NIG"", ""RUS"", ""SKT"", ""USA""]",Annualised sector-cost change,,,100.0,178886.34915972987,Millions USD_2010/yr,178886.34915972987,Millions USD_2010/yr,medce_gbl,,,,-100.0,ndc_noce,2024.0,,,,,178886.34915972987,178886.34915972987
ndc_medce_gbl,NDC,"Medium CE, EU + partners",a,Global,Cement,Cement,2030,-9.897594670130525,%,plotted,"[""Total Annualised Cost|Industry|Non-Metallic Minerals|Cement""]",fig08_sector_costs,,,,,,"[""AFE"", ""AFN"", ""AFW"", ""AFZ"", ""ANZ"", ""ASC"", ""ASE"", ""ASO"", ""BRA"", ""CAN"", ""CHL"", ""CHN"", ""ENE"", ""ENW"", ""EUE"", ""EUM"", ""EUW"", ""IDN"", ""IND"", ""JPN"", ""LAM"", ""MDA"", ""MEA"", ""MEX"", ""NIG"", ""RUS"", ""SKT"", ""USA""]",Annualised sector-cost change,,,100.0,303297.2322411875,Millions USD_2010/yr,336613.91294805164,Millions USD_2010/yr,medce_gbl,,,,-100.0,ndc_noce,2030.0,,,,,303297.2322411875,336613.91294805164
ndc_medce_gbl,NDC,"Medium CE, EU + partners",a,Global,Cement,Cement,2035,-13.998906005654563,%,plotted,"[""Total Annualised Cost|Industry|Non-Metallic Minerals|Cement""]",fig08_sector_costs,,,,,,"[""AFE"", ""AFN"", ""AFW"", ""AFZ"", ""ANZ"", ""ASC"", ""ASE"", ""ASO"", ""BRA"", ""CAN"", ""CHL"", ""CHN"", ""ENE"", ""ENW"", ""EUE"", ""EUM"", ""EUW"", ""IDN"", ""IND"", ""JPN"", ""LAM"", ""MDA"", ""MEA"", ""MEX"", ""NIG"", ""RUS"", ""SKT"", ""USA""]",Annualised sector-cost change,,,100.0,355886.59252225986,Millions USD_2010/yr,413816.35511015635,Millions USD_2010/yr,medce_gbl,,,,-100.0,ndc_noce,2035.0,,,,,355886.59252225986,413816.35511015635
ndc_medce_gbl,NDC,"Medium CE, EU + partners",a,Global,Cement,Cement,2040,-17.39534108570154,%,plotted,"[""Total Annualised Cost|Industry|Non-Metallic Minerals|Cement""]",fig08_sector_costs,,,,,,"[""AFE"", ""AFN"", ""AFW"", ""AFZ"", ""ANZ"", ""ASC"", ""ASE"", ""ASO"", ""BRA"", ""CAN"", ""CHL"", ""CHN"", ""ENE"", ""ENW"", ""EUE"", ""EUM"", ""EUW"", ""IDN"", ""IND"", ""JPN"", ""LAM"", ""MDA"", ""MEA"", ""MEX"", ""NIG"", ""RUS"", ""SKT"", ""USA""]",Annualised sector-cost change,,,100.0,449629.27879441367,Millions USD_2010/yr,544314.6726880135,Millions USD_2010/yr,medce_gbl,,,,-100.0,ndc_noce,2040.0,,,,,449629.27879441367,544314.6726880135
ndc_medce_gbl,NDC,"Medium CE, EU + partners",a,Global,Cement,Cement,2050,-17.038065737350134,%,plotted,"[""Total Annualised Cost|Industry|Non-Metallic Minerals|Cement""]",fig08_sector_costs,,,,,,"[""AFE"", ""AFN"", ""AFW"", ""AFZ"", ""ANZ"", ""ASC"", ""ASE"", ""ASO"", ""BRA"", ""CAN"", ""CHL"", ""CHN"", ""ENE"", ""ENW"", ""EUE"", ""EUM"", ""EUW"", ""IDN"", ""IND"", ""JPN"", ""LAM"", ""MDA"", ""MEA"", ""MEX"", ""NIG"", ""RUS"", ""SKT"", ""USA""]",Annualised sector-cost change,,,100.0,606173.5730960087,Millions USD_2010/yr,730664.7060288142,Millions USD_2010/yr,medce_gbl,,,,-100.0,ndc_noce,2050.0,,,,,606173.5730960087,730664.7060288142
ndc_highce_gbl,NDC,"High CE, EU + partners",a,Global,Cement,Cement,2019,0.0,%,context,"[""Total Annualised Cost|Industry|Non-Metallic Minerals|Cement""]",fig08_sector_costs,,,,,,"[""AFE"", ""AFN"", ""AFW"", ""AFZ"", ""ANZ"", ""ASC"", ""ASE"", ""ASO"", ""BRA"", ""CAN"", ""CHL"", ""CHN"", ""ENE"", ""ENW"", ""EUE"", ""EUM"", ""EUW"", ""IDN"", ""IND"", ""JPN"", ""LAM"", ""MDA"", ""MEA"", ""MEX"", ""NIG"", ""RUS"", ""SKT"", ""USA""]",Annualised sector-cost change,,,100.0,104605.06988172908,Millions USD_2010/yr,104605.06988172908,Millions USD_2010/yr,highce_gbl,,,,-100.0,ndc_noce,2019.0,,,,,104605.06988172908,104605.06988172908
ndc_highce_gbl,NDC,"High CE, EU + partners",a,Global,Cement,Cement,2024,0.0,%,plotted,"[""Total Annualised Cost|Industry|Non-Metallic Minerals|Cement""]",fig08_sector_costs,,,,,,"[""AFE"", ""AFN"", ""AFW"", ""AFZ"", ""ANZ"", ""ASC"", ""ASE"", ""ASO"", ""BRA"", ""CAN"", ""CHL"", ""CHN"", ""ENE"", ""ENW"", ""EUE"", ""EUM"", ""EUW"", ""IDN"", ""IND"", ""JPN"", ""LAM"", ""MDA"", ""MEA"", ""MEX"", ""NIG"", ""RUS"", ""SKT"", ""USA""]",Annualised sector-cost change,,,100.0,178886.34915972987,Millions USD_2010/yr,178886.34915972987,Millions USD_2010/yr,highce_gbl,,,,-100.0,ndc_noce,2024.0,,,,,178886.34915972987,178886.34915972987
ndc_highce_gbl,NDC,"High CE, EU + partners",a,Global,Cement,Cement,2030,-17.54690654293645,%,plotted,"[""Total Annualised Cost|Industry|Non-Metallic Minerals|Cement""]",fig08_sector_costs,,,,,,"[""AFE"", ""AFN"", ""AFW"", ""AFZ"", ""ANZ"", ""ASC"", ""ASE"", ""ASO"", ""BRA"", ""CAN"", ""CHL"", ""CHN"", ""ENE"", ""ENW"", ""EUE"", ""EUM"", ""EUW"", ""IDN"", ""IND"", ""JPN"", ""LAM"", ""MDA"", ""MEA"", ""MEX"", ""NIG"", ""RUS"", ""SKT"", ""USA""]",Annualised sector-cost change,,,100.0,277548.58423253556,Millions USD_2010/yr,336613.91294805164,Millions USD_2010/yr,highce_gbl,,,,-100.0,ndc_noce,2030.0,,,,,277548.58423253556,336613.91294805164
ndc_highce_gbl,NDC,"High CE, EU + partners",a,Global,Cement,Cement,2035,-19.418393056844334,%,plotted,"[""Total Annualised Cost|Industry|Non-Metallic Minerals|Cement""]",fig08_sector_costs,,,,,,"[""AFE"", ""AFN"", ""AFW"", ""AFZ"", ""ANZ"", ""ASC"", ""ASE"", ""ASO"", ""BRA"", ""CAN"", ""CHL"", ""CHN"", ""ENE"", ""ENW"", ""EUE"", ""EUM"", ""EUW"", ""IDN"", ""IND"", ""JPN"", ""LAM"", ""MDA"", ""MEA"", ""MEX"", ""NIG"", ""RUS"", ""SKT"", ""USA""]",Annualised sector-cost change,,,100.0,333459.86874135945,Millions USD_2010/yr,413816.35511015635,Millions USD_2010/yr,highce_gbl,,,,-100.0,ndc_noce,2035.0,,,,,333459.86874135945,413816.35511015635
ndc_highce_gbl,NDC,"High CE, EU + partners",a,Global,Cement,Cement,2040,-25.602166751527438,%,plotted,"[""Total Annualised Cost|Industry|Non-Metallic Minerals|Cement""]",fig08_sector_costs,,,,,,"[""AFE"", ""AFN"", ""AFW"", ""AFZ"", ""ANZ"", ""ASC"", ""ASE"", ""ASO"", ""BRA"", ""CAN"", ""CHL"", ""CHN"", ""ENE"", ""ENW"", ""EUE"", ""EUM"", ""EUW"", ""IDN"", ""IND"", ""JPN"", ""LAM"", ""MDA"", ""MEA"", ""MEX"", ""NIG"", ""RUS"", ""SKT"", ""USA""]",Annualised sector-cost change,,,100.0,404958.3225333975,Millions USD_2010/yr,544314.6726880135,Millions USD_2010/yr,highce_gbl,,,,-100.0,ndc_noce,2040.0,,,,,404958.3225333975,544314.6726880135
ndc_highce_gbl,NDC,"High CE, EU + partners",a,Global,Cement,Cement,2050,-23.948778767563468,%,plotted,"[""Total Annualised Cost|Industry|Non-Metallic Minerals|Cement""]",fig08_sector_costs,,,,,,"[""AFE"", ""AFN"", ""AFW"", ""AFZ"", ""ANZ"", ""ASC"", ""ASE"", ""ASO"", ""BRA"", ""CAN"", ""CHL"", ""CHN"", ""ENE"", ""ENW"", ""EUE"", ""EUM"", ""EUW"", ""IDN"", ""IND"", ""JPN"", ""LAM"", ""MDA"", ""MEA"", ""MEX"", ""NIG"", ""RUS"", ""SKT"", ""USA""]",Annualised sector-cost change,,,100.0,555679.4320493055,Millions USD_2010/yr,730664.7060288142,Millions USD_2010/yr,highce_gbl,,,,-100.0,ndc_noce,2050.0,,,,,555679.4320493055,730664.7060288142
ndc_noce,NDC,No CE,b,Global,Iron and steel,Iron and steel,2019,0.0,%,context,"[""Total Annualised Cost|Industry|Iron and Steel""]",fig08_sector_costs,,,,,,"[""AFE"", ""AFN"", ""AFW"", ""AFZ"", ""ANZ"", ""ASC"", ""ASE"", ""ASO"", ""BRA"", ""CAN"", ""CHL"", ""CHN"", ""ENE"", ""ENW"", ""EUE"", ""EUM"", ""EUW"", ""IDN"", ""IND"", ""JPN"", ""LAM"", ""MDA"", ""MEA"", ""MEX"", ""NIG"", ""RUS"", ""SKT"", ""USA""]",Annualised sector-cost change,,,100.0,4959455.128965229,Millions USD_2010/yr,4959455.128965229,Millions USD_2010/yr,noce,,,,-100.0,ndc_noce,2019.0,,,,,4959455.128965229,4959455.128965229
ndc_noce,NDC,No CE,b,Global,Iron and steel,Iron and steel,2024,0.0,%,plotted,"[""Total Annualised Cost|Industry|Iron and Steel""]",fig08_sector_costs,,,,,,"[""AFE"", ""AFN"", ""AFW"", ""AFZ"", ""ANZ"", ""ASC"", ""ASE"", ""ASO"", ""BRA"", ""CAN"", ""CHL"", ""CHN"", ""ENE"", ""ENW"", ""EUE"", ""EUM"", ""EUW"", ""IDN"", ""IND"", ""JPN"", ""LAM"", ""MDA"", ""MEA"", ""MEX"", ""NIG"", ""RUS"", ""SKT"", ""USA""]",Annualised sector-cost change,,,100.0,201938.09721133878,Millions USD_2010/yr,201938.09721133878,Millions USD_2010/yr,noce,,,,-100.0,ndc_noce,2024.0,,,,,201938.09721133878,201938.09721133878
ndc_noce,NDC,No CE,b,Global,Iron and steel,Iron and steel,2030,0.0,%,plotted,"[""Total Annualised Cost|Industry|Iron and Steel""]",fig08_sector_costs,,,,,,"[""AFE"", ""AFN"", ""AFW"", ""AFZ"", ""ANZ"", ""ASC"", ""ASE"", ""ASO"", ""BRA"", ""CAN"", ""CHL"", ""CHN"", ""ENE"", ""ENW"", ""EUE"", ""EUM"", ""EUW"", ""IDN"", ""IND"", ""JPN"", ""LAM"", ""MDA"", ""MEA"", ""MEX"", ""NIG"", ""RUS"", ""SKT"", ""USA""]",Annualised sector-cost change,,,100.0,313008.43114290875,Millions USD_2010/yr,313008.43114290875,Millions USD_2010/yr,noce,,,,-100.0,ndc_noce,2030.0,,,,,313008.43114290875,313008.43114290875
ndc_noce,NDC,No CE,b,Global,Iron and steel,Iron and steel,2035,0.0,%,plotted,"[""Total Annualised Cost|Industry|Iron and Steel""]",fig08_sector_costs,,,,,,"[""AFE"", ""AFN"", ""AFW"", ""AFZ"", ""ANZ"", ""ASC"", ""ASE"", ""ASO"", ""BRA"", ""CAN"", ""CHL"", ""CHN"", ""ENE"", ""ENW"", ""EUE"", ""EUM"", ""EUW"", ""IDN"", ""IND"", ""JPN"", ""LAM"", ""MDA"", ""MEA"", ""MEX"", ""NIG"", ""RUS"", ""SKT"", ""USA""]",Annualised sector-cost change,,,100.0,309024.3316400723,Millions USD_2010/yr,309024.3316400723,Millions USD_2010/yr,noce,,,,-100.0,ndc_noce,2035.0,,,,,309024.3316400723,309024.3316400723
ndc_noce,NDC,No CE,b,Global,Iron and steel,Iron and steel,2040,0.0,%,plotted,"[""Total Annualised Cost|Industry|Iron and Steel""]",fig08_sector_costs,,,,,,"[""AFE"", ""AFN"", ""AFW"", ""AFZ"", ""ANZ"", ""ASC"", ""ASE"", ""ASO"", ""BRA"", ""CAN"", ""CHL"", ""CHN"", ""ENE"", ""ENW"", ""EUE"", ""EUM"", ""EUW"", ""IDN"", ""IND"", ""JPN"", ""LAM"", ""MDA"", ""MEA"", ""MEX"", ""NIG"", ""RUS"", ""SKT"", ""USA""]",Annualised sector-cost change,,,100.0,378692.134370259,Millions USD_2010/yr,378692.134370259,Millions USD_2010/yr,noce,,,,-100.0,ndc_noce,2040.0,,,,,378692.134370259,378692.134370259
ndc_noce,NDC,No CE,b,Global,Iron and steel,Iron and steel,2050,0.0,%,plotted,"[""Total Annualised Cost|Industry|Iron and Steel""]",fig08_sector_costs,,,,,,"[""AFE"", ""AFN"", ""AFW"", ""AFZ"", ""ANZ"", ""ASC"", ""ASE"", ""ASO"", ""BRA"", ""CAN"", ""CHL"", ""CHN"", ""ENE"", ""ENW"", ""EUE"", ""EUM"", ""EUW"", ""IDN"", ""IND"", ""JPN"", ""LAM"", ""MDA"", ""MEA"", ""MEX"", ""NIG"", ""RUS"", ""SKT"", ""USA""]",Annualised sector-cost change,,,100.0,525384.2355289025,Millions USD_2010/yr,525384.2355289025,Millions USD_2010/yr,noce,,,,-100.0,ndc_noce,2050.0,,,,,525384.2355289025,525384.2355289025
ndc_medce_eu,NDC,"Medium CE, EU",b,Global,Iron and steel,Iron and steel,2019,0.0,%,context,"[""Total Annualised Cost|Industry|Iron and Steel""]",fig08_sector_costs,,,,,,"[""AFE"", ""AFN"", ""AFW"", ""AFZ"", ""ANZ"", ""ASC"", ""ASE"", ""ASO"", ""BRA"", ""CAN"", ""CHL"", ""CHN"", ""ENE"", ""ENW"", ""EUE"", ""EUM"", ""EUW"", ""IDN"", ""IND"", ""JPN"", ""LAM"", ""MDA"", ""MEA"", ""MEX"", ""NIG"", ""RUS"", ""SKT"", ""USA""]",Annualised sector-cost change,,,100.0,4959455.128965229,Millions USD_2010/yr,4959455.128965229,Millions USD_2010/yr,medce_eu,,,,-100.0,ndc_noce,2019.0,,,,,4959455.128965229,4959455.128965229
ndc_medce_eu,NDC,"Medium CE, EU",b,Global,Iron and steel,Iron and steel,2024,0.0,%,plotted,"[""Total Annualised Cost|Industry|Iron and Steel""]",fig08_sector_costs,,,,,,"[""AFE"", ""AFN"", ""AFW"", ""AFZ"", ""ANZ"", ""ASC"", ""ASE"", ""ASO"", ""BRA"", ""CAN"", ""CHL"", ""CHN"", ""ENE"", ""ENW"", ""EUE"", ""EUM"", ""EUW"", ""IDN"", ""IND"", ""JPN"", ""LAM"", ""MDA"", ""MEA"", ""MEX"", ""NIG"", ""RUS"", ""SKT"", ""USA""]",Annualised sector-cost change,,,100.0,201938.09721133878,Millions USD_2010/yr,201938.09721133878,Millions USD_2010/yr,medce_eu,,,,-100.0,ndc_noce,2024.0,,,,,201938.09721133878,201938.09721133878
ndc_medce_eu,NDC,"Medium CE, EU",b,Global,Iron and steel,Iron and steel,2030,0.4620955369373634,%,plotted,"[""Total Annualised Cost|Industry|Iron and Steel""]",fig08_sector_costs,,,,,,"[""AFE"", ""AFN"", ""AFW"", ""AFZ"", ""ANZ"", ""ASC"", ""ASE"", ""ASO"", ""BRA"", ""CAN"", ""CHL"", ""CHN"", ""ENE"", ""ENW"", ""EUE"", ""EUM"", ""EUW"", ""IDN"", ""IND"", ""JPN"", ""LAM"", ""MDA"", ""MEA"", ""MEX"", ""NIG"", ""RUS"", ""SKT"", ""USA""]",Annualised sector-cost change,,,100.0,314454.8291334578,Millions USD_2010/yr,313008.43114290875,Millions USD_2010/yr,medce_eu,,,,-100.0,ndc_noce,2030.0,,,,,314454.8291334578,313008.43114290875
ndc_medce_eu,NDC,"Medium CE, EU",b,Global,Iron and steel,Iron and steel,2035,-0.7563850509531181,%,plotted,"[""Total Annualised Cost|Industry|Iron and Steel""]",fig08_sector_costs,,,,,,"[""AFE"", ""AFN"", ""AFW"", ""AFZ"", ""ANZ"", ""ASC"", ""ASE"", ""ASO"", ""BRA"", ""CAN"", ""CHL"", ""CHN"", ""ENE"", ""ENW"", ""EUE"", ""EUM"", ""EUW"", ""IDN"", ""IND"", ""JPN"", ""LAM"", ""MDA"", ""MEA"", ""MEX"", ""NIG"", ""RUS"", ""SKT"", ""USA""]",Annualised sector-cost change,,,100.0,306686.917791739,Millions USD_2010/yr,309024.3316400723,Millions USD_2010/yr,medce_eu,,,,-100.0,ndc_noce,2035.0,,,,,306686.917791739,309024.3316400723
ndc_medce_eu,NDC,"Medium CE, EU",b,Global,Iron and steel,Iron and steel,2040,-0.03766398421195588,%,plotted,"[""Total Annualised Cost|Industry|Iron and Steel""]",fig08_sector_costs,,,,,,"[""AFE"", ""AFN"", ""AFW"", ""AFZ"", ""ANZ"", ""ASC"", ""ASE"", ""ASO"", ""BRA"", ""CAN"", ""CHL"", ""CHN"", ""ENE"", ""ENW"", ""EUE"", ""EUM"", ""EUW"", ""IDN"", ""IND"", ""JPN"", ""LAM"", ""MDA"", ""MEA"", ""MEX"", ""NIG"", ""RUS"", ""SKT"", ""USA""]",Annualised sector-cost change,,,100.0,378549.5038245579,Millions USD_2010/yr,378692.134370259,Millions USD_2010/yr,medce_eu,,,,-100.0,ndc_noce,2040.0,,,,,378549.5038245579,378692.134370259
ndc_medce_eu,NDC,"Medium CE, EU",b,Global,Iron and steel,Iron and steel,2050,-0.624429902133878,%,plotted,"[""Total Annualised Cost|Industry|Iron and Steel""]",fig08_sector_costs,,,,,,"[""AFE"", ""AFN"", ""AFW"", ""AFZ"", ""ANZ"", ""ASC"", ""ASE"", ""ASO"", ""BRA"", ""CAN"", ""CHL"", ""CHN"", ""ENE"", ""ENW"", ""EUE"", ""EUM"", ""EUW"", ""IDN"", ""IND"", ""JPN"", ""LAM"", ""MDA"", ""MEA"", ""MEX"", ""NIG"", ""RUS"", ""SKT"", ""USA""]",Annualised sector-cost change,,,100.0,522103.57926116255,Millions USD_2010/yr,525384.2355289025,Millions USD_2010/yr,medce_eu,,,,-100.0,ndc_noce,2050.0,,,,,522103.57926116255,525384.2355289025
ndc_highce_eu,NDC,"High CE, EU",b,Global,Iron and steel,Iron and steel,2019,0.0,%,context,"[""Total Annualised Cost|Industry|Iron and Steel""]",fig08_sector_costs,,,,,,"[""AFE"", ""AFN"", ""AFW"", ""AFZ"", ""ANZ"", ""ASC"", ""ASE"", ""ASO"", ""BRA"", ""CAN"", ""CHL"", ""CHN"", ""ENE"", ""ENW"", ""EUE"", ""EUM"", ""EUW"", ""IDN"", ""IND"", ""JPN"", ""LAM"", ""MDA"", ""MEA"", ""MEX"", ""NIG"", ""RUS"", ""SKT"", ""USA""]",Annualised sector-cost change,,,100.0,4959455.128965229,Millions USD_2010/yr,4959455.128965229,Millions USD_2010/yr,highce_eu,,,,-100.0,ndc_noce,2019.0,,,,,4959455.128965229,4959455.128965229
ndc_highce_eu,NDC,"High CE, EU",b,Global,Iron and steel,Iron and steel,2024,0.0,%,plotted,"[""Total Annualised Cost|Industry|Iron and Steel""]",fig08_sector_costs,,,,,,"[""AFE"", ""AFN"", ""AFW"", ""AFZ"", ""ANZ"", ""ASC"", ""ASE"", ""ASO"", ""BRA"", ""CAN"", ""CHL"", ""CHN"", ""ENE"", ""ENW"", ""EUE"", ""EUM"", ""EUW"", ""IDN"", ""IND"", ""JPN"", ""LAM"", ""MDA"", ""MEA"", ""MEX"", ""NIG"", ""RUS"", ""SKT"", ""USA""]",Annualised sector-cost change,,,100.0,201938.09721133878,Millions USD_2010/yr,201938.09721133878,Millions USD_2010/yr,highce_eu,,,,-100.0,ndc_noce,2024.0,,,,,201938.09721133878,201938.09721133878
ndc_highce_eu,NDC,"High CE, EU",b,Global,Iron and steel,Iron and steel,2030,-1.0212790281930233,%,plotted,"[""Total Annualised Cost|Industry|Iron and Steel""]",fig08_sector_costs,,,,,,"[""AFE"", ""AFN"", ""AFW"", ""AFZ"", ""ANZ"", ""ASC"", ""ASE"", ""ASO"", ""BRA"", ""CAN"", ""CHL"", ""CHN"", ""ENE"", ""ENW"", ""EUE"", ""EUM"", ""EUW"", ""IDN"", ""IND"", ""JPN"", ""LAM"", ""MDA"", ""MEA"", ""MEX"", ""NIG"", ""RUS"", ""SKT"", ""USA""]",Annualised sector-cost change,,,100.0,309811.7416791702,Millions USD_2010/yr,313008.43114290875,Millions USD_2010/yr,highce_eu,,,,-100.0,ndc_noce,2030.0,,,,,309811.7416791702,313008.43114290875
ndc_highce_eu,NDC,"High CE, EU",b,Global,Iron and steel,Iron and steel,2035,-1.640022519326876,%,plotted,"[""Total Annualised Cost|Industry|Iron and Steel""]",fig08_sector_costs,,,,,,"[""AFE"", ""AFN"", ""AFW"", ""AFZ"", ""ANZ"", ""ASC"", ""ASE"", ""ASO"", ""BRA"", ""CAN"", ""CHL"", ""CHN"", ""ENE"", ""ENW"", ""EUE"", ""EUM"", ""EUW"", ""IDN"", ""IND"", ""JPN"", ""LAM"", ""MDA"", ""MEA"", ""MEX"", ""NIG"", ""RUS"", ""SKT"", ""USA""]",Annualised sector-cost change,,,100.0,303956.26301097573,Millions USD_2010/yr,309024.3316400723,Millions USD_2010/yr,highce_eu,,,,-100.0,ndc_noce,2035.0,,,,,303956.26301097573,309024.3316400723
ndc_highce_eu,NDC,"High CE, EU",b,Global,Iron and steel,Iron and steel,2040,-1.0313880932716588,%,plotted,"[""Total Annualised Cost|Industry|Iron and Steel""]",fig08_sector_costs,,,,,,"[""AFE"", ""AFN"", ""AFW"", ""AFZ"", ""ANZ"", ""ASC"", ""ASE"", ""ASO"", ""BRA"", ""CAN"", ""CHL"", ""CHN"", ""ENE"", ""ENW"", ""EUE"", ""EUM"", ""EUW"", ""IDN"", ""IND"", ""JPN"", ""LAM"", ""MDA"", ""MEA"", ""MEX"", ""NIG"", ""RUS"", ""SKT"", ""USA""]",Annualised sector-cost change,,,100.0,374786.34878620785,Millions USD_2010/yr,378692.134370259,Millions USD_2010/yr,highce_eu,,,,-100.0,ndc_noce,2040.0,,,,,374786.34878620785,378692.134370259
ndc_highce_eu,NDC,"High CE, EU",b,Global,Iron and steel,Iron and steel,2050,-1.0649696728339242,%,plotted,"[""Total Annualised Cost|Industry|Iron and Steel""]",fig08_sector_costs,,,,,,"[""AFE"", ""AFN"", ""AFW"", ""AFZ"", ""ANZ"", ""ASC"", ""ASE"", ""ASO"", ""BRA"", ""CAN"", ""CHL"", ""CHN"", ""ENE"", ""ENW"", ""EUE"", ""EUM"", ""EUW"", ""IDN"", ""IND"", ""JPN"", ""LAM"", ""MDA"", ""MEA"", ""MEX"", ""NIG"", ""RUS"", ""SKT"", ""USA""]",Annualised sector-cost change,,,100.0,519789.05275466933,Millions USD_2010/yr,525384.2355289025,Millions USD_2010/yr,highce_eu,,,,-100.0,ndc_noce,2050.0,,,,,519789.05275466933,525384.2355289025
ndc_medce_gbl,NDC,"Medium CE, EU + partners",b,Global,Iron and steel,Iron and steel,2019,0.0,%,context,"[""Total Annualised Cost|Industry|Iron and Steel""]",fig08_sector_costs,,,,,,"[""AFE"", ""AFN"", ""AFW"", ""AFZ"", ""ANZ"", ""ASC"", ""ASE"", ""ASO"", ""BRA"", ""CAN"", ""CHL"", ""CHN"", ""ENE"", ""ENW"", ""EUE"", ""EUM"", ""EUW"", ""IDN"", ""IND"", ""JPN"", ""LAM"", ""MDA"", ""MEA"", ""MEX"", ""NIG"", ""RUS"", ""SKT"", ""USA""]",Annualised sector-cost change,,,100.0,4959455.128965229,Millions USD_2010/yr,4959455.128965229,Millions USD_2010/yr,medce_gbl,,,,-100.0,ndc_noce,2019.0,,,,,4959455.128965229,4959455.128965229
ndc_medce_gbl,NDC,"Medium CE, EU + partners",b,Global,Iron and steel,Iron and steel,2024,0.0,%,plotted,"[""Total Annualised Cost|Industry|Iron and Steel""]",fig08_sector_costs,,,,,,"[""AFE"", ""AFN"", ""AFW"", ""AFZ"", ""ANZ"", ""ASC"", ""ASE"", ""ASO"", ""BRA"", ""CAN"", ""CHL"", ""CHN"", ""ENE"", ""ENW"", ""EUE"", ""EUM"", ""EUW"", ""IDN"", ""IND"", ""JPN"", ""LAM"", ""MDA"", ""MEA"", ""MEX"", ""NIG"", ""RUS"", ""SKT"", ""USA""]",Annualised sector-cost change,,,100.0,201938.09721133878,Millions USD_2010/yr,201938.09721133878,Millions USD_2010/yr,medce_gbl,,,,-100.0,ndc_noce,2024.0,,,,,201938.09721133878,201938.09721133878
ndc_medce_gbl,NDC,"Medium CE, EU + partners",b,Global,Iron and steel,Iron and steel,2030,-17.039066102319584,%,plotted,"[""Total Annualised Cost|Industry|Iron and Steel""]",fig08_sector_costs,,,,,,"[""AFE"", ""AFN"", ""AFW"", ""AFZ"", ""ANZ"", ""ASC"", ""ASE"", ""ASO"", ""BRA"", ""CAN"", ""CHL"", ""CHN"", ""ENE"", ""ENW"", ""EUE"", ""EUM"", ""EUW"", ""IDN"", ""IND"", ""JPN"", ""LAM"", ""MDA"", ""MEA"", ""MEX"", ""NIG"", ""RUS"", ""SKT"", ""USA""]",Annualised sector-cost change,,,100.0,259674.71765463505,Millions USD_2010/yr,313008.43114290875,Millions USD_2010/yr,medce_gbl,,,,-100.0,ndc_noce,2030.0,,,,,259674.71765463505,313008.43114290875
ndc_medce_gbl,NDC,"Medium CE, EU + partners",b,Global,Iron and steel,Iron and steel,2035,-19.93191879109745,%,plotted,"[""Total Annualised Cost|Industry|Iron and Steel""]",fig08_sector_costs,,,,,,"[""AFE"", ""AFN"", ""AFW"", ""AFZ"", ""ANZ"", ""ASC"", ""ASE"", ""ASO"", ""BRA"", ""CAN"", ""CHL"", ""CHN"", ""ENE"", ""ENW"", ""EUE"", ""EUM"", ""EUW"", ""IDN"", ""IND"", ""JPN"", ""LAM"", ""MDA"", ""MEA"", ""MEX"", ""NIG"", ""RUS"", ""SKT"", ""USA""]",Annualised sector-cost change,,,100.0,247429.85281284142,Millions USD_2010/yr,309024.3316400723,Millions USD_2010/yr,medce_gbl,,,,-100.0,ndc_noce,2035.0,,,,,247429.85281284142,309024.3316400723
ndc_medce_gbl,NDC,"Medium CE, EU + partners",b,Global,Iron and steel,Iron and steel,2040,-18.312441882680528,%,plotted,"[""Total Annualised Cost|Industry|Iron and Steel""]",fig08_sector_costs,,,,,,"[""AFE"", ""AFN"", ""AFW"", ""AFZ"", ""ANZ"", ""ASC"", ""ASE"", ""ASO"", ""BRA"", ""CAN"", ""CHL"", ""CHN"", ""ENE"", ""ENW"", ""EUE"", ""EUM"", ""EUW"", ""IDN"", ""IND"", ""JPN"", ""LAM"", ""MDA"", ""MEA"", ""MEX"", ""NIG"", ""RUS"", ""SKT"", ""USA""]",Annualised sector-cost change,,,100.0,309344.3573494229,Millions USD_2010/yr,378692.134370259,Millions USD_2010/yr,medce_gbl,,,,-100.0,ndc_noce,2040.0,,,,,309344.3573494229,378692.134370259
ndc_medce_gbl,NDC,"Medium CE, EU + partners",b,Global,Iron and steel,Iron and steel,2050,-22.76434278341789,%,plotted,"[""Total Annualised Cost|Industry|Iron and Steel""]",fig08_sector_costs,,,,,,"[""AFE"", ""AFN"", ""AFW"", ""AFZ"", ""ANZ"", ""ASC"", ""ASE"", ""ASO"", ""BRA"", ""CAN"", ""CHL"", ""CHN"", ""ENE"", ""ENW"", ""EUE"", ""EUM"", ""EUW"", ""IDN"", ""IND"", ""JPN"", ""LAM"", ""MDA"", ""MEA"", ""MEX"", ""NIG"", ""RUS"", ""SKT"", ""USA""]",Annualised sector-cost change,,,100.0,405783.9672230635,Millions USD_2010/yr,525384.2355289025,Millions USD_2010/yr,medce_gbl,,,,-100.0,ndc_noce,2050.0,,,,,405783.9672230635,525384.2355289025
ndc_highce_gbl,NDC,"High CE, EU + partners",b,Global,Iron and steel,Iron and steel,2019,0.0,%,context,"[""Total Annualised Cost|Industry|Iron and Steel""]",fig08_sector_costs,,,,,,"[""AFE"", ""AFN"", ""AFW"", ""AFZ"", ""ANZ"", ""ASC"", ""ASE"", ""ASO"", ""BRA"", ""CAN"", ""CHL"", ""CHN"", ""ENE"", ""ENW"", ""EUE"", ""EUM"", ""EUW"", ""IDN"", ""IND"", ""JPN"", ""LAM"", ""MDA"", ""MEA"", ""MEX"", ""NIG"", ""RUS"", ""SKT"", ""USA""]",Annualised sector-cost change,,,100.0,4959455.128965229,Millions USD_2010/yr,4959455.128965229,Millions USD_2010/yr,highce_gbl,,,,-100.0,ndc_noce,2019.0,,,,,4959455.128965229,4959455.128965229
ndc_highce_gbl,NDC,"High CE, EU + partners",b,Global,Iron and steel,Iron and steel,2024,0.0,%,plotted,"[""Total Annualised Cost|Industry|Iron and Steel""]",fig08_sector_costs,,,,,,"[""AFE"", ""AFN"", ""AFW"", ""AFZ"", ""ANZ"", ""ASC"", ""ASE"", ""ASO"", ""BRA"", ""CAN"", ""CHL"", ""CHN"", ""ENE"", ""ENW"", ""EUE"", ""EUM"", ""EUW"", ""IDN"", ""IND"", ""JPN"", ""LAM"", ""MDA"", ""MEA"", ""MEX"", ""NIG"", ""RUS"", ""SKT"", ""USA""]",Annualised sector-cost change,,,100.0,201938.09721133878,Millions USD_2010/yr,201938.09721133878,Millions USD_2010/yr,highce_gbl,,,,-100.0,ndc_noce,2024.0,,,,,201938.09721133878,201938.09721133878
ndc_highce_gbl,NDC,"High CE, EU + partners",b,Global,Iron and steel,Iron and steel,2030,-25.35504733555139,%,plotted,"[""Total Annualised Cost|Industry|Iron and Steel""]",fig08_sector_costs,,,,,,"[""AFE"", ""AFN"", ""AFW"", ""AFZ"", ""ANZ"", ""ASC"", ""ASE"", ""ASO"", ""BRA"", ""CAN"", ""CHL"", ""CHN"", ""ENE"", ""ENW"", ""EUE"", ""EUM"", ""EUW"", ""IDN"", ""IND"", ""JPN"", ""LAM"", ""MDA"", ""MEA"", ""MEX"", ""NIG"", ""RUS"", ""SKT"", ""USA""]",Annualised sector-cost change,,,100.0,233644.99526235746,Millions USD_2010/yr,313008.43114290875,Millions USD_2010/yr,highce_gbl,,,,-100.0,ndc_noce,2030.0,,,,,233644.99526235746,313008.43114290875
ndc_highce_gbl,NDC,"High CE, EU + partners",b,Global,Iron and steel,Iron and steel,2035,-26.937601101780988,%,plotted,"[""Total Annualised Cost|Industry|Iron and Steel""]",fig08_sector_costs,,,,,,"[""AFE"", ""AFN"", ""AFW"", ""AFZ"", ""ANZ"", ""ASC"", ""ASE"", ""ASO"", ""BRA"", ""CAN"", ""CHL"", ""CHN"", ""ENE"", ""ENW"", ""EUE"", ""EUM"", ""EUW"", ""IDN"", ""IND"", ""JPN"", ""LAM"", ""MDA"", ""MEA"", ""MEX"", ""NIG"", ""RUS"", ""SKT"", ""USA""]",Annualised sector-cost change,,,100.0,225780.58987542483,Millions USD_2010/yr,309024.3316400723,Millions USD_2010/yr,highce_gbl,,,,-100.0,ndc_noce,2035.0,,,,,225780.58987542483,309024.3316400723
ndc_highce_gbl,NDC,"High CE, EU + partners",b,Global,Iron and steel,Iron and steel,2040,-29.15509437561462,%,plotted,"[""Total Annualised Cost|Industry|Iron and Steel""]",fig08_sector_costs,,,,,,"[""AFE"", ""AFN"", ""AFW"", ""AFZ"", ""ANZ"", ""ASC"", ""ASE"", ""ASO"", ""BRA"", ""CAN"", ""CHL"", ""CHN"", ""ENE"", ""ENW"", ""EUE"", ""EUM"", ""EUW"", ""IDN"", ""IND"", ""JPN"", ""LAM"", ""MDA"", ""MEA"", ""MEX"", ""NIG"", ""RUS"", ""SKT"", ""USA""]",Annualised sector-cost change,,,100.0,268284.08520158066,Millions USD_2010/yr,378692.134370259,Millions USD_2010/yr,highce_gbl,,,,-100.0,ndc_noce,2040.0,,,,,268284.08520158066,378692.134370259
ndc_highce_gbl,NDC,"High CE, EU + partners",b,Global,Iron and steel,Iron and steel,2050,-33.14094935537615,%,plotted,"[""Total Annualised Cost|Industry|Iron and Steel""]",fig08_sector_costs,,,,,,"[""AFE"", ""AFN"", ""AFW"", ""AFZ"", ""ANZ"", ""ASC"", ""ASE"", ""ASO"", ""BRA"", ""CAN"", ""CHL"", ""CHN"", ""ENE"", ""ENW"", ""EUE"", ""EUM"", ""EUW"", ""IDN"", ""IND"", ""JPN"", ""LAM"", ""MDA"", ""MEA"", ""MEX"", ""NIG"", ""RUS"", ""SKT"", ""USA""]",Annualised sector-cost change,,,100.0,351266.91211113875,Millions USD_2010/yr,525384.2355289025,Millions USD_2010/yr,highce_gbl,,,,-100.0,ndc_noce,2050.0,,,,,351266.91211113875,525384.2355289025
ndc_noce,NDC,No CE,c,Global,Aluminium,Aluminium,2019,0.0,%,context,"[""Total Annualised Cost|Industry|Non-Ferrous Metals|Aluminum""]",fig08_sector_costs,,,,,,"[""AFE"", ""AFN"", ""AFW"", ""AFZ"", ""ANZ"", ""ASC"", ""ASE"", ""ASO"", ""BRA"", ""CAN"", ""CHL"", ""CHN"", ""ENE"", ""ENW"", ""EUE"", ""EUM"", ""EUW"", ""IDN"", ""IND"", ""JPN"", ""LAM"", ""MDA"", ""MEA"", ""MEX"", ""NIG"", ""RUS"", ""SKT"", ""USA""]",Annualised sector-cost change,,,100.0,25017.308460003063,Millions USD_2010/yr,25017.308460003063,Millions USD_2010/yr,noce,,,,-100.0,ndc_noce,2019.0,,,,,25017.308460003063,25017.308460003063
ndc_noce,NDC,No CE,c,Global,Aluminium,Aluminium,2024,0.0,%,plotted,"[""Total Annualised Cost|Industry|Non-Ferrous Metals|Aluminum""]",fig08_sector_costs,,,,,,"[""AFE"", ""AFN"", ""AFW"", ""AFZ"", ""ANZ"", ""ASC"", ""ASE"", ""ASO"", ""BRA"", ""CAN"", ""CHL"", ""CHN"", ""ENE"", ""ENW"", ""EUE"", ""EUM"", ""EUW"", ""IDN"", ""IND"", ""JPN"", ""LAM"", ""MDA"", ""MEA"", ""MEX"", ""NIG"", ""RUS"", ""SKT"", ""USA""]",Annualised sector-cost change,,,100.0,98177.01756529351,Millions USD_2010/yr,98177.01756529351,Millions USD_2010/yr,noce,,,,-100.0,ndc_noce,2024.0,,,,,98177.01756529351,98177.01756529351
ndc_noce,NDC,No CE,c,Global,Aluminium,Aluminium,2030,0.0,%,plotted,"[""Total Annualised Cost|Industry|Non-Ferrous Metals|Aluminum""]",fig08_sector_costs,,,,,,"[""AFE"", ""AFN"", ""AFW"", ""AFZ"", ""ANZ"", ""ASC"", ""ASE"", ""ASO"", ""BRA"", ""CAN"", ""CHL"", ""CHN"", ""ENE"", ""ENW"", ""EUE"", ""EUM"", ""EUW"", ""IDN"", ""IND"", ""JPN"", ""LAM"", ""MDA"", ""MEA"", ""MEX"", ""NIG"", ""RUS"", ""SKT"", ""USA""]",Annualised sector-cost change,,,100.0,189050.12343896012,Millions USD_2010/yr,189050.12343896012,Millions USD_2010/yr,noce,,,,-100.0,ndc_noce,2030.0,,,,,189050.12343896012,189050.12343896012
ndc_noce,NDC,No CE,c,Global,Aluminium,Aluminium,2035,0.0,%,plotted,"[""Total Annualised Cost|Industry|Non-Ferrous Metals|Aluminum""]",fig08_sector_costs,,,,,,"[""AFE"", ""AFN"", ""AFW"", ""AFZ"", ""ANZ"", ""ASC"", ""ASE"", ""ASO"", ""BRA"", ""CAN"", ""CHL"", ""CHN"", ""ENE"", ""ENW"", ""EUE"", ""EUM"", ""EUW"", ""IDN"", ""IND"", ""JPN"", ""LAM"", ""MDA"", ""MEA"", ""MEX"", ""NIG"", ""RUS"", ""SKT"", ""USA""]",Annualised sector-cost change,,,100.0,143833.6374745029,Millions USD_2010/yr,143833.6374745029,Millions USD_2010/yr,noce,,,,-100.0,ndc_noce,2035.0,,,,,143833.6374745029,143833.6374745029
ndc_noce,NDC,No CE,c,Global,Aluminium,Aluminium,2040,0.0,%,plotted,"[""Total Annualised Cost|Industry|Non-Ferrous Metals|Aluminum""]",fig08_sector_costs,,,,,,"[""AFE"", ""AFN"", ""AFW"", ""AFZ"", ""ANZ"", ""ASC"", ""ASE"", ""ASO"", ""BRA"", ""CAN"", ""CHL"", ""CHN"", ""ENE"", ""ENW"", ""EUE"", ""EUM"", ""EUW"", ""IDN"", ""IND"", ""JPN"", ""LAM"", ""MDA"", ""MEA"", ""MEX"", ""NIG"", ""RUS"", ""SKT"", ""USA""]",Annualised sector-cost change,,,100.0,164123.9053628405,Millions USD_2010/yr,164123.9053628405,Millions USD_2010/yr,noce,,,,-100.0,ndc_noce,2040.0,,,,,164123.9053628405,164123.9053628405
ndc_noce,NDC,No CE,c,Global,Aluminium,Aluminium,2050,0.0,%,plotted,"[""Total Annualised Cost|Industry|Non-Ferrous Metals|Aluminum""]",fig08_sector_costs,,,,,,"[""AFE"", ""AFN"", ""AFW"", ""AFZ"", ""ANZ"", ""ASC"", ""ASE"", ""ASO"", ""BRA"", ""CAN"", ""CHL"", ""CHN"", ""ENE"", ""ENW"", ""EUE"", ""EUM"", ""EUW"", ""IDN"", ""IND"", ""JPN"", ""LAM"", ""MDA"", ""MEA"", ""MEX"", ""NIG"", ""RUS"", ""SKT"", ""USA""]",Annualised sector-cost change,,,100.0,151442.6773772102,Millions USD_2010/yr,151442.6773772102,Millions USD_2010/yr,noce,,,,-100.0,ndc_noce,2050.0,,,,,151442.6773772102,151442.6773772102
ndc_medce_eu,NDC,"Medium CE, EU",c,Global,Aluminium,Aluminium,2019,0.0,%,context,"[""Total Annualised Cost|Industry|Non-Ferrous Metals|Aluminum""]",fig08_sector_costs,,,,,,"[""AFE"", ""AFN"", ""AFW"", ""AFZ"", ""ANZ"", ""ASC"", ""ASE"", ""ASO"", ""BRA"", ""CAN"", ""CHL"", ""CHN"", ""ENE"", ""ENW"", ""EUE"", ""EUM"", ""EUW"", ""IDN"", ""IND"", ""JPN"", ""LAM"", ""MDA"", ""MEA"", ""MEX"", ""NIG"", ""RUS"", ""SKT"", ""USA""]",Annualised sector-cost change,,,100.0,25017.308460003063,Millions USD_2010/yr,25017.308460003063,Millions USD_2010/yr,medce_eu,,,,-100.0,ndc_noce,2019.0,,,,,25017.308460003063,25017.308460003063
ndc_medce_eu,NDC,"Medium CE, EU",c,Global,Aluminium,Aluminium,2024,0.0,%,plotted,"[""Total Annualised Cost|Industry|Non-Ferrous Metals|Aluminum""]",fig08_sector_costs,,,,,,"[""AFE"", ""AFN"", ""AFW"", ""AFZ"", ""ANZ"", ""ASC"", ""ASE"", ""ASO"", ""BRA"", ""CAN"", ""CHL"", ""CHN"", ""ENE"", ""ENW"", ""EUE"", ""EUM"", ""EUW"", ""IDN"", ""IND"", ""JPN"", ""LAM"", ""MDA"", ""MEA"", ""MEX"", ""NIG"", ""RUS"", ""SKT"", ""USA""]",Annualised sector-cost change,,,100.0,98177.01756529351,Millions USD_2010/yr,98177.01756529351,Millions USD_2010/yr,medce_eu,,,,-100.0,ndc_noce,2024.0,,,,,98177.01756529351,98177.01756529351
ndc_medce_eu,NDC,"Medium CE, EU",c,Global,Aluminium,Aluminium,2030,-0.8515855604652147,%,plotted,"[""Total Annualised Cost|Industry|Non-Ferrous Metals|Aluminum""]",fig08_sector_costs,,,,,,"[""AFE"", ""AFN"", ""AFW"", ""AFZ"", ""ANZ"", ""ASC"", ""ASE"", ""ASO"", ""BRA"", ""CAN"", ""CHL"", ""CHN"", ""ENE"", ""ENW"", ""EUE"", ""EUM"", ""EUW"", ""IDN"", ""IND"", ""JPN"", ""LAM"", ""MDA"", ""MEA"", ""MEX"", ""NIG"", ""RUS"", ""SKT"", ""USA""]",Annualised sector-cost change,,,100.0,187440.19988571227,Millions USD_2010/yr,189050.12343896012,Millions USD_2010/yr,medce_eu,,,,-100.0,ndc_noce,2030.0,,,,,187440.19988571227,189050.12343896012
ndc_medce_eu,NDC,"Medium CE, EU",c,Global,Aluminium,Aluminium,2035,-0.9073276588009083,%,plotted,"[""Total Annualised Cost|Industry|Non-Ferrous Metals|Aluminum""]",fig08_sector_costs,,,,,,"[""AFE"", ""AFN"", ""AFW"", ""AFZ"", ""ANZ"", ""ASC"", ""ASE"", ""ASO"", ""BRA"", ""CAN"", ""CHL"", ""CHN"", ""ENE"", ""ENW"", ""EUE"", ""EUM"", ""EUW"", ""IDN"", ""IND"", ""JPN"", ""LAM"", ""MDA"", ""MEA"", ""MEX"", ""NIG"", ""RUS"", ""SKT"", ""USA""]",Annualised sector-cost change,,,100.0,142528.5950990373,Millions USD_2010/yr,143833.6374745029,Millions USD_2010/yr,medce_eu,,,,-100.0,ndc_noce,2035.0,,,,,142528.5950990373,143833.6374745029
ndc_medce_eu,NDC,"Medium CE, EU",c,Global,Aluminium,Aluminium,2040,-1.029901528822535,%,plotted,"[""Total Annualised Cost|Industry|Non-Ferrous Metals|Aluminum""]",fig08_sector_costs,,,,,,"[""AFE"", ""AFN"", ""AFW"", ""AFZ"", ""ANZ"", ""ASC"", ""ASE"", ""ASO"", ""BRA"", ""CAN"", ""CHL"", ""CHN"", ""ENE"", ""ENW"", ""EUE"", ""EUM"", ""EUW"", ""IDN"", ""IND"", ""JPN"", ""LAM"", ""MDA"", ""MEA"", ""MEX"", ""NIG"", ""RUS"", ""SKT"", ""USA""]",Annualised sector-cost change,,,100.0,162433.59075234536,Millions USD_2010/yr,164123.9053628405,Millions USD_2010/yr,medce_eu,,,,-100.0,ndc_noce,2040.0,,,,,162433.59075234536,164123.9053628405
ndc_medce_eu,NDC,"Medium CE, EU",c,Global,Aluminium,Aluminium,2050,-1.61255438356243,%,plotted,"[""Total Annualised Cost|Industry|Non-Ferrous Metals|Aluminum""]",fig08_sector_costs,,,,,,"[""AFE"", ""AFN"", ""AFW"", ""AFZ"", ""ANZ"", ""ASC"", ""ASE"", ""ASO"", ""BRA"", ""CAN"", ""CHL"", ""CHN"", ""ENE"", ""ENW"", ""EUE"", ""EUM"", ""EUW"", ""IDN"", ""IND"", ""JPN"", ""LAM"", ""MDA"", ""MEA"", ""MEX"", ""NIG"", ""RUS"", ""SKT"", ""USA""]",Annualised sector-cost change,,,100.0,149000.5818445797,Millions USD_2010/yr,151442.6773772102,Millions USD_2010/yr,medce_eu,,,,-100.0,ndc_noce,2050.0,,,,,149000.5818445797,151442.6773772102
ndc_highce_eu,NDC,"High CE, EU",c,Global,Aluminium,Aluminium,2019,0.0,%,context,"[""Total Annualised Cost|Industry|Non-Ferrous Metals|Aluminum""]",fig08_sector_costs,,,,,,"[""AFE"", ""AFN"", ""AFW"", ""AFZ"", ""ANZ"", ""ASC"", ""ASE"", ""ASO"", ""BRA"", ""CAN"", ""CHL"", ""CHN"", ""ENE"", ""ENW"", ""EUE"", ""EUM"", ""EUW"", ""IDN"", ""IND"", ""JPN"", ""LAM"", ""MDA"", ""MEA"", ""MEX"", ""NIG"", ""RUS"", ""SKT"", ""USA""]",Annualised sector-cost change,,,100.0,25017.308460003063,Millions USD_2010/yr,25017.308460003063,Millions USD_2010/yr,highce_eu,,,,-100.0,ndc_noce,2019.0,,,,,25017.308460003063,25017.308460003063
ndc_highce_eu,NDC,"High CE, EU",c,Global,Aluminium,Aluminium,2024,0.0,%,plotted,"[""Total Annualised Cost|Industry|Non-Ferrous Metals|Aluminum""]",fig08_sector_costs,,,,,,"[""AFE"", ""AFN"", ""AFW"", ""AFZ"", ""ANZ"", ""ASC"", ""ASE"", ""ASO"", ""BRA"", ""CAN"", ""CHL"", ""CHN"", ""ENE"", ""ENW"", ""EUE"", ""EUM"", ""EUW"", ""IDN"", ""IND"", ""JPN"", ""LAM"", ""MDA"", ""MEA"", ""MEX"", ""NIG"", ""RUS"", ""SKT"", ""USA""]",Annualised sector-cost change,,,100.0,98177.01756529351,Millions USD_2010/yr,98177.01756529351,Millions USD_2010/yr,highce_eu,,,,-100.0,ndc_noce,2024.0,,,,,98177.01756529351,98177.01756529351
ndc_highce_eu,NDC,"High CE, EU",c,Global,Aluminium,Aluminium,2030,-2.31649753622173,%,plotted,"[""Total Annualised Cost|Industry|Non-Ferrous Metals|Aluminum""]",fig08_sector_costs,,,,,,"[""AFE"", ""AFN"", ""AFW"", ""AFZ"", ""ANZ"", ""ASC"", ""ASE"", ""ASO"", ""BRA"", ""CAN"", ""CHL"", ""CHN"", ""ENE"", ""ENW"", ""EUE"", ""EUM"", ""EUW"", ""IDN"", ""IND"", ""JPN"", ""LAM"", ""MDA"", ""MEA"", ""MEX"", ""NIG"", ""RUS"", ""SKT"", ""USA""]",Annualised sector-cost change,,,100.0,184670.78198727246,Millions USD_2010/yr,189050.12343896012,Millions USD_2010/yr,highce_eu,,,,-100.0,ndc_noce,2030.0,,,,,184670.78198727246,189050.12343896012
ndc_highce_eu,NDC,"High CE, EU",c,Global,Aluminium,Aluminium,2035,-2.3898581149127054,%,plotted,"[""Total Annualised Cost|Industry|Non-Ferrous Metals|Aluminum""]",fig08_sector_costs,,,,,,"[""AFE"", ""AFN"", ""AFW"", ""AFZ"", ""ANZ"", ""ASC"", ""ASE"", ""ASO"", ""BRA"", ""CAN"", ""CHL"", ""CHN"", ""ENE"", ""ENW"", ""EUE"", ""EUM"", ""EUW"", ""IDN"", ""IND"", ""JPN"", ""LAM"", ""MDA"", ""MEA"", ""MEX"", ""NIG"", ""RUS"", ""SKT"", ""USA""]",Annualised sector-cost change,,,100.0,140396.21761734437,Millions USD_2010/yr,143833.6374745029,Millions USD_2010/yr,highce_eu,,,,-100.0,ndc_noce,2035.0,,,,,140396.21761734437,143833.6374745029
ndc_highce_eu,NDC,"High CE, EU",c,Global,Aluminium,Aluminium,2040,-2.5974753418274323,%,plotted,"[""Total Annualised Cost|Industry|Non-Ferrous Metals|Aluminum""]",fig08_sector_costs,,,,,,"[""AFE"", ""AFN"", ""AFW"", ""AFZ"", ""ANZ"", ""ASC"", ""ASE"", ""ASO"", ""BRA"", ""CAN"", ""CHL"", ""CHN"", ""ENE"", ""ENW"", ""EUE"", ""EUM"", ""EUW"", ""IDN"", ""IND"", ""JPN"", ""LAM"", ""MDA"", ""MEA"", ""MEX"", ""NIG"", ""RUS"", ""SKT"", ""USA""]",Annualised sector-cost change,,,100.0,159860.82739099654,Millions USD_2010/yr,164123.9053628405,Millions USD_2010/yr,highce_eu,,,,-100.0,ndc_noce,2040.0,,,,,159860.82739099654,164123.9053628405
ndc_highce_eu,NDC,"High CE, EU",c,Global,Aluminium,Aluminium,2050,-3.5159356620513185,%,plotted,"[""Total Annualised Cost|Industry|Non-Ferrous Metals|Aluminum""]",fig08_sector_costs,,,,,,"[""AFE"", ""AFN"", ""AFW"", ""AFZ"", ""ANZ"", ""ASC"", ""ASE"", ""ASO"", ""BRA"", ""CAN"", ""CHL"", ""CHN"", ""ENE"", ""ENW"", ""EUE"", ""EUM"", ""EUW"", ""IDN"", ""IND"", ""JPN"", ""LAM"", ""MDA"", ""MEA"", ""MEX"", ""NIG"", ""RUS"", ""SKT"", ""USA""]",Annualised sector-cost change,,,100.0,146118.05027573954,Millions USD_2010/yr,151442.6773772102,Millions USD_2010/yr,highce_eu,,,,-100.0,ndc_noce,2050.0,,,,,146118.05027573954,151442.6773772102
ndc_medce_gbl,NDC,"Medium CE, EU + partners",c,Global,Aluminium,Aluminium,2019,0.0,%,context,"[""Total Annualised Cost|Industry|Non-Ferrous Metals|Aluminum""]",fig08_sector_costs,,,,,,"[""AFE"", ""AFN"", ""AFW"", ""AFZ"", ""ANZ"", ""ASC"", ""ASE"", ""ASO"", ""BRA"", ""CAN"", ""CHL"", ""CHN"", ""ENE"", ""ENW"", ""EUE"", ""EUM"", ""EUW"", ""IDN"", ""IND"", ""JPN"", ""LAM"", ""MDA"", ""MEA"", ""MEX"", ""NIG"", ""RUS"", ""SKT"", ""USA""]",Annualised sector-cost change,,,100.0,25017.308460003063,Millions USD_2010/yr,25017.308460003063,Millions USD_2010/yr,medce_gbl,,,,-100.0,ndc_noce,2019.0,,,,,25017.308460003063,25017.308460003063
ndc_medce_gbl,NDC,"Medium CE, EU + partners",c,Global,Aluminium,Aluminium,2024,0.0,%,plotted,"[""Total Annualised Cost|Industry|Non-Ferrous Metals|Aluminum""]",fig08_sector_costs,,,,,,"[""AFE"", ""AFN"", ""AFW"", ""AFZ"", ""ANZ"", ""ASC"", ""ASE"", ""ASO"", ""BRA"", ""CAN"", ""CHL"", ""CHN"", ""ENE"", ""ENW"", ""EUE"", ""EUM"", ""EUW"", ""IDN"", ""IND"", ""JPN"", ""LAM"", ""MDA"", ""MEA"", ""MEX"", ""NIG"", ""RUS"", ""SKT"", ""USA""]",Annualised sector-cost change,,,100.0,98177.01756529351,Millions USD_2010/yr,98177.01756529351,Millions USD_2010/yr,medce_gbl,,,,-100.0,ndc_noce,2024.0,,,,,98177.01756529351,98177.01756529351
ndc_medce_gbl,NDC,"Medium CE, EU + partners",c,Global,Aluminium,Aluminium,2030,-10.228641868996048,%,plotted,"[""Total Annualised Cost|Industry|Non-Ferrous Metals|Aluminum""]",fig08_sector_costs,,,,,,"[""AFE"", ""AFN"", ""AFW"", ""AFZ"", ""ANZ"", ""ASC"", ""ASE"", ""ASO"", ""BRA"", ""CAN"", ""CHL"", ""CHN"", ""ENE"", ""ENW"", ""EUE"", ""EUM"", ""EUW"", ""IDN"", ""IND"", ""JPN"", ""LAM"", ""MDA"", ""MEA"", ""MEX"", ""NIG"", ""RUS"", ""SKT"", ""USA""]",Annualised sector-cost change,,,100.0,169712.86335949393,Millions USD_2010/yr,189050.12343896012,Millions USD_2010/yr,medce_gbl,,,,-100.0,ndc_noce,2030.0,,,,,169712.86335949393,189050.12343896012
ndc_medce_gbl,NDC,"Medium CE, EU + partners",c,Global,Aluminium,Aluminium,2035,-13.27314502370815,%,plotted,"[""Total Annualised Cost|Industry|Non-Ferrous Metals|Aluminum""]",fig08_sector_costs,,,,,,"[""AFE"", ""AFN"", ""AFW"", ""AFZ"", ""ANZ"", ""ASC"", ""ASE"", ""ASO"", ""BRA"", ""CAN"", ""CHL"", ""CHN"", ""ENE"", ""ENW"", ""EUE"", ""EUM"", ""EUW"", ""IDN"", ""IND"", ""JPN"", ""LAM"", ""MDA"", ""MEA"", ""MEX"", ""NIG"", ""RUS"", ""SKT"", ""USA""]",Annualised sector-cost change,,,100.0,124742.3901796375,Millions USD_2010/yr,143833.6374745029,Millions USD_2010/yr,medce_gbl,,,,-100.0,ndc_noce,2035.0,,,,,124742.3901796375,143833.6374745029
ndc_medce_gbl,NDC,"Medium CE, EU + partners",c,Global,Aluminium,Aluminium,2040,-17.233947417942556,%,plotted,"[""Total Annualised Cost|Industry|Non-Ferrous Metals|Aluminum""]",fig08_sector_costs,,,,,,"[""AFE"", ""AFN"", ""AFW"", ""AFZ"", ""ANZ"", ""ASC"", ""ASE"", ""ASO"", ""BRA"", ""CAN"", ""CHL"", ""CHN"", ""ENE"", ""ENW"", ""EUE"", ""EUM"", ""EUW"", ""IDN"", ""IND"", ""JPN"", ""LAM"", ""MDA"", ""MEA"", ""MEX"", ""NIG"", ""RUS"", ""SKT"", ""USA""]",Annualised sector-cost change,,,100.0,135838.87781233477,Millions USD_2010/yr,164123.9053628405,Millions USD_2010/yr,medce_gbl,,,,-100.0,ndc_noce,2040.0,,,,,135838.87781233477,164123.9053628405
ndc_medce_gbl,NDC,"Medium CE, EU + partners",c,Global,Aluminium,Aluminium,2050,-23.111673676426317,%,plotted,"[""Total Annualised Cost|Industry|Non-Ferrous Metals|Aluminum""]",fig08_sector_costs,,,,,,"[""AFE"", ""AFN"", ""AFW"", ""AFZ"", ""ANZ"", ""ASC"", ""ASE"", ""ASO"", ""BRA"", ""CAN"", ""CHL"", ""CHN"", ""ENE"", ""ENW"", ""EUE"", ""EUM"", ""EUW"", ""IDN"", ""IND"", ""JPN"", ""LAM"", ""MDA"", ""MEA"", ""MEX"", ""NIG"", ""RUS"", ""SKT"", ""USA""]",Annualised sector-cost change,,,100.0,116441.73997494628,Millions USD_2010/yr,151442.6773772102,Millions USD_2010/yr,medce_gbl,,,,-100.0,ndc_noce,2050.0,,,,,116441.73997494628,151442.6773772102
ndc_highce_gbl,NDC,"High CE, EU + partners",c,Global,Aluminium,Aluminium,2019,0.0,%,context,"[""Total Annualised Cost|Industry|Non-Ferrous Metals|Aluminum""]",fig08_sector_costs,,,,,,"[""AFE"", ""AFN"", ""AFW"", ""AFZ"", ""ANZ"", ""ASC"", ""ASE"", ""ASO"", ""BRA"", ""CAN"", ""CHL"", ""CHN"", ""ENE"", ""ENW"", ""EUE"", ""EUM"", ""EUW"", ""IDN"", ""IND"", ""JPN"", ""LAM"", ""MDA"", ""MEA"", ""MEX"", ""NIG"", ""RUS"", ""SKT"", ""USA""]",Annualised sector-cost change,,,100.0,25017.308460003063,Millions USD_2010/yr,25017.308460003063,Millions USD_2010/yr,highce_gbl,,,,-100.0,ndc_noce,2019.0,,,,,25017.308460003063,25017.308460003063
ndc_highce_gbl,NDC,"High CE, EU + partners",c,Global,Aluminium,Aluminium,2024,0.0,%,plotted,"[""Total Annualised Cost|Industry|Non-Ferrous Metals|Aluminum""]",fig08_sector_costs,,,,,,"[""AFE"", ""AFN"", ""AFW"", ""AFZ"", ""ANZ"", ""ASC"", ""ASE"", ""ASO"", ""BRA"", ""CAN"", ""CHL"", ""CHN"", ""ENE"", ""ENW"", ""EUE"", ""EUM"", ""EUW"", ""IDN"", ""IND"", ""JPN"", ""LAM"", ""MDA"", ""MEA"", ""MEX"", ""NIG"", ""RUS"", ""SKT"", ""USA""]",Annualised sector-cost change,,,100.0,98177.01756529351,Millions USD_2010/yr,98177.01756529351,Millions USD_2010/yr,highce_gbl,,,,-100.0,ndc_noce,2024.0,,,,,98177.01756529351,98177.01756529351
ndc_highce_gbl,NDC,"High CE, EU + partners",c,Global,Aluminium,Aluminium,2030,-20.788291389728652,%,plotted,"[""Total Annualised Cost|Industry|Non-Ferrous Metals|Aluminum""]",fig08_sector_costs,,,,,,"[""AFE"", ""AFN"", ""AFW"", ""AFZ"", ""ANZ"", ""ASC"", ""ASE"", ""ASO"", ""BRA"", ""CAN"", ""CHL"", ""CHN"", ""ENE"", ""ENW"", ""EUE"", ""EUM"", ""EUW"", ""IDN"", ""IND"", ""JPN"", ""LAM"", ""MDA"", ""MEA"", ""MEX"", ""NIG"", ""RUS"", ""SKT"", ""USA""]",Annualised sector-cost change,,,100.0,149749.83290582738,Millions USD_2010/yr,189050.12343896012,Millions USD_2010/yr,highce_gbl,,,,-100.0,ndc_noce,2030.0,,,,,149749.83290582738,189050.12343896012
ndc_highce_gbl,NDC,"High CE, EU + partners",c,Global,Aluminium,Aluminium,2035,-24.30082699202002,%,plotted,"[""Total Annualised Cost|Industry|Non-Ferrous Metals|Aluminum""]",fig08_sector_costs,,,,,,"[""AFE"", ""AFN"", ""AFW"", ""AFZ"", ""ANZ"", ""ASC"", ""ASE"", ""ASO"", ""BRA"", ""CAN"", ""CHL"", ""CHN"", ""ENE"", ""ENW"", ""EUE"", ""EUM"", ""EUW"", ""IDN"", ""IND"", ""JPN"", ""LAM"", ""MDA"", ""MEA"", ""MEX"", ""NIG"", ""RUS"", ""SKT"", ""USA""]",Annualised sector-cost change,,,100.0,108880.87407549468,Millions USD_2010/yr,143833.6374745029,Millions USD_2010/yr,highce_gbl,,,,-100.0,ndc_noce,2035.0,,,,,108880.87407549468,143833.6374745029
ndc_highce_gbl,NDC,"High CE, EU + partners",c,Global,Aluminium,Aluminium,2040,-32.77362506105405,%,plotted,"[""Total Annualised Cost|Industry|Non-Ferrous Metals|Aluminum""]",fig08_sector_costs,,,,,,"[""AFE"", ""AFN"", ""AFW"", ""AFZ"", ""ANZ"", ""ASC"", ""ASE"", ""ASO"", ""BRA"", ""CAN"", ""CHL"", ""CHN"", ""ENE"", ""ENW"", ""EUE"", ""EUM"", ""EUW"", ""IDN"", ""IND"", ""JPN"", ""LAM"", ""MDA"", ""MEA"", ""MEX"", ""NIG"", ""RUS"", ""SKT"", ""USA""]",Annualised sector-cost change,,,100.0,110334.55198366399,Millions USD_2010/yr,164123.9053628405,Millions USD_2010/yr,highce_gbl,,,,-100.0,ndc_noce,2040.0,,,,,110334.55198366399,164123.9053628405
ndc_highce_gbl,NDC,"High CE, EU + partners",c,Global,Aluminium,Aluminium,2050,-42.20274024055475,%,plotted,"[""Total Annualised Cost|Industry|Non-Ferrous Metals|Aluminum""]",fig08_sector_costs,,,,,,"[""AFE"", ""AFN"", ""AFW"", ""AFZ"", ""ANZ"", ""ASC"", ""ASE"", ""ASO"", ""BRA"", ""CAN"", ""CHL"", ""CHN"", ""ENE"", ""ENW"", ""EUE"", ""EUM"", ""EUW"", ""IDN"", ""IND"", ""JPN"", ""LAM"", ""MDA"", ""MEA"", ""MEX"", ""NIG"", ""RUS"", ""SKT"", ""USA""]",Annualised sector-cost change,,,100.0,87529.7176303648,Millions USD_2010/yr,151442.6773772102,Millions USD_2010/yr,highce_gbl,,,,-100.0,ndc_noce,2050.0,,,,,87529.7176303648,151442.6773772102
baseline_noce,NDC+LTT,No CE,d,Global,Cement,Cement,2019,0.0,%,context,"[""Total Annualised Cost|Industry|Non-Metallic Minerals|Cement""]",fig08_sector_costs,,,,,,"[""AFE"", ""AFN"", ""AFW"", ""AFZ"", ""ANZ"", ""ASC"", ""ASE"", ""ASO"", ""BRA"", ""CAN"", ""CHL"", ""CHN"", ""ENE"", ""ENW"", ""EUE"", ""EUM"", ""EUW"", ""IDN"", ""IND"", ""JPN"", ""LAM"", ""MDA"", ""MEA"", ""MEX"", ""NIG"", ""RUS"", ""SKT"", ""USA""]",Annualised sector-cost change,,,100.0,104605.06988172908,Millions USD_2010/yr,104605.06988172908,Millions USD_2010/yr,noce,,,,-100.0,baseline_noce,2019.0,,,,,104605.06988172908,104605.06988172908
baseline_noce,NDC+LTT,No CE,d,Global,Cement,Cement,2024,0.0,%,plotted,"[""Total Annualised Cost|Industry|Non-Metallic Minerals|Cement""]",fig08_sector_costs,,,,,,"[""AFE"", ""AFN"", ""AFW"", ""AFZ"", ""ANZ"", ""ASC"", ""ASE"", ""ASO"", ""BRA"", ""CAN"", ""CHL"", ""CHN"", ""ENE"", ""ENW"", ""EUE"", ""EUM"", ""EUW"", ""IDN"", ""IND"", ""JPN"", ""LAM"", ""MDA"", ""MEA"", ""MEX"", ""NIG"", ""RUS"", ""SKT"", ""USA""]",Annualised sector-cost change,,,100.0,178886.34915972987,Millions USD_2010/yr,178886.34915972987,Millions USD_2010/yr,noce,,,,-100.0,baseline_noce,2024.0,,,,,178886.34915972987,178886.34915972987
baseline_noce,NDC+LTT,No CE,d,Global,Cement,Cement,2030,0.0,%,plotted,"[""Total Annualised Cost|Industry|Non-Metallic Minerals|Cement""]",fig08_sector_costs,,,,,,"[""AFE"", ""AFN"", ""AFW"", ""AFZ"", ""ANZ"", ""ASC"", ""ASE"", ""ASO"", ""BRA"", ""CAN"", ""CHL"", ""CHN"", ""ENE"", ""ENW"", ""EUE"", ""EUM"", ""EUW"", ""IDN"", ""IND"", ""JPN"", ""LAM"", ""MDA"", ""MEA"", ""MEX"", ""NIG"", ""RUS"", ""SKT"", ""USA""]",Annualised sector-cost change,,,100.0,331093.89253432816,Millions USD_2010/yr,331093.89253432816,Millions USD_2010/yr,noce,,,,-100.0,baseline_noce,2030.0,,,,,331093.89253432816,331093.89253432816
baseline_noce,NDC+LTT,No CE,d,Global,Cement,Cement,2035,0.0,%,plotted,"[""Total Annualised Cost|Industry|Non-Metallic Minerals|Cement""]",fig08_sector_costs,,,,,,"[""AFE"", ""AFN"", ""AFW"", ""AFZ"", ""ANZ"", ""ASC"", ""ASE"", ""ASO"", ""BRA"", ""CAN"", ""CHL"", ""CHN"", ""ENE"", ""ENW"", ""EUE"", ""EUM"", ""EUW"", ""IDN"", ""IND"", ""JPN"", ""LAM"", ""MDA"", ""MEA"", ""MEX"", ""NIG"", ""RUS"", ""SKT"", ""USA""]",Annualised sector-cost change,,,100.0,422932.6031034711,Millions USD_2010/yr,422932.6031034711,Millions USD_2010/yr,noce,,,,-100.0,baseline_noce,2035.0,,,,,422932.6031034711,422932.6031034711
baseline_noce,NDC+LTT,No CE,d,Global,Cement,Cement,2040,0.0,%,plotted,"[""Total Annualised Cost|Industry|Non-Metallic Minerals|Cement""]",fig08_sector_costs,,,,,,"[""AFE"", ""AFN"", ""AFW"", ""AFZ"", ""ANZ"", ""ASC"", ""ASE"", ""ASO"", ""BRA"", ""CAN"", ""CHL"", ""CHN"", ""ENE"", ""ENW"", ""EUE"", ""EUM"", ""EUW"", ""IDN"", ""IND"", ""JPN"", ""LAM"", ""MDA"", ""MEA"", ""MEX"", ""NIG"", ""RUS"", ""SKT"", ""USA""]",Annualised sector-cost change,,,100.0,584114.6752148796,Millions USD_2010/yr,584114.6752148796,Millions USD_2010/yr,noce,,,,-100.0,baseline_noce,2040.0,,,,,584114.6752148796,584114.6752148796
baseline_noce,NDC+LTT,No CE,d,Global,Cement,Cement,2050,0.0,%,plotted,"[""Total Annualised Cost|Industry|Non-Metallic Minerals|Cement""]",fig08_sector_costs,,,,,,"[""AFE"", ""AFN"", ""AFW"", ""AFZ"", ""ANZ"", ""ASC"", ""ASE"", ""ASO"", ""BRA"", ""CAN"", ""CHL"", ""CHN"", ""ENE"", ""ENW"", ""EUE"", ""EUM"", ""EUW"", ""IDN"", ""IND"", ""JPN"", ""LAM"", ""MDA"", ""MEA"", ""MEX"", ""NIG"", ""RUS"", ""SKT"", ""USA""]",Annualised sector-cost change,,,100.0,777142.3333003592,Millions USD_2010/yr,777142.3333003592,Millions USD_2010/yr,noce,,,,-100.0,baseline_noce,2050.0,,,,,777142.3333003592,777142.3333003592
baseline_medce_eu,NDC+LTT,"Medium CE, EU",d,Global,Cement,Cement,2019,0.0,%,context,"[""Total Annualised Cost|Industry|Non-Metallic Minerals|Cement""]",fig08_sector_costs,,,,,,"[""AFE"", ""AFN"", ""AFW"", ""AFZ"", ""ANZ"", ""ASC"", ""ASE"", ""ASO"", ""BRA"", ""CAN"", ""CHL"", ""CHN"", ""ENE"", ""ENW"", ""EUE"", ""EUM"", ""EUW"", ""IDN"", ""IND"", ""JPN"", ""LAM"", ""MDA"", ""MEA"", ""MEX"", ""NIG"", ""RUS"", ""SKT"", ""USA""]",Annualised sector-cost change,,,100.0,104605.06988172908,Millions USD_2010/yr,104605.06988172908,Millions USD_2010/yr,medce_eu,,,,-100.0,baseline_noce,2019.0,,,,,104605.06988172908,104605.06988172908
baseline_medce_eu,NDC+LTT,"Medium CE, EU",d,Global,Cement,Cement,2024,0.0,%,plotted,"[""Total Annualised Cost|Industry|Non-Metallic Minerals|Cement""]",fig08_sector_costs,,,,,,"[""AFE"", ""AFN"", ""AFW"", ""AFZ"", ""ANZ"", ""ASC"", ""ASE"", ""ASO"", ""BRA"", ""CAN"", ""CHL"", ""CHN"", ""ENE"", ""ENW"", ""EUE"", ""EUM"", ""EUW"", ""IDN"", ""IND"", ""JPN"", ""LAM"", ""MDA"", ""MEA"", ""MEX"", ""NIG"", ""RUS"", ""SKT"", ""USA""]",Annualised sector-cost change,,,100.0,178886.34915972987,Millions USD_2010/yr,178886.34915972987,Millions USD_2010/yr,medce_eu,,,,-100.0,baseline_noce,2024.0,,,,,178886.34915972987,178886.34915972987
baseline_medce_eu,NDC+LTT,"Medium CE, EU",d,Global,Cement,Cement,2030,-0.16180288565682352,%,plotted,"[""Total Annualised Cost|Industry|Non-Metallic Minerals|Cement""]",fig08_sector_costs,,,,,,"[""AFE"", ""AFN"", ""AFW"", ""AFZ"", ""ANZ"", ""ASC"", ""ASE"", ""ASO"", ""BRA"", ""CAN"", ""CHL"", ""CHN"", ""ENE"", ""ENW"", ""EUE"", ""EUM"", ""EUW"", ""IDN"", ""IND"", ""JPN"", ""LAM"", ""MDA"", ""MEA"", ""MEX"", ""NIG"", ""RUS"", ""SKT"", ""USA""]",Annualised sector-cost change,,,100.0,330558.1730619741,Millions USD_2010/yr,331093.89253432816,Millions USD_2010/yr,medce_eu,,,,-100.0,baseline_noce,2030.0,,,,,330558.1730619741,331093.89253432816
baseline_medce_eu,NDC+LTT,"Medium CE, EU",d,Global,Cement,Cement,2035,-0.7437283919205271,%,plotted,"[""Total Annualised Cost|Industry|Non-Metallic Minerals|Cement""]",fig08_sector_costs,,,,,,"[""AFE"", ""AFN"", ""AFW"", ""AFZ"", ""ANZ"", ""ASC"", ""ASE"", ""ASO"", ""BRA"", ""CAN"", ""CHL"", ""CHN"", ""ENE"", ""ENW"", ""EUE"", ""EUM"", ""EUW"", ""IDN"", ""IND"", ""JPN"", ""LAM"", ""MDA"", ""MEA"", ""MEX"", ""NIG"", ""RUS"", ""SKT"", ""USA""]",Annualised sector-cost change,,,100.0,419787.13325550203,Millions USD_2010/yr,422932.6031034711,Millions USD_2010/yr,medce_eu,,,,-100.0,baseline_noce,2035.0,,,,,419787.13325550203,422932.6031034711
baseline_medce_eu,NDC+LTT,"Medium CE, EU",d,Global,Cement,Cement,2040,-0.9543898773225272,%,plotted,"[""Total Annualised Cost|Industry|Non-Metallic Minerals|Cement""]",fig08_sector_costs,,,,,,"[""AFE"", ""AFN"", ""AFW"", ""AFZ"", ""ANZ"", ""ASC"", ""ASE"", ""ASO"", ""BRA"", ""CAN"", ""CHL"", ""CHN"", ""ENE"", ""ENW"", ""EUE"", ""EUM"", ""EUW"", ""IDN"", ""IND"", ""JPN"", ""LAM"", ""MDA"", ""MEA"", ""MEX"", ""NIG"", ""RUS"", ""SKT"", ""USA""]",Annualised sector-cost change,,,100.0,578539.9438826734,Millions USD_2010/yr,584114.6752148796,Millions USD_2010/yr,medce_eu,,,,-100.0,baseline_noce,2040.0,,,,,578539.9438826734,584114.6752148796
baseline_medce_eu,NDC+LTT,"Medium CE, EU",d,Global,Cement,Cement,2050,-1.1275776287249617,%,plotted,"[""Total Annualised Cost|Industry|Non-Metallic Minerals|Cement""]",fig08_sector_costs,,,,,,"[""AFE"", ""AFN"", ""AFW"", ""AFZ"", ""ANZ"", ""ASC"", ""ASE"", ""ASO"", ""BRA"", ""CAN"", ""CHL"", ""CHN"", ""ENE"", ""ENW"", ""EUE"", ""EUM"", ""EUW"", ""IDN"", ""IND"", ""JPN"", ""LAM"", ""MDA"", ""MEA"", ""MEX"", ""NIG"", ""RUS"", ""SKT"", ""USA""]",Annualised sector-cost change,,,100.0,768379.4502067132,Millions USD_2010/yr,777142.3333003592,Millions USD_2010/yr,medce_eu,,,,-100.0,baseline_noce,2050.0,,,,,768379.4502067132,777142.3333003592
baseline_highce_eu,NDC+LTT,"High CE, EU",d,Global,Cement,Cement,2019,0.0,%,context,"[""Total Annualised Cost|Industry|Non-Metallic Minerals|Cement""]",fig08_sector_costs,,,,,,"[""AFE"", ""AFN"", ""AFW"", ""AFZ"", ""ANZ"", ""ASC"", ""ASE"", ""ASO"", ""BRA"", ""CAN"", ""CHL"", ""CHN"", ""ENE"", ""ENW"", ""EUE"", ""EUM"", ""EUW"", ""IDN"", ""IND"", ""JPN"", ""LAM"", ""MDA"", ""MEA"", ""MEX"", ""NIG"", ""RUS"", ""SKT"", ""USA""]",Annualised sector-cost change,,,100.0,104605.06988172908,Millions USD_2010/yr,104605.06988172908,Millions USD_2010/yr,highce_eu,,,,-100.0,baseline_noce,2019.0,,,,,104605.06988172908,104605.06988172908
baseline_highce_eu,NDC+LTT,"High CE, EU",d,Global,Cement,Cement,2024,0.0,%,plotted,"[""Total Annualised Cost|Industry|Non-Metallic Minerals|Cement""]",fig08_sector_costs,,,,,,"[""AFE"", ""AFN"", ""AFW"", ""AFZ"", ""ANZ"", ""ASC"", ""ASE"", ""ASO"", ""BRA"", ""CAN"", ""CHL"", ""CHN"", ""ENE"", ""ENW"", ""EUE"", ""EUM"", ""EUW"", ""IDN"", ""IND"", ""JPN"", ""LAM"", ""MDA"", ""MEA"", ""MEX"", ""NIG"", ""RUS"", ""SKT"", ""USA""]",Annualised sector-cost change,,,100.0,178886.34915972987,Millions USD_2010/yr,178886.34915972987,Millions USD_2010/yr,highce_eu,,,,-100.0,baseline_noce,2024.0,,,,,178886.34915972987,178886.34915972987
baseline_highce_eu,NDC+LTT,"High CE, EU",d,Global,Cement,Cement,2030,-0.6395552659114752,%,plotted,"[""Total Annualised Cost|Industry|Non-Metallic Minerals|Cement""]",fig08_sector_costs,,,,,,"[""AFE"", ""AFN"", ""AFW"", ""AFZ"", ""ANZ"", ""ASC"", ""ASE"", ""ASO"", ""BRA"", ""CAN"", ""CHL"", ""CHN"", ""ENE"", ""ENW"", ""EUE"", ""EUM"", ""EUW"", ""IDN"", ""IND"", ""JPN"", ""LAM"", ""MDA"", ""MEA"", ""MEX"", ""NIG"", ""RUS"", ""SKT"", ""USA""]",Annualised sector-cost change,,,100.0,328976.3641095136,Millions USD_2010/yr,331093.89253432816,Millions USD_2010/yr,highce_eu,,,,-100.0,baseline_noce,2030.0,,,,,328976.3641095136,331093.89253432816
baseline_highce_eu,NDC+LTT,"High CE, EU",d,Global,Cement,Cement,2035,-1.257884975856474,%,plotted,"[""Total Annualised Cost|Industry|Non-Metallic Minerals|Cement""]",fig08_sector_costs,,,,,,"[""AFE"", ""AFN"", ""AFW"", ""AFZ"", ""ANZ"", ""ASC"", ""ASE"", ""ASO"", ""BRA"", ""CAN"", ""CHL"", ""CHN"", ""ENE"", ""ENW"", ""EUE"", ""EUM"", ""EUW"", ""IDN"", ""IND"", ""JPN"", ""LAM"", ""MDA"", ""MEA"", ""MEX"", ""NIG"", ""RUS"", ""SKT"", ""USA""]",Annualised sector-cost change,,,100.0,417612.59743103385,Millions USD_2010/yr,422932.6031034711,Millions USD_2010/yr,highce_eu,,,,-100.0,baseline_noce,2035.0,,,,,417612.59743103385,422932.6031034711
baseline_highce_eu,NDC+LTT,"High CE, EU",d,Global,Cement,Cement,2040,-1.4936578717000475,%,plotted,"[""Total Annualised Cost|Industry|Non-Metallic Minerals|Cement""]",fig08_sector_costs,,,,,,"[""AFE"", ""AFN"", ""AFW"", ""AFZ"", ""ANZ"", ""ASC"", ""ASE"", ""ASO"", ""BRA"", ""CAN"", ""CHL"", ""CHN"", ""ENE"", ""ENW"", ""EUE"", ""EUM"", ""EUW"", ""IDN"", ""IND"", ""JPN"", ""LAM"", ""MDA"", ""MEA"", ""MEX"", ""NIG"", ""RUS"", ""SKT"", ""USA""]",Annualised sector-cost change,,,100.0,575390.0003887773,Millions USD_2010/yr,584114.6752148796,Millions USD_2010/yr,highce_eu,,,,-100.0,baseline_noce,2040.0,,,,,575390.0003887773,584114.6752148796
baseline_highce_eu,NDC+LTT,"High CE, EU",d,Global,Cement,Cement,2050,-1.5942051133129576,%,plotted,"[""Total Annualised Cost|Industry|Non-Metallic Minerals|Cement""]",fig08_sector_costs,,,,,,"[""AFE"", ""AFN"", ""AFW"", ""AFZ"", ""ANZ"", ""ASC"", ""ASE"", ""ASO"", ""BRA"", ""CAN"", ""CHL"", ""CHN"", ""ENE"", ""ENW"", ""EUE"", ""EUM"", ""EUW"", ""IDN"", ""IND"", ""JPN"", ""LAM"", ""MDA"", ""MEA"", ""MEX"", ""NIG"", ""RUS"", ""SKT"", ""USA""]",Annualised sector-cost change,,,100.0,764753.0904851652,Millions USD_2010/yr,777142.3333003592,Millions USD_2010/yr,highce_eu,,,,-100.0,baseline_noce,2050.0,,,,,764753.0904851652,777142.3333003592
baseline_medce_gbl,NDC+LTT,"Medium CE, EU + partners",d,Global,Cement,Cement,2019,0.0,%,context,"[""Total Annualised Cost|Industry|Non-Metallic Minerals|Cement""]",fig08_sector_costs,,,,,,"[""AFE"", ""AFN"", ""AFW"", ""AFZ"", ""ANZ"", ""ASC"", ""ASE"", ""ASO"", ""BRA"", ""CAN"", ""CHL"", ""CHN"", ""ENE"", ""ENW"", ""EUE"", ""EUM"", ""EUW"", ""IDN"", ""IND"", ""JPN"", ""LAM"", ""MDA"", ""MEA"", ""MEX"", ""NIG"", ""RUS"", ""SKT"", ""USA""]",Annualised sector-cost change,,,100.0,104605.06988172908,Millions USD_2010/yr,104605.06988172908,Millions USD_2010/yr,medce_gbl,,,,-100.0,baseline_noce,2019.0,,,,,104605.06988172908,104605.06988172908
baseline_medce_gbl,NDC+LTT,"Medium CE, EU + partners",d,Global,Cement,Cement,2024,0.0,%,plotted,"[""Total Annualised Cost|Industry|Non-Metallic Minerals|Cement""]",fig08_sector_costs,,,,,,"[""AFE"", ""AFN"", ""AFW"", ""AFZ"", ""ANZ"", ""ASC"", ""ASE"", ""ASO"", ""BRA"", ""CAN"", ""CHL"", ""CHN"", ""ENE"", ""ENW"", ""EUE"", ""EUM"", ""EUW"", ""IDN"", ""IND"", ""JPN"", ""LAM"", ""MDA"", ""MEA"", ""MEX"", ""NIG"", ""RUS"", ""SKT"", ""USA""]",Annualised sector-cost change,,,100.0,178886.34915972987,Millions USD_2010/yr,178886.34915972987,Millions USD_2010/yr,medce_gbl,,,,-100.0,baseline_noce,2024.0,,,,,178886.34915972987,178886.34915972987
baseline_medce_gbl,NDC+LTT,"Medium CE, EU + partners",d,Global,Cement,Cement,2030,-9.676903213578726,%,plotted,"[""Total Annualised Cost|Industry|Non-Metallic Minerals|Cement""]",fig08_sector_costs,,,,,,"[""AFE"", ""AFN"", ""AFW"", ""AFZ"", ""ANZ"", ""ASC"", ""ASE"", ""ASO"", ""BRA"", ""CAN"", ""CHL"", ""CHN"", ""ENE"", ""ENW"", ""EUE"", ""EUM"", ""EUW"", ""IDN"", ""IND"", ""JPN"", ""LAM"", ""MDA"", ""MEA"", ""MEX"", ""NIG"", ""RUS"", ""SKT"", ""USA""]",Annualised sector-cost change,,,100.0,299054.25700771087,Millions USD_2010/yr,331093.89253432816,Millions USD_2010/yr,medce_gbl,,,,-100.0,baseline_noce,2030.0,,,,,299054.25700771087,331093.89253432816
baseline_medce_gbl,NDC+LTT,"Medium CE, EU + partners",d,Global,Cement,Cement,2035,-13.778165624247146,%,plotted,"[""Total Annualised Cost|Industry|Non-Metallic Minerals|Cement""]",fig08_sector_costs,,,,,,"[""AFE"", ""AFN"", ""AFW"", ""AFZ"", ""ANZ"", ""ASC"", ""ASE"", ""ASO"", ""BRA"", ""CAN"", ""CHL"", ""CHN"", ""ENE"", ""ENW"", ""EUE"", ""EUM"", ""EUW"", ""IDN"", ""IND"", ""JPN"", ""LAM"", ""MDA"", ""MEA"", ""MEX"", ""NIG"", ""RUS"", ""SKT"", ""USA""]",Annualised sector-cost change,,,100.0,364660.248568935,Millions USD_2010/yr,422932.6031034711,Millions USD_2010/yr,medce_gbl,,,,-100.0,baseline_noce,2035.0,,,,,364660.248568935,422932.6031034711
baseline_medce_gbl,NDC+LTT,"Medium CE, EU + partners",d,Global,Cement,Cement,2040,-16.74936565851456,%,plotted,"[""Total Annualised Cost|Industry|Non-Metallic Minerals|Cement""]",fig08_sector_costs,,,,,,"[""AFE"", ""AFN"", ""AFW"", ""AFZ"", ""ANZ"", ""ASC"", ""ASE"", ""ASO"", ""BRA"", ""CAN"", ""CHL"", ""CHN"", ""ENE"", ""ENW"", ""EUE"", ""EUM"", ""EUW"", ""IDN"", ""IND"", ""JPN"", ""LAM"", ""MDA"", ""MEA"", ""MEX"", ""NIG"", ""RUS"", ""SKT"", ""USA""]",Annualised sector-cost change,,,100.0,486279.17239809467,Millions USD_2010/yr,584114.6752148796,Millions USD_2010/yr,medce_gbl,,,,-100.0,baseline_noce,2040.0,,,,,486279.17239809467,584114.6752148796
baseline_medce_gbl,NDC+LTT,"Medium CE, EU + partners",d,Global,Cement,Cement,2050,-17.512234081774615,%,plotted,"[""Total Annualised Cost|Industry|Non-Metallic Minerals|Cement""]",fig08_sector_costs,,,,,,"[""AFE"", ""AFN"", ""AFW"", ""AFZ"", ""ANZ"", ""ASC"", ""ASE"", ""ASO"", ""BRA"", ""CAN"", ""CHL"", ""CHN"", ""ENE"", ""ENW"", ""EUE"", ""EUM"", ""EUW"", ""IDN"", ""IND"", ""JPN"", ""LAM"", ""MDA"", ""MEA"", ""MEX"", ""NIG"", ""RUS"", ""SKT"", ""USA""]",Annualised sector-cost change,,,100.0,641047.3487442352,Millions USD_2010/yr,777142.3333003592,Millions USD_2010/yr,medce_gbl,,,,-100.0,baseline_noce,2050.0,,,,,641047.3487442352,777142.3333003592
baseline_highce_gbl,NDC+LTT,"High CE, EU + partners",d,Global,Cement,Cement,2019,0.0,%,context,"[""Total Annualised Cost|Industry|Non-Metallic Minerals|Cement""]",fig08_sector_costs,,,,,,"[""AFE"", ""AFN"", ""AFW"", ""AFZ"", ""ANZ"", ""ASC"", ""ASE"", ""ASO"", ""BRA"", ""CAN"", ""CHL"", ""CHN"", ""ENE"", ""ENW"", ""EUE"", ""EUM"", ""EUW"", ""IDN"", ""IND"", ""JPN"", ""LAM"", ""MDA"", ""MEA"", ""MEX"", ""NIG"", ""RUS"", ""SKT"", ""USA""]",Annualised sector-cost change,,,100.0,104605.06988172908,Millions USD_2010/yr,104605.06988172908,Millions USD_2010/yr,highce_gbl,,,,-100.0,baseline_noce,2019.0,,,,,104605.06988172908,104605.06988172908
baseline_highce_gbl,NDC+LTT,"High CE, EU + partners",d,Global,Cement,Cement,2024,0.0,%,plotted,"[""Total Annualised Cost|Industry|Non-Metallic Minerals|Cement""]",fig08_sector_costs,,,,,,"[""AFE"", ""AFN"", ""AFW"", ""AFZ"", ""ANZ"", ""ASC"", ""ASE"", ""ASO"", ""BRA"", ""CAN"", ""CHL"", ""CHN"", ""ENE"", ""ENW"", ""EUE"", ""EUM"", ""EUW"", ""IDN"", ""IND"", ""JPN"", ""LAM"", ""MDA"", ""MEA"", ""MEX"", ""NIG"", ""RUS"", ""SKT"", ""USA""]",Annualised sector-cost change,,,100.0,178886.34915972987,Millions USD_2010/yr,178886.34915972987,Millions USD_2010/yr,highce_gbl,,,,-100.0,baseline_noce,2024.0,,,,,178886.34915972987,178886.34915972987
baseline_highce_gbl,NDC+LTT,"High CE, EU + partners",d,Global,Cement,Cement,2030,-16.735787931411554,%,plotted,"[""Total Annualised Cost|Industry|Non-Metallic Minerals|Cement""]",fig08_sector_costs,,,,,,"[""AFE"", ""AFN"", ""AFW"", ""AFZ"", ""ANZ"", ""ASC"", ""ASE"", ""ASO"", ""BRA"", ""CAN"", ""CHL"", ""CHN"", ""ENE"", ""ENW"", ""EUE"", ""EUM"", ""EUW"", ""IDN"", ""IND"", ""JPN"", ""LAM"", ""MDA"", ""MEA"", ""MEX"", ""NIG"", ""RUS"", ""SKT"", ""USA""]",Annualised sector-cost change,,,100.0,275682.72082592733,Millions USD_2010/yr,331093.89253432816,Millions USD_2010/yr,highce_gbl,,,,-100.0,baseline_noce,2030.0,,,,,275682.72082592733,331093.89253432816
baseline_highce_gbl,NDC+LTT,"High CE, EU + partners",d,Global,Cement,Cement,2035,-20.106367528894182,%,plotted,"[""Total Annualised Cost|Industry|Non-Metallic Minerals|Cement""]",fig08_sector_costs,,,,,,"[""AFE"", ""AFN"", ""AFW"", ""AFZ"", ""ANZ"", ""ASC"", ""ASE"", ""ASO"", ""BRA"", ""CAN"", ""CHL"", ""CHN"", ""ENE"", ""ENW"", ""EUE"", ""EUM"", ""EUW"", ""IDN"", ""IND"", ""JPN"", ""LAM"", ""MDA"", ""MEA"", ""MEX"", ""NIG"", ""RUS"", ""SKT"", ""USA""]",Annualised sector-cost change,,,100.0,337896.2195239679,Millions USD_2010/yr,422932.6031034711,Millions USD_2010/yr,highce_gbl,,,,-100.0,baseline_noce,2035.0,,,,,337896.2195239679,422932.6031034711
baseline_highce_gbl,NDC+LTT,"High CE, EU + partners",d,Global,Cement,Cement,2040,-24.82455870387175,%,plotted,"[""Total Annualised Cost|Industry|Non-Metallic Minerals|Cement""]",fig08_sector_costs,,,,,,"[""AFE"", ""AFN"", ""AFW"", ""AFZ"", ""ANZ"", ""ASC"", ""ASE"", ""ASO"", ""BRA"", ""CAN"", ""CHL"", ""CHN"", ""ENE"", ""ENW"", ""EUE"", ""EUM"", ""EUW"", ""IDN"", ""IND"", ""JPN"", ""LAM"", ""MDA"", ""MEA"", ""MEX"", ""NIG"", ""RUS"", ""SKT"", ""USA""]",Annualised sector-cost change,,,100.0,439110.78476823197,Millions USD_2010/yr,584114.6752148796,Millions USD_2010/yr,highce_gbl,,,,-100.0,baseline_noce,2040.0,,,,,439110.78476823197,584114.6752148796
baseline_highce_gbl,NDC+LTT,"High CE, EU + partners",d,Global,Cement,Cement,2050,-24.219953304940226,%,plotted,"[""Total Annualised Cost|Industry|Non-Metallic Minerals|Cement""]",fig08_sector_costs,,,,,,"[""AFE"", ""AFN"", ""AFW"", ""AFZ"", ""ANZ"", ""ASC"", ""ASE"", ""ASO"", ""BRA"", ""CAN"", ""CHL"", ""CHN"", ""ENE"", ""ENW"", ""EUE"", ""EUM"", ""EUW"", ""IDN"", ""IND"", ""JPN"", ""LAM"", ""MDA"", ""MEA"", ""MEX"", ""NIG"", ""RUS"", ""SKT"", ""USA""]",Annualised sector-cost change,,,100.0,588918.8230620893,Millions USD_2010/yr,777142.3333003592,Millions USD_2010/yr,highce_gbl,,,,-100.0,baseline_noce,2050.0,,,,,588918.8230620893,777142.3333003592
baseline_noce,NDC+LTT,No CE,e,Global,Iron and steel,Iron and steel,2019,0.0,%,context,"[""Total Annualised Cost|Industry|Iron and Steel""]",fig08_sector_costs,,,,,,"[""AFE"", ""AFN"", ""AFW"", ""AFZ"", ""ANZ"", ""ASC"", ""ASE"", ""ASO"", ""BRA"", ""CAN"", ""CHL"", ""CHN"", ""ENE"", ""ENW"", ""EUE"", ""EUM"", ""EUW"", ""IDN"", ""IND"", ""JPN"", ""LAM"", ""MDA"", ""MEA"", ""MEX"", ""NIG"", ""RUS"", ""SKT"", ""USA""]",Annualised sector-cost change,,,100.0,4959455.128965229,Millions USD_2010/yr,4959455.128965229,Millions USD_2010/yr,noce,,,,-100.0,baseline_noce,2019.0,,,,,4959455.128965229,4959455.128965229
baseline_noce,NDC+LTT,No CE,e,Global,Iron and steel,Iron and steel,2024,0.0,%,plotted,"[""Total Annualised Cost|Industry|Iron and Steel""]",fig08_sector_costs,,,,,,"[""AFE"", ""AFN"", ""AFW"", ""AFZ"", ""ANZ"", ""ASC"", ""ASE"", ""ASO"", ""BRA"", ""CAN"", ""CHL"", ""CHN"", ""ENE"", ""ENW"", ""EUE"", ""EUM"", ""EUW"", ""IDN"", ""IND"", ""JPN"", ""LAM"", ""MDA"", ""MEA"", ""MEX"", ""NIG"", ""RUS"", ""SKT"", ""USA""]",Annualised sector-cost change,,,100.0,201938.09721133878,Millions USD_2010/yr,201938.09721133878,Millions USD_2010/yr,noce,,,,-100.0,baseline_noce,2024.0,,,,,201938.09721133878,201938.09721133878
baseline_noce,NDC+LTT,No CE,e,Global,Iron and steel,Iron and steel,2030,0.0,%,plotted,"[""Total Annualised Cost|Industry|Iron and Steel""]",fig08_sector_costs,,,,,,"[""AFE"", ""AFN"", ""AFW"", ""AFZ"", ""ANZ"", ""ASC"", ""ASE"", ""ASO"", ""BRA"", ""CAN"", ""CHL"", ""CHN"", ""ENE"", ""ENW"", ""EUE"", ""EUM"", ""EUW"", ""IDN"", ""IND"", ""JPN"", ""LAM"", ""MDA"", ""MEA"", ""MEX"", ""NIG"", ""RUS"", ""SKT"", ""USA""]",Annualised sector-cost change,,,100.0,295982.7557650916,Millions USD_2010/yr,295982.7557650916,Millions USD_2010/yr,noce,,,,-100.0,baseline_noce,2030.0,,,,,295982.7557650916,295982.7557650916
baseline_noce,NDC+LTT,No CE,e,Global,Iron and steel,Iron and steel,2035,0.0,%,plotted,"[""Total Annualised Cost|Industry|Iron and Steel""]",fig08_sector_costs,,,,,,"[""AFE"", ""AFN"", ""AFW"", ""AFZ"", ""ANZ"", ""ASC"", ""ASE"", ""ASO"", ""BRA"", ""CAN"", ""CHL"", ""CHN"", ""ENE"", ""ENW"", ""EUE"", ""EUM"", ""EUW"", ""IDN"", ""IND"", ""JPN"", ""LAM"", ""MDA"", ""MEA"", ""MEX"", ""NIG"", ""RUS"", ""SKT"", ""USA""]",Annualised sector-cost change,,,100.0,319762.7455424265,Millions USD_2010/yr,319762.7455424265,Millions USD_2010/yr,noce,,,,-100.0,baseline_noce,2035.0,,,,,319762.7455424265,319762.7455424265
baseline_noce,NDC+LTT,No CE,e,Global,Iron and steel,Iron and steel,2040,0.0,%,plotted,"[""Total Annualised Cost|Industry|Iron and Steel""]",fig08_sector_costs,,,,,,"[""AFE"", ""AFN"", ""AFW"", ""AFZ"", ""ANZ"", ""ASC"", ""ASE"", ""ASO"", ""BRA"", ""CAN"", ""CHL"", ""CHN"", ""ENE"", ""ENW"", ""EUE"", ""EUM"", ""EUW"", ""IDN"", ""IND"", ""JPN"", ""LAM"", ""MDA"", ""MEA"", ""MEX"", ""NIG"", ""RUS"", ""SKT"", ""USA""]",Annualised sector-cost change,,,100.0,511224.19724813633,Millions USD_2010/yr,511224.19724813633,Millions USD_2010/yr,noce,,,,-100.0,baseline_noce,2040.0,,,,,511224.19724813633,511224.19724813633
baseline_noce,NDC+LTT,No CE,e,Global,Iron and steel,Iron and steel,2050,0.0,%,plotted,"[""Total Annualised Cost|Industry|Iron and Steel""]",fig08_sector_costs,,,,,,"[""AFE"", ""AFN"", ""AFW"", ""AFZ"", ""ANZ"", ""ASC"", ""ASE"", ""ASO"", ""BRA"", ""CAN"", ""CHL"", ""CHN"", ""ENE"", ""ENW"", ""EUE"", ""EUM"", ""EUW"", ""IDN"", ""IND"", ""JPN"", ""LAM"", ""MDA"", ""MEA"", ""MEX"", ""NIG"", ""RUS"", ""SKT"", ""USA""]",Annualised sector-cost change,,,100.0,709327.2214321663,Millions USD_2010/yr,709327.2214321663,Millions USD_2010/yr,noce,,,,-100.0,baseline_noce,2050.0,,,,,709327.2214321663,709327.2214321663
baseline_medce_eu,NDC+LTT,"Medium CE, EU",e,Global,Iron and steel,Iron and steel,2019,0.0,%,context,"[""Total Annualised Cost|Industry|Iron and Steel""]",fig08_sector_costs,,,,,,"[""AFE"", ""AFN"", ""AFW"", ""AFZ"", ""ANZ"", ""ASC"", ""ASE"", ""ASO"", ""BRA"", ""CAN"", ""CHL"", ""CHN"", ""ENE"", ""ENW"", ""EUE"", ""EUM"", ""EUW"", ""IDN"", ""IND"", ""JPN"", ""LAM"", ""MDA"", ""MEA"", ""MEX"", ""NIG"", ""RUS"", ""SKT"", ""USA""]",Annualised sector-cost change,,,100.0,4959455.128965229,Millions USD_2010/yr,4959455.128965229,Millions USD_2010/yr,medce_eu,,,,-100.0,baseline_noce,2019.0,,,,,4959455.128965229,4959455.128965229
baseline_medce_eu,NDC+LTT,"Medium CE, EU",e,Global,Iron and steel,Iron and steel,2024,0.0,%,plotted,"[""Total Annualised Cost|Industry|Iron and Steel""]",fig08_sector_costs,,,,,,"[""AFE"", ""AFN"", ""AFW"", ""AFZ"", ""ANZ"", ""ASC"", ""ASE"", ""ASO"", ""BRA"", ""CAN"", ""CHL"", ""CHN"", ""ENE"", ""ENW"", ""EUE"", ""EUM"", ""EUW"", ""IDN"", ""IND"", ""JPN"", ""LAM"", ""MDA"", ""MEA"", ""MEX"", ""NIG"", ""RUS"", ""SKT"", ""USA""]",Annualised sector-cost change,,,100.0,201938.09721133878,Millions USD_2010/yr,201938.09721133878,Millions USD_2010/yr,medce_eu,,,,-100.0,baseline_noce,2024.0,,,,,201938.09721133878,201938.09721133878
baseline_medce_eu,NDC+LTT,"Medium CE, EU",e,Global,Iron and steel,Iron and steel,2030,0.41180551714526087,%,plotted,"[""Total Annualised Cost|Industry|Iron and Steel""]",fig08_sector_costs,,,,,,"[""AFE"", ""AFN"", ""AFW"", ""AFZ"", ""ANZ"", ""ASC"", ""ASE"", ""ASO"", ""BRA"", ""CAN"", ""CHL"", ""CHN"", ""ENE"", ""ENW"", ""EUE"", ""EUM"", ""EUW"", ""IDN"", ""IND"", ""JPN"", ""LAM"", ""MDA"", ""MEA"", ""MEX"", ""NIG"", ""RUS"", ""SKT"", ""USA""]",Annualised sector-cost change,,,100.0,297201.62908313086,Millions USD_2010/yr,295982.7557650916,Millions USD_2010/yr,medce_eu,,,,-100.0,baseline_noce,2030.0,,,,,297201.62908313086,295982.7557650916
baseline_medce_eu,NDC+LTT,"Medium CE, EU",e,Global,Iron and steel,Iron and steel,2035,0.91292898733409,%,plotted,"[""Total Annualised Cost|Industry|Iron and Steel""]",fig08_sector_costs,,,,,,"[""AFE"", ""AFN"", ""AFW"", ""AFZ"", ""ANZ"", ""ASC"", ""ASE"", ""ASO"", ""BRA"", ""CAN"", ""CHL"", ""CHN"", ""ENE"", ""ENW"", ""EUE"", ""EUM"", ""EUW"", ""IDN"", ""IND"", ""JPN"", ""LAM"", ""MDA"", ""MEA"", ""MEX"", ""NIG"", ""RUS"", ""SKT"", ""USA""]",Annualised sector-cost change,,,100.0,322681.95233717863,Millions USD_2010/yr,319762.7455424265,Millions USD_2010/yr,medce_eu,,,,-100.0,baseline_noce,2035.0,,,,,322681.95233717863,319762.7455424265
baseline_medce_eu,NDC+LTT,"Medium CE, EU",e,Global,Iron and steel,Iron and steel,2040,0.35419633680153007,%,plotted,"[""Total Annualised Cost|Industry|Iron and Steel""]",fig08_sector_costs,,,,,,"[""AFE"", ""AFN"", ""AFW"", ""AFZ"", ""ANZ"", ""ASC"", ""ASE"", ""ASO"", ""BRA"", ""CAN"", ""CHL"", ""CHN"", ""ENE"", ""ENW"", ""EUE"", ""EUM"", ""EUW"", ""IDN"", ""IND"", ""JPN"", ""LAM"", ""MDA"", ""MEA"", ""MEX"", ""NIG"", ""RUS"", ""SKT"", ""USA""]",Annualised sector-cost change,,,100.0,513034.93462763226,Millions USD_2010/yr,511224.19724813633,Millions USD_2010/yr,medce_eu,,,,-100.0,baseline_noce,2040.0,,,,,513034.93462763226,511224.19724813633
baseline_medce_eu,NDC+LTT,"Medium CE, EU",e,Global,Iron and steel,Iron and steel,2050,-0.9425997211353491,%,plotted,"[""Total Annualised Cost|Industry|Iron and Steel""]",fig08_sector_costs,,,,,,"[""AFE"", ""AFN"", ""AFW"", ""AFZ"", ""ANZ"", ""ASC"", ""ASE"", ""ASO"", ""BRA"", ""CAN"", ""CHL"", ""CHN"", ""ENE"", ""ENW"", ""EUE"", ""EUM"", ""EUW"", ""IDN"", ""IND"", ""JPN"", ""LAM"", ""MDA"", ""MEA"", ""MEX"", ""NIG"", ""RUS"", ""SKT"", ""USA""]",Annualised sector-cost change,,,100.0,702641.1050210096,Millions USD_2010/yr,709327.2214321663,Millions USD_2010/yr,medce_eu,,,,-100.0,baseline_noce,2050.0,,,,,702641.1050210096,709327.2214321663
baseline_highce_eu,NDC+LTT,"High CE, EU",e,Global,Iron and steel,Iron and steel,2019,0.0,%,context,"[""Total Annualised Cost|Industry|Iron and Steel""]",fig08_sector_costs,,,,,,"[""AFE"", ""AFN"", ""AFW"", ""AFZ"", ""ANZ"", ""ASC"", ""ASE"", ""ASO"", ""BRA"", ""CAN"", ""CHL"", ""CHN"", ""ENE"", ""ENW"", ""EUE"", ""EUM"", ""EUW"", ""IDN"", ""IND"", ""JPN"", ""LAM"", ""MDA"", ""MEA"", ""MEX"", ""NIG"", ""RUS"", ""SKT"", ""USA""]",Annualised sector-cost change,,,100.0,4959455.128965229,Millions USD_2010/yr,4959455.128965229,Millions USD_2010/yr,highce_eu,,,,-100.0,baseline_noce,2019.0,,,,,4959455.128965229,4959455.128965229
baseline_highce_eu,NDC+LTT,"High CE, EU",e,Global,Iron and steel,Iron and steel,2024,1.441225348690645e-14,%,plotted,"[""Total Annualised Cost|Industry|Iron and Steel""]",fig08_sector_costs,,,,,,"[""AFE"", ""AFN"", ""AFW"", ""AFZ"", ""ANZ"", ""ASC"", ""ASE"", ""ASO"", ""BRA"", ""CAN"", ""CHL"", ""CHN"", ""ENE"", ""ENW"", ""EUE"", ""EUM"", ""EUW"", ""IDN"", ""IND"", ""JPN"", ""LAM"", ""MDA"", ""MEA"", ""MEX"", ""NIG"", ""RUS"", ""SKT"", ""USA""]",Annualised sector-cost change,,,100.0,201938.0972113388,Millions USD_2010/yr,201938.09721133878,Millions USD_2010/yr,highce_eu,,,,-100.0,baseline_noce,2024.0,,,,,201938.0972113388,201938.09721133878
baseline_highce_eu,NDC+LTT,"High CE, EU",e,Global,Iron and steel,Iron and steel,2030,-1.0361028535791734,%,plotted,"[""Total Annualised Cost|Industry|Iron and Steel""]",fig08_sector_costs,,,,,,"[""AFE"", ""AFN"", ""AFW"", ""AFZ"", ""ANZ"", ""ASC"", ""ASE"", ""ASO"", ""BRA"", ""CAN"", ""CHL"", ""CHN"", ""ENE"", ""ENW"", ""EUE"", ""EUM"", ""EUW"", ""IDN"", ""IND"", ""JPN"", ""LAM"", ""MDA"", ""MEA"", ""MEX"", ""NIG"", ""RUS"", ""SKT"", ""USA""]",Annualised sector-cost change,,,100.0,292916.06998650724,Millions USD_2010/yr,295982.7557650916,Millions USD_2010/yr,highce_eu,,,,-100.0,baseline_noce,2030.0,,,,,292916.06998650724,295982.7557650916
baseline_highce_eu,NDC+LTT,"High CE, EU",e,Global,Iron and steel,Iron and steel,2035,0.07568549101016528,%,plotted,"[""Total Annualised Cost|Industry|Iron and Steel""]",fig08_sector_costs,,,,,,"[""AFE"", ""AFN"", ""AFW"", ""AFZ"", ""ANZ"", ""ASC"", ""ASE"", ""ASO"", ""BRA"", ""CAN"", ""CHL"", ""CHN"", ""ENE"", ""ENW"", ""EUE"", ""EUM"", ""EUW"", ""IDN"", ""IND"", ""JPN"", ""LAM"", ""MDA"", ""MEA"", ""MEX"", ""NIG"", ""RUS"", ""SKT"", ""USA""]",Annualised sector-cost change,,,100.0,320004.75954645785,Millions USD_2010/yr,319762.7455424265,Millions USD_2010/yr,highce_eu,,,,-100.0,baseline_noce,2035.0,,,,,320004.75954645785,319762.7455424265
baseline_highce_eu,NDC+LTT,"High CE, EU",e,Global,Iron and steel,Iron and steel,2040,-0.5637757556050909,%,plotted,"[""Total Annualised Cost|Industry|Iron and Steel""]",fig08_sector_costs,,,,,,"[""AFE"", ""AFN"", ""AFW"", ""AFZ"", ""ANZ"", ""ASC"", ""ASE"", ""ASO"", ""BRA"", ""CAN"", ""CHL"", ""CHN"", ""ENE"", ""ENW"", ""EUE"", ""EUM"", ""EUW"", ""IDN"", ""IND"", ""JPN"", ""LAM"", ""MDA"", ""MEA"", ""MEX"", ""NIG"", ""RUS"", ""SKT"", ""USA""]",Annualised sector-cost change,,,100.0,508342.0391672646,Millions USD_2010/yr,511224.19724813633,Millions USD_2010/yr,highce_eu,,,,-100.0,baseline_noce,2040.0,,,,,508342.0391672646,511224.19724813633
baseline_highce_eu,NDC+LTT,"High CE, EU",e,Global,Iron and steel,Iron and steel,2050,-1.3258908265603866,%,plotted,"[""Total Annualised Cost|Industry|Iron and Steel""]",fig08_sector_costs,,,,,,"[""AFE"", ""AFN"", ""AFW"", ""AFZ"", ""ANZ"", ""ASC"", ""ASE"", ""ASO"", ""BRA"", ""CAN"", ""CHL"", ""CHN"", ""ENE"", ""ENW"", ""EUE"", ""EUM"", ""EUW"", ""IDN"", ""IND"", ""JPN"", ""LAM"", ""MDA"", ""MEA"", ""MEX"", ""NIG"", ""RUS"", ""SKT"", ""USA""]",Annualised sector-cost change,,,100.0,699922.3168729015,Millions USD_2010/yr,709327.2214321663,Millions USD_2010/yr,highce_eu,,,,-100.0,baseline_noce,2050.0,,,,,699922.3168729015,709327.2214321663
baseline_medce_gbl,NDC+LTT,"Medium CE, EU + partners",e,Global,Iron and steel,Iron and steel,2019,0.0,%,context,"[""Total Annualised Cost|Industry|Iron and Steel""]",fig08_sector_costs,,,,,,"[""AFE"", ""AFN"", ""AFW"", ""AFZ"", ""ANZ"", ""ASC"", ""ASE"", ""ASO"", ""BRA"", ""CAN"", ""CHL"", ""CHN"", ""ENE"", ""ENW"", ""EUE"", ""EUM"", ""EUW"", ""IDN"", ""IND"", ""JPN"", ""LAM"", ""MDA"", ""MEA"", ""MEX"", ""NIG"", ""RUS"", ""SKT"", ""USA""]",Annualised sector-cost change,,,100.0,4959455.128965229,Millions USD_2010/yr,4959455.128965229,Millions USD_2010/yr,medce_gbl,,,,-100.0,baseline_noce,2019.0,,,,,4959455.128965229,4959455.128965229
baseline_medce_gbl,NDC+LTT,"Medium CE, EU + partners",e,Global,Iron and steel,Iron and steel,2024,0.0,%,plotted,"[""Total Annualised Cost|Industry|Iron and Steel""]",fig08_sector_costs,,,,,,"[""AFE"", ""AFN"", ""AFW"", ""AFZ"", ""ANZ"", ""ASC"", ""ASE"", ""ASO"", ""BRA"", ""CAN"", ""CHL"", ""CHN"", ""ENE"", ""ENW"", ""EUE"", ""EUM"", ""EUW"", ""IDN"", ""IND"", ""JPN"", ""LAM"", ""MDA"", ""MEA"", ""MEX"", ""NIG"", ""RUS"", ""SKT"", ""USA""]",Annualised sector-cost change,,,100.0,201938.09721133878,Millions USD_2010/yr,201938.09721133878,Millions USD_2010/yr,medce_gbl,,,,-100.0,baseline_noce,2024.0,,,,,201938.09721133878,201938.09721133878
baseline_medce_gbl,NDC+LTT,"Medium CE, EU + partners",e,Global,Iron and steel,Iron and steel,2030,-15.90797252180344,%,plotted,"[""Total Annualised Cost|Industry|Iron and Steel""]",fig08_sector_costs,,,,,,"[""AFE"", ""AFN"", ""AFW"", ""AFZ"", ""ANZ"", ""ASC"", ""ASE"", ""ASO"", ""BRA"", ""CAN"", ""CHL"", ""CHN"", ""ENE"", ""ENW"", ""EUE"", ""EUM"", ""EUW"", ""IDN"", ""IND"", ""JPN"", ""LAM"", ""MDA"", ""MEA"", ""MEX"", ""NIG"", ""RUS"", ""SKT"", ""USA""]",Annualised sector-cost change,,,100.0,248897.90030870427,Millions USD_2010/yr,295982.7557650916,Millions USD_2010/yr,medce_gbl,,,,-100.0,baseline_noce,2030.0,,,,,248897.90030870427,295982.7557650916
baseline_medce_gbl,NDC+LTT,"Medium CE, EU + partners",e,Global,Iron and steel,Iron and steel,2035,-14.930769664291125,%,plotted,"[""Total Annualised Cost|Industry|Iron and Steel""]",fig08_sector_costs,,,,,,"[""AFE"", ""AFN"", ""AFW"", ""AFZ"", ""ANZ"", ""ASC"", ""ASE"", ""ASO"", ""BRA"", ""CAN"", ""CHL"", ""CHN"", ""ENE"", ""ENW"", ""EUE"", ""EUM"", ""EUW"", ""IDN"", ""IND"", ""JPN"", ""LAM"", ""MDA"", ""MEA"", ""MEX"", ""NIG"", ""RUS"", ""SKT"", ""USA""]",Annualised sector-cost change,,,100.0,272019.70653327345,Millions USD_2010/yr,319762.7455424265,Millions USD_2010/yr,medce_gbl,,,,-100.0,baseline_noce,2035.0,,,,,272019.70653327345,319762.7455424265
baseline_medce_gbl,NDC+LTT,"Medium CE, EU + partners",e,Global,Iron and steel,Iron and steel,2040,-21.508571767607762,%,plotted,"[""Total Annualised Cost|Industry|Iron and Steel""]",fig08_sector_costs,,,,,,"[""AFE"", ""AFN"", ""AFW"", ""AFZ"", ""ANZ"", ""ASC"", ""ASE"", ""ASO"", ""BRA"", ""CAN"", ""CHL"", ""CHN"", ""ENE"", ""ENW"", ""EUE"", ""EUM"", ""EUW"", ""IDN"", ""IND"", ""JPN"", ""LAM"", ""MDA"", ""MEA"", ""MEX"", ""NIG"", ""RUS"", ""SKT"", ""USA""]",Annualised sector-cost change,,,100.0,401267.17388964427,Millions USD_2010/yr,511224.19724813633,Millions USD_2010/yr,medce_gbl,,,,-100.0,baseline_noce,2040.0,,,,,401267.17388964427,511224.19724813633
baseline_medce_gbl,NDC+LTT,"Medium CE, EU + partners",e,Global,Iron and steel,Iron and steel,2050,-21.04124805346768,%,plotted,"[""Total Annualised Cost|Industry|Iron and Steel""]",fig08_sector_costs,,,,,,"[""AFE"", ""AFN"", ""AFW"", ""AFZ"", ""ANZ"", ""ASC"", ""ASE"", ""ASO"", ""BRA"", ""CAN"", ""CHL"", ""CHN"", ""ENE"", ""ENW"", ""EUE"", ""EUM"", ""EUW"", ""IDN"", ""IND"", ""JPN"", ""LAM"", ""MDA"", ""MEA"", ""MEX"", ""NIG"", ""RUS"", ""SKT"", ""USA""]",Annualised sector-cost change,,,100.0,560075.9212598542,Millions USD_2010/yr,709327.2214321663,Millions USD_2010/yr,medce_gbl,,,,-100.0,baseline_noce,2050.0,,,,,560075.9212598542,709327.2214321663
baseline_highce_gbl,NDC+LTT,"High CE, EU + partners",e,Global,Iron and steel,Iron and steel,2019,0.0,%,context,"[""Total Annualised Cost|Industry|Iron and Steel""]",fig08_sector_costs,,,,,,"[""AFE"", ""AFN"", ""AFW"", ""AFZ"", ""ANZ"", ""ASC"", ""ASE"", ""ASO"", ""BRA"", ""CAN"", ""CHL"", ""CHN"", ""ENE"", ""ENW"", ""EUE"", ""EUM"", ""EUW"", ""IDN"", ""IND"", ""JPN"", ""LAM"", ""MDA"", ""MEA"", ""MEX"", ""NIG"", ""RUS"", ""SKT"", ""USA""]",Annualised sector-cost change,,,100.0,4959455.128965229,Millions USD_2010/yr,4959455.128965229,Millions USD_2010/yr,highce_gbl,,,,-100.0,baseline_noce,2019.0,,,,,4959455.128965229,4959455.128965229
baseline_highce_gbl,NDC+LTT,"High CE, EU + partners",e,Global,Iron and steel,Iron and steel,2024,0.0,%,plotted,"[""Total Annualised Cost|Industry|Iron and Steel""]",fig08_sector_costs,,,,,,"[""AFE"", ""AFN"", ""AFW"", ""AFZ"", ""ANZ"", ""ASC"", ""ASE"", ""ASO"", ""BRA"", ""CAN"", ""CHL"", ""CHN"", ""ENE"", ""ENW"", ""EUE"", ""EUM"", ""EUW"", ""IDN"", ""IND"", ""JPN"", ""LAM"", ""MDA"", ""MEA"", ""MEX"", ""NIG"", ""RUS"", ""SKT"", ""USA""]",Annualised sector-cost change,,,100.0,201938.09721133878,Millions USD_2010/yr,201938.09721133878,Millions USD_2010/yr,highce_gbl,,,,-100.0,baseline_noce,2024.0,,,,,201938.09721133878,201938.09721133878
baseline_highce_gbl,NDC+LTT,"High CE, EU + partners",e,Global,Iron and steel,Iron and steel,2030,-22.681828695914394,%,plotted,"[""Total Annualised Cost|Industry|Iron and Steel""]",fig08_sector_costs,,,,,,"[""AFE"", ""AFN"", ""AFW"", ""AFZ"", ""ANZ"", ""ASC"", ""ASE"", ""ASO"", ""BRA"", ""CAN"", ""CHL"", ""CHN"", ""ENE"", ""ENW"", ""EUE"", ""EUM"", ""EUW"", ""IDN"", ""IND"", ""JPN"", ""LAM"", ""MDA"", ""MEA"", ""MEX"", ""NIG"", ""RUS"", ""SKT"", ""USA""]",Annualised sector-cost change,,,100.0,228848.45413300686,Millions USD_2010/yr,295982.7557650916,Millions USD_2010/yr,highce_gbl,,,,-100.0,baseline_noce,2030.0,,,,,228848.45413300686,295982.7557650916
baseline_highce_gbl,NDC+LTT,"High CE, EU + partners",e,Global,Iron and steel,Iron and steel,2035,-23.817739108772802,%,plotted,"[""Total Annualised Cost|Industry|Iron and Steel""]",fig08_sector_costs,,,,,,"[""AFE"", ""AFN"", ""AFW"", ""AFZ"", ""ANZ"", ""ASC"", ""ASE"", ""ASO"", ""BRA"", ""CAN"", ""CHL"", ""CHN"", ""ENE"", ""ENW"", ""EUE"", ""EUM"", ""EUW"", ""IDN"", ""IND"", ""JPN"", ""LAM"", ""MDA"", ""MEA"", ""MEX"", ""NIG"", ""RUS"", ""SKT"", ""USA""]",Annualised sector-cost change,,,100.0,243602.4890420823,Millions USD_2010/yr,319762.7455424265,Millions USD_2010/yr,highce_gbl,,,,-100.0,baseline_noce,2035.0,,,,,243602.4890420823,319762.7455424265
baseline_highce_gbl,NDC+LTT,"High CE, EU + partners",e,Global,Iron and steel,Iron and steel,2040,-28.709524317344215,%,plotted,"[""Total Annualised Cost|Industry|Iron and Steel""]",fig08_sector_costs,,,,,,"[""AFE"", ""AFN"", ""AFW"", ""AFZ"", ""ANZ"", ""ASC"", ""ASE"", ""ASO"", ""BRA"", ""CAN"", ""CHL"", ""CHN"", ""ENE"", ""ENW"", ""EUE"", ""EUM"", ""EUW"", ""IDN"", ""IND"", ""JPN"", ""LAM"", ""MDA"", ""MEA"", ""MEX"", ""NIG"", ""RUS"", ""SKT"", ""USA""]",Annualised sector-cost change,,,100.0,364454.1620230349,Millions USD_2010/yr,511224.19724813633,Millions USD_2010/yr,highce_gbl,,,,-100.0,baseline_noce,2040.0,,,,,364454.1620230349,511224.19724813633
baseline_highce_gbl,NDC+LTT,"High CE, EU + partners",e,Global,Iron and steel,Iron and steel,2050,-30.952704790278823,%,plotted,"[""Total Annualised Cost|Industry|Iron and Steel""]",fig08_sector_costs,,,,,,"[""AFE"", ""AFN"", ""AFW"", ""AFZ"", ""ANZ"", ""ASC"", ""ASE"", ""ASO"", ""BRA"", ""CAN"", ""CHL"", ""CHN"", ""ENE"", ""ENW"", ""EUE"", ""EUM"", ""EUW"", ""IDN"", ""IND"", ""JPN"", ""LAM"", ""MDA"", ""MEA"", ""MEX"", ""NIG"", ""RUS"", ""SKT"", ""USA""]",Annualised sector-cost change,,,100.0,489771.2605851805,Millions USD_2010/yr,709327.2214321663,Millions USD_2010/yr,highce_gbl,,,,-100.0,baseline_noce,2050.0,,,,,489771.2605851805,709327.2214321663
baseline_noce,NDC+LTT,No CE,f,Global,Aluminium,Aluminium,2019,0.0,%,context,"[""Total Annualised Cost|Industry|Non-Ferrous Metals|Aluminum""]",fig08_sector_costs,,,,,,"[""AFE"", ""AFN"", ""AFW"", ""AFZ"", ""ANZ"", ""ASC"", ""ASE"", ""ASO"", ""BRA"", ""CAN"", ""CHL"", ""CHN"", ""ENE"", ""ENW"", ""EUE"", ""EUM"", ""EUW"", ""IDN"", ""IND"", ""JPN"", ""LAM"", ""MDA"", ""MEA"", ""MEX"", ""NIG"", ""RUS"", ""SKT"", ""USA""]",Annualised sector-cost change,,,100.0,25017.308460003063,Millions USD_2010/yr,25017.308460003063,Millions USD_2010/yr,noce,,,,-100.0,baseline_noce,2019.0,,,,,25017.308460003063,25017.308460003063
baseline_noce,NDC+LTT,No CE,f,Global,Aluminium,Aluminium,2024,0.0,%,plotted,"[""Total Annualised Cost|Industry|Non-Ferrous Metals|Aluminum""]",fig08_sector_costs,,,,,,"[""AFE"", ""AFN"", ""AFW"", ""AFZ"", ""ANZ"", ""ASC"", ""ASE"", ""ASO"", ""BRA"", ""CAN"", ""CHL"", ""CHN"", ""ENE"", ""ENW"", ""EUE"", ""EUM"", ""EUW"", ""IDN"", ""IND"", ""JPN"", ""LAM"", ""MDA"", ""MEA"", ""MEX"", ""NIG"", ""RUS"", ""SKT"", ""USA""]",Annualised sector-cost change,,,100.0,98177.01756529351,Millions USD_2010/yr,98177.01756529351,Millions USD_2010/yr,noce,,,,-100.0,baseline_noce,2024.0,,,,,98177.01756529351,98177.01756529351
baseline_noce,NDC+LTT,No CE,f,Global,Aluminium,Aluminium,2030,0.0,%,plotted,"[""Total Annualised Cost|Industry|Non-Ferrous Metals|Aluminum""]",fig08_sector_costs,,,,,,"[""AFE"", ""AFN"", ""AFW"", ""AFZ"", ""ANZ"", ""ASC"", ""ASE"", ""ASO"", ""BRA"", ""CAN"", ""CHL"", ""CHN"", ""ENE"", ""ENW"", ""EUE"", ""EUM"", ""EUW"", ""IDN"", ""IND"", ""JPN"", ""LAM"", ""MDA"", ""MEA"", ""MEX"", ""NIG"", ""RUS"", ""SKT"", ""USA""]",Annualised sector-cost change,,,100.0,188408.86133137334,Millions USD_2010/yr,188408.86133137334,Millions USD_2010/yr,noce,,,,-100.0,baseline_noce,2030.0,,,,,188408.86133137334,188408.86133137334
baseline_noce,NDC+LTT,No CE,f,Global,Aluminium,Aluminium,2035,0.0,%,plotted,"[""Total Annualised Cost|Industry|Non-Ferrous Metals|Aluminum""]",fig08_sector_costs,,,,,,"[""AFE"", ""AFN"", ""AFW"", ""AFZ"", ""ANZ"", ""ASC"", ""ASE"", ""ASO"", ""BRA"", ""CAN"", ""CHL"", ""CHN"", ""ENE"", ""ENW"", ""EUE"", ""EUM"", ""EUW"", ""IDN"", ""IND"", ""JPN"", ""LAM"", ""MDA"", ""MEA"", ""MEX"", ""NIG"", ""RUS"", ""SKT"", ""USA""]",Annualised sector-cost change,,,100.0,161632.351600966,Millions USD_2010/yr,161632.351600966,Millions USD_2010/yr,noce,,,,-100.0,baseline_noce,2035.0,,,,,161632.351600966,161632.351600966
baseline_noce,NDC+LTT,No CE,f,Global,Aluminium,Aluminium,2040,0.0,%,plotted,"[""Total Annualised Cost|Industry|Non-Ferrous Metals|Aluminum""]",fig08_sector_costs,,,,,,"[""AFE"", ""AFN"", ""AFW"", ""AFZ"", ""ANZ"", ""ASC"", ""ASE"", ""ASO"", ""BRA"", ""CAN"", ""CHL"", ""CHN"", ""ENE"", ""ENW"", ""EUE"", ""EUM"", ""EUW"", ""IDN"", ""IND"", ""JPN"", ""LAM"", ""MDA"", ""MEA"", ""MEX"", ""NIG"", ""RUS"", ""SKT"", ""USA""]",Annualised sector-cost change,,,100.0,229566.1253353859,Millions USD_2010/yr,229566.1253353859,Millions USD_2010/yr,noce,,,,-100.0,baseline_noce,2040.0,,,,,229566.1253353859,229566.1253353859
baseline_noce,NDC+LTT,No CE,f,Global,Aluminium,Aluminium,2050,0.0,%,plotted,"[""Total Annualised Cost|Industry|Non-Ferrous Metals|Aluminum""]",fig08_sector_costs,,,,,,"[""AFE"", ""AFN"", ""AFW"", ""AFZ"", ""ANZ"", ""ASC"", ""ASE"", ""ASO"", ""BRA"", ""CAN"", ""CHL"", ""CHN"", ""ENE"", ""ENW"", ""EUE"", ""EUM"", ""EUW"", ""IDN"", ""IND"", ""JPN"", ""LAM"", ""MDA"", ""MEA"", ""MEX"", ""NIG"", ""RUS"", ""SKT"", ""USA""]",Annualised sector-cost change,,,100.0,184475.09579221476,Millions USD_2010/yr,184475.09579221476,Millions USD_2010/yr,noce,,,,-100.0,baseline_noce,2050.0,,,,,184475.09579221476,184475.09579221476
baseline_medce_eu,NDC+LTT,"Medium CE, EU",f,Global,Aluminium,Aluminium,2019,0.0,%,context,"[""Total Annualised Cost|Industry|Non-Ferrous Metals|Aluminum""]",fig08_sector_costs,,,,,,"[""AFE"", ""AFN"", ""AFW"", ""AFZ"", ""ANZ"", ""ASC"", ""ASE"", ""ASO"", ""BRA"", ""CAN"", ""CHL"", ""CHN"", ""ENE"", ""ENW"", ""EUE"", ""EUM"", ""EUW"", ""IDN"", ""IND"", ""JPN"", ""LAM"", ""MDA"", ""MEA"", ""MEX"", ""NIG"", ""RUS"", ""SKT"", ""USA""]",Annualised sector-cost change,,,100.0,25017.308460003063,Millions USD_2010/yr,25017.308460003063,Millions USD_2010/yr,medce_eu,,,,-100.0,baseline_noce,2019.0,,,,,25017.308460003063,25017.308460003063
baseline_medce_eu,NDC+LTT,"Medium CE, EU",f,Global,Aluminium,Aluminium,2024,0.0,%,plotted,"[""Total Annualised Cost|Industry|Non-Ferrous Metals|Aluminum""]",fig08_sector_costs,,,,,,"[""AFE"", ""AFN"", ""AFW"", ""AFZ"", ""ANZ"", ""ASC"", ""ASE"", ""ASO"", ""BRA"", ""CAN"", ""CHL"", ""CHN"", ""ENE"", ""ENW"", ""EUE"", ""EUM"", ""EUW"", ""IDN"", ""IND"", ""JPN"", ""LAM"", ""MDA"", ""MEA"", ""MEX"", ""NIG"", ""RUS"", ""SKT"", ""USA""]",Annualised sector-cost change,,,100.0,98177.01756529351,Millions USD_2010/yr,98177.01756529351,Millions USD_2010/yr,medce_eu,,,,-100.0,baseline_noce,2024.0,,,,,98177.01756529351,98177.01756529351
baseline_medce_eu,NDC+LTT,"Medium CE, EU",f,Global,Aluminium,Aluminium,2030,-1.0856354728610653,%,plotted,"[""Total Annualised Cost|Industry|Non-Ferrous Metals|Aluminum""]",fig08_sector_costs,,,,,,"[""AFE"", ""AFN"", ""AFW"", ""AFZ"", ""ANZ"", ""ASC"", ""ASE"", ""ASO"", ""BRA"", ""CAN"", ""CHL"", ""CHN"", ""ENE"", ""ENW"", ""EUE"", ""EUM"", ""EUW"", ""IDN"", ""IND"", ""JPN"", ""LAM"", ""MDA"", ""MEA"", ""MEX"", ""NIG"", ""RUS"", ""SKT"", ""USA""]",Annualised sector-cost change,,,100.0,186363.42789874633,Millions USD_2010/yr,188408.86133137334,Millions USD_2010/yr,medce_eu,,,,-100.0,baseline_noce,2030.0,,,,,186363.42789874633,188408.86133137334
baseline_medce_eu,NDC+LTT,"Medium CE, EU",f,Global,Aluminium,Aluminium,2035,-0.32116743902672934,%,plotted,"[""Total Annualised Cost|Industry|Non-Ferrous Metals|Aluminum""]",fig08_sector_costs,,,,,,"[""AFE"", ""AFN"", ""AFW"", ""AFZ"", ""ANZ"", ""ASC"", ""ASE"", ""ASO"", ""BRA"", ""CAN"", ""CHL"", ""CHN"", ""ENE"", ""ENW"", ""EUE"", ""EUM"", ""EUW"", ""IDN"", ""IND"", ""JPN"", ""LAM"", ""MDA"", ""MEA"", ""MEX"", ""NIG"", ""RUS"", ""SKT"", ""USA""]",Annualised sector-cost change,,,100.0,161113.2411166905,Millions USD_2010/yr,161632.351600966,Millions USD_2010/yr,medce_eu,,,,-100.0,baseline_noce,2035.0,,,,,161113.2411166905,161632.351600966
baseline_medce_eu,NDC+LTT,"Medium CE, EU",f,Global,Aluminium,Aluminium,2040,-1.071512507572285,%,plotted,"[""Total Annualised Cost|Industry|Non-Ferrous Metals|Aluminum""]",fig08_sector_costs,,,,,,"[""AFE"", ""AFN"", ""AFW"", ""AFZ"", ""ANZ"", ""ASC"", ""ASE"", ""ASO"", ""BRA"", ""CAN"", ""CHL"", ""CHN"", ""ENE"", ""ENW"", ""EUE"", ""EUM"", ""EUW"", ""IDN"", ""IND"", ""JPN"", ""LAM"", ""MDA"", ""MEA"", ""MEX"", ""NIG"", ""RUS"", ""SKT"", ""USA""]",Annualised sector-cost change,,,100.0,227106.29558926818,Millions USD_2010/yr,229566.1253353859,Millions USD_2010/yr,medce_eu,,,,-100.0,baseline_noce,2040.0,,,,,227106.29558926818,229566.1253353859
baseline_medce_eu,NDC+LTT,"Medium CE, EU",f,Global,Aluminium,Aluminium,2050,-2.3370017637213527,%,plotted,"[""Total Annualised Cost|Industry|Non-Ferrous Metals|Aluminum""]",fig08_sector_costs,,,,,,"[""AFE"", ""AFN"", ""AFW"", ""AFZ"", ""ANZ"", ""ASC"", ""ASE"", ""ASO"", ""BRA"", ""CAN"", ""CHL"", ""CHN"", ""ENE"", ""ENW"", ""EUE"", ""EUM"", ""EUW"", ""IDN"", ""IND"", ""JPN"", ""LAM"", ""MDA"", ""MEA"", ""MEX"", ""NIG"", ""RUS"", ""SKT"", ""USA""]",Annualised sector-cost change,,,100.0,180163.90954992405,Millions USD_2010/yr,184475.09579221476,Millions USD_2010/yr,medce_eu,,,,-100.0,baseline_noce,2050.0,,,,,180163.90954992405,184475.09579221476
baseline_highce_eu,NDC+LTT,"High CE, EU",f,Global,Aluminium,Aluminium,2019,0.0,%,context,"[""Total Annualised Cost|Industry|Non-Ferrous Metals|Aluminum""]",fig08_sector_costs,,,,,,"[""AFE"", ""AFN"", ""AFW"", ""AFZ"", ""ANZ"", ""ASC"", ""ASE"", ""ASO"", ""BRA"", ""CAN"", ""CHL"", ""CHN"", ""ENE"", ""ENW"", ""EUE"", ""EUM"", ""EUW"", ""IDN"", ""IND"", ""JPN"", ""LAM"", ""MDA"", ""MEA"", ""MEX"", ""NIG"", ""RUS"", ""SKT"", ""USA""]",Annualised sector-cost change,,,100.0,25017.308460003063,Millions USD_2010/yr,25017.308460003063,Millions USD_2010/yr,highce_eu,,,,-100.0,baseline_noce,2019.0,,,,,25017.308460003063,25017.308460003063
baseline_highce_eu,NDC+LTT,"High CE, EU",f,Global,Aluminium,Aluminium,2024,0.0,%,plotted,"[""Total Annualised Cost|Industry|Non-Ferrous Metals|Aluminum""]",fig08_sector_costs,,,,,,"[""AFE"", ""AFN"", ""AFW"", ""AFZ"", ""ANZ"", ""ASC"", ""ASE"", ""ASO"", ""BRA"", ""CAN"", ""CHL"", ""CHN"", ""ENE"", ""ENW"", ""EUE"", ""EUM"", ""EUW"", ""IDN"", ""IND"", ""JPN"", ""LAM"", ""MDA"", ""MEA"", ""MEX"", ""NIG"", ""RUS"", ""SKT"", ""USA""]",Annualised sector-cost change,,,100.0,98177.01756529351,Millions USD_2010/yr,98177.01756529351,Millions USD_2010/yr,highce_eu,,,,-100.0,baseline_noce,2024.0,,,,,98177.01756529351,98177.01756529351
baseline_highce_eu,NDC+LTT,"High CE, EU",f,Global,Aluminium,Aluminium,2030,-2.078908505163248,%,plotted,"[""Total Annualised Cost|Industry|Non-Ferrous Metals|Aluminum""]",fig08_sector_costs,,,,,,"[""AFE"", ""AFN"", ""AFW"", ""AFZ"", ""ANZ"", ""ASC"", ""ASE"", ""ASO"", ""BRA"", ""CAN"", ""CHL"", ""CHN"", ""ENE"", ""ENW"", ""EUE"", ""EUM"", ""EUW"", ""IDN"", ""IND"", ""JPN"", ""LAM"", ""MDA"", ""MEA"", ""MEX"", ""NIG"", ""RUS"", ""SKT"", ""USA""]",Annualised sector-cost change,,,100.0,184492.0134886742,Millions USD_2010/yr,188408.86133137334,Millions USD_2010/yr,highce_eu,,,,-100.0,baseline_noce,2030.0,,,,,184492.0134886742,188408.86133137334
baseline_highce_eu,NDC+LTT,"High CE, EU",f,Global,Aluminium,Aluminium,2035,-1.5105414049350718,%,plotted,"[""Total Annualised Cost|Industry|Non-Ferrous Metals|Aluminum""]",fig08_sector_costs,,,,,,"[""AFE"", ""AFN"", ""AFW"", ""AFZ"", ""ANZ"", ""ASC"", ""ASE"", ""ASO"", ""BRA"", ""CAN"", ""CHL"", ""CHN"", ""ENE"", ""ENW"", ""EUE"", ""EUM"", ""EUW"", ""IDN"", ""IND"", ""JPN"", ""LAM"", ""MDA"", ""MEA"", ""MEX"", ""NIG"", ""RUS"", ""SKT"", ""USA""]",Annualised sector-cost change,,,100.0,159190.82800626318,Millions USD_2010/yr,161632.351600966,Millions USD_2010/yr,highce_eu,,,,-100.0,baseline_noce,2035.0,,,,,159190.82800626318,161632.351600966
baseline_highce_eu,NDC+LTT,"High CE, EU",f,Global,Aluminium,Aluminium,2040,-2.3049539362609774,%,plotted,"[""Total Annualised Cost|Industry|Non-Ferrous Metals|Aluminum""]",fig08_sector_costs,,,,,,"[""AFE"", ""AFN"", ""AFW"", ""AFZ"", ""ANZ"", ""ASC"", ""ASE"", ""ASO"", ""BRA"", ""CAN"", ""CHL"", ""CHN"", ""ENE"", ""ENW"", ""EUE"", ""EUM"", ""EUW"", ""IDN"", ""IND"", ""JPN"", ""LAM"", ""MDA"", ""MEA"", ""MEX"", ""NIG"", ""RUS"", ""SKT"", ""USA""]",Annualised sector-cost change,,,100.0,224274.73189314612,Millions USD_2010/yr,229566.1253353859,Millions USD_2010/yr,highce_eu,,,,-100.0,baseline_noce,2040.0,,,,,224274.73189314612,229566.1253353859
baseline_highce_eu,NDC+LTT,"High CE, EU",f,Global,Aluminium,Aluminium,2050,-4.176722517342038,%,plotted,"[""Total Annualised Cost|Industry|Non-Ferrous Metals|Aluminum""]",fig08_sector_costs,,,,,,"[""AFE"", ""AFN"", ""AFW"", ""AFZ"", ""ANZ"", ""ASC"", ""ASE"", ""ASO"", ""BRA"", ""CAN"", ""CHL"", ""CHN"", ""ENE"", ""ENW"", ""EUE"", ""EUM"", ""EUW"", ""IDN"", ""IND"", ""JPN"", ""LAM"", ""MDA"", ""MEA"", ""MEX"", ""NIG"", ""RUS"", ""SKT"", ""USA""]",Annualised sector-cost change,,,100.0,176770.08292737303,Millions USD_2010/yr,184475.09579221476,Millions USD_2010/yr,highce_eu,,,,-100.0,baseline_noce,2050.0,,,,,176770.08292737303,184475.09579221476
baseline_medce_gbl,NDC+LTT,"Medium CE, EU + partners",f,Global,Aluminium,Aluminium,2019,0.0,%,context,"[""Total Annualised Cost|Industry|Non-Ferrous Metals|Aluminum""]",fig08_sector_costs,,,,,,"[""AFE"", ""AFN"", ""AFW"", ""AFZ"", ""ANZ"", ""ASC"", ""ASE"", ""ASO"", ""BRA"", ""CAN"", ""CHL"", ""CHN"", ""ENE"", ""ENW"", ""EUE"", ""EUM"", ""EUW"", ""IDN"", ""IND"", ""JPN"", ""LAM"", ""MDA"", ""MEA"", ""MEX"", ""NIG"", ""RUS"", ""SKT"", ""USA""]",Annualised sector-cost change,,,100.0,25017.308460003063,Millions USD_2010/yr,25017.308460003063,Millions USD_2010/yr,medce_gbl,,,,-100.0,baseline_noce,2019.0,,,,,25017.308460003063,25017.308460003063
baseline_medce_gbl,NDC+LTT,"Medium CE, EU + partners",f,Global,Aluminium,Aluminium,2024,0.0,%,plotted,"[""Total Annualised Cost|Industry|Non-Ferrous Metals|Aluminum""]",fig08_sector_costs,,,,,,"[""AFE"", ""AFN"", ""AFW"", ""AFZ"", ""ANZ"", ""ASC"", ""ASE"", ""ASO"", ""BRA"", ""CAN"", ""CHL"", ""CHN"", ""ENE"", ""ENW"", ""EUE"", ""EUM"", ""EUW"", ""IDN"", ""IND"", ""JPN"", ""LAM"", ""MDA"", ""MEA"", ""MEX"", ""NIG"", ""RUS"", ""SKT"", ""USA""]",Annualised sector-cost change,,,100.0,98177.01756529351,Millions USD_2010/yr,98177.01756529351,Millions USD_2010/yr,medce_gbl,,,,-100.0,baseline_noce,2024.0,,,,,98177.01756529351,98177.01756529351
baseline_medce_gbl,NDC+LTT,"Medium CE, EU + partners",f,Global,Aluminium,Aluminium,2030,-10.569566030317473,%,plotted,"[""Total Annualised Cost|Industry|Non-Ferrous Metals|Aluminum""]",fig08_sector_costs,,,,,,"[""AFE"", ""AFN"", ""AFW"", ""AFZ"", ""ANZ"", ""ASC"", ""ASE"", ""ASO"", ""BRA"", ""CAN"", ""CHL"", ""CHN"", ""ENE"", ""ENW"", ""EUE"", ""EUM"", ""EUW"", ""IDN"", ""IND"", ""JPN"", ""LAM"", ""MDA"", ""MEA"", ""MEX"", ""NIG"", ""RUS"", ""SKT"", ""USA""]",Annualised sector-cost change,,,100.0,168494.86232598455,Millions USD_2010/yr,188408.86133137334,Millions USD_2010/yr,medce_gbl,,,,-100.0,baseline_noce,2030.0,,,,,168494.86232598455,188408.86133137334
baseline_medce_gbl,NDC+LTT,"Medium CE, EU + partners",f,Global,Aluminium,Aluminium,2035,-12.197026026070718,%,plotted,"[""Total Annualised Cost|Industry|Non-Ferrous Metals|Aluminum""]",fig08_sector_costs,,,,,,"[""AFE"", ""AFN"", ""AFW"", ""AFZ"", ""ANZ"", ""ASC"", ""ASE"", ""ASO"", ""BRA"", ""CAN"", ""CHL"", ""CHN"", ""ENE"", ""ENW"", ""EUE"", ""EUM"", ""EUW"", ""IDN"", ""IND"", ""JPN"", ""LAM"", ""MDA"", ""MEA"", ""MEX"", ""NIG"", ""RUS"", ""SKT"", ""USA""]",Annualised sector-cost change,,,100.0,141918.01160964606,Millions USD_2010/yr,161632.351600966,Millions USD_2010/yr,medce_gbl,,,,-100.0,baseline_noce,2035.0,,,,,141918.01160964606,161632.351600966
baseline_medce_gbl,NDC+LTT,"Medium CE, EU + partners",f,Global,Aluminium,Aluminium,2040,-19.31735606274495,%,plotted,"[""Total Annualised Cost|Industry|Non-Ferrous Metals|Aluminum""]",fig08_sector_costs,,,,,,"[""AFE"", ""AFN"", ""AFW"", ""AFZ"", ""ANZ"", ""ASC"", ""ASE"", ""ASO"", ""BRA"", ""CAN"", ""CHL"", ""CHN"", ""ENE"", ""ENW"", ""EUE"", ""EUM"", ""EUW"", ""IDN"", ""IND"", ""JPN"", ""LAM"", ""MDA"", ""MEA"", ""MEX"", ""NIG"", ""RUS"", ""SKT"", ""USA""]",Annualised sector-cost change,,,100.0,185220.01950490207,Millions USD_2010/yr,229566.1253353859,Millions USD_2010/yr,medce_gbl,,,,-100.0,baseline_noce,2040.0,,,,,185220.01950490207,229566.1253353859
baseline_medce_gbl,NDC+LTT,"Medium CE, EU + partners",f,Global,Aluminium,Aluminium,2050,-21.62410276532022,%,plotted,"[""Total Annualised Cost|Industry|Non-Ferrous Metals|Aluminum""]",fig08_sector_costs,,,,,,"[""AFE"", ""AFN"", ""AFW"", ""AFZ"", ""ANZ"", ""ASC"", ""ASE"", ""ASO"", ""BRA"", ""CAN"", ""CHL"", ""CHN"", ""ENE"", ""ENW"", ""EUE"", ""EUM"", ""EUW"", ""IDN"", ""IND"", ""JPN"", ""LAM"", ""MDA"", ""MEA"", ""MEX"", ""NIG"", ""RUS"", ""SKT"", ""USA""]",Annualised sector-cost change,,,100.0,144584.01150168333,Millions USD_2010/yr,184475.09579221476,Millions USD_2010/yr,medce_gbl,,,,-100.0,baseline_noce,2050.0,,,,,144584.01150168333,184475.09579221476
baseline_highce_gbl,NDC+LTT,"High CE, EU + partners",f,Global,Aluminium,Aluminium,2019,0.0,%,context,"[""Total Annualised Cost|Industry|Non-Ferrous Metals|Aluminum""]",fig08_sector_costs,,,,,,"[""AFE"", ""AFN"", ""AFW"", ""AFZ"", ""ANZ"", ""ASC"", ""ASE"", ""ASO"", ""BRA"", ""CAN"", ""CHL"", ""CHN"", ""ENE"", ""ENW"", ""EUE"", ""EUM"", ""EUW"", ""IDN"", ""IND"", ""JPN"", ""LAM"", ""MDA"", ""MEA"", ""MEX"", ""NIG"", ""RUS"", ""SKT"", ""USA""]",Annualised sector-cost change,,,100.0,25017.308460003063,Millions USD_2010/yr,25017.308460003063,Millions USD_2010/yr,highce_gbl,,,,-100.0,baseline_noce,2019.0,,,,,25017.308460003063,25017.308460003063
baseline_highce_gbl,NDC+LTT,"High CE, EU + partners",f,Global,Aluminium,Aluminium,2024,0.0,%,plotted,"[""Total Annualised Cost|Industry|Non-Ferrous Metals|Aluminum""]",fig08_sector_costs,,,,,,"[""AFE"", ""AFN"", ""AFW"", ""AFZ"", ""ANZ"", ""ASC"", ""ASE"", ""ASO"", ""BRA"", ""CAN"", ""CHL"", ""CHN"", ""ENE"", ""ENW"", ""EUE"", ""EUM"", ""EUW"", ""IDN"", ""IND"", ""JPN"", ""LAM"", ""MDA"", ""MEA"", ""MEX"", ""NIG"", ""RUS"", ""SKT"", ""USA""]",Annualised sector-cost change,,,100.0,98177.01756529351,Millions USD_2010/yr,98177.01756529351,Millions USD_2010/yr,highce_gbl,,,,-100.0,baseline_noce,2024.0,,,,,98177.01756529351,98177.01756529351
baseline_highce_gbl,NDC+LTT,"High CE, EU + partners",f,Global,Aluminium,Aluminium,2030,-19.510437153261513,%,plotted,"[""Total Annualised Cost|Industry|Non-Ferrous Metals|Aluminum""]",fig08_sector_costs,,,,,,"[""AFE"", ""AFN"", ""AFW"", ""AFZ"", ""ANZ"", ""ASC"", ""ASE"", ""ASO"", ""BRA"", ""CAN"", ""CHL"", ""CHN"", ""ENE"", ""ENW"", ""EUE"", ""EUM"", ""EUW"", ""IDN"", ""IND"", ""JPN"", ""LAM"", ""MDA"", ""MEA"", ""MEX"", ""NIG"", ""RUS"", ""SKT"", ""USA""]",Annualised sector-cost change,,,100.0,151649.4688501401,Millions USD_2010/yr,188408.86133137334,Millions USD_2010/yr,highce_gbl,,,,-100.0,baseline_noce,2030.0,,,,,151649.4688501401,188408.86133137334
baseline_highce_gbl,NDC+LTT,"High CE, EU + partners",f,Global,Aluminium,Aluminium,2035,-24.26358709506085,%,plotted,"[""Total Annualised Cost|Industry|Non-Ferrous Metals|Aluminum""]",fig08_sector_costs,,,,,,"[""AFE"", ""AFN"", ""AFW"", ""AFZ"", ""ANZ"", ""ASC"", ""ASE"", ""ASO"", ""BRA"", ""CAN"", ""CHL"", ""CHN"", ""ENE"", ""ENW"", ""EUE"", ""EUM"", ""EUW"", ""IDN"", ""IND"", ""JPN"", ""LAM"", ""MDA"", ""MEA"", ""MEX"", ""NIG"", ""RUS"", ""SKT"", ""USA""]",Annualised sector-cost change,,,100.0,122414.54519647064,Millions USD_2010/yr,161632.351600966,Millions USD_2010/yr,highce_gbl,,,,-100.0,baseline_noce,2035.0,,,,,122414.54519647064,161632.351600966
baseline_highce_gbl,NDC+LTT,"High CE, EU + partners",f,Global,Aluminium,Aluminium,2040,-32.847484864548754,%,plotted,"[""Total Annualised Cost|Industry|Non-Ferrous Metals|Aluminum""]",fig08_sector_costs,,,,,,"[""AFE"", ""AFN"", ""AFW"", ""AFZ"", ""ANZ"", ""ASC"", ""ASE"", ""ASO"", ""BRA"", ""CAN"", ""CHL"", ""CHN"", ""ENE"", ""ENW"", ""EUE"", ""EUM"", ""EUW"", ""IDN"", ""IND"", ""JPN"", ""LAM"", ""MDA"", ""MEA"", ""MEX"", ""NIG"", ""RUS"", ""SKT"", ""USA""]",Annualised sector-cost change,,,100.0,154159.427061714,Millions USD_2010/yr,229566.1253353859,Millions USD_2010/yr,highce_gbl,,,,-100.0,baseline_noce,2040.0,,,,,154159.427061714,229566.1253353859
baseline_highce_gbl,NDC+LTT,"High CE, EU + partners",f,Global,Aluminium,Aluminium,2050,-39.218350388180596,%,plotted,"[""Total Annualised Cost|Industry|Non-Ferrous Metals|Aluminum""]",fig08_sector_costs,,,,,,"[""AFE"", ""AFN"", ""AFW"", ""AFZ"", ""ANZ"", ""ASC"", ""ASE"", ""ASO"", ""BRA"", ""CAN"", ""CHL"", ""CHN"", ""ENE"", ""ENW"", ""EUE"", ""EUM"", ""EUW"", ""IDN"", ""IND"", ""JPN"", ""LAM"", ""MDA"", ""MEA"", ""MEX"", ""NIG"", ""RUS"", ""SKT"", ""USA""]",Annualised sector-cost change,,,100.0,112127.00634549218,Millions USD_2010/yr,184475.09579221476,Millions USD_2010/yr,highce_gbl,,,,-100.0,baseline_noce,2050.0,,,,,112127.00634549218,184475.09579221476
